"gbifID","datasetKey","occurrenceID","kingdom","phylum","class","order","family","genus","species","infraspecificEpithet","taxonRank","scientificName","verbatimScientificName","verbatimScientificNameAuthorship","countryCode","locality","stateProvince","occurrenceStatus","individualCount","publishingOrgKey","decimalLatitude","decimalLongitude","coordinateUncertaintyInMeters","coordinatePrecision","elevation","elevationAccuracy","depth","depthAccuracy","eventDate","day","month","year","taxonKey","speciesKey","basisOfRecord","institutionCode","collectionCode","catalogNumber","recordNumber","identifiedBy","dateIdentified","license","rightsHolder","recordedBy","typeStatus","establishmentMeans","lastInterpreted","mediaType","issue"
5176913615,"50c9509d-22c7-4a22-a47d-8c48425ef4a7","https://www.inaturalist.org/observations/274740457","Animalia","Chordata",NA,"Perciformes","Gobiidae","Bathygobius","Bathygobius soporator",NA,"SPECIES","Bathygobius soporator (Valenciennes, 1837)","Bathygobius soporator","","US","","Florida","PRESENT",NA,"28eb1a3f-1c15-4a95-931a-4af90ecb574d",26.937605,-80.134567,20,NA,NA,NA,NA,NA,"2025-04-27T11:11:20",27,4,2025,2377096,2377096,"HUMAN_OBSERVATION","iNaturalist","Observations","274740457","","Kai Murphy",2025-04-27 15:20:11,"CC_BY_NC_4_0","Kai Murphy","Kai Murphy","",NA,2025-06-07 03:17:15.908,"StillImage","COORDINATE_ROUNDED;CONTINENT_DERIVED_FROM_COORDINATES;TAXON_MATCH_TAXON_ID_IGNORED"
5168359787,"50c9509d-22c7-4a22-a47d-8c48425ef4a7","https://www.inaturalist.org/observations/281634636","Animalia","Chordata",NA,"Perciformes","Gobiidae","Bathygobius","Bathygobius soporator",NA,"SPECIES","Bathygobius soporator (Valenciennes, 1837)","Bathygobius soporator","","US","","Florida","PRESENT",NA,"28eb1a3f-1c15-4a95-931a-4af90ecb574d",28.980615,-80.891337,686,NA,NA,NA,NA,NA,"2025-05-16T11:30",16,5,2025,2377096,2377096,"HUMAN_OBSERVATION","iNaturalist","Observations","281634636","","tarablanchard",2025-05-17 00:40:51,"CC_BY_NC_4_0","tarablanchard","tarablanchard","",NA,2025-06-07 01:58:00.468,"StillImage","COORDINATE_ROUNDED;CONTINENT_DERIVED_FROM_COORDINATES;TAXON_MATCH_TAXON_ID_IGNORED"
5168293420,"50c9509d-22c7-4a22-a47d-8c48425ef4a7","https://www.inaturalist.org/observations/134905697","Animalia","Chordata",NA,"Perciformes","Gobiidae","Bathygobius","Bathygobius soporator",NA,"SPECIES","Bathygobius soporator (Valenciennes, 1837)","Bathygobius soporator","","US","","Georgia","PRESENT",NA,"28eb1a3f-1c15-4a95-931a-4af90ecb574d",31.181925,-81.483733,35,NA,NA,NA,NA,NA,"2022-09-12T22:06:03",12,9,2022,2377096,2377096,"HUMAN_OBSERVATION","iNaturalist","Observations","134905697","","Chase Carlson",2025-05-10 05:03:07,"CC_BY_NC_4_0","Izzy Hoover","Izzy Hoover","",NA,2025-06-07 01:17:11.914,"","COORDINATE_ROUNDED;CONTINENT_DERIVED_FROM_COORDINATES;TAXON_MATCH_TAXON_ID_IGNORED"
5168086359,"50c9509d-22c7-4a22-a47d-8c48425ef4a7","https://www.inaturalist.org/observations/281156948","Animalia","Chordata",NA,"Perciformes","Gobiidae","Bathygobius","Bathygobius soporator",NA,"SPECIES","Bathygobius soporator (Valenciennes, 1837)","Bathygobius soporator","","US","","Florida","PRESENT",NA,"28eb1a3f-1c15-4a95-931a-4af90ecb574d",25.871772,-81.382308,4,NA,NA,NA,NA,NA,"2025-05-04T10:47:29",4,5,2025,2377096,2377096,"HUMAN_OBSERVATION","iNaturalist","Observations","281156948","","coltonfishing",2025-05-15 01:34:46,"CC_BY_NC_4_0","coltonfishing","coltonfishing","",NA,2025-06-07 00:21:40.166,"StillImage","COORDINATE_ROUNDED;CONTINENT_DERIVED_FROM_COORDINATES;TAXON_MATCH_TAXON_ID_IGNORED"
5168038402,"50c9509d-22c7-4a22-a47d-8c48425ef4a7","https://www.inaturalist.org/observations/281003800","Animalia","Chordata",NA,"Perciformes","Gobiidae","Bathygobius","Bathygobius soporator",NA,"SPECIES","Bathygobius soporator (Valenciennes, 1837)","Bathygobius soporator","","BR","","Rio Grande do Norte","PRESENT",NA,"28eb1a3f-1c15-4a95-931a-4af90ecb574d",-3.839597,-32.414275,3,NA,NA,NA,NA,NA,"2025-05-14T09:40:28",14,5,2025,2377096,2377096,"HUMAN_OBSERVATION","iNaturalist","Observations","281003800","","Santiago Mailhos",2025-05-14 13:14:00,"CC_BY_NC_4_0","Santiago Mailhos","Santiago Mailhos","",NA,2025-06-07 03:17:42.285,"StillImage","COORDINATE_ROUNDED;CONTINENT_DERIVED_FROM_COORDINATES;TAXON_MATCH_TAXON_ID_IGNORED"
5167911278,"50c9509d-22c7-4a22-a47d-8c48425ef4a7","https://www.inaturalist.org/observations/281157002","Animalia","Chordata",NA,"Perciformes","Gobiidae","Bathygobius","Bathygobius soporator",NA,"SPECIES","Bathygobius soporator (Valenciennes, 1837)","Bathygobius soporator","","US","","Florida","PRESENT",NA,"28eb1a3f-1c15-4a95-931a-4af90ecb574d",25.871758,-81.38233,4,NA,NA,NA,NA,NA,"2025-05-04T10:53:16",4,5,2025,2377096,2377096,"HUMAN_OBSERVATION","iNaturalist","Observations","281157002","","coltonfishing",2025-05-15 01:35:09,"CC_BY_NC_4_0","coltonfishing","coltonfishing","",NA,2025-06-07 00:55:28.783,"StillImage","COORDINATE_ROUNDED;CONTINENT_DERIVED_FROM_COORDINATES;TAXON_MATCH_TAXON_ID_IGNORED"
5167535107,"50c9509d-22c7-4a22-a47d-8c48425ef4a7","https://www.inaturalist.org/observations/281060756","Animalia","Chordata",NA,"Perciformes","Gobiidae","Bathygobius","Bathygobius soporator",NA,"SPECIES","Bathygobius soporator (Valenciennes, 1837)","Bathygobius soporator","","BR","","Rio Grande do Norte","PRESENT",NA,"28eb1a3f-1c15-4a95-931a-4af90ecb574d",-3.837346,-32.399698,15,NA,NA,NA,NA,NA,"2025-05-10T08:50",10,5,2025,2377096,2377096,"HUMAN_OBSERVATION","iNaturalist","Observations","281060756","","Santiago Mailhos",2025-05-14 17:29:13,"CC_BY_NC_4_0","Santiago Mailhos","Santiago Mailhos","",NA,2025-06-07 03:01:06.294,"StillImage","COORDINATE_ROUNDED;CONTINENT_DERIVED_FROM_COORDINATES;TAXON_MATCH_TAXON_ID_IGNORED"
5166868466,"50c9509d-22c7-4a22-a47d-8c48425ef4a7","https://www.inaturalist.org/observations/281277197","Animalia","Chordata",NA,"Perciformes","Gobiidae","Bathygobius","Bathygobius soporator",NA,"SPECIES","Bathygobius soporator (Valenciennes, 1837)","Bathygobius soporator","","BR","","Rio Grande do Norte","PRESENT",NA,"28eb1a3f-1c15-4a95-931a-4af90ecb574d",-3.863303,-32.41358,7,NA,NA,NA,NA,NA,"2025-05-15T12:16:53",15,5,2025,2377096,2377096,"HUMAN_OBSERVATION","iNaturalist","Observations","281277197","","Gabriel Garcia",2025-05-29 00:03:13,"CC_BY_NC_4_0","Santiago Mailhos","Santiago Mailhos","",NA,2025-06-07 00:12:58.598,"StillImage","COORDINATE_ROUNDED;CONTINENT_DERIVED_FROM_COORDINATES;TAXON_MATCH_TAXON_ID_IGNORED"
5154961546,"50c9509d-22c7-4a22-a47d-8c48425ef4a7","https://www.inaturalist.org/observations/278927704","Animalia","Chordata",NA,"Perciformes","Gobiidae","Bathygobius","Bathygobius soporator",NA,"SPECIES","Bathygobius soporator (Valenciennes, 1837)","Bathygobius soporator","","US","","Florida","PRESENT",NA,"28eb1a3f-1c15-4a95-931a-4af90ecb574d",25.87185,-81.382492,5,NA,NA,NA,NA,NA,"2025-05-05T21:43:06",5,5,2025,2377096,2377096,"HUMAN_OBSERVATION","iNaturalist","Observations","278927704","","Zachary Lang",2025-05-06 08:27:50,"CC_BY_NC_4_0","Zachary Lang","Zachary Lang","",NA,2025-06-07 01:27:54.253,"StillImage","COORDINATE_ROUNDED;CONTINENT_DERIVED_FROM_COORDINATES;TAXON_MATCH_TAXON_ID_IGNORED"
5154640492,"50c9509d-22c7-4a22-a47d-8c48425ef4a7","https://www.inaturalist.org/observations/258190246","Animalia","Chordata",NA,"Perciformes","Gobiidae","Bathygobius","Bathygobius soporator",NA,"SPECIES","Bathygobius soporator (Valenciennes, 1837)","Bathygobius soporator","","BR","","Espírito Santo","PRESENT",NA,"28eb1a3f-1c15-4a95-931a-4af90ecb574d",-20.636847,-40.447813,293,NA,NA,NA,NA,NA,"2025-01-11T21:32",11,1,2025,2377096,2377096,"HUMAN_OBSERVATION","iNaturalist","Observations","258190246","","izanildo",2025-01-12 00:33:28,"CC_BY_NC_4_0","izanildo","izanildo","",NA,2025-06-07 00:02:40.812,"StillImage","COORDINATE_ROUNDED;CONTINENT_DERIVED_FROM_COORDINATES;TAXON_MATCH_TAXON_ID_IGNORED"
5154627875,"50c9509d-22c7-4a22-a47d-8c48425ef4a7","https://www.inaturalist.org/observations/261382443","Animalia","Chordata",NA,"Perciformes","Gobiidae","Bathygobius","Bathygobius soporator",NA,"SPECIES","Bathygobius soporator (Valenciennes, 1837)","Bathygobius soporator","","BR","","Espírito Santo","PRESENT",NA,"28eb1a3f-1c15-4a95-931a-4af90ecb574d",-20.036229,-40.159533,19,NA,NA,NA,NA,NA,"2025-02-11T09:41:47",11,2,2025,2377096,2377096,"HUMAN_OBSERVATION","iNaturalist","Observations","261382443","","MAYKOL HOFFMANN SILVA",2025-02-11 21:22:06,"CC_BY_NC_4_0","MAYKOL HOFFMANN SILVA","MAYKOL HOFFMANN SILVA","",NA,2025-06-07 01:57:19.151,"StillImage","COORDINATE_ROUNDED;CONTINENT_DERIVED_FROM_COORDINATES;TAXON_MATCH_TAXON_ID_IGNORED"
5154618401,"50c9509d-22c7-4a22-a47d-8c48425ef4a7","https://www.inaturalist.org/observations/203422948","Animalia","Chordata",NA,"Perciformes","Gobiidae","Bathygobius","Bathygobius soporator",NA,"SPECIES","Bathygobius soporator (Valenciennes, 1837)","Bathygobius soporator","","BR","","Rio de Janeiro","PRESENT",NA,"28eb1a3f-1c15-4a95-931a-4af90ecb574d",-23.217143,-44.712461,23,NA,NA,NA,NA,NA,"2024-03-19T12:58:26",19,3,2024,2377096,2377096,"HUMAN_OBSERVATION","iNaturalist","Observations","203422948","","Volpe",2024-03-22 01:46:43,"CC_BY_NC_4_0","Volpe","Volpe","",NA,2025-06-07 01:09:53.797,"StillImage","COORDINATE_ROUNDED;CONTINENT_DERIVED_FROM_COORDINATES;TAXON_MATCH_TAXON_ID_IGNORED"
5154412150,"50c9509d-22c7-4a22-a47d-8c48425ef4a7","https://www.inaturalist.org/observations/278920189","Animalia","Chordata",NA,"Perciformes","Gobiidae","Bathygobius","Bathygobius soporator",NA,"SPECIES","Bathygobius soporator (Valenciennes, 1837)","Bathygobius soporator","","US","","Florida","PRESENT",NA,"28eb1a3f-1c15-4a95-931a-4af90ecb574d",25.839467,-81.382058,4,NA,NA,NA,NA,NA,"2025-05-06T01:58:08",6,5,2025,2377096,2377096,"HUMAN_OBSERVATION","iNaturalist","Observations","278920189","","Zachary Lang",2025-05-06 07:08:20,"CC_BY_NC_4_0","Zachary Lang","Zachary Lang","",NA,2025-06-07 01:38:05.938,"StillImage","COORDINATE_ROUNDED;CONTINENT_DERIVED_FROM_COORDINATES;TAXON_MATCH_TAXON_ID_IGNORED"
5154393408,"50c9509d-22c7-4a22-a47d-8c48425ef4a7","https://www.inaturalist.org/observations/204325908","Animalia","Chordata",NA,"Perciformes","Gobiidae","Bathygobius","Bathygobius soporator",NA,"SPECIES","Bathygobius soporator (Valenciennes, 1837)","Bathygobius soporator","","BR","","Santa Catarina","PRESENT",NA,"28eb1a3f-1c15-4a95-931a-4af90ecb574d",-26.774542,-48.636863,1171,NA,NA,NA,NA,NA,"2024-03-28T08:43:01",28,3,2024,2377096,2377096,"HUMAN_OBSERVATION","iNaturalist","Observations","204325908","","Yuri Tedéo",2024-03-28 23:09:58,"CC_BY_NC_4_0","Yuri Tedéo","Yuri Tedéo","",NA,2025-06-07 00:51:05.27,"StillImage","COORDINATE_ROUNDED;CONTINENT_DERIVED_FROM_COORDINATES;TAXON_MATCH_TAXON_ID_IGNORED"
5154294800,"50c9509d-22c7-4a22-a47d-8c48425ef4a7","https://www.inaturalist.org/observations/264744344","Animalia","Chordata",NA,"Perciformes","Gobiidae","Bathygobius","Bathygobius soporator",NA,"SPECIES","Bathygobius soporator (Valenciennes, 1837)","Bathygobius soporator","","MX","","Quintana Roo","PRESENT",NA,"28eb1a3f-1c15-4a95-931a-4af90ecb574d",20.465608,-86.983136,31,NA,NA,NA,NA,NA,"2025-03-07T19:50",7,3,2025,2377096,2377096,"HUMAN_OBSERVATION","iNaturalist","Observations","264744344","","pcolarus",2025-03-10 00:43:23,"CC_BY_NC_4_0","pcolarus","pcolarus","",NA,2025-06-07 00:21:07.529,"StillImage","COORDINATE_ROUNDED;CONTINENT_DERIVED_FROM_COORDINATES;TAXON_MATCH_TAXON_ID_IGNORED"
5154281555,"50c9509d-22c7-4a22-a47d-8c48425ef4a7","https://www.inaturalist.org/observations/244523260","Animalia","Chordata",NA,"Perciformes","Gobiidae","Bathygobius","Bathygobius soporator",NA,"SPECIES","Bathygobius soporator (Valenciennes, 1837)","Bathygobius soporator","","BR","","Pernambuco","PRESENT",NA,"28eb1a3f-1c15-4a95-931a-4af90ecb574d",-8.508931,-35.000145,NA,NA,NA,NA,NA,NA,"2024-09-28T07:23:32",28,9,2024,2377096,2377096,"HUMAN_OBSERVATION","iNaturalist","Observations","244523260","","Lucas Rodrigues",2025-05-03 18:10:09,"CC_BY_NC_4_0","Helena Ody Neves","Helena Ody Neves","",NA,2025-06-07 01:51:56.818,"StillImage","COORDINATE_ROUNDED;CONTINENT_DERIVED_FROM_COORDINATES;TAXON_MATCH_TAXON_ID_IGNORED"
5154105771,"50c9509d-22c7-4a22-a47d-8c48425ef4a7","https://www.inaturalist.org/observations/271500079","Animalia","Chordata",NA,"Perciformes","Gobiidae","Bathygobius","Bathygobius soporator",NA,"SPECIES","Bathygobius soporator (Valenciennes, 1837)","Bathygobius soporator","","BR","","Paraná","PRESENT",NA,"28eb1a3f-1c15-4a95-931a-4af90ecb574d",-25.83051,-48.543885,1956,NA,NA,NA,NA,NA,"2025-04-12T08:35:15",12,4,2025,2377096,2377096,"HUMAN_OBSERVATION","iNaturalist","Observations","271500079","","rhuanitomedeiros",2025-04-27 20:09:11,"CC_BY_NC_4_0","rhuanitomedeiros","rhuanitomedeiros","",NA,2025-06-07 01:52:32.935,"StillImage","COORDINATE_ROUNDED;CONTINENT_DERIVED_FROM_COORDINATES;TAXON_MATCH_TAXON_ID_IGNORED"
5153879581,"50c9509d-22c7-4a22-a47d-8c48425ef4a7","https://www.inaturalist.org/observations/204865268","Animalia","Chordata",NA,"Perciformes","Gobiidae","Bathygobius","Bathygobius soporator",NA,"SPECIES","Bathygobius soporator (Valenciennes, 1837)","Bathygobius soporator","","BR","","São Paulo","PRESENT",NA,"28eb1a3f-1c15-4a95-931a-4af90ecb574d",-23.792417,-45.992287,973,NA,NA,NA,NA,NA,"2024-03-30T12:42:01",30,3,2024,2377096,2377096,"HUMAN_OBSERVATION","iNaturalist","Observations","204865268","","Lucas Rodrigues",2025-05-03 18:55:45,"CC_BY_NC_4_0","Ana Cristina Almeida","Ana Cristina Almeida","",NA,2025-06-07 00:53:46.199,"StillImage","COORDINATE_ROUNDED;CONTINENT_DERIVED_FROM_COORDINATES;TAXON_MATCH_TAXON_ID_IGNORED"
5153590711,"50c9509d-22c7-4a22-a47d-8c48425ef4a7","https://www.inaturalist.org/observations/263873891","Animalia","Chordata",NA,"Perciformes","Gobiidae","Bathygobius","Bathygobius soporator",NA,"SPECIES","Bathygobius soporator (Valenciennes, 1837)","Bathygobius soporator","","BR","","Alagoas","PRESENT",NA,"28eb1a3f-1c15-4a95-931a-4af90ecb574d",-9.454015,-35.52805,1,NA,NA,NA,NA,NA,"2025-03-04T11:57:06",4,3,2025,2377096,2377096,"HUMAN_OBSERVATION","iNaturalist","Observations","263873891","","Letícia S. de Sena",2025-03-04 15:00:05,"CC_BY_NC_4_0","Letícia S. de Sena","Letícia S. de Sena","",NA,2025-06-07 01:03:02.202,"StillImage","CONTINENT_DERIVED_FROM_COORDINATES;TAXON_MATCH_TAXON_ID_IGNORED"
5153391521,"50c9509d-22c7-4a22-a47d-8c48425ef4a7","https://www.inaturalist.org/observations/255714294","Animalia","Chordata",NA,"Perciformes","Gobiidae","Bathygobius","Bathygobius soporator",NA,"SPECIES","Bathygobius soporator (Valenciennes, 1837)","Bathygobius soporator","","BR","","Pernambuco","PRESENT",NA,"28eb1a3f-1c15-4a95-931a-4af90ecb574d",-8.539705,-35.008335,NA,NA,NA,NA,NA,NA,"2024-12-20T16:43:57",20,12,2024,2377096,2377096,"HUMAN_OBSERVATION","iNaturalist","Observations","255714294","","Gonzalo Romero",2024-12-20 22:18:11,"CC_BY_4_0","Gonzalo Romero","Gonzalo Romero","",NA,2025-06-07 01:00:28.895,"StillImage","COORDINATE_ROUNDED;CONTINENT_DERIVED_FROM_COORDINATES;TAXON_MATCH_TAXON_ID_IGNORED"
5153376574,"50c9509d-22c7-4a22-a47d-8c48425ef4a7","https://www.inaturalist.org/observations/205003310","Animalia","Chordata",NA,"Perciformes","Gobiidae","Bathygobius","Bathygobius soporator",NA,"SPECIES","Bathygobius soporator (Valenciennes, 1837)","Bathygobius soporator","","BR","","Bahia","PRESENT",NA,"28eb1a3f-1c15-4a95-931a-4af90ecb574d",-16.332915,-39.002637,61,NA,NA,NA,NA,NA,"2024-03-30T10:14",30,3,2024,2377096,2377096,"HUMAN_OBSERVATION","iNaturalist","Observations","205003310","","Lucas Rodrigues",2025-05-03 18:54:57,"CC_BY_NC_4_0","Marcio Santos Ferreira","Marcio Santos Ferreira","",NA,2025-06-07 02:57:06.67,"StillImage","COORDINATE_ROUNDED;CONTINENT_DERIVED_FROM_COORDINATES;TAXON_MATCH_TAXON_ID_IGNORED"
5153281479,"50c9509d-22c7-4a22-a47d-8c48425ef4a7","https://www.inaturalist.org/observations/278927248","Animalia","Chordata",NA,"Perciformes","Gobiidae","Bathygobius","Bathygobius soporator",NA,"SPECIES","Bathygobius soporator (Valenciennes, 1837)","Bathygobius soporator","","US","","Florida","PRESENT",NA,"28eb1a3f-1c15-4a95-931a-4af90ecb574d",25.839692,-81.38192,7,NA,NA,NA,NA,NA,"2025-05-06T00:32:17",6,5,2025,2377096,2377096,"HUMAN_OBSERVATION","iNaturalist","Observations","278927248","","Zachary Lang",2025-05-06 08:23:49,"CC_BY_NC_4_0","Zachary Lang","Zachary Lang","",NA,2025-06-07 01:59:07.166,"StillImage","COORDINATE_ROUNDED;CONTINENT_DERIVED_FROM_COORDINATES;TAXON_MATCH_TAXON_ID_IGNORED"
5153063557,"50c9509d-22c7-4a22-a47d-8c48425ef4a7","https://www.inaturalist.org/observations/270056193","Animalia","Chordata",NA,"Perciformes","Gobiidae","Bathygobius","Bathygobius soporator",NA,"SPECIES","Bathygobius soporator (Valenciennes, 1837)","Bathygobius soporator","","BR","","Paraná","PRESENT",NA,"28eb1a3f-1c15-4a95-931a-4af90ecb574d",-25.849662,-48.545172,433,NA,NA,NA,NA,NA,"2025-04-11T07:33:38",11,4,2025,2377096,2377096,"HUMAN_OBSERVATION","iNaturalist","Observations","270056193","","felipewmig",2025-04-12 21:11:35,"CC_BY_NC_4_0","felipewmig","felipewmig","",NA,2025-06-07 01:59:02.331,"StillImage","COORDINATE_ROUNDED;CONTINENT_DERIVED_FROM_COORDINATES;TAXON_MATCH_TAXON_ID_IGNORED"
5153012729,"50c9509d-22c7-4a22-a47d-8c48425ef4a7","https://www.inaturalist.org/observations/270426754","Animalia","Chordata",NA,"Perciformes","Gobiidae","Bathygobius","Bathygobius soporator",NA,"SPECIES","Bathygobius soporator (Valenciennes, 1837)","Bathygobius soporator","","BR","","Paraná","PRESENT",NA,"28eb1a3f-1c15-4a95-931a-4af90ecb574d",-25.850517,-48.53673,4,NA,NA,NA,NA,NA,"2025-04-12T07:54:10",12,4,2025,2377096,2377096,"HUMAN_OBSERVATION","iNaturalist","Observations","270426754","","amandaamaralchaves",2025-04-14 14:11:06,"CC_BY_NC_4_0","amandaamaralchaves","amandaamaralchaves","",NA,2025-06-07 03:00:25.04,"StillImage","COORDINATE_ROUNDED;CONTINENT_DERIVED_FROM_COORDINATES;TAXON_MATCH_TAXON_ID_IGNORED"
5134698289,"50c9509d-22c7-4a22-a47d-8c48425ef4a7","https://www.inaturalist.org/observations/271957169","Animalia","Chordata",NA,"Perciformes","Gobiidae","Bathygobius","Bathygobius soporator",NA,"SPECIES","Bathygobius soporator (Valenciennes, 1837)","Bathygobius soporator","","US","","Florida","PRESENT",NA,"28eb1a3f-1c15-4a95-931a-4af90ecb574d",27.710785,-82.690887,30,NA,NA,NA,NA,NA,"2025-04-21T00:33:14",21,4,2025,2377096,2377096,"HUMAN_OBSERVATION","iNaturalist","Observations","271957169","","lefua",2025-04-21 13:16:44,"CC_BY_NC_4_0","lefua","lefua","",NA,2025-06-07 00:42:46.839,"StillImage","COORDINATE_ROUNDED;CONTINENT_DERIVED_FROM_COORDINATES;TAXON_MATCH_TAXON_ID_IGNORED"
5134405981,"50c9509d-22c7-4a22-a47d-8c48425ef4a7","https://www.inaturalist.org/observations/269126283","Animalia","Chordata",NA,"Perciformes","Gobiidae","Bathygobius","Bathygobius soporator",NA,"SPECIES","Bathygobius soporator (Valenciennes, 1837)","Bathygobius soporator","","BR","","Rio Grande do Norte","PRESENT",NA,"28eb1a3f-1c15-4a95-931a-4af90ecb574d",-6.2347,-35.0382,NA,NA,NA,NA,NA,NA,"2023-12-29T14:20:25",29,12,2023,2377096,2377096,"HUMAN_OBSERVATION","iNaturalist","Observations","269126283","","Roberto Pillon",2025-04-08 10:24:12,"CC_BY_NC_4_0","Vinicius","Vinicius","",NA,2025-06-07 01:33:16.343,"StillImage","CONTINENT_DERIVED_FROM_COORDINATES;TAXON_MATCH_TAXON_ID_IGNORED"
5134062372,"50c9509d-22c7-4a22-a47d-8c48425ef4a7","https://www.inaturalist.org/observations/271061818","Animalia","Chordata",NA,"Perciformes","Gobiidae","Bathygobius","Bathygobius soporator",NA,"SPECIES","Bathygobius soporator (Valenciennes, 1837)","Bathygobius soporator","","US","","Florida","PRESENT",NA,"28eb1a3f-1c15-4a95-931a-4af90ecb574d",26.379305,-81.861192,4,NA,NA,NA,NA,NA,"2025-04-08T18:53:32",8,4,2025,2377096,2377096,"HUMAN_OBSERVATION","iNaturalist","Observations","271061818","","Zachary Lang",2025-04-17 18:46:39,"CC_BY_NC_4_0","Zachary Lang","Zachary Lang","",NA,2025-06-07 02:48:24.637,"StillImage","COORDINATE_ROUNDED;CONTINENT_DERIVED_FROM_COORDINATES;TAXON_MATCH_TAXON_ID_IGNORED"
5133973129,"50c9509d-22c7-4a22-a47d-8c48425ef4a7","https://www.inaturalist.org/observations/271244726","Animalia","Chordata",NA,"Perciformes","Gobiidae","Bathygobius","Bathygobius soporator",NA,"SPECIES","Bathygobius soporator (Valenciennes, 1837)","Bathygobius soporator","","BR","","Espírito Santo","PRESENT",NA,"28eb1a3f-1c15-4a95-931a-4af90ecb574d",-20.653429,-40.504547,NA,NA,NA,NA,NA,NA,"2025-04-18T11:10",18,4,2025,2377096,2377096,"HUMAN_OBSERVATION","iNaturalist","Observations","271244726","","bbastos",2025-04-18 16:49:15,"CC_BY_NC_4_0","bbastos","bbastos","",NA,2025-06-07 01:26:09.763,"StillImage","COORDINATE_ROUNDED;CONTINENT_DERIVED_FROM_COORDINATES;TAXON_MATCH_TAXON_ID_IGNORED"
5133839088,"50c9509d-22c7-4a22-a47d-8c48425ef4a7","https://www.inaturalist.org/observations/268140557","Animalia","Chordata",NA,"Perciformes","Gobiidae","Bathygobius","Bathygobius soporator",NA,"SPECIES","Bathygobius soporator (Valenciennes, 1837)","Bathygobius soporator","","US","","Florida","PRESENT",NA,"28eb1a3f-1c15-4a95-931a-4af90ecb574d",28.906909,-82.691018,81,NA,NA,NA,NA,NA,"2024-06-22T19:30:43",22,6,2024,2377096,2377096,"HUMAN_OBSERVATION","iNaturalist","Observations","268140557","","Steven Mendez",2025-04-01 22:43:31,"CC_BY_NC_4_0","Steven Mendez","Steven Mendez","",NA,2025-06-07 02:02:30.206,"StillImage","COORDINATE_ROUNDED;CONTINENT_DERIVED_FROM_COORDINATES;TAXON_MATCH_TAXON_ID_IGNORED"
5108312826,"50c9509d-22c7-4a22-a47d-8c48425ef4a7","https://www.inaturalist.org/observations/267338205","Animalia","Chordata",NA,"Perciformes","Gobiidae","Bathygobius","Bathygobius soporator",NA,"SPECIES","Bathygobius soporator (Valenciennes, 1837)","Bathygobius soporator","","US","","Florida","PRESENT",NA,"28eb1a3f-1c15-4a95-931a-4af90ecb574d",26.783333,-80.040555,NA,NA,NA,NA,NA,NA,"2016-04-04T20:04",4,4,2016,2377096,2377096,"HUMAN_OBSERVATION","iNaturalist","Observations","267338205","","Frank Krasovec",2025-03-28 12:49:35,"CC_BY_NC_4_0","Frank Krasovec","Frank Krasovec","",NA,2025-06-07 00:56:10.237,"StillImage","COORDINATE_ROUNDED;CONTINENT_DERIVED_FROM_COORDINATES;TAXON_MATCH_TAXON_ID_IGNORED"
5108268150,"50c9509d-22c7-4a22-a47d-8c48425ef4a7","https://www.inaturalist.org/observations/267606750","Animalia","Chordata",NA,"Perciformes","Gobiidae","Bathygobius","Bathygobius soporator",NA,"SPECIES","Bathygobius soporator (Valenciennes, 1837)","Bathygobius soporator","","US","","Florida","PRESENT",NA,"28eb1a3f-1c15-4a95-931a-4af90ecb574d",29.984764,-84.406533,20,NA,NA,NA,NA,NA,"2025-03-26T22:44",26,3,2025,2377096,2377096,"HUMAN_OBSERVATION","iNaturalist","Observations","267606750","","Leila Dasher",2025-03-29 23:16:57,"CC_BY_4_0","Leila Dasher","Leila Dasher","",NA,2025-06-07 01:41:22.754,"StillImage","COORDINATE_ROUNDED;CONTINENT_DERIVED_FROM_COORDINATES;TAXON_MATCH_TAXON_ID_IGNORED"
5108171453,"50c9509d-22c7-4a22-a47d-8c48425ef4a7","https://www.inaturalist.org/observations/258689176","Animalia","Chordata",NA,"Perciformes","Gobiidae","Bathygobius","Bathygobius soporator",NA,"SPECIES","Bathygobius soporator (Valenciennes, 1837)","Bathygobius soporator","","US","","Florida","PRESENT",NA,"28eb1a3f-1c15-4a95-931a-4af90ecb574d",25.965805,-81.70928,20,NA,NA,NA,NA,NA,"2025-01-16T09:35:37",16,1,2025,2377096,2377096,"HUMAN_OBSERVATION","iNaturalist","Observations","258689176","","plawrynpx",2025-01-16 22:40:01,"CC_BY_NC_4_0","plawrynpx","plawrynpx","",NA,2025-06-07 00:40:09.93,"StillImage","COORDINATE_ROUNDED;CONTINENT_DERIVED_FROM_COORDINATES;TAXON_MATCH_TAXON_ID_IGNORED"
5108106092,"50c9509d-22c7-4a22-a47d-8c48425ef4a7","https://www.inaturalist.org/observations/266957559","Animalia","Chordata",NA,"Perciformes","Gobiidae","Bathygobius","Bathygobius soporator",NA,"SPECIES","Bathygobius soporator (Valenciennes, 1837)","Bathygobius soporator","","US","","Florida","PRESENT",NA,"28eb1a3f-1c15-4a95-931a-4af90ecb574d",26.025697,-81.732283,20,NA,NA,NA,NA,NA,"2025-03-25T14:43:48",25,3,2025,2377096,2377096,"HUMAN_OBSERVATION","iNaturalist","Observations","266957559","","plawrynpx",2025-03-25 21:24:02,"CC_BY_NC_4_0","plawrynpx","plawrynpx","",NA,2025-06-07 02:16:56.957,"StillImage","COORDINATE_ROUNDED;CONTINENT_DERIVED_FROM_COORDINATES;TAXON_MATCH_TAXON_ID_IGNORED"
5108016805,"50c9509d-22c7-4a22-a47d-8c48425ef4a7","https://www.inaturalist.org/observations/176474921","Animalia","Chordata",NA,"Perciformes","Gobiidae","Bathygobius","Bathygobius soporator",NA,"SPECIES","Bathygobius soporator (Valenciennes, 1837)","Bathygobius soporator","","US","","Florida","PRESENT",NA,"28eb1a3f-1c15-4a95-931a-4af90ecb574d",26.026434,-81.735491,61,NA,NA,NA,NA,NA,"2023-07-25T10:48",25,7,2023,2377096,2377096,"HUMAN_OBSERVATION","iNaturalist","Observations","176474921","","plawrynpx",2024-04-23 15:59:39,"CC_BY_NC_4_0","Jedda","Jedda","",NA,2025-06-07 02:52:19.645,"","COORDINATE_ROUNDED;CONTINENT_DERIVED_FROM_COORDINATES;TAXON_MATCH_TAXON_ID_IGNORED"
5088004541,"50c9509d-22c7-4a22-a47d-8c48425ef4a7","https://www.inaturalist.org/observations/265299349","Animalia","Chordata",NA,"Perciformes","Gobiidae","Bathygobius","Bathygobius soporator",NA,"SPECIES","Bathygobius soporator (Valenciennes, 1837)","Bathygobius soporator","","BR","","Pernambuco","PRESENT",NA,"28eb1a3f-1c15-4a95-931a-4af90ecb574d",-8.429583,-34.97808,NA,NA,NA,NA,NA,NA,"2025-03-06T16:33",6,3,2025,2377096,2377096,"HUMAN_OBSERVATION","iNaturalist","Observations","265299349","","alinefaustino",2025-03-14 17:25:50,"CC_BY_NC_4_0","alinefaustino","alinefaustino","",NA,2025-06-07 03:02:54.53,"StillImage","COORDINATE_ROUNDED;CONTINENT_DERIVED_FROM_COORDINATES;TAXON_MATCH_TAXON_ID_IGNORED"
5087975317,"50c9509d-22c7-4a22-a47d-8c48425ef4a7","https://www.inaturalist.org/observations/265105138","Animalia","Chordata",NA,"Perciformes","Gobiidae","Bathygobius","Bathygobius soporator",NA,"SPECIES","Bathygobius soporator (Valenciennes, 1837)","Bathygobius soporator","","BR","","Espírito Santo","PRESENT",NA,"28eb1a3f-1c15-4a95-931a-4af90ecb574d",-19.973265,-40.137567,143,NA,NA,NA,NA,NA,"2025-01-28T05:41",28,1,2025,2377096,2377096,"HUMAN_OBSERVATION","iNaturalist","Observations","265105138","","Leonardo Merçon",2025-03-12 23:03:50,"CC_BY_NC_4_0","Leonardo Merçon","Leonardo Merçon","",NA,2025-06-07 01:57:49.603,"StillImage","COORDINATE_ROUNDED;CONTINENT_DERIVED_FROM_COORDINATES;TAXON_MATCH_TAXON_ID_IGNORED"
5087465046,"50c9509d-22c7-4a22-a47d-8c48425ef4a7","https://www.inaturalist.org/observations/263814230","Animalia","Chordata",NA,"Perciformes","Gobiidae","Bathygobius","Bathygobius soporator",NA,"SPECIES","Bathygobius soporator (Valenciennes, 1837)","Bathygobius soporator","","US","","Florida","PRESENT",NA,"28eb1a3f-1c15-4a95-931a-4af90ecb574d",26.164292,-80.130402,10,NA,NA,NA,NA,NA,"2025-03-03T18:19:56",3,3,2025,2377096,2377096,"HUMAN_OBSERVATION","iNaturalist","Observations","263814230","","birdieboo",2025-03-03 23:51:36,"CC_BY_NC_4_0","birdieboo","birdieboo","",NA,2025-06-07 00:03:12.24,"StillImage","COORDINATE_ROUNDED;CONTINENT_DERIVED_FROM_COORDINATES;TAXON_MATCH_TAXON_ID_IGNORED"
5087460507,"50c9509d-22c7-4a22-a47d-8c48425ef4a7","https://www.inaturalist.org/observations/263749166","Animalia","Chordata",NA,"Perciformes","Gobiidae","Bathygobius","Bathygobius soporator",NA,"SPECIES","Bathygobius soporator (Valenciennes, 1837)","Bathygobius soporator","","BR","","Espírito Santo","PRESENT",NA,"28eb1a3f-1c15-4a95-931a-4af90ecb574d",-20.83478,-40.622233,205,NA,NA,NA,NA,NA,"2025-03-02T10:42:07",2,3,2025,2377096,2377096,"HUMAN_OBSERVATION","iNaturalist","Observations","263749166","","Lucas Rodrigues",2025-03-03 23:00:02,"CC_BY_NC_4_0","Marcio Santos Ferreira","Marcio Santos Ferreira","",NA,2025-06-07 00:59:22.459,"StillImage","COORDINATE_ROUNDED;CONTINENT_DERIVED_FROM_COORDINATES;TAXON_MATCH_TAXON_ID_IGNORED"
5087185981,"50c9509d-22c7-4a22-a47d-8c48425ef4a7","https://www.inaturalist.org/observations/260997367","Animalia","Chordata",NA,"Perciformes","Gobiidae","Bathygobius","Bathygobius soporator",NA,"SPECIES","Bathygobius soporator (Valenciennes, 1837)","Bathygobius soporator","","BR","","Espírito Santo","PRESENT",NA,"28eb1a3f-1c15-4a95-931a-4af90ecb574d",-20.629481,-40.436793,879,NA,NA,NA,NA,NA,"2025-02-08T10:41:04",8,2,2025,2377096,2377096,"HUMAN_OBSERVATION","iNaturalist","Observations","260997367","","Victória Campos",2025-02-08 14:08:31,"CC_BY_NC_4_0","Victória Campos","Victória Campos","",NA,2025-06-07 00:12:32.566,"StillImage","COORDINATE_ROUNDED;CONTINENT_DERIVED_FROM_COORDINATES;TAXON_MATCH_TAXON_ID_IGNORED"
5087146768,"50c9509d-22c7-4a22-a47d-8c48425ef4a7","https://www.inaturalist.org/observations/259089949","Animalia","Chordata",NA,"Perciformes","Gobiidae","Bathygobius","Bathygobius soporator",NA,"SPECIES","Bathygobius soporator (Valenciennes, 1837)","Bathygobius soporator","","BR","","Rio Grande do Norte","PRESENT",NA,"28eb1a3f-1c15-4a95-931a-4af90ecb574d",-5.693965,-35.20523,2165,NA,NA,NA,NA,NA,"2025-01-19",19,1,2025,2377096,2377096,"HUMAN_OBSERVATION","iNaturalist","Observations","259089949","","Yby Naturalista",2025-01-20 21:12:41,"CC_BY_NC_4_0","Yby Naturalista","Yby Naturalista","",NA,2025-06-07 02:48:25.413,"StillImage","COORDINATE_ROUNDED;CONTINENT_DERIVED_FROM_COORDINATES;TAXON_MATCH_TAXON_ID_IGNORED"
5087143093,"50c9509d-22c7-4a22-a47d-8c48425ef4a7","https://www.inaturalist.org/observations/260940502","Animalia","Chordata",NA,"Perciformes","Gobiidae","Bathygobius","Bathygobius soporator",NA,"SPECIES","Bathygobius soporator (Valenciennes, 1837)","Bathygobius soporator","","BR","","Espírito Santo","PRESENT",NA,"28eb1a3f-1c15-4a95-931a-4af90ecb574d",-20.637328,-40.449658,119,NA,NA,NA,NA,NA,"2025-02-07T20:04:53",7,2,2025,2377096,2377096,"HUMAN_OBSERVATION","iNaturalist","Observations","260940502","","Victória Campos",2025-02-08 14:26:23,"CC_BY_NC_4_0","Victória Campos","Victória Campos","",NA,2025-06-07 00:40:43.556,"StillImage","COORDINATE_ROUNDED;CONTINENT_DERIVED_FROM_COORDINATES;TAXON_MATCH_TAXON_ID_IGNORED"
5087098957,"50c9509d-22c7-4a22-a47d-8c48425ef4a7","https://www.inaturalist.org/observations/259094099","Animalia","Chordata",NA,"Perciformes","Gobiidae","Bathygobius","Bathygobius soporator",NA,"SPECIES","Bathygobius soporator (Valenciennes, 1837)","Bathygobius soporator","","BR","","Rio de Janeiro","PRESENT",NA,"28eb1a3f-1c15-4a95-931a-4af90ecb574d",-22.756634,-41.903687,372,NA,NA,NA,NA,NA,"2025-01-15T10:21:44",15,1,2025,2377096,2377096,"HUMAN_OBSERVATION","iNaturalist","Observations","259094099","","Lucas Rodrigues",2025-03-17 01:35:19,"CC_BY_NC_4_0","Mariana","Mariana","",NA,2025-06-07 00:07:33.69,"StillImage","COORDINATE_ROUNDED;CONTINENT_DERIVED_FROM_COORDINATES;TAXON_MATCH_TAXON_ID_IGNORED"
5076909435,"50c9509d-22c7-4a22-a47d-8c48425ef4a7","https://www.inaturalist.org/observations/261494211","Animalia","Chordata",NA,"Perciformes","Gobiidae","Bathygobius","Bathygobius soporator",NA,"SPECIES","Bathygobius soporator (Valenciennes, 1837)","Bathygobius soporator","","BR","","Espírito Santo","PRESENT",NA,"28eb1a3f-1c15-4a95-931a-4af90ecb574d",-20.333822,-40.273276,78,NA,NA,NA,NA,NA,"2025-01-25T18:02",25,1,2025,2377096,2377096,"HUMAN_OBSERVATION","iNaturalist","Observations","261494211","","Flávio Mendes",2025-02-13 00:41:21,"CC_BY_NC_4_0","Flávio Mendes","Flávio Mendes","",NA,2025-06-07 01:57:15.658,"StillImage","COORDINATE_ROUNDED;CONTINENT_DERIVED_FROM_COORDINATES;TAXON_MATCH_TAXON_ID_IGNORED"
5076860946,"50c9509d-22c7-4a22-a47d-8c48425ef4a7","https://www.inaturalist.org/observations/262285133","Animalia","Chordata",NA,"Perciformes","Gobiidae","Bathygobius","Bathygobius soporator",NA,"SPECIES","Bathygobius soporator (Valenciennes, 1837)","Bathygobius soporator","","BR","","Pernambuco","PRESENT",NA,"28eb1a3f-1c15-4a95-931a-4af90ecb574d",-8.42412,-34.97535,7,NA,NA,NA,NA,NA,"2025-02-19T11:44:18",19,2,2025,2377096,2377096,"HUMAN_OBSERVATION","iNaturalist","Observations","262285133","","Henrique Estolano",2025-02-19 18:50:17,"CC_BY_NC_4_0","arthur","arthur","",NA,2025-06-07 02:03:34.171,"StillImage","CONTINENT_DERIVED_FROM_COORDINATES;TAXON_MATCH_TAXON_ID_IGNORED"
5069838094,"50c9509d-22c7-4a22-a47d-8c48425ef4a7","https://www.inaturalist.org/observations/259363000","Animalia","Chordata",NA,"Perciformes","Gobiidae","Bathygobius","Bathygobius soporator",NA,"SPECIES","Bathygobius soporator (Valenciennes, 1837)","Bathygobius soporator","","US","","Florida","PRESENT",NA,"28eb1a3f-1c15-4a95-931a-4af90ecb574d",27.7106,-82.689285,31,NA,NA,NA,NA,NA,"2025-01-21T14:41",21,1,2025,2377096,2377096,"HUMAN_OBSERVATION","iNaturalist","Observations","259363000","","Mitchel Buckner",2025-01-24 00:02:54,"CC_BY_NC_4_0","elisa00919","elisa00919","",NA,2025-06-07 00:20:09.057,"StillImage","COORDINATE_ROUNDED;CONTINENT_DERIVED_FROM_COORDINATES;TAXON_MATCH_TAXON_ID_IGNORED"
5069782088,"50c9509d-22c7-4a22-a47d-8c48425ef4a7","https://www.inaturalist.org/observations/256842560","Animalia","Chordata",NA,"Perciformes","Gobiidae","Bathygobius","Bathygobius soporator",NA,"SPECIES","Bathygobius soporator (Valenciennes, 1837)","Bathygobius soporator","","US","","Florida","PRESENT",NA,"28eb1a3f-1c15-4a95-931a-4af90ecb574d",29.073571,-80.911953,NA,NA,NA,NA,NA,NA,"2024-12-30T13:29:30",30,12,2024,2377096,2377096,"HUMAN_OBSERVATION","iNaturalist","Observations","256842560","","Danie Plaskon",2024-12-31 03:54:22,"CC_BY_NC_4_0","Danie Plaskon","Danie Plaskon","",NA,2025-06-07 03:08:49.003,"StillImage","COORDINATE_ROUNDED;CONTINENT_DERIVED_FROM_COORDINATES;TAXON_MATCH_TAXON_ID_IGNORED"
5069766083,"50c9509d-22c7-4a22-a47d-8c48425ef4a7","https://www.inaturalist.org/observations/257763207","Animalia","Chordata",NA,"Perciformes","Gobiidae","Bathygobius","Bathygobius soporator",NA,"SPECIES","Bathygobius soporator (Valenciennes, 1837)","Bathygobius soporator","","BS","","South Eleuthera","PRESENT",NA,"28eb1a3f-1c15-4a95-931a-4af90ecb574d",24.831803,-76.330023,NA,NA,NA,NA,NA,NA,"2025-01-07T21:00:44",7,1,2025,2377096,2377096,"HUMAN_OBSERVATION","iNaturalist","Observations","257763207","","Di Boonman",2025-01-08 02:50:23,"CC_BY_NC_4_0","Di Boonman","Di Boonman","",NA,2025-06-07 02:05:43.185,"StillImage","COORDINATE_ROUNDED;CONTINENT_DERIVED_FROM_COORDINATES;TAXON_MATCH_TAXON_ID_IGNORED"
5069759183,"50c9509d-22c7-4a22-a47d-8c48425ef4a7","https://www.inaturalist.org/observations/259184670","Animalia","Chordata",NA,"Perciformes","Gobiidae","Bathygobius","Bathygobius soporator",NA,"SPECIES","Bathygobius soporator (Valenciennes, 1837)","Bathygobius soporator","","US","","Florida","PRESENT",NA,"28eb1a3f-1c15-4a95-931a-4af90ecb574d",27.710113,-82.689856,5,NA,NA,NA,NA,NA,"2025-01-21T15:16:20",21,1,2025,2377096,2377096,"HUMAN_OBSERVATION","iNaturalist","Observations","259184670","","mangroveguy2",2025-01-21 20:32:34,"CC_BY_NC_4_0","mangroveguy2","mangroveguy2","",NA,2025-06-07 01:12:29.068,"StillImage","COORDINATE_ROUNDED;CONTINENT_DERIVED_FROM_COORDINATES;TAXON_MATCH_TAXON_ID_IGNORED"
5063911812,"50c9509d-22c7-4a22-a47d-8c48425ef4a7","https://www.inaturalist.org/observations/260771884","Animalia","Chordata",NA,"Perciformes","Gobiidae","Bathygobius","Bathygobius soporator",NA,"SPECIES","Bathygobius soporator (Valenciennes, 1837)","Bathygobius soporator","","BR","","Alagoas","PRESENT",NA,"28eb1a3f-1c15-4a95-931a-4af90ecb574d",-9.772806,-35.85526,2827,NA,NA,NA,NA,NA,"2025-01-19T14:36",19,1,2025,2377096,2377096,"HUMAN_OBSERVATION","iNaturalist","Observations","260771884","","Analía Benavidez",2025-02-06 03:18:22,"CC_BY_NC_4_0","Analía Benavidez","Analía Benavidez","",NA,2025-06-07 01:56:38.356,"StillImage","COORDINATE_ROUNDED;CONTINENT_DERIVED_FROM_COORDINATES;TAXON_MATCH_TAXON_ID_IGNORED"
5063808854,"50c9509d-22c7-4a22-a47d-8c48425ef4a7","https://www.inaturalist.org/observations/260558480","Animalia","Chordata",NA,"Perciformes","Gobiidae","Bathygobius","Bathygobius soporator",NA,"SPECIES","Bathygobius soporator (Valenciennes, 1837)","Bathygobius soporator","","BR","","Santa Catarina","PRESENT",NA,"28eb1a3f-1c15-4a95-931a-4af90ecb574d",-27.57427,-48.422588,5,NA,NA,NA,NA,NA,"2025-02-03T19:19:18",3,2,2025,2377096,2377096,"HUMAN_OBSERVATION","iNaturalist","Observations","260558480","","Franco Palandri",2025-02-04 01:51:51,"CC_BY_NC_4_0","Franco Palandri","Franco Palandri","",NA,2025-06-07 02:00:30.387,"StillImage","COORDINATE_ROUNDED;CONTINENT_DERIVED_FROM_COORDINATES;TAXON_MATCH_TAXON_ID_IGNORED"
5063397870,"50c9509d-22c7-4a22-a47d-8c48425ef4a7","https://www.inaturalist.org/observations/259519937","Animalia","Chordata",NA,"Perciformes","Gobiidae","Bathygobius","Bathygobius soporator",NA,"SPECIES","Bathygobius soporator (Valenciennes, 1837)","Bathygobius soporator","","DO","","La Altagracia","PRESENT",NA,"28eb1a3f-1c15-4a95-931a-4af90ecb574d",18.363927,-68.836415,1953,NA,NA,NA,NA,NA,"2024-11-19T19:29",19,11,2024,2377096,2377096,"HUMAN_OBSERVATION","iNaturalist","Observations","259519937","","dum1",2025-01-25 23:20:47,"CC_BY_4_0","Eddie","Eddie","",NA,2025-06-07 02:04:15.434,"StillImage","COORDINATE_ROUNDED;CONTINENT_DERIVED_FROM_COORDINATES;TAXON_MATCH_TAXON_ID_IGNORED"
5063260231,"50c9509d-22c7-4a22-a47d-8c48425ef4a7","https://www.inaturalist.org/observations/259202156","Animalia","Chordata",NA,"Perciformes","Gobiidae","Bathygobius","Bathygobius soporator",NA,"SPECIES","Bathygobius soporator (Valenciennes, 1837)","Bathygobius soporator","","US","","Florida","PRESENT",NA,"28eb1a3f-1c15-4a95-931a-4af90ecb574d",26.312821,-80.079885,50,NA,NA,NA,NA,NA,"2025-01-17T17:12",17,1,2025,2377096,2377096,"HUMAN_OBSERVATION","iNaturalist","Observations","259202156","","operculum_ben",2025-01-22 00:40:35,"CC_BY_NC_4_0","operculum_ben","operculum_ben","",NA,2025-06-07 03:15:23.693,"","COORDINATE_ROUNDED;CONTINENT_DERIVED_FROM_COORDINATES;TAXON_MATCH_TAXON_ID_IGNORED"
5063122566,"50c9509d-22c7-4a22-a47d-8c48425ef4a7","https://www.inaturalist.org/observations/258822646","Animalia","Chordata",NA,"Perciformes","Gobiidae","Bathygobius","Bathygobius soporator",NA,"SPECIES","Bathygobius soporator (Valenciennes, 1837)","Bathygobius soporator","","BR","","Rio de Janeiro","PRESENT",NA,"28eb1a3f-1c15-4a95-931a-4af90ecb574d",-21.462973,-41.03607,8,NA,NA,NA,NA,NA,"2025-01-17T10:38",17,1,2025,2377096,2377096,"HUMAN_OBSERVATION","iNaturalist","Observations","258822646","","veroneseigor",2025-01-20 12:00:58,"CC_BY_4_0","Pablo Cauã da Silva Toledo","Pablo Cauã da Silva Toledo","",NA,2025-06-07 01:45:39.686,"StillImage","COORDINATE_ROUNDED;CONTINENT_DERIVED_FROM_COORDINATES;TAXON_MATCH_TAXON_ID_IGNORED"
5063095918,"50c9509d-22c7-4a22-a47d-8c48425ef4a7","https://www.inaturalist.org/observations/258876946","Animalia","Chordata",NA,"Perciformes","Gobiidae","Bathygobius","Bathygobius soporator",NA,"SPECIES","Bathygobius soporator (Valenciennes, 1837)","Bathygobius soporator","","US","","Florida","PRESENT",NA,"28eb1a3f-1c15-4a95-931a-4af90ecb574d",26.783212,-80.043044,27,NA,NA,NA,NA,NA,"2025-01-18T15:31:12",18,1,2025,2377096,2377096,"HUMAN_OBSERVATION","iNaturalist","Observations","258876946","","Thomas Campbell",2025-01-18 21:40:46,"CC_BY_NC_4_0","Thomas Campbell","Thomas Campbell","",NA,2025-06-07 02:05:46.844,"StillImage","COORDINATE_ROUNDED;CONTINENT_DERIVED_FROM_COORDINATES;TAXON_MATCH_TAXON_ID_IGNORED"
5062453526,"50c9509d-22c7-4a22-a47d-8c48425ef4a7","https://www.inaturalist.org/observations/29454303","Animalia","Chordata",NA,"Perciformes","Gobiidae","Bathygobius","Bathygobius soporator",NA,"SPECIES","Bathygobius soporator (Valenciennes, 1837)","Bathygobius soporator","","BR","","Rio de Janeiro","PRESENT",NA,"28eb1a3f-1c15-4a95-931a-4af90ecb574d",-22.756353,-41.889038,5082,NA,NA,NA,NA,NA,"2018-07-20T11:59",20,7,2018,2377096,2377096,"HUMAN_OBSERVATION","iNaturalist","Observations","29454303","","Diogo Luiz",2019-07-24 17:34:02,"CC_BY_4_0","Diogo Luiz","Diogo Luiz","",NA,2025-06-07 01:26:38.707,"StillImage","COORDINATE_ROUNDED;CONTINENT_DERIVED_FROM_COORDINATES;TAXON_MATCH_TAXON_ID_IGNORED"
5037241752,"50c9509d-22c7-4a22-a47d-8c48425ef4a7","https://www.inaturalist.org/observations/258093377","Animalia","Chordata",NA,"Perciformes","Gobiidae","Bathygobius","Bathygobius soporator",NA,"SPECIES","Bathygobius soporator (Valenciennes, 1837)","Bathygobius soporator","","US","","Florida","PRESENT",NA,"28eb1a3f-1c15-4a95-931a-4af90ecb574d",26.561463,-81.963357,52,NA,NA,NA,NA,NA,"2025-01-10T12:40:51",10,1,2025,2377096,2377096,"HUMAN_OBSERVATION","iNaturalist","Observations","258093377","","Cody Cox",2025-01-11 03:21:35,"CC_BY_NC_4_0","Cody Cox","Cody Cox","",NA,2025-06-07 00:40:20.202,"StillImage","COORDINATE_ROUNDED;CONTINENT_DERIVED_FROM_COORDINATES;TAXON_MATCH_TAXON_ID_IGNORED"
5036823136,"50c9509d-22c7-4a22-a47d-8c48425ef4a7","https://www.inaturalist.org/observations/258093147","Animalia","Chordata",NA,"Perciformes","Gobiidae","Bathygobius","Bathygobius soporator",NA,"SPECIES","Bathygobius soporator (Valenciennes, 1837)","Bathygobius soporator","","US","","Florida","PRESENT",NA,"28eb1a3f-1c15-4a95-931a-4af90ecb574d",26.562375,-81.963233,67,NA,NA,NA,NA,NA,"2025-01-10T12:02:37",10,1,2025,2377096,2377096,"HUMAN_OBSERVATION","iNaturalist","Observations","258093147","","volt77",2025-01-11 03:17:59,"CC_BY_NC_4_0","volt77","volt77","",NA,2025-06-07 02:48:24.24,"StillImage","COORDINATE_ROUNDED;CONTINENT_DERIVED_FROM_COORDINATES;TAXON_MATCH_TAXON_ID_IGNORED"
5036731142,"50c9509d-22c7-4a22-a47d-8c48425ef4a7","https://www.inaturalist.org/observations/258494739","Animalia","Chordata",NA,"Perciformes","Gobiidae","Bathygobius","Bathygobius soporator",NA,"SPECIES","Bathygobius soporator (Valenciennes, 1837)","Bathygobius soporator","","US","","Florida","PRESENT",NA,"28eb1a3f-1c15-4a95-931a-4af90ecb574d",27.733671,-82.709131,7343,NA,NA,NA,NA,NA,"2022-01-08T14:48:03",8,1,2022,2377096,2377096,"HUMAN_OBSERVATION","iNaturalist","Observations","258494739","","zachs",2025-01-14 20:44:44,"CC_BY_NC_4_0","zachs","zachs","",NA,2025-06-07 00:43:51.15,"StillImage","COORDINATE_ROUNDED;CONTINENT_DERIVED_FROM_COORDINATES;TAXON_MATCH_TAXON_ID_IGNORED"
5008439571,"50c9509d-22c7-4a22-a47d-8c48425ef4a7","https://www.inaturalist.org/observations/256515736","Animalia","Chordata",NA,"Perciformes","Gobiidae","Bathygobius","Bathygobius soporator",NA,"SPECIES","Bathygobius soporator (Valenciennes, 1837)","Bathygobius soporator","","BR","","Rio de Janeiro","PRESENT",NA,"28eb1a3f-1c15-4a95-931a-4af90ecb574d",-21.462787,-41.038922,8,NA,NA,NA,NA,NA,"2024-12-28T08:12:22",28,12,2024,2377096,2377096,"HUMAN_OBSERVATION","iNaturalist","Observations","256515736","","Gabriel Jovêncio Ribeiro",2024-12-28 16:50:14,"CC_BY_4_0","Gabriel Jovêncio Ribeiro","Gabriel Jovêncio Ribeiro","",NA,2025-06-07 00:23:12.917,"StillImage","COORDINATE_ROUNDED;CONTINENT_DERIVED_FROM_COORDINATES;TAXON_MATCH_TAXON_ID_IGNORED"
5007895690,"50c9509d-22c7-4a22-a47d-8c48425ef4a7","https://www.inaturalist.org/observations/257529460","Animalia","Chordata",NA,"Perciformes","Gobiidae","Bathygobius","Bathygobius soporator",NA,"SPECIES","Bathygobius soporator (Valenciennes, 1837)","Bathygobius soporator","","BR","","Rio de Janeiro","PRESENT",NA,"28eb1a3f-1c15-4a95-931a-4af90ecb574d",-22.885283,-42.007327,24,NA,NA,NA,NA,NA,"2025-01-01T12:14",1,1,2025,2377096,2377096,"HUMAN_OBSERVATION","iNaturalist","Observations","257529460","","veroneseigor",2025-01-06 13:38:40,"CC_BY_NC_4_0","José Valério","José Valério","",NA,2025-06-07 01:02:56.721,"StillImage","COORDINATE_ROUNDED;CONTINENT_DERIVED_FROM_COORDINATES;TAXON_MATCH_TAXON_ID_IGNORED"
5007754417,"50c9509d-22c7-4a22-a47d-8c48425ef4a7","https://www.inaturalist.org/observations/256649505","Animalia","Chordata",NA,"Perciformes","Gobiidae","Bathygobius","Bathygobius soporator",NA,"SPECIES","Bathygobius soporator (Valenciennes, 1837)","Bathygobius soporator","","BR","","Rio de Janeiro","PRESENT",NA,"28eb1a3f-1c15-4a95-931a-4af90ecb574d",-21.455827,-41.033551,229,NA,NA,NA,NA,NA,"2024-12-28T09:20",28,12,2024,2377096,2377096,"HUMAN_OBSERVATION","iNaturalist","Observations","256649505","","Pablo Cauã da Silva Toledo",2024-12-29 17:43:01,"CC_BY_4_0","Pablo Cauã da Silva Toledo","Pablo Cauã da Silva Toledo","",NA,2025-06-07 03:14:38.403,"StillImage","COORDINATE_ROUNDED;CONTINENT_DERIVED_FROM_COORDINATES;TAXON_MATCH_TAXON_ID_IGNORED"
5007470130,"50c9509d-22c7-4a22-a47d-8c48425ef4a7","https://www.inaturalist.org/observations/256209111","Animalia","Chordata",NA,"Perciformes","Gobiidae","Bathygobius","Bathygobius soporator",NA,"SPECIES","Bathygobius soporator (Valenciennes, 1837)","Bathygobius soporator","","BR","","Rio de Janeiro","PRESENT",NA,"28eb1a3f-1c15-4a95-931a-4af90ecb574d",-22.873185,-41.983803,24,NA,NA,NA,NA,NA,"2024-12-25T16:00:28",25,12,2024,2377096,2377096,"HUMAN_OBSERVATION","iNaturalist","Observations","256209111","","veroneseigor",2024-12-26 14:28:55,"CC_BY_NC_4_0","José Valério","José Valério","",NA,2025-06-07 02:58:54.481,"StillImage","COORDINATE_ROUNDED;CONTINENT_DERIVED_FROM_COORDINATES;TAXON_MATCH_TAXON_ID_IGNORED"
4993754654,"50c9509d-22c7-4a22-a47d-8c48425ef4a7","https://www.inaturalist.org/observations/233547577","Animalia","Chordata",NA,"Perciformes","Gobiidae","Bathygobius","Bathygobius soporator",NA,"SPECIES","Bathygobius soporator (Valenciennes, 1837)","Bathygobius soporator","","BR","","Paraná","PRESENT",NA,"28eb1a3f-1c15-4a95-931a-4af90ecb574d",-25.849101,-48.534295,48,NA,NA,NA,NA,NA,"2024-08-03T08:33:51",3,8,2024,2377096,2377096,"HUMAN_OBSERVATION","iNaturalist","Observations","233547577","","gabdias",2024-08-03 19:03:51,"CC_BY_NC_4_0","gabdias","gabdias","",NA,2025-06-07 00:47:55.837,"StillImage","COORDINATE_ROUNDED;CONTINENT_DERIVED_FROM_COORDINATES;TAXON_MATCH_TAXON_ID_IGNORED"
4987848775,"50c9509d-22c7-4a22-a47d-8c48425ef4a7","https://www.inaturalist.org/observations/146750770","Animalia","Chordata",NA,"Perciformes","Gobiidae","Bathygobius","Bathygobius soporator",NA,"SPECIES","Bathygobius soporator (Valenciennes, 1837)","Bathygobius soporator","","US","","Florida","PRESENT",NA,"28eb1a3f-1c15-4a95-931a-4af90ecb574d",27.817367,-80.468138,4,NA,NA,NA,NA,NA,"2022-12-30T19:08:08",30,12,2022,2377096,2377096,"HUMAN_OBSERVATION","iNaturalist","Observations","146750770","","James-LaFontaine",2023-01-17 09:22:30,"CC_BY_4_0","James-LaFontaine","James-LaFontaine","",NA,2025-06-07 00:46:47.554,"StillImage","COORDINATE_ROUNDED;CONTINENT_DERIVED_FROM_COORDINATES;TAXON_MATCH_TAXON_ID_IGNORED"
4987795515,"50c9509d-22c7-4a22-a47d-8c48425ef4a7","https://www.inaturalist.org/observations/190769936","Animalia","Chordata",NA,"Perciformes","Gobiidae","Bathygobius","Bathygobius soporator",NA,"SPECIES","Bathygobius soporator (Valenciennes, 1837)","Bathygobius soporator","","US","","Florida","PRESENT",NA,"28eb1a3f-1c15-4a95-931a-4af90ecb574d",26.693995,-80.049536,1196,NA,NA,NA,NA,NA,"2023-11-12T01:19:16",12,11,2023,2377096,2377096,"HUMAN_OBSERVATION","iNaturalist","Observations","190769936","","James-LaFontaine",2023-11-12 08:19:05,"CC_BY_4_0","James-LaFontaine","James-LaFontaine","",NA,2025-06-07 01:10:05.193,"StillImage","COORDINATE_ROUNDED;CONTINENT_DERIVED_FROM_COORDINATES;TAXON_MATCH_TAXON_ID_IGNORED"
4987791730,"50c9509d-22c7-4a22-a47d-8c48425ef4a7","https://www.inaturalist.org/observations/138154762","Animalia","Chordata",NA,"Perciformes","Gobiidae","Bathygobius","Bathygobius soporator",NA,"SPECIES","Bathygobius soporator (Valenciennes, 1837)","Bathygobius soporator","","US","","Texas","PRESENT",NA,"28eb1a3f-1c15-4a95-931a-4af90ecb574d",29.33419,-94.750281,NA,NA,NA,NA,NA,NA,"2022-10-09T13:00:45",9,10,2022,2377096,2377096,"HUMAN_OBSERVATION","iNaturalist","Observations","138154762","","Mitchel Buckner",2022-10-09 18:48:58,"CC_BY_NC_4_0","Mitchel Buckner","Mitchel Buckner","",NA,2025-06-07 00:38:47.907,"StillImage","COORDINATE_ROUNDED;CONTINENT_DERIVED_FROM_COORDINATES;TAXON_MATCH_TAXON_ID_IGNORED"
4987744715,"50c9509d-22c7-4a22-a47d-8c48425ef4a7","https://www.inaturalist.org/observations/252509614","Animalia","Chordata",NA,"Perciformes","Gobiidae","Bathygobius","Bathygobius soporator",NA,"SPECIES","Bathygobius soporator (Valenciennes, 1837)","Bathygobius soporator","","US","","Florida","PRESENT",NA,"28eb1a3f-1c15-4a95-931a-4af90ecb574d",28.86625,-82.667887,7,NA,NA,NA,NA,NA,"2023-04-23T15:21:43",23,4,2023,2377096,2377096,"HUMAN_OBSERVATION","iNaturalist","Observations","252509614","","finndoherty01",2024-11-21 16:54:22,"CC_BY_NC_4_0","finndoherty01","finndoherty01","",NA,2025-06-07 01:54:57.033,"StillImage","COORDINATE_ROUNDED;CONTINENT_DERIVED_FROM_COORDINATES;TAXON_MATCH_TAXON_ID_IGNORED"
4987630709,"50c9509d-22c7-4a22-a47d-8c48425ef4a7","https://www.inaturalist.org/observations/112491207","Animalia","Chordata",NA,"Perciformes","Gobiidae","Bathygobius","Bathygobius soporator",NA,"SPECIES","Bathygobius soporator (Valenciennes, 1837)","Bathygobius soporator","","US","","Texas","PRESENT",NA,"28eb1a3f-1c15-4a95-931a-4af90ecb574d",28.938084,-95.296305,86,NA,NA,NA,NA,NA,"2021-08-18",18,8,2021,2377096,2377096,"HUMAN_OBSERVATION","iNaturalist","Observations","112491207","","Mitchel Buckner",2022-04-23 08:57:36,"CC_BY_NC_4_0","Mitchel Buckner","Mitchel Buckner","",NA,2025-06-07 02:37:03.073,"StillImage","COORDINATE_ROUNDED;CONTINENT_DERIVED_FROM_COORDINATES;TAXON_MATCH_TAXON_ID_IGNORED"
4987616833,"50c9509d-22c7-4a22-a47d-8c48425ef4a7","https://www.inaturalist.org/observations/135707310","Animalia","Chordata",NA,"Perciformes","Gobiidae","Bathygobius","Bathygobius soporator",NA,"SPECIES","Bathygobius soporator (Valenciennes, 1837)","Bathygobius soporator","","US","","Texas","PRESENT",NA,"28eb1a3f-1c15-4a95-931a-4af90ecb574d",28.939656,-95.297538,NA,NA,NA,NA,NA,NA,"2022-09-19T14:36:35",19,9,2022,2377096,2377096,"HUMAN_OBSERVATION","iNaturalist","Observations","135707310","","Mitchel Buckner",2022-09-19 20:36:09,"CC_BY_NC_4_0","Mitchel Buckner","Mitchel Buckner","",NA,2025-06-07 00:01:20.331,"StillImage","COORDINATE_ROUNDED;CONTINENT_DERIVED_FROM_COORDINATES;TAXON_MATCH_TAXON_ID_IGNORED"
4987531694,"50c9509d-22c7-4a22-a47d-8c48425ef4a7","https://www.inaturalist.org/observations/166031907","Animalia","Chordata",NA,"Perciformes","Gobiidae","Bathygobius","Bathygobius soporator",NA,"SPECIES","Bathygobius soporator (Valenciennes, 1837)","Bathygobius soporator","","US","","Florida","PRESENT",NA,"28eb1a3f-1c15-4a95-931a-4af90ecb574d",26.350627,-80.075977,52,NA,NA,NA,NA,NA,"2023-06-05T23:56:25",5,6,2023,2377096,2377096,"HUMAN_OBSERVATION","iNaturalist","Observations","166031907","","James-LaFontaine",2023-06-07 06:52:53,"CC_BY_4_0","James-LaFontaine","James-LaFontaine","",NA,2025-06-07 01:28:13.635,"StillImage","COORDINATE_ROUNDED;CONTINENT_DERIVED_FROM_COORDINATES;TAXON_MATCH_TAXON_ID_IGNORED"
4987460844,"50c9509d-22c7-4a22-a47d-8c48425ef4a7","https://www.inaturalist.org/observations/183126901","Animalia","Chordata",NA,"Perciformes","Gobiidae","Bathygobius","Bathygobius soporator",NA,"SPECIES","Bathygobius soporator (Valenciennes, 1837)","Bathygobius soporator","","US","","Florida","PRESENT",NA,"28eb1a3f-1c15-4a95-931a-4af90ecb574d",30.391561,-86.511681,NA,NA,NA,NA,NA,NA,"2023-09-13T12:50:29",13,9,2023,2377096,2377096,"HUMAN_OBSERVATION","iNaturalist","Observations","183126901","","Mitchel Buckner",2023-09-13 20:19:52,"CC_BY_NC_4_0","Mitchel Buckner","Mitchel Buckner","",NA,2025-06-07 02:13:09.074,"StillImage","COORDINATE_ROUNDED;CONTINENT_DERIVED_FROM_COORDINATES;TAXON_MATCH_TAXON_ID_IGNORED"
4987401445,"50c9509d-22c7-4a22-a47d-8c48425ef4a7","https://www.inaturalist.org/observations/102037793","Animalia","Chordata",NA,"Perciformes","Gobiidae","Bathygobius","Bathygobius soporator",NA,"SPECIES","Bathygobius soporator (Valenciennes, 1837)","Bathygobius soporator","","US","","Florida","PRESENT",NA,"28eb1a3f-1c15-4a95-931a-4af90ecb574d",30.392631,-86.506386,7,NA,NA,NA,NA,NA,"2020-10-04",4,10,2020,2377096,2377096,"HUMAN_OBSERVATION","iNaturalist","Observations","102037793","","Mitchel Buckner",2021-11-27 22:18:26,"CC_BY_NC_4_0","Mitchel Buckner","Mitchel Buckner","",NA,2025-06-07 02:47:07.388,"StillImage","CONTINENT_DERIVED_FROM_COORDINATES;TAXON_MATCH_TAXON_ID_IGNORED"
4987381418,"50c9509d-22c7-4a22-a47d-8c48425ef4a7","https://www.inaturalist.org/observations/179892168","Animalia","Chordata",NA,"Perciformes","Gobiidae","Bathygobius","Bathygobius soporator",NA,"SPECIES","Bathygobius soporator (Valenciennes, 1837)","Bathygobius soporator","","US","","Texas","PRESENT",NA,"28eb1a3f-1c15-4a95-931a-4af90ecb574d",29.334279,-94.749951,NA,NA,NA,NA,NA,NA,"2023-08-23T12:59:27",23,8,2023,2377096,2377096,"HUMAN_OBSERVATION","iNaturalist","Observations","179892168","","Mitchel Buckner",2023-08-23 22:37:20,"CC_BY_NC_4_0","Mitchel Buckner","Mitchel Buckner","",NA,2025-06-07 00:09:55.409,"StillImage","COORDINATE_ROUNDED;CONTINENT_DERIVED_FROM_COORDINATES;TAXON_MATCH_TAXON_ID_IGNORED"
4982328375,"50c9509d-22c7-4a22-a47d-8c48425ef4a7","https://www.inaturalist.org/observations/251832351","Animalia","Chordata",NA,"Perciformes","Gobiidae","Bathygobius","Bathygobius soporator",NA,"SPECIES","Bathygobius soporator (Valenciennes, 1837)","Bathygobius soporator","","US","","Florida","PRESENT",NA,"28eb1a3f-1c15-4a95-931a-4af90ecb574d",30.125229,-85.730107,8,NA,NA,NA,NA,NA,"2024-08-31T11:00",31,8,2024,2377096,2377096,"HUMAN_OBSERVATION","iNaturalist","Observations","251832351","","Noah Daun",2024-11-16 01:33:10,"CC_BY_NC_4_0","Noah Daun","Noah Daun","",NA,2025-06-07 01:36:01.942,"StillImage","COORDINATE_ROUNDED;CONTINENT_DERIVED_FROM_COORDINATES;TAXON_MATCH_TAXON_ID_IGNORED"
4980683598,"50c9509d-22c7-4a22-a47d-8c48425ef4a7","https://www.inaturalist.org/observations/250761900","Animalia","Chordata",NA,"Perciformes","Gobiidae","Bathygobius","Bathygobius soporator",NA,"SPECIES","Bathygobius soporator (Valenciennes, 1837)","Bathygobius soporator","","US","","Florida","PRESENT",NA,"28eb1a3f-1c15-4a95-931a-4af90ecb574d",30.494013,-87.002044,9,NA,NA,NA,NA,NA,"2024-11-06T20:23:44",6,11,2024,2377096,2377096,"HUMAN_OBSERVATION","iNaturalist","Observations","250761900","","abmore23",2024-11-07 06:14:15,"CC_BY_NC_4_0","abmore23","abmore23","",NA,2025-06-07 03:13:33.847,"StillImage","COORDINATE_ROUNDED;CONTINENT_DERIVED_FROM_COORDINATES;TAXON_MATCH_TAXON_ID_IGNORED"
4980461749,"50c9509d-22c7-4a22-a47d-8c48425ef4a7","https://www.inaturalist.org/observations/251362960","Animalia","Chordata",NA,"Perciformes","Gobiidae","Bathygobius","Bathygobius soporator",NA,"SPECIES","Bathygobius soporator (Valenciennes, 1837)","Bathygobius soporator","","US","","Florida","PRESENT",NA,"28eb1a3f-1c15-4a95-931a-4af90ecb574d",25.937647,-81.737911,NA,NA,NA,NA,NA,NA,"2024-11-11T15:50:57",11,11,2024,2377096,2377096,"HUMAN_OBSERVATION","iNaturalist","Observations","251362960","","kthe144",2024-11-11 21:29:09,"CC_BY_NC_4_0","kthe144","kthe144","",NA,2025-06-07 01:21:50.098,"StillImage","COORDINATE_ROUNDED;CONTINENT_DERIVED_FROM_COORDINATES;TAXON_MATCH_TAXON_ID_IGNORED"
4976603401,"50c9509d-22c7-4a22-a47d-8c48425ef4a7","https://www.inaturalist.org/observations/159769983","Animalia","Chordata",NA,"Perciformes","Gobiidae","Bathygobius","Bathygobius soporator",NA,"SPECIES","Bathygobius soporator (Valenciennes, 1837)","Bathygobius soporator","","US","","Texas","PRESENT",NA,"28eb1a3f-1c15-4a95-931a-4af90ecb574d",27.675938,-97.165464,15,NA,NA,NA,NA,NA,"2017-07-15T11:30",15,7,2017,2377096,2377096,"HUMAN_OBSERVATION","iNaturalist","Observations","159769983","","Mitchel Buckner",2024-10-23 03:34:11,"CC_BY_NC_4_0","Ben Horstmann","Ben Horstmann","",NA,2025-06-07 00:49:48.079,"StillImage","COORDINATE_ROUNDED;CONTINENT_DERIVED_FROM_COORDINATES;TAXON_MATCH_TAXON_ID_IGNORED"
4976270189,"50c9509d-22c7-4a22-a47d-8c48425ef4a7","https://www.inaturalist.org/observations/248689420","Animalia","Chordata",NA,"Perciformes","Gobiidae","Bathygobius","Bathygobius soporator",NA,"SPECIES","Bathygobius soporator (Valenciennes, 1837)","Bathygobius soporator","","US","","Texas","PRESENT",NA,"28eb1a3f-1c15-4a95-931a-4af90ecb574d",27.618222,-97.212503,3,NA,NA,NA,NA,NA,"2024-09-14T19:59:45",14,9,2024,2377096,2377096,"HUMAN_OBSERVATION","iNaturalist","Observations","248689420","","Mitchel Buckner",2024-10-23 03:22:24,"CC_BY_NC_4_0","reboundrequiem","reboundrequiem","",NA,2025-06-07 01:23:10.774,"StillImage","COORDINATE_ROUNDED;CONTINENT_DERIVED_FROM_COORDINATES;TAXON_MATCH_TAXON_ID_IGNORED"
4974287019,"50c9509d-22c7-4a22-a47d-8c48425ef4a7","https://www.inaturalist.org/observations/248285499","Animalia","Chordata",NA,"Perciformes","Gobiidae","Bathygobius","Bathygobius soporator",NA,"SPECIES","Bathygobius soporator (Valenciennes, 1837)","Bathygobius soporator","","BR","","Alagoas","PRESENT",NA,"28eb1a3f-1c15-4a95-931a-4af90ecb574d",-9.665595,-35.696161,100,NA,NA,NA,NA,NA,"2024-10-19T12:05:57",19,10,2024,2377096,2377096,"HUMAN_OBSERVATION","iNaturalist","Observations","248285499","","Eduardo Paniagua",2024-10-20 15:42:49,"CC_BY_NC_4_0","Eduardo Paniagua","Eduardo Paniagua","",NA,2025-06-07 00:48:11.875,"StillImage","COORDINATE_ROUNDED;CONTINENT_DERIVED_FROM_COORDINATES;TAXON_MATCH_TAXON_ID_IGNORED"
4974063519,"50c9509d-22c7-4a22-a47d-8c48425ef4a7","https://www.inaturalist.org/observations/202833049","Animalia","Chordata",NA,"Perciformes","Gobiidae","Bathygobius","Bathygobius soporator",NA,"SPECIES","Bathygobius soporator (Valenciennes, 1837)","Bathygobius soporator","","BR","","Santa Catarina","PRESENT",NA,"28eb1a3f-1c15-4a95-931a-4af90ecb574d",-26.783756,-48.595485,173,NA,NA,NA,NA,NA,"2024-03-17T09:27:38",17,3,2024,2377096,2377096,"HUMAN_OBSERVATION","iNaturalist","Observations","202833049","","lucasvasconcellos",2024-03-18 20:27:11,"CC_BY_NC_4_0","Leonardo Rebello","Leonardo Rebello","",NA,2025-06-07 01:11:36.049,"StillImage","COORDINATE_ROUNDED;CONTINENT_DERIVED_FROM_COORDINATES;TAXON_MATCH_TAXON_ID_IGNORED"
4973920507,"50c9509d-22c7-4a22-a47d-8c48425ef4a7","https://www.inaturalist.org/observations/243503446","Animalia","Chordata",NA,"Perciformes","Gobiidae","Bathygobius","Bathygobius soporator",NA,"SPECIES","Bathygobius soporator (Valenciennes, 1837)","Bathygobius soporator","","US","","Texas","PRESENT",NA,"28eb1a3f-1c15-4a95-931a-4af90ecb574d",29.33415,-94.750738,4,NA,NA,NA,NA,NA,"2024-09-22T12:34:47",22,9,2024,2377096,2377096,"HUMAN_OBSERVATION","iNaturalist","Observations","243503446","","Ava",2024-09-25 03:31:09,"CC_BY_4_0","Dan Johnson","Dan Johnson","",NA,2025-06-07 01:54:16.763,"StillImage","COORDINATE_ROUNDED;CONTINENT_DERIVED_FROM_COORDINATES;TAXON_MATCH_TAXON_ID_IGNORED"
4973835177,"50c9509d-22c7-4a22-a47d-8c48425ef4a7","https://www.inaturalist.org/observations/248147985","Animalia","Chordata",NA,"Perciformes","Gobiidae","Bathygobius","Bathygobius soporator",NA,"SPECIES","Bathygobius soporator (Valenciennes, 1837)","Bathygobius soporator","","US","","Florida","PRESENT",NA,"28eb1a3f-1c15-4a95-931a-4af90ecb574d",26.025514,-81.731833,20,NA,NA,NA,NA,NA,"2024-10-19T09:55:41",19,10,2024,2377096,2377096,"HUMAN_OBSERVATION","iNaturalist","Observations","248147985","","plawrynpx",2024-10-19 21:20:50,"CC_BY_NC_4_0","plawrynpx","plawrynpx","",NA,2025-06-07 00:56:57.386,"StillImage","COORDINATE_ROUNDED;CONTINENT_DERIVED_FROM_COORDINATES;TAXON_MATCH_TAXON_ID_IGNORED"
4954703864,"50c9509d-22c7-4a22-a47d-8c48425ef4a7","https://www.inaturalist.org/observations/233998862","Animalia","Chordata",NA,"Perciformes","Gobiidae","Bathygobius","Bathygobius soporator",NA,"SPECIES","Bathygobius soporator (Valenciennes, 1837)","Bathygobius soporator","","US","","Texas","PRESENT",NA,"28eb1a3f-1c15-4a95-931a-4af90ecb574d",27.832627,-97.040807,66,NA,NA,NA,NA,NA,"2024-08-05T11:12:32",5,8,2024,2377096,2377096,"HUMAN_OBSERVATION","iNaturalist","Observations","233998862","","Jon McIntyre",2024-08-05 19:16:15,"CC_BY_NC_4_0","Jon McIntyre","Jon McIntyre","",NA,2025-06-07 01:27:22.045,"StillImage","COORDINATE_ROUNDED;CONTINENT_DERIVED_FROM_COORDINATES;TAXON_MATCH_TAXON_ID_IGNORED"
4954607411,"50c9509d-22c7-4a22-a47d-8c48425ef4a7","https://www.inaturalist.org/observations/240757286","Animalia","Chordata",NA,"Perciformes","Gobiidae","Bathygobius","Bathygobius soporator",NA,"SPECIES","Bathygobius soporator (Valenciennes, 1837)","Bathygobius soporator","","BR","","Espírito Santo","PRESENT",NA,"28eb1a3f-1c15-4a95-931a-4af90ecb574d",-20.644133,-40.46711,NA,NA,NA,NA,NA,NA,"2024-09-09T11:22:40",9,9,2024,2377096,2377096,"HUMAN_OBSERVATION","iNaturalist","Observations","240757286","","Lucas Albuquerque",2024-09-09 14:26:44,"CC_BY_NC_4_0","Lucas Albuquerque","Lucas Albuquerque","",NA,2025-06-07 00:05:18.764,"StillImage","COORDINATE_ROUNDED;CONTINENT_DERIVED_FROM_COORDINATES;TAXON_MATCH_TAXON_ID_IGNORED"
4952977942,"50c9509d-22c7-4a22-a47d-8c48425ef4a7","https://www.inaturalist.org/observations/206974467","Animalia","Chordata",NA,"Perciformes","Gobiidae","Bathygobius","Bathygobius soporator",NA,"SPECIES","Bathygobius soporator (Valenciennes, 1837)","Bathygobius soporator","","US","","Florida","PRESENT",NA,"28eb1a3f-1c15-4a95-931a-4af90ecb574d",30.390775,-86.510667,4,NA,NA,NA,NA,NA,"2024-04-03T23:22:54",3,4,2024,2377096,2377096,"HUMAN_OBSERVATION","iNaturalist","Observations","206974467","","Izzy Hoover",2024-04-13 15:58:34,"CC_BY_NC_4_0","Izzy Hoover","Izzy Hoover","",NA,2025-06-07 02:55:33.927,"","COORDINATE_ROUNDED;CONTINENT_DERIVED_FROM_COORDINATES;TAXON_MATCH_TAXON_ID_IGNORED"
4952209814,"50c9509d-22c7-4a22-a47d-8c48425ef4a7","https://www.inaturalist.org/observations/54348119","Animalia","Chordata",NA,"Perciformes","Gobiidae","Bathygobius","Bathygobius soporator",NA,"SPECIES","Bathygobius soporator (Valenciennes, 1837)","Bathygobius soporator","","BR","","Rio de Janeiro","PRESENT",NA,"28eb1a3f-1c15-4a95-931a-4af90ecb574d",-22.885343,-42.005994,214,NA,NA,NA,NA,NA,"2020-07-25T15:06",25,7,2020,2377096,2377096,"HUMAN_OBSERVATION","iNaturalist","Observations","54348119","","Alexandre S. Michelotto",2020-10-05 19:54:52,"CC_BY_4_0","Alexandre S. Michelotto","Alexandre S. Michelotto","",NA,2025-06-07 01:11:06.701,"StillImage","COORDINATE_ROUNDED;CONTINENT_DERIVED_FROM_COORDINATES;TAXON_MATCH_TAXON_ID_IGNORED"
4949915943,"50c9509d-22c7-4a22-a47d-8c48425ef4a7","https://www.inaturalist.org/observations/243365623","Animalia","Chordata",NA,"Perciformes","Gobiidae","Bathygobius","Bathygobius soporator",NA,"SPECIES","Bathygobius soporator (Valenciennes, 1837)","Bathygobius soporator","","BR","","Bahia","PRESENT",NA,"28eb1a3f-1c15-4a95-931a-4af90ecb574d",-14.284933,-38.984864,NA,NA,NA,NA,NA,NA,"2024-09-22T11:58:50",22,9,2024,2377096,2377096,"HUMAN_OBSERVATION","iNaturalist","Observations","243365623","","Roberto Pillon",2024-09-24 10:32:48,"CC_BY_NC_4_0","Francisco V. Bezerra Neto","Francisco V. Bezerra Neto","",NA,2025-06-07 00:15:53.656,"StillImage","COORDINATE_ROUNDED;CONTINENT_DERIVED_FROM_COORDINATES;TAXON_MATCH_TAXON_ID_IGNORED"
4946390916,"50c9509d-22c7-4a22-a47d-8c48425ef4a7","https://www.inaturalist.org/observations/96269089","Animalia","Chordata",NA,"Perciformes","Gobiidae","Bathygobius","Bathygobius soporator",NA,"SPECIES","Bathygobius soporator (Valenciennes, 1837)","Bathygobius soporator","","US","","Texas","PRESENT",NA,"28eb1a3f-1c15-4a95-931a-4af90ecb574d",27.830901,-97.038069,164,NA,NA,NA,NA,NA,"2019-08-03",3,8,2019,2377096,2377096,"HUMAN_OBSERVATION","iNaturalist","Observations","96269089","","",NA,"CC_BY_NC_4_0","jcowdog","jcowdog","",NA,2025-06-07 00:55:13.524,"StillImage","COORDINATE_ROUNDED;CONTINENT_DERIVED_FROM_COORDINATES;TAXON_MATCH_TAXON_ID_IGNORED"
4946068874,"50c9509d-22c7-4a22-a47d-8c48425ef4a7","https://www.inaturalist.org/observations/237693629","Animalia","Chordata",NA,"Perciformes","Gobiidae","Bathygobius","Bathygobius soporator",NA,"SPECIES","Bathygobius soporator (Valenciennes, 1837)","Bathygobius soporator","","US","","Florida","PRESENT",NA,"28eb1a3f-1c15-4a95-931a-4af90ecb574d",25.960777,-81.710359,23,NA,NA,NA,NA,NA,"2024-08-24T11:39:50",24,8,2024,2377096,2377096,"HUMAN_OBSERVATION","iNaturalist","Observations","237693629","","plawrynpx",2024-08-24 18:31:12,"CC_BY_NC_4_0","plawrynpx","plawrynpx","",NA,2025-06-07 00:21:31.594,"StillImage","COORDINATE_ROUNDED;CONTINENT_DERIVED_FROM_COORDINATES;TAXON_MATCH_TAXON_ID_IGNORED"
4936109768,"50c9509d-22c7-4a22-a47d-8c48425ef4a7","https://www.inaturalist.org/observations/203316395","Animalia","Chordata",NA,"Perciformes","Gobiidae","Bathygobius","Bathygobius soporator",NA,"SPECIES","Bathygobius soporator (Valenciennes, 1837)","Bathygobius soporator","","BS","","San Salvador","PRESENT",NA,"28eb1a3f-1c15-4a95-931a-4af90ecb574d",24.120658,-74.474747,13,NA,NA,NA,NA,NA,"2024-03-10T15:10:28",10,3,2024,2377096,2377096,"HUMAN_OBSERVATION","iNaturalist","Observations","203316395","","Spencer Ort",2024-03-21 03:59:59,"CC_BY_NC_4_0","Spencer Ort","Spencer Ort","",NA,2025-06-07 01:44:04.786,"StillImage","COORDINATE_ROUNDED;CONTINENT_DERIVED_FROM_COORDINATES;TAXON_MATCH_TAXON_ID_IGNORED"
4925896531,"50c9509d-22c7-4a22-a47d-8c48425ef4a7","https://www.inaturalist.org/observations/236899656","Animalia","Chordata",NA,"Perciformes","Gobiidae","Bathygobius","Bathygobius soporator",NA,"SPECIES","Bathygobius soporator (Valenciennes, 1837)","Bathygobius soporator","","US","","Alabama","PRESENT",NA,"28eb1a3f-1c15-4a95-931a-4af90ecb574d",30.250337,-88.193089,112,NA,NA,NA,NA,NA,"2024-08-20T07:45:36",20,8,2024,2377096,2377096,"HUMAN_OBSERVATION","iNaturalist","Observations","236899656","","Ava",2024-08-20 12:46:47,"CC_BY_NC_4_0","Ava","Ava","",NA,2025-06-07 01:17:08.699,"StillImage","COORDINATE_ROUNDED;CONTINENT_DERIVED_FROM_COORDINATES;TAXON_MATCH_TAXON_ID_IGNORED"
4923631604,"50c9509d-22c7-4a22-a47d-8c48425ef4a7","https://www.inaturalist.org/observations/235438947","Animalia","Chordata",NA,"Perciformes","Gobiidae","Bathygobius","Bathygobius soporator",NA,"SPECIES","Bathygobius soporator (Valenciennes, 1837)","Bathygobius soporator","","US","","Florida","PRESENT",NA,"28eb1a3f-1c15-4a95-931a-4af90ecb574d",26.314794,-80.081384,53,NA,NA,NA,NA,NA,"2024-08-12T19:02:31",12,8,2024,2377096,2377096,"HUMAN_OBSERVATION","iNaturalist","Observations","235438947","","Kai Murphy",2024-08-12 23:54:22,"CC_BY_NC_4_0","Kai Murphy","Kai Murphy","",NA,2025-06-07 02:59:52.657,"StillImage","COORDINATE_ROUNDED;CONTINENT_DERIVED_FROM_COORDINATES;TAXON_MATCH_TAXON_ID_IGNORED"
4921733364,"50c9509d-22c7-4a22-a47d-8c48425ef4a7","https://www.inaturalist.org/observations/233190845","Animalia","Chordata",NA,"Perciformes","Gobiidae","Bathygobius","Bathygobius soporator",NA,"SPECIES","Bathygobius soporator (Valenciennes, 1837)","Bathygobius soporator","","US","","Florida","PRESENT",NA,"28eb1a3f-1c15-4a95-931a-4af90ecb574d",28.408393,-80.595448,NA,NA,NA,NA,NA,NA,"2024-08-01T19:58:53",1,8,2024,2377096,2377096,"HUMAN_OBSERVATION","iNaturalist","Observations","233190845","","peter04",2024-08-01 23:59:22,"CC_BY_NC_4_0","peter04","peter04","",NA,2025-06-07 00:01:54.973,"StillImage","COORDINATE_ROUNDED;CONTINENT_DERIVED_FROM_COORDINATES;TAXON_MATCH_TAXON_ID_IGNORED"
4921445873,"50c9509d-22c7-4a22-a47d-8c48425ef4a7","https://www.inaturalist.org/observations/233996027","Animalia","Chordata",NA,"Perciformes","Gobiidae","Bathygobius","Bathygobius soporator",NA,"SPECIES","Bathygobius soporator (Valenciennes, 1837)","Bathygobius soporator","","US","","Alabama","PRESENT",NA,"28eb1a3f-1c15-4a95-931a-4af90ecb574d",30.252365,-88.158432,32,NA,NA,NA,NA,NA,"2024-08-05T14:00:17",5,8,2024,2377096,2377096,"HUMAN_OBSERVATION","iNaturalist","Observations","233996027","","Ava",2024-08-05 19:01:31,"CC_BY_NC_4_0","Ava","Ava","",NA,2025-06-07 03:08:57.837,"StillImage","COORDINATE_ROUNDED;CONTINENT_DERIVED_FROM_COORDINATES;TAXON_MATCH_TAXON_ID_IGNORED"
4919192399,"50c9509d-22c7-4a22-a47d-8c48425ef4a7","https://www.inaturalist.org/observations/232296851","Animalia","Chordata",NA,"Perciformes","Gobiidae","Bathygobius","Bathygobius soporator",NA,"SPECIES","Bathygobius soporator (Valenciennes, 1837)","Bathygobius soporator","","BR","","Bahia","PRESENT",NA,"28eb1a3f-1c15-4a95-931a-4af90ecb574d",-14.36845,-39.006533,4,NA,NA,NA,NA,NA,"2024-07-28T13:24:08",28,7,2024,2377096,2377096,"HUMAN_OBSERVATION","iNaturalist","Observations","232296851","","Dr. Mauro Galetti",2024-07-28 16:41:50,"CC_BY_NC_4_0","Dr. Mauro Galetti","Dr. Mauro Galetti","",NA,2025-06-07 02:06:45.065,"StillImage","COORDINATE_ROUNDED;CONTINENT_DERIVED_FROM_COORDINATES;TAXON_MATCH_TAXON_ID_IGNORED"
4901130118,"50c9509d-22c7-4a22-a47d-8c48425ef4a7","https://www.inaturalist.org/observations/223680857","Animalia","Chordata",NA,"Perciformes","Gobiidae","Bathygobius","Bathygobius soporator",NA,"SPECIES","Bathygobius soporator (Valenciennes, 1837)","Bathygobius soporator","","US","","Florida","PRESENT",NA,"28eb1a3f-1c15-4a95-931a-4af90ecb574d",30.386429,-86.484276,59,NA,NA,NA,NA,NA,"2024-06-18T22:27:08",18,6,2024,2377096,2377096,"HUMAN_OBSERVATION","iNaturalist","Observations","223680857","","Mitchel Buckner",2024-06-19 04:35:07,"CC_BY_NC_4_0","mhwell","mhwell","",NA,2025-06-07 00:01:12.534,"StillImage","COORDINATE_ROUNDED;CONTINENT_DERIVED_FROM_COORDINATES;TAXON_MATCH_TAXON_ID_IGNORED"
4875272351,"50c9509d-22c7-4a22-a47d-8c48425ef4a7","https://www.inaturalist.org/observations/220112095","Animalia","Chordata",NA,"Perciformes","Gobiidae","Bathygobius","Bathygobius soporator",NA,"SPECIES","Bathygobius soporator (Valenciennes, 1837)","Bathygobius soporator","","US","","Florida","PRESENT",NA,"28eb1a3f-1c15-4a95-931a-4af90ecb574d",26.314971,-80.081315,23,NA,NA,NA,NA,NA,"2024-06-02T16:57:21",2,6,2024,2377096,2377096,"HUMAN_OBSERVATION","iNaturalist","Observations","220112095","","Kai Murphy",2024-06-02 21:54:03,"CC_BY_NC_4_0","Kai Murphy","Kai Murphy","",NA,2025-06-07 00:59:24.406,"StillImage","COORDINATE_ROUNDED;CONTINENT_DERIVED_FROM_COORDINATES;TAXON_MATCH_TAXON_ID_IGNORED"
4875132874,"50c9509d-22c7-4a22-a47d-8c48425ef4a7","https://www.inaturalist.org/observations/219121579","Animalia","Chordata",NA,"Perciformes","Gobiidae","Bathygobius","Bathygobius soporator",NA,"SPECIES","Bathygobius soporator (Valenciennes, 1837)","Bathygobius soporator","","US","","Florida","PRESENT",NA,"28eb1a3f-1c15-4a95-931a-4af90ecb574d",27.258088,-80.213112,2476,NA,NA,NA,NA,NA,"2024-05-24T11:00:35",24,5,2024,2377096,2377096,"HUMAN_OBSERVATION","iNaturalist","Observations","219121579","","Wyatt Rorex",2024-05-29 17:05:03,"CC_BY_NC_4_0","Joshua Rains","Joshua Rains","",NA,2025-06-07 02:44:41.31,"StillImage","COORDINATE_ROUNDED;CONTINENT_DERIVED_FROM_COORDINATES;TAXON_MATCH_TAXON_ID_IGNORED"
4874988130,"50c9509d-22c7-4a22-a47d-8c48425ef4a7","https://www.inaturalist.org/observations/219307284","Animalia","Chordata",NA,"Perciformes","Gobiidae","Bathygobius","Bathygobius soporator",NA,"SPECIES","Bathygobius soporator (Valenciennes, 1837)","Bathygobius soporator","","US","","Florida","PRESENT",NA,"28eb1a3f-1c15-4a95-931a-4af90ecb574d",24.711485,-81.099291,26,NA,NA,NA,NA,NA,"2024-05-29T21:37",29,5,2024,2377096,2377096,"HUMAN_OBSERVATION","iNaturalist","Observations","219307284","","Mitchel Buckner",2024-05-30 16:05:16,"CC_BY_NC_4_0","Sussy Baka","Sussy Baka","",NA,2025-06-07 01:11:09.989,"StillImage","COORDINATE_ROUNDED;CONTINENT_DERIVED_FROM_COORDINATES;TAXON_MATCH_TAXON_ID_IGNORED"
4872581491,"50c9509d-22c7-4a22-a47d-8c48425ef4a7","https://www.inaturalist.org/observations/218804161","Animalia","Chordata",NA,"Perciformes","Gobiidae","Bathygobius","Bathygobius soporator",NA,"SPECIES","Bathygobius soporator (Valenciennes, 1837)","Bathygobius soporator","","US","","Texas","PRESENT",NA,"28eb1a3f-1c15-4a95-931a-4af90ecb574d",27.837352,-97.051508,NA,NA,NA,NA,NA,NA,"2024-05-27T17:08:52",27,5,2024,2377096,2377096,"HUMAN_OBSERVATION","iNaturalist","Observations","218804161","","Andrew Orgill",2024-05-28 02:06:09,"CC_BY_NC_4_0","Andrew Orgill","Andrew Orgill","",NA,2025-06-07 01:00:17.687,"","CONTINENT_DERIVED_FROM_COORDINATES;TAXON_MATCH_TAXON_ID_IGNORED"
4872483981,"50c9509d-22c7-4a22-a47d-8c48425ef4a7","https://www.inaturalist.org/observations/218029585","Animalia","Chordata",NA,"Perciformes","Gobiidae","Bathygobius","Bathygobius soporator",NA,"SPECIES","Bathygobius soporator (Valenciennes, 1837)","Bathygobius soporator","","US","","Alabama","PRESENT",NA,"28eb1a3f-1c15-4a95-931a-4af90ecb574d",30.245953,-88.077417,4,NA,NA,NA,NA,NA,"2024-05-24T21:08:54",24,5,2024,2377096,2377096,"HUMAN_OBSERVATION","iNaturalist","Observations","218029585","","Ava",2024-05-25 02:52:49,"CC_BY_NC_4_0","Ava","Ava","",NA,2025-06-07 00:57:17.968,"StillImage","COORDINATE_ROUNDED;CONTINENT_DERIVED_FROM_COORDINATES;TAXON_MATCH_TAXON_ID_IGNORED"
4866253480,"2e48d298-76bf-40c4-bb7a-af01508498fd","BR:ReefSYN:SISBIOTA-MAR-UVC:BrazilianCoast:saco_dagua_saco_dagua_2011_occ58603","Animalia","Chordata",NA,"Perciformes","Gobiidae","Bathygobius","Bathygobius soporator",NA,"SPECIES","Bathygobius soporator (Valenciennes, 1837)","","","BR","saco_dagua","","PRESENT",NA,"b81896a3-05ab-4011-a360-1aededb554a3",-27.277044,-48.368482,NA,NA,NA,NA,12,NA,"2011",NA,NA,2011,2377096,2377096,"HUMAN_OBSERVATION","","","","","",NA,"CC_BY_4_0","","Renato A Morais","",NA,2025-01-31 19:04:30.839,"","GEODETIC_DATUM_INVALID;GEODETIC_DATUM_ASSUMED_WGS84;CONTINENT_DERIVED_FROM_COORDINATES;RECORDED_DATE_MISMATCH;SCIENTIFIC_NAME_AND_ID_INCONSISTENT;TAXON_MATCH_NAME_AND_ID_AMBIGUOUS"
4866245725,"2e48d298-76bf-40c4-bb7a-af01508498fd","BR:ReefSYN:SISBIOTA-MAR-UVC:BrazilianCoast:porto_belo_ponta_araca_3_caixadaco_porto_belo_ponta_araca_3_caixadaco_2015_occ64328","Animalia","Chordata",NA,"Perciformes","Gobiidae","Bathygobius","Bathygobius soporator",NA,"SPECIES","Bathygobius soporator (Valenciennes, 1837)","","","BR","porto_belo_ponta_araca_3_caixadaco","","PRESENT",NA,"b81896a3-05ab-4011-a360-1aededb554a3",-27.12222,-48.52417,NA,NA,NA,NA,5,NA,"2015",NA,NA,2015,2377096,2377096,"HUMAN_OBSERVATION","","","","","",NA,"CC_BY_4_0","","Renato A Morais","",NA,2025-01-31 19:04:29.569,"","GEODETIC_DATUM_INVALID;GEODETIC_DATUM_ASSUMED_WGS84;CONTINENT_DERIVED_FROM_COORDINATES;RECORDED_DATE_MISMATCH;SCIENTIFIC_NAME_AND_ID_INCONSISTENT;TAXON_MATCH_NAME_AND_ID_AMBIGUOUS"
4866133943,"4a48410a-eefa-4035-b547-0dd29e31d8f8","BR:ReefSYN:SC-TIME-SERIES::BrazilianCoast:caixadaco_beach_west_2011_occ9010","Animalia","Chordata",NA,"Perciformes","Gobiidae","Bathygobius","Bathygobius soporator",NA,"SPECIES","Bathygobius soporator (Valenciennes, 1837)","bathygobius_soporator","","BR","west","","PRESENT",NA,"b81896a3-05ab-4011-a360-1aededb554a3",-27.126016,-48.526956,NA,NA,NA,NA,5,0,"2011",NA,NA,2011,2377096,2377096,"HUMAN_OBSERVATION","","","","","",NA,"CC_BY_4_0","","Renato A Morais","",NA,2025-01-31 20:16:41.373,"","GEODETIC_DATUM_INVALID;GEODETIC_DATUM_ASSUMED_WGS84;CONTINENT_DERIVED_FROM_COORDINATES;RECORDED_DATE_MISMATCH;SCIENTIFIC_NAME_AND_ID_INCONSISTENT;TAXON_MATCH_NAME_AND_ID_AMBIGUOUS"
4866133854,"4a48410a-eefa-4035-b547-0dd29e31d8f8","BR:ReefSYN:SC-TIME-SERIES::BrazilianCoast:arvoredo_island_saco_dagua_2011_occ8160","Animalia","Chordata",NA,"Perciformes","Gobiidae","Bathygobius","Bathygobius soporator",NA,"SPECIES","Bathygobius soporator (Valenciennes, 1837)","bathygobius_soporator","","BR","saco_dagua","","PRESENT",NA,"b81896a3-05ab-4011-a360-1aededb554a3",-27.274525,-48.367137,NA,NA,NA,NA,12,0,"2011",NA,NA,2011,2377096,2377096,"HUMAN_OBSERVATION","","","","","",NA,"CC_BY_4_0","","Renato A Morais","",NA,2025-01-31 20:16:41.366,"","GEODETIC_DATUM_INVALID;GEODETIC_DATUM_ASSUMED_WGS84;CONTINENT_DERIVED_FROM_COORDINATES;RECORDED_DATE_MISMATCH;SCIENTIFIC_NAME_AND_ID_INCONSISTENT;TAXON_MATCH_NAME_AND_ID_AMBIGUOUS"
4866123813,"12e25d6a-93e2-4478-a64a-4ccacc68ccda","BR:ReefSYN:ALCATRAZES-TIME-SERIES:BrazilianCoast_esec_2021_89_occ4745","Animalia","Chordata",NA,"Perciformes","Gobiidae","Bathygobius","Bathygobius soporator",NA,"SPECIES","Bathygobius soporator (Valenciennes, 1837)","","","BR","esec","","PRESENT",NA,"b81896a3-05ab-4011-a360-1aededb554a3",-24.1054,-45.7025,NA,NA,NA,NA,6,0,"2021",NA,NA,2021,2377096,2377096,"HUMAN_OBSERVATION","","","","","",NA,"CC_BY_4_0","","Juan P Quimbayo","",NA,2025-01-31 17:49:40.254,"","GEODETIC_DATUM_INVALID;GEODETIC_DATUM_ASSUMED_WGS84;CONTINENT_DERIVED_FROM_COORDINATES;RECORDED_DATE_MISMATCH"
4852331208,"50c9509d-22c7-4a22-a47d-8c48425ef4a7","https://www.inaturalist.org/observations/164483982","Animalia","Chordata",NA,"Perciformes","Gobiidae","Bathygobius","Bathygobius soporator",NA,"SPECIES","Bathygobius soporator (Valenciennes, 1837)","Bathygobius soporator","","US","","Florida","PRESENT",NA,"28eb1a3f-1c15-4a95-931a-4af90ecb574d",26.628851,-82.067795,424,NA,NA,NA,NA,NA,"2023-05-29T15:15:02",29,5,2023,2377096,2377096,"HUMAN_OBSERVATION","iNaturalist","Observations","164483982","","Anthony Russo",2023-05-30 02:51:18,"CC_BY_NC_4_0","snyderburn","snyderburn","",NA,2025-06-07 01:37:12.805,"StillImage","COORDINATE_ROUNDED;CONTINENT_DERIVED_FROM_COORDINATES;TAXON_MATCH_TAXON_ID_IGNORED"
4852053585,"50c9509d-22c7-4a22-a47d-8c48425ef4a7","https://www.inaturalist.org/observations/208971331","Animalia","Chordata",NA,"Perciformes","Gobiidae","Bathygobius","Bathygobius soporator",NA,"SPECIES","Bathygobius soporator (Valenciennes, 1837)","Bathygobius soporator","","US","","Florida","PRESENT",NA,"28eb1a3f-1c15-4a95-931a-4af90ecb574d",27.01105,-82.410103,8,NA,NA,NA,NA,NA,"2024-04-22T21:35:27",22,4,2024,2377096,2377096,"HUMAN_OBSERVATION","iNaturalist","Observations","208971331","","plawrynpx",2024-04-26 02:15:37,"CC_BY_NC_4_0","Garrett","Garrett","",NA,2025-06-07 00:39:29.746,"StillImage","COORDINATE_ROUNDED;CONTINENT_DERIVED_FROM_COORDINATES;TAXON_MATCH_TAXON_ID_IGNORED"
4847224678,"50c9509d-22c7-4a22-a47d-8c48425ef4a7","https://www.inaturalist.org/observations/207329731","Animalia","Chordata",NA,"Perciformes","Gobiidae","Bathygobius","Bathygobius soporator",NA,"SPECIES","Bathygobius soporator (Valenciennes, 1837)","Bathygobius soporator","","US","","Texas","PRESENT",NA,"28eb1a3f-1c15-4a95-931a-4af90ecb574d",27.837447,-97.051514,3,NA,NA,NA,NA,NA,"2024-04-14T15:47:12",14,4,2024,2377096,2377096,"HUMAN_OBSERVATION","iNaturalist","Observations","207329731","","Andrew Orgill",2024-04-15 03:23:01,"CC_BY_NC_4_0","Andrew Orgill","Andrew Orgill","",NA,2025-06-07 00:13:11.009,"","COORDINATE_ROUNDED;CONTINENT_DERIVED_FROM_COORDINATES;TAXON_MATCH_TAXON_ID_IGNORED"
4847213611,"50c9509d-22c7-4a22-a47d-8c48425ef4a7","https://www.inaturalist.org/observations/207236767","Animalia","Chordata",NA,"Perciformes","Gobiidae","Bathygobius","Bathygobius soporator",NA,"SPECIES","Bathygobius soporator (Valenciennes, 1837)","Bathygobius soporator","","US","","Florida","PRESENT",NA,"28eb1a3f-1c15-4a95-931a-4af90ecb574d",27.858165,-82.549867,757,NA,NA,NA,NA,NA,"2016-03-22T02:17",22,3,2016,2377096,2377096,"HUMAN_OBSERVATION","iNaturalist","Observations","207236767","","Noah Daun",2024-04-14 19:22:51,"CC_BY_NC_4_0","Noah Daun","Noah Daun","",NA,2025-06-07 02:47:25.949,"StillImage","COORDINATE_ROUNDED;CONTINENT_DERIVED_FROM_COORDINATES;TAXON_MATCH_TAXON_ID_IGNORED"
4607466501,"50c9509d-22c7-4a22-a47d-8c48425ef4a7","https://www.inaturalist.org/observations/205589061","Animalia","Chordata",NA,"Perciformes","Gobiidae","Bathygobius","Bathygobius soporator",NA,"SPECIES","Bathygobius soporator (Valenciennes, 1837)","Bathygobius soporator","","US","","Florida","PRESENT",NA,"28eb1a3f-1c15-4a95-931a-4af90ecb574d",30.411948,-86.491957,15,NA,NA,NA,NA,NA,"2024-04-05T14:32",5,4,2024,2377096,2377096,"HUMAN_OBSERVATION","iNaturalist","Observations","205589061","","jasonrl",2024-04-05 23:57:07,"CC_BY_NC_4_0","jasonrl","jasonrl","",NA,2025-06-07 03:00:57.903,"StillImage","COORDINATE_ROUNDED;CONTINENT_DERIVED_FROM_COORDINATES;TAXON_MATCH_TAXON_ID_IGNORED"
4607130442,"50c9509d-22c7-4a22-a47d-8c48425ef4a7","https://www.inaturalist.org/observations/205589206","Animalia","Chordata",NA,"Perciformes","Gobiidae","Bathygobius","Bathygobius soporator",NA,"SPECIES","Bathygobius soporator (Valenciennes, 1837)","Bathygobius soporator","","US","","Florida","PRESENT",NA,"28eb1a3f-1c15-4a95-931a-4af90ecb574d",30.412016,-86.492336,8,NA,NA,NA,NA,NA,"2024-04-05T14:31",5,4,2024,2377096,2377096,"HUMAN_OBSERVATION","iNaturalist","Observations","205589206","","jasonrl",2024-04-05 23:58:27,"CC_BY_NC_4_0","jasonrl","jasonrl","",NA,2025-06-07 01:58:47.012,"StillImage","COORDINATE_ROUNDED;CONTINENT_DERIVED_FROM_COORDINATES;TAXON_MATCH_TAXON_ID_IGNORED"
4606858838,"50c9509d-22c7-4a22-a47d-8c48425ef4a7","https://www.inaturalist.org/observations/205746394","Animalia","Chordata",NA,"Perciformes","Gobiidae","Bathygobius","Bathygobius soporator",NA,"SPECIES","Bathygobius soporator (Valenciennes, 1837)","Bathygobius soporator","","US","","Florida","PRESENT",NA,"28eb1a3f-1c15-4a95-931a-4af90ecb574d",25.929395,-80.150444,4,NA,NA,NA,NA,NA,"2024-04-06T16:44:20",6,4,2024,2377096,2377096,"HUMAN_OBSERVATION","iNaturalist","Observations","205746394","","Oliver g jones",2024-04-06 21:23:00,"CC_BY_NC_4_0","Oliver g jones","Oliver g jones","",NA,2025-06-07 00:56:25.065,"StillImage","COORDINATE_ROUNDED;CONTINENT_DERIVED_FROM_COORDINATES;TAXON_MATCH_TAXON_ID_IGNORED"
4606728761,"50c9509d-22c7-4a22-a47d-8c48425ef4a7","https://www.inaturalist.org/observations/205590018","Animalia","Chordata",NA,"Perciformes","Gobiidae","Bathygobius","Bathygobius soporator",NA,"SPECIES","Bathygobius soporator (Valenciennes, 1837)","Bathygobius soporator","","US","","Florida","PRESENT",NA,"28eb1a3f-1c15-4a95-931a-4af90ecb574d",30.412167,-86.492231,15,NA,NA,NA,NA,NA,"2024-04-05T14:19",5,4,2024,2377096,2377096,"HUMAN_OBSERVATION","iNaturalist","Observations","205590018","","jasonrl",2024-04-06 00:05:49,"CC_BY_NC_4_0","jasonrl","jasonrl","",NA,2025-06-07 02:44:16.611,"StillImage","COORDINATE_ROUNDED;CONTINENT_DERIVED_FROM_COORDINATES;TAXON_MATCH_TAXON_ID_IGNORED"
4600070120,"50c9509d-22c7-4a22-a47d-8c48425ef4a7","https://www.inaturalist.org/observations/203703725","Animalia","Chordata",NA,"Perciformes","Gobiidae","Bathygobius","Bathygobius soporator",NA,"SPECIES","Bathygobius soporator (Valenciennes, 1837)","Bathygobius soporator","","US","","Florida","PRESENT",NA,"28eb1a3f-1c15-4a95-931a-4af90ecb574d",25.142047,-80.923562,4,NA,NA,NA,NA,NA,"2024-03-24T01:08:12",24,3,2024,2377096,2377096,"HUMAN_OBSERVATION","iNaturalist","Observations","203703725","","Roberto Pillon",2024-03-24 07:37:12,"CC_BY_4_0","Nick Tobler (Cowturtle)","Nick Tobler (Cowturtle)","",NA,2025-06-07 01:53:41.779,"StillImage","COORDINATE_ROUNDED;CONTINENT_DERIVED_FROM_COORDINATES;TAXON_MATCH_TAXON_ID_IGNORED"
4597080441,"50c9509d-22c7-4a22-a47d-8c48425ef4a7","https://www.inaturalist.org/observations/202605763","Animalia","Chordata",NA,"Perciformes","Gobiidae","Bathygobius","Bathygobius soporator",NA,"SPECIES","Bathygobius soporator (Valenciennes, 1837)","Bathygobius soporator","","US","","Florida","PRESENT",NA,"28eb1a3f-1c15-4a95-931a-4af90ecb574d",28.95067,-80.864447,4,NA,NA,NA,NA,NA,"2024-03-15T20:28:51",15,3,2024,2377096,2377096,"HUMAN_OBSERVATION","iNaturalist","Observations","202605763","","kstoner",2024-03-16 02:30:45,"CC_BY_NC_4_0","kstoner","kstoner","",NA,2025-06-07 01:30:11.295,"StillImage","COORDINATE_ROUNDED;CONTINENT_DERIVED_FROM_COORDINATES;TAXON_MATCH_TAXON_ID_IGNORED"
4596875780,"50c9509d-22c7-4a22-a47d-8c48425ef4a7","https://www.inaturalist.org/observations/201698609","Animalia","Chordata",NA,"Perciformes","Gobiidae","Bathygobius","Bathygobius soporator",NA,"SPECIES","Bathygobius soporator (Valenciennes, 1837)","Bathygobius soporator","","US","","Florida","PRESENT",NA,"28eb1a3f-1c15-4a95-931a-4af90ecb574d",29.730603,-84.885137,20,NA,NA,NA,NA,NA,"2023-12-13T09:51:31",13,12,2023,2377096,2377096,"HUMAN_OBSERVATION","iNaturalist","Observations","201698609","","Mitchel Buckner",2024-03-08 18:20:41,"CC_BY_NC_4_0","Lena Kury","Lena Kury","",NA,2025-06-07 00:41:16.083,"StillImage","COORDINATE_ROUNDED;CONTINENT_DERIVED_FROM_COORDINATES;TAXON_MATCH_TAXON_ID_IGNORED"
4535912258,"50c9509d-22c7-4a22-a47d-8c48425ef4a7","https://www.inaturalist.org/observations/200975003","Animalia","Chordata",NA,"Perciformes","Gobiidae","Bathygobius","Bathygobius soporator",NA,"SPECIES","Bathygobius soporator (Valenciennes, 1837)","Bathygobius soporator","","US","","Florida","PRESENT",NA,"28eb1a3f-1c15-4a95-931a-4af90ecb574d",30.285194,-87.510024,2,NA,NA,NA,NA,NA,"2024-02-22T00:18",22,2,2024,2377096,2377096,"HUMAN_OBSERVATION","iNaturalist","Observations","200975003","","Ryan Grow",2024-03-02 05:25:00,"CC_BY_NC_4_0","Ryan Grow","Ryan Grow","",NA,2025-06-07 00:58:15.046,"StillImage","COORDINATE_ROUNDED;CONTINENT_DERIVED_FROM_COORDINATES;TAXON_MATCH_TAXON_ID_IGNORED"
4525187221,"50c9509d-22c7-4a22-a47d-8c48425ef4a7","https://www.inaturalist.org/observations/199673471","Animalia","Chordata",NA,"Perciformes","Gobiidae","Bathygobius","Bathygobius soporator",NA,"SPECIES","Bathygobius soporator (Valenciennes, 1837)","Bathygobius soporator","","PR","","Barceloneta","PRESENT",NA,"28eb1a3f-1c15-4a95-931a-4af90ecb574d",18.479797,-66.535103,22,NA,NA,NA,NA,NA,"2024-02-17T17:56:17",17,2,2024,2377096,2377096,"HUMAN_OBSERVATION","iNaturalist","Observations","199673471","","IHUNTA",2024-02-18 14:12:56,"CC_BY_NC_4_0","IHUNTA","IHUNTA","",NA,2025-06-07 00:41:52.332,"StillImage","COORDINATE_ROUNDED;CONTINENT_DERIVED_FROM_COORDINATES;TAXON_MATCH_TAXON_ID_IGNORED"
4522626442,"50c9509d-22c7-4a22-a47d-8c48425ef4a7","https://www.inaturalist.org/observations/189910674","Animalia","Chordata",NA,"Perciformes","Gobiidae","Bathygobius","Bathygobius soporator",NA,"SPECIES","Bathygobius soporator (Valenciennes, 1837)","Bathygobius soporator","","US","","Florida","PRESENT",NA,"28eb1a3f-1c15-4a95-931a-4af90ecb574d",30.420537,-87.193297,40,NA,NA,NA,NA,NA,"2023-11-03T18:42:53",3,11,2023,2377096,2377096,"HUMAN_OBSERVATION","iNaturalist","Observations","189910674","","Ava",2023-11-04 01:49:57,"CC_BY_NC_4_0","Ava","Ava","",NA,2025-06-07 02:07:50.267,"StillImage","COORDINATE_ROUNDED;CONTINENT_DERIVED_FROM_COORDINATES;TAXON_MATCH_TAXON_ID_IGNORED"
4522585246,"50c9509d-22c7-4a22-a47d-8c48425ef4a7","https://www.inaturalist.org/observations/196756116","Animalia","Chordata",NA,"Perciformes","Gobiidae","Bathygobius","Bathygobius soporator",NA,"SPECIES","Bathygobius soporator (Valenciennes, 1837)","Bathygobius soporator","","US","","Florida","PRESENT",NA,"28eb1a3f-1c15-4a95-931a-4af90ecb574d",26.675528,-80.045385,NA,NA,NA,NA,NA,NA,"2024-01-11T01:50:51",11,1,2024,2377096,2377096,"HUMAN_OBSERVATION","iNaturalist","Observations","196756116","","Drew",2024-01-15 14:20:47,"CC_BY_NC_4_0","Drew","Drew","",NA,2025-06-07 01:42:35.33,"StillImage","COORDINATE_ROUNDED;CONTINENT_DERIVED_FROM_COORDINATES;TAXON_MATCH_TAXON_ID_IGNORED"
4522533847,"50c9509d-22c7-4a22-a47d-8c48425ef4a7","https://www.inaturalist.org/observations/192679034","Animalia","Chordata",NA,"Perciformes","Gobiidae","Bathygobius","Bathygobius soporator",NA,"SPECIES","Bathygobius soporator (Valenciennes, 1837)","Bathygobius soporator","","US","","Texas","PRESENT",NA,"28eb1a3f-1c15-4a95-931a-4af90ecb574d",26.095419,-97.168327,2,NA,NA,NA,NA,NA,"2023-11-20T01:07",20,11,2023,2377096,2377096,"HUMAN_OBSERVATION","iNaturalist","Observations","192679034","","Adrian Torres B.",2023-11-30 23:58:22,"CC_BY_4_0","Adrian Torres B.","Adrian Torres B.","",NA,2025-06-07 00:42:04.881,"StillImage","COORDINATE_ROUNDED;CONTINENT_DERIVED_FROM_COORDINATES;TAXON_MATCH_TAXON_ID_IGNORED"
4519091750,"50c9509d-22c7-4a22-a47d-8c48425ef4a7","https://www.inaturalist.org/observations/160845114","Animalia","Chordata",NA,"Perciformes","Gobiidae","Bathygobius","Bathygobius soporator",NA,"SPECIES","Bathygobius soporator (Valenciennes, 1837)","Bathygobius soporator","","US","","Florida","PRESENT",NA,"28eb1a3f-1c15-4a95-931a-4af90ecb574d",27.711153,-82.68553,10,NA,NA,NA,NA,NA,"2023-05-09T19:29:43",9,5,2023,2377096,2377096,"HUMAN_OBSERVATION","iNaturalist","Observations","160845114","","fredturt43",2023-06-22 13:41:08,"CC_BY_NC_4_0","Sofie","Sofie","",NA,2025-06-07 00:12:42.364,"StillImage","COORDINATE_ROUNDED;CONTINENT_DERIVED_FROM_COORDINATES;TAXON_MATCH_TAXON_ID_IGNORED"
4516702071,"50c9509d-22c7-4a22-a47d-8c48425ef4a7","https://www.inaturalist.org/observations/198001066","Animalia","Chordata",NA,"Perciformes","Gobiidae","Bathygobius","Bathygobius soporator",NA,"SPECIES","Bathygobius soporator (Valenciennes, 1837)","Bathygobius soporator","","BR","","Rio de Janeiro","PRESENT",NA,"28eb1a3f-1c15-4a95-931a-4af90ecb574d",-22.741377,-41.882031,8,NA,NA,NA,NA,NA,"2022-07-28T09:57",28,7,2022,2377096,2377096,"HUMAN_OBSERVATION","iNaturalist","Observations","198001066","","Bruno R. Möller",2024-01-30 21:03:34,"CC_BY_NC_4_0","Bruno R. Möller","Bruno R. Möller","",NA,2025-06-07 01:46:14.691,"StillImage","COORDINATE_ROUNDED;CONTINENT_DERIVED_FROM_COORDINATES;TAXON_MATCH_TAXON_ID_IGNORED"
4516567733,"50c9509d-22c7-4a22-a47d-8c48425ef4a7","https://www.inaturalist.org/observations/198001067","Animalia","Chordata",NA,"Perciformes","Gobiidae","Bathygobius","Bathygobius soporator",NA,"SPECIES","Bathygobius soporator (Valenciennes, 1837)","Bathygobius soporator","","BR","","Rio de Janeiro","PRESENT",NA,"28eb1a3f-1c15-4a95-931a-4af90ecb574d",-22.741421,-41.881952,8,NA,NA,NA,NA,NA,"2022-07-28T10:03",28,7,2022,2377096,2377096,"HUMAN_OBSERVATION","iNaturalist","Observations","198001067","","Bruno R. Möller",2024-01-30 21:03:34,"CC_BY_NC_4_0","Bruno R. Möller","Bruno R. Möller","",NA,2025-06-07 01:46:39.79,"StillImage","COORDINATE_ROUNDED;CONTINENT_DERIVED_FROM_COORDINATES;TAXON_MATCH_TAXON_ID_IGNORED"
4516499066,"50c9509d-22c7-4a22-a47d-8c48425ef4a7","https://www.inaturalist.org/observations/197929683","Animalia","Chordata",NA,"Perciformes","Gobiidae","Bathygobius","Bathygobius soporator",NA,"SPECIES","Bathygobius soporator (Valenciennes, 1837)","Bathygobius soporator","","BR","","Rio de Janeiro","PRESENT",NA,"28eb1a3f-1c15-4a95-931a-4af90ecb574d",-22.762281,-41.874759,31,NA,NA,NA,NA,NA,"2017-07-23T10:14",23,7,2017,2377096,2377096,"HUMAN_OBSERVATION","iNaturalist","Observations","197929683","","Bruno R. Möller",2024-01-29 23:31:10,"CC_BY_NC_4_0","Bruno R. Möller","Bruno R. Möller","",NA,2025-06-07 00:40:01.157,"StillImage","COORDINATE_ROUNDED;CONTINENT_DERIVED_FROM_COORDINATES;TAXON_MATCH_TAXON_ID_IGNORED"
4516385102,"50c9509d-22c7-4a22-a47d-8c48425ef4a7","https://www.inaturalist.org/observations/197723173","Animalia","Chordata",NA,"Perciformes","Gobiidae","Bathygobius","Bathygobius soporator",NA,"SPECIES","Bathygobius soporator (Valenciennes, 1837)","Bathygobius soporator","","BR","","Espírito Santo","PRESENT",NA,"28eb1a3f-1c15-4a95-931a-4af90ecb574d",-20.63885,-40.431073,203,NA,NA,NA,NA,NA,"2024-01-27T17:30",27,1,2024,2377096,2377096,"HUMAN_OBSERVATION","iNaturalist","Observations","197723173","","Roberto Pillon",2024-01-28 10:28:15,"CC_BY_NC_4_0","izanildo","izanildo","",NA,2025-06-07 01:47:42.389,"StillImage","COORDINATE_ROUNDED;CONTINENT_DERIVED_FROM_COORDINATES;TAXON_MATCH_TAXON_ID_IGNORED"
4512268800,"50c9509d-22c7-4a22-a47d-8c48425ef4a7","https://www.inaturalist.org/observations/196463849","Animalia","Chordata",NA,"Perciformes","Gobiidae","Bathygobius","Bathygobius soporator",NA,"SPECIES","Bathygobius soporator (Valenciennes, 1837)","Bathygobius soporator","","US","","Florida","PRESENT",NA,"28eb1a3f-1c15-4a95-931a-4af90ecb574d",25.961261,-81.710149,24,NA,NA,NA,NA,NA,"2024-01-12T08:17:02",12,1,2024,2377096,2377096,"HUMAN_OBSERVATION","iNaturalist","Observations","196463849","","plawrynpx",2024-01-12 23:58:02,"CC_BY_NC_4_0","plawrynpx","plawrynpx","",NA,2025-06-07 00:56:40.715,"StillImage","COORDINATE_ROUNDED;CONTINENT_DERIVED_FROM_COORDINATES;TAXON_MATCH_TAXON_ID_IGNORED"
4512173350,"50c9509d-22c7-4a22-a47d-8c48425ef4a7","https://www.inaturalist.org/observations/195810449","Animalia","Chordata",NA,"Perciformes","Gobiidae","Bathygobius","Bathygobius soporator",NA,"SPECIES","Bathygobius soporator (Valenciennes, 1837)","Bathygobius soporator","","US","","Florida","PRESENT",NA,"28eb1a3f-1c15-4a95-931a-4af90ecb574d",26.614244,-80.047605,NA,NA,NA,NA,NA,NA,"2024-01-04T21:59:13",4,1,2024,2377096,2377096,"HUMAN_OBSERVATION","iNaturalist","Observations","195810449","","Alexis Desmarais",2024-01-05 04:45:48,"CC_BY_NC_4_0","Alexis Desmarais","Alexis Desmarais","",NA,2025-06-07 01:20:50.829,"StillImage","COORDINATE_ROUNDED;CONTINENT_DERIVED_FROM_COORDINATES;TAXON_MATCH_TAXON_ID_IGNORED"
4510466441,"50c9509d-22c7-4a22-a47d-8c48425ef4a7","https://www.inaturalist.org/observations/196162351","Animalia","Chordata",NA,"Perciformes","Gobiidae","Bathygobius","Bathygobius soporator",NA,"SPECIES","Bathygobius soporator (Valenciennes, 1837)","Bathygobius soporator","","BR","","Paraná","PRESENT",NA,"28eb1a3f-1c15-4a95-931a-4af90ecb574d",-25.856681,-48.564814,24,NA,NA,NA,NA,NA,"2024-01-08T18:07:26",8,1,2024,2377096,2377096,"HUMAN_OBSERVATION","iNaturalist","Observations","196162351","","Helena Ody Neves",2024-01-08 23:58:25,"CC_BY_NC_4_0","Helena Ody Neves","Helena Ody Neves","",NA,2025-06-07 00:53:26.384,"StillImage","COORDINATE_ROUNDED;CONTINENT_DERIVED_FROM_COORDINATES;TAXON_MATCH_TAXON_ID_IGNORED"
4510153359,"50c9509d-22c7-4a22-a47d-8c48425ef4a7","https://www.inaturalist.org/observations/195839450","Animalia","Chordata",NA,"Perciformes","Gobiidae","Bathygobius","Bathygobius soporator",NA,"SPECIES","Bathygobius soporator (Valenciennes, 1837)","Bathygobius soporator","","GH","","Western","PRESENT",NA,"28eb1a3f-1c15-4a95-931a-4af90ecb574d",4.755985,-2.038914,88,NA,NA,NA,NA,NA,"2023-12-17T22:32Z",17,12,2023,2377096,2377096,"HUMAN_OBSERVATION","iNaturalist","Observations","195839450","","Roberto Pillon",2024-01-05 22:53:27,"CC_BY_4_0","Jan Ebr & Ivana Ebrová","Jan Ebr & Ivana Ebrová","",NA,2025-06-07 00:40:29.379,"StillImage","COORDINATE_ROUNDED;CONTINENT_DERIVED_FROM_COORDINATES;TAXON_MATCH_TAXON_ID_IGNORED"
4510120698,"50c9509d-22c7-4a22-a47d-8c48425ef4a7","https://www.inaturalist.org/observations/195641656","Animalia","Chordata",NA,"Perciformes","Gobiidae","Bathygobius","Bathygobius soporator",NA,"SPECIES","Bathygobius soporator (Valenciennes, 1837)","Bathygobius soporator","","US","","Texas","PRESENT",NA,"28eb1a3f-1c15-4a95-931a-4af90ecb574d",26.091949,-97.168526,92,NA,NA,NA,NA,NA,"2024-01-01T16:35:31",1,1,2024,2377096,2377096,"HUMAN_OBSERVATION","iNaturalist","Observations","195641656","","Adrian Torres B.",2024-01-03 06:56:37,"CC_BY_4_0","Adrian Torres B.","Adrian Torres B.","",NA,2025-06-07 01:20:46.503,"StillImage","COORDINATE_ROUNDED;CONTINENT_DERIVED_FROM_COORDINATES;TAXON_MATCH_TAXON_ID_IGNORED"
4510104529,"50c9509d-22c7-4a22-a47d-8c48425ef4a7","https://www.inaturalist.org/observations/195508356","Animalia","Chordata",NA,"Perciformes","Gobiidae","Bathygobius","Bathygobius soporator",NA,"SPECIES","Bathygobius soporator (Valenciennes, 1837)","Bathygobius soporator","","BR","","Paraná","PRESENT",NA,"28eb1a3f-1c15-4a95-931a-4af90ecb574d",-25.84993,-48.536705,17,NA,NA,NA,NA,NA,"2024-01-01T18:39:58",1,1,2024,2377096,2377096,"HUMAN_OBSERVATION","iNaturalist","Observations","195508356","","Helena Ody Neves",2024-01-03 11:36:28,"CC_BY_NC_4_0","Helena Ody Neves","Helena Ody Neves","",NA,2025-06-07 01:54:04.846,"StillImage","CONTINENT_DERIVED_FROM_COORDINATES;TAXON_MATCH_TAXON_ID_IGNORED"
4510077728,"50c9509d-22c7-4a22-a47d-8c48425ef4a7","https://www.inaturalist.org/observations/195671286","Animalia","Chordata",NA,"Perciformes","Gobiidae","Bathygobius","Bathygobius soporator",NA,"SPECIES","Bathygobius soporator (Valenciennes, 1837)","Bathygobius soporator","","GH","","Western","PRESENT",NA,"28eb1a3f-1c15-4a95-931a-4af90ecb574d",4.755764,-2.039971,NA,NA,NA,NA,NA,NA,"2023-12-17T22:26Z",17,12,2023,2377096,2377096,"HUMAN_OBSERVATION","iNaturalist","Observations","195671286","","Roberto Pillon",2024-01-05 22:57:09,"CC_BY_4_0","Jan Ebr & Ivana Ebrová","Jan Ebr & Ivana Ebrová","",NA,2025-06-07 01:52:22.559,"StillImage","COORDINATE_ROUNDED;CONTINENT_DERIVED_FROM_COORDINATES;TAXON_MATCH_TAXON_ID_IGNORED"
4510063729,"50c9509d-22c7-4a22-a47d-8c48425ef4a7","https://www.inaturalist.org/observations/195659639","Animalia","Chordata",NA,"Perciformes","Gobiidae","Bathygobius","Bathygobius soporator",NA,"SPECIES","Bathygobius soporator (Valenciennes, 1837)","Bathygobius soporator","","US","","Florida","PRESENT",NA,"28eb1a3f-1c15-4a95-931a-4af90ecb574d",26.459859,-80.064434,NA,NA,NA,NA,NA,NA,"2024-01-02T23:10:50",2,1,2024,2377096,2377096,"HUMAN_OBSERVATION","iNaturalist","Observations","195659639","","Alexis Desmarais",2024-01-03 13:39:47,"CC_BY_NC_4_0","Alexis Desmarais","Alexis Desmarais","",NA,2025-06-07 02:10:25.155,"StillImage","COORDINATE_ROUNDED;CONTINENT_DERIVED_FROM_COORDINATES;TAXON_MATCH_TAXON_ID_IGNORED"
4507821726,"50c9509d-22c7-4a22-a47d-8c48425ef4a7","https://www.inaturalist.org/observations/148211444","Animalia","Chordata",NA,"Perciformes","Gobiidae","Bathygobius","Bathygobius soporator",NA,"SPECIES","Bathygobius soporator (Valenciennes, 1837)","Bathygobius soporator","","BR","","Espírito Santo","PRESENT",NA,"28eb1a3f-1c15-4a95-931a-4af90ecb574d",-20.272151,-40.253832,NA,NA,NA,NA,NA,NA,"2022-04-14T07:47",14,4,2022,2377096,2377096,"HUMAN_OBSERVATION","iNaturalist","Observations","148211444","","Raphael Macieira",2023-02-08 16:46:37,"CC_BY_NC_4_0","Leonardo Merçon","Leonardo Merçon","",NA,2025-06-07 00:50:04.324,"StillImage","COORDINATE_ROUNDED;CONTINENT_DERIVED_FROM_COORDINATES;TAXON_MATCH_TAXON_ID_IGNORED"
4507656905,"50c9509d-22c7-4a22-a47d-8c48425ef4a7","https://www.inaturalist.org/observations/195103273","Animalia","Chordata",NA,"Perciformes","Gobiidae","Bathygobius","Bathygobius soporator",NA,"SPECIES","Bathygobius soporator (Valenciennes, 1837)","Bathygobius soporator","","US","","Florida","PRESENT",NA,"28eb1a3f-1c15-4a95-931a-4af90ecb574d",25.871758,-81.382386,4,NA,NA,NA,NA,NA,"2023-12-28T13:16",28,12,2023,2377096,2377096,"HUMAN_OBSERVATION","iNaturalist","Observations","195103273","","stockslager",2023-12-28 20:36:40,"CC_BY_NC_4_0","stockslager","stockslager","",NA,2025-06-07 00:51:54.987,"StillImage","COORDINATE_ROUNDED;CONTINENT_DERIVED_FROM_COORDINATES;TAXON_MATCH_TAXON_ID_IGNORED"
4500747791,"50c9509d-22c7-4a22-a47d-8c48425ef4a7","https://www.inaturalist.org/observations/193835961","Animalia","Chordata",NA,"Perciformes","Gobiidae","Bathygobius","Bathygobius soporator",NA,"SPECIES","Bathygobius soporator (Valenciennes, 1837)","Bathygobius soporator","","PR","","Cataño","PRESENT",NA,"28eb1a3f-1c15-4a95-931a-4af90ecb574d",18.44851,-66.135465,22,NA,NA,NA,NA,NA,"2023-12-09T16:41:25",9,12,2023,2377096,2377096,"HUMAN_OBSERVATION","iNaturalist","Observations","193835961","","IHUNTA",2023-12-13 00:47:29,"CC_BY_NC_4_0","IHUNTA","IHUNTA","",NA,2025-06-07 02:47:13.329,"StillImage","COORDINATE_ROUNDED;CONTINENT_DERIVED_FROM_COORDINATES;TAXON_MATCH_TAXON_ID_IGNORED"
4458646147,"50c9509d-22c7-4a22-a47d-8c48425ef4a7","https://www.inaturalist.org/observations/192679035","Animalia","Chordata",NA,"Perciformes","Gobiidae","Bathygobius","Bathygobius soporator",NA,"SPECIES","Bathygobius soporator (Valenciennes, 1837)","Bathygobius soporator","","US","","Texas","PRESENT",NA,"28eb1a3f-1c15-4a95-931a-4af90ecb574d",26.095999,-97.168356,2,NA,NA,NA,NA,NA,"2023-11-20T01:09",20,11,2023,2377096,2377096,"HUMAN_OBSERVATION","iNaturalist","Observations","192679035","","Adrian Torres B.",2023-11-30 23:58:22,"CC_BY_4_0","Adrian Torres B.","Adrian Torres B.","",NA,2025-06-07 00:56:09.72,"StillImage","COORDINATE_ROUNDED;CONTINENT_DERIVED_FROM_COORDINATES;TAXON_MATCH_TAXON_ID_IGNORED"
4454070793,"50c9509d-22c7-4a22-a47d-8c48425ef4a7","https://www.inaturalist.org/observations/192474633","Animalia","Chordata",NA,"Perciformes","Gobiidae","Bathygobius","Bathygobius soporator",NA,"SPECIES","Bathygobius soporator (Valenciennes, 1837)","Bathygobius soporator","","BR","","São Paulo","PRESENT",NA,"28eb1a3f-1c15-4a95-931a-4af90ecb574d",-24.379679,-47.022254,670,NA,NA,NA,NA,NA,"2023-10-22T11:29",22,10,2023,2377096,2377096,"HUMAN_OBSERVATION","iNaturalist","Observations","192474633","","Roberto Pillon",2023-11-28 20:03:45,"CC_BY_NC_4_0","Norton Santos","Norton Santos","",NA,2025-06-07 00:14:21.121,"StillImage","COORDINATE_ROUNDED;CONTINENT_DERIVED_FROM_COORDINATES;TAXON_MATCH_TAXON_ID_IGNORED"
4439011811,"50c9509d-22c7-4a22-a47d-8c48425ef4a7","https://www.inaturalist.org/observations/190124516","Animalia","Chordata",NA,"Perciformes","Gobiidae","Bathygobius","Bathygobius soporator",NA,"SPECIES","Bathygobius soporator (Valenciennes, 1837)","Bathygobius soporator","","US","","Florida","PRESENT",NA,"28eb1a3f-1c15-4a95-931a-4af90ecb574d",30.419717,-87.193817,663,NA,NA,NA,NA,NA,"2023-11-03T18:34:07",3,11,2023,2377096,2377096,"HUMAN_OBSERVATION","iNaturalist","Observations","190124516","","Ava",2023-11-05 21:43:09,"CC_BY_NC_4_0","Ava","Ava","",NA,2025-06-07 01:43:31.365,"StillImage","COORDINATE_ROUNDED;CONTINENT_DERIVED_FROM_COORDINATES;TAXON_MATCH_TAXON_ID_IGNORED"
4438970347,"50c9509d-22c7-4a22-a47d-8c48425ef4a7","https://www.inaturalist.org/observations/189801584","Animalia","Chordata",NA,"Perciformes","Gobiidae","Bathygobius","Bathygobius soporator",NA,"SPECIES","Bathygobius soporator (Valenciennes, 1837)","Bathygobius soporator","","US","","Florida","PRESENT",NA,"28eb1a3f-1c15-4a95-931a-4af90ecb574d",27.710582,-82.690587,16,NA,NA,NA,NA,NA,"2023-11-02T14:14",2,11,2023,2377096,2377096,"HUMAN_OBSERVATION","iNaturalist","Observations","189801584","","Bichir",2023-11-02 23:17:53,"CC_BY_NC_4_0","inostrancevia","inostrancevia","",NA,2025-06-07 02:54:26.166,"StillImage","COORDINATE_ROUNDED;CONTINENT_DERIVED_FROM_COORDINATES;TAXON_MATCH_TAXON_ID_IGNORED"
4438952152,"50c9509d-22c7-4a22-a47d-8c48425ef4a7","https://www.inaturalist.org/observations/189722197","Animalia","Chordata",NA,"Perciformes","Gobiidae","Bathygobius","Bathygobius soporator",NA,"SPECIES","Bathygobius soporator (Valenciennes, 1837)","Bathygobius soporator","","MX","","Quintana Roo","PRESENT",NA,"28eb1a3f-1c15-4a95-931a-4af90ecb574d",20.266457,-87.391117,2,NA,NA,NA,NA,NA,"2015-06-06T19:10",6,6,2015,2377096,2377096,"HUMAN_OBSERVATION","iNaturalist","Observations","189722197","","Christian Amador Da Silva",2023-11-02 22:16:21,"CC_BY_NC_4_0","zm77","zm77","",NA,2025-06-07 02:54:44.208,"StillImage","COORDINATE_ROUNDED;CONTINENT_DERIVED_FROM_COORDINATES;TAXON_MATCH_TAXON_ID_IGNORED"
4438912574,"50c9509d-22c7-4a22-a47d-8c48425ef4a7","https://www.inaturalist.org/observations/141683656","Animalia","Chordata",NA,"Perciformes","Gobiidae","Bathygobius","Bathygobius soporator",NA,"SPECIES","Bathygobius soporator (Valenciennes, 1837)","Bathygobius soporator","","US","","Mississippi","PRESENT",NA,"28eb1a3f-1c15-4a95-931a-4af90ecb574d",30.361917,-89.083207,NA,NA,NA,NA,NA,NA,"2022-11-06T14:59",6,11,2022,2377096,2377096,"HUMAN_OBSERVATION","iNaturalist","Observations","141683656","","thesirenlord",2022-12-17 20:26:24,"CC_BY_NC_4_0","pmk00001","pmk00001","",NA,2025-06-07 00:05:38.717,"StillImage","COORDINATE_ROUNDED;CONTINENT_DERIVED_FROM_COORDINATES;TAXON_MATCH_TAXON_ID_IGNORED"
4438911035,"50c9509d-22c7-4a22-a47d-8c48425ef4a7","https://www.inaturalist.org/observations/189903782","Animalia","Chordata",NA,"Perciformes","Gobiidae","Bathygobius","Bathygobius soporator",NA,"SPECIES","Bathygobius soporator (Valenciennes, 1837)","Bathygobius soporator","","US","","Florida","PRESENT",NA,"28eb1a3f-1c15-4a95-931a-4af90ecb574d",30.419638,-87.193572,12,NA,NA,NA,NA,NA,"2023-11-03T18:36:04",3,11,2023,2377096,2377096,"HUMAN_OBSERVATION","iNaturalist","Observations","189903782","","Ava",2023-11-04 01:50:42,"CC_BY_NC_4_0","Ava","Ava","",NA,2025-06-07 00:40:35.098,"StillImage","COORDINATE_ROUNDED;CONTINENT_DERIVED_FROM_COORDINATES;TAXON_MATCH_TAXON_ID_IGNORED"
4438908870,"50c9509d-22c7-4a22-a47d-8c48425ef4a7","https://www.inaturalist.org/observations/189903767","Animalia","Chordata",NA,"Perciformes","Gobiidae","Bathygobius","Bathygobius soporator",NA,"SPECIES","Bathygobius soporator (Valenciennes, 1837)","Bathygobius soporator","","US","","Florida","PRESENT",NA,"28eb1a3f-1c15-4a95-931a-4af90ecb574d",30.42028,-87.19317,5,NA,NA,NA,NA,NA,"2023-11-03T18:42",3,11,2023,2377096,2377096,"HUMAN_OBSERVATION","iNaturalist","Observations","189903767","","Ava",2023-11-04 01:50:09,"CC_BY_NC_4_0","Ava","Ava","",NA,2025-06-07 03:00:04.133,"StillImage","CONTINENT_DERIVED_FROM_COORDINATES;TAXON_MATCH_TAXON_ID_IGNORED"
4421195718,"50c9509d-22c7-4a22-a47d-8c48425ef4a7","https://www.inaturalist.org/observations/185076459","Animalia","Chordata",NA,"Perciformes","Gobiidae","Bathygobius","Bathygobius soporator",NA,"SPECIES","Bathygobius soporator (Valenciennes, 1837)","Bathygobius soporator","","US","","Florida","PRESENT",NA,"28eb1a3f-1c15-4a95-931a-4af90ecb574d",27.711449,-82.691357,68,NA,NA,NA,NA,NA,"2023-09-05T17:30",5,9,2023,2377096,2377096,"HUMAN_OBSERVATION","iNaturalist","Observations","185076459","","shawnphoenix",2023-09-26 23:24:41,"CC_BY_NC_4_0","shawnphoenix","shawnphoenix","",NA,2025-06-07 01:24:55.612,"StillImage","COORDINATE_ROUNDED;CONTINENT_DERIVED_FROM_COORDINATES;TAXON_MATCH_TAXON_ID_IGNORED"
4416632723,"50c9509d-22c7-4a22-a47d-8c48425ef4a7","https://www.inaturalist.org/observations/183941198","Animalia","Chordata",NA,"Perciformes","Gobiidae","Bathygobius","Bathygobius soporator",NA,"SPECIES","Bathygobius soporator (Valenciennes, 1837)","Bathygobius soporator","","US","","Florida","PRESENT",NA,"28eb1a3f-1c15-4a95-931a-4af90ecb574d",25.525139,-80.173758,13,NA,NA,NA,NA,NA,"2023-05-19T16:05",19,5,2023,2377096,2377096,"HUMAN_OBSERVATION","iNaturalist","Observations","183941198","","Davis Provan",2023-09-19 03:43:57,"CC_BY_NC_4_0","Davis Provan","Davis Provan","",NA,2025-06-07 01:18:56.377,"StillImage","COORDINATE_ROUNDED;CONTINENT_DERIVED_FROM_COORDINATES;TAXON_MATCH_TAXON_ID_IGNORED"
4414182596,"50c9509d-22c7-4a22-a47d-8c48425ef4a7","https://www.inaturalist.org/observations/182644147","Animalia","Chordata",NA,"Perciformes","Gobiidae","Bathygobius","Bathygobius soporator",NA,"SPECIES","Bathygobius soporator (Valenciennes, 1837)","Bathygobius soporator","","BR","","Bahia","PRESENT",NA,"28eb1a3f-1c15-4a95-931a-4af90ecb574d",-14.829624,-39.024439,2165,NA,NA,NA,NA,NA,"2023-09-10T09:39",10,9,2023,2377096,2377096,"HUMAN_OBSERVATION","iNaturalist","Observations","182644147","","Roberto Pillon",2023-09-11 09:53:34,"CC_BY_NC_4_0","Alessandro Rocha","Alessandro Rocha","",NA,2025-06-07 00:41:01.855,"StillImage","COORDINATE_ROUNDED;CONTINENT_DERIVED_FROM_COORDINATES;TAXON_MATCH_TAXON_ID_IGNORED"
4413561511,"50c9509d-22c7-4a22-a47d-8c48425ef4a7","https://www.inaturalist.org/observations/145938970","Animalia","Chordata",NA,"Perciformes","Gobiidae","Bathygobius","Bathygobius soporator",NA,"SPECIES","Bathygobius soporator (Valenciennes, 1837)","Bathygobius soporator","","US","","Florida","PRESENT",NA,"28eb1a3f-1c15-4a95-931a-4af90ecb574d",25.125167,-80.402725,4,NA,NA,NA,NA,NA,"2023-01-05T22:03:10",5,1,2023,2377096,2377096,"HUMAN_OBSERVATION","iNaturalist","Observations","145938970","","Teá Montagna",2023-01-06 03:05:07,"CC_BY_4_0","Teá Montagna","Teá Montagna","",NA,2025-06-07 00:00:37.499,"StillImage","COORDINATE_ROUNDED;CONTINENT_DERIVED_FROM_COORDINATES;TAXON_MATCH_TAXON_ID_IGNORED"
4400429945,"50c9509d-22c7-4a22-a47d-8c48425ef4a7","https://www.inaturalist.org/observations/178004551","Animalia","Chordata",NA,"Perciformes","Gobiidae","Bathygobius","Bathygobius soporator",NA,"SPECIES","Bathygobius soporator (Valenciennes, 1837)","Bathygobius soporator","","US","","Florida","PRESENT",NA,"28eb1a3f-1c15-4a95-931a-4af90ecb574d",26.088022,-80.188977,2,NA,NA,NA,NA,NA,"2023-07-12T14:05",12,7,2023,2377096,2377096,"HUMAN_OBSERVATION","iNaturalist","Observations","178004551","","Encichlopedia",2023-08-12 15:27:24,"CC_BY_NC_4_0","Encichlopedia","Encichlopedia","",NA,2025-06-07 01:29:11.839,"StillImage","COORDINATE_ROUNDED;CONTINENT_DERIVED_FROM_COORDINATES;TAXON_MATCH_TAXON_ID_IGNORED"
4400413984,"50c9509d-22c7-4a22-a47d-8c48425ef4a7","https://www.inaturalist.org/observations/178004561","Animalia","Chordata",NA,"Perciformes","Gobiidae","Bathygobius","Bathygobius soporator",NA,"SPECIES","Bathygobius soporator (Valenciennes, 1837)","Bathygobius soporator","","US","","Florida","PRESENT",NA,"28eb1a3f-1c15-4a95-931a-4af90ecb574d",26.087967,-80.188901,2,NA,NA,NA,NA,NA,"2023-07-12T14:25",12,7,2023,2377096,2377096,"HUMAN_OBSERVATION","iNaturalist","Observations","178004561","","Encichlopedia",2023-08-12 15:27:26,"CC_BY_NC_4_0","Encichlopedia","Encichlopedia","",NA,2025-06-07 01:51:24.082,"StillImage","COORDINATE_ROUNDED;CONTINENT_DERIVED_FROM_COORDINATES;TAXON_MATCH_TAXON_ID_IGNORED"
4400266863,"50c9509d-22c7-4a22-a47d-8c48425ef4a7","https://www.inaturalist.org/observations/178004545","Animalia","Chordata",NA,"Perciformes","Gobiidae","Bathygobius","Bathygobius soporator",NA,"SPECIES","Bathygobius soporator (Valenciennes, 1837)","Bathygobius soporator","","US","","Florida","PRESENT",NA,"28eb1a3f-1c15-4a95-931a-4af90ecb574d",26.088089,-80.188898,39,NA,NA,NA,NA,NA,"2023-07-11T09:52",11,7,2023,2377096,2377096,"HUMAN_OBSERVATION","iNaturalist","Observations","178004545","","Encichlopedia",2023-08-12 15:27:23,"CC_BY_NC_4_0","Encichlopedia","Encichlopedia","",NA,2025-06-07 01:14:17.041,"StillImage","COORDINATE_ROUNDED;CONTINENT_DERIVED_FROM_COORDINATES;TAXON_MATCH_TAXON_ID_IGNORED"
4399964931,"50c9509d-22c7-4a22-a47d-8c48425ef4a7","https://www.inaturalist.org/observations/178004556","Animalia","Chordata",NA,"Perciformes","Gobiidae","Bathygobius","Bathygobius soporator",NA,"SPECIES","Bathygobius soporator (Valenciennes, 1837)","Bathygobius soporator","","US","","Florida","PRESENT",NA,"28eb1a3f-1c15-4a95-931a-4af90ecb574d",26.087952,-80.188957,2,NA,NA,NA,NA,NA,"2023-07-11T09:43",11,7,2023,2377096,2377096,"HUMAN_OBSERVATION","iNaturalist","Observations","178004556","","Encichlopedia",2023-08-12 15:27:25,"CC_BY_NC_4_0","Encichlopedia","Encichlopedia","",NA,2025-06-07 01:27:53.571,"StillImage","COORDINATE_ROUNDED;CONTINENT_DERIVED_FROM_COORDINATES;TAXON_MATCH_TAXON_ID_IGNORED"
4399932938,"50c9509d-22c7-4a22-a47d-8c48425ef4a7","https://www.inaturalist.org/observations/178004560","Animalia","Chordata",NA,"Perciformes","Gobiidae","Bathygobius","Bathygobius soporator",NA,"SPECIES","Bathygobius soporator (Valenciennes, 1837)","Bathygobius soporator","","US","","Florida","PRESENT",NA,"28eb1a3f-1c15-4a95-931a-4af90ecb574d",26.08802,-80.188928,2,NA,NA,NA,NA,NA,"2023-07-10T18:14",10,7,2023,2377096,2377096,"HUMAN_OBSERVATION","iNaturalist","Observations","178004560","","Encichlopedia",2023-08-12 15:27:26,"CC_BY_NC_4_0","Encichlopedia","Encichlopedia","",NA,2025-06-07 01:39:23.293,"StillImage","COORDINATE_ROUNDED;CONTINENT_DERIVED_FROM_COORDINATES;TAXON_MATCH_TAXON_ID_IGNORED"
4399912940,"50c9509d-22c7-4a22-a47d-8c48425ef4a7","https://www.inaturalist.org/observations/178259833","Animalia","Chordata",NA,"Perciformes","Gobiidae","Bathygobius","Bathygobius soporator",NA,"SPECIES","Bathygobius soporator (Valenciennes, 1837)","Bathygobius soporator","","BR","","Rio de Janeiro","PRESENT",NA,"28eb1a3f-1c15-4a95-931a-4af90ecb574d",-22.764787,-41.878324,NA,NA,NA,NA,NA,NA,"2023-08-13T09:29:25",13,8,2023,2377096,2377096,"HUMAN_OBSERVATION","iNaturalist","Observations","178259833","","Vicente Pantoja",2023-08-13 21:27:03,"CC_BY_NC_4_0","Vicente Pantoja","Vicente Pantoja","",NA,2025-06-07 00:09:34.183,"StillImage","COORDINATE_ROUNDED;CONTINENT_DERIVED_FROM_COORDINATES;TAXON_MATCH_TAXON_ID_IGNORED"
4399857504,"50c9509d-22c7-4a22-a47d-8c48425ef4a7","https://www.inaturalist.org/observations/134597147","Animalia","Chordata",NA,"Perciformes","Gobiidae","Bathygobius","Bathygobius soporator",NA,"SPECIES","Bathygobius soporator (Valenciennes, 1837)","Bathygobius soporator","","BR","","Bahia","PRESENT",NA,"28eb1a3f-1c15-4a95-931a-4af90ecb574d",-16.282503,-39.023621,1202,NA,NA,NA,NA,NA,"2022-09-11T11:00:05",11,9,2022,2377096,2377096,"HUMAN_OBSERVATION","iNaturalist","Observations","134597147","","Gui Durante",2022-09-11 16:26:43,"CC_BY_NC_4_0","Gui Durante","Gui Durante","",NA,2025-06-07 00:42:50.095,"StillImage","COORDINATE_ROUNDED;CONTINENT_DERIVED_FROM_COORDINATES;TAXON_MATCH_TAXON_ID_IGNORED"
4162402246,"50c9509d-22c7-4a22-a47d-8c48425ef4a7","https://www.inaturalist.org/observations/173478756","Animalia","Chordata",NA,"Perciformes","Gobiidae","Bathygobius","Bathygobius soporator",NA,"SPECIES","Bathygobius soporator (Valenciennes, 1837)","Bathygobius soporator","","US","","Florida","PRESENT",NA,"28eb1a3f-1c15-4a95-931a-4af90ecb574d",30.187327,-85.73682,292,NA,NA,NA,NA,NA,"2022-05-24T14:10",24,5,2022,2377096,2377096,"HUMAN_OBSERVATION","iNaturalist","Observations","173478756","","Austin D West",2023-07-17 20:33:08,"CC_BY_NC_4_0","Austin D West","Austin D West","",NA,2025-06-07 01:39:55.478,"StillImage","COORDINATE_ROUNDED;CONTINENT_DERIVED_FROM_COORDINATES;TAXON_MATCH_TAXON_ID_IGNORED"
4162329345,"50c9509d-22c7-4a22-a47d-8c48425ef4a7","https://www.inaturalist.org/observations/172616835","Animalia","Chordata",NA,"Perciformes","Gobiidae","Bathygobius","Bathygobius soporator",NA,"SPECIES","Bathygobius soporator (Valenciennes, 1837)","Bathygobius soporator","","US","","Florida","PRESENT",NA,"28eb1a3f-1c15-4a95-931a-4af90ecb574d",27.753721,-82.741729,5,NA,NA,NA,NA,NA,"2023-07-10T10:09",10,7,2023,2377096,2377096,"HUMAN_OBSERVATION","iNaturalist","Observations","172616835","","Squidpastry",2023-07-13 03:14:24,"CC_BY_NC_4_0","Squidpastry","Squidpastry","",NA,2025-06-07 01:09:43.849,"StillImage","COORDINATE_ROUNDED;CONTINENT_DERIVED_FROM_COORDINATES;TAXON_MATCH_TAXON_ID_IGNORED"
4133918408,"50c9509d-22c7-4a22-a47d-8c48425ef4a7","https://www.inaturalist.org/observations/166749796","Animalia","Chordata",NA,"Perciformes","Gobiidae","Bathygobius","Bathygobius soporator",NA,"SPECIES","Bathygobius soporator (Valenciennes, 1837)","Bathygobius soporator","","BR","","Rio de Janeiro","PRESENT",NA,"28eb1a3f-1c15-4a95-931a-4af90ecb574d",-21.39939,-41.000833,2020,NA,NA,NA,NA,NA,"2023-06-03T09:48",3,6,2023,2377096,2377096,"HUMAN_OBSERVATION","iNaturalist","Observations","166749796","","Pablo Cauã da Silva Toledo",2023-06-11 14:09:58,"CC0_1_0","Valéria Barbosa","Valéria Barbosa","",NA,2025-06-07 00:39:15.077,"StillImage","COORDINATE_ROUNDED;CONTINENT_DERIVED_FROM_COORDINATES;TAXON_MATCH_TAXON_ID_IGNORED"
4129929837,"50c9509d-22c7-4a22-a47d-8c48425ef4a7","https://www.inaturalist.org/observations/164913783","Animalia","Chordata",NA,"Perciformes","Gobiidae","Bathygobius","Bathygobius soporator",NA,"SPECIES","Bathygobius soporator (Valenciennes, 1837)","Bathygobius soporator","","US","","Florida","PRESENT",NA,"28eb1a3f-1c15-4a95-931a-4af90ecb574d",24.824134,-80.821001,61,NA,NA,NA,NA,NA,"2023-05-31T11:29",31,5,2023,2377096,2377096,"HUMAN_OBSERVATION","iNaturalist","Observations","164913783","","Kent Miller",2023-06-01 02:24:46,"CC_BY_4_0","Kent Miller","Kent Miller","",NA,2025-06-07 01:59:45.442,"StillImage","COORDINATE_ROUNDED;CONTINENT_DERIVED_FROM_COORDINATES;TAXON_MATCH_TAXON_ID_IGNORED"
4121347647,"50c9509d-22c7-4a22-a47d-8c48425ef4a7","https://www.inaturalist.org/observations/163034987","Animalia","Chordata",NA,"Perciformes","Gobiidae","Bathygobius","Bathygobius soporator",NA,"SPECIES","Bathygobius soporator (Valenciennes, 1837)","Bathygobius soporator","","US","","Texas","PRESENT",NA,"28eb1a3f-1c15-4a95-931a-4af90ecb574d",29.334272,-94.749992,5,NA,NA,NA,NA,NA,"2023-05-13T17:46:31",13,5,2023,2377096,2377096,"HUMAN_OBSERVATION","iNaturalist","Observations","163034987","","nindustla",2023-05-22 01:02:39,"CC_BY_NC_4_0","nindustla","nindustla","",NA,2025-06-07 00:07:44.157,"StillImage","COORDINATE_ROUNDED;CONTINENT_DERIVED_FROM_COORDINATES;TAXON_MATCH_TAXON_ID_IGNORED"
4120938634,"50c9509d-22c7-4a22-a47d-8c48425ef4a7","https://www.inaturalist.org/observations/158187250","Animalia","Chordata",NA,"Perciformes","Gobiidae","Bathygobius","Bathygobius soporator",NA,"SPECIES","Bathygobius soporator (Valenciennes, 1837)","Bathygobius soporator","","BR","","Maranhão","PRESENT",NA,"28eb1a3f-1c15-4a95-931a-4af90ecb574d",-2.482216,-44.23903,404,NA,NA,NA,NA,NA,"2023-04-30T10:31",30,4,2023,2377096,2377096,"HUMAN_OBSERVATION","iNaturalist","Observations","158187250","","Roberto Pillon",2023-04-30 19:28:56,"CC_BY_NC_4_0","Lucas C. Marinho","Lucas C. Marinho","",NA,2025-06-07 01:35:13.6,"StillImage","COORDINATE_ROUNDED;CONTINENT_DERIVED_FROM_COORDINATES;TAXON_MATCH_TAXON_ID_IGNORED"
4116325389,"50c9509d-22c7-4a22-a47d-8c48425ef4a7","https://www.inaturalist.org/observations/161694037","Animalia","Chordata",NA,"Perciformes","Gobiidae","Bathygobius","Bathygobius soporator",NA,"SPECIES","Bathygobius soporator (Valenciennes, 1837)","Bathygobius soporator","","BR","","São Paulo","PRESENT",NA,"28eb1a3f-1c15-4a95-931a-4af90ecb574d",-24.198953,-46.821651,1291,NA,NA,NA,NA,NA,"2023-05-06T10:22",6,5,2023,2377096,2377096,"HUMAN_OBSERVATION","iNaturalist","Observations","161694037","","Roberto Pillon",2023-05-15 09:51:01,"CC_BY_4_0","Ana Cristina Almeida","Ana Cristina Almeida","",NA,2025-06-07 00:09:31.863,"StillImage","COORDINATE_ROUNDED;CONTINENT_DERIVED_FROM_COORDINATES;TAXON_MATCH_TAXON_ID_IGNORED"
4091801301,"50c9509d-22c7-4a22-a47d-8c48425ef4a7","http://www.inaturalist.org/observations/283525","Animalia","Chordata",NA,"Perciformes","Gobiidae","Bathygobius","Bathygobius soporator",NA,"SPECIES","Bathygobius soporator (Valenciennes, 1837)","Bathygobius soporator","","GA","","Estuaire","PRESENT",NA,"28eb1a3f-1c15-4a95-931a-4af90ecb574d",0.613164,9.317879,116,NA,NA,NA,NA,NA,"2013-05-18T18:20",18,5,2013,2377096,2377096,"HUMAN_OBSERVATION","iNaturalist","Observations","283525","","Roberto Pillon",2023-04-11 19:05:27,"CC_BY_4_0","Matt Muir","Matt Muir","",NA,2025-06-07 01:43:05.413,"StillImage","CONTINENT_DERIVED_FROM_COORDINATES;TAXON_MATCH_TAXON_ID_IGNORED"
4091727445,"50c9509d-22c7-4a22-a47d-8c48425ef4a7","https://www.inaturalist.org/observations/155283463","Animalia","Chordata",NA,"Perciformes","Gobiidae","Bathygobius","Bathygobius soporator",NA,"SPECIES","Bathygobius soporator (Valenciennes, 1837)","Bathygobius soporator","","US","","Florida","PRESENT",NA,"28eb1a3f-1c15-4a95-931a-4af90ecb574d",28.999065,-82.76266,2352,NA,NA,NA,NA,NA,"2023-04-17T00:43:19",17,4,2023,2377096,2377096,"HUMAN_OBSERVATION","iNaturalist","Observations","155283463","","Andrew Kunik",2023-04-17 04:45:52,"CC_BY_NC_4_0","Andrew Kunik","Andrew Kunik","",NA,2025-06-07 00:07:18.796,"","COORDINATE_ROUNDED;CONTINENT_DERIVED_FROM_COORDINATES;TAXON_MATCH_TAXON_ID_IGNORED"
4080869652,"50c9509d-22c7-4a22-a47d-8c48425ef4a7","https://www.inaturalist.org/observations/154398825","Animalia","Chordata",NA,"Perciformes","Gobiidae","Bathygobius","Bathygobius soporator",NA,"SPECIES","Bathygobius soporator (Valenciennes, 1837)","Bathygobius soporator","","US","","Florida","PRESENT",NA,"28eb1a3f-1c15-4a95-931a-4af90ecb574d",26.142595,-81.789213,74,NA,NA,NA,NA,NA,"2023-04-11T05:41:37",11,4,2023,2377096,2377096,"HUMAN_OBSERVATION","iNaturalist","Observations","154398825","","Roberto Pillon",2023-04-11 16:19:14,"CC_BY_4_0","Nick Tobler (Cowturtle)","Nick Tobler (Cowturtle)","",NA,2025-06-07 00:20:24.2,"StillImage","COORDINATE_ROUNDED;CONTINENT_DERIVED_FROM_COORDINATES;TAXON_MATCH_TAXON_ID_IGNORED"
4080689665,"50c9509d-22c7-4a22-a47d-8c48425ef4a7","https://www.inaturalist.org/observations/154438639","Animalia","Chordata",NA,"Perciformes","Gobiidae","Bathygobius","Bathygobius soporator",NA,"SPECIES","Bathygobius soporator (Valenciennes, 1837)","Bathygobius soporator","","US","","Florida","PRESENT",NA,"28eb1a3f-1c15-4a95-931a-4af90ecb574d",29.00126,-82.761778,23,NA,NA,NA,NA,NA,"2023-04-09T12:28",9,4,2023,2377096,2377096,"HUMAN_OBSERVATION","iNaturalist","Observations","154438639","","Mitchel Buckner",2023-04-11 17:05:09,"CC_BY_NC_4_0","Ansley Burtch","Ansley Burtch","",NA,2025-06-07 00:44:48.223,"StillImage","COORDINATE_ROUNDED;CONTINENT_DERIVED_FROM_COORDINATES;TAXON_MATCH_TAXON_ID_IGNORED"
4080649977,"50c9509d-22c7-4a22-a47d-8c48425ef4a7","https://www.inaturalist.org/observations/153801245","Animalia","Chordata",NA,"Perciformes","Gobiidae","Bathygobius","Bathygobius soporator",NA,"SPECIES","Bathygobius soporator (Valenciennes, 1837)","Bathygobius soporator","","BR","","São Paulo","PRESENT",NA,"28eb1a3f-1c15-4a95-931a-4af90ecb574d",-24.194198,-46.79513,23,NA,NA,NA,NA,NA,"2023-01-31T16:12:13",31,1,2023,2377096,2377096,"HUMAN_OBSERVATION","iNaturalist","Observations","153801245","","Felipe C. Balbino Santos",2023-04-07 12:48:57,"CC_BY_NC_4_0","Felipe C. Balbino Santos","Felipe C. Balbino Santos","",NA,2025-06-07 00:16:02.105,"StillImage","COORDINATE_ROUNDED;CONTINENT_DERIVED_FROM_COORDINATES;TAXON_MATCH_TAXON_ID_IGNORED"
4080495968,"50c9509d-22c7-4a22-a47d-8c48425ef4a7","https://www.inaturalist.org/observations/153800556","Animalia","Chordata",NA,"Perciformes","Gobiidae","Bathygobius","Bathygobius soporator",NA,"SPECIES","Bathygobius soporator (Valenciennes, 1837)","Bathygobius soporator","","BR","","São Paulo","PRESENT",NA,"28eb1a3f-1c15-4a95-931a-4af90ecb574d",-24.197453,-46.802312,189,NA,NA,NA,NA,NA,"2023-02-02T09:31:48",2,2,2023,2377096,2377096,"HUMAN_OBSERVATION","iNaturalist","Observations","153800556","","Felipe C. Balbino Santos",2023-04-07 12:41:14,"CC_BY_NC_4_0","Felipe C. Balbino Santos","Felipe C. Balbino Santos","",NA,2025-06-07 00:24:41.394,"StillImage","COORDINATE_ROUNDED;CONTINENT_DERIVED_FROM_COORDINATES;TAXON_MATCH_TAXON_ID_IGNORED"
4080493986,"50c9509d-22c7-4a22-a47d-8c48425ef4a7","https://www.inaturalist.org/observations/153809145","Animalia","Chordata",NA,"Perciformes","Gobiidae","Bathygobius","Bathygobius soporator",NA,"SPECIES","Bathygobius soporator (Valenciennes, 1837)","Bathygobius soporator","","US","","Georgia","PRESENT",NA,"28eb1a3f-1c15-4a95-931a-4af90ecb574d",31.44127,-81.372662,20,NA,NA,NA,NA,NA,"2023-04-07T08:46:18",7,4,2023,2377096,2377096,"HUMAN_OBSERVATION","iNaturalist","Observations","153809145","","nv_multispeciesfishing",2023-04-07 14:18:34,"CC_BY_NC_4_0","nv_multispeciesfishing","nv_multispeciesfishing","",NA,2025-06-07 01:15:54.439,"StillImage","COORDINATE_ROUNDED;CONTINENT_DERIVED_FROM_COORDINATES;TAXON_MATCH_TAXON_ID_IGNORED"
4076290296,"50c9509d-22c7-4a22-a47d-8c48425ef4a7","https://www.inaturalist.org/observations/152100869","Animalia","Chordata",NA,"Perciformes","Gobiidae","Bathygobius","Bathygobius soporator",NA,"SPECIES","Bathygobius soporator (Valenciennes, 1837)","Bathygobius soporator","","US","","Florida","PRESENT",NA,"28eb1a3f-1c15-4a95-931a-4af90ecb574d",25.856078,-81.37728,151,NA,NA,NA,NA,NA,"2023-03-23T21:02:40",23,3,2023,2377096,2377096,"HUMAN_OBSERVATION","iNaturalist","Observations","152100869","","Grant Bowler",2023-03-24 03:42:51,"CC_BY_NC_4_0","Grant Bowler","Grant Bowler","",NA,2025-06-07 01:46:19.281,"StillImage","COORDINATE_ROUNDED;CONTINENT_DERIVED_FROM_COORDINATES;TAXON_MATCH_TAXON_ID_IGNORED"
4076288442,"50c9509d-22c7-4a22-a47d-8c48425ef4a7","https://www.inaturalist.org/observations/63795834","Animalia","Chordata",NA,"Perciformes","Gobiidae","Bathygobius","Bathygobius soporator",NA,"SPECIES","Bathygobius soporator (Valenciennes, 1837)","Bathygobius soporator","","VI","","St. John","PRESENT",NA,"28eb1a3f-1c15-4a95-931a-4af90ecb574d",18.364953,-64.74347,1515,NA,NA,NA,NA,NA,"2015-02-21T19:40",21,2,2015,2377096,2377096,"HUMAN_OBSERVATION","iNaturalist","Observations","63795834","","snorkelstj.com",2021-07-13 16:29:56,"CC_BY_NC_4_0","Max McCarthy","Max McCarthy","",NA,2025-06-07 01:22:15.796,"StillImage","COORDINATE_ROUNDED;CONTINENT_DERIVED_FROM_COORDINATES;TAXON_MATCH_TAXON_ID_IGNORED"
4076239815,"50c9509d-22c7-4a22-a47d-8c48425ef4a7","https://www.inaturalist.org/observations/143904361","Animalia","Chordata",NA,"Perciformes","Gobiidae","Bathygobius","Bathygobius soporator",NA,"SPECIES","Bathygobius soporator (Valenciennes, 1837)","Bathygobius soporator","","US","","Alabama","PRESENT",NA,"28eb1a3f-1c15-4a95-931a-4af90ecb574d",30.245152,-87.736182,4449,NA,NA,NA,NA,NA,"2022-12-07T19:48",7,12,2022,2377096,2377096,"HUMAN_OBSERVATION","iNaturalist","Observations","143904361","","Clayton H. Ziemke",2022-12-08 01:10:10,"CC_BY_NC_4_0","Clayton H. Ziemke","Clayton H. Ziemke","",NA,2025-06-07 02:39:33.149,"StillImage","COORDINATE_ROUNDED;CONTINENT_DERIVED_FROM_COORDINATES;TAXON_MATCH_TAXON_ID_IGNORED"
4075974305,"50c9509d-22c7-4a22-a47d-8c48425ef4a7","https://www.inaturalist.org/observations/152100905","Animalia","Chordata",NA,"Perciformes","Gobiidae","Bathygobius","Bathygobius soporator",NA,"SPECIES","Bathygobius soporator (Valenciennes, 1837)","Bathygobius soporator","","US","","Florida","PRESENT",NA,"28eb1a3f-1c15-4a95-931a-4af90ecb574d",25.865737,-81.382872,74,NA,NA,NA,NA,NA,"2023-03-23T21:23:53",23,3,2023,2377096,2377096,"HUMAN_OBSERVATION","iNaturalist","Observations","152100905","","Grant Bowler",2023-03-24 03:43:40,"CC_BY_NC_4_0","Grant Bowler","Grant Bowler","",NA,2025-06-07 00:40:44.825,"StillImage","COORDINATE_ROUNDED;CONTINENT_DERIVED_FROM_COORDINATES;TAXON_MATCH_TAXON_ID_IGNORED"
4075722292,"50c9509d-22c7-4a22-a47d-8c48425ef4a7","https://www.inaturalist.org/observations/152100894","Animalia","Chordata",NA,"Perciformes","Gobiidae","Bathygobius","Bathygobius soporator",NA,"SPECIES","Bathygobius soporator (Valenciennes, 1837)","Bathygobius soporator","","US","","Florida","PRESENT",NA,"28eb1a3f-1c15-4a95-931a-4af90ecb574d",25.865647,-81.382203,16,NA,NA,NA,NA,NA,"2023-03-23T21:15:19",23,3,2023,2377096,2377096,"HUMAN_OBSERVATION","iNaturalist","Observations","152100894","","Grant Bowler",2023-03-24 03:43:26,"CC_BY_NC_4_0","Grant Bowler","Grant Bowler","",NA,2025-06-07 02:53:47.95,"StillImage","COORDINATE_ROUNDED;CONTINENT_DERIVED_FROM_COORDINATES;TAXON_MATCH_TAXON_ID_IGNORED"
4075716883,"50c9509d-22c7-4a22-a47d-8c48425ef4a7","https://www.inaturalist.org/observations/147724712","Animalia","Chordata",NA,"Perciformes","Gobiidae","Bathygobius","Bathygobius soporator",NA,"SPECIES","Bathygobius soporator (Valenciennes, 1837)","Bathygobius soporator","","BR","","Pernambuco","PRESENT",NA,"28eb1a3f-1c15-4a95-931a-4af90ecb574d",-8.509043,-35.000221,NA,NA,NA,NA,NA,NA,"2023-01-30T17:26:11",30,1,2023,2377096,2377096,"HUMAN_OBSERVATION","iNaturalist","Observations","147724712","","Andre Bispo",2023-01-31 00:32:01,"CC_BY_NC_4_0","Carlos Otávio Gussoni","Carlos Otávio Gussoni","",NA,2025-06-07 02:53:47.446,"StillImage","COORDINATE_ROUNDED;CONTINENT_DERIVED_FROM_COORDINATES;TAXON_MATCH_TAXON_ID_IGNORED"
4075663314,"50c9509d-22c7-4a22-a47d-8c48425ef4a7","https://www.inaturalist.org/observations/12285253","Animalia","Chordata",NA,"Perciformes","Gobiidae","Bathygobius","Bathygobius soporator",NA,"SPECIES","Bathygobius soporator (Valenciennes, 1837)","Bathygobius soporator","","BR","","Espírito Santo","PRESENT",NA,"28eb1a3f-1c15-4a95-931a-4af90ecb574d",-19.97353,-40.13833,8,NA,NA,NA,NA,NA,"2016-09-17",17,9,2016,2377096,2377096,"HUMAN_OBSERVATION","iNaturalist","Observations","12285253","","Alexandre Villela",2020-01-21 22:00:29,"CC_BY_NC_4_0","Flávio Mendes","Flávio Mendes","",NA,2025-06-06 23:49:59.746,"StillImage","COORDINATE_ROUNDED;CONTINENT_DERIVED_FROM_COORDINATES;TAXON_MATCH_TAXON_ID_IGNORED"
4075578396,"50c9509d-22c7-4a22-a47d-8c48425ef4a7","https://www.inaturalist.org/observations/48128816","Animalia","Chordata",NA,"Perciformes","Gobiidae","Bathygobius","Bathygobius soporator",NA,"SPECIES","Bathygobius soporator (Valenciennes, 1837)","Bathygobius soporator","","BR","","Rio Grande do Norte","PRESENT",NA,"28eb1a3f-1c15-4a95-931a-4af90ecb574d",-5.69469,-35.196759,37,NA,NA,NA,NA,NA,"2020-05-31T14:38",31,5,2020,2377096,2377096,"HUMAN_OBSERVATION","iNaturalist","Observations","48128816","","Víctor de Paiva",2020-10-23 01:18:01,"CC_BY_4_0","Marcelo Maux","Marcelo Maux","",NA,2025-06-07 02:35:39.269,"","COORDINATE_ROUNDED;CONTINENT_DERIVED_FROM_COORDINATES;TAXON_MATCH_TAXON_ID_IGNORED"
4067290780,"50c9509d-22c7-4a22-a47d-8c48425ef4a7","https://www.inaturalist.org/observations/151174255","Animalia","Chordata",NA,"Perciformes","Gobiidae","Bathygobius","Bathygobius soporator",NA,"SPECIES","Bathygobius soporator (Valenciennes, 1837)","Bathygobius soporator","","US","","Florida","PRESENT",NA,"28eb1a3f-1c15-4a95-931a-4af90ecb574d",30.40465,-81.402704,8,NA,NA,NA,NA,NA,"2023-03-14T15:15",14,3,2023,2377096,2377096,"HUMAN_OBSERVATION","iNaturalist","Observations","151174255","","Zakqary Roy",2023-03-15 01:18:27,"CC_BY_4_0","Zakqary Roy","Zakqary Roy","",NA,2025-06-07 02:53:45.752,"StillImage","COORDINATE_ROUNDED;CONTINENT_DERIVED_FROM_COORDINATES;TAXON_MATCH_TAXON_ID_IGNORED"
4063049410,"50c9509d-22c7-4a22-a47d-8c48425ef4a7","https://www.inaturalist.org/observations/104873510","Animalia","Chordata",NA,"Perciformes","Gobiidae","Bathygobius","Bathygobius soporator",NA,"SPECIES","Bathygobius soporator (Valenciennes, 1837)","Bathygobius soporator","","BR","","Ceará","PRESENT",NA,"28eb1a3f-1c15-4a95-931a-4af90ecb574d",-3.7707,-38.4344,NA,NA,NA,NA,NA,NA,"2021-10-22T09:31Z",22,10,2021,2377096,2377096,"HUMAN_OBSERVATION","iNaturalist","Observations","104873510","","Nereston (Nelinho) Camargo",2022-01-13 18:08:24,"CC_BY_NC_4_0","Nereston (Nelinho) Camargo","Nereston (Nelinho) Camargo","",NA,2025-06-07 01:50:08.912,"StillImage","COORDINATE_ROUNDED;CONTINENT_DERIVED_FROM_COORDINATES;TAXON_MATCH_TAXON_ID_IGNORED"
4062998397,"50c9509d-22c7-4a22-a47d-8c48425ef4a7","https://www.inaturalist.org/observations/101189604","Animalia","Chordata",NA,"Perciformes","Gobiidae","Bathygobius","Bathygobius soporator",NA,"SPECIES","Bathygobius soporator (Valenciennes, 1837)","Bathygobius soporator","","BR","","São Paulo","PRESENT",NA,"28eb1a3f-1c15-4a95-931a-4af90ecb574d",-24.193938,-46.795125,23,NA,NA,NA,NA,NA,"2021-11-15T07:17:11",15,11,2021,2377096,2377096,"HUMAN_OBSERVATION","iNaturalist","Observations","101189604","","Felipe C. Balbino Santos",2021-11-15 14:10:10,"CC_BY_NC_4_0","Felipe C. Balbino Santos","Felipe C. Balbino Santos","",NA,2025-06-07 02:38:00.395,"StillImage","COORDINATE_ROUNDED;CONTINENT_DERIVED_FROM_COORDINATES;TAXON_MATCH_TAXON_ID_IGNORED"
4062626550,"50c9509d-22c7-4a22-a47d-8c48425ef4a7","https://www.inaturalist.org/observations/146139998","Animalia","Chordata",NA,"Perciformes","Gobiidae","Bathygobius","Bathygobius soporator",NA,"SPECIES","Bathygobius soporator (Valenciennes, 1837)","Bathygobius soporator","","BR","","Ceará","PRESENT",NA,"28eb1a3f-1c15-4a95-931a-4af90ecb574d",-4.651655,-37.481287,6049,NA,NA,NA,NA,NA,"2023-01-08T14:10",8,1,2023,2377096,2377096,"HUMAN_OBSERVATION","iNaturalist","Observations","146139998","","marciu71",2023-01-08 18:43:30,"CC_BY_NC_4_0","marciu71","marciu71","",NA,2025-06-07 01:41:04.125,"StillImage","COORDINATE_ROUNDED;CONTINENT_DERIVED_FROM_COORDINATES;TAXON_MATCH_TAXON_ID_IGNORED"
4039245685,"50c9509d-22c7-4a22-a47d-8c48425ef4a7","https://www.inaturalist.org/observations/138325000","Animalia","Chordata",NA,"Perciformes","Gobiidae","Bathygobius","Bathygobius soporator",NA,"SPECIES","Bathygobius soporator (Valenciennes, 1837)","Bathygobius soporator","","US","","Florida","PRESENT",NA,"28eb1a3f-1c15-4a95-931a-4af90ecb574d",29.91663,-81.298112,4,NA,NA,NA,NA,NA,"2022-10-09T13:59:14",9,10,2022,2377096,2377096,"HUMAN_OBSERVATION","iNaturalist","Observations","138325000","","Luke Smith",2022-10-10 23:28:58,"CC_BY_NC_4_0","Luke Smith","Luke Smith","",NA,2025-06-07 02:51:59.056,"StillImage","COORDINATE_ROUNDED;CONTINENT_DERIVED_FROM_COORDINATES;TAXON_MATCH_TAXON_ID_IGNORED"
4029114649,"50c9509d-22c7-4a22-a47d-8c48425ef4a7","https://www.inaturalist.org/observations/147402103","Animalia","Chordata",NA,"Perciformes","Gobiidae","Bathygobius","Bathygobius soporator",NA,"SPECIES","Bathygobius soporator (Valenciennes, 1837)","Bathygobius soporator","","BR","","Pernambuco","PRESENT",NA,"28eb1a3f-1c15-4a95-931a-4af90ecb574d",-8.876495,-35.136708,15,NA,NA,NA,NA,NA,"2023-01-05T14:03",5,1,2023,2377096,2377096,"HUMAN_OBSERVATION","iNaturalist","Observations","147402103","","Andre Bispo",2023-01-26 18:17:03,"CC_BY_NC_4_0","claudio roberto azevedo de souza","claudio roberto azevedo de souza","",NA,2025-06-07 01:58:57.694,"StillImage","COORDINATE_ROUNDED;CONTINENT_DERIVED_FROM_COORDINATES;TAXON_MATCH_TAXON_ID_IGNORED"
4022155126,"50c9509d-22c7-4a22-a47d-8c48425ef4a7","https://www.inaturalist.org/observations/147088885","Animalia","Chordata",NA,"Perciformes","Gobiidae","Bathygobius","Bathygobius soporator",NA,"SPECIES","Bathygobius soporator (Valenciennes, 1837)","Bathygobius soporator","","US","","Florida","PRESENT",NA,"28eb1a3f-1c15-4a95-931a-4af90ecb574d",26.944692,-80.091194,20,NA,NA,NA,NA,NA,"2021-01-18T19:10:27",18,1,2021,2377096,2377096,"HUMAN_OBSERVATION","iNaturalist","Observations","147088885","","IHUNTA",2023-01-22 06:11:32,"CC_BY_NC_4_0","IHUNTA","IHUNTA","",NA,2025-06-07 00:59:37.825,"StillImage","COORDINATE_ROUNDED;CONTINENT_DERIVED_FROM_COORDINATES;TAXON_MATCH_TAXON_ID_IGNORED"
4018177407,"50c9509d-22c7-4a22-a47d-8c48425ef4a7","https://www.inaturalist.org/observations/69615763","Animalia","Chordata",NA,"Perciformes","Gobiidae","Bathygobius","Bathygobius soporator",NA,"SPECIES","Bathygobius soporator (Valenciennes, 1837)","Bathygobius soporator","","BR","","São Paulo","PRESENT",NA,"28eb1a3f-1c15-4a95-931a-4af90ecb574d",-24.193936,-46.795001,8,NA,NA,NA,NA,NA,"2021-02-15T10:08:38",15,2,2021,2377096,2377096,"HUMAN_OBSERVATION","iNaturalist","Observations","69615763","","José Pedro De Campos Fogaça",2023-01-14 18:58:57,"CC_BY_NC_4_0","Matheus M. Santos","Matheus M. Santos","",NA,2025-06-06 23:56:56.767,"StillImage","COORDINATE_ROUNDED;CONTINENT_DERIVED_FROM_COORDINATES;TAXON_MATCH_TAXON_ID_IGNORED"
4009811895,"50c9509d-22c7-4a22-a47d-8c48425ef4a7","https://www.inaturalist.org/observations/144939652","Animalia","Chordata",NA,"Perciformes","Gobiidae","Bathygobius","Bathygobius soporator",NA,"SPECIES","Bathygobius soporator (Valenciennes, 1837)","Bathygobius soporator","","US","","Florida","PRESENT",NA,"28eb1a3f-1c15-4a95-931a-4af90ecb574d",25.857628,-81.388428,10,NA,NA,NA,NA,NA,"2022-12-15T15:21:11",15,12,2022,2377096,2377096,"HUMAN_OBSERVATION","iNaturalist","Observations","144939652","","ddeatienza",2022-12-23 20:14:16,"CC_BY_NC_4_0","ddeatienza","ddeatienza","",NA,2025-06-07 02:42:15.335,"StillImage","COORDINATE_ROUNDED;CONTINENT_DERIVED_FROM_COORDINATES;TAXON_MATCH_TAXON_ID_IGNORED"
4009710614,"50c9509d-22c7-4a22-a47d-8c48425ef4a7","https://www.inaturalist.org/observations/144222212","Animalia","Chordata",NA,"Perciformes","Gobiidae","Bathygobius","Bathygobius soporator",NA,"SPECIES","Bathygobius soporator (Valenciennes, 1837)","Bathygobius soporator","","BR","","Rio Grande do Norte","PRESENT",NA,"28eb1a3f-1c15-4a95-931a-4af90ecb574d",-6.101765,-35.100366,2,NA,NA,NA,NA,NA,"2022-12-10T07:26",10,12,2022,2377096,2377096,"HUMAN_OBSERVATION","iNaturalist","Observations","144222212","","marcosdantasvs",2022-12-12 10:58:36,"CC_BY_NC_4_0","marcosdantasvs","marcosdantasvs","",NA,2025-06-07 01:50:29.368,"StillImage","COORDINATE_ROUNDED;CONTINENT_DERIVED_FROM_COORDINATES;TAXON_MATCH_TAXON_ID_IGNORED"
3988607625,"50c9509d-22c7-4a22-a47d-8c48425ef4a7","https://www.inaturalist.org/observations/142264934","Animalia","Chordata",NA,"Perciformes","Gobiidae","Bathygobius","Bathygobius soporator",NA,"SPECIES","Bathygobius soporator (Valenciennes, 1837)","Bathygobius soporator","","US","","North Carolina","PRESENT",NA,"28eb1a3f-1c15-4a95-931a-4af90ecb574d",35.796703,-75.548906,10,NA,NA,NA,NA,NA,"2022-11-17T21:02",17,11,2022,2377096,2377096,"HUMAN_OBSERVATION","iNaturalist","Observations","142264934","","Mitchel Buckner",2022-11-18 09:06:55,"CC_BY_4_0","harrier","harrier","",NA,2025-06-07 02:46:15.047,"StillImage","COORDINATE_ROUNDED;CONTINENT_DERIVED_FROM_COORDINATES;TAXON_MATCH_TAXON_ID_IGNORED"
3986198019,"50c9509d-22c7-4a22-a47d-8c48425ef4a7","https://www.inaturalist.org/observations/142112429","Animalia","Chordata",NA,"Perciformes","Gobiidae","Bathygobius","Bathygobius soporator",NA,"SPECIES","Bathygobius soporator (Valenciennes, 1837)","Bathygobius soporator","","US","","North Carolina","PRESENT",NA,"28eb1a3f-1c15-4a95-931a-4af90ecb574d",35.796658,-75.548958,6,NA,NA,NA,NA,NA,"2022-11-14T20:16:14",14,11,2022,2377096,2377096,"HUMAN_OBSERVATION","iNaturalist","Observations","142112429","","Cole Tiemann",2022-11-16 01:44:04,"CC_BY_NC_4_0","Cole Tiemann","Cole Tiemann","",NA,2025-06-07 00:39:21.879,"StillImage","COORDINATE_ROUNDED;CONTINENT_DERIVED_FROM_COORDINATES;TAXON_MATCH_TAXON_ID_IGNORED"
3986136197,"50c9509d-22c7-4a22-a47d-8c48425ef4a7","https://www.inaturalist.org/observations/142264936","Animalia","Chordata",NA,"Perciformes","Gobiidae","Bathygobius","Bathygobius soporator",NA,"SPECIES","Bathygobius soporator (Valenciennes, 1837)","Bathygobius soporator","","US","","North Carolina","PRESENT",NA,"28eb1a3f-1c15-4a95-931a-4af90ecb574d",35.796414,-75.548081,166,NA,NA,NA,NA,NA,"2022-11-17T20:38",17,11,2022,2377096,2377096,"HUMAN_OBSERVATION","iNaturalist","Observations","142264936","","Cole Tiemann",2022-11-20 00:20:20,"CC_BY_4_0","harrier","harrier","",NA,2025-06-07 01:09:23.569,"StillImage","COORDINATE_ROUNDED;CONTINENT_DERIVED_FROM_COORDINATES;TAXON_MATCH_TAXON_ID_IGNORED"
3986054253,"50c9509d-22c7-4a22-a47d-8c48425ef4a7","https://www.inaturalist.org/observations/142265858","Animalia","Chordata",NA,"Perciformes","Gobiidae","Bathygobius","Bathygobius soporator",NA,"SPECIES","Bathygobius soporator (Valenciennes, 1837)","Bathygobius soporator","","US","","North Carolina","PRESENT",NA,"28eb1a3f-1c15-4a95-931a-4af90ecb574d",35.794633,-75.548478,4,NA,NA,NA,NA,NA,"2022-11-17T20:37:02",17,11,2022,2377096,2377096,"HUMAN_OBSERVATION","iNaturalist","Observations","142265858","","Larry Chen",2022-11-18 03:40:42,"CC_BY_NC_4_0","Larry Chen","Larry Chen","",NA,2025-06-07 01:43:05.148,"StillImage","COORDINATE_ROUNDED;CONTINENT_DERIVED_FROM_COORDINATES;TAXON_MATCH_TAXON_ID_IGNORED"
3985701280,"50c9509d-22c7-4a22-a47d-8c48425ef4a7","https://www.inaturalist.org/observations/142265809","Animalia","Chordata",NA,"Perciformes","Gobiidae","Bathygobius","Bathygobius soporator",NA,"SPECIES","Bathygobius soporator (Valenciennes, 1837)","Bathygobius soporator","","US","","North Carolina","PRESENT",NA,"28eb1a3f-1c15-4a95-931a-4af90ecb574d",35.79662,-75.548888,4,NA,NA,NA,NA,NA,"2022-11-17T21:02:39",17,11,2022,2377096,2377096,"HUMAN_OBSERVATION","iNaturalist","Observations","142265809","","Larry Chen",2022-11-18 03:39:10,"CC_BY_NC_4_0","Larry Chen","Larry Chen","",NA,2025-06-07 00:47:42.856,"StillImage","COORDINATE_ROUNDED;CONTINENT_DERIVED_FROM_COORDINATES;TAXON_MATCH_TAXON_ID_IGNORED"
3985633194,"50c9509d-22c7-4a22-a47d-8c48425ef4a7","https://www.inaturalist.org/observations/142265818","Animalia","Chordata",NA,"Perciformes","Gobiidae","Bathygobius","Bathygobius soporator",NA,"SPECIES","Bathygobius soporator (Valenciennes, 1837)","Bathygobius soporator","","US","","North Carolina","PRESENT",NA,"28eb1a3f-1c15-4a95-931a-4af90ecb574d",35.794717,-75.54847,3,NA,NA,NA,NA,NA,"2022-11-17T20:39:10",17,11,2022,2377096,2377096,"HUMAN_OBSERVATION","iNaturalist","Observations","142265818","","Larry Chen",2022-11-18 03:39:28,"CC_BY_NC_4_0","Larry Chen","Larry Chen","",NA,2025-06-07 00:54:46.207,"StillImage","COORDINATE_ROUNDED;CONTINENT_DERIVED_FROM_COORDINATES;TAXON_MATCH_TAXON_ID_IGNORED"
3947619262,"50c9509d-22c7-4a22-a47d-8c48425ef4a7","https://www.inaturalist.org/observations/139534840","Animalia","Chordata",NA,"Perciformes","Gobiidae","Bathygobius","Bathygobius soporator",NA,"SPECIES","Bathygobius soporator (Valenciennes, 1837)","Bathygobius soporator","","US","","Mississippi","PRESENT",NA,"28eb1a3f-1c15-4a95-931a-4af90ecb574d",30.362821,-88.449059,5,NA,NA,NA,NA,NA,"2022-10-21T11:12:36",21,10,2022,2377096,2377096,"HUMAN_OBSERVATION","iNaturalist","Observations","139534840","","Mitchel Buckner",2022-10-21 18:08:22,"CC_BY_NC_4_0","Jonathan Pitchford","Jonathan Pitchford","",NA,2025-06-07 00:56:10.146,"StillImage","COORDINATE_ROUNDED;CONTINENT_DERIVED_FROM_COORDINATES;TAXON_MATCH_TAXON_ID_IGNORED"
3947462534,"50c9509d-22c7-4a22-a47d-8c48425ef4a7","https://www.inaturalist.org/observations/138882218","Animalia","Chordata",NA,"Perciformes","Gobiidae","Bathygobius","Bathygobius soporator",NA,"SPECIES","Bathygobius soporator (Valenciennes, 1837)","Bathygobius soporator","","US","","Mississippi","PRESENT",NA,"28eb1a3f-1c15-4a95-931a-4af90ecb574d",30.383561,-88.867614,NA,NA,NA,NA,NA,NA,"2022-10-15T13:30:45",15,10,2022,2377096,2377096,"HUMAN_OBSERVATION","iNaturalist","Observations","138882218","","bharmeyer",2022-10-15 19:46:44,"CC_BY_NC_4_0","bharmeyer","bharmeyer","",NA,2025-06-07 00:34:22.781,"StillImage","COORDINATE_ROUNDED;CONTINENT_DERIVED_FROM_COORDINATES;TAXON_MATCH_TAXON_ID_IGNORED"
3947105407,"50c9509d-22c7-4a22-a47d-8c48425ef4a7","https://www.inaturalist.org/observations/139563848","Animalia","Chordata",NA,"Perciformes","Gobiidae","Bathygobius","Bathygobius soporator",NA,"SPECIES","Bathygobius soporator (Valenciennes, 1837)","Bathygobius soporator","","US","","Florida","PRESENT",NA,"28eb1a3f-1c15-4a95-931a-4af90ecb574d",30.416163,-81.596071,7889,NA,NA,NA,NA,NA,"2022-10-21T14:28:31",21,10,2022,2377096,2377096,"HUMAN_OBSERVATION","iNaturalist","Observations","139563848","","Jacob Jones",2022-10-22 14:54:42,"CC_BY_NC_4_0","snakebite46","snakebite46","",NA,2025-06-07 00:38:06.073,"StillImage","COORDINATE_ROUNDED;CONTINENT_DERIVED_FROM_COORDINATES;TAXON_MATCH_TAXON_ID_IGNORED"
3925460391,"50c9509d-22c7-4a22-a47d-8c48425ef4a7","https://www.inaturalist.org/observations/67422588","Animalia","Chordata",NA,"Perciformes","Gobiidae","Bathygobius","Bathygobius soporator",NA,"SPECIES","Bathygobius soporator (Valenciennes, 1837)","Bathygobius soporator","","US","","Florida","PRESENT",NA,"28eb1a3f-1c15-4a95-931a-4af90ecb574d",29.898672,-81.31095,6,NA,NA,NA,NA,NA,"2021-01-01T16:12:35",1,1,2021,2377096,2377096,"HUMAN_OBSERVATION","iNaturalist","Observations","67422588","","Luke Smith",2021-08-13 23:32:01,"CC_BY_NC_4_0","Luke Smith","Luke Smith","",NA,2025-06-07 02:40:40.034,"StillImage","COORDINATE_ROUNDED;CONTINENT_DERIVED_FROM_COORDINATES;TAXON_MATCH_TAXON_ID_IGNORED"
3925450384,"50c9509d-22c7-4a22-a47d-8c48425ef4a7","https://www.inaturalist.org/observations/57781275","Animalia","Chordata",NA,"Perciformes","Gobiidae","Bathygobius","Bathygobius soporator",NA,"SPECIES","Bathygobius soporator (Valenciennes, 1837)","Bathygobius soporator","","US","","Florida","PRESENT",NA,"28eb1a3f-1c15-4a95-931a-4af90ecb574d",30.406894,-86.501759,103,NA,NA,NA,NA,NA,"2020-08-27T11:27:22Z",27,8,2020,2377096,2377096,"HUMAN_OBSERVATION","iNaturalist","Observations","57781275","","Matt Neilson",2020-12-16 20:30:10,"CC_BY_NC_4_0","jmcpeak111","jmcpeak111","",NA,2025-06-07 00:31:54.028,"StillImage","COORDINATE_ROUNDED;CONTINENT_DERIVED_FROM_COORDINATES;TAXON_MATCH_TAXON_ID_IGNORED"
3925445355,"50c9509d-22c7-4a22-a47d-8c48425ef4a7","https://www.inaturalist.org/observations/39739099","Animalia","Chordata",NA,"Perciformes","Gobiidae","Bathygobius","Bathygobius soporator",NA,"SPECIES","Bathygobius soporator (Valenciennes, 1837)","Bathygobius soporator","","US","","Florida","PRESENT",NA,"28eb1a3f-1c15-4a95-931a-4af90ecb574d",28.040003,-80.580483,89,NA,NA,NA,NA,NA,"2020-03-01T23:05:47",1,3,2020,2377096,2377096,"HUMAN_OBSERVATION","iNaturalist","Observations","39739099","","Matt Neilson",2020-03-09 12:58:15,"CC_BY_NC_4_0","Mike Gigliotti","Mike Gigliotti","",NA,2025-06-07 01:18:26.692,"StillImage","COORDINATE_ROUNDED;CONTINENT_DERIVED_FROM_COORDINATES;TAXON_MATCH_TAXON_ID_IGNORED"
3925163390,"50c9509d-22c7-4a22-a47d-8c48425ef4a7","https://www.inaturalist.org/observations/58906823","Animalia","Chordata",NA,"Perciformes","Gobiidae","Bathygobius","Bathygobius soporator",NA,"SPECIES","Bathygobius soporator (Valenciennes, 1837)","Bathygobius soporator","","US","","Texas","PRESENT",NA,"28eb1a3f-1c15-4a95-931a-4af90ecb574d",28.444912,-96.401908,10,NA,NA,NA,NA,NA,"2020-09-06T17:29:26",6,9,2020,2377096,2377096,"HUMAN_OBSERVATION","iNaturalist","Observations","58906823","","johnwilliams",2021-09-29 20:02:55,"CC_BY_NC_4_0","johnwilliams","johnwilliams","",NA,2025-06-07 00:42:19.45,"StillImage","COORDINATE_ROUNDED;CONTINENT_DERIVED_FROM_COORDINATES;TAXON_MATCH_TAXON_ID_IGNORED"
3925147449,"50c9509d-22c7-4a22-a47d-8c48425ef4a7","https://www.inaturalist.org/observations/98416282","Animalia","Chordata",NA,"Perciformes","Gobiidae","Bathygobius","Bathygobius soporator",NA,"SPECIES","Bathygobius soporator (Valenciennes, 1837)","Bathygobius soporator","","US","","Texas","PRESENT",NA,"28eb1a3f-1c15-4a95-931a-4af90ecb574d",27.836625,-97.052347,NA,NA,NA,NA,NA,NA,"2021-10-16T15:26:34",16,10,2021,2377096,2377096,"HUMAN_OBSERVATION","iNaturalist","Observations","98416282","","Squidpastry",2022-09-14 06:01:41,"CC_BY_NC_4_0","anthsand","anthsand","",NA,2025-06-07 02:37:15.942,"StillImage","COORDINATE_ROUNDED;CONTINENT_DERIVED_FROM_COORDINATES;TAXON_MATCH_TAXON_ID_IGNORED"
3925107596,"50c9509d-22c7-4a22-a47d-8c48425ef4a7","https://www.inaturalist.org/observations/132808718","Animalia","Chordata",NA,"Perciformes","Gobiidae","Bathygobius","Bathygobius soporator",NA,"SPECIES","Bathygobius soporator (Valenciennes, 1837)","Bathygobius soporator","","US","","Georgia","PRESENT",NA,"28eb1a3f-1c15-4a95-931a-4af90ecb574d",31.155842,-81.365875,4,NA,NA,NA,NA,NA,"2022-08-28T00:25:32",28,8,2022,2377096,2377096,"HUMAN_OBSERVATION","iNaturalist","Observations","132808718","","Izzy Hoover",2022-08-29 12:57:03,"CC_BY_NC_4_0","Izzy Hoover","Izzy Hoover","",NA,2025-06-07 00:35:36.768,"","COORDINATE_ROUNDED;CONTINENT_DERIVED_FROM_COORDINATES;TAXON_MATCH_TAXON_ID_IGNORED"
3925064352,"50c9509d-22c7-4a22-a47d-8c48425ef4a7","https://www.inaturalist.org/observations/27709184","Animalia","Chordata",NA,"Perciformes","Gobiidae","Bathygobius","Bathygobius soporator",NA,"SPECIES","Bathygobius soporator (Valenciennes, 1837)","Bathygobius soporator","","US","","Florida","PRESENT",NA,"28eb1a3f-1c15-4a95-931a-4af90ecb574d",24.824537,-80.802158,61,NA,NA,NA,NA,NA,"2019-06-23T15:34",23,6,2019,2377096,2377096,"HUMAN_OBSERVATION","iNaturalist","Observations","27709184","","Kent Miller",2019-06-26 18:50:04,"CC_BY_4_0","Kent Miller","Kent Miller","",NA,2025-06-07 02:32:34.538,"StillImage","COORDINATE_ROUNDED;CONTINENT_DERIVED_FROM_COORDINATES;TAXON_MATCH_TAXON_ID_IGNORED"
3925047353,"50c9509d-22c7-4a22-a47d-8c48425ef4a7","https://www.inaturalist.org/observations/31355186","Animalia","Chordata",NA,"Perciformes","Gobiidae","Bathygobius","Bathygobius soporator",NA,"SPECIES","Bathygobius soporator (Valenciennes, 1837)","Bathygobius soporator","","US","","Florida","PRESENT",NA,"28eb1a3f-1c15-4a95-931a-4af90ecb574d",29.077287,-80.923127,9,NA,NA,NA,NA,NA,"2019-08-17T18:14",17,8,2019,2377096,2377096,"HUMAN_OBSERVATION","iNaturalist","Observations","31355186","","Matt Neilson",2020-12-16 20:56:12,"CC_BY_NC_4_0","Brenna Farrell","Brenna Farrell","",NA,2025-06-07 01:10:52.059,"","COORDINATE_ROUNDED;CONTINENT_DERIVED_FROM_COORDINATES;TAXON_MATCH_TAXON_ID_IGNORED"
3925005376,"50c9509d-22c7-4a22-a47d-8c48425ef4a7","https://www.inaturalist.org/observations/66436560","Animalia","Chordata",NA,"Perciformes","Gobiidae","Bathygobius","Bathygobius soporator",NA,"SPECIES","Bathygobius soporator (Valenciennes, 1837)","Bathygobius soporator","","US","","Florida","PRESENT",NA,"28eb1a3f-1c15-4a95-931a-4af90ecb574d",30.407011,-86.502165,112,NA,NA,NA,NA,NA,"2020-12-11T15:04:19Z",11,12,2020,2377096,2377096,"HUMAN_OBSERVATION","iNaturalist","Observations","66436560","","Matt Neilson",2020-12-16 20:22:48,"CC_BY_NC_4_0","jmcpeak111","jmcpeak111","",NA,2025-06-07 00:13:05.443,"StillImage","COORDINATE_ROUNDED;CONTINENT_DERIVED_FROM_COORDINATES;TAXON_MATCH_TAXON_ID_IGNORED"
3924996322,"50c9509d-22c7-4a22-a47d-8c48425ef4a7","https://www.inaturalist.org/observations/6109298","Animalia","Chordata",NA,"Perciformes","Gobiidae","Bathygobius","Bathygobius soporator",NA,"SPECIES","Bathygobius soporator (Valenciennes, 1837)","Bathygobius soporator","","US","","Florida","PRESENT",NA,"28eb1a3f-1c15-4a95-931a-4af90ecb574d",27.746879,-82.471476,200,NA,NA,NA,NA,NA,"2015-01-18T11:00",18,1,2015,2377096,2377096,"HUMAN_OBSERVATION","iNaturalist","Observations","6109298","","Matt Neilson",2020-12-22 16:48:28,"CC_BY_NC_4_0","pmk00001","pmk00001","",NA,2025-06-07 00:28:30.644,"StillImage","COORDINATE_ROUNDED;CONTINENT_DERIVED_FROM_COORDINATES;TAXON_MATCH_TAXON_ID_IGNORED"
3915413789,"50c9509d-22c7-4a22-a47d-8c48425ef4a7","https://www.inaturalist.org/observations/135706314","Animalia","Chordata",NA,"Perciformes","Gobiidae","Bathygobius","Bathygobius soporator",NA,"SPECIES","Bathygobius soporator (Valenciennes, 1837)","Bathygobius soporator","","US","","Texas","PRESENT",NA,"28eb1a3f-1c15-4a95-931a-4af90ecb574d",28.938538,-95.296805,5,NA,NA,NA,NA,NA,"2022-09-19T12:32:58",19,9,2022,2377096,2377096,"HUMAN_OBSERVATION","iNaturalist","Observations","135706314","","nindustla",2022-09-19 20:27:49,"CC_BY_NC_4_0","nindustla","nindustla","",NA,2025-06-07 01:04:01.907,"StillImage","COORDINATE_ROUNDED;CONTINENT_DERIVED_FROM_COORDINATES;TAXON_MATCH_TAXON_ID_IGNORED"
3903037996,"50c9509d-22c7-4a22-a47d-8c48425ef4a7","https://www.inaturalist.org/observations/133530106","Animalia","Chordata",NA,"Perciformes","Gobiidae","Bathygobius","Bathygobius soporator",NA,"SPECIES","Bathygobius soporator (Valenciennes, 1837)","Bathygobius soporator","","US","","Texas","PRESENT",NA,"28eb1a3f-1c15-4a95-931a-4af90ecb574d",27.837897,-97.051811,4,NA,NA,NA,NA,NA,"2022-09-03T17:05:27",3,9,2022,2377096,2377096,"HUMAN_OBSERVATION","iNaturalist","Observations","133530106","","Andrew Orgill",2022-09-03 22:10:20,"CC_BY_NC_4_0","Andrew Orgill","Andrew Orgill","",NA,2025-06-07 00:52:42.444,"","COORDINATE_ROUNDED;CONTINENT_DERIVED_FROM_COORDINATES;TAXON_MATCH_TAXON_ID_IGNORED"
3902559696,"50c9509d-22c7-4a22-a47d-8c48425ef4a7","https://www.inaturalist.org/observations/133910281","Animalia","Chordata",NA,"Perciformes","Gobiidae","Bathygobius","Bathygobius soporator",NA,"SPECIES","Bathygobius soporator (Valenciennes, 1837)","Bathygobius soporator","","BR","","Rio Grande do Norte","PRESENT",NA,"28eb1a3f-1c15-4a95-931a-4af90ecb574d",-5.494114,-35.258595,31,NA,NA,NA,NA,NA,"2022-09-06T10:06",6,9,2022,2377096,2377096,"HUMAN_OBSERVATION","iNaturalist","Observations","133910281","","marcosdantasvs",2022-09-06 13:53:32,"CC_BY_NC_4_0","marcosdantasvs","marcosdantasvs","",NA,2025-06-07 00:15:04.937,"StillImage","COORDINATE_ROUNDED;CONTINENT_DERIVED_FROM_COORDINATES;TAXON_MATCH_TAXON_ID_IGNORED"
3902310276,"50c9509d-22c7-4a22-a47d-8c48425ef4a7","https://www.inaturalist.org/observations/131160181","Animalia","Chordata",NA,"Perciformes","Gobiidae","Bathygobius","Bathygobius soporator",NA,"SPECIES","Bathygobius soporator (Valenciennes, 1837)","Bathygobius soporator","","US","","Louisiana","PRESENT",NA,"28eb1a3f-1c15-4a95-931a-4af90ecb574d",29.770695,-93.014327,NA,NA,NA,NA,NA,NA,"2022-08-15T15:30:13",15,8,2022,2377096,2377096,"HUMAN_OBSERVATION","iNaturalist","Observations","131160181","","Mitchel Buckner",2022-08-17 04:25:43,"CC_BY_NC_4_0","R.C. Hoover","R.C. Hoover","",NA,2025-06-07 01:37:31.043,"StillImage","COORDINATE_ROUNDED;CONTINENT_DERIVED_FROM_COORDINATES;TAXON_MATCH_TAXON_ID_IGNORED"
3892376872,"50c9509d-22c7-4a22-a47d-8c48425ef4a7","https://www.inaturalist.org/observations/130585831","Animalia","Chordata",NA,"Perciformes","Gobiidae","Bathygobius","Bathygobius soporator",NA,"SPECIES","Bathygobius soporator (Valenciennes, 1837)","Bathygobius soporator","","MX","","Tabasco","PRESENT",NA,"28eb1a3f-1c15-4a95-931a-4af90ecb574d",18.396648,-93.214072,3289,NA,NA,NA,NA,NA,"2022-08-12T22:18:21",12,8,2022,2377096,2377096,"HUMAN_OBSERVATION","iNaturalist","Observations","130585831","","Alberto G. Nadal",2022-08-13 03:19:45,"CC_BY_NC_4_0","Alberto G. Nadal","Alberto G. Nadal","",NA,2025-06-07 00:05:13.5,"StillImage","COORDINATE_ROUNDED;CONTINENT_DERIVED_FROM_COORDINATES;TAXON_MATCH_TAXON_ID_IGNORED"
3892307485,"50c9509d-22c7-4a22-a47d-8c48425ef4a7","https://www.inaturalist.org/observations/129232134","Animalia","Chordata",NA,"Perciformes","Gobiidae","Bathygobius","Bathygobius soporator",NA,"SPECIES","Bathygobius soporator (Valenciennes, 1837)","Bathygobius soporator","","US","","Texas","PRESENT",NA,"28eb1a3f-1c15-4a95-931a-4af90ecb574d",27.634092,-97.236258,5,NA,NA,NA,NA,NA,"2022-08-02T21:02:08",2,8,2022,2377096,2377096,"HUMAN_OBSERVATION","iNaturalist","Observations","129232134","","Aaron Reed",2022-08-05 07:01:18,"CC_BY_NC_4_0","poultrymaster","poultrymaster","",NA,2025-06-07 00:17:17.448,"StillImage","COORDINATE_ROUNDED;CONTINENT_DERIVED_FROM_COORDINATES;TAXON_MATCH_TAXON_ID_IGNORED"
3888834187,"50c9509d-22c7-4a22-a47d-8c48425ef4a7","https://www.inaturalist.org/observations/129616419","Animalia","Chordata",NA,"Perciformes","Gobiidae","Bathygobius","Bathygobius soporator",NA,"SPECIES","Bathygobius soporator (Valenciennes, 1837)","Bathygobius soporator","","US","","Florida","PRESENT",NA,"28eb1a3f-1c15-4a95-931a-4af90ecb574d",24.66527,-81.254028,6,NA,NA,NA,NA,NA,"2022-08-04T13:36:59",4,8,2022,2377096,2377096,"HUMAN_OBSERVATION","iNaturalist","Observations","129616419","","jadenhendrix",2022-08-06 01:05:47,"CC_BY_NC_4_0","jadenhendrix","jadenhendrix","",NA,2025-06-07 02:43:45.477,"StillImage","COORDINATE_ROUNDED;CONTINENT_DERIVED_FROM_COORDINATES;TAXON_MATCH_TAXON_ID_IGNORED"
3873725709,"50c9509d-22c7-4a22-a47d-8c48425ef4a7","https://www.inaturalist.org/observations/121433545","Animalia","Chordata",NA,"Perciformes","Gobiidae","Bathygobius","Bathygobius soporator",NA,"SPECIES","Bathygobius soporator (Valenciennes, 1837)","Bathygobius soporator","","US","","Florida","PRESENT",NA,"28eb1a3f-1c15-4a95-931a-4af90ecb574d",24.654337,-81.299625,8,NA,NA,NA,NA,NA,"2022-05-05T16:07",5,5,2022,2377096,2377096,"HUMAN_OBSERVATION","iNaturalist","Observations","121433545","","Jeff Goddard",2022-06-12 16:22:37,"CC_BY_NC_4_0","Jeff Goddard","Jeff Goddard","",NA,2025-06-07 01:02:38.477,"StillImage","COORDINATE_ROUNDED;CONTINENT_DERIVED_FROM_COORDINATES;TAXON_MATCH_TAXON_ID_IGNORED"
3860179427,"50c9509d-22c7-4a22-a47d-8c48425ef4a7","https://www.inaturalist.org/observations/125101466","Animalia","Chordata",NA,"Perciformes","Gobiidae","Bathygobius","Bathygobius soporator",NA,"SPECIES","Bathygobius soporator (Valenciennes, 1837)","Bathygobius soporator","","US","","Florida","PRESENT",NA,"28eb1a3f-1c15-4a95-931a-4af90ecb574d",30.399805,-87.246987,44,NA,NA,NA,NA,NA,"2022-03-21T20:07:09",21,3,2022,2377096,2377096,"HUMAN_OBSERVATION","iNaturalist","Observations","125101466","","IHUNTA",2022-07-07 00:09:34,"CC_BY_NC_4_0","IHUNTA","IHUNTA","",NA,2025-06-07 01:42:02.701,"StillImage","COORDINATE_ROUNDED;CONTINENT_DERIVED_FROM_COORDINATES;TAXON_MATCH_TAXON_ID_IGNORED"
3859869510,"50c9509d-22c7-4a22-a47d-8c48425ef4a7","https://www.inaturalist.org/observations/125100919","Animalia","Chordata",NA,"Perciformes","Gobiidae","Bathygobius","Bathygobius soporator",NA,"SPECIES","Bathygobius soporator (Valenciennes, 1837)","Bathygobius soporator","","US","","Florida","PRESENT",NA,"28eb1a3f-1c15-4a95-931a-4af90ecb574d",30.425155,-86.6093,7,NA,NA,NA,NA,NA,"2022-03-20T00:22:31",20,3,2022,2377096,2377096,"HUMAN_OBSERVATION","iNaturalist","Observations","125100919","","IHUNTA",2022-07-07 00:05:12,"CC_BY_NC_4_0","IHUNTA","IHUNTA","",NA,2025-06-07 00:50:17.655,"StillImage","CONTINENT_DERIVED_FROM_COORDINATES;TAXON_MATCH_TAXON_ID_IGNORED"
3859615507,"50c9509d-22c7-4a22-a47d-8c48425ef4a7","https://www.inaturalist.org/observations/125100902","Animalia","Chordata",NA,"Perciformes","Gobiidae","Bathygobius","Bathygobius soporator",NA,"SPECIES","Bathygobius soporator (Valenciennes, 1837)","Bathygobius soporator","","US","","Florida","PRESENT",NA,"28eb1a3f-1c15-4a95-931a-4af90ecb574d",30.400367,-86.592613,5,NA,NA,NA,NA,NA,"2022-03-19T23:03:52",19,3,2022,2377096,2377096,"HUMAN_OBSERVATION","iNaturalist","Observations","125100902","","IHUNTA",2022-07-07 00:05:04,"CC_BY_NC_4_0","IHUNTA","IHUNTA","",NA,2025-06-07 00:31:59.385,"StillImage","COORDINATE_ROUNDED;CONTINENT_DERIVED_FROM_COORDINATES;TAXON_MATCH_TAXON_ID_IGNORED"
3859201401,"50c9509d-22c7-4a22-a47d-8c48425ef4a7","https://www.inaturalist.org/observations/123630361","Animalia","Chordata",NA,"Perciformes","Gobiidae","Bathygobius","Bathygobius soporator",NA,"SPECIES","Bathygobius soporator (Valenciennes, 1837)","Bathygobius soporator","","US","","Texas","PRESENT",NA,"28eb1a3f-1c15-4a95-931a-4af90ecb574d",27.83736,-97.051771,22,NA,NA,NA,NA,NA,"2022-06-26T20:15:45",26,6,2022,2377096,2377096,"HUMAN_OBSERVATION","iNaturalist","Observations","123630361","","Andrew Orgill",2022-06-27 01:17:22,"CC_BY_NC_4_0","Andrew Orgill","Andrew Orgill","",NA,2025-06-07 00:04:03.343,"","COORDINATE_ROUNDED;CONTINENT_DERIVED_FROM_COORDINATES;TAXON_MATCH_TAXON_ID_IGNORED"
3858680935,"50c9509d-22c7-4a22-a47d-8c48425ef4a7","https://www.inaturalist.org/observations/122005103","Animalia","Chordata",NA,"Perciformes","Gobiidae","Bathygobius","Bathygobius soporator",NA,"SPECIES","Bathygobius soporator (Valenciennes, 1837)","Bathygobius soporator","","US","","Florida","PRESENT",NA,"28eb1a3f-1c15-4a95-931a-4af90ecb574d",30.125535,-85.730601,89,NA,NA,NA,NA,NA,"2022-06-11T11:52",11,6,2022,2377096,2377096,"HUMAN_OBSERVATION","iNaturalist","Observations","122005103","","Mitchel Buckner",2022-06-16 13:08:18,"CC_BY_NC_4_0","Jeff Garner","Jeff Garner","",NA,2025-06-07 01:12:54.595,"StillImage","COORDINATE_ROUNDED;CONTINENT_DERIVED_FROM_COORDINATES;TAXON_MATCH_TAXON_ID_IGNORED"
3858584386,"50c9509d-22c7-4a22-a47d-8c48425ef4a7","https://www.inaturalist.org/observations/120273901","Animalia","Chordata",NA,"Perciformes","Gobiidae","Bathygobius","Bathygobius soporator",NA,"SPECIES","Bathygobius soporator (Valenciennes, 1837)","Bathygobius soporator","","US","","Florida","PRESENT",NA,"28eb1a3f-1c15-4a95-931a-4af90ecb574d",29.149672,-83.032881,2537,NA,NA,NA,NA,NA,"2022-06-04T22:35:16",4,6,2022,2377096,2377096,"HUMAN_OBSERVATION","iNaturalist","Observations","120273901","","Nick",2022-06-05 03:24:00,"CC_BY_NC_4_0","Nick","Nick","",NA,2025-06-07 00:11:27.471,"StillImage","COORDINATE_ROUNDED;CONTINENT_DERIVED_FROM_COORDINATES;TAXON_MATCH_TAXON_ID_IGNORED"
3858268785,"50c9509d-22c7-4a22-a47d-8c48425ef4a7","https://www.inaturalist.org/observations/91265075","Animalia","Chordata",NA,"Perciformes","Gobiidae","Bathygobius","Bathygobius soporator",NA,"SPECIES","Bathygobius soporator (Valenciennes, 1837)","Bathygobius soporator","","US","","Florida","PRESENT",NA,"28eb1a3f-1c15-4a95-931a-4af90ecb574d",26.023857,-81.734273,4,NA,NA,NA,NA,NA,"2021-08-13T11:43",13,8,2021,2377096,2377096,"HUMAN_OBSERVATION","iNaturalist","Observations","91265075","","James G. Douglass",2022-07-05 01:20:18,"CC_BY_NC_4_0","charlesavenengo","charlesavenengo","",NA,2025-06-07 01:15:42.474,"StillImage","COORDINATE_ROUNDED;CONTINENT_DERIVED_FROM_COORDINATES;TAXON_MATCH_TAXON_ID_IGNORED"
3830603368,"872b0fcc-d7dc-44c8-8175-f5bf18cc28a1","9e90f628-d23a-4615-b0b9-7a7dbb746d14","Animalia","Chordata",NA,"Perciformes","Gobiidae","Bathygobius","Bathygobius soporator",NA,"SPECIES","Bathygobius soporator (Valenciennes, 1837)","Bathygobius soporator (Valenciennes, 1837)","","GP","","","PRESENT",NA,"1928bdf0-f5d2-11dc-8c12-b8a03c50a862",16.14954,-61.58014,10,NA,3,0,NA,NA,"2007-05-31",31,5,2007,2377096,2377096,"HUMAN_OBSERVATION","","","","","LIAGRE Nadia;LIAGRE Nadia;LIAGRE Nadia",2007-05-31,"CC_BY_4_0","","LIAGRE Nadia","",NA,2025-01-31 22:56:12.046,"","COUNTRY_MISMATCH;CONTINENT_DERIVED_FROM_COORDINATES;TAXON_MATCH_TAXON_ID_IGNORED"
3830601538,"872b0fcc-d7dc-44c8-8175-f5bf18cc28a1","0a571404-ef0a-49f5-943a-ca31a078ff6f","Animalia","Chordata",NA,"Perciformes","Gobiidae","Bathygobius","Bathygobius soporator",NA,"SPECIES","Bathygobius soporator (Valenciennes, 1837)","Bathygobius soporator (Valenciennes, 1837)","","GP","","","PRESENT",NA,"1928bdf0-f5d2-11dc-8c12-b8a03c50a862",16.22157,-61.78345,10,NA,2,0,NA,NA,"2007-11-09",9,11,2007,2377096,2377096,"HUMAN_OBSERVATION","","","","","DI MAURO Stéphane;DI MAURO Stéphane;DI MAURO Stéphane",2007-11-09,"CC_BY_4_0","","DI MAURO Stéphane","",NA,2025-01-31 22:56:11.831,"","COUNTRY_MISMATCH;CONTINENT_DERIVED_FROM_COORDINATES;TAXON_MATCH_TAXON_ID_IGNORED"
3830601485,"872b0fcc-d7dc-44c8-8175-f5bf18cc28a1","de6db66f-36cb-4be0-a7e4-0fab8150b839","Animalia","Chordata",NA,"Perciformes","Gobiidae","Bathygobius","Bathygobius soporator",NA,"SPECIES","Bathygobius soporator (Valenciennes, 1837)","Bathygobius soporator (Valenciennes, 1837)","","GP","","","PRESENT",NA,"1928bdf0-f5d2-11dc-8c12-b8a03c50a862",16.05342,-61.55662,10,NA,1,0,NA,NA,"2009-02-05",5,2,2009,2377096,2377096,"HUMAN_OBSERVATION","","","","","DI MAURO Stéphane;DI MAURO Stéphane;DI MAURO Stéphane",2009-02-05,"CC_BY_4_0","","DI MAURO Stéphane","",NA,2025-01-31 22:56:11.827,"","COUNTRY_MISMATCH;CONTINENT_DERIVED_FROM_COORDINATES;TAXON_MATCH_TAXON_ID_IGNORED"
3830600403,"872b0fcc-d7dc-44c8-8175-f5bf18cc28a1","013450e9-6ce5-4b35-a010-a35422b93095","Animalia","Chordata",NA,"Perciformes","Gobiidae","Bathygobius","Bathygobius soporator",NA,"SPECIES","Bathygobius soporator (Valenciennes, 1837)","Bathygobius soporator (Valenciennes, 1837)","","GP","","","PRESENT",NA,"1928bdf0-f5d2-11dc-8c12-b8a03c50a862",16.06801,-61.76826,10,NA,1,0,NA,NA,"2008-11-18",18,11,2008,2377096,2377096,"HUMAN_OBSERVATION","","","","","DI MAURO Stéphane;DI MAURO Stéphane;DI MAURO Stéphane",2008-11-18,"CC_BY_4_0","","DI MAURO Stéphane","",NA,2025-01-31 22:56:11.686,"","COUNTRY_MISMATCH;CONTINENT_DERIVED_FROM_COORDINATES;TAXON_MATCH_TAXON_ID_IGNORED"
3813128460,"47f75ea9-ad74-47ab-919a-b8c8d4f1fce3","NG:NCB:UL_SW_Coastal_Animals:0000158","Animalia","Chordata",NA,"Perciformes","Gobiidae","Bathygobius","Bathygobius soporator",NA,"SPECIES","Bathygobius soporator (Valenciennes, 1837)","Bathygobius soporator Valenciennes, 1837","Valenciennes, 1837","NG","Epe lagoon","Lagos","PRESENT",NA,"bdee9e20-df5e-4ef8-a012-53d2e83010e4",6.519147,3.5192,NA,NA,NA,NA,NA,NA,"2012",NA,NA,2012,2377096,2377096,"HUMAN_OBSERVATION","","","","","Soyinka OO;Ebigbo C.H",NA,"CC_BY_4_0","","Soyinka OO;Ebigbo C.H","",NA,2025-01-31 20:11:19.295,"","COORDINATE_ROUNDED;GEODETIC_DATUM_ASSUMED_WGS84"
3784990301,"50c9509d-22c7-4a22-a47d-8c48425ef4a7","http://www.inaturalist.org/observations/1854465","Animalia","Chordata",NA,"Perciformes","Gobiidae","Bathygobius","Bathygobius soporator",NA,"SPECIES","Bathygobius soporator (Valenciennes, 1837)","Bathygobius soporator","","US","","Florida","PRESENT",NA,"28eb1a3f-1c15-4a95-931a-4af90ecb574d",28.410351,-80.618816,3284,NA,NA,NA,NA,NA,"2015-08-07",7,8,2015,2377096,2377096,"HUMAN_OBSERVATION","iNaturalist","Observations","1854465","","Matt Neilson",2020-12-22 16:51:43,"CC_BY_NC_4_0","Marisa Agarwal","Marisa Agarwal","",NA,2025-06-07 01:29:33.28,"StillImage","CONTINENT_DERIVED_FROM_COORDINATES;TAXON_MATCH_TAXON_ID_IGNORED"
3784848321,"50c9509d-22c7-4a22-a47d-8c48425ef4a7","https://www.inaturalist.org/observations/43041289","Animalia","Chordata",NA,"Perciformes","Gobiidae","Bathygobius","Bathygobius soporator",NA,"SPECIES","Bathygobius soporator (Valenciennes, 1837)","Bathygobius soporator","","GF","","Cayenne","PRESENT",NA,"28eb1a3f-1c15-4a95-931a-4af90ecb574d",4.940789,-52.484861,15,NA,NA,NA,NA,NA,"2018-09-13T18:11",13,9,2018,2377096,2377096,"HUMAN_OBSERVATION","iNaturalist","Observations","43041289","","Thomas Menut",2020-04-24 08:11:29,"CC_BY_NC_4_0","Thomas Menut","Thomas Menut","",NA,2025-06-07 00:59:22.133,"StillImage","COORDINATE_ROUNDED;CONTINENT_DERIVED_FROM_COORDINATES;TAXON_MATCH_TAXON_ID_IGNORED"
3784798301,"50c9509d-22c7-4a22-a47d-8c48425ef4a7","http://www.inaturalist.org/observations/2789791","Animalia","Chordata",NA,"Perciformes","Gobiidae","Bathygobius","Bathygobius soporator",NA,"SPECIES","Bathygobius soporator (Valenciennes, 1837)","Bathygobius soporator","","US","","Florida","PRESENT",NA,"28eb1a3f-1c15-4a95-931a-4af90ecb574d",26.546072,-82.004539,NA,NA,NA,NA,NA,NA,"2016-03-15T12:13:44",15,3,2016,2377096,2377096,"HUMAN_OBSERVATION","iNaturalist","Observations","2789791","","Matt Neilson",2020-12-22 16:51:22,"CC_BY_NC_4_0","bluegill","bluegill","",NA,2025-06-07 02:30:53.328,"StillImage","COORDINATE_ROUNDED;CONTINENT_DERIVED_FROM_COORDINATES;TAXON_MATCH_TAXON_ID_IGNORED"
3784725303,"50c9509d-22c7-4a22-a47d-8c48425ef4a7","https://www.inaturalist.org/observations/9821288","Animalia","Chordata",NA,"Perciformes","Gobiidae","Bathygobius","Bathygobius soporator",NA,"SPECIES","Bathygobius soporator (Valenciennes, 1837)","Bathygobius soporator","","US","","Florida","PRESENT",NA,"28eb1a3f-1c15-4a95-931a-4af90ecb574d",27.416252,-82.574256,NA,NA,NA,NA,NA,NA,"2013-09-01T14:56",1,9,2013,2377096,2377096,"HUMAN_OBSERVATION","iNaturalist","Observations","9821288","","Matt Neilson",2020-12-16 21:17:01,"CC_BY_NC_4_0","pmk00001","pmk00001","",NA,2025-06-06 23:49:17.506,"StillImage","CONTINENT_DERIVED_FROM_COORDINATES;TAXON_MATCH_TAXON_ID_IGNORED"
3773480549,"50c9509d-22c7-4a22-a47d-8c48425ef4a7","https://www.inaturalist.org/observations/116568746","Animalia","Chordata",NA,"Perciformes","Gobiidae","Bathygobius","Bathygobius soporator",NA,"SPECIES","Bathygobius soporator (Valenciennes, 1837)","Bathygobius soporator","","US","","Florida","PRESENT",NA,"28eb1a3f-1c15-4a95-931a-4af90ecb574d",29.147608,-80.976333,20,NA,NA,NA,NA,NA,"2022-02-09T23:02",9,2,2022,2377096,2377096,"HUMAN_OBSERVATION","iNaturalist","Observations","116568746","","IHUNTA",2022-05-11 15:51:39,"CC_BY_NC_4_0","IHUNTA","IHUNTA","",NA,2025-06-07 00:56:20.669,"StillImage","COORDINATE_ROUNDED;CONTINENT_DERIVED_FROM_COORDINATES;TAXON_MATCH_TAXON_ID_IGNORED"
3773357050,"50c9509d-22c7-4a22-a47d-8c48425ef4a7","https://www.inaturalist.org/observations/116413709","Animalia","Chordata",NA,"Perciformes","Gobiidae","Bathygobius","Bathygobius soporator",NA,"SPECIES","Bathygobius soporator (Valenciennes, 1837)","Bathygobius soporator","","US","","Florida","PRESENT",NA,"28eb1a3f-1c15-4a95-931a-4af90ecb574d",27.416243,-82.574365,2,NA,NA,NA,NA,NA,"2022-05-10T08:09",10,5,2022,2377096,2377096,"HUMAN_OBSERVATION","iNaturalist","Observations","116413709","","moose439",2022-05-10 13:17:17,"CC_BY_NC_4_0","moose439","moose439","",NA,2025-06-06 23:55:42.3,"StillImage","COORDINATE_ROUNDED;CONTINENT_DERIVED_FROM_COORDINATES;TAXON_MATCH_TAXON_ID_IGNORED"
3773308470,"50c9509d-22c7-4a22-a47d-8c48425ef4a7","https://www.inaturalist.org/observations/103864752","Animalia","Chordata",NA,"Perciformes","Gobiidae","Bathygobius","Bathygobius soporator",NA,"SPECIES","Bathygobius soporator (Valenciennes, 1837)","Bathygobius soporator","","US","","Florida","PRESENT",NA,"28eb1a3f-1c15-4a95-931a-4af90ecb574d",29.91663,-81.298088,16,NA,NA,NA,NA,NA,"2021-12-28T16:54:14",28,12,2021,2377096,2377096,"HUMAN_OBSERVATION","iNaturalist","Observations","103864752","","Luke Smith",2021-12-29 03:38:46,"CC_BY_NC_4_0","Luke Smith","Luke Smith","",NA,2025-06-07 02:47:34.561,"StillImage","COORDINATE_ROUNDED;CONTINENT_DERIVED_FROM_COORDINATES;TAXON_MATCH_TAXON_ID_IGNORED"
3773271431,"50c9509d-22c7-4a22-a47d-8c48425ef4a7","https://www.inaturalist.org/observations/116483943","Animalia","Chordata",NA,"Perciformes","Gobiidae","Bathygobius","Bathygobius soporator",NA,"SPECIES","Bathygobius soporator (Valenciennes, 1837)","Bathygobius soporator","","US","","Florida","PRESENT",NA,"28eb1a3f-1c15-4a95-931a-4af90ecb574d",28.490798,-82.652875,NA,NA,NA,NA,NA,NA,"2022-05-10T16:26",10,5,2022,2377096,2377096,"HUMAN_OBSERVATION","iNaturalist","Observations","116483943","","Squidpastry",2022-05-10 22:41:03,"CC_BY_4_0","Leila Dasher","Leila Dasher","",NA,2025-06-07 02:37:26.128,"StillImage","COORDINATE_ROUNDED;CONTINENT_DERIVED_FROM_COORDINATES;TAXON_MATCH_TAXON_ID_IGNORED"
3773197479,"50c9509d-22c7-4a22-a47d-8c48425ef4a7","https://www.inaturalist.org/observations/103864736","Animalia","Chordata",NA,"Perciformes","Gobiidae","Bathygobius","Bathygobius soporator",NA,"SPECIES","Bathygobius soporator (Valenciennes, 1837)","Bathygobius soporator","","US","","Florida","PRESENT",NA,"28eb1a3f-1c15-4a95-931a-4af90ecb574d",29.91657,-81.298142,32,NA,NA,NA,NA,NA,"2021-12-28T16:49:55",28,12,2021,2377096,2377096,"HUMAN_OBSERVATION","iNaturalist","Observations","103864736","","Luke Smith",2021-12-29 03:38:15,"CC_BY_NC_4_0","Luke Smith","Luke Smith","",NA,2025-06-07 02:41:02.254,"StillImage","COORDINATE_ROUNDED;CONTINENT_DERIVED_FROM_COORDINATES;TAXON_MATCH_TAXON_ID_IGNORED"
3773132430,"50c9509d-22c7-4a22-a47d-8c48425ef4a7","https://www.inaturalist.org/observations/91709778","Animalia","Chordata",NA,"Perciformes","Gobiidae","Bathygobius","Bathygobius soporator",NA,"SPECIES","Bathygobius soporator (Valenciennes, 1837)","Bathygobius soporator","","US","","Florida","PRESENT",NA,"28eb1a3f-1c15-4a95-931a-4af90ecb574d",30.40459,-86.571369,5646,NA,NA,NA,NA,NA,"2021-08-18T17:48:46Z",18,8,2021,2377096,2377096,"HUMAN_OBSERVATION","iNaturalist","Observations","91709778","","donovanlindo",2021-08-19 17:51:09,"CC_BY_NC_4_0","donovanlindo","donovanlindo","",NA,2025-06-07 02:35:25.246,"StillImage","COORDINATE_ROUNDED;CONTINENT_DERIVED_FROM_COORDINATES;TAXON_MATCH_TAXON_ID_IGNORED"
3773011502,"50c9509d-22c7-4a22-a47d-8c48425ef4a7","https://www.inaturalist.org/observations/103864726","Animalia","Chordata",NA,"Perciformes","Gobiidae","Bathygobius","Bathygobius soporator",NA,"SPECIES","Bathygobius soporator (Valenciennes, 1837)","Bathygobius soporator","","US","","Florida","PRESENT",NA,"28eb1a3f-1c15-4a95-931a-4af90ecb574d",29.917067,-81.298403,139,NA,NA,NA,NA,NA,"2021-12-28T16:48:02",28,12,2021,2377096,2377096,"HUMAN_OBSERVATION","iNaturalist","Observations","103864726","","Luke Smith",2021-12-29 03:37:48,"CC_BY_NC_4_0","Luke Smith","Luke Smith","",NA,2025-06-07 02:40:04.41,"StillImage","COORDINATE_ROUNDED;CONTINENT_DERIVED_FROM_COORDINATES;TAXON_MATCH_TAXON_ID_IGNORED"
3773006741,"50c9509d-22c7-4a22-a47d-8c48425ef4a7","https://www.inaturalist.org/observations/116622302","Animalia","Chordata",NA,"Perciformes","Gobiidae","Bathygobius","Bathygobius soporator",NA,"SPECIES","Bathygobius soporator (Valenciennes, 1837)","Bathygobius soporator","","US","","North Carolina","PRESENT",NA,"28eb1a3f-1c15-4a95-931a-4af90ecb574d",35.770642,-75.528289,4,NA,NA,NA,NA,NA,"2021-07-18T11:55",18,7,2021,2377096,2377096,"HUMAN_OBSERVATION","iNaturalist","Observations","116622302","","IHUNTA",2022-05-11 23:04:22,"CC_BY_NC_4_0","IHUNTA","IHUNTA","",NA,2025-06-07 00:01:46.62,"StillImage","COORDINATE_ROUNDED;CONTINENT_DERIVED_FROM_COORDINATES;TAXON_MATCH_TAXON_ID_IGNORED"
3772789485,"50c9509d-22c7-4a22-a47d-8c48425ef4a7","https://www.inaturalist.org/observations/103864710","Animalia","Chordata",NA,"Perciformes","Gobiidae","Bathygobius","Bathygobius soporator",NA,"SPECIES","Bathygobius soporator (Valenciennes, 1837)","Bathygobius soporator","","US","","Florida","PRESENT",NA,"28eb1a3f-1c15-4a95-931a-4af90ecb574d",29.9167,-81.29812,16,NA,NA,NA,NA,NA,"2021-12-28T16:41:07",28,12,2021,2377096,2377096,"HUMAN_OBSERVATION","iNaturalist","Observations","103864710","","Luke Smith",2021-12-29 03:37:20,"CC_BY_NC_4_0","Luke Smith","Luke Smith","",NA,2025-06-07 00:00:36.512,"StillImage","CONTINENT_DERIVED_FROM_COORDINATES;TAXON_MATCH_TAXON_ID_IGNORED"
3772632557,"50c9509d-22c7-4a22-a47d-8c48425ef4a7","https://www.inaturalist.org/observations/112272478","Animalia","Chordata",NA,"Perciformes","Gobiidae","Bathygobius","Bathygobius soporator",NA,"SPECIES","Bathygobius soporator (Valenciennes, 1837)","Bathygobius soporator","","US","","Florida","PRESENT",NA,"28eb1a3f-1c15-4a95-931a-4af90ecb574d",29.173863,-82.796708,1614,NA,NA,NA,NA,NA,"2022-04-21T11:09:57",21,4,2022,2377096,2377096,"HUMAN_OBSERVATION","iNaturalist","Observations","112272478","","sam_cheverie",2022-04-21 15:11:20,"CC_BY_NC_4_0","sam_cheverie","sam_cheverie","",NA,2025-06-07 01:14:55.79,"StillImage","COORDINATE_ROUNDED;CONTINENT_DERIVED_FROM_COORDINATES;TAXON_MATCH_TAXON_ID_IGNORED"
3772601494,"50c9509d-22c7-4a22-a47d-8c48425ef4a7","https://www.inaturalist.org/observations/103864685","Animalia","Chordata",NA,"Perciformes","Gobiidae","Bathygobius","Bathygobius soporator",NA,"SPECIES","Bathygobius soporator (Valenciennes, 1837)","Bathygobius soporator","","US","","Florida","PRESENT",NA,"28eb1a3f-1c15-4a95-931a-4af90ecb574d",29.9166,-81.298063,12,NA,NA,NA,NA,NA,"2021-12-28T16:37:14",28,12,2021,2377096,2377096,"HUMAN_OBSERVATION","iNaturalist","Observations","103864685","","Luke Smith",2021-12-29 03:36:53,"CC_BY_NC_4_0","Luke Smith","Luke Smith","",NA,2025-06-07 00:41:45.131,"StillImage","COORDINATE_ROUNDED;CONTINENT_DERIVED_FROM_COORDINATES;TAXON_MATCH_TAXON_ID_IGNORED"
3760181874,"50c9509d-22c7-4a22-a47d-8c48425ef4a7","https://www.inaturalist.org/observations/111317166","Animalia","Chordata",NA,"Perciformes","Gobiidae","Bathygobius","Bathygobius soporator",NA,"SPECIES","Bathygobius soporator (Valenciennes, 1837)","Bathygobius soporator","","BR","","São Paulo","PRESENT",NA,"28eb1a3f-1c15-4a95-931a-4af90ecb574d",-23.793003,-45.587768,127,NA,NA,NA,NA,NA,"2022-02-02T17:02:22",2,2,2022,2377096,2377096,"HUMAN_OBSERVATION","iNaturalist","Observations","111317166","","Felipe C. Balbino Santos",2022-04-13 16:09:21,"CC_BY_NC_4_0","Felipe C. Balbino Santos","Felipe C. Balbino Santos","",NA,2025-06-07 02:44:07.191,"StillImage","COORDINATE_ROUNDED;CONTINENT_DERIVED_FROM_COORDINATES;TAXON_MATCH_TAXON_ID_IGNORED"
3759699765,"50c9509d-22c7-4a22-a47d-8c48425ef4a7","https://www.inaturalist.org/observations/98880661","Animalia","Chordata",NA,"Perciformes","Gobiidae","Bathygobius","Bathygobius soporator",NA,"SPECIES","Bathygobius soporator (Valenciennes, 1837)","Bathygobius soporator","","US","","Texas","PRESENT",NA,"28eb1a3f-1c15-4a95-931a-4af90ecb574d",28.936072,-95.294145,17,NA,NA,NA,NA,NA,"2021-10-11T12:45:10Z",11,10,2021,2377096,2377096,"HUMAN_OBSERVATION","iNaturalist","Observations","98880661","","alexarcia",2021-10-21 13:56:47,"CC_BY_NC_4_0","alexarcia","alexarcia","",NA,2025-06-07 01:20:40.599,"StillImage","COORDINATE_ROUNDED;CONTINENT_DERIVED_FROM_COORDINATES;TAXON_MATCH_TAXON_ID_IGNORED"
3759607758,"50c9509d-22c7-4a22-a47d-8c48425ef4a7","https://www.inaturalist.org/observations/111266310","Animalia","Chordata",NA,"Perciformes","Gobiidae","Bathygobius","Bathygobius soporator",NA,"SPECIES","Bathygobius soporator (Valenciennes, 1837)","Bathygobius soporator","","US","","North Carolina","PRESENT",NA,"28eb1a3f-1c15-4a95-931a-4af90ecb574d",35.77065,-75.528244,4,NA,NA,NA,NA,NA,"2021-10-08T22:02",8,10,2021,2377096,2377096,"HUMAN_OBSERVATION","iNaturalist","Observations","111266310","","IHUNTA",2022-04-13 01:31:45,"CC_BY_NC_4_0","IHUNTA","IHUNTA","",NA,2025-06-07 01:00:29.112,"StillImage","COORDINATE_ROUNDED;CONTINENT_DERIVED_FROM_COORDINATES;TAXON_MATCH_TAXON_ID_IGNORED"
3757657495,"a4a260a5-eb00-42f0-a6e9-8f468c51db2b","PNALR_DMS_Ago_2005_12am_R_46","Animalia","Chordata",NA,"Perciformes","Gobiidae","Bathygobius","Bathygobius soporator",NA,"SPECIES","Bathygobius soporator (Valenciennes, 1837)","Bathygobius soporator","(Valenciennes, 1837)","VE","Dos Mosquises Sur","","PRESENT",NA,"1e9400fa-ce73-4737-9eaa-f25df148945c",11.794765,-66.890255,NA,NA,NA,NA,2,NA,"2005-08-17",17,8,2005,2377096,2377096,"HUMAN_OBSERVATION","UCV","","","","Adriana Lopez Ordaz",NA,"CC_BY_NC_4_0","","","",NA,2025-02-06 18:19:29.851,"",""
3757657488,"a4a260a5-eb00-42f0-a6e9-8f468c51db2b","PNALR_DMS_Jan_2006_12am_Ch_130","Animalia","Chordata",NA,"Perciformes","Gobiidae","Bathygobius","Bathygobius soporator",NA,"SPECIES","Bathygobius soporator (Valenciennes, 1837)","Bathygobius soporator","(Valenciennes, 1837)","VE","Dos Mosquises Sur","","PRESENT",NA,"1e9400fa-ce73-4737-9eaa-f25df148945c",11.794039,-66.890047,NA,NA,NA,NA,2,NA,"2006-01-15",15,1,2006,2377096,2377096,"HUMAN_OBSERVATION","UCV","","","","Adriana Lopez Ordaz",NA,"CC_BY_NC_4_0","","","",NA,2025-02-06 18:19:29.822,"","COORDINATE_ROUNDED"
3757657386,"a4a260a5-eb00-42f0-a6e9-8f468c51db2b","PNALR_DMS_Ago_2005_06am_Ch_6","Animalia","Chordata",NA,"Perciformes","Gobiidae","Bathygobius","Bathygobius soporator",NA,"SPECIES","Bathygobius soporator (Valenciennes, 1837)","Bathygobius soporator","(Valenciennes, 1837)","VE","Dos Mosquises Sur","","PRESENT",NA,"1e9400fa-ce73-4737-9eaa-f25df148945c",11.795239,-66.890275,NA,NA,NA,NA,2,NA,"2005-08-18",18,8,2005,2377096,2377096,"HUMAN_OBSERVATION","UCV","","","","Adriana Lopez Ordaz",NA,"CC_BY_NC_4_0","","","",NA,2025-02-06 18:19:29.59,"","COORDINATE_ROUNDED"
3757657376,"a4a260a5-eb00-42f0-a6e9-8f468c51db2b","PNALR_DMS_Jan_2006_6pm_R_176","Animalia","Chordata",NA,"Perciformes","Gobiidae","Bathygobius","Bathygobius soporator",NA,"SPECIES","Bathygobius soporator (Valenciennes, 1837)","Bathygobius soporator","(Valenciennes, 1837)","VE","Dos Mosquises Sur","","PRESENT",NA,"1e9400fa-ce73-4737-9eaa-f25df148945c",11.79516,-66.890502,NA,NA,NA,NA,2,NA,"2006-01-16",16,1,2006,2377096,2377096,"HUMAN_OBSERVATION","UCV","","","","Adriana Lopez Ordaz",NA,"CC_BY_NC_4_0","","","",NA,2025-02-06 18:19:29.569,"",""
3757657368,"a4a260a5-eb00-42f0-a6e9-8f468c51db2b","PNALR_DMS_Ago_2005_6pm_R_75","Animalia","Chordata",NA,"Perciformes","Gobiidae","Bathygobius","Bathygobius soporator",NA,"SPECIES","Bathygobius soporator (Valenciennes, 1837)","Bathygobius soporator","(Valenciennes, 1837)","VE","Dos Mosquises Sur","","PRESENT",NA,"1e9400fa-ce73-4737-9eaa-f25df148945c",11.794069,-66.890199,NA,NA,NA,NA,2,NA,"2005-08-16",16,8,2005,2377096,2377096,"HUMAN_OBSERVATION","UCV","","","","Adriana Lopez Ordaz",NA,"CC_BY_NC_4_0","","","",NA,2025-02-06 18:19:29.549,"",""
3757657360,"a4a260a5-eb00-42f0-a6e9-8f468c51db2b","PNALR_DMS_Ago_2005_12pm_R_98","Animalia","Chordata",NA,"Perciformes","Gobiidae","Bathygobius","Bathygobius soporator",NA,"SPECIES","Bathygobius soporator (Valenciennes, 1837)","Bathygobius soporator","(Valenciennes, 1837)","VE","Dos Mosquises Sur","","PRESENT",NA,"1e9400fa-ce73-4737-9eaa-f25df148945c",11.79505,-66.890481,NA,NA,NA,NA,2,NA,"2005-08-19",19,8,2005,2377096,2377096,"HUMAN_OBSERVATION","UCV","","","","Adriana Lopez Ordaz",NA,"CC_BY_NC_4_0","","","",NA,2025-02-06 18:19:29.504,"",""
3757657349,"a4a260a5-eb00-42f0-a6e9-8f468c51db2b","PNALR_DMS_Jan_2006_6pm_Ch_157","Animalia","Chordata",NA,"Perciformes","Gobiidae","Bathygobius","Bathygobius soporator",NA,"SPECIES","Bathygobius soporator (Valenciennes, 1837)","Bathygobius soporator","(Valenciennes, 1837)","VE","Dos Mosquises Sur","","PRESENT",NA,"1e9400fa-ce73-4737-9eaa-f25df148945c",11.794889,-66.890122,NA,NA,NA,NA,2,NA,"2006-01-16",16,1,2006,2377096,2377096,"HUMAN_OBSERVATION","UCV","","","","Adriana Lopez Ordaz",NA,"CC_BY_NC_4_0","","","",NA,2025-02-06 18:19:29.465,"","COORDINATE_ROUNDED"
3757657331,"a4a260a5-eb00-42f0-a6e9-8f468c51db2b","PNALR_DMS_Jan_2006_12pm_Ch_185","Animalia","Chordata",NA,"Perciformes","Gobiidae","Bathygobius","Bathygobius soporator",NA,"SPECIES","Bathygobius soporator (Valenciennes, 1837)","Bathygobius soporator","(Valenciennes, 1837)","VE","Dos Mosquises Sur","","PRESENT",NA,"1e9400fa-ce73-4737-9eaa-f25df148945c",11.794947,-66.890405,NA,NA,NA,NA,2,NA,"2006-01-16",16,1,2006,2377096,2377096,"HUMAN_OBSERVATION","UCV","","","","Adriana Lopez Ordaz",NA,"CC_BY_NC_4_0","","","",NA,2025-02-06 18:19:29.423,"",""
3757657326,"a4a260a5-eb00-42f0-a6e9-8f468c51db2b","PNALR_DMS_Ago_2005_6pm_Ch_53","Animalia","Chordata",NA,"Perciformes","Gobiidae","Bathygobius","Bathygobius soporator",NA,"SPECIES","Bathygobius soporator (Valenciennes, 1837)","Bathygobius soporator","(Valenciennes, 1837)","VE","Dos Mosquises Sur","","PRESENT",NA,"1e9400fa-ce73-4737-9eaa-f25df148945c",11.795008,-66.890158,NA,NA,NA,NA,2,NA,"2005-08-16",16,8,2005,2377096,2377096,"HUMAN_OBSERVATION","UCV","","","","Adriana Lopez Ordaz",NA,"CC_BY_NC_4_0","","","",NA,2025-02-06 18:19:29.412,"","COORDINATE_ROUNDED"
3754657319,"ca7da026-6d2c-463c-804b-c73bc1a52784","SanEsteban_Yapascua_2014_Bsoporator","Animalia","Chordata",NA,"Perciformes","Gobiidae","Bathygobius","Bathygobius soporator",NA,"SPECIES","Bathygobius soporator (Valenciennes, 1837)","Bathygobius soporator","(Valenciennes, 1837)","VE","Yapascual, PN San Esteban","","PRESENT",NA,"1e9400fa-ce73-4737-9eaa-f25df148945c",10.47,-67.9,NA,NA,NA,NA,1.5,0.5,"2014",NA,NA,2014,2377096,2377096,"HUMAN_OBSERVATION","BiomacUC","","","","Jose Rodriguez",NA,"CC_BY_4_0","","Jose Rodriguez","",NA,2025-02-01 01:01:37.442,"",""
3466239667,"50c9509d-22c7-4a22-a47d-8c48425ef4a7","https://www.inaturalist.org/observations/104227835","Animalia","Chordata",NA,"Perciformes","Gobiidae","Bathygobius","Bathygobius soporator",NA,"SPECIES","Bathygobius soporator (Valenciennes, 1837)","Bathygobius soporator","","US","","Florida","PRESENT",NA,"28eb1a3f-1c15-4a95-931a-4af90ecb574d",27.011649,-82.410356,173,NA,NA,NA,NA,NA,"2022-01-02T15:31:35",2,1,2022,2377096,2377096,"HUMAN_OBSERVATION","iNaturalist","Observations","104227835","","Alexis Desmarais",2022-01-02 23:26:17,"CC_BY_NC_4_0","Alexis Desmarais","Alexis Desmarais","",NA,2025-06-07 01:56:01.249,"StillImage","COORDINATE_ROUNDED;CONTINENT_DERIVED_FROM_COORDINATES;TAXON_MATCH_TAXON_ID_IGNORED"
3456307117,"50c9509d-22c7-4a22-a47d-8c48425ef4a7","https://www.inaturalist.org/observations/91069416","Animalia","Chordata",NA,"Perciformes","Gobiidae","Bathygobius","Bathygobius soporator",NA,"SPECIES","Bathygobius soporator (Valenciennes, 1837)","Bathygobius soporator","","US","","Florida","PRESENT",NA,"28eb1a3f-1c15-4a95-931a-4af90ecb574d",29.902967,-81.312562,6,NA,NA,NA,NA,NA,"2021-08-13T20:25:22",13,8,2021,2377096,2377096,"HUMAN_OBSERVATION","iNaturalist","Observations","91069416","","Luke Smith",2021-08-14 02:17:51,"CC_BY_NC_4_0","Luke Smith","Luke Smith","",NA,2025-06-07 00:49:04.633,"StillImage","COORDINATE_ROUNDED;CONTINENT_DERIVED_FROM_COORDINATES;TAXON_MATCH_TAXON_ID_IGNORED"
3455183479,"50c9509d-22c7-4a22-a47d-8c48425ef4a7","https://www.inaturalist.org/observations/33597597","Animalia","Chordata",NA,"Perciformes","Gobiidae","Bathygobius","Bathygobius soporator",NA,"SPECIES","Bathygobius soporator (Valenciennes, 1837)","Bathygobius soporator","","US","","Florida","PRESENT",NA,"28eb1a3f-1c15-4a95-931a-4af90ecb574d",29.916513,-81.298395,6,NA,NA,NA,NA,NA,"2019-09-27T13:42:42",27,9,2019,2377096,2377096,"HUMAN_OBSERVATION","iNaturalist","Observations","33597597","","Matt Neilson",2020-12-16 20:53:29,"CC_BY_NC_4_0","dcoriell","dcoriell","",NA,2025-06-06 23:52:20.862,"StillImage","COORDINATE_ROUNDED;CONTINENT_DERIVED_FROM_COORDINATES;TAXON_MATCH_TAXON_ID_IGNORED"
3418977331,"5f647492-7aee-4c5e-8a95-fc6ef54b54ce","IAvH:CBB:SANANDRESYPROVIDENCIA:HIDROBIOLOGICOS:ESPECIMENPRESERVADO:I2D-BIO_2021_106:08","Animalia","Chordata",NA,"Perciformes","Gobiidae","Bathygobius","Bathygobius soporator",NA,"SPECIES","Bathygobius soporator (Valenciennes, 1837)","Bathygobius soporator","""""""Valenciennes, 1837""""""","CO","""""""Salt Creek, entre la desembocadura y el puente""""""","""""""Archipiélago de San Andrés, Providencia y Santa Catalina""""""","PRESENT",NA,"2a7e3080-28a9-11dd-97cd-b8a03c50a862",13.358692,-81.391831,NA,NA,12,0,NA,NA,"2021-10-12",12,10,2021,2377096,2377096,"HUMAN_OBSERVATION","Instituto de Investigación de Recursos Biológicos Alexander von Humboldt (IAvH)","Colección de Peces del Instituto de Investigación de Recursos Biológicos Alexander von Humboldt (IAvH-P)","IAvH-P-28395","PV-49","Carlos DoNascimiento",2021-10-29,"CC_BY_NC_4_0","","Magda Susana Bernal Sierra;Carlos DoNascimiento;Carlos Lasso","",NA,2025-05-28 04:21:52.795,"","COORDINATE_ROUNDED;CONTINENT_COORDINATE_MISMATCH"
3418977301,"5f647492-7aee-4c5e-8a95-fc6ef54b54ce","IAvH:CBB:SANANDRESYPROVIDENCIA:HIDROBIOLOGICOS:ESPECIMENPRESERVADO:I2D-BIO_2021_106:26","Animalia","Chordata",NA,"Perciformes","Gobiidae","Bathygobius","Bathygobius soporator",NA,"SPECIES","Bathygobius soporator (Valenciennes, 1837)","Bathygobius soporator","""""""Valenciennes, 1837""""""","CO","Manchebay Manzanillo Gully (route 1)","""""""Archipiélago de San Andrés, Providencia y Santa Catalina""""""","PRESENT",NA,"2a7e3080-28a9-11dd-97cd-b8a03c50a862",13.327442,-81.377278,NA,NA,7,0,NA,NA,"2021-10-14",14,10,2021,2377096,2377096,"HUMAN_OBSERVATION","Instituto de Investigación de Recursos Biológicos Alexander von Humboldt (IAvH)","Colección de Peces del Instituto de Investigación de Recursos Biológicos Alexander von Humboldt (IAvH-P)","IAvH-P-28413","PV-52","Carlos DoNascimiento",2021-10-29,"CC_BY_NC_4_0","","Magda Susana Bernal Sierra;Carlos DoNascimiento;Carlos Lasso","",NA,2025-05-28 04:21:51.845,"","COORDINATE_ROUNDED;CONTINENT_COORDINATE_MISMATCH"
3408152332,"50c9509d-22c7-4a22-a47d-8c48425ef4a7","https://www.inaturalist.org/observations/100276963","Animalia","Chordata",NA,"Perciformes","Gobiidae","Bathygobius","Bathygobius soporator",NA,"SPECIES","Bathygobius soporator (Valenciennes, 1837)","Bathygobius soporator","","US","","North Carolina","PRESENT",NA,"28eb1a3f-1c15-4a95-931a-4af90ecb574d",34.719056,-76.716003,11,NA,NA,NA,NA,NA,"2021-10-30T23:14",30,10,2021,2377096,2377096,"HUMAN_OBSERVATION","iNaturalist","Observations","100276963","","IHUNTA",2021-11-05 00:40:32,"CC_BY_NC_4_0","IHUNTA","IHUNTA","",NA,2025-06-06 23:58:13.111,"StillImage","COORDINATE_ROUNDED;CONTINENT_DERIVED_FROM_COORDINATES;TAXON_MATCH_TAXON_ID_IGNORED"
3384010279,"50c9509d-22c7-4a22-a47d-8c48425ef4a7","https://www.inaturalist.org/observations/96164838","Animalia","Chordata",NA,"Perciformes","Gobiidae","Bathygobius","Bathygobius soporator",NA,"SPECIES","Bathygobius soporator (Valenciennes, 1837)","Bathygobius soporator","","US","","Florida","PRESENT",NA,"28eb1a3f-1c15-4a95-931a-4af90ecb574d",29.398942,-83.205003,6326,NA,NA,NA,NA,NA,"2021-09-25T13:50:09",25,9,2021,2377096,2377096,"HUMAN_OBSERVATION","iNaturalist","Observations","96164838","","Luke Smith",2021-09-26 00:23:43,"CC_BY_NC_4_0","Luke Smith","Luke Smith","",NA,2025-06-07 01:33:06.989,"StillImage","COORDINATE_ROUNDED;CONTINENT_DERIVED_FROM_COORDINATES;TAXON_MATCH_TAXON_ID_IGNORED"
3355486302,"50c9509d-22c7-4a22-a47d-8c48425ef4a7","http://www.inaturalist.org/observations/758704","Animalia","Chordata",NA,"Perciformes","Gobiidae","Bathygobius","Bathygobius soporator",NA,"SPECIES","Bathygobius soporator (Valenciennes, 1837)","Bathygobius soporator","","US","","Florida","PRESENT",NA,"28eb1a3f-1c15-4a95-931a-4af90ecb574d",24.824026,-80.813678,933,NA,NA,NA,NA,NA,"2014-06-27",27,6,2014,2377096,2377096,"HUMAN_OBSERVATION","iNaturalist","Observations","758704","","",NA,"CC_BY_4_0","Kent Miller","Kent Miller","",NA,2025-06-07 00:27:47.088,"StillImage","CONTINENT_DERIVED_FROM_COORDINATES;TAXON_MATCH_TAXON_ID_IGNORED"
3338115660,"50c9509d-22c7-4a22-a47d-8c48425ef4a7","https://www.inaturalist.org/observations/90520194","Animalia","Chordata",NA,"Perciformes","Gobiidae","Bathygobius","Bathygobius soporator",NA,"SPECIES","Bathygobius soporator (Valenciennes, 1837)","Bathygobius soporator","","US","","Florida","PRESENT",NA,"28eb1a3f-1c15-4a95-931a-4af90ecb574d",29.399112,-83.205033,12,NA,NA,NA,NA,NA,"2021-08-08T16:55:39",8,8,2021,2377096,2377096,"HUMAN_OBSERVATION","iNaturalist","Observations","90520194","","fredturt43",2021-08-09 11:45:58,"CC_BY_NC_4_0","Luke Smith","Luke Smith","",NA,2025-06-07 01:10:09.602,"StillImage","COORDINATE_ROUNDED;CONTINENT_DERIVED_FROM_COORDINATES;TAXON_MATCH_TAXON_ID_IGNORED"
3338067611,"50c9509d-22c7-4a22-a47d-8c48425ef4a7","https://www.inaturalist.org/observations/90520229","Animalia","Chordata",NA,"Perciformes","Gobiidae","Bathygobius","Bathygobius soporator",NA,"SPECIES","Bathygobius soporator (Valenciennes, 1837)","Bathygobius soporator","","US","","Florida","PRESENT",NA,"28eb1a3f-1c15-4a95-931a-4af90ecb574d",29.399064,-83.205011,22,NA,NA,NA,NA,NA,"2021-08-08T16:59:43",8,8,2021,2377096,2377096,"HUMAN_OBSERVATION","iNaturalist","Observations","90520229","","fredturt43",2021-08-09 11:45:33,"CC_BY_NC_4_0","Luke Smith","Luke Smith","",NA,2025-06-07 02:44:42.227,"StillImage","COORDINATE_ROUNDED;CONTINENT_DERIVED_FROM_COORDINATES;TAXON_MATCH_TAXON_ID_IGNORED"
3338042058,"50c9509d-22c7-4a22-a47d-8c48425ef4a7","https://www.inaturalist.org/observations/90709241","Animalia","Chordata",NA,"Perciformes","Gobiidae","Bathygobius","Bathygobius soporator",NA,"SPECIES","Bathygobius soporator (Valenciennes, 1837)","Bathygobius soporator","","US","","Florida","PRESENT",NA,"28eb1a3f-1c15-4a95-931a-4af90ecb574d",30.345392,-87.288612,281,NA,NA,NA,NA,NA,"2021-08-10T15:19:54",10,8,2021,2377096,2377096,"HUMAN_OBSERVATION","iNaturalist","Observations","90709241","","spicegremlin",2021-08-10 21:55:40,"CC_BY_NC_4_0","spicegremlin","spicegremlin","",NA,2025-06-06 23:59:32.184,"StillImage","COORDINATE_ROUNDED;CONTINENT_DERIVED_FROM_COORDINATES;TAXON_MATCH_TAXON_ID_IGNORED"
3337853474,"50c9509d-22c7-4a22-a47d-8c48425ef4a7","https://www.inaturalist.org/observations/72444331","Animalia","Chordata",NA,"Perciformes","Gobiidae","Bathygobius","Bathygobius soporator",NA,"SPECIES","Bathygobius soporator (Valenciennes, 1837)","Bathygobius soporator","","US","","Florida","PRESENT",NA,"28eb1a3f-1c15-4a95-931a-4af90ecb574d",27.386,-82.563705,37,NA,NA,NA,NA,NA,"2021-03-30T09:44:40",30,3,2021,2377096,2377096,"HUMAN_OBSERVATION","iNaturalist","Observations","72444331","","onceawallflower",2021-03-30 14:33:42,"CC_BY_NC_4_0","onceawallflower","onceawallflower","",NA,2025-06-07 01:23:36.67,"StillImage","CONTINENT_DERIVED_FROM_COORDINATES;TAXON_MATCH_TAXON_ID_IGNORED"
3337715317,"50c9509d-22c7-4a22-a47d-8c48425ef4a7","https://www.inaturalist.org/observations/18846629","Animalia","Chordata",NA,"Perciformes","Gobiidae","Bathygobius","Bathygobius soporator",NA,"SPECIES","Bathygobius soporator (Valenciennes, 1837)","Bathygobius soporator","","BR","","Santa Catarina","PRESENT",NA,"28eb1a3f-1c15-4a95-931a-4af90ecb574d",-27.748337,-48.499123,200,NA,NA,NA,NA,NA,"2017-06-17",17,6,2017,2377096,2377096,"HUMAN_OBSERVATION","iNaturalist","Observations","18846629","","Raphael Macieira",2019-07-29 18:26:29,"CC_BY_NC_4_0","Fernando Farias","Fernando Farias","",NA,2025-06-07 02:33:05.293,"StillImage","COORDINATE_ROUNDED;CONTINENT_DERIVED_FROM_COORDINATES;TAXON_MATCH_TAXON_ID_IGNORED"
3337703346,"50c9509d-22c7-4a22-a47d-8c48425ef4a7","https://www.inaturalist.org/observations/35172272","Animalia","Chordata",NA,"Perciformes","Gobiidae","Bathygobius","Bathygobius soporator",NA,"SPECIES","Bathygobius soporator (Valenciennes, 1837)","Bathygobius soporator","","US","","Florida","PRESENT",NA,"28eb1a3f-1c15-4a95-931a-4af90ecb574d",28.037852,-80.580686,66,NA,NA,NA,NA,NA,"2019-01-05T16:42",5,1,2019,2377096,2377096,"HUMAN_OBSERVATION","iNaturalist","Observations","35172272","","Matt Neilson",2020-12-16 20:52:28,"CC_BY_NC_4_0","Magnus","Magnus","",NA,2025-06-07 01:24:16.331,"StillImage","COORDINATE_ROUNDED;CONTINENT_DERIVED_FROM_COORDINATES;TAXON_MATCH_TAXON_ID_IGNORED"
3337663476,"50c9509d-22c7-4a22-a47d-8c48425ef4a7","https://www.inaturalist.org/observations/90520264","Animalia","Chordata",NA,"Perciformes","Gobiidae","Bathygobius","Bathygobius soporator",NA,"SPECIES","Bathygobius soporator (Valenciennes, 1837)","Bathygobius soporator","","US","","Florida","PRESENT",NA,"28eb1a3f-1c15-4a95-931a-4af90ecb574d",29.399038,-83.205008,12,NA,NA,NA,NA,NA,"2021-08-08T17:08:37",8,8,2021,2377096,2377096,"HUMAN_OBSERVATION","iNaturalist","Observations","90520264","","fredturt43",2021-08-09 11:54:11,"CC_BY_NC_4_0","Luke Smith","Luke Smith","",NA,2025-06-07 00:47:17.183,"StillImage","COORDINATE_ROUNDED;CONTINENT_DERIVED_FROM_COORDINATES;TAXON_MATCH_TAXON_ID_IGNORED"
3337479447,"50c9509d-22c7-4a22-a47d-8c48425ef4a7","https://www.inaturalist.org/observations/72881287","Animalia","Chordata",NA,"Perciformes","Gobiidae","Bathygobius","Bathygobius soporator",NA,"SPECIES","Bathygobius soporator (Valenciennes, 1837)","Bathygobius soporator","","US","","Florida","PRESENT",NA,"28eb1a3f-1c15-4a95-931a-4af90ecb574d",27.754764,-80.426554,NA,NA,NA,NA,NA,NA,"2021-03-23T13:11",23,3,2021,2377096,2377096,"HUMAN_OBSERVATION","iNaturalist","Observations","72881287","","Tiegan Blue",2021-04-04 13:56:45,"CC_BY_NC_4_0","pmk00001","pmk00001","",NA,2025-06-07 00:10:25.546,"StillImage","COORDINATE_ROUNDED;CONTINENT_DERIVED_FROM_COORDINATES;TAXON_MATCH_TAXON_ID_IGNORED"
3337380930,"50c9509d-22c7-4a22-a47d-8c48425ef4a7","https://www.inaturalist.org/observations/90520313","Animalia","Chordata",NA,"Perciformes","Gobiidae","Bathygobius","Bathygobius soporator",NA,"SPECIES","Bathygobius soporator (Valenciennes, 1837)","Bathygobius soporator","","US","","Florida","PRESENT",NA,"28eb1a3f-1c15-4a95-931a-4af90ecb574d",29.39908,-83.204995,8,NA,NA,NA,NA,NA,"2021-08-08T17:11:56",8,8,2021,2377096,2377096,"HUMAN_OBSERVATION","iNaturalist","Observations","90520313","","fredturt43",2021-08-09 11:53:47,"CC_BY_NC_4_0","Luke Smith","Luke Smith","",NA,2025-06-07 02:39:54.162,"StillImage","CONTINENT_DERIVED_FROM_COORDINATES;TAXON_MATCH_TAXON_ID_IGNORED"
3335430814,"50c9509d-22c7-4a22-a47d-8c48425ef4a7","https://www.inaturalist.org/observations/89344640","Animalia","Chordata",NA,"Perciformes","Gobiidae","Bathygobius","Bathygobius soporator",NA,"SPECIES","Bathygobius soporator (Valenciennes, 1837)","Bathygobius soporator","","US","","Florida","PRESENT",NA,"28eb1a3f-1c15-4a95-931a-4af90ecb574d",29.660223,-81.24071,39,NA,NA,NA,NA,NA,"2021-07-31T12:13:54",31,7,2021,2377096,2377096,"HUMAN_OBSERVATION","iNaturalist","Observations","89344640","","Leo G. Nico",2021-08-01 01:39:49,"CC_BY_NC_4_0","Leo G. Nico","Leo G. Nico","",NA,2025-06-07 00:13:25.031,"StillImage","COORDINATE_ROUNDED;CONTINENT_DERIVED_FROM_COORDINATES;TAXON_MATCH_TAXON_ID_IGNORED"
3302138416,"50c9509d-22c7-4a22-a47d-8c48425ef4a7","https://www.inaturalist.org/observations/81632140","Animalia","Chordata",NA,"Perciformes","Gobiidae","Bathygobius","Bathygobius soporator",NA,"SPECIES","Bathygobius soporator (Valenciennes, 1837)","Bathygobius soporator","","US","","Florida","PRESENT",NA,"28eb1a3f-1c15-4a95-931a-4af90ecb574d",30.096601,-85.653332,447,NA,NA,NA,NA,NA,"2020-10-01",1,10,2020,2377096,2377096,"HUMAN_OBSERVATION","iNaturalist","Observations","81632140","","mprohaski",2021-06-05 02:23:58,"CC_BY_NC_4_0","mprohaski","mprohaski","",NA,2025-06-07 01:09:29.65,"StillImage","COORDINATE_ROUNDED;CONTINENT_DERIVED_FROM_COORDINATES;TAXON_MATCH_TAXON_ID_IGNORED"
3113610483,"50c9509d-22c7-4a22-a47d-8c48425ef4a7","https://www.inaturalist.org/observations/78347051","Animalia","Chordata",NA,"Perciformes","Gobiidae","Bathygobius","Bathygobius soporator",NA,"SPECIES","Bathygobius soporator (Valenciennes, 1837)","Bathygobius soporator","","US","","Florida","PRESENT",NA,"28eb1a3f-1c15-4a95-931a-4af90ecb574d",30.285182,-87.509905,2,NA,NA,NA,NA,NA,"2021-05-10T20:50",10,5,2021,2377096,2377096,"HUMAN_OBSERVATION","iNaturalist","Observations","78347051","","Ryan Grow",2021-05-11 14:27:56,"CC_BY_NC_4_0","Ryan Grow","Ryan Grow","",NA,2025-06-07 00:48:06.347,"StillImage","COORDINATE_ROUNDED;CONTINENT_DERIVED_FROM_COORDINATES;TAXON_MATCH_TAXON_ID_IGNORED"
3113601500,"50c9509d-22c7-4a22-a47d-8c48425ef4a7","https://www.inaturalist.org/observations/78347052","Animalia","Chordata",NA,"Perciformes","Gobiidae","Bathygobius","Bathygobius soporator",NA,"SPECIES","Bathygobius soporator (Valenciennes, 1837)","Bathygobius soporator","","US","","Florida","PRESENT",NA,"28eb1a3f-1c15-4a95-931a-4af90ecb574d",30.28519,-87.509902,2,NA,NA,NA,NA,NA,"2021-05-10T21:04",10,5,2021,2377096,2377096,"HUMAN_OBSERVATION","iNaturalist","Observations","78347052","","Ryan Grow",2021-05-11 14:27:56,"CC_BY_NC_4_0","Ryan Grow","Ryan Grow","",NA,2025-06-07 00:49:12.399,"StillImage","COORDINATE_ROUNDED;CONTINENT_DERIVED_FROM_COORDINATES;TAXON_MATCH_TAXON_ID_IGNORED"
3097059336,"50c9509d-22c7-4a22-a47d-8c48425ef4a7","https://www.inaturalist.org/observations/30024524","Animalia","Chordata",NA,"Perciformes","Gobiidae","Bathygobius","Bathygobius soporator",NA,"SPECIES","Bathygobius soporator (Valenciennes, 1837)","Bathygobius soporator","","US","","Florida","PRESENT",NA,"28eb1a3f-1c15-4a95-931a-4af90ecb574d",25.757732,-80.148949,NA,NA,NA,NA,NA,NA,"2019-07-31T11:45:17Z",31,7,2019,2377096,2377096,"HUMAN_OBSERVATION","iNaturalist","Observations","30024524","","Matt Neilson",2021-03-04 15:23:26,"CC_BY_NC_4_0","esonvk","esonvk","",NA,2025-06-07 02:34:46.286,"StillImage","COORDINATE_ROUNDED;CONTINENT_DERIVED_FROM_COORDINATES;TAXON_MATCH_TAXON_ID_IGNORED"
3058798467,"50c9509d-22c7-4a22-a47d-8c48425ef4a7","https://www.inaturalist.org/observations/41477304","Animalia","Chordata",NA,"Perciformes","Gobiidae","Bathygobius","Bathygobius soporator",NA,"SPECIES","Bathygobius soporator (Valenciennes, 1837)","Bathygobius soporator","","US","","Florida","PRESENT",NA,"28eb1a3f-1c15-4a95-931a-4af90ecb574d",30.406778,-86.501086,32,NA,NA,NA,NA,NA,"2020-04-03T14:46:35Z",3,4,2020,2377096,2377096,"HUMAN_OBSERVATION","iNaturalist","Observations","41477304","","Matt Neilson",2021-03-04 15:19:56,"CC_BY_NC_4_0","jmcpeak111","jmcpeak111","",NA,2025-06-07 00:18:55.715,"StillImage","COORDINATE_ROUNDED;CONTINENT_DERIVED_FROM_COORDINATES;TAXON_MATCH_TAXON_ID_IGNORED"
3039131803,"50c9509d-22c7-4a22-a47d-8c48425ef4a7","https://www.inaturalist.org/observations/68374057","Animalia","Chordata",NA,"Perciformes","Gobiidae","Bathygobius","Bathygobius soporator",NA,"SPECIES","Bathygobius soporator (Valenciennes, 1837)","Bathygobius soporator","","US","","Florida","PRESENT",NA,"28eb1a3f-1c15-4a95-931a-4af90ecb574d",30.406854,-86.501708,141,NA,NA,NA,NA,NA,"2021-01-20T11:38:18Z",20,1,2021,2377096,2377096,"HUMAN_OBSERVATION","iNaturalist","Observations","68374057","","jmcpeak111",2021-01-20 18:18:35,"CC_BY_NC_4_0","jmcpeak111","jmcpeak111","",NA,2025-06-06 23:57:42.825,"StillImage","COORDINATE_ROUNDED;CONTINENT_DERIVED_FROM_COORDINATES;TAXON_MATCH_TAXON_ID_IGNORED"
3008397307,"50c9509d-22c7-4a22-a47d-8c48425ef4a7","https://www.inaturalist.org/observations/6627770","Animalia","Chordata",NA,"Perciformes","Gobiidae","Bathygobius","Bathygobius soporator",NA,"SPECIES","Bathygobius soporator (Valenciennes, 1837)","Bathygobius soporator","","US","","Florida","PRESENT",NA,"28eb1a3f-1c15-4a95-931a-4af90ecb574d",29.913579,-84.510484,479,NA,NA,NA,NA,NA,"2017-06-09",9,6,2017,2377096,2377096,"HUMAN_OBSERVATION","iNaturalist","Observations","6627770","","Matt Neilson",2020-12-22 16:48:18,"CC_BY_NC_4_0","Robin Gwen Agarwal","Robin Gwen Agarwal","",NA,2025-06-07 00:38:09.003,"StillImage","COORDINATE_ROUNDED;CONTINENT_DERIVED_FROM_COORDINATES;TAXON_MATCH_TAXON_ID_IGNORED"
3005235350,"50c9509d-22c7-4a22-a47d-8c48425ef4a7","https://www.inaturalist.org/observations/31483873","Animalia","Chordata",NA,"Perciformes","Gobiidae","Bathygobius","Bathygobius soporator",NA,"SPECIES","Bathygobius soporator (Valenciennes, 1837)","Bathygobius soporator","","US","","Texas","PRESENT",NA,"28eb1a3f-1c15-4a95-931a-4af90ecb574d",27.841269,-97.064108,22,NA,NA,NA,NA,NA,"2019-08-25T10:14",25,8,2019,2377096,2377096,"HUMAN_OBSERVATION","iNaturalist","Observations","31483873","","Jon McIntyre",2019-08-25 16:55:48,"CC_BY_NC_4_0","Jon McIntyre","Jon McIntyre","",NA,2025-06-07 00:57:30.229,"StillImage","COORDINATE_ROUNDED;CONTINENT_DERIVED_FROM_COORDINATES;TAXON_MATCH_TAXON_ID_IGNORED"
3005141660,"50c9509d-22c7-4a22-a47d-8c48425ef4a7","https://www.inaturalist.org/observations/66436546","Animalia","Chordata",NA,"Perciformes","Gobiidae","Bathygobius","Bathygobius soporator",NA,"SPECIES","Bathygobius soporator (Valenciennes, 1837)","Bathygobius soporator","","US","","Florida","PRESENT",NA,"28eb1a3f-1c15-4a95-931a-4af90ecb574d",30.406983,-86.502005,58,NA,NA,NA,NA,NA,"2020-12-11T15:05Z",11,12,2020,2377096,2377096,"HUMAN_OBSERVATION","iNaturalist","Observations","66436546","","Edward Hicks",2020-12-13 05:09:27,"CC_BY_NC_4_0","jmcpeak111","jmcpeak111","",NA,2025-06-07 00:10:26.969,"StillImage","COORDINATE_ROUNDED;CONTINENT_DERIVED_FROM_COORDINATES;TAXON_MATCH_TAXON_ID_IGNORED"
3005129444,"50c9509d-22c7-4a22-a47d-8c48425ef4a7","https://www.inaturalist.org/observations/53202901","Animalia","Chordata",NA,"Perciformes","Gobiidae","Bathygobius","Bathygobius soporator",NA,"SPECIES","Bathygobius soporator (Valenciennes, 1837)","Bathygobius soporator","","US","","Florida","PRESENT",NA,"28eb1a3f-1c15-4a95-931a-4af90ecb574d",29.702628,-81.232467,16,NA,NA,NA,NA,NA,"2020-07-15T08:21:51",15,7,2020,2377096,2377096,"HUMAN_OBSERVATION","iNaturalist","Observations","53202901","","Edward Hicks",2020-12-13 05:11:51,"CC_BY_NC_4_0","Jacob Jones","Jacob Jones","",NA,2025-06-07 00:09:22.687,"StillImage","COORDINATE_ROUNDED;CONTINENT_DERIVED_FROM_COORDINATES;TAXON_MATCH_TAXON_ID_IGNORED"
3005075319,"50c9509d-22c7-4a22-a47d-8c48425ef4a7","https://www.inaturalist.org/observations/12051769","Animalia","Chordata",NA,"Perciformes","Gobiidae","Bathygobius","Bathygobius soporator",NA,"SPECIES","Bathygobius soporator (Valenciennes, 1837)","Bathygobius soporator","","US","","Florida","PRESENT",NA,"28eb1a3f-1c15-4a95-931a-4af90ecb574d",26.191237,-80.10723,6,NA,NA,NA,NA,NA,"2018-04-21T10:34:16",21,4,2018,2377096,2377096,"HUMAN_OBSERVATION","iNaturalist","Observations","12051769","","rc6750",2018-05-02 18:19:20,"CC_BY_NC_4_0","rc6750","rc6750","",NA,2025-06-07 01:44:13.737,"StillImage","COORDINATE_ROUNDED;CONTINENT_DERIVED_FROM_COORDINATES;TAXON_MATCH_TAXON_ID_IGNORED"
2983282412,"ab737ce0-2dab-427d-8806-f4654de1ec50","UNIVALLE:Seaflower-Peces2019:047","Animalia","Chordata",NA,"Perciformes","Gobiidae","Bathygobius","Bathygobius soporator",NA,"SPECIES","Bathygobius soporator (Valenciennes, 1837)","Bathygobius soporator","(Valenciennes, 1837)","CO","Providencia y Santa catalina","Archipiélago de San Andrés, Providencia y Santa Catalina","PRESENT",NA,"85be57ed-f187-49c9-b7ff-eaa622e06217",13.362722,-81.405056,NA,NA,18.5,18.5,12.25,10.75,"2019-09-22/2019-10-01",NA,NA,2019,2377096,2377096,"HUMAN_OBSERVATION","Universidad del Valle (UniValle)","","","47","Jose Tavera;Arturo Acero",2019-09-22,"CC_BY_NC_4_0","","Jose Tavera I Arturo Acero I Nacor Bolaños","",NA,2025-02-01 00:10:34.414,"","CONTINENT_COORDINATE_MISMATCH"
2979732513,"6ab92616-e7f9-47a9-8dd6-d7d129fafd08","UNAL-UNIVALLE:Seaflower-ICProvidencia2019:BI:Pec47","Animalia","Chordata",NA,"Perciformes","Gobiidae","Bathygobius","Bathygobius soporator",NA,"SPECIES","Bathygobius soporator (Valenciennes, 1837)","Bathygobius soporator","(Valenciennes, 1837)","CO","Providencia y Santa Catalina","Archipiélago de San Andrés, Providencia y Santa Catalina","PRESENT",NA,"eac88d99-9f6c-4031-8fc4-8088f0e0dfe7",13.3526,-81.3355,NA,NA,18.5,18.5,NA,NA,"2019-09-30",30,9,2019,2377096,2377096,"HUMAN_OBSERVATION","Universidad Nacional de Colombia (UNAL)","","","Pec47","Arturo Acero-Pizarro;José-Julian Tavera;Alejandra Puentes Sayo;Natalia Rivas Escobar",NA,"CC_BY_NC_4_0","Universidad Nacional de Colombia | Universidad del Valle","Arturo Acero-Pizarro;José-Julian Tavera;Alejandra Puentes Sayo;Natalia Rivas Escobar","",NA,2025-01-31 21:42:11.308,"","CONTINENT_COORDINATE_MISMATCH"
2901514378,"50c9509d-22c7-4a22-a47d-8c48425ef4a7","https://www.inaturalist.org/observations/37833647","Animalia","Chordata",NA,"Perciformes","Gobiidae","Bathygobius","Bathygobius soporator",NA,"SPECIES","Bathygobius soporator (Valenciennes, 1837)","Bathygobius soporator","","BR","","Rio Grande do Norte","PRESENT",NA,"28eb1a3f-1c15-4a95-931a-4af90ecb574d",-6.225779,-35.059445,965,NA,NA,NA,NA,NA,"2019-04-15T07:43",15,4,2019,2377096,2377096,"HUMAN_OBSERVATION","iNaturalist","Observations","37833647","","Raphael Macieira",2020-02-27 18:24:34,"CC0_1_0","Gabriel Laufer","Gabriel Laufer","",NA,2025-06-07 00:07:36.069,"StillImage","COORDINATE_ROUNDED;CONTINENT_DERIVED_FROM_COORDINATES;TAXON_MATCH_TAXON_ID_IGNORED"
2814466597,"50c9509d-22c7-4a22-a47d-8c48425ef4a7","https://www.inaturalist.org/observations/51684019","Animalia","Chordata",NA,"Perciformes","Gobiidae","Bathygobius","Bathygobius soporator",NA,"SPECIES","Bathygobius soporator (Valenciennes, 1837)","Bathygobius soporator","","US","","Florida","PRESENT",NA,"28eb1a3f-1c15-4a95-931a-4af90ecb574d",27.859375,-80.449981,2422,NA,NA,NA,NA,NA,"2020-06-29T09:33:08",29,6,2020,2377096,2377096,"HUMAN_OBSERVATION","iNaturalist","Observations","51684019","","Matt Neilson",2020-12-16 20:33:14,"CC_BY_NC_4_0","tezblek2019","tezblek2019","",NA,2025-06-07 00:59:12.09,"StillImage","COORDINATE_ROUNDED;CONTINENT_DERIVED_FROM_COORDINATES;TAXON_MATCH_TAXON_ID_IGNORED"
2634287941,"50c9509d-22c7-4a22-a47d-8c48425ef4a7","https://www.inaturalist.org/observations/47535843","Animalia","Chordata",NA,"Perciformes","Gobiidae","Bathygobius","Bathygobius soporator",NA,"SPECIES","Bathygobius soporator (Valenciennes, 1837)","Bathygobius soporator","","US","","Texas","PRESENT",NA,"28eb1a3f-1c15-4a95-931a-4af90ecb574d",27.835949,-97.047024,210,NA,NA,NA,NA,NA,"2020-05-27T11:15:06",27,5,2020,2377096,2377096,"HUMAN_OBSERVATION","iNaturalist","Observations","47535843","","Matt Neilson",2020-05-27 19:33:45,"CC_BY_NC_4_0","Jamie J.","Jamie J.","",NA,2025-06-07 01:50:47.549,"StillImage","COORDINATE_ROUNDED;CONTINENT_DERIVED_FROM_COORDINATES;TAXON_MATCH_TAXON_ID_IGNORED"
2611107590,"50c9509d-22c7-4a22-a47d-8c48425ef4a7","https://www.inaturalist.org/observations/43090487","Animalia","Chordata",NA,"Perciformes","Gobiidae","Bathygobius","Bathygobius soporator",NA,"SPECIES","Bathygobius soporator (Valenciennes, 1837)","Bathygobius soporator","","US","","Florida","PRESENT",NA,"28eb1a3f-1c15-4a95-931a-4af90ecb574d",29.14747,-80.976495,4,NA,NA,NA,NA,NA,"2019-12-31T10:54:19",31,12,2019,2377096,2377096,"HUMAN_OBSERVATION","iNaturalist","Observations","43090487","","Jacob Jones",2020-04-24 15:13:52,"CC_BY_NC_4_0","Jacob Jones","Jacob Jones","",NA,2025-06-07 00:48:02.084,"StillImage","COORDINATE_ROUNDED;CONTINENT_DERIVED_FROM_COORDINATES;TAXON_MATCH_TAXON_ID_IGNORED"
2576288276,"50c9509d-22c7-4a22-a47d-8c48425ef4a7","https://www.inaturalist.org/observations/38653049","Animalia","Chordata",NA,"Perciformes","Gobiidae","Bathygobius","Bathygobius soporator",NA,"SPECIES","Bathygobius soporator (Valenciennes, 1837)","Bathygobius soporator","","BR","","Bahia","PRESENT",NA,"28eb1a3f-1c15-4a95-931a-4af90ecb574d",-13.406603,-38.907183,8,NA,NA,NA,NA,NA,"2020-01-09T18:08:20",9,1,2020,2377096,2377096,"HUMAN_OBSERVATION","iNaturalist","Observations","38653049","","Raphael Macieira",2020-02-27 18:20:26,"CC_BY_NC_4_0","Onildo João Marini Filho","Onildo João Marini Filho","",NA,2025-06-06 23:53:42.295,"StillImage","COORDINATE_ROUNDED;CONTINENT_DERIVED_FROM_COORDINATES;TAXON_MATCH_TAXON_ID_IGNORED"
2576288229,"50c9509d-22c7-4a22-a47d-8c48425ef4a7","https://www.inaturalist.org/observations/36801578","Animalia","Chordata",NA,"Perciformes","Gobiidae","Bathygobius","Bathygobius soporator",NA,"SPECIES","Bathygobius soporator (Valenciennes, 1837)","Bathygobius soporator","","BR","","São Paulo","PRESENT",NA,"28eb1a3f-1c15-4a95-931a-4af90ecb574d",-23.789454,-45.708569,16,NA,NA,NA,NA,NA,"2019-12-17T14:28",17,12,2019,2377096,2377096,"HUMAN_OBSERVATION","iNaturalist","Observations","36801578","","Raphael Macieira",2020-02-27 18:32:01,"CC_BY_NC_4_0","Guilherme A. Fischer","Guilherme A. Fischer","",NA,2025-06-07 00:07:30.886,"StillImage","COORDINATE_ROUNDED;CONTINENT_DERIVED_FROM_COORDINATES;TAXON_MATCH_TAXON_ID_IGNORED"
2576281125,"50c9509d-22c7-4a22-a47d-8c48425ef4a7","https://www.inaturalist.org/observations/36802231","Animalia","Chordata",NA,"Perciformes","Gobiidae","Bathygobius","Bathygobius soporator",NA,"SPECIES","Bathygobius soporator (Valenciennes, 1837)","Bathygobius soporator","","BR","","São Paulo","PRESENT",NA,"28eb1a3f-1c15-4a95-931a-4af90ecb574d",-23.789307,-45.708702,32,NA,NA,NA,NA,NA,"2019-12-17T14:30",17,12,2019,2377096,2377096,"HUMAN_OBSERVATION","iNaturalist","Observations","36802231","","Raphael Macieira",2020-02-27 18:31:38,"CC_BY_NC_4_0","Guilherme A. Fischer","Guilherme A. Fischer","",NA,2025-06-06 23:51:05.866,"StillImage","COORDINATE_ROUNDED;CONTINENT_DERIVED_FROM_COORDINATES;TAXON_MATCH_TAXON_ID_IGNORED"
2576266119,"50c9509d-22c7-4a22-a47d-8c48425ef4a7","https://www.inaturalist.org/observations/36801534","Animalia","Chordata",NA,"Perciformes","Gobiidae","Bathygobius","Bathygobius soporator",NA,"SPECIES","Bathygobius soporator (Valenciennes, 1837)","Bathygobius soporator","","BR","","São Paulo","PRESENT",NA,"28eb1a3f-1c15-4a95-931a-4af90ecb574d",-23.789422,-45.708537,10,NA,NA,NA,NA,NA,"2019-12-17T14:28",17,12,2019,2377096,2377096,"HUMAN_OBSERVATION","iNaturalist","Observations","36801534","","Raphael Macieira",2020-02-27 18:32:29,"CC_BY_NC_4_0","Guilherme A. Fischer","Guilherme A. Fischer","",NA,2025-06-07 01:45:51.298,"StillImage","COORDINATE_ROUNDED;CONTINENT_DERIVED_FROM_COORDINATES;TAXON_MATCH_TAXON_ID_IGNORED"
2542894073,"50c9509d-22c7-4a22-a47d-8c48425ef4a7","https://www.inaturalist.org/observations/25324786","Animalia","Chordata",NA,"Perciformes","Gobiidae","Bathygobius","Bathygobius soporator",NA,"SPECIES","Bathygobius soporator (Valenciennes, 1837)","Bathygobius soporator","","US","","Texas","PRESENT",NA,"28eb1a3f-1c15-4a95-931a-4af90ecb574d",27.841328,-97.064107,22,NA,NA,NA,NA,NA,"2019-05-18T10:34:40",18,5,2019,2377096,2377096,"HUMAN_OBSERVATION","iNaturalist","Observations","25324786","","Jon McIntyre",2019-05-18 16:51:52,"CC_BY_NC_4_0","Jon McIntyre","Jon McIntyre","",NA,2025-06-07 01:22:29.758,"StillImage","COORDINATE_ROUNDED;CONTINENT_DERIVED_FROM_COORDINATES;TAXON_MATCH_TAXON_ID_IGNORED"
2469610841,"0160cea6-4ff3-46a1-880d-de8c3a48f1e9","17865070-4AC5-1645-E053-2614A8C0B77A","Animalia","Chordata",NA,"Perciformes","Gobiidae","Bathygobius","Bathygobius soporator",NA,"SPECIES","Bathygobius soporator (Valenciennes, 1837)","Bathygobius soporator (Valenciennes, 1837)","","GP","","","PRESENT",NA,"1928bdf0-f5d2-11dc-8c12-b8a03c50a862",16.05521,-61.6117,6917,NA,NA,NA,NA,NA,"2009-02-05",5,2,2009,2377096,2377096,"HUMAN_OBSERVATION","","","","","",NA,"CC_BY_4_0","","Stéphane DI MAURO (PNG), PNG","",NA,2025-01-31 17:04:42.173,"","COUNTRY_MISMATCH;CONTINENT_DERIVED_FROM_COORDINATES;TAXON_MATCH_TAXON_ID_IGNORED"
2469609530,"0160cea6-4ff3-46a1-880d-de8c3a48f1e9","17865070-4961-1645-E053-2614A8C0B77A","Animalia","Chordata",NA,"Perciformes","Gobiidae","Bathygobius","Bathygobius soporator",NA,"SPECIES","Bathygobius soporator (Valenciennes, 1837)","Bathygobius soporator (Valenciennes, 1837)","","GP","","","PRESENT",NA,"1928bdf0-f5d2-11dc-8c12-b8a03c50a862",16.23241,-61.83039,5000,NA,NA,NA,NA,NA,"2007-11-09",9,11,2007,2377096,2377096,"HUMAN_OBSERVATION","","","","","",NA,"CC_BY_4_0","","Stéphane DI MAURO (PNG), PNG","",NA,2025-01-31 17:04:42.253,"","COUNTRY_MISMATCH;CONTINENT_DERIVED_FROM_COORDINATES;TAXON_MATCH_TAXON_ID_IGNORED"
2469606713,"0160cea6-4ff3-46a1-880d-de8c3a48f1e9","17865070-4875-1645-E053-2614A8C0B77A","Animalia","Chordata",NA,"Perciformes","Gobiidae","Bathygobius","Bathygobius soporator",NA,"SPECIES","Bathygobius soporator (Valenciennes, 1837)","Bathygobius soporator (Valenciennes, 1837)","","GP","","","PRESENT",NA,"1928bdf0-f5d2-11dc-8c12-b8a03c50a862",16.05111,-61.73798,5000,NA,NA,NA,NA,NA,"2008-11-18",18,11,2008,2377096,2377096,"HUMAN_OBSERVATION","","","","","",NA,"CC_BY_4_0","","Stéphane DI MAURO (PNG), PNG","",NA,2025-01-31 17:04:42.219,"","COUNTRY_MISMATCH;CONTINENT_DERIVED_FROM_COORDINATES;TAXON_MATCH_TAXON_ID_IGNORED"
2469592073,"0160cea6-4ff3-46a1-880d-de8c3a48f1e9","17865070-4A6E-1645-E053-2614A8C0B77A","Animalia","Chordata",NA,"Perciformes","Gobiidae","Bathygobius","Bathygobius soporator",NA,"SPECIES","Bathygobius soporator (Valenciennes, 1837)","Bathygobius soporator (Valenciennes, 1837)","","GP","","","PRESENT",NA,"1928bdf0-f5d2-11dc-8c12-b8a03c50a862",16.12163,-61.61387,5834,NA,NA,NA,NA,NA,"2007-05-31",31,5,2007,2377096,2377096,"HUMAN_OBSERVATION","","","","","",NA,"CC_BY_4_0","","Nadia LIAGRE (PNG), PNG","",NA,2025-01-31 17:04:42.215,"","COUNTRY_MISMATCH;CONTINENT_DERIVED_FROM_COORDINATES;TAXON_MATCH_TAXON_ID_IGNORED"
2451692467,"50c9509d-22c7-4a22-a47d-8c48425ef4a7","https://www.inaturalist.org/observations/35192276","Animalia","Chordata",NA,"Perciformes","Gobiidae","Bathygobius","Bathygobius soporator",NA,"SPECIES","Bathygobius soporator (Valenciennes, 1837)","Bathygobius soporator","","US","","Florida","PRESENT",NA,"28eb1a3f-1c15-4a95-931a-4af90ecb574d",27.835376,-80.516347,263,NA,NA,NA,NA,NA,"2019-02-15T02:22",15,2,2019,2377096,2377096,"HUMAN_OBSERVATION","iNaturalist","Observations","35192276","","Magnus",2019-11-02 10:06:24,"CC_BY_NC_4_0","Magnus","Magnus","",NA,2025-06-07 01:26:52.724,"StillImage","COORDINATE_ROUNDED;CONTINENT_DERIVED_FROM_COORDINATES;TAXON_MATCH_TAXON_ID_IGNORED"
2283186443,"50c9509d-22c7-4a22-a47d-8c48425ef4a7","https://www.inaturalist.org/observations/28290954","Animalia","Chordata",NA,"Perciformes","Gobiidae","Bathygobius","Bathygobius soporator",NA,"SPECIES","Bathygobius soporator (Valenciennes, 1837)","Bathygobius soporator","","US","","Alabama","PRESENT",NA,"28eb1a3f-1c15-4a95-931a-4af90ecb574d",30.277902,-87.550572,88,NA,NA,NA,NA,NA,"2019-07-05T18:49",5,7,2019,2377096,2377096,"HUMAN_OBSERVATION","iNaturalist","Observations","28290954","","Matt Neilson",2019-07-07 14:58:49,"CC_BY_NC_4_0","Alex M","Alex M","",NA,2025-06-07 01:14:24.208,"StillImage","COORDINATE_ROUNDED;CONTINENT_DERIVED_FROM_COORDINATES;TAXON_MATCH_TAXON_ID_IGNORED"
2235468941,"50c9509d-22c7-4a22-a47d-8c48425ef4a7","https://www.inaturalist.org/observations/17537507","Animalia","Chordata",NA,"Perciformes","Gobiidae","Bathygobius","Bathygobius soporator",NA,"SPECIES","Bathygobius soporator (Valenciennes, 1837)","Bathygobius soporator","","US","","Florida","PRESENT",NA,"28eb1a3f-1c15-4a95-931a-4af90ecb574d",26.0948,-80.229508,12,NA,NA,NA,NA,NA,"2018-10-14T13:41:25",14,10,2018,2377096,2377096,"HUMAN_OBSERVATION","iNaturalist","Observations","17537507","","rc6750",2018-10-15 18:41:46,"CC_BY_NC_4_0","rc6750","rc6750","",NA,2025-06-07 01:12:44.09,"StillImage","COORDINATE_ROUNDED;CONTINENT_DERIVED_FROM_COORDINATES;TAXON_MATCH_TAXON_ID_IGNORED"
2234808005,"50c9509d-22c7-4a22-a47d-8c48425ef4a7","https://www.inaturalist.org/observations/21695761","Animalia","Chordata",NA,"Perciformes","Gobiidae","Bathygobius","Bathygobius soporator",NA,"SPECIES","Bathygobius soporator (Valenciennes, 1837)","Bathygobius soporator","","US","","Florida","PRESENT",NA,"28eb1a3f-1c15-4a95-931a-4af90ecb574d",26.937594,-80.134569,29,NA,NA,NA,NA,NA,"2019-03-25T09:43",25,3,2019,2377096,2377096,"HUMAN_OBSERVATION","iNaturalist","Observations","21695761","","Matt Neilson",2019-03-28 18:07:17,"CC_BY_NC_4_0","pmk00001","pmk00001","",NA,2025-06-07 00:39:19.436,"StillImage","CONTINENT_DERIVED_FROM_COORDINATES;TAXON_MATCH_TAXON_ID_IGNORED"
2013633311,"40a262b4-6627-4011-afbe-159c00ec97e7","234031","Animalia","Chordata",NA,"Perciformes","Gobiidae","Bathygobius","Bathygobius soporator",NA,"SPECIES","Bathygobius soporator (Valenciennes, 1837)","Bathygobius soporator","","GH","Prampram","","PRESENT",NA,"c2465426-2110-46d2-a06f-8accaedca40d",5.71491,0.106142,NA,NA,NA,NA,NA,NA,"2009",NA,NA,2009,2377096,2377096,"HUMAN_OBSERVATION","","","","","",NA,"CC_BY_4_0","","","",NA,2025-01-31 19:56:23.652,"","GEODETIC_DATUM_ASSUMED_WGS84;CONTINENT_DERIVED_FROM_COORDINATES"
1986519186,"50c9509d-22c7-4a22-a47d-8c48425ef4a7","https://www.inaturalist.org/observations/19214310","Animalia","Chordata",NA,"Perciformes","Gobiidae","Bathygobius","Bathygobius soporator",NA,"SPECIES","Bathygobius soporator (Valenciennes, 1837)","Bathygobius soporator","","US","","Florida","PRESENT",NA,"28eb1a3f-1c15-4a95-931a-4af90ecb574d",27.935881,-82.524506,NA,NA,NA,NA,NA,NA,"2018-12-25T10:12:02",25,12,2018,2377096,2377096,"HUMAN_OBSERVATION","iNaturalist","Observations","19214310","","Alexis Desmarais",2018-12-25 17:09:24,"CC_BY_NC_4_0","Alexis Desmarais","Alexis Desmarais","",NA,2025-06-07 02:33:40.673,"StillImage","COORDINATE_ROUNDED;CONTINENT_DERIVED_FROM_COORDINATES;TAXON_MATCH_TAXON_ID_IGNORED"
1895792837,"a1229594-2bce-4682-8674-d3db51da9923","9e4b1c2a6f9995cc4c4d70c22e278c96","Animalia","Chordata",NA,"Perciformes","Gobiidae","Bathygobius","Bathygobius soporator",NA,"SPECIES","Bathygobius soporator (Valenciennes, 1837)","Bathygobius soporator","(Valenciennes, 1837)","MX","T3 El Chato","Guerrero","PRESENT",2,"ff90b050-c256-11db-b71b-b8a03c50a862",17.65045,-101.620817,NA,NA,0,0,4.1,4.1,"2011-11-25",25,11,2011,2377096,2377096,"HUMAN_OBSERVATION","UMAR","","NO APLICA","","RCZV",NA,"CC_BY_4_0","Comisión Nacional para el Conocimiento y Uso de la Biodiversidad (CONABIO)","RCZV","NotAType",NA,2025-04-09 07:04:23.152,"","COORDINATE_ROUNDED;CONTINENT_DERIVED_FROM_COORDINATES;TAXON_MATCH_SCIENTIFIC_NAME_ID_IGNORED;TAXON_MATCH_TAXON_ID_IGNORED;DEPTH_MIN_MAX_SWAPPED;OCCURRENCE_STATUS_INFERRED_FROM_INDIVIDUAL_COUNT"
1838007641,"50c9509d-22c7-4a22-a47d-8c48425ef4a7","https://www.inaturalist.org/observations/10271085","Animalia","Chordata",NA,"Perciformes","Gobiidae","Bathygobius","Bathygobius soporator",NA,"SPECIES","Bathygobius soporator (Valenciennes, 1837)","Bathygobius soporator","","US","","Florida","PRESENT",NA,"28eb1a3f-1c15-4a95-931a-4af90ecb574d",26.351334,-80.075809,NA,NA,NA,NA,NA,NA,"2018-03-09T10:37",9,3,2018,2377096,2377096,"HUMAN_OBSERVATION","iNaturalist","Observations","10271085","","Anthony Gill",2018-03-23 03:05:04,"CC_BY_NC_4_0","pmk00001","pmk00001","",NA,2025-06-07 00:05:16.223,"StillImage","COORDINATE_ROUNDED;CONTINENT_DERIVED_FROM_COORDINATES;TAXON_MATCH_TAXON_ID_IGNORED"
1836579761,"50c9509d-22c7-4a22-a47d-8c48425ef4a7","https://www.inaturalist.org/observations/10094319","Animalia","Chordata",NA,"Perciformes","Gobiidae","Bathygobius","Bathygobius soporator",NA,"SPECIES","Bathygobius soporator (Valenciennes, 1837)","Bathygobius soporator","","US","","Georgia","PRESENT",NA,"28eb1a3f-1c15-4a95-931a-4af90ecb574d",31.951034,-81.081451,8,NA,NA,NA,NA,NA,"2017-09-27T21:50",27,9,2017,2377096,2377096,"HUMAN_OBSERVATION","iNaturalist","Observations","10094319","","jrfleullan",2018-03-05 02:53:14,"CC_BY_NC_4_0","jrfleullan","jrfleullan","",NA,2025-06-07 01:26:50.071,"StillImage","COORDINATE_ROUNDED;CONTINENT_DERIVED_FROM_COORDINATES;TAXON_MATCH_TAXON_ID_IGNORED"
1807320279,"50c9509d-22c7-4a22-a47d-8c48425ef4a7","https://www.inaturalist.org/observations/9761914","Animalia","Chordata",NA,"Perciformes","Gobiidae","Bathygobius","Bathygobius soporator",NA,"SPECIES","Bathygobius soporator (Valenciennes, 1837)","Bathygobius soporator","","US","","Florida","PRESENT",NA,"28eb1a3f-1c15-4a95-931a-4af90ecb574d",29.89655,-81.31092,15,NA,NA,NA,NA,NA,"2013-07-12T07:52",12,7,2013,2377096,2377096,"HUMAN_OBSERVATION","iNaturalist","Observations","9761914","","ed_flagler",2018-02-07 14:41:45,"CC_BY_NC_4_0","ed_flagler","ed_flagler","",NA,2025-06-07 00:17:11.576,"StillImage","COORDINATE_ROUNDED;CONTINENT_DERIVED_FROM_COORDINATES;TAXON_MATCH_TAXON_ID_IGNORED"
1807280120,"50c9509d-22c7-4a22-a47d-8c48425ef4a7","https://www.inaturalist.org/observations/9189510","Animalia","Chordata",NA,"Perciformes","Gobiidae","Bathygobius","Bathygobius soporator",NA,"SPECIES","Bathygobius soporator (Valenciennes, 1837)","Bathygobius soporator","","US","","Florida","PRESENT",NA,"28eb1a3f-1c15-4a95-931a-4af90ecb574d",29.061021,-80.932446,688,NA,NA,NA,NA,NA,"2017-12-17T14:00:36",17,12,2017,2377096,2377096,"HUMAN_OBSERVATION","iNaturalist","Observations","9189510","","Anthony Gill",2017-12-18 22:30:58,"CC_BY_NC_4_0","terim420","terim420","",NA,2025-06-07 00:25:25.357,"StillImage","COORDINATE_ROUNDED;CONTINENT_DERIVED_FROM_COORDINATES;TAXON_MATCH_TAXON_ID_IGNORED"
1699362720,"50c9509d-22c7-4a22-a47d-8c48425ef4a7","https://www.inaturalist.org/observations/5486995","Animalia","Chordata",NA,"Perciformes","Gobiidae","Bathygobius","Bathygobius soporator",NA,"SPECIES","Bathygobius soporator (Valenciennes, 1837)","Bathygobius soporator","","US","","Florida","PRESENT",NA,"28eb1a3f-1c15-4a95-931a-4af90ecb574d",26.327999,-80.128527,31,NA,NA,NA,NA,NA,"2017-01-16T11:02",16,1,2017,2377096,2377096,"HUMAN_OBSERVATION","iNaturalist","Observations","5486995","","pmk00001",2017-03-28 10:30:39,"CC_BY_NC_4_0","pmk00001","pmk00001","",NA,2025-06-07 00:29:51.09,"StillImage","COORDINATE_ROUNDED;CONTINENT_DERIVED_FROM_COORDINATES;TAXON_MATCH_TAXON_ID_IGNORED"
1291148396,"50c9509d-22c7-4a22-a47d-8c48425ef4a7","http://www.inaturalist.org/observations/3749462","Animalia","Chordata",NA,"Perciformes","Gobiidae","Bathygobius","Bathygobius soporator",NA,"SPECIES","Bathygobius soporator (Valenciennes, 1837)","Bathygobius soporator","","US","","Texas","PRESENT",NA,"28eb1a3f-1c15-4a95-931a-4af90ecb574d",28.023009,-97.046685,23,NA,NA,NA,NA,NA,"2016-07-26T10:18:15",26,7,2016,2377096,2377096,"HUMAN_OBSERVATION","iNaturalist","Observations","3749462","","Jon McIntyre",2016-07-26 18:03:42,"CC_BY_NC_4_0","Jon McIntyre","Jon McIntyre","",NA,2025-06-07 02:30:50.177,"StillImage","COORDINATE_ROUNDED;CONTINENT_DERIVED_FROM_COORDINATES;TAXON_MATCH_TAXON_ID_IGNORED"
