"gbifID","datasetKey","occurrenceID","kingdom","phylum","class","order","family","genus","species","infraspecificEpithet","taxonRank","scientificName","verbatimScientificName","verbatimScientificNameAuthorship","countryCode","locality","stateProvince","occurrenceStatus","individualCount","publishingOrgKey","decimalLatitude","decimalLongitude","coordinateUncertaintyInMeters","coordinatePrecision","elevation","elevationAccuracy","depth","depthAccuracy","eventDate","day","month","year","taxonKey","speciesKey","basisOfRecord","institutionCode","collectionCode","catalogNumber","recordNumber","identifiedBy","dateIdentified","license","rightsHolder","recordedBy","typeStatus","establishmentMeans","lastInterpreted","mediaType","issue"
5177170845,"50c9509d-22c7-4a22-a47d-8c48425ef4a7","https://www.inaturalist.org/observations/284273750","Animalia","Mollusca","Gastropoda","Neogastropoda","Muricidae","Urosalpinx","Urosalpinx cinerea",NA,"SPECIES","Urosalpinx cinerea (Say, 1822)","Urosalpinx cinerea","","US","","Florida","PRESENT",NA,"28eb1a3f-1c15-4a95-931a-4af90ecb574d",30.386146,-81.396097,3,NA,NA,NA,NA,NA,"2025-05-26T11:17:15",26,5,2025,2304415,2304415,"HUMAN_OBSERVATION","iNaturalist","Observations","284273750","","Kristin A. Bakkegard",2025-05-26 15:18:08,"CC_BY_NC_4_0","Kristin A. Bakkegard","Kristin A. Bakkegard",NA,NA,2025-06-07 02:19:06.208,"StillImage","COORDINATE_ROUNDED;CONTINENT_DERIVED_FROM_COORDINATES;TAXON_MATCH_TAXON_ID_IGNORED"
5176962307,"50c9509d-22c7-4a22-a47d-8c48425ef4a7","https://www.inaturalist.org/observations/285723580","Animalia","Mollusca","Gastropoda","Neogastropoda","Muricidae","Urosalpinx","Urosalpinx cinerea",NA,"SPECIES","Urosalpinx cinerea (Say, 1822)","Urosalpinx cinerea","","US","","New Jersey","PRESENT",NA,"28eb1a3f-1c15-4a95-931a-4af90ecb574d",40.101553,-74.04897,126,NA,NA,NA,NA,NA,"2025-05-11T08:15",11,5,2025,2304415,2304415,"HUMAN_OBSERVATION","iNaturalist","Observations","285723580","","Neil DeMaster",2025-05-31 19:29:26,"CC_BY_NC_4_0","Neil DeMaster","Neil DeMaster",NA,NA,2025-06-07 01:00:21.243,"StillImage","COORDINATE_ROUNDED;CONTINENT_DERIVED_FROM_COORDINATES;TAXON_MATCH_TAXON_ID_IGNORED"
5176756432,"50c9509d-22c7-4a22-a47d-8c48425ef4a7","https://www.inaturalist.org/observations/284931348","Animalia","Mollusca","Gastropoda","Neogastropoda","Muricidae","Urosalpinx","Urosalpinx cinerea",NA,"SPECIES","Urosalpinx cinerea (Say, 1822)","Urosalpinx cinerea","","US","","Virginia","PRESENT",NA,"28eb1a3f-1c15-4a95-931a-4af90ecb574d",37.953995,-75.351983,3,NA,NA,NA,NA,NA,"2025-05-28T16:06:12",28,5,2025,2304415,2304415,"HUMAN_OBSERVATION","iNaturalist","Observations","284931348","","Rachel Pitt",2025-05-28 22:50:40,"CC_BY_NC_4_0","Rachel Pitt","Rachel Pitt",NA,NA,2025-06-07 00:43:06.811,"StillImage","COORDINATE_ROUNDED;CONTINENT_DERIVED_FROM_COORDINATES;TAXON_MATCH_TAXON_ID_IGNORED"
5176494042,"50c9509d-22c7-4a22-a47d-8c48425ef4a7","https://www.inaturalist.org/observations/286322621","Animalia","Mollusca","Gastropoda","Neogastropoda","Muricidae","Urosalpinx","Urosalpinx cinerea",NA,"SPECIES","Urosalpinx cinerea (Say, 1822)","Urosalpinx cinerea","","US","","New York","PRESENT",NA,"28eb1a3f-1c15-4a95-931a-4af90ecb574d",41.0409,-71.968933,13,NA,NA,NA,NA,NA,"2025-06-02T12:35:34",2,6,2025,2304415,2304415,"HUMAN_OBSERVATION","iNaturalist","Observations","286322621","","stevebiasetti",2025-06-02 17:22:16,"CC_BY_NC_4_0","stevebiasetti","stevebiasetti",NA,NA,2025-06-07 02:06:15.074,"StillImage","COORDINATE_ROUNDED;CONTINENT_DERIVED_FROM_COORDINATES;TAXON_MATCH_TAXON_ID_IGNORED"
5176441176,"50c9509d-22c7-4a22-a47d-8c48425ef4a7","https://www.inaturalist.org/observations/284885843","Animalia","Mollusca","Gastropoda","Neogastropoda","Muricidae","Urosalpinx","Urosalpinx cinerea",NA,"SPECIES","Urosalpinx cinerea (Say, 1822)","Urosalpinx cinerea","","US","","Connecticut","PRESENT",NA,"28eb1a3f-1c15-4a95-931a-4af90ecb574d",41.248872,-72.54485,NA,NA,NA,NA,NA,NA,"2025-05-28T12:13:39",28,5,2025,2304415,2304415,"HUMAN_OBSERVATION","iNaturalist","Observations","284885843","","Heidi Ware Carlisle",2025-05-28 19:18:04,"CC_BY_NC_4_0","Heidi Ware Carlisle","Heidi Ware Carlisle",NA,NA,2025-06-07 01:14:52.374,"StillImage","COORDINATE_ROUNDED;CONTINENT_DERIVED_FROM_COORDINATES;TAXON_MATCH_TAXON_ID_IGNORED"
5176419783,"50c9509d-22c7-4a22-a47d-8c48425ef4a7","https://www.inaturalist.org/observations/283991116","Animalia","Mollusca","Gastropoda","Neogastropoda","Muricidae","Urosalpinx","Urosalpinx cinerea",NA,"SPECIES","Urosalpinx cinerea (Say, 1822)","Urosalpinx cinerea","","US","","Massachusetts","PRESENT",NA,"28eb1a3f-1c15-4a95-931a-4af90ecb574d",41.624707,-70.836433,7,NA,NA,NA,NA,NA,"2025-05-25T12:32:39",25,5,2025,2304415,2304415,"HUMAN_OBSERVATION","iNaturalist","Observations","283991116","","Thomas Berger",2025-05-31 14:22:36,"CC_BY_4_0","feralbeetle","feralbeetle",NA,NA,2025-06-07 00:27:10.564,"StillImage","COORDINATE_ROUNDED;CONTINENT_DERIVED_FROM_COORDINATES;TAXON_MATCH_TAXON_ID_IGNORED"
5168119093,"50c9509d-22c7-4a22-a47d-8c48425ef4a7","https://www.inaturalist.org/observations/279518312","Animalia","Mollusca","Gastropoda","Neogastropoda","Muricidae","Urosalpinx","Urosalpinx cinerea",NA,"SPECIES","Urosalpinx cinerea (Say, 1822)","Urosalpinx cinerea","","US","","Florida","PRESENT",NA,"28eb1a3f-1c15-4a95-931a-4af90ecb574d",28.601761,-80.755129,3823,NA,NA,NA,NA,NA,"2025-05-08T13:51:23",8,5,2025,2304415,2304415,"HUMAN_OBSERVATION","iNaturalist","Observations","279518312","","Cara Womacks",2025-05-08 18:04:06,"CC_BY_NC_4_0","Cara Womacks","Cara Womacks",NA,NA,2025-06-07 00:21:24.456,"StillImage","COORDINATE_ROUNDED;CONTINENT_DERIVED_FROM_COORDINATES;TAXON_MATCH_TAXON_ID_IGNORED"
5167984445,"50c9509d-22c7-4a22-a47d-8c48425ef4a7","https://www.inaturalist.org/observations/280840009","Animalia","Mollusca","Gastropoda","Neogastropoda","Muricidae","Urosalpinx","Urosalpinx cinerea",NA,"SPECIES","Urosalpinx cinerea (Say, 1822)","Urosalpinx cinerea","","US","","Massachusetts","PRESENT",NA,"28eb1a3f-1c15-4a95-931a-4af90ecb574d",41.623487,-70.366433,4,NA,NA,NA,NA,NA,"2025-05-13T12:16:41",13,5,2025,2304415,2304415,"HUMAN_OBSERVATION","iNaturalist","Observations","280840009","","Benny Albro",2025-05-13 18:58:28,"CC_BY_4_0","Benny Albro","Benny Albro",NA,NA,2025-06-07 01:18:44.575,"StillImage","COORDINATE_ROUNDED;CONTINENT_DERIVED_FROM_COORDINATES;TAXON_MATCH_TAXON_ID_IGNORED"
5167493381,"50c9509d-22c7-4a22-a47d-8c48425ef4a7","https://www.inaturalist.org/observations/149100449","Animalia","Mollusca","Gastropoda","Neogastropoda","Muricidae","Urosalpinx","Urosalpinx cinerea",NA,"SPECIES","Urosalpinx cinerea (Say, 1822)","Urosalpinx cinerea","","US","","Rhode Island","PRESENT",NA,"28eb1a3f-1c15-4a95-931a-4af90ecb574d",41.480347,-71.238433,4,NA,NA,NA,NA,NA,"2023-02-18T10:46:09",18,2,2023,2304415,2304415,"HUMAN_OBSERVATION","iNaturalist","Observations","149100449","","Deana Tempest Thomas",2023-02-19 03:24:27,"CC_BY_4_0","Deana Tempest Thomas","Deana Tempest Thomas",NA,NA,2025-06-07 00:27:04.448,"StillImage","COORDINATE_ROUNDED;CONTINENT_DERIVED_FROM_COORDINATES;TAXON_MATCH_TAXON_ID_IGNORED"
5167296950,"50c9509d-22c7-4a22-a47d-8c48425ef4a7","https://www.inaturalist.org/observations/284410826","Animalia","Mollusca","Gastropoda","Neogastropoda","Muricidae","Urosalpinx","Urosalpinx cinerea",NA,"SPECIES","Urosalpinx cinerea (Say, 1822)","Urosalpinx cinerea","","US","","Delaware","PRESENT",NA,"28eb1a3f-1c15-4a95-931a-4af90ecb574d",38.926353,-75.310363,4,NA,NA,NA,NA,NA,"2025-05-26T14:13:03",26,5,2025,2304415,2304415,"HUMAN_OBSERVATION","iNaturalist","Observations","284410826","","jerseysheller",2025-05-27 16:26:47,"CC_BY_4_0","Lance Lavelle","Lance Lavelle",NA,NA,2025-06-07 01:54:19.171,"StillImage","COORDINATE_ROUNDED;CONTINENT_DERIVED_FROM_COORDINATES;TAXON_MATCH_TAXON_ID_IGNORED"
5167247897,"50c9509d-22c7-4a22-a47d-8c48425ef4a7","https://www.inaturalist.org/observations/271300597","Animalia","Mollusca","Gastropoda","Neogastropoda","Muricidae","Urosalpinx","Urosalpinx cinerea",NA,"SPECIES","Urosalpinx cinerea (Say, 1822)","Urosalpinx cinerea","","US","","New York","PRESENT",NA,"28eb1a3f-1c15-4a95-931a-4af90ecb574d",40.647925,-73.490058,4,NA,NA,NA,NA,NA,"2024-07-06T16:35:07",6,7,2024,2304415,2304415,"HUMAN_OBSERVATION","iNaturalist","Observations","271300597","","tylernoonan",2025-04-18 21:27:06,"CC_BY_NC_4_0","tylernoonan","tylernoonan",NA,NA,2025-06-07 01:58:55.683,"StillImage","COORDINATE_ROUNDED;CONTINENT_DERIVED_FROM_COORDINATES;TAXON_MATCH_TAXON_ID_IGNORED"
5167105843,"50c9509d-22c7-4a22-a47d-8c48425ef4a7","https://www.inaturalist.org/observations/268788527","Animalia","Mollusca","Gastropoda","Neogastropoda","Muricidae","Urosalpinx","Urosalpinx cinerea",NA,"SPECIES","Urosalpinx cinerea (Say, 1822)","Urosalpinx cinerea","","US","","Massachusetts","PRESENT",NA,"28eb1a3f-1c15-4a95-931a-4af90ecb574d",41.610231,-70.650734,181,NA,NA,NA,NA,NA,"2025-03-19T10:32",19,3,2025,2304415,2304415,"HUMAN_OBSERVATION","iNaturalist","Observations","268788527","","hedgely",2025-04-05 19:49:39,"CC_BY_NC_4_0","hedgely","hedgely",NA,NA,2025-06-07 01:53:10.875,"StillImage","COORDINATE_ROUNDED;CONTINENT_DERIVED_FROM_COORDINATES;TAXON_MATCH_TAXON_ID_IGNORED"
5166884317,"50c9509d-22c7-4a22-a47d-8c48425ef4a7","https://www.inaturalist.org/observations/279420640","Animalia","Mollusca","Gastropoda","Neogastropoda","Muricidae","Urosalpinx","Urosalpinx cinerea",NA,"SPECIES","Urosalpinx cinerea (Say, 1822)","Urosalpinx cinerea","","US","","Delaware","PRESENT",NA,"28eb1a3f-1c15-4a95-931a-4af90ecb574d",38.789224,-75.100671,171,NA,NA,NA,NA,NA,"2025-04-20T08:37",20,4,2025,2304415,2304415,"HUMAN_OBSERVATION","iNaturalist","Observations","279420640","","bev435",2025-05-08 09:24:46,"CC_BY_NC_4_0","bev435","bev435",NA,NA,2025-06-07 01:10:41.868,"StillImage","COORDINATE_ROUNDED;CONTINENT_DERIVED_FROM_COORDINATES;TAXON_MATCH_TAXON_ID_IGNORED"
5166820853,"50c9509d-22c7-4a22-a47d-8c48425ef4a7","https://www.inaturalist.org/observations/266853328","Animalia","Mollusca","Gastropoda","Neogastropoda","Muricidae","Urosalpinx","Urosalpinx cinerea",NA,"SPECIES","Urosalpinx cinerea (Say, 1822)","Urosalpinx cinerea","","US","","Connecticut","PRESENT",NA,"28eb1a3f-1c15-4a95-931a-4af90ecb574d",41.268195,-72.922576,NA,NA,NA,NA,NA,NA,"2023-06-18T16:48:37",18,6,2023,2304415,2304415,"HUMAN_OBSERVATION","iNaturalist","Observations","266853328","","Thomas Berger",2025-03-26 04:18:18,"CC_BY_NC_4_0","brug","brug",NA,NA,2025-06-07 01:07:28.569,"StillImage","COORDINATE_ROUNDED;CONTINENT_DERIVED_FROM_COORDINATES;TAXON_MATCH_TAXON_ID_IGNORED"
5154865298,"50c9509d-22c7-4a22-a47d-8c48425ef4a7","https://www.inaturalist.org/observations/278575078","Animalia","Mollusca","Gastropoda","Neogastropoda","Muricidae","Urosalpinx","Urosalpinx cinerea",NA,"SPECIES","Urosalpinx cinerea (Say, 1822)","Urosalpinx cinerea","","US","","Massachusetts","PRESENT",NA,"28eb1a3f-1c15-4a95-931a-4af90ecb574d",41.575361,-70.641171,142,NA,NA,NA,NA,NA,"2025-05-04T13:19:07",4,5,2025,2304415,2304415,"HUMAN_OBSERVATION","iNaturalist","Observations","278575078","","hedgely",2025-05-04 22:59:36,"CC_BY_NC_4_0","hedgely","hedgely",NA,NA,2025-06-07 01:41:34.203,"StillImage","COORDINATE_ROUNDED;CONTINENT_DERIVED_FROM_COORDINATES;TAXON_MATCH_TAXON_ID_IGNORED"
5154520460,"50c9509d-22c7-4a22-a47d-8c48425ef4a7","https://www.inaturalist.org/observations/279306113","Animalia","Mollusca","Gastropoda","Neogastropoda","Muricidae","Urosalpinx","Urosalpinx cinerea",NA,"SPECIES","Urosalpinx cinerea (Say, 1822)","Urosalpinx cinerea","","US","","Connecticut","PRESENT",NA,"28eb1a3f-1c15-4a95-931a-4af90ecb574d",41.1155,-73.32314,4,NA,NA,NA,NA,NA,"2025-05-07T14:14:43",7,5,2025,2304415,2304415,"HUMAN_OBSERVATION","iNaturalist","Observations","279306113","","Natalie",2025-05-07 20:10:40,"CC_BY_NC_4_0","Natalie","Natalie",NA,NA,2025-06-07 01:38:09.887,"StillImage","COORDINATE_ROUNDED;CONTINENT_DERIVED_FROM_COORDINATES;TAXON_MATCH_TAXON_ID_IGNORED"
5154408048,"50c9509d-22c7-4a22-a47d-8c48425ef4a7","https://www.inaturalist.org/observations/272038469","Animalia","Mollusca","Gastropoda","Neogastropoda","Muricidae","Urosalpinx","Urosalpinx cinerea",NA,"SPECIES","Urosalpinx cinerea (Say, 1822)","Urosalpinx cinerea","","US","","Connecticut","PRESENT",NA,"28eb1a3f-1c15-4a95-931a-4af90ecb574d",41.268922,-72.520317,5,NA,NA,NA,NA,NA,"2025-04-21T10:53:55",21,4,2025,2304415,2304415,"HUMAN_OBSERVATION","iNaturalist","Observations","272038469","","Benny Albro",2025-04-21 19:34:06,"CC_BY_4_0","Benny Albro","Benny Albro",NA,NA,2025-06-07 02:12:35.442,"StillImage","COORDINATE_ROUNDED;CONTINENT_DERIVED_FROM_COORDINATES;TAXON_MATCH_TAXON_ID_IGNORED"
5154289021,"50c9509d-22c7-4a22-a47d-8c48425ef4a7","https://www.inaturalist.org/observations/277054671","Animalia","Mollusca","Gastropoda","Neogastropoda","Muricidae","Urosalpinx","Urosalpinx cinerea",NA,"SPECIES","Urosalpinx cinerea (Say, 1822)","Urosalpinx cinerea","","US","","California","PRESENT",NA,"28eb1a3f-1c15-4a95-931a-4af90ecb574d",37.692678,-122.189841,3,NA,NA,NA,NA,NA,"2025-04-30T09:14:19",30,4,2025,2304415,2304415,"HUMAN_OBSERVATION","iNaturalist","Observations","277054671","","tinawolf",2025-04-30 16:25:29,"CC_BY_NC_4_0","tinawolf","tinawolf",NA,NA,2025-06-07 00:42:49.349,"StillImage","COORDINATE_ROUNDED;CONTINENT_DERIVED_FROM_COORDINATES;TAXON_MATCH_TAXON_ID_IGNORED"
5154168830,"50c9509d-22c7-4a22-a47d-8c48425ef4a7","https://www.inaturalist.org/observations/278593933","Animalia","Mollusca","Gastropoda","Neogastropoda","Muricidae","Urosalpinx","Urosalpinx cinerea",NA,"SPECIES","Urosalpinx cinerea (Say, 1822)","Urosalpinx cinerea","","US","","Massachusetts","PRESENT",NA,"28eb1a3f-1c15-4a95-931a-4af90ecb574d",41.57703,-70.640769,4,NA,NA,NA,NA,NA,"2025-05-04T12:41",4,5,2025,2304415,2304415,"HUMAN_OBSERVATION","iNaturalist","Observations","278593933","","Tom Walker",2025-05-05 00:12:22,"CC_BY_NC_4_0","Tom Walker","Tom Walker",NA,NA,2025-06-07 00:21:32.229,"StillImage","COORDINATE_ROUNDED;CONTINENT_DERIVED_FROM_COORDINATES;TAXON_MATCH_TAXON_ID_IGNORED"
5154101919,"50c9509d-22c7-4a22-a47d-8c48425ef4a7","https://www.inaturalist.org/observations/277515853","Animalia","Mollusca","Gastropoda","Neogastropoda","Muricidae","Urosalpinx","Urosalpinx cinerea",NA,"SPECIES","Urosalpinx cinerea (Say, 1822)","Urosalpinx cinerea","","US","","New York","PRESENT",NA,"28eb1a3f-1c15-4a95-931a-4af90ecb574d",40.626562,-73.904377,NA,NA,NA,NA,NA,NA,"2025-05-01T17:38:44",1,5,2025,2304415,2304415,"HUMAN_OBSERVATION","iNaturalist","Observations","277515853","","Louis Burns",2025-05-01 23:01:09,"CC_BY_NC_4_0","aplaz","aplaz",NA,NA,2025-06-07 01:12:14.625,"StillImage","COORDINATE_ROUNDED;CONTINENT_DERIVED_FROM_COORDINATES;TAXON_MATCH_TAXON_ID_IGNORED"
5153379823,"50c9509d-22c7-4a22-a47d-8c48425ef4a7","https://www.inaturalist.org/observations/275866262","Animalia","Mollusca","Gastropoda","Neogastropoda","Muricidae","Urosalpinx","Urosalpinx cinerea",NA,"SPECIES","Urosalpinx cinerea (Say, 1822)","Urosalpinx cinerea","","US","","New York","PRESENT",NA,"28eb1a3f-1c15-4a95-931a-4af90ecb574d",40.69154,-74.013031,NA,NA,NA,NA,NA,NA,"2025-04-28T11:56:20",28,4,2025,2304415,2304415,"HUMAN_OBSERVATION","iNaturalist","Observations","275866262","","Izabella Rodrigues",2025-04-28 17:21:27,"CC_BY_NC_4_0","Izabella Rodrigues","Izabella Rodrigues",NA,NA,2025-06-07 01:38:33.358,"StillImage","COORDINATE_ROUNDED;CONTINENT_DERIVED_FROM_COORDINATES;TAXON_MATCH_TAXON_ID_IGNORED"
5153320516,"50c9509d-22c7-4a22-a47d-8c48425ef4a7","https://www.inaturalist.org/observations/267084724","Animalia","Mollusca","Gastropoda","Neogastropoda","Muricidae","Urosalpinx","Urosalpinx cinerea",NA,"SPECIES","Urosalpinx cinerea (Say, 1822)","Urosalpinx cinerea","","US","","New York","PRESENT",NA,"28eb1a3f-1c15-4a95-931a-4af90ecb574d",40.57736,-73.932173,17,NA,NA,NA,NA,NA,"2025-03-26T14:41:30",26,3,2025,2304415,2304415,"HUMAN_OBSERVATION","iNaturalist","Observations","267084724","","KBCC Bio14",2025-03-26 18:42:29,"CC_BY_NC_4_0","KBCC Bio14","KBCC Bio14",NA,NA,2025-06-07 02:00:39.765,"StillImage","COORDINATE_ROUNDED;CONTINENT_DERIVED_FROM_COORDINATES;TAXON_MATCH_TAXON_ID_IGNORED"
5153162653,"50c9509d-22c7-4a22-a47d-8c48425ef4a7","https://www.inaturalist.org/observations/276844971","Animalia","Mollusca","Gastropoda","Neogastropoda","Muricidae","Urosalpinx","Urosalpinx cinerea",NA,"SPECIES","Urosalpinx cinerea (Say, 1822)","Urosalpinx cinerea","","US","","Connecticut","PRESENT",NA,"28eb1a3f-1c15-4a95-931a-4af90ecb574d",41.111272,-73.333655,4,NA,NA,NA,NA,NA,"2025-04-27T16:29:26",27,4,2025,2304415,2304415,"HUMAN_OBSERVATION","iNaturalist","Observations","276844971","","wueli",2025-04-30 01:24:22,"CC_BY_NC_4_0","wueli","wueli",NA,NA,2025-06-07 01:55:30.516,"StillImage","COORDINATE_ROUNDED;CONTINENT_DERIVED_FROM_COORDINATES;TAXON_MATCH_TAXON_ID_IGNORED"
5153068682,"50c9509d-22c7-4a22-a47d-8c48425ef4a7","https://www.inaturalist.org/observations/269291088","Animalia","Mollusca","Gastropoda","Neogastropoda","Muricidae","Urosalpinx","Urosalpinx cinerea",NA,"SPECIES","Urosalpinx cinerea (Say, 1822)","Urosalpinx cinerea","","US","","Florida","PRESENT",NA,"28eb1a3f-1c15-4a95-931a-4af90ecb574d",30.001994,-81.334861,5,NA,NA,NA,NA,NA,"2025-04-07T11:50",7,4,2025,2304415,2304415,"HUMAN_OBSERVATION","iNaturalist","Observations","269291088","","GTMResearchReserve",2025-04-08 14:30:06,"CC_BY_NC_4_0","GTMResearchReserve","GTMResearchReserve",NA,NA,2025-06-07 02:55:27.307,"StillImage","COORDINATE_ROUNDED;CONTINENT_DERIVED_FROM_COORDINATES;TAXON_MATCH_TAXON_ID_IGNORED"
5152998613,"50c9509d-22c7-4a22-a47d-8c48425ef4a7","https://www.inaturalist.org/observations/269370587","Animalia","Mollusca","Gastropoda","Neogastropoda","Muricidae","Urosalpinx","Urosalpinx cinerea",NA,"SPECIES","Urosalpinx cinerea (Say, 1822)","Urosalpinx cinerea","","US","","New York","PRESENT",NA,"28eb1a3f-1c15-4a95-931a-4af90ecb574d",41.039631,-72.278437,10,NA,NA,NA,NA,NA,"2025-04-08T16:08:34",8,4,2025,2304415,2304415,"HUMAN_OBSERVATION","iNaturalist","Observations","269370587","","Deborah E Barber",2025-04-08 23:49:28,"CC_BY_NC_4_0","Deborah E Barber","Deborah E Barber",NA,NA,2025-06-07 00:36:57.379,"StillImage","COORDINATE_ROUNDED;CONTINENT_DERIVED_FROM_COORDINATES;TAXON_MATCH_TAXON_ID_IGNORED"
5141067336,"50c9509d-22c7-4a22-a47d-8c48425ef4a7","https://www.inaturalist.org/observations/276047794","Animalia","Mollusca","Gastropoda","Neogastropoda","Muricidae","Urosalpinx","Urosalpinx cinerea",NA,"SPECIES","Urosalpinx cinerea (Say, 1822)","Urosalpinx cinerea","","US","","Virginia","PRESENT",NA,"28eb1a3f-1c15-4a95-931a-4af90ecb574d",37.902223,-75.406488,25,NA,NA,NA,NA,NA,"2025-04-28T16:07:47",28,4,2025,2304415,2304415,"HUMAN_OBSERVATION","iNaturalist","Observations","276047794","","Hayden Shepley",2025-04-28 20:40:38,"CC_BY_NC_4_0","Hayden Shepley","Hayden Shepley",NA,NA,2025-06-07 01:27:03.343,"StillImage","COORDINATE_ROUNDED;CONTINENT_DERIVED_FROM_COORDINATES;TAXON_MATCH_TAXON_ID_IGNORED"
5140671164,"50c9509d-22c7-4a22-a47d-8c48425ef4a7","https://www.inaturalist.org/observations/275013615","Animalia","Mollusca","Gastropoda","Neogastropoda","Muricidae","Urosalpinx","Urosalpinx cinerea",NA,"SPECIES","Urosalpinx cinerea (Say, 1822)","Urosalpinx cinerea","","US","","Connecticut","PRESENT",NA,"28eb1a3f-1c15-4a95-931a-4af90ecb574d",41.111232,-73.333617,3,NA,NA,NA,NA,NA,"2025-04-27T16:32:08",27,4,2025,2304415,2304415,"HUMAN_OBSERVATION","iNaturalist","Observations","275013615","","Bridget Cervero",2025-04-27 20:33:45,"CC_BY_NC_4_0","Bridget Cervero","Bridget Cervero",NA,NA,2025-06-07 01:51:10.443,"StillImage","COORDINATE_ROUNDED;CONTINENT_DERIVED_FROM_COORDINATES;TAXON_MATCH_TAXON_ID_IGNORED"
5140336401,"50c9509d-22c7-4a22-a47d-8c48425ef4a7","https://www.inaturalist.org/observations/273512903","Animalia","Mollusca","Gastropoda","Neogastropoda","Muricidae","Urosalpinx","Urosalpinx cinerea",NA,"SPECIES","Urosalpinx cinerea (Say, 1822)","Urosalpinx cinerea","","CA","","Nova Scotia","PRESENT",NA,"28eb1a3f-1c15-4a95-931a-4af90ecb574d",45.160486,-64.353619,469,NA,NA,NA,NA,NA,"2025-04-25T16:44",25,4,2025,2304415,2304415,"HUMAN_OBSERVATION","iNaturalist","Observations","273512903","","ipat",2025-04-26 01:40:00,"CC_BY_NC_4_0","ipat","ipat",NA,NA,2025-06-07 01:09:29.169,"StillImage","COORDINATE_ROUNDED;CONTINENT_DERIVED_FROM_COORDINATES;TAXON_MATCH_TAXON_ID_IGNORED"
5140077001,"50c9509d-22c7-4a22-a47d-8c48425ef4a7","https://www.inaturalist.org/observations/271850139","Animalia","Mollusca","Gastropoda","Neogastropoda","Muricidae","Urosalpinx","Urosalpinx cinerea",NA,"SPECIES","Urosalpinx cinerea (Say, 1822)","Urosalpinx cinerea","","US","","Massachusetts","PRESENT",NA,"28eb1a3f-1c15-4a95-931a-4af90ecb574d",41.575358,-70.641166,65,NA,NA,NA,NA,NA,"2025-04-20T18:43:53",20,4,2025,2304415,2304415,"HUMAN_OBSERVATION","iNaturalist","Observations","271850139","","hedgely",2025-04-21 02:01:34,"CC_BY_NC_4_0","hedgely","hedgely",NA,NA,2025-06-07 01:59:01.03,"StillImage","COORDINATE_ROUNDED;CONTINENT_DERIVED_FROM_COORDINATES;TAXON_MATCH_TAXON_ID_IGNORED"
5139981419,"50c9509d-22c7-4a22-a47d-8c48425ef4a7","https://www.inaturalist.org/observations/48839054","Animalia","Mollusca","Gastropoda","Neogastropoda","Muricidae","Urosalpinx","Urosalpinx cinerea",NA,"SPECIES","Urosalpinx cinerea (Say, 1822)","Urosalpinx cinerea","","US","","California","PRESENT",NA,"28eb1a3f-1c15-4a95-931a-4af90ecb574d",37.754552,-122.253246,1326,NA,NA,NA,NA,NA,"2020-06-07T13:24:07",7,6,2020,2304415,2304415,"HUMAN_OBSERVATION","iNaturalist","Observations","48839054","","Parsa Fard",2020-06-07 21:39:45,"CC_BY_4_0","Parsa Fard","Parsa Fard",NA,NA,2025-06-07 01:38:50.161,"StillImage","COORDINATE_ROUNDED;CONTINENT_DERIVED_FROM_COORDINATES;TAXON_MATCH_TAXON_ID_IGNORED"
5134830307,"50c9509d-22c7-4a22-a47d-8c48425ef4a7","https://www.inaturalist.org/observations/272041274","Animalia","Mollusca","Gastropoda","Neogastropoda","Muricidae","Urosalpinx","Urosalpinx cinerea",NA,"SPECIES","Urosalpinx cinerea (Say, 1822)","Urosalpinx cinerea","","US","","Connecticut","PRESENT",NA,"28eb1a3f-1c15-4a95-931a-4af90ecb574d",41.268975,-72.520325,6,NA,NA,NA,NA,NA,"2025-04-21T11:05:04",21,4,2025,2304415,2304415,"HUMAN_OBSERVATION","iNaturalist","Observations","272041274","","Benny Albro",2025-04-21 19:45:37,"CC_BY_4_0","Benny Albro","Benny Albro",NA,NA,2025-06-07 01:26:03.928,"StillImage","CONTINENT_DERIVED_FROM_COORDINATES;TAXON_MATCH_TAXON_ID_IGNORED"
5134708724,"50c9509d-22c7-4a22-a47d-8c48425ef4a7","https://www.inaturalist.org/observations/269184337","Animalia","Mollusca","Gastropoda","Neogastropoda","Muricidae","Urosalpinx","Urosalpinx cinerea",NA,"SPECIES","Urosalpinx cinerea (Say, 1822)","Urosalpinx cinerea","","US","","Massachusetts","PRESENT",NA,"28eb1a3f-1c15-4a95-931a-4af90ecb574d",41.707928,-69.954087,8,NA,NA,NA,NA,NA,"2025-04-07T13:28:44",7,4,2025,2304415,2304415,"HUMAN_OBSERVATION","iNaturalist","Observations","269184337","","Benny Albro",2025-04-07 21:01:29,"CC_BY_4_0","Benny Albro","Benny Albro",NA,NA,2025-06-07 00:03:44.288,"StillImage","COORDINATE_ROUNDED;CONTINENT_DERIVED_FROM_COORDINATES;TAXON_MATCH_TAXON_ID_IGNORED"
5134660826,"50c9509d-22c7-4a22-a47d-8c48425ef4a7","https://www.inaturalist.org/observations/269225711","Animalia","Mollusca","Gastropoda","Neogastropoda","Muricidae","Urosalpinx","Urosalpinx cinerea",NA,"SPECIES","Urosalpinx cinerea (Say, 1822)","Urosalpinx cinerea","","CA","","Nova Scotia","PRESENT",NA,"28eb1a3f-1c15-4a95-931a-4af90ecb574d",45.215175,-64.366165,837,NA,NA,NA,NA,NA,"2025-04-05T16:43:30",5,4,2025,2304415,2304415,"HUMAN_OBSERVATION","iNaturalist","Observations","269225711","","zachary g",2025-04-08 02:36:04,"CC_BY_NC_4_0","zachary g","zachary g",NA,NA,2025-06-07 03:04:40.021,"StillImage","CONTINENT_DERIVED_FROM_COORDINATES;TAXON_MATCH_TAXON_ID_IGNORED"
5134552149,"50c9509d-22c7-4a22-a47d-8c48425ef4a7","https://www.inaturalist.org/observations/271476565","Animalia","Mollusca","Gastropoda","Neogastropoda","Muricidae","Urosalpinx","Urosalpinx cinerea",NA,"SPECIES","Urosalpinx cinerea (Say, 1822)","Urosalpinx cinerea","","US","","Massachusetts","PRESENT",NA,"28eb1a3f-1c15-4a95-931a-4af90ecb574d",41.545331,-70.594472,42,NA,NA,NA,NA,NA,"2025-04-19T10:24:45",19,4,2025,2304415,2304415,"HUMAN_OBSERVATION","iNaturalist","Observations","271476565","","hedgely",2025-04-19 16:35:51,"CC_BY_NC_4_0","hedgely","hedgely",NA,NA,2025-06-07 03:12:56.664,"StillImage","COORDINATE_ROUNDED;CONTINENT_DERIVED_FROM_COORDINATES;TAXON_MATCH_TAXON_ID_IGNORED"
5133964274,"50c9509d-22c7-4a22-a47d-8c48425ef4a7","https://www.inaturalist.org/observations/268293673","Animalia","Mollusca","Gastropoda","Neogastropoda","Muricidae","Urosalpinx","Urosalpinx cinerea",NA,"SPECIES","Urosalpinx cinerea (Say, 1822)","Urosalpinx cinerea","","US","","Rhode Island","PRESENT",NA,"28eb1a3f-1c15-4a95-931a-4af90ecb574d",41.643008,-71.259505,4,NA,NA,NA,NA,NA,"2025-04-02T18:07:29",2,4,2025,2304415,2304415,"HUMAN_OBSERVATION","iNaturalist","Observations","268293673","","Louie",2025-04-02 22:39:06,"CC_BY_NC_4_0","Louie","Louie",NA,NA,2025-06-07 00:47:17.458,"StillImage","COORDINATE_ROUNDED;CONTINENT_DERIVED_FROM_COORDINATES;TAXON_MATCH_TAXON_ID_IGNORED"
5133930435,"50c9509d-22c7-4a22-a47d-8c48425ef4a7","https://www.inaturalist.org/observations/268325803","Animalia","Mollusca","Gastropoda","Neogastropoda","Muricidae","Urosalpinx","Urosalpinx cinerea",NA,"SPECIES","Urosalpinx cinerea (Say, 1822)","Urosalpinx cinerea","","US","","New Hampshire","PRESENT",NA,"28eb1a3f-1c15-4a95-931a-4af90ecb574d",43.119235,-70.82876,86,NA,NA,NA,NA,NA,"2025-03-30T19:22",30,3,2025,2304415,2304415,"HUMAN_OBSERVATION","iNaturalist","Observations","268325803","","Thomas Berger",2025-04-03 03:31:25,"CC_BY_NC_4_0","Thomas Berger","Thomas Berger",NA,NA,2025-06-07 00:15:16.709,"StillImage","COORDINATE_ROUNDED;CONTINENT_DERIVED_FROM_COORDINATES;TAXON_MATCH_TAXON_ID_IGNORED"
5133748175,"50c9509d-22c7-4a22-a47d-8c48425ef4a7","https://www.inaturalist.org/observations/267085081","Animalia","Mollusca","Gastropoda","Neogastropoda","Muricidae","Urosalpinx","Urosalpinx cinerea",NA,"SPECIES","Urosalpinx cinerea (Say, 1822)","Urosalpinx cinerea","","US","","New York","PRESENT",NA,"28eb1a3f-1c15-4a95-931a-4af90ecb574d",40.580918,-73.93355,21,NA,NA,NA,NA,NA,"2025-03-26T14:43:39",26,3,2025,2304415,2304415,"HUMAN_OBSERVATION","iNaturalist","Observations","267085081","","KBCC Bio14",2025-03-26 18:43:56,"CC_BY_NC_4_0","KBCC Bio14","KBCC Bio14",NA,NA,2025-06-07 01:09:53.698,"StillImage","COORDINATE_ROUNDED;CONTINENT_DERIVED_FROM_COORDINATES;TAXON_MATCH_TAXON_ID_IGNORED"
5133680691,"50c9509d-22c7-4a22-a47d-8c48425ef4a7","https://www.inaturalist.org/observations/270476751","Animalia","Mollusca","Gastropoda","Neogastropoda","Muricidae","Urosalpinx","Urosalpinx cinerea",NA,"SPECIES","Urosalpinx cinerea (Say, 1822)","Urosalpinx cinerea","","US","","New York","PRESENT",NA,"28eb1a3f-1c15-4a95-931a-4af90ecb574d",40.678713,-74.018264,3,NA,NA,NA,NA,NA,"2025-04-14T14:36:35",14,4,2025,2304415,2304415,"HUMAN_OBSERVATION","iNaturalist","Observations","270476751","","Louis Burns",2025-04-14 18:41:18,"CC_BY_NC_4_0","Louis Burns","Louis Burns",NA,NA,2025-06-07 02:10:44.13,"StillImage","COORDINATE_ROUNDED;CONTINENT_DERIVED_FROM_COORDINATES;TAXON_MATCH_TAXON_ID_IGNORED"
5108245881,"50c9509d-22c7-4a22-a47d-8c48425ef4a7","https://www.inaturalist.org/observations/267135925","Animalia","Mollusca","Gastropoda","Neogastropoda","Muricidae","Urosalpinx","Urosalpinx cinerea",NA,"SPECIES","Urosalpinx cinerea (Say, 1822)","Urosalpinx cinerea","","US","","Rhode Island","PRESENT",NA,"28eb1a3f-1c15-4a95-931a-4af90ecb574d",41.643927,-71.259106,4,NA,NA,NA,NA,NA,"2025-03-26T21:19",26,3,2025,2304415,2304415,"HUMAN_OBSERVATION","iNaturalist","Observations","267135925","","Thomas Berger",2025-03-28 02:03:57,"CC_BY_NC_4_0","Iliana Salinas","Iliana Salinas",NA,NA,2025-06-07 00:07:14.396,"StillImage","COORDINATE_ROUNDED;CONTINENT_DERIVED_FROM_COORDINATES;TAXON_MATCH_TAXON_ID_IGNORED"
5108139970,"50c9509d-22c7-4a22-a47d-8c48425ef4a7","https://www.inaturalist.org/observations/266797116","Animalia","Mollusca","Gastropoda","Neogastropoda","Muricidae","Urosalpinx","Urosalpinx cinerea",NA,"SPECIES","Urosalpinx cinerea (Say, 1822)","Urosalpinx cinerea","","US","","Connecticut","PRESENT",NA,"28eb1a3f-1c15-4a95-931a-4af90ecb574d",41.250195,-72.542085,41,NA,NA,NA,NA,NA,"2025-03-19T15:05",19,3,2025,2304415,2304415,"HUMAN_OBSERVATION","iNaturalist","Observations","266797116","","Thomas Berger",2025-03-26 04:33:17,"CC_BY_NC_4_0","Marcus Rossberg","Marcus Rossberg",NA,NA,2025-06-07 01:37:23.633,"StillImage","COORDINATE_ROUNDED;CONTINENT_DERIVED_FROM_COORDINATES;TAXON_MATCH_TAXON_ID_IGNORED"
5108122698,"50c9509d-22c7-4a22-a47d-8c48425ef4a7","https://www.inaturalist.org/observations/267085257","Animalia","Mollusca","Gastropoda","Neogastropoda","Muricidae","Urosalpinx","Urosalpinx cinerea",NA,"SPECIES","Urosalpinx cinerea (Say, 1822)","Urosalpinx cinerea","","US","","New York","PRESENT",NA,"28eb1a3f-1c15-4a95-931a-4af90ecb574d",40.580926,-73.933381,24,NA,NA,NA,NA,NA,"2025-03-26T14:44:15",26,3,2025,2304415,2304415,"HUMAN_OBSERVATION","iNaturalist","Observations","267085257","","KBCC Bio14",2025-03-26 18:44:49,"CC_BY_NC_4_0","KBCC Bio14","KBCC Bio14",NA,NA,2025-06-07 00:32:41.936,"StillImage","COORDINATE_ROUNDED;CONTINENT_DERIVED_FROM_COORDINATES;TAXON_MATCH_TAXON_ID_IGNORED"
5108106831,"50c9509d-22c7-4a22-a47d-8c48425ef4a7","https://www.inaturalist.org/observations/266389549","Animalia","Mollusca","Gastropoda","Neogastropoda","Muricidae","Urosalpinx","Urosalpinx cinerea",NA,"SPECIES","Urosalpinx cinerea (Say, 1822)","Urosalpinx cinerea","","US","","New Jersey","PRESENT",NA,"28eb1a3f-1c15-4a95-931a-4af90ecb574d",40.457708,-74.177573,535,NA,NA,NA,NA,NA,"2025-03-22T11:15:48",22,3,2025,2304415,2304415,"HUMAN_OBSERVATION","iNaturalist","Observations","266389549","","fioritim",2025-03-22 15:50:29,"CC_BY_NC_4_0","fioritim","fioritim",NA,NA,2025-06-07 00:13:58.842,"StillImage","COORDINATE_ROUNDED;CONTINENT_DERIVED_FROM_COORDINATES;TAXON_MATCH_TAXON_ID_IGNORED"
5104444243,"50c9509d-22c7-4a22-a47d-8c48425ef4a7","https://www.inaturalist.org/observations/266288513","Animalia","Mollusca","Gastropoda","Neogastropoda","Muricidae","Urosalpinx","Urosalpinx cinerea",NA,"SPECIES","Urosalpinx cinerea (Say, 1822)","Urosalpinx cinerea","","US","","New York","PRESENT",NA,"28eb1a3f-1c15-4a95-931a-4af90ecb574d",40.965762,-73.147964,32,NA,NA,NA,NA,NA,"2025-03-21T14:22:29",21,3,2025,2304415,2304415,"HUMAN_OBSERVATION","iNaturalist","Observations","266288513","","jackchaillet",2025-03-21 21:56:02,"CC_BY_NC_4_0","jackchaillet","jackchaillet",NA,NA,2025-06-07 00:46:34.852,"StillImage","COORDINATE_ROUNDED;CONTINENT_DERIVED_FROM_COORDINATES;TAXON_MATCH_TAXON_ID_IGNORED"
5104425481,"50c9509d-22c7-4a22-a47d-8c48425ef4a7","https://www.inaturalist.org/observations/266155020","Animalia","Mollusca","Gastropoda","Neogastropoda","Muricidae","Urosalpinx","Urosalpinx cinerea",NA,"SPECIES","Urosalpinx cinerea (Say, 1822)","Urosalpinx cinerea","","US","","Rhode Island","PRESENT",NA,"28eb1a3f-1c15-4a95-931a-4af90ecb574d",41.553562,-71.306045,45,NA,NA,NA,NA,NA,"2025-03-19T17:30:59",19,3,2025,2304415,2304415,"HUMAN_OBSERVATION","iNaturalist","Observations","266155020","","wkonwent",2025-03-20 22:06:59,"CC_BY_NC_4_0","wkonwent","wkonwent",NA,NA,2025-06-07 00:25:50.282,"StillImage","COORDINATE_ROUNDED;CONTINENT_DERIVED_FROM_COORDINATES;TAXON_MATCH_TAXON_ID_IGNORED"
5104413211,"50c9509d-22c7-4a22-a47d-8c48425ef4a7","https://www.inaturalist.org/observations/265970977","Animalia","Mollusca","Gastropoda","Neogastropoda","Muricidae","Urosalpinx","Urosalpinx cinerea",NA,"SPECIES","Urosalpinx cinerea (Say, 1822)","Urosalpinx cinerea","","US","","Massachusetts","PRESENT",NA,"28eb1a3f-1c15-4a95-931a-4af90ecb574d",41.929163,-70.031897,3,NA,NA,NA,NA,NA,"2025-03-19T10:27:04",19,3,2025,2304415,2304415,"HUMAN_OBSERVATION","iNaturalist","Observations","265970977","","Benny Albro",2025-03-19 15:50:24,"CC_BY_4_0","Benny Albro","Benny Albro",NA,NA,2025-06-07 00:14:53.043,"StillImage","COORDINATE_ROUNDED;CONTINENT_DERIVED_FROM_COORDINATES;TAXON_MATCH_TAXON_ID_IGNORED"
5104235180,"50c9509d-22c7-4a22-a47d-8c48425ef4a7","https://www.inaturalist.org/observations/200942188","Animalia","Mollusca","Gastropoda","Neogastropoda","Muricidae","Urosalpinx","Urosalpinx cinerea",NA,"SPECIES","Urosalpinx cinerea (Say, 1822)","Urosalpinx cinerea","","US","","Virginia","PRESENT",NA,"28eb1a3f-1c15-4a95-931a-4af90ecb574d",37.888535,-75.345157,166,NA,NA,NA,NA,NA,"2023-10-08T14:45",8,10,2023,2304415,2304415,"HUMAN_OBSERVATION","iNaturalist","Observations","200942188","","bev435",2024-03-01 21:42:54,"CC_BY_NC_4_0","bev435","bev435",NA,NA,2025-06-07 01:51:44.601,"StillImage","COORDINATE_ROUNDED;CONTINENT_DERIVED_FROM_COORDINATES;TAXON_MATCH_TAXON_ID_IGNORED"
5088121534,"50c9509d-22c7-4a22-a47d-8c48425ef4a7","https://www.inaturalist.org/observations/265457959","Animalia","Mollusca","Gastropoda","Neogastropoda","Muricidae","Urosalpinx","Urosalpinx cinerea",NA,"SPECIES","Urosalpinx cinerea (Say, 1822)","Urosalpinx cinerea","","US","","South Carolina","PRESENT",NA,"28eb1a3f-1c15-4a95-931a-4af90ecb574d",32.547132,-80.281334,9,NA,NA,NA,NA,NA,"2025-03-15T17:09:50",15,3,2025,2304415,2304415,"HUMAN_OBSERVATION","iNaturalist","Observations","265457959","","merideg",2025-03-15 21:11:00,"CC_BY_NC_4_0","merideg","merideg",NA,NA,2025-06-07 00:14:50.983,"StillImage","COORDINATE_ROUNDED;CONTINENT_DERIVED_FROM_COORDINATES;TAXON_MATCH_TAXON_ID_IGNORED"
5087628406,"50c9509d-22c7-4a22-a47d-8c48425ef4a7","https://www.inaturalist.org/observations/264113756","Animalia","Mollusca","Gastropoda","Neogastropoda","Muricidae","Urosalpinx","Urosalpinx cinerea",NA,"SPECIES","Urosalpinx cinerea (Say, 1822)","Urosalpinx cinerea","","CA","","Nova Scotia","PRESENT",NA,"28eb1a3f-1c15-4a95-931a-4af90ecb574d",45.137486,-64.287113,183,NA,NA,NA,NA,NA,"2025-03-04T11:56",4,3,2025,2304415,2304415,"HUMAN_OBSERVATION","iNaturalist","Observations","264113756","","ipat",2025-03-06 17:34:50,"CC_BY_NC_4_0","ipat","ipat",NA,NA,2025-06-07 01:56:59.146,"StillImage","COORDINATE_ROUNDED;CONTINENT_DERIVED_FROM_COORDINATES;TAXON_MATCH_TAXON_ID_IGNORED"
5087408022,"50c9509d-22c7-4a22-a47d-8c48425ef4a7","https://www.inaturalist.org/observations/263702843","Animalia","Mollusca","Gastropoda","Neogastropoda","Muricidae","Urosalpinx","Urosalpinx cinerea",NA,"SPECIES","Urosalpinx cinerea (Say, 1822)","Urosalpinx cinerea","","US","","Florida","PRESENT",NA,"28eb1a3f-1c15-4a95-931a-4af90ecb574d",29.707358,-81.230767,4,NA,NA,NA,NA,NA,"2025-03-02T16:53:57",2,3,2025,2304415,2304415,"HUMAN_OBSERVATION","iNaturalist","Observations","263702843","","Melissa Meadows",2025-03-03 01:01:00,"CC_BY_4_0","Melissa Meadows","Melissa Meadows",NA,NA,2025-06-07 02:12:58.694,"StillImage","COORDINATE_ROUNDED;CONTINENT_DERIVED_FROM_COORDINATES;TAXON_MATCH_TAXON_ID_IGNORED"
5087096900,"50c9509d-22c7-4a22-a47d-8c48425ef4a7","https://www.inaturalist.org/observations/238271406","Animalia","Mollusca","Gastropoda","Neogastropoda","Muricidae","Urosalpinx","Urosalpinx cinerea",NA,"SPECIES","Urosalpinx cinerea (Say, 1822)","Urosalpinx cinerea","","US","","Virginia","PRESENT",NA,"28eb1a3f-1c15-4a95-931a-4af90ecb574d",37.257815,-75.83174,1707,NA,NA,NA,NA,NA,"2024-08-15T12:55",15,8,2024,2304415,2304415,"HUMAN_OBSERVATION","iNaturalist","Observations","238271406","","Steven Rosenthal",2024-09-09 12:32:41,"CC_BY_NC_4_0","estehr","estehr",NA,NA,2025-06-07 01:31:23.049,"StillImage","COORDINATE_ROUNDED;CONTINENT_DERIVED_FROM_COORDINATES;TAXON_MATCH_TAXON_ID_IGNORED"
5087081543,"50c9509d-22c7-4a22-a47d-8c48425ef4a7","https://www.inaturalist.org/observations/232554109","Animalia","Mollusca","Gastropoda","Neogastropoda","Muricidae","Urosalpinx","Urosalpinx cinerea",NA,"SPECIES","Urosalpinx cinerea (Say, 1822)","Urosalpinx cinerea","","US","","Virginia","PRESENT",NA,"28eb1a3f-1c15-4a95-931a-4af90ecb574d",37.936275,-75.452055,3,NA,NA,NA,NA,NA,"2024-07-29T10:05:07",29,7,2024,2304415,2304415,"HUMAN_OBSERVATION","iNaturalist","Observations","232554109","","jacobhood55",2024-07-29 19:34:58,"CC_BY_NC_4_0","jacobhood55","jacobhood55",NA,NA,2025-06-07 01:35:50.84,"StillImage","CONTINENT_DERIVED_FROM_COORDINATES;TAXON_MATCH_TAXON_ID_IGNORED"
5086923488,"50c9509d-22c7-4a22-a47d-8c48425ef4a7","https://www.inaturalist.org/observations/127449306","Animalia","Mollusca","Gastropoda","Neogastropoda","Muricidae","Urosalpinx","Urosalpinx cinerea",NA,"SPECIES","Urosalpinx cinerea (Say, 1822)","Urosalpinx cinerea","","US","","Virginia","PRESENT",NA,"28eb1a3f-1c15-4a95-931a-4af90ecb574d",36.915387,-76.119215,581,NA,NA,NA,NA,NA,"2022-07-22T14:08:37",22,7,2022,2304415,2304415,"HUMAN_OBSERVATION","iNaturalist","Observations","127449306","","A",2022-07-23 02:40:35,"CC_BY_NC_4_0","A","A",NA,NA,2025-06-07 01:13:04.732,"StillImage","COORDINATE_ROUNDED;CONTINENT_DERIVED_FROM_COORDINATES;TAXON_MATCH_TAXON_ID_IGNORED"
5070063548,"50c9509d-22c7-4a22-a47d-8c48425ef4a7","https://www.inaturalist.org/observations/261755427","Animalia","Mollusca","Gastropoda","Neogastropoda","Muricidae","Urosalpinx","Urosalpinx cinerea",NA,"SPECIES","Urosalpinx cinerea (Say, 1822)","Urosalpinx cinerea","","US","","New York","PRESENT",NA,"28eb1a3f-1c15-4a95-931a-4af90ecb574d",41.030489,-72.196871,159,NA,NA,NA,NA,NA,"2013-06-24T10:00:40",24,6,2013,2304415,2304415,"HUMAN_OBSERVATION","iNaturalist","Observations","261755427","","stevebiasetti",2025-02-15 19:26:44,"CC_BY_NC_4_0","stevebiasetti","stevebiasetti",NA,NA,2025-06-07 00:25:05.331,"StillImage","COORDINATE_ROUNDED;CONTINENT_DERIVED_FROM_COORDINATES;TAXON_MATCH_TAXON_ID_IGNORED"
5063995341,"50c9509d-22c7-4a22-a47d-8c48425ef4a7","https://www.inaturalist.org/observations/261061139","Animalia","Mollusca","Gastropoda","Neogastropoda","Muricidae","Urosalpinx","Urosalpinx cinerea",NA,"SPECIES","Urosalpinx cinerea (Say, 1822)","Urosalpinx cinerea","","US","","New York","PRESENT",NA,"28eb1a3f-1c15-4a95-931a-4af90ecb574d",40.96645,-73.66948,4,NA,NA,NA,NA,NA,"2025-02-08T15:25",8,2,2025,2304415,2304415,"HUMAN_OBSERVATION","iNaturalist","Observations","261061139","","George",2025-02-09 00:50:28,"CC_BY_NC_4_0","George","George",NA,NA,2025-06-07 02:05:54.393,"StillImage","CONTINENT_DERIVED_FROM_COORDINATES;TAXON_MATCH_TAXON_ID_IGNORED"
5063936037,"50c9509d-22c7-4a22-a47d-8c48425ef4a7","https://www.inaturalist.org/observations/261015246","Animalia","Mollusca","Gastropoda","Neogastropoda","Muricidae","Urosalpinx","Urosalpinx cinerea",NA,"SPECIES","Urosalpinx cinerea (Say, 1822)","Urosalpinx cinerea","","US","","New York","PRESENT",NA,"28eb1a3f-1c15-4a95-931a-4af90ecb574d",40.937718,-73.145626,148,NA,NA,NA,NA,NA,"2025-02-08T10:31:16",8,2,2025,2304415,2304415,"HUMAN_OBSERVATION","iNaturalist","Observations","261015246","","jackchaillet",2025-02-08 17:14:14,"CC_BY_NC_4_0","jackchaillet","jackchaillet",NA,NA,2025-06-07 00:40:09.702,"StillImage","COORDINATE_ROUNDED;CONTINENT_DERIVED_FROM_COORDINATES;TAXON_MATCH_TAXON_ID_IGNORED"
5063262666,"50c9509d-22c7-4a22-a47d-8c48425ef4a7","https://www.inaturalist.org/observations/259132953","Animalia","Mollusca","Gastropoda","Neogastropoda","Muricidae","Urosalpinx","Urosalpinx cinerea",NA,"SPECIES","Urosalpinx cinerea (Say, 1822)","Urosalpinx cinerea","","CA","","Nova Scotia","PRESENT",NA,"28eb1a3f-1c15-4a95-931a-4af90ecb574d",45.311939,-63.810622,4,NA,NA,NA,NA,NA,"2024-09-14T16:57:08",14,9,2024,2304415,2304415,"HUMAN_OBSERVATION","iNaturalist","Observations","259132953","","Quinn Nathanson",2025-01-21 15:50:07,"CC_BY_4_0","Brett Sandford","Brett Sandford",NA,NA,2025-06-07 00:36:47.15,"StillImage","COORDINATE_ROUNDED;CONTINENT_DERIVED_FROM_COORDINATES;TAXON_MATCH_TAXON_ID_IGNORED"
5062466287,"50c9509d-22c7-4a22-a47d-8c48425ef4a7","https://www.inaturalist.org/observations/89009231","Animalia","Mollusca","Gastropoda","Neogastropoda","Muricidae","Urosalpinx","Urosalpinx cinerea",NA,"SPECIES","Urosalpinx cinerea (Say, 1822)","Urosalpinx cinerea","","US","","Massachusetts","PRESENT",NA,"28eb1a3f-1c15-4a95-931a-4af90ecb574d",41.542739,-70.617528,NA,NA,NA,NA,NA,NA,"2021-07-22T17:13:52",22,7,2021,2304415,2304415,"HUMAN_OBSERVATION","iNaturalist","Observations","89009231","","Liam Brister",2021-07-29 01:04:09,"CC_BY_4_0","Liam Brister","Liam Brister",NA,NA,2025-06-07 00:31:13.509,"StillImage","COORDINATE_ROUNDED;CONTINENT_DERIVED_FROM_COORDINATES;TAXON_MATCH_TAXON_ID_IGNORED"
5008123581,"50c9509d-22c7-4a22-a47d-8c48425ef4a7","https://www.inaturalist.org/observations/255883310","Animalia","Mollusca","Gastropoda","Neogastropoda","Muricidae","Urosalpinx","Urosalpinx cinerea",NA,"SPECIES","Urosalpinx cinerea (Say, 1822)","Urosalpinx cinerea","","US","","Delaware","PRESENT",NA,"28eb1a3f-1c15-4a95-931a-4af90ecb574d",38.788464,-75.100478,191,NA,NA,NA,NA,NA,"2020-02-22T15:43",22,2,2020,2304415,2304415,"HUMAN_OBSERVATION","iNaturalist","Observations","255883310","","bev435",2024-12-22 16:02:34,"CC_BY_NC_4_0","bev435","bev435",NA,NA,2025-06-07 03:13:53.521,"StillImage","COORDINATE_ROUNDED;CONTINENT_DERIVED_FROM_COORDINATES;TAXON_MATCH_TAXON_ID_IGNORED"
5007855777,"50c9509d-22c7-4a22-a47d-8c48425ef4a7","https://www.inaturalist.org/observations/224184950","Animalia","Mollusca","Gastropoda","Neogastropoda","Muricidae","Urosalpinx","Urosalpinx cinerea",NA,"SPECIES","Urosalpinx cinerea (Say, 1822)","Urosalpinx cinerea","","US","","Rhode Island","PRESENT",NA,"28eb1a3f-1c15-4a95-931a-4af90ecb574d",41.490055,-71.322297,4,NA,NA,NA,NA,NA,"2024-06-20T10:52:38",20,6,2024,2304415,2304415,"HUMAN_OBSERVATION","iNaturalist","Observations","224184950","","brock",2024-06-21 14:04:37,"CC_BY_NC_4_0","brock","brock",NA,NA,2025-06-07 01:51:22.33,"StillImage","COORDINATE_ROUNDED;CONTINENT_DERIVED_FROM_COORDINATES;TAXON_MATCH_TAXON_ID_IGNORED"
5007475285,"50c9509d-22c7-4a22-a47d-8c48425ef4a7","https://www.inaturalist.org/observations/256700833","Animalia","Mollusca","Gastropoda","Neogastropoda","Muricidae","Urosalpinx","Urosalpinx cinerea",NA,"SPECIES","Urosalpinx cinerea (Say, 1822)","Urosalpinx cinerea","","US","","Rhode Island","PRESENT",NA,"28eb1a3f-1c15-4a95-931a-4af90ecb574d",41.674042,-71.305572,NA,NA,NA,NA,NA,NA,"2024-12-29T15:23:02",29,12,2024,2304415,2304415,"HUMAN_OBSERVATION","iNaturalist","Observations","256700833","","Tyler Ekholm",2024-12-30 00:47:37,"CC_BY_4_0","Tyler Ekholm","Tyler Ekholm",NA,NA,2025-06-07 03:13:14.52,"StillImage","COORDINATE_ROUNDED;CONTINENT_DERIVED_FROM_COORDINATES;TAXON_MATCH_TAXON_ID_IGNORED"
5007344120,"50c9509d-22c7-4a22-a47d-8c48425ef4a7","https://www.inaturalist.org/observations/21336196","Animalia","Mollusca","Gastropoda","Neogastropoda","Muricidae","Urosalpinx","Urosalpinx cinerea",NA,"SPECIES","Urosalpinx cinerea (Say, 1822)","Urosalpinx cinerea","","US","","Massachusetts","PRESENT",NA,"28eb1a3f-1c15-4a95-931a-4af90ecb574d",41.483981,-71.038872,NA,NA,NA,NA,NA,NA,"2019-03-17T11:54",17,3,2019,2304415,2304415,"HUMAN_OBSERVATION","iNaturalist","Observations","21336196","","Susan J. Hewitt",2019-03-18 23:24:02,"CC_BY_NC_4_0","Lily M","Lily M",NA,NA,2025-06-07 00:43:39.563,"StillImage","COORDINATE_ROUNDED;CONTINENT_DERIVED_FROM_COORDINATES;TAXON_MATCH_TAXON_ID_IGNORED"
5007273215,"50c9509d-22c7-4a22-a47d-8c48425ef4a7","https://www.inaturalist.org/observations/257702702","Animalia","Mollusca","Gastropoda","Neogastropoda","Muricidae","Urosalpinx","Urosalpinx cinerea",NA,"SPECIES","Urosalpinx cinerea (Say, 1822)","Urosalpinx cinerea","","US","","New York","PRESENT",NA,"28eb1a3f-1c15-4a95-931a-4af90ecb574d",40.573198,-73.870155,8215,NA,NA,NA,NA,NA,"2025-01-07T09:44:21",7,1,2025,2304415,2304415,"HUMAN_OBSERVATION","iNaturalist","Observations","257702702","","k10wicklund",2025-01-07 14:50:37,"CC_BY_NC_4_0","k10wicklund","k10wicklund",NA,NA,2025-06-07 02:06:49.308,"StillImage","COORDINATE_ROUNDED;CONTINENT_DERIVED_FROM_COORDINATES;TAXON_MATCH_TAXON_ID_IGNORED"
4994477867,"50c9509d-22c7-4a22-a47d-8c48425ef4a7","https://www.inaturalist.org/observations/248144723","Animalia","Mollusca","Gastropoda","Neogastropoda","Muricidae","Urosalpinx","Urosalpinx cinerea",NA,"SPECIES","Urosalpinx cinerea (Say, 1822)","Urosalpinx cinerea","","US","","Rhode Island","PRESENT",NA,"28eb1a3f-1c15-4a95-931a-4af90ecb574d",41.674963,-71.27935,4,NA,NA,NA,NA,NA,"2024-10-19T16:44:04",19,10,2024,2304415,2304415,"HUMAN_OBSERVATION","iNaturalist","Observations","248144723","","crifket",2024-10-19 21:01:42,"CC_BY_NC_4_0","crifket","crifket",NA,NA,2025-06-07 01:50:59.7,"StillImage","COORDINATE_ROUNDED;CONTINENT_DERIVED_FROM_COORDINATES;TAXON_MATCH_TAXON_ID_IGNORED"
4994473894,"50c9509d-22c7-4a22-a47d-8c48425ef4a7","https://www.inaturalist.org/observations/121437439","Animalia","Mollusca","Gastropoda","Neogastropoda","Muricidae","Urosalpinx","Urosalpinx cinerea",NA,"SPECIES","Urosalpinx cinerea (Say, 1822)","Urosalpinx cinerea","","US","","Rhode Island","PRESENT",NA,"28eb1a3f-1c15-4a95-931a-4af90ecb574d",41.624695,-71.213666,20,NA,NA,NA,NA,NA,"2022-06-12T12:41:59",12,6,2022,2304415,2304415,"HUMAN_OBSERVATION","iNaturalist","Observations","121437439","","Gary Rosenberg",2024-09-26 00:14:34,"CC_BY_NC_4_0","matt_rock","matt_rock",NA,NA,2025-06-07 01:35:00.637,"StillImage","COORDINATE_ROUNDED;CONTINENT_DERIVED_FROM_COORDINATES;TAXON_MATCH_TAXON_ID_IGNORED"
4994421659,"50c9509d-22c7-4a22-a47d-8c48425ef4a7","https://www.inaturalist.org/observations/217397142","Animalia","Mollusca","Gastropoda","Neogastropoda","Muricidae","Urosalpinx","Urosalpinx cinerea",NA,"SPECIES","Urosalpinx cinerea (Say, 1822)","Urosalpinx cinerea","","US","","Virginia","PRESENT",NA,"28eb1a3f-1c15-4a95-931a-4af90ecb574d",37.929608,-75.416742,4,NA,NA,NA,NA,NA,"2024-05-21T16:21:51",21,5,2024,2304415,2304415,"HUMAN_OBSERVATION","iNaturalist","Observations","217397142","","Max J. Ford",2024-12-05 16:02:47,"CC_BY_NC_4_0","Rachel Pitt","Rachel Pitt",NA,NA,2025-06-07 02:58:35.021,"StillImage","COORDINATE_ROUNDED;CONTINENT_DERIVED_FROM_COORDINATES;TAXON_MATCH_TAXON_ID_IGNORED"
4993990558,"50c9509d-22c7-4a22-a47d-8c48425ef4a7","https://www.inaturalist.org/observations/28464008","Animalia","Mollusca","Gastropoda","Neogastropoda","Muricidae","Urosalpinx","Urosalpinx cinerea",NA,"SPECIES","Urosalpinx cinerea (Say, 1822)","Urosalpinx cinerea","","US","","New York","PRESENT",NA,"28eb1a3f-1c15-4a95-931a-4af90ecb574d",40.928208,-73.429703,NA,NA,NA,NA,NA,NA,"2019-07-08T10:27",8,7,2019,2304415,2304415,"HUMAN_OBSERVATION","iNaturalist","Observations","28464008","","ipat",2024-12-10 21:30:19,"CC0_1_0","Sequoia Janirella Wrens","Sequoia Janirella Wrens",NA,NA,2025-06-07 01:26:22.121,"StillImage","COORDINATE_ROUNDED;CONTINENT_DERIVED_FROM_COORDINATES;TAXON_MATCH_TAXON_ID_IGNORED"
4993963585,"50c9509d-22c7-4a22-a47d-8c48425ef4a7","https://www.inaturalist.org/observations/253187161","Animalia","Mollusca","Gastropoda","Neogastropoda","Muricidae","Urosalpinx","Urosalpinx cinerea",NA,"SPECIES","Urosalpinx cinerea (Say, 1822)","Urosalpinx cinerea","","US","","Maryland","PRESENT",NA,"28eb1a3f-1c15-4a95-931a-4af90ecb574d",38.205906,-75.162703,189,NA,NA,NA,NA,NA,"2024-11-25T16:32",25,11,2024,2304415,2304415,"HUMAN_OBSERVATION","iNaturalist","Observations","253187161","","bev435",2024-11-26 17:47:14,"CC_BY_NC_4_0","bev435","bev435",NA,NA,2025-06-07 00:35:18.268,"StillImage","COORDINATE_ROUNDED;CONTINENT_DERIVED_FROM_COORDINATES;TAXON_MATCH_TAXON_ID_IGNORED"
4993830218,"50c9509d-22c7-4a22-a47d-8c48425ef4a7","https://www.inaturalist.org/observations/253377893","Animalia","Mollusca","Gastropoda","Neogastropoda","Muricidae","Urosalpinx","Urosalpinx cinerea",NA,"SPECIES","Urosalpinx cinerea (Say, 1822)","Urosalpinx cinerea","","US","","California","PRESENT",NA,"28eb1a3f-1c15-4a95-931a-4af90ecb574d",37.695713,-122.187003,3,NA,NA,NA,NA,NA,"2024-11-27T16:24:34",27,11,2024,2304415,2304415,"HUMAN_OBSERVATION","iNaturalist","Observations","253377893","","Damon Tighe",2024-11-28 07:20:01,"CC_BY_NC_4_0","Damon Tighe","Damon Tighe",NA,NA,2025-06-07 01:21:48.565,"StillImage","COORDINATE_ROUNDED;CONTINENT_DERIVED_FROM_COORDINATES;TAXON_MATCH_TAXON_ID_IGNORED"
4993769005,"50c9509d-22c7-4a22-a47d-8c48425ef4a7","https://www.inaturalist.org/observations/28464159","Animalia","Mollusca","Gastropoda","Neogastropoda","Muricidae","Urosalpinx","Urosalpinx cinerea",NA,"SPECIES","Urosalpinx cinerea (Say, 1822)","Urosalpinx cinerea","","US","","New York","PRESENT",NA,"28eb1a3f-1c15-4a95-931a-4af90ecb574d",40.927283,-73.42932,NA,NA,NA,NA,NA,NA,"2019-07-08T11:14",8,7,2019,2304415,2304415,"HUMAN_OBSERVATION","iNaturalist","Observations","28464159","","ipat",2024-12-10 21:29:18,"CC0_1_0","Sequoia Janirella Wrens","Sequoia Janirella Wrens",NA,NA,2025-06-06 23:51:50.073,"StillImage","COORDINATE_ROUNDED;CONTINENT_DERIVED_FROM_COORDINATES;TAXON_MATCH_TAXON_ID_IGNORED"
4993762600,"50c9509d-22c7-4a22-a47d-8c48425ef4a7","https://www.inaturalist.org/observations/28464038","Animalia","Mollusca","Gastropoda","Neogastropoda","Muricidae","Urosalpinx","Urosalpinx cinerea",NA,"SPECIES","Urosalpinx cinerea (Say, 1822)","Urosalpinx cinerea","","US","","New York","PRESENT",NA,"28eb1a3f-1c15-4a95-931a-4af90ecb574d",40.928038,-73.429613,NA,NA,NA,NA,NA,NA,"2019-07-08T10:33",8,7,2019,2304415,2304415,"HUMAN_OBSERVATION","iNaturalist","Observations","28464038","","ipat",2024-12-10 21:30:12,"CC0_1_0","Sequoia Janirella Wrens","Sequoia Janirella Wrens",NA,NA,2025-06-07 02:34:12.525,"StillImage","COORDINATE_ROUNDED;CONTINENT_DERIVED_FROM_COORDINATES;TAXON_MATCH_TAXON_ID_IGNORED"
4993748394,"50c9509d-22c7-4a22-a47d-8c48425ef4a7","https://www.inaturalist.org/observations/121757798","Animalia","Mollusca","Gastropoda","Neogastropoda","Muricidae","Urosalpinx","Urosalpinx cinerea",NA,"SPECIES","Urosalpinx cinerea (Say, 1822)","Urosalpinx cinerea","","US","","New York","PRESENT",NA,"28eb1a3f-1c15-4a95-931a-4af90ecb574d",40.817903,-73.882628,NA,NA,NA,NA,NA,NA,"2022-06-14T13:08:14",14,6,2022,2304415,2304415,"HUMAN_OBSERVATION","iNaturalist","Observations","121757798","","Safiya",2022-07-14 15:40:59,"CC_BY_NC_4_0","Safiya","Safiya",NA,NA,2025-06-07 00:40:43.861,"StillImage","COORDINATE_ROUNDED;CONTINENT_DERIVED_FROM_COORDINATES;TAXON_MATCH_TAXON_ID_IGNORED"
4987585231,"50c9509d-22c7-4a22-a47d-8c48425ef4a7","https://www.inaturalist.org/observations/138404024","Animalia","Mollusca","Gastropoda","Neogastropoda","Muricidae","Urosalpinx","Urosalpinx cinerea",NA,"SPECIES","Urosalpinx cinerea (Say, 1822)","Urosalpinx cinerea","","US","","New York","PRESENT",NA,"28eb1a3f-1c15-4a95-931a-4af90ecb574d",40.807424,-73.796808,343,NA,NA,NA,NA,NA,"2022-09-27T13:03",27,9,2022,2304415,2304415,"HUMAN_OBSERVATION","iNaturalist","Observations","138404024","","stephanie_nyc",2022-10-15 00:00:03,"CC_BY_NC_4_0","cristinabarretta","cristinabarretta",NA,NA,2025-06-07 00:43:43.31,"StillImage","COORDINATE_ROUNDED;CONTINENT_DERIVED_FROM_COORDINATES;TAXON_MATCH_TAXON_ID_IGNORED"
4982263524,"50c9509d-22c7-4a22-a47d-8c48425ef4a7","https://www.inaturalist.org/observations/251597725","Animalia","Mollusca","Gastropoda","Neogastropoda","Muricidae","Urosalpinx","Urosalpinx cinerea",NA,"SPECIES","Urosalpinx cinerea (Say, 1822)","Urosalpinx cinerea","","US","","North Carolina","PRESENT",NA,"28eb1a3f-1c15-4a95-931a-4af90ecb574d",34.70658,-76.618688,37,NA,NA,NA,NA,NA,"2024-11-13T11:51:38",13,11,2024,2304415,2304415,"HUMAN_OBSERVATION","iNaturalist","Observations","251597725","","amandagi",2024-11-14 18:31:01,"CC_BY_NC_4_0","aj_smif","aj_smif",NA,NA,2025-06-07 01:55:11.814,"StillImage","COORDINATE_ROUNDED;CONTINENT_DERIVED_FROM_COORDINATES;TAXON_MATCH_TAXON_ID_IGNORED"
4982047948,"50c9509d-22c7-4a22-a47d-8c48425ef4a7","https://www.inaturalist.org/observations/249495293","Animalia","Mollusca","Gastropoda","Neogastropoda","Muricidae","Urosalpinx","Urosalpinx cinerea",NA,"SPECIES","Urosalpinx cinerea (Say, 1822)","Urosalpinx cinerea","","US","","Connecticut","PRESENT",NA,"28eb1a3f-1c15-4a95-931a-4af90ecb574d",41.2621,-72.560555,5,NA,NA,NA,NA,NA,"2024-10-26T15:20:12",26,10,2024,2304415,2304415,"HUMAN_OBSERVATION","iNaturalist","Observations","249495293","","ipat",2024-11-01 20:45:17,"CC_BY_NC_4_0","ism14","ism14",NA,NA,2025-06-07 01:33:03.421,"StillImage","CONTINENT_DERIVED_FROM_COORDINATES;TAXON_MATCH_TAXON_ID_IGNORED"
4981901781,"50c9509d-22c7-4a22-a47d-8c48425ef4a7","https://www.inaturalist.org/observations/179530276","Animalia","Mollusca","Gastropoda","Neogastropoda","Muricidae","Urosalpinx","Urosalpinx cinerea",NA,"SPECIES","Urosalpinx cinerea (Say, 1822)","Urosalpinx cinerea","","US","","Massachusetts","PRESENT",NA,"28eb1a3f-1c15-4a95-931a-4af90ecb574d",41.634709,-70.224293,4,NA,NA,NA,NA,NA,"2023-08-21T10:59:17",21,8,2023,2304415,2304415,"HUMAN_OBSERVATION","iNaturalist","Observations","179530276","","ipat",2024-05-07 00:33:05,"CC_BY_NC_4_0","cdipiazza","cdipiazza",NA,NA,2025-06-07 01:56:21.384,"StillImage","COORDINATE_ROUNDED;CONTINENT_DERIVED_FROM_COORDINATES;TAXON_MATCH_TAXON_ID_IGNORED"
4980519410,"50c9509d-22c7-4a22-a47d-8c48425ef4a7","https://www.inaturalist.org/observations/157121267","Animalia","Mollusca","Gastropoda","Neogastropoda","Muricidae","Urosalpinx","Urosalpinx cinerea",NA,"SPECIES","Urosalpinx cinerea (Say, 1822)","Urosalpinx cinerea","","US","","New York","PRESENT",NA,"28eb1a3f-1c15-4a95-931a-4af90ecb574d",40.77735,-73.942343,5,NA,NA,NA,NA,NA,"2023-04-28T10:08:54",28,4,2023,2304415,2304415,"HUMAN_OBSERVATION","iNaturalist","Observations","157121267","","asevareid",2023-04-28 17:51:16,"CC_BY_NC_4_0","asevareid","asevareid",NA,NA,2025-06-07 00:42:34.881,"StillImage","COORDINATE_ROUNDED;CONTINENT_DERIVED_FROM_COORDINATES;TAXON_MATCH_TAXON_ID_IGNORED"
4980366672,"50c9509d-22c7-4a22-a47d-8c48425ef4a7","https://www.inaturalist.org/observations/204665070","Animalia","Mollusca","Gastropoda","Neogastropoda","Muricidae","Urosalpinx","Urosalpinx cinerea",NA,"SPECIES","Urosalpinx cinerea (Say, 1822)","Urosalpinx cinerea","","US","","New York","PRESENT",NA,"28eb1a3f-1c15-4a95-931a-4af90ecb574d",40.603722,-73.927534,18,NA,NA,NA,NA,NA,"2024-03-30T13:53:57",30,3,2024,2304415,2304415,"HUMAN_OBSERVATION","iNaturalist","Observations","204665070","","Misha Zitser",2024-03-31 01:51:29,"CC_BY_NC_4_0","Misha Zitser","Misha Zitser",NA,NA,2025-06-07 00:25:55.024,"StillImage","COORDINATE_ROUNDED;CONTINENT_DERIVED_FROM_COORDINATES;TAXON_MATCH_TAXON_ID_IGNORED"
4978234732,"50c9509d-22c7-4a22-a47d-8c48425ef4a7","https://www.inaturalist.org/observations/173323896","Animalia","Mollusca","Gastropoda","Neogastropoda","Muricidae","Urosalpinx","Urosalpinx cinerea",NA,"SPECIES","Urosalpinx cinerea (Say, 1822)","Urosalpinx cinerea","","US","","Maryland","PRESENT",NA,"28eb1a3f-1c15-4a95-931a-4af90ecb574d",38.36726,-75.075341,9,NA,NA,NA,NA,NA,"2023-07-14T13:37",14,7,2023,2304415,2304415,"HUMAN_OBSERVATION","iNaturalist","Observations","173323896","","Alli",2023-07-17 00:10:11,"CC_BY_NC_4_0","Alli","Alli",NA,NA,2025-06-07 01:13:09.635,"StillImage","COORDINATE_ROUNDED;CONTINENT_DERIVED_FROM_COORDINATES;TAXON_MATCH_TAXON_ID_IGNORED"
4976653663,"50c9509d-22c7-4a22-a47d-8c48425ef4a7","https://www.inaturalist.org/observations/248438777","Animalia","Mollusca","Gastropoda","Neogastropoda","Muricidae","Urosalpinx","Urosalpinx cinerea",NA,"SPECIES","Urosalpinx cinerea (Say, 1822)","Urosalpinx cinerea","","US","","Delaware","PRESENT",NA,"28eb1a3f-1c15-4a95-931a-4af90ecb574d",38.787025,-75.101895,191,NA,NA,NA,NA,NA,"2020-10-18T16:35",18,10,2020,2304415,2304415,"HUMAN_OBSERVATION","iNaturalist","Observations","248438777","","bev435",2024-10-21 12:37:09,"CC_BY_NC_4_0","bev435","bev435",NA,NA,2025-06-07 01:45:28.985,"StillImage","COORDINATE_ROUNDED;CONTINENT_DERIVED_FROM_COORDINATES;TAXON_MATCH_TAXON_ID_IGNORED"
4976621207,"50c9509d-22c7-4a22-a47d-8c48425ef4a7","https://www.inaturalist.org/observations/221667645","Animalia","Mollusca","Gastropoda","Neogastropoda","Muricidae","Urosalpinx","Urosalpinx cinerea",NA,"SPECIES","Urosalpinx cinerea (Say, 1822)","Urosalpinx cinerea","","US","","Delaware","PRESENT",NA,"28eb1a3f-1c15-4a95-931a-4af90ecb574d",38.793778,-75.094064,5,NA,NA,NA,NA,NA,"2024-06-09T15:25:41",9,6,2024,2304415,2304415,"HUMAN_OBSERVATION","iNaturalist","Observations","221667645","","Lauren S.",2024-06-09 20:50:12,"CC_BY_4_0","Lauren S.","Lauren S.",NA,NA,2025-06-07 02:02:21.211,"StillImage","COORDINATE_ROUNDED;CONTINENT_DERIVED_FROM_COORDINATES;TAXON_MATCH_TAXON_ID_IGNORED"
4976366730,"50c9509d-22c7-4a22-a47d-8c48425ef4a7","https://www.inaturalist.org/observations/226329329","Animalia","Mollusca","Gastropoda","Neogastropoda","Muricidae","Urosalpinx","Urosalpinx cinerea",NA,"SPECIES","Urosalpinx cinerea (Say, 1822)","Urosalpinx cinerea","","US","","Delaware","PRESENT",NA,"28eb1a3f-1c15-4a95-931a-4af90ecb574d",38.670575,-75.072555,4,NA,NA,NA,NA,NA,"2024-06-30T14:26:17",30,6,2024,2304415,2304415,"HUMAN_OBSERVATION","iNaturalist","Observations","226329329","","inbetweenbays",2024-07-01 00:18:43,"CC_BY_4_0","inbetweenbays","inbetweenbays",NA,NA,2025-06-07 00:13:52.705,"StillImage","COORDINATE_ROUNDED;CONTINENT_DERIVED_FROM_COORDINATES;TAXON_MATCH_TAXON_ID_IGNORED"
4976300900,"50c9509d-22c7-4a22-a47d-8c48425ef4a7","https://www.inaturalist.org/observations/227234578","Animalia","Mollusca","Gastropoda","Neogastropoda","Muricidae","Urosalpinx","Urosalpinx cinerea",NA,"SPECIES","Urosalpinx cinerea (Say, 1822)","Urosalpinx cinerea","","US","","Delaware","PRESENT",NA,"28eb1a3f-1c15-4a95-931a-4af90ecb574d",38.91229,-75.303075,181,NA,NA,NA,NA,NA,"2024-07-04T17:01:18",4,7,2024,2304415,2304415,"HUMAN_OBSERVATION","iNaturalist","Observations","227234578","","fioritim",2024-07-05 03:23:09,"CC_BY_NC_4_0","fioritim","fioritim",NA,NA,2025-06-07 02:52:34.29,"StillImage","COORDINATE_ROUNDED;CONTINENT_DERIVED_FROM_COORDINATES;TAXON_MATCH_TAXON_ID_IGNORED"
4976265647,"50c9509d-22c7-4a22-a47d-8c48425ef4a7","https://www.inaturalist.org/observations/215382229","Animalia","Mollusca","Gastropoda","Neogastropoda","Muricidae","Urosalpinx","Urosalpinx cinerea",NA,"SPECIES","Urosalpinx cinerea (Say, 1822)","Urosalpinx cinerea","","US","","Delaware","PRESENT",NA,"28eb1a3f-1c15-4a95-931a-4af90ecb574d",38.911338,-75.301772,4,NA,NA,NA,NA,NA,"2024-05-12T18:40:44",12,5,2024,2304415,2304415,"HUMAN_OBSERVATION","iNaturalist","Observations","215382229","","inbetweenbays",2024-05-12 23:23:55,"CC_BY_4_0","inbetweenbays","inbetweenbays",NA,NA,2025-06-07 00:31:22.292,"StillImage","COORDINATE_ROUNDED;CONTINENT_DERIVED_FROM_COORDINATES;TAXON_MATCH_TAXON_ID_IGNORED"
4974279063,"50c9509d-22c7-4a22-a47d-8c48425ef4a7","https://www.inaturalist.org/observations/221223878","Animalia","Mollusca","Gastropoda","Neogastropoda","Muricidae","Urosalpinx","Urosalpinx cinerea",NA,"SPECIES","Urosalpinx cinerea (Say, 1822)","Urosalpinx cinerea","","US","","New Jersey","PRESENT",NA,"28eb1a3f-1c15-4a95-931a-4af90ecb574d",40.452683,-74.225563,4,NA,NA,NA,NA,NA,"2024-06-07T17:19:17",7,6,2024,2304415,2304415,"HUMAN_OBSERVATION","iNaturalist","Observations","221223878","","gwt2102",2024-06-08 02:28:57,"CC_BY_NC_4_0","gwt2102","gwt2102",NA,NA,2025-06-07 01:04:18.019,"StillImage","COORDINATE_ROUNDED;CONTINENT_DERIVED_FROM_COORDINATES;TAXON_MATCH_TAXON_ID_IGNORED"
4974262753,"50c9509d-22c7-4a22-a47d-8c48425ef4a7","https://www.inaturalist.org/observations/221318874","Animalia","Mollusca","Gastropoda","Neogastropoda","Muricidae","Urosalpinx","Urosalpinx cinerea",NA,"SPECIES","Urosalpinx cinerea (Say, 1822)","Urosalpinx cinerea","","US","","New Jersey","PRESENT",NA,"28eb1a3f-1c15-4a95-931a-4af90ecb574d",40.452645,-74.227745,4,NA,NA,NA,NA,NA,"2024-06-07T16:49:03",7,6,2024,2304415,2304415,"HUMAN_OBSERVATION","iNaturalist","Observations","221318874","","gwt2102",2024-06-08 14:58:07,"CC_BY_NC_4_0","gwt2102","gwt2102",NA,NA,2025-06-07 00:13:58.405,"StillImage","CONTINENT_DERIVED_FROM_COORDINATES;TAXON_MATCH_TAXON_ID_IGNORED"
4974252058,"50c9509d-22c7-4a22-a47d-8c48425ef4a7","https://www.inaturalist.org/observations/222618146","Animalia","Mollusca","Gastropoda","Neogastropoda","Muricidae","Urosalpinx","Urosalpinx cinerea",NA,"SPECIES","Urosalpinx cinerea (Say, 1822)","Urosalpinx cinerea","","US","","New Jersey","PRESENT",NA,"28eb1a3f-1c15-4a95-931a-4af90ecb574d",40.439708,-74.20762,4,NA,NA,NA,NA,NA,"2024-06-12T14:17:39",12,6,2024,2304415,2304415,"HUMAN_OBSERVATION","iNaturalist","Observations","222618146","","gwt2102",2024-06-14 11:19:52,"CC_BY_NC_4_0","gwt2102","gwt2102",NA,NA,2025-06-07 01:58:27.728,"StillImage","COORDINATE_ROUNDED;CONTINENT_DERIVED_FROM_COORDINATES;TAXON_MATCH_TAXON_ID_IGNORED"
4974231692,"50c9509d-22c7-4a22-a47d-8c48425ef4a7","https://www.inaturalist.org/observations/141363616","Animalia","Mollusca","Gastropoda","Neogastropoda","Muricidae","Urosalpinx","Urosalpinx cinerea",NA,"SPECIES","Urosalpinx cinerea (Say, 1822)","Urosalpinx cinerea","","US","","Delaware","PRESENT",NA,"28eb1a3f-1c15-4a95-931a-4af90ecb574d",38.787559,-75.102334,64,NA,NA,NA,NA,NA,"2022-11-05T13:59",5,11,2022,2304415,2304415,"HUMAN_OBSERVATION","iNaturalist","Observations","141363616","","bev435",2022-11-07 12:07:38,"CC_BY_NC_4_0","bev435","bev435",NA,NA,2025-06-07 00:51:04.678,"StillImage","COORDINATE_ROUNDED;CONTINENT_DERIVED_FROM_COORDINATES;TAXON_MATCH_TAXON_ID_IGNORED"
4974214324,"50c9509d-22c7-4a22-a47d-8c48425ef4a7","https://www.inaturalist.org/observations/216001147","Animalia","Mollusca","Gastropoda","Neogastropoda","Muricidae","Urosalpinx","Urosalpinx cinerea",NA,"SPECIES","Urosalpinx cinerea (Say, 1822)","Urosalpinx cinerea","","US","","New Jersey","PRESENT",NA,"28eb1a3f-1c15-4a95-931a-4af90ecb574d",40.456858,-74.236053,4,NA,NA,NA,NA,NA,"2024-05-15T13:27:04",15,5,2024,2304415,2304415,"HUMAN_OBSERVATION","iNaturalist","Observations","216001147","","gwt2102",2024-05-15 22:24:55,"CC_BY_NC_4_0","gwt2102","gwt2102",NA,NA,2025-06-07 01:24:51.061,"StillImage","COORDINATE_ROUNDED;CONTINENT_DERIVED_FROM_COORDINATES;TAXON_MATCH_TAXON_ID_IGNORED"
4974181811,"50c9509d-22c7-4a22-a47d-8c48425ef4a7","https://www.inaturalist.org/observations/218422681","Animalia","Mollusca","Gastropoda","Neogastropoda","Muricidae","Urosalpinx","Urosalpinx cinerea",NA,"SPECIES","Urosalpinx cinerea (Say, 1822)","Urosalpinx cinerea","","US","","Rhode Island","PRESENT",NA,"28eb1a3f-1c15-4a95-931a-4af90ecb574d",41.396271,-71.463356,4,NA,NA,NA,NA,NA,"2024-05-26T13:16:17",26,5,2024,2304415,2304415,"HUMAN_OBSERVATION","iNaturalist","Observations","218422681","","Gary Rosenberg",2024-09-26 01:25:58,"CC_BY_NC_4_0","collins1129","collins1129",NA,NA,2025-06-07 00:54:57.49,"StillImage","COORDINATE_ROUNDED;CONTINENT_DERIVED_FROM_COORDINATES;TAXON_MATCH_TAXON_ID_IGNORED"
4974104163,"50c9509d-22c7-4a22-a47d-8c48425ef4a7","https://www.inaturalist.org/observations/220585024","Animalia","Mollusca","Gastropoda","Neogastropoda","Muricidae","Urosalpinx","Urosalpinx cinerea",NA,"SPECIES","Urosalpinx cinerea (Say, 1822)","Urosalpinx cinerea","","US","","Rhode Island","PRESENT",NA,"28eb1a3f-1c15-4a95-931a-4af90ecb574d",41.380188,-71.516433,4,NA,NA,NA,NA,NA,"2024-06-04T15:38:39",4,6,2024,2304415,2304415,"HUMAN_OBSERVATION","iNaturalist","Observations","220585024","","El",2024-06-05 00:32:04,"CC_BY_NC_4_0","El","El",NA,NA,2025-06-07 01:12:30.709,"StillImage","COORDINATE_ROUNDED;CONTINENT_DERIVED_FROM_COORDINATES;TAXON_MATCH_TAXON_ID_IGNORED"
4974090419,"50c9509d-22c7-4a22-a47d-8c48425ef4a7","https://www.inaturalist.org/observations/241481038","Animalia","Mollusca","Gastropoda","Neogastropoda","Muricidae","Urosalpinx","Urosalpinx cinerea",NA,"SPECIES","Urosalpinx cinerea (Say, 1822)","Urosalpinx cinerea","","US","","New York","PRESENT",NA,"28eb1a3f-1c15-4a95-931a-4af90ecb574d",40.691345,-74.012688,23,NA,NA,NA,NA,NA,"2024-09-13T12:15:17",13,9,2024,2304415,2304415,"HUMAN_OBSERVATION","iNaturalist","Observations","241481038","","Gary Rosenberg",2024-09-27 04:25:47,"CC_BY_NC_4_0","rl4366","rl4366",NA,NA,2025-06-07 01:04:28.081,"StillImage","COORDINATE_ROUNDED;CONTINENT_DERIVED_FROM_COORDINATES;TAXON_MATCH_TAXON_ID_IGNORED"
4974085862,"50c9509d-22c7-4a22-a47d-8c48425ef4a7","https://www.inaturalist.org/observations/221318544","Animalia","Mollusca","Gastropoda","Neogastropoda","Muricidae","Urosalpinx","Urosalpinx cinerea",NA,"SPECIES","Urosalpinx cinerea (Say, 1822)","Urosalpinx cinerea","","US","","New Jersey","PRESENT",NA,"28eb1a3f-1c15-4a95-931a-4af90ecb574d",40.452658,-74.227722,4,NA,NA,NA,NA,NA,"2024-06-07T16:49:38",7,6,2024,2304415,2304415,"HUMAN_OBSERVATION","iNaturalist","Observations","221318544","","gwt2102",2024-06-08 14:56:39,"CC_BY_NC_4_0","gwt2102","gwt2102",NA,NA,2025-06-07 01:46:27.688,"StillImage","COORDINATE_ROUNDED;CONTINENT_DERIVED_FROM_COORDINATES;TAXON_MATCH_TAXON_ID_IGNORED"
4974051254,"50c9509d-22c7-4a22-a47d-8c48425ef4a7","https://www.inaturalist.org/observations/223370459","Animalia","Mollusca","Gastropoda","Neogastropoda","Muricidae","Urosalpinx","Urosalpinx cinerea",NA,"SPECIES","Urosalpinx cinerea (Say, 1822)","Urosalpinx cinerea","","US","","New Jersey","PRESENT",NA,"28eb1a3f-1c15-4a95-931a-4af90ecb574d",40.440705,-74.207558,4,NA,NA,NA,NA,NA,"2024-06-12T13:54:51",12,6,2024,2304415,2304415,"HUMAN_OBSERVATION","iNaturalist","Observations","223370459","","gwt2102",2024-06-17 17:06:16,"CC_BY_NC_4_0","gwt2102","gwt2102",NA,NA,2025-06-07 02:45:40.76,"StillImage","COORDINATE_ROUNDED;CONTINENT_DERIVED_FROM_COORDINATES;TAXON_MATCH_TAXON_ID_IGNORED"
4974046610,"50c9509d-22c7-4a22-a47d-8c48425ef4a7","https://www.inaturalist.org/observations/221224589","Animalia","Mollusca","Gastropoda","Neogastropoda","Muricidae","Urosalpinx","Urosalpinx cinerea",NA,"SPECIES","Urosalpinx cinerea (Say, 1822)","Urosalpinx cinerea","","US","","New Jersey","PRESENT",NA,"28eb1a3f-1c15-4a95-931a-4af90ecb574d",40.452687,-74.225563,4,NA,NA,NA,NA,NA,"2024-06-07T17:16:35",7,6,2024,2304415,2304415,"HUMAN_OBSERVATION","iNaturalist","Observations","221224589","","gwt2102",2024-06-08 02:34:17,"CC_BY_NC_4_0","gwt2102","gwt2102",NA,NA,2025-06-07 01:40:39.259,"StillImage","COORDINATE_ROUNDED;CONTINENT_DERIVED_FROM_COORDINATES;TAXON_MATCH_TAXON_ID_IGNORED"
4974014059,"50c9509d-22c7-4a22-a47d-8c48425ef4a7","https://www.inaturalist.org/observations/219874069","Animalia","Mollusca","Gastropoda","Neogastropoda","Muricidae","Urosalpinx","Urosalpinx cinerea",NA,"SPECIES","Urosalpinx cinerea (Say, 1822)","Urosalpinx cinerea","","US","","New Jersey","PRESENT",NA,"28eb1a3f-1c15-4a95-931a-4af90ecb574d",39.539219,-74.390179,NA,NA,NA,NA,NA,NA,"2024-06-01T12:10:07",1,6,2024,2304415,2304415,"HUMAN_OBSERVATION","iNaturalist","Observations","219874069","","Brian G.",2024-06-01 23:53:03,"CC_BY_NC_4_0","Brian G.","Brian G.",NA,NA,2025-06-07 01:03:50.549,"StillImage","COORDINATE_ROUNDED;CONTINENT_DERIVED_FROM_COORDINATES;TAXON_MATCH_TAXON_ID_IGNORED"
4973977872,"50c9509d-22c7-4a22-a47d-8c48425ef4a7","https://www.inaturalist.org/observations/223892230","Animalia","Mollusca","Gastropoda","Neogastropoda","Muricidae","Urosalpinx","Urosalpinx cinerea",NA,"SPECIES","Urosalpinx cinerea (Say, 1822)","Urosalpinx cinerea","","US","","New Jersey","PRESENT",NA,"28eb1a3f-1c15-4a95-931a-4af90ecb574d",40.448095,-74.164169,4,NA,NA,NA,NA,NA,"2024-06-12T12:52:05",12,6,2024,2304415,2304415,"HUMAN_OBSERVATION","iNaturalist","Observations","223892230","","gwt2102",2024-06-20 01:54:27,"CC_BY_NC_4_0","gwt2102","gwt2102",NA,NA,2025-06-07 01:27:49.305,"StillImage","COORDINATE_ROUNDED;CONTINENT_DERIVED_FROM_COORDINATES;TAXON_MATCH_TAXON_ID_IGNORED"
4973925032,"50c9509d-22c7-4a22-a47d-8c48425ef4a7","https://www.inaturalist.org/observations/145550149","Animalia","Mollusca","Gastropoda","Neogastropoda","Muricidae","Urosalpinx","Urosalpinx cinerea",NA,"SPECIES","Urosalpinx cinerea (Say, 1822)","Urosalpinx cinerea","","US","","Delaware","PRESENT",NA,"28eb1a3f-1c15-4a95-931a-4af90ecb574d",38.78899,-75.102988,190,NA,NA,NA,NA,NA,"2022-12-27T14:17",27,12,2022,2304415,2304415,"HUMAN_OBSERVATION","iNaturalist","Observations","145550149","","bev435",2023-01-01 02:59:03,"CC_BY_NC_4_0","bev435","bev435",NA,NA,2025-06-07 02:48:34.795,"StillImage","COORDINATE_ROUNDED;CONTINENT_DERIVED_FROM_COORDINATES;TAXON_MATCH_TAXON_ID_IGNORED"
4973915837,"50c9509d-22c7-4a22-a47d-8c48425ef4a7","https://www.inaturalist.org/observations/223521054","Animalia","Mollusca","Gastropoda","Neogastropoda","Muricidae","Urosalpinx","Urosalpinx cinerea",NA,"SPECIES","Urosalpinx cinerea (Say, 1822)","Urosalpinx cinerea","","US","","New Jersey","PRESENT",NA,"28eb1a3f-1c15-4a95-931a-4af90ecb574d",40.448083,-74.164497,4,NA,NA,NA,NA,NA,"2024-06-12T12:53:13",12,6,2024,2304415,2304415,"HUMAN_OBSERVATION","iNaturalist","Observations","223521054","","gwt2102",2024-06-18 11:17:32,"CC_BY_NC_4_0","gwt2102","gwt2102",NA,NA,2025-06-07 01:00:35.3,"StillImage","COORDINATE_ROUNDED;CONTINENT_DERIVED_FROM_COORDINATES;TAXON_MATCH_TAXON_ID_IGNORED"
4973799224,"50c9509d-22c7-4a22-a47d-8c48425ef4a7","https://www.inaturalist.org/observations/186412697","Animalia","Mollusca","Gastropoda","Neogastropoda","Muricidae","Urosalpinx","Urosalpinx cinerea",NA,"SPECIES","Urosalpinx cinerea (Say, 1822)","Urosalpinx cinerea","","US","","New Jersey","PRESENT",NA,"28eb1a3f-1c15-4a95-931a-4af90ecb574d",39.266311,-74.587399,15,NA,NA,NA,NA,NA,"2023-10-06T07:40",6,10,2023,2304415,2304415,"HUMAN_OBSERVATION","iNaturalist","Observations","186412697","","Parsa Fard",2023-10-14 04:43:48,"CC_BY_NC_4_0","HVW","HVW",NA,NA,2025-06-07 02:04:46.583,"StillImage","COORDINATE_ROUNDED;CONTINENT_DERIVED_FROM_COORDINATES;TAXON_MATCH_TAXON_ID_IGNORED"
4973781730,"50c9509d-22c7-4a22-a47d-8c48425ef4a7","https://www.inaturalist.org/observations/201507391","Animalia","Mollusca","Gastropoda","Neogastropoda","Muricidae","Urosalpinx","Urosalpinx cinerea",NA,"SPECIES","Urosalpinx cinerea (Say, 1822)","Urosalpinx cinerea","","US","","New Jersey","PRESENT",NA,"28eb1a3f-1c15-4a95-931a-4af90ecb574d",39.311513,-74.592849,3,NA,NA,NA,NA,NA,"2024-03-06T15:32:37",6,3,2024,2304415,2304415,"HUMAN_OBSERVATION","iNaturalist","Observations","201507391","","Michael Stanton",2024-03-06 20:33:17,"CC_BY_NC_4_0","Michael Stanton","Michael Stanton",NA,NA,2025-06-06 23:59:44.179,"StillImage","COORDINATE_ROUNDED;CONTINENT_DERIVED_FROM_COORDINATES;TAXON_MATCH_TAXON_ID_IGNORED"
4954722187,"50c9509d-22c7-4a22-a47d-8c48425ef4a7","https://www.inaturalist.org/observations/233160935","Animalia","Mollusca","Gastropoda","Neogastropoda","Muricidae","Urosalpinx","Urosalpinx cinerea",NA,"SPECIES","Urosalpinx cinerea (Say, 1822)","Urosalpinx cinerea","","US","","Massachusetts","PRESENT",NA,"28eb1a3f-1c15-4a95-931a-4af90ecb574d",41.767058,-70.095482,NA,NA,NA,NA,NA,NA,"2024-08-01T16:18:34",1,8,2024,2304415,2304415,"HUMAN_OBSERVATION","iNaturalist","Observations","233160935","","Gary Rosenberg",2024-10-14 01:41:54,"CC_BY_4_0","Alessandro Franchini","Alessandro Franchini",NA,NA,2025-06-07 00:32:06.413,"StillImage","COORDINATE_ROUNDED;CONTINENT_DERIVED_FROM_COORDINATES;TAXON_MATCH_TAXON_ID_IGNORED"
4954720066,"50c9509d-22c7-4a22-a47d-8c48425ef4a7","https://www.inaturalist.org/observations/135289373","Animalia","Mollusca","Gastropoda","Neogastropoda","Muricidae","Urosalpinx","Urosalpinx cinerea",NA,"SPECIES","Urosalpinx cinerea (Say, 1822)","Urosalpinx cinerea","","CA","","Nova Scotia","PRESENT",NA,"28eb1a3f-1c15-4a95-931a-4af90ecb574d",45.149473,-64.286168,1530,NA,NA,NA,NA,NA,"2022-09-15T11:49",15,9,2022,2304415,2304415,"HUMAN_OBSERVATION","iNaturalist","Observations","135289373","","ipat",2022-09-16 20:10:21,"CC_BY_NC_4_0","ipat","ipat",NA,NA,2025-06-07 01:46:44.301,"StillImage","COORDINATE_ROUNDED;CONTINENT_DERIVED_FROM_COORDINATES;TAXON_MATCH_TAXON_ID_IGNORED"
4954650381,"50c9509d-22c7-4a22-a47d-8c48425ef4a7","https://www.inaturalist.org/observations/246909821","Animalia","Mollusca","Gastropoda","Neogastropoda","Muricidae","Urosalpinx","Urosalpinx cinerea",NA,"SPECIES","Urosalpinx cinerea (Say, 1822)","Urosalpinx cinerea","","US","","South Carolina","PRESENT",NA,"28eb1a3f-1c15-4a95-931a-4af90ecb574d",32.411919,-80.443342,NA,NA,NA,NA,NA,NA,"2024-10-11T21:23:11",11,10,2024,2304415,2304415,"HUMAN_OBSERVATION","iNaturalist","Observations","246909821","","Kent Miller",2024-10-12 11:30:21,"CC_BY_4_0","Kent Miller","Kent Miller",NA,NA,2025-06-07 01:38:07.149,"StillImage","COORDINATE_ROUNDED;CONTINENT_DERIVED_FROM_COORDINATES;TAXON_MATCH_TAXON_ID_IGNORED"
4954614320,"50c9509d-22c7-4a22-a47d-8c48425ef4a7","https://www.inaturalist.org/observations/134310075","Animalia","Mollusca","Gastropoda","Neogastropoda","Muricidae","Urosalpinx","Urosalpinx cinerea",NA,"SPECIES","Urosalpinx cinerea (Say, 1822)","Urosalpinx cinerea","","US","","New York","PRESENT",NA,"28eb1a3f-1c15-4a95-931a-4af90ecb574d",40.691376,-74.012375,4,NA,NA,NA,NA,NA,"2022-09-09T12:17:18",9,9,2022,2304415,2304415,"HUMAN_OBSERVATION","iNaturalist","Observations","134310075","","urbantoad",2022-09-09 16:17:49,"CC_BY_NC_4_0","urbantoad","urbantoad",NA,NA,2025-06-07 01:45:37.447,"StillImage","COORDINATE_ROUNDED;CONTINENT_DERIVED_FROM_COORDINATES;TAXON_MATCH_TAXON_ID_IGNORED"
4954421588,"50c9509d-22c7-4a22-a47d-8c48425ef4a7","https://www.inaturalist.org/observations/246950213","Animalia","Mollusca","Gastropoda","Neogastropoda","Muricidae","Urosalpinx","Urosalpinx cinerea",NA,"SPECIES","Urosalpinx cinerea (Say, 1822)","Urosalpinx cinerea","","US","","Florida","PRESENT",NA,"28eb1a3f-1c15-4a95-931a-4af90ecb574d",29.660939,-81.209828,2469,NA,NA,NA,NA,NA,"2024-10-12T12:14:56",12,10,2024,2304415,2304415,"HUMAN_OBSERVATION","iNaturalist","Observations","246950213","","ethenu",2024-10-12 16:15:19,"CC_BY_NC_4_0","ethenu","ethenu",NA,NA,2025-06-07 00:21:10.043,"StillImage","COORDINATE_ROUNDED;CONTINENT_DERIVED_FROM_COORDINATES;TAXON_MATCH_TAXON_ID_IGNORED"
4954401101,"50c9509d-22c7-4a22-a47d-8c48425ef4a7","https://www.inaturalist.org/observations/172083846","Animalia","Mollusca","Gastropoda","Neogastropoda","Muricidae","Urosalpinx","Urosalpinx cinerea",NA,"SPECIES","Urosalpinx cinerea (Say, 1822)","Urosalpinx cinerea","","US","","North Carolina","PRESENT",NA,"28eb1a3f-1c15-4a95-931a-4af90ecb574d",33.870494,-78.489103,NA,NA,NA,NA,NA,NA,"2023-07-09T20:00:50",9,7,2023,2304415,2304415,"HUMAN_OBSERVATION","iNaturalist","Observations","172083846","","Henry",2023-07-10 01:42:58,"CC_BY_4_0","Henry","Henry",NA,NA,2025-06-07 00:01:05.993,"StillImage","COORDINATE_ROUNDED;CONTINENT_DERIVED_FROM_COORDINATES;TAXON_MATCH_TAXON_ID_IGNORED"
4954377680,"50c9509d-22c7-4a22-a47d-8c48425ef4a7","https://www.inaturalist.org/observations/185948288","Animalia","Mollusca","Gastropoda","Neogastropoda","Muricidae","Urosalpinx","Urosalpinx cinerea",NA,"SPECIES","Urosalpinx cinerea (Say, 1822)","Urosalpinx cinerea","","US","","Delaware","PRESENT",NA,"28eb1a3f-1c15-4a95-931a-4af90ecb574d",38.789897,-75.087166,297,NA,NA,NA,NA,NA,"2023-10-01T17:38",1,10,2023,2304415,2304415,"HUMAN_OBSERVATION","iNaturalist","Observations","185948288","","Elaine Parker",2023-10-02 19:56:30,"CC_BY_NC_4_0","Elaine Parker","Elaine Parker",NA,NA,2025-06-07 00:53:59.336,"StillImage","COORDINATE_ROUNDED;CONTINENT_DERIVED_FROM_COORDINATES;TAXON_MATCH_TAXON_ID_IGNORED"
4954336704,"50c9509d-22c7-4a22-a47d-8c48425ef4a7","https://www.inaturalist.org/observations/194153839","Animalia","Mollusca","Gastropoda","Neogastropoda","Muricidae","Urosalpinx","Urosalpinx cinerea",NA,"SPECIES","Urosalpinx cinerea (Say, 1822)","Urosalpinx cinerea","","US","","Delaware","PRESENT",NA,"28eb1a3f-1c15-4a95-931a-4af90ecb574d",38.796989,-75.089516,221,NA,NA,NA,NA,NA,"2023-12-16T20:05:50",16,12,2023,2304415,2304415,"HUMAN_OBSERVATION","iNaturalist","Observations","194153839","","Elaine Parker",2023-12-17 01:22:30,"CC_BY_NC_4_0","Elaine Parker","Elaine Parker",NA,NA,2025-06-07 02:47:18.074,"StillImage","COORDINATE_ROUNDED;CONTINENT_DERIVED_FROM_COORDINATES;TAXON_MATCH_TAXON_ID_IGNORED"
4954294518,"50c9509d-22c7-4a22-a47d-8c48425ef4a7","https://www.inaturalist.org/observations/247029485","Animalia","Mollusca","Gastropoda","Neogastropoda","Muricidae","Urosalpinx","Urosalpinx cinerea",NA,"SPECIES","Urosalpinx cinerea (Say, 1822)","Urosalpinx cinerea","","US","","New Jersey","PRESENT",NA,"28eb1a3f-1c15-4a95-931a-4af90ecb574d",39.206252,-74.65719,NA,NA,NA,NA,NA,NA,"2024-10-12T11:45:40",12,10,2024,2304415,2304415,"HUMAN_OBSERVATION","iNaturalist","Observations","247029485","","Steven Rosenthal",2024-10-16 00:52:51,"CC_BY_NC_4_0","Brian G.","Brian G.",NA,NA,2025-06-07 01:19:36.842,"StillImage","COORDINATE_ROUNDED;CONTINENT_DERIVED_FROM_COORDINATES;TAXON_MATCH_TAXON_ID_IGNORED"
4954274932,"50c9509d-22c7-4a22-a47d-8c48425ef4a7","https://www.inaturalist.org/observations/245837199","Animalia","Mollusca","Gastropoda","Neogastropoda","Muricidae","Urosalpinx","Urosalpinx cinerea",NA,"SPECIES","Urosalpinx cinerea (Say, 1822)","Urosalpinx cinerea","","US","","Rhode Island","PRESENT",NA,"28eb1a3f-1c15-4a95-931a-4af90ecb574d",41.650142,-71.256592,4,NA,NA,NA,NA,NA,"2024-10-05T18:07:21",5,10,2024,2304415,2304415,"HUMAN_OBSERVATION","iNaturalist","Observations","245837199","","crifket",2024-10-05 22:33:36,"CC_BY_NC_4_0","crifket","crifket",NA,NA,2025-06-07 02:04:43.427,"StillImage","COORDINATE_ROUNDED;CONTINENT_DERIVED_FROM_COORDINATES;TAXON_MATCH_TAXON_ID_IGNORED"
4954271428,"50c9509d-22c7-4a22-a47d-8c48425ef4a7","https://www.inaturalist.org/observations/236633818","Animalia","Mollusca","Gastropoda","Neogastropoda","Muricidae","Urosalpinx","Urosalpinx cinerea",NA,"SPECIES","Urosalpinx cinerea (Say, 1822)","Urosalpinx cinerea","","US","","Massachusetts","PRESENT",NA,"28eb1a3f-1c15-4a95-931a-4af90ecb574d",41.928913,-70.044669,4,NA,NA,NA,NA,NA,"2024-08-18T17:03:53",18,8,2024,2304415,2304415,"HUMAN_OBSERVATION","iNaturalist","Observations","236633818","","gwt2102",2024-08-19 00:42:03,"CC_BY_NC_4_0","gwt2102","gwt2102",NA,NA,2025-06-07 01:26:10.832,"StillImage","COORDINATE_ROUNDED;CONTINENT_DERIVED_FROM_COORDINATES;TAXON_MATCH_TAXON_ID_IGNORED"
4954248644,"50c9509d-22c7-4a22-a47d-8c48425ef4a7","https://www.inaturalist.org/observations/232728167","Animalia","Mollusca","Gastropoda","Neogastropoda","Muricidae","Urosalpinx","Urosalpinx cinerea",NA,"SPECIES","Urosalpinx cinerea (Say, 1822)","Urosalpinx cinerea","","US","","Georgia","PRESENT",NA,"28eb1a3f-1c15-4a95-931a-4af90ecb574d",31.021053,-81.434488,211,NA,NA,NA,NA,NA,"2024-07-30T11:05",30,7,2024,2304415,2304415,"HUMAN_OBSERVATION","iNaturalist","Observations","232728167","","wiregrasser",2024-07-30 17:14:04,"CC_BY_4_0","wiregrasser","wiregrasser",NA,NA,2025-06-07 00:42:34.99,"StillImage","COORDINATE_ROUNDED;CONTINENT_DERIVED_FROM_COORDINATES;TAXON_MATCH_TAXON_ID_IGNORED"
4953116570,"50c9509d-22c7-4a22-a47d-8c48425ef4a7","https://www.inaturalist.org/observations/237076159","Animalia","Mollusca","Gastropoda","Neogastropoda","Muricidae","Urosalpinx","Urosalpinx cinerea",NA,"SPECIES","Urosalpinx cinerea (Say, 1822)","Urosalpinx cinerea","","US","","Massachusetts","PRESENT",NA,"28eb1a3f-1c15-4a95-931a-4af90ecb574d",41.929445,-70.039453,4,NA,NA,NA,NA,NA,"2024-08-20T18:52:31",20,8,2024,2304415,2304415,"HUMAN_OBSERVATION","iNaturalist","Observations","237076159","","gwt2102",2024-08-21 10:28:28,"CC_BY_NC_4_0","gwt2102","gwt2102",NA,NA,2025-06-07 02:50:28.496,"StillImage","COORDINATE_ROUNDED;CONTINENT_DERIVED_FROM_COORDINATES;TAXON_MATCH_TAXON_ID_IGNORED"
4953090342,"50c9509d-22c7-4a22-a47d-8c48425ef4a7","https://www.inaturalist.org/observations/245837894","Animalia","Mollusca","Gastropoda","Neogastropoda","Muricidae","Urosalpinx","Urosalpinx cinerea",NA,"SPECIES","Urosalpinx cinerea (Say, 1822)","Urosalpinx cinerea","","US","","Rhode Island","PRESENT",NA,"28eb1a3f-1c15-4a95-931a-4af90ecb574d",41.65027,-71.256583,4,NA,NA,NA,NA,NA,"2024-10-05T18:04:08",5,10,2024,2304415,2304415,"HUMAN_OBSERVATION","iNaturalist","Observations","245837894","","crifket",2024-10-05 22:38:10,"CC_BY_NC_4_0","crifket","crifket",NA,NA,2025-06-07 00:14:38.56,"StillImage","COORDINATE_ROUNDED;CONTINENT_DERIVED_FROM_COORDINATES;TAXON_MATCH_TAXON_ID_IGNORED"
4953073207,"50c9509d-22c7-4a22-a47d-8c48425ef4a7","https://www.inaturalist.org/observations/30629017","Animalia","Mollusca","Gastropoda","Neogastropoda","Muricidae","Urosalpinx","Urosalpinx cinerea",NA,"SPECIES","Urosalpinx cinerea (Say, 1822)","Urosalpinx cinerea","","US","","New York","PRESENT",NA,"28eb1a3f-1c15-4a95-931a-4af90ecb574d",40.909779,-73.248435,953,NA,NA,NA,NA,NA,"2019-08-11T08:11",11,8,2019,2304415,2304415,"HUMAN_OBSERVATION","iNaturalist","Observations","30629017","","Gary Rosenberg",2022-01-05 03:30:41,"CC_BY_NC_4_0","Natalia","Natalia",NA,NA,2025-06-07 01:07:34.898,"StillImage","COORDINATE_ROUNDED;CONTINENT_DERIVED_FROM_COORDINATES;TAXON_MATCH_TAXON_ID_IGNORED"
4952648734,"50c9509d-22c7-4a22-a47d-8c48425ef4a7","https://www.inaturalist.org/observations/242607022","Animalia","Mollusca","Gastropoda","Neogastropoda","Muricidae","Urosalpinx","Urosalpinx cinerea",NA,"SPECIES","Urosalpinx cinerea (Say, 1822)","Urosalpinx cinerea","","US","","New York","PRESENT",NA,"28eb1a3f-1c15-4a95-931a-4af90ecb574d",40.68945,-74.016792,584,NA,NA,NA,NA,NA,"2024-09-13T12:05",13,9,2024,2304415,2304415,"HUMAN_OBSERVATION","iNaturalist","Observations","242607022","","Gary Rosenberg",2024-09-27 04:12:01,"CC_BY_NC_4_0","stellarissnoozidae","stellarissnoozidae",NA,NA,2025-06-07 01:49:09.349,"StillImage","COORDINATE_ROUNDED;CONTINENT_DERIVED_FROM_COORDINATES;TAXON_MATCH_TAXON_ID_IGNORED"
4952492402,"50c9509d-22c7-4a22-a47d-8c48425ef4a7","https://www.inaturalist.org/observations/95883764","Animalia","Mollusca","Gastropoda","Neogastropoda","Muricidae","Urosalpinx","Urosalpinx cinerea",NA,"SPECIES","Urosalpinx cinerea (Say, 1822)","Urosalpinx cinerea","","CA","","Nova Scotia","PRESENT",NA,"28eb1a3f-1c15-4a95-931a-4af90ecb574d",45.161613,-64.349299,704,NA,NA,NA,NA,NA,"2021-09-23T08:58",23,9,2021,2304415,2304415,"HUMAN_OBSERVATION","iNaturalist","Observations","95883764","","ipat",2021-09-23 19:16:52,"CC_BY_NC_4_0","ipat","ipat",NA,NA,2025-06-07 00:41:37.057,"StillImage","COORDINATE_ROUNDED;CONTINENT_DERIVED_FROM_COORDINATES;TAXON_MATCH_TAXON_ID_IGNORED"
4952490214,"50c9509d-22c7-4a22-a47d-8c48425ef4a7","https://www.inaturalist.org/observations/27065614","Animalia","Mollusca","Gastropoda","Neogastropoda","Muricidae","Urosalpinx","Urosalpinx cinerea",NA,"SPECIES","Urosalpinx cinerea (Say, 1822)","Urosalpinx cinerea","","US","","South Carolina","PRESENT",NA,"28eb1a3f-1c15-4a95-931a-4af90ecb574d",32.216617,-80.666437,5,NA,NA,NA,NA,NA,"2019-06-15T10:44:54",15,6,2019,2304415,2304415,"HUMAN_OBSERVATION","iNaturalist","Observations","27065614","","Mary Spilman",2019-06-16 02:50:27,"CC_BY_4_0","Mary Spilman","Mary Spilman",NA,NA,2025-06-07 01:05:27.97,"StillImage","COORDINATE_ROUNDED;CONTINENT_DERIVED_FROM_COORDINATES;TAXON_MATCH_TAXON_ID_IGNORED"
4952441417,"50c9509d-22c7-4a22-a47d-8c48425ef4a7","https://www.inaturalist.org/observations/100597690","Animalia","Mollusca","Gastropoda","Neogastropoda","Muricidae","Urosalpinx","Urosalpinx cinerea",NA,"SPECIES","Urosalpinx cinerea (Say, 1822)","Urosalpinx cinerea","","US","","New Jersey","PRESENT",NA,"28eb1a3f-1c15-4a95-931a-4af90ecb574d",40.509597,-74.288916,103,NA,NA,NA,NA,NA,"2021-11-07T14:34",7,11,2021,2304415,2304415,"HUMAN_OBSERVATION","iNaturalist","Observations","100597690","","Sara Rall",2021-11-08 14:18:48,"CC_BY_NC_4_0","Sara Rall","Sara Rall",NA,NA,2025-06-07 02:44:16.474,"StillImage","COORDINATE_ROUNDED;CONTINENT_DERIVED_FROM_COORDINATES;TAXON_MATCH_TAXON_ID_IGNORED"
4952371802,"50c9509d-22c7-4a22-a47d-8c48425ef4a7","https://www.inaturalist.org/observations/246171501","Animalia","Mollusca","Gastropoda","Neogastropoda","Muricidae","Urosalpinx","Urosalpinx cinerea",NA,"SPECIES","Urosalpinx cinerea (Say, 1822)","Urosalpinx cinerea","","US","","New York","PRESENT",NA,"28eb1a3f-1c15-4a95-931a-4af90ecb574d",40.678408,-74.018617,11,NA,NA,NA,NA,NA,"2024-09-25T11:55:15",25,9,2024,2304415,2304415,"HUMAN_OBSERVATION","iNaturalist","Observations","246171501","","snaileontologist",2024-10-07 15:36:28,"CC_BY_NC_4_0","snaileontologist","snaileontologist",NA,NA,2025-06-07 00:54:38.491,"StillImage","COORDINATE_ROUNDED;CONTINENT_DERIVED_FROM_COORDINATES;TAXON_MATCH_TAXON_ID_IGNORED"
4952360433,"50c9509d-22c7-4a22-a47d-8c48425ef4a7","https://www.inaturalist.org/observations/244491428","Animalia","Mollusca","Gastropoda","Neogastropoda","Muricidae","Urosalpinx","Urosalpinx cinerea",NA,"SPECIES","Urosalpinx cinerea (Say, 1822)","Urosalpinx cinerea","","US","","California","PRESENT",NA,"28eb1a3f-1c15-4a95-931a-4af90ecb574d",38.105718,-122.861042,4,NA,NA,NA,NA,NA,"2024-09-28T07:15:54",28,9,2024,2304415,2304415,"HUMAN_OBSERVATION","iNaturalist","Observations","244491428","","Parsa Fard",2024-10-01 04:57:49,"CC_BY_NC_4_0","James Maughn","James Maughn",NA,NA,2025-06-07 00:02:06.087,"StillImage","COORDINATE_ROUNDED;CONTINENT_DERIVED_FROM_COORDINATES;TAXON_MATCH_TAXON_ID_IGNORED"
4952358993,"50c9509d-22c7-4a22-a47d-8c48425ef4a7","https://www.inaturalist.org/observations/152102654","Animalia","Mollusca","Gastropoda","Neogastropoda","Muricidae","Urosalpinx","Urosalpinx cinerea",NA,"SPECIES","Urosalpinx cinerea (Say, 1822)","Urosalpinx cinerea","","US","","New Jersey","PRESENT",NA,"28eb1a3f-1c15-4a95-931a-4af90ecb574d",40.422966,-74.059777,55,NA,NA,NA,NA,NA,"2023-03-23T13:20",23,3,2023,2304415,2304415,"HUMAN_OBSERVATION","iNaturalist","Observations","152102654","","Sara Rall",2023-03-24 04:09:54,"CC_BY_NC_4_0","Sara Rall","Sara Rall",NA,NA,2025-06-07 01:58:56.82,"StillImage","COORDINATE_ROUNDED;CONTINENT_DERIVED_FROM_COORDINATES;TAXON_MATCH_TAXON_ID_IGNORED"
4952342743,"50c9509d-22c7-4a22-a47d-8c48425ef4a7","https://www.inaturalist.org/observations/237112172","Animalia","Mollusca","Gastropoda","Neogastropoda","Muricidae","Urosalpinx","Urosalpinx cinerea",NA,"SPECIES","Urosalpinx cinerea (Say, 1822)","Urosalpinx cinerea","","CA","","Nova Scotia","PRESENT",NA,"28eb1a3f-1c15-4a95-931a-4af90ecb574d",43.953346,-64.814523,13,NA,NA,NA,NA,NA,"2024-08-01T15:40",1,8,2024,2304415,2304415,"HUMAN_OBSERVATION","iNaturalist","Observations","237112172","","MFarn",2024-08-21 15:18:43,"CC_BY_NC_4_0","MFarn","MFarn",NA,NA,2025-06-07 03:09:56.588,"StillImage","COORDINATE_ROUNDED;CONTINENT_DERIVED_FROM_COORDINATES;TAXON_MATCH_TAXON_ID_IGNORED"
4950591098,"50c9509d-22c7-4a22-a47d-8c48425ef4a7","https://www.inaturalist.org/observations/240609666","Animalia","Mollusca","Gastropoda","Neogastropoda","Muricidae","Urosalpinx","Urosalpinx cinerea",NA,"SPECIES","Urosalpinx cinerea (Say, 1822)","Urosalpinx cinerea","","US","","Rhode Island","PRESENT",NA,"28eb1a3f-1c15-4a95-931a-4af90ecb574d",41.689998,-71.364146,3,NA,NA,NA,NA,NA,"2024-09-08T15:18:59",8,9,2024,2304415,2304415,"HUMAN_OBSERVATION","iNaturalist","Observations","240609666","","ipat",2024-09-24 14:13:15,"CC_BY_NC_4_0","koililyy","koililyy",NA,NA,2025-06-07 00:36:13.443,"StillImage","COORDINATE_ROUNDED;CONTINENT_DERIVED_FROM_COORDINATES;TAXON_MATCH_TAXON_ID_IGNORED"
4950544440,"50c9509d-22c7-4a22-a47d-8c48425ef4a7","https://www.inaturalist.org/observations/179669279","Animalia","Mollusca","Gastropoda","Neogastropoda","Muricidae","Urosalpinx","Urosalpinx cinerea",NA,"SPECIES","Urosalpinx cinerea (Say, 1822)","Urosalpinx cinerea","","US","","Massachusetts","PRESENT",NA,"28eb1a3f-1c15-4a95-931a-4af90ecb574d",41.92908,-70.047403,4,NA,NA,NA,NA,NA,"2023-08-21T08:46:11",21,8,2023,2304415,2304415,"HUMAN_OBSERVATION","iNaturalist","Observations","179669279","","gwt2102",2023-08-22 12:49:53,"CC_BY_NC_4_0","gwt2102","gwt2102",NA,NA,2025-06-07 01:03:33.416,"StillImage","COORDINATE_ROUNDED;CONTINENT_DERIVED_FROM_COORDINATES;TAXON_MATCH_TAXON_ID_IGNORED"
4950493689,"50c9509d-22c7-4a22-a47d-8c48425ef4a7","https://www.inaturalist.org/observations/205697888","Animalia","Mollusca","Gastropoda","Neogastropoda","Muricidae","Urosalpinx","Urosalpinx cinerea",NA,"SPECIES","Urosalpinx cinerea (Say, 1822)","Urosalpinx cinerea","","US","","Rhode Island","PRESENT",NA,"28eb1a3f-1c15-4a95-931a-4af90ecb574d",41.483938,-71.23755,5,NA,NA,NA,NA,NA,"2024-04-06T10:28:28",6,4,2024,2304415,2304415,"HUMAN_OBSERVATION","iNaturalist","Observations","205697888","","Bill Ryerson",2024-04-06 17:12:37,"CC_BY_NC_4_0","Bill Ryerson","Bill Ryerson",NA,NA,2025-06-07 00:39:46.318,"StillImage","COORDINATE_ROUNDED;CONTINENT_DERIVED_FROM_COORDINATES;TAXON_MATCH_TAXON_ID_IGNORED"
4950468200,"50c9509d-22c7-4a22-a47d-8c48425ef4a7","https://www.inaturalist.org/observations/236834763","Animalia","Mollusca","Gastropoda","Neogastropoda","Muricidae","Urosalpinx","Urosalpinx cinerea",NA,"SPECIES","Urosalpinx cinerea (Say, 1822)","Urosalpinx cinerea","","US","","Massachusetts","PRESENT",NA,"28eb1a3f-1c15-4a95-931a-4af90ecb574d",41.929778,-70.039453,4,NA,NA,NA,NA,NA,"2024-08-19T18:32:09",19,8,2024,2304415,2304415,"HUMAN_OBSERVATION","iNaturalist","Observations","236834763","","gwt2102",2024-08-20 01:45:41,"CC_BY_NC_4_0","gwt2102","gwt2102",NA,NA,2025-06-07 03:10:52.249,"StillImage","COORDINATE_ROUNDED;CONTINENT_DERIVED_FROM_COORDINATES;TAXON_MATCH_TAXON_ID_IGNORED"
4950435917,"50c9509d-22c7-4a22-a47d-8c48425ef4a7","https://www.inaturalist.org/observations/237103827","Animalia","Mollusca","Gastropoda","Neogastropoda","Muricidae","Urosalpinx","Urosalpinx cinerea",NA,"SPECIES","Urosalpinx cinerea (Say, 1822)","Urosalpinx cinerea","","US","","Massachusetts","PRESENT",NA,"28eb1a3f-1c15-4a95-931a-4af90ecb574d",41.930467,-70.045036,4,NA,NA,NA,NA,NA,"2024-08-21T10:06:01",21,8,2024,2304415,2304415,"HUMAN_OBSERVATION","iNaturalist","Observations","237103827","","gwt2102",2024-08-21 14:26:52,"CC_BY_NC_4_0","gwt2102","gwt2102",NA,NA,2025-06-07 01:54:00.665,"StillImage","COORDINATE_ROUNDED;CONTINENT_DERIVED_FROM_COORDINATES;TAXON_MATCH_TAXON_ID_IGNORED"
4950422642,"50c9509d-22c7-4a22-a47d-8c48425ef4a7","https://www.inaturalist.org/observations/237460711","Animalia","Mollusca","Gastropoda","Neogastropoda","Muricidae","Urosalpinx","Urosalpinx cinerea",NA,"SPECIES","Urosalpinx cinerea (Say, 1822)","Urosalpinx cinerea","","US","","Massachusetts","PRESENT",NA,"28eb1a3f-1c15-4a95-931a-4af90ecb574d",41.929375,-70.039117,3,NA,NA,NA,NA,NA,"2024-08-23T09:30:18",23,8,2024,2304415,2304415,"HUMAN_OBSERVATION","iNaturalist","Observations","237460711","","gwt2102",2024-08-23 14:13:53,"CC_BY_NC_4_0","gwt2102","gwt2102",NA,NA,2025-06-07 02:47:16.22,"StillImage","COORDINATE_ROUNDED;CONTINENT_DERIVED_FROM_COORDINATES;TAXON_MATCH_TAXON_ID_IGNORED"
4950389447,"50c9509d-22c7-4a22-a47d-8c48425ef4a7","https://www.inaturalist.org/observations/238244026","Animalia","Mollusca","Gastropoda","Neogastropoda","Muricidae","Urosalpinx","Urosalpinx cinerea",NA,"SPECIES","Urosalpinx cinerea (Say, 1822)","Urosalpinx cinerea","","US","","Maine","PRESENT",NA,"28eb1a3f-1c15-4a95-931a-4af90ecb574d",44.01925,-69.545158,4,NA,NA,NA,NA,NA,"2024-08-25T10:18:28",25,8,2024,2304415,2304415,"HUMAN_OBSERVATION","iNaturalist","Observations","238244026","","Ash Kerby-Miller",2024-08-27 14:08:59,"CC_BY_4_0","Ash Kerby-Miller","Ash Kerby-Miller",NA,NA,2025-06-07 02:56:55.4,"StillImage","COORDINATE_ROUNDED;CONTINENT_DERIVED_FROM_COORDINATES;TAXON_MATCH_TAXON_ID_IGNORED"
4950372820,"50c9509d-22c7-4a22-a47d-8c48425ef4a7","https://www.inaturalist.org/observations/236720617","Animalia","Mollusca","Gastropoda","Neogastropoda","Muricidae","Urosalpinx","Urosalpinx cinerea",NA,"SPECIES","Urosalpinx cinerea (Say, 1822)","Urosalpinx cinerea","","US","","Massachusetts","PRESENT",NA,"28eb1a3f-1c15-4a95-931a-4af90ecb574d",41.929792,-70.041772,4,NA,NA,NA,NA,NA,"2024-08-18T16:25:56",18,8,2024,2304415,2304415,"HUMAN_OBSERVATION","iNaturalist","Observations","236720617","","gwt2102",2024-08-19 14:10:30,"CC_BY_NC_4_0","gwt2102","gwt2102",NA,NA,2025-06-07 01:04:13.444,"StillImage","COORDINATE_ROUNDED;CONTINENT_DERIVED_FROM_COORDINATES;TAXON_MATCH_TAXON_ID_IGNORED"
4950319002,"50c9509d-22c7-4a22-a47d-8c48425ef4a7","https://www.inaturalist.org/observations/242677374","Animalia","Mollusca","Gastropoda","Neogastropoda","Muricidae","Urosalpinx","Urosalpinx cinerea",NA,"SPECIES","Urosalpinx cinerea (Say, 1822)","Urosalpinx cinerea","","US","","New Hampshire","PRESENT",NA,"28eb1a3f-1c15-4a95-931a-4af90ecb574d",43.119408,-70.827828,4,NA,NA,NA,NA,NA,"2024-09-11T11:33:30",11,9,2024,2304415,2304415,"HUMAN_OBSERVATION","iNaturalist","Observations","242677374","","ipat",2024-09-20 22:34:52,"CC_BY_NC_4_0","chiara_pradissitto","chiara_pradissitto",NA,NA,2025-06-07 00:32:27.554,"StillImage","COORDINATE_ROUNDED;CONTINENT_DERIVED_FROM_COORDINATES;TAXON_MATCH_TAXON_ID_IGNORED"
4950300327,"50c9509d-22c7-4a22-a47d-8c48425ef4a7","https://www.inaturalist.org/observations/236615010","Animalia","Mollusca","Gastropoda","Neogastropoda","Muricidae","Urosalpinx","Urosalpinx cinerea",NA,"SPECIES","Urosalpinx cinerea (Say, 1822)","Urosalpinx cinerea","","US","","Massachusetts","PRESENT",NA,"28eb1a3f-1c15-4a95-931a-4af90ecb574d",41.929505,-70.045342,4,NA,NA,NA,NA,NA,"2024-08-18T17:28:56",18,8,2024,2304415,2304415,"HUMAN_OBSERVATION","iNaturalist","Observations","236615010","","gwt2102",2024-08-18 22:40:31,"CC_BY_NC_4_0","gwt2102","gwt2102",NA,NA,2025-06-07 01:56:26.501,"StillImage","COORDINATE_ROUNDED;CONTINENT_DERIVED_FROM_COORDINATES;TAXON_MATCH_TAXON_ID_IGNORED"
4950285442,"50c9509d-22c7-4a22-a47d-8c48425ef4a7","https://www.inaturalist.org/observations/243505201","Animalia","Mollusca","Gastropoda","Neogastropoda","Muricidae","Urosalpinx","Urosalpinx cinerea",NA,"SPECIES","Urosalpinx cinerea (Say, 1822)","Urosalpinx cinerea","","US","","California","PRESENT",NA,"28eb1a3f-1c15-4a95-931a-4af90ecb574d",37.591945,-122.360078,6,NA,NA,NA,NA,NA,"2024-09-22T17:34:46",22,9,2024,2304415,2304415,"HUMAN_OBSERVATION","iNaturalist","Observations","243505201","","Parsa Fard",2024-09-23 02:39:26,"CC_BY_4_0","Parsa Fard","Parsa Fard",NA,NA,2025-06-07 01:17:38.511,"StillImage","COORDINATE_ROUNDED;CONTINENT_DERIVED_FROM_COORDINATES;TAXON_MATCH_TAXON_ID_IGNORED"
4950280334,"50c9509d-22c7-4a22-a47d-8c48425ef4a7","https://www.inaturalist.org/observations/242007174","Animalia","Mollusca","Gastropoda","Neogastropoda","Muricidae","Urosalpinx","Urosalpinx cinerea",NA,"SPECIES","Urosalpinx cinerea (Say, 1822)","Urosalpinx cinerea","","US","","Massachusetts","PRESENT",NA,"28eb1a3f-1c15-4a95-931a-4af90ecb574d",41.803842,-69.950767,4,NA,NA,NA,NA,NA,"2024-09-15T16:57:44",15,9,2024,2304415,2304415,"HUMAN_OBSERVATION","iNaturalist","Observations","242007174","","Benny Albro",2024-09-16 01:38:54,"CC_BY_4_0","Benny Albro","Benny Albro",NA,NA,2025-06-07 01:46:47.068,"StillImage","COORDINATE_ROUNDED;CONTINENT_DERIVED_FROM_COORDINATES;TAXON_MATCH_TAXON_ID_IGNORED"
4950215637,"50c9509d-22c7-4a22-a47d-8c48425ef4a7","https://www.inaturalist.org/observations/242937587","Animalia","Mollusca","Gastropoda","Neogastropoda","Muricidae","Urosalpinx","Urosalpinx cinerea",NA,"SPECIES","Urosalpinx cinerea (Say, 1822)","Urosalpinx cinerea","","US","","New Hampshire","PRESENT",NA,"28eb1a3f-1c15-4a95-931a-4af90ecb574d",43.092128,-70.864945,4,NA,NA,NA,NA,NA,"2024-09-20T15:44:50",20,9,2024,2304415,2304415,"HUMAN_OBSERVATION","iNaturalist","Observations","242937587","","michaelae",2024-09-20 19:46:42,"CC_BY_NC_4_0","michaelae","michaelae",NA,NA,2025-06-07 00:54:57.387,"StillImage","COORDINATE_ROUNDED;CONTINENT_DERIVED_FROM_COORDINATES;TAXON_MATCH_TAXON_ID_IGNORED"
4950146550,"50c9509d-22c7-4a22-a47d-8c48425ef4a7","https://www.inaturalist.org/observations/237147615","Animalia","Mollusca","Gastropoda","Neogastropoda","Muricidae","Urosalpinx","Urosalpinx cinerea",NA,"SPECIES","Urosalpinx cinerea (Say, 1822)","Urosalpinx cinerea","","US","","Massachusetts","PRESENT",NA,"28eb1a3f-1c15-4a95-931a-4af90ecb574d",41.930095,-70.039183,5,NA,NA,NA,NA,NA,"2024-08-21T08:33:28",21,8,2024,2304415,2304415,"HUMAN_OBSERVATION","iNaturalist","Observations","237147615","","gwt2102",2024-08-22 01:30:20,"CC_BY_NC_4_0","gwt2102","gwt2102",NA,NA,2025-06-07 00:05:24.804,"StillImage","COORDINATE_ROUNDED;CONTINENT_DERIVED_FROM_COORDINATES;TAXON_MATCH_TAXON_ID_IGNORED"
4950112940,"50c9509d-22c7-4a22-a47d-8c48425ef4a7","https://www.inaturalist.org/observations/225741342","Animalia","Mollusca","Gastropoda","Neogastropoda","Muricidae","Urosalpinx","Urosalpinx cinerea",NA,"SPECIES","Urosalpinx cinerea (Say, 1822)","Urosalpinx cinerea","","US","","New Hampshire","PRESENT",NA,"28eb1a3f-1c15-4a95-931a-4af90ecb574d",43.125714,-70.855325,3,NA,NA,NA,NA,NA,"2024-06-27T11:41:21",27,6,2024,2304415,2304415,"HUMAN_OBSERVATION","iNaturalist","Observations","225741342","","Drew Villeneuve",2024-06-28 16:24:27,"CC_BY_NC_4_0","Drew Villeneuve","Drew Villeneuve",NA,NA,2025-06-07 02:12:39.128,"StillImage","COORDINATE_ROUNDED;CONTINENT_DERIVED_FROM_COORDINATES;TAXON_MATCH_TAXON_ID_IGNORED"
4950067338,"50c9509d-22c7-4a22-a47d-8c48425ef4a7","https://www.inaturalist.org/observations/237131644","Animalia","Mollusca","Gastropoda","Neogastropoda","Muricidae","Urosalpinx","Urosalpinx cinerea",NA,"SPECIES","Urosalpinx cinerea (Say, 1822)","Urosalpinx cinerea","","US","","Massachusetts","PRESENT",NA,"28eb1a3f-1c15-4a95-931a-4af90ecb574d",41.929737,-70.039611,8,NA,NA,NA,NA,NA,"2024-08-21T08:37:23",21,8,2024,2304415,2304415,"HUMAN_OBSERVATION","iNaturalist","Observations","237131644","","gwt2102",2024-08-21 17:13:10,"CC_BY_NC_4_0","gwt2102","gwt2102",NA,NA,2025-06-07 00:03:28.942,"StillImage","COORDINATE_ROUNDED;CONTINENT_DERIVED_FROM_COORDINATES;TAXON_MATCH_TAXON_ID_IGNORED"
4950028534,"50c9509d-22c7-4a22-a47d-8c48425ef4a7","https://www.inaturalist.org/observations/236806217","Animalia","Mollusca","Gastropoda","Neogastropoda","Muricidae","Urosalpinx","Urosalpinx cinerea",NA,"SPECIES","Urosalpinx cinerea (Say, 1822)","Urosalpinx cinerea","","US","","Rhode Island","PRESENT",NA,"28eb1a3f-1c15-4a95-931a-4af90ecb574d",41.669417,-71.278603,37,NA,NA,NA,NA,NA,"2024-08-19T18:20:17",19,8,2024,2304415,2304415,"HUMAN_OBSERVATION","iNaturalist","Observations","236806217","","crifket",2024-08-19 22:23:59,"CC_BY_NC_4_0","crifket","crifket",NA,NA,2025-06-07 00:20:56.74,"StillImage","COORDINATE_ROUNDED;CONTINENT_DERIVED_FROM_COORDINATES;TAXON_MATCH_TAXON_ID_IGNORED"
4949889288,"50c9509d-22c7-4a22-a47d-8c48425ef4a7","https://www.inaturalist.org/observations/237019285","Animalia","Mollusca","Gastropoda","Neogastropoda","Muricidae","Urosalpinx","Urosalpinx cinerea",NA,"SPECIES","Urosalpinx cinerea (Say, 1822)","Urosalpinx cinerea","","US","","Massachusetts","PRESENT",NA,"28eb1a3f-1c15-4a95-931a-4af90ecb574d",41.929395,-70.039117,4,NA,NA,NA,NA,NA,"2024-08-20T19:18:10",20,8,2024,2304415,2304415,"HUMAN_OBSERVATION","iNaturalist","Observations","237019285","","gwt2102",2024-08-21 00:30:21,"CC_BY_NC_4_0","gwt2102","gwt2102",NA,NA,2025-06-07 01:36:36.265,"StillImage","COORDINATE_ROUNDED;CONTINENT_DERIVED_FROM_COORDINATES;TAXON_MATCH_TAXON_ID_IGNORED"
4949843824,"50c9509d-22c7-4a22-a47d-8c48425ef4a7","https://www.inaturalist.org/observations/236719802","Animalia","Mollusca","Gastropoda","Neogastropoda","Muricidae","Urosalpinx","Urosalpinx cinerea",NA,"SPECIES","Urosalpinx cinerea (Say, 1822)","Urosalpinx cinerea","","US","","Massachusetts","PRESENT",NA,"28eb1a3f-1c15-4a95-931a-4af90ecb574d",41.929803,-70.041772,4,NA,NA,NA,NA,NA,"2024-08-18T16:27:31",18,8,2024,2304415,2304415,"HUMAN_OBSERVATION","iNaturalist","Observations","236719802","","gwt2102",2024-08-19 14:05:31,"CC_BY_NC_4_0","gwt2102","gwt2102",NA,NA,2025-06-07 03:09:41.824,"StillImage","COORDINATE_ROUNDED;CONTINENT_DERIVED_FROM_COORDINATES;TAXON_MATCH_TAXON_ID_IGNORED"
4947443885,"44c5565c-b772-404e-9231-fc78d77dfbb4","SWG9930082425","Animalia","Mollusca","Gastropoda","Neogastropoda","Muricidae","Urosalpinx","Urosalpinx cinerea",NA,"SPECIES","Urosalpinx cinerea (Say, 1822)","Urosalpinx cinerea (Say, 1822)","","NL","Tholen, Gorishoek","Zeeland","PRESENT",NA,"16afe573-48e9-4c9e-836c-69e8489885fc",51.525,4.078,100,0.001,NA,NA,NA,NA,"2019-05-04",4,5,2019,2304415,2304415,"HUMAN_OBSERVATION","SWG","","SWG9930082425","","Strandwerkgroep Waterweg-Noord",NA,"CC_BY_NC_4_0","","Strandwerkgroep Waterweg-Noord",NA,NA,2025-02-13 16:09:31.004,"",""
4947361190,"44c5565c-b772-404e-9231-fc78d77dfbb4","SWG9930086009","Animalia","Mollusca","Gastropoda","Neogastropoda","Muricidae","Urosalpinx","Urosalpinx cinerea",NA,"SPECIES","Urosalpinx cinerea (Say, 1822)","Urosalpinx cinerea (Say, 1822)","","NL","Zuid-Beveland, Reimerswaal, Yerseke, tunnel and surrounding area","Zeeland","PRESENT",NA,"16afe573-48e9-4c9e-836c-69e8489885fc",51.494,4.053,100,0.001,NA,NA,NA,NA,"2020-12-18",18,12,2020,2304415,2304415,"HUMAN_OBSERVATION","SWG","","SWG9930086009","","A. Twigt",NA,"CC_BY_NC_4_0","","A. Twigt",NA,NA,2025-02-13 16:09:21.161,"",""
4946687631,"50c9509d-22c7-4a22-a47d-8c48425ef4a7","https://www.inaturalist.org/observations/240557221","Animalia","Mollusca","Gastropoda","Neogastropoda","Muricidae","Urosalpinx","Urosalpinx cinerea",NA,"SPECIES","Urosalpinx cinerea (Say, 1822)","Urosalpinx cinerea","","US","","Delaware","PRESENT",NA,"28eb1a3f-1c15-4a95-931a-4af90ecb574d",38.558163,-75.0561,4,NA,NA,NA,NA,NA,"2024-09-08T11:28:15",8,9,2024,2304415,2304415,"HUMAN_OBSERVATION","iNaturalist","Observations","240557221","","jetorstenson",2024-09-08 15:29:22,"CC_BY_NC_4_0","jetorstenson","jetorstenson",NA,NA,2025-06-07 01:51:26.712,"StillImage","COORDINATE_ROUNDED;CONTINENT_DERIVED_FROM_COORDINATES;TAXON_MATCH_TAXON_ID_IGNORED"
4946675504,"50c9509d-22c7-4a22-a47d-8c48425ef4a7","https://www.inaturalist.org/observations/239895751","Animalia","Mollusca","Gastropoda","Neogastropoda","Muricidae","Urosalpinx","Urosalpinx cinerea",NA,"SPECIES","Urosalpinx cinerea (Say, 1822)","Urosalpinx cinerea","","US","","Massachusetts","PRESENT",NA,"28eb1a3f-1c15-4a95-931a-4af90ecb574d",41.452342,-70.916503,3,NA,NA,NA,NA,NA,"2024-09-04T15:54:03",4,9,2024,2304415,2304415,"HUMAN_OBSERVATION","iNaturalist","Observations","239895751","","Gabe Ribicoff",2024-09-05 01:32:07,"CC_BY_NC_4_0","Gabe Ribicoff","Gabe Ribicoff",NA,NA,2025-06-07 01:48:30.183,"StillImage","COORDINATE_ROUNDED;CONTINENT_DERIVED_FROM_COORDINATES;TAXON_MATCH_TAXON_ID_IGNORED"
4946658581,"50c9509d-22c7-4a22-a47d-8c48425ef4a7","https://www.inaturalist.org/observations/241156287","Animalia","Mollusca","Gastropoda","Neogastropoda","Muricidae","Urosalpinx","Urosalpinx cinerea",NA,"SPECIES","Urosalpinx cinerea (Say, 1822)","Urosalpinx cinerea","","US","","New York","PRESENT",NA,"28eb1a3f-1c15-4a95-931a-4af90ecb574d",40.7771,-73.942162,17,NA,NA,NA,NA,NA,"2024-09-11T12:14:37",11,9,2024,2304415,2304415,"HUMAN_OBSERVATION","iNaturalist","Observations","241156287","","snaileontologist",2024-09-11 19:13:53,"CC_BY_NC_4_0","snaileontologist","snaileontologist",NA,NA,2025-06-07 02:09:43.13,"StillImage","COORDINATE_ROUNDED;CONTINENT_DERIVED_FROM_COORDINATES;TAXON_MATCH_TAXON_ID_IGNORED"
4946434044,"50c9509d-22c7-4a22-a47d-8c48425ef4a7","https://www.inaturalist.org/observations/239843973","Animalia","Mollusca","Gastropoda","Neogastropoda","Muricidae","Urosalpinx","Urosalpinx cinerea",NA,"SPECIES","Urosalpinx cinerea (Say, 1822)","Urosalpinx cinerea","","US","","Massachusetts","PRESENT",NA,"28eb1a3f-1c15-4a95-931a-4af90ecb574d",41.923753,-70.062164,4,NA,NA,NA,NA,NA,"2024-09-04T09:32:07",4,9,2024,2304415,2304415,"HUMAN_OBSERVATION","iNaturalist","Observations","239843973","","Benny Albro",2024-09-04 19:20:41,"CC_BY_4_0","Benny Albro","Benny Albro",NA,NA,2025-06-07 03:03:38.675,"StillImage","COORDINATE_ROUNDED;CONTINENT_DERIVED_FROM_COORDINATES;TAXON_MATCH_TAXON_ID_IGNORED"
4946336375,"50c9509d-22c7-4a22-a47d-8c48425ef4a7","https://www.inaturalist.org/observations/241156379","Animalia","Mollusca","Gastropoda","Neogastropoda","Muricidae","Urosalpinx","Urosalpinx cinerea",NA,"SPECIES","Urosalpinx cinerea (Say, 1822)","Urosalpinx cinerea","","US","","New York","PRESENT",NA,"28eb1a3f-1c15-4a95-931a-4af90ecb574d",40.775147,-73.938897,2003,NA,NA,NA,NA,NA,"2024-09-11T12:33:46",11,9,2024,2304415,2304415,"HUMAN_OBSERVATION","iNaturalist","Observations","241156379","","snaileontologist",2024-09-11 19:14:32,"CC_BY_NC_4_0","snaileontologist","snaileontologist",NA,NA,2025-06-07 02:05:10.548,"StillImage","COORDINATE_ROUNDED;CONTINENT_DERIVED_FROM_COORDINATES;TAXON_MATCH_TAXON_ID_IGNORED"
4946062241,"50c9509d-22c7-4a22-a47d-8c48425ef4a7","https://www.inaturalist.org/observations/240795697","Animalia","Mollusca","Gastropoda","Neogastropoda","Muricidae","Urosalpinx","Urosalpinx cinerea",NA,"SPECIES","Urosalpinx cinerea (Say, 1822)","Urosalpinx cinerea","","US","","Massachusetts","PRESENT",NA,"28eb1a3f-1c15-4a95-931a-4af90ecb574d",41.929122,-70.049653,4,NA,NA,NA,NA,NA,"2024-09-09T11:18:12",9,9,2024,2304415,2304415,"HUMAN_OBSERVATION","iNaturalist","Observations","240795697","","Benny Albro",2024-09-09 18:25:16,"CC_BY_4_0","Benny Albro","Benny Albro",NA,NA,2025-06-07 00:49:05.465,"StillImage","COORDINATE_ROUNDED;CONTINENT_DERIVED_FROM_COORDINATES;TAXON_MATCH_TAXON_ID_IGNORED"
4945895682,"50c9509d-22c7-4a22-a47d-8c48425ef4a7","https://www.inaturalist.org/observations/239844208","Animalia","Mollusca","Gastropoda","Neogastropoda","Muricidae","Urosalpinx","Urosalpinx cinerea",NA,"SPECIES","Urosalpinx cinerea (Say, 1822)","Urosalpinx cinerea","","US","","Massachusetts","PRESENT",NA,"28eb1a3f-1c15-4a95-931a-4af90ecb574d",41.924053,-70.062967,4,NA,NA,NA,NA,NA,"2024-09-04T09:24:29",4,9,2024,2304415,2304415,"HUMAN_OBSERVATION","iNaturalist","Observations","239844208","","Benny Albro",2024-09-04 19:21:55,"CC_BY_4_0","Benny Albro","Benny Albro",NA,NA,2025-06-07 02:54:55.515,"StillImage","COORDINATE_ROUNDED;CONTINENT_DERIVED_FROM_COORDINATES;TAXON_MATCH_TAXON_ID_IGNORED"
4945865627,"50c9509d-22c7-4a22-a47d-8c48425ef4a7","https://www.inaturalist.org/observations/239807403","Animalia","Mollusca","Gastropoda","Neogastropoda","Muricidae","Urosalpinx","Urosalpinx cinerea",NA,"SPECIES","Urosalpinx cinerea (Say, 1822)","Urosalpinx cinerea","","US","","Massachusetts","PRESENT",NA,"28eb1a3f-1c15-4a95-931a-4af90ecb574d",41.576008,-70.642564,42,NA,NA,NA,NA,NA,"2024-09-04T11:01:48",4,9,2024,2304415,2304415,"HUMAN_OBSERVATION","iNaturalist","Observations","239807403","","abbeyroset",2024-09-04 15:49:55,"CC_BY_NC_4_0","abbeyroset","abbeyroset",NA,NA,2025-06-07 01:17:38.392,"StillImage","COORDINATE_ROUNDED;CONTINENT_DERIVED_FROM_COORDINATES;TAXON_MATCH_TAXON_ID_IGNORED"
4945809976,"50c9509d-22c7-4a22-a47d-8c48425ef4a7","https://www.inaturalist.org/observations/242365902","Animalia","Mollusca","Gastropoda","Neogastropoda","Muricidae","Urosalpinx","Urosalpinx cinerea",NA,"SPECIES","Urosalpinx cinerea (Say, 1822)","Urosalpinx cinerea","","US","","Connecticut","PRESENT",NA,"28eb1a3f-1c15-4a95-931a-4af90ecb574d",41.257904,-72.800704,NA,NA,NA,NA,NA,NA,"2024-09-17T10:03:10",17,9,2024,2304415,2304415,"HUMAN_OBSERVATION","iNaturalist","Observations","242365902","","Claude ૐ",2024-09-17 21:15:54,"CC_BY_NC_4_0","Claude ૐ","Claude ૐ",NA,NA,2025-06-07 00:52:33.918,"StillImage","COORDINATE_ROUNDED;CONTINENT_DERIVED_FROM_COORDINATES;TAXON_MATCH_TAXON_ID_IGNORED"
4945489954,"50c9509d-22c7-4a22-a47d-8c48425ef4a7","https://www.inaturalist.org/observations/241156336","Animalia","Mollusca","Gastropoda","Neogastropoda","Muricidae","Urosalpinx","Urosalpinx cinerea",NA,"SPECIES","Urosalpinx cinerea (Say, 1822)","Urosalpinx cinerea","","US","","New York","PRESENT",NA,"28eb1a3f-1c15-4a95-931a-4af90ecb574d",40.777305,-73.942208,96,NA,NA,NA,NA,NA,"2024-09-11T12:22:24",11,9,2024,2304415,2304415,"HUMAN_OBSERVATION","iNaturalist","Observations","241156336","","snaileontologist",2024-09-11 19:14:15,"CC_BY_NC_4_0","snaileontologist","snaileontologist",NA,NA,2025-06-07 01:30:33.081,"StillImage","COORDINATE_ROUNDED;CONTINENT_DERIVED_FROM_COORDINATES;TAXON_MATCH_TAXON_ID_IGNORED"
4937247125,"50c9509d-22c7-4a22-a47d-8c48425ef4a7","https://www.inaturalist.org/observations/237585152","Animalia","Mollusca","Gastropoda","Neogastropoda","Muricidae","Urosalpinx","Urosalpinx cinerea",NA,"SPECIES","Urosalpinx cinerea (Say, 1822)","Urosalpinx cinerea","","US","","California","PRESENT",NA,"28eb1a3f-1c15-4a95-931a-4af90ecb574d",38.105704,-122.844622,190,NA,NA,NA,NA,NA,"2019-07-31T09:35",31,7,2019,2304415,2304415,"HUMAN_OBSERVATION","iNaturalist","Observations","237585152","","Collin Gross",2024-08-24 05:21:04,"CC_BY_NC_4_0","Collin Gross","Collin Gross",NA,NA,2025-06-07 01:17:26.387,"StillImage","COORDINATE_ROUNDED;CONTINENT_DERIVED_FROM_COORDINATES;TAXON_MATCH_TAXON_ID_IGNORED"
4937066072,"50c9509d-22c7-4a22-a47d-8c48425ef4a7","https://www.inaturalist.org/observations/204674248","Animalia","Mollusca","Gastropoda","Neogastropoda","Muricidae","Urosalpinx","Urosalpinx cinerea",NA,"SPECIES","Urosalpinx cinerea (Say, 1822)","Urosalpinx cinerea","","US","","New York","PRESENT",NA,"28eb1a3f-1c15-4a95-931a-4af90ecb574d",40.603495,-73.929767,197,NA,NA,NA,NA,NA,"2024-03-30T16:38:57",30,3,2024,2304415,2304415,"HUMAN_OBSERVATION","iNaturalist","Observations","204674248","","Misha Zitser",2024-03-31 03:08:19,"CC_BY_NC_4_0","Misha Zitser","Misha Zitser",NA,NA,2025-06-07 01:58:34.519,"StillImage","COORDINATE_ROUNDED;CONTINENT_DERIVED_FROM_COORDINATES;TAXON_MATCH_TAXON_ID_IGNORED"
4937001108,"50c9509d-22c7-4a22-a47d-8c48425ef4a7","https://www.inaturalist.org/observations/239618520","Animalia","Mollusca","Gastropoda","Neogastropoda","Muricidae","Urosalpinx","Urosalpinx cinerea",NA,"SPECIES","Urosalpinx cinerea (Say, 1822)","Urosalpinx cinerea","","US","","Massachusetts","PRESENT",NA,"28eb1a3f-1c15-4a95-931a-4af90ecb574d",41.5756,-70.64216,20,NA,NA,NA,NA,NA,"2024-08-30T17:31",30,8,2024,2304415,2304415,"HUMAN_OBSERVATION","iNaturalist","Observations","239618520","","ctkrueger",2024-09-03 15:18:59,"CC_BY_NC_4_0","ctkrueger","ctkrueger",NA,NA,2025-06-07 01:28:06.936,"StillImage","CONTINENT_DERIVED_FROM_COORDINATES;TAXON_MATCH_TAXON_ID_IGNORED"
4936891482,"50c9509d-22c7-4a22-a47d-8c48425ef4a7","https://www.inaturalist.org/observations/238397652","Animalia","Mollusca","Gastropoda","Neogastropoda","Muricidae","Urosalpinx","Urosalpinx cinerea",NA,"SPECIES","Urosalpinx cinerea (Say, 1822)","Urosalpinx cinerea","","US","","Massachusetts","PRESENT",NA,"28eb1a3f-1c15-4a95-931a-4af90ecb574d",41.930092,-70.039414,4,NA,NA,NA,NA,NA,"2024-08-20T08:01:20",20,8,2024,2304415,2304415,"HUMAN_OBSERVATION","iNaturalist","Observations","238397652","","gwt2102",2024-08-28 11:40:43,"CC_BY_NC_4_0","gwt2102","gwt2102",NA,NA,2025-06-07 01:03:16.976,"StillImage","COORDINATE_ROUNDED;CONTINENT_DERIVED_FROM_COORDINATES;TAXON_MATCH_TAXON_ID_IGNORED"
4936669960,"50c9509d-22c7-4a22-a47d-8c48425ef4a7","https://www.inaturalist.org/observations/238325707","Animalia","Mollusca","Gastropoda","Neogastropoda","Muricidae","Urosalpinx","Urosalpinx cinerea",NA,"SPECIES","Urosalpinx cinerea (Say, 1822)","Urosalpinx cinerea","","US","","Massachusetts","PRESENT",NA,"28eb1a3f-1c15-4a95-931a-4af90ecb574d",41.930487,-70.043603,4,NA,NA,NA,NA,NA,"2024-08-20T11:42:16",20,8,2024,2304415,2304415,"HUMAN_OBSERVATION","iNaturalist","Observations","238325707","","gwt2102",2024-08-27 22:38:45,"CC_BY_NC_4_0","gwt2102","gwt2102",NA,NA,2025-06-07 00:02:14.38,"StillImage","COORDINATE_ROUNDED;CONTINENT_DERIVED_FROM_COORDINATES;TAXON_MATCH_TAXON_ID_IGNORED"
4936451567,"50c9509d-22c7-4a22-a47d-8c48425ef4a7","https://www.inaturalist.org/observations/142495368","Animalia","Mollusca","Gastropoda","Neogastropoda","Muricidae","Urosalpinx","Urosalpinx cinerea",NA,"SPECIES","Urosalpinx cinerea (Say, 1822)","Urosalpinx cinerea","","US","","California","PRESENT",NA,"28eb1a3f-1c15-4a95-931a-4af90ecb574d",37.457199,-122.107483,15,NA,NA,NA,NA,NA,"2022-11-19T12:59",19,11,2022,2304415,2304415,"HUMAN_OBSERVATION","iNaturalist","Observations","142495368","","Jeremiah Degenhardt",2022-11-21 00:18:32,"CC_BY_NC_4_0","Jeremiah Degenhardt","Jeremiah Degenhardt",NA,NA,2025-06-07 00:06:12.835,"StillImage","COORDINATE_ROUNDED;CONTINENT_DERIVED_FROM_COORDINATES;TAXON_MATCH_TAXON_ID_IGNORED"
4936434716,"50c9509d-22c7-4a22-a47d-8c48425ef4a7","https://www.inaturalist.org/observations/124946063","Animalia","Mollusca","Gastropoda","Neogastropoda","Muricidae","Urosalpinx","Urosalpinx cinerea",NA,"SPECIES","Urosalpinx cinerea (Say, 1822)","Urosalpinx cinerea","","US","","Connecticut","PRESENT",NA,"28eb1a3f-1c15-4a95-931a-4af90ecb574d",41.249978,-72.542053,5,NA,NA,NA,NA,NA,"2022-07-04T16:00:14",4,7,2022,2304415,2304415,"HUMAN_OBSERVATION","iNaturalist","Observations","124946063","","River Ahlquist",2022-07-05 22:20:43,"CC_BY_4_0","River Ahlquist","River Ahlquist",NA,NA,2025-06-07 01:09:08.187,"StillImage","COORDINATE_ROUNDED;CONTINENT_DERIVED_FROM_COORDINATES;TAXON_MATCH_TAXON_ID_IGNORED"
4936050769,"50c9509d-22c7-4a22-a47d-8c48425ef4a7","https://www.inaturalist.org/observations/238418384","Animalia","Mollusca","Gastropoda","Neogastropoda","Muricidae","Urosalpinx","Urosalpinx cinerea",NA,"SPECIES","Urosalpinx cinerea (Say, 1822)","Urosalpinx cinerea","","US","","Virginia","PRESENT",NA,"28eb1a3f-1c15-4a95-931a-4af90ecb574d",37.259447,-75.821667,2384,NA,NA,NA,NA,NA,"2024-08-15T10:10",15,8,2024,2304415,2304415,"HUMAN_OBSERVATION","iNaturalist","Observations","238418384","","estehr",2024-08-28 14:10:46,"CC_BY_NC_4_0","estehr","estehr",NA,NA,2025-06-07 01:58:18.944,"StillImage","COORDINATE_ROUNDED;CONTINENT_DERIVED_FROM_COORDINATES;TAXON_MATCH_TAXON_ID_IGNORED"
4932643842,"8a863029-f435-446a-821e-275f4f641165","https://observation.org/observation/305572645","Animalia","Mollusca","Gastropoda","Neogastropoda","Muricidae","Urosalpinx","Urosalpinx cinerea",NA,"SPECIES","Urosalpinx cinerea (Say, 1822)","Urosalpinx cinerea","","NL","Wilhelminadorp - Zandkreek Zuid","Zeeland","PRESENT",1,"c8d737e0-2ff8-42e8-b8fc-6b805d26fc5f",51.5,3.9,5000,NA,NA,NA,NA,NA,"2024-04-08",8,4,2024,2304415,2304415,"HUMAN_OBSERVATION","","","","","",NA,"CC_BY_NC_4_0","Stichting Observation International","User 86092",NA,NA,2025-06-12 14:38:34.259,"",""
4932352425,"8a863029-f435-446a-821e-275f4f641165","https://observation.org/observation/305224423","Animalia","Mollusca","Gastropoda","Neogastropoda","Muricidae","Urosalpinx","Urosalpinx cinerea",NA,"SPECIES","Urosalpinx cinerea (Say, 1822)","Urosalpinx cinerea","","NL","Wemeldinge - Zeedijk","Zeeland","PRESENT",1,"c8d737e0-2ff8-42e8-b8fc-6b805d26fc5f",51.5,3.95,5000,NA,NA,NA,NA,NA,"2024-04-15",15,4,2024,2304415,2304415,"HUMAN_OBSERVATION","","","","","",NA,"CC_BY_NC_4_0","Stichting Observation International","User 123534",NA,NA,2025-06-12 14:45:54.289,"StillImage",""
4932294752,"8a863029-f435-446a-821e-275f4f641165","https://observation.org/observation/315962745","Animalia","Mollusca","Gastropoda","Neogastropoda","Muricidae","Urosalpinx","Urosalpinx cinerea",NA,"SPECIES","Urosalpinx cinerea (Say, 1822)","Urosalpinx cinerea","","NL","Oesterdam - midden","Zeeland","PRESENT",1,"c8d737e0-2ff8-42e8-b8fc-6b805d26fc5f",51.45,4.2,5000,NA,NA,NA,NA,NA,"2024-06-21",21,6,2024,2304415,2304415,"HUMAN_OBSERVATION","","","","","",NA,"CC_BY_NC_4_0","Stichting Observation International","User 161146",NA,NA,2025-06-12 14:27:47.942,"StillImage",""
4926367180,"50c9509d-22c7-4a22-a47d-8c48425ef4a7","https://www.inaturalist.org/observations/236806135","Animalia","Mollusca","Gastropoda","Neogastropoda","Muricidae","Urosalpinx","Urosalpinx cinerea",NA,"SPECIES","Urosalpinx cinerea (Say, 1822)","Urosalpinx cinerea","","US","","Rhode Island","PRESENT",NA,"28eb1a3f-1c15-4a95-931a-4af90ecb574d",41.669476,-71.278764,33,NA,NA,NA,NA,NA,"2024-08-19T18:20:37",19,8,2024,2304415,2304415,"HUMAN_OBSERVATION","iNaturalist","Observations","236806135","","crifket",2024-08-19 22:23:17,"CC_BY_NC_4_0","crifket","crifket",NA,NA,2025-06-07 00:28:24.238,"StillImage","COORDINATE_ROUNDED;CONTINENT_DERIVED_FROM_COORDINATES;TAXON_MATCH_TAXON_ID_IGNORED"
4926360597,"50c9509d-22c7-4a22-a47d-8c48425ef4a7","https://www.inaturalist.org/observations/235214422","Animalia","Mollusca","Gastropoda","Neogastropoda","Muricidae","Urosalpinx","Urosalpinx cinerea",NA,"SPECIES","Urosalpinx cinerea (Say, 1822)","Urosalpinx cinerea","","US","","Connecticut","PRESENT",NA,"28eb1a3f-1c15-4a95-931a-4af90ecb574d",41.197651,-73.067117,NA,NA,NA,NA,NA,NA,"2024-08-11T16:15:30",11,8,2024,2304415,2304415,"HUMAN_OBSERVATION","iNaturalist","Observations","235214422","","Claude ૐ",2024-08-11 22:01:36,"CC_BY_NC_4_0","Claude ૐ","Claude ૐ",NA,NA,2025-06-07 01:28:57.159,"StillImage","COORDINATE_ROUNDED;CONTINENT_DERIVED_FROM_COORDINATES;TAXON_MATCH_TAXON_ID_IGNORED"
4926354549,"50c9509d-22c7-4a22-a47d-8c48425ef4a7","https://www.inaturalist.org/observations/236831923","Animalia","Mollusca","Gastropoda","Neogastropoda","Muricidae","Urosalpinx","Urosalpinx cinerea",NA,"SPECIES","Urosalpinx cinerea (Say, 1822)","Urosalpinx cinerea","","CA","","Nova Scotia","PRESENT",NA,"28eb1a3f-1c15-4a95-931a-4af90ecb574d",45.38985,-63.996356,NA,NA,NA,NA,NA,NA,"2024-08-13T13:20:04",13,8,2024,2304415,2304415,"HUMAN_OBSERVATION","iNaturalist","Observations","236831923","","Lewnanny Richardson",2024-08-20 01:24:03,"CC_BY_NC_4_0","Lewnanny Richardson","Lewnanny Richardson",NA,NA,2025-06-07 01:50:43.159,"StillImage","COORDINATE_ROUNDED;CONTINENT_DERIVED_FROM_COORDINATES;TAXON_MATCH_TAXON_ID_IGNORED"
4926238779,"50c9509d-22c7-4a22-a47d-8c48425ef4a7","https://www.inaturalist.org/observations/236806104","Animalia","Mollusca","Gastropoda","Neogastropoda","Muricidae","Urosalpinx","Urosalpinx cinerea",NA,"SPECIES","Urosalpinx cinerea (Say, 1822)","Urosalpinx cinerea","","US","","Rhode Island","PRESENT",NA,"28eb1a3f-1c15-4a95-931a-4af90ecb574d",41.669452,-71.27873,48,NA,NA,NA,NA,NA,"2024-08-19T18:20:42",19,8,2024,2304415,2304415,"HUMAN_OBSERVATION","iNaturalist","Observations","236806104","","crifket",2024-08-19 22:23:05,"CC_BY_NC_4_0","crifket","crifket",NA,NA,2025-06-07 02:11:52.332,"StillImage","COORDINATE_ROUNDED;CONTINENT_DERIVED_FROM_COORDINATES;TAXON_MATCH_TAXON_ID_IGNORED"
4926214482,"50c9509d-22c7-4a22-a47d-8c48425ef4a7","https://www.inaturalist.org/observations/235760220","Animalia","Mollusca","Gastropoda","Neogastropoda","Muricidae","Urosalpinx","Urosalpinx cinerea",NA,"SPECIES","Urosalpinx cinerea (Say, 1822)","Urosalpinx cinerea","","US","","Massachusetts","PRESENT",NA,"28eb1a3f-1c15-4a95-931a-4af90ecb574d",41.695125,-69.951242,4,NA,NA,NA,NA,NA,"2024-08-14T11:47:47",14,8,2024,2304415,2304415,"HUMAN_OBSERVATION","iNaturalist","Observations","235760220","","Elizabeth Axley",2024-08-14 17:48:52,"CC_BY_4_0","Elizabeth Axley","Elizabeth Axley",NA,NA,2025-06-07 01:44:07.211,"StillImage","COORDINATE_ROUNDED;CONTINENT_DERIVED_FROM_COORDINATES;TAXON_MATCH_TAXON_ID_IGNORED"
4926171233,"50c9509d-22c7-4a22-a47d-8c48425ef4a7","https://www.inaturalist.org/observations/236974874","Animalia","Mollusca","Gastropoda","Neogastropoda","Muricidae","Urosalpinx","Urosalpinx cinerea",NA,"SPECIES","Urosalpinx cinerea (Say, 1822)","Urosalpinx cinerea","","US","","California","PRESENT",NA,"28eb1a3f-1c15-4a95-931a-4af90ecb574d",37.562787,-122.248672,NA,NA,NA,NA,NA,NA,"2024-08-19T07:59",19,8,2024,2304415,2304415,"HUMAN_OBSERVATION","iNaturalist","Observations","236974874","","ethan c",2024-08-20 19:55:25,"CC_BY_NC_4_0","ethan c","ethan c",NA,NA,2025-06-07 00:56:12.194,"StillImage","COORDINATE_ROUNDED;CONTINENT_DERIVED_FROM_COORDINATES;TAXON_MATCH_TAXON_ID_IGNORED"
4926167829,"50c9509d-22c7-4a22-a47d-8c48425ef4a7","https://www.inaturalist.org/observations/235982107","Animalia","Mollusca","Gastropoda","Neogastropoda","Muricidae","Urosalpinx","Urosalpinx cinerea",NA,"SPECIES","Urosalpinx cinerea (Say, 1822)","Urosalpinx cinerea","","US","","Rhode Island","PRESENT",NA,"28eb1a3f-1c15-4a95-931a-4af90ecb574d",41.476437,-71.150764,8,NA,NA,NA,NA,NA,"2024-08-10T20:15",10,8,2024,2304415,2304415,"HUMAN_OBSERVATION","iNaturalist","Observations","235982107","","Branson Khounvichith",2024-08-15 21:59:21,"CC_BY_4_0","Jared Shorma","Jared Shorma",NA,NA,2025-06-07 01:50:22.501,"StillImage","COORDINATE_ROUNDED;CONTINENT_DERIVED_FROM_COORDINATES;TAXON_MATCH_TAXON_ID_IGNORED"
4926059426,"50c9509d-22c7-4a22-a47d-8c48425ef4a7","https://www.inaturalist.org/observations/236606385","Animalia","Mollusca","Gastropoda","Neogastropoda","Muricidae","Urosalpinx","Urosalpinx cinerea",NA,"SPECIES","Urosalpinx cinerea (Say, 1822)","Urosalpinx cinerea","","US","","Massachusetts","PRESENT",NA,"28eb1a3f-1c15-4a95-931a-4af90ecb574d",41.930062,-70.043847,4,NA,NA,NA,NA,NA,"2024-08-18T17:32:39",18,8,2024,2304415,2304415,"HUMAN_OBSERVATION","iNaturalist","Observations","236606385","","gwt2102",2024-08-18 21:51:31,"CC_BY_NC_4_0","gwt2102","gwt2102",NA,NA,2025-06-07 00:44:20.965,"StillImage","COORDINATE_ROUNDED;CONTINENT_DERIVED_FROM_COORDINATES;TAXON_MATCH_TAXON_ID_IGNORED"
4926032563,"50c9509d-22c7-4a22-a47d-8c48425ef4a7","https://www.inaturalist.org/observations/236992220","Animalia","Mollusca","Gastropoda","Neogastropoda","Muricidae","Urosalpinx","Urosalpinx cinerea",NA,"SPECIES","Urosalpinx cinerea (Say, 1822)","Urosalpinx cinerea","","US","","New York","PRESENT",NA,"28eb1a3f-1c15-4a95-931a-4af90ecb574d",41.019203,-72.191961,2000,NA,NA,NA,NA,NA,"2024-08-17T15:26",17,8,2024,2304415,2304415,"HUMAN_OBSERVATION","iNaturalist","Observations","236992220","","Steven Rosenthal",2024-08-20 21:29:10,"CC_BY_NC_4_0","Steven Rosenthal","Steven Rosenthal",NA,NA,2025-06-07 00:18:35.311,"StillImage","COORDINATE_ROUNDED;CONTINENT_DERIVED_FROM_COORDINATES;TAXON_MATCH_TAXON_ID_IGNORED"
4926019974,"50c9509d-22c7-4a22-a47d-8c48425ef4a7","https://www.inaturalist.org/observations/234730702","Animalia","Mollusca","Gastropoda","Neogastropoda","Muricidae","Urosalpinx","Urosalpinx cinerea",NA,"SPECIES","Urosalpinx cinerea (Say, 1822)","Urosalpinx cinerea","","US","","New Jersey","PRESENT",NA,"28eb1a3f-1c15-4a95-931a-4af90ecb574d",40.439272,-74.0928,155,NA,NA,NA,NA,NA,"2024-08-08",8,8,2024,2304415,2304415,"HUMAN_OBSERVATION","iNaturalist","Observations","234730702","","rkluzco",2024-08-09 18:03:32,"CC_BY_NC_4_0","rkluzco","rkluzco",NA,NA,2025-06-07 01:06:57.929,"StillImage","COORDINATE_ROUNDED;CONTINENT_DERIVED_FROM_COORDINATES;TAXON_MATCH_TAXON_ID_IGNORED"
4925874447,"50c9509d-22c7-4a22-a47d-8c48425ef4a7","https://www.inaturalist.org/observations/236632438","Animalia","Mollusca","Gastropoda","Neogastropoda","Muricidae","Urosalpinx","Urosalpinx cinerea",NA,"SPECIES","Urosalpinx cinerea (Say, 1822)","Urosalpinx cinerea","","US","","Massachusetts","PRESENT",NA,"28eb1a3f-1c15-4a95-931a-4af90ecb574d",41.928947,-70.046647,4,NA,NA,NA,NA,NA,"2024-08-18T17:24:15",18,8,2024,2304415,2304415,"HUMAN_OBSERVATION","iNaturalist","Observations","236632438","","gwt2102",2024-08-19 00:30:51,"CC_BY_NC_4_0","gwt2102","gwt2102",NA,NA,2025-06-07 01:50:40.336,"StillImage","COORDINATE_ROUNDED;CONTINENT_DERIVED_FROM_COORDINATES;TAXON_MATCH_TAXON_ID_IGNORED"
4925820057,"50c9509d-22c7-4a22-a47d-8c48425ef4a7","https://www.inaturalist.org/observations/236614991","Animalia","Mollusca","Gastropoda","Neogastropoda","Muricidae","Urosalpinx","Urosalpinx cinerea",NA,"SPECIES","Urosalpinx cinerea (Say, 1822)","Urosalpinx cinerea","","US","","Massachusetts","PRESENT",NA,"28eb1a3f-1c15-4a95-931a-4af90ecb574d",41.9295,-70.045333,4,NA,NA,NA,NA,NA,"2024-08-18T17:28:59",18,8,2024,2304415,2304415,"HUMAN_OBSERVATION","iNaturalist","Observations","236614991","","gwt2102",2024-08-18 22:40:23,"CC_BY_NC_4_0","gwt2102","gwt2102",NA,NA,2025-06-07 00:45:03.798,"StillImage","COORDINATE_ROUNDED;CONTINENT_DERIVED_FROM_COORDINATES;TAXON_MATCH_TAXON_ID_IGNORED"
4923935028,"50c9509d-22c7-4a22-a47d-8c48425ef4a7","https://www.inaturalist.org/observations/235568279","Animalia","Mollusca","Gastropoda","Neogastropoda","Muricidae","Urosalpinx","Urosalpinx cinerea",NA,"SPECIES","Urosalpinx cinerea (Say, 1822)","Urosalpinx cinerea","","CA","","New Brunswick","PRESENT",NA,"28eb1a3f-1c15-4a95-931a-4af90ecb574d",45.820303,-64.571842,NA,NA,NA,NA,NA,NA,"2024-08-13T12:47:54",13,8,2024,2304415,2304415,"HUMAN_OBSERVATION","iNaturalist","Observations","235568279","","Michel Saint-Germain",2024-08-13 17:37:51,"CC_BY_NC_4_0","Michel Saint-Germain","Michel Saint-Germain",NA,NA,2025-06-07 00:58:37.855,"StillImage","COORDINATE_ROUNDED;CONTINENT_DERIVED_FROM_COORDINATES;TAXON_MATCH_TAXON_ID_IGNORED"
4923884178,"50c9509d-22c7-4a22-a47d-8c48425ef4a7","https://www.inaturalist.org/observations/235211187","Animalia","Mollusca","Gastropoda","Neogastropoda","Muricidae","Urosalpinx","Urosalpinx cinerea",NA,"SPECIES","Urosalpinx cinerea (Say, 1822)","Urosalpinx cinerea","","US","","New York","PRESENT",NA,"28eb1a3f-1c15-4a95-931a-4af90ecb574d",40.935964,-73.144434,NA,NA,NA,NA,NA,NA,"2024-08-11T11:26:07",11,8,2024,2304415,2304415,"HUMAN_OBSERVATION","iNaturalist","Observations","235211187","","Cayla Rosenhagen",2024-08-11 21:45:53,"CC_BY_NC_4_0","Cayla Rosenhagen","Cayla Rosenhagen",NA,NA,2025-06-07 01:59:12.533,"StillImage","COORDINATE_ROUNDED;CONTINENT_DERIVED_FROM_COORDINATES;TAXON_MATCH_TAXON_ID_IGNORED"
4923657469,"50c9509d-22c7-4a22-a47d-8c48425ef4a7","https://www.inaturalist.org/observations/234958867","Animalia","Mollusca","Gastropoda","Neogastropoda","Muricidae","Urosalpinx","Urosalpinx cinerea",NA,"SPECIES","Urosalpinx cinerea (Say, 1822)","Urosalpinx cinerea","","US","","New York","PRESENT",NA,"28eb1a3f-1c15-4a95-931a-4af90ecb574d",40.643803,-73.172562,4,NA,NA,NA,NA,NA,"2024-08-10T15:59:13",10,8,2024,2304415,2304415,"HUMAN_OBSERVATION","iNaturalist","Observations","234958867","","Zakqary Roy",2024-08-10 20:28:20,"CC_BY_4_0","Zakqary Roy","Zakqary Roy",NA,NA,2025-06-07 01:29:49.396,"StillImage","COORDINATE_ROUNDED;CONTINENT_DERIVED_FROM_COORDINATES;TAXON_MATCH_TAXON_ID_IGNORED"
4921978056,"50c9509d-22c7-4a22-a47d-8c48425ef4a7","https://www.inaturalist.org/observations/70425822","Animalia","Mollusca","Gastropoda","Neogastropoda","Muricidae","Urosalpinx","Urosalpinx cinerea",NA,"SPECIES","Urosalpinx cinerea (Say, 1822)","Urosalpinx cinerea","","CA","","Nova Scotia","PRESENT",NA,"28eb1a3f-1c15-4a95-931a-4af90ecb574d",45.163549,-64.347582,148,NA,NA,NA,NA,NA,"2021-03-01T09:23Z",1,3,2021,2304415,2304415,"HUMAN_OBSERVATION","iNaturalist","Observations","70425822","","ipat",2021-03-02 02:09:33,"CC_BY_NC_4_0","ipat","ipat",NA,NA,2025-06-07 00:28:20.159,"StillImage","COORDINATE_ROUNDED;CONTINENT_DERIVED_FROM_COORDINATES;TAXON_MATCH_TAXON_ID_IGNORED"
4921916339,"50c9509d-22c7-4a22-a47d-8c48425ef4a7","https://www.inaturalist.org/observations/85862680","Animalia","Mollusca","Gastropoda","Neogastropoda","Muricidae","Urosalpinx","Urosalpinx cinerea",NA,"SPECIES","Urosalpinx cinerea (Say, 1822)","Urosalpinx cinerea","","CA","","Nova Scotia","PRESENT",NA,"28eb1a3f-1c15-4a95-931a-4af90ecb574d",45.159585,-64.352174,711,NA,NA,NA,NA,NA,"2021-07-01T13:45",1,7,2021,2304415,2304415,"HUMAN_OBSERVATION","iNaturalist","Observations","85862680","","ipat",2021-07-06 02:20:44,"CC_BY_NC_4_0","ipat","ipat",NA,NA,2025-06-07 00:56:14.4,"StillImage","COORDINATE_ROUNDED;CONTINENT_DERIVED_FROM_COORDINATES;TAXON_MATCH_TAXON_ID_IGNORED"
4921911030,"50c9509d-22c7-4a22-a47d-8c48425ef4a7","https://www.inaturalist.org/observations/134315580","Animalia","Mollusca","Gastropoda","Neogastropoda","Muricidae","Urosalpinx","Urosalpinx cinerea",NA,"SPECIES","Urosalpinx cinerea (Say, 1822)","Urosalpinx cinerea","","CA","","Nova Scotia","PRESENT",NA,"28eb1a3f-1c15-4a95-931a-4af90ecb574d",45.214011,-64.363858,145,NA,NA,NA,NA,NA,"2022-09-07T15:53",7,9,2022,2304415,2304415,"HUMAN_OBSERVATION","iNaturalist","Observations","134315580","","ipat",2022-09-09 17:05:23,"CC_BY_NC_4_0","ipat","ipat",NA,NA,2025-06-07 02:45:14.063,"StillImage","COORDINATE_ROUNDED;CONTINENT_DERIVED_FROM_COORDINATES;TAXON_MATCH_TAXON_ID_IGNORED"
4921909219,"50c9509d-22c7-4a22-a47d-8c48425ef4a7","https://www.inaturalist.org/observations/90946850","Animalia","Mollusca","Gastropoda","Neogastropoda","Muricidae","Urosalpinx","Urosalpinx cinerea",NA,"SPECIES","Urosalpinx cinerea (Say, 1822)","Urosalpinx cinerea","","CA","","Nova Scotia","PRESENT",NA,"28eb1a3f-1c15-4a95-931a-4af90ecb574d",45.214359,-64.364005,270,NA,NA,NA,NA,NA,"2021-07-23T19:09",23,7,2021,2304415,2304415,"HUMAN_OBSERVATION","iNaturalist","Observations","90946850","","ipat",2021-08-13 00:09:36,"CC_BY_NC_4_0","ipat","ipat",NA,NA,2025-06-07 02:35:57.654,"StillImage","COORDINATE_ROUNDED;CONTINENT_DERIVED_FROM_COORDINATES;TAXON_MATCH_TAXON_ID_IGNORED"
4921903523,"50c9509d-22c7-4a22-a47d-8c48425ef4a7","https://www.inaturalist.org/observations/199216102","Animalia","Mollusca","Gastropoda","Neogastropoda","Muricidae","Urosalpinx","Urosalpinx cinerea",NA,"SPECIES","Urosalpinx cinerea (Say, 1822)","Urosalpinx cinerea","","CA","","Nova Scotia","PRESENT",NA,"28eb1a3f-1c15-4a95-931a-4af90ecb574d",45.160781,-64.351809,646,NA,NA,NA,NA,NA,"2024-02-12T10:09",12,2,2024,2304415,2304415,"HUMAN_OBSERVATION","iNaturalist","Observations","199216102","","ipat",2024-02-13 19:37:32,"CC_BY_NC_4_0","ipat","ipat",NA,NA,2025-06-07 01:53:06.615,"StillImage","COORDINATE_ROUNDED;CONTINENT_DERIVED_FROM_COORDINATES;TAXON_MATCH_TAXON_ID_IGNORED"
4921902078,"50c9509d-22c7-4a22-a47d-8c48425ef4a7","https://www.inaturalist.org/observations/181458320","Animalia","Mollusca","Gastropoda","Neogastropoda","Muricidae","Urosalpinx","Urosalpinx cinerea",NA,"SPECIES","Urosalpinx cinerea (Say, 1822)","Urosalpinx cinerea","","CA","","Nova Scotia","PRESENT",NA,"28eb1a3f-1c15-4a95-931a-4af90ecb574d",45.16249,-64.343815,NA,NA,NA,NA,NA,NA,"2023-09-02T08:25",2,9,2023,2304415,2304415,"HUMAN_OBSERVATION","iNaturalist","Observations","181458320","","ipat",2023-09-02 21:49:21,"CC_BY_NC_4_0","ipat","ipat",NA,NA,2025-06-07 00:31:46.612,"StillImage","CONTINENT_DERIVED_FROM_COORDINATES;TAXON_MATCH_TAXON_ID_IGNORED"
4921864525,"50c9509d-22c7-4a22-a47d-8c48425ef4a7","https://www.inaturalist.org/observations/141165265","Animalia","Mollusca","Gastropoda","Neogastropoda","Muricidae","Urosalpinx","Urosalpinx cinerea",NA,"SPECIES","Urosalpinx cinerea (Say, 1822)","Urosalpinx cinerea","","CA","","Nova Scotia","PRESENT",NA,"28eb1a3f-1c15-4a95-931a-4af90ecb574d",45.282828,-63.887659,908,NA,NA,NA,NA,NA,"2022-11-04T14:03",4,11,2022,2304415,2304415,"HUMAN_OBSERVATION","iNaturalist","Observations","141165265","","ipat",2022-11-05 15:41:19,"CC_BY_NC_4_0","ipat","ipat",NA,NA,2025-06-07 01:48:50.355,"StillImage","COORDINATE_ROUNDED;CONTINENT_DERIVED_FROM_COORDINATES;TAXON_MATCH_TAXON_ID_IGNORED"
4921861931,"50c9509d-22c7-4a22-a47d-8c48425ef4a7","https://www.inaturalist.org/observations/181458250","Animalia","Mollusca","Gastropoda","Neogastropoda","Muricidae","Urosalpinx","Urosalpinx cinerea",NA,"SPECIES","Urosalpinx cinerea (Say, 1822)","Urosalpinx cinerea","","CA","","Nova Scotia","PRESENT",NA,"28eb1a3f-1c15-4a95-931a-4af90ecb574d",45.161801,-64.348895,607,NA,NA,NA,NA,NA,"2023-09-02T09:12",2,9,2023,2304415,2304415,"HUMAN_OBSERVATION","iNaturalist","Observations","181458250","","ipat",2023-09-02 21:49:07,"CC_BY_NC_4_0","ipat","ipat",NA,NA,2025-06-07 02:41:28.161,"StillImage","COORDINATE_ROUNDED;CONTINENT_DERIVED_FROM_COORDINATES;TAXON_MATCH_TAXON_ID_IGNORED"
4921842518,"50c9509d-22c7-4a22-a47d-8c48425ef4a7","https://www.inaturalist.org/observations/62973173","Animalia","Mollusca","Gastropoda","Neogastropoda","Muricidae","Urosalpinx","Urosalpinx cinerea",NA,"SPECIES","Urosalpinx cinerea (Say, 1822)","Urosalpinx cinerea","","CA","","Nova Scotia","PRESENT",NA,"28eb1a3f-1c15-4a95-931a-4af90ecb574d",45.161008,-64.349428,563,NA,NA,NA,NA,NA,"2020-10-18T10:01Z",18,10,2020,2304415,2304415,"HUMAN_OBSERVATION","iNaturalist","Observations","62973173","","ipat",2020-10-19 02:28:11,"CC_BY_NC_4_0","ipat","ipat",NA,NA,2025-06-07 01:49:09.196,"StillImage","COORDINATE_ROUNDED;CONTINENT_DERIVED_FROM_COORDINATES;TAXON_MATCH_TAXON_ID_IGNORED"
4921791557,"50c9509d-22c7-4a22-a47d-8c48425ef4a7","https://www.inaturalist.org/observations/69064137","Animalia","Mollusca","Gastropoda","Neogastropoda","Muricidae","Urosalpinx","Urosalpinx cinerea",NA,"SPECIES","Urosalpinx cinerea (Say, 1822)","Urosalpinx cinerea","","CA","","Nova Scotia","PRESENT",NA,"28eb1a3f-1c15-4a95-931a-4af90ecb574d",45.159979,-64.355178,286,NA,NA,NA,NA,NA,"2021-02-04T13:11Z",4,2,2021,2304415,2304415,"HUMAN_OBSERVATION","iNaturalist","Observations","69064137","","ipat",2021-02-04 20:24:03,"CC_BY_NC_4_0","ipat","ipat",NA,NA,2025-06-07 02:37:15.913,"StillImage","COORDINATE_ROUNDED;CONTINENT_DERIVED_FROM_COORDINATES;TAXON_MATCH_TAXON_ID_IGNORED"
4921779028,"50c9509d-22c7-4a22-a47d-8c48425ef4a7","https://www.inaturalist.org/observations/182954567","Animalia","Mollusca","Gastropoda","Neogastropoda","Muricidae","Urosalpinx","Urosalpinx cinerea",NA,"SPECIES","Urosalpinx cinerea (Say, 1822)","Urosalpinx cinerea","","CA","","Nova Scotia","PRESENT",NA,"28eb1a3f-1c15-4a95-931a-4af90ecb574d",45.160827,-64.352632,596,NA,NA,NA,NA,NA,"2023-09-10T15:47",10,9,2023,2304415,2304415,"HUMAN_OBSERVATION","iNaturalist","Observations","182954567","","ipat",2023-09-12 15:32:21,"CC_BY_NC_4_0","ipat","ipat",NA,NA,2025-06-07 01:28:45.078,"StillImage","COORDINATE_ROUNDED;CONTINENT_DERIVED_FROM_COORDINATES;TAXON_MATCH_TAXON_ID_IGNORED"
4921757721,"50c9509d-22c7-4a22-a47d-8c48425ef4a7","https://www.inaturalist.org/observations/131815407","Animalia","Mollusca","Gastropoda","Neogastropoda","Muricidae","Urosalpinx","Urosalpinx cinerea",NA,"SPECIES","Urosalpinx cinerea (Say, 1822)","Urosalpinx cinerea","","CA","","Nova Scotia","PRESENT",NA,"28eb1a3f-1c15-4a95-931a-4af90ecb574d",45.159822,-64.357095,2378,NA,NA,NA,NA,NA,"2022-08-20T12:38",20,8,2022,2304415,2304415,"HUMAN_OBSERVATION","iNaturalist","Observations","131815407","","ipat",2022-08-21 23:21:16,"CC_BY_NC_4_0","ipat","ipat",NA,NA,2025-06-07 00:04:57.382,"StillImage","COORDINATE_ROUNDED;CONTINENT_DERIVED_FROM_COORDINATES;TAXON_MATCH_TAXON_ID_IGNORED"
4921745716,"50c9509d-22c7-4a22-a47d-8c48425ef4a7","https://www.inaturalist.org/observations/117649704","Animalia","Mollusca","Gastropoda","Neogastropoda","Muricidae","Urosalpinx","Urosalpinx cinerea",NA,"SPECIES","Urosalpinx cinerea (Say, 1822)","Urosalpinx cinerea","","CA","","Nova Scotia","PRESENT",NA,"28eb1a3f-1c15-4a95-931a-4af90ecb574d",45.162218,-64.353118,NA,NA,NA,NA,NA,NA,"2022-05-17T18:13",17,5,2022,2304415,2304415,"HUMAN_OBSERVATION","iNaturalist","Observations","117649704","","ipat",2022-05-18 21:36:13,"CC_BY_NC_4_0","ipat","ipat",NA,NA,2025-06-07 00:44:43.147,"StillImage","CONTINENT_DERIVED_FROM_COORDINATES;TAXON_MATCH_TAXON_ID_IGNORED"
4921708416,"50c9509d-22c7-4a22-a47d-8c48425ef4a7","https://www.inaturalist.org/observations/145617079","Animalia","Mollusca","Gastropoda","Neogastropoda","Muricidae","Urosalpinx","Urosalpinx cinerea",NA,"SPECIES","Urosalpinx cinerea (Say, 1822)","Urosalpinx cinerea","","CA","","Nova Scotia","PRESENT",NA,"28eb1a3f-1c15-4a95-931a-4af90ecb574d",45.1627,-64.346902,NA,NA,NA,NA,NA,NA,"2023-01-01T14:49",1,1,2023,2304415,2304415,"HUMAN_OBSERVATION","iNaturalist","Observations","145617079","","ipat",2023-01-01 22:52:54,"CC_BY_NC_4_0","ipat","ipat",NA,NA,2025-06-07 01:37:16.658,"StillImage","COORDINATE_ROUNDED;CONTINENT_DERIVED_FROM_COORDINATES;TAXON_MATCH_TAXON_ID_IGNORED"
4921659439,"50c9509d-22c7-4a22-a47d-8c48425ef4a7","https://www.inaturalist.org/observations/75557003","Animalia","Mollusca","Gastropoda","Neogastropoda","Muricidae","Urosalpinx","Urosalpinx cinerea",NA,"SPECIES","Urosalpinx cinerea (Say, 1822)","Urosalpinx cinerea","","CA","","Nova Scotia","PRESENT",NA,"28eb1a3f-1c15-4a95-931a-4af90ecb574d",45.157981,-64.354363,664,NA,NA,NA,NA,NA,"2021-04-28T08:52",28,4,2021,2304415,2304415,"HUMAN_OBSERVATION","iNaturalist","Observations","75557003","","ipat",2021-04-28 16:59:34,"CC_BY_NC_4_0","ipat","ipat",NA,NA,2025-06-07 01:41:16.885,"StillImage","COORDINATE_ROUNDED;CONTINENT_DERIVED_FROM_COORDINATES;TAXON_MATCH_TAXON_ID_IGNORED"
4921615139,"50c9509d-22c7-4a22-a47d-8c48425ef4a7","https://www.inaturalist.org/observations/233648180","Animalia","Mollusca","Gastropoda","Neogastropoda","Muricidae","Urosalpinx","Urosalpinx cinerea",NA,"SPECIES","Urosalpinx cinerea (Say, 1822)","Urosalpinx cinerea","","US","","California","PRESENT",NA,"28eb1a3f-1c15-4a95-931a-4af90ecb574d",38.1096,-122.864395,4,NA,NA,NA,NA,NA,"2024-08-03T11:33:49",3,8,2024,2304415,2304415,"HUMAN_OBSERVATION","iNaturalist","Observations","233648180","","Parsa Fard",2024-08-04 07:28:03,"CC_BY_NC_4_0","Merav Vonshak","Merav Vonshak",NA,NA,2025-06-07 00:41:52.235,"StillImage","CONTINENT_DERIVED_FROM_COORDINATES;TAXON_MATCH_TAXON_ID_IGNORED"
4921605442,"50c9509d-22c7-4a22-a47d-8c48425ef4a7","https://www.inaturalist.org/observations/131815372","Animalia","Mollusca","Gastropoda","Neogastropoda","Muricidae","Urosalpinx","Urosalpinx cinerea",NA,"SPECIES","Urosalpinx cinerea (Say, 1822)","Urosalpinx cinerea","","CA","","Nova Scotia","PRESENT",NA,"28eb1a3f-1c15-4a95-931a-4af90ecb574d",45.159434,-64.352689,522,NA,NA,NA,NA,NA,"2022-08-20T12:34",20,8,2022,2304415,2304415,"HUMAN_OBSERVATION","iNaturalist","Observations","131815372","","ipat",2022-08-21 23:21:07,"CC_BY_NC_4_0","ipat","ipat",NA,NA,2025-06-07 00:37:50.524,"StillImage","COORDINATE_ROUNDED;CONTINENT_DERIVED_FROM_COORDINATES;TAXON_MATCH_TAXON_ID_IGNORED"
4921578267,"50c9509d-22c7-4a22-a47d-8c48425ef4a7","https://www.inaturalist.org/observations/107730416","Animalia","Mollusca","Gastropoda","Neogastropoda","Muricidae","Urosalpinx","Urosalpinx cinerea",NA,"SPECIES","Urosalpinx cinerea (Say, 1822)","Urosalpinx cinerea","","CA","","Nova Scotia","PRESENT",NA,"28eb1a3f-1c15-4a95-931a-4af90ecb574d",45.160826,-64.352389,593,NA,NA,NA,NA,NA,"2022-02-27T16:14",27,2,2022,2304415,2304415,"HUMAN_OBSERVATION","iNaturalist","Observations","107730416","","ipat",2022-03-01 23:46:31,"CC_BY_NC_4_0","ipat","ipat",NA,NA,2025-06-06 23:55:10.77,"StillImage","COORDINATE_ROUNDED;CONTINENT_DERIVED_FROM_COORDINATES;TAXON_MATCH_TAXON_ID_IGNORED"
4921544907,"50c9509d-22c7-4a22-a47d-8c48425ef4a7","https://www.inaturalist.org/observations/62971058","Animalia","Mollusca","Gastropoda","Neogastropoda","Muricidae","Urosalpinx","Urosalpinx cinerea",NA,"SPECIES","Urosalpinx cinerea (Say, 1822)","Urosalpinx cinerea","","CA","","Nova Scotia","PRESENT",NA,"28eb1a3f-1c15-4a95-931a-4af90ecb574d",45.161885,-64.349256,650,NA,NA,NA,NA,NA,"2020-10-18T08:00Z",18,10,2020,2304415,2304415,"HUMAN_OBSERVATION","iNaturalist","Observations","62971058","","ipat",2020-10-19 02:03:11,"CC_BY_NC_4_0","ipat","ipat",NA,NA,2025-06-07 01:20:12.537,"StillImage","COORDINATE_ROUNDED;CONTINENT_DERIVED_FROM_COORDINATES;TAXON_MATCH_TAXON_ID_IGNORED"
4921460178,"50c9509d-22c7-4a22-a47d-8c48425ef4a7","https://www.inaturalist.org/observations/66854003","Animalia","Mollusca","Gastropoda","Neogastropoda","Muricidae","Urosalpinx","Urosalpinx cinerea",NA,"SPECIES","Urosalpinx cinerea (Say, 1822)","Urosalpinx cinerea","","CA","","Nova Scotia","PRESENT",NA,"28eb1a3f-1c15-4a95-931a-4af90ecb574d",45.15901,-64.356466,158,NA,NA,NA,NA,NA,"2020-12-20T12:26Z",20,12,2020,2304415,2304415,"HUMAN_OBSERVATION","iNaturalist","Observations","66854003","","ipat",2020-12-21 00:49:03,"CC_BY_NC_4_0","ipat","ipat",NA,NA,2025-06-07 02:37:58.512,"StillImage","COORDINATE_ROUNDED;CONTINENT_DERIVED_FROM_COORDINATES;TAXON_MATCH_TAXON_ID_IGNORED"
4921442323,"50c9509d-22c7-4a22-a47d-8c48425ef4a7","https://www.inaturalist.org/observations/138556092","Animalia","Mollusca","Gastropoda","Neogastropoda","Muricidae","Urosalpinx","Urosalpinx cinerea",NA,"SPECIES","Urosalpinx cinerea (Say, 1822)","Urosalpinx cinerea","","CA","","Nova Scotia","PRESENT",NA,"28eb1a3f-1c15-4a95-931a-4af90ecb574d",45.161552,-64.34947,785,NA,NA,NA,NA,NA,"2022-10-12T09:27",12,10,2022,2304415,2304415,"HUMAN_OBSERVATION","iNaturalist","Observations","138556092","","ipat",2022-10-12 22:46:35,"CC_BY_NC_4_0","ipat","ipat",NA,NA,2025-06-07 02:47:42.615,"StillImage","COORDINATE_ROUNDED;CONTINENT_DERIVED_FROM_COORDINATES;TAXON_MATCH_TAXON_ID_IGNORED"
4919670810,"50c9509d-22c7-4a22-a47d-8c48425ef4a7","https://www.inaturalist.org/observations/232054513","Animalia","Mollusca","Gastropoda","Neogastropoda","Muricidae","Urosalpinx","Urosalpinx cinerea",NA,"SPECIES","Urosalpinx cinerea (Say, 1822)","Urosalpinx cinerea","","US","","Connecticut","PRESENT",NA,"28eb1a3f-1c15-4a95-931a-4af90ecb574d",41.269633,-72.921188,7,NA,NA,NA,NA,NA,"2024-07-27T10:57:35",27,7,2024,2304415,2304415,"HUMAN_OBSERVATION","iNaturalist","Observations","232054513","","hili_billi",2024-07-27 16:08:40,"CC_BY_NC_4_0","hili_billi","hili_billi",NA,NA,2025-06-07 02:03:01.512,"StillImage","COORDINATE_ROUNDED;CONTINENT_DERIVED_FROM_COORDINATES;TAXON_MATCH_TAXON_ID_IGNORED"
4919537730,"50c9509d-22c7-4a22-a47d-8c48425ef4a7","https://www.inaturalist.org/observations/231340404","Animalia","Mollusca","Gastropoda","Neogastropoda","Muricidae","Urosalpinx","Urosalpinx cinerea",NA,"SPECIES","Urosalpinx cinerea (Say, 1822)","Urosalpinx cinerea","","US","","Rhode Island","PRESENT",NA,"28eb1a3f-1c15-4a95-931a-4af90ecb574d",41.485305,-71.34987,13,NA,NA,NA,NA,NA,"2024-07-23T15:04:06",23,7,2024,2304415,2304415,"HUMAN_OBSERVATION","iNaturalist","Observations","231340404","","El",2024-07-24 03:25:56,"CC_BY_NC_4_0","El","El",NA,NA,2025-06-07 01:48:52.106,"StillImage","CONTINENT_DERIVED_FROM_COORDINATES;TAXON_MATCH_TAXON_ID_IGNORED"
4919352172,"50c9509d-22c7-4a22-a47d-8c48425ef4a7","https://www.inaturalist.org/observations/66066871","Animalia","Mollusca","Gastropoda","Neogastropoda","Muricidae","Urosalpinx","Urosalpinx cinerea",NA,"SPECIES","Urosalpinx cinerea (Say, 1822)","Urosalpinx cinerea","","US","","New York","PRESENT",NA,"28eb1a3f-1c15-4a95-931a-4af90ecb574d",40.888213,-73.64353,NA,NA,NA,NA,NA,NA,"2019-09-28T18:18:05",28,9,2019,2304415,2304415,"HUMAN_OBSERVATION","iNaturalist","Observations","66066871","","tylernoonan",2020-12-04 00:05:50,"CC_BY_NC_4_0","tylernoonan","tylernoonan",NA,NA,2025-06-07 02:40:06.575,"StillImage","COORDINATE_ROUNDED;CONTINENT_DERIVED_FROM_COORDINATES;TAXON_MATCH_TAXON_ID_IGNORED"
4919253630,"50c9509d-22c7-4a22-a47d-8c48425ef4a7","https://www.inaturalist.org/observations/232393865","Animalia","Mollusca","Gastropoda","Neogastropoda","Muricidae","Urosalpinx","Urosalpinx cinerea",NA,"SPECIES","Urosalpinx cinerea (Say, 1822)","Urosalpinx cinerea","","US","","Connecticut","PRESENT",NA,"28eb1a3f-1c15-4a95-931a-4af90ecb574d",41.275708,-72.440925,26,NA,NA,NA,NA,NA,"2024-07-28T11:17:04",28,7,2024,2304415,2304415,"HUMAN_OBSERVATION","iNaturalist","Observations","232393865","","polj2015",2024-07-29 00:21:35,"CC_BY_NC_4_0","polj2015","polj2015",NA,NA,2025-06-07 01:52:58.436,"StillImage","COORDINATE_ROUNDED;CONTINENT_DERIVED_FROM_COORDINATES;TAXON_MATCH_TAXON_ID_IGNORED"
4919144438,"50c9509d-22c7-4a22-a47d-8c48425ef4a7","https://www.inaturalist.org/observations/229808554","Animalia","Mollusca","Gastropoda","Neogastropoda","Muricidae","Urosalpinx","Urosalpinx cinerea",NA,"SPECIES","Urosalpinx cinerea (Say, 1822)","Urosalpinx cinerea","","US","","New Jersey","PRESENT",NA,"28eb1a3f-1c15-4a95-931a-4af90ecb574d",39.108109,-74.705744,NA,NA,NA,NA,NA,NA,"2024-07-16T11:39:41",16,7,2024,2304415,2304415,"HUMAN_OBSERVATION","iNaturalist","Observations","229808554","","Brian G.",2024-07-17 00:25:36,"CC_BY_NC_4_0","Brian G.","Brian G.",NA,NA,2025-06-07 03:02:30.615,"StillImage","COORDINATE_ROUNDED;CONTINENT_DERIVED_FROM_COORDINATES;TAXON_MATCH_TAXON_ID_IGNORED"
4911025578,"50c9509d-22c7-4a22-a47d-8c48425ef4a7","https://www.inaturalist.org/observations/230991817","Animalia","Mollusca","Gastropoda","Neogastropoda","Muricidae","Urosalpinx","Urosalpinx cinerea",NA,"SPECIES","Urosalpinx cinerea (Say, 1822)","Urosalpinx cinerea","","US","","Connecticut","PRESENT",NA,"28eb1a3f-1c15-4a95-931a-4af90ecb574d",41.232064,-72.987363,NA,NA,NA,NA,NA,NA,"2024-07-21T16:56:21",21,7,2024,2304415,2304415,"HUMAN_OBSERVATION","iNaturalist","Observations","230991817","","Jackson Solfrian",2024-07-22 14:31:34,"CC_BY_NC_4_0","Jackson Solfrian","Jackson Solfrian",NA,NA,2025-06-07 00:04:39.638,"StillImage","CONTINENT_DERIVED_FROM_COORDINATES;TAXON_MATCH_TAXON_ID_IGNORED"
4910993214,"50c9509d-22c7-4a22-a47d-8c48425ef4a7","https://www.inaturalist.org/observations/231048280","Animalia","Mollusca","Gastropoda","Neogastropoda","Muricidae","Urosalpinx","Urosalpinx cinerea",NA,"SPECIES","Urosalpinx cinerea (Say, 1822)","Urosalpinx cinerea","","US","","Delaware","PRESENT",NA,"28eb1a3f-1c15-4a95-931a-4af90ecb574d",38.616989,-75.089106,NA,NA,NA,NA,NA,NA,"2024-07-22T10:53:19",22,7,2024,2304415,2304415,"HUMAN_OBSERVATION","iNaturalist","Observations","231048280","","Paul Oliver",2024-07-22 19:08:41,"CC_BY_NC_4_0","Paul Oliver","Paul Oliver",NA,NA,2025-06-07 01:09:47.529,"StillImage","COORDINATE_ROUNDED;CONTINENT_DERIVED_FROM_COORDINATES;TAXON_MATCH_TAXON_ID_IGNORED"
4910766855,"50c9509d-22c7-4a22-a47d-8c48425ef4a7","https://www.inaturalist.org/observations/223816982","Animalia","Mollusca","Gastropoda","Neogastropoda","Muricidae","Urosalpinx","Urosalpinx cinerea",NA,"SPECIES","Urosalpinx cinerea (Say, 1822)","Urosalpinx cinerea","","US","","Rhode Island","PRESENT",NA,"28eb1a3f-1c15-4a95-931a-4af90ecb574d",41.478803,-71.35868,5,NA,NA,NA,NA,NA,"2024-06-18T12:55:39",18,6,2024,2304415,2304415,"HUMAN_OBSERVATION","iNaturalist","Observations","223816982","","El",2024-06-19 19:21:53,"CC_BY_NC_4_0","El","El",NA,NA,2025-06-07 02:56:29.636,"StillImage","COORDINATE_ROUNDED;CONTINENT_DERIVED_FROM_COORDINATES;TAXON_MATCH_TAXON_ID_IGNORED"
4908854604,"50c9509d-22c7-4a22-a47d-8c48425ef4a7","https://www.inaturalist.org/observations/228240297","Animalia","Mollusca","Gastropoda","Neogastropoda","Muricidae","Urosalpinx","Urosalpinx cinerea",NA,"SPECIES","Urosalpinx cinerea (Say, 1822)","Urosalpinx cinerea","","US","","California","PRESENT",NA,"28eb1a3f-1c15-4a95-931a-4af90ecb574d",37.767513,-122.278319,7,NA,NA,NA,NA,NA,"2024-07-06T06:59",6,7,2024,2304415,2304415,"HUMAN_OBSERVATION","iNaturalist","Observations","228240297","","sea-kangaroo",2024-07-09 14:29:37,"CC_BY_4_0","sea-kangaroo","sea-kangaroo",NA,NA,2025-06-07 01:59:58.133,"StillImage","COORDINATE_ROUNDED;CONTINENT_DERIVED_FROM_COORDINATES;TAXON_MATCH_TAXON_ID_IGNORED"
4908387590,"50c9509d-22c7-4a22-a47d-8c48425ef4a7","https://www.inaturalist.org/observations/229592224","Animalia","Mollusca","Gastropoda","Neogastropoda","Muricidae","Urosalpinx","Urosalpinx cinerea",NA,"SPECIES","Urosalpinx cinerea (Say, 1822)","Urosalpinx cinerea","","US","","New Jersey","PRESENT",NA,"28eb1a3f-1c15-4a95-931a-4af90ecb574d",40.451928,-74.144539,4,NA,NA,NA,NA,NA,"2024-06-12T11:26:02",12,6,2024,2304415,2304415,"HUMAN_OBSERVATION","iNaturalist","Observations","229592224","","gwt2102",2024-07-15 22:45:50,"CC_BY_NC_4_0","gwt2102","gwt2102",NA,NA,2025-06-07 02:46:17.7,"StillImage","COORDINATE_ROUNDED;CONTINENT_DERIVED_FROM_COORDINATES;TAXON_MATCH_TAXON_ID_IGNORED"
4908325939,"50c9509d-22c7-4a22-a47d-8c48425ef4a7","https://www.inaturalist.org/observations/225758398","Animalia","Mollusca","Gastropoda","Neogastropoda","Muricidae","Urosalpinx","Urosalpinx cinerea",NA,"SPECIES","Urosalpinx cinerea (Say, 1822)","Urosalpinx cinerea","","US","","New Hampshire","PRESENT",NA,"28eb1a3f-1c15-4a95-931a-4af90ecb574d",43.119489,-70.827392,4,NA,NA,NA,NA,NA,"2024-06-28T13:39:13",28,6,2024,2304415,2304415,"HUMAN_OBSERVATION","iNaturalist","Observations","225758398","","Drew Villeneuve",2024-06-28 17:52:15,"CC_BY_NC_4_0","Drew Villeneuve","Drew Villeneuve",NA,NA,2025-06-07 01:55:42.515,"StillImage","COORDINATE_ROUNDED;CONTINENT_DERIVED_FROM_COORDINATES;TAXON_MATCH_TAXON_ID_IGNORED"
4908309030,"50c9509d-22c7-4a22-a47d-8c48425ef4a7","https://www.inaturalist.org/observations/228657814","Animalia","Mollusca","Gastropoda","Neogastropoda","Muricidae","Urosalpinx","Urosalpinx cinerea",NA,"SPECIES","Urosalpinx cinerea (Say, 1822)","Urosalpinx cinerea","","US","","New York","PRESENT",NA,"28eb1a3f-1c15-4a95-931a-4af90ecb574d",40.91217,-73.764663,9,NA,NA,NA,NA,NA,"2024-07-11T12:51:52",11,7,2024,2304415,2304415,"HUMAN_OBSERVATION","iNaturalist","Observations","228657814","","vanesaf",2024-07-11 16:56:41,"CC_BY_NC_4_0","vanesaf","vanesaf",NA,NA,2025-06-07 00:05:35.674,"StillImage","COORDINATE_ROUNDED;CONTINENT_DERIVED_FROM_COORDINATES;TAXON_MATCH_TAXON_ID_IGNORED"
4908033645,"50c9509d-22c7-4a22-a47d-8c48425ef4a7","https://www.inaturalist.org/observations/227629769","Animalia","Mollusca","Gastropoda","Neogastropoda","Muricidae","Urosalpinx","Urosalpinx cinerea",NA,"SPECIES","Urosalpinx cinerea (Say, 1822)","Urosalpinx cinerea","","US","","California","PRESENT",NA,"28eb1a3f-1c15-4a95-931a-4af90ecb574d",37.767499,-122.278319,NA,NA,NA,NA,NA,NA,"2024-07-06T06:54",6,7,2024,2304415,2304415,"HUMAN_OBSERVATION","iNaturalist","Observations","227629769","","Tony Iwane",2024-07-06 22:06:54,"CC_BY_NC_4_0","Tony Iwane","Tony Iwane",NA,NA,2025-06-07 01:26:31.59,"StillImage","COORDINATE_ROUNDED;CONTINENT_DERIVED_FROM_COORDINATES;TAXON_MATCH_TAXON_ID_IGNORED"
4901821730,"50c9509d-22c7-4a22-a47d-8c48425ef4a7","https://www.inaturalist.org/observations/222540665","Animalia","Mollusca","Gastropoda","Neogastropoda","Muricidae","Urosalpinx","Urosalpinx cinerea",NA,"SPECIES","Urosalpinx cinerea (Say, 1822)","Urosalpinx cinerea","","US","","New Jersey","PRESENT",NA,"28eb1a3f-1c15-4a95-931a-4af90ecb574d",40.441288,-74.207603,4,NA,NA,NA,NA,NA,"2024-06-12T14:25:16",12,6,2024,2304415,2304415,"HUMAN_OBSERVATION","iNaturalist","Observations","222540665","","gwt2102",2024-06-13 23:19:05,"CC_BY_NC_4_0","gwt2102","gwt2102",NA,NA,2025-06-07 00:57:04.025,"StillImage","COORDINATE_ROUNDED;CONTINENT_DERIVED_FROM_COORDINATES;TAXON_MATCH_TAXON_ID_IGNORED"
4901251197,"50c9509d-22c7-4a22-a47d-8c48425ef4a7","https://www.inaturalist.org/observations/222296454","Animalia","Mollusca","Gastropoda","Neogastropoda","Muricidae","Urosalpinx","Urosalpinx cinerea",NA,"SPECIES","Urosalpinx cinerea (Say, 1822)","Urosalpinx cinerea","","US","","Connecticut","PRESENT",NA,"28eb1a3f-1c15-4a95-931a-4af90ecb574d",41.115053,-73.331733,644,NA,NA,NA,NA,NA,"2024-06-12T14:22:58",12,6,2024,2304415,2304415,"HUMAN_OBSERVATION","iNaturalist","Observations","222296454","","laurenbeneventano",2024-06-12 19:02:47,"CC_BY_NC_4_0","laurenbeneventano","laurenbeneventano",NA,NA,2025-06-07 00:13:01.168,"StillImage","COORDINATE_ROUNDED;CONTINENT_DERIVED_FROM_COORDINATES;TAXON_MATCH_TAXON_ID_IGNORED"
4901197553,"50c9509d-22c7-4a22-a47d-8c48425ef4a7","https://www.inaturalist.org/observations/222688921","Animalia","Mollusca","Gastropoda","Neogastropoda","Muricidae","Urosalpinx","Urosalpinx cinerea",NA,"SPECIES","Urosalpinx cinerea (Say, 1822)","Urosalpinx cinerea","","US","","California","PRESENT",NA,"28eb1a3f-1c15-4a95-931a-4af90ecb574d",37.76764,-122.278423,NA,NA,NA,NA,NA,NA,"2023-12-22T15:19",22,12,2023,2304415,2304415,"HUMAN_OBSERVATION","iNaturalist","Observations","222688921","","Parsa Fard",2024-06-14 21:20:18,"CC_BY_NC_4_0","Floyd E. Hayes","Floyd E. Hayes",NA,NA,2025-06-07 01:56:37.776,"StillImage","COORDINATE_ROUNDED;CONTINENT_DERIVED_FROM_COORDINATES;TAXON_MATCH_TAXON_ID_IGNORED"
4901183122,"50c9509d-22c7-4a22-a47d-8c48425ef4a7","https://www.inaturalist.org/observations/222688887","Animalia","Mollusca","Gastropoda","Neogastropoda","Muricidae","Urosalpinx","Urosalpinx cinerea",NA,"SPECIES","Urosalpinx cinerea (Say, 1822)","Urosalpinx cinerea","","US","","California","PRESENT",NA,"28eb1a3f-1c15-4a95-931a-4af90ecb574d",37.767763,-122.278525,NA,NA,NA,NA,NA,NA,"2023-12-22T15:12",22,12,2023,2304415,2304415,"HUMAN_OBSERVATION","iNaturalist","Observations","222688887","","Parsa Fard",2024-06-14 21:20:53,"CC_BY_NC_4_0","Floyd E. Hayes","Floyd E. Hayes",NA,NA,2025-06-07 00:36:18.674,"StillImage","COORDINATE_ROUNDED;CONTINENT_DERIVED_FROM_COORDINATES;TAXON_MATCH_TAXON_ID_IGNORED"
4901113154,"50c9509d-22c7-4a22-a47d-8c48425ef4a7","https://www.inaturalist.org/observations/222308328","Animalia","Mollusca","Gastropoda","Neogastropoda","Muricidae","Urosalpinx","Urosalpinx cinerea",NA,"SPECIES","Urosalpinx cinerea (Say, 1822)","Urosalpinx cinerea","","US","","New York","PRESENT",NA,"28eb1a3f-1c15-4a95-931a-4af90ecb574d",41.030486,-72.196787,4,NA,NA,NA,NA,NA,"2024-06-12T11:19:18",12,6,2024,2304415,2304415,"HUMAN_OBSERVATION","iNaturalist","Observations","222308328","","stevebiasetti",2024-06-12 20:03:50,"CC_BY_NC_4_0","stevebiasetti","stevebiasetti",NA,NA,2025-06-07 01:26:59.348,"StillImage","COORDINATE_ROUNDED;CONTINENT_DERIVED_FROM_COORDINATES;TAXON_MATCH_TAXON_ID_IGNORED"
4901098012,"50c9509d-22c7-4a22-a47d-8c48425ef4a7","https://www.inaturalist.org/observations/222172881","Animalia","Mollusca","Gastropoda","Neogastropoda","Muricidae","Urosalpinx","Urosalpinx cinerea",NA,"SPECIES","Urosalpinx cinerea (Say, 1822)","Urosalpinx cinerea","","US","","California","PRESENT",NA,"28eb1a3f-1c15-4a95-931a-4af90ecb574d",37.59204,-122.320946,7,NA,NA,NA,NA,NA,"2024-06-06T07:17",6,6,2024,2304415,2304415,"HUMAN_OBSERVATION","iNaturalist","Observations","222172881","","sea-kangaroo",2024-06-12 03:51:34,"CC_BY_4_0","sea-kangaroo","sea-kangaroo",NA,NA,2025-06-07 01:00:17.33,"StillImage","COORDINATE_ROUNDED;CONTINENT_DERIVED_FROM_COORDINATES;TAXON_MATCH_TAXON_ID_IGNORED"
4901050969,"50c9509d-22c7-4a22-a47d-8c48425ef4a7","https://www.inaturalist.org/observations/224682616","Animalia","Mollusca","Gastropoda","Neogastropoda","Muricidae","Urosalpinx","Urosalpinx cinerea",NA,"SPECIES","Urosalpinx cinerea (Say, 1822)","Urosalpinx cinerea","","US","","New Jersey","PRESENT",NA,"28eb1a3f-1c15-4a95-931a-4af90ecb574d",40.101605,-74.048934,142,NA,NA,NA,NA,NA,"2024-06-15T15:50",15,6,2024,2304415,2304415,"HUMAN_OBSERVATION","iNaturalist","Observations","224682616","","ipat",2024-06-24 15:39:02,"CC_BY_NC_4_0","Neil DeMaster","Neil DeMaster",NA,NA,2025-06-07 00:00:55.84,"StillImage","COORDINATE_ROUNDED;CONTINENT_DERIVED_FROM_COORDINATES;TAXON_MATCH_TAXON_ID_IGNORED"
4900938704,"50c9509d-22c7-4a22-a47d-8c48425ef4a7","https://www.inaturalist.org/observations/222688943","Animalia","Mollusca","Gastropoda","Neogastropoda","Muricidae","Urosalpinx","Urosalpinx cinerea",NA,"SPECIES","Urosalpinx cinerea (Say, 1822)","Urosalpinx cinerea","","US","","California","PRESENT",NA,"28eb1a3f-1c15-4a95-931a-4af90ecb574d",37.767552,-122.27833,NA,NA,NA,NA,NA,NA,"2023-12-22T15:29",22,12,2023,2304415,2304415,"HUMAN_OBSERVATION","iNaturalist","Observations","222688943","","Floyd E. Hayes",2024-06-14 18:05:24,"CC_BY_NC_4_0","Floyd E. Hayes","Floyd E. Hayes",NA,NA,2025-06-07 03:02:42.113,"StillImage","COORDINATE_ROUNDED;CONTINENT_DERIVED_FROM_COORDINATES;TAXON_MATCH_TAXON_ID_IGNORED"
4900867522,"50c9509d-22c7-4a22-a47d-8c48425ef4a7","https://www.inaturalist.org/observations/222439021","Animalia","Mollusca","Gastropoda","Neogastropoda","Muricidae","Urosalpinx","Urosalpinx cinerea",NA,"SPECIES","Urosalpinx cinerea (Say, 1822)","Urosalpinx cinerea","","US","","New Jersey","PRESENT",NA,"28eb1a3f-1c15-4a95-931a-4af90ecb574d",40.440717,-74.207567,4,NA,NA,NA,NA,NA,"2024-06-12T14:23:45",12,6,2024,2304415,2304415,"HUMAN_OBSERVATION","iNaturalist","Observations","222439021","","gwt2102",2024-06-13 13:40:44,"CC_BY_NC_4_0","gwt2102","gwt2102",NA,NA,2025-06-07 01:25:04.444,"StillImage","COORDINATE_ROUNDED;CONTINENT_DERIVED_FROM_COORDINATES;TAXON_MATCH_TAXON_ID_IGNORED"
4891859283,"50c9509d-22c7-4a22-a47d-8c48425ef4a7","https://www.inaturalist.org/observations/221678391","Animalia","Mollusca","Gastropoda","Neogastropoda","Muricidae","Urosalpinx","Urosalpinx cinerea",NA,"SPECIES","Urosalpinx cinerea (Say, 1822)","Urosalpinx cinerea","","US","","Connecticut","PRESENT",NA,"28eb1a3f-1c15-4a95-931a-4af90ecb574d",41.283136,-72.926306,173,NA,NA,NA,NA,NA,"2024-06-09T17:39:16",9,6,2024,2304415,2304415,"HUMAN_OBSERVATION","iNaturalist","Observations","221678391","","Spencer Lott",2024-06-09 21:39:46,"CC_BY_NC_4_0","Spencer Lott","Spencer Lott",NA,NA,2025-06-07 02:49:07.833,"StillImage","COORDINATE_ROUNDED;CONTINENT_DERIVED_FROM_COORDINATES;TAXON_MATCH_TAXON_ID_IGNORED"
4891743948,"50c9509d-22c7-4a22-a47d-8c48425ef4a7","https://www.inaturalist.org/observations/220784134","Animalia","Mollusca","Gastropoda","Neogastropoda","Muricidae","Urosalpinx","Urosalpinx cinerea",NA,"SPECIES","Urosalpinx cinerea (Say, 1822)","Urosalpinx cinerea","","US","","Florida","PRESENT",NA,"28eb1a3f-1c15-4a95-931a-4af90ecb574d",29.088558,-80.954833,4,NA,NA,NA,NA,NA,"2024-06-05T15:51:46",5,6,2024,2304415,2304415,"HUMAN_OBSERVATION","iNaturalist","Observations","220784134","","arvande",2024-06-05 23:37:27,"CC_BY_NC_4_0","arvande","arvande",NA,NA,2025-06-07 01:39:36.164,"StillImage","COORDINATE_ROUNDED;CONTINENT_DERIVED_FROM_COORDINATES;TAXON_MATCH_TAXON_ID_IGNORED"
4886204841,"8a863029-f435-446a-821e-275f4f641165","https://observation.org/observation/297366693","Animalia","Mollusca","Gastropoda","Neogastropoda","Muricidae","Urosalpinx","Urosalpinx cinerea",NA,"SPECIES","Urosalpinx cinerea (Say, 1822)","Urosalpinx cinerea","","NL","Gorishoek - zeedijk / Oosterschelde","Zeeland","PRESENT",1,"c8d737e0-2ff8-42e8-b8fc-6b805d26fc5f",51.5,4.05,5000,NA,NA,NA,NA,NA,"2024-01-26",26,1,2024,2304415,2304415,"HUMAN_OBSERVATION","","","","","",NA,"CC_BY_NC_4_0","Stichting Observation International","User 102346",NA,NA,2025-06-12 14:45:57.227,"",""
4882354341,"8a863029-f435-446a-821e-275f4f641165","https://observation.org/observation/299548882","Animalia","Mollusca","Gastropoda","Neogastropoda","Muricidae","Urosalpinx","Urosalpinx cinerea",NA,"SPECIES","Urosalpinx cinerea (Say, 1822)","Urosalpinx cinerea","","NL","""Ouwerkerk - zeedijk t.h.v. camping """"De Vier Bannen""""""","Zeeland","PRESENT",1,"c8d737e0-2ff8-42e8-b8fc-6b805d26fc5f",51.6,3.95,5000,NA,NA,NA,NA,NA,"2024-02-25",25,2,2024,2304415,2304415,"HUMAN_OBSERVATION","","","","","",NA,"CC_BY_NC_4_0","Stichting Observation International","User 291521",NA,NA,2025-06-12 14:29:00.699,"",""
4875415563,"50c9509d-22c7-4a22-a47d-8c48425ef4a7","https://www.inaturalist.org/observations/219319230","Animalia","Mollusca","Gastropoda","Neogastropoda","Muricidae","Urosalpinx","Urosalpinx cinerea",NA,"SPECIES","Urosalpinx cinerea (Say, 1822)","Urosalpinx cinerea","","US","","New York","PRESENT",NA,"28eb1a3f-1c15-4a95-931a-4af90ecb574d",40.967744,-73.157697,8,NA,NA,NA,NA,NA,"2024-05-29T11:31:04",29,5,2024,2304415,2304415,"HUMAN_OBSERVATION","iNaturalist","Observations","219319230","","daniellatoto",2024-05-30 13:54:59,"CC_BY_NC_4_0","daniellatoto","daniellatoto",NA,NA,2025-06-07 00:45:52.157,"StillImage","COORDINATE_ROUNDED;CONTINENT_DERIVED_FROM_COORDINATES;TAXON_MATCH_TAXON_ID_IGNORED"
4875243797,"50c9509d-22c7-4a22-a47d-8c48425ef4a7","https://www.inaturalist.org/observations/219846257","Animalia","Mollusca","Gastropoda","Neogastropoda","Muricidae","Urosalpinx","Urosalpinx cinerea",NA,"SPECIES","Urosalpinx cinerea (Say, 1822)","Urosalpinx cinerea","","US","","Connecticut","PRESENT",NA,"28eb1a3f-1c15-4a95-931a-4af90ecb574d",41.197367,-73.064517,8,NA,NA,NA,NA,NA,"2024-06-01T12:27:50",1,6,2024,2304415,2304415,"HUMAN_OBSERVATION","iNaturalist","Observations","219846257","","Jeff Ward",2024-06-01 21:33:40,"CC_BY_4_0","Jeff Ward","Jeff Ward",NA,NA,2025-06-07 01:24:10.937,"StillImage","COORDINATE_ROUNDED;CONTINENT_DERIVED_FROM_COORDINATES;TAXON_MATCH_TAXON_ID_IGNORED"
4872401058,"50c9509d-22c7-4a22-a47d-8c48425ef4a7","https://www.inaturalist.org/observations/218726578","Animalia","Mollusca","Gastropoda","Neogastropoda","Muricidae","Urosalpinx","Urosalpinx cinerea",NA,"SPECIES","Urosalpinx cinerea (Say, 1822)","Urosalpinx cinerea","","US","","New Jersey","PRESENT",NA,"28eb1a3f-1c15-4a95-931a-4af90ecb574d",40.101139,-74.048724,65,NA,NA,NA,NA,NA,"2024-05-26T11:02",26,5,2024,2304415,2304415,"HUMAN_OBSERVATION","iNaturalist","Observations","218726578","","Neil DeMaster",2024-05-27 19:55:37,"CC_BY_NC_4_0","Neil DeMaster","Neil DeMaster",NA,NA,2025-06-07 01:37:33.918,"StillImage","COORDINATE_ROUNDED;CONTINENT_DERIVED_FROM_COORDINATES;TAXON_MATCH_TAXON_ID_IGNORED"
4868122857,"50c9509d-22c7-4a22-a47d-8c48425ef4a7","https://www.inaturalist.org/observations/215991687","Animalia","Mollusca","Gastropoda","Neogastropoda","Muricidae","Urosalpinx","Urosalpinx cinerea",NA,"SPECIES","Urosalpinx cinerea (Say, 1822)","Urosalpinx cinerea","","US","","New Jersey","PRESENT",NA,"28eb1a3f-1c15-4a95-931a-4af90ecb574d",40.455922,-74.235047,4,NA,NA,NA,NA,NA,"2024-05-15T14:00:30",15,5,2024,2304415,2304415,"HUMAN_OBSERVATION","iNaturalist","Observations","215991687","","gwt2102",2024-05-15 21:29:09,"CC_BY_NC_4_0","gwt2102","gwt2102",NA,NA,2025-06-07 02:51:04.414,"StillImage","COORDINATE_ROUNDED;CONTINENT_DERIVED_FROM_COORDINATES;TAXON_MATCH_TAXON_ID_IGNORED"
4868122195,"50c9509d-22c7-4a22-a47d-8c48425ef4a7","https://www.inaturalist.org/observations/216000753","Animalia","Mollusca","Gastropoda","Neogastropoda","Muricidae","Urosalpinx","Urosalpinx cinerea",NA,"SPECIES","Urosalpinx cinerea (Say, 1822)","Urosalpinx cinerea","","US","","New Jersey","PRESENT",NA,"28eb1a3f-1c15-4a95-931a-4af90ecb574d",40.456767,-74.235978,4,NA,NA,NA,NA,NA,"2024-05-15T13:29:29",15,5,2024,2304415,2304415,"HUMAN_OBSERVATION","iNaturalist","Observations","216000753","","gwt2102",2024-05-15 22:22:21,"CC_BY_NC_4_0","gwt2102","gwt2102",NA,NA,2025-06-07 02:49:00.929,"StillImage","COORDINATE_ROUNDED;CONTINENT_DERIVED_FROM_COORDINATES;TAXON_MATCH_TAXON_ID_IGNORED"
4868020120,"50c9509d-22c7-4a22-a47d-8c48425ef4a7","https://www.inaturalist.org/observations/216035775","Animalia","Mollusca","Gastropoda","Neogastropoda","Muricidae","Urosalpinx","Urosalpinx cinerea",NA,"SPECIES","Urosalpinx cinerea (Say, 1822)","Urosalpinx cinerea","","US","","New Jersey","PRESENT",NA,"28eb1a3f-1c15-4a95-931a-4af90ecb574d",40.457237,-74.23645,4,NA,NA,NA,NA,NA,"2024-05-15T13:22:42",15,5,2024,2304415,2304415,"HUMAN_OBSERVATION","iNaturalist","Observations","216035775","","gwt2102",2024-05-16 02:27:10,"CC_BY_NC_4_0","gwt2102","gwt2102",NA,NA,2025-06-07 00:05:46.126,"StillImage","COORDINATE_ROUNDED;CONTINENT_DERIVED_FROM_COORDINATES;TAXON_MATCH_TAXON_ID_IGNORED"
4868016733,"50c9509d-22c7-4a22-a47d-8c48425ef4a7","https://www.inaturalist.org/observations/215999050","Animalia","Mollusca","Gastropoda","Neogastropoda","Muricidae","Urosalpinx","Urosalpinx cinerea",NA,"SPECIES","Urosalpinx cinerea (Say, 1822)","Urosalpinx cinerea","","US","","New Jersey","PRESENT",NA,"28eb1a3f-1c15-4a95-931a-4af90ecb574d",40.456447,-74.23568,4,NA,NA,NA,NA,NA,"2024-05-15T13:33:04",15,5,2024,2304415,2304415,"HUMAN_OBSERVATION","iNaturalist","Observations","215999050","","gwt2102",2024-05-15 22:12:00,"CC_BY_NC_4_0","gwt2102","gwt2102",NA,NA,2025-06-07 02:56:57.017,"StillImage","COORDINATE_ROUNDED;CONTINENT_DERIVED_FROM_COORDINATES;TAXON_MATCH_TAXON_ID_IGNORED"
4867681527,"50c9509d-22c7-4a22-a47d-8c48425ef4a7","https://www.inaturalist.org/observations/216001515","Animalia","Mollusca","Gastropoda","Neogastropoda","Muricidae","Urosalpinx","Urosalpinx cinerea",NA,"SPECIES","Urosalpinx cinerea (Say, 1822)","Urosalpinx cinerea","","US","","New Jersey","PRESENT",NA,"28eb1a3f-1c15-4a95-931a-4af90ecb574d",40.456958,-74.236137,4,NA,NA,NA,NA,NA,"2024-05-15T13:25:55",15,5,2024,2304415,2304415,"HUMAN_OBSERVATION","iNaturalist","Observations","216001515","","gwt2102",2024-05-15 22:27:33,"CC_BY_NC_4_0","gwt2102","gwt2102",NA,NA,2025-06-07 00:00:54.621,"StillImage","COORDINATE_ROUNDED;CONTINENT_DERIVED_FROM_COORDINATES;TAXON_MATCH_TAXON_ID_IGNORED"
4867651553,"50c9509d-22c7-4a22-a47d-8c48425ef4a7","https://www.inaturalist.org/observations/216800709","Animalia","Mollusca","Gastropoda","Neogastropoda","Muricidae","Urosalpinx","Urosalpinx cinerea",NA,"SPECIES","Urosalpinx cinerea (Say, 1822)","Urosalpinx cinerea","","US","","California","PRESENT",NA,"28eb1a3f-1c15-4a95-931a-4af90ecb574d",38.132739,-122.891097,4,NA,NA,NA,NA,NA,"2024-05-18T14:29:56",18,5,2024,2304415,2304415,"HUMAN_OBSERVATION","iNaturalist","Observations","216800709","","ajsherman",2024-05-19 15:03:03,"CC_BY_NC_4_0","ajsherman","ajsherman",NA,NA,2025-06-07 02:44:35.718,"StillImage","COORDINATE_ROUNDED;CONTINENT_DERIVED_FROM_COORDINATES;TAXON_MATCH_TAXON_ID_IGNORED"
4863596955,"50c9509d-22c7-4a22-a47d-8c48425ef4a7","https://www.inaturalist.org/observations/214327436","Animalia","Mollusca","Gastropoda","Neogastropoda","Muricidae","Urosalpinx","Urosalpinx cinerea",NA,"SPECIES","Urosalpinx cinerea (Say, 1822)","Urosalpinx cinerea","","US","","Rhode Island","PRESENT",NA,"28eb1a3f-1c15-4a95-931a-4af90ecb574d",41.395938,-71.463195,3,NA,NA,NA,NA,NA,"2024-05-07T15:02:38",7,5,2024,2304415,2304415,"HUMAN_OBSERVATION","iNaturalist","Observations","214327436","","El",2024-05-08 04:17:56,"CC_BY_NC_4_0","El","El",NA,NA,2025-06-07 01:48:58.043,"StillImage","COORDINATE_ROUNDED;CONTINENT_DERIVED_FROM_COORDINATES;TAXON_MATCH_TAXON_ID_IGNORED"
4855553089,"50c9509d-22c7-4a22-a47d-8c48425ef4a7","https://www.inaturalist.org/observations/193655528","Animalia","Mollusca","Gastropoda","Neogastropoda","Muricidae","Urosalpinx","Urosalpinx cinerea",NA,"SPECIES","Urosalpinx cinerea (Say, 1822)","Urosalpinx cinerea","","US","","Connecticut","PRESENT",NA,"28eb1a3f-1c15-4a95-931a-4af90ecb574d",41.212513,-73.050797,4,NA,NA,NA,NA,NA,"2022-08-27T19:06:32",27,8,2022,2304415,2304415,"HUMAN_OBSERVATION","iNaturalist","Observations","193655528","","Tom French",2024-01-01 03:21:44,"CC_BY_NC_4_0","Amanda","Amanda",NA,NA,2025-06-07 01:31:22.037,"StillImage","COORDINATE_ROUNDED;CONTINENT_DERIVED_FROM_COORDINATES;TAXON_MATCH_TAXON_ID_IGNORED"
4855416074,"50c9509d-22c7-4a22-a47d-8c48425ef4a7","https://www.inaturalist.org/observations/212914562","Animalia","Mollusca","Gastropoda","Neogastropoda","Muricidae","Urosalpinx","Urosalpinx cinerea",NA,"SPECIES","Urosalpinx cinerea (Say, 1822)","Urosalpinx cinerea","","US","","California","PRESENT",NA,"28eb1a3f-1c15-4a95-931a-4af90ecb574d",37.59082,-122.32428,4,NA,NA,NA,NA,NA,"2024-04-30T12:41:20",30,4,2024,2304415,2304415,"HUMAN_OBSERVATION","iNaturalist","Observations","212914562","","Natalie Downe",2024-05-02 16:07:00,"CC_BY_4_0","Natalie Downe","Natalie Downe",NA,NA,2025-06-07 00:08:00.794,"StillImage","CONTINENT_DERIVED_FROM_COORDINATES;TAXON_MATCH_TAXON_ID_IGNORED"
4854877850,"50c9509d-22c7-4a22-a47d-8c48425ef4a7","https://www.inaturalist.org/observations/208015392","Animalia","Mollusca","Gastropoda","Neogastropoda","Muricidae","Urosalpinx","Urosalpinx cinerea",NA,"SPECIES","Urosalpinx cinerea (Say, 1822)","Urosalpinx cinerea","","US","","South Carolina","PRESENT",NA,"28eb1a3f-1c15-4a95-931a-4af90ecb574d",33.363957,-79.227126,117,NA,NA,NA,NA,NA,"2024-04-04T14:12:49",4,4,2024,2304415,2304415,"HUMAN_OBSERVATION","iNaturalist","Observations","208015392","","phbrock98",2024-04-18 23:56:36,"CC_BY_NC_4_0","phbrock98","phbrock98",NA,NA,2025-06-07 00:52:17.575,"StillImage","COORDINATE_ROUNDED;CONTINENT_DERIVED_FROM_COORDINATES;TAXON_MATCH_TAXON_ID_IGNORED"
4854833985,"50c9509d-22c7-4a22-a47d-8c48425ef4a7","https://www.inaturalist.org/observations/137911209","Animalia","Mollusca","Gastropoda","Neogastropoda","Muricidae","Urosalpinx","Urosalpinx cinerea",NA,"SPECIES","Urosalpinx cinerea (Say, 1822)","Urosalpinx cinerea","","US","","New York","PRESENT",NA,"28eb1a3f-1c15-4a95-931a-4af90ecb574d",40.851467,-73.840934,5663,NA,NA,NA,NA,NA,"2022-09-29T14:53:37",29,9,2022,2304415,2304415,"HUMAN_OBSERVATION","iNaturalist","Observations","137911209","","sunitasingh14",2022-10-08 01:51:18,"CC_BY_NC_4_0","sunitasingh14","sunitasingh14",NA,NA,2025-06-07 00:32:22.302,"StillImage","CONTINENT_DERIVED_FROM_COORDINATES;TAXON_MATCH_TAXON_ID_IGNORED"
4852811020,"50c9509d-22c7-4a22-a47d-8c48425ef4a7","https://www.inaturalist.org/observations/208037996","Animalia","Mollusca","Gastropoda","Neogastropoda","Muricidae","Urosalpinx","Urosalpinx cinerea",NA,"SPECIES","Urosalpinx cinerea (Say, 1822)","Urosalpinx cinerea","","US","","South Carolina","PRESENT",NA,"28eb1a3f-1c15-4a95-931a-4af90ecb574d",33.329815,-79.277802,4498,NA,NA,NA,NA,NA,"2024-04-04T14:21:36",4,4,2024,2304415,2304415,"HUMAN_OBSERVATION","iNaturalist","Observations","208037996","","bonda575",2024-04-19 03:04:55,"CC_BY_NC_4_0","bonda575","bonda575",NA,NA,2025-06-07 00:53:58.014,"StillImage","COORDINATE_ROUNDED;CONTINENT_DERIVED_FROM_COORDINATES;TAXON_MATCH_TAXON_ID_IGNORED"
4852749968,"50c9509d-22c7-4a22-a47d-8c48425ef4a7","https://www.inaturalist.org/observations/207696298","Animalia","Mollusca","Gastropoda","Neogastropoda","Muricidae","Urosalpinx","Urosalpinx cinerea",NA,"SPECIES","Urosalpinx cinerea (Say, 1822)","Urosalpinx cinerea","","US","","Rhode Island","PRESENT",NA,"28eb1a3f-1c15-4a95-931a-4af90ecb574d",41.652846,-71.2547,372,NA,NA,NA,NA,NA,"2024-04-16T09:06:40",16,4,2024,2304415,2304415,"HUMAN_OBSERVATION","iNaturalist","Observations","207696298","","Thomas Irvine",2024-04-17 02:35:13,"CC_BY_4_0","Thomas Irvine","Thomas Irvine",NA,NA,2025-06-07 00:49:57.799,"StillImage","COORDINATE_ROUNDED;CONTINENT_DERIVED_FROM_COORDINATES;TAXON_MATCH_TAXON_ID_IGNORED"
4852597488,"50c9509d-22c7-4a22-a47d-8c48425ef4a7","https://www.inaturalist.org/observations/212029733","Animalia","Mollusca","Gastropoda","Neogastropoda","Muricidae","Urosalpinx","Urosalpinx cinerea",NA,"SPECIES","Urosalpinx cinerea (Say, 1822)","Urosalpinx cinerea","","US","","Florida","PRESENT",NA,"28eb1a3f-1c15-4a95-931a-4af90ecb574d",30.392425,-81.463829,61,NA,NA,NA,NA,NA,"2024-04-29T09:03:47",29,4,2024,2304415,2304415,"HUMAN_OBSERVATION","iNaturalist","Observations","212029733","","dyszel",2024-04-30 01:41:10,"CC_BY_NC_4_0","dyszel","dyszel",NA,NA,2025-06-07 01:38:00.17,"StillImage","COORDINATE_ROUNDED;CONTINENT_DERIVED_FROM_COORDINATES;TAXON_MATCH_TAXON_ID_IGNORED"
4852553019,"50c9509d-22c7-4a22-a47d-8c48425ef4a7","https://www.inaturalist.org/observations/211673475","Animalia","Mollusca","Gastropoda","Neogastropoda","Muricidae","Urosalpinx","Urosalpinx cinerea",NA,"SPECIES","Urosalpinx cinerea (Say, 1822)","Urosalpinx cinerea","","US","","Connecticut","PRESENT",NA,"28eb1a3f-1c15-4a95-931a-4af90ecb574d",41.116536,-73.331578,584,NA,NA,NA,NA,NA,"2024-04-29T11:40:25",29,4,2024,2304415,2304415,"HUMAN_OBSERVATION","iNaturalist","Observations","211673475","","Natalie",2024-04-29 16:43:02,"CC_BY_NC_4_0","Natalie","Natalie",NA,NA,2025-06-07 02:08:01.361,"StillImage","COORDINATE_ROUNDED;CONTINENT_DERIVED_FROM_COORDINATES;TAXON_MATCH_TAXON_ID_IGNORED"
4852530258,"50c9509d-22c7-4a22-a47d-8c48425ef4a7","https://www.inaturalist.org/observations/211758683","Animalia","Mollusca","Gastropoda","Neogastropoda","Muricidae","Urosalpinx","Urosalpinx cinerea",NA,"SPECIES","Urosalpinx cinerea (Say, 1822)","Urosalpinx cinerea","","US","","Connecticut","PRESENT",NA,"28eb1a3f-1c15-4a95-931a-4af90ecb574d",41.150344,-73.225251,313,NA,NA,NA,NA,NA,"2024-04-29T09:42:01",29,4,2024,2304415,2304415,"HUMAN_OBSERVATION","iNaturalist","Observations","211758683","","lpinney12",2024-04-29 18:51:39,"CC_BY_NC_4_0","lpinney12","lpinney12",NA,NA,2025-06-07 00:43:08.4,"StillImage","COORDINATE_ROUNDED;CONTINENT_DERIVED_FROM_COORDINATES;TAXON_MATCH_TAXON_ID_IGNORED"
4852452454,"50c9509d-22c7-4a22-a47d-8c48425ef4a7","https://www.inaturalist.org/observations/209684782","Animalia","Mollusca","Gastropoda","Neogastropoda","Muricidae","Urosalpinx","Urosalpinx cinerea",NA,"SPECIES","Urosalpinx cinerea (Say, 1822)","Urosalpinx cinerea","","US","","Massachusetts","PRESENT",NA,"28eb1a3f-1c15-4a95-931a-4af90ecb574d",41.296324,-70.040966,NA,NA,NA,NA,NA,NA,"2024-04-26T10:37:32",26,4,2024,2304415,2304415,"HUMAN_OBSERVATION","iNaturalist","Observations","209684782","","Yvonne Vaillancourt",2024-04-26 17:50:14,"CC_BY_NC_4_0","Yvonne Vaillancourt","Yvonne Vaillancourt",NA,NA,2025-06-07 01:23:08.127,"StillImage","COORDINATE_ROUNDED;CONTINENT_DERIVED_FROM_COORDINATES;TAXON_MATCH_TAXON_ID_IGNORED"
4852198042,"50c9509d-22c7-4a22-a47d-8c48425ef4a7","https://www.inaturalist.org/observations/209749029","Animalia","Mollusca","Gastropoda","Neogastropoda","Muricidae","Urosalpinx","Urosalpinx cinerea",NA,"SPECIES","Urosalpinx cinerea (Say, 1822)","Urosalpinx cinerea","","US","","Florida","PRESENT",NA,"28eb1a3f-1c15-4a95-931a-4af90ecb574d",26.829111,-80.044342,5,NA,NA,NA,NA,NA,"2024-04-26T10:57",26,4,2024,2304415,2304415,"HUMAN_OBSERVATION","iNaturalist","Observations","209749029","","maycla25",2024-04-26 19:50:15,"CC_BY_NC_4_0","maycla25","maycla25",NA,NA,2025-06-07 01:32:23.913,"StillImage","COORDINATE_ROUNDED;CONTINENT_DERIVED_FROM_COORDINATES;TAXON_MATCH_TAXON_ID_IGNORED"
4852137206,"50c9509d-22c7-4a22-a47d-8c48425ef4a7","https://www.inaturalist.org/observations/207840412","Animalia","Mollusca","Gastropoda","Neogastropoda","Muricidae","Urosalpinx","Urosalpinx cinerea",NA,"SPECIES","Urosalpinx cinerea (Say, 1822)","Urosalpinx cinerea","","CA","","Nova Scotia","PRESENT",NA,"28eb1a3f-1c15-4a95-931a-4af90ecb574d",45.097826,-64.213295,92,NA,NA,NA,NA,NA,"2024-04-17T19:58:11",17,4,2024,2304415,2304415,"HUMAN_OBSERVATION","iNaturalist","Observations","207840412","","Hunter Martin",2024-04-17 23:00:26,"CC_BY_NC_4_0","Hunter Martin","Hunter Martin",NA,NA,2025-06-07 01:05:00.32,"StillImage","COORDINATE_ROUNDED;CONTINENT_DERIVED_FROM_COORDINATES;TAXON_MATCH_TAXON_ID_IGNORED"
4851909256,"50c9509d-22c7-4a22-a47d-8c48425ef4a7","https://www.inaturalist.org/observations/208370036","Animalia","Mollusca","Gastropoda","Neogastropoda","Muricidae","Urosalpinx","Urosalpinx cinerea",NA,"SPECIES","Urosalpinx cinerea (Say, 1822)","Urosalpinx cinerea","","US","","California","PRESENT",NA,"28eb1a3f-1c15-4a95-931a-4af90ecb574d",37.505403,-122.21746,5,NA,NA,NA,NA,NA,"2024-04-20T15:26",20,4,2024,2304415,2304415,"HUMAN_OBSERVATION","iNaturalist","Observations","208370036","","munkeebot",2024-04-20 22:26:33,"CC_BY_NC_4_0","munkeebot","munkeebot",NA,NA,2025-06-07 02:43:38.802,"StillImage","COORDINATE_ROUNDED;CONTINENT_DERIVED_FROM_COORDINATES;TAXON_MATCH_TAXON_ID_IGNORED"
4851747303,"50c9509d-22c7-4a22-a47d-8c48425ef4a7","https://www.inaturalist.org/observations/208763383","Animalia","Mollusca","Gastropoda","Neogastropoda","Muricidae","Urosalpinx","Urosalpinx cinerea",NA,"SPECIES","Urosalpinx cinerea (Say, 1822)","Urosalpinx cinerea","","US","","Rhode Island","PRESENT",NA,"28eb1a3f-1c15-4a95-931a-4af90ecb574d",41.625305,-71.263107,69,NA,NA,NA,NA,NA,"2024-04-22T15:56:21",22,4,2024,2304415,2304415,"HUMAN_OBSERVATION","iNaturalist","Observations","208763383","","hannah_duzy",2024-04-22 19:56:26,"CC_BY_NC_4_0","hannah_duzy","hannah_duzy",NA,NA,2025-06-07 01:34:24.348,"StillImage","COORDINATE_ROUNDED;CONTINENT_DERIVED_FROM_COORDINATES;TAXON_MATCH_TAXON_ID_IGNORED"
4847141850,"50c9509d-22c7-4a22-a47d-8c48425ef4a7","https://www.inaturalist.org/observations/127419028","Animalia","Mollusca","Gastropoda","Neogastropoda","Muricidae","Urosalpinx","Urosalpinx cinerea",NA,"SPECIES","Urosalpinx cinerea (Say, 1822)","Urosalpinx cinerea","","US","","California","PRESENT",NA,"28eb1a3f-1c15-4a95-931a-4af90ecb574d",37.894185,-122.495629,176,NA,NA,NA,NA,NA,"2022-07-22T10:40:10",22,7,2022,2304415,2304415,"HUMAN_OBSERVATION","iNaturalist","Observations","127419028","","Janna",2022-07-22 21:46:16,"CC_BY_4_0","Janna","Janna",NA,NA,2025-06-07 01:36:56.11,"StillImage","COORDINATE_ROUNDED;CONTINENT_DERIVED_FROM_COORDINATES;TAXON_MATCH_TAXON_ID_IGNORED"
4846927056,"50c9509d-22c7-4a22-a47d-8c48425ef4a7","https://www.inaturalist.org/observations/197630392","Animalia","Mollusca","Gastropoda","Neogastropoda","Muricidae","Urosalpinx","Urosalpinx cinerea",NA,"SPECIES","Urosalpinx cinerea (Say, 1822)","Urosalpinx cinerea","","US","","Delaware","PRESENT",NA,"28eb1a3f-1c15-4a95-931a-4af90ecb574d",38.805892,-75.097044,22,NA,NA,NA,NA,NA,"2024-01-26T14:58:39",26,1,2024,2304415,2304415,"HUMAN_OBSERVATION","iNaturalist","Observations","197630392","","Elaine Parker",2024-01-26 20:00:00,"CC_BY_NC_4_0","Elaine Parker","Elaine Parker",NA,NA,2025-06-07 01:40:09.628,"StillImage","COORDINATE_ROUNDED;CONTINENT_DERIVED_FROM_COORDINATES;TAXON_MATCH_TAXON_ID_IGNORED"
4846926676,"50c9509d-22c7-4a22-a47d-8c48425ef4a7","https://www.inaturalist.org/observations/127419075","Animalia","Mollusca","Gastropoda","Neogastropoda","Muricidae","Urosalpinx","Urosalpinx cinerea",NA,"SPECIES","Urosalpinx cinerea (Say, 1822)","Urosalpinx cinerea","","US","","California","PRESENT",NA,"28eb1a3f-1c15-4a95-931a-4af90ecb574d",37.893999,-122.496746,8,NA,NA,NA,NA,NA,"2022-07-22T10:41:25",22,7,2022,2304415,2304415,"HUMAN_OBSERVATION","iNaturalist","Observations","127419075","","Janna",2022-07-22 21:46:37,"CC_BY_4_0","Janna","Janna",NA,NA,2025-06-07 00:00:33.044,"StillImage","COORDINATE_ROUNDED;CONTINENT_DERIVED_FROM_COORDINATES;TAXON_MATCH_TAXON_ID_IGNORED"
4846868798,"50c9509d-22c7-4a22-a47d-8c48425ef4a7","https://www.inaturalist.org/observations/205681435","Animalia","Mollusca","Gastropoda","Neogastropoda","Muricidae","Urosalpinx","Urosalpinx cinerea",NA,"SPECIES","Urosalpinx cinerea (Say, 1822)","Urosalpinx cinerea","","US","","New York","PRESENT",NA,"28eb1a3f-1c15-4a95-931a-4af90ecb574d",40.548386,-74.112785,7,NA,NA,NA,NA,NA,"2024-04-06T11:41:38",6,4,2024,2304415,2304415,"HUMAN_OBSERVATION","iNaturalist","Observations","205681435","","Seth Wollney",2024-04-06 15:43:15,"CC_BY_4_0","Seth Wollney","Seth Wollney",NA,NA,2025-06-07 01:10:31.29,"StillImage","COORDINATE_ROUNDED;CONTINENT_DERIVED_FROM_COORDINATES;TAXON_MATCH_TAXON_ID_IGNORED"
4846851366,"50c9509d-22c7-4a22-a47d-8c48425ef4a7","https://www.inaturalist.org/observations/206315170","Animalia","Mollusca","Gastropoda","Neogastropoda","Muricidae","Urosalpinx","Urosalpinx cinerea",NA,"SPECIES","Urosalpinx cinerea (Say, 1822)","Urosalpinx cinerea","","US","","South Carolina","PRESENT",NA,"28eb1a3f-1c15-4a95-931a-4af90ecb574d",33.350072,-79.194817,4,NA,NA,NA,NA,NA,"2024-04-04T15:40:43",4,4,2024,2304415,2304415,"HUMAN_OBSERVATION","iNaturalist","Observations","206315170","","cdr0430",2024-04-09 21:25:33,"CC_BY_NC_4_0","cdr0430","cdr0430",NA,NA,2025-06-07 02:06:57.825,"StillImage","COORDINATE_ROUNDED;CONTINENT_DERIVED_FROM_COORDINATES;TAXON_MATCH_TAXON_ID_IGNORED"
4846788300,"50c9509d-22c7-4a22-a47d-8c48425ef4a7","https://www.inaturalist.org/observations/203948465","Animalia","Mollusca","Gastropoda","Neogastropoda","Muricidae","Urosalpinx","Urosalpinx cinerea",NA,"SPECIES","Urosalpinx cinerea (Say, 1822)","Urosalpinx cinerea","","US","","New Jersey","PRESENT",NA,"28eb1a3f-1c15-4a95-931a-4af90ecb574d",39.748662,-74.193081,NA,NA,NA,NA,NA,NA,"2024-03-25T12:08:57",25,3,2024,2304415,2304415,"HUMAN_OBSERVATION","iNaturalist","Observations","203948465","","Brian G.",2024-03-25 22:35:52,"CC_BY_NC_4_0","Brian G.","Brian G.",NA,NA,2025-06-07 01:04:20.272,"StillImage","COORDINATE_ROUNDED;CONTINENT_DERIVED_FROM_COORDINATES;TAXON_MATCH_TAXON_ID_IGNORED"
4846756807,"50c9509d-22c7-4a22-a47d-8c48425ef4a7","https://www.inaturalist.org/observations/127418861","Animalia","Mollusca","Gastropoda","Neogastropoda","Muricidae","Urosalpinx","Urosalpinx cinerea",NA,"SPECIES","Urosalpinx cinerea (Say, 1822)","Urosalpinx cinerea","","US","","California","PRESENT",NA,"28eb1a3f-1c15-4a95-931a-4af90ecb574d",37.89406,-122.496883,3,NA,NA,NA,NA,NA,"2022-07-22T10:37:08",22,7,2022,2304415,2304415,"HUMAN_OBSERVATION","iNaturalist","Observations","127418861","","Janna",2022-07-22 21:45:06,"CC_BY_4_0","Janna","Janna",NA,NA,2025-06-07 01:59:05.115,"StillImage","COORDINATE_ROUNDED;CONTINENT_DERIVED_FROM_COORDINATES;TAXON_MATCH_TAXON_ID_IGNORED"
4607143532,"50c9509d-22c7-4a22-a47d-8c48425ef4a7","https://www.inaturalist.org/observations/205757421","Animalia","Mollusca","Gastropoda","Neogastropoda","Muricidae","Urosalpinx","Urosalpinx cinerea",NA,"SPECIES","Urosalpinx cinerea (Say, 1822)","Urosalpinx cinerea","","US","","South Carolina","PRESENT",NA,"28eb1a3f-1c15-4a95-931a-4af90ecb574d",33.362985,-79.2273,14,NA,NA,NA,NA,NA,"2024-04-06T16:01:27",6,4,2024,2304415,2304415,"HUMAN_OBSERVATION","iNaturalist","Observations","205757421","","mjwirth",2024-04-06 22:24:40,"CC_BY_NC_4_0","mjwirth","mjwirth",NA,NA,2025-06-07 03:02:04.975,"StillImage","COORDINATE_ROUNDED;CONTINENT_DERIVED_FROM_COORDINATES;TAXON_MATCH_TAXON_ID_IGNORED"
4607064656,"50c9509d-22c7-4a22-a47d-8c48425ef4a7","https://www.inaturalist.org/observations/205419766","Animalia","Mollusca","Gastropoda","Neogastropoda","Muricidae","Urosalpinx","Urosalpinx cinerea",NA,"SPECIES","Urosalpinx cinerea (Say, 1822)","Urosalpinx cinerea","","US","","South Carolina","PRESENT",NA,"28eb1a3f-1c15-4a95-931a-4af90ecb574d",33.349995,-79.194717,4,NA,NA,NA,NA,NA,"2024-04-04T14:41:46",4,4,2024,2304415,2304415,"HUMAN_OBSERVATION","iNaturalist","Observations","205419766","","somi_af",2024-04-04 19:58:40,"CC_BY_NC_4_0","somi_af","somi_af",NA,NA,2025-06-07 03:01:38.459,"StillImage","COORDINATE_ROUNDED;CONTINENT_DERIVED_FROM_COORDINATES;TAXON_MATCH_TAXON_ID_IGNORED"
4599862485,"50c9509d-22c7-4a22-a47d-8c48425ef4a7","https://www.inaturalist.org/observations/203818639","Animalia","Mollusca","Gastropoda","Neogastropoda","Muricidae","Urosalpinx","Urosalpinx cinerea",NA,"SPECIES","Urosalpinx cinerea (Say, 1822)","Urosalpinx cinerea","","US","","North Carolina","PRESENT",NA,"28eb1a3f-1c15-4a95-931a-4af90ecb574d",35.103672,-75.989189,3,NA,NA,NA,NA,NA,"2024-03-18T13:30",18,3,2024,2304415,2304415,"HUMAN_OBSERVATION","iNaturalist","Observations","203818639","","cduckworth92",2024-03-24 23:28:11,"CC_BY_NC_4_0","cduckworth92","cduckworth92",NA,NA,2025-06-07 03:01:27.611,"StillImage","COORDINATE_ROUNDED;CONTINENT_DERIVED_FROM_COORDINATES;TAXON_MATCH_TAXON_ID_IGNORED"
4599807980,"50c9509d-22c7-4a22-a47d-8c48425ef4a7","https://www.inaturalist.org/observations/203623208","Animalia","Mollusca","Gastropoda","Neogastropoda","Muricidae","Urosalpinx","Urosalpinx cinerea",NA,"SPECIES","Urosalpinx cinerea (Say, 1822)","Urosalpinx cinerea","","US","","Rhode Island","PRESENT",NA,"28eb1a3f-1c15-4a95-931a-4af90ecb574d",41.6503,-71.256613,4,NA,NA,NA,NA,NA,"2024-03-23T13:51:51",23,3,2024,2304415,2304415,"HUMAN_OBSERVATION","iNaturalist","Observations","203623208","","Branson Khounvichith",2024-03-23 19:25:34,"CC_BY_NC_4_0","crifket","crifket",NA,NA,2025-06-07 01:10:03.065,"StillImage","COORDINATE_ROUNDED;CONTINENT_DERIVED_FROM_COORDINATES;TAXON_MATCH_TAXON_ID_IGNORED"
4597520822,"50c9509d-22c7-4a22-a47d-8c48425ef4a7","https://www.inaturalist.org/observations/203148045","Animalia","Mollusca","Gastropoda","Neogastropoda","Muricidae","Urosalpinx","Urosalpinx cinerea",NA,"SPECIES","Urosalpinx cinerea (Say, 1822)","Urosalpinx cinerea","","US","","South Carolina","PRESENT",NA,"28eb1a3f-1c15-4a95-931a-4af90ecb574d",32.359555,-80.442872,4,NA,NA,NA,NA,NA,"2024-03-18T11:41:38",18,3,2024,2304415,2304415,"HUMAN_OBSERVATION","iNaturalist","Observations","203148045","","joannab_",2024-03-19 20:27:29,"CC_BY_NC_4_0","joannab_","joannab_",NA,NA,2025-06-07 00:52:58.016,"StillImage","COORDINATE_ROUNDED;CONTINENT_DERIVED_FROM_COORDINATES;TAXON_MATCH_TAXON_ID_IGNORED"
4597435494,"50c9509d-22c7-4a22-a47d-8c48425ef4a7","https://www.inaturalist.org/observations/201959601","Animalia","Mollusca","Gastropoda","Neogastropoda","Muricidae","Urosalpinx","Urosalpinx cinerea",NA,"SPECIES","Urosalpinx cinerea (Say, 1822)","Urosalpinx cinerea","","US","","Rhode Island","PRESENT",NA,"28eb1a3f-1c15-4a95-931a-4af90ecb574d",41.306013,-71.885483,4,NA,NA,NA,NA,NA,"2024-03-10T15:57:37",10,3,2024,2304415,2304415,"HUMAN_OBSERVATION","iNaturalist","Observations","201959601","","krystalrose13",2024-03-10 19:58:40,"CC_BY_NC_4_0","krystalrose13","krystalrose13",NA,NA,2025-06-07 01:45:36.989,"StillImage","COORDINATE_ROUNDED;CONTINENT_DERIVED_FROM_COORDINATES;TAXON_MATCH_TAXON_ID_IGNORED"
4597368809,"50c9509d-22c7-4a22-a47d-8c48425ef4a7","https://www.inaturalist.org/observations/201694337","Animalia","Mollusca","Gastropoda","Neogastropoda","Muricidae","Urosalpinx","Urosalpinx cinerea",NA,"SPECIES","Urosalpinx cinerea (Say, 1822)","Urosalpinx cinerea","","US","","New York","PRESENT",NA,"28eb1a3f-1c15-4a95-931a-4af90ecb574d",40.549083,-74.115474,598,NA,NA,NA,NA,NA,"2024-03-08T12:31:14",8,3,2024,2304415,2304415,"HUMAN_OBSERVATION","iNaturalist","Observations","201694337","","Seth Wollney",2024-03-08 17:31:44,"CC_BY_4_0","Seth Wollney","Seth Wollney",NA,NA,2025-06-07 00:43:36.753,"StillImage","COORDINATE_ROUNDED;CONTINENT_DERIVED_FROM_COORDINATES;TAXON_MATCH_TAXON_ID_IGNORED"
4597192435,"50c9509d-22c7-4a22-a47d-8c48425ef4a7","https://www.inaturalist.org/observations/202997972","Animalia","Mollusca","Gastropoda","Neogastropoda","Muricidae","Urosalpinx","Urosalpinx cinerea",NA,"SPECIES","Urosalpinx cinerea (Say, 1822)","Urosalpinx cinerea","","US","","Massachusetts","PRESENT",NA,"28eb1a3f-1c15-4a95-931a-4af90ecb574d",41.764672,-70.47961,48,NA,NA,NA,NA,NA,"2024-03-17T00:26",17,3,2024,2304415,2304415,"HUMAN_OBSERVATION","iNaturalist","Observations","202997972","","Michael John Oldham",2024-03-18 17:53:08,"CC_BY_NC_4_0","Michael John Oldham","Michael John Oldham",NA,NA,2025-06-07 03:01:39.53,"StillImage","COORDINATE_ROUNDED;CONTINENT_DERIVED_FROM_COORDINATES;TAXON_MATCH_TAXON_ID_IGNORED"
4596904761,"50c9509d-22c7-4a22-a47d-8c48425ef4a7","https://www.inaturalist.org/observations/201718165","Animalia","Mollusca","Gastropoda","Neogastropoda","Muricidae","Urosalpinx","Urosalpinx cinerea",NA,"SPECIES","Urosalpinx cinerea (Say, 1822)","Urosalpinx cinerea","","US","","Rhode Island","PRESENT",NA,"28eb1a3f-1c15-4a95-931a-4af90ecb574d",41.482075,-71.237617,NA,NA,NA,NA,NA,NA,"2024-03-08T10:45:40",8,3,2024,2304415,2304415,"HUMAN_OBSERVATION","iNaturalist","Observations","201718165","","Tyler Ekholm",2024-03-08 21:36:11,"CC_BY_4_0","Tyler Ekholm","Tyler Ekholm",NA,NA,2025-06-07 00:03:07.495,"StillImage","COORDINATE_ROUNDED;CONTINENT_DERIVED_FROM_COORDINATES;TAXON_MATCH_TAXON_ID_IGNORED"
4594958817,"f240817c-23f3-4a8f-b32e-97833663fd4d","32becdb6-664c-43f5-bacf-5cdff32e8738","Animalia","Mollusca","Gastropoda","Neogastropoda","Muricidae","Urosalpinx","Urosalpinx cinerea",NA,"SPECIES","Urosalpinx cinerea (Say, 1822)","Urosalpinx cinerea (Say, 1822)","","FR","","","PRESENT",NA,"1928bdf0-f5d2-11dc-8c12-b8a03c50a862",46.25091,-1.14125,NA,NA,NA,NA,NA,NA,"2023-08-11",11,8,2023,2304415,2304415,"HUMAN_OBSERVATION","","","","","",NA,"CC_BY_4_0","","",NA,NA,2025-02-01 02:08:37.094,"","CONTINENT_DERIVED_FROM_COORDINATES;TAXON_MATCH_TAXON_ID_IGNORED"
4540880518,"25e3e8f1-86ee-440c-adfc-8e63759a6505","78e97e5f-f68c-4cee-9072-81cf69077877","Animalia","Mollusca","Gastropoda","Neogastropoda","Muricidae","Urosalpinx","Urosalpinx cinerea",NA,"SPECIES","Urosalpinx cinerea (Say, 1822)","Urosalpinx cinerea (Say, 1822)","","FR","","","PRESENT",NA,"1928bdf0-f5d2-11dc-8c12-b8a03c50a862",44.65217,-1.23753,NA,NA,NA,NA,NA,NA,"2020-03-08",8,3,2020,2304415,2304415,"HUMAN_OBSERVATION","","","","","Pascal COATNOAN (Les amis de BioObs)",NA,"CC_BY_4_0","","Pascal COATNOAN (CODEP 24)",NA,NA,2025-02-01 03:39:59.843,"","FOOTPRINT_WKT_MISMATCH;CONTINENT_DERIVED_FROM_COORDINATES;TAXON_MATCH_TAXON_ID_IGNORED"
4540861230,"25e3e8f1-86ee-440c-adfc-8e63759a6505","7346344b-8016-4646-853f-ffd85f22f3e9","Animalia","Mollusca","Gastropoda","Neogastropoda","Muricidae","Urosalpinx","Urosalpinx cinerea",NA,"SPECIES","Urosalpinx cinerea (Say, 1822)","Urosalpinx cinerea (Say, 1822)","","FR","","","PRESENT",NA,"1928bdf0-f5d2-11dc-8c12-b8a03c50a862",44.65511,-1.23743,NA,NA,NA,NA,NA,NA,"2022-04-02",2,4,2022,2304415,2304415,"HUMAN_OBSERVATION","","","","","Pascal COATNOAN (Les amis de BioObs)",NA,"CC_BY_4_0","","Pascal COATNOAN, Cathy Staedel, Anne Fayoux (BioObs)",NA,NA,2025-02-01 03:39:59.514,"","FOOTPRINT_WKT_MISMATCH;CONTINENT_DERIVED_FROM_COORDINATES;TAXON_MATCH_TAXON_ID_IGNORED"
4540849204,"25e3e8f1-86ee-440c-adfc-8e63759a6505","ad684983-fc9a-4c78-bf97-04b00413cd17","Animalia","Mollusca","Gastropoda","Neogastropoda","Muricidae","Urosalpinx","Urosalpinx cinerea",NA,"SPECIES","Urosalpinx cinerea (Say, 1822)","Urosalpinx cinerea (Say, 1822)","","FR","","","PRESENT",NA,"1928bdf0-f5d2-11dc-8c12-b8a03c50a862",44.64203,-1.23974,NA,NA,NA,NA,NA,NA,"2021-03-14",14,3,2021,2304415,2304415,"HUMAN_OBSERVATION","","","","","Pascal COATNOAN (Les amis de BioObs)",NA,"CC_BY_4_0","","Pascal COATNOAN (BioObs)",NA,NA,2025-02-01 03:40:01.262,"","CONTINENT_DERIVED_FROM_COORDINATES;TAXON_MATCH_TAXON_ID_IGNORED"
4540821444,"25e3e8f1-86ee-440c-adfc-8e63759a6505","6552bc94-3cf8-484f-becf-0c2e14133626","Animalia","Mollusca","Gastropoda","Neogastropoda","Muricidae","Urosalpinx","Urosalpinx cinerea",NA,"SPECIES","Urosalpinx cinerea (Say, 1822)","Urosalpinx cinerea (Say, 1822)","","FR","","","PRESENT",NA,"1928bdf0-f5d2-11dc-8c12-b8a03c50a862",44.71395,-1.21064,NA,NA,NA,NA,NA,NA,"2022-09-24",24,9,2022,2304415,2304415,"HUMAN_OBSERVATION","","","","","Pascal COATNOAN (Les amis de BioObs)",NA,"CC_BY_4_0","","Pascal COATNOAN (BioObs)",NA,NA,2025-02-01 03:39:59.166,"","FOOTPRINT_WKT_MISMATCH;CONTINENT_DERIVED_FROM_COORDINATES;TAXON_MATCH_TAXON_ID_IGNORED"
4540790585,"25e3e8f1-86ee-440c-adfc-8e63759a6505","fc7ca06c-6455-4426-8c63-270f0996cab8","Animalia","Mollusca","Gastropoda","Neogastropoda","Muricidae","Urosalpinx","Urosalpinx cinerea",NA,"SPECIES","Urosalpinx cinerea (Say, 1822)","Urosalpinx cinerea (Say, 1822)","","FR","","","PRESENT",NA,"1928bdf0-f5d2-11dc-8c12-b8a03c50a862",45.95556,-1.39528,NA,NA,NA,NA,NA,NA,"2014-03-16",16,3,2014,2304415,2304415,"HUMAN_OBSERVATION","","","","","Laurent Colombet (Les amis de BioObs)",NA,"CC_BY_4_0","","Joel GOUHIER (CREBS IDF PICARDIE)",NA,NA,2025-02-01 03:40:03.522,"","FOOTPRINT_WKT_MISMATCH;CONTINENT_DERIVED_FROM_COORDINATES;TAXON_MATCH_TAXON_ID_IGNORED"
4540625199,"25e3e8f1-86ee-440c-adfc-8e63759a6505","38bc0569-4bbf-4238-9f44-886b99506baa","Animalia","Mollusca","Gastropoda","Neogastropoda","Muricidae","Urosalpinx","Urosalpinx cinerea",NA,"SPECIES","Urosalpinx cinerea (Say, 1822)","Urosalpinx cinerea (Say, 1822)","","FR","","","PRESENT",NA,"1928bdf0-f5d2-11dc-8c12-b8a03c50a862",46.04194,-1.39,NA,NA,NA,NA,NA,NA,"2014-03-15",15,3,2014,2304415,2304415,"HUMAN_OBSERVATION","","","","","Laurent Colombet (Les amis de BioObs)",NA,"CC_BY_4_0","","Joel GOUHIER (CREBS IDF PICARDIE)",NA,NA,2025-02-01 03:39:57.576,"","FOOTPRINT_WKT_MISMATCH;CONTINENT_DERIVED_FROM_COORDINATES;TAXON_MATCH_TAXON_ID_IGNORED"
4540562963,"25e3e8f1-86ee-440c-adfc-8e63759a6505","c32289db-5ea1-4a32-9cf5-fbb188617132","Animalia","Mollusca","Gastropoda","Neogastropoda","Muricidae","Urosalpinx","Urosalpinx cinerea",NA,"SPECIES","Urosalpinx cinerea (Say, 1822)","Urosalpinx cinerea (Say, 1822)","","FR","","","PRESENT",NA,"1928bdf0-f5d2-11dc-8c12-b8a03c50a862",44.62848,-1.24306,NA,NA,NA,NA,NA,NA,"2020-07-31",31,7,2020,2304415,2304415,"HUMAN_OBSERVATION","","","","","Pascal COATNOAN (Les amis de BioObs)",NA,"CC_BY_4_0","","Pascal COATNOAN (BioObs)",NA,NA,2025-02-01 03:40:01.72,"","FOOTPRINT_WKT_MISMATCH;CONTINENT_DERIVED_FROM_COORDINATES;TAXON_MATCH_TAXON_ID_IGNORED"
4540467746,"25e3e8f1-86ee-440c-adfc-8e63759a6505","a83de1c8-9c98-4814-a964-50c3c7159adb","Animalia","Mollusca","Gastropoda","Neogastropoda","Muricidae","Urosalpinx","Urosalpinx cinerea",NA,"SPECIES","Urosalpinx cinerea (Say, 1822)","Urosalpinx cinerea (Say, 1822)","","FR","","","PRESENT",NA,"1928bdf0-f5d2-11dc-8c12-b8a03c50a862",44.68667,-1.23419,NA,NA,NA,NA,NA,NA,"2021-08-29",29,8,2021,2304415,2304415,"HUMAN_OBSERVATION","","","","","Anthony Veaudour (Les amis de BioObs)",NA,"CC_BY_4_0","","Anthony Veaudour, Pascal COATNOAN (Hors club)",NA,NA,2025-02-01 03:40:00.806,"","FOOTPRINT_WKT_MISMATCH;CONTINENT_DERIVED_FROM_COORDINATES;TAXON_MATCH_TAXON_ID_IGNORED"
4540409356,"25e3e8f1-86ee-440c-adfc-8e63759a6505","9995ff83-63cb-4f1d-8fa2-9eb2231d29ab","Animalia","Mollusca","Gastropoda","Neogastropoda","Muricidae","Urosalpinx","Urosalpinx cinerea",NA,"SPECIES","Urosalpinx cinerea (Say, 1822)","Urosalpinx cinerea (Say, 1822)","","FR","","","PRESENT",NA,"1928bdf0-f5d2-11dc-8c12-b8a03c50a862",44.67294,-1.23891,NA,NA,NA,NA,NA,NA,"2021-02-20",20,2,2021,2304415,2304415,"HUMAN_OBSERVATION","","","","","Pascal COATNOAN (Les amis de BioObs)",NA,"CC_BY_4_0","","Pascal COATNOAN, Stéphanie FLOIRAT (BioObs)",NA,NA,2025-02-01 03:40:00.597,"","FOOTPRINT_WKT_MISMATCH;CONTINENT_DERIVED_FROM_COORDINATES;TAXON_MATCH_TAXON_ID_IGNORED"
4540403701,"25e3e8f1-86ee-440c-adfc-8e63759a6505","012f42bd-e97a-49d0-98a1-b52f8c733197","Animalia","Mollusca","Gastropoda","Neogastropoda","Muricidae","Urosalpinx","Urosalpinx cinerea",NA,"SPECIES","Urosalpinx cinerea (Say, 1822)","Urosalpinx cinerea (Say, 1822)","","FR","","","PRESENT",NA,"1928bdf0-f5d2-11dc-8c12-b8a03c50a862",44.66416,-1.17958,NA,NA,NA,NA,NA,NA,"2014-11-02",2,11,2014,2304415,2304415,"HUMAN_OBSERVATION","","","","","Eric Seigne (Les amis de BioObs)",NA,"CC_BY_4_0","","Eric Seigne (CODEP 33 - BIO)",NA,NA,2025-02-01 03:39:49.791,"","FOOTPRINT_WKT_MISMATCH;CONTINENT_DERIVED_FROM_COORDINATES;TAXON_MATCH_TAXON_ID_IGNORED"
4528346199,"50c9509d-22c7-4a22-a47d-8c48425ef4a7","https://www.inaturalist.org/observations/200572795","Animalia","Mollusca","Gastropoda","Neogastropoda","Muricidae","Urosalpinx","Urosalpinx cinerea",NA,"SPECIES","Urosalpinx cinerea (Say, 1822)","Urosalpinx cinerea","","US","","California","PRESENT",NA,"28eb1a3f-1c15-4a95-931a-4af90ecb574d",37.750874,-122.232008,NA,NA,NA,NA,NA,NA,"2024-02-24T16:39",24,2,2024,2304415,2304415,"HUMAN_OBSERVATION","iNaturalist","Observations","200572795","","sandor_in",2024-02-27 01:13:28,"CC_BY_NC_4_0","sandor_in","sandor_in",NA,NA,2025-06-07 01:18:57.494,"StillImage","COORDINATE_ROUNDED;CONTINENT_DERIVED_FROM_COORDINATES;TAXON_MATCH_TAXON_ID_IGNORED"
4528316296,"50c9509d-22c7-4a22-a47d-8c48425ef4a7","https://www.inaturalist.org/observations/200572794","Animalia","Mollusca","Gastropoda","Neogastropoda","Muricidae","Urosalpinx","Urosalpinx cinerea",NA,"SPECIES","Urosalpinx cinerea (Say, 1822)","Urosalpinx cinerea","","US","","California","PRESENT",NA,"28eb1a3f-1c15-4a95-931a-4af90ecb574d",37.750879,-122.232005,NA,NA,NA,NA,NA,NA,"2024-02-24T16:37",24,2,2024,2304415,2304415,"HUMAN_OBSERVATION","iNaturalist","Observations","200572794","","sandor_in",2024-02-27 01:13:28,"CC_BY_NC_4_0","sandor_in","sandor_in",NA,NA,2025-06-07 01:19:09.235,"StillImage","COORDINATE_ROUNDED;CONTINENT_DERIVED_FROM_COORDINATES;TAXON_MATCH_TAXON_ID_IGNORED"
4528256413,"50c9509d-22c7-4a22-a47d-8c48425ef4a7","https://www.inaturalist.org/observations/199942385","Animalia","Mollusca","Gastropoda","Neogastropoda","Muricidae","Urosalpinx","Urosalpinx cinerea",NA,"SPECIES","Urosalpinx cinerea (Say, 1822)","Urosalpinx cinerea","","US","","Maine","PRESENT",NA,"28eb1a3f-1c15-4a95-931a-4af90ecb574d",44.436448,-68.298326,30,NA,NA,NA,NA,NA,"2024-02-20T01:05:08",20,2,2024,2304415,2304415,"HUMAN_OBSERVATION","iNaturalist","Observations","199942385","","Jovan Grollino",2024-02-20 23:22:30,"CC_BY_NC_4_0","Jovan Grollino","Jovan Grollino",NA,NA,2025-06-07 00:58:23.593,"StillImage","COORDINATE_ROUNDED;CONTINENT_DERIVED_FROM_COORDINATES;TAXON_MATCH_TAXON_ID_IGNORED"
4528211279,"50c9509d-22c7-4a22-a47d-8c48425ef4a7","https://www.inaturalist.org/observations/199221530","Animalia","Mollusca","Gastropoda","Neogastropoda","Muricidae","Urosalpinx","Urosalpinx cinerea",NA,"SPECIES","Urosalpinx cinerea (Say, 1822)","Urosalpinx cinerea","","US","","Rhode Island","PRESENT",NA,"28eb1a3f-1c15-4a95-931a-4af90ecb574d",41.437357,-71.452694,173,NA,NA,NA,NA,NA,"2024-02-13T15:44:04",13,2,2024,2304415,2304415,"HUMAN_OBSERVATION","iNaturalist","Observations","199221530","","",NA,"CC_BY_NC_4_0","faye_s","faye_s",NA,NA,2025-06-07 01:35:23.822,"StillImage","COORDINATE_ROUNDED;CONTINENT_DERIVED_FROM_COORDINATES;TAXON_MATCH_TAXON_ID_IGNORED"
4525185870,"50c9509d-22c7-4a22-a47d-8c48425ef4a7","https://www.inaturalist.org/observations/199430761","Animalia","Mollusca","Gastropoda","Neogastropoda","Muricidae","Urosalpinx","Urosalpinx cinerea",NA,"SPECIES","Urosalpinx cinerea (Say, 1822)","Urosalpinx cinerea","","US","","California","PRESENT",NA,"28eb1a3f-1c15-4a95-931a-4af90ecb574d",37.591458,-122.319693,8,NA,NA,NA,NA,NA,"2024-02-15T11:29",15,2,2024,2304415,2304415,"HUMAN_OBSERVATION","iNaturalist","Observations","199430761","","Cricket Raspet",2024-02-16 04:56:39,"CC_BY_4_0","Cricket Raspet","Cricket Raspet",NA,NA,2025-06-07 02:06:59.976,"StillImage","COORDINATE_ROUNDED;CONTINENT_DERIVED_FROM_COORDINATES;TAXON_MATCH_TAXON_ID_IGNORED"
4525178903,"50c9509d-22c7-4a22-a47d-8c48425ef4a7","https://www.inaturalist.org/observations/199430757","Animalia","Mollusca","Gastropoda","Neogastropoda","Muricidae","Urosalpinx","Urosalpinx cinerea",NA,"SPECIES","Urosalpinx cinerea (Say, 1822)","Urosalpinx cinerea","","US","","California","PRESENT",NA,"28eb1a3f-1c15-4a95-931a-4af90ecb574d",37.591439,-122.317544,4,NA,NA,NA,NA,NA,"2024-02-15T11:29",15,2,2024,2304415,2304415,"HUMAN_OBSERVATION","iNaturalist","Observations","199430757","","Cricket Raspet",2024-02-16 04:56:38,"CC_BY_4_0","Cricket Raspet","Cricket Raspet",NA,NA,2025-06-07 01:51:14.87,"StillImage","COORDINATE_ROUNDED;CONTINENT_DERIVED_FROM_COORDINATES;TAXON_MATCH_TAXON_ID_IGNORED"
4525147904,"50c9509d-22c7-4a22-a47d-8c48425ef4a7","https://www.inaturalist.org/observations/199430773","Animalia","Mollusca","Gastropoda","Neogastropoda","Muricidae","Urosalpinx","Urosalpinx cinerea",NA,"SPECIES","Urosalpinx cinerea (Say, 1822)","Urosalpinx cinerea","","US","","California","PRESENT",NA,"28eb1a3f-1c15-4a95-931a-4af90ecb574d",37.591462,-122.319585,8,NA,NA,NA,NA,NA,"2024-02-15T11:29",15,2,2024,2304415,2304415,"HUMAN_OBSERVATION","iNaturalist","Observations","199430773","","Cricket Raspet",2024-02-16 04:56:43,"CC_BY_4_0","Cricket Raspet","Cricket Raspet",NA,NA,2025-06-07 02:10:29.233,"StillImage","COORDINATE_ROUNDED;CONTINENT_DERIVED_FROM_COORDINATES;TAXON_MATCH_TAXON_ID_IGNORED"
4525043754,"50c9509d-22c7-4a22-a47d-8c48425ef4a7","https://www.inaturalist.org/observations/88550396","Animalia","Mollusca","Gastropoda","Neogastropoda","Muricidae","Urosalpinx","Urosalpinx cinerea",NA,"SPECIES","Urosalpinx cinerea (Say, 1822)","Urosalpinx cinerea","","US","","Massachusetts","PRESENT",NA,"28eb1a3f-1c15-4a95-931a-4af90ecb574d",41.624576,-70.835787,5,NA,NA,NA,NA,NA,"2021-07-24T16:10:27",24,7,2021,2304415,2304415,"HUMAN_OBSERVATION","iNaturalist","Observations","88550396","","Tom French",2021-07-27 03:54:28,"CC_BY_4_0","feralbeetle","feralbeetle",NA,NA,2025-06-07 00:42:08.38,"StillImage","COORDINATE_ROUNDED;CONTINENT_DERIVED_FROM_COORDINATES;TAXON_MATCH_TAXON_ID_IGNORED"
4516855711,"50c9509d-22c7-4a22-a47d-8c48425ef4a7","https://www.inaturalist.org/observations/197484158","Animalia","Mollusca","Gastropoda","Neogastropoda","Muricidae","Urosalpinx","Urosalpinx cinerea",NA,"SPECIES","Urosalpinx cinerea (Say, 1822)","Urosalpinx cinerea","","US","","New York","PRESENT",NA,"28eb1a3f-1c15-4a95-931a-4af90ecb574d",40.698763,-73.997591,NA,NA,NA,NA,NA,NA,"2024-01-24T15:03:17",24,1,2024,2304415,2304415,"HUMAN_OBSERVATION","iNaturalist","Observations","197484158","","Paweł Pieluszyński",2024-01-24 20:29:22,"CC_BY_NC_4_0","Paweł Pieluszyński","Paweł Pieluszyński",NA,NA,2025-06-07 01:34:27.648,"StillImage","COORDINATE_ROUNDED;CONTINENT_DERIVED_FROM_COORDINATES;TAXON_MATCH_TAXON_ID_IGNORED"
4516626224,"50c9509d-22c7-4a22-a47d-8c48425ef4a7","https://www.inaturalist.org/observations/196548777","Animalia","Mollusca","Gastropoda","Neogastropoda","Muricidae","Urosalpinx","Urosalpinx cinerea",NA,"SPECIES","Urosalpinx cinerea (Say, 1822)","Urosalpinx cinerea","","US","","California","PRESENT",NA,"28eb1a3f-1c15-4a95-931a-4af90ecb574d",37.764686,-122.275244,505,NA,NA,NA,NA,NA,"2024-01-07T10:40",7,1,2024,2304415,2304415,"HUMAN_OBSERVATION","iNaturalist","Observations","196548777","","Parsa Fard",2024-01-13 18:47:18,"CC_BY_4_0","Parsa Fard","Parsa Fard",NA,NA,2025-06-07 00:13:05.403,"StillImage","COORDINATE_ROUNDED;CONTINENT_DERIVED_FROM_COORDINATES;TAXON_MATCH_TAXON_ID_IGNORED"
4516366027,"50c9509d-22c7-4a22-a47d-8c48425ef4a7","https://www.inaturalist.org/observations/196548842","Animalia","Mollusca","Gastropoda","Neogastropoda","Muricidae","Urosalpinx","Urosalpinx cinerea",NA,"SPECIES","Urosalpinx cinerea (Say, 1822)","Urosalpinx cinerea","","US","","California","PRESENT",NA,"28eb1a3f-1c15-4a95-931a-4af90ecb574d",37.765901,-122.276795,777,NA,NA,NA,NA,NA,"2024-01-07T10:41",7,1,2024,2304415,2304415,"HUMAN_OBSERVATION","iNaturalist","Observations","196548842","","Parsa Fard",2024-01-13 18:47:48,"CC_BY_4_0","Parsa Fard","Parsa Fard",NA,NA,2025-06-07 02:03:08.808,"StillImage","COORDINATE_ROUNDED;CONTINENT_DERIVED_FROM_COORDINATES;TAXON_MATCH_TAXON_ID_IGNORED"
4510429421,"50c9509d-22c7-4a22-a47d-8c48425ef4a7","https://www.inaturalist.org/observations/196182922","Animalia","Mollusca","Gastropoda","Neogastropoda","Muricidae","Urosalpinx","Urosalpinx cinerea",NA,"SPECIES","Urosalpinx cinerea (Say, 1822)","Urosalpinx cinerea","","US","","California","PRESENT",NA,"28eb1a3f-1c15-4a95-931a-4af90ecb574d",37.590903,-122.318324,7,NA,NA,NA,NA,NA,"2024-01-08T14:44",8,1,2024,2304415,2304415,"HUMAN_OBSERVATION","iNaturalist","Observations","196182922","","sea-kangaroo",2024-01-09 05:54:20,"CC_BY_4_0","sea-kangaroo","sea-kangaroo",NA,NA,2025-06-07 00:01:30.226,"StillImage","COORDINATE_ROUNDED;CONTINENT_DERIVED_FROM_COORDINATES;TAXON_MATCH_TAXON_ID_IGNORED"
4510169206,"50c9509d-22c7-4a22-a47d-8c48425ef4a7","https://www.inaturalist.org/observations/196096896","Animalia","Mollusca","Gastropoda","Neogastropoda","Muricidae","Urosalpinx","Urosalpinx cinerea",NA,"SPECIES","Urosalpinx cinerea (Say, 1822)","Urosalpinx cinerea","","US","","California","PRESENT",NA,"28eb1a3f-1c15-4a95-931a-4af90ecb574d",37.73773,-122.211358,4,NA,NA,NA,NA,NA,"2024-01-05T13:37:08",5,1,2024,2304415,2304415,"HUMAN_OBSERVATION","iNaturalist","Observations","196096896","","samstrich",2024-01-08 05:12:00,"CC_BY_NC_4_0","samstrich","samstrich",NA,NA,2025-06-07 00:09:43.49,"StillImage","COORDINATE_ROUNDED;CONTINENT_DERIVED_FROM_COORDINATES;TAXON_MATCH_TAXON_ID_IGNORED"
4507979808,"50c9509d-22c7-4a22-a47d-8c48425ef4a7","https://www.inaturalist.org/observations/195384251","Animalia","Mollusca","Gastropoda","Neogastropoda","Muricidae","Urosalpinx","Urosalpinx cinerea",NA,"SPECIES","Urosalpinx cinerea (Say, 1822)","Urosalpinx cinerea","","US","","California","PRESENT",NA,"28eb1a3f-1c15-4a95-931a-4af90ecb574d",37.766538,-122.280708,13,NA,NA,NA,NA,NA,"2023-12-30T14:26:44",30,12,2023,2304415,2304415,"HUMAN_OBSERVATION","iNaturalist","Observations","195384251","","Parsa Fard",2023-12-31 20:11:39,"CC_BY_NC_4_0","Helen H.","Helen H.",NA,NA,2025-06-07 01:18:08.137,"StillImage","COORDINATE_ROUNDED;CONTINENT_DERIVED_FROM_COORDINATES;TAXON_MATCH_TAXON_ID_IGNORED"
4507870373,"50c9509d-22c7-4a22-a47d-8c48425ef4a7","https://www.inaturalist.org/observations/194504635","Animalia","Mollusca","Gastropoda","Neogastropoda","Muricidae","Urosalpinx","Urosalpinx cinerea",NA,"SPECIES","Urosalpinx cinerea (Say, 1822)","Urosalpinx cinerea","","US","","Connecticut","PRESENT",NA,"28eb1a3f-1c15-4a95-931a-4af90ecb574d",41.25017,-72.545657,718,NA,NA,NA,NA,NA,"2023-12-19T15:48:42",19,12,2023,2304415,2304415,"HUMAN_OBSERVATION","iNaturalist","Observations","194504635","","d_bellethorne",2023-12-21 13:43:32,"CC_BY_NC_4_0","d_bellethorne","d_bellethorne",NA,NA,2025-06-07 01:16:07.016,"StillImage","COORDINATE_ROUNDED;CONTINENT_DERIVED_FROM_COORDINATES;TAXON_MATCH_TAXON_ID_IGNORED"
4506482830,"50c9509d-22c7-4a22-a47d-8c48425ef4a7","https://www.inaturalist.org/observations/194483382","Animalia","Mollusca","Gastropoda","Neogastropoda","Muricidae","Urosalpinx","Urosalpinx cinerea",NA,"SPECIES","Urosalpinx cinerea (Say, 1822)","Urosalpinx cinerea","","US","","California","PRESENT",NA,"28eb1a3f-1c15-4a95-931a-4af90ecb574d",37.568495,-122.253616,15,NA,NA,NA,NA,NA,"2023-12-20T13:16",20,12,2023,2304415,2304415,"HUMAN_OBSERVATION","iNaturalist","Observations","194483382","","Cricket Raspet",2023-12-21 05:28:44,"CC_BY_4_0","Cricket Raspet","Cricket Raspet",NA,NA,2025-06-07 01:47:20.874,"StillImage","COORDINATE_ROUNDED;CONTINENT_DERIVED_FROM_COORDINATES;TAXON_MATCH_TAXON_ID_IGNORED"
4506451740,"50c9509d-22c7-4a22-a47d-8c48425ef4a7","https://www.inaturalist.org/observations/194479537","Animalia","Mollusca","Gastropoda","Neogastropoda","Muricidae","Urosalpinx","Urosalpinx cinerea",NA,"SPECIES","Urosalpinx cinerea (Say, 1822)","Urosalpinx cinerea","","US","","California","PRESENT",NA,"28eb1a3f-1c15-4a95-931a-4af90ecb574d",37.568685,-122.253875,NA,NA,NA,NA,NA,NA,"2023-12-20T12:55",20,12,2023,2304415,2304415,"HUMAN_OBSERVATION","iNaturalist","Observations","194479537","","Cricket Raspet",2023-12-21 04:06:44,"CC_BY_4_0","Cricket Raspet","Cricket Raspet",NA,NA,2025-06-07 01:58:30.086,"StillImage","CONTINENT_DERIVED_FROM_COORDINATES;TAXON_MATCH_TAXON_ID_IGNORED"
4506272718,"50c9509d-22c7-4a22-a47d-8c48425ef4a7","https://www.inaturalist.org/observations/194479535","Animalia","Mollusca","Gastropoda","Neogastropoda","Muricidae","Urosalpinx","Urosalpinx cinerea",NA,"SPECIES","Urosalpinx cinerea (Say, 1822)","Urosalpinx cinerea","","US","","California","PRESENT",NA,"28eb1a3f-1c15-4a95-931a-4af90ecb574d",37.56847,-122.253512,NA,NA,NA,NA,NA,NA,"2023-12-20T12:49",20,12,2023,2304415,2304415,"HUMAN_OBSERVATION","iNaturalist","Observations","194479535","","Cricket Raspet",2023-12-21 04:06:44,"CC_BY_4_0","Cricket Raspet","Cricket Raspet",NA,NA,2025-06-07 01:56:52.765,"StillImage","COORDINATE_ROUNDED;CONTINENT_DERIVED_FROM_COORDINATES;TAXON_MATCH_TAXON_ID_IGNORED"
4500836087,"50c9509d-22c7-4a22-a47d-8c48425ef4a7","https://www.inaturalist.org/observations/194240702","Animalia","Mollusca","Gastropoda","Neogastropoda","Muricidae","Urosalpinx","Urosalpinx cinerea",NA,"SPECIES","Urosalpinx cinerea (Say, 1822)","Urosalpinx cinerea","","US","","California","PRESENT",NA,"28eb1a3f-1c15-4a95-931a-4af90ecb574d",37.59176,-122.315272,86,NA,NA,NA,NA,NA,"2023-12-15T11:50",15,12,2023,2304415,2304415,"HUMAN_OBSERVATION","iNaturalist","Observations","194240702","","Cricket Raspet",2023-12-18 00:56:08,"CC_BY_4_0","Cricket Raspet","Cricket Raspet",NA,NA,2025-06-07 01:59:38.91,"StillImage","COORDINATE_ROUNDED;CONTINENT_DERIVED_FROM_COORDINATES;TAXON_MATCH_TAXON_ID_IGNORED"
4500768079,"50c9509d-22c7-4a22-a47d-8c48425ef4a7","https://www.inaturalist.org/observations/193906712","Animalia","Mollusca","Gastropoda","Neogastropoda","Muricidae","Urosalpinx","Urosalpinx cinerea",NA,"SPECIES","Urosalpinx cinerea (Say, 1822)","Urosalpinx cinerea","","US","","Rhode Island","PRESENT",NA,"28eb1a3f-1c15-4a95-931a-4af90ecb574d",41.480755,-71.238205,3,NA,NA,NA,NA,NA,"2023-12-13T15:54:35",13,12,2023,2304415,2304415,"HUMAN_OBSERVATION","iNaturalist","Observations","193906712","","George",2023-12-13 23:11:40,"CC_BY_NC_4_0","George","George",NA,NA,2025-06-07 01:32:25.659,"StillImage","CONTINENT_DERIVED_FROM_COORDINATES;TAXON_MATCH_TAXON_ID_IGNORED"
4500682546,"50c9509d-22c7-4a22-a47d-8c48425ef4a7","https://www.inaturalist.org/observations/194376457","Animalia","Mollusca","Gastropoda","Neogastropoda","Muricidae","Urosalpinx","Urosalpinx cinerea",NA,"SPECIES","Urosalpinx cinerea (Say, 1822)","Urosalpinx cinerea","","US","","Rhode Island","PRESENT",NA,"28eb1a3f-1c15-4a95-931a-4af90ecb574d",41.681756,-71.299642,NA,NA,NA,NA,NA,NA,"2023-12-19T13:22:19",19,12,2023,2304415,2304415,"HUMAN_OBSERVATION","iNaturalist","Observations","194376457","","Tyler Ekholm",2023-12-19 19:58:42,"CC_BY_4_0","Tyler Ekholm","Tyler Ekholm",NA,NA,2025-06-07 01:44:48.907,"StillImage","COORDINATE_ROUNDED;CONTINENT_DERIVED_FROM_COORDINATES;TAXON_MATCH_TAXON_ID_IGNORED"
4500538137,"50c9509d-22c7-4a22-a47d-8c48425ef4a7","https://www.inaturalist.org/observations/193924187","Animalia","Mollusca","Gastropoda","Neogastropoda","Muricidae","Urosalpinx","Urosalpinx cinerea",NA,"SPECIES","Urosalpinx cinerea (Say, 1822)","Urosalpinx cinerea","","US","","California","PRESENT",NA,"28eb1a3f-1c15-4a95-931a-4af90ecb574d",37.766535,-122.280031,7,NA,NA,NA,NA,NA,"2023-12-13T16:05",13,12,2023,2304415,2304415,"HUMAN_OBSERVATION","iNaturalist","Observations","193924187","","Richard Hasegawa",2023-12-14 03:53:51,"CC_BY_NC_4_0","Richard Hasegawa","Richard Hasegawa",NA,NA,2025-06-07 02:42:03.875,"StillImage","COORDINATE_ROUNDED;CONTINENT_DERIVED_FROM_COORDINATES;TAXON_MATCH_TAXON_ID_IGNORED"
4467348537,"e45ea07f-d054-4129-9552-f0c9e6af4019","LC000053000A3HA4","Animalia","Mollusca","Gastropoda","Neogastropoda","Muricidae","Urosalpinx","Urosalpinx cinerea",NA,"SPECIES","Urosalpinx cinerea (Say, 1822)","Urosalpinx cinerea","(Say, 1822)","GB","Colne Point; Essex","England","PRESENT",NA,"dccfcdcf-d272-45c8-85cb-e3dbf18b8a34",51.776544,1.030923,100,NA,NA,NA,NA,NA,"2022-03-08",8,3,2022,2304415,2304415,"HUMAN_OBSERVATION","","LC000053000A000E","","","Simon Taylor",NA,"https://creativecommons.org/licenses/by-nc/4.0/legalcode","Conchological Society of Great Britain & Ireland","Taylor, S. Simon",NA,NA,2025-06-12 23:44:52.326,"","COORDINATE_ROUNDED;CONTINENT_DERIVED_FROM_COORDINATES;TAXON_MATCH_TAXON_CONCEPT_ID_IGNORED;TAXON_MATCH_TAXON_ID_IGNORED"
4467347403,"e45ea07f-d054-4129-9552-f0c9e6af4019","LC000053000A3HD3","Animalia","Mollusca","Gastropoda","Neogastropoda","Muricidae","Urosalpinx","Urosalpinx cinerea",NA,"SPECIES","Urosalpinx cinerea (Say, 1822)","Urosalpinx cinerea","(Say, 1822)","GB","Maylandsea; Essex","England","PRESENT",NA,"dccfcdcf-d272-45c8-85cb-e3dbf18b8a34",51.698738,0.758002,100,NA,NA,NA,NA,NA,"2023-02-25",25,2,2023,2304415,2304415,"HUMAN_OBSERVATION","","LC000053000A000E","","","Simon Taylor",NA,"https://creativecommons.org/licenses/by-nc/4.0/legalcode","Conchological Society of Great Britain & Ireland","Taylor, S. Simon",NA,NA,2025-06-12 23:45:09.102,"","COORDINATE_ROUNDED;CONTINENT_DERIVED_FROM_COORDINATES;TAXON_MATCH_TAXON_CONCEPT_ID_IGNORED;TAXON_MATCH_TAXON_ID_IGNORED"
4467346475,"e45ea07f-d054-4129-9552-f0c9e6af4019","LC000053000A3HE4","Animalia","Mollusca","Gastropoda","Neogastropoda","Muricidae","Urosalpinx","Urosalpinx cinerea",NA,"SPECIES","Urosalpinx cinerea (Say, 1822)","Urosalpinx cinerea","(Say, 1822)","GB","Seaview foreshore; West Mersea; Essex","England","PRESENT",NA,"dccfcdcf-d272-45c8-85cb-e3dbf18b8a34",51.770607,0.946458,100,NA,NA,NA,NA,NA,"2022-03-04",4,3,2022,2304415,2304415,"HUMAN_OBSERVATION","","LC000053000A000E","","","Simon Taylor",NA,"https://creativecommons.org/licenses/by-nc/4.0/legalcode","Conchological Society of Great Britain & Ireland","Taylor, S. Simon",NA,NA,2025-06-12 23:45:02.269,"","COORDINATE_ROUNDED;CONTINENT_DERIVED_FROM_COORDINATES;TAXON_MATCH_TAXON_CONCEPT_ID_IGNORED;TAXON_MATCH_TAXON_ID_IGNORED"
4467344454,"e45ea07f-d054-4129-9552-f0c9e6af4019","LC000053000A3HF8","Animalia","Mollusca","Gastropoda","Neogastropoda","Muricidae","Urosalpinx","Urosalpinx cinerea",NA,"SPECIES","Urosalpinx cinerea (Say, 1822)","Urosalpinx cinerea","(Say, 1822)","GB","Colne Point; Essex","England","PRESENT",NA,"dccfcdcf-d272-45c8-85cb-e3dbf18b8a34",51.775609,1.03231,100,NA,NA,NA,NA,NA,"2021-12-13",13,12,2021,2304415,2304415,"HUMAN_OBSERVATION","","LC000053000A000E","","","Simon Taylor",NA,"https://creativecommons.org/licenses/by-nc/4.0/legalcode","Conchological Society of Great Britain & Ireland","Taylor, S. Simon",NA,NA,2025-06-12 23:44:59.246,"","COORDINATE_ROUNDED;CONTINENT_DERIVED_FROM_COORDINATES;TAXON_MATCH_TAXON_CONCEPT_ID_IGNORED;TAXON_MATCH_TAXON_ID_IGNORED"
4467337658,"e45ea07f-d054-4129-9552-f0c9e6af4019","LC000053000A3HDQ","Animalia","Mollusca","Gastropoda","Neogastropoda","Muricidae","Urosalpinx","Urosalpinx cinerea",NA,"SPECIES","Urosalpinx cinerea (Say, 1822)","Urosalpinx cinerea","(Say, 1822)","GB","St. Peter's Flat; Bradwell on Sea; Essex","England","PRESENT",NA,"dccfcdcf-d272-45c8-85cb-e3dbf18b8a34",51.735625,0.942732,100,NA,NA,NA,NA,NA,"2023-02-25",25,2,2023,2304415,2304415,"HUMAN_OBSERVATION","","LC000053000A000E","","","Simon Taylor",NA,"https://creativecommons.org/licenses/by-nc/4.0/legalcode","Conchological Society of Great Britain & Ireland","Taylor, S. Simon",NA,NA,2025-06-12 23:45:06.538,"","COORDINATE_ROUNDED;CONTINENT_DERIVED_FROM_COORDINATES;TAXON_MATCH_TAXON_CONCEPT_ID_IGNORED;TAXON_MATCH_TAXON_ID_IGNORED"
4465660453,"50c9509d-22c7-4a22-a47d-8c48425ef4a7","https://www.inaturalist.org/observations/192868504","Animalia","Mollusca","Gastropoda","Neogastropoda","Muricidae","Urosalpinx","Urosalpinx cinerea",NA,"SPECIES","Urosalpinx cinerea (Say, 1822)","Urosalpinx cinerea","","US","","Connecticut","PRESENT",NA,"28eb1a3f-1c15-4a95-931a-4af90ecb574d",41.251414,-72.545606,681,NA,NA,NA,NA,NA,"2023-12-02T14:39:51",2,12,2023,2304415,2304415,"HUMAN_OBSERVATION","iNaturalist","Observations","192868504","","d_bellethorne",2023-12-02 23:41:16,"CC_BY_NC_4_0","d_bellethorne","d_bellethorne",NA,NA,2025-06-07 00:42:06.321,"StillImage","COORDINATE_ROUNDED;CONTINENT_DERIVED_FROM_COORDINATES;TAXON_MATCH_TAXON_ID_IGNORED"
4465515680,"50c9509d-22c7-4a22-a47d-8c48425ef4a7","https://www.inaturalist.org/observations/193539163","Animalia","Mollusca","Gastropoda","Neogastropoda","Muricidae","Urosalpinx","Urosalpinx cinerea",NA,"SPECIES","Urosalpinx cinerea (Say, 1822)","Urosalpinx cinerea","","US","","New York","PRESENT",NA,"28eb1a3f-1c15-4a95-931a-4af90ecb574d",41.042331,-72.316605,287,NA,NA,NA,NA,NA,"2023-12-09T12:02:15",9,12,2023,2304415,2304415,"HUMAN_OBSERVATION","iNaturalist","Observations","193539163","","hzirlin",2023-12-09 23:00:00,"CC_BY_NC_4_0","hzirlin","hzirlin",NA,NA,2025-06-06 23:59:30.465,"StillImage","COORDINATE_ROUNDED;CONTINENT_DERIVED_FROM_COORDINATES;TAXON_MATCH_TAXON_ID_IGNORED"
4465460408,"50c9509d-22c7-4a22-a47d-8c48425ef4a7","https://www.inaturalist.org/observations/191971368","Animalia","Mollusca","Gastropoda","Neogastropoda","Muricidae","Urosalpinx","Urosalpinx cinerea",NA,"SPECIES","Urosalpinx cinerea (Say, 1822)","Urosalpinx cinerea","","US","","Connecticut","PRESENT",NA,"28eb1a3f-1c15-4a95-931a-4af90ecb574d",41.17499,-73.098333,19,NA,NA,NA,NA,NA,"2023-11-24T13:53:34",24,11,2023,2304415,2304415,"HUMAN_OBSERVATION","iNaturalist","Observations","191971368","","Nina Lester Finley",2023-11-24 18:55:40,"CC_BY_NC_4_0","Nina Lester Finley","Nina Lester Finley",NA,NA,2025-06-07 02:59:57.761,"StillImage","COORDINATE_ROUNDED;CONTINENT_DERIVED_FROM_COORDINATES;TAXON_MATCH_TAXON_ID_IGNORED"
4465449511,"50c9509d-22c7-4a22-a47d-8c48425ef4a7","https://www.inaturalist.org/observations/193120635","Animalia","Mollusca","Gastropoda","Neogastropoda","Muricidae","Urosalpinx","Urosalpinx cinerea",NA,"SPECIES","Urosalpinx cinerea (Say, 1822)","Urosalpinx cinerea","","US","","Connecticut","PRESENT",NA,"28eb1a3f-1c15-4a95-931a-4af90ecb574d",41.311772,-72.148186,3,NA,NA,NA,NA,NA,"2023-12-04T14:34:49",4,12,2023,2304415,2304415,"HUMAN_OBSERVATION","iNaturalist","Observations","193120635","","Sawyer Baran",2023-12-05 12:43:23,"CC_BY_4_0","Sawyer Baran","Sawyer Baran",NA,NA,2025-06-07 00:12:28.224,"StillImage","COORDINATE_ROUNDED;CONTINENT_DERIVED_FROM_COORDINATES;TAXON_MATCH_TAXON_ID_IGNORED"
4460646064,"8a863029-f435-446a-821e-275f4f641165","https://observation.org/observation/289545962","Animalia","Mollusca","Gastropoda","Neogastropoda","Muricidae","Urosalpinx","Urosalpinx cinerea",NA,"SPECIES","Urosalpinx cinerea (Say, 1822)","Urosalpinx cinerea","","NL","Ouwerkerk - Slikken van Viane","Zeeland","PRESENT",2,"c8d737e0-2ff8-42e8-b8fc-6b805d26fc5f",51.6,4,5000,NA,NA,NA,NA,NA,"2023-10-03",3,10,2023,2304415,2304415,"HUMAN_OBSERVATION","","","","","",NA,"CC_BY_NC_4_0","Stichting Observation International","User 192733",NA,NA,2025-06-12 14:45:24.456,"StillImage",""
4458575865,"50c9509d-22c7-4a22-a47d-8c48425ef4a7","https://www.inaturalist.org/observations/164641080","Animalia","Mollusca","Gastropoda","Neogastropoda","Muricidae","Urosalpinx","Urosalpinx cinerea",NA,"SPECIES","Urosalpinx cinerea (Say, 1822)","Urosalpinx cinerea","","US","","South Carolina","PRESENT",NA,"28eb1a3f-1c15-4a95-931a-4af90ecb574d",32.767841,-79.816195,8,NA,NA,NA,NA,NA,"2023-05-30T11:23:33",30,5,2023,2304415,2304415,"HUMAN_OBSERVATION","iNaturalist","Observations","164641080","","Kate Martin",2023-05-30 15:23:51,"CC_BY_NC_4_0","Kate Martin","Kate Martin",NA,NA,2025-06-07 02:42:49.162,"StillImage","COORDINATE_ROUNDED;CONTINENT_DERIVED_FROM_COORDINATES;TAXON_MATCH_TAXON_ID_IGNORED"
4453677128,"50c9509d-22c7-4a22-a47d-8c48425ef4a7","https://www.inaturalist.org/observations/188532477","Animalia","Mollusca","Gastropoda","Neogastropoda","Muricidae","Urosalpinx","Urosalpinx cinerea",NA,"SPECIES","Urosalpinx cinerea (Say, 1822)","Urosalpinx cinerea","","US","","Connecticut","PRESENT",NA,"28eb1a3f-1c15-4a95-931a-4af90ecb574d",41.028703,-73.54767,1038,NA,NA,NA,NA,NA,"2023-04-04T13:00",4,4,2023,2304415,2304415,"HUMAN_OBSERVATION","iNaturalist","Observations","188532477","","Izzy Ibarra",2023-10-22 16:01:45,"CC_BY_NC_4_0","Izzy Ibarra","Izzy Ibarra",NA,NA,2025-06-07 01:57:44.786,"StillImage","COORDINATE_ROUNDED;CONTINENT_DERIVED_FROM_COORDINATES;TAXON_MATCH_TAXON_ID_IGNORED"
4440792168,"50c9509d-22c7-4a22-a47d-8c48425ef4a7","https://www.inaturalist.org/observations/189279957","Animalia","Mollusca","Gastropoda","Neogastropoda","Muricidae","Urosalpinx","Urosalpinx cinerea",NA,"SPECIES","Urosalpinx cinerea (Say, 1822)","Urosalpinx cinerea","","US","","New Jersey","PRESENT",NA,"28eb1a3f-1c15-4a95-931a-4af90ecb574d",40.40681,-73.975571,NA,NA,NA,NA,NA,NA,"2023-10-28T12:57:32",28,10,2023,2304415,2304415,"HUMAN_OBSERVATION","iNaturalist","Observations","189279957","","rkluzco",2023-10-28 22:07:46,"CC_BY_NC_4_0","rkluzco","rkluzco",NA,NA,2025-06-07 02:03:09.818,"StillImage","COORDINATE_ROUNDED;CONTINENT_DERIVED_FROM_COORDINATES;TAXON_MATCH_TAXON_ID_IGNORED"
4440603592,"50c9509d-22c7-4a22-a47d-8c48425ef4a7","https://www.inaturalist.org/observations/134821547","Animalia","Mollusca","Gastropoda","Neogastropoda","Muricidae","Urosalpinx","Urosalpinx cinerea",NA,"SPECIES","Urosalpinx cinerea (Say, 1822)","Urosalpinx cinerea","","US","","South Carolina","PRESENT",NA,"28eb1a3f-1c15-4a95-931a-4af90ecb574d",32.265744,-80.632383,NA,NA,NA,NA,NA,NA,"2022-09-12T18:37:39",12,9,2022,2304415,2304415,"HUMAN_OBSERVATION","iNaturalist","Observations","134821547","","Olivia Kneebone",2023-11-09 14:28:16,"CC_BY_NC_4_0","Priscilla Titus","Priscilla Titus",NA,NA,2025-06-07 00:05:46.691,"StillImage","COORDINATE_ROUNDED;CONTINENT_DERIVED_FROM_COORDINATES;TAXON_MATCH_TAXON_ID_IGNORED"
4438744793,"50c9509d-22c7-4a22-a47d-8c48425ef4a7","https://www.inaturalist.org/observations/168731270","Animalia","Mollusca","Gastropoda","Neogastropoda","Muricidae","Urosalpinx","Urosalpinx cinerea",NA,"SPECIES","Urosalpinx cinerea (Say, 1822)","Urosalpinx cinerea","","US","","New York","PRESENT",NA,"28eb1a3f-1c15-4a95-931a-4af90ecb574d",40.58281,-73.921384,5,NA,NA,NA,NA,NA,"2023-06-21T13:29:19",21,6,2023,2304415,2304415,"HUMAN_OBSERVATION","iNaturalist","Observations","168731270","","Susan J. Hewitt",2023-06-21 22:09:57,"CC_BY_NC_4_0","Susan J. Hewitt","Susan J. Hewitt",NA,NA,2025-06-07 01:25:28.729,"StillImage","COORDINATE_ROUNDED;CONTINENT_DERIVED_FROM_COORDINATES;TAXON_MATCH_TAXON_ID_IGNORED"
4431125595,"50c9509d-22c7-4a22-a47d-8c48425ef4a7","https://www.inaturalist.org/observations/187702762","Animalia","Mollusca","Gastropoda","Neogastropoda","Muricidae","Urosalpinx","Urosalpinx cinerea",NA,"SPECIES","Urosalpinx cinerea (Say, 1822)","Urosalpinx cinerea","","US","","California","PRESENT",NA,"28eb1a3f-1c15-4a95-931a-4af90ecb574d",37.559544,-122.247382,4,NA,NA,NA,NA,NA,"2023-10-15T15:26:49",15,10,2023,2304415,2304415,"HUMAN_OBSERVATION","iNaturalist","Observations","187702762","","Michael Long",2023-10-15 22:27:00,"CC_BY_NC_4_0","Michael Long","Michael Long",NA,NA,2025-06-07 01:58:55.954,"StillImage","COORDINATE_ROUNDED;CONTINENT_DERIVED_FROM_COORDINATES;TAXON_MATCH_TAXON_ID_IGNORED"
4431122131,"50c9509d-22c7-4a22-a47d-8c48425ef4a7","https://www.inaturalist.org/observations/187850278","Animalia","Mollusca","Gastropoda","Neogastropoda","Muricidae","Urosalpinx","Urosalpinx cinerea",NA,"SPECIES","Urosalpinx cinerea (Say, 1822)","Urosalpinx cinerea","","US","","California","PRESENT",NA,"28eb1a3f-1c15-4a95-931a-4af90ecb574d",37.512188,-122.111335,2390,NA,NA,NA,NA,NA,"2023-10-15T17:46",15,10,2023,2304415,2304415,"HUMAN_OBSERVATION","iNaturalist","Observations","187850278","","Parsa Fard",2023-10-17 01:18:02,"CC_BY_4_0","Parsa Fard","Parsa Fard",NA,NA,2025-06-07 02:05:02.612,"StillImage","COORDINATE_ROUNDED;CONTINENT_DERIVED_FROM_COORDINATES;TAXON_MATCH_TAXON_ID_IGNORED"
4431094736,"50c9509d-22c7-4a22-a47d-8c48425ef4a7","https://www.inaturalist.org/observations/187746982","Animalia","Mollusca","Gastropoda","Neogastropoda","Muricidae","Urosalpinx","Urosalpinx cinerea",NA,"SPECIES","Urosalpinx cinerea (Say, 1822)","Urosalpinx cinerea","","US","","California","PRESENT",NA,"28eb1a3f-1c15-4a95-931a-4af90ecb574d",37.510413,-122.111589,3,NA,NA,NA,NA,NA,"2023-10-15T18:56:15",15,10,2023,2304415,2304415,"HUMAN_OBSERVATION","iNaturalist","Observations","187746982","","Parsa Fard",2023-10-16 05:20:29,"CC_BY_4_0","Parsa Fard","Parsa Fard",NA,NA,2025-06-07 00:34:41.238,"StillImage","COORDINATE_ROUNDED;CONTINENT_DERIVED_FROM_COORDINATES;TAXON_MATCH_TAXON_ID_IGNORED"
4431004631,"50c9509d-22c7-4a22-a47d-8c48425ef4a7","https://www.inaturalist.org/observations/186849576","Animalia","Mollusca","Gastropoda","Neogastropoda","Muricidae","Urosalpinx","Urosalpinx cinerea",NA,"SPECIES","Urosalpinx cinerea (Say, 1822)","Urosalpinx cinerea","","US","","Maryland","PRESENT",NA,"28eb1a3f-1c15-4a95-931a-4af90ecb574d",38.336116,-75.087962,70,NA,NA,NA,NA,NA,"2023-10-04T18:22",4,10,2023,2304415,2304415,"HUMAN_OBSERVATION","iNaturalist","Observations","186849576","","Jim Moore (Maryland)",2023-10-09 14:09:23,"CC_BY_NC_4_0","Jim Moore (Maryland)","Jim Moore (Maryland)",NA,NA,2025-06-07 00:47:00.33,"StillImage","COORDINATE_ROUNDED;CONTINENT_DERIVED_FROM_COORDINATES;TAXON_MATCH_TAXON_ID_IGNORED"
4430632591,"50c9509d-22c7-4a22-a47d-8c48425ef4a7","https://www.inaturalist.org/observations/187702966","Animalia","Mollusca","Gastropoda","Neogastropoda","Muricidae","Urosalpinx","Urosalpinx cinerea",NA,"SPECIES","Urosalpinx cinerea (Say, 1822)","Urosalpinx cinerea","","US","","California","PRESENT",NA,"28eb1a3f-1c15-4a95-931a-4af90ecb574d",37.55955,-122.247384,4,NA,NA,NA,NA,NA,"2023-10-15T15:28:43",15,10,2023,2304415,2304415,"HUMAN_OBSERVATION","iNaturalist","Observations","187702966","","Michael Long",2023-10-15 22:28:55,"CC_BY_NC_4_0","Michael Long","Michael Long",NA,NA,2025-06-07 02:05:00.944,"StillImage","COORDINATE_ROUNDED;CONTINENT_DERIVED_FROM_COORDINATES;TAXON_MATCH_TAXON_ID_IGNORED"
4424523007,"50c9509d-22c7-4a22-a47d-8c48425ef4a7","https://www.inaturalist.org/observations/184795049","Animalia","Mollusca","Gastropoda","Neogastropoda","Muricidae","Urosalpinx","Urosalpinx cinerea",NA,"SPECIES","Urosalpinx cinerea (Say, 1822)","Urosalpinx cinerea","","US","","Florida","PRESENT",NA,"28eb1a3f-1c15-4a95-931a-4af90ecb574d",30.022594,-81.326228,210,NA,NA,NA,NA,NA,"2023-09-24T21:04",24,9,2023,2304415,2304415,"HUMAN_OBSERVATION","iNaturalist","Observations","184795049","","Chandler Olson",2023-09-25 17:50:40,"CC_BY_NC_4_0","vilanophoto","vilanophoto",NA,NA,2025-06-07 01:06:00.721,"StillImage","COORDINATE_ROUNDED;CONTINENT_DERIVED_FROM_COORDINATES;TAXON_MATCH_TAXON_ID_IGNORED"
4414176627,"50c9509d-22c7-4a22-a47d-8c48425ef4a7","https://www.inaturalist.org/observations/182747439","Animalia","Mollusca","Gastropoda","Neogastropoda","Muricidae","Urosalpinx","Urosalpinx cinerea",NA,"SPECIES","Urosalpinx cinerea (Say, 1822)","Urosalpinx cinerea","","CA","","Nova Scotia","PRESENT",NA,"28eb1a3f-1c15-4a95-931a-4af90ecb574d",45.388367,-64.008527,2088,NA,NA,NA,NA,NA,"2023-09-08T11:42:39",8,9,2023,2304415,2304415,"HUMAN_OBSERVATION","iNaturalist","Observations","182747439","","ipat",2023-09-11 13:28:12,"CC_BY_NC_4_0","mudlarker","mudlarker",NA,NA,2025-06-07 01:13:03.717,"StillImage","COORDINATE_ROUNDED;CONTINENT_DERIVED_FROM_COORDINATES;TAXON_MATCH_TAXON_ID_IGNORED"
4414119679,"50c9509d-22c7-4a22-a47d-8c48425ef4a7","https://www.inaturalist.org/observations/182727516","Animalia","Mollusca","Gastropoda","Neogastropoda","Muricidae","Urosalpinx","Urosalpinx cinerea",NA,"SPECIES","Urosalpinx cinerea (Say, 1822)","Urosalpinx cinerea","","US","","California","PRESENT",NA,"28eb1a3f-1c15-4a95-931a-4af90ecb574d",37.531467,-122.252146,4,NA,NA,NA,NA,NA,"2023-09-10T16:32:38",10,9,2023,2304415,2304415,"HUMAN_OBSERVATION","iNaturalist","Observations","182727516","","Michael Long",2023-09-10 23:32:47,"CC_BY_NC_4_0","Michael Long","Michael Long",NA,NA,2025-06-07 00:44:15.607,"StillImage","COORDINATE_ROUNDED;CONTINENT_DERIVED_FROM_COORDINATES;TAXON_MATCH_TAXON_ID_IGNORED"
4414114711,"50c9509d-22c7-4a22-a47d-8c48425ef4a7","https://www.inaturalist.org/observations/183416288","Animalia","Mollusca","Gastropoda","Neogastropoda","Muricidae","Urosalpinx","Urosalpinx cinerea",NA,"SPECIES","Urosalpinx cinerea (Say, 1822)","Urosalpinx cinerea","","US","","Maine","PRESENT",NA,"28eb1a3f-1c15-4a95-931a-4af90ecb574d",43.853436,-70.027384,4,NA,NA,NA,NA,NA,"2023-09-15T17:36:29",15,9,2023,2304415,2304415,"HUMAN_OBSERVATION","iNaturalist","Observations","183416288","","Drew Villeneuve",2023-09-15 21:37:19,"CC_BY_NC_4_0","Drew Villeneuve","Drew Villeneuve",NA,NA,2025-06-07 01:03:52.78,"StillImage","COORDINATE_ROUNDED;CONTINENT_DERIVED_FROM_COORDINATES;TAXON_MATCH_TAXON_ID_IGNORED"
4414070856,"50c9509d-22c7-4a22-a47d-8c48425ef4a7","https://www.inaturalist.org/observations/182724936","Animalia","Mollusca","Gastropoda","Neogastropoda","Muricidae","Urosalpinx","Urosalpinx cinerea",NA,"SPECIES","Urosalpinx cinerea (Say, 1822)","Urosalpinx cinerea","","US","","California","PRESENT",NA,"28eb1a3f-1c15-4a95-931a-4af90ecb574d",37.529505,-122.255047,6,NA,NA,NA,NA,NA,"2023-09-10T16:12:51",10,9,2023,2304415,2304415,"HUMAN_OBSERVATION","iNaturalist","Observations","182724936","","Michael Long",2023-09-10 23:13:18,"CC_BY_NC_4_0","Michael Long","Michael Long",NA,NA,2025-06-07 00:49:48.969,"StillImage","COORDINATE_ROUNDED;CONTINENT_DERIVED_FROM_COORDINATES;TAXON_MATCH_TAXON_ID_IGNORED"
4414057118,"50c9509d-22c7-4a22-a47d-8c48425ef4a7","https://www.inaturalist.org/observations/183605763","Animalia","Mollusca","Gastropoda","Neogastropoda","Muricidae","Urosalpinx","Urosalpinx cinerea",NA,"SPECIES","Urosalpinx cinerea (Say, 1822)","Urosalpinx cinerea","","US","","New Jersey","PRESENT",NA,"28eb1a3f-1c15-4a95-931a-4af90ecb574d",39.5086,-74.323188,23,NA,NA,NA,NA,NA,"2023-09-16T21:35:54",16,9,2023,2304415,2304415,"HUMAN_OBSERVATION","iNaturalist","Observations","183605763","","gwt2102",2023-09-17 02:12:15,"CC_BY_NC_4_0","gwt2102","gwt2102",NA,NA,2025-06-07 00:56:50.079,"StillImage","COORDINATE_ROUNDED;CONTINENT_DERIVED_FROM_COORDINATES;TAXON_MATCH_TAXON_ID_IGNORED"
4414000487,"50c9509d-22c7-4a22-a47d-8c48425ef4a7","https://www.inaturalist.org/observations/182502814","Animalia","Mollusca","Gastropoda","Neogastropoda","Muricidae","Urosalpinx","Urosalpinx cinerea",NA,"SPECIES","Urosalpinx cinerea (Say, 1822)","Urosalpinx cinerea","","US","","California","PRESENT",NA,"28eb1a3f-1c15-4a95-931a-4af90ecb574d",37.509487,-122.112747,4,NA,NA,NA,NA,NA,"2023-09-09T10:24:47",9,9,2023,2304415,2304415,"HUMAN_OBSERVATION","iNaturalist","Observations","182502814","","joescience1",2023-09-09 17:53:54,"CC_BY_NC_4_0","joescience1","joescience1",NA,NA,2025-06-07 02:09:01.1,"StillImage","COORDINATE_ROUNDED;CONTINENT_DERIVED_FROM_COORDINATES;TAXON_MATCH_TAXON_ID_IGNORED"
4413916419,"50c9509d-22c7-4a22-a47d-8c48425ef4a7","https://www.inaturalist.org/observations/183699192","Animalia","Mollusca","Gastropoda","Neogastropoda","Muricidae","Urosalpinx","Urosalpinx cinerea",NA,"SPECIES","Urosalpinx cinerea (Say, 1822)","Urosalpinx cinerea","","CA","","Nova Scotia","PRESENT",NA,"28eb1a3f-1c15-4a95-931a-4af90ecb574d",45.110089,-64.230408,14,NA,NA,NA,NA,NA,"2023-09-17T11:54:27",17,9,2023,2304415,2304415,"HUMAN_OBSERVATION","iNaturalist","Observations","183699192","","Ian Manning",2023-09-17 17:24:12,"CC_BY_4_0","Ian Manning","Ian Manning",NA,NA,2025-06-07 01:55:49.202,"StillImage","COORDINATE_ROUNDED;CONTINENT_DERIVED_FROM_COORDINATES;TAXON_MATCH_TAXON_ID_IGNORED"
4413769011,"50c9509d-22c7-4a22-a47d-8c48425ef4a7","https://www.inaturalist.org/observations/182271282","Animalia","Mollusca","Gastropoda","Neogastropoda","Muricidae","Urosalpinx","Urosalpinx cinerea",NA,"SPECIES","Urosalpinx cinerea (Say, 1822)","Urosalpinx cinerea","","US","","Massachusetts","PRESENT",NA,"28eb1a3f-1c15-4a95-931a-4af90ecb574d",41.865107,-69.99113,3042,NA,NA,NA,NA,NA,"2022-06-12T13:47",12,6,2022,2304415,2304415,"HUMAN_OBSERVATION","iNaturalist","Observations","182271282","","Alex Shure",2023-09-08 11:30:06,"CC_BY_NC_4_0","D. Bray","D. Bray",NA,NA,2025-06-07 02:55:21.489,"StillImage","COORDINATE_ROUNDED;CONTINENT_DERIVED_FROM_COORDINATES;TAXON_MATCH_TAXON_ID_IGNORED"
4413710433,"50c9509d-22c7-4a22-a47d-8c48425ef4a7","https://www.inaturalist.org/observations/182079198","Animalia","Mollusca","Gastropoda","Neogastropoda","Muricidae","Urosalpinx","Urosalpinx cinerea",NA,"SPECIES","Urosalpinx cinerea (Say, 1822)","Urosalpinx cinerea","","US","","Massachusetts","PRESENT",NA,"28eb1a3f-1c15-4a95-931a-4af90ecb574d",41.57564,-70.641133,198,NA,NA,NA,NA,NA,"2023-09-06T13:44",6,9,2023,2304415,2304415,"HUMAN_OBSERVATION","iNaturalist","Observations","182079198","","natalie1233_",2023-09-06 18:00:34,"CC_BY_NC_4_0","natalie1233_","natalie1233_",NA,NA,2025-06-07 01:15:56.194,"StillImage","COORDINATE_ROUNDED;CONTINENT_DERIVED_FROM_COORDINATES;TAXON_MATCH_TAXON_ID_IGNORED"
4413668947,"50c9509d-22c7-4a22-a47d-8c48425ef4a7","https://www.inaturalist.org/observations/183795718","Animalia","Mollusca","Gastropoda","Neogastropoda","Muricidae","Urosalpinx","Urosalpinx cinerea",NA,"SPECIES","Urosalpinx cinerea (Say, 1822)","Urosalpinx cinerea","","US","","California","PRESENT",NA,"28eb1a3f-1c15-4a95-931a-4af90ecb574d",37.509838,-122.110794,3,NA,NA,NA,NA,NA,"2023-09-17T08:03:32",17,9,2023,2304415,2304415,"HUMAN_OBSERVATION","iNaturalist","Observations","183795718","","Parsa Fard",2023-09-18 03:28:40,"CC_BY_4_0","Parsa Fard","Parsa Fard",NA,NA,2025-06-07 00:37:46.208,"StillImage","COORDINATE_ROUNDED;CONTINENT_DERIVED_FROM_COORDINATES;TAXON_MATCH_TAXON_ID_IGNORED"
4413584956,"50c9509d-22c7-4a22-a47d-8c48425ef4a7","https://www.inaturalist.org/observations/182725072","Animalia","Mollusca","Gastropoda","Neogastropoda","Muricidae","Urosalpinx","Urosalpinx cinerea",NA,"SPECIES","Urosalpinx cinerea (Say, 1822)","Urosalpinx cinerea","","US","","California","PRESENT",NA,"28eb1a3f-1c15-4a95-931a-4af90ecb574d",37.52954,-122.25504,8,NA,NA,NA,NA,NA,"2023-09-10T16:13:53",10,9,2023,2304415,2304415,"HUMAN_OBSERVATION","iNaturalist","Observations","182725072","","Michael Long",2023-09-10 23:14:25,"CC_BY_NC_4_0","Michael Long","Michael Long",NA,NA,2025-06-07 02:45:24.193,"StillImage","COORDINATE_ROUNDED;CONTINENT_DERIVED_FROM_COORDINATES;TAXON_MATCH_TAXON_ID_IGNORED"
4413386939,"50c9509d-22c7-4a22-a47d-8c48425ef4a7","https://www.inaturalist.org/observations/182727471","Animalia","Mollusca","Gastropoda","Neogastropoda","Muricidae","Urosalpinx","Urosalpinx cinerea",NA,"SPECIES","Urosalpinx cinerea (Say, 1822)","Urosalpinx cinerea","","US","","California","PRESENT",NA,"28eb1a3f-1c15-4a95-931a-4af90ecb574d",37.531453,-122.252127,5,NA,NA,NA,NA,NA,"2023-09-10T16:31:36",10,9,2023,2304415,2304415,"HUMAN_OBSERVATION","iNaturalist","Observations","182727471","","Michael Long",2023-09-10 23:32:20,"CC_BY_NC_4_0","Michael Long","Michael Long",NA,NA,2025-06-07 01:30:11.999,"StillImage","COORDINATE_ROUNDED;CONTINENT_DERIVED_FROM_COORDINATES;TAXON_MATCH_TAXON_ID_IGNORED"
4407472784,"50c9509d-22c7-4a22-a47d-8c48425ef4a7","https://www.inaturalist.org/observations/181389832","Animalia","Mollusca","Gastropoda","Neogastropoda","Muricidae","Urosalpinx","Urosalpinx cinerea",NA,"SPECIES","Urosalpinx cinerea (Say, 1822)","Urosalpinx cinerea","","US","","Massachusetts","PRESENT",NA,"28eb1a3f-1c15-4a95-931a-4af90ecb574d",41.576739,-70.642733,126,NA,NA,NA,NA,NA,"2023-08-31T16:48:26",31,8,2023,2304415,2304415,"HUMAN_OBSERVATION","iNaturalist","Observations","181389832","","sbg123",2023-09-02 15:19:07,"CC_BY_NC_4_0","sbg123","sbg123",NA,NA,2025-06-07 00:52:33.696,"StillImage","COORDINATE_ROUNDED;CONTINENT_DERIVED_FROM_COORDINATES;TAXON_MATCH_TAXON_ID_IGNORED"
4407436359,"50c9509d-22c7-4a22-a47d-8c48425ef4a7","https://www.inaturalist.org/observations/181465738","Animalia","Mollusca","Gastropoda","Neogastropoda","Muricidae","Urosalpinx","Urosalpinx cinerea",NA,"SPECIES","Urosalpinx cinerea (Say, 1822)","Urosalpinx cinerea","","US","","New York","PRESENT",NA,"28eb1a3f-1c15-4a95-931a-4af90ecb574d",41.042267,-71.975862,36,NA,NA,NA,NA,NA,"2023-09-02T14:55:06",2,9,2023,2304415,2304415,"HUMAN_OBSERVATION","iNaturalist","Observations","181465738","","bennett-s",2023-09-02 22:37:49,"CC_BY_NC_4_0","bennett-s","bennett-s",NA,NA,2025-06-07 00:49:57.598,"StillImage","COORDINATE_ROUNDED;CONTINENT_DERIVED_FROM_COORDINATES;TAXON_MATCH_TAXON_ID_IGNORED"
4407341723,"50c9509d-22c7-4a22-a47d-8c48425ef4a7","https://www.inaturalist.org/observations/179572862","Animalia","Mollusca","Gastropoda","Neogastropoda","Muricidae","Urosalpinx","Urosalpinx cinerea",NA,"SPECIES","Urosalpinx cinerea (Say, 1822)","Urosalpinx cinerea","","US","","Massachusetts","PRESENT",NA,"28eb1a3f-1c15-4a95-931a-4af90ecb574d",41.928895,-70.04625,4,NA,NA,NA,NA,NA,"2023-08-21T09:08:02",21,8,2023,2304415,2304415,"HUMAN_OBSERVATION","iNaturalist","Observations","179572862","","gwt2102",2023-08-21 19:45:03,"CC_BY_NC_4_0","gwt2102","gwt2102",NA,NA,2025-06-07 01:58:42.608,"StillImage","CONTINENT_DERIVED_FROM_COORDINATES;TAXON_MATCH_TAXON_ID_IGNORED"
4407188050,"50c9509d-22c7-4a22-a47d-8c48425ef4a7","https://www.inaturalist.org/observations/180960630","Animalia","Mollusca","Gastropoda","Neogastropoda","Muricidae","Urosalpinx","Urosalpinx cinerea",NA,"SPECIES","Urosalpinx cinerea (Say, 1822)","Urosalpinx cinerea","","US","","Massachusetts","PRESENT",NA,"28eb1a3f-1c15-4a95-931a-4af90ecb574d",41.954601,-70.076476,133,NA,NA,NA,NA,NA,"2023-08-24T18:43:28",24,8,2023,2304415,2304415,"HUMAN_OBSERVATION","iNaturalist","Observations","180960630","","gwt2102",2023-08-30 19:53:29,"CC_BY_NC_4_0","gwt2102","gwt2102",NA,NA,2025-06-07 00:20:35.309,"StillImage","COORDINATE_ROUNDED;CONTINENT_DERIVED_FROM_COORDINATES;TAXON_MATCH_TAXON_ID_IGNORED"
4407175195,"50c9509d-22c7-4a22-a47d-8c48425ef4a7","https://www.inaturalist.org/observations/181054175","Animalia","Mollusca","Gastropoda","Neogastropoda","Muricidae","Urosalpinx","Urosalpinx cinerea",NA,"SPECIES","Urosalpinx cinerea (Say, 1822)","Urosalpinx cinerea","","US","","Massachusetts","PRESENT",NA,"28eb1a3f-1c15-4a95-931a-4af90ecb574d",41.575417,-70.641178,49,NA,NA,NA,NA,NA,"2023-08-30T14:00",30,8,2023,2304415,2304415,"HUMAN_OBSERVATION","iNaturalist","Observations","181054175","","cnflynn",2023-08-31 15:19:53,"CC_BY_NC_4_0","cnflynn","cnflynn",NA,NA,2025-06-07 00:21:47.728,"StillImage","COORDINATE_ROUNDED;CONTINENT_DERIVED_FROM_COORDINATES;TAXON_MATCH_TAXON_ID_IGNORED"
4407131530,"50c9509d-22c7-4a22-a47d-8c48425ef4a7","https://www.inaturalist.org/observations/138155040","Animalia","Mollusca","Gastropoda","Neogastropoda","Muricidae","Urosalpinx","Urosalpinx cinerea",NA,"SPECIES","Urosalpinx cinerea (Say, 1822)","Urosalpinx cinerea","","US","","New Jersey","PRESENT",NA,"28eb1a3f-1c15-4a95-931a-4af90ecb574d",39.064961,-74.749266,NA,NA,NA,NA,NA,NA,"2022-10-09T10:11:24",9,10,2022,2304415,2304415,"HUMAN_OBSERVATION","iNaturalist","Observations","138155040","","Gary Rosenberg",2023-08-28 14:49:57,"CC_BY_4_0","Ali Campbell","Ali Campbell",NA,NA,2025-06-07 00:07:00.898,"StillImage","COORDINATE_ROUNDED;CONTINENT_DERIVED_FROM_COORDINATES;TAXON_MATCH_TAXON_ID_IGNORED"
4407123811,"50c9509d-22c7-4a22-a47d-8c48425ef4a7","https://www.inaturalist.org/observations/179551694","Animalia","Mollusca","Gastropoda","Neogastropoda","Muricidae","Urosalpinx","Urosalpinx cinerea",NA,"SPECIES","Urosalpinx cinerea (Say, 1822)","Urosalpinx cinerea","","US","","Massachusetts","PRESENT",NA,"28eb1a3f-1c15-4a95-931a-4af90ecb574d",41.930633,-70.04235,4,NA,NA,NA,NA,NA,"2023-08-21T12:22:07",21,8,2023,2304415,2304415,"HUMAN_OBSERVATION","iNaturalist","Observations","179551694","","gwt2102",2023-08-21 17:22:50,"CC_BY_NC_4_0","gwt2102","gwt2102",NA,NA,2025-06-07 00:11:07.86,"StillImage","COORDINATE_ROUNDED;CONTINENT_DERIVED_FROM_COORDINATES;TAXON_MATCH_TAXON_ID_IGNORED"
4405313229,"50c9509d-22c7-4a22-a47d-8c48425ef4a7","https://www.inaturalist.org/observations/180552527","Animalia","Mollusca","Gastropoda","Neogastropoda","Muricidae","Urosalpinx","Urosalpinx cinerea",NA,"SPECIES","Urosalpinx cinerea (Say, 1822)","Urosalpinx cinerea","","CA","","Nova Scotia","PRESENT",NA,"28eb1a3f-1c15-4a95-931a-4af90ecb574d",45.311229,-63.807032,229,NA,NA,NA,NA,NA,"2023-08-25T14:39:15",25,8,2023,2304415,2304415,"HUMAN_OBSERVATION","iNaturalist","Observations","180552527","","Suzanne",2023-08-28 01:24:06,"CC_BY_NC_4_0","Suzanne","Suzanne",NA,NA,2025-06-07 02:59:06.396,"StillImage","COORDINATE_ROUNDED;CONTINENT_DERIVED_FROM_COORDINATES;TAXON_MATCH_TAXON_ID_IGNORED"
4405191547,"50c9509d-22c7-4a22-a47d-8c48425ef4a7","https://www.inaturalist.org/observations/179917281","Animalia","Mollusca","Gastropoda","Neogastropoda","Muricidae","Urosalpinx","Urosalpinx cinerea",NA,"SPECIES","Urosalpinx cinerea (Say, 1822)","Urosalpinx cinerea","","US","","Delaware","PRESENT",NA,"28eb1a3f-1c15-4a95-931a-4af90ecb574d",38.788463,-75.102538,190,NA,NA,NA,NA,NA,"2020-11-21T15:30",21,11,2020,2304415,2304415,"HUMAN_OBSERVATION","iNaturalist","Observations","179917281","","bev435",2023-08-24 02:33:33,"CC_BY_NC_4_0","bev435","bev435",NA,NA,2025-06-07 00:55:49.619,"StillImage","COORDINATE_ROUNDED;CONTINENT_DERIVED_FROM_COORDINATES;TAXON_MATCH_TAXON_ID_IGNORED"
4405183996,"50c9509d-22c7-4a22-a47d-8c48425ef4a7","https://www.inaturalist.org/observations/179689369","Animalia","Mollusca","Gastropoda","Neogastropoda","Muricidae","Urosalpinx","Urosalpinx cinerea",NA,"SPECIES","Urosalpinx cinerea (Say, 1822)","Urosalpinx cinerea","","US","","Massachusetts","PRESENT",NA,"28eb1a3f-1c15-4a95-931a-4af90ecb574d",41.930092,-70.039444,4,NA,NA,NA,NA,NA,"2023-08-22T10:22:19",22,8,2023,2304415,2304415,"HUMAN_OBSERVATION","iNaturalist","Observations","179689369","","gwt2102",2023-08-22 15:25:56,"CC_BY_NC_4_0","gwt2102","gwt2102",NA,NA,2025-06-07 00:51:53.6,"StillImage","COORDINATE_ROUNDED;CONTINENT_DERIVED_FROM_COORDINATES;TAXON_MATCH_TAXON_ID_IGNORED"
4405169821,"50c9509d-22c7-4a22-a47d-8c48425ef4a7","https://www.inaturalist.org/observations/179689516","Animalia","Mollusca","Gastropoda","Neogastropoda","Muricidae","Urosalpinx","Urosalpinx cinerea",NA,"SPECIES","Urosalpinx cinerea (Say, 1822)","Urosalpinx cinerea","","US","","Massachusetts","PRESENT",NA,"28eb1a3f-1c15-4a95-931a-4af90ecb574d",41.929988,-70.039269,7,NA,NA,NA,NA,NA,"2023-08-22T10:20:28",22,8,2023,2304415,2304415,"HUMAN_OBSERVATION","iNaturalist","Observations","179689516","","gwt2102",2023-08-22 15:27:13,"CC_BY_NC_4_0","gwt2102","gwt2102",NA,NA,2025-06-07 00:08:30.882,"StillImage","COORDINATE_ROUNDED;CONTINENT_DERIVED_FROM_COORDINATES;TAXON_MATCH_TAXON_ID_IGNORED"
4405085955,"50c9509d-22c7-4a22-a47d-8c48425ef4a7","https://www.inaturalist.org/observations/179689431","Animalia","Mollusca","Gastropoda","Neogastropoda","Muricidae","Urosalpinx","Urosalpinx cinerea",NA,"SPECIES","Urosalpinx cinerea (Say, 1822)","Urosalpinx cinerea","","US","","Massachusetts","PRESENT",NA,"28eb1a3f-1c15-4a95-931a-4af90ecb574d",41.930625,-70.038611,48,NA,NA,NA,NA,NA,"2023-08-22T10:22:05",22,8,2023,2304415,2304415,"HUMAN_OBSERVATION","iNaturalist","Observations","179689431","","gwt2102",2023-08-22 15:26:23,"CC_BY_NC_4_0","gwt2102","gwt2102",NA,NA,2025-06-07 00:30:09.585,"StillImage","COORDINATE_ROUNDED;CONTINENT_DERIVED_FROM_COORDINATES;TAXON_MATCH_TAXON_ID_IGNORED"
4400326216,"50c9509d-22c7-4a22-a47d-8c48425ef4a7","https://www.inaturalist.org/observations/178736245","Animalia","Mollusca","Gastropoda","Neogastropoda","Muricidae","Urosalpinx","Urosalpinx cinerea",NA,"SPECIES","Urosalpinx cinerea (Say, 1822)","Urosalpinx cinerea","","US","","Rhode Island","PRESENT",NA,"28eb1a3f-1c15-4a95-931a-4af90ecb574d",41.395256,-71.464264,7,NA,NA,NA,NA,NA,"2023-08-01T13:45",1,8,2023,2304415,2304415,"HUMAN_OBSERVATION","iNaturalist","Observations","178736245","","Fernando P. Lima",2023-08-16 19:59:12,"CC_BY_NC_4_0","Fernando P. Lima","Fernando P. Lima",NA,NA,2025-06-07 02:54:19.382,"StillImage","COORDINATE_ROUNDED;CONTINENT_DERIVED_FROM_COORDINATES;TAXON_MATCH_TAXON_ID_IGNORED"
4400262725,"50c9509d-22c7-4a22-a47d-8c48425ef4a7","https://www.inaturalist.org/observations/179056968","Animalia","Mollusca","Gastropoda","Neogastropoda","Muricidae","Urosalpinx","Urosalpinx cinerea",NA,"SPECIES","Urosalpinx cinerea (Say, 1822)","Urosalpinx cinerea","","US","","Connecticut","PRESENT",NA,"28eb1a3f-1c15-4a95-931a-4af90ecb574d",41.348963,-72.097664,4,NA,NA,NA,NA,NA,"2023-08-18T17:56:48",18,8,2023,2304415,2304415,"HUMAN_OBSERVATION","iNaturalist","Observations","179056968","","Bobby McCabe",2023-08-18 22:16:09,"CC_BY_4_0","Bobby McCabe","Bobby McCabe",NA,NA,2025-06-07 01:41:48.778,"StillImage","COORDINATE_ROUNDED;CONTINENT_DERIVED_FROM_COORDINATES;TAXON_MATCH_TAXON_ID_IGNORED"
4400257288,"50c9509d-22c7-4a22-a47d-8c48425ef4a7","https://www.inaturalist.org/observations/179738411","Animalia","Mollusca","Gastropoda","Neogastropoda","Muricidae","Urosalpinx","Urosalpinx cinerea",NA,"SPECIES","Urosalpinx cinerea (Say, 1822)","Urosalpinx cinerea","","US","","Massachusetts","PRESENT",NA,"28eb1a3f-1c15-4a95-931a-4af90ecb574d",41.929778,-70.041825,4,NA,NA,NA,NA,NA,"2023-08-22T09:51:38",22,8,2023,2304415,2304415,"HUMAN_OBSERVATION","iNaturalist","Observations","179738411","","gwt2102",2023-08-22 21:13:04,"CC_BY_NC_4_0","gwt2102","gwt2102",NA,NA,2025-06-07 00:08:07.606,"StillImage","COORDINATE_ROUNDED;CONTINENT_DERIVED_FROM_COORDINATES;TAXON_MATCH_TAXON_ID_IGNORED"
4400033376,"50c9509d-22c7-4a22-a47d-8c48425ef4a7","https://www.inaturalist.org/observations/179096694","Animalia","Mollusca","Gastropoda","Neogastropoda","Muricidae","Urosalpinx","Urosalpinx cinerea",NA,"SPECIES","Urosalpinx cinerea (Say, 1822)","Urosalpinx cinerea","","US","","Rhode Island","PRESENT",NA,"28eb1a3f-1c15-4a95-931a-4af90ecb574d",41.399924,-71.464679,167,NA,NA,NA,NA,NA,"2023-08-17T17:05:12",17,8,2023,2304415,2304415,"HUMAN_OBSERVATION","iNaturalist","Observations","179096694","","sheilamp",2023-08-19 04:27:46,"CC_BY_NC_4_0","sheilamp","sheilamp",NA,NA,2025-06-07 00:07:34.602,"StillImage","COORDINATE_ROUNDED;CONTINENT_DERIVED_FROM_COORDINATES;TAXON_MATCH_TAXON_ID_IGNORED"
4399951028,"50c9509d-22c7-4a22-a47d-8c48425ef4a7","https://www.inaturalist.org/observations/179566813","Animalia","Mollusca","Gastropoda","Neogastropoda","Muricidae","Urosalpinx","Urosalpinx cinerea",NA,"SPECIES","Urosalpinx cinerea (Say, 1822)","Urosalpinx cinerea","","US","","Massachusetts","PRESENT",NA,"28eb1a3f-1c15-4a95-931a-4af90ecb574d",41.929875,-70.042419,8,NA,NA,NA,NA,NA,"2023-08-21T09:20:48",21,8,2023,2304415,2304415,"HUMAN_OBSERVATION","iNaturalist","Observations","179566813","","gwt2102",2023-08-21 19:03:00,"CC_BY_NC_4_0","gwt2102","gwt2102",NA,NA,2025-06-07 01:51:08.928,"StillImage","COORDINATE_ROUNDED;CONTINENT_DERIVED_FROM_COORDINATES;TAXON_MATCH_TAXON_ID_IGNORED"
4399860744,"50c9509d-22c7-4a22-a47d-8c48425ef4a7","https://www.inaturalist.org/observations/178276952","Animalia","Mollusca","Gastropoda","Neogastropoda","Muricidae","Urosalpinx","Urosalpinx cinerea",NA,"SPECIES","Urosalpinx cinerea (Say, 1822)","Urosalpinx cinerea","","US","","Connecticut","PRESENT",NA,"28eb1a3f-1c15-4a95-931a-4af90ecb574d",41.249437,-72.546263,12,NA,NA,NA,NA,NA,"2023-08-13T19:15:31",13,8,2023,2304415,2304415,"HUMAN_OBSERVATION","iNaturalist","Observations","178276952","","Sarah Wilson",2023-08-13 23:17:00,"CC_BY_NC_4_0","Sarah Wilson","Sarah Wilson",NA,NA,2025-06-07 01:58:25.328,"StillImage","COORDINATE_ROUNDED;CONTINENT_DERIVED_FROM_COORDINATES;TAXON_MATCH_TAXON_ID_IGNORED"
4177523502,"50c9509d-22c7-4a22-a47d-8c48425ef4a7","https://www.inaturalist.org/observations/178209703","Animalia","Mollusca","Gastropoda","Neogastropoda","Muricidae","Urosalpinx","Urosalpinx cinerea",NA,"SPECIES","Urosalpinx cinerea (Say, 1822)","Urosalpinx cinerea","","US","","California","PRESENT",NA,"28eb1a3f-1c15-4a95-931a-4af90ecb574d",37.505375,-122.217446,1,NA,NA,NA,NA,NA,"2023-07-19T10:24",19,7,2023,2304415,2304415,"HUMAN_OBSERVATION","iNaturalist","Observations","178209703","","Michael Long",2023-08-13 16:58:10,"CC_BY_NC_4_0","Michael Long","Michael Long",NA,NA,2025-06-07 01:51:21.294,"StillImage","COORDINATE_ROUNDED;CONTINENT_DERIVED_FROM_COORDINATES;TAXON_MATCH_TAXON_ID_IGNORED"
4177523497,"50c9509d-22c7-4a22-a47d-8c48425ef4a7","https://www.inaturalist.org/observations/178207921","Animalia","Mollusca","Gastropoda","Neogastropoda","Muricidae","Urosalpinx","Urosalpinx cinerea",NA,"SPECIES","Urosalpinx cinerea (Say, 1822)","Urosalpinx cinerea","","US","","California","PRESENT",NA,"28eb1a3f-1c15-4a95-931a-4af90ecb574d",37.505566,-122.217411,8,NA,NA,NA,NA,NA,"2023-07-18T14:27",18,7,2023,2304415,2304415,"HUMAN_OBSERVATION","iNaturalist","Observations","178207921","","Michael Long",2023-08-13 16:48:58,"CC_BY_NC_4_0","Michael Long","Michael Long",NA,NA,2025-06-07 01:51:21.272,"StillImage","COORDINATE_ROUNDED;CONTINENT_DERIVED_FROM_COORDINATES;TAXON_MATCH_TAXON_ID_IGNORED"
4177522435,"50c9509d-22c7-4a22-a47d-8c48425ef4a7","https://www.inaturalist.org/observations/178209722","Animalia","Mollusca","Gastropoda","Neogastropoda","Muricidae","Urosalpinx","Urosalpinx cinerea",NA,"SPECIES","Urosalpinx cinerea (Say, 1822)","Urosalpinx cinerea","","US","","California","PRESENT",NA,"28eb1a3f-1c15-4a95-931a-4af90ecb574d",37.505138,-122.21724,2,NA,NA,NA,NA,NA,"2023-07-19T12:04",19,7,2023,2304415,2304415,"HUMAN_OBSERVATION","iNaturalist","Observations","178209722","","Michael Long",2023-08-13 16:58:13,"CC_BY_NC_4_0","Michael Long","Michael Long",NA,NA,2025-06-07 02:03:36.821,"StillImage","COORDINATE_ROUNDED;CONTINENT_DERIVED_FROM_COORDINATES;TAXON_MATCH_TAXON_ID_IGNORED"
4177453452,"50c9509d-22c7-4a22-a47d-8c48425ef4a7","https://www.inaturalist.org/observations/178209716","Animalia","Mollusca","Gastropoda","Neogastropoda","Muricidae","Urosalpinx","Urosalpinx cinerea",NA,"SPECIES","Urosalpinx cinerea (Say, 1822)","Urosalpinx cinerea","","US","","California","PRESENT",NA,"28eb1a3f-1c15-4a95-931a-4af90ecb574d",37.505474,-122.217489,1,NA,NA,NA,NA,NA,"2023-07-19T11:03",19,7,2023,2304415,2304415,"HUMAN_OBSERVATION","iNaturalist","Observations","178209716","","Michael Long",2023-08-13 16:58:13,"CC_BY_NC_4_0","Michael Long","Michael Long",NA,NA,2025-06-07 01:55:43.857,"StillImage","COORDINATE_ROUNDED;CONTINENT_DERIVED_FROM_COORDINATES;TAXON_MATCH_TAXON_ID_IGNORED"
4177440753,"50c9509d-22c7-4a22-a47d-8c48425ef4a7","https://www.inaturalist.org/observations/177707813","Animalia","Mollusca","Gastropoda","Neogastropoda","Muricidae","Urosalpinx","Urosalpinx cinerea",NA,"SPECIES","Urosalpinx cinerea (Say, 1822)","Urosalpinx cinerea","","US","","Rhode Island","PRESENT",NA,"28eb1a3f-1c15-4a95-931a-4af90ecb574d",41.39647,-71.463257,15,NA,NA,NA,NA,NA,"2023-08-10T14:46",10,8,2023,2304415,2304415,"HUMAN_OBSERVATION","iNaturalist","Observations","177707813","","Branson Khounvichith",2023-08-11 13:29:47,"CC0_1_0","Jeff Davis","Jeff Davis",NA,NA,2025-06-07 02:56:51.899,"StillImage","COORDINATE_ROUNDED;CONTINENT_DERIVED_FROM_COORDINATES;TAXON_MATCH_TAXON_ID_IGNORED"
4177235537,"50c9509d-22c7-4a22-a47d-8c48425ef4a7","https://www.inaturalist.org/observations/177569216","Animalia","Mollusca","Gastropoda","Neogastropoda","Muricidae","Urosalpinx","Urosalpinx cinerea",NA,"SPECIES","Urosalpinx cinerea (Say, 1822)","Urosalpinx cinerea","","CA","","Nova Scotia","PRESENT",NA,"28eb1a3f-1c15-4a95-931a-4af90ecb574d",45.312758,-63.808512,5,NA,NA,NA,NA,NA,"2023-08-07T12:13",7,8,2023,2304415,2304415,"HUMAN_OBSERVATION","iNaturalist","Observations","177569216","","mkkennedy",2023-08-09 21:03:32,"CC_BY_NC_4_0","mkkennedy","mkkennedy",NA,NA,2025-06-07 02:58:19.259,"StillImage","COORDINATE_ROUNDED;CONTINENT_DERIVED_FROM_COORDINATES;TAXON_MATCH_TAXON_ID_IGNORED"
4177184458,"50c9509d-22c7-4a22-a47d-8c48425ef4a7","https://www.inaturalist.org/observations/167222929","Animalia","Mollusca","Gastropoda","Neogastropoda","Muricidae","Urosalpinx","Urosalpinx cinerea",NA,"SPECIES","Urosalpinx cinerea (Say, 1822)","Urosalpinx cinerea","","US","","Maryland","PRESENT",NA,"28eb1a3f-1c15-4a95-931a-4af90ecb574d",38.394558,-75.106573,1700,NA,NA,NA,NA,NA,"2023-06-13T10:47",13,6,2023,2304415,2304415,"HUMAN_OBSERVATION","iNaturalist","Observations","167222929","","savannahandolaf",2023-06-13 17:27:10,"CC_BY_NC_4_0","savannahandolaf","savannahandolaf",NA,NA,2025-06-07 02:40:25.098,"StillImage","COORDINATE_ROUNDED;CONTINENT_DERIVED_FROM_COORDINATES;TAXON_MATCH_TAXON_ID_IGNORED"
4177146499,"50c9509d-22c7-4a22-a47d-8c48425ef4a7","https://www.inaturalist.org/observations/169791669","Animalia","Mollusca","Gastropoda","Neogastropoda","Muricidae","Urosalpinx","Urosalpinx cinerea",NA,"SPECIES","Urosalpinx cinerea (Say, 1822)","Urosalpinx cinerea","","US","","Connecticut","PRESENT",NA,"28eb1a3f-1c15-4a95-931a-4af90ecb574d",41.161028,-73.110973,255,NA,NA,NA,NA,NA,"2023-06-27T11:17:17",27,6,2023,2304415,2304415,"HUMAN_OBSERVATION","iNaturalist","Observations","169791669","","alyssamancini",2023-06-27 16:19:21,"CC_BY_NC_4_0","alyssamancini","alyssamancini",NA,NA,2025-06-07 02:41:45.793,"StillImage","COORDINATE_ROUNDED;CONTINENT_DERIVED_FROM_COORDINATES;TAXON_MATCH_TAXON_ID_IGNORED"
4177094271,"50c9509d-22c7-4a22-a47d-8c48425ef4a7","https://www.inaturalist.org/observations/177421466","Animalia","Mollusca","Gastropoda","Neogastropoda","Muricidae","Urosalpinx","Urosalpinx cinerea",NA,"SPECIES","Urosalpinx cinerea (Say, 1822)","Urosalpinx cinerea","","US","","North Carolina","PRESENT",NA,"28eb1a3f-1c15-4a95-931a-4af90ecb574d",36.366055,-75.821297,12,NA,NA,NA,NA,NA,"2023-08-08T11:45:39",8,8,2023,2304415,2304415,"HUMAN_OBSERVATION","iNaturalist","Observations","177421466","","evaughn22",2023-08-08 22:59:29,"CC_BY_NC_4_0","evaughn22","evaughn22",NA,NA,2025-06-07 01:50:55.268,"StillImage","COORDINATE_ROUNDED;CONTINENT_DERIVED_FROM_COORDINATES;TAXON_MATCH_TAXON_ID_IGNORED"
4176993486,"50c9509d-22c7-4a22-a47d-8c48425ef4a7","https://www.inaturalist.org/observations/145584813","Animalia","Mollusca","Gastropoda","Neogastropoda","Muricidae","Urosalpinx","Urosalpinx cinerea",NA,"SPECIES","Urosalpinx cinerea (Say, 1822)","Urosalpinx cinerea","","US","","New Jersey","PRESENT",NA,"28eb1a3f-1c15-4a95-931a-4af90ecb574d",39.311278,-74.592723,23,NA,NA,NA,NA,NA,"2023-01-01T11:06:57",1,1,2023,2304415,2304415,"HUMAN_OBSERVATION","iNaturalist","Observations","145584813","","Michael Stanton",2023-01-01 16:07:41,"CC_BY_NC_4_0","Michael Stanton","Michael Stanton",NA,NA,2025-06-07 00:13:17.656,"StillImage","COORDINATE_ROUNDED;CONTINENT_DERIVED_FROM_COORDINATES;TAXON_MATCH_TAXON_ID_IGNORED"
4176968586,"50c9509d-22c7-4a22-a47d-8c48425ef4a7","https://www.inaturalist.org/observations/174272705","Animalia","Mollusca","Gastropoda","Neogastropoda","Muricidae","Urosalpinx","Urosalpinx cinerea",NA,"SPECIES","Urosalpinx cinerea (Say, 1822)","Urosalpinx cinerea","","US","","New York","PRESENT",NA,"28eb1a3f-1c15-4a95-931a-4af90ecb574d",40.844091,-73.783376,73,NA,NA,NA,NA,NA,"2023-07-22T10:16",22,7,2023,2304415,2304415,"HUMAN_OBSERVATION","iNaturalist","Observations","174272705","","stephanie_nyc",2023-07-23 00:46:09,"CC_BY_NC_4_0","Sally Page Connolly","Sally Page Connolly",NA,NA,2025-06-07 01:41:27.521,"StillImage","COORDINATE_ROUNDED;CONTINENT_DERIVED_FROM_COORDINATES;TAXON_MATCH_TAXON_ID_IGNORED"
4172128410,"50c9509d-22c7-4a22-a47d-8c48425ef4a7","https://www.inaturalist.org/observations/176677241","Animalia","Mollusca","Gastropoda","Neogastropoda","Muricidae","Urosalpinx","Urosalpinx cinerea",NA,"SPECIES","Urosalpinx cinerea (Say, 1822)","Urosalpinx cinerea","","US","","California","PRESENT",NA,"28eb1a3f-1c15-4a95-931a-4af90ecb574d",37.559312,-122.257483,6561,NA,NA,NA,NA,NA,"2023-08-04T10:22:24",4,8,2023,2304415,2304415,"HUMAN_OBSERVATION","iNaturalist","Observations","176677241","","Parsa Fard",2023-08-04 22:22:29,"CC_BY_4_0","Parsa Fard","Parsa Fard",NA,NA,2025-06-07 01:27:48.61,"StillImage","COORDINATE_ROUNDED;CONTINENT_DERIVED_FROM_COORDINATES;TAXON_MATCH_TAXON_ID_IGNORED"
4172046914,"50c9509d-22c7-4a22-a47d-8c48425ef4a7","https://www.inaturalist.org/observations/176801004","Animalia","Mollusca","Gastropoda","Neogastropoda","Muricidae","Urosalpinx","Urosalpinx cinerea",NA,"SPECIES","Urosalpinx cinerea (Say, 1822)","Urosalpinx cinerea","","US","","California","PRESENT",NA,"28eb1a3f-1c15-4a95-931a-4af90ecb574d",37.590538,-122.324792,4,NA,NA,NA,NA,NA,"2023-08-05T10:00:43",5,8,2023,2304415,2304415,"HUMAN_OBSERVATION","iNaturalist","Observations","176801004","","Leslie Flint",2023-08-05 17:01:40,"CC_BY_NC_4_0","Leslie Flint","Leslie Flint",NA,NA,2025-06-07 02:53:50.428,"StillImage","COORDINATE_ROUNDED;CONTINENT_DERIVED_FROM_COORDINATES;TAXON_MATCH_TAXON_ID_IGNORED"
4171942302,"50c9509d-22c7-4a22-a47d-8c48425ef4a7","https://www.inaturalist.org/observations/175855200","Animalia","Mollusca","Gastropoda","Neogastropoda","Muricidae","Urosalpinx","Urosalpinx cinerea",NA,"SPECIES","Urosalpinx cinerea (Say, 1822)","Urosalpinx cinerea","","CA","","Nova Scotia","PRESENT",NA,"28eb1a3f-1c15-4a95-931a-4af90ecb574d",45.391144,-64.001367,3061,NA,NA,NA,NA,NA,"2023-07-30T15:37:47",30,7,2023,2304415,2304415,"HUMAN_OBSERVATION","iNaturalist","Observations","175855200","","ipat",2023-07-31 09:57:30,"CC_BY_NC_4_0","mudlarker","mudlarker",NA,NA,2025-06-07 00:43:17.342,"StillImage","COORDINATE_ROUNDED;CONTINENT_DERIVED_FROM_COORDINATES;TAXON_MATCH_TAXON_ID_IGNORED"
4171861290,"50c9509d-22c7-4a22-a47d-8c48425ef4a7","https://www.inaturalist.org/observations/177225391","Animalia","Mollusca","Gastropoda","Neogastropoda","Muricidae","Urosalpinx","Urosalpinx cinerea",NA,"SPECIES","Urosalpinx cinerea (Say, 1822)","Urosalpinx cinerea","","CA","","Nova Scotia","PRESENT",NA,"28eb1a3f-1c15-4a95-931a-4af90ecb574d",45.17225,-64.166908,4,NA,NA,NA,NA,NA,"2023-08-07T13:46:10",7,8,2023,2304415,2304415,"HUMAN_OBSERVATION","iNaturalist","Observations","177225391","","g_rem",2023-08-08 00:12:15,"CC_BY_NC_4_0","kremme","kremme",NA,NA,2025-06-07 00:03:18.221,"StillImage","COORDINATE_ROUNDED;CONTINENT_DERIVED_FROM_COORDINATES;TAXON_MATCH_TAXON_ID_IGNORED"
4171746213,"50c9509d-22c7-4a22-a47d-8c48425ef4a7","https://www.inaturalist.org/observations/175857106","Animalia","Mollusca","Gastropoda","Neogastropoda","Muricidae","Urosalpinx","Urosalpinx cinerea",NA,"SPECIES","Urosalpinx cinerea (Say, 1822)","Urosalpinx cinerea","","US","","Rhode Island","PRESENT",NA,"28eb1a3f-1c15-4a95-931a-4af90ecb574d",41.373712,-71.545059,1628,NA,NA,NA,NA,NA,"2023-07-30T19:39:46",30,7,2023,2304415,2304415,"HUMAN_OBSERVATION","iNaturalist","Observations","175857106","","sheilamp",2023-07-31 01:29:31,"CC_BY_NC_4_0","sheilamp","sheilamp",NA,NA,2025-06-07 01:13:20.38,"StillImage","COORDINATE_ROUNDED;CONTINENT_DERIVED_FROM_COORDINATES;TAXON_MATCH_TAXON_ID_IGNORED"
4171594460,"50c9509d-22c7-4a22-a47d-8c48425ef4a7","https://www.inaturalist.org/observations/176876070","Animalia","Mollusca","Gastropoda","Neogastropoda","Muricidae","Urosalpinx","Urosalpinx cinerea",NA,"SPECIES","Urosalpinx cinerea (Say, 1822)","Urosalpinx cinerea","","US","","California","PRESENT",NA,"28eb1a3f-1c15-4a95-931a-4af90ecb574d",37.837587,-122.300597,67,NA,NA,NA,NA,NA,"2023-08-05T14:39",5,8,2023,2304415,2304415,"HUMAN_OBSERVATION","iNaturalist","Observations","176876070","","Cat Chang",2023-08-06 00:13:35,"CC_BY_NC_4_0","Cat Chang","Cat Chang",NA,NA,2025-06-06 23:58:33.267,"StillImage","COORDINATE_ROUNDED;CONTINENT_DERIVED_FROM_COORDINATES;TAXON_MATCH_TAXON_ID_IGNORED"
4171555723,"50c9509d-22c7-4a22-a47d-8c48425ef4a7","https://www.inaturalist.org/observations/175300064","Animalia","Mollusca","Gastropoda","Neogastropoda","Muricidae","Urosalpinx","Urosalpinx cinerea",NA,"SPECIES","Urosalpinx cinerea (Say, 1822)","Urosalpinx cinerea","","US","","California","PRESENT",NA,"28eb1a3f-1c15-4a95-931a-4af90ecb574d",37.546819,-122.120251,NA,NA,NA,NA,NA,NA,"2023-07-27T15:12:39",27,7,2023,2304415,2304415,"HUMAN_OBSERVATION","iNaturalist","Observations","175300064","","Evan Bulcao",2023-07-28 01:17:45,"CC_BY_NC_4_0","Evan Bulcao","Evan Bulcao",NA,NA,2025-06-07 00:20:34.546,"StillImage","COORDINATE_ROUNDED;CONTINENT_DERIVED_FROM_COORDINATES;TAXON_MATCH_TAXON_ID_IGNORED"
4165370032,"50c9509d-22c7-4a22-a47d-8c48425ef4a7","https://www.inaturalist.org/observations/174580602","Animalia","Mollusca","Gastropoda","Neogastropoda","Muricidae","Urosalpinx","Urosalpinx cinerea",NA,"SPECIES","Urosalpinx cinerea (Say, 1822)","Urosalpinx cinerea","","US","","California","PRESENT",NA,"28eb1a3f-1c15-4a95-931a-4af90ecb574d",37.893683,-122.498216,8,NA,NA,NA,NA,NA,"2023-07-23T16:09:45",23,7,2023,2304415,2304415,"HUMAN_OBSERVATION","iNaturalist","Observations","174580602","","joshjoshjoshjoshjosh",2023-07-23 23:11:09,"CC_BY_NC_4_0","joshjoshjoshjoshjosh","joshjoshjoshjoshjosh",NA,NA,2025-06-07 01:56:11.47,"StillImage","COORDINATE_ROUNDED;CONTINENT_DERIVED_FROM_COORDINATES;TAXON_MATCH_TAXON_ID_IGNORED"
4162419341,"50c9509d-22c7-4a22-a47d-8c48425ef4a7","https://www.inaturalist.org/observations/172740834","Animalia","Mollusca","Gastropoda","Neogastropoda","Muricidae","Urosalpinx","Urosalpinx cinerea",NA,"SPECIES","Urosalpinx cinerea (Say, 1822)","Urosalpinx cinerea","","US","","Connecticut","PRESENT",NA,"28eb1a3f-1c15-4a95-931a-4af90ecb574d",41.32038,-72.075461,4,NA,NA,NA,NA,NA,"2023-07-13T15:16:11",13,7,2023,2304415,2304415,"HUMAN_OBSERVATION","iNaturalist","Observations","172740834","","Bobby McCabe",2023-07-13 20:43:49,"CC_BY_4_0","Bobby McCabe","Bobby McCabe",NA,NA,2025-06-07 02:57:21.466,"StillImage","COORDINATE_ROUNDED;CONTINENT_DERIVED_FROM_COORDINATES;TAXON_MATCH_TAXON_ID_IGNORED"
4162307464,"50c9509d-22c7-4a22-a47d-8c48425ef4a7","https://www.inaturalist.org/observations/172739905","Animalia","Mollusca","Gastropoda","Neogastropoda","Muricidae","Urosalpinx","Urosalpinx cinerea",NA,"SPECIES","Urosalpinx cinerea (Say, 1822)","Urosalpinx cinerea","","US","","Connecticut","PRESENT",NA,"28eb1a3f-1c15-4a95-931a-4af90ecb574d",41.32037,-72.075522,3,NA,NA,NA,NA,NA,"2023-07-13T15:07:17",13,7,2023,2304415,2304415,"HUMAN_OBSERVATION","iNaturalist","Observations","172739905","","Bobby McCabe",2023-07-13 20:38:05,"CC_BY_4_0","Bobby McCabe","Bobby McCabe",NA,NA,2025-06-07 01:21:58.809,"StillImage","COORDINATE_ROUNDED;CONTINENT_DERIVED_FROM_COORDINATES;TAXON_MATCH_TAXON_ID_IGNORED"
4159298075,"8a863029-f435-446a-821e-275f4f641165","https://observation.org/observation/275375365","Animalia","Mollusca","Gastropoda","Neogastropoda","Muricidae","Urosalpinx","Urosalpinx cinerea",NA,"SPECIES","Urosalpinx cinerea (Say, 1822)","Urosalpinx cinerea","","NL","Galder - Galderse Meren","Noord-Brabant","PRESENT",8,"c8d737e0-2ff8-42e8-b8fc-6b805d26fc5f",51.5,4.75,5000,NA,NA,NA,NA,NA,"2009-03-07",7,3,2009,2304415,2304415,"HUMAN_OBSERVATION","","","","","",NA,"CC_BY_NC_4_0","Stichting Observation International","User 103296",NA,NA,2025-06-12 14:37:04.765,"",""
4159251608,"8a863029-f435-446a-821e-275f4f641165","https://observation.org/observation/277341800","Animalia","Mollusca","Gastropoda","Neogastropoda","Muricidae","Urosalpinx","Urosalpinx cinerea",NA,"SPECIES","Urosalpinx cinerea (Say, 1822)","Urosalpinx cinerea","","ES","Getxo","Bizkaia","PRESENT",1,"c8d737e0-2ff8-42e8-b8fc-6b805d26fc5f",43.356547,-3.018966,35,NA,NA,NA,NA,NA,"2023-06-21",21,6,2023,2304415,2304415,"HUMAN_OBSERVATION","","","","","",NA,"CC_BY_NC_4_0","Stichting Observation International","User 805291",NA,NA,2025-06-12 14:26:30.759,"StillImage",""
4145393502,"50c9509d-22c7-4a22-a47d-8c48425ef4a7","https://www.inaturalist.org/observations/169861828","Animalia","Mollusca","Gastropoda","Neogastropoda","Muricidae","Urosalpinx","Urosalpinx cinerea",NA,"SPECIES","Urosalpinx cinerea (Say, 1822)","Urosalpinx cinerea","","US","","Massachusetts","PRESENT",NA,"28eb1a3f-1c15-4a95-931a-4af90ecb574d",41.801861,-69.949303,4,NA,NA,NA,NA,NA,"2023-05-07T12:01",7,5,2023,2304415,2304415,"HUMAN_OBSERVATION","iNaturalist","Observations","169861828","","Alexander Richards",2023-06-27 23:37:10,"CC_BY_NC_4_0","Alexander Richards","Alexander Richards",NA,NA,2025-06-07 01:48:32.796,"StillImage","COORDINATE_ROUNDED;CONTINENT_DERIVED_FROM_COORDINATES;TAXON_MATCH_TAXON_ID_IGNORED"
4138651668,"50c9509d-22c7-4a22-a47d-8c48425ef4a7","https://www.inaturalist.org/observations/169359765","Animalia","Mollusca","Gastropoda","Neogastropoda","Muricidae","Urosalpinx","Urosalpinx cinerea",NA,"SPECIES","Urosalpinx cinerea (Say, 1822)","Urosalpinx cinerea","","US","","New Jersey","PRESENT",NA,"28eb1a3f-1c15-4a95-931a-4af90ecb574d",40.429775,-73.993813,4,NA,NA,NA,NA,NA,"2023-06-20T16:07:53",20,6,2023,2304415,2304415,"HUMAN_OBSERVATION","iNaturalist","Observations","169359765","","gwt2102",2023-06-25 11:35:28,"CC_BY_NC_4_0","gwt2102","gwt2102",NA,NA,2025-06-07 00:46:47.714,"StillImage","COORDINATE_ROUNDED;CONTINENT_DERIVED_FROM_COORDINATES;TAXON_MATCH_TAXON_ID_IGNORED"
4138615404,"50c9509d-22c7-4a22-a47d-8c48425ef4a7","https://www.inaturalist.org/observations/168710046","Animalia","Mollusca","Gastropoda","Neogastropoda","Muricidae","Urosalpinx","Urosalpinx cinerea",NA,"SPECIES","Urosalpinx cinerea (Say, 1822)","Urosalpinx cinerea","","US","","New Jersey","PRESENT",NA,"28eb1a3f-1c15-4a95-931a-4af90ecb574d",40.428208,-73.990342,16,NA,NA,NA,NA,NA,"2023-06-20T17:50:52",20,6,2023,2304415,2304415,"HUMAN_OBSERVATION","iNaturalist","Observations","168710046","","gwt2102",2023-06-21 19:51:19,"CC_BY_NC_4_0","gwt2102","gwt2102",NA,NA,2025-06-07 00:51:14.883,"StillImage","COORDINATE_ROUNDED;CONTINENT_DERIVED_FROM_COORDINATES;TAXON_MATCH_TAXON_ID_IGNORED"
4138436131,"50c9509d-22c7-4a22-a47d-8c48425ef4a7","https://www.inaturalist.org/observations/169440101","Animalia","Mollusca","Gastropoda","Neogastropoda","Muricidae","Urosalpinx","Urosalpinx cinerea",NA,"SPECIES","Urosalpinx cinerea (Say, 1822)","Urosalpinx cinerea","","US","","Rhode Island","PRESENT",NA,"28eb1a3f-1c15-4a95-931a-4af90ecb574d",41.717622,-71.35746,6,NA,NA,NA,NA,NA,"2023-06-25T14:38:34",25,6,2023,2304415,2304415,"HUMAN_OBSERVATION","iNaturalist","Observations","169440101","","graceoli",2023-06-25 19:06:26,"CC_BY_NC_4_0","graceoli","graceoli",NA,NA,2025-06-07 00:48:38.598,"StillImage","COORDINATE_ROUNDED;CONTINENT_DERIVED_FROM_COORDINATES;TAXON_MATCH_TAXON_ID_IGNORED"
4138418375,"50c9509d-22c7-4a22-a47d-8c48425ef4a7","https://www.inaturalist.org/observations/168732285","Animalia","Mollusca","Gastropoda","Neogastropoda","Muricidae","Urosalpinx","Urosalpinx cinerea",NA,"SPECIES","Urosalpinx cinerea (Say, 1822)","Urosalpinx cinerea","","US","","New York","PRESENT",NA,"28eb1a3f-1c15-4a95-931a-4af90ecb574d",40.583123,-73.923016,5,NA,NA,NA,NA,NA,"2023-06-21T14:05:54",21,6,2023,2304415,2304415,"HUMAN_OBSERVATION","iNaturalist","Observations","168732285","","Susan J. Hewitt",2023-06-21 22:17:02,"CC_BY_NC_4_0","Susan J. Hewitt","Susan J. Hewitt",NA,NA,2025-06-07 00:07:49.613,"StillImage","COORDINATE_ROUNDED;CONTINENT_DERIVED_FROM_COORDINATES;TAXON_MATCH_TAXON_ID_IGNORED"
4138414914,"50c9509d-22c7-4a22-a47d-8c48425ef4a7","https://www.inaturalist.org/observations/168352740","Animalia","Mollusca","Gastropoda","Neogastropoda","Muricidae","Urosalpinx","Urosalpinx cinerea",NA,"SPECIES","Urosalpinx cinerea (Say, 1822)","Urosalpinx cinerea","","US","","California","PRESENT",NA,"28eb1a3f-1c15-4a95-931a-4af90ecb574d",37.590447,-122.314955,4,NA,NA,NA,NA,NA,"2023-06-19T10:16:39",19,6,2023,2304415,2304415,"HUMAN_OBSERVATION","iNaturalist","Observations","168352740","","Donna Pomeroy",2023-06-19 19:14:17,"CC_BY_NC_4_0","Donna Pomeroy","Donna Pomeroy",NA,NA,2025-06-07 00:46:23.045,"StillImage","COORDINATE_ROUNDED;CONTINENT_DERIVED_FROM_COORDINATES;TAXON_MATCH_TAXON_ID_IGNORED"
4138339765,"50c9509d-22c7-4a22-a47d-8c48425ef4a7","https://www.inaturalist.org/observations/169296486","Animalia","Mollusca","Gastropoda","Neogastropoda","Muricidae","Urosalpinx","Urosalpinx cinerea",NA,"SPECIES","Urosalpinx cinerea (Say, 1822)","Urosalpinx cinerea","","US","","New Jersey","PRESENT",NA,"28eb1a3f-1c15-4a95-931a-4af90ecb574d",40.429767,-73.993788,4,NA,NA,NA,NA,NA,"2023-06-20T16:10:39",20,6,2023,2304415,2304415,"HUMAN_OBSERVATION","iNaturalist","Observations","169296486","","gwt2102",2023-06-25 01:22:04,"CC_BY_NC_4_0","gwt2102","gwt2102",NA,NA,2025-06-07 02:51:39.335,"StillImage","COORDINATE_ROUNDED;CONTINENT_DERIVED_FROM_COORDINATES;TAXON_MATCH_TAXON_ID_IGNORED"
4138260173,"50c9509d-22c7-4a22-a47d-8c48425ef4a7","https://www.inaturalist.org/observations/168711210","Animalia","Mollusca","Gastropoda","Neogastropoda","Muricidae","Urosalpinx","Urosalpinx cinerea",NA,"SPECIES","Urosalpinx cinerea (Say, 1822)","Urosalpinx cinerea","","US","","New Jersey","PRESENT",NA,"28eb1a3f-1c15-4a95-931a-4af90ecb574d",40.427008,-73.989455,4,NA,NA,NA,NA,NA,"2023-06-20T17:42:25",20,6,2023,2304415,2304415,"HUMAN_OBSERVATION","iNaturalist","Observations","168711210","","gwt2102",2023-06-21 19:58:25,"CC_BY_NC_4_0","gwt2102","gwt2102",NA,NA,2025-06-07 00:37:38.766,"StillImage","COORDINATE_ROUNDED;CONTINENT_DERIVED_FROM_COORDINATES;TAXON_MATCH_TAXON_ID_IGNORED"
4138212102,"50c9509d-22c7-4a22-a47d-8c48425ef4a7","https://www.inaturalist.org/observations/169042507","Animalia","Mollusca","Gastropoda","Neogastropoda","Muricidae","Urosalpinx","Urosalpinx cinerea",NA,"SPECIES","Urosalpinx cinerea (Say, 1822)","Urosalpinx cinerea","","US","","Massachusetts","PRESENT",NA,"28eb1a3f-1c15-4a95-931a-4af90ecb574d",41.491023,-71.04038,15,NA,NA,NA,NA,NA,"2023-06-16T11:03",16,6,2023,2304415,2304415,"HUMAN_OBSERVATION","iNaturalist","Observations","169042507","","Joe Arruda",2023-06-23 18:48:19,"CC_BY_NC_4_0","Joe Arruda","Joe Arruda",NA,NA,2025-06-07 00:27:55.276,"StillImage","CONTINENT_DERIVED_FROM_COORDINATES;TAXON_MATCH_TAXON_ID_IGNORED"
4138113725,"50c9509d-22c7-4a22-a47d-8c48425ef4a7","https://www.inaturalist.org/observations/168344017","Animalia","Mollusca","Gastropoda","Neogastropoda","Muricidae","Urosalpinx","Urosalpinx cinerea",NA,"SPECIES","Urosalpinx cinerea (Say, 1822)","Urosalpinx cinerea","","US","","California","PRESENT",NA,"28eb1a3f-1c15-4a95-931a-4af90ecb574d",37.59047,-122.314987,4,NA,NA,NA,NA,NA,"2023-06-19T10:19:22",19,6,2023,2304415,2304415,"HUMAN_OBSERVATION","iNaturalist","Observations","168344017","","Leslie Flint",2023-06-19 18:30:06,"CC_BY_NC_4_0","Leslie Flint","Leslie Flint",NA,NA,2025-06-07 02:52:32.477,"StillImage","COORDINATE_ROUNDED;CONTINENT_DERIVED_FROM_COORDINATES;TAXON_MATCH_TAXON_ID_IGNORED"
4138093124,"50c9509d-22c7-4a22-a47d-8c48425ef4a7","https://www.inaturalist.org/observations/169158208","Animalia","Mollusca","Gastropoda","Neogastropoda","Muricidae","Urosalpinx","Urosalpinx cinerea",NA,"SPECIES","Urosalpinx cinerea (Say, 1822)","Urosalpinx cinerea","","US","","New Jersey","PRESENT",NA,"28eb1a3f-1c15-4a95-931a-4af90ecb574d",40.429755,-73.993758,4,NA,NA,NA,NA,NA,"2023-06-20T16:19:25",20,6,2023,2304415,2304415,"HUMAN_OBSERVATION","iNaturalist","Observations","169158208","","gwt2102",2023-06-24 12:17:03,"CC_BY_NC_4_0","gwt2102","gwt2102",NA,NA,2025-06-07 01:33:06.301,"StillImage","COORDINATE_ROUNDED;CONTINENT_DERIVED_FROM_COORDINATES;TAXON_MATCH_TAXON_ID_IGNORED"
4138070490,"50c9509d-22c7-4a22-a47d-8c48425ef4a7","https://www.inaturalist.org/observations/169359806","Animalia","Mollusca","Gastropoda","Neogastropoda","Muricidae","Urosalpinx","Urosalpinx cinerea",NA,"SPECIES","Urosalpinx cinerea (Say, 1822)","Urosalpinx cinerea","","US","","New Jersey","PRESENT",NA,"28eb1a3f-1c15-4a95-931a-4af90ecb574d",40.429763,-73.993788,4,NA,NA,NA,NA,NA,"2023-06-20T16:10:29",20,6,2023,2304415,2304415,"HUMAN_OBSERVATION","iNaturalist","Observations","169359806","","gwt2102",2023-06-25 11:35:57,"CC_BY_NC_4_0","gwt2102","gwt2102",NA,NA,2025-06-07 02:46:16.99,"StillImage","COORDINATE_ROUNDED;CONTINENT_DERIVED_FROM_COORDINATES;TAXON_MATCH_TAXON_ID_IGNORED"
4138042360,"50c9509d-22c7-4a22-a47d-8c48425ef4a7","https://www.inaturalist.org/observations/169295589","Animalia","Mollusca","Gastropoda","Neogastropoda","Muricidae","Urosalpinx","Urosalpinx cinerea",NA,"SPECIES","Urosalpinx cinerea (Say, 1822)","Urosalpinx cinerea","","US","","New Jersey","PRESENT",NA,"28eb1a3f-1c15-4a95-931a-4af90ecb574d",40.429762,-73.993788,4,NA,NA,NA,NA,NA,"2023-06-20T16:14:02",20,6,2023,2304415,2304415,"HUMAN_OBSERVATION","iNaturalist","Observations","169295589","","gwt2102",2023-06-25 01:14:44,"CC_BY_NC_4_0","gwt2102","gwt2102",NA,NA,2025-06-07 02:44:01.396,"StillImage","COORDINATE_ROUNDED;CONTINENT_DERIVED_FROM_COORDINATES;TAXON_MATCH_TAXON_ID_IGNORED"
4138034848,"50c9509d-22c7-4a22-a47d-8c48425ef4a7","https://www.inaturalist.org/observations/167285888","Animalia","Mollusca","Gastropoda","Neogastropoda","Muricidae","Urosalpinx","Urosalpinx cinerea",NA,"SPECIES","Urosalpinx cinerea (Say, 1822)","Urosalpinx cinerea","","US","","California","PRESENT",NA,"28eb1a3f-1c15-4a95-931a-4af90ecb574d",37.767756,-122.278711,NA,NA,NA,NA,NA,NA,"2023-06-12T15:43",12,6,2023,2304415,2304415,"HUMAN_OBSERVATION","iNaturalist","Observations","167285888","","Richard Hasegawa",2023-06-14 00:17:16,"CC_BY_NC_4_0","Richard Hasegawa","Richard Hasegawa",NA,NA,2025-06-07 01:21:51.394,"StillImage","COORDINATE_ROUNDED;CONTINENT_DERIVED_FROM_COORDINATES;TAXON_MATCH_TAXON_ID_IGNORED"
4137840106,"50c9509d-22c7-4a22-a47d-8c48425ef4a7","https://www.inaturalist.org/observations/169160894","Animalia","Mollusca","Gastropoda","Neogastropoda","Muricidae","Urosalpinx","Urosalpinx cinerea",NA,"SPECIES","Urosalpinx cinerea (Say, 1822)","Urosalpinx cinerea","","US","","New Jersey","PRESENT",NA,"28eb1a3f-1c15-4a95-931a-4af90ecb574d",40.429755,-73.993775,4,NA,NA,NA,NA,NA,"2023-06-20T16:17:32",20,6,2023,2304415,2304415,"HUMAN_OBSERVATION","iNaturalist","Observations","169160894","","gwt2102",2023-06-24 12:38:25,"CC_BY_NC_4_0","gwt2102","gwt2102",NA,NA,2025-06-07 02:44:00.655,"StillImage","CONTINENT_DERIVED_FROM_COORDINATES;TAXON_MATCH_TAXON_ID_IGNORED"
4137837971,"50c9509d-22c7-4a22-a47d-8c48425ef4a7","https://www.inaturalist.org/observations/168705474","Animalia","Mollusca","Gastropoda","Neogastropoda","Muricidae","Urosalpinx","Urosalpinx cinerea",NA,"SPECIES","Urosalpinx cinerea (Say, 1822)","Urosalpinx cinerea","","US","","New Jersey","PRESENT",NA,"28eb1a3f-1c15-4a95-931a-4af90ecb574d",40.426975,-73.989478,4,NA,NA,NA,NA,NA,"2023-06-20T17:41:51",20,6,2023,2304415,2304415,"HUMAN_OBSERVATION","iNaturalist","Observations","168705474","","gwt2102",2023-06-21 19:26:11,"CC_BY_NC_4_0","gwt2102","gwt2102",NA,NA,2025-06-07 01:57:41.016,"StillImage","COORDINATE_ROUNDED;CONTINENT_DERIVED_FROM_COORDINATES;TAXON_MATCH_TAXON_ID_IGNORED"
4137755059,"50c9509d-22c7-4a22-a47d-8c48425ef4a7","https://www.inaturalist.org/observations/167320569","Animalia","Mollusca","Gastropoda","Neogastropoda","Muricidae","Urosalpinx","Urosalpinx cinerea",NA,"SPECIES","Urosalpinx cinerea (Say, 1822)","Urosalpinx cinerea","","US","","California","PRESENT",NA,"28eb1a3f-1c15-4a95-931a-4af90ecb574d",37.766678,-122.2807,NA,NA,NA,NA,NA,NA,"2023-06-12T16:32",12,6,2023,2304415,2304415,"HUMAN_OBSERVATION","iNaturalist","Observations","167320569","","Richard Hasegawa",2023-06-14 06:07:48,"CC_BY_NC_4_0","Richard Hasegawa","Richard Hasegawa",NA,NA,2025-06-07 00:34:57.974,"StillImage","COORDINATE_ROUNDED;CONTINENT_DERIVED_FROM_COORDINATES;TAXON_MATCH_TAXON_ID_IGNORED"
4134220414,"50c9509d-22c7-4a22-a47d-8c48425ef4a7","https://www.inaturalist.org/observations/166963787","Animalia","Mollusca","Gastropoda","Neogastropoda","Muricidae","Urosalpinx","Urosalpinx cinerea",NA,"SPECIES","Urosalpinx cinerea (Say, 1822)","Urosalpinx cinerea","","US","","South Carolina","PRESENT",NA,"28eb1a3f-1c15-4a95-931a-4af90ecb574d",32.365769,-80.440498,73,NA,NA,NA,NA,NA,"2020-09-13",13,9,2020,2304415,2304415,"HUMAN_OBSERVATION","iNaturalist","Observations","166963787","","Robert Perez",2023-06-12 05:31:01,"CC_BY_NC_4_0","Robert Perez","Robert Perez",NA,NA,2025-06-07 02:56:58.302,"StillImage","COORDINATE_ROUNDED;CONTINENT_DERIVED_FROM_COORDINATES;TAXON_MATCH_TAXON_ID_IGNORED"
4134145503,"50c9509d-22c7-4a22-a47d-8c48425ef4a7","https://www.inaturalist.org/observations/166970023","Animalia","Mollusca","Gastropoda","Neogastropoda","Muricidae","Urosalpinx","Urosalpinx cinerea",NA,"SPECIES","Urosalpinx cinerea (Say, 1822)","Urosalpinx cinerea","","US","","Connecticut","PRESENT",NA,"28eb1a3f-1c15-4a95-931a-4af90ecb574d",41.047181,-73.496955,4,NA,NA,NA,NA,NA,"2023-04-04T13:53:20",4,4,2023,2304415,2304415,"HUMAN_OBSERVATION","iNaturalist","Observations","166970023","","Korra",2023-06-12 06:42:10,"CC_BY_NC_4_0","Korra","Korra",NA,NA,2025-06-07 00:51:00.968,"StillImage","COORDINATE_ROUNDED;CONTINENT_DERIVED_FROM_COORDINATES;TAXON_MATCH_TAXON_ID_IGNORED"
4133670503,"50c9509d-22c7-4a22-a47d-8c48425ef4a7","https://www.inaturalist.org/observations/149264064","Animalia","Mollusca","Gastropoda","Neogastropoda","Muricidae","Urosalpinx","Urosalpinx cinerea",NA,"SPECIES","Urosalpinx cinerea (Say, 1822)","Urosalpinx cinerea","","US","","South Carolina","PRESENT",NA,"28eb1a3f-1c15-4a95-931a-4af90ecb574d",32.362377,-80.441123,8,NA,NA,NA,NA,NA,"2023-02-20T13:48:23",20,2,2023,2304415,2304415,"HUMAN_OBSERVATION","iNaturalist","Observations","149264064","","Hayes Valentine",2023-02-20 21:05:22,"CC_BY_4_0","Hayes Valentine","Hayes Valentine",NA,NA,2025-06-07 01:41:57.478,"StillImage","COORDINATE_ROUNDED;CONTINENT_DERIVED_FROM_COORDINATES;TAXON_MATCH_TAXON_ID_IGNORED"
4130050637,"50c9509d-22c7-4a22-a47d-8c48425ef4a7","https://www.inaturalist.org/observations/165293264","Animalia","Mollusca","Gastropoda","Neogastropoda","Muricidae","Urosalpinx","Urosalpinx cinerea",NA,"SPECIES","Urosalpinx cinerea (Say, 1822)","Urosalpinx cinerea","","US","","Massachusetts","PRESENT",NA,"28eb1a3f-1c15-4a95-931a-4af90ecb574d",41.760742,-70.121155,4,NA,NA,NA,NA,NA,"2023-06-01T14:18:08",1,6,2023,2304415,2304415,"HUMAN_OBSERVATION","iNaturalist","Observations","165293264","","gwt2102",2023-06-03 12:30:07,"CC_BY_NC_4_0","gwt2102","gwt2102",NA,NA,2025-06-07 00:48:30.193,"StillImage","COORDINATE_ROUNDED;CONTINENT_DERIVED_FROM_COORDINATES;TAXON_MATCH_TAXON_ID_IGNORED"
4130044611,"50c9509d-22c7-4a22-a47d-8c48425ef4a7","https://www.inaturalist.org/observations/165305201","Animalia","Mollusca","Gastropoda","Neogastropoda","Muricidae","Urosalpinx","Urosalpinx cinerea",NA,"SPECIES","Urosalpinx cinerea (Say, 1822)","Urosalpinx cinerea","","US","","Delaware","PRESENT",NA,"28eb1a3f-1c15-4a95-931a-4af90ecb574d",38.788778,-75.155692,4,NA,NA,NA,NA,NA,"2023-05-31T18:27:39",31,5,2023,2304415,2304415,"HUMAN_OBSERVATION","iNaturalist","Observations","165305201","","inbetweenbays",2023-06-03 14:01:08,"CC_BY_4_0","inbetweenbays","inbetweenbays",NA,NA,2025-06-07 02:52:38.771,"StillImage","COORDINATE_ROUNDED;CONTINENT_DERIVED_FROM_COORDINATES;TAXON_MATCH_TAXON_ID_IGNORED"
4129789767,"50c9509d-22c7-4a22-a47d-8c48425ef4a7","https://www.inaturalist.org/observations/165819100","Animalia","Mollusca","Gastropoda","Neogastropoda","Muricidae","Urosalpinx","Urosalpinx cinerea",NA,"SPECIES","Urosalpinx cinerea (Say, 1822)","Urosalpinx cinerea","","US","","Virginia","PRESENT",NA,"28eb1a3f-1c15-4a95-931a-4af90ecb574d",36.916452,-76.121557,140,NA,NA,NA,NA,NA,"2023-06-05T20:15:33",5,6,2023,2304415,2304415,"HUMAN_OBSERVATION","iNaturalist","Observations","165819100","","cpelagica",2023-06-06 00:30:57,"CC_BY_NC_4_0","cpelagica","cpelagica",NA,NA,2025-06-07 01:25:53.726,"StillImage","COORDINATE_ROUNDED;CONTINENT_DERIVED_FROM_COORDINATES;TAXON_MATCH_TAXON_ID_IGNORED"
4127408896,"50c9509d-22c7-4a22-a47d-8c48425ef4a7","https://www.inaturalist.org/observations/163698740","Animalia","Mollusca","Gastropoda","Neogastropoda","Muricidae","Urosalpinx","Urosalpinx cinerea",NA,"SPECIES","Urosalpinx cinerea (Say, 1822)","Urosalpinx cinerea","","US","","New York","PRESENT",NA,"28eb1a3f-1c15-4a95-931a-4af90ecb574d",40.696496,-73.999338,5,NA,NA,NA,NA,NA,"2022-10-09T11:42:58",9,10,2022,2304415,2304415,"HUMAN_OBSERVATION","iNaturalist","Observations","163698740","","stephanie_nyc",2023-05-25 22:06:18,"CC_BY_4_0","Zihao Wang","Zihao Wang",NA,NA,2025-06-07 00:48:27.539,"StillImage","COORDINATE_ROUNDED;CONTINENT_DERIVED_FROM_COORDINATES;TAXON_MATCH_TAXON_ID_IGNORED"
4127125055,"50c9509d-22c7-4a22-a47d-8c48425ef4a7","https://www.inaturalist.org/observations/163730600","Animalia","Mollusca","Gastropoda","Neogastropoda","Muricidae","Urosalpinx","Urosalpinx cinerea",NA,"SPECIES","Urosalpinx cinerea (Say, 1822)","Urosalpinx cinerea","","CA","","Prince Edward Island","PRESENT",NA,"28eb1a3f-1c15-4a95-931a-4af90ecb574d",46.295686,-63.743747,15,NA,NA,NA,NA,NA,"2023-05-20T20:12",20,5,2023,2304415,2304415,"HUMAN_OBSERVATION","iNaturalist","Observations","163730600","","ipat",2023-05-26 01:06:01,"CC_BY_4_0","Cassidy Best","Cassidy Best",NA,NA,2025-06-07 01:36:28.857,"StillImage","COORDINATE_ROUNDED;CONTINENT_DERIVED_FROM_COORDINATES;TAXON_MATCH_TAXON_ID_IGNORED"
4127073892,"50c9509d-22c7-4a22-a47d-8c48425ef4a7","https://www.inaturalist.org/observations/121958633","Animalia","Mollusca","Gastropoda","Neogastropoda","Muricidae","Urosalpinx","Urosalpinx cinerea",NA,"SPECIES","Urosalpinx cinerea (Say, 1822)","Urosalpinx cinerea","","US","","Connecticut","PRESENT",NA,"28eb1a3f-1c15-4a95-931a-4af90ecb574d",41.080839,-73.404522,NA,NA,NA,NA,NA,NA,"2022-05-27T12:21:15",27,5,2022,2304415,2304415,"HUMAN_OBSERVATION","iNaturalist","Observations","121958633","","stephanie_nyc",2023-05-29 12:27:37,"CC_BY_NC_4_0","marisao","marisao",NA,NA,2025-06-07 00:13:30.956,"StillImage","COORDINATE_ROUNDED;CONTINENT_DERIVED_FROM_COORDINATES;TAXON_MATCH_TAXON_ID_IGNORED"
4127062390,"50c9509d-22c7-4a22-a47d-8c48425ef4a7","https://www.inaturalist.org/observations/164573964","Animalia","Mollusca","Gastropoda","Neogastropoda","Muricidae","Urosalpinx","Urosalpinx cinerea",NA,"SPECIES","Urosalpinx cinerea (Say, 1822)","Urosalpinx cinerea","","US","","California","PRESENT",NA,"28eb1a3f-1c15-4a95-931a-4af90ecb574d",37.647328,-122.154992,6,NA,NA,NA,NA,NA,"2023-05-29T16:48:19",29,5,2023,2304415,2304415,"HUMAN_OBSERVATION","iNaturalist","Observations","164573964","","kk6zly",2023-05-30 04:02:49,"CC_BY_NC_4_0","kk6zly","kk6zly",NA,NA,2025-06-07 01:23:19.65,"StillImage","COORDINATE_ROUNDED;CONTINENT_DERIVED_FROM_COORDINATES;TAXON_MATCH_TAXON_ID_IGNORED"
4126923050,"50c9509d-22c7-4a22-a47d-8c48425ef4a7","https://www.inaturalist.org/observations/163730596","Animalia","Mollusca","Gastropoda","Neogastropoda","Muricidae","Urosalpinx","Urosalpinx cinerea",NA,"SPECIES","Urosalpinx cinerea (Say, 1822)","Urosalpinx cinerea","","CA","","Prince Edward Island","PRESENT",NA,"28eb1a3f-1c15-4a95-931a-4af90ecb574d",46.295772,-63.744544,4,NA,NA,NA,NA,NA,"2023-05-20T20:06",20,5,2023,2304415,2304415,"HUMAN_OBSERVATION","iNaturalist","Observations","163730596","","ipat",2023-05-26 01:06:22,"CC_BY_4_0","Cassidy Best","Cassidy Best",NA,NA,2025-06-07 02:54:46.099,"StillImage","COORDINATE_ROUNDED;CONTINENT_DERIVED_FROM_COORDINATES;TAXON_MATCH_TAXON_ID_IGNORED"
4126919562,"50c9509d-22c7-4a22-a47d-8c48425ef4a7","https://www.inaturalist.org/observations/163750924","Animalia","Mollusca","Gastropoda","Neogastropoda","Muricidae","Urosalpinx","Urosalpinx cinerea",NA,"SPECIES","Urosalpinx cinerea (Say, 1822)","Urosalpinx cinerea","","US","","Maine","PRESENT",NA,"28eb1a3f-1c15-4a95-931a-4af90ecb574d",44.292995,-68.254033,NA,NA,NA,NA,NA,NA,"2023-05-25T18:35:12",25,5,2023,2304415,2304415,"HUMAN_OBSERVATION","iNaturalist","Observations","163750924","","Tom French",2023-05-28 03:02:19,"CC_BY_4_0","Jack Byrley","Jack Byrley",NA,NA,2025-06-07 01:51:24.617,"StillImage","COORDINATE_ROUNDED;CONTINENT_DERIVED_FROM_COORDINATES;TAXON_MATCH_TAXON_ID_IGNORED"
4126881285,"50c9509d-22c7-4a22-a47d-8c48425ef4a7","https://www.inaturalist.org/observations/163765217","Animalia","Mollusca","Gastropoda","Neogastropoda","Muricidae","Urosalpinx","Urosalpinx cinerea",NA,"SPECIES","Urosalpinx cinerea (Say, 1822)","Urosalpinx cinerea","","US","","New Jersey","PRESENT",NA,"28eb1a3f-1c15-4a95-931a-4af90ecb574d",40.484817,-74.27295,4,NA,NA,NA,NA,NA,"2023-05-21T19:54:27",21,5,2023,2304415,2304415,"HUMAN_OBSERVATION","iNaturalist","Observations","163765217","","megan1567",2023-05-26 04:48:03,"CC_BY_NC_4_0","megan1567","megan1567",NA,NA,2025-06-07 02:56:20.063,"StillImage","COORDINATE_ROUNDED;CONTINENT_DERIVED_FROM_COORDINATES;TAXON_MATCH_TAXON_ID_IGNORED"
4121331428,"50c9509d-22c7-4a22-a47d-8c48425ef4a7","https://www.inaturalist.org/observations/162400968","Animalia","Mollusca","Gastropoda","Neogastropoda","Muricidae","Urosalpinx","Urosalpinx cinerea",NA,"SPECIES","Urosalpinx cinerea (Say, 1822)","Urosalpinx cinerea","","US","","Maine","PRESENT",NA,"28eb1a3f-1c15-4a95-931a-4af90ecb574d",43.863167,-70.002694,6,NA,NA,NA,NA,NA,"2023-05-18T17:37:59",18,5,2023,2304415,2304415,"HUMAN_OBSERVATION","iNaturalist","Observations","162400968","","Drew Villeneuve",2023-05-19 00:47:41,"CC_BY_NC_4_0","Drew Villeneuve","Drew Villeneuve",NA,NA,2025-06-07 02:55:12.975,"StillImage","COORDINATE_ROUNDED;CONTINENT_DERIVED_FROM_COORDINATES;TAXON_MATCH_TAXON_ID_IGNORED"
4121048979,"50c9509d-22c7-4a22-a47d-8c48425ef4a7","https://www.inaturalist.org/observations/162169319","Animalia","Mollusca","Gastropoda","Neogastropoda","Muricidae","Urosalpinx","Urosalpinx cinerea",NA,"SPECIES","Urosalpinx cinerea (Say, 1822)","Urosalpinx cinerea","","US","","New York","PRESENT",NA,"28eb1a3f-1c15-4a95-931a-4af90ecb574d",40.97327,-73.67081,9,NA,NA,NA,NA,NA,"2023-05-17T14:03:55",17,5,2023,2304415,2304415,"HUMAN_OBSERVATION","iNaturalist","Observations","162169319","","leahcc",2023-05-17 18:04:45,"CC_BY_NC_4_0","leahcc","leahcc",NA,NA,2025-06-07 00:07:48.731,"StillImage","COORDINATE_ROUNDED;CONTINENT_DERIVED_FROM_COORDINATES;TAXON_MATCH_TAXON_ID_IGNORED"
4120989667,"50c9509d-22c7-4a22-a47d-8c48425ef4a7","https://www.inaturalist.org/observations/162193613","Animalia","Mollusca","Gastropoda","Neogastropoda","Muricidae","Urosalpinx","Urosalpinx cinerea",NA,"SPECIES","Urosalpinx cinerea (Say, 1822)","Urosalpinx cinerea","","US","","New York","PRESENT",NA,"28eb1a3f-1c15-4a95-931a-4af90ecb574d",40.93797,-73.45848,4,NA,NA,NA,NA,NA,"2023-05-16T14:11:58",16,5,2023,2304415,2304415,"HUMAN_OBSERVATION","iNaturalist","Observations","162193613","","shady af comebacks",2023-05-17 20:36:48,"CC0_1_0","shady af comebacks","shady af comebacks",NA,NA,2025-06-07 00:59:55.149,"StillImage","CONTINENT_DERIVED_FROM_COORDINATES;TAXON_MATCH_TAXON_ID_IGNORED"
4120920328,"50c9509d-22c7-4a22-a47d-8c48425ef4a7","https://www.inaturalist.org/observations/162474438","Animalia","Mollusca","Gastropoda","Neogastropoda","Muricidae","Urosalpinx","Urosalpinx cinerea",NA,"SPECIES","Urosalpinx cinerea (Say, 1822)","Urosalpinx cinerea","","US","","New Hampshire","PRESENT",NA,"28eb1a3f-1c15-4a95-931a-4af90ecb574d",43.089564,-70.865722,3,NA,NA,NA,NA,NA,"2023-05-19T08:39:38",19,5,2023,2304415,2304415,"HUMAN_OBSERVATION","iNaturalist","Observations","162474438","","Drew Villeneuve",2023-05-19 13:49:36,"CC_BY_NC_4_0","Drew Villeneuve","Drew Villeneuve",NA,NA,2025-06-07 00:07:03.399,"StillImage","COORDINATE_ROUNDED;CONTINENT_DERIVED_FROM_COORDINATES;TAXON_MATCH_TAXON_ID_IGNORED"
4116597133,"50c9509d-22c7-4a22-a47d-8c48425ef4a7","https://www.inaturalist.org/observations/161598765","Animalia","Mollusca","Gastropoda","Neogastropoda","Muricidae","Urosalpinx","Urosalpinx cinerea",NA,"SPECIES","Urosalpinx cinerea (Say, 1822)","Urosalpinx cinerea","","US","","Rhode Island","PRESENT",NA,"28eb1a3f-1c15-4a95-931a-4af90ecb574d",41.681184,-71.298913,164,NA,NA,NA,NA,NA,"2023-05-14T09:58:19",14,5,2023,2304415,2304415,"HUMAN_OBSERVATION","iNaturalist","Observations","161598765","","Branson Khounvichith",2023-05-14 15:18:07,"CC_BY_NC_4_0","rickclaypool","rickclaypool",NA,NA,2025-06-07 00:59:13.021,"StillImage","COORDINATE_ROUNDED;CONTINENT_DERIVED_FROM_COORDINATES;TAXON_MATCH_TAXON_ID_IGNORED"
4116353991,"50c9509d-22c7-4a22-a47d-8c48425ef4a7","https://www.inaturalist.org/observations/160951613","Animalia","Mollusca","Gastropoda","Neogastropoda","Muricidae","Urosalpinx","Urosalpinx cinerea",NA,"SPECIES","Urosalpinx cinerea (Say, 1822)","Urosalpinx cinerea","","US","","New Hampshire","PRESENT",NA,"28eb1a3f-1c15-4a95-931a-4af90ecb574d",43.08955,-70.8657,4,NA,NA,NA,NA,NA,"2023-05-09T10:32:15",9,5,2023,2304415,2304415,"HUMAN_OBSERVATION","iNaturalist","Observations","160951613","","Drew Villeneuve",2023-05-10 18:53:05,"CC_BY_NC_4_0","Drew Villeneuve","Drew Villeneuve",NA,NA,2025-06-07 02:04:36.294,"StillImage","CONTINENT_DERIVED_FROM_COORDINATES;TAXON_MATCH_TAXON_ID_IGNORED"
4112175664,"50c9509d-22c7-4a22-a47d-8c48425ef4a7","https://www.inaturalist.org/observations/160136994","Animalia","Mollusca","Gastropoda","Neogastropoda","Muricidae","Urosalpinx","Urosalpinx cinerea",NA,"SPECIES","Urosalpinx cinerea (Say, 1822)","Urosalpinx cinerea","","US","","Connecticut","PRESENT",NA,"28eb1a3f-1c15-4a95-931a-4af90ecb574d",41.270263,-72.905083,4,NA,NA,NA,NA,NA,"2023-05-06T14:41:39",6,5,2023,2304415,2304415,"HUMAN_OBSERVATION","iNaturalist","Observations","160136994","","Bobby McCabe",2023-05-06 19:12:13,"CC_BY_4_0","Bobby McCabe","Bobby McCabe",NA,NA,2025-06-07 00:34:26.456,"StillImage","COORDINATE_ROUNDED;CONTINENT_DERIVED_FROM_COORDINATES;TAXON_MATCH_TAXON_ID_IGNORED"
4111908630,"50c9509d-22c7-4a22-a47d-8c48425ef4a7","https://www.inaturalist.org/observations/160136308","Animalia","Mollusca","Gastropoda","Neogastropoda","Muricidae","Urosalpinx","Urosalpinx cinerea",NA,"SPECIES","Urosalpinx cinerea (Say, 1822)","Urosalpinx cinerea","","US","","Connecticut","PRESENT",NA,"28eb1a3f-1c15-4a95-931a-4af90ecb574d",41.269512,-72.903442,4,NA,NA,NA,NA,NA,"2023-05-06T14:33:39",6,5,2023,2304415,2304415,"HUMAN_OBSERVATION","iNaturalist","Observations","160136308","","Parsa Fard",2023-05-06 22:04:46,"CC_BY_4_0","Bobby McCabe","Bobby McCabe",NA,NA,2025-06-07 01:36:13.358,"StillImage","COORDINATE_ROUNDED;CONTINENT_DERIVED_FROM_COORDINATES;TAXON_MATCH_TAXON_ID_IGNORED"
4111797795,"50c9509d-22c7-4a22-a47d-8c48425ef4a7","https://www.inaturalist.org/observations/159295047","Animalia","Mollusca","Gastropoda","Neogastropoda","Muricidae","Urosalpinx","Urosalpinx cinerea",NA,"SPECIES","Urosalpinx cinerea (Say, 1822)","Urosalpinx cinerea","","US","","New York","PRESENT",NA,"28eb1a3f-1c15-4a95-931a-4af90ecb574d",40.502494,-74.227992,55,NA,NA,NA,NA,NA,"2023-04-30T10:43",30,4,2023,2304415,2304415,"HUMAN_OBSERVATION","iNaturalist","Observations","159295047","","Sara Rall",2023-05-02 23:03:52,"CC_BY_NC_4_0","Sara Rall","Sara Rall",NA,NA,2025-06-07 00:59:37.37,"StillImage","COORDINATE_ROUNDED;CONTINENT_DERIVED_FROM_COORDINATES;TAXON_MATCH_TAXON_ID_IGNORED"
4111765757,"50c9509d-22c7-4a22-a47d-8c48425ef4a7","https://www.inaturalist.org/observations/159227914","Animalia","Mollusca","Gastropoda","Neogastropoda","Muricidae","Urosalpinx","Urosalpinx cinerea",NA,"SPECIES","Urosalpinx cinerea (Say, 1822)","Urosalpinx cinerea","","US","","New York","PRESENT",NA,"28eb1a3f-1c15-4a95-931a-4af90ecb574d",40.511015,-74.209897,37,NA,NA,NA,NA,NA,"2023-04-30T10:00",30,4,2023,2304415,2304415,"HUMAN_OBSERVATION","iNaturalist","Observations","159227914","","Sara Rall",2023-05-02 18:20:28,"CC_BY_NC_4_0","Sara Rall","Sara Rall",NA,NA,2025-06-07 00:53:13.808,"StillImage","COORDINATE_ROUNDED;CONTINENT_DERIVED_FROM_COORDINATES;TAXON_MATCH_TAXON_ID_IGNORED"
4111661757,"50c9509d-22c7-4a22-a47d-8c48425ef4a7","https://www.inaturalist.org/observations/159296455","Animalia","Mollusca","Gastropoda","Neogastropoda","Muricidae","Urosalpinx","Urosalpinx cinerea",NA,"SPECIES","Urosalpinx cinerea (Say, 1822)","Urosalpinx cinerea","","US","","Connecticut","PRESENT",NA,"28eb1a3f-1c15-4a95-931a-4af90ecb574d",41.111592,-73.334945,8,NA,NA,NA,NA,NA,"2023-05-01T16:58:46",1,5,2023,2304415,2304415,"HUMAN_OBSERVATION","iNaturalist","Observations","159296455","","Nicki Fallon",2023-05-02 23:10:34,"CC_BY_NC_4_0","Nicki Fallon","Nicki Fallon",NA,NA,2025-06-07 01:23:37.259,"StillImage","COORDINATE_ROUNDED;CONTINENT_DERIVED_FROM_COORDINATES;TAXON_MATCH_TAXON_ID_IGNORED"
4108530025,"492d63a8-4978-4bc7-acd8-7d0e3ac0e744","miljodir:vannmiljo:76588849","Animalia","Mollusca","Gastropoda","Neogastropoda","Muricidae","Urosalpinx","Urosalpinx cinerea",NA,"SPECIES","Urosalpinx cinerea (Say, 1822)","Urosalpinx cinerea","","NO","","Gildeskål","PRESENT",1,"d3978a37-635a-4ae3-bb85-7b4d41bc0b88",67.17028,14.294001,1000,NA,0,0,NA,NA,"2020-04-05",5,4,2020,2304415,2304415,"HUMAN_OBSERVATION","miljodir","vannmiljo","76588849","","Aqua kompetanse AS",NA,"CC_BY_4_0","","Aqua kompetanse AS",NA,NA,2025-06-10 12:55:04.142,"","COORDINATE_ROUNDED;GEODETIC_DATUM_ASSUMED_WGS84;CONTINENT_DERIVED_FROM_COORDINATES;OCCURRENCE_STATUS_INFERRED_FROM_INDIVIDUAL_COUNT"
4107795074,"492d63a8-4978-4bc7-acd8-7d0e3ac0e744","miljodir:vannmiljo:76588658","Animalia","Mollusca","Gastropoda","Neogastropoda","Muricidae","Urosalpinx","Urosalpinx cinerea",NA,"SPECIES","Urosalpinx cinerea (Say, 1822)","Urosalpinx cinerea","","NO","","Gildeskål","PRESENT",1,"d3978a37-635a-4ae3-bb85-7b4d41bc0b88",67.169688,14.292844,1000,NA,0,0,NA,NA,"2020-04-05",5,4,2020,2304415,2304415,"HUMAN_OBSERVATION","miljodir","vannmiljo","76588658","","Aqua kompetanse AS",NA,"CC_BY_4_0","","Aqua kompetanse AS",NA,NA,2025-06-10 12:54:37.192,"","COORDINATE_ROUNDED;GEODETIC_DATUM_ASSUMED_WGS84;CONTINENT_DERIVED_FROM_COORDINATES;OCCURRENCE_STATUS_INFERRED_FROM_INDIVIDUAL_COUNT"
4096670516,"50c9509d-22c7-4a22-a47d-8c48425ef4a7","https://www.inaturalist.org/observations/156297809","Animalia","Mollusca","Gastropoda","Neogastropoda","Muricidae","Urosalpinx","Urosalpinx cinerea",NA,"SPECIES","Urosalpinx cinerea (Say, 1822)","Urosalpinx cinerea","","US","","California","PRESENT",NA,"28eb1a3f-1c15-4a95-931a-4af90ecb574d",37.590393,-122.334093,515,NA,NA,NA,NA,NA,"2023-04-23T12:53:53",23,4,2023,2304415,2304415,"HUMAN_OBSERVATION","iNaturalist","Observations","156297809","","Parsa Fard",2023-04-23 20:03:49,"CC_BY_4_0","Parsa Fard","Parsa Fard",NA,NA,2025-06-07 00:40:02.932,"StillImage","COORDINATE_ROUNDED;CONTINENT_DERIVED_FROM_COORDINATES;TAXON_MATCH_TAXON_ID_IGNORED"
4096597487,"50c9509d-22c7-4a22-a47d-8c48425ef4a7","https://www.inaturalist.org/observations/156277496","Animalia","Mollusca","Gastropoda","Neogastropoda","Muricidae","Urosalpinx","Urosalpinx cinerea",NA,"SPECIES","Urosalpinx cinerea (Say, 1822)","Urosalpinx cinerea","","US","","California","PRESENT",NA,"28eb1a3f-1c15-4a95-931a-4af90ecb574d",37.589478,-122.334275,31,NA,NA,NA,NA,NA,"2023-04-23T09:03:12",23,4,2023,2304415,2304415,"HUMAN_OBSERVATION","iNaturalist","Observations","156277496","","Parsa Fard",2023-04-23 18:14:50,"CC_BY_4_0","Parsa Fard","Parsa Fard",NA,NA,2025-06-07 02:55:00.586,"StillImage","COORDINATE_ROUNDED;CONTINENT_DERIVED_FROM_COORDINATES;TAXON_MATCH_TAXON_ID_IGNORED"
4096580465,"50c9509d-22c7-4a22-a47d-8c48425ef4a7","https://www.inaturalist.org/observations/156277795","Animalia","Mollusca","Gastropoda","Neogastropoda","Muricidae","Urosalpinx","Urosalpinx cinerea",NA,"SPECIES","Urosalpinx cinerea (Say, 1822)","Urosalpinx cinerea","","US","","California","PRESENT",NA,"28eb1a3f-1c15-4a95-931a-4af90ecb574d",37.588592,-122.334358,9,NA,NA,NA,NA,NA,"2023-04-23T08:52:55",23,4,2023,2304415,2304415,"HUMAN_OBSERVATION","iNaturalist","Observations","156277795","","Parsa Fard",2023-04-23 18:16:22,"CC_BY_4_0","Parsa Fard","Parsa Fard",NA,NA,2025-06-07 00:07:49.714,"StillImage","COORDINATE_ROUNDED;CONTINENT_DERIVED_FROM_COORDINATES;TAXON_MATCH_TAXON_ID_IGNORED"
4096516954,"50c9509d-22c7-4a22-a47d-8c48425ef4a7","https://www.inaturalist.org/observations/155754619","Animalia","Mollusca","Gastropoda","Neogastropoda","Muricidae","Urosalpinx","Urosalpinx cinerea",NA,"SPECIES","Urosalpinx cinerea (Say, 1822)","Urosalpinx cinerea","","US","","South Carolina","PRESENT",NA,"28eb1a3f-1c15-4a95-931a-4af90ecb574d",33.331978,-79.165475,4,NA,NA,NA,NA,NA,"2023-04-12T10:04:23",12,4,2023,2304415,2304415,"HUMAN_OBSERVATION","iNaturalist","Observations","155754619","","karolinakaczmarski",2023-04-20 15:06:01,"CC_BY_NC_4_0","karolinakaczmarski","karolinakaczmarski",NA,NA,2025-06-07 02:48:32.805,"StillImage","COORDINATE_ROUNDED;CONTINENT_DERIVED_FROM_COORDINATES;TAXON_MATCH_TAXON_ID_IGNORED"
4091946374,"50c9509d-22c7-4a22-a47d-8c48425ef4a7","https://www.inaturalist.org/observations/84934177","Animalia","Mollusca","Gastropoda","Neogastropoda","Muricidae","Urosalpinx","Urosalpinx cinerea",NA,"SPECIES","Urosalpinx cinerea (Say, 1822)","Urosalpinx cinerea","","US","","New York","PRESENT",NA,"28eb1a3f-1c15-4a95-931a-4af90ecb574d",41.067756,-72.459595,5,NA,NA,NA,NA,NA,"2021-06-28T16:10:30",28,6,2021,2304415,2304415,"HUMAN_OBSERVATION","iNaturalist","Observations","84934177","","carolinegardener1",2021-06-29 03:29:17,"CC_BY_NC_4_0","carolinegardener1","carolinegardener1",NA,NA,2025-06-07 00:11:19.483,"StillImage","COORDINATE_ROUNDED;CONTINENT_DERIVED_FROM_COORDINATES;TAXON_MATCH_TAXON_ID_IGNORED"
4091940191,"50c9509d-22c7-4a22-a47d-8c48425ef4a7","https://www.inaturalist.org/observations/155023858","Animalia","Mollusca","Gastropoda","Neogastropoda","Muricidae","Urosalpinx","Urosalpinx cinerea",NA,"SPECIES","Urosalpinx cinerea (Say, 1822)","Urosalpinx cinerea","","US","","Maine","PRESENT",NA,"28eb1a3f-1c15-4a95-931a-4af90ecb574d",43.851713,-69.973717,3,NA,NA,NA,NA,NA,"2023-04-15T15:13:33",15,4,2023,2304415,2304415,"HUMAN_OBSERVATION","iNaturalist","Observations","155023858","","Drew Villeneuve",2023-04-15 19:16:48,"CC_BY_NC_4_0","Drew Villeneuve","Drew Villeneuve",NA,NA,2025-06-07 01:51:55.053,"StillImage","COORDINATE_ROUNDED;CONTINENT_DERIVED_FROM_COORDINATES;TAXON_MATCH_TAXON_ID_IGNORED"
4080743457,"50c9509d-22c7-4a22-a47d-8c48425ef4a7","https://www.inaturalist.org/observations/154220702","Animalia","Mollusca","Gastropoda","Neogastropoda","Muricidae","Urosalpinx","Urosalpinx cinerea",NA,"SPECIES","Urosalpinx cinerea (Say, 1822)","Urosalpinx cinerea","","US","","California","PRESENT",NA,"28eb1a3f-1c15-4a95-931a-4af90ecb574d",38.117231,-122.874463,NA,NA,NA,NA,NA,NA,"2023-04-09T15:46:28",9,4,2023,2304415,2304415,"HUMAN_OBSERVATION","iNaturalist","Observations","154220702","","Parsa Fard",2023-04-10 06:24:29,"CC_BY_NC_4_0","Ian R. Clark","Ian R. Clark",NA,NA,2025-06-07 00:52:25.635,"StillImage","COORDINATE_ROUNDED;CONTINENT_DERIVED_FROM_COORDINATES;TAXON_MATCH_TAXON_ID_IGNORED"
4075979245,"50c9509d-22c7-4a22-a47d-8c48425ef4a7","https://www.inaturalist.org/observations/152872300","Animalia","Mollusca","Gastropoda","Neogastropoda","Muricidae","Urosalpinx","Urosalpinx cinerea",NA,"SPECIES","Urosalpinx cinerea (Say, 1822)","Urosalpinx cinerea","","US","","Rhode Island","PRESENT",NA,"28eb1a3f-1c15-4a95-931a-4af90ecb574d",41.30593,-71.884189,33,NA,NA,NA,NA,NA,"2023-03-26T16:50",26,3,2023,2304415,2304415,"HUMAN_OBSERVATION","iNaturalist","Observations","152872300","","Branson Khounvichith",2023-03-30 22:31:53,"CC_BY_NC_4_0","Ray G. Cama","Ray G. Cama",NA,NA,2025-06-07 00:07:04.148,"StillImage","COORDINATE_ROUNDED;CONTINENT_DERIVED_FROM_COORDINATES;TAXON_MATCH_TAXON_ID_IGNORED"
4075909189,"50c9509d-22c7-4a22-a47d-8c48425ef4a7","https://www.inaturalist.org/observations/152872029","Animalia","Mollusca","Gastropoda","Neogastropoda","Muricidae","Urosalpinx","Urosalpinx cinerea",NA,"SPECIES","Urosalpinx cinerea (Say, 1822)","Urosalpinx cinerea","","US","","Rhode Island","PRESENT",NA,"28eb1a3f-1c15-4a95-931a-4af90ecb574d",41.305944,-71.884175,44,NA,NA,NA,NA,NA,"2023-03-26T16:50",26,3,2023,2304415,2304415,"HUMAN_OBSERVATION","iNaturalist","Observations","152872029","","Branson Khounvichith",2023-03-30 22:33:26,"CC_BY_NC_4_0","Ray G. Cama","Ray G. Cama",NA,NA,2025-06-07 00:25:08.917,"StillImage","COORDINATE_ROUNDED;CONTINENT_DERIVED_FROM_COORDINATES;TAXON_MATCH_TAXON_ID_IGNORED"
4075648949,"50c9509d-22c7-4a22-a47d-8c48425ef4a7","https://www.inaturalist.org/observations/151642529","Animalia","Mollusca","Gastropoda","Neogastropoda","Muricidae","Urosalpinx","Urosalpinx cinerea",NA,"SPECIES","Urosalpinx cinerea (Say, 1822)","Urosalpinx cinerea","","US","","Massachusetts","PRESENT",NA,"28eb1a3f-1c15-4a95-931a-4af90ecb574d",41.609962,-70.904834,112,NA,NA,NA,NA,NA,"2023-03-18T13:00",18,3,2023,2304415,2304415,"HUMAN_OBSERVATION","iNaturalist","Observations","151642529","","Kayla M Thomas",2023-03-19 19:24:25,"CC_BY_NC_4_0","Kayla M Thomas","Kayla M Thomas",NA,NA,2025-06-07 00:06:36.586,"StillImage","COORDINATE_ROUNDED;CONTINENT_DERIVED_FROM_COORDINATES;TAXON_MATCH_TAXON_ID_IGNORED"
4075639936,"50c9509d-22c7-4a22-a47d-8c48425ef4a7","https://www.inaturalist.org/observations/151536738","Animalia","Mollusca","Gastropoda","Neogastropoda","Muricidae","Urosalpinx","Urosalpinx cinerea",NA,"SPECIES","Urosalpinx cinerea (Say, 1822)","Urosalpinx cinerea","","US","","Massachusetts","PRESENT",NA,"28eb1a3f-1c15-4a95-931a-4af90ecb574d",41.610022,-70.905472,35,NA,NA,NA,NA,NA,"2023-03-18T13:17:48",18,3,2023,2304415,2304415,"HUMAN_OBSERVATION","iNaturalist","Observations","151536738","","Kayla M Thomas",2023-03-18 22:11:12,"CC_BY_NC_4_0","Kayla M Thomas","Kayla M Thomas",NA,NA,2025-06-07 00:08:19.648,"StillImage","COORDINATE_ROUNDED;CONTINENT_DERIVED_FROM_COORDINATES;TAXON_MATCH_TAXON_ID_IGNORED"
4075571955,"50c9509d-22c7-4a22-a47d-8c48425ef4a7","https://www.inaturalist.org/observations/151409359","Animalia","Mollusca","Gastropoda","Neogastropoda","Muricidae","Urosalpinx","Urosalpinx cinerea",NA,"SPECIES","Urosalpinx cinerea (Say, 1822)","Urosalpinx cinerea","","US","","Connecticut","PRESENT",NA,"28eb1a3f-1c15-4a95-931a-4af90ecb574d",41.114881,-73.321569,9,NA,NA,NA,NA,NA,"2023-03-17T14:32:56",17,3,2023,2304415,2304415,"HUMAN_OBSERVATION","iNaturalist","Observations","151409359","","Sarah Wilson",2023-03-17 18:34:14,"CC_BY_NC_4_0","Sarah Wilson","Sarah Wilson",NA,NA,2025-06-07 00:56:19.914,"StillImage","COORDINATE_ROUNDED;CONTINENT_DERIVED_FROM_COORDINATES;TAXON_MATCH_TAXON_ID_IGNORED"
4067539568,"50c9509d-22c7-4a22-a47d-8c48425ef4a7","https://www.inaturalist.org/observations/151794364","Animalia","Mollusca","Gastropoda","Neogastropoda","Muricidae","Urosalpinx","Urosalpinx cinerea",NA,"SPECIES","Urosalpinx cinerea (Say, 1822)","Urosalpinx cinerea","","US","","New York","PRESENT",NA,"28eb1a3f-1c15-4a95-931a-4af90ecb574d",40.501245,-74.253544,122,NA,NA,NA,NA,NA,"2023-03-20T18:36",20,3,2023,2304415,2304415,"HUMAN_OBSERVATION","iNaturalist","Observations","151794364","","stephanie_nyc",2023-03-21 03:07:36,"CC_BY_NC_4_0","stephanie_nyc","stephanie_nyc",NA,NA,2025-06-07 00:55:37.429,"StillImage","COORDINATE_ROUNDED;CONTINENT_DERIVED_FROM_COORDINATES;TAXON_MATCH_TAXON_ID_IGNORED"
4062596031,"50c9509d-22c7-4a22-a47d-8c48425ef4a7","https://www.inaturalist.org/observations/150846236","Animalia","Mollusca","Gastropoda","Neogastropoda","Muricidae","Urosalpinx","Urosalpinx cinerea",NA,"SPECIES","Urosalpinx cinerea (Say, 1822)","Urosalpinx cinerea","","US","","California","PRESENT",NA,"28eb1a3f-1c15-4a95-931a-4af90ecb574d",37.705662,-122.39267,10,NA,NA,NA,NA,NA,"2023-03-08T14:18:08",8,3,2023,2304415,2304415,"HUMAN_OBSERVATION","iNaturalist","Observations","150846236","","Olivia VanDamme",2023-03-11 19:43:50,"CC_BY_NC_4_0","Olivia VanDamme","Olivia VanDamme",NA,NA,2025-06-07 02:00:19.098,"StillImage","COORDINATE_ROUNDED;CONTINENT_DERIVED_FROM_COORDINATES;TAXON_MATCH_TAXON_ID_IGNORED"
4039178657,"50c9509d-22c7-4a22-a47d-8c48425ef4a7","https://www.inaturalist.org/observations/149075339","Animalia","Mollusca","Gastropoda","Neogastropoda","Muricidae","Urosalpinx","Urosalpinx cinerea",NA,"SPECIES","Urosalpinx cinerea (Say, 1822)","Urosalpinx cinerea","","US","","Rhode Island","PRESENT",NA,"28eb1a3f-1c15-4a95-931a-4af90ecb574d",41.480283,-71.238543,2,NA,NA,NA,NA,NA,"2023-02-18T12:01",18,2,2023,2304415,2304415,"HUMAN_OBSERVATION","iNaturalist","Observations","149075339","","Tom Walker",2023-02-18 21:50:54,"CC_BY_NC_4_0","Tom Walker","Tom Walker",NA,NA,2025-06-07 00:47:54.77,"StillImage","COORDINATE_ROUNDED;CONTINENT_DERIVED_FROM_COORDINATES;TAXON_MATCH_TAXON_ID_IGNORED"
4034861659,"50c9509d-22c7-4a22-a47d-8c48425ef4a7","https://www.inaturalist.org/observations/148399739","Animalia","Mollusca","Gastropoda","Neogastropoda","Muricidae","Urosalpinx","Urosalpinx cinerea",NA,"SPECIES","Urosalpinx cinerea (Say, 1822)","Urosalpinx cinerea","","US","","Massachusetts","PRESENT",NA,"28eb1a3f-1c15-4a95-931a-4af90ecb574d",41.482088,-71.037779,NA,NA,NA,NA,NA,NA,"2023-02-09T10:36:51",9,2,2023,2304415,2304415,"HUMAN_OBSERVATION","iNaturalist","Observations","148399739","","Tyler Ekholm",2023-02-09 19:45:26,"CC_BY_4_0","Tyler Ekholm","Tyler Ekholm",NA,NA,2025-06-07 01:54:40.37,"StillImage","COORDINATE_ROUNDED;CONTINENT_DERIVED_FROM_COORDINATES;TAXON_MATCH_TAXON_ID_IGNORED"
4029220714,"50c9509d-22c7-4a22-a47d-8c48425ef4a7","https://www.inaturalist.org/observations/148146018","Animalia","Mollusca","Gastropoda","Neogastropoda","Muricidae","Urosalpinx","Urosalpinx cinerea",NA,"SPECIES","Urosalpinx cinerea (Say, 1822)","Urosalpinx cinerea","","US","","New York","PRESENT",NA,"28eb1a3f-1c15-4a95-931a-4af90ecb574d",40.582722,-73.919144,50,NA,NA,NA,NA,NA,"2023-02-05T15:01:22",5,2,2023,2304415,2304415,"HUMAN_OBSERVATION","iNaturalist","Observations","148146018","","Zihao Wang",2023-02-06 00:53:51,"CC_BY_4_0","Zihao Wang","Zihao Wang",NA,NA,2025-06-07 00:51:50.229,"StillImage","COORDINATE_ROUNDED;CONTINENT_DERIVED_FROM_COORDINATES;TAXON_MATCH_TAXON_ID_IGNORED"
4029116804,"50c9509d-22c7-4a22-a47d-8c48425ef4a7","https://www.inaturalist.org/observations/147863996","Animalia","Mollusca","Gastropoda","Neogastropoda","Muricidae","Urosalpinx","Urosalpinx cinerea",NA,"SPECIES","Urosalpinx cinerea (Say, 1822)","Urosalpinx cinerea","","US","","California","PRESENT",NA,"28eb1a3f-1c15-4a95-931a-4af90ecb574d",37.544437,-122.22615,5,NA,NA,NA,NA,NA,"2023-02-01T16:54:57",1,2,2023,2304415,2304415,"HUMAN_OBSERVATION","iNaturalist","Observations","147863996","","ahaislip",2023-02-02 02:00:13,"CC0_1_0","ahaislip","ahaislip",NA,NA,2025-06-07 01:48:43.629,"StillImage","COORDINATE_ROUNDED;CONTINENT_DERIVED_FROM_COORDINATES;TAXON_MATCH_TAXON_ID_IGNORED"
4028948333,"50c9509d-22c7-4a22-a47d-8c48425ef4a7","https://www.inaturalist.org/observations/147721094","Animalia","Mollusca","Gastropoda","Neogastropoda","Muricidae","Urosalpinx","Urosalpinx cinerea",NA,"SPECIES","Urosalpinx cinerea (Say, 1822)","Urosalpinx cinerea","","US","","Connecticut","PRESENT",NA,"28eb1a3f-1c15-4a95-931a-4af90ecb574d",41.112814,-73.346014,50,NA,NA,NA,NA,NA,"2023-01-30T16:07",30,1,2023,2304415,2304415,"HUMAN_OBSERVATION","iNaturalist","Observations","147721094","","Simon Gurvets",2023-01-30 21:09:06,"CC_BY_NC_4_0","Simon Gurvets","Simon Gurvets",NA,NA,2025-06-07 01:09:04.83,"StillImage","COORDINATE_ROUNDED;CONTINENT_DERIVED_FROM_COORDINATES;TAXON_MATCH_TAXON_ID_IGNORED"
4028890918,"50c9509d-22c7-4a22-a47d-8c48425ef4a7","https://www.inaturalist.org/observations/147723044","Animalia","Mollusca","Gastropoda","Neogastropoda","Muricidae","Urosalpinx","Urosalpinx cinerea",NA,"SPECIES","Urosalpinx cinerea (Say, 1822)","Urosalpinx cinerea","","US","","New York","PRESENT",NA,"28eb1a3f-1c15-4a95-931a-4af90ecb574d",40.582853,-73.92365,22,NA,NA,NA,NA,NA,"2023-01-29T13:04:34",29,1,2023,2304415,2304415,"HUMAN_OBSERVATION","iNaturalist","Observations","147723044","","Sus scrofa",2023-01-30 21:42:44,"CC_BY_4_0","Sus scrofa","Sus scrofa",NA,NA,2025-06-07 00:45:57.315,"StillImage","COORDINATE_ROUNDED;CONTINENT_DERIVED_FROM_COORDINATES;TAXON_MATCH_TAXON_ID_IGNORED"
4028611111,"50c9509d-22c7-4a22-a47d-8c48425ef4a7","https://www.inaturalist.org/observations/141580642","Animalia","Mollusca","Gastropoda","Neogastropoda","Muricidae","Urosalpinx","Urosalpinx cinerea",NA,"SPECIES","Urosalpinx cinerea (Say, 1822)","Urosalpinx cinerea","","US","","New York","PRESENT",NA,"28eb1a3f-1c15-4a95-931a-4af90ecb574d",40.748855,-72.987734,1,NA,NA,NA,NA,NA,"2022-10-09",9,10,2022,2304415,2304415,"HUMAN_OBSERVATION","iNaturalist","Observations","141580642","","Doyeon Kim",2022-11-10 02:17:59,"CC_BY_NC_4_0","Doyeon Kim","Doyeon Kim",NA,NA,2025-06-07 01:18:09.408,"StillImage","CONTINENT_DERIVED_FROM_COORDINATES;TAXON_MATCH_TAXON_ID_IGNORED"
4014985743,"50c9509d-22c7-4a22-a47d-8c48425ef4a7","https://www.inaturalist.org/observations/145558815","Animalia","Mollusca","Gastropoda","Neogastropoda","Muricidae","Urosalpinx","Urosalpinx cinerea",NA,"SPECIES","Urosalpinx cinerea (Say, 1822)","Urosalpinx cinerea","","US","","Connecticut","PRESENT",NA,"28eb1a3f-1c15-4a95-931a-4af90ecb574d",41.298378,-72.24582,4,NA,NA,NA,NA,NA,"2022-12-28T12:21:09",28,12,2022,2304415,2304415,"HUMAN_OBSERVATION","iNaturalist","Observations","145558815","","Sawyer Baran",2023-01-01 06:16:15,"CC_BY_4_0","Sawyer Baran","Sawyer Baran",NA,NA,2025-06-07 00:45:01.901,"StillImage","COORDINATE_ROUNDED;CONTINENT_DERIVED_FROM_COORDINATES;TAXON_MATCH_TAXON_ID_IGNORED"
4014898809,"50c9509d-22c7-4a22-a47d-8c48425ef4a7","https://www.inaturalist.org/observations/145800358","Animalia","Mollusca","Gastropoda","Neogastropoda","Muricidae","Urosalpinx","Urosalpinx cinerea",NA,"SPECIES","Urosalpinx cinerea (Say, 1822)","Urosalpinx cinerea","","US","","Delaware","PRESENT",NA,"28eb1a3f-1c15-4a95-931a-4af90ecb574d",38.578818,-75.083657,122,NA,NA,NA,NA,NA,"2021-04-10T16:59",10,4,2021,2304415,2304415,"HUMAN_OBSERVATION","iNaturalist","Observations","145800358","","bev435",2023-01-04 02:55:15,"CC_BY_NC_4_0","bev435","bev435",NA,NA,2025-06-07 00:43:30.004,"StillImage","COORDINATE_ROUNDED;CONTINENT_DERIVED_FROM_COORDINATES;TAXON_MATCH_TAXON_ID_IGNORED"
4011695858,"50c9509d-22c7-4a22-a47d-8c48425ef4a7","https://www.inaturalist.org/observations/145355084","Animalia","Mollusca","Gastropoda","Neogastropoda","Muricidae","Urosalpinx","Urosalpinx cinerea",NA,"SPECIES","Urosalpinx cinerea (Say, 1822)","Urosalpinx cinerea","","US","","Rhode Island","PRESENT",NA,"28eb1a3f-1c15-4a95-931a-4af90ecb574d",41.480847,-71.238146,NA,NA,NA,NA,NA,NA,"2022-12-29T09:22:04",29,12,2022,2304415,2304415,"HUMAN_OBSERVATION","iNaturalist","Observations","145355084","","Tyler Ekholm",2022-12-29 15:44:42,"CC_BY_4_0","Tyler Ekholm","Tyler Ekholm",NA,NA,2025-06-07 01:04:16.605,"StillImage","COORDINATE_ROUNDED;CONTINENT_DERIVED_FROM_COORDINATES;TAXON_MATCH_TAXON_ID_IGNORED"
4011522045,"50c9509d-22c7-4a22-a47d-8c48425ef4a7","https://www.inaturalist.org/observations/145518327","Animalia","Mollusca","Gastropoda","Neogastropoda","Muricidae","Urosalpinx","Urosalpinx cinerea",NA,"SPECIES","Urosalpinx cinerea (Say, 1822)","Urosalpinx cinerea","","US","","New York","PRESENT",NA,"28eb1a3f-1c15-4a95-931a-4af90ecb574d",40.589847,-73.554168,23,NA,NA,NA,NA,NA,"2022-12-30T11:31",30,12,2022,2304415,2304415,"HUMAN_OBSERVATION","iNaturalist","Observations","145518327","","randy6410",2022-12-31 18:17:20,"CC_BY_NC_4_0","randy6410","randy6410",NA,NA,2025-06-07 00:56:45.331,"StillImage","COORDINATE_ROUNDED;CONTINENT_DERIVED_FROM_COORDINATES;TAXON_MATCH_TAXON_ID_IGNORED"
3994247726,"50c9509d-22c7-4a22-a47d-8c48425ef4a7","https://www.inaturalist.org/observations/143884940","Animalia","Mollusca","Gastropoda","Neogastropoda","Muricidae","Urosalpinx","Urosalpinx cinerea",NA,"SPECIES","Urosalpinx cinerea (Say, 1822)","Urosalpinx cinerea","","CA","","New Brunswick","PRESENT",NA,"28eb1a3f-1c15-4a95-931a-4af90ecb574d",45.728951,-64.490531,NA,NA,NA,NA,NA,NA,"2022-12-07T13:34:16",7,12,2022,2304415,2304415,"HUMAN_OBSERVATION","iNaturalist","Observations","143884940","","sebastienbenoit",2022-12-07 19:38:44,"CC_BY_NC_4_0","sebastienbenoit","sebastienbenoit",NA,NA,2025-06-07 01:07:33.288,"StillImage","CONTINENT_DERIVED_FROM_COORDINATES;TAXON_MATCH_TAXON_ID_IGNORED"
3994239364,"50c9509d-22c7-4a22-a47d-8c48425ef4a7","https://www.inaturalist.org/observations/75442017","Animalia","Mollusca","Gastropoda","Neogastropoda","Muricidae","Urosalpinx","Urosalpinx cinerea",NA,"SPECIES","Urosalpinx cinerea (Say, 1822)","Urosalpinx cinerea","","US","","South Carolina","PRESENT",NA,"28eb1a3f-1c15-4a95-931a-4af90ecb574d",33.335167,-79.194491,33,NA,NA,NA,NA,NA,"2021-04-22T13:04:22",22,4,2021,2304415,2304415,"HUMAN_OBSERVATION","iNaturalist","Observations","75442017","","Gary Rosenberg",2021-04-28 23:54:21,"CC_BY_NC_4_0","mglovins","mglovins",NA,NA,2025-06-07 00:55:04.424,"StillImage","COORDINATE_ROUNDED;CONTINENT_DERIVED_FROM_COORDINATES;TAXON_MATCH_TAXON_ID_IGNORED"
3994136749,"50c9509d-22c7-4a22-a47d-8c48425ef4a7","https://www.inaturalist.org/observations/143885030","Animalia","Mollusca","Gastropoda","Neogastropoda","Muricidae","Urosalpinx","Urosalpinx cinerea",NA,"SPECIES","Urosalpinx cinerea (Say, 1822)","Urosalpinx cinerea","","CA","","New Brunswick","PRESENT",NA,"28eb1a3f-1c15-4a95-931a-4af90ecb574d",45.72868,-64.490015,NA,NA,NA,NA,NA,NA,"2022-12-07T14:00:29",7,12,2022,2304415,2304415,"HUMAN_OBSERVATION","iNaturalist","Observations","143885030","","sebastienbenoit",2022-12-07 19:40:00,"CC_BY_NC_4_0","sebastienbenoit","sebastienbenoit",NA,NA,2025-06-07 00:58:48.322,"StillImage","COORDINATE_ROUNDED;CONTINENT_DERIVED_FROM_COORDINATES;TAXON_MATCH_TAXON_ID_IGNORED"
3994114363,"50c9509d-22c7-4a22-a47d-8c48425ef4a7","https://www.inaturalist.org/observations/75429172","Animalia","Mollusca","Gastropoda","Neogastropoda","Muricidae","Urosalpinx","Urosalpinx cinerea",NA,"SPECIES","Urosalpinx cinerea (Say, 1822)","Urosalpinx cinerea","","US","","South Carolina","PRESENT",NA,"28eb1a3f-1c15-4a95-931a-4af90ecb574d",33.276641,-79.235359,5178,NA,NA,NA,NA,NA,"2021-04-22T13:04:23",22,4,2021,2304415,2304415,"HUMAN_OBSERVATION","iNaturalist","Observations","75429172","","hannahaycock",2021-04-27 14:51:19,"CC_BY_NC_4_0","hannahaycock","hannahaycock",NA,NA,2025-06-07 00:28:21.16,"StillImage","COORDINATE_ROUNDED;CONTINENT_DERIVED_FROM_COORDINATES;TAXON_MATCH_TAXON_ID_IGNORED"
3994089304,"50c9509d-22c7-4a22-a47d-8c48425ef4a7","http://www.inaturalist.org/observations/4142341","Animalia","Mollusca","Gastropoda","Neogastropoda","Muricidae","Urosalpinx","Urosalpinx cinerea",NA,"SPECIES","Urosalpinx cinerea (Say, 1822)","Urosalpinx cinerea","","US","","New York","PRESENT",NA,"28eb1a3f-1c15-4a95-931a-4af90ecb574d",40.696433,-73.999268,8,NA,NA,NA,NA,NA,"2016-09-18T17:41:21",18,9,2016,2304415,2304415,"HUMAN_OBSERVATION","iNaturalist","Observations","4142341","","Gary Rosenberg",2020-11-20 04:58:39,"CC_BY_NC_4_0","sara620","sara620",NA,NA,2025-06-07 00:55:41.682,"StillImage","COORDINATE_ROUNDED;CONTINENT_DERIVED_FROM_COORDINATES;TAXON_MATCH_TAXON_ID_IGNORED"
3988623512,"50c9509d-22c7-4a22-a47d-8c48425ef4a7","https://www.inaturalist.org/observations/129837984","Animalia","Mollusca","Gastropoda","Neogastropoda","Muricidae","Urosalpinx","Urosalpinx cinerea",NA,"SPECIES","Urosalpinx cinerea (Say, 1822)","Urosalpinx cinerea","","US","","North Carolina","PRESENT",NA,"28eb1a3f-1c15-4a95-931a-4af90ecb574d",33.904927,-78.392455,12,NA,NA,NA,NA,NA,"2022-08-06T23:17:12",6,8,2022,2304415,2304415,"HUMAN_OBSERVATION","iNaturalist","Observations","129837984","","Nick Abbate",2022-08-07 15:45:05,"CC_BY_4_0","Nick Abbate","Nick Abbate",NA,NA,2025-06-07 00:06:10.658,"StillImage","COORDINATE_ROUNDED;CONTINENT_DERIVED_FROM_COORDINATES;TAXON_MATCH_TAXON_ID_IGNORED"
3988464670,"50c9509d-22c7-4a22-a47d-8c48425ef4a7","https://www.inaturalist.org/observations/143117043","Animalia","Mollusca","Gastropoda","Neogastropoda","Muricidae","Urosalpinx","Urosalpinx cinerea",NA,"SPECIES","Urosalpinx cinerea (Say, 1822)","Urosalpinx cinerea","","US","","Florida","PRESENT",NA,"28eb1a3f-1c15-4a95-931a-4af90ecb574d",29.134492,-83.036336,1,NA,NA,NA,NA,NA,"2022-11-23T09:23:33",23,11,2022,2304415,2304415,"HUMAN_OBSERVATION","iNaturalist","Observations","143117043","","jerseysheller",2022-11-28 00:08:00,"CC_BY_NC_4_0","jerseysheller","jerseysheller",NA,NA,2025-06-07 00:22:25.986,"StillImage","CONTINENT_DERIVED_FROM_COORDINATES;TAXON_MATCH_TAXON_ID_IGNORED"
3986244918,"50c9509d-22c7-4a22-a47d-8c48425ef4a7","https://www.inaturalist.org/observations/142761601","Animalia","Mollusca","Gastropoda","Neogastropoda","Muricidae","Urosalpinx","Urosalpinx cinerea",NA,"SPECIES","Urosalpinx cinerea (Say, 1822)","Urosalpinx cinerea","","US","","North Carolina","PRESENT",NA,"28eb1a3f-1c15-4a95-931a-4af90ecb574d",34.69405,-76.619737,4,NA,NA,NA,NA,NA,"2022-10-10T13:36:43",10,10,2022,2304415,2304415,"HUMAN_OBSERVATION","iNaturalist","Observations","142761601","","annagibbons142",2022-11-24 18:04:35,"CC_BY_NC_4_0","annagibbons142","annagibbons142",NA,NA,2025-06-07 01:05:47.257,"StillImage","COORDINATE_ROUNDED;CONTINENT_DERIVED_FROM_COORDINATES;TAXON_MATCH_TAXON_ID_IGNORED"
3986095770,"50c9509d-22c7-4a22-a47d-8c48425ef4a7","https://www.inaturalist.org/observations/136879488","Animalia","Mollusca","Gastropoda","Neogastropoda","Muricidae","Urosalpinx","Urosalpinx cinerea",NA,"SPECIES","Urosalpinx cinerea (Say, 1822)","Urosalpinx cinerea","","US","","New Jersey","PRESENT",NA,"28eb1a3f-1c15-4a95-931a-4af90ecb574d",40.419083,-73.986542,4,NA,NA,NA,NA,NA,"2022-09-26T17:01:55",26,9,2022,2304415,2304415,"HUMAN_OBSERVATION","iNaturalist","Observations","136879488","","gwt2102",2022-09-29 03:28:12,"CC_BY_NC_4_0","gwt2102","gwt2102",NA,NA,2025-06-07 00:36:14.63,"StillImage","COORDINATE_ROUNDED;CONTINENT_DERIVED_FROM_COORDINATES;TAXON_MATCH_TAXON_ID_IGNORED"
3986051437,"50c9509d-22c7-4a22-a47d-8c48425ef4a7","https://www.inaturalist.org/observations/143274969","Animalia","Mollusca","Gastropoda","Neogastropoda","Muricidae","Urosalpinx","Urosalpinx cinerea",NA,"SPECIES","Urosalpinx cinerea (Say, 1822)","Urosalpinx cinerea","","US","","Rhode Island","PRESENT",NA,"28eb1a3f-1c15-4a95-931a-4af90ecb574d",41.477703,-71.31855,111,NA,NA,NA,NA,NA,"2022-10-21T11:51:12",21,10,2022,2304415,2304415,"HUMAN_OBSERVATION","iNaturalist","Observations","143274969","","Branson Khounvichith",2022-11-29 18:23:16,"CC_BY_NC_4_0","nloon","nloon",NA,NA,2025-06-07 00:27:14.375,"StillImage","COORDINATE_ROUNDED;CONTINENT_DERIVED_FROM_COORDINATES;TAXON_MATCH_TAXON_ID_IGNORED"
3985806009,"50c9509d-22c7-4a22-a47d-8c48425ef4a7","https://www.inaturalist.org/observations/142792467","Animalia","Mollusca","Gastropoda","Neogastropoda","Muricidae","Urosalpinx","Urosalpinx cinerea",NA,"SPECIES","Urosalpinx cinerea (Say, 1822)","Urosalpinx cinerea","","US","","Connecticut","PRESENT",NA,"28eb1a3f-1c15-4a95-931a-4af90ecb574d",41.270888,-72.581612,8,NA,NA,NA,NA,NA,"2022-11-22T15:21:58",22,11,2022,2304415,2304415,"HUMAN_OBSERVATION","iNaturalist","Observations","142792467","","marmalade2311",2022-11-25 02:51:10,"CC_BY_NC_4_0","marmalade2311","marmalade2311",NA,NA,2025-06-07 00:06:15.029,"StillImage","COORDINATE_ROUNDED;CONTINENT_DERIVED_FROM_COORDINATES;TAXON_MATCH_TAXON_ID_IGNORED"
3985738342,"50c9509d-22c7-4a22-a47d-8c48425ef4a7","https://www.inaturalist.org/observations/32713914","Animalia","Mollusca","Gastropoda","Neogastropoda","Muricidae","Urosalpinx","Urosalpinx cinerea",NA,"SPECIES","Urosalpinx cinerea (Say, 1822)","Urosalpinx cinerea","","US","","Massachusetts","PRESENT",NA,"28eb1a3f-1c15-4a95-931a-4af90ecb574d",41.65956,-70.622725,24,NA,NA,NA,NA,NA,"2019-09-14T14:38:32",14,9,2019,2304415,2304415,"HUMAN_OBSERVATION","iNaturalist","Observations","32713914","","Gary Rosenberg",2020-12-09 17:01:28,"CC_BY_NC_4_0","chloedoucette123","chloedoucette123",NA,NA,2025-06-07 00:32:39.148,"StillImage","COORDINATE_ROUNDED;CONTINENT_DERIVED_FROM_COORDINATES;TAXON_MATCH_TAXON_ID_IGNORED"
3985620813,"50c9509d-22c7-4a22-a47d-8c48425ef4a7","https://www.inaturalist.org/observations/136879293","Animalia","Mollusca","Gastropoda","Neogastropoda","Muricidae","Urosalpinx","Urosalpinx cinerea",NA,"SPECIES","Urosalpinx cinerea (Say, 1822)","Urosalpinx cinerea","","US","","New Jersey","PRESENT",NA,"28eb1a3f-1c15-4a95-931a-4af90ecb574d",40.419358,-73.986795,4,NA,NA,NA,NA,NA,"2022-09-26T17:04:38",26,9,2022,2304415,2304415,"HUMAN_OBSERVATION","iNaturalist","Observations","136879293","","gwt2102",2022-09-29 03:25:09,"CC_BY_NC_4_0","gwt2102","gwt2102",NA,NA,2025-06-07 03:17:12.648,"StillImage","COORDINATE_ROUNDED;CONTINENT_DERIVED_FROM_COORDINATES;TAXON_MATCH_TAXON_ID_IGNORED"
3966753960,"50c9509d-22c7-4a22-a47d-8c48425ef4a7","https://www.inaturalist.org/observations/141739301","Animalia","Mollusca","Gastropoda","Neogastropoda","Muricidae","Urosalpinx","Urosalpinx cinerea",NA,"SPECIES","Urosalpinx cinerea (Say, 1822)","Urosalpinx cinerea","","US","","New York","PRESENT",NA,"28eb1a3f-1c15-4a95-931a-4af90ecb574d",40.894065,-73.639955,2,NA,NA,NA,NA,NA,"2022-10-22T00:19",22,10,2022,2304415,2304415,"HUMAN_OBSERVATION","iNaturalist","Observations","141739301","","Doyeon Kim",2022-11-12 00:33:41,"CC_BY_NC_4_0","Doyeon Kim","Doyeon Kim",NA,NA,2025-06-07 02:41:31.341,"StillImage","COORDINATE_ROUNDED;CONTINENT_DERIVED_FROM_COORDINATES;TAXON_MATCH_TAXON_ID_IGNORED"
3963405219,"50c9509d-22c7-4a22-a47d-8c48425ef4a7","https://www.inaturalist.org/observations/141342755","Animalia","Mollusca","Gastropoda","Neogastropoda","Muricidae","Urosalpinx","Urosalpinx cinerea",NA,"SPECIES","Urosalpinx cinerea (Say, 1822)","Urosalpinx cinerea","","US","","Delaware","PRESENT",NA,"28eb1a3f-1c15-4a95-931a-4af90ecb574d",38.60751,-75.062442,42,NA,NA,NA,NA,NA,"2022-11-05T11:57",5,11,2022,2304415,2304415,"HUMAN_OBSERVATION","iNaturalist","Observations","141342755","","bev435",2022-11-07 04:25:27,"CC_BY_NC_4_0","bev435","bev435",NA,NA,2025-06-07 01:30:51.787,"StillImage","COORDINATE_ROUNDED;CONTINENT_DERIVED_FROM_COORDINATES;TAXON_MATCH_TAXON_ID_IGNORED"
3961475523,"50c9509d-22c7-4a22-a47d-8c48425ef4a7","https://www.inaturalist.org/observations/124592285","Animalia","Mollusca","Gastropoda","Neogastropoda","Muricidae","Urosalpinx","Urosalpinx cinerea",NA,"SPECIES","Urosalpinx cinerea (Say, 1822)","Urosalpinx cinerea","","US","","Massachusetts","PRESENT",NA,"28eb1a3f-1c15-4a95-931a-4af90ecb574d",41.801111,-69.943611,NA,NA,NA,NA,NA,NA,"2022-07-03T10:24:16",3,7,2022,2304415,2304415,"HUMAN_OBSERVATION","iNaturalist","Observations","124592285","","TCullinane",2022-07-03 19:10:06,"CC_BY_NC_4_0","Alexander Geragotelis","Alexander Geragotelis",NA,NA,2025-06-07 02:50:14.919,"StillImage","COORDINATE_ROUNDED;CONTINENT_DERIVED_FROM_COORDINATES;TAXON_MATCH_TAXON_ID_IGNORED"
3961234616,"50c9509d-22c7-4a22-a47d-8c48425ef4a7","https://www.inaturalist.org/observations/136802410","Animalia","Mollusca","Gastropoda","Neogastropoda","Muricidae","Urosalpinx","Urosalpinx cinerea",NA,"SPECIES","Urosalpinx cinerea (Say, 1822)","Urosalpinx cinerea","","US","","New Jersey","PRESENT",NA,"28eb1a3f-1c15-4a95-931a-4af90ecb574d",40.419662,-73.987267,4,NA,NA,NA,NA,NA,"2022-09-26T17:34:58",26,9,2022,2304415,2304415,"HUMAN_OBSERVATION","iNaturalist","Observations","136802410","","gwt2102",2022-09-28 14:23:10,"CC_BY_NC_4_0","gwt2102","gwt2102",NA,NA,2025-06-07 00:42:29.297,"StillImage","COORDINATE_ROUNDED;CONTINENT_DERIVED_FROM_COORDINATES;TAXON_MATCH_TAXON_ID_IGNORED"
3961215922,"50c9509d-22c7-4a22-a47d-8c48425ef4a7","https://www.inaturalist.org/observations/140147704","Animalia","Mollusca","Gastropoda","Neogastropoda","Muricidae","Urosalpinx","Urosalpinx cinerea",NA,"SPECIES","Urosalpinx cinerea (Say, 1822)","Urosalpinx cinerea","","US","","New York","PRESENT",NA,"28eb1a3f-1c15-4a95-931a-4af90ecb574d",40.81565,-73.705183,NA,NA,NA,NA,NA,NA,"2022-10-20T14:38:13",20,10,2022,2304415,2304415,"HUMAN_OBSERVATION","iNaturalist","Observations","140147704","","Nick",2022-10-27 13:03:49,"CC_BY_NC_4_0","Nick","Nick",NA,NA,2025-06-07 01:05:10.148,"StillImage","COORDINATE_ROUNDED;CONTINENT_DERIVED_FROM_COORDINATES;TAXON_MATCH_TAXON_ID_IGNORED"
3961043452,"50c9509d-22c7-4a22-a47d-8c48425ef4a7","https://www.inaturalist.org/observations/140650719","Animalia","Mollusca","Gastropoda","Neogastropoda","Muricidae","Urosalpinx","Urosalpinx cinerea",NA,"SPECIES","Urosalpinx cinerea (Say, 1822)","Urosalpinx cinerea","","CA","","Nova Scotia","PRESENT",NA,"28eb1a3f-1c15-4a95-931a-4af90ecb574d",45.096617,-64.18047,375,NA,NA,NA,NA,NA,"2022-10-31T09:58:29",31,10,2022,2304415,2304415,"HUMAN_OBSERVATION","iNaturalist","Observations","140650719","","mgreeno",2022-10-31 13:18:09,"CC_BY_NC_4_0","mgreeno","mgreeno",NA,NA,2025-06-07 00:49:53.346,"StillImage","COORDINATE_ROUNDED;CONTINENT_DERIVED_FROM_COORDINATES;TAXON_MATCH_TAXON_ID_IGNORED"
3947841802,"50c9509d-22c7-4a22-a47d-8c48425ef4a7","https://www.inaturalist.org/observations/139990649","Animalia","Mollusca","Gastropoda","Neogastropoda","Muricidae","Urosalpinx","Urosalpinx cinerea",NA,"SPECIES","Urosalpinx cinerea (Say, 1822)","Urosalpinx cinerea","","US","","Massachusetts","PRESENT",NA,"28eb1a3f-1c15-4a95-931a-4af90ecb574d",41.488147,-71.03505,3,NA,NA,NA,NA,NA,"2022-10-25T11:33:25",25,10,2022,2304415,2304415,"HUMAN_OBSERVATION","iNaturalist","Observations","139990649","","ipat",2022-10-25 19:35:01,"CC_BY_NC_4_0","Tiago Filadelfo","Tiago Filadelfo",NA,NA,2025-06-07 00:48:47.286,"StillImage","COORDINATE_ROUNDED;CONTINENT_DERIVED_FROM_COORDINATES;TAXON_MATCH_TAXON_ID_IGNORED"
3947666881,"50c9509d-22c7-4a22-a47d-8c48425ef4a7","https://www.inaturalist.org/observations/136802678","Animalia","Mollusca","Gastropoda","Neogastropoda","Muricidae","Urosalpinx","Urosalpinx cinerea",NA,"SPECIES","Urosalpinx cinerea (Say, 1822)","Urosalpinx cinerea","","US","","New Jersey","PRESENT",NA,"28eb1a3f-1c15-4a95-931a-4af90ecb574d",40.420345,-73.98883,4,NA,NA,NA,NA,NA,"2022-09-26T17:17:51",26,9,2022,2304415,2304415,"HUMAN_OBSERVATION","iNaturalist","Observations","136802678","","gwt2102",2022-09-28 14:25:37,"CC_BY_NC_4_0","gwt2102","gwt2102",NA,NA,2025-06-07 01:39:41.554,"StillImage","CONTINENT_DERIVED_FROM_COORDINATES;TAXON_MATCH_TAXON_ID_IGNORED"
3947652937,"50c9509d-22c7-4a22-a47d-8c48425ef4a7","https://www.inaturalist.org/observations/138126691","Animalia","Mollusca","Gastropoda","Neogastropoda","Muricidae","Urosalpinx","Urosalpinx cinerea",NA,"SPECIES","Urosalpinx cinerea (Say, 1822)","Urosalpinx cinerea","","US","","New Jersey","PRESENT",NA,"28eb1a3f-1c15-4a95-931a-4af90ecb574d",40.429547,-73.993338,4,NA,NA,NA,NA,NA,"2022-10-08T14:20",8,10,2022,2304415,2304415,"HUMAN_OBSERVATION","iNaturalist","Observations","138126691","","gwt2102",2022-10-09 15:31:52,"CC_BY_NC_4_0","gwt2102","gwt2102",NA,NA,2025-06-07 01:29:02.07,"StillImage","COORDINATE_ROUNDED;CONTINENT_DERIVED_FROM_COORDINATES;TAXON_MATCH_TAXON_ID_IGNORED"
3947563969,"50c9509d-22c7-4a22-a47d-8c48425ef4a7","https://www.inaturalist.org/observations/138349009","Animalia","Mollusca","Gastropoda","Neogastropoda","Muricidae","Urosalpinx","Urosalpinx cinerea",NA,"SPECIES","Urosalpinx cinerea (Say, 1822)","Urosalpinx cinerea","","US","","New Jersey","PRESENT",NA,"28eb1a3f-1c15-4a95-931a-4af90ecb574d",40.427875,-73.990233,4,NA,NA,NA,NA,NA,"2022-10-08T14:03:18",8,10,2022,2304415,2304415,"HUMAN_OBSERVATION","iNaturalist","Observations","138349009","","",NA,"CC_BY_NC_4_0","gwt2102","gwt2102",NA,NA,2025-06-07 00:47:59.815,"StillImage","COORDINATE_ROUNDED;CONTINENT_DERIVED_FROM_COORDINATES;TAXON_MATCH_TAXON_ID_IGNORED"
3947229695,"50c9509d-22c7-4a22-a47d-8c48425ef4a7","https://www.inaturalist.org/observations/139917561","Animalia","Mollusca","Gastropoda","Neogastropoda","Muricidae","Urosalpinx","Urosalpinx cinerea",NA,"SPECIES","Urosalpinx cinerea (Say, 1822)","Urosalpinx cinerea","","US","","New York","PRESENT",NA,"28eb1a3f-1c15-4a95-931a-4af90ecb574d",40.58084,-73.894309,506,NA,NA,NA,NA,NA,"2022-10-24T13:42",24,10,2022,2304415,2304415,"HUMAN_OBSERVATION","iNaturalist","Observations","139917561","","stephanie_nyc",2022-10-24 23:34:34,"CC_BY_NC_4_0","stephanie_nyc","stephanie_nyc",NA,NA,2025-06-07 00:01:35.896,"StillImage","COORDINATE_ROUNDED;CONTINENT_DERIVED_FROM_COORDINATES;TAXON_MATCH_TAXON_ID_IGNORED"
3947175281,"50c9509d-22c7-4a22-a47d-8c48425ef4a7","https://www.inaturalist.org/observations/138668901","Animalia","Mollusca","Gastropoda","Neogastropoda","Muricidae","Urosalpinx","Urosalpinx cinerea",NA,"SPECIES","Urosalpinx cinerea (Say, 1822)","Urosalpinx cinerea","","US","","New York","PRESENT",NA,"28eb1a3f-1c15-4a95-931a-4af90ecb574d",40.853928,-72.443699,3,NA,NA,NA,NA,NA,"2022-10-09T17:09",9,10,2022,2304415,2304415,"HUMAN_OBSERVATION","iNaturalist","Observations","138668901","","Doyeon Kim",2022-10-14 00:22:01,"CC_BY_NC_4_0","Doyeon Kim","Doyeon Kim",NA,NA,2025-06-07 01:00:02.366,"StillImage","CONTINENT_DERIVED_FROM_COORDINATES;TAXON_MATCH_TAXON_ID_IGNORED"
3925461650,"50c9509d-22c7-4a22-a47d-8c48425ef4a7","https://www.inaturalist.org/observations/138369206","Animalia","Mollusca","Gastropoda","Neogastropoda","Muricidae","Urosalpinx","Urosalpinx cinerea",NA,"SPECIES","Urosalpinx cinerea (Say, 1822)","Urosalpinx cinerea","","US","","New Jersey","PRESENT",NA,"28eb1a3f-1c15-4a95-931a-4af90ecb574d",40.428487,-73.991662,6,NA,NA,NA,NA,NA,"2022-10-08T13:24:01",8,10,2022,2304415,2304415,"HUMAN_OBSERVATION","iNaturalist","Observations","138369206","","gwt2102",2022-10-11 10:22:14,"CC_BY_NC_4_0","gwt2102","gwt2102",NA,NA,2025-06-07 00:42:08.233,"StillImage","COORDINATE_ROUNDED;CONTINENT_DERIVED_FROM_COORDINATES;TAXON_MATCH_TAXON_ID_IGNORED"
3925430524,"50c9509d-22c7-4a22-a47d-8c48425ef4a7","https://www.inaturalist.org/observations/138349383","Animalia","Mollusca","Gastropoda","Neogastropoda","Muricidae","Urosalpinx","Urosalpinx cinerea",NA,"SPECIES","Urosalpinx cinerea (Say, 1822)","Urosalpinx cinerea","","US","","New Jersey","PRESENT",NA,"28eb1a3f-1c15-4a95-931a-4af90ecb574d",40.429675,-73.993933,4,NA,NA,NA,NA,NA,"2022-10-08T13:17:08",8,10,2022,2304415,2304415,"HUMAN_OBSERVATION","iNaturalist","Observations","138349383","","gwt2102",2022-10-11 03:39:20,"CC_BY_NC_4_0","gwt2102","gwt2102",NA,NA,2025-06-07 02:01:01.36,"StillImage","COORDINATE_ROUNDED;CONTINENT_DERIVED_FROM_COORDINATES;TAXON_MATCH_TAXON_ID_IGNORED"
3925409595,"50c9509d-22c7-4a22-a47d-8c48425ef4a7","https://www.inaturalist.org/observations/138347286","Animalia","Mollusca","Gastropoda","Neogastropoda","Muricidae","Urosalpinx","Urosalpinx cinerea",NA,"SPECIES","Urosalpinx cinerea (Say, 1822)","Urosalpinx cinerea","","US","","New Jersey","PRESENT",NA,"28eb1a3f-1c15-4a95-931a-4af90ecb574d",40.425505,-73.989967,5,NA,NA,NA,NA,NA,"2022-10-08T13:40:34",8,10,2022,2304415,2304415,"HUMAN_OBSERVATION","iNaturalist","Observations","138347286","","gwt2102",2022-10-11 03:16:29,"CC_BY_NC_4_0","gwt2102","gwt2102",NA,NA,2025-06-07 01:48:32.839,"StillImage","COORDINATE_ROUNDED;CONTINENT_DERIVED_FROM_COORDINATES;TAXON_MATCH_TAXON_ID_IGNORED"
3925402521,"50c9509d-22c7-4a22-a47d-8c48425ef4a7","https://www.inaturalist.org/observations/138341382","Animalia","Mollusca","Gastropoda","Neogastropoda","Muricidae","Urosalpinx","Urosalpinx cinerea",NA,"SPECIES","Urosalpinx cinerea (Say, 1822)","Urosalpinx cinerea","","US","","New Jersey","PRESENT",NA,"28eb1a3f-1c15-4a95-931a-4af90ecb574d",40.4267,-73.990258,5,NA,NA,NA,NA,NA,"2022-10-08T13:46:45",8,10,2022,2304415,2304415,"HUMAN_OBSERVATION","iNaturalist","Observations","138341382","","gwt2102",2022-10-11 02:09:25,"CC_BY_NC_4_0","gwt2102","gwt2102",NA,NA,2025-06-07 00:45:02.326,"StillImage","COORDINATE_ROUNDED;CONTINENT_DERIVED_FROM_COORDINATES;TAXON_MATCH_TAXON_ID_IGNORED"
3925385581,"50c9509d-22c7-4a22-a47d-8c48425ef4a7","https://www.inaturalist.org/observations/138305871","Animalia","Mollusca","Gastropoda","Neogastropoda","Muricidae","Urosalpinx","Urosalpinx cinerea",NA,"SPECIES","Urosalpinx cinerea (Say, 1822)","Urosalpinx cinerea","","US","","New Jersey","PRESENT",NA,"28eb1a3f-1c15-4a95-931a-4af90ecb574d",40.426712,-73.990272,4,NA,NA,NA,NA,NA,"2022-10-08T13:51:02",8,10,2022,2304415,2304415,"HUMAN_OBSERVATION","iNaturalist","Observations","138305871","","gwt2102",2022-10-10 20:41:48,"CC_BY_NC_4_0","gwt2102","gwt2102",NA,NA,2025-06-07 01:16:34.951,"StillImage","COORDINATE_ROUNDED;CONTINENT_DERIVED_FROM_COORDINATES;TAXON_MATCH_TAXON_ID_IGNORED"
3925377609,"50c9509d-22c7-4a22-a47d-8c48425ef4a7","https://www.inaturalist.org/observations/134310098","Animalia","Mollusca","Gastropoda","Neogastropoda","Muricidae","Urosalpinx","Urosalpinx cinerea",NA,"SPECIES","Urosalpinx cinerea (Say, 1822)","Urosalpinx cinerea","","US","","New York","PRESENT",NA,"28eb1a3f-1c15-4a95-931a-4af90ecb574d",40.691681,-74.013214,35,NA,NA,NA,NA,NA,"2022-09-09T12:17:49",9,9,2022,2304415,2304415,"HUMAN_OBSERVATION","iNaturalist","Observations","134310098","","shiragolan",2022-09-09 16:18:06,"CC_BY_NC_4_0","shiragolan","shiragolan",NA,NA,2025-06-07 02:02:52.944,"StillImage","COORDINATE_ROUNDED;CONTINENT_DERIVED_FROM_COORDINATES;TAXON_MATCH_TAXON_ID_IGNORED"
3925331596,"50c9509d-22c7-4a22-a47d-8c48425ef4a7","https://www.inaturalist.org/observations/138305650","Animalia","Mollusca","Gastropoda","Neogastropoda","Muricidae","Urosalpinx","Urosalpinx cinerea",NA,"SPECIES","Urosalpinx cinerea (Say, 1822)","Urosalpinx cinerea","","US","","New Jersey","PRESENT",NA,"28eb1a3f-1c15-4a95-931a-4af90ecb574d",40.42672,-73.990263,4,NA,NA,NA,NA,NA,"2022-10-08T13:51:16",8,10,2022,2304415,2304415,"HUMAN_OBSERVATION","iNaturalist","Observations","138305650","","gwt2102",2022-10-10 20:40:15,"CC_BY_NC_4_0","gwt2102","gwt2102",NA,NA,2025-06-07 00:57:04.683,"StillImage","COORDINATE_ROUNDED;CONTINENT_DERIVED_FROM_COORDINATES;TAXON_MATCH_TAXON_ID_IGNORED"
3925194588,"50c9509d-22c7-4a22-a47d-8c48425ef4a7","https://www.inaturalist.org/observations/134310087","Animalia","Mollusca","Gastropoda","Neogastropoda","Muricidae","Urosalpinx","Urosalpinx cinerea",NA,"SPECIES","Urosalpinx cinerea (Say, 1822)","Urosalpinx cinerea","","US","","New York","PRESENT",NA,"28eb1a3f-1c15-4a95-931a-4af90ecb574d",40.692047,-74.009209,2000,NA,NA,NA,NA,NA,"2022-09-09T12:17:38",9,9,2022,2304415,2304415,"HUMAN_OBSERVATION","iNaturalist","Observations","134310087","","emmettwd",2022-09-09 16:17:56,"CC_BY_NC_4_0","emmettwd","emmettwd",NA,NA,2025-06-07 01:56:05.783,"StillImage","COORDINATE_ROUNDED;CONTINENT_DERIVED_FROM_COORDINATES;TAXON_MATCH_TAXON_ID_IGNORED"
3924995632,"50c9509d-22c7-4a22-a47d-8c48425ef4a7","https://www.inaturalist.org/observations/134309622","Animalia","Mollusca","Gastropoda","Neogastropoda","Muricidae","Urosalpinx","Urosalpinx cinerea",NA,"SPECIES","Urosalpinx cinerea (Say, 1822)","Urosalpinx cinerea","","US","","New York","PRESENT",NA,"28eb1a3f-1c15-4a95-931a-4af90ecb574d",40.691456,-74.012409,9,NA,NA,NA,NA,NA,"2022-09-09T12:11:52",9,9,2022,2304415,2304415,"HUMAN_OBSERVATION","iNaturalist","Observations","134309622","","weitznera",2022-09-09 16:12:58,"CC_BY_NC_4_0","weitznera","weitznera",NA,NA,2025-06-07 00:04:49.616,"StillImage","COORDINATE_ROUNDED;CONTINENT_DERIVED_FROM_COORDINATES;TAXON_MATCH_TAXON_ID_IGNORED"
3923550462,"50c9509d-22c7-4a22-a47d-8c48425ef4a7","https://www.inaturalist.org/observations/137380845","Animalia","Mollusca","Gastropoda","Neogastropoda","Muricidae","Urosalpinx","Urosalpinx cinerea",NA,"SPECIES","Urosalpinx cinerea (Say, 1822)","Urosalpinx cinerea","","US","","Delaware","PRESENT",NA,"28eb1a3f-1c15-4a95-931a-4af90ecb574d",38.795825,-75.092987,57,NA,NA,NA,NA,NA,"2022-03-04T15:13",4,3,2022,2304415,2304415,"HUMAN_OBSERVATION","iNaturalist","Observations","137380845","","bev435",2022-10-03 05:19:11,"CC_BY_NC_4_0","bev435","bev435",NA,NA,2025-06-06 23:57:02.417,"StillImage","COORDINATE_ROUNDED;CONTINENT_DERIVED_FROM_COORDINATES;TAXON_MATCH_TAXON_ID_IGNORED"
3915301266,"50c9509d-22c7-4a22-a47d-8c48425ef4a7","https://www.inaturalist.org/observations/136671626","Animalia","Mollusca","Gastropoda","Neogastropoda","Muricidae","Urosalpinx","Urosalpinx cinerea",NA,"SPECIES","Urosalpinx cinerea (Say, 1822)","Urosalpinx cinerea","","US","","Connecticut","PRESENT",NA,"28eb1a3f-1c15-4a95-931a-4af90ecb574d",41.247678,-72.903367,NA,NA,NA,NA,NA,NA,"2022-09-26T17:24:58",26,9,2022,2304415,2304415,"HUMAN_OBSERVATION","iNaturalist","Observations","136671626","","Jeremiah Smith",2022-09-27 09:49:45,"CC_BY_NC_4_0","Jeremiah Smith","Jeremiah Smith",NA,NA,2025-06-07 00:13:53.52,"StillImage","COORDINATE_ROUNDED;CONTINENT_DERIVED_FROM_COORDINATES;TAXON_MATCH_TAXON_ID_IGNORED"
3912355254,"50c9509d-22c7-4a22-a47d-8c48425ef4a7","https://www.inaturalist.org/observations/135694591","Animalia","Mollusca","Gastropoda","Neogastropoda","Muricidae","Urosalpinx","Urosalpinx cinerea",NA,"SPECIES","Urosalpinx cinerea (Say, 1822)","Urosalpinx cinerea","","US","","Delaware","PRESENT",NA,"28eb1a3f-1c15-4a95-931a-4af90ecb574d",39.003463,-75.328763,233,NA,NA,NA,NA,NA,"2022-07-30T16:52",30,7,2022,2304415,2304415,"HUMAN_OBSERVATION","iNaturalist","Observations","135694591","","bev435",2022-09-19 18:42:17,"CC_BY_NC_4_0","bev435","bev435",NA,NA,2025-06-07 01:56:15.952,"StillImage","COORDINATE_ROUNDED;CONTINENT_DERIVED_FROM_COORDINATES;TAXON_MATCH_TAXON_ID_IGNORED"
3912320764,"50c9509d-22c7-4a22-a47d-8c48425ef4a7","https://www.inaturalist.org/observations/134480751","Animalia","Mollusca","Gastropoda","Neogastropoda","Muricidae","Urosalpinx","Urosalpinx cinerea",NA,"SPECIES","Urosalpinx cinerea (Say, 1822)","Urosalpinx cinerea","","US","","Massachusetts","PRESENT",NA,"28eb1a3f-1c15-4a95-931a-4af90ecb574d",41.5757,-70.6421,NA,NA,NA,NA,NA,NA,"2022-09-02T16:39",2,9,2022,2304415,2304415,"HUMAN_OBSERVATION","iNaturalist","Observations","134480751","","ewedwards",2022-09-10 20:41:13,"CC_BY_NC_4_0","ewedwards","ewedwards",NA,NA,2025-06-07 01:31:04.508,"StillImage","CONTINENT_DERIVED_FROM_COORDINATES;TAXON_MATCH_TAXON_ID_IGNORED"
3912194793,"50c9509d-22c7-4a22-a47d-8c48425ef4a7","https://www.inaturalist.org/observations/131956713","Animalia","Mollusca","Gastropoda","Neogastropoda","Muricidae","Urosalpinx","Urosalpinx cinerea",NA,"SPECIES","Urosalpinx cinerea (Say, 1822)","Urosalpinx cinerea","","CA","","Nova Scotia","PRESENT",NA,"28eb1a3f-1c15-4a95-931a-4af90ecb574d",45.094602,-64.2067,NA,NA,NA,NA,NA,NA,"2022-08-22T15:12",22,8,2022,2304415,2304415,"HUMAN_OBSERVATION","iNaturalist","Observations","131956713","","Ian Manning",2022-08-23 00:47:38,"CC_BY_4_0","Ian Manning","Ian Manning",NA,NA,2025-06-07 00:21:22.977,"StillImage","COORDINATE_ROUNDED;CONTINENT_DERIVED_FROM_COORDINATES;TAXON_MATCH_TAXON_ID_IGNORED"
3912082903,"50c9509d-22c7-4a22-a47d-8c48425ef4a7","https://www.inaturalist.org/observations/134465263","Animalia","Mollusca","Gastropoda","Neogastropoda","Muricidae","Urosalpinx","Urosalpinx cinerea",NA,"SPECIES","Urosalpinx cinerea (Say, 1822)","Urosalpinx cinerea","","US","","Massachusetts","PRESENT",NA,"28eb1a3f-1c15-4a95-931a-4af90ecb574d",41.574936,-70.641922,8,NA,NA,NA,NA,NA,"2022-08-30T13:59",30,8,2022,2304415,2304415,"HUMAN_OBSERVATION","iNaturalist","Observations","134465263","","haguinis",2022-09-10 18:59:07,"CC_BY_NC_4_0","haguinis","haguinis",NA,NA,2025-06-07 00:20:45.98,"StillImage","COORDINATE_ROUNDED;CONTINENT_DERIVED_FROM_COORDINATES;TAXON_MATCH_TAXON_ID_IGNORED"
3911972040,"50c9509d-22c7-4a22-a47d-8c48425ef4a7","https://www.inaturalist.org/observations/135432927","Animalia","Mollusca","Gastropoda","Neogastropoda","Muricidae","Urosalpinx","Urosalpinx cinerea",NA,"SPECIES","Urosalpinx cinerea (Say, 1822)","Urosalpinx cinerea","","CA","","Nova Scotia","PRESENT",NA,"28eb1a3f-1c15-4a95-931a-4af90ecb574d",45.137642,-64.32342,61,NA,NA,NA,NA,NA,"2022-09-17T16:35:03",17,9,2022,2304415,2304415,"HUMAN_OBSERVATION","iNaturalist","Observations","135432927","","Ian Manning",2022-09-17 21:13:15,"CC_BY_4_0","Ian Manning","Ian Manning",NA,NA,2025-06-07 00:38:06.346,"StillImage","COORDINATE_ROUNDED;CONTINENT_DERIVED_FROM_COORDINATES;TAXON_MATCH_TAXON_ID_IGNORED"
3903568518,"50c9509d-22c7-4a22-a47d-8c48425ef4a7","https://www.inaturalist.org/observations/133246501","Animalia","Mollusca","Gastropoda","Neogastropoda","Muricidae","Urosalpinx","Urosalpinx cinerea",NA,"SPECIES","Urosalpinx cinerea (Say, 1822)","Urosalpinx cinerea","","US","","Massachusetts","PRESENT",NA,"28eb1a3f-1c15-4a95-931a-4af90ecb574d",41.576369,-70.641753,NA,NA,NA,NA,NA,NA,"2022-08-30T14:04",30,8,2022,2304415,2304415,"HUMAN_OBSERVATION","iNaturalist","Observations","133246501","","samircancel",2022-09-01 19:27:45,"CC_BY_NC_4_0","samircancel","samircancel",NA,NA,2025-06-07 01:28:41.392,"StillImage","COORDINATE_ROUNDED;CONTINENT_DERIVED_FROM_COORDINATES;TAXON_MATCH_TAXON_ID_IGNORED"
3903546575,"50c9509d-22c7-4a22-a47d-8c48425ef4a7","https://www.inaturalist.org/observations/133398258","Animalia","Mollusca","Gastropoda","Neogastropoda","Muricidae","Urosalpinx","Urosalpinx cinerea",NA,"SPECIES","Urosalpinx cinerea (Say, 1822)","Urosalpinx cinerea","","US","","California","PRESENT",NA,"28eb1a3f-1c15-4a95-931a-4af90ecb574d",37.546138,-122.225908,NA,NA,NA,NA,NA,NA,"2022-09-02T09:43",2,9,2022,2304415,2304415,"HUMAN_OBSERVATION","iNaturalist","Observations","133398258","","Cricket Raspet",2022-09-02 23:07:05,"CC_BY_4_0","Cricket Raspet","Cricket Raspet",NA,NA,2025-06-07 00:42:12.628,"StillImage","COORDINATE_ROUNDED;CONTINENT_DERIVED_FROM_COORDINATES;TAXON_MATCH_TAXON_ID_IGNORED"
3903475677,"50c9509d-22c7-4a22-a47d-8c48425ef4a7","https://www.inaturalist.org/observations/132662103","Animalia","Mollusca","Gastropoda","Neogastropoda","Muricidae","Urosalpinx","Urosalpinx cinerea",NA,"SPECIES","Urosalpinx cinerea (Say, 1822)","Urosalpinx cinerea","","US","","Connecticut","PRESENT",NA,"28eb1a3f-1c15-4a95-931a-4af90ecb574d",41.17483,-73.098039,4,NA,NA,NA,NA,NA,"2022-08-28T12:32:58",28,8,2022,2304415,2304415,"HUMAN_OBSERVATION","iNaturalist","Observations","132662103","","gwt2102",2022-08-28 18:42:08,"CC_BY_NC_4_0","gwt2102","gwt2102",NA,NA,2025-06-07 01:28:41.925,"StillImage","COORDINATE_ROUNDED;CONTINENT_DERIVED_FROM_COORDINATES;TAXON_MATCH_TAXON_ID_IGNORED"
3903350732,"50c9509d-22c7-4a22-a47d-8c48425ef4a7","https://www.inaturalist.org/observations/133754113","Animalia","Mollusca","Gastropoda","Neogastropoda","Muricidae","Urosalpinx","Urosalpinx cinerea",NA,"SPECIES","Urosalpinx cinerea (Say, 1822)","Urosalpinx cinerea","","US","","Connecticut","PRESENT",NA,"28eb1a3f-1c15-4a95-931a-4af90ecb574d",41.337694,-71.991483,47,NA,NA,NA,NA,NA,"2022-09-04T09:39:09",4,9,2022,2304415,2304415,"HUMAN_OBSERVATION","iNaturalist","Observations","133754113","","A. Johns",2022-09-05 12:58:57,"CC_BY_NC_4_0","A. Johns","A. Johns",NA,NA,2025-06-07 02:00:19.452,"StillImage","COORDINATE_ROUNDED;CONTINENT_DERIVED_FROM_COORDINATES;TAXON_MATCH_TAXON_ID_IGNORED"
3903340952,"50c9509d-22c7-4a22-a47d-8c48425ef4a7","https://www.inaturalist.org/observations/132486765","Animalia","Mollusca","Gastropoda","Neogastropoda","Muricidae","Urosalpinx","Urosalpinx cinerea",NA,"SPECIES","Urosalpinx cinerea (Say, 1822)","Urosalpinx cinerea","","US","","Massachusetts","PRESENT",NA,"28eb1a3f-1c15-4a95-931a-4af90ecb574d",41.930063,-70.038017,4,NA,NA,NA,NA,NA,"2022-08-26T17:56:40",26,8,2022,2304415,2304415,"HUMAN_OBSERVATION","iNaturalist","Observations","132486765","","gwt2102",2022-08-27 00:46:29,"CC_BY_NC_4_0","gwt2102","gwt2102",NA,NA,2025-06-07 00:42:06.896,"StillImage","COORDINATE_ROUNDED;CONTINENT_DERIVED_FROM_COORDINATES;TAXON_MATCH_TAXON_ID_IGNORED"
3903214937,"50c9509d-22c7-4a22-a47d-8c48425ef4a7","https://www.inaturalist.org/observations/133796780","Animalia","Mollusca","Gastropoda","Neogastropoda","Muricidae","Urosalpinx","Urosalpinx cinerea",NA,"SPECIES","Urosalpinx cinerea (Say, 1822)","Urosalpinx cinerea","","US","","Massachusetts","PRESENT",NA,"28eb1a3f-1c15-4a95-931a-4af90ecb574d",41.574335,-70.641674,24,NA,NA,NA,NA,NA,"2022-09-05T10:16",5,9,2022,2304415,2304415,"HUMAN_OBSERVATION","iNaturalist","Observations","133796780","","John Slapcinsky",2022-09-05 18:59:08,"CC_BY_NC_4_0","mohinikumar","mohinikumar",NA,NA,2025-06-07 01:03:40.491,"StillImage","CONTINENT_DERIVED_FROM_COORDINATES;TAXON_MATCH_TAXON_ID_IGNORED"
3903205064,"50c9509d-22c7-4a22-a47d-8c48425ef4a7","https://www.inaturalist.org/observations/133398256","Animalia","Mollusca","Gastropoda","Neogastropoda","Muricidae","Urosalpinx","Urosalpinx cinerea",NA,"SPECIES","Urosalpinx cinerea (Say, 1822)","Urosalpinx cinerea","","US","","California","PRESENT",NA,"28eb1a3f-1c15-4a95-931a-4af90ecb574d",37.54737,-122.225727,NA,NA,NA,NA,NA,NA,"2022-09-02T09:39",2,9,2022,2304415,2304415,"HUMAN_OBSERVATION","iNaturalist","Observations","133398256","","Cricket Raspet",2022-09-02 23:07:04,"CC_BY_4_0","Cricket Raspet","Cricket Raspet",NA,NA,2025-06-07 02:51:30.566,"StillImage","COORDINATE_ROUNDED;CONTINENT_DERIVED_FROM_COORDINATES;TAXON_MATCH_TAXON_ID_IGNORED"
3903136766,"50c9509d-22c7-4a22-a47d-8c48425ef4a7","https://www.inaturalist.org/observations/131335835","Animalia","Mollusca","Gastropoda","Neogastropoda","Muricidae","Urosalpinx","Urosalpinx cinerea",NA,"SPECIES","Urosalpinx cinerea (Say, 1822)","Urosalpinx cinerea","","US","","Maryland","PRESENT",NA,"28eb1a3f-1c15-4a95-931a-4af90ecb574d",38.302719,-75.117224,124,NA,NA,NA,NA,NA,"2022-08-17T20:28:46",17,8,2022,2304415,2304415,"HUMAN_OBSERVATION","iNaturalist","Observations","131335835","","human_landfill",2022-08-18 14:58:18,"CC_BY_NC_4_0","human_landfill","human_landfill",NA,NA,2025-06-07 02:50:28.914,"StillImage","COORDINATE_ROUNDED;CONTINENT_DERIVED_FROM_COORDINATES;TAXON_MATCH_TAXON_ID_IGNORED"
3903125472,"50c9509d-22c7-4a22-a47d-8c48425ef4a7","https://www.inaturalist.org/observations/133481047","Animalia","Mollusca","Gastropoda","Neogastropoda","Muricidae","Urosalpinx","Urosalpinx cinerea",NA,"SPECIES","Urosalpinx cinerea (Say, 1822)","Urosalpinx cinerea","","US","","Massachusetts","PRESENT",NA,"28eb1a3f-1c15-4a95-931a-4af90ecb574d",41.57549,-70.635591,8,NA,NA,NA,NA,NA,"2022-08-31T16:00",31,8,2022,2304415,2304415,"HUMAN_OBSERVATION","iNaturalist","Observations","133481047","","elizazb",2022-09-03 16:20:22,"CC_BY_NC_4_0","elizazb","elizazb",NA,NA,2025-06-07 01:33:28.602,"StillImage","COORDINATE_ROUNDED;CONTINENT_DERIVED_FROM_COORDINATES;TAXON_MATCH_TAXON_ID_IGNORED"
3903053891,"50c9509d-22c7-4a22-a47d-8c48425ef4a7","https://www.inaturalist.org/observations/132484736","Animalia","Mollusca","Gastropoda","Neogastropoda","Muricidae","Urosalpinx","Urosalpinx cinerea",NA,"SPECIES","Urosalpinx cinerea (Say, 1822)","Urosalpinx cinerea","","US","","Massachusetts","PRESENT",NA,"28eb1a3f-1c15-4a95-931a-4af90ecb574d",41.930022,-70.039367,4,NA,NA,NA,NA,NA,"2022-08-26T17:37:24",26,8,2022,2304415,2304415,"HUMAN_OBSERVATION","iNaturalist","Observations","132484736","","gwt2102",2022-08-27 00:21:33,"CC_BY_NC_4_0","gwt2102","gwt2102",NA,NA,2025-06-07 01:51:22.561,"StillImage","COORDINATE_ROUNDED;CONTINENT_DERIVED_FROM_COORDINATES;TAXON_MATCH_TAXON_ID_IGNORED"
3903014518,"50c9509d-22c7-4a22-a47d-8c48425ef4a7","https://www.inaturalist.org/observations/131956750","Animalia","Mollusca","Gastropoda","Neogastropoda","Muricidae","Urosalpinx","Urosalpinx cinerea",NA,"SPECIES","Urosalpinx cinerea (Say, 1822)","Urosalpinx cinerea","","CA","","Nova Scotia","PRESENT",NA,"28eb1a3f-1c15-4a95-931a-4af90ecb574d",45.09666,-64.208973,NA,NA,NA,NA,NA,NA,"2022-08-22T14:50",22,8,2022,2304415,2304415,"HUMAN_OBSERVATION","iNaturalist","Observations","131956750","","Ian Manning",2022-08-23 00:47:48,"CC_BY_4_0","Ian Manning","Ian Manning",NA,NA,2025-06-07 00:44:54.371,"StillImage","COORDINATE_ROUNDED;CONTINENT_DERIVED_FROM_COORDINATES;TAXON_MATCH_TAXON_ID_IGNORED"
3903013930,"50c9509d-22c7-4a22-a47d-8c48425ef4a7","https://www.inaturalist.org/observations/132434101","Animalia","Mollusca","Gastropoda","Neogastropoda","Muricidae","Urosalpinx","Urosalpinx cinerea",NA,"SPECIES","Urosalpinx cinerea (Say, 1822)","Urosalpinx cinerea","","US","","Connecticut","PRESENT",NA,"28eb1a3f-1c15-4a95-931a-4af90ecb574d",41.265625,-72.772888,2364,NA,NA,NA,NA,NA,"2022-08-26T12:48:34",26,8,2022,2304415,2304415,"HUMAN_OBSERVATION","iNaturalist","Observations","132434101","","cozzzzz",2022-08-26 16:48:48,"CC_BY_NC_4_0","cozzzzz","cozzzzz",NA,NA,2025-06-07 01:27:01.727,"StillImage","COORDINATE_ROUNDED;CONTINENT_DERIVED_FROM_COORDINATES;TAXON_MATCH_TAXON_ID_IGNORED"
3903008437,"50c9509d-22c7-4a22-a47d-8c48425ef4a7","https://www.inaturalist.org/observations/132356561","Animalia","Mollusca","Gastropoda","Neogastropoda","Muricidae","Urosalpinx","Urosalpinx cinerea",NA,"SPECIES","Urosalpinx cinerea (Say, 1822)","Urosalpinx cinerea","","US","","Massachusetts","PRESENT",NA,"28eb1a3f-1c15-4a95-931a-4af90ecb574d",41.487402,-71.039435,89,NA,NA,NA,NA,NA,"2022-08-24T13:24:23",24,8,2022,2304415,2304415,"HUMAN_OBSERVATION","iNaturalist","Observations","132356561","","Lee Thomas",2022-08-26 01:51:52,"CC_BY_NC_4_0","Lee Thomas","Lee Thomas",NA,NA,2025-06-07 00:16:42.885,"StillImage","COORDINATE_ROUNDED;CONTINENT_DERIVED_FROM_COORDINATES;TAXON_MATCH_TAXON_ID_IGNORED"
3903005991,"50c9509d-22c7-4a22-a47d-8c48425ef4a7","https://www.inaturalist.org/observations/132484690","Animalia","Mollusca","Gastropoda","Neogastropoda","Muricidae","Urosalpinx","Urosalpinx cinerea",NA,"SPECIES","Urosalpinx cinerea (Say, 1822)","Urosalpinx cinerea","","US","","Massachusetts","PRESENT",NA,"28eb1a3f-1c15-4a95-931a-4af90ecb574d",41.929928,-70.039497,4,NA,NA,NA,NA,NA,"2022-08-26T17:35:03",26,8,2022,2304415,2304415,"HUMAN_OBSERVATION","iNaturalist","Observations","132484690","","gwt2102",2022-08-27 00:20:53,"CC_BY_NC_4_0","gwt2102","gwt2102",NA,NA,2025-06-07 00:31:58.405,"StillImage","COORDINATE_ROUNDED;CONTINENT_DERIVED_FROM_COORDINATES;TAXON_MATCH_TAXON_ID_IGNORED"
3902921243,"50c9509d-22c7-4a22-a47d-8c48425ef4a7","https://www.inaturalist.org/observations/132484464","Animalia","Mollusca","Gastropoda","Neogastropoda","Muricidae","Urosalpinx","Urosalpinx cinerea",NA,"SPECIES","Urosalpinx cinerea (Say, 1822)","Urosalpinx cinerea","","US","","Massachusetts","PRESENT",NA,"28eb1a3f-1c15-4a95-931a-4af90ecb574d",41.929997,-70.039811,4,NA,NA,NA,NA,NA,"2022-08-26T17:31:27",26,8,2022,2304415,2304415,"HUMAN_OBSERVATION","iNaturalist","Observations","132484464","","gwt2102",2022-08-27 00:18:20,"CC_BY_NC_4_0","gwt2102","gwt2102",NA,NA,2025-06-07 00:06:09.883,"StillImage","COORDINATE_ROUNDED;CONTINENT_DERIVED_FROM_COORDINATES;TAXON_MATCH_TAXON_ID_IGNORED"
3902845757,"50c9509d-22c7-4a22-a47d-8c48425ef4a7","https://www.inaturalist.org/observations/132486929","Animalia","Mollusca","Gastropoda","Neogastropoda","Muricidae","Urosalpinx","Urosalpinx cinerea",NA,"SPECIES","Urosalpinx cinerea (Say, 1822)","Urosalpinx cinerea","","US","","Massachusetts","PRESENT",NA,"28eb1a3f-1c15-4a95-931a-4af90ecb574d",41.93,-70.041467,27,NA,NA,NA,NA,NA,"2022-08-26T18:15:07",26,8,2022,2304415,2304415,"HUMAN_OBSERVATION","iNaturalist","Observations","132486929","","gwt2102",2022-08-27 00:48:20,"CC_BY_NC_4_0","gwt2102","gwt2102",NA,NA,2025-06-07 01:54:11.174,"StillImage","COORDINATE_ROUNDED;CONTINENT_DERIVED_FROM_COORDINATES;TAXON_MATCH_TAXON_ID_IGNORED"
3902836034,"50c9509d-22c7-4a22-a47d-8c48425ef4a7","https://www.inaturalist.org/observations/132486977","Animalia","Mollusca","Gastropoda","Neogastropoda","Muricidae","Urosalpinx","Urosalpinx cinerea",NA,"SPECIES","Urosalpinx cinerea (Say, 1822)","Urosalpinx cinerea","","US","","Massachusetts","PRESENT",NA,"28eb1a3f-1c15-4a95-931a-4af90ecb574d",41.929353,-70.044,11,NA,NA,NA,NA,NA,"2022-08-26T18:21:32",26,8,2022,2304415,2304415,"HUMAN_OBSERVATION","iNaturalist","Observations","132486977","","gwt2102",2022-08-27 00:49:17,"CC_BY_NC_4_0","gwt2102","gwt2102",NA,NA,2025-06-07 00:31:24.384,"StillImage","COORDINATE_ROUNDED;CONTINENT_DERIVED_FROM_COORDINATES;TAXON_MATCH_TAXON_ID_IGNORED"
3902811469,"50c9509d-22c7-4a22-a47d-8c48425ef4a7","https://www.inaturalist.org/observations/132350215","Animalia","Mollusca","Gastropoda","Neogastropoda","Muricidae","Urosalpinx","Urosalpinx cinerea",NA,"SPECIES","Urosalpinx cinerea (Say, 1822)","Urosalpinx cinerea","","US","","Massachusetts","PRESENT",NA,"28eb1a3f-1c15-4a95-931a-4af90ecb574d",41.93018,-70.039064,4,NA,NA,NA,NA,NA,"2022-08-25T17:48:29",25,8,2022,2304415,2304415,"HUMAN_OBSERVATION","iNaturalist","Observations","132350215","","gwt2102",2022-08-26 00:46:03,"CC_BY_NC_4_0","gwt2102","gwt2102",NA,NA,2025-06-07 00:41:26.882,"StillImage","COORDINATE_ROUNDED;CONTINENT_DERIVED_FROM_COORDINATES;TAXON_MATCH_TAXON_ID_IGNORED"
3902810102,"50c9509d-22c7-4a22-a47d-8c48425ef4a7","https://www.inaturalist.org/observations/133552709","Animalia","Mollusca","Gastropoda","Neogastropoda","Muricidae","Urosalpinx","Urosalpinx cinerea",NA,"SPECIES","Urosalpinx cinerea (Say, 1822)","Urosalpinx cinerea","","US","","California","PRESENT",NA,"28eb1a3f-1c15-4a95-931a-4af90ecb574d",37.561763,-122.128722,6,NA,NA,NA,NA,NA,"2022-09-03T14:57:08",3,9,2022,2304415,2304415,"HUMAN_OBSERVATION","iNaturalist","Observations","133552709","","Cat Chang",2022-09-04 01:38:32,"CC_BY_NC_4_0","Cat Chang","Cat Chang",NA,NA,2025-06-07 01:04:30.549,"StillImage","COORDINATE_ROUNDED;CONTINENT_DERIVED_FROM_COORDINATES;TAXON_MATCH_TAXON_ID_IGNORED"
3902802108,"50c9509d-22c7-4a22-a47d-8c48425ef4a7","https://www.inaturalist.org/observations/131956704","Animalia","Mollusca","Gastropoda","Neogastropoda","Muricidae","Urosalpinx","Urosalpinx cinerea",NA,"SPECIES","Urosalpinx cinerea (Say, 1822)","Urosalpinx cinerea","","CA","","Nova Scotia","PRESENT",NA,"28eb1a3f-1c15-4a95-931a-4af90ecb574d",45.093338,-64.20561,NA,NA,NA,NA,NA,NA,"2022-08-22T15:22",22,8,2022,2304415,2304415,"HUMAN_OBSERVATION","iNaturalist","Observations","131956704","","Ian Manning",2022-08-23 00:47:36,"CC_BY_4_0","Ian Manning","Ian Manning",NA,NA,2025-06-07 02:51:18.03,"StillImage","COORDINATE_ROUNDED;CONTINENT_DERIVED_FROM_COORDINATES;TAXON_MATCH_TAXON_ID_IGNORED"
3902778984,"50c9509d-22c7-4a22-a47d-8c48425ef4a7","https://www.inaturalist.org/observations/132483215","Animalia","Mollusca","Gastropoda","Neogastropoda","Muricidae","Urosalpinx","Urosalpinx cinerea",NA,"SPECIES","Urosalpinx cinerea (Say, 1822)","Urosalpinx cinerea","","US","","Massachusetts","PRESENT",NA,"28eb1a3f-1c15-4a95-931a-4af90ecb574d",41.929992,-70.041092,4,NA,NA,NA,NA,NA,"2022-08-26T17:14:17",26,8,2022,2304415,2304415,"HUMAN_OBSERVATION","iNaturalist","Observations","132483215","","gwt2102",2022-08-27 00:02:20,"CC_BY_NC_4_0","gwt2102","gwt2102",NA,NA,2025-06-07 01:24:39.14,"StillImage","COORDINATE_ROUNDED;CONTINENT_DERIVED_FROM_COORDINATES;TAXON_MATCH_TAXON_ID_IGNORED"
3902749133,"50c9509d-22c7-4a22-a47d-8c48425ef4a7","https://www.inaturalist.org/observations/132557949","Animalia","Mollusca","Gastropoda","Neogastropoda","Muricidae","Urosalpinx","Urosalpinx cinerea",NA,"SPECIES","Urosalpinx cinerea (Say, 1822)","Urosalpinx cinerea","","US","","Massachusetts","PRESENT",NA,"28eb1a3f-1c15-4a95-931a-4af90ecb574d",41.929522,-70.039497,4,NA,NA,NA,NA,NA,"2022-08-27T07:17:53",27,8,2022,2304415,2304415,"HUMAN_OBSERVATION","iNaturalist","Observations","132557949","","gwt2102",2022-08-28 12:09:52,"CC_BY_NC_4_0","gwt2102","gwt2102",NA,NA,2025-06-07 02:47:50.122,"StillImage","COORDINATE_ROUNDED;CONTINENT_DERIVED_FROM_COORDINATES;TAXON_MATCH_TAXON_ID_IGNORED"
3902697702,"50c9509d-22c7-4a22-a47d-8c48425ef4a7","https://www.inaturalist.org/observations/133918544","Animalia","Mollusca","Gastropoda","Neogastropoda","Muricidae","Urosalpinx","Urosalpinx cinerea",NA,"SPECIES","Urosalpinx cinerea (Say, 1822)","Urosalpinx cinerea","","US","","Massachusetts","PRESENT",NA,"28eb1a3f-1c15-4a95-931a-4af90ecb574d",41.575112,-70.641429,345,NA,NA,NA,NA,NA,"2022-09-06T10:27",6,9,2022,2304415,2304415,"HUMAN_OBSERVATION","iNaturalist","Observations","133918544","","ipat",2022-09-08 01:46:38,"CC_BY_NC_4_0","mohinikumar","mohinikumar",NA,NA,2025-06-07 00:53:19.955,"StillImage","COORDINATE_ROUNDED;CONTINENT_DERIVED_FROM_COORDINATES;TAXON_MATCH_TAXON_ID_IGNORED"
3902684809,"50c9509d-22c7-4a22-a47d-8c48425ef4a7","https://www.inaturalist.org/observations/132196642","Animalia","Mollusca","Gastropoda","Neogastropoda","Muricidae","Urosalpinx","Urosalpinx cinerea",NA,"SPECIES","Urosalpinx cinerea (Say, 1822)","Urosalpinx cinerea","","US","","Massachusetts","PRESENT",NA,"28eb1a3f-1c15-4a95-931a-4af90ecb574d",41.929722,-70.042586,23,NA,NA,NA,NA,NA,"2022-08-24T16:34:30",24,8,2022,2304415,2304415,"HUMAN_OBSERVATION","iNaturalist","Observations","132196642","","gwt2102",2022-08-24 21:44:30,"CC_BY_NC_4_0","gwt2102","gwt2102",NA,NA,2025-06-07 01:54:16.403,"StillImage","COORDINATE_ROUNDED;CONTINENT_DERIVED_FROM_COORDINATES;TAXON_MATCH_TAXON_ID_IGNORED"
3902594839,"50c9509d-22c7-4a22-a47d-8c48425ef4a7","https://www.inaturalist.org/observations/132349120","Animalia","Mollusca","Gastropoda","Neogastropoda","Muricidae","Urosalpinx","Urosalpinx cinerea",NA,"SPECIES","Urosalpinx cinerea (Say, 1822)","Urosalpinx cinerea","","US","","California","PRESENT",NA,"28eb1a3f-1c15-4a95-931a-4af90ecb574d",37.752175,-122.244755,NA,NA,NA,NA,NA,NA,"2022-08-23T18:09",23,8,2022,2304415,2304415,"HUMAN_OBSERVATION","iNaturalist","Observations","132349120","","Robin Gwen Agarwal",2022-08-26 00:34:59,"CC_BY_NC_4_0","Robin Gwen Agarwal","Robin Gwen Agarwal",NA,NA,2025-06-06 23:59:39.602,"StillImage","CONTINENT_DERIVED_FROM_COORDINATES;TAXON_MATCH_TAXON_ID_IGNORED"
3902588311,"50c9509d-22c7-4a22-a47d-8c48425ef4a7","https://www.inaturalist.org/observations/131956760","Animalia","Mollusca","Gastropoda","Neogastropoda","Muricidae","Urosalpinx","Urosalpinx cinerea",NA,"SPECIES","Urosalpinx cinerea (Say, 1822)","Urosalpinx cinerea","","CA","","Nova Scotia","PRESENT",NA,"28eb1a3f-1c15-4a95-931a-4af90ecb574d",45.096932,-64.209557,NA,NA,NA,NA,NA,NA,"2022-08-22T14:48",22,8,2022,2304415,2304415,"HUMAN_OBSERVATION","iNaturalist","Observations","131956760","","Ian Manning",2022-08-23 00:47:51,"CC_BY_4_0","Ian Manning","Ian Manning",NA,NA,2025-06-07 00:53:08.22,"StillImage","COORDINATE_ROUNDED;CONTINENT_DERIVED_FROM_COORDINATES;TAXON_MATCH_TAXON_ID_IGNORED"
3902561538,"50c9509d-22c7-4a22-a47d-8c48425ef4a7","https://www.inaturalist.org/observations/131959434","Animalia","Mollusca","Gastropoda","Neogastropoda","Muricidae","Urosalpinx","Urosalpinx cinerea",NA,"SPECIES","Urosalpinx cinerea (Say, 1822)","Urosalpinx cinerea","","US","","Massachusetts","PRESENT",NA,"28eb1a3f-1c15-4a95-931a-4af90ecb574d",41.929367,-70.045167,4,NA,NA,NA,NA,NA,"2022-08-22T14:31:53",22,8,2022,2304415,2304415,"HUMAN_OBSERVATION","iNaturalist","Observations","131959434","","stephanie_nyc",2022-08-23 21:37:48,"CC_BY_NC_4_0","gwt2102","gwt2102",NA,NA,2025-06-07 00:54:57.705,"StillImage","COORDINATE_ROUNDED;CONTINENT_DERIVED_FROM_COORDINATES;TAXON_MATCH_TAXON_ID_IGNORED"
3902526043,"50c9509d-22c7-4a22-a47d-8c48425ef4a7","https://www.inaturalist.org/observations/131956730","Animalia","Mollusca","Gastropoda","Neogastropoda","Muricidae","Urosalpinx","Urosalpinx cinerea",NA,"SPECIES","Urosalpinx cinerea (Say, 1822)","Urosalpinx cinerea","","CA","","Nova Scotia","PRESENT",NA,"28eb1a3f-1c15-4a95-931a-4af90ecb574d",45.094757,-64.206907,NA,NA,NA,NA,NA,NA,"2022-08-22T15:08",22,8,2022,2304415,2304415,"HUMAN_OBSERVATION","iNaturalist","Observations","131956730","","Ian Manning",2022-08-23 00:47:41,"CC_BY_4_0","Ian Manning","Ian Manning",NA,NA,2025-06-07 00:36:21.516,"StillImage","COORDINATE_ROUNDED;CONTINENT_DERIVED_FROM_COORDINATES;TAXON_MATCH_TAXON_ID_IGNORED"
3902511977,"50c9509d-22c7-4a22-a47d-8c48425ef4a7","https://www.inaturalist.org/observations/132350755","Animalia","Mollusca","Gastropoda","Neogastropoda","Muricidae","Urosalpinx","Urosalpinx cinerea",NA,"SPECIES","Urosalpinx cinerea (Say, 1822)","Urosalpinx cinerea","","US","","Massachusetts","PRESENT",NA,"28eb1a3f-1c15-4a95-931a-4af90ecb574d",41.930012,-70.040878,4,NA,NA,NA,NA,NA,"2022-08-25T18:11:05",25,8,2022,2304415,2304415,"HUMAN_OBSERVATION","iNaturalist","Observations","132350755","","gwt2102",2022-08-26 00:50:56,"CC_BY_NC_4_0","gwt2102","gwt2102",NA,NA,2025-06-07 01:21:04.203,"StillImage","COORDINATE_ROUNDED;CONTINENT_DERIVED_FROM_COORDINATES;TAXON_MATCH_TAXON_ID_IGNORED"
3902452608,"50c9509d-22c7-4a22-a47d-8c48425ef4a7","https://www.inaturalist.org/observations/132265308","Animalia","Mollusca","Gastropoda","Neogastropoda","Muricidae","Urosalpinx","Urosalpinx cinerea",NA,"SPECIES","Urosalpinx cinerea (Say, 1822)","Urosalpinx cinerea","","US","","Massachusetts","PRESENT",NA,"28eb1a3f-1c15-4a95-931a-4af90ecb574d",41.929967,-70.046989,24,NA,NA,NA,NA,NA,"2022-08-25T07:20:32",25,8,2022,2304415,2304415,"HUMAN_OBSERVATION","iNaturalist","Observations","132265308","","gwt2102",2022-08-25 12:51:01,"CC_BY_NC_4_0","gwt2102","gwt2102",NA,NA,2025-06-07 01:10:37.029,"StillImage","COORDINATE_ROUNDED;CONTINENT_DERIVED_FROM_COORDINATES;TAXON_MATCH_TAXON_ID_IGNORED"
3902436536,"50c9509d-22c7-4a22-a47d-8c48425ef4a7","https://www.inaturalist.org/observations/132483604","Animalia","Mollusca","Gastropoda","Neogastropoda","Muricidae","Urosalpinx","Urosalpinx cinerea",NA,"SPECIES","Urosalpinx cinerea (Say, 1822)","Urosalpinx cinerea","","US","","Massachusetts","PRESENT",NA,"28eb1a3f-1c15-4a95-931a-4af90ecb574d",41.92992,-70.040153,4,NA,NA,NA,NA,NA,"2022-08-26T17:21:45",26,8,2022,2304415,2304415,"HUMAN_OBSERVATION","iNaturalist","Observations","132483604","","gwt2102",2022-08-27 00:07:24,"CC_BY_NC_4_0","gwt2102","gwt2102",NA,NA,2025-06-07 01:07:55.533,"StillImage","COORDINATE_ROUNDED;CONTINENT_DERIVED_FROM_COORDINATES;TAXON_MATCH_TAXON_ID_IGNORED"
3902387442,"50c9509d-22c7-4a22-a47d-8c48425ef4a7","https://www.inaturalist.org/observations/130052637","Animalia","Mollusca","Gastropoda","Neogastropoda","Muricidae","Urosalpinx","Urosalpinx cinerea",NA,"SPECIES","Urosalpinx cinerea (Say, 1822)","Urosalpinx cinerea","","US","","New York","PRESENT",NA,"28eb1a3f-1c15-4a95-931a-4af90ecb574d",40.637728,-73.833401,86,NA,NA,NA,NA,NA,"2022-08-08T11:58",8,8,2022,2304415,2304415,"HUMAN_OBSERVATION","iNaturalist","Observations","130052637","","stephanie_nyc",2022-08-09 00:38:04,"CC_BY_NC_4_0","stephanie_nyc","stephanie_nyc",NA,NA,2025-06-06 23:58:38.777,"StillImage","COORDINATE_ROUNDED;CONTINENT_DERIVED_FROM_COORDINATES;TAXON_MATCH_TAXON_ID_IGNORED"
3902369429,"50c9509d-22c7-4a22-a47d-8c48425ef4a7","https://www.inaturalist.org/observations/131959480","Animalia","Mollusca","Gastropoda","Neogastropoda","Muricidae","Urosalpinx","Urosalpinx cinerea",NA,"SPECIES","Urosalpinx cinerea (Say, 1822)","Urosalpinx cinerea","","US","","Massachusetts","PRESENT",NA,"28eb1a3f-1c15-4a95-931a-4af90ecb574d",41.929345,-70.045144,4,NA,NA,NA,NA,NA,"2022-08-22T14:32:28",22,8,2022,2304415,2304415,"HUMAN_OBSERVATION","iNaturalist","Observations","131959480","","gwt2102",2022-08-23 01:19:30,"CC_BY_NC_4_0","gwt2102","gwt2102",NA,NA,2025-06-07 01:38:05.849,"StillImage","COORDINATE_ROUNDED;CONTINENT_DERIVED_FROM_COORDINATES;TAXON_MATCH_TAXON_ID_IGNORED"
3902360436,"50c9509d-22c7-4a22-a47d-8c48425ef4a7","https://www.inaturalist.org/observations/132061319","Animalia","Mollusca","Gastropoda","Neogastropoda","Muricidae","Urosalpinx","Urosalpinx cinerea",NA,"SPECIES","Urosalpinx cinerea (Say, 1822)","Urosalpinx cinerea","","US","","Massachusetts","PRESENT",NA,"28eb1a3f-1c15-4a95-931a-4af90ecb574d",41.92995,-70.041892,7,NA,NA,NA,NA,NA,"2022-08-23T15:55:44",23,8,2022,2304415,2304415,"HUMAN_OBSERVATION","iNaturalist","Observations","132061319","","gwt2102",2022-08-23 21:16:44,"CC_BY_NC_4_0","gwt2102","gwt2102",NA,NA,2025-06-06 23:56:06.216,"StillImage","COORDINATE_ROUNDED;CONTINENT_DERIVED_FROM_COORDINATES;TAXON_MATCH_TAXON_ID_IGNORED"
3902338279,"50c9509d-22c7-4a22-a47d-8c48425ef4a7","https://www.inaturalist.org/observations/132484507","Animalia","Mollusca","Gastropoda","Neogastropoda","Muricidae","Urosalpinx","Urosalpinx cinerea",NA,"SPECIES","Urosalpinx cinerea (Say, 1822)","Urosalpinx cinerea","","US","","Massachusetts","PRESENT",NA,"28eb1a3f-1c15-4a95-931a-4af90ecb574d",41.929937,-70.039536,18,NA,NA,NA,NA,NA,"2022-08-26T17:33:07",26,8,2022,2304415,2304415,"HUMAN_OBSERVATION","iNaturalist","Observations","132484507","","gwt2102",2022-08-27 00:18:51,"CC_BY_NC_4_0","gwt2102","gwt2102",NA,NA,2025-06-07 01:16:46.068,"StillImage","COORDINATE_ROUNDED;CONTINENT_DERIVED_FROM_COORDINATES;TAXON_MATCH_TAXON_ID_IGNORED"
3892583554,"50c9509d-22c7-4a22-a47d-8c48425ef4a7","https://www.inaturalist.org/observations/130054224","Animalia","Mollusca","Gastropoda","Neogastropoda","Muricidae","Urosalpinx","Urosalpinx cinerea",NA,"SPECIES","Urosalpinx cinerea (Say, 1822)","Urosalpinx cinerea","","US","","New York","PRESENT",NA,"28eb1a3f-1c15-4a95-931a-4af90ecb574d",40.636707,-73.833443,86,NA,NA,NA,NA,NA,"2022-08-08T12:37",8,8,2022,2304415,2304415,"HUMAN_OBSERVATION","iNaturalist","Observations","130054224","","stephanie_nyc",2022-08-09 00:53:47,"CC_BY_NC_4_0","stephanie_nyc","stephanie_nyc",NA,NA,2025-06-07 00:05:31.323,"StillImage","COORDINATE_ROUNDED;CONTINENT_DERIVED_FROM_COORDINATES;TAXON_MATCH_TAXON_ID_IGNORED"
3892575782,"50c9509d-22c7-4a22-a47d-8c48425ef4a7","https://www.inaturalist.org/observations/130444955","Animalia","Mollusca","Gastropoda","Neogastropoda","Muricidae","Urosalpinx","Urosalpinx cinerea",NA,"SPECIES","Urosalpinx cinerea (Say, 1822)","Urosalpinx cinerea","","US","","New York","PRESENT",NA,"28eb1a3f-1c15-4a95-931a-4af90ecb574d",40.59217,-73.842593,126,NA,NA,NA,NA,NA,"2022-08-11T10:16",11,8,2022,2304415,2304415,"HUMAN_OBSERVATION","iNaturalist","Observations","130444955","","stephanie_nyc",2022-08-12 00:22:53,"CC_BY_NC_4_0","stephanie_nyc","stephanie_nyc",NA,NA,2025-06-07 00:05:03.696,"StillImage","COORDINATE_ROUNDED;CONTINENT_DERIVED_FROM_COORDINATES;TAXON_MATCH_TAXON_ID_IGNORED"
3892539840,"50c9509d-22c7-4a22-a47d-8c48425ef4a7","https://www.inaturalist.org/observations/130511061","Animalia","Mollusca","Gastropoda","Neogastropoda","Muricidae","Urosalpinx","Urosalpinx cinerea",NA,"SPECIES","Urosalpinx cinerea (Say, 1822)","Urosalpinx cinerea","","US","","Rhode Island","PRESENT",NA,"28eb1a3f-1c15-4a95-931a-4af90ecb574d",41.479407,-71.361654,2,NA,NA,NA,NA,NA,"2022-08-11T13:11",11,8,2022,2304415,2304415,"HUMAN_OBSERVATION","iNaturalist","Observations","130511061","","Alex Karasoulos",2022-08-12 16:05:58,"CC0_1_0","Alex Karasoulos","Alex Karasoulos",NA,NA,2025-06-07 01:49:53.554,"StillImage","COORDINATE_ROUNDED;CONTINENT_DERIVED_FROM_COORDINATES;TAXON_MATCH_TAXON_ID_IGNORED"
3892397088,"50c9509d-22c7-4a22-a47d-8c48425ef4a7","https://www.inaturalist.org/observations/130869583","Animalia","Mollusca","Gastropoda","Neogastropoda","Muricidae","Urosalpinx","Urosalpinx cinerea",NA,"SPECIES","Urosalpinx cinerea (Say, 1822)","Urosalpinx cinerea","","US","","Maryland","PRESENT",NA,"28eb1a3f-1c15-4a95-931a-4af90ecb574d",38.302603,-75.11765,43,NA,NA,NA,NA,NA,"2022-08-14T17:26:05",14,8,2022,2304415,2304415,"HUMAN_OBSERVATION","iNaturalist","Observations","130869583","","human_landfill",2022-08-15 01:37:54,"CC_BY_NC_4_0","human_landfill","human_landfill",NA,NA,2025-06-07 01:26:12.568,"StillImage","COORDINATE_ROUNDED;CONTINENT_DERIVED_FROM_COORDINATES;TAXON_MATCH_TAXON_ID_IGNORED"
3892373557,"50c9509d-22c7-4a22-a47d-8c48425ef4a7","https://www.inaturalist.org/observations/130053670","Animalia","Mollusca","Gastropoda","Neogastropoda","Muricidae","Urosalpinx","Urosalpinx cinerea",NA,"SPECIES","Urosalpinx cinerea (Say, 1822)","Urosalpinx cinerea","","US","","New York","PRESENT",NA,"28eb1a3f-1c15-4a95-931a-4af90ecb574d",40.637237,-73.833443,86,NA,NA,NA,NA,NA,"2022-08-08T12:07",8,8,2022,2304415,2304415,"HUMAN_OBSERVATION","iNaturalist","Observations","130053670","","stephanie_nyc",2022-08-09 00:47:28,"CC_BY_NC_4_0","stephanie_nyc","stephanie_nyc",NA,NA,2025-06-07 00:47:17.699,"StillImage","COORDINATE_ROUNDED;CONTINENT_DERIVED_FROM_COORDINATES;TAXON_MATCH_TAXON_ID_IGNORED"
3892298100,"50c9509d-22c7-4a22-a47d-8c48425ef4a7","https://www.inaturalist.org/observations/130874395","Animalia","Mollusca","Gastropoda","Neogastropoda","Muricidae","Urosalpinx","Urosalpinx cinerea",NA,"SPECIES","Urosalpinx cinerea (Say, 1822)","Urosalpinx cinerea","","US","","Maryland","PRESENT",NA,"28eb1a3f-1c15-4a95-931a-4af90ecb574d",38.302491,-75.11731,23,NA,NA,NA,NA,NA,"2022-08-14T16:22:05",14,8,2022,2304415,2304415,"HUMAN_OBSERVATION","iNaturalist","Observations","130874395","","human_landfill",2022-08-15 01:40:29,"CC_BY_NC_4_0","human_landfill","human_landfill",NA,NA,2025-06-07 00:57:56.23,"StillImage","COORDINATE_ROUNDED;CONTINENT_DERIVED_FROM_COORDINATES;TAXON_MATCH_TAXON_ID_IGNORED"
3889235499,"50c9509d-22c7-4a22-a47d-8c48425ef4a7","https://www.inaturalist.org/observations/129875405","Animalia","Mollusca","Gastropoda","Neogastropoda","Muricidae","Urosalpinx","Urosalpinx cinerea",NA,"SPECIES","Urosalpinx cinerea (Say, 1822)","Urosalpinx cinerea","","US","","Connecticut","PRESENT",NA,"28eb1a3f-1c15-4a95-931a-4af90ecb574d",41.159683,-73.189545,3,NA,NA,NA,NA,NA,"2022-08-07T11:28:56",7,8,2022,2304415,2304415,"HUMAN_OBSERVATION","iNaturalist","Observations","129875405","","ka11039",2022-08-07 19:43:23,"CC_BY_NC_4_0","ka11039","ka11039",NA,NA,2025-06-07 01:07:28.088,"StillImage","COORDINATE_ROUNDED;CONTINENT_DERIVED_FROM_COORDINATES;TAXON_MATCH_TAXON_ID_IGNORED"
3889198970,"50c9509d-22c7-4a22-a47d-8c48425ef4a7","https://www.inaturalist.org/observations/129700192","Animalia","Mollusca","Gastropoda","Neogastropoda","Muricidae","Urosalpinx","Urosalpinx cinerea",NA,"SPECIES","Urosalpinx cinerea (Say, 1822)","Urosalpinx cinerea","","US","","New York","PRESENT",NA,"28eb1a3f-1c15-4a95-931a-4af90ecb574d",40.65389,-74.019495,21,NA,NA,NA,NA,NA,"2022-08-06T12:57:41",6,8,2022,2304415,2304415,"HUMAN_OBSERVATION","iNaturalist","Observations","129700192","","matthew_wills",2022-08-06 17:09:11,"CC_BY_NC_4_0","matthew_wills","matthew_wills",NA,NA,2025-06-07 01:41:45.185,"StillImage","COORDINATE_ROUNDED;CONTINENT_DERIVED_FROM_COORDINATES;TAXON_MATCH_TAXON_ID_IGNORED"
3889192793,"50c9509d-22c7-4a22-a47d-8c48425ef4a7","https://www.inaturalist.org/observations/129320269","Animalia","Mollusca","Gastropoda","Neogastropoda","Muricidae","Urosalpinx","Urosalpinx cinerea",NA,"SPECIES","Urosalpinx cinerea (Say, 1822)","Urosalpinx cinerea","","US","","California","PRESENT",NA,"28eb1a3f-1c15-4a95-931a-4af90ecb574d",37.740289,-122.214614,NA,NA,NA,NA,NA,NA,"2022-06-17T11:14",17,6,2022,2304415,2304415,"HUMAN_OBSERVATION","iNaturalist","Observations","129320269","","Hydrocycler (Elizabeth Dougherty)",2022-08-03 20:01:50,"CC_BY_4_0","Hydrocycler (Elizabeth Dougherty)","Hydrocycler (Elizabeth Dougherty)",NA,NA,2025-06-07 00:38:06.039,"StillImage","COORDINATE_ROUNDED;CONTINENT_DERIVED_FROM_COORDINATES;TAXON_MATCH_TAXON_ID_IGNORED"
3889069238,"50c9509d-22c7-4a22-a47d-8c48425ef4a7","https://www.inaturalist.org/observations/129714920","Animalia","Mollusca","Gastropoda","Neogastropoda","Muricidae","Urosalpinx","Urosalpinx cinerea",NA,"SPECIES","Urosalpinx cinerea (Say, 1822)","Urosalpinx cinerea","","US","","California","PRESENT",NA,"28eb1a3f-1c15-4a95-931a-4af90ecb574d",37.767609,-122.277786,205,NA,NA,NA,NA,NA,"2022-08-06T11:58:25",6,8,2022,2304415,2304415,"HUMAN_OBSERVATION","iNaturalist","Observations","129714920","","b4enda",2022-08-06 18:58:35,"CC_BY_NC_4_0","b4enda","b4enda",NA,NA,2025-06-07 01:14:31.73,"StillImage","COORDINATE_ROUNDED;CONTINENT_DERIVED_FROM_COORDINATES;TAXON_MATCH_TAXON_ID_IGNORED"
3881428973,"50c9509d-22c7-4a22-a47d-8c48425ef4a7","https://www.inaturalist.org/observations/128323915","Animalia","Mollusca","Gastropoda","Neogastropoda","Muricidae","Urosalpinx","Urosalpinx cinerea",NA,"SPECIES","Urosalpinx cinerea (Say, 1822)","Urosalpinx cinerea","","US","","Maine","PRESENT",NA,"28eb1a3f-1c15-4a95-931a-4af90ecb574d",43.868331,-69.993436,488,NA,NA,NA,NA,NA,"2016-10-23T14:34",23,10,2016,2304415,2304415,"HUMAN_OBSERVATION","iNaturalist","Observations","128323915","","Weston Barker",2022-07-28 17:07:53,"CC_BY_NC_4_0","Weston Barker","Weston Barker",NA,NA,2025-06-07 00:13:27.647,"StillImage","COORDINATE_ROUNDED;CONTINENT_DERIVED_FROM_COORDINATES;TAXON_MATCH_TAXON_ID_IGNORED"
3873852707,"50c9509d-22c7-4a22-a47d-8c48425ef4a7","https://www.inaturalist.org/observations/126465610","Animalia","Mollusca","Gastropoda","Neogastropoda","Muricidae","Urosalpinx","Urosalpinx cinerea",NA,"SPECIES","Urosalpinx cinerea (Say, 1822)","Urosalpinx cinerea","","US","","Massachusetts","PRESENT",NA,"28eb1a3f-1c15-4a95-931a-4af90ecb574d",41.755664,-70.575723,233,NA,NA,NA,NA,NA,"2022-07-16T08:11:23",16,7,2022,2304415,2304415,"HUMAN_OBSERVATION","iNaturalist","Observations","126465610","","lcadrin",2022-07-18 16:18:27,"CC_BY_NC_4_0","ishaanv","ishaanv",NA,NA,2025-06-07 01:58:40.049,"StillImage","COORDINATE_ROUNDED;CONTINENT_DERIVED_FROM_COORDINATES;TAXON_MATCH_TAXON_ID_IGNORED"
3873816489,"50c9509d-22c7-4a22-a47d-8c48425ef4a7","https://www.inaturalist.org/observations/126357669","Animalia","Mollusca","Gastropoda","Neogastropoda","Muricidae","Urosalpinx","Urosalpinx cinerea",NA,"SPECIES","Urosalpinx cinerea (Say, 1822)","Urosalpinx cinerea","","US","","New Jersey","PRESENT",NA,"28eb1a3f-1c15-4a95-931a-4af90ecb574d",40.440872,-74.093955,4,NA,NA,NA,NA,NA,"2022-07-15T11:29:33",15,7,2022,2304415,2304415,"HUMAN_OBSERVATION","iNaturalist","Observations","126357669","","Lisa Ann Fanning",2022-07-15 16:18:30,"CC_BY_NC_4_0","Lisa Ann Fanning","Lisa Ann Fanning",NA,NA,2025-06-07 00:37:19.267,"StillImage","COORDINATE_ROUNDED;CONTINENT_DERIVED_FROM_COORDINATES;TAXON_MATCH_TAXON_ID_IGNORED"
3873804372,"50c9509d-22c7-4a22-a47d-8c48425ef4a7","https://www.inaturalist.org/observations/127567239","Animalia","Mollusca","Gastropoda","Neogastropoda","Muricidae","Urosalpinx","Urosalpinx cinerea",NA,"SPECIES","Urosalpinx cinerea (Say, 1822)","Urosalpinx cinerea","","US","","California","PRESENT",NA,"28eb1a3f-1c15-4a95-931a-4af90ecb574d",38.133108,-122.894061,NA,NA,NA,NA,NA,NA,"2022-07-23T12:13:15",23,7,2022,2304415,2304415,"HUMAN_OBSERVATION","iNaturalist","Observations","127567239","","Morgan Cantrell",2022-07-23 20:41:13,"CC_BY_NC_4_0","Morgan Cantrell","Morgan Cantrell",NA,NA,2025-06-07 01:29:10.278,"StillImage","COORDINATE_ROUNDED;CONTINENT_DERIVED_FROM_COORDINATES;TAXON_MATCH_TAXON_ID_IGNORED"
3873773823,"50c9509d-22c7-4a22-a47d-8c48425ef4a7","https://www.inaturalist.org/observations/127911434","Animalia","Mollusca","Gastropoda","Neogastropoda","Muricidae","Urosalpinx","Urosalpinx cinerea",NA,"SPECIES","Urosalpinx cinerea (Say, 1822)","Urosalpinx cinerea","","US","","New Jersey","PRESENT",NA,"28eb1a3f-1c15-4a95-931a-4af90ecb574d",40.100924,-74.048848,58,NA,NA,NA,NA,NA,"2022-07-13T07:28",13,7,2022,2304415,2304415,"HUMAN_OBSERVATION","iNaturalist","Observations","127911434","","Neil DeMaster",2022-07-25 22:22:55,"CC_BY_NC_4_0","Neil DeMaster","Neil DeMaster",NA,NA,2025-06-07 01:16:32.842,"StillImage","COORDINATE_ROUNDED;CONTINENT_DERIVED_FROM_COORDINATES;TAXON_MATCH_TAXON_ID_IGNORED"
3873390555,"50c9509d-22c7-4a22-a47d-8c48425ef4a7","https://www.inaturalist.org/observations/126216647","Animalia","Mollusca","Gastropoda","Neogastropoda","Muricidae","Urosalpinx","Urosalpinx cinerea",NA,"SPECIES","Urosalpinx cinerea (Say, 1822)","Urosalpinx cinerea","","US","","New York","PRESENT",NA,"28eb1a3f-1c15-4a95-931a-4af90ecb574d",40.817639,-73.882736,NA,NA,NA,NA,NA,NA,"2022-07-14T11:34:36",14,7,2022,2304415,2304415,"HUMAN_OBSERVATION","iNaturalist","Observations","126216647","","Safiya",2022-07-14 15:46:33,"CC_BY_NC_4_0","Safiya","Safiya",NA,NA,2025-06-07 02:47:07.32,"StillImage","COORDINATE_ROUNDED;CONTINENT_DERIVED_FROM_COORDINATES;TAXON_MATCH_TAXON_ID_IGNORED"
3873311249,"50c9509d-22c7-4a22-a47d-8c48425ef4a7","https://www.inaturalist.org/observations/125261376","Animalia","Mollusca","Gastropoda","Neogastropoda","Muricidae","Urosalpinx","Urosalpinx cinerea",NA,"SPECIES","Urosalpinx cinerea (Say, 1822)","Urosalpinx cinerea","","US","","Connecticut","PRESENT",NA,"28eb1a3f-1c15-4a95-931a-4af90ecb574d",41.263531,-72.563166,16,NA,NA,NA,NA,NA,"2022-07-07T14:59",7,7,2022,2304415,2304415,"HUMAN_OBSERVATION","iNaturalist","Observations","125261376","","Tom French",2022-07-18 03:41:02,"CC_BY_NC_4_0","rileyghostie","rileyghostie",NA,NA,2025-06-07 01:57:03.714,"StillImage","COORDINATE_ROUNDED;CONTINENT_DERIVED_FROM_COORDINATES;TAXON_MATCH_TAXON_ID_IGNORED"
3873055833,"50c9509d-22c7-4a22-a47d-8c48425ef4a7","https://www.inaturalist.org/observations/124250267","Animalia","Mollusca","Gastropoda","Neogastropoda","Muricidae","Urosalpinx","Urosalpinx cinerea",NA,"SPECIES","Urosalpinx cinerea (Say, 1822)","Urosalpinx cinerea","","US","","New York","PRESENT",NA,"28eb1a3f-1c15-4a95-931a-4af90ecb574d",40.605351,-73.886704,140,NA,NA,NA,NA,NA,"2022-06-29T11:00",29,6,2022,2304415,2304415,"HUMAN_OBSERVATION","iNaturalist","Observations","124250267","","stephanie_nyc",2022-07-01 14:46:32,"CC_BY_NC_4_0","stephanie_nyc","stephanie_nyc",NA,NA,2025-06-07 01:39:32.884,"","COORDINATE_ROUNDED;CONTINENT_DERIVED_FROM_COORDINATES;TAXON_MATCH_TAXON_ID_IGNORED"
3872900428,"50c9509d-22c7-4a22-a47d-8c48425ef4a7","https://www.inaturalist.org/observations/75679735","Animalia","Mollusca","Gastropoda","Neogastropoda","Muricidae","Urosalpinx","Urosalpinx cinerea",NA,"SPECIES","Urosalpinx cinerea (Say, 1822)","Urosalpinx cinerea","","US","","South Carolina","PRESENT",NA,"28eb1a3f-1c15-4a95-931a-4af90ecb574d",33.340508,-79.175828,4,NA,NA,NA,NA,NA,"2021-04-23T12:24",23,4,2021,2304415,2304415,"HUMAN_OBSERVATION","iNaturalist","Observations","75679735","","staylor17",2021-04-29 18:25:06,"CC_BY_NC_4_0","staylor17","staylor17",NA,NA,2025-06-07 00:25:45.833,"StillImage","COORDINATE_ROUNDED;CONTINENT_DERIVED_FROM_COORDINATES;TAXON_MATCH_TAXON_ID_IGNORED"
3860743321,"50c9509d-22c7-4a22-a47d-8c48425ef4a7","https://www.inaturalist.org/observations/122536449","Animalia","Mollusca","Gastropoda","Neogastropoda","Muricidae","Urosalpinx","Urosalpinx cinerea",NA,"SPECIES","Urosalpinx cinerea (Say, 1822)","Urosalpinx cinerea","","US","","Massachusetts","PRESENT",NA,"28eb1a3f-1c15-4a95-931a-4af90ecb574d",41.610588,-70.430083,18,NA,NA,NA,NA,NA,"2022-06-19T14:08:23",19,6,2022,2304415,2304415,"HUMAN_OBSERVATION","iNaturalist","Observations","122536449","","Chris Grove",2022-06-19 19:57:29,"CC_BY_NC_4_0","Chris Grove","Chris Grove",NA,NA,2025-06-07 00:34:12.418,"StillImage","COORDINATE_ROUNDED;CONTINENT_DERIVED_FROM_COORDINATES;TAXON_MATCH_TAXON_ID_IGNORED"
3860588452,"50c9509d-22c7-4a22-a47d-8c48425ef4a7","https://www.inaturalist.org/observations/121440725","Animalia","Mollusca","Gastropoda","Neogastropoda","Muricidae","Urosalpinx","Urosalpinx cinerea",NA,"SPECIES","Urosalpinx cinerea (Say, 1822)","Urosalpinx cinerea","","US","","New Jersey","PRESENT",NA,"28eb1a3f-1c15-4a95-931a-4af90ecb574d",40.100981,-74.048899,70,NA,NA,NA,NA,NA,"2022-06-04T11:32",4,6,2022,2304415,2304415,"HUMAN_OBSERVATION","iNaturalist","Observations","121440725","","Neil DeMaster",2022-06-12 17:01:12,"CC_BY_NC_4_0","Neil DeMaster","Neil DeMaster",NA,NA,2025-06-07 00:14:47.301,"StillImage","COORDINATE_ROUNDED;CONTINENT_DERIVED_FROM_COORDINATES;TAXON_MATCH_TAXON_ID_IGNORED"
3860438654,"50c9509d-22c7-4a22-a47d-8c48425ef4a7","https://www.inaturalist.org/observations/120510882","Animalia","Mollusca","Gastropoda","Neogastropoda","Muricidae","Urosalpinx","Urosalpinx cinerea",NA,"SPECIES","Urosalpinx cinerea (Say, 1822)","Urosalpinx cinerea","","US","","Delaware","PRESENT",NA,"28eb1a3f-1c15-4a95-931a-4af90ecb574d",38.787969,-75.100125,4,NA,NA,NA,NA,NA,"2022-06-06T10:09:10",6,6,2022,2304415,2304415,"HUMAN_OBSERVATION","iNaturalist","Observations","120510882","","beetleinahaystack",2022-06-14 01:29:19,"CC_BY_NC_4_0","beetleinahaystack","beetleinahaystack",NA,NA,2025-06-07 01:24:48.584,"StillImage","COORDINATE_ROUNDED;CONTINENT_DERIVED_FROM_COORDINATES;TAXON_MATCH_TAXON_ID_IGNORED"
3860360970,"50c9509d-22c7-4a22-a47d-8c48425ef4a7","https://www.inaturalist.org/observations/119720326","Animalia","Mollusca","Gastropoda","Neogastropoda","Muricidae","Urosalpinx","Urosalpinx cinerea",NA,"SPECIES","Urosalpinx cinerea (Say, 1822)","Urosalpinx cinerea","","US","","North Carolina","PRESENT",NA,"28eb1a3f-1c15-4a95-931a-4af90ecb574d",34.679475,-76.932787,6,NA,NA,NA,NA,NA,"2022-06-01T07:27:07",1,6,2022,2304415,2304415,"HUMAN_OBSERVATION","iNaturalist","Observations","119720326","","hikernut",2022-06-01 11:59:46,"CC_BY_NC_4_0","hikernut","hikernut",NA,NA,2025-06-07 00:47:12.172,"StillImage","COORDINATE_ROUNDED;CONTINENT_DERIVED_FROM_COORDINATES;TAXON_MATCH_TAXON_ID_IGNORED"
3860233360,"50c9509d-22c7-4a22-a47d-8c48425ef4a7","https://www.inaturalist.org/observations/120167697","Animalia","Mollusca","Gastropoda","Neogastropoda","Muricidae","Urosalpinx","Urosalpinx cinerea",NA,"SPECIES","Urosalpinx cinerea (Say, 1822)","Urosalpinx cinerea","","US","","Connecticut","PRESENT",NA,"28eb1a3f-1c15-4a95-931a-4af90ecb574d",41.25108,-72.896217,77,NA,NA,NA,NA,NA,"2022-06-04T11:24:52",4,6,2022,2304415,2304415,"HUMAN_OBSERVATION","iNaturalist","Observations","120167697","","Tom French",2022-06-05 03:14:11,"CC_BY_NC_4_0","lisa_rg","lisa_rg",NA,NA,2025-06-07 02:00:18.688,"StillImage","COORDINATE_ROUNDED;CONTINENT_DERIVED_FROM_COORDINATES;TAXON_MATCH_TAXON_ID_IGNORED"
3859854378,"50c9509d-22c7-4a22-a47d-8c48425ef4a7","https://www.inaturalist.org/observations/121438289","Animalia","Mollusca","Gastropoda","Neogastropoda","Muricidae","Urosalpinx","Urosalpinx cinerea",NA,"SPECIES","Urosalpinx cinerea (Say, 1822)","Urosalpinx cinerea","","US","","Rhode Island","PRESENT",NA,"28eb1a3f-1c15-4a95-931a-4af90ecb574d",41.624607,-71.213378,8,NA,NA,NA,NA,NA,"2022-06-12T12:44:15",12,6,2022,2304415,2304415,"HUMAN_OBSERVATION","iNaturalist","Observations","121438289","","matt_rock",2022-06-12 16:47:32,"CC_BY_NC_4_0","matt_rock","matt_rock",NA,NA,2025-06-07 00:13:27.193,"StillImage","COORDINATE_ROUNDED;CONTINENT_DERIVED_FROM_COORDINATES;TAXON_MATCH_TAXON_ID_IGNORED"
3859780601,"50c9509d-22c7-4a22-a47d-8c48425ef4a7","https://www.inaturalist.org/observations/120374335","Animalia","Mollusca","Gastropoda","Neogastropoda","Muricidae","Urosalpinx","Urosalpinx cinerea",NA,"SPECIES","Urosalpinx cinerea (Say, 1822)","Urosalpinx cinerea","","US","","Connecticut","PRESENT",NA,"28eb1a3f-1c15-4a95-931a-4af90ecb574d",41.248755,-72.54508,78,NA,NA,NA,NA,NA,"2022-06-05T10:39:05",5,6,2022,2304415,2304415,"HUMAN_OBSERVATION","iNaturalist","Observations","120374335","","Julie Stella",2022-06-05 18:05:46,"CC_BY_NC_4_0","Julie Stella","Julie Stella",NA,NA,2025-06-07 00:52:34.831,"StillImage","COORDINATE_ROUNDED;CONTINENT_DERIVED_FROM_COORDINATES;TAXON_MATCH_TAXON_ID_IGNORED"
3859425758,"50c9509d-22c7-4a22-a47d-8c48425ef4a7","https://www.inaturalist.org/observations/121795180","Animalia","Mollusca","Gastropoda","Neogastropoda","Muricidae","Urosalpinx","Urosalpinx cinerea",NA,"SPECIES","Urosalpinx cinerea (Say, 1822)","Urosalpinx cinerea","","US","","California","PRESENT",NA,"28eb1a3f-1c15-4a95-931a-4af90ecb574d",37.686284,-122.39067,8,NA,NA,NA,NA,NA,"2022-06-14T10:01:58",14,6,2022,2304415,2304415,"HUMAN_OBSERVATION","iNaturalist","Observations","121795180","","Chris Evers",2022-06-14 21:57:12,"CC_BY_NC_4_0","Chris Evers","Chris Evers",NA,NA,2025-06-07 00:10:37.944,"StillImage","COORDINATE_ROUNDED;CONTINENT_DERIVED_FROM_COORDINATES;TAXON_MATCH_TAXON_ID_IGNORED"
3859320372,"50c9509d-22c7-4a22-a47d-8c48425ef4a7","https://www.inaturalist.org/observations/122511823","Animalia","Mollusca","Gastropoda","Neogastropoda","Muricidae","Urosalpinx","Urosalpinx cinerea",NA,"SPECIES","Urosalpinx cinerea (Say, 1822)","Urosalpinx cinerea","","US","","California","PRESENT",NA,"28eb1a3f-1c15-4a95-931a-4af90ecb574d",37.591654,-122.320336,7,NA,NA,NA,NA,NA,"2022-06-18T09:55",18,6,2022,2304415,2304415,"HUMAN_OBSERVATION","iNaturalist","Observations","122511823","","sea-kangaroo",2022-06-19 17:30:14,"CC_BY_4_0","sea-kangaroo","sea-kangaroo",NA,NA,2025-06-07 01:41:44.654,"StillImage","COORDINATE_ROUNDED;CONTINENT_DERIVED_FROM_COORDINATES;TAXON_MATCH_TAXON_ID_IGNORED"
3859270244,"50c9509d-22c7-4a22-a47d-8c48425ef4a7","https://www.inaturalist.org/observations/123543988","Animalia","Mollusca","Gastropoda","Neogastropoda","Muricidae","Urosalpinx","Urosalpinx cinerea",NA,"SPECIES","Urosalpinx cinerea (Say, 1822)","Urosalpinx cinerea","","US","","California","PRESENT",NA,"28eb1a3f-1c15-4a95-931a-4af90ecb574d",37.508861,-122.110694,NA,NA,NA,NA,NA,NA,"2022-01-15T14:29",15,1,2022,2304415,2304415,"HUMAN_OBSERVATION","iNaturalist","Observations","123543988","","Floyd E. Hayes",2022-06-26 15:59:09,"CC_BY_NC_4_0","Floyd E. Hayes","Floyd E. Hayes",NA,NA,2025-06-07 00:40:51.231,"StillImage","COORDINATE_ROUNDED;CONTINENT_DERIVED_FROM_COORDINATES;TAXON_MATCH_TAXON_ID_IGNORED"
3859214279,"50c9509d-22c7-4a22-a47d-8c48425ef4a7","https://www.inaturalist.org/observations/118925582","Animalia","Mollusca","Gastropoda","Neogastropoda","Muricidae","Urosalpinx","Urosalpinx cinerea",NA,"SPECIES","Urosalpinx cinerea (Say, 1822)","Urosalpinx cinerea","","US","","Delaware","PRESENT",NA,"28eb1a3f-1c15-4a95-931a-4af90ecb574d",38.829714,-75.212344,NA,NA,NA,NA,NA,NA,"2022-05-27T08:53:22",27,5,2022,2304415,2304415,"HUMAN_OBSERVATION","iNaturalist","Observations","118925582","","Wayne Longbottom",2022-05-27 15:12:28,"CC_BY_NC_4_0","Wayne Longbottom","Wayne Longbottom",NA,NA,2025-06-07 01:52:12.075,"StillImage","COORDINATE_ROUNDED;CONTINENT_DERIVED_FROM_COORDINATES;TAXON_MATCH_TAXON_ID_IGNORED"
3859181412,"50c9509d-22c7-4a22-a47d-8c48425ef4a7","https://www.inaturalist.org/observations/122582145","Animalia","Mollusca","Gastropoda","Neogastropoda","Muricidae","Urosalpinx","Urosalpinx cinerea",NA,"SPECIES","Urosalpinx cinerea (Say, 1822)","Urosalpinx cinerea","","US","","California","PRESENT",NA,"28eb1a3f-1c15-4a95-931a-4af90ecb574d",37.591757,-122.320221,7,NA,NA,NA,NA,NA,"2022-06-18T10:12",18,6,2022,2304415,2304415,"HUMAN_OBSERVATION","iNaturalist","Observations","122582145","","sea-kangaroo",2022-06-20 01:06:31,"CC_BY_4_0","sea-kangaroo","sea-kangaroo",NA,NA,2025-06-07 00:03:31.834,"StillImage","COORDINATE_ROUNDED;CONTINENT_DERIVED_FROM_COORDINATES;TAXON_MATCH_TAXON_ID_IGNORED"
3858831307,"50c9509d-22c7-4a22-a47d-8c48425ef4a7","https://www.inaturalist.org/observations/122552292","Animalia","Mollusca","Gastropoda","Neogastropoda","Muricidae","Urosalpinx","Urosalpinx cinerea",NA,"SPECIES","Urosalpinx cinerea (Say, 1822)","Urosalpinx cinerea","","US","","New York","PRESENT",NA,"28eb1a3f-1c15-4a95-931a-4af90ecb574d",40.541888,-74.125747,5,NA,NA,NA,NA,NA,"2022-06-19T11:32:04",19,6,2022,2304415,2304415,"HUMAN_OBSERVATION","iNaturalist","Observations","122552292","","Ethan Dropkin",2022-06-19 21:33:40,"CC_BY_NC_4_0","Ethan Dropkin","Ethan Dropkin",NA,NA,2025-06-07 00:37:44.508,"StillImage","COORDINATE_ROUNDED;CONTINENT_DERIVED_FROM_COORDINATES;TAXON_MATCH_TAXON_ID_IGNORED"
3858768206,"50c9509d-22c7-4a22-a47d-8c48425ef4a7","https://www.inaturalist.org/observations/124839203","Animalia","Mollusca","Gastropoda","Neogastropoda","Muricidae","Urosalpinx","Urosalpinx cinerea",NA,"SPECIES","Urosalpinx cinerea (Say, 1822)","Urosalpinx cinerea","","US","","North Carolina","PRESENT",NA,"28eb1a3f-1c15-4a95-931a-4af90ecb574d",34.678016,-76.950776,5335,NA,NA,NA,NA,NA,"2022-06-28",28,6,2022,2304415,2304415,"HUMAN_OBSERVATION","iNaturalist","Observations","124839203","","Kent Miller",2022-07-05 03:56:42,"CC_BY_4_0","Kent Miller","Kent Miller",NA,NA,2025-06-07 00:41:48.226,"StillImage","COORDINATE_ROUNDED;CONTINENT_DERIVED_FROM_COORDINATES;TAXON_MATCH_TAXON_ID_IGNORED"
3858764188,"50c9509d-22c7-4a22-a47d-8c48425ef4a7","https://www.inaturalist.org/observations/123544001","Animalia","Mollusca","Gastropoda","Neogastropoda","Muricidae","Urosalpinx","Urosalpinx cinerea",NA,"SPECIES","Urosalpinx cinerea (Say, 1822)","Urosalpinx cinerea","","US","","California","PRESENT",NA,"28eb1a3f-1c15-4a95-931a-4af90ecb574d",37.509203,-122.110642,4,NA,NA,NA,NA,NA,"2022-01-15T14:57",15,1,2022,2304415,2304415,"HUMAN_OBSERVATION","iNaturalist","Observations","123544001","","Floyd E. Hayes",2022-06-26 15:59:10,"CC_BY_NC_4_0","Floyd E. Hayes","Floyd E. Hayes",NA,NA,2025-06-07 01:54:34.518,"StillImage","COORDINATE_ROUNDED;CONTINENT_DERIVED_FROM_COORDINATES;TAXON_MATCH_TAXON_ID_IGNORED"
3858672441,"50c9509d-22c7-4a22-a47d-8c48425ef4a7","https://www.inaturalist.org/observations/120336931","Animalia","Mollusca","Gastropoda","Neogastropoda","Muricidae","Urosalpinx","Urosalpinx cinerea",NA,"SPECIES","Urosalpinx cinerea (Say, 1822)","Urosalpinx cinerea","","US","","Connecticut","PRESENT",NA,"28eb1a3f-1c15-4a95-931a-4af90ecb574d",41.25001,-72.757388,8,NA,NA,NA,NA,NA,"2022-06-05T10:41:11",5,6,2022,2304415,2304415,"HUMAN_OBSERVATION","iNaturalist","Observations","120336931","","Haley G.",2022-06-05 14:41:48,"CC_BY_NC_4_0","Haley G.","Haley G.",NA,NA,2025-06-07 01:12:06.635,"StillImage","COORDINATE_ROUNDED;CONTINENT_DERIVED_FROM_COORDINATES;TAXON_MATCH_TAXON_ID_IGNORED"
3858502651,"50c9509d-22c7-4a22-a47d-8c48425ef4a7","https://www.inaturalist.org/observations/121601955","Animalia","Mollusca","Gastropoda","Neogastropoda","Muricidae","Urosalpinx","Urosalpinx cinerea",NA,"SPECIES","Urosalpinx cinerea (Say, 1822)","Urosalpinx cinerea","","US","","Florida","PRESENT",NA,"28eb1a3f-1c15-4a95-931a-4af90ecb574d",30.334156,-81.394828,26,NA,NA,NA,NA,NA,"2022-06-13T12:08:05",13,6,2022,2304415,2304415,"HUMAN_OBSERVATION","iNaturalist","Observations","121601955","","Nikhil Reddy",2022-06-13 16:09:49,"CC_BY_NC_4_0","Nikhil Reddy","Nikhil Reddy",NA,NA,2025-06-07 01:15:10.989,"StillImage","COORDINATE_ROUNDED;CONTINENT_DERIVED_FROM_COORDINATES;TAXON_MATCH_TAXON_ID_IGNORED"
3858440969,"50c9509d-22c7-4a22-a47d-8c48425ef4a7","https://www.inaturalist.org/observations/120988646","Animalia","Mollusca","Gastropoda","Neogastropoda","Muricidae","Urosalpinx","Urosalpinx cinerea",NA,"SPECIES","Urosalpinx cinerea (Say, 1822)","Urosalpinx cinerea","","US","","Massachusetts","PRESENT",NA,"28eb1a3f-1c15-4a95-931a-4af90ecb574d",41.576205,-70.640818,62,NA,NA,NA,NA,NA,"2014-10-07T12:03",7,10,2014,2304415,2304415,"HUMAN_OBSERVATION","iNaturalist","Observations","120988646","","dbdrummey",2022-06-09 18:26:17,"CC_BY_NC_4_0","dbdrummey","dbdrummey",NA,NA,2025-06-07 00:18:53.787,"StillImage","COORDINATE_ROUNDED;CONTINENT_DERIVED_FROM_COORDINATES;TAXON_MATCH_TAXON_ID_IGNORED"
3858307624,"50c9509d-22c7-4a22-a47d-8c48425ef4a7","https://www.inaturalist.org/observations/77930012","Animalia","Mollusca","Gastropoda","Neogastropoda","Muricidae","Urosalpinx","Urosalpinx cinerea",NA,"SPECIES","Urosalpinx cinerea (Say, 1822)","Urosalpinx cinerea","","US","","Rhode Island","PRESENT",NA,"28eb1a3f-1c15-4a95-931a-4af90ecb574d",41.452017,-71.357275,345,NA,NA,NA,NA,NA,"2021-05-08T13:49:33",8,5,2021,2304415,2304415,"HUMAN_OBSERVATION","iNaturalist","Observations","77930012","","Gary Rosenberg",2021-05-10 03:45:03,"CC_BY_NC_4_0","mattbark","mattbark",NA,NA,2025-06-07 00:11:19.719,"StillImage","COORDINATE_ROUNDED;CONTINENT_DERIVED_FROM_COORDINATES;TAXON_MATCH_TAXON_ID_IGNORED"
3826793110,"8a863029-f435-446a-821e-275f4f641165","https://observation.org/observation/236635176","Animalia","Mollusca","Gastropoda","Neogastropoda","Muricidae","Urosalpinx","Urosalpinx cinerea",NA,"SPECIES","Urosalpinx cinerea (Say, 1822)","Urosalpinx cinerea","","GB","England - Kent","England - Kent","PRESENT",26,"c8d737e0-2ff8-42e8-b8fc-6b805d26fc5f",51.348628,1.001842,25,NA,NA,NA,NA,NA,"2022-02-23",23,2,2022,2304415,2304415,"HUMAN_OBSERVATION","","","","","",NA,"CC_BY_NC_4_0","Stichting Observation International","User 122011",NA,NA,2025-06-12 14:32:13.665,"",""
3826573851,"8a863029-f435-446a-821e-275f4f641165","https://observation.org/observation/235100178","Animalia","Mollusca","Gastropoda","Neogastropoda","Muricidae","Urosalpinx","Urosalpinx cinerea",NA,"SPECIES","Urosalpinx cinerea (Say, 1822)","Urosalpinx cinerea","","GB","England - Kent","England - Kent","PRESENT",6,"c8d737e0-2ff8-42e8-b8fc-6b805d26fc5f",51.346991,0.995622,25,NA,NA,NA,NA,NA,"2022-02-22",22,2,2022,2304415,2304415,"HUMAN_OBSERVATION","","","","","",NA,"CC_BY_NC_4_0","Stichting Observation International","User 122011",NA,NA,2025-06-12 14:39:09.792,"",""
3823449061,"8a863029-f435-446a-821e-275f4f641165","https://observation.org/observation/238111063","Animalia","Mollusca","Gastropoda","Neogastropoda","Muricidae","Urosalpinx","Urosalpinx cinerea",NA,"SPECIES","Urosalpinx cinerea (Say, 1822)","Urosalpinx cinerea","","NL","Krabbendijke - Roelshoek","Zeeland","PRESENT",7,"c8d737e0-2ff8-42e8-b8fc-6b805d26fc5f",51.4,4.1,5000,NA,NA,NA,NA,NA,"2022-04-16",16,4,2022,2304415,2304415,"HUMAN_OBSERVATION","","","","","",NA,"CC_BY_NC_4_0","Stichting Observation International","User 164955",NA,NA,2025-06-12 14:52:41.45,"StillImage",""
3823086445,"8a863029-f435-446a-821e-275f4f641165","https://observation.org/observation/235838120","Animalia","Mollusca","Gastropoda","Neogastropoda","Muricidae","Urosalpinx","Urosalpinx cinerea",NA,"SPECIES","Urosalpinx cinerea (Say, 1822)","Urosalpinx cinerea","","NL","Yerseke - Zeedijk Hardenhoek","Zeeland","PRESENT",1,"c8d737e0-2ff8-42e8-b8fc-6b805d26fc5f",51.45,4.05,5000,NA,NA,NA,NA,NA,"2022-03-21",21,3,2022,2304415,2304415,"HUMAN_OBSERVATION","","","","","",NA,"CC_BY_NC_4_0","Stichting Observation International","User 164955",NA,NA,2025-06-12 14:29:59.3,"StillImage",""
3786663241,"e45ea07f-d054-4129-9552-f0c9e6af4019","LC000053000A2ZZS","Animalia","Mollusca","Gastropoda","Neogastropoda","Muricidae","Urosalpinx","Urosalpinx cinerea",NA,"SPECIES","Urosalpinx cinerea (Say, 1822)","Urosalpinx cinerea","(Say, 1822)","GB","Tankerton; Kent","England","PRESENT",NA,"dccfcdcf-d272-45c8-85cb-e3dbf18b8a34",51.366441,1.046985,100,NA,NA,NA,NA,NA,"2020-11-18",18,11,2020,2304415,2304415,"HUMAN_OBSERVATION","Conchological Society of Great Britain & Ireland","LC000053000A000J","","","Simon Taylor",NA,"https://creativecommons.org/licenses/by-nc/4.0/legalcode","Conchological Society of Great Britain & Ireland","Fulcher, C. Christopher",NA,NA,2025-06-12 23:45:02.238,"","COORDINATE_ROUNDED;CONTINENT_DERIVED_FROM_COORDINATES;TAXON_MATCH_TAXON_CONCEPT_ID_IGNORED;TAXON_MATCH_TAXON_ID_IGNORED"
3786660314,"e45ea07f-d054-4129-9552-f0c9e6af4019","LC000053000A34YN","Animalia","Mollusca","Gastropoda","Neogastropoda","Muricidae","Urosalpinx","Urosalpinx cinerea",NA,"SPECIES","Urosalpinx cinerea (Say, 1822)","Urosalpinx cinerea","(Say, 1822)","GB","Sheppey; Kent","England","PRESENT",NA,"dccfcdcf-d272-45c8-85cb-e3dbf18b8a34",51.412602,0.90496,100,NA,NA,NA,NA,NA,"2019-06-27",27,6,2019,2304415,2304415,"HUMAN_OBSERVATION","Conchological Society of Great Britain & Ireland","LC000053000A0004","","","Simon Taylor",NA,"https://creativecommons.org/licenses/by-nc/4.0/legalcode","Conchological Society of Great Britain & Ireland","Peeling, J. Julie",NA,NA,2025-06-12 23:45:10.488,"","COORDINATE_ROUNDED;CONTINENT_DERIVED_FROM_COORDINATES;TAXON_MATCH_TAXON_CONCEPT_ID_IGNORED;TAXON_MATCH_TAXON_ID_IGNORED"
3786610402,"e45ea07f-d054-4129-9552-f0c9e6af4019","LC000053000A35WB","Animalia","Mollusca","Gastropoda","Neogastropoda","Muricidae","Urosalpinx","Urosalpinx cinerea",NA,"SPECIES","Urosalpinx cinerea (Say, 1822)","Urosalpinx cinerea","(Say, 1822)","GB","West Mersea; Essex","England","PRESENT",NA,"dccfcdcf-d272-45c8-85cb-e3dbf18b8a34",51.77409,0.951034,100,NA,NA,NA,NA,NA,"2019-04-28",28,4,2019,2304415,2304415,"HUMAN_OBSERVATION","Conchological Society of Great Britain & Ireland","LC000053000A000E","","","Simon Taylor",NA,"https://creativecommons.org/licenses/by-nc/4.0/legalcode","Conchological Society of Great Britain & Ireland","Taylor, S. Simon",NA,NA,2025-06-12 23:44:38.343,"","COORDINATE_ROUNDED;CONTINENT_DERIVED_FROM_COORDINATES;TAXON_MATCH_TAXON_CONCEPT_ID_IGNORED;TAXON_MATCH_TAXON_ID_IGNORED"
3784873765,"50c9509d-22c7-4a22-a47d-8c48425ef4a7","https://www.inaturalist.org/observations/117214550","Animalia","Mollusca","Gastropoda","Neogastropoda","Muricidae","Urosalpinx","Urosalpinx cinerea",NA,"SPECIES","Urosalpinx cinerea (Say, 1822)","Urosalpinx cinerea","","US","","New York","PRESENT",NA,"28eb1a3f-1c15-4a95-931a-4af90ecb574d",40.87782,-73.536103,5,NA,NA,NA,NA,NA,"2022-05-15T16:37:05",15,5,2022,2304415,2304415,"HUMAN_OBSERVATION","iNaturalist","Observations","117214550","","emily_c_coughlin",2022-05-15 21:39:33,"CC_BY_NC_4_0","emily_c_coughlin","emily_c_coughlin",NA,NA,2025-06-07 00:17:47.837,"StillImage","COORDINATE_ROUNDED;CONTINENT_DERIVED_FROM_COORDINATES;TAXON_MATCH_TAXON_ID_IGNORED"
3773587306,"50c9509d-22c7-4a22-a47d-8c48425ef4a7","https://www.inaturalist.org/observations/116071904","Animalia","Mollusca","Gastropoda","Neogastropoda","Muricidae","Urosalpinx","Urosalpinx cinerea",NA,"SPECIES","Urosalpinx cinerea (Say, 1822)","Urosalpinx cinerea","","CA","","Nova Scotia","PRESENT",NA,"28eb1a3f-1c15-4a95-931a-4af90ecb574d",45.691669,-64.45192,106,NA,NA,NA,NA,NA,"2022-05-07T13:05:32",7,5,2022,2304415,2304415,"HUMAN_OBSERVATION","iNaturalist","Observations","116071904","","Robert W. Harding",2022-05-08 12:07:00,"CC_BY_NC_4_0","Robert W. Harding","Robert W. Harding",NA,NA,2025-06-07 00:57:42.427,"StillImage","COORDINATE_ROUNDED;CONTINENT_DERIVED_FROM_COORDINATES;TAXON_MATCH_TAXON_ID_IGNORED"
3773559931,"50c9509d-22c7-4a22-a47d-8c48425ef4a7","https://www.inaturalist.org/observations/115229738","Animalia","Mollusca","Gastropoda","Neogastropoda","Muricidae","Urosalpinx","Urosalpinx cinerea",NA,"SPECIES","Urosalpinx cinerea (Say, 1822)","Urosalpinx cinerea","","US","","New Jersey","PRESENT",NA,"28eb1a3f-1c15-4a95-931a-4af90ecb574d",40.43335,-73.98855,5523,NA,NA,NA,NA,NA,"2022-05-03T11:51",3,5,2022,2304415,2304415,"HUMAN_OBSERVATION","iNaturalist","Observations","115229738","","Susan J. Hewitt",2022-05-03 23:39:31,"CC_BY_NC_4_0","Nils Helstrom","Nils Helstrom",NA,NA,2025-06-07 00:35:50.008,"StillImage","COORDINATE_ROUNDED;CONTINENT_DERIVED_FROM_COORDINATES;TAXON_MATCH_TAXON_ID_IGNORED"
3773251053,"50c9509d-22c7-4a22-a47d-8c48425ef4a7","https://www.inaturalist.org/observations/115828272","Animalia","Mollusca","Gastropoda","Neogastropoda","Muricidae","Urosalpinx","Urosalpinx cinerea",NA,"SPECIES","Urosalpinx cinerea (Say, 1822)","Urosalpinx cinerea","","US","","Massachusetts","PRESENT",NA,"28eb1a3f-1c15-4a95-931a-4af90ecb574d",41.623408,-70.36377,5,NA,NA,NA,NA,NA,"2021-11-27T11:11:20",27,11,2021,2304415,2304415,"HUMAN_OBSERVATION","iNaturalist","Observations","115828272","","ipat",2022-05-07 02:31:23,"CC_BY_NC_4_0","Chris Grove","Chris Grove",NA,NA,2025-06-07 01:48:35.484,"StillImage","COORDINATE_ROUNDED;CONTINENT_DERIVED_FROM_COORDINATES;TAXON_MATCH_TAXON_ID_IGNORED"
3772910661,"50c9509d-22c7-4a22-a47d-8c48425ef4a7","https://www.inaturalist.org/observations/114302605","Animalia","Mollusca","Gastropoda","Neogastropoda","Muricidae","Urosalpinx","Urosalpinx cinerea",NA,"SPECIES","Urosalpinx cinerea (Say, 1822)","Urosalpinx cinerea","","US","","Connecticut","PRESENT",NA,"28eb1a3f-1c15-4a95-931a-4af90ecb574d",41.074646,-73.405143,207,NA,NA,NA,NA,NA,"2022-04-30T14:05:17",30,4,2022,2304415,2304415,"HUMAN_OBSERVATION","iNaturalist","Observations","114302605","","lpinney12",2022-05-01 17:29:47,"CC_BY_NC_4_0","lpinney12","lpinney12",NA,NA,2025-06-07 01:24:28.849,"StillImage","COORDINATE_ROUNDED;CONTINENT_DERIVED_FROM_COORDINATES;TAXON_MATCH_TAXON_ID_IGNORED"
3772839477,"50c9509d-22c7-4a22-a47d-8c48425ef4a7","https://www.inaturalist.org/observations/114753759","Animalia","Mollusca","Gastropoda","Neogastropoda","Muricidae","Urosalpinx","Urosalpinx cinerea",NA,"SPECIES","Urosalpinx cinerea (Say, 1822)","Urosalpinx cinerea","","US","","Connecticut","PRESENT",NA,"28eb1a3f-1c15-4a95-931a-4af90ecb574d",41.112963,-73.326318,357,NA,NA,NA,NA,NA,"2022-05-01T18:58:30",1,5,2022,2304415,2304415,"HUMAN_OBSERVATION","iNaturalist","Observations","114753759","","Bridget Cervero",2022-05-06 13:34:07,"CC_BY_NC_4_0","whatisthatblob","whatisthatblob",NA,NA,2025-06-07 00:37:58.282,"StillImage","COORDINATE_ROUNDED;CONTINENT_DERIVED_FROM_COORDINATES;TAXON_MATCH_TAXON_ID_IGNORED"
3772785796,"50c9509d-22c7-4a22-a47d-8c48425ef4a7","https://www.inaturalist.org/observations/113988564","Animalia","Mollusca","Gastropoda","Neogastropoda","Muricidae","Urosalpinx","Urosalpinx cinerea",NA,"SPECIES","Urosalpinx cinerea (Say, 1822)","Urosalpinx cinerea","","US","","Connecticut","PRESENT",NA,"28eb1a3f-1c15-4a95-931a-4af90ecb574d",41.082538,-73.397165,206,NA,NA,NA,NA,NA,"2022-04-30T12:05",30,4,2022,2304415,2304415,"HUMAN_OBSERVATION","iNaturalist","Observations","113988564","","Ray Simpson",2022-10-17 00:09:04,"CC_BY_NC_4_0","Bridget Cervero","Bridget Cervero",NA,NA,2025-06-07 00:51:30.655,"StillImage","COORDINATE_ROUNDED;CONTINENT_DERIVED_FROM_COORDINATES;TAXON_MATCH_TAXON_ID_IGNORED"
3772704898,"50c9509d-22c7-4a22-a47d-8c48425ef4a7","https://www.inaturalist.org/observations/114166864","Animalia","Mollusca","Gastropoda","Neogastropoda","Muricidae","Urosalpinx","Urosalpinx cinerea",NA,"SPECIES","Urosalpinx cinerea (Say, 1822)","Urosalpinx cinerea","","US","","New York","PRESENT",NA,"28eb1a3f-1c15-4a95-931a-4af90ecb574d",40.501147,-74.253721,191,NA,NA,NA,NA,NA,"2022-04-30T09:24",30,4,2022,2304415,2304415,"HUMAN_OBSERVATION","iNaturalist","Observations","114166864","","Sara Rall",2022-05-01 10:56:29,"CC_BY_NC_4_0","Sara Rall","Sara Rall",NA,NA,2025-06-07 00:27:01.518,"StillImage","COORDINATE_ROUNDED;CONTINENT_DERIVED_FROM_COORDINATES;TAXON_MATCH_TAXON_ID_IGNORED"
3772468821,"50c9509d-22c7-4a22-a47d-8c48425ef4a7","https://www.inaturalist.org/observations/115347979","Animalia","Mollusca","Gastropoda","Neogastropoda","Muricidae","Urosalpinx","Urosalpinx cinerea",NA,"SPECIES","Urosalpinx cinerea (Say, 1822)","Urosalpinx cinerea","","US","","New York","PRESENT",NA,"28eb1a3f-1c15-4a95-931a-4af90ecb574d",41.073613,-71.858219,372,NA,NA,NA,NA,NA,"2022-05-03T11:37:44",3,5,2022,2304415,2304415,"HUMAN_OBSERVATION","iNaturalist","Observations","115347979","","jdibiccari",2022-05-04 13:08:21,"CC_BY_NC_4_0","jdibiccari","jdibiccari",NA,NA,2025-06-07 00:53:48.583,"StillImage","COORDINATE_ROUNDED;CONTINENT_DERIVED_FROM_COORDINATES;TAXON_MATCH_TAXON_ID_IGNORED"
3764569172,"50c9509d-22c7-4a22-a47d-8c48425ef4a7","https://www.inaturalist.org/observations/113097725","Animalia","Mollusca","Gastropoda","Neogastropoda","Muricidae","Urosalpinx","Urosalpinx cinerea",NA,"SPECIES","Urosalpinx cinerea (Say, 1822)","Urosalpinx cinerea","","US","","North Carolina","PRESENT",NA,"28eb1a3f-1c15-4a95-931a-4af90ecb574d",34.219534,-77.811754,133,NA,NA,NA,NA,NA,"2022-04-27T11:19:07",27,4,2022,2304415,2304415,"HUMAN_OBSERVATION","iNaturalist","Observations","113097725","","capefear57",2022-04-27 15:19:19,"CC_BY_NC_4_0","capefear57","capefear57",NA,NA,2025-06-07 00:51:21.074,"StillImage","COORDINATE_ROUNDED;CONTINENT_DERIVED_FROM_COORDINATES;TAXON_MATCH_TAXON_ID_IGNORED"
3764415688,"50c9509d-22c7-4a22-a47d-8c48425ef4a7","https://www.inaturalist.org/observations/112579583","Animalia","Mollusca","Gastropoda","Neogastropoda","Muricidae","Urosalpinx","Urosalpinx cinerea",NA,"SPECIES","Urosalpinx cinerea (Say, 1822)","Urosalpinx cinerea","","US","","California","PRESENT",NA,"28eb1a3f-1c15-4a95-931a-4af90ecb574d",37.505545,-122.217473,8,NA,NA,NA,NA,NA,"2022-04-23T14:21:51",23,4,2022,2304415,2304415,"HUMAN_OBSERVATION","iNaturalist","Observations","112579583","","jrsaleh",2022-04-23 21:22:32,"CC_BY_NC_4_0","jrsaleh","jrsaleh",NA,NA,2025-06-07 00:42:33.195,"StillImage","COORDINATE_ROUNDED;CONTINENT_DERIVED_FROM_COORDINATES;TAXON_MATCH_TAXON_ID_IGNORED"
3764207702,"50c9509d-22c7-4a22-a47d-8c48425ef4a7","https://www.inaturalist.org/observations/112574554","Animalia","Mollusca","Gastropoda","Neogastropoda","Muricidae","Urosalpinx","Urosalpinx cinerea",NA,"SPECIES","Urosalpinx cinerea (Say, 1822)","Urosalpinx cinerea","","US","","California","PRESENT",NA,"28eb1a3f-1c15-4a95-931a-4af90ecb574d",37.505536,-122.21742,3,NA,NA,NA,NA,NA,"2022-04-23T13:45:26",23,4,2022,2304415,2304415,"HUMAN_OBSERVATION","iNaturalist","Observations","112574554","","vnguyen54",2022-04-23 20:45:52,"CC_BY_NC_4_0","vnguyen54","vnguyen54",NA,NA,2025-06-07 02:47:07.324,"StillImage","COORDINATE_ROUNDED;CONTINENT_DERIVED_FROM_COORDINATES;TAXON_MATCH_TAXON_ID_IGNORED"
3764128320,"50c9509d-22c7-4a22-a47d-8c48425ef4a7","https://www.inaturalist.org/observations/50142841","Animalia","Mollusca","Gastropoda","Neogastropoda","Muricidae","Urosalpinx","Urosalpinx cinerea",NA,"SPECIES","Urosalpinx cinerea (Say, 1822)","Urosalpinx cinerea","","US","","North Carolina","PRESENT",NA,"28eb1a3f-1c15-4a95-931a-4af90ecb574d",33.913092,-78.275228,5,NA,NA,NA,NA,NA,"2020-06-19T08:25:18",19,6,2020,2304415,2304415,"HUMAN_OBSERVATION","iNaturalist","Observations","50142841","","wrikard",2020-06-19 12:26:58,"CC_BY_NC_4_0","wrikard","wrikard",NA,NA,2025-06-07 01:39:51.812,"StillImage","COORDINATE_ROUNDED;CONTINENT_DERIVED_FROM_COORDINATES;TAXON_MATCH_TAXON_ID_IGNORED"
3764123529,"50c9509d-22c7-4a22-a47d-8c48425ef4a7","https://www.inaturalist.org/observations/112422885","Animalia","Mollusca","Gastropoda","Neogastropoda","Muricidae","Urosalpinx","Urosalpinx cinerea",NA,"SPECIES","Urosalpinx cinerea (Say, 1822)","Urosalpinx cinerea","","US","","Rhode Island","PRESENT",NA,"28eb1a3f-1c15-4a95-931a-4af90ecb574d",41.450933,-71.397196,200,NA,NA,NA,NA,NA,"2021-07-24T11:43",24,7,2021,2304415,2304415,"HUMAN_OBSERVATION","iNaturalist","Observations","112422885","","Jeremy Collison",2022-04-22 18:50:27,"CC_BY_NC_4_0","Jeremy Collison","Jeremy Collison",NA,NA,2025-06-07 00:02:06.215,"StillImage","COORDINATE_ROUNDED;CONTINENT_DERIVED_FROM_COORDINATES;TAXON_MATCH_TAXON_ID_IGNORED"
3760215750,"50c9509d-22c7-4a22-a47d-8c48425ef4a7","https://www.inaturalist.org/observations/111224532","Animalia","Mollusca","Gastropoda","Neogastropoda","Muricidae","Urosalpinx","Urosalpinx cinerea",NA,"SPECIES","Urosalpinx cinerea (Say, 1822)","Urosalpinx cinerea","","US","","Florida","PRESENT",NA,"28eb1a3f-1c15-4a95-931a-4af90ecb574d",29.697464,-81.229503,4,NA,NA,NA,NA,NA,"2022-04-12T14:50:19",12,4,2022,2304415,2304415,"HUMAN_OBSERVATION","iNaturalist","Observations","111224532","","fordamal3456",2022-04-12 18:51:06,"CC_BY_NC_4_0","fordamal3456","fordamal3456",NA,NA,2025-06-07 01:00:28.556,"StillImage","COORDINATE_ROUNDED;CONTINENT_DERIVED_FROM_COORDINATES;TAXON_MATCH_TAXON_ID_IGNORED"
3759968437,"50c9509d-22c7-4a22-a47d-8c48425ef4a7","https://www.inaturalist.org/observations/110004656","Animalia","Mollusca","Gastropoda","Neogastropoda","Muricidae","Urosalpinx","Urosalpinx cinerea",NA,"SPECIES","Urosalpinx cinerea (Say, 1822)","Urosalpinx cinerea","","US","","Connecticut","PRESENT",NA,"28eb1a3f-1c15-4a95-931a-4af90ecb574d",41.144483,-73.234435,NA,NA,NA,NA,NA,NA,"2022-03-31T09:28:45",31,3,2022,2304415,2304415,"HUMAN_OBSERVATION","iNaturalist","Observations","110004656","","Dylan Benoit",2022-03-31 13:29:42,"CC_BY_NC_4_0","Dylan Benoit","Dylan Benoit",NA,NA,2025-06-07 00:58:59.79,"StillImage","COORDINATE_ROUNDED;CONTINENT_DERIVED_FROM_COORDINATES;TAXON_MATCH_TAXON_ID_IGNORED"
3759501179,"50c9509d-22c7-4a22-a47d-8c48425ef4a7","https://www.inaturalist.org/observations/109730770","Animalia","Mollusca","Gastropoda","Neogastropoda","Muricidae","Urosalpinx","Urosalpinx cinerea",NA,"SPECIES","Urosalpinx cinerea (Say, 1822)","Urosalpinx cinerea","","US","","New York","PRESENT",NA,"28eb1a3f-1c15-4a95-931a-4af90ecb574d",40.870652,-73.783774,35,NA,NA,NA,NA,NA,"2022-03-25T12:16",25,3,2022,2304415,2304415,"HUMAN_OBSERVATION","iNaturalist","Observations","109730770","","stephanie_nyc",2022-03-28 04:41:29,"CC_BY_NC_4_0","stephanie_nyc","stephanie_nyc",NA,NA,2025-06-07 00:48:19.313,"","COORDINATE_ROUNDED;CONTINENT_DERIVED_FROM_COORDINATES;TAXON_MATCH_TAXON_ID_IGNORED"
3759231420,"50c9509d-22c7-4a22-a47d-8c48425ef4a7","https://www.inaturalist.org/observations/109965699","Animalia","Mollusca","Gastropoda","Neogastropoda","Muricidae","Urosalpinx","Urosalpinx cinerea",NA,"SPECIES","Urosalpinx cinerea (Say, 1822)","Urosalpinx cinerea","","US","","Virginia","PRESENT",NA,"28eb1a3f-1c15-4a95-931a-4af90ecb574d",37.038067,-76.291234,183,NA,NA,NA,NA,NA,"2022-03-23T10:27",23,3,2022,2304415,2304415,"HUMAN_OBSERVATION","iNaturalist","Observations","109965699","","kfanch",2022-03-30 23:41:20,"CC_BY_NC_4_0","kfanch","kfanch",NA,NA,2025-06-07 02:42:16.128,"StillImage","COORDINATE_ROUNDED;CONTINENT_DERIVED_FROM_COORDINATES;TAXON_MATCH_TAXON_ID_IGNORED"
3759158871,"50c9509d-22c7-4a22-a47d-8c48425ef4a7","https://www.inaturalist.org/observations/109136697","Animalia","Mollusca","Gastropoda","Neogastropoda","Muricidae","Urosalpinx","Urosalpinx cinerea",NA,"SPECIES","Urosalpinx cinerea (Say, 1822)","Urosalpinx cinerea","","US","","Virginia","PRESENT",NA,"28eb1a3f-1c15-4a95-931a-4af90ecb574d",37.166555,-75.988513,105,NA,NA,NA,NA,NA,"2020-07-26T11:42",26,7,2020,2304415,2304415,"HUMAN_OBSERVATION","iNaturalist","Observations","109136697","","pmk00001",2022-03-21 12:08:40,"CC_BY_NC_4_0","pmk00001","pmk00001",NA,NA,2025-06-07 01:05:28.29,"StillImage","CONTINENT_DERIVED_FROM_COORDINATES;TAXON_MATCH_TAXON_ID_IGNORED"
3747224549,"50c9509d-22c7-4a22-a47d-8c48425ef4a7","https://www.inaturalist.org/observations/109458700","Animalia","Mollusca","Gastropoda","Neogastropoda","Muricidae","Urosalpinx","Urosalpinx cinerea",NA,"SPECIES","Urosalpinx cinerea (Say, 1822)","Urosalpinx cinerea","","US","","New York","PRESENT",NA,"28eb1a3f-1c15-4a95-931a-4af90ecb574d",40.927587,-73.429528,4,NA,NA,NA,NA,NA,"2022-03-22T11:01:56",22,3,2022,2304415,2304415,"HUMAN_OBSERVATION","iNaturalist","Observations","109458700","","Hannah Floyd",2022-03-25 15:25:45,"CC_BY_NC_4_0","Hannah Floyd","Hannah Floyd",NA,NA,2025-06-07 00:32:53.135,"StillImage","COORDINATE_ROUNDED;CONTINENT_DERIVED_FROM_COORDINATES;TAXON_MATCH_TAXON_ID_IGNORED"
3747138437,"50c9509d-22c7-4a22-a47d-8c48425ef4a7","https://www.inaturalist.org/observations/109353185","Animalia","Mollusca","Gastropoda","Neogastropoda","Muricidae","Urosalpinx","Urosalpinx cinerea",NA,"SPECIES","Urosalpinx cinerea (Say, 1822)","Urosalpinx cinerea","","US","","California","PRESENT",NA,"28eb1a3f-1c15-4a95-931a-4af90ecb574d",37.731296,-122.208479,NA,NA,NA,NA,NA,NA,"2022-03-06T11:10:08",6,3,2022,2304415,2304415,"HUMAN_OBSERVATION","iNaturalist","Observations","109353185","","Toby",2022-03-24 06:09:54,"CC_BY_NC_4_0","Toby","Toby",NA,NA,2025-06-07 00:46:53.139,"StillImage","COORDINATE_ROUNDED;CONTINENT_DERIVED_FROM_COORDINATES;TAXON_MATCH_TAXON_ID_IGNORED"
3747089987,"50c9509d-22c7-4a22-a47d-8c48425ef4a7","https://www.inaturalist.org/observations/109094358","Animalia","Mollusca","Gastropoda","Neogastropoda","Muricidae","Urosalpinx","Urosalpinx cinerea",NA,"SPECIES","Urosalpinx cinerea (Say, 1822)","Urosalpinx cinerea","","US","","Connecticut","PRESENT",NA,"28eb1a3f-1c15-4a95-931a-4af90ecb574d",41.225964,-72.991628,NA,NA,NA,NA,NA,NA,"2022-03-20T13:42:47",20,3,2022,2304415,2304415,"HUMAN_OBSERVATION","iNaturalist","Observations","109094358","","Jessica Utrup",2022-03-20 22:57:11,"CC_BY_4_0","Jessica Utrup","Jessica Utrup",NA,NA,2025-06-07 02:39:17.775,"StillImage","COORDINATE_ROUNDED;CONTINENT_DERIVED_FROM_COORDINATES;TAXON_MATCH_TAXON_ID_IGNORED"
3743338639,"50c9509d-22c7-4a22-a47d-8c48425ef4a7","https://www.inaturalist.org/observations/108433724","Animalia","Mollusca","Gastropoda","Neogastropoda","Muricidae","Urosalpinx","Urosalpinx cinerea",NA,"SPECIES","Urosalpinx cinerea (Say, 1822)","Urosalpinx cinerea","","US","","New York","PRESENT",NA,"28eb1a3f-1c15-4a95-931a-4af90ecb574d",40.678661,-74.018266,12,NA,NA,NA,NA,NA,"2022-03-10T14:16",10,3,2022,2304415,2304415,"HUMAN_OBSERVATION","iNaturalist","Observations","108433724","","stephanie_nyc",2022-03-12 15:05:15,"CC_BY_NC_4_0","stephanie_nyc","stephanie_nyc",NA,NA,2025-06-07 00:36:24.562,"","COORDINATE_ROUNDED;CONTINENT_DERIVED_FROM_COORDINATES;TAXON_MATCH_TAXON_ID_IGNORED"
3743281966,"50c9509d-22c7-4a22-a47d-8c48425ef4a7","https://www.inaturalist.org/observations/108624182","Animalia","Mollusca","Gastropoda","Neogastropoda","Muricidae","Urosalpinx","Urosalpinx cinerea",NA,"SPECIES","Urosalpinx cinerea (Say, 1822)","Urosalpinx cinerea","","US","","North Carolina","PRESENT",NA,"28eb1a3f-1c15-4a95-931a-4af90ecb574d",33.918758,-78.236388,114,NA,NA,NA,NA,NA,"2022-03-14T18:56:25",14,3,2022,2304415,2304415,"HUMAN_OBSERVATION","iNaturalist","Observations","108624182","","Cole Tiemann",2022-03-15 00:49:47,"CC_BY_NC_4_0","Cole Tiemann","Cole Tiemann",NA,NA,2025-06-07 01:30:22.771,"StillImage","COORDINATE_ROUNDED;CONTINENT_DERIVED_FROM_COORDINATES;TAXON_MATCH_TAXON_ID_IGNORED"
3743218507,"50c9509d-22c7-4a22-a47d-8c48425ef4a7","https://www.inaturalist.org/observations/108473778","Animalia","Mollusca","Gastropoda","Neogastropoda","Muricidae","Urosalpinx","Urosalpinx cinerea",NA,"SPECIES","Urosalpinx cinerea (Say, 1822)","Urosalpinx cinerea","","US","","New Jersey","PRESENT",NA,"28eb1a3f-1c15-4a95-931a-4af90ecb574d",38.968875,-74.835966,1292,NA,NA,NA,NA,NA,"2022-03-12T17:37:57",12,3,2022,2304415,2304415,"HUMAN_OBSERVATION","iNaturalist","Observations","108473778","","D. Marullo-Masson",2022-03-14 03:49:44,"CC_BY_NC_4_0","D. Marullo-Masson","D. Marullo-Masson",NA,NA,2025-06-07 00:45:58.696,"StillImage","COORDINATE_ROUNDED;CONTINENT_DERIVED_FROM_COORDINATES;TAXON_MATCH_TAXON_ID_IGNORED"
3743210369,"50c9509d-22c7-4a22-a47d-8c48425ef4a7","https://www.inaturalist.org/observations/84927407","Animalia","Mollusca","Gastropoda","Neogastropoda","Muricidae","Urosalpinx","Urosalpinx cinerea",NA,"SPECIES","Urosalpinx cinerea (Say, 1822)","Urosalpinx cinerea","","US","","New York","PRESENT",NA,"28eb1a3f-1c15-4a95-931a-4af90ecb574d",40.951288,-73.06687,19,NA,NA,NA,NA,NA,"2021-06-26",26,6,2021,2304415,2304415,"HUMAN_OBSERVATION","iNaturalist","Observations","84927407","","applejaxs",2022-03-01 17:17:37,"CC_BY_NC_4_0","Amanda Dauman","Amanda Dauman",NA,NA,2025-06-06 23:57:31.986,"StillImage","COORDINATE_ROUNDED;CONTINENT_DERIVED_FROM_COORDINATES;TAXON_MATCH_TAXON_ID_IGNORED"
3724670012,"8a863029-f435-446a-821e-275f4f641165","https://observation.org/observation/145730707","Animalia","Mollusca","Gastropoda","Neogastropoda","Muricidae","Urosalpinx","Urosalpinx cinerea",NA,"SPECIES","Urosalpinx cinerea (Say, 1822)","Urosalpinx cinerea","","NL","Oosterschelde - Galgeplaat / Vondelingsplaat","Zeeland","PRESENT",1,"c8d737e0-2ff8-42e8-b8fc-6b805d26fc5f",51.55,3.95,5000,NA,NA,NA,NA,NA,"2017-11-07",7,11,2017,2304415,2304415,"HUMAN_OBSERVATION","","","","","",NA,"CC_BY_NC_4_0","Stichting Observation International","User 10852",NA,NA,2025-06-12 14:43:53.388,"",""
3705491150,"50c9509d-22c7-4a22-a47d-8c48425ef4a7","https://www.inaturalist.org/observations/107742058","Animalia","Mollusca","Gastropoda","Neogastropoda","Muricidae","Urosalpinx","Urosalpinx cinerea",NA,"SPECIES","Urosalpinx cinerea (Say, 1822)","Urosalpinx cinerea","","US","","California","PRESENT",NA,"28eb1a3f-1c15-4a95-931a-4af90ecb574d",38.128814,-122.886872,4,NA,NA,NA,NA,NA,"2022-03-01T14:28",1,3,2022,2304415,2304415,"HUMAN_OBSERVATION","iNaturalist","Observations","107742058","","mantis2222",2022-03-02 03:06:27,"CC_BY_NC_4_0","mantis2222","mantis2222",NA,NA,2025-06-07 00:47:42.708,"StillImage","COORDINATE_ROUNDED;CONTINENT_DERIVED_FROM_COORDINATES;TAXON_MATCH_TAXON_ID_IGNORED"
3698309246,"50c9509d-22c7-4a22-a47d-8c48425ef4a7","https://www.inaturalist.org/observations/107260472","Animalia","Mollusca","Gastropoda","Neogastropoda","Muricidae","Urosalpinx","Urosalpinx cinerea",NA,"SPECIES","Urosalpinx cinerea (Say, 1822)","Urosalpinx cinerea","","US","","New York","PRESENT",NA,"28eb1a3f-1c15-4a95-931a-4af90ecb574d",40.574051,-73.99706,1912,NA,NA,NA,NA,NA,"2022-02-22T06:53:25",22,2,2022,2304415,2304415,"HUMAN_OBSERVATION","iNaturalist","Observations","107260472","","Matt",2022-02-22 17:02:41,"CC_BY_NC_4_0","Matt","Matt",NA,NA,2025-06-07 00:09:28.653,"StillImage","COORDINATE_ROUNDED;CONTINENT_DERIVED_FROM_COORDINATES;TAXON_MATCH_TAXON_ID_IGNORED"
3698261450,"50c9509d-22c7-4a22-a47d-8c48425ef4a7","https://www.inaturalist.org/observations/107399312","Animalia","Mollusca","Gastropoda","Neogastropoda","Muricidae","Urosalpinx","Urosalpinx cinerea",NA,"SPECIES","Urosalpinx cinerea (Say, 1822)","Urosalpinx cinerea","","US","","California","PRESENT",NA,"28eb1a3f-1c15-4a95-931a-4af90ecb574d",37.759016,-122.264461,7,NA,NA,NA,NA,NA,"2022-02-24T16:28:45",24,2,2022,2304415,2304415,"HUMAN_OBSERVATION","iNaturalist","Observations","107399312","","rachelahouser",2022-02-25 00:29:03,"CC_BY_NC_4_0","rachelahouser","rachelahouser",NA,NA,2025-06-07 00:37:35.43,"StillImage","COORDINATE_ROUNDED;CONTINENT_DERIVED_FROM_COORDINATES;TAXON_MATCH_TAXON_ID_IGNORED"
3698223058,"50c9509d-22c7-4a22-a47d-8c48425ef4a7","https://www.inaturalist.org/observations/107268379","Animalia","Mollusca","Gastropoda","Neogastropoda","Muricidae","Urosalpinx","Urosalpinx cinerea",NA,"SPECIES","Urosalpinx cinerea (Say, 1822)","Urosalpinx cinerea","","US","","Rhode Island","PRESENT",NA,"28eb1a3f-1c15-4a95-931a-4af90ecb574d",41.744127,-71.351598,18,NA,NA,NA,NA,NA,"2022-02-22T14:13:09",22,2,2022,2304415,2304415,"HUMAN_OBSERVATION","iNaturalist","Observations","107268379","","pafenton",2022-02-22 19:13:19,"CC_BY_NC_4_0","pafenton","pafenton",NA,NA,2025-06-07 01:14:38.756,"StillImage","COORDINATE_ROUNDED;CONTINENT_DERIVED_FROM_COORDINATES;TAXON_MATCH_TAXON_ID_IGNORED"
3698088436,"50c9509d-22c7-4a22-a47d-8c48425ef4a7","https://www.inaturalist.org/observations/105881486","Animalia","Mollusca","Gastropoda","Neogastropoda","Muricidae","Urosalpinx","Urosalpinx cinerea",NA,"SPECIES","Urosalpinx cinerea (Say, 1822)","Urosalpinx cinerea","","US","","California","PRESENT",NA,"28eb1a3f-1c15-4a95-931a-4af90ecb574d",37.457638,-122.101089,12,NA,NA,NA,NA,NA,"2022-01-30T15:24Z",30,1,2022,2304415,2304415,"HUMAN_OBSERVATION","iNaturalist","Observations","105881486","","Thomas Everest",2022-02-23 23:35:35,"CC_BY_NC_4_0","Ben G.","Ben G.",NA,NA,2025-06-07 02:42:12.45,"StillImage","COORDINATE_ROUNDED;CONTINENT_DERIVED_FROM_COORDINATES;TAXON_MATCH_TAXON_ID_IGNORED"
3468933609,"50c9509d-22c7-4a22-a47d-8c48425ef4a7","https://www.inaturalist.org/observations/106507715","Animalia","Mollusca","Gastropoda","Neogastropoda","Muricidae","Urosalpinx","Urosalpinx cinerea",NA,"SPECIES","Urosalpinx cinerea (Say, 1822)","Urosalpinx cinerea","","US","","New Hampshire","PRESENT",NA,"28eb1a3f-1c15-4a95-931a-4af90ecb574d",43.09007,-70.866799,198,NA,NA,NA,NA,NA,"2022-02-10T14:13:50",10,2,2022,2304415,2304415,"HUMAN_OBSERVATION","iNaturalist","Observations","106507715","","Drew Villeneuve",2022-02-10 19:42:02,"CC_BY_NC_4_0","Drew Villeneuve","Drew Villeneuve",NA,NA,2025-06-07 00:39:46.819,"StillImage","COORDINATE_ROUNDED;CONTINENT_DERIVED_FROM_COORDINATES;TAXON_MATCH_TAXON_ID_IGNORED"
3468875803,"50c9509d-22c7-4a22-a47d-8c48425ef4a7","https://www.inaturalist.org/observations/106289470","Animalia","Mollusca","Gastropoda","Neogastropoda","Muricidae","Urosalpinx","Urosalpinx cinerea",NA,"SPECIES","Urosalpinx cinerea (Say, 1822)","Urosalpinx cinerea","","CA","","Nova Scotia","PRESENT",NA,"28eb1a3f-1c15-4a95-931a-4af90ecb574d",45.39339,-64.053172,858,NA,NA,NA,NA,NA,"2021-10-09T08:23",9,10,2021,2304415,2304415,"HUMAN_OBSERVATION","iNaturalist","Observations","106289470","","Peter Jessen",2022-02-07 02:56:45,"CC_BY_NC_4_0","Peter Jessen","Peter Jessen",NA,NA,2025-06-07 01:30:37.344,"StillImage","COORDINATE_ROUNDED;CONTINENT_DERIVED_FROM_COORDINATES;TAXON_MATCH_TAXON_ID_IGNORED"
3468834489,"813d800b-7d9f-4550-9e04-1e13bb114e7e","5089","Animalia","Mollusca","Gastropoda","Neogastropoda","Muricidae","Urosalpinx","Urosalpinx cinerea",NA,"SPECIES","Urosalpinx cinerea (Say, 1822)","Urosalpinx cinerea","(Say, 1822)","GB","Spit Beach East","England","PRESENT",NA,"d8247ad5-f3d5-4e03-b190-a452cc1c002f",50.340266,-4.705079,50,NA,NA,NA,NA,NA,"2020-10-19",19,10,2020,2304415,2304415,"HUMAN_OBSERVATION","The Rock Pool Project","","","","Ben Holt",NA,"https://creativecommons.org/licenses/by-nc/4.0/legalcode","People Power Science","RPP256",NA,NA,2025-06-12 10:25:18.482,"","COORDINATE_ROUNDED;CONTINENT_DERIVED_FROM_COORDINATES;TAXON_MATCH_TAXON_CONCEPT_ID_IGNORED;TAXON_MATCH_TAXON_ID_IGNORED"
3466117400,"50c9509d-22c7-4a22-a47d-8c48425ef4a7","https://www.inaturalist.org/observations/37821059","Animalia","Mollusca","Gastropoda","Neogastropoda","Muricidae","Urosalpinx","Urosalpinx cinerea",NA,"SPECIES","Urosalpinx cinerea (Say, 1822)","Urosalpinx cinerea","","US","","California","PRESENT",NA,"28eb1a3f-1c15-4a95-931a-4af90ecb574d",38.128795,-122.864666,120,NA,NA,NA,NA,NA,"2020-01-20T12:23",20,1,2020,2304415,2304415,"HUMAN_OBSERVATION","iNaturalist","Observations","37821059","","Parsa Fard",2020-01-21 21:31:51,"CC_BY_NC_4_0","Krissa Klein","Krissa Klein",NA,NA,2025-06-07 02:35:30.607,"StillImage","COORDINATE_ROUNDED;CONTINENT_DERIVED_FROM_COORDINATES;TAXON_MATCH_TAXON_ID_IGNORED"
3457173034,"50c9509d-22c7-4a22-a47d-8c48425ef4a7","https://www.inaturalist.org/observations/104644077","Animalia","Mollusca","Gastropoda","Neogastropoda","Muricidae","Urosalpinx","Urosalpinx cinerea",NA,"SPECIES","Urosalpinx cinerea (Say, 1822)","Urosalpinx cinerea","","US","","Rhode Island","PRESENT",NA,"28eb1a3f-1c15-4a95-931a-4af90ecb574d",41.664313,-71.304989,243,NA,NA,NA,NA,NA,"2022-01-09T09:46:48",9,1,2022,2304415,2304415,"HUMAN_OBSERVATION","iNaturalist","Observations","104644077","","daniel_86",2022-01-09 15:09:06,"CC_BY_NC_4_0","daniel_86","daniel_86",NA,NA,2025-06-07 00:16:50.2,"","COORDINATE_ROUNDED;CONTINENT_DERIVED_FROM_COORDINATES;TAXON_MATCH_TAXON_ID_IGNORED"
3457112622,"50c9509d-22c7-4a22-a47d-8c48425ef4a7","https://www.inaturalist.org/observations/104536787","Animalia","Mollusca","Gastropoda","Neogastropoda","Muricidae","Urosalpinx","Urosalpinx cinerea",NA,"SPECIES","Urosalpinx cinerea (Say, 1822)","Urosalpinx cinerea","","US","","South Carolina","PRESENT",NA,"28eb1a3f-1c15-4a95-931a-4af90ecb574d",32.124042,-80.78749,88,NA,NA,NA,NA,NA,"2022-01-07T15:43:50",7,1,2022,2304415,2304415,"HUMAN_OBSERVATION","iNaturalist","Observations","104536787","","hazelsnail",2022-01-07 20:54:40,"CC_BY_NC_4_0","hazelsnail","hazelsnail",NA,NA,2025-06-07 00:38:42.127,"StillImage","COORDINATE_ROUNDED;CONTINENT_DERIVED_FROM_COORDINATES;TAXON_MATCH_TAXON_ID_IGNORED"
3456781264,"50c9509d-22c7-4a22-a47d-8c48425ef4a7","https://www.inaturalist.org/observations/94499624","Animalia","Mollusca","Gastropoda","Neogastropoda","Muricidae","Urosalpinx","Urosalpinx cinerea",NA,"SPECIES","Urosalpinx cinerea (Say, 1822)","Urosalpinx cinerea","","US","","California","PRESENT",NA,"28eb1a3f-1c15-4a95-931a-4af90ecb574d",37.591492,-122.320053,5,NA,NA,NA,NA,NA,"2021-09-11T10:57:40",11,9,2021,2304415,2304415,"HUMAN_OBSERVATION","iNaturalist","Observations","94499624","","Parsa Fard",2021-09-11 22:02:52,"CC_BY_4_0","Parsa Fard","Parsa Fard",NA,NA,2025-06-07 00:29:22.406,"StillImage","COORDINATE_ROUNDED;CONTINENT_DERIVED_FROM_COORDINATES;TAXON_MATCH_TAXON_ID_IGNORED"
3456733341,"50c9509d-22c7-4a22-a47d-8c48425ef4a7","https://www.inaturalist.org/observations/104428075","Animalia","Mollusca","Gastropoda","Neogastropoda","Muricidae","Urosalpinx","Urosalpinx cinerea",NA,"SPECIES","Urosalpinx cinerea (Say, 1822)","Urosalpinx cinerea","","US","","Washington","PRESENT",NA,"28eb1a3f-1c15-4a95-931a-4af90ecb574d",46.407519,-123.944166,1953,NA,NA,NA,NA,NA,"2013-05-10T09:04",10,5,2013,2304415,2304415,"HUMAN_OBSERVATION","iNaturalist","Observations","104428075","","Rick Harbo",2022-01-05 22:04:06,"CC_BY_NC_4_0","Rick Harbo","Rick Harbo",NA,NA,2025-06-07 00:34:12.978,"StillImage","COORDINATE_ROUNDED;CONTINENT_DERIVED_FROM_COORDINATES;TAXON_MATCH_TAXON_ID_IGNORED"
3456287007,"50c9509d-22c7-4a22-a47d-8c48425ef4a7","https://www.inaturalist.org/observations/104066399","Animalia","Mollusca","Gastropoda","Neogastropoda","Muricidae","Urosalpinx","Urosalpinx cinerea",NA,"SPECIES","Urosalpinx cinerea (Say, 1822)","Urosalpinx cinerea","","US","","California","PRESENT",NA,"28eb1a3f-1c15-4a95-931a-4af90ecb574d",37.70348,-122.198587,3,NA,NA,NA,NA,NA,"2021-12-30T16:08:05",30,12,2021,2304415,2304415,"HUMAN_OBSERVATION","iNaturalist","Observations","104066399","","Damon Tighe",2021-12-31 23:36:48,"CC_BY_NC_4_0","Damon Tighe","Damon Tighe",NA,NA,2025-06-07 02:41:04.97,"StillImage","COORDINATE_ROUNDED;CONTINENT_DERIVED_FROM_COORDINATES;TAXON_MATCH_TAXON_ID_IGNORED"
3455872407,"50c9509d-22c7-4a22-a47d-8c48425ef4a7","https://www.inaturalist.org/observations/104283923","Animalia","Mollusca","Gastropoda","Neogastropoda","Muricidae","Urosalpinx","Urosalpinx cinerea",NA,"SPECIES","Urosalpinx cinerea (Say, 1822)","Urosalpinx cinerea","","US","","Connecticut","PRESENT",NA,"28eb1a3f-1c15-4a95-931a-4af90ecb574d",41.299855,-72.114236,4,NA,NA,NA,NA,NA,"2021-12-30T15:43:35",30,12,2021,2304415,2304415,"HUMAN_OBSERVATION","iNaturalist","Observations","104283923","","Jeremiah Smith",2022-01-03 16:37:51,"CC_BY_NC_4_0","Jeremiah Smith","Jeremiah Smith",NA,NA,2025-06-07 00:52:33.559,"StillImage","COORDINATE_ROUNDED;CONTINENT_DERIVED_FROM_COORDINATES;TAXON_MATCH_TAXON_ID_IGNORED"
3455366356,"50c9509d-22c7-4a22-a47d-8c48425ef4a7","https://www.inaturalist.org/observations/101630471","Animalia","Mollusca","Gastropoda","Neogastropoda","Muricidae","Urosalpinx","Urosalpinx cinerea",NA,"SPECIES","Urosalpinx cinerea (Say, 1822)","Urosalpinx cinerea","","US","","New York","PRESENT",NA,"28eb1a3f-1c15-4a95-931a-4af90ecb574d",40.817811,-73.882692,NA,NA,NA,NA,NA,NA,"2021-11-16T13:42:18",16,11,2021,2304415,2304415,"HUMAN_OBSERVATION","iNaturalist","Observations","101630471","","beetleinahaystack",2021-12-28 04:18:21,"CC_BY_NC_4_0","Safiya","Safiya",NA,NA,2025-06-07 01:56:07.19,"StillImage","COORDINATE_ROUNDED;CONTINENT_DERIVED_FROM_COORDINATES;TAXON_MATCH_TAXON_ID_IGNORED"
3455215745,"50c9509d-22c7-4a22-a47d-8c48425ef4a7","https://www.inaturalist.org/observations/66726447","Animalia","Mollusca","Gastropoda","Neogastropoda","Muricidae","Urosalpinx","Urosalpinx cinerea",NA,"SPECIES","Urosalpinx cinerea (Say, 1822)","Urosalpinx cinerea","","US","","Delaware","PRESENT",NA,"28eb1a3f-1c15-4a95-931a-4af90ecb574d",39.184855,-75.401227,NA,NA,NA,NA,NA,NA,"2020-12-12T16:25:19",12,12,2020,2304415,2304415,"HUMAN_OBSERVATION","iNaturalist","Observations","66726447","","Gary Rosenberg",2021-04-24 18:19:25,"CC_BY_NC_4_0","Cameron Hartley","Cameron Hartley",NA,NA,2025-06-07 02:39:46.381,"","COORDINATE_ROUNDED;CONTINENT_DERIVED_FROM_COORDINATES;TAXON_MATCH_TAXON_ID_IGNORED"
3415945964,"50c9509d-22c7-4a22-a47d-8c48425ef4a7","https://www.inaturalist.org/observations/99833627","Animalia","Mollusca","Gastropoda","Neogastropoda","Muricidae","Urosalpinx","Urosalpinx cinerea",NA,"SPECIES","Urosalpinx cinerea (Say, 1822)","Urosalpinx cinerea","","US","","California","PRESENT",NA,"28eb1a3f-1c15-4a95-931a-4af90ecb574d",37.768262,-122.278258,82,NA,NA,NA,NA,NA,"2021-10-30T15:34:01",30,10,2021,2304415,2304415,"HUMAN_OBSERVATION","iNaturalist","Observations","99833627","","Parsa Fard",2021-10-31 00:03:44,"CC_BY_4_0","Parsa Fard","Parsa Fard",NA,NA,2025-06-07 01:09:17.595,"StillImage","COORDINATE_ROUNDED;CONTINENT_DERIVED_FROM_COORDINATES;TAXON_MATCH_TAXON_ID_IGNORED"
3415915912,"50c9509d-22c7-4a22-a47d-8c48425ef4a7","https://www.inaturalist.org/observations/99833796","Animalia","Mollusca","Gastropoda","Neogastropoda","Muricidae","Urosalpinx","Urosalpinx cinerea",NA,"SPECIES","Urosalpinx cinerea (Say, 1822)","Urosalpinx cinerea","","US","","California","PRESENT",NA,"28eb1a3f-1c15-4a95-931a-4af90ecb574d",37.767283,-122.276337,8,NA,NA,NA,NA,NA,"2021-10-30T15:18:16",30,10,2021,2304415,2304415,"HUMAN_OBSERVATION","iNaturalist","Observations","99833796","","Parsa Fard",2021-10-31 00:05:27,"CC_BY_4_0","Parsa Fard","Parsa Fard",NA,NA,2025-06-07 00:00:39.08,"StillImage","COORDINATE_ROUNDED;CONTINENT_DERIVED_FROM_COORDINATES;TAXON_MATCH_TAXON_ID_IGNORED"
3415787937,"50c9509d-22c7-4a22-a47d-8c48425ef4a7","https://www.inaturalist.org/observations/99915827","Animalia","Mollusca","Gastropoda","Neogastropoda","Muricidae","Urosalpinx","Urosalpinx cinerea",NA,"SPECIES","Urosalpinx cinerea (Say, 1822)","Urosalpinx cinerea","","US","","Connecticut","PRESENT",NA,"28eb1a3f-1c15-4a95-931a-4af90ecb574d",41.264392,-72.373436,NA,NA,NA,NA,NA,NA,"2021-10-31T11:05:47",31,10,2021,2304415,2304415,"HUMAN_OBSERVATION","iNaturalist","Observations","99915827","","Tom French",2021-11-10 04:01:05,"CC_BY_4_0","Matthew Gerke","Matthew Gerke",NA,NA,2025-06-07 01:38:35.59,"StillImage","COORDINATE_ROUNDED;CONTINENT_DERIVED_FROM_COORDINATES;TAXON_MATCH_TAXON_ID_IGNORED"
3415711623,"50c9509d-22c7-4a22-a47d-8c48425ef4a7","https://www.inaturalist.org/observations/101427452","Animalia","Mollusca","Gastropoda","Neogastropoda","Muricidae","Urosalpinx","Urosalpinx cinerea",NA,"SPECIES","Urosalpinx cinerea (Say, 1822)","Urosalpinx cinerea","","US","","New Jersey","PRESENT",NA,"28eb1a3f-1c15-4a95-931a-4af90ecb574d",40.447937,-73.999837,1,NA,NA,NA,NA,NA,"2013-05-07T12:33",7,5,2013,2304415,2304415,"HUMAN_OBSERVATION","iNaturalist","Observations","101427452","","jerseysheller",2021-11-18 22:16:19,"CC_BY_NC_4_0","jerseysheller","jerseysheller",NA,NA,2025-06-07 00:12:27.417,"StillImage","CONTINENT_DERIVED_FROM_COORDINATES;TAXON_MATCH_TAXON_ID_IGNORED"
3415677429,"50c9509d-22c7-4a22-a47d-8c48425ef4a7","https://www.inaturalist.org/observations/101562995","Animalia","Mollusca","Gastropoda","Neogastropoda","Muricidae","Urosalpinx","Urosalpinx cinerea",NA,"SPECIES","Urosalpinx cinerea (Say, 1822)","Urosalpinx cinerea","","US","","Rhode Island","PRESENT",NA,"28eb1a3f-1c15-4a95-931a-4af90ecb574d",41.652076,-71.255151,395,NA,NA,NA,NA,NA,"2021-11-20T13:52:33",20,11,2021,2304415,2304415,"HUMAN_OBSERVATION","iNaturalist","Observations","101562995","","ipat",2021-11-23 02:24:39,"CC_BY_4_0","Thomas Irvine","Thomas Irvine",NA,NA,2025-06-07 00:13:03.362,"StillImage","COORDINATE_ROUNDED;CONTINENT_DERIVED_FROM_COORDINATES;TAXON_MATCH_TAXON_ID_IGNORED"
3415660889,"50c9509d-22c7-4a22-a47d-8c48425ef4a7","https://www.inaturalist.org/observations/94499770","Animalia","Mollusca","Gastropoda","Neogastropoda","Muricidae","Urosalpinx","Urosalpinx cinerea",NA,"SPECIES","Urosalpinx cinerea (Say, 1822)","Urosalpinx cinerea","","US","","California","PRESENT",NA,"28eb1a3f-1c15-4a95-931a-4af90ecb574d",37.590442,-122.31495,5,NA,NA,NA,NA,NA,"2021-09-11T10:25:54",11,9,2021,2304415,2304415,"HUMAN_OBSERVATION","iNaturalist","Observations","94499770","","Parsa Fard",2021-09-11 22:04:05,"CC_BY_4_0","Parsa Fard","Parsa Fard",NA,NA,2025-06-07 00:58:14.453,"StillImage","COORDINATE_ROUNDED;CONTINENT_DERIVED_FROM_COORDINATES;TAXON_MATCH_TAXON_ID_IGNORED"
3408226972,"50c9509d-22c7-4a22-a47d-8c48425ef4a7","https://www.inaturalist.org/observations/99964797","Animalia","Mollusca","Gastropoda","Neogastropoda","Muricidae","Urosalpinx","Urosalpinx cinerea",NA,"SPECIES","Urosalpinx cinerea (Say, 1822)","Urosalpinx cinerea","","PT","","Faro","PRESENT",NA,"28eb1a3f-1c15-4a95-931a-4af90ecb574d",37.028528,-7.811179,7,NA,NA,NA,NA,NA,"2021-11-01T10:31:39Z",1,11,2021,2304415,2304415,"HUMAN_OBSERVATION","iNaturalist","Observations","99964797","","Susan J. Hewitt",2021-11-02 13:03:53,"CC_BY_NC_4_0","Associação Vita Nativa","Associação Vita Nativa",NA,NA,2025-06-07 00:15:43.076,"StillImage","COORDINATE_ROUNDED;CONTINENT_DERIVED_FROM_COORDINATES;TAXON_MATCH_TAXON_ID_IGNORED"
3407937332,"50c9509d-22c7-4a22-a47d-8c48425ef4a7","https://www.inaturalist.org/observations/38184870","Animalia","Mollusca","Gastropoda","Neogastropoda","Muricidae","Urosalpinx","Urosalpinx cinerea",NA,"SPECIES","Urosalpinx cinerea (Say, 1822)","Urosalpinx cinerea","","US","","New Jersey","PRESENT",NA,"28eb1a3f-1c15-4a95-931a-4af90ecb574d",40.406426,-73.981362,7,NA,NA,NA,NA,NA,"2020-02-01T11:55:06",1,2,2020,2304415,2304415,"HUMAN_OBSERVATION","iNaturalist","Observations","38184870","","sumaiyanila13",2020-02-01 16:55:44,"CC_BY_NC_4_0","sumaiyanila13","sumaiyanila13",NA,NA,2025-06-07 01:48:21.388,"StillImage","COORDINATE_ROUNDED;CONTINENT_DERIVED_FROM_COORDINATES;TAXON_MATCH_TAXON_ID_IGNORED"
3399159653,"50c9509d-22c7-4a22-a47d-8c48425ef4a7","https://www.inaturalist.org/observations/81976240","Animalia","Mollusca","Gastropoda","Neogastropoda","Muricidae","Urosalpinx","Urosalpinx cinerea",NA,"SPECIES","Urosalpinx cinerea (Say, 1822)","Urosalpinx cinerea","","US","","California","PRESENT",NA,"28eb1a3f-1c15-4a95-931a-4af90ecb574d",37.502708,-122.214738,NA,NA,NA,NA,NA,NA,"2021-06-06T15:21:36",6,6,2021,2304415,2304415,"HUMAN_OBSERVATION","iNaturalist","Observations","81976240","","Cricket Raspet",2021-06-07 03:20:17,"CC_BY_4_0","Cricket Raspet","Cricket Raspet",NA,NA,2025-06-07 00:34:39.722,"StillImage","COORDINATE_ROUNDED;CONTINENT_DERIVED_FROM_COORDINATES;TAXON_MATCH_TAXON_ID_IGNORED"
3398958600,"50c9509d-22c7-4a22-a47d-8c48425ef4a7","https://www.inaturalist.org/observations/98854511","Animalia","Mollusca","Gastropoda","Neogastropoda","Muricidae","Urosalpinx","Urosalpinx cinerea",NA,"SPECIES","Urosalpinx cinerea (Say, 1822)","Urosalpinx cinerea","","US","","California","PRESENT",NA,"28eb1a3f-1c15-4a95-931a-4af90ecb574d",37.591078,-122.318223,149,NA,NA,NA,NA,NA,"2021-10-20T11:55:42",20,10,2021,2304415,2304415,"HUMAN_OBSERVATION","iNaturalist","Observations","98854511","","Cricket Raspet",2021-10-21 03:47:47,"CC_BY_4_0","Cricket Raspet","Cricket Raspet",NA,NA,2025-06-07 01:05:45.648,"StillImage","COORDINATE_ROUNDED;CONTINENT_DERIVED_FROM_COORDINATES;TAXON_MATCH_TAXON_ID_IGNORED"
3398731879,"50c9509d-22c7-4a22-a47d-8c48425ef4a7","https://www.inaturalist.org/observations/96607695","Animalia","Mollusca","Gastropoda","Neogastropoda","Muricidae","Urosalpinx","Urosalpinx cinerea",NA,"SPECIES","Urosalpinx cinerea (Say, 1822)","Urosalpinx cinerea","","US","","New Jersey","PRESENT",NA,"28eb1a3f-1c15-4a95-931a-4af90ecb574d",40.479313,-74.270048,212,NA,NA,NA,NA,NA,"2021-09-29T09:17:56Z",29,9,2021,2304415,2304415,"HUMAN_OBSERVATION","iNaturalist","Observations","96607695","","applejaxs",2021-10-04 17:43:18,"CC_BY_NC_4_0","Julie Stella","Julie Stella",NA,NA,2025-06-07 02:37:04.641,"StillImage","COORDINATE_ROUNDED;CONTINENT_DERIVED_FROM_COORDINATES;TAXON_MATCH_TAXON_ID_IGNORED"
3398715430,"50c9509d-22c7-4a22-a47d-8c48425ef4a7","https://www.inaturalist.org/observations/31514827","Animalia","Mollusca","Gastropoda","Neogastropoda","Muricidae","Urosalpinx","Urosalpinx cinerea",NA,"SPECIES","Urosalpinx cinerea (Say, 1822)","Urosalpinx cinerea","","CA","","Nova Scotia","PRESENT",NA,"28eb1a3f-1c15-4a95-931a-4af90ecb574d",45.311963,-63.806479,147,NA,NA,NA,NA,NA,"2019-08-24T12:53",24,8,2019,2304415,2304415,"HUMAN_OBSERVATION","iNaturalist","Observations","31514827","","ipat",2020-12-17 15:39:43,"CC_BY_NC_4_0","Heather","Heather",NA,NA,2025-06-07 00:32:31.373,"StillImage","COORDINATE_ROUNDED;CONTINENT_DERIVED_FROM_COORDINATES;TAXON_MATCH_TAXON_ID_IGNORED"
3398713628,"50c9509d-22c7-4a22-a47d-8c48425ef4a7","https://www.inaturalist.org/observations/80324134","Animalia","Mollusca","Gastropoda","Neogastropoda","Muricidae","Urosalpinx","Urosalpinx cinerea",NA,"SPECIES","Urosalpinx cinerea (Say, 1822)","Urosalpinx cinerea","","US","","California","PRESENT",NA,"28eb1a3f-1c15-4a95-931a-4af90ecb574d",37.590396,-122.315125,24,NA,NA,NA,NA,NA,"2021-05-25T15:44:25",25,5,2021,2304415,2304415,"HUMAN_OBSERVATION","iNaturalist","Observations","80324134","","Cricket Raspet",2021-05-26 04:10:56,"CC_BY_4_0","Cricket Raspet","Cricket Raspet",NA,NA,2025-06-07 00:53:00.66,"StillImage","COORDINATE_ROUNDED;CONTINENT_DERIVED_FROM_COORDINATES;TAXON_MATCH_TAXON_ID_IGNORED"
3398653623,"50c9509d-22c7-4a22-a47d-8c48425ef4a7","https://www.inaturalist.org/observations/80240675","Animalia","Mollusca","Gastropoda","Neogastropoda","Muricidae","Urosalpinx","Urosalpinx cinerea",NA,"SPECIES","Urosalpinx cinerea (Say, 1822)","Urosalpinx cinerea","","US","","California","PRESENT",NA,"28eb1a3f-1c15-4a95-931a-4af90ecb574d",37.590919,-122.318237,73,NA,NA,NA,NA,NA,"2021-05-24T17:16:52",24,5,2021,2304415,2304415,"HUMAN_OBSERVATION","iNaturalist","Observations","80240675","","Cricket Raspet",2021-05-25 14:48:29,"CC_BY_4_0","Cricket Raspet","Cricket Raspet",NA,NA,2025-06-07 00:55:17.966,"StillImage","COORDINATE_ROUNDED;CONTINENT_DERIVED_FROM_COORDINATES;TAXON_MATCH_TAXON_ID_IGNORED"
3384735830,"50c9509d-22c7-4a22-a47d-8c48425ef4a7","https://www.inaturalist.org/observations/96677992","Animalia","Mollusca","Gastropoda","Neogastropoda","Muricidae","Urosalpinx","Urosalpinx cinerea",NA,"SPECIES","Urosalpinx cinerea (Say, 1822)","Urosalpinx cinerea","","US","","Massachusetts","PRESENT",NA,"28eb1a3f-1c15-4a95-931a-4af90ecb574d",41.655553,-70.321433,5,NA,NA,NA,NA,NA,"2021-09-30T08:50:31",30,9,2021,2304415,2304415,"HUMAN_OBSERVATION","iNaturalist","Observations","96677992","","oliviajonsson",2021-09-30 12:52:18,"CC_BY_NC_4_0","oliviajonsson","oliviajonsson",NA,NA,2025-06-07 01:25:18.05,"StillImage","COORDINATE_ROUNDED;CONTINENT_DERIVED_FROM_COORDINATES;TAXON_MATCH_TAXON_ID_IGNORED"
3384673865,"50c9509d-22c7-4a22-a47d-8c48425ef4a7","https://www.inaturalist.org/observations/94738338","Animalia","Mollusca","Gastropoda","Neogastropoda","Muricidae","Urosalpinx","Urosalpinx cinerea",NA,"SPECIES","Urosalpinx cinerea (Say, 1822)","Urosalpinx cinerea","","CA","","Nova Scotia","PRESENT",NA,"28eb1a3f-1c15-4a95-931a-4af90ecb574d",45.693611,-64.450833,NA,NA,NA,NA,NA,NA,"2021-09-13T13:52:39",13,9,2021,2304415,2304415,"HUMAN_OBSERVATION","iNaturalist","Observations","94738338","","sebastienbenoit",2021-09-13 18:51:30,"CC_BY_NC_4_0","sebastienbenoit","sebastienbenoit",NA,NA,2025-06-07 00:41:25.939,"StillImage","COORDINATE_ROUNDED;CONTINENT_DERIVED_FROM_COORDINATES;TAXON_MATCH_TAXON_ID_IGNORED"
3384629681,"50c9509d-22c7-4a22-a47d-8c48425ef4a7","https://www.inaturalist.org/observations/75661501","Animalia","Mollusca","Gastropoda","Neogastropoda","Muricidae","Urosalpinx","Urosalpinx cinerea",NA,"SPECIES","Urosalpinx cinerea (Say, 1822)","Urosalpinx cinerea","","US","","South Carolina","PRESENT",NA,"28eb1a3f-1c15-4a95-931a-4af90ecb574d",33.332992,-79.174422,4,NA,NA,NA,NA,NA,"2021-04-25T13:25:45",25,4,2021,2304415,2304415,"HUMAN_OBSERVATION","iNaturalist","Observations","75661501","","anabishop99",2021-04-29 15:33:50,"CC_BY_NC_4_0","anabishop99","anabishop99",NA,NA,2025-06-07 00:54:47.533,"StillImage","COORDINATE_ROUNDED;CONTINENT_DERIVED_FROM_COORDINATES;TAXON_MATCH_TAXON_ID_IGNORED"
3384619639,"50c9509d-22c7-4a22-a47d-8c48425ef4a7","https://www.inaturalist.org/observations/75738887","Animalia","Mollusca","Gastropoda","Neogastropoda","Muricidae","Urosalpinx","Urosalpinx cinerea",NA,"SPECIES","Urosalpinx cinerea (Say, 1822)","Urosalpinx cinerea","","US","","South Carolina","PRESENT",NA,"28eb1a3f-1c15-4a95-931a-4af90ecb574d",33.334296,-79.192619,33,NA,NA,NA,NA,NA,"2021-04-22T13:03:20",22,4,2021,2304415,2304415,"HUMAN_OBSERVATION","iNaturalist","Observations","75738887","","oliviascott99",2021-04-30 03:20:34,"CC_BY_NC_4_0","oliviascott99","oliviascott99",NA,NA,2025-06-07 02:39:10.996,"StillImage","COORDINATE_ROUNDED;CONTINENT_DERIVED_FROM_COORDINATES;TAXON_MATCH_TAXON_ID_IGNORED"
3384590386,"50c9509d-22c7-4a22-a47d-8c48425ef4a7","https://www.inaturalist.org/observations/97198388","Animalia","Mollusca","Gastropoda","Neogastropoda","Muricidae","Urosalpinx","Urosalpinx cinerea",NA,"SPECIES","Urosalpinx cinerea (Say, 1822)","Urosalpinx cinerea","","US","","California","PRESENT",NA,"28eb1a3f-1c15-4a95-931a-4af90ecb574d",37.676586,-122.167861,4,NA,NA,NA,NA,NA,"2021-10-01T17:39",1,10,2021,2304415,2304415,"HUMAN_OBSERVATION","iNaturalist","Observations","97198388","","Damon Tighe",2021-10-05 00:09:15,"CC_BY_NC_4_0","Damon Tighe","Damon Tighe",NA,NA,2025-06-07 00:41:39.274,"StillImage","COORDINATE_ROUNDED;CONTINENT_DERIVED_FROM_COORDINATES;TAXON_MATCH_TAXON_ID_IGNORED"
3384307472,"50c9509d-22c7-4a22-a47d-8c48425ef4a7","https://www.inaturalist.org/observations/48381504","Animalia","Mollusca","Gastropoda","Neogastropoda","Muricidae","Urosalpinx","Urosalpinx cinerea",NA,"SPECIES","Urosalpinx cinerea (Say, 1822)","Urosalpinx cinerea","","US","","Florida","PRESENT",NA,"28eb1a3f-1c15-4a95-931a-4af90ecb574d",29.496017,-81.134353,6,NA,NA,NA,NA,NA,"2020-05-30T11:41:41",30,5,2020,2304415,2304415,"HUMAN_OBSERVATION","iNaturalist","Observations","48381504","","Austin Smith",2020-07-07 21:43:00,"CC_BY_4_0","Austin Smith","Austin Smith",NA,NA,2025-06-06 23:51:20.183,"StillImage","COORDINATE_ROUNDED;CONTINENT_DERIVED_FROM_COORDINATES;TAXON_MATCH_TAXON_ID_IGNORED"
3384303884,"50c9509d-22c7-4a22-a47d-8c48425ef4a7","https://www.inaturalist.org/observations/87267762","Animalia","Mollusca","Gastropoda","Neogastropoda","Muricidae","Urosalpinx","Urosalpinx cinerea",NA,"SPECIES","Urosalpinx cinerea (Say, 1822)","Urosalpinx cinerea","","US","","South Carolina","PRESENT",NA,"28eb1a3f-1c15-4a95-931a-4af90ecb574d",32.569998,-80.186966,7,NA,NA,NA,NA,NA,"2021-07-16T09:34:25",16,7,2021,2304415,2304415,"HUMAN_OBSERVATION","iNaturalist","Observations","87267762","","Sue Anne Brenner",2021-07-16 15:01:03,"CC_BY_NC_4_0","Sue Anne Brenner","Sue Anne Brenner",NA,NA,2025-06-07 00:40:46.938,"StillImage","COORDINATE_ROUNDED;CONTINENT_DERIVED_FROM_COORDINATES;TAXON_MATCH_TAXON_ID_IGNORED"
3383981748,"50c9509d-22c7-4a22-a47d-8c48425ef4a7","https://www.inaturalist.org/observations/94712716","Animalia","Mollusca","Gastropoda","Neogastropoda","Muricidae","Urosalpinx","Urosalpinx cinerea",NA,"SPECIES","Urosalpinx cinerea (Say, 1822)","Urosalpinx cinerea","","US","","Massachusetts","PRESENT",NA,"28eb1a3f-1c15-4a95-931a-4af90ecb574d",41.575339,-70.641451,48,NA,NA,NA,NA,NA,"2021-09-11T12:45",11,9,2021,2304415,2304415,"HUMAN_OBSERVATION","iNaturalist","Observations","94712716","","Susan J. Hewitt",2021-09-13 15:21:49,"CC_BY_NC_4_0","esmith18","esmith18",NA,NA,2025-06-07 01:55:11.572,"StillImage","COORDINATE_ROUNDED;CONTINENT_DERIVED_FROM_COORDINATES;TAXON_MATCH_TAXON_ID_IGNORED"
3355796454,"50c9509d-22c7-4a22-a47d-8c48425ef4a7","https://www.inaturalist.org/observations/94182621","Animalia","Mollusca","Gastropoda","Neogastropoda","Muricidae","Urosalpinx","Urosalpinx cinerea",NA,"SPECIES","Urosalpinx cinerea (Say, 1822)","Urosalpinx cinerea","","CA","","Nova Scotia","PRESENT",NA,"28eb1a3f-1c15-4a95-931a-4af90ecb574d",45.15821,-64.356059,279,NA,NA,NA,NA,NA,"2021-09-03T17:03",3,9,2021,2304415,2304415,"HUMAN_OBSERVATION","iNaturalist","Observations","94182621","","Claude Nozères",2021-09-09 05:30:08,"CC_BY_NC_4_0","Ben Eddy","Ben Eddy",NA,NA,2025-06-07 01:06:30.06,"StillImage","COORDINATE_ROUNDED;CONTINENT_DERIVED_FROM_COORDINATES;TAXON_MATCH_TAXON_ID_IGNORED"
3355676590,"50c9509d-22c7-4a22-a47d-8c48425ef4a7","https://www.inaturalist.org/observations/94242555","Animalia","Mollusca","Gastropoda","Neogastropoda","Muricidae","Urosalpinx","Urosalpinx cinerea",NA,"SPECIES","Urosalpinx cinerea (Say, 1822)","Urosalpinx cinerea","","US","","New Jersey","PRESENT",NA,"28eb1a3f-1c15-4a95-931a-4af90ecb574d",40.045677,-74.046263,3987,NA,NA,NA,NA,NA,"2021-09-09T14:49:18",9,9,2021,2304415,2304415,"HUMAN_OBSERVATION","iNaturalist","Observations","94242555","","Gary Rosenberg",2021-09-10 00:19:18,"CC_BY_NC_4_0","Matt","Matt",NA,NA,2025-06-07 01:49:47.368,"StillImage","COORDINATE_ROUNDED;CONTINENT_DERIVED_FROM_COORDINATES;TAXON_MATCH_TAXON_ID_IGNORED"
3355619668,"50c9509d-22c7-4a22-a47d-8c48425ef4a7","https://www.inaturalist.org/observations/93367381","Animalia","Mollusca","Gastropoda","Neogastropoda","Muricidae","Urosalpinx","Urosalpinx cinerea",NA,"SPECIES","Urosalpinx cinerea (Say, 1822)","Urosalpinx cinerea","","US","","Massachusetts","PRESENT",NA,"28eb1a3f-1c15-4a95-931a-4af90ecb574d",41.728297,-70.613479,423,NA,NA,NA,NA,NA,"2021-09-01T11:02",1,9,2021,2304415,2304415,"HUMAN_OBSERVATION","iNaturalist","Observations","93367381","","sxie",2021-09-02 15:04:14,"CC_BY_NC_4_0","sxie","sxie",NA,NA,2025-06-07 00:35:42.604,"StillImage","COORDINATE_ROUNDED;CONTINENT_DERIVED_FROM_COORDINATES;TAXON_MATCH_TAXON_ID_IGNORED"
3355145297,"50c9509d-22c7-4a22-a47d-8c48425ef4a7","https://www.inaturalist.org/observations/94034201","Animalia","Mollusca","Gastropoda","Neogastropoda","Muricidae","Urosalpinx","Urosalpinx cinerea",NA,"SPECIES","Urosalpinx cinerea (Say, 1822)","Urosalpinx cinerea","","US","","Massachusetts","PRESENT",NA,"28eb1a3f-1c15-4a95-931a-4af90ecb574d",41.930355,-70.046408,72,NA,NA,NA,NA,NA,"2021-09-04T16:36:31",4,9,2021,2304415,2304415,"HUMAN_OBSERVATION","iNaturalist","Observations","94034201","","gwt2102",2021-09-07 20:24:23,"CC_BY_NC_4_0","gwt2102","gwt2102",NA,NA,2025-06-07 00:58:47.114,"StillImage","COORDINATE_ROUNDED;CONTINENT_DERIVED_FROM_COORDINATES;TAXON_MATCH_TAXON_ID_IGNORED"
3343909612,"50c9509d-22c7-4a22-a47d-8c48425ef4a7","https://www.inaturalist.org/observations/89860161","Animalia","Mollusca","Gastropoda","Neogastropoda","Muricidae","Urosalpinx","Urosalpinx cinerea",NA,"SPECIES","Urosalpinx cinerea (Say, 1822)","Urosalpinx cinerea","","CA","","Nova Scotia","PRESENT",NA,"28eb1a3f-1c15-4a95-931a-4af90ecb574d",45.163453,-64.171653,NA,NA,NA,NA,NA,NA,"2021-07-29T11:35",29,7,2021,2304415,2304415,"HUMAN_OBSERVATION","iNaturalist","Observations","89860161","","Ian Manning",2021-08-04 02:07:04,"CC_BY_4_0","Ian Manning","Ian Manning",NA,NA,2025-06-07 00:34:15.129,"StillImage","COORDINATE_ROUNDED;CONTINENT_DERIVED_FROM_COORDINATES;TAXON_MATCH_TAXON_ID_IGNORED"
3338135725,"50c9509d-22c7-4a22-a47d-8c48425ef4a7","https://www.inaturalist.org/observations/90471706","Animalia","Mollusca","Gastropoda","Neogastropoda","Muricidae","Urosalpinx","Urosalpinx cinerea",NA,"SPECIES","Urosalpinx cinerea (Say, 1822)","Urosalpinx cinerea","","US","","New Jersey","PRESENT",NA,"28eb1a3f-1c15-4a95-931a-4af90ecb574d",40.100919,-74.048923,43,NA,NA,NA,NA,NA,"2021-07-24T07:45",24,7,2021,2304415,2304415,"HUMAN_OBSERVATION","iNaturalist","Observations","90471706","","Neil DeMaster",2021-08-08 23:57:31,"CC_BY_NC_4_0","Neil DeMaster","Neil DeMaster",NA,NA,2025-06-07 02:42:54.928,"StillImage","COORDINATE_ROUNDED;CONTINENT_DERIVED_FROM_COORDINATES;TAXON_MATCH_TAXON_ID_IGNORED"
3338008916,"50c9509d-22c7-4a22-a47d-8c48425ef4a7","https://www.inaturalist.org/observations/91259336","Animalia","Mollusca","Gastropoda","Neogastropoda","Muricidae","Urosalpinx","Urosalpinx cinerea",NA,"SPECIES","Urosalpinx cinerea (Say, 1822)","Urosalpinx cinerea","","US","","Massachusetts","PRESENT",NA,"28eb1a3f-1c15-4a95-931a-4af90ecb574d",41.623192,-70.366552,8,NA,NA,NA,NA,NA,"2021-08-15T10:20:43",15,8,2021,2304415,2304415,"HUMAN_OBSERVATION","iNaturalist","Observations","91259336","","Helen Blazis",2021-08-15 14:21:07,"CC_BY_NC_4_0","Helen Blazis","Helen Blazis",NA,NA,2025-06-07 01:21:07.952,"StillImage","COORDINATE_ROUNDED;CONTINENT_DERIVED_FROM_COORDINATES;TAXON_MATCH_TAXON_ID_IGNORED"
3337777074,"50c9509d-22c7-4a22-a47d-8c48425ef4a7","https://www.inaturalist.org/observations/90777996","Animalia","Mollusca","Gastropoda","Neogastropoda","Muricidae","Urosalpinx","Urosalpinx cinerea",NA,"SPECIES","Urosalpinx cinerea (Say, 1822)","Urosalpinx cinerea","","US","","Virginia","PRESENT",NA,"28eb1a3f-1c15-4a95-931a-4af90ecb574d",38.011511,-75.390197,1709,NA,NA,NA,NA,NA,"2021-07-29T14:29Z",29,7,2021,2304415,2304415,"HUMAN_OBSERVATION","iNaturalist","Observations","90777996","","Haley Beck",2021-08-11 14:29:53,"CC_BY_NC_4_0","Haley Beck","Haley Beck",NA,NA,2025-06-06 23:55:32.285,"StillImage","COORDINATE_ROUNDED;CONTINENT_DERIVED_FROM_COORDINATES;TAXON_MATCH_TAXON_ID_IGNORED"
3337723742,"50c9509d-22c7-4a22-a47d-8c48425ef4a7","https://www.inaturalist.org/observations/88556907","Animalia","Mollusca","Gastropoda","Neogastropoda","Muricidae","Urosalpinx","Urosalpinx cinerea",NA,"SPECIES","Urosalpinx cinerea (Say, 1822)","Urosalpinx cinerea","","US","","Connecticut","PRESENT",NA,"28eb1a3f-1c15-4a95-931a-4af90ecb574d",41.133095,-73.240745,146,NA,NA,NA,NA,NA,"2021-07-21T15:47:01",21,7,2021,2304415,2304415,"HUMAN_OBSERVATION","iNaturalist","Observations","88556907","","Tom French",2021-07-27 04:50:32,"CC_BY_NC_4_0","dmc0805","dmc0805",NA,NA,2025-06-07 02:38:44.919,"StillImage","COORDINATE_ROUNDED;CONTINENT_DERIVED_FROM_COORDINATES;TAXON_MATCH_TAXON_ID_IGNORED"
3333133849,"50c9509d-22c7-4a22-a47d-8c48425ef4a7","https://www.inaturalist.org/observations/88427784","Animalia","Mollusca","Gastropoda","Neogastropoda","Muricidae","Urosalpinx","Urosalpinx cinerea",NA,"SPECIES","Urosalpinx cinerea (Say, 1822)","Urosalpinx cinerea","","US","","Rhode Island","PRESENT",NA,"28eb1a3f-1c15-4a95-931a-4af90ecb574d",41.452642,-71.394438,4,NA,NA,NA,NA,NA,"2021-07-24T12:39:17",24,7,2021,2304415,2304415,"HUMAN_OBSERVATION","iNaturalist","Observations","88427784","","Gary Rosenberg",2021-07-26 02:34:10,"CC_BY_NC_4_0","Larry Chen","Larry Chen",NA,NA,2025-06-07 01:13:03.187,"StillImage","COORDINATE_ROUNDED;CONTINENT_DERIVED_FROM_COORDINATES;TAXON_MATCH_TAXON_ID_IGNORED"
3330769131,"50c9509d-22c7-4a22-a47d-8c48425ef4a7","https://www.inaturalist.org/observations/87747687","Animalia","Mollusca","Gastropoda","Neogastropoda","Muricidae","Urosalpinx","Urosalpinx cinerea",NA,"SPECIES","Urosalpinx cinerea (Say, 1822)","Urosalpinx cinerea","","US","","California","PRESENT",NA,"28eb1a3f-1c15-4a95-931a-4af90ecb574d",37.69101,-122.186033,5,NA,NA,NA,NA,NA,"2021-07-19T11:19:55",19,7,2021,2304415,2304415,"HUMAN_OBSERVATION","iNaturalist","Observations","87747687","","michaeljaguar",2021-07-19 18:25:37,"CC_BY_NC_4_0","michaeljaguar","michaeljaguar",NA,NA,2025-06-07 01:44:45.878,"StillImage","COORDINATE_ROUNDED;CONTINENT_DERIVED_FROM_COORDINATES;TAXON_MATCH_TAXON_ID_IGNORED"
3327681763,"50c9509d-22c7-4a22-a47d-8c48425ef4a7","https://www.inaturalist.org/observations/86337178","Animalia","Mollusca","Gastropoda","Neogastropoda","Muricidae","Urosalpinx","Urosalpinx cinerea",NA,"SPECIES","Urosalpinx cinerea (Say, 1822)","Urosalpinx cinerea","","US","","Georgia","PRESENT",NA,"28eb1a3f-1c15-4a95-931a-4af90ecb574d",30.754306,-81.473942,NA,NA,NA,NA,NA,NA,"2021-07-09T14:28:04",9,7,2021,2304415,2304415,"HUMAN_OBSERVATION","iNaturalist","Observations","86337178","","John Carroll",2021-07-09 22:45:44,"CC_BY_NC_4_0","John Carroll","John Carroll",NA,NA,2025-06-07 00:52:30.863,"StillImage","COORDINATE_ROUNDED;CONTINENT_DERIVED_FROM_COORDINATES;TAXON_MATCH_TAXON_ID_IGNORED"
3325840711,"50c9509d-22c7-4a22-a47d-8c48425ef4a7","https://www.inaturalist.org/observations/85455179","Animalia","Mollusca","Gastropoda","Neogastropoda","Muricidae","Urosalpinx","Urosalpinx cinerea",NA,"SPECIES","Urosalpinx cinerea (Say, 1822)","Urosalpinx cinerea","","US","","South Carolina","PRESENT",NA,"28eb1a3f-1c15-4a95-931a-4af90ecb574d",32.1902,-80.697205,3,NA,NA,NA,NA,NA,"2021-07-03T07:26:04",3,7,2021,2304415,2304415,"HUMAN_OBSERVATION","iNaturalist","Observations","85455179","","Bobby McCabe",2021-07-03 12:03:53,"CC_BY_4_0","Bobby McCabe","Bobby McCabe",NA,NA,2025-06-07 00:45:12.694,"StillImage","CONTINENT_DERIVED_FROM_COORDINATES;TAXON_MATCH_TAXON_ID_IGNORED"
3325537799,"50c9509d-22c7-4a22-a47d-8c48425ef4a7","https://www.inaturalist.org/observations/85518255","Animalia","Mollusca","Gastropoda","Neogastropoda","Muricidae","Urosalpinx","Urosalpinx cinerea",NA,"SPECIES","Urosalpinx cinerea (Say, 1822)","Urosalpinx cinerea","","US","","New York","PRESENT",NA,"28eb1a3f-1c15-4a95-931a-4af90ecb574d",40.937033,-73.145951,61,NA,NA,NA,NA,NA,"2021-07-03T06:46",3,7,2021,2304415,2304415,"HUMAN_OBSERVATION","iNaturalist","Observations","85518255","","Amanda Dauman",2021-07-03 20:05:27,"CC_BY_NC_4_0","Amanda Dauman","Amanda Dauman",NA,NA,2025-06-07 00:50:40.369,"StillImage","COORDINATE_ROUNDED;CONTINENT_DERIVED_FROM_COORDINATES;TAXON_MATCH_TAXON_ID_IGNORED"
3320952201,"50c9509d-22c7-4a22-a47d-8c48425ef4a7","https://www.inaturalist.org/observations/84916087","Animalia","Mollusca","Gastropoda","Neogastropoda","Muricidae","Urosalpinx","Urosalpinx cinerea",NA,"SPECIES","Urosalpinx cinerea (Say, 1822)","Urosalpinx cinerea","","US","","Delaware","PRESENT",NA,"28eb1a3f-1c15-4a95-931a-4af90ecb574d",38.791047,-75.096421,630,NA,NA,NA,NA,NA,"2021-06-26T11:42",26,6,2021,2304415,2304415,"HUMAN_OBSERVATION","iNaturalist","Observations","84916087","","Cameron Hartley",2021-06-29 00:03:54,"CC_BY_NC_4_0","Cameron Hartley","Cameron Hartley",NA,NA,2025-06-07 00:37:08.768,"","COORDINATE_ROUNDED;CONTINENT_DERIVED_FROM_COORDINATES;TAXON_MATCH_TAXON_ID_IGNORED"
3314564363,"50c9509d-22c7-4a22-a47d-8c48425ef4a7","https://www.inaturalist.org/observations/84136931","Animalia","Mollusca","Gastropoda","Neogastropoda","Muricidae","Urosalpinx","Urosalpinx cinerea",NA,"SPECIES","Urosalpinx cinerea (Say, 1822)","Urosalpinx cinerea","","US","","California","PRESENT",NA,"28eb1a3f-1c15-4a95-931a-4af90ecb574d",37.502635,-122.214769,2,NA,NA,NA,NA,NA,"2021-06-16T23:51",16,6,2021,2304415,2304415,"HUMAN_OBSERVATION","iNaturalist","Observations","84136931","","Michael Long",2021-06-23 02:44:24,"CC_BY_NC_4_0","Michael Long","Michael Long",NA,NA,2025-06-07 01:03:24.604,"StillImage","COORDINATE_ROUNDED;CONTINENT_DERIVED_FROM_COORDINATES;TAXON_MATCH_TAXON_ID_IGNORED"
3314524633,"50c9509d-22c7-4a22-a47d-8c48425ef4a7","https://www.inaturalist.org/observations/84357735","Animalia","Mollusca","Gastropoda","Neogastropoda","Muricidae","Urosalpinx","Urosalpinx cinerea",NA,"SPECIES","Urosalpinx cinerea (Say, 1822)","Urosalpinx cinerea","","CA","","Nova Scotia","PRESENT",NA,"28eb1a3f-1c15-4a95-931a-4af90ecb574d",45.137258,-64.283297,NA,NA,NA,NA,NA,NA,"2021-06-24T07:25",24,6,2021,2304415,2304415,"HUMAN_OBSERVATION","iNaturalist","Observations","84357735","","Ian Manning",2021-06-24 22:03:44,"CC_BY_4_0","Ian Manning","Ian Manning",NA,NA,2025-06-07 01:35:15.659,"StillImage","COORDINATE_ROUNDED;CONTINENT_DERIVED_FROM_COORDINATES;TAXON_MATCH_TAXON_ID_IGNORED"
3314351572,"50c9509d-22c7-4a22-a47d-8c48425ef4a7","https://www.inaturalist.org/observations/84357706","Animalia","Mollusca","Gastropoda","Neogastropoda","Muricidae","Urosalpinx","Urosalpinx cinerea",NA,"SPECIES","Urosalpinx cinerea (Say, 1822)","Urosalpinx cinerea","","CA","","Nova Scotia","PRESENT",NA,"28eb1a3f-1c15-4a95-931a-4af90ecb574d",45.13649,-64.283145,NA,NA,NA,NA,NA,NA,"2021-06-24T08:27",24,6,2021,2304415,2304415,"HUMAN_OBSERVATION","iNaturalist","Observations","84357706","","Ian Manning",2021-06-24 22:03:35,"CC_BY_4_0","Ian Manning","Ian Manning",NA,NA,2025-06-07 01:06:40.531,"StillImage","CONTINENT_DERIVED_FROM_COORDINATES;TAXON_MATCH_TAXON_ID_IGNORED"
3314347490,"50c9509d-22c7-4a22-a47d-8c48425ef4a7","https://www.inaturalist.org/observations/80891210","Animalia","Mollusca","Gastropoda","Neogastropoda","Muricidae","Urosalpinx","Urosalpinx cinerea",NA,"SPECIES","Urosalpinx cinerea (Say, 1822)","Urosalpinx cinerea","","US","","New York","PRESENT",NA,"28eb1a3f-1c15-4a95-931a-4af90ecb574d",40.696679,-73.999249,NA,NA,NA,NA,NA,NA,"2021-05-30T10:37:07Z",30,5,2021,2304415,2304415,"HUMAN_OBSERVATION","iNaturalist","Observations","80891210","","jenglund",2021-05-30 15:33:21,"CC_BY_NC_4_0","jenglund","jenglund",NA,NA,2025-06-07 02:40:00.258,"StillImage","CONTINENT_DERIVED_FROM_COORDINATES;TAXON_MATCH_TAXON_ID_IGNORED"
3314327698,"50c9509d-22c7-4a22-a47d-8c48425ef4a7","https://www.inaturalist.org/observations/83556081","Animalia","Mollusca","Gastropoda","Neogastropoda","Muricidae","Urosalpinx","Urosalpinx cinerea",NA,"SPECIES","Urosalpinx cinerea (Say, 1822)","Urosalpinx cinerea","","US","","Delaware","PRESENT",NA,"28eb1a3f-1c15-4a95-931a-4af90ecb574d",39.171005,-75.411735,NA,NA,NA,NA,NA,NA,"2021-06-18T15:20:19",18,6,2021,2304415,2304415,"HUMAN_OBSERVATION","iNaturalist","Observations","83556081","","Alex Kittle",2021-06-18 21:19:24,"CC_BY_NC_4_0","Alex Kittle","Alex Kittle",NA,NA,2025-06-07 00:07:15.553,"StillImage","COORDINATE_ROUNDED;CONTINENT_DERIVED_FROM_COORDINATES;TAXON_MATCH_TAXON_ID_IGNORED"
3314312528,"50c9509d-22c7-4a22-a47d-8c48425ef4a7","https://www.inaturalist.org/observations/82180107","Animalia","Mollusca","Gastropoda","Neogastropoda","Muricidae","Urosalpinx","Urosalpinx cinerea",NA,"SPECIES","Urosalpinx cinerea (Say, 1822)","Urosalpinx cinerea","","US","","New York","PRESENT",NA,"28eb1a3f-1c15-4a95-931a-4af90ecb574d",40.971795,-73.110114,32,NA,NA,NA,NA,NA,"2021-06-08T11:35:25",8,6,2021,2304415,2304415,"HUMAN_OBSERVATION","iNaturalist","Observations","82180107","","shady af comebacks",2021-06-08 17:17:36,"CC0_1_0","shady af comebacks","shady af comebacks",NA,NA,2025-06-07 02:39:01.012,"StillImage","COORDINATE_ROUNDED;CONTINENT_DERIVED_FROM_COORDINATES;TAXON_MATCH_TAXON_ID_IGNORED"
3314147981,"50c9509d-22c7-4a22-a47d-8c48425ef4a7","https://www.inaturalist.org/observations/83828336","Animalia","Mollusca","Gastropoda","Neogastropoda","Muricidae","Urosalpinx","Urosalpinx cinerea",NA,"SPECIES","Urosalpinx cinerea (Say, 1822)","Urosalpinx cinerea","","US","","South Carolina","PRESENT",NA,"28eb1a3f-1c15-4a95-931a-4af90ecb574d",32.380967,-80.433931,5,NA,NA,NA,NA,NA,"2021-06-19T09:04",19,6,2021,2304415,2304415,"HUMAN_OBSERVATION","iNaturalist","Observations","83828336","","john_plunket",2021-06-20 19:08:11,"CC_BY_NC_4_0","john_plunket","john_plunket",NA,NA,2025-06-07 02:35:39.917,"StillImage","COORDINATE_ROUNDED;CONTINENT_DERIVED_FROM_COORDINATES;TAXON_MATCH_TAXON_ID_IGNORED"
3307502096,"50c9509d-22c7-4a22-a47d-8c48425ef4a7","https://www.inaturalist.org/observations/83375564","Animalia","Mollusca","Gastropoda","Neogastropoda","Muricidae","Urosalpinx","Urosalpinx cinerea",NA,"SPECIES","Urosalpinx cinerea (Say, 1822)","Urosalpinx cinerea","","US","","California","PRESENT",NA,"28eb1a3f-1c15-4a95-931a-4af90ecb574d",37.502624,-122.2148,4,NA,NA,NA,NA,NA,"2021-06-15T23:59",15,6,2021,2304415,2304415,"HUMAN_OBSERVATION","iNaturalist","Observations","83375564","","Michael Long",2021-06-17 12:09:47,"CC_BY_NC_4_0","Michael Long","Michael Long",NA,NA,2025-06-06 23:59:14.928,"StillImage","COORDINATE_ROUNDED;CONTINENT_DERIVED_FROM_COORDINATES;TAXON_MATCH_TAXON_ID_IGNORED"
3307489462,"50c9509d-22c7-4a22-a47d-8c48425ef4a7","https://www.inaturalist.org/observations/83005595","Animalia","Mollusca","Gastropoda","Neogastropoda","Muricidae","Urosalpinx","Urosalpinx cinerea",NA,"SPECIES","Urosalpinx cinerea (Say, 1822)","Urosalpinx cinerea","","US","","South Carolina","PRESENT",NA,"28eb1a3f-1c15-4a95-931a-4af90ecb574d",32.562966,-80.275681,7877,NA,NA,NA,NA,NA,"2021-06-13T17:09",13,6,2021,2304415,2304415,"HUMAN_OBSERVATION","iNaturalist","Observations","83005595","","Caleb Wardlaw",2021-06-14 15:03:30,"CC_BY_NC_4_0","Caleb Wardlaw","Caleb Wardlaw",NA,NA,2025-06-07 01:39:10.436,"StillImage","COORDINATE_ROUNDED;CONTINENT_DERIVED_FROM_COORDINATES;TAXON_MATCH_TAXON_ID_IGNORED"
3302357847,"50c9509d-22c7-4a22-a47d-8c48425ef4a7","https://www.inaturalist.org/observations/80601509","Animalia","Mollusca","Gastropoda","Neogastropoda","Muricidae","Urosalpinx","Urosalpinx cinerea",NA,"SPECIES","Urosalpinx cinerea (Say, 1822)","Urosalpinx cinerea","","US","","California","PRESENT",NA,"28eb1a3f-1c15-4a95-931a-4af90ecb574d",37.530351,-122.250649,4,NA,NA,NA,NA,NA,"2021-05-27T20:39",27,5,2021,2304415,2304415,"HUMAN_OBSERVATION","iNaturalist","Observations","80601509","","Michael Long",2021-05-28 12:38:09,"CC_BY_NC_4_0","Michael Long","Michael Long",NA,NA,2025-06-07 00:39:54.083,"StillImage","COORDINATE_ROUNDED;CONTINENT_DERIVED_FROM_COORDINATES;TAXON_MATCH_TAXON_ID_IGNORED"
3302327316,"50c9509d-22c7-4a22-a47d-8c48425ef4a7","https://www.inaturalist.org/observations/16845912","Animalia","Mollusca","Gastropoda","Neogastropoda","Muricidae","Urosalpinx","Urosalpinx cinerea",NA,"SPECIES","Urosalpinx cinerea (Say, 1822)","Urosalpinx cinerea","","US","","New York","PRESENT",NA,"28eb1a3f-1c15-4a95-931a-4af90ecb574d",40.759724,-73.8498,NA,NA,NA,NA,NA,NA,"2018-09-23T15:24:11",23,9,2018,2304415,2304415,"HUMAN_OBSERVATION","iNaturalist","Observations","16845912","","Gary Rosenberg",2020-12-17 00:13:26,"CC_BY_NC_4_0","Daniel Solow","Daniel Solow",NA,NA,2025-06-07 01:32:58.081,"StillImage","COORDINATE_ROUNDED;CONTINENT_DERIVED_FROM_COORDINATES;TAXON_MATCH_TAXON_ID_IGNORED"
3301856475,"50c9509d-22c7-4a22-a47d-8c48425ef4a7","https://www.inaturalist.org/observations/72367352","Animalia","Mollusca","Gastropoda","Neogastropoda","Muricidae","Urosalpinx","Urosalpinx cinerea",NA,"SPECIES","Urosalpinx cinerea (Say, 1822)","Urosalpinx cinerea","","US","","Florida","PRESENT",NA,"28eb1a3f-1c15-4a95-931a-4af90ecb574d",29.715765,-81.236273,39,NA,NA,NA,NA,NA,"2021-03-28T14:24:48",28,3,2021,2304415,2304415,"HUMAN_OBSERVATION","iNaturalist","Observations","72367352","","Susan J. Hewitt",2021-03-29 16:07:53,"CC_BY_4_0","Austin Smith","Austin Smith",NA,NA,2025-06-06 23:54:02.31,"StillImage","COORDINATE_ROUNDED;CONTINENT_DERIVED_FROM_COORDINATES;TAXON_MATCH_TAXON_ID_IGNORED"
3301807513,"50c9509d-22c7-4a22-a47d-8c48425ef4a7","https://www.inaturalist.org/observations/71156075","Animalia","Mollusca","Gastropoda","Neogastropoda","Muricidae","Urosalpinx","Urosalpinx cinerea",NA,"SPECIES","Urosalpinx cinerea (Say, 1822)","Urosalpinx cinerea","","US","","Georgia","PRESENT",NA,"28eb1a3f-1c15-4a95-931a-4af90ecb574d",31.164592,-81.359896,8,NA,NA,NA,NA,NA,"2021-03-13T15:31:49",13,3,2021,2304415,2304415,"HUMAN_OBSERVATION","iNaturalist","Observations","71156075","","marburg72",2021-03-13 20:32:18,"CC_BY_NC_4_0","marburg72","marburg72",NA,NA,2025-06-07 00:46:44.763,"StillImage","COORDINATE_ROUNDED;CONTINENT_DERIVED_FROM_COORDINATES;TAXON_MATCH_TAXON_ID_IGNORED"
3124818102,"50c9509d-22c7-4a22-a47d-8c48425ef4a7","https://www.inaturalist.org/observations/79862245","Animalia","Mollusca","Gastropoda","Neogastropoda","Muricidae","Urosalpinx","Urosalpinx cinerea",NA,"SPECIES","Urosalpinx cinerea (Say, 1822)","Urosalpinx cinerea","","US","","California","PRESENT",NA,"28eb1a3f-1c15-4a95-931a-4af90ecb574d",37.565427,-122.250923,384,NA,NA,NA,NA,NA,"2021-05-22T15:12:33",22,5,2021,2304415,2304415,"HUMAN_OBSERVATION","iNaturalist","Observations","79862245","","Parsa Fard",2021-05-22 23:16:11,"CC_BY_4_0","Parsa Fard","Parsa Fard",NA,NA,2025-06-07 00:46:32.997,"StillImage","COORDINATE_ROUNDED;CONTINENT_DERIVED_FROM_COORDINATES;TAXON_MATCH_TAXON_ID_IGNORED"
3124813595,"50c9509d-22c7-4a22-a47d-8c48425ef4a7","https://www.inaturalist.org/observations/79978947","Animalia","Mollusca","Gastropoda","Neogastropoda","Muricidae","Urosalpinx","Urosalpinx cinerea",NA,"SPECIES","Urosalpinx cinerea (Say, 1822)","Urosalpinx cinerea","","US","","Massachusetts","PRESENT",NA,"28eb1a3f-1c15-4a95-931a-4af90ecb574d",41.608099,-70.650414,4,NA,NA,NA,NA,NA,"2021-05-23T12:43:48",23,5,2021,2304415,2304415,"HUMAN_OBSERVATION","iNaturalist","Observations","79978947","","bennet",2021-05-23 17:44:53,"CC_BY_4_0","bennet","bennet",NA,NA,2025-06-07 01:55:20.078,"","COORDINATE_ROUNDED;CONTINENT_DERIVED_FROM_COORDINATES;TAXON_MATCH_TAXON_ID_IGNORED"
3124752468,"50c9509d-22c7-4a22-a47d-8c48425ef4a7","https://www.inaturalist.org/observations/75577980","Animalia","Mollusca","Gastropoda","Neogastropoda","Muricidae","Urosalpinx","Urosalpinx cinerea",NA,"SPECIES","Urosalpinx cinerea (Say, 1822)","Urosalpinx cinerea","","US","","South Carolina","PRESENT",NA,"28eb1a3f-1c15-4a95-931a-4af90ecb574d",33.350037,-79.194695,7,NA,NA,NA,NA,NA,"2021-04-22T13:05:28",22,4,2021,2304415,2304415,"HUMAN_OBSERVATION","iNaturalist","Observations","75577980","","ocharlop",2021-04-28 20:05:18,"CC_BY_NC_4_0","ocharlop","ocharlop",NA,NA,2025-06-07 00:34:52.109,"StillImage","COORDINATE_ROUNDED;CONTINENT_DERIVED_FROM_COORDINATES;TAXON_MATCH_TAXON_ID_IGNORED"
3124595182,"50c9509d-22c7-4a22-a47d-8c48425ef4a7","https://www.inaturalist.org/observations/79874034","Animalia","Mollusca","Gastropoda","Neogastropoda","Muricidae","Urosalpinx","Urosalpinx cinerea",NA,"SPECIES","Urosalpinx cinerea (Say, 1822)","Urosalpinx cinerea","","US","","California","PRESENT",NA,"28eb1a3f-1c15-4a95-931a-4af90ecb574d",37.56204,-122.248481,374,NA,NA,NA,NA,NA,"2021-05-22T17:45:58",22,5,2021,2304415,2304415,"HUMAN_OBSERVATION","iNaturalist","Observations","79874034","","Parsa Fard",2021-05-23 00:54:51,"CC_BY_4_0","Parsa Fard","Parsa Fard",NA,NA,2025-06-07 00:55:09.294,"StillImage","COORDINATE_ROUNDED;CONTINENT_DERIVED_FROM_COORDINATES;TAXON_MATCH_TAXON_ID_IGNORED"
3124509000,"50c9509d-22c7-4a22-a47d-8c48425ef4a7","https://www.inaturalist.org/observations/79862477","Animalia","Mollusca","Gastropoda","Neogastropoda","Muricidae","Urosalpinx","Urosalpinx cinerea",NA,"SPECIES","Urosalpinx cinerea (Say, 1822)","Urosalpinx cinerea","","US","","California","PRESENT",NA,"28eb1a3f-1c15-4a95-931a-4af90ecb574d",37.563076,-122.248818,369,NA,NA,NA,NA,NA,"2021-05-22T15:12:37",22,5,2021,2304415,2304415,"HUMAN_OBSERVATION","iNaturalist","Observations","79862477","","Parsa Fard",2021-05-22 23:16:12,"CC_BY_4_0","Parsa Fard","Parsa Fard",NA,NA,2025-06-07 01:16:53.185,"StillImage","COORDINATE_ROUNDED;CONTINENT_DERIVED_FROM_COORDINATES;TAXON_MATCH_TAXON_ID_IGNORED"
3124493418,"50c9509d-22c7-4a22-a47d-8c48425ef4a7","https://www.inaturalist.org/observations/75264887","Animalia","Mollusca","Gastropoda","Neogastropoda","Muricidae","Urosalpinx","Urosalpinx cinerea",NA,"SPECIES","Urosalpinx cinerea (Say, 1822)","Urosalpinx cinerea","","US","","South Carolina","PRESENT",NA,"28eb1a3f-1c15-4a95-931a-4af90ecb574d",33.340492,-79.175828,1646,NA,NA,NA,NA,NA,"2021-04-23T12:30",23,4,2021,2304415,2304415,"HUMAN_OBSERVATION","iNaturalist","Observations","75264887","","hbruck137",2021-04-26 01:23:10,"CC_BY_NC_4_0","hbruck137","hbruck137",NA,NA,2025-06-06 23:58:04.673,"StillImage","COORDINATE_ROUNDED;CONTINENT_DERIVED_FROM_COORDINATES;TAXON_MATCH_TAXON_ID_IGNORED"
3113340521,"50c9509d-22c7-4a22-a47d-8c48425ef4a7","https://www.inaturalist.org/observations/76708447","Animalia","Mollusca","Gastropoda","Neogastropoda","Muricidae","Urosalpinx","Urosalpinx cinerea",NA,"SPECIES","Urosalpinx cinerea (Say, 1822)","Urosalpinx cinerea","","US","","New York","PRESENT",NA,"28eb1a3f-1c15-4a95-931a-4af90ecb574d",40.501344,-74.252735,245,NA,NA,NA,NA,NA,"2021-05-01T09:15",1,5,2021,2304415,2304415,"HUMAN_OBSERVATION","iNaturalist","Observations","76708447","","Sara Rall",2021-05-02 21:45:15,"CC_BY_NC_4_0","Sara Rall","Sara Rall",NA,NA,2025-06-07 03:09:57.239,"StillImage","COORDINATE_ROUNDED;CONTINENT_DERIVED_FROM_COORDINATES;TAXON_MATCH_TAXON_ID_IGNORED"
3112813454,"50c9509d-22c7-4a22-a47d-8c48425ef4a7","https://www.inaturalist.org/observations/76523061","Animalia","Mollusca","Gastropoda","Neogastropoda","Muricidae","Urosalpinx","Urosalpinx cinerea",NA,"SPECIES","Urosalpinx cinerea (Say, 1822)","Urosalpinx cinerea","","US","","Connecticut","PRESENT",NA,"28eb1a3f-1c15-4a95-931a-4af90ecb574d",41.099481,-73.41545,10,NA,NA,NA,NA,NA,"2021-05-01T11:01:20",1,5,2021,2304415,2304415,"HUMAN_OBSERVATION","iNaturalist","Observations","76523061","","Nicki Fallon",2021-05-02 13:30:13,"CC_BY_NC_4_0","Nicki Fallon","Nicki Fallon",NA,NA,2025-06-07 01:50:32.509,"StillImage","COORDINATE_ROUNDED;CONTINENT_DERIVED_FROM_COORDINATES;TAXON_MATCH_TAXON_ID_IGNORED"
3112777868,"50c9509d-22c7-4a22-a47d-8c48425ef4a7","https://www.inaturalist.org/observations/76901521","Animalia","Mollusca","Gastropoda","Neogastropoda","Muricidae","Urosalpinx","Urosalpinx cinerea",NA,"SPECIES","Urosalpinx cinerea (Say, 1822)","Urosalpinx cinerea","","US","","New York","PRESENT",NA,"28eb1a3f-1c15-4a95-931a-4af90ecb574d",40.535593,-74.131869,148,NA,NA,NA,NA,NA,"2021-05-01T06:55",1,5,2021,2304415,2304415,"HUMAN_OBSERVATION","iNaturalist","Observations","76901521","","applejaxs",2021-05-04 15:53:51,"CC_BY_NC_4_0","Sara Rall","Sara Rall",NA,NA,2025-06-07 01:39:42.668,"StillImage","COORDINATE_ROUNDED;CONTINENT_DERIVED_FROM_COORDINATES;TAXON_MATCH_TAXON_ID_IGNORED"
3109423581,"50c9509d-22c7-4a22-a47d-8c48425ef4a7","https://www.inaturalist.org/observations/75707016","Animalia","Mollusca","Gastropoda","Neogastropoda","Muricidae","Urosalpinx","Urosalpinx cinerea",NA,"SPECIES","Urosalpinx cinerea (Say, 1822)","Urosalpinx cinerea","","US","","Rhode Island","PRESENT",NA,"28eb1a3f-1c15-4a95-931a-4af90ecb574d",41.65291,-71.254859,395,NA,NA,NA,NA,NA,"2021-04-29T16:00:46",29,4,2021,2304415,2304415,"HUMAN_OBSERVATION","iNaturalist","Observations","75707016","","Thomas Irvine",2021-04-29 22:44:12,"CC_BY_4_0","Thomas Irvine","Thomas Irvine",NA,NA,2025-06-07 02:35:39.122,"StillImage","COORDINATE_ROUNDED;CONTINENT_DERIVED_FROM_COORDINATES;TAXON_MATCH_TAXON_ID_IGNORED"
3109412527,"50c9509d-22c7-4a22-a47d-8c48425ef4a7","https://www.inaturalist.org/observations/75669579","Animalia","Mollusca","Gastropoda","Neogastropoda","Muricidae","Urosalpinx","Urosalpinx cinerea",NA,"SPECIES","Urosalpinx cinerea (Say, 1822)","Urosalpinx cinerea","","US","","South Carolina","PRESENT",NA,"28eb1a3f-1c15-4a95-931a-4af90ecb574d",33.373555,-79.29896,488,NA,NA,NA,NA,NA,"2021-04-22T13:03",22,4,2021,2304415,2304415,"HUMAN_OBSERVATION","iNaturalist","Observations","75669579","","jbeldyk",2021-04-29 16:52:57,"CC_BY_NC_4_0","jbeldyk","jbeldyk",NA,NA,2025-06-07 00:53:28.065,"StillImage","COORDINATE_ROUNDED;CONTINENT_DERIVED_FROM_COORDINATES;TAXON_MATCH_TAXON_ID_IGNORED"
3109401542,"50c9509d-22c7-4a22-a47d-8c48425ef4a7","https://www.inaturalist.org/observations/75706985","Animalia","Mollusca","Gastropoda","Neogastropoda","Muricidae","Urosalpinx","Urosalpinx cinerea",NA,"SPECIES","Urosalpinx cinerea (Say, 1822)","Urosalpinx cinerea","","US","","Rhode Island","PRESENT",NA,"28eb1a3f-1c15-4a95-931a-4af90ecb574d",41.651936,-71.255775,395,NA,NA,NA,NA,NA,"2021-04-29T15:58:37",29,4,2021,2304415,2304415,"HUMAN_OBSERVATION","iNaturalist","Observations","75706985","","Thomas Irvine",2021-04-29 22:43:56,"CC_BY_4_0","Thomas Irvine","Thomas Irvine",NA,NA,2025-06-07 00:39:46.315,"StillImage","COORDINATE_ROUNDED;CONTINENT_DERIVED_FROM_COORDINATES;TAXON_MATCH_TAXON_ID_IGNORED"
3109290188,"50c9509d-22c7-4a22-a47d-8c48425ef4a7","https://www.inaturalist.org/observations/75429884","Animalia","Mollusca","Gastropoda","Neogastropoda","Muricidae","Urosalpinx","Urosalpinx cinerea",NA,"SPECIES","Urosalpinx cinerea (Say, 1822)","Urosalpinx cinerea","","US","","South Carolina","PRESENT",NA,"28eb1a3f-1c15-4a95-931a-4af90ecb574d",33.332997,-79.174408,5,NA,NA,NA,NA,NA,"2021-04-25T13:03:51",25,4,2021,2304415,2304415,"HUMAN_OBSERVATION","iNaturalist","Observations","75429884","","ltdewitt",2021-04-27 14:57:55,"CC_BY_NC_4_0","ltdewitt","ltdewitt",NA,NA,2025-06-07 00:39:45.233,"StillImage","COORDINATE_ROUNDED;CONTINENT_DERIVED_FROM_COORDINATES;TAXON_MATCH_TAXON_ID_IGNORED"
3109288988,"50c9509d-22c7-4a22-a47d-8c48425ef4a7","https://www.inaturalist.org/observations/75279661","Animalia","Mollusca","Gastropoda","Neogastropoda","Muricidae","Urosalpinx","Urosalpinx cinerea",NA,"SPECIES","Urosalpinx cinerea (Say, 1822)","Urosalpinx cinerea","","US","","South Carolina","PRESENT",NA,"28eb1a3f-1c15-4a95-931a-4af90ecb574d",33.333,-79.174422,3,NA,NA,NA,NA,NA,"2021-04-25T13:24:52",25,4,2021,2304415,2304415,"HUMAN_OBSERVATION","iNaturalist","Observations","75279661","","marthadm",2021-04-26 04:01:19,"CC_BY_NC_4_0","marthadm","marthadm",NA,NA,2025-06-07 00:10:54.367,"StillImage","COORDINATE_ROUNDED;CONTINENT_DERIVED_FROM_COORDINATES;TAXON_MATCH_TAXON_ID_IGNORED"
3109279921,"50c9509d-22c7-4a22-a47d-8c48425ef4a7","https://www.inaturalist.org/observations/75208156","Animalia","Mollusca","Gastropoda","Neogastropoda","Muricidae","Urosalpinx","Urosalpinx cinerea",NA,"SPECIES","Urosalpinx cinerea (Say, 1822)","Urosalpinx cinerea","","US","","South Carolina","PRESENT",NA,"28eb1a3f-1c15-4a95-931a-4af90ecb574d",33.349881,-79.194694,114,NA,NA,NA,NA,NA,"2021-04-23T09:38",23,4,2021,2304415,2304415,"HUMAN_OBSERVATION","iNaturalist","Observations","75208156","","hbruck137",2021-04-25 18:36:44,"CC_BY_NC_4_0","hbruck137","hbruck137",NA,NA,2025-06-07 02:36:00.434,"StillImage","COORDINATE_ROUNDED;CONTINENT_DERIVED_FROM_COORDINATES;TAXON_MATCH_TAXON_ID_IGNORED"
3109227398,"50c9509d-22c7-4a22-a47d-8c48425ef4a7","https://www.inaturalist.org/observations/75586105","Animalia","Mollusca","Gastropoda","Neogastropoda","Muricidae","Urosalpinx","Urosalpinx cinerea",NA,"SPECIES","Urosalpinx cinerea (Say, 1822)","Urosalpinx cinerea","","US","","South Carolina","PRESENT",NA,"28eb1a3f-1c15-4a95-931a-4af90ecb574d",33.331502,-79.277213,2707,NA,NA,NA,NA,NA,"2021-04-25T13:18",25,4,2021,2304415,2304415,"HUMAN_OBSERVATION","iNaturalist","Observations","75586105","","sophieec",2021-04-28 21:17:53,"CC_BY_NC_4_0","sophieec","sophieec",NA,NA,2025-06-07 01:33:35.561,"StillImage","COORDINATE_ROUNDED;CONTINENT_DERIVED_FROM_COORDINATES;TAXON_MATCH_TAXON_ID_IGNORED"
3109211338,"50c9509d-22c7-4a22-a47d-8c48425ef4a7","https://www.inaturalist.org/observations/75549991","Animalia","Mollusca","Gastropoda","Neogastropoda","Muricidae","Urosalpinx","Urosalpinx cinerea",NA,"SPECIES","Urosalpinx cinerea (Say, 1822)","Urosalpinx cinerea","","US","","South Carolina","PRESENT",NA,"28eb1a3f-1c15-4a95-931a-4af90ecb574d",33.34048,-79.175833,4,NA,NA,NA,NA,NA,"2021-04-23T12:24:54",23,4,2021,2304415,2304415,"HUMAN_OBSERVATION","iNaturalist","Observations","75549991","","spaintlia",2021-04-28 15:50:24,"CC_BY_NC_4_0","spaintlia","spaintlia",NA,NA,2025-06-07 00:52:36.774,"StillImage","COORDINATE_ROUNDED;CONTINENT_DERIVED_FROM_COORDINATES;TAXON_MATCH_TAXON_ID_IGNORED"
3109157946,"50c9509d-22c7-4a22-a47d-8c48425ef4a7","https://www.inaturalist.org/observations/75227048","Animalia","Mollusca","Gastropoda","Neogastropoda","Muricidae","Urosalpinx","Urosalpinx cinerea",NA,"SPECIES","Urosalpinx cinerea (Say, 1822)","Urosalpinx cinerea","","US","","South Carolina","PRESENT",NA,"28eb1a3f-1c15-4a95-931a-4af90ecb574d",33.350033,-79.194687,4,NA,NA,NA,NA,NA,"2021-04-22T13:03:40",22,4,2021,2304415,2304415,"HUMAN_OBSERVATION","iNaturalist","Observations","75227048","","kaligibbons",2021-04-25 20:37:53,"CC_BY_NC_4_0","kaligibbons","kaligibbons",NA,NA,2025-06-06 23:57:13.58,"StillImage","COORDINATE_ROUNDED;CONTINENT_DERIVED_FROM_COORDINATES;TAXON_MATCH_TAXON_ID_IGNORED"
3109155290,"50c9509d-22c7-4a22-a47d-8c48425ef4a7","https://www.inaturalist.org/observations/75497791","Animalia","Mollusca","Gastropoda","Neogastropoda","Muricidae","Urosalpinx","Urosalpinx cinerea",NA,"SPECIES","Urosalpinx cinerea (Say, 1822)","Urosalpinx cinerea","","US","","South Carolina","PRESENT",NA,"28eb1a3f-1c15-4a95-931a-4af90ecb574d",33.33308,-79.17432,NA,NA,NA,NA,NA,NA,"2021-04-25T12:45:20",25,4,2021,2304415,2304415,"HUMAN_OBSERVATION","iNaturalist","Observations","75497791","","tshadday",2021-04-28 01:24:02,"CC_BY_NC_4_0","tshadday","tshadday",NA,NA,2025-06-07 00:37:24.661,"StillImage","COORDINATE_ROUNDED;CONTINENT_DERIVED_FROM_COORDINATES;TAXON_MATCH_TAXON_ID_IGNORED"
3109113333,"50c9509d-22c7-4a22-a47d-8c48425ef4a7","https://www.inaturalist.org/observations/75497987","Animalia","Mollusca","Gastropoda","Neogastropoda","Muricidae","Urosalpinx","Urosalpinx cinerea",NA,"SPECIES","Urosalpinx cinerea (Say, 1822)","Urosalpinx cinerea","","US","","South Carolina","PRESENT",NA,"28eb1a3f-1c15-4a95-931a-4af90ecb574d",33.33297,-79.174378,8,NA,NA,NA,NA,NA,"2021-04-25T12:35:23",25,4,2021,2304415,2304415,"HUMAN_OBSERVATION","iNaturalist","Observations","75497987","","cloodm",2021-04-28 01:25:45,"CC_BY_NC_4_0","cloodm","cloodm",NA,NA,2025-06-07 00:35:37.414,"StillImage","COORDINATE_ROUNDED;CONTINENT_DERIVED_FROM_COORDINATES;TAXON_MATCH_TAXON_ID_IGNORED"
3109053944,"50c9509d-22c7-4a22-a47d-8c48425ef4a7","https://www.inaturalist.org/observations/75237408","Animalia","Mollusca","Gastropoda","Neogastropoda","Muricidae","Urosalpinx","Urosalpinx cinerea",NA,"SPECIES","Urosalpinx cinerea (Say, 1822)","Urosalpinx cinerea","","US","","South Carolina","PRESENT",NA,"28eb1a3f-1c15-4a95-931a-4af90ecb574d",33.337702,-79.178464,15,NA,NA,NA,NA,NA,"2021-04-25T13:43",25,4,2021,2304415,2304415,"HUMAN_OBSERVATION","iNaturalist","Observations","75237408","","Hannah Walton",2021-04-25 21:45:46,"CC_BY_NC_4_0","Hannah Walton","Hannah Walton",NA,NA,2025-06-07 01:15:37.131,"StillImage","COORDINATE_ROUNDED;CONTINENT_DERIVED_FROM_COORDINATES;TAXON_MATCH_TAXON_ID_IGNORED"
3109044258,"50c9509d-22c7-4a22-a47d-8c48425ef4a7","https://www.inaturalist.org/observations/75458833","Animalia","Mollusca","Gastropoda","Neogastropoda","Muricidae","Urosalpinx","Urosalpinx cinerea",NA,"SPECIES","Urosalpinx cinerea (Say, 1822)","Urosalpinx cinerea","","US","","South Carolina","PRESENT",NA,"28eb1a3f-1c15-4a95-931a-4af90ecb574d",33.332919,-79.1743,119,NA,NA,NA,NA,NA,"2021-04-25T13:24",25,4,2021,2304415,2304415,"HUMAN_OBSERVATION","iNaturalist","Observations","75458833","","darcyperin",2021-04-27 19:32:11,"CC_BY_NC_4_0","darcyperin","darcyperin",NA,NA,2025-06-07 02:41:02.316,"StillImage","COORDINATE_ROUNDED;CONTINENT_DERIVED_FROM_COORDINATES;TAXON_MATCH_TAXON_ID_IGNORED"
3109015856,"50c9509d-22c7-4a22-a47d-8c48425ef4a7","https://www.inaturalist.org/observations/75183976","Animalia","Mollusca","Gastropoda","Neogastropoda","Muricidae","Urosalpinx","Urosalpinx cinerea",NA,"SPECIES","Urosalpinx cinerea (Say, 1822)","Urosalpinx cinerea","","US","","California","PRESENT",NA,"28eb1a3f-1c15-4a95-931a-4af90ecb574d",37.505822,-122.134278,8,NA,NA,NA,NA,NA,"2021-03-01T11:07:21",1,3,2021,2304415,2304415,"HUMAN_OBSERVATION","iNaturalist","Observations","75183976","","elkman22",2021-04-25 15:50:17,"CC_BY_NC_4_0","elkman22","elkman22",NA,NA,2025-06-07 01:31:52.114,"StillImage","COORDINATE_ROUNDED;CONTINENT_DERIVED_FROM_COORDINATES;TAXON_MATCH_TAXON_ID_IGNORED"
3079757160,"50c9509d-22c7-4a22-a47d-8c48425ef4a7","https://www.inaturalist.org/observations/71521353","Animalia","Mollusca","Gastropoda","Neogastropoda","Muricidae","Urosalpinx","Urosalpinx cinerea",NA,"SPECIES","Urosalpinx cinerea (Say, 1822)","Urosalpinx cinerea","","CA","","Nova Scotia","PRESENT",NA,"28eb1a3f-1c15-4a95-931a-4af90ecb574d",45.104028,-64.21614,NA,NA,NA,NA,NA,NA,"2021-03-18T08:51",18,3,2021,2304415,2304415,"HUMAN_OBSERVATION","iNaturalist","Observations","71521353","","Ian Manning",2021-03-19 00:32:59,"CC_BY_4_0","Ian Manning","Ian Manning",NA,NA,2025-06-07 03:08:27.148,"StillImage","COORDINATE_ROUNDED;CONTINENT_DERIVED_FROM_COORDINATES;TAXON_MATCH_TAXON_ID_IGNORED"
3079646154,"50c9509d-22c7-4a22-a47d-8c48425ef4a7","https://www.inaturalist.org/observations/71521337","Animalia","Mollusca","Gastropoda","Neogastropoda","Muricidae","Urosalpinx","Urosalpinx cinerea",NA,"SPECIES","Urosalpinx cinerea (Say, 1822)","Urosalpinx cinerea","","CA","","Nova Scotia","PRESENT",NA,"28eb1a3f-1c15-4a95-931a-4af90ecb574d",45.10611,-64.217962,NA,NA,NA,NA,NA,NA,"2021-03-18T09:09",18,3,2021,2304415,2304415,"HUMAN_OBSERVATION","iNaturalist","Observations","71521337","","Ian Manning",2021-03-19 00:32:54,"CC_BY_4_0","Ian Manning","Ian Manning",NA,NA,2025-06-06 23:57:50.348,"StillImage","COORDINATE_ROUNDED;CONTINENT_DERIVED_FROM_COORDINATES;TAXON_MATCH_TAXON_ID_IGNORED"
3079488173,"50c9509d-22c7-4a22-a47d-8c48425ef4a7","https://www.inaturalist.org/observations/71521321","Animalia","Mollusca","Gastropoda","Neogastropoda","Muricidae","Urosalpinx","Urosalpinx cinerea",NA,"SPECIES","Urosalpinx cinerea (Say, 1822)","Urosalpinx cinerea","","CA","","Nova Scotia","PRESENT",NA,"28eb1a3f-1c15-4a95-931a-4af90ecb574d",45.10769,-64.219192,NA,NA,NA,NA,NA,NA,"2021-03-18T09:31",18,3,2021,2304415,2304415,"HUMAN_OBSERVATION","iNaturalist","Observations","71521321","","Ian Manning",2021-03-19 00:32:51,"CC_BY_4_0","Ian Manning","Ian Manning",NA,NA,2025-06-07 02:36:10.711,"StillImage","COORDINATE_ROUNDED;CONTINENT_DERIVED_FROM_COORDINATES;TAXON_MATCH_TAXON_ID_IGNORED"
3070764245,"50c9509d-22c7-4a22-a47d-8c48425ef4a7","https://www.inaturalist.org/observations/72367012","Animalia","Mollusca","Gastropoda","Neogastropoda","Muricidae","Urosalpinx","Urosalpinx cinerea",NA,"SPECIES","Urosalpinx cinerea (Say, 1822)","Urosalpinx cinerea","","US","","Florida","PRESENT",NA,"28eb1a3f-1c15-4a95-931a-4af90ecb574d",29.715795,-81.236245,32,NA,NA,NA,NA,NA,"2021-03-28T14:45:25",28,3,2021,2304415,2304415,"HUMAN_OBSERVATION","iNaturalist","Observations","72367012","","Austin Smith",2021-03-29 15:28:34,"CC_BY_4_0","Austin Smith","Austin Smith",NA,NA,2025-06-07 01:23:35.285,"StillImage","CONTINENT_DERIVED_FROM_COORDINATES;TAXON_MATCH_TAXON_ID_IGNORED"
3070674206,"50c9509d-22c7-4a22-a47d-8c48425ef4a7","https://www.inaturalist.org/observations/72357107","Animalia","Mollusca","Gastropoda","Neogastropoda","Muricidae","Urosalpinx","Urosalpinx cinerea",NA,"SPECIES","Urosalpinx cinerea (Say, 1822)","Urosalpinx cinerea","","US","","Florida","PRESENT",NA,"28eb1a3f-1c15-4a95-931a-4af90ecb574d",29.7149,-81.235086,26,NA,NA,NA,NA,NA,"2021-03-28T16:20:13",28,3,2021,2304415,2304415,"HUMAN_OBSERVATION","iNaturalist","Observations","72357107","","Austin Smith",2021-03-29 12:42:06,"CC_BY_4_0","Austin Smith","Austin Smith",NA,NA,2025-06-07 01:23:14.073,"StillImage","COORDINATE_ROUNDED;CONTINENT_DERIVED_FROM_COORDINATES;TAXON_MATCH_TAXON_ID_IGNORED"
3070616849,"50c9509d-22c7-4a22-a47d-8c48425ef4a7","https://www.inaturalist.org/observations/42498571","Animalia","Mollusca","Gastropoda","Neogastropoda","Muricidae","Urosalpinx","Urosalpinx cinerea",NA,"SPECIES","Urosalpinx cinerea (Say, 1822)","Urosalpinx cinerea","","US","","California","PRESENT",NA,"28eb1a3f-1c15-4a95-931a-4af90ecb574d",37.765664,-122.28447,NA,NA,NA,NA,NA,NA,"2020-04-18T11:24:18",18,4,2020,2304415,2304415,"HUMAN_OBSERVATION","iNaturalist","Observations","42498571","","Jonathan Curley",2020-04-18 19:05:28,"CC_BY_4_0","Jonathan Curley","Jonathan Curley",NA,NA,2025-06-07 02:34:45.721,"StillImage","COORDINATE_ROUNDED;CONTINENT_DERIVED_FROM_COORDINATES;TAXON_MATCH_TAXON_ID_IGNORED"
3070583226,"50c9509d-22c7-4a22-a47d-8c48425ef4a7","https://www.inaturalist.org/observations/66062770","Animalia","Mollusca","Gastropoda","Neogastropoda","Muricidae","Urosalpinx","Urosalpinx cinerea",NA,"SPECIES","Urosalpinx cinerea (Say, 1822)","Urosalpinx cinerea","","US","","Florida","PRESENT",NA,"28eb1a3f-1c15-4a95-931a-4af90ecb574d",29.141278,-83.030272,8,NA,NA,NA,NA,NA,"2020-12-03T13:20:53",3,12,2020,2304415,2304415,"HUMAN_OBSERVATION","iNaturalist","Observations","66062770","","Noah Frade",2020-12-03 22:06:55,"CC_BY_4_0","Noah Frade","Noah Frade",NA,NA,2025-06-07 01:31:12.434,"StillImage","COORDINATE_ROUNDED;CONTINENT_DERIVED_FROM_COORDINATES;TAXON_MATCH_TAXON_ID_IGNORED"
3070393047,"50c9509d-22c7-4a22-a47d-8c48425ef4a7","https://www.inaturalist.org/observations/72414600","Animalia","Mollusca","Gastropoda","Neogastropoda","Muricidae","Urosalpinx","Urosalpinx cinerea",NA,"SPECIES","Urosalpinx cinerea (Say, 1822)","Urosalpinx cinerea","","US","","South Carolina","PRESENT",NA,"28eb1a3f-1c15-4a95-931a-4af90ecb574d",32.376325,-80.436033,1019,NA,NA,NA,NA,NA,"2021-03-29T17:28:36",29,3,2021,2304415,2304415,"HUMAN_OBSERVATION","iNaturalist","Observations","72414600","","sarahmosteller",2021-03-30 02:01:32,"CC_BY_NC_4_0","sarahmosteller","sarahmosteller",NA,NA,2025-06-07 00:58:07.273,"StillImage","COORDINATE_ROUNDED;CONTINENT_DERIVED_FROM_COORDINATES;TAXON_MATCH_TAXON_ID_IGNORED"
3070346476,"50c9509d-22c7-4a22-a47d-8c48425ef4a7","https://www.inaturalist.org/observations/11917293","Animalia","Mollusca","Gastropoda","Neogastropoda","Muricidae","Urosalpinx","Urosalpinx cinerea",NA,"SPECIES","Urosalpinx cinerea (Say, 1822)","Urosalpinx cinerea","","US","","California","PRESENT",NA,"28eb1a3f-1c15-4a95-931a-4af90ecb574d",37.82412,-122.319375,5,NA,NA,NA,NA,NA,"2018-04-30T12:08:14",30,4,2018,2304415,2304415,"HUMAN_OBSERVATION","iNaturalist","Observations","11917293","","Donna Pomeroy",2018-05-04 00:58:58,"CC_BY_NC_4_0","Eric Simons","Eric Simons",NA,NA,2025-06-06 23:49:35.569,"StillImage","CONTINENT_DERIVED_FROM_COORDINATES;TAXON_MATCH_TAXON_ID_IGNORED"
3070293640,"50c9509d-22c7-4a22-a47d-8c48425ef4a7","https://www.inaturalist.org/observations/24007207","Animalia","Mollusca","Gastropoda","Neogastropoda","Muricidae","Urosalpinx","Urosalpinx cinerea",NA,"SPECIES","Urosalpinx cinerea (Say, 1822)","Urosalpinx cinerea","","US","","California","PRESENT",NA,"28eb1a3f-1c15-4a95-931a-4af90ecb574d",37.824255,-122.319197,5,NA,NA,NA,NA,NA,"2019-04-29T12:08:55",29,4,2019,2304415,2304415,"HUMAN_OBSERVATION","iNaturalist","Observations","24007207","","Eric Simons",2019-04-29 19:59:46,"CC_BY_NC_4_0","Eric Simons","Eric Simons",NA,NA,2025-06-07 02:34:13.43,"StillImage","COORDINATE_ROUNDED;CONTINENT_DERIVED_FROM_COORDINATES;TAXON_MATCH_TAXON_ID_IGNORED"
3070273759,"50c9509d-22c7-4a22-a47d-8c48425ef4a7","https://www.inaturalist.org/observations/37848878","Animalia","Mollusca","Gastropoda","Neogastropoda","Muricidae","Urosalpinx","Urosalpinx cinerea",NA,"SPECIES","Urosalpinx cinerea (Say, 1822)","Urosalpinx cinerea","","US","","Delaware","PRESENT",NA,"28eb1a3f-1c15-4a95-931a-4af90ecb574d",38.794645,-75.093508,NA,NA,NA,NA,NA,NA,"2020-01-22T17:22:12Z",22,1,2020,2304415,2304415,"HUMAN_OBSERVATION","iNaturalist","Observations","37848878","","Parsa Fard",2020-01-22 23:21:05,"CC_BY_4_0","inbetweenbays","inbetweenbays",NA,NA,2025-06-07 01:06:59.294,"StillImage","COORDINATE_ROUNDED;CONTINENT_DERIVED_FROM_COORDINATES;TAXON_MATCH_TAXON_ID_IGNORED"
3068122328,"50c9509d-22c7-4a22-a47d-8c48425ef4a7","https://www.inaturalist.org/observations/69559233","Animalia","Mollusca","Gastropoda","Neogastropoda","Muricidae","Urosalpinx","Urosalpinx cinerea",NA,"SPECIES","Urosalpinx cinerea (Say, 1822)","Urosalpinx cinerea","","US","","Florida","PRESENT",NA,"28eb1a3f-1c15-4a95-931a-4af90ecb574d",29.702642,-81.232422,8,NA,NA,NA,NA,NA,"2021-02-13T15:45:06",13,2,2021,2304415,2304415,"HUMAN_OBSERVATION","iNaturalist","Observations","69559233","","Austin Smith",2021-02-14 14:06:17,"CC_BY_4_0","Austin Smith","Austin Smith",NA,NA,2025-06-07 01:28:29.408,"StillImage","COORDINATE_ROUNDED;CONTINENT_DERIVED_FROM_COORDINATES;TAXON_MATCH_TAXON_ID_IGNORED"
3068080566,"50c9509d-22c7-4a22-a47d-8c48425ef4a7","https://www.inaturalist.org/observations/70378284","Animalia","Mollusca","Gastropoda","Neogastropoda","Muricidae","Urosalpinx","Urosalpinx cinerea",NA,"SPECIES","Urosalpinx cinerea (Say, 1822)","Urosalpinx cinerea","","US","","Delaware","PRESENT",NA,"28eb1a3f-1c15-4a95-931a-4af90ecb574d",38.800589,-75.096066,500,NA,NA,NA,NA,NA,"2021-02-27T17:48",27,2,2021,2304415,2304415,"HUMAN_OBSERVATION","iNaturalist","Observations","70378284","","Cameron Hartley",2021-03-01 06:11:55,"CC_BY_NC_4_0","Cameron Hartley","Cameron Hartley",NA,NA,2025-06-06 23:52:43.166,"","COORDINATE_ROUNDED;CONTINENT_DERIVED_FROM_COORDINATES;TAXON_MATCH_TAXON_ID_IGNORED"
3068067537,"50c9509d-22c7-4a22-a47d-8c48425ef4a7","https://www.inaturalist.org/observations/70295556","Animalia","Mollusca","Gastropoda","Neogastropoda","Muricidae","Urosalpinx","Urosalpinx cinerea",NA,"SPECIES","Urosalpinx cinerea (Say, 1822)","Urosalpinx cinerea","","US","","Florida","PRESENT",NA,"28eb1a3f-1c15-4a95-931a-4af90ecb574d",29.699355,-81.22998,6,NA,NA,NA,NA,NA,"2021-02-27T15:26:27",27,2,2021,2304415,2304415,"HUMAN_OBSERVATION","iNaturalist","Observations","70295556","","Austin Smith",2021-02-28 03:02:46,"CC_BY_4_0","Austin Smith","Austin Smith",NA,NA,2025-06-07 00:38:31.236,"StillImage","CONTINENT_DERIVED_FROM_COORDINATES;TAXON_MATCH_TAXON_ID_IGNORED"
3068013666,"50c9509d-22c7-4a22-a47d-8c48425ef4a7","https://www.inaturalist.org/observations/71664668","Animalia","Mollusca","Gastropoda","Neogastropoda","Muricidae","Urosalpinx","Urosalpinx cinerea",NA,"SPECIES","Urosalpinx cinerea (Say, 1822)","Urosalpinx cinerea","","US","","New York","PRESENT",NA,"28eb1a3f-1c15-4a95-931a-4af90ecb574d",41.044614,-72.297272,6,NA,NA,NA,NA,NA,"2021-03-20T11:05:54",20,3,2021,2304415,2304415,"HUMAN_OBSERVATION","iNaturalist","Observations","71664668","","shady af comebacks",2021-03-21 00:03:56,"CC0_1_0","shady af comebacks","shady af comebacks",NA,NA,2025-06-07 01:13:07.502,"StillImage","COORDINATE_ROUNDED;CONTINENT_DERIVED_FROM_COORDINATES;TAXON_MATCH_TAXON_ID_IGNORED"
3067998054,"50c9509d-22c7-4a22-a47d-8c48425ef4a7","https://www.inaturalist.org/observations/71664274","Animalia","Mollusca","Gastropoda","Neogastropoda","Muricidae","Urosalpinx","Urosalpinx cinerea",NA,"SPECIES","Urosalpinx cinerea (Say, 1822)","Urosalpinx cinerea","","US","","New York","PRESENT",NA,"28eb1a3f-1c15-4a95-931a-4af90ecb574d",40.516126,-74.190626,329,NA,NA,NA,NA,NA,"2021-03-20T09:58",20,3,2021,2304415,2304415,"HUMAN_OBSERVATION","iNaturalist","Observations","71664274","","Parsa Fard",2021-03-21 04:01:41,"CC_BY_NC_4_0","Sara Rall","Sara Rall",NA,NA,2025-06-07 01:12:03.362,"StillImage","COORDINATE_ROUNDED;CONTINENT_DERIVED_FROM_COORDINATES;TAXON_MATCH_TAXON_ID_IGNORED"
3067829268,"50c9509d-22c7-4a22-a47d-8c48425ef4a7","https://www.inaturalist.org/observations/69559345","Animalia","Mollusca","Gastropoda","Neogastropoda","Muricidae","Urosalpinx","Urosalpinx cinerea",NA,"SPECIES","Urosalpinx cinerea (Say, 1822)","Urosalpinx cinerea","","US","","Florida","PRESENT",NA,"28eb1a3f-1c15-4a95-931a-4af90ecb574d",29.702703,-81.232392,8,NA,NA,NA,NA,NA,"2021-02-13T15:32:31",13,2,2021,2304415,2304415,"HUMAN_OBSERVATION","iNaturalist","Observations","69559345","","Austin Smith",2021-02-14 14:09:57,"CC_BY_4_0","Austin Smith","Austin Smith",NA,NA,2025-06-07 01:43:09.999,"StillImage","COORDINATE_ROUNDED;CONTINENT_DERIVED_FROM_COORDINATES;TAXON_MATCH_TAXON_ID_IGNORED"
3067792724,"50c9509d-22c7-4a22-a47d-8c48425ef4a7","https://www.inaturalist.org/observations/71730603","Animalia","Mollusca","Gastropoda","Neogastropoda","Muricidae","Urosalpinx","Urosalpinx cinerea",NA,"SPECIES","Urosalpinx cinerea (Say, 1822)","Urosalpinx cinerea","","US","","Connecticut","PRESENT",NA,"28eb1a3f-1c15-4a95-931a-4af90ecb574d",41.233589,-72.986397,4,NA,NA,NA,NA,NA,"2021-03-21T12:32:20",21,3,2021,2304415,2304415,"HUMAN_OBSERVATION","iNaturalist","Observations","71730603","","severinus",2021-03-21 19:13:24,"CC0_1_0","severinus","severinus",NA,NA,2025-06-07 02:40:16.628,"StillImage","COORDINATE_ROUNDED;CONTINENT_DERIVED_FROM_COORDINATES;TAXON_MATCH_TAXON_ID_IGNORED"
3067759971,"50c9509d-22c7-4a22-a47d-8c48425ef4a7","https://www.inaturalist.org/observations/49845507","Animalia","Mollusca","Gastropoda","Neogastropoda","Muricidae","Urosalpinx","Urosalpinx cinerea",NA,"SPECIES","Urosalpinx cinerea (Say, 1822)","Urosalpinx cinerea","","US","","Delaware","PRESENT",NA,"28eb1a3f-1c15-4a95-931a-4af90ecb574d",39.191078,-75.399261,NA,NA,NA,NA,NA,NA,"2020-06-15T20:16:26",15,6,2020,2304415,2304415,"HUMAN_OBSERVATION","iNaturalist","Observations","49845507","","Parsa Fard",2020-06-16 18:27:43,"CC_BY_NC_4_0","Cameron Hartley","Cameron Hartley",NA,NA,2025-06-07 00:34:20.528,"","COORDINATE_ROUNDED;CONTINENT_DERIVED_FROM_COORDINATES;TAXON_MATCH_TAXON_ID_IGNORED"
3061553954,"50c9509d-22c7-4a22-a47d-8c48425ef4a7","https://www.inaturalist.org/observations/71180715","Animalia","Mollusca","Gastropoda","Neogastropoda","Muricidae","Urosalpinx","Urosalpinx cinerea",NA,"SPECIES","Urosalpinx cinerea (Say, 1822)","Urosalpinx cinerea","","US","","New York","PRESENT",NA,"28eb1a3f-1c15-4a95-931a-4af90ecb574d",41.011428,-72.248428,42,NA,NA,NA,NA,NA,"2021-03-13T17:27:46",13,3,2021,2304415,2304415,"HUMAN_OBSERVATION","iNaturalist","Observations","71180715","","annaperruzza",2021-03-14 01:50:36,"CC_BY_NC_4_0","annaperruzza","annaperruzza",NA,NA,2025-06-07 01:19:25.014,"","COORDINATE_ROUNDED;CONTINENT_DERIVED_FROM_COORDINATES;TAXON_MATCH_TAXON_ID_IGNORED"
3058940046,"50c9509d-22c7-4a22-a47d-8c48425ef4a7","https://www.inaturalist.org/observations/70420091","Animalia","Mollusca","Gastropoda","Neogastropoda","Muricidae","Urosalpinx","Urosalpinx cinerea",NA,"SPECIES","Urosalpinx cinerea (Say, 1822)","Urosalpinx cinerea","","CA","","Nova Scotia","PRESENT",NA,"28eb1a3f-1c15-4a95-931a-4af90ecb574d",45.101184,-64.216181,96,NA,NA,NA,NA,NA,"2021-02-28T13:17:05",28,2,2021,2304415,2304415,"HUMAN_OBSERVATION","iNaturalist","Observations","70420091","","Cody Chapman",2021-03-02 00:03:12,"CC_BY_NC_4_0","Cody Chapman","Cody Chapman",NA,NA,2025-06-07 00:33:58.321,"StillImage","COORDINATE_ROUNDED;CONTINENT_DERIVED_FROM_COORDINATES;TAXON_MATCH_TAXON_ID_IGNORED"
3058934154,"50c9509d-22c7-4a22-a47d-8c48425ef4a7","https://www.inaturalist.org/observations/70411840","Animalia","Mollusca","Gastropoda","Neogastropoda","Muricidae","Urosalpinx","Urosalpinx cinerea",NA,"SPECIES","Urosalpinx cinerea (Say, 1822)","Urosalpinx cinerea","","US","","California","PRESENT",NA,"28eb1a3f-1c15-4a95-931a-4af90ecb574d",37.505767,-122.134278,4,NA,NA,NA,NA,NA,"2021-03-01T11:05:29",1,3,2021,2304415,2304415,"HUMAN_OBSERVATION","iNaturalist","Observations","70411840","","Donna Pomeroy",2021-03-01 21:09:42,"CC_BY_NC_4_0","Donna Pomeroy","Donna Pomeroy",NA,NA,2025-06-07 02:36:46.663,"StillImage","COORDINATE_ROUNDED;CONTINENT_DERIVED_FROM_COORDINATES;TAXON_MATCH_TAXON_ID_IGNORED"
3058829424,"50c9509d-22c7-4a22-a47d-8c48425ef4a7","https://www.inaturalist.org/observations/70372184","Animalia","Mollusca","Gastropoda","Neogastropoda","Muricidae","Urosalpinx","Urosalpinx cinerea",NA,"SPECIES","Urosalpinx cinerea (Say, 1822)","Urosalpinx cinerea","","US","","Florida","PRESENT",NA,"28eb1a3f-1c15-4a95-931a-4af90ecb574d",29.699346,-81.229962,NA,NA,NA,NA,NA,NA,"2021-02-28T14:46:45",28,2,2021,2304415,2304415,"HUMAN_OBSERVATION","iNaturalist","Observations","70372184","","John Slapcinsky",2021-03-01 03:54:56,"CC_BY_4_0","John Slapcinsky","John Slapcinsky",NA,NA,2025-06-07 00:40:12.668,"StillImage","COORDINATE_ROUNDED;CONTINENT_DERIVED_FROM_COORDINATES;TAXON_MATCH_TAXON_ID_IGNORED"
3044754170,"50c9509d-22c7-4a22-a47d-8c48425ef4a7","https://www.inaturalist.org/observations/69591971","Animalia","Mollusca","Gastropoda","Neogastropoda","Muricidae","Urosalpinx","Urosalpinx cinerea",NA,"SPECIES","Urosalpinx cinerea (Say, 1822)","Urosalpinx cinerea","","US","","Rhode Island","PRESENT",NA,"28eb1a3f-1c15-4a95-931a-4af90ecb574d",41.454497,-71.400855,24,NA,NA,NA,NA,NA,"2021-02-14T16:03:56",14,2,2021,2304415,2304415,"HUMAN_OBSERVATION","iNaturalist","Observations","69591971","","themicrocosmos",2021-02-15 00:30:27,"CC_BY_NC_4_0","themicrocosmos","themicrocosmos",NA,NA,2025-06-07 00:51:02.83,"StillImage","COORDINATE_ROUNDED;CONTINENT_DERIVED_FROM_COORDINATES;TAXON_MATCH_TAXON_ID_IGNORED"
3044603215,"50c9509d-22c7-4a22-a47d-8c48425ef4a7","https://www.inaturalist.org/observations/69623712","Animalia","Mollusca","Gastropoda","Neogastropoda","Muricidae","Urosalpinx","Urosalpinx cinerea",NA,"SPECIES","Urosalpinx cinerea (Say, 1822)","Urosalpinx cinerea","","US","","Rhode Island","PRESENT",NA,"28eb1a3f-1c15-4a95-931a-4af90ecb574d",41.450725,-71.356102,4,NA,NA,NA,NA,NA,"2021-02-15T09:39",15,2,2021,2304415,2304415,"HUMAN_OBSERVATION","iNaturalist","Observations","69623712","","Tyler Ekholm",2021-02-15 17:30:56,"CC_BY_4_0","Tyler Ekholm","Tyler Ekholm",NA,NA,2025-06-07 00:35:11.706,"StillImage","COORDINATE_ROUNDED;CONTINENT_DERIVED_FROM_COORDINATES;TAXON_MATCH_TAXON_ID_IGNORED"
3044567203,"50c9509d-22c7-4a22-a47d-8c48425ef4a7","https://www.inaturalist.org/observations/69623710","Animalia","Mollusca","Gastropoda","Neogastropoda","Muricidae","Urosalpinx","Urosalpinx cinerea",NA,"SPECIES","Urosalpinx cinerea (Say, 1822)","Urosalpinx cinerea","","US","","Rhode Island","PRESENT",NA,"28eb1a3f-1c15-4a95-931a-4af90ecb574d",41.450376,-71.351891,2,NA,NA,NA,NA,NA,"2021-02-15T09:23",15,2,2021,2304415,2304415,"HUMAN_OBSERVATION","iNaturalist","Observations","69623710","","Tyler Ekholm",2021-02-15 16:45:09,"CC_BY_4_0","Tyler Ekholm","Tyler Ekholm",NA,NA,2025-06-07 00:34:32.954,"StillImage","COORDINATE_ROUNDED;CONTINENT_DERIVED_FROM_COORDINATES;TAXON_MATCH_TAXON_ID_IGNORED"
3039361347,"50c9509d-22c7-4a22-a47d-8c48425ef4a7","https://www.inaturalist.org/observations/13976895","Animalia","Mollusca","Gastropoda","Neogastropoda","Muricidae","Urosalpinx","Urosalpinx cinerea",NA,"SPECIES","Urosalpinx cinerea (Say, 1822)","Urosalpinx cinerea","","US","","Massachusetts","PRESENT",NA,"28eb1a3f-1c15-4a95-931a-4af90ecb574d",41.285399,-70.202554,557,NA,NA,NA,NA,NA,"2018-07-02T07:47:38",2,7,2018,2304415,2304415,"HUMAN_OBSERVATION","iNaturalist","Observations","13976895","","Heather Hawk",2018-07-03 18:31:06,"CC_BY_NC_4_0","Kaitlyn Shaw","Kaitlyn Shaw",NA,NA,2025-06-06 23:49:08.125,"StillImage","COORDINATE_ROUNDED;CONTINENT_DERIVED_FROM_COORDINATES;TAXON_MATCH_TAXON_ID_IGNORED"
3032136708,"50c9509d-22c7-4a22-a47d-8c48425ef4a7","https://www.inaturalist.org/observations/68075056","Animalia","Mollusca","Gastropoda","Neogastropoda","Muricidae","Urosalpinx","Urosalpinx cinerea",NA,"SPECIES","Urosalpinx cinerea (Say, 1822)","Urosalpinx cinerea","","US","","New York","PRESENT",NA,"28eb1a3f-1c15-4a95-931a-4af90ecb574d",40.583171,-73.922596,5,NA,NA,NA,NA,NA,"2021-01-14T11:55:24",14,1,2021,2304415,2304415,"HUMAN_OBSERVATION","iNaturalist","Observations","68075056","","Susan J. Hewitt",2021-01-14 22:46:11,"CC_BY_NC_4_0","Susan J. Hewitt","Susan J. Hewitt",NA,NA,2025-06-07 02:39:51.802,"StillImage","COORDINATE_ROUNDED;CONTINENT_DERIVED_FROM_COORDINATES;TAXON_MATCH_TAXON_ID_IGNORED"
3031972550,"50c9509d-22c7-4a22-a47d-8c48425ef4a7","https://www.inaturalist.org/observations/33173730","Animalia","Mollusca","Gastropoda","Neogastropoda","Muricidae","Urosalpinx","Urosalpinx cinerea",NA,"SPECIES","Urosalpinx cinerea (Say, 1822)","Urosalpinx cinerea","","US","","California","PRESENT",NA,"28eb1a3f-1c15-4a95-931a-4af90ecb574d",37.56776,-122.29529,2596,NA,NA,NA,NA,NA,"2019-09-21T16:37:06",21,9,2019,2304415,2304415,"HUMAN_OBSERVATION","iNaturalist","Observations","33173730","","Parsa Fard",2019-09-22 03:21:15,"CC_BY_4_0","Parsa Fard","Parsa Fard",NA,NA,2025-06-07 00:06:54.595,"StillImage","COORDINATE_ROUNDED;CONTINENT_DERIVED_FROM_COORDINATES;TAXON_MATCH_TAXON_ID_IGNORED"
3031968468,"50c9509d-22c7-4a22-a47d-8c48425ef4a7","https://www.inaturalist.org/observations/26623168","Animalia","Mollusca","Gastropoda","Neogastropoda","Muricidae","Urosalpinx","Urosalpinx cinerea",NA,"SPECIES","Urosalpinx cinerea (Say, 1822)","Urosalpinx cinerea","","US","","California","PRESENT",NA,"28eb1a3f-1c15-4a95-931a-4af90ecb574d",37.57309,-122.261862,314,NA,NA,NA,NA,NA,"2019-06-08T11:46:04",8,6,2019,2304415,2304415,"HUMAN_OBSERVATION","iNaturalist","Observations","26623168","","Parsa Fard",2019-06-08 18:47:38,"CC_BY_4_0","Parsa Fard","Parsa Fard",NA,NA,2025-06-07 01:21:43.926,"StillImage","COORDINATE_ROUNDED;CONTINENT_DERIVED_FROM_COORDINATES;TAXON_MATCH_TAXON_ID_IGNORED"
3031952611,"50c9509d-22c7-4a22-a47d-8c48425ef4a7","https://www.inaturalist.org/observations/42545384","Animalia","Mollusca","Gastropoda","Neogastropoda","Muricidae","Urosalpinx","Urosalpinx cinerea",NA,"SPECIES","Urosalpinx cinerea (Say, 1822)","Urosalpinx cinerea","","US","","California","PRESENT",NA,"28eb1a3f-1c15-4a95-931a-4af90ecb574d",37.499253,-122.12783,24,NA,NA,NA,NA,NA,"2020-04-18T18:18:03",18,4,2020,2304415,2304415,"HUMAN_OBSERVATION","iNaturalist","Observations","42545384","","Parsa Fard",2020-04-19 05:09:20,"CC_BY_4_0","Parsa Fard","Parsa Fard",NA,NA,2025-06-07 01:09:52.853,"StillImage","COORDINATE_ROUNDED;CONTINENT_DERIVED_FROM_COORDINATES;TAXON_MATCH_TAXON_ID_IGNORED"
3031951661,"50c9509d-22c7-4a22-a47d-8c48425ef4a7","https://www.inaturalist.org/observations/42583689","Animalia","Mollusca","Gastropoda","Neogastropoda","Muricidae","Urosalpinx","Urosalpinx cinerea",NA,"SPECIES","Urosalpinx cinerea (Say, 1822)","Urosalpinx cinerea","","US","","California","PRESENT",NA,"28eb1a3f-1c15-4a95-931a-4af90ecb574d",37.496944,-122.12713,2361,NA,NA,NA,NA,NA,"2020-04-18T21:49:51",18,4,2020,2304415,2304415,"HUMAN_OBSERVATION","iNaturalist","Observations","42583689","","Parsa Fard",2020-04-19 17:06:43,"CC_BY_4_0","Parsa Fard","Parsa Fard",NA,NA,2025-06-07 00:59:20.229,"StillImage","COORDINATE_ROUNDED;CONTINENT_DERIVED_FROM_COORDINATES;TAXON_MATCH_TAXON_ID_IGNORED"
3031936148,"50c9509d-22c7-4a22-a47d-8c48425ef4a7","https://www.inaturalist.org/observations/66893017","Animalia","Mollusca","Gastropoda","Neogastropoda","Muricidae","Urosalpinx","Urosalpinx cinerea",NA,"SPECIES","Urosalpinx cinerea (Say, 1822)","Urosalpinx cinerea","","US","","California","PRESENT",NA,"28eb1a3f-1c15-4a95-931a-4af90ecb574d",37.564474,-122.250099,458,NA,NA,NA,NA,NA,"2020-12-20T18:27:42",20,12,2020,2304415,2304415,"HUMAN_OBSERVATION","iNaturalist","Observations","66893017","","Parsa Fard",2020-12-21 22:06:16,"CC_BY_4_0","Parsa Fard","Parsa Fard",NA,NA,2025-06-06 23:57:21.837,"StillImage","COORDINATE_ROUNDED;CONTINENT_DERIVED_FROM_COORDINATES;TAXON_MATCH_TAXON_ID_IGNORED"
3031916838,"50c9509d-22c7-4a22-a47d-8c48425ef4a7","https://www.inaturalist.org/observations/68075462","Animalia","Mollusca","Gastropoda","Neogastropoda","Muricidae","Urosalpinx","Urosalpinx cinerea",NA,"SPECIES","Urosalpinx cinerea (Say, 1822)","Urosalpinx cinerea","","US","","New York","PRESENT",NA,"28eb1a3f-1c15-4a95-931a-4af90ecb574d",40.5834,-73.927652,100,NA,NA,NA,NA,NA,"2021-01-14T12:13:55",14,1,2021,2304415,2304415,"HUMAN_OBSERVATION","iNaturalist","Observations","68075462","","Susan J. Hewitt",2021-01-14 22:54:01,"CC_BY_NC_4_0","Susan J. Hewitt","Susan J. Hewitt",NA,NA,2025-06-07 01:54:04.008,"StillImage","COORDINATE_ROUNDED;CONTINENT_DERIVED_FROM_COORDINATES;TAXON_MATCH_TAXON_ID_IGNORED"
3031904631,"50c9509d-22c7-4a22-a47d-8c48425ef4a7","https://www.inaturalist.org/observations/42583507","Animalia","Mollusca","Gastropoda","Neogastropoda","Muricidae","Urosalpinx","Urosalpinx cinerea",NA,"SPECIES","Urosalpinx cinerea (Say, 1822)","Urosalpinx cinerea","","US","","California","PRESENT",NA,"28eb1a3f-1c15-4a95-931a-4af90ecb574d",37.498914,-122.128582,1571,NA,NA,NA,NA,NA,"2020-04-18T21:49:44",18,4,2020,2304415,2304415,"HUMAN_OBSERVATION","iNaturalist","Observations","42583507","","Parsa Fard",2020-04-19 17:03:38,"CC_BY_4_0","Parsa Fard","Parsa Fard",NA,NA,2025-06-06 23:53:29.864,"StillImage","COORDINATE_ROUNDED;CONTINENT_DERIVED_FROM_COORDINATES;TAXON_MATCH_TAXON_ID_IGNORED"
3031901519,"50c9509d-22c7-4a22-a47d-8c48425ef4a7","https://www.inaturalist.org/observations/29742334","Animalia","Mollusca","Gastropoda","Neogastropoda","Muricidae","Urosalpinx","Urosalpinx cinerea",NA,"SPECIES","Urosalpinx cinerea (Say, 1822)","Urosalpinx cinerea","","US","","California","PRESENT",NA,"28eb1a3f-1c15-4a95-931a-4af90ecb574d",37.527209,-122.23785,3137,NA,NA,NA,NA,NA,"2019-07-28T13:02:14",28,7,2019,2304415,2304415,"HUMAN_OBSERVATION","iNaturalist","Observations","29742334","","Parsa Fard",2019-07-28 21:55:36,"CC_BY_4_0","Parsa Fard","Parsa Fard",NA,NA,2025-06-06 23:52:31.377,"StillImage","COORDINATE_ROUNDED;CONTINENT_DERIVED_FROM_COORDINATES;TAXON_MATCH_TAXON_ID_IGNORED"
3031899597,"50c9509d-22c7-4a22-a47d-8c48425ef4a7","https://www.inaturalist.org/observations/37954294","Animalia","Mollusca","Gastropoda","Neogastropoda","Muricidae","Urosalpinx","Urosalpinx cinerea",NA,"SPECIES","Urosalpinx cinerea (Say, 1822)","Urosalpinx cinerea","","US","","California","PRESENT",NA,"28eb1a3f-1c15-4a95-931a-4af90ecb574d",37.573261,-122.262496,1426,NA,NA,NA,NA,NA,"2020-01-25T10:25:43Z",25,1,2020,2304415,2304415,"HUMAN_OBSERVATION","iNaturalist","Observations","37954294","","Parsa Fard",2020-01-25 18:35:34,"CC_BY_4_0","Parsa Fard","Parsa Fard",NA,NA,2025-06-07 02:34:21.377,"StillImage","COORDINATE_ROUNDED;CONTINENT_DERIVED_FROM_COORDINATES;TAXON_MATCH_TAXON_ID_IGNORED"
3031882041,"50c9509d-22c7-4a22-a47d-8c48425ef4a7","https://www.inaturalist.org/observations/63035046","Animalia","Mollusca","Gastropoda","Neogastropoda","Muricidae","Urosalpinx","Urosalpinx cinerea",NA,"SPECIES","Urosalpinx cinerea (Say, 1822)","Urosalpinx cinerea","","US","","California","PRESENT",NA,"28eb1a3f-1c15-4a95-931a-4af90ecb574d",37.514921,-122.199537,239,NA,NA,NA,NA,NA,"2020-10-18T22:36:09",18,10,2020,2304415,2304415,"HUMAN_OBSERVATION","iNaturalist","Observations","63035046","","Parsa Fard",2020-10-19 19:35:14,"CC_BY_4_0","Parsa Fard","Parsa Fard",NA,NA,2025-06-07 00:30:51.916,"StillImage","COORDINATE_ROUNDED;CONTINENT_DERIVED_FROM_COORDINATES;TAXON_MATCH_TAXON_ID_IGNORED"
3031879125,"50c9509d-22c7-4a22-a47d-8c48425ef4a7","https://www.inaturalist.org/observations/66892796","Animalia","Mollusca","Gastropoda","Neogastropoda","Muricidae","Urosalpinx","Urosalpinx cinerea",NA,"SPECIES","Urosalpinx cinerea (Say, 1822)","Urosalpinx cinerea","","US","","California","PRESENT",NA,"28eb1a3f-1c15-4a95-931a-4af90ecb574d",37.564369,-122.250368,299,NA,NA,NA,NA,NA,"2020-12-20T18:23:39",20,12,2020,2304415,2304415,"HUMAN_OBSERVATION","iNaturalist","Observations","66892796","","Parsa Fard",2020-12-21 21:59:21,"CC_BY_4_0","Parsa Fard","Parsa Fard",NA,NA,2025-06-07 00:44:54.856,"StillImage","COORDINATE_ROUNDED;CONTINENT_DERIVED_FROM_COORDINATES;TAXON_MATCH_TAXON_ID_IGNORED"
3031873977,"50c9509d-22c7-4a22-a47d-8c48425ef4a7","https://www.inaturalist.org/observations/62581793","Animalia","Mollusca","Gastropoda","Neogastropoda","Muricidae","Urosalpinx","Urosalpinx cinerea",NA,"SPECIES","Urosalpinx cinerea (Say, 1822)","Urosalpinx cinerea","","US","","California","PRESENT",NA,"28eb1a3f-1c15-4a95-931a-4af90ecb574d",37.496584,-122.12999,4539,NA,NA,NA,NA,NA,"2020-10-13T12:49:59",13,10,2020,2304415,2304415,"HUMAN_OBSERVATION","iNaturalist","Observations","62581793","","Parsa Fard",2020-10-14 20:05:59,"CC_BY_4_0","Parsa Fard","Parsa Fard",NA,NA,2025-06-07 01:21:54.999,"StillImage","COORDINATE_ROUNDED;CONTINENT_DERIVED_FROM_COORDINATES;TAXON_MATCH_TAXON_ID_IGNORED"
3031869140,"50c9509d-22c7-4a22-a47d-8c48425ef4a7","https://www.inaturalist.org/observations/66918970","Animalia","Mollusca","Gastropoda","Neogastropoda","Muricidae","Urosalpinx","Urosalpinx cinerea",NA,"SPECIES","Urosalpinx cinerea (Say, 1822)","Urosalpinx cinerea","","US","","Georgia","PRESENT",NA,"28eb1a3f-1c15-4a95-931a-4af90ecb574d",31.163492,-81.361096,114,NA,NA,NA,NA,NA,"2020-12-22T09:13:44",22,12,2020,2304415,2304415,"HUMAN_OBSERVATION","iNaturalist","Observations","66918970","","marburg72",2020-12-22 14:20:40,"CC_BY_NC_4_0","marburg72","marburg72",NA,NA,2025-06-07 01:17:11.35,"StillImage","COORDINATE_ROUNDED;CONTINENT_DERIVED_FROM_COORDINATES;TAXON_MATCH_TAXON_ID_IGNORED"
3031868570,"50c9509d-22c7-4a22-a47d-8c48425ef4a7","https://www.inaturalist.org/observations/37954284","Animalia","Mollusca","Gastropoda","Neogastropoda","Muricidae","Urosalpinx","Urosalpinx cinerea",NA,"SPECIES","Urosalpinx cinerea (Say, 1822)","Urosalpinx cinerea","","US","","California","PRESENT",NA,"28eb1a3f-1c15-4a95-931a-4af90ecb574d",37.57251,-122.260382,699,NA,NA,NA,NA,NA,"2020-01-25T10:25:42Z",25,1,2020,2304415,2304415,"HUMAN_OBSERVATION","iNaturalist","Observations","37954284","","Parsa Fard",2020-01-25 18:35:17,"CC_BY_4_0","Parsa Fard","Parsa Fard",NA,NA,2025-06-07 00:45:48.29,"StillImage","COORDINATE_ROUNDED;CONTINENT_DERIVED_FROM_COORDINATES;TAXON_MATCH_TAXON_ID_IGNORED"
3031868074,"50c9509d-22c7-4a22-a47d-8c48425ef4a7","https://www.inaturalist.org/observations/66893069","Animalia","Mollusca","Gastropoda","Neogastropoda","Muricidae","Urosalpinx","Urosalpinx cinerea",NA,"SPECIES","Urosalpinx cinerea (Say, 1822)","Urosalpinx cinerea","","US","","California","PRESENT",NA,"28eb1a3f-1c15-4a95-931a-4af90ecb574d",37.565187,-122.250595,292,NA,NA,NA,NA,NA,"2020-12-20T18:28:25",20,12,2020,2304415,2304415,"HUMAN_OBSERVATION","iNaturalist","Observations","66893069","","Parsa Fard",2020-12-21 22:07:16,"CC_BY_4_0","Parsa Fard","Parsa Fard",NA,NA,2025-06-07 00:34:01.373,"StillImage","COORDINATE_ROUNDED;CONTINENT_DERIVED_FROM_COORDINATES;TAXON_MATCH_TAXON_ID_IGNORED"
3031865601,"50c9509d-22c7-4a22-a47d-8c48425ef4a7","https://www.inaturalist.org/observations/37954339","Animalia","Mollusca","Gastropoda","Neogastropoda","Muricidae","Urosalpinx","Urosalpinx cinerea",NA,"SPECIES","Urosalpinx cinerea (Say, 1822)","Urosalpinx cinerea","","US","","California","PRESENT",NA,"28eb1a3f-1c15-4a95-931a-4af90ecb574d",37.572971,-122.261406,610,NA,NA,NA,NA,NA,"2020-01-25T10:25:55Z",25,1,2020,2304415,2304415,"HUMAN_OBSERVATION","iNaturalist","Observations","37954339","","Parsa Fard",2020-01-25 18:36:44,"CC_BY_4_0","Parsa Fard","Parsa Fard",NA,NA,2025-06-07 00:29:43.559,"StillImage","COORDINATE_ROUNDED;CONTINENT_DERIVED_FROM_COORDINATES;TAXON_MATCH_TAXON_ID_IGNORED"
3031857232,"50c9509d-22c7-4a22-a47d-8c48425ef4a7","https://www.inaturalist.org/observations/67769313","Animalia","Mollusca","Gastropoda","Neogastropoda","Muricidae","Urosalpinx","Urosalpinx cinerea",NA,"SPECIES","Urosalpinx cinerea (Say, 1822)","Urosalpinx cinerea","","US","","Rhode Island","PRESENT",NA,"28eb1a3f-1c15-4a95-931a-4af90ecb574d",41.607842,-71.361313,8,NA,NA,NA,NA,NA,"2021-01-08T08:45:49",8,1,2021,2304415,2304415,"HUMAN_OBSERVATION","iNaturalist","Observations","67769313","","Tom French",2021-01-11 05:55:05,"CC_BY_NC_4_0","Cole Tiemann","Cole Tiemann",NA,NA,2025-06-07 02:40:04.706,"StillImage","COORDINATE_ROUNDED;CONTINENT_DERIVED_FROM_COORDINATES;TAXON_MATCH_TAXON_ID_IGNORED"
3031855914,"50c9509d-22c7-4a22-a47d-8c48425ef4a7","https://www.inaturalist.org/observations/56799499","Animalia","Mollusca","Gastropoda","Neogastropoda","Muricidae","Urosalpinx","Urosalpinx cinerea",NA,"SPECIES","Urosalpinx cinerea (Say, 1822)","Urosalpinx cinerea","","US","","California","PRESENT",NA,"28eb1a3f-1c15-4a95-931a-4af90ecb574d",37.703659,-122.193339,289,NA,NA,NA,NA,NA,"2020-08-16T19:28:36",16,8,2020,2304415,2304415,"HUMAN_OBSERVATION","iNaturalist","Observations","56799499","","Parsa Fard",2020-08-18 00:54:55,"CC_BY_4_0","Parsa Fard","Parsa Fard",NA,NA,2025-06-07 02:37:47.874,"StillImage","COORDINATE_ROUNDED;CONTINENT_DERIVED_FROM_COORDINATES;TAXON_MATCH_TAXON_ID_IGNORED"
3031855540,"50c9509d-22c7-4a22-a47d-8c48425ef4a7","https://www.inaturalist.org/observations/33173773","Animalia","Mollusca","Gastropoda","Neogastropoda","Muricidae","Urosalpinx","Urosalpinx cinerea",NA,"SPECIES","Urosalpinx cinerea (Say, 1822)","Urosalpinx cinerea","","US","","California","PRESENT",NA,"28eb1a3f-1c15-4a95-931a-4af90ecb574d",37.566907,-122.295364,6509,NA,NA,NA,NA,NA,"2019-09-21T16:37:25",21,9,2019,2304415,2304415,"HUMAN_OBSERVATION","iNaturalist","Observations","33173773","","Parsa Fard",2019-09-22 03:22:34,"CC_BY_4_0","Parsa Fard","Parsa Fard",NA,NA,2025-06-07 00:33:38.147,"StillImage","COORDINATE_ROUNDED;CONTINENT_DERIVED_FROM_COORDINATES;TAXON_MATCH_TAXON_ID_IGNORED"
3031848575,"50c9509d-22c7-4a22-a47d-8c48425ef4a7","https://www.inaturalist.org/observations/37954326","Animalia","Mollusca","Gastropoda","Neogastropoda","Muricidae","Urosalpinx","Urosalpinx cinerea",NA,"SPECIES","Urosalpinx cinerea (Say, 1822)","Urosalpinx cinerea","","US","","California","PRESENT",NA,"28eb1a3f-1c15-4a95-931a-4af90ecb574d",37.573123,-122.261396,538,NA,NA,NA,NA,NA,"2020-01-25T10:25:53Z",25,1,2020,2304415,2304415,"HUMAN_OBSERVATION","iNaturalist","Observations","37954326","","Parsa Fard",2020-01-25 18:36:25,"CC_BY_4_0","Parsa Fard","Parsa Fard",NA,NA,2025-06-07 00:07:30.89,"StillImage","COORDINATE_ROUNDED;CONTINENT_DERIVED_FROM_COORDINATES;TAXON_MATCH_TAXON_ID_IGNORED"
3031833504,"50c9509d-22c7-4a22-a47d-8c48425ef4a7","https://www.inaturalist.org/observations/33173706","Animalia","Mollusca","Gastropoda","Neogastropoda","Muricidae","Urosalpinx","Urosalpinx cinerea",NA,"SPECIES","Urosalpinx cinerea (Say, 1822)","Urosalpinx cinerea","","US","","California","PRESENT",NA,"28eb1a3f-1c15-4a95-931a-4af90ecb574d",37.572374,-122.288338,1346,NA,NA,NA,NA,NA,"2019-09-21T16:37:03",21,9,2019,2304415,2304415,"HUMAN_OBSERVATION","iNaturalist","Observations","33173706","","Parsa Fard",2019-09-22 03:20:46,"CC_BY_4_0","Parsa Fard","Parsa Fard",NA,NA,2025-06-07 01:46:03.732,"StillImage","COORDINATE_ROUNDED;CONTINENT_DERIVED_FROM_COORDINATES;TAXON_MATCH_TAXON_ID_IGNORED"
3031832017,"50c9509d-22c7-4a22-a47d-8c48425ef4a7","https://www.inaturalist.org/observations/63034973","Animalia","Mollusca","Gastropoda","Neogastropoda","Muricidae","Urosalpinx","Urosalpinx cinerea",NA,"SPECIES","Urosalpinx cinerea (Say, 1822)","Urosalpinx cinerea","","US","","California","PRESENT",NA,"28eb1a3f-1c15-4a95-931a-4af90ecb574d",37.514192,-122.197917,567,NA,NA,NA,NA,NA,"2020-10-18T22:35:46",18,10,2020,2304415,2304415,"HUMAN_OBSERVATION","iNaturalist","Observations","63034973","","Parsa Fard",2020-10-19 19:34:02,"CC_BY_4_0","Parsa Fard","Parsa Fard",NA,NA,2025-06-07 00:44:36.749,"StillImage","COORDINATE_ROUNDED;CONTINENT_DERIVED_FROM_COORDINATES;TAXON_MATCH_TAXON_ID_IGNORED"
3031827510,"50c9509d-22c7-4a22-a47d-8c48425ef4a7","https://www.inaturalist.org/observations/30576340","Animalia","Mollusca","Gastropoda","Neogastropoda","Muricidae","Urosalpinx","Urosalpinx cinerea",NA,"SPECIES","Urosalpinx cinerea (Say, 1822)","Urosalpinx cinerea","","US","","California","PRESENT",NA,"28eb1a3f-1c15-4a95-931a-4af90ecb574d",37.735827,-122.213267,1745,NA,NA,NA,NA,NA,"2019-08-10T15:38:01",10,8,2019,2304415,2304415,"HUMAN_OBSERVATION","iNaturalist","Observations","30576340","","Parsa Fard",2019-08-10 23:36:20,"CC_BY_4_0","Parsa Fard","Parsa Fard",NA,NA,2025-06-07 00:58:50.519,"StillImage","COORDINATE_ROUNDED;CONTINENT_DERIVED_FROM_COORDINATES;TAXON_MATCH_TAXON_ID_IGNORED"
3031809594,"50c9509d-22c7-4a22-a47d-8c48425ef4a7","https://www.inaturalist.org/observations/37954218","Animalia","Mollusca","Gastropoda","Neogastropoda","Muricidae","Urosalpinx","Urosalpinx cinerea",NA,"SPECIES","Urosalpinx cinerea (Say, 1822)","Urosalpinx cinerea","","US","","California","PRESENT",NA,"28eb1a3f-1c15-4a95-931a-4af90ecb574d",37.573243,-122.261237,1193,NA,NA,NA,NA,NA,"2020-01-25T10:25:37Z",25,1,2020,2304415,2304415,"HUMAN_OBSERVATION","iNaturalist","Observations","37954218","","Parsa Fard",2020-01-25 18:34:19,"CC_BY_4_0","Parsa Fard","Parsa Fard",NA,NA,2025-06-06 23:53:42.501,"StillImage","COORDINATE_ROUNDED;CONTINENT_DERIVED_FROM_COORDINATES;TAXON_MATCH_TAXON_ID_IGNORED"
3031808580,"50c9509d-22c7-4a22-a47d-8c48425ef4a7","https://www.inaturalist.org/observations/37954387","Animalia","Mollusca","Gastropoda","Neogastropoda","Muricidae","Urosalpinx","Urosalpinx cinerea",NA,"SPECIES","Urosalpinx cinerea (Say, 1822)","Urosalpinx cinerea","","US","","California","PRESENT",NA,"28eb1a3f-1c15-4a95-931a-4af90ecb574d",37.572117,-122.260825,614,NA,NA,NA,NA,NA,"2020-01-25T10:26:22Z",25,1,2020,2304415,2304415,"HUMAN_OBSERVATION","iNaturalist","Observations","37954387","","Parsa Fard",2020-01-25 18:38:17,"CC_BY_4_0","Parsa Fard","Parsa Fard",NA,NA,2025-06-07 00:47:26.369,"StillImage","COORDINATE_ROUNDED;CONTINENT_DERIVED_FROM_COORDINATES;TAXON_MATCH_TAXON_ID_IGNORED"
3031807504,"50c9509d-22c7-4a22-a47d-8c48425ef4a7","https://www.inaturalist.org/observations/30575949","Animalia","Mollusca","Gastropoda","Neogastropoda","Muricidae","Urosalpinx","Urosalpinx cinerea",NA,"SPECIES","Urosalpinx cinerea (Say, 1822)","Urosalpinx cinerea","","US","","California","PRESENT",NA,"28eb1a3f-1c15-4a95-931a-4af90ecb574d",37.728329,-122.207986,8524,NA,NA,NA,NA,NA,"2019-08-10T15:34:44",10,8,2019,2304415,2304415,"HUMAN_OBSERVATION","iNaturalist","Observations","30575949","","Parsa Fard",2019-08-10 23:29:11,"CC_BY_4_0","Parsa Fard","Parsa Fard",NA,NA,2025-06-07 00:58:43.179,"StillImage","COORDINATE_ROUNDED;CONTINENT_DERIVED_FROM_COORDINATES;TAXON_MATCH_TAXON_ID_IGNORED"
3031745849,"50c9509d-22c7-4a22-a47d-8c48425ef4a7","https://www.inaturalist.org/observations/68075843","Animalia","Mollusca","Gastropoda","Neogastropoda","Muricidae","Urosalpinx","Urosalpinx cinerea",NA,"SPECIES","Urosalpinx cinerea (Say, 1822)","Urosalpinx cinerea","","US","","New York","PRESENT",NA,"28eb1a3f-1c15-4a95-931a-4af90ecb574d",40.583351,-73.925072,5,NA,NA,NA,NA,NA,"2021-01-14T12:45:07",14,1,2021,2304415,2304415,"HUMAN_OBSERVATION","iNaturalist","Observations","68075843","","Susan J. Hewitt",2021-01-14 23:02:25,"CC_BY_NC_4_0","Susan J. Hewitt","Susan J. Hewitt",NA,NA,2025-06-07 01:30:42.649,"StillImage","COORDINATE_ROUNDED;CONTINENT_DERIVED_FROM_COORDINATES;TAXON_MATCH_TAXON_ID_IGNORED"
3031675796,"50c9509d-22c7-4a22-a47d-8c48425ef4a7","https://www.inaturalist.org/observations/68069169","Animalia","Mollusca","Gastropoda","Neogastropoda","Muricidae","Urosalpinx","Urosalpinx cinerea",NA,"SPECIES","Urosalpinx cinerea (Say, 1822)","Urosalpinx cinerea","","US","","Connecticut","PRESENT",NA,"28eb1a3f-1c15-4a95-931a-4af90ecb574d",41.039534,-73.518761,150,NA,NA,NA,NA,NA,"2021-01-14T15:49:33",14,1,2021,2304415,2304415,"HUMAN_OBSERVATION","iNaturalist","Observations","68069169","","rawbeccah",2021-01-14 20:50:15,"CC_BY_NC_4_0","rawbeccah","rawbeccah",NA,NA,2025-06-07 02:40:55.538,"StillImage","COORDINATE_ROUNDED;CONTINENT_DERIVED_FROM_COORDINATES;TAXON_MATCH_TAXON_ID_IGNORED"
3031673593,"50c9509d-22c7-4a22-a47d-8c48425ef4a7","https://www.inaturalist.org/observations/37954245","Animalia","Mollusca","Gastropoda","Neogastropoda","Muricidae","Urosalpinx","Urosalpinx cinerea",NA,"SPECIES","Urosalpinx cinerea (Say, 1822)","Urosalpinx cinerea","","US","","California","PRESENT",NA,"28eb1a3f-1c15-4a95-931a-4af90ecb574d",37.573787,-122.261886,562,NA,NA,NA,NA,NA,"2020-01-25T10:25:39Z",25,1,2020,2304415,2304415,"HUMAN_OBSERVATION","iNaturalist","Observations","37954245","","Parsa Fard",2020-01-25 18:34:42,"CC_BY_4_0","Parsa Fard","Parsa Fard",NA,NA,2025-06-07 00:17:52,"StillImage","COORDINATE_ROUNDED;CONTINENT_DERIVED_FROM_COORDINATES;TAXON_MATCH_TAXON_ID_IGNORED"
3031673576,"50c9509d-22c7-4a22-a47d-8c48425ef4a7","https://www.inaturalist.org/observations/36901875","Animalia","Mollusca","Gastropoda","Neogastropoda","Muricidae","Urosalpinx","Urosalpinx cinerea",NA,"SPECIES","Urosalpinx cinerea (Say, 1822)","Urosalpinx cinerea","","US","","California","PRESENT",NA,"28eb1a3f-1c15-4a95-931a-4af90ecb574d",37.51059,-122.113805,4704,NA,NA,NA,NA,NA,"2019-12-23T18:09:22Z",23,12,2019,2304415,2304415,"HUMAN_OBSERVATION","iNaturalist","Observations","36901875","","Parsa Fard",2019-12-24 02:32:36,"CC_BY_4_0","Parsa Fard","Parsa Fard",NA,NA,2025-06-07 00:17:32.884,"StillImage","COORDINATE_ROUNDED;CONTINENT_DERIVED_FROM_COORDINATES;TAXON_MATCH_TAXON_ID_IGNORED"
3031669144,"50c9509d-22c7-4a22-a47d-8c48425ef4a7","https://www.inaturalist.org/observations/66892999","Animalia","Mollusca","Gastropoda","Neogastropoda","Muricidae","Urosalpinx","Urosalpinx cinerea",NA,"SPECIES","Urosalpinx cinerea (Say, 1822)","Urosalpinx cinerea","","US","","California","PRESENT",NA,"28eb1a3f-1c15-4a95-931a-4af90ecb574d",37.568321,-122.254109,388,NA,NA,NA,NA,NA,"2020-12-20T18:27:19",20,12,2020,2304415,2304415,"HUMAN_OBSERVATION","iNaturalist","Observations","66892999","","Parsa Fard",2020-12-21 22:05:39,"CC_BY_4_0","Parsa Fard","Parsa Fard",NA,NA,2025-06-07 00:43:59.431,"StillImage","COORDINATE_ROUNDED;CONTINENT_DERIVED_FROM_COORDINATES;TAXON_MATCH_TAXON_ID_IGNORED"
3031669143,"50c9509d-22c7-4a22-a47d-8c48425ef4a7","https://www.inaturalist.org/observations/66892430","Animalia","Mollusca","Gastropoda","Neogastropoda","Muricidae","Urosalpinx","Urosalpinx cinerea",NA,"SPECIES","Urosalpinx cinerea (Say, 1822)","Urosalpinx cinerea","","US","","California","PRESENT",NA,"28eb1a3f-1c15-4a95-931a-4af90ecb574d",37.56436,-122.249973,120,NA,NA,NA,NA,NA,"2020-12-20T17:01:21",20,12,2020,2304415,2304415,"HUMAN_OBSERVATION","iNaturalist","Observations","66892430","","Parsa Fard",2020-12-21 21:53:03,"CC_BY_4_0","Parsa Fard","Parsa Fard",NA,NA,2025-06-06 23:57:28.954,"StillImage","COORDINATE_ROUNDED;CONTINENT_DERIVED_FROM_COORDINATES;TAXON_MATCH_TAXON_ID_IGNORED"
3031667495,"50c9509d-22c7-4a22-a47d-8c48425ef4a7","https://www.inaturalist.org/observations/30576061","Animalia","Mollusca","Gastropoda","Neogastropoda","Muricidae","Urosalpinx","Urosalpinx cinerea",NA,"SPECIES","Urosalpinx cinerea (Say, 1822)","Urosalpinx cinerea","","US","","California","PRESENT",NA,"28eb1a3f-1c15-4a95-931a-4af90ecb574d",37.732317,-122.20998,8042,NA,NA,NA,NA,NA,"2019-08-10T15:34:54",10,8,2019,2304415,2304415,"HUMAN_OBSERVATION","iNaturalist","Observations","30576061","","Parsa Fard",2019-08-10 23:31:18,"CC_BY_4_0","Parsa Fard","Parsa Fard",NA,NA,2025-06-07 01:14:30.322,"StillImage","COORDINATE_ROUNDED;CONTINENT_DERIVED_FROM_COORDINATES;TAXON_MATCH_TAXON_ID_IGNORED"
3031666537,"50c9509d-22c7-4a22-a47d-8c48425ef4a7","https://www.inaturalist.org/observations/33173632","Animalia","Mollusca","Gastropoda","Neogastropoda","Muricidae","Urosalpinx","Urosalpinx cinerea",NA,"SPECIES","Urosalpinx cinerea (Say, 1822)","Urosalpinx cinerea","","US","","California","PRESENT",NA,"28eb1a3f-1c15-4a95-931a-4af90ecb574d",37.564889,-122.294584,5763,NA,NA,NA,NA,NA,"2019-09-21T16:36:52",21,9,2019,2304415,2304415,"HUMAN_OBSERVATION","iNaturalist","Observations","33173632","","Parsa Fard",2019-09-22 03:18:55,"CC_BY_4_0","Parsa Fard","Parsa Fard",NA,NA,2025-06-07 02:34:52.277,"StillImage","COORDINATE_ROUNDED;CONTINENT_DERIVED_FROM_COORDINATES;TAXON_MATCH_TAXON_ID_IGNORED"
3031665473,"50c9509d-22c7-4a22-a47d-8c48425ef4a7","https://www.inaturalist.org/observations/28832096","Animalia","Mollusca","Gastropoda","Neogastropoda","Muricidae","Urosalpinx","Urosalpinx cinerea",NA,"SPECIES","Urosalpinx cinerea (Say, 1822)","Urosalpinx cinerea","","US","","California","PRESENT",NA,"28eb1a3f-1c15-4a95-931a-4af90ecb574d",37.570065,-122.261472,2196,NA,NA,NA,NA,NA,"2019-07-14T16:11:33",14,7,2019,2304415,2304415,"HUMAN_OBSERVATION","iNaturalist","Observations","28832096","","Parsa Fard",2019-07-14 23:20:08,"CC_BY_4_0","Parsa Fard","Parsa Fard",NA,NA,2025-06-07 00:45:32.096,"StillImage","COORDINATE_ROUNDED;CONTINENT_DERIVED_FROM_COORDINATES;TAXON_MATCH_TAXON_ID_IGNORED"
3031663696,"50c9509d-22c7-4a22-a47d-8c48425ef4a7","https://www.inaturalist.org/observations/48053710","Animalia","Mollusca","Gastropoda","Neogastropoda","Muricidae","Urosalpinx","Urosalpinx cinerea",NA,"SPECIES","Urosalpinx cinerea (Say, 1822)","Urosalpinx cinerea","","US","","California","PRESENT",NA,"28eb1a3f-1c15-4a95-931a-4af90ecb574d",37.572012,-122.260332,445,NA,NA,NA,NA,NA,"2020-05-31T15:04:01",31,5,2020,2304415,2304415,"HUMAN_OBSERVATION","iNaturalist","Observations","48053710","","Parsa Fard",2020-05-31 22:43:45,"CC_BY_4_0","Parsa Fard","Parsa Fard",NA,NA,2025-06-07 01:17:12.921,"StillImage","COORDINATE_ROUNDED;CONTINENT_DERIVED_FROM_COORDINATES;TAXON_MATCH_TAXON_ID_IGNORED"
3031653410,"50c9509d-22c7-4a22-a47d-8c48425ef4a7","https://www.inaturalist.org/observations/21533894","Animalia","Mollusca","Gastropoda","Neogastropoda","Muricidae","Urosalpinx","Urosalpinx cinerea",NA,"SPECIES","Urosalpinx cinerea (Say, 1822)","Urosalpinx cinerea","","US","","California","PRESENT",NA,"28eb1a3f-1c15-4a95-931a-4af90ecb574d",37.497552,-122.129315,1953,NA,NA,NA,NA,NA,"2019-03-23T16:07:44",23,3,2019,2304415,2304415,"HUMAN_OBSERVATION","iNaturalist","Observations","21533894","","Parsa Fard",2019-03-23 23:13:12,"CC_BY_4_0","Parsa Fard","Parsa Fard",NA,NA,2025-06-07 00:38:12.72,"StillImage","COORDINATE_ROUNDED;CONTINENT_DERIVED_FROM_COORDINATES;TAXON_MATCH_TAXON_ID_IGNORED"
3031646299,"50c9509d-22c7-4a22-a47d-8c48425ef4a7","https://www.inaturalist.org/observations/67771009","Animalia","Mollusca","Gastropoda","Neogastropoda","Muricidae","Urosalpinx","Urosalpinx cinerea",NA,"SPECIES","Urosalpinx cinerea (Say, 1822)","Urosalpinx cinerea","","US","","Rhode Island","PRESENT",NA,"28eb1a3f-1c15-4a95-931a-4af90ecb574d",41.607833,-71.361313,5,NA,NA,NA,NA,NA,"2021-01-08T08:45:53",8,1,2021,2304415,2304415,"HUMAN_OBSERVATION","iNaturalist","Observations","67771009","","Parsa Fard",2021-01-09 01:06:12,"CC_BY_NC_4_0","Cole Tiemann","Cole Tiemann",NA,NA,2025-06-07 01:20:10.802,"StillImage","COORDINATE_ROUNDED;CONTINENT_DERIVED_FROM_COORDINATES;TAXON_MATCH_TAXON_ID_IGNORED"
3031645617,"50c9509d-22c7-4a22-a47d-8c48425ef4a7","https://www.inaturalist.org/observations/37954302","Animalia","Mollusca","Gastropoda","Neogastropoda","Muricidae","Urosalpinx","Urosalpinx cinerea",NA,"SPECIES","Urosalpinx cinerea (Say, 1822)","Urosalpinx cinerea","","US","","California","PRESENT",NA,"28eb1a3f-1c15-4a95-931a-4af90ecb574d",37.573567,-122.261574,473,NA,NA,NA,NA,NA,"2020-01-25T10:25:45Z",25,1,2020,2304415,2304415,"HUMAN_OBSERVATION","iNaturalist","Observations","37954302","","Parsa Fard",2020-01-25 18:35:50,"CC_BY_4_0","Parsa Fard","Parsa Fard",NA,NA,2025-06-07 02:35:30.563,"StillImage","COORDINATE_ROUNDED;CONTINENT_DERIVED_FROM_COORDINATES;TAXON_MATCH_TAXON_ID_IGNORED"
3031639519,"50c9509d-22c7-4a22-a47d-8c48425ef4a7","https://www.inaturalist.org/observations/30575891","Animalia","Mollusca","Gastropoda","Neogastropoda","Muricidae","Urosalpinx","Urosalpinx cinerea",NA,"SPECIES","Urosalpinx cinerea (Say, 1822)","Urosalpinx cinerea","","US","","California","PRESENT",NA,"28eb1a3f-1c15-4a95-931a-4af90ecb574d",37.732743,-122.211855,4604,NA,NA,NA,NA,NA,"2019-08-10T15:34:24",10,8,2019,2304415,2304415,"HUMAN_OBSERVATION","iNaturalist","Observations","30575891","","Parsa Fard",2019-08-10 23:28:20,"CC_BY_4_0","Parsa Fard","Parsa Fard",NA,NA,2025-06-07 02:33:16.265,"StillImage","COORDINATE_ROUNDED;CONTINENT_DERIVED_FROM_COORDINATES;TAXON_MATCH_TAXON_ID_IGNORED"
3031636515,"50c9509d-22c7-4a22-a47d-8c48425ef4a7","https://www.inaturalist.org/observations/32019486","Animalia","Mollusca","Gastropoda","Neogastropoda","Muricidae","Urosalpinx","Urosalpinx cinerea",NA,"SPECIES","Urosalpinx cinerea (Say, 1822)","Urosalpinx cinerea","","US","","California","PRESENT",NA,"28eb1a3f-1c15-4a95-931a-4af90ecb574d",37.507615,-122.111479,2735,NA,NA,NA,NA,NA,"2019-09-02T15:59:30",2,9,2019,2304415,2304415,"HUMAN_OBSERVATION","iNaturalist","Observations","32019486","","Parsa Fard",2019-09-02 23:01:29,"CC_BY_4_0","Parsa Fard","Parsa Fard",NA,NA,2025-06-07 01:17:24.529,"StillImage","COORDINATE_ROUNDED;CONTINENT_DERIVED_FROM_COORDINATES;TAXON_MATCH_TAXON_ID_IGNORED"
3031632547,"50c9509d-22c7-4a22-a47d-8c48425ef4a7","https://www.inaturalist.org/observations/33173744","Animalia","Mollusca","Gastropoda","Neogastropoda","Muricidae","Urosalpinx","Urosalpinx cinerea",NA,"SPECIES","Urosalpinx cinerea (Say, 1822)","Urosalpinx cinerea","","US","","California","PRESENT",NA,"28eb1a3f-1c15-4a95-931a-4af90ecb574d",37.570251,-122.290659,3507,NA,NA,NA,NA,NA,"2019-09-21T16:37:14",21,9,2019,2304415,2304415,"HUMAN_OBSERVATION","iNaturalist","Observations","33173744","","Parsa Fard",2019-09-22 03:21:41,"CC_BY_4_0","Parsa Fard","Parsa Fard",NA,NA,2025-06-07 00:09:15.904,"StillImage","COORDINATE_ROUNDED;CONTINENT_DERIVED_FROM_COORDINATES;TAXON_MATCH_TAXON_ID_IGNORED"
3031632514,"50c9509d-22c7-4a22-a47d-8c48425ef4a7","https://www.inaturalist.org/observations/30129665","Animalia","Mollusca","Gastropoda","Neogastropoda","Muricidae","Urosalpinx","Urosalpinx cinerea",NA,"SPECIES","Urosalpinx cinerea (Say, 1822)","Urosalpinx cinerea","","US","","California","PRESENT",NA,"28eb1a3f-1c15-4a95-931a-4af90ecb574d",37.55872,-122.266683,8572,NA,NA,NA,NA,NA,"2019-08-03T12:35:52",3,8,2019,2304415,2304415,"HUMAN_OBSERVATION","iNaturalist","Observations","30129665","","Parsa Fard",2019-08-03 21:03:27,"CC_BY_4_0","Parsa Fard","Parsa Fard",NA,NA,2025-06-07 01:10:22.863,"StillImage","COORDINATE_ROUNDED;CONTINENT_DERIVED_FROM_COORDINATES;TAXON_MATCH_TAXON_ID_IGNORED"
3031616545,"50c9509d-22c7-4a22-a47d-8c48425ef4a7","https://www.inaturalist.org/observations/33173868","Animalia","Mollusca","Gastropoda","Neogastropoda","Muricidae","Urosalpinx","Urosalpinx cinerea",NA,"SPECIES","Urosalpinx cinerea (Say, 1822)","Urosalpinx cinerea","","US","","California","PRESENT",NA,"28eb1a3f-1c15-4a95-931a-4af90ecb574d",37.567886,-122.297719,4332,NA,NA,NA,NA,NA,"2019-09-21T16:38:04",21,9,2019,2304415,2304415,"HUMAN_OBSERVATION","iNaturalist","Observations","33173868","","Parsa Fard",2019-09-22 03:25:28,"CC_BY_4_0","Parsa Fard","Parsa Fard",NA,NA,2025-06-07 00:31:21.865,"StillImage","COORDINATE_ROUNDED;CONTINENT_DERIVED_FROM_COORDINATES;TAXON_MATCH_TAXON_ID_IGNORED"
3031613575,"50c9509d-22c7-4a22-a47d-8c48425ef4a7","https://www.inaturalist.org/observations/37954373","Animalia","Mollusca","Gastropoda","Neogastropoda","Muricidae","Urosalpinx","Urosalpinx cinerea",NA,"SPECIES","Urosalpinx cinerea (Say, 1822)","Urosalpinx cinerea","","US","","California","PRESENT",NA,"28eb1a3f-1c15-4a95-931a-4af90ecb574d",37.572789,-122.260232,1611,NA,NA,NA,NA,NA,"2020-01-25T10:26:20Z",25,1,2020,2304415,2304415,"HUMAN_OBSERVATION","iNaturalist","Observations","37954373","","Parsa Fard",2020-01-25 18:37:59,"CC_BY_4_0","Parsa Fard","Parsa Fard",NA,NA,2025-06-07 00:38:23.256,"StillImage","COORDINATE_ROUNDED;CONTINENT_DERIVED_FROM_COORDINATES;TAXON_MATCH_TAXON_ID_IGNORED"
3031610024,"50c9509d-22c7-4a22-a47d-8c48425ef4a7","https://www.inaturalist.org/observations/62583643","Animalia","Mollusca","Gastropoda","Neogastropoda","Muricidae","Urosalpinx","Urosalpinx cinerea",NA,"SPECIES","Urosalpinx cinerea (Say, 1822)","Urosalpinx cinerea","","US","","California","PRESENT",NA,"28eb1a3f-1c15-4a95-931a-4af90ecb574d",37.499823,-122.128903,677,NA,NA,NA,NA,NA,"2020-10-13T14:46:21",13,10,2020,2304415,2304415,"HUMAN_OBSERVATION","iNaturalist","Observations","62583643","","Parsa Fard",2020-10-14 20:25:47,"CC_BY_4_0","Parsa Fard","Parsa Fard",NA,NA,2025-06-07 00:53:13.029,"StillImage","COORDINATE_ROUNDED;CONTINENT_DERIVED_FROM_COORDINATES;TAXON_MATCH_TAXON_ID_IGNORED"
3031609581,"50c9509d-22c7-4a22-a47d-8c48425ef4a7","https://www.inaturalist.org/observations/36901767","Animalia","Mollusca","Gastropoda","Neogastropoda","Muricidae","Urosalpinx","Urosalpinx cinerea",NA,"SPECIES","Urosalpinx cinerea (Say, 1822)","Urosalpinx cinerea","","US","","California","PRESENT",NA,"28eb1a3f-1c15-4a95-931a-4af90ecb574d",37.51066,-122.110955,4883,NA,NA,NA,NA,NA,"2019-12-23T17:43:25Z",23,12,2019,2304415,2304415,"HUMAN_OBSERVATION","iNaturalist","Observations","36901767","","Parsa Fard",2019-12-24 02:28:11,"CC_BY_4_0","Parsa Fard","Parsa Fard",NA,NA,2025-06-07 02:35:42.32,"StillImage","COORDINATE_ROUNDED;CONTINENT_DERIVED_FROM_COORDINATES;TAXON_MATCH_TAXON_ID_IGNORED"
3031607055,"50c9509d-22c7-4a22-a47d-8c48425ef4a7","https://www.inaturalist.org/observations/62583711","Animalia","Mollusca","Gastropoda","Neogastropoda","Muricidae","Urosalpinx","Urosalpinx cinerea",NA,"SPECIES","Urosalpinx cinerea (Say, 1822)","Urosalpinx cinerea","","US","","California","PRESENT",NA,"28eb1a3f-1c15-4a95-931a-4af90ecb574d",37.499598,-122.128884,303,NA,NA,NA,NA,NA,"2020-10-13T14:47:20",13,10,2020,2304415,2304415,"HUMAN_OBSERVATION","iNaturalist","Observations","62583711","","Parsa Fard",2020-10-14 20:26:38,"CC_BY_4_0","Parsa Fard","Parsa Fard",NA,NA,2025-06-07 00:32:59.345,"StillImage","COORDINATE_ROUNDED;CONTINENT_DERIVED_FROM_COORDINATES;TAXON_MATCH_TAXON_ID_IGNORED"
3031604600,"50c9509d-22c7-4a22-a47d-8c48425ef4a7","https://www.inaturalist.org/observations/37954259","Animalia","Mollusca","Gastropoda","Neogastropoda","Muricidae","Urosalpinx","Urosalpinx cinerea",NA,"SPECIES","Urosalpinx cinerea (Say, 1822)","Urosalpinx cinerea","","US","","California","PRESENT",NA,"28eb1a3f-1c15-4a95-931a-4af90ecb574d",37.5729,-122.26182,1414,NA,NA,NA,NA,NA,"2020-01-25T10:25:41Z",25,1,2020,2304415,2304415,"HUMAN_OBSERVATION","iNaturalist","Observations","37954259","","Parsa Fard",2020-01-25 18:35:00,"CC_BY_4_0","Parsa Fard","Parsa Fard",NA,NA,2025-06-07 00:28:29.089,"StillImage","COORDINATE_ROUNDED;CONTINENT_DERIVED_FROM_COORDINATES;TAXON_MATCH_TAXON_ID_IGNORED"
3031604585,"50c9509d-22c7-4a22-a47d-8c48425ef4a7","https://www.inaturalist.org/observations/36901771","Animalia","Mollusca","Gastropoda","Neogastropoda","Muricidae","Urosalpinx","Urosalpinx cinerea",NA,"SPECIES","Urosalpinx cinerea (Say, 1822)","Urosalpinx cinerea","","US","","California","PRESENT",NA,"28eb1a3f-1c15-4a95-931a-4af90ecb574d",37.510739,-122.110841,6381,NA,NA,NA,NA,NA,"2019-12-23T17:43:27Z",23,12,2019,2304415,2304415,"HUMAN_OBSERVATION","iNaturalist","Observations","36901771","","Parsa Fard",2019-12-24 02:28:27,"CC_BY_4_0","Parsa Fard","Parsa Fard",NA,NA,2025-06-07 00:11:20.684,"StillImage","COORDINATE_ROUNDED;CONTINENT_DERIVED_FROM_COORDINATES;TAXON_MATCH_TAXON_ID_IGNORED"
3031603533,"50c9509d-22c7-4a22-a47d-8c48425ef4a7","https://www.inaturalist.org/observations/33173855","Animalia","Mollusca","Gastropoda","Neogastropoda","Muricidae","Urosalpinx","Urosalpinx cinerea",NA,"SPECIES","Urosalpinx cinerea (Say, 1822)","Urosalpinx cinerea","","US","","California","PRESENT",NA,"28eb1a3f-1c15-4a95-931a-4af90ecb574d",37.569352,-122.301228,5260,NA,NA,NA,NA,NA,"2019-09-21T16:38:03",21,9,2019,2304415,2304415,"HUMAN_OBSERVATION","iNaturalist","Observations","33173855","","Parsa Fard",2019-09-22 03:25:01,"CC_BY_4_0","Parsa Fard","Parsa Fard",NA,NA,2025-06-07 02:34:16.971,"StillImage","COORDINATE_ROUNDED;CONTINENT_DERIVED_FROM_COORDINATES;TAXON_MATCH_TAXON_ID_IGNORED"
3031601726,"50c9509d-22c7-4a22-a47d-8c48425ef4a7","https://www.inaturalist.org/observations/48089076","Animalia","Mollusca","Gastropoda","Neogastropoda","Muricidae","Urosalpinx","Urosalpinx cinerea",NA,"SPECIES","Urosalpinx cinerea (Say, 1822)","Urosalpinx cinerea","","US","","California","PRESENT",NA,"28eb1a3f-1c15-4a95-931a-4af90ecb574d",37.571759,-122.258384,2037,NA,NA,NA,NA,NA,"2020-05-31T20:02:52",31,5,2020,2304415,2304415,"HUMAN_OBSERVATION","iNaturalist","Observations","48089076","","Parsa Fard",2020-06-01 05:17:43,"CC_BY_4_0","Parsa Fard","Parsa Fard",NA,NA,2025-06-07 00:50:14.792,"StillImage","COORDINATE_ROUNDED;CONTINENT_DERIVED_FROM_COORDINATES;TAXON_MATCH_TAXON_ID_IGNORED"
3031596588,"50c9509d-22c7-4a22-a47d-8c48425ef4a7","https://www.inaturalist.org/observations/37954355","Animalia","Mollusca","Gastropoda","Neogastropoda","Muricidae","Urosalpinx","Urosalpinx cinerea",NA,"SPECIES","Urosalpinx cinerea (Say, 1822)","Urosalpinx cinerea","","US","","California","PRESENT",NA,"28eb1a3f-1c15-4a95-931a-4af90ecb574d",37.572218,-122.26152,1686,NA,NA,NA,NA,NA,"2020-01-25T10:26:06Z",25,1,2020,2304415,2304415,"HUMAN_OBSERVATION","iNaturalist","Observations","37954355","","Parsa Fard",2020-01-25 18:37:17,"CC_BY_4_0","Parsa Fard","Parsa Fard",NA,NA,2025-06-07 00:27:49.439,"StillImage","COORDINATE_ROUNDED;CONTINENT_DERIVED_FROM_COORDINATES;TAXON_MATCH_TAXON_ID_IGNORED"
3031592396,"50c9509d-22c7-4a22-a47d-8c48425ef4a7","https://www.inaturalist.org/observations/19608029","Animalia","Mollusca","Gastropoda","Neogastropoda","Muricidae","Urosalpinx","Urosalpinx cinerea",NA,"SPECIES","Urosalpinx cinerea (Say, 1822)","Urosalpinx cinerea","","US","","California","PRESENT",NA,"28eb1a3f-1c15-4a95-931a-4af90ecb574d",37.570356,-122.256944,71,NA,NA,NA,NA,NA,"2019-01-12T21:39:59",12,1,2019,2304415,2304415,"HUMAN_OBSERVATION","iNaturalist","Observations","19608029","","Parsa Fard",2019-01-13 05:41:50,"CC_BY_4_0","Parsa Fard","Parsa Fard",NA,NA,2025-06-07 00:39:23.716,"StillImage","COORDINATE_ROUNDED;CONTINENT_DERIVED_FROM_COORDINATES;TAXON_MATCH_TAXON_ID_IGNORED"
3031585538,"50c9509d-22c7-4a22-a47d-8c48425ef4a7","https://www.inaturalist.org/observations/33173649","Animalia","Mollusca","Gastropoda","Neogastropoda","Muricidae","Urosalpinx","Urosalpinx cinerea",NA,"SPECIES","Urosalpinx cinerea (Say, 1822)","Urosalpinx cinerea","","US","","California","PRESENT",NA,"28eb1a3f-1c15-4a95-931a-4af90ecb574d",37.570951,-122.296303,5338,NA,NA,NA,NA,NA,"2019-09-21T16:36:57",21,9,2019,2304415,2304415,"HUMAN_OBSERVATION","iNaturalist","Observations","33173649","","Parsa Fard",2019-09-22 03:19:49,"CC_BY_4_0","Parsa Fard","Parsa Fard",NA,NA,2025-06-07 00:19:03.78,"StillImage","COORDINATE_ROUNDED;CONTINENT_DERIVED_FROM_COORDINATES;TAXON_MATCH_TAXON_ID_IGNORED"
3031584615,"50c9509d-22c7-4a22-a47d-8c48425ef4a7","https://www.inaturalist.org/observations/37954368","Animalia","Mollusca","Gastropoda","Neogastropoda","Muricidae","Urosalpinx","Urosalpinx cinerea",NA,"SPECIES","Urosalpinx cinerea (Say, 1822)","Urosalpinx cinerea","","US","","California","PRESENT",NA,"28eb1a3f-1c15-4a95-931a-4af90ecb574d",37.573831,-122.262688,2341,NA,NA,NA,NA,NA,"2020-01-25T10:26:10Z",25,1,2020,2304415,2304415,"HUMAN_OBSERVATION","iNaturalist","Observations","37954368","","Parsa Fard",2020-01-25 18:37:43,"CC_BY_4_0","Parsa Fard","Parsa Fard",NA,NA,2025-06-07 00:33:38.641,"StillImage","COORDINATE_ROUNDED;CONTINENT_DERIVED_FROM_COORDINATES;TAXON_MATCH_TAXON_ID_IGNORED"
3031580006,"50c9509d-22c7-4a22-a47d-8c48425ef4a7","https://www.inaturalist.org/observations/63034941","Animalia","Mollusca","Gastropoda","Neogastropoda","Muricidae","Urosalpinx","Urosalpinx cinerea",NA,"SPECIES","Urosalpinx cinerea (Say, 1822)","Urosalpinx cinerea","","US","","California","PRESENT",NA,"28eb1a3f-1c15-4a95-931a-4af90ecb574d",37.50199,-122.212755,211,NA,NA,NA,NA,NA,"2020-10-18T22:35:30",18,10,2020,2304415,2304415,"HUMAN_OBSERVATION","iNaturalist","Observations","63034941","","Parsa Fard",2020-10-19 19:33:38,"CC_BY_4_0","Parsa Fard","Parsa Fard",NA,NA,2025-06-06 23:57:56.911,"StillImage","COORDINATE_ROUNDED;CONTINENT_DERIVED_FROM_COORDINATES;TAXON_MATCH_TAXON_ID_IGNORED"
3031579559,"50c9509d-22c7-4a22-a47d-8c48425ef4a7","https://www.inaturalist.org/observations/36901760","Animalia","Mollusca","Gastropoda","Neogastropoda","Muricidae","Urosalpinx","Urosalpinx cinerea",NA,"SPECIES","Urosalpinx cinerea (Say, 1822)","Urosalpinx cinerea","","US","","California","PRESENT",NA,"28eb1a3f-1c15-4a95-931a-4af90ecb574d",37.511626,-122.111213,4924,NA,NA,NA,NA,NA,"2019-12-23T17:43:23Z",23,12,2019,2304415,2304415,"HUMAN_OBSERVATION","iNaturalist","Observations","36901760","","Parsa Fard",2019-12-24 02:27:53,"CC_BY_4_0","Parsa Fard","Parsa Fard",NA,NA,2025-06-07 00:05:42.327,"StillImage","COORDINATE_ROUNDED;CONTINENT_DERIVED_FROM_COORDINATES;TAXON_MATCH_TAXON_ID_IGNORED"
3031579055,"50c9509d-22c7-4a22-a47d-8c48425ef4a7","https://www.inaturalist.org/observations/62583669","Animalia","Mollusca","Gastropoda","Neogastropoda","Muricidae","Urosalpinx","Urosalpinx cinerea",NA,"SPECIES","Urosalpinx cinerea (Say, 1822)","Urosalpinx cinerea","","US","","California","PRESENT",NA,"28eb1a3f-1c15-4a95-931a-4af90ecb574d",37.499865,-122.129216,630,NA,NA,NA,NA,NA,"2020-10-13T14:46:37",13,10,2020,2304415,2304415,"HUMAN_OBSERVATION","iNaturalist","Observations","62583669","","Parsa Fard",2020-10-14 20:26:12,"CC_BY_4_0","Parsa Fard","Parsa Fard",NA,NA,2025-06-07 01:12:29.994,"StillImage","COORDINATE_ROUNDED;CONTINENT_DERIVED_FROM_COORDINATES;TAXON_MATCH_TAXON_ID_IGNORED"
3014100837,"50c9509d-22c7-4a22-a47d-8c48425ef4a7","https://www.inaturalist.org/observations/67137837","Animalia","Mollusca","Gastropoda","Neogastropoda","Muricidae","Urosalpinx","Urosalpinx cinerea",NA,"SPECIES","Urosalpinx cinerea (Say, 1822)","Urosalpinx cinerea","","US","","Connecticut","PRESENT",NA,"28eb1a3f-1c15-4a95-931a-4af90ecb574d",41.268093,-72.927203,10,NA,NA,NA,NA,NA,"2020-12-23T14:15",23,12,2020,2304415,2304415,"HUMAN_OBSERVATION","iNaturalist","Observations","67137837","","Kristof Zyskowski",2020-12-27 14:50:52,"CC_BY_4_0","Kristof Zyskowski","Kristof Zyskowski",NA,NA,2025-06-07 01:52:29.911,"StillImage","COORDINATE_ROUNDED;CONTINENT_DERIVED_FROM_COORDINATES;TAXON_MATCH_TAXON_ID_IGNORED"
3008401451,"50c9509d-22c7-4a22-a47d-8c48425ef4a7","https://www.inaturalist.org/observations/56140468","Animalia","Mollusca","Gastropoda","Neogastropoda","Muricidae","Urosalpinx","Urosalpinx cinerea",NA,"SPECIES","Urosalpinx cinerea (Say, 1822)","Urosalpinx cinerea","","US","","Georgia","PRESENT",NA,"28eb1a3f-1c15-4a95-931a-4af90ecb574d",31.175657,-81.349059,4,NA,NA,NA,NA,NA,"2020-08-11T10:10",11,8,2020,2304415,2304415,"HUMAN_OBSERVATION","iNaturalist","Observations","56140468","","Catherine",2020-08-11 16:51:36,"CC_BY_NC_4_0","Catherine","Catherine",NA,NA,2025-06-07 01:29:40.085,"StillImage","COORDINATE_ROUNDED;CONTINENT_DERIVED_FROM_COORDINATES;TAXON_MATCH_TAXON_ID_IGNORED"
3005176366,"50c9509d-22c7-4a22-a47d-8c48425ef4a7","https://www.inaturalist.org/observations/32159876","Animalia","Mollusca","Gastropoda","Neogastropoda","Muricidae","Urosalpinx","Urosalpinx cinerea",NA,"SPECIES","Urosalpinx cinerea (Say, 1822)","Urosalpinx cinerea","","US","","Connecticut","PRESENT",NA,"28eb1a3f-1c15-4a95-931a-4af90ecb574d",41.319334,-72.075086,5,NA,NA,NA,NA,NA,"2019-09-05T10:18:01",5,9,2019,2304415,2304415,"HUMAN_OBSERVATION","iNaturalist","Observations","32159876","","Tom French",2019-12-26 21:01:33,"CC_BY_NC_4_0","ammurray2022","ammurray2022",NA,NA,2025-06-07 01:23:24.491,"StillImage","COORDINATE_ROUNDED;CONTINENT_DERIVED_FROM_COORDINATES;TAXON_MATCH_TAXON_ID_IGNORED"
3005093355,"50c9509d-22c7-4a22-a47d-8c48425ef4a7","https://www.inaturalist.org/observations/32159969","Animalia","Mollusca","Gastropoda","Neogastropoda","Muricidae","Urosalpinx","Urosalpinx cinerea",NA,"SPECIES","Urosalpinx cinerea (Say, 1822)","Urosalpinx cinerea","","US","","Connecticut","PRESENT",NA,"28eb1a3f-1c15-4a95-931a-4af90ecb574d",41.319245,-72.074983,5,NA,NA,NA,NA,NA,"2019-09-05T10:19:20",5,9,2019,2304415,2304415,"HUMAN_OBSERVATION","iNaturalist","Observations","32159969","","Tom French",2019-12-26 03:29:43,"CC_BY_NC_4_0","afdpink","afdpink",NA,NA,2025-06-07 01:15:25.712,"StillImage","COORDINATE_ROUNDED;CONTINENT_DERIVED_FROM_COORDINATES;TAXON_MATCH_TAXON_ID_IGNORED"
2992843042,"50c9509d-22c7-4a22-a47d-8c48425ef4a7","https://www.inaturalist.org/observations/66023008","Animalia","Mollusca","Gastropoda","Neogastropoda","Muricidae","Urosalpinx","Urosalpinx cinerea",NA,"SPECIES","Urosalpinx cinerea (Say, 1822)","Urosalpinx cinerea","","US","","Connecticut","PRESENT",NA,"28eb1a3f-1c15-4a95-931a-4af90ecb574d",41.253246,-72.549795,773,NA,NA,NA,NA,NA,"2020-12-02T13:10",2,12,2020,2304415,2304415,"HUMAN_OBSERVATION","iNaturalist","Observations","66023008","","yasingi",2020-12-02 23:36:51,"CC_BY_NC_4_0","yasingi","yasingi",NA,NA,2025-06-07 00:37:01.829,"StillImage","COORDINATE_ROUNDED;CONTINENT_DERIVED_FROM_COORDINATES;TAXON_MATCH_TAXON_ID_IGNORED"
2988704692,"50c9509d-22c7-4a22-a47d-8c48425ef4a7","https://www.inaturalist.org/observations/65379532","Animalia","Mollusca","Gastropoda","Neogastropoda","Muricidae","Urosalpinx","Urosalpinx cinerea",NA,"SPECIES","Urosalpinx cinerea (Say, 1822)","Urosalpinx cinerea","","US","","California","PRESENT",NA,"28eb1a3f-1c15-4a95-931a-4af90ecb574d",38.128678,-122.887178,6,NA,NA,NA,NA,NA,"2020-11-21T13:50:38",21,11,2020,2304415,2304415,"HUMAN_OBSERVATION","iNaturalist","Observations","65379532","","Cat Chang",2020-11-22 03:06:01,"CC_BY_NC_4_0","Cat Chang","Cat Chang",NA,NA,2025-06-07 00:10:53.834,"StillImage","COORDINATE_ROUNDED;CONTINENT_DERIVED_FROM_COORDINATES;TAXON_MATCH_TAXON_ID_IGNORED"
2988535620,"50c9509d-22c7-4a22-a47d-8c48425ef4a7","https://www.inaturalist.org/observations/65356943","Animalia","Mollusca","Gastropoda","Neogastropoda","Muricidae","Urosalpinx","Urosalpinx cinerea",NA,"SPECIES","Urosalpinx cinerea (Say, 1822)","Urosalpinx cinerea","","US","","New York","PRESENT",NA,"28eb1a3f-1c15-4a95-931a-4af90ecb574d",40.804972,-73.848849,132,NA,NA,NA,NA,NA,"2020-11-21T13:31:27",21,11,2020,2304415,2304415,"HUMAN_OBSERVATION","iNaturalist","Observations","65356943","","Susan J. Hewitt",2020-11-21 21:23:07,"CC_BY_NC_4_0","Susan J. Hewitt","Susan J. Hewitt",NA,NA,2025-06-06 23:57:21.569,"StillImage","COORDINATE_ROUNDED;CONTINENT_DERIVED_FROM_COORDINATES;TAXON_MATCH_TAXON_ID_IGNORED"
2988528661,"50c9509d-22c7-4a22-a47d-8c48425ef4a7","https://www.inaturalist.org/observations/65356735","Animalia","Mollusca","Gastropoda","Neogastropoda","Muricidae","Urosalpinx","Urosalpinx cinerea",NA,"SPECIES","Urosalpinx cinerea (Say, 1822)","Urosalpinx cinerea","","US","","New York","PRESENT",NA,"28eb1a3f-1c15-4a95-931a-4af90ecb574d",40.805031,-73.848853,164,NA,NA,NA,NA,NA,"2020-11-21T13:27",21,11,2020,2304415,2304415,"HUMAN_OBSERVATION","iNaturalist","Observations","65356735","","Susan J. Hewitt",2020-11-21 21:19:38,"CC_BY_NC_4_0","Susan J. Hewitt","Susan J. Hewitt",NA,NA,2025-06-06 23:57:04.776,"StillImage","COORDINATE_ROUNDED;CONTINENT_DERIVED_FROM_COORDINATES;TAXON_MATCH_TAXON_ID_IGNORED"
2988430679,"50c9509d-22c7-4a22-a47d-8c48425ef4a7","https://www.inaturalist.org/observations/65379573","Animalia","Mollusca","Gastropoda","Neogastropoda","Muricidae","Urosalpinx","Urosalpinx cinerea",NA,"SPECIES","Urosalpinx cinerea (Say, 1822)","Urosalpinx cinerea","","US","","California","PRESENT",NA,"28eb1a3f-1c15-4a95-931a-4af90ecb574d",38.12865,-122.887213,6,NA,NA,NA,NA,NA,"2020-11-21T13:51:45",21,11,2020,2304415,2304415,"HUMAN_OBSERVATION","iNaturalist","Observations","65379573","","Cat Chang",2020-11-22 03:07:00,"CC_BY_NC_4_0","Cat Chang","Cat Chang",NA,NA,2025-06-07 00:41:16.145,"StillImage","COORDINATE_ROUNDED;CONTINENT_DERIVED_FROM_COORDINATES;TAXON_MATCH_TAXON_ID_IGNORED"
2988350820,"50c9509d-22c7-4a22-a47d-8c48425ef4a7","https://www.inaturalist.org/observations/64474787","Animalia","Mollusca","Gastropoda","Neogastropoda","Muricidae","Urosalpinx","Urosalpinx cinerea",NA,"SPECIES","Urosalpinx cinerea (Say, 1822)","Urosalpinx cinerea","","CA","","Nova Scotia","PRESENT",NA,"28eb1a3f-1c15-4a95-931a-4af90ecb574d",45.311495,-63.808652,20,NA,NA,NA,NA,NA,"2020-11-07T13:00",7,11,2020,2304415,2304415,"HUMAN_OBSERVATION","iNaturalist","Observations","64474787","","mkkennedy",2020-11-08 22:35:03,"CC_BY_NC_4_0","mkkennedy","mkkennedy",NA,NA,2025-06-07 00:24:59.774,"StillImage","CONTINENT_DERIVED_FROM_COORDINATES;TAXON_MATCH_TAXON_ID_IGNORED"
2988327398,"50c9509d-22c7-4a22-a47d-8c48425ef4a7","https://www.inaturalist.org/observations/34040570","Animalia","Mollusca","Gastropoda","Neogastropoda","Muricidae","Urosalpinx","Urosalpinx cinerea",NA,"SPECIES","Urosalpinx cinerea (Say, 1822)","Urosalpinx cinerea","","US","","New York","PRESENT",NA,"28eb1a3f-1c15-4a95-931a-4af90ecb574d",40.843127,-72.500137,66,NA,NA,NA,NA,NA,"2019-09-28T07:42",28,9,2019,2304415,2304415,"HUMAN_OBSERVATION","iNaturalist","Observations","34040570","","Parsa Fard",2020-11-11 04:12:03,"CC_BY_NC_4_0","Neil DeMaster","Neil DeMaster",NA,NA,2025-06-07 00:06:58.489,"StillImage","COORDINATE_ROUNDED;CONTINENT_DERIVED_FROM_COORDINATES;TAXON_MATCH_TAXON_ID_IGNORED"
2984483469,"50c9509d-22c7-4a22-a47d-8c48425ef4a7","https://www.inaturalist.org/observations/60887416","Animalia","Mollusca","Gastropoda","Neogastropoda","Muricidae","Urosalpinx","Urosalpinx cinerea",NA,"SPECIES","Urosalpinx cinerea (Say, 1822)","Urosalpinx cinerea","","US","","New York","PRESENT",NA,"28eb1a3f-1c15-4a95-931a-4af90ecb574d",40.890097,-73.64035,24,NA,NA,NA,NA,NA,"2020-09-26T16:52:13",26,9,2020,2304415,2304415,"HUMAN_OBSERVATION","iNaturalist","Observations","60887416","","shady af comebacks",2020-09-26 22:08:53,"CC0_1_0","shady af comebacks","shady af comebacks",NA,NA,2025-06-07 01:26:44.851,"StillImage","COORDINATE_ROUNDED;CONTINENT_DERIVED_FROM_COORDINATES;TAXON_MATCH_TAXON_ID_IGNORED"
2984432320,"50c9509d-22c7-4a22-a47d-8c48425ef4a7","https://www.inaturalist.org/observations/28463958","Animalia","Mollusca","Gastropoda","Neogastropoda","Muricidae","Urosalpinx","Urosalpinx cinerea",NA,"SPECIES","Urosalpinx cinerea (Say, 1822)","Urosalpinx cinerea","","US","","New York","PRESENT",NA,"28eb1a3f-1c15-4a95-931a-4af90ecb574d",40.928123,-73.429875,NA,NA,NA,NA,NA,NA,"2019-07-08T10:22",8,7,2019,2304415,2304415,"HUMAN_OBSERVATION","iNaturalist","Observations","28463958","","Sequoia Janirella Wrens",2019-07-08 22:39:15,"CC0_1_0","Sequoia Janirella Wrens","Sequoia Janirella Wrens",NA,NA,2025-06-07 02:32:23.252,"StillImage","COORDINATE_ROUNDED;CONTINENT_DERIVED_FROM_COORDINATES;TAXON_MATCH_TAXON_ID_IGNORED"
2981056304,"50c9509d-22c7-4a22-a47d-8c48425ef4a7","https://www.inaturalist.org/observations/64328328","Animalia","Mollusca","Gastropoda","Neogastropoda","Muricidae","Urosalpinx","Urosalpinx cinerea",NA,"SPECIES","Urosalpinx cinerea (Say, 1822)","Urosalpinx cinerea","","US","","New York","PRESENT",NA,"28eb1a3f-1c15-4a95-931a-4af90ecb574d",40.804994,-73.848826,11,NA,NA,NA,NA,NA,"2020-11-06T12:15:01",6,11,2020,2304415,2304415,"HUMAN_OBSERVATION","iNaturalist","Observations","64328328","","Susan J. Hewitt",2020-11-07 00:26:24,"CC_BY_NC_4_0","Susan J. Hewitt","Susan J. Hewitt",NA,NA,2025-06-06 23:56:14.046,"StillImage","CONTINENT_DERIVED_FROM_COORDINATES;TAXON_MATCH_TAXON_ID_IGNORED"
2981030298,"50c9509d-22c7-4a22-a47d-8c48425ef4a7","https://www.inaturalist.org/observations/64330672","Animalia","Mollusca","Gastropoda","Neogastropoda","Muricidae","Urosalpinx","Urosalpinx cinerea",NA,"SPECIES","Urosalpinx cinerea (Say, 1822)","Urosalpinx cinerea","","US","","New York","PRESENT",NA,"28eb1a3f-1c15-4a95-931a-4af90ecb574d",40.80529,-73.848743,30,NA,NA,NA,NA,NA,"2020-11-06T14:21:32",6,11,2020,2304415,2304415,"HUMAN_OBSERVATION","iNaturalist","Observations","64330672","","Susan J. Hewitt",2020-11-07 01:11:25,"CC_BY_NC_4_0","Susan J. Hewitt","Susan J. Hewitt",NA,NA,2025-06-07 01:42:40.934,"StillImage","COORDINATE_ROUNDED;CONTINENT_DERIVED_FROM_COORDINATES;TAXON_MATCH_TAXON_ID_IGNORED"
2963822330,"50c9509d-22c7-4a22-a47d-8c48425ef4a7","https://www.inaturalist.org/observations/24834087","Animalia","Mollusca","Gastropoda","Neogastropoda","Muricidae","Urosalpinx","Urosalpinx cinerea",NA,"SPECIES","Urosalpinx cinerea (Say, 1822)","Urosalpinx cinerea","","US","","South Carolina","PRESENT",NA,"28eb1a3f-1c15-4a95-931a-4af90ecb574d",33.760861,-78.783507,33,NA,NA,NA,NA,NA,"2019-05-08T17:11",8,5,2019,2304415,2304415,"HUMAN_OBSERVATION","iNaturalist","Observations","24834087","","ipat",2020-10-26 19:20:17,"CC_BY_NC_4_0","JC Ferebee","JC Ferebee",NA,NA,2025-06-07 02:32:14.483,"","COORDINATE_ROUNDED;CONTINENT_DERIVED_FROM_COORDINATES;TAXON_MATCH_TAXON_ID_IGNORED"
2957398820,"52422715-c1db-40a0-ba16-b84a295d248a","T-MRMCS018000017FC","Animalia","Mollusca","Gastropoda","Neogastropoda","Muricidae","Urosalpinx","Urosalpinx cinerea",NA,"SPECIES","Urosalpinx cinerea (Say, 1822)","Urosalpinx cinerea","(Say, 1822)","GB","Seabed near Empress wreck","England","PRESENT",NA,"5d662340-07fa-41b7-a3fc-e2e63ca50800",52.97902,1.280552,70.7,NA,NA,NA,NA,NA,"2011-09-29",29,9,2011,2304415,2304415,"HUMAN_OBSERVATION","Seasearch","MRMCS01800000009","","","",NA,"https://creativecommons.org/licenses/by/4.0/legalcode","Seasearch","Jackson, G. Graham",NA,NA,2025-06-13 03:18:19.176,"","CONTINENT_DERIVED_FROM_COORDINATES;TAXON_MATCH_TAXON_CONCEPT_ID_IGNORED;TAXON_MATCH_TAXON_ID_IGNORED"
2956931486,"52422715-c1db-40a0-ba16-b84a295d248a","T-MRLRC0080000408E","Animalia","Mollusca","Gastropoda","Neogastropoda","Muricidae","Urosalpinx","Urosalpinx cinerea",NA,"SPECIES","Urosalpinx cinerea (Say, 1822)","Urosalpinx cinerea","(Say, 1822)","GB","Kimmeridge Ledges","England","PRESENT",NA,"5d662340-07fa-41b7-a3fc-e2e63ca50800",50.59276,-2.160084,70.7,NA,NA,NA,NA,NA,"2010-05-08",8,5,2010,2304415,2304415,"HUMAN_OBSERVATION","Seasearch","MRLRC00800000024","","","",NA,"https://creativecommons.org/licenses/by/4.0/legalcode","Seasearch","Whyte, P. Polly",NA,NA,2025-06-13 03:18:21.603,"","CONTINENT_DERIVED_FROM_COORDINATES;TAXON_MATCH_TAXON_CONCEPT_ID_IGNORED;TAXON_MATCH_TAXON_ID_IGNORED"
2956657692,"52422715-c1db-40a0-ba16-b84a295d248a","T-MRMCS01800001816","Animalia","Mollusca","Gastropoda","Neogastropoda","Muricidae","Urosalpinx","Urosalpinx cinerea",NA,"SPECIES","Urosalpinx cinerea (Say, 1822)","Urosalpinx cinerea","(Say, 1822)","GB","Empress wreck and drift","England","PRESENT",NA,"5d662340-07fa-41b7-a3fc-e2e63ca50800",52.97945,1.271949,70.7,NA,NA,NA,NA,NA,"2011-09-29",29,9,2011,2304415,2304415,"HUMAN_OBSERVATION","Seasearch","MRMCS01800000009","","","",NA,"https://creativecommons.org/licenses/by/4.0/legalcode","Seasearch","Watson, D. Dawn",NA,NA,2025-06-13 03:18:03.61,"","CONTINENT_DERIVED_FROM_COORDINATES;TAXON_MATCH_TAXON_CONCEPT_ID_IGNORED;TAXON_MATCH_TAXON_ID_IGNORED"
2934713543,"e45ea07f-d054-4129-9552-f0c9e6af4019","LC000053000A1N3J","Animalia","Mollusca","Gastropoda","Neogastropoda","Muricidae","Urosalpinx","Urosalpinx cinerea",NA,"SPECIES","Urosalpinx cinerea (Say, 1822)","Urosalpinx cinerea","(Say, 1822)","GB","Minnis Bay; Birchington; Kent.","England","PRESENT",NA,"dccfcdcf-d272-45c8-85cb-e3dbf18b8a34",51.379091,1.26181,100,NA,NA,NA,NA,NA,"2009-06-06",6,6,2009,2304415,2304415,"HUMAN_OBSERVATION","Conchological Society of Great Britain & Ireland","LC000053000A0004","","","Celia Pain",NA,"https://creativecommons.org/licenses/by-nc/4.0/legalcode","Conchological Society of Great Britain & Ireland","Llewelyn-Jones, J. John;Pain, C. Celia",NA,NA,2025-06-12 23:44:56.451,"","COORDINATE_ROUNDED;CONTINENT_DERIVED_FROM_COORDINATES;TAXON_MATCH_TAXON_CONCEPT_ID_IGNORED;TAXON_MATCH_TAXON_ID_IGNORED"
2934669900,"e45ea07f-d054-4129-9552-f0c9e6af4019","LC000053000A29LB","Animalia","Mollusca","Gastropoda","Neogastropoda","Muricidae","Urosalpinx","Urosalpinx cinerea",NA,"SPECIES","Urosalpinx cinerea (Say, 1822)","Urosalpinx cinerea","(Say, 1822)","GB","The Street; Whitstable; Kent","England","PRESENT",NA,"dccfcdcf-d272-45c8-85cb-e3dbf18b8a34",51.366442,1.029613,100,NA,NA,NA,NA,NA,"2015-04-11",11,4,2015,2304415,2304415,"HUMAN_OBSERVATION","Conchological Society of Great Britain & Ireland","LC000053000A0004","","","John Llewellyn-Jones",NA,"https://creativecommons.org/licenses/by-nc/4.0/legalcode","Conchological Society of Great Britain & Ireland","Llewellyn-Jones, J. John",NA,NA,2025-06-12 23:45:05.164,"","COORDINATE_ROUNDED;CONTINENT_DERIVED_FROM_COORDINATES;TAXON_MATCH_TAXON_CONCEPT_ID_IGNORED;TAXON_MATCH_TAXON_ID_IGNORED"
2934633748,"e45ea07f-d054-4129-9552-f0c9e6af4019","LC000053000A27VW","Animalia","Mollusca","Gastropoda","Neogastropoda","Muricidae","Urosalpinx","Urosalpinx cinerea",NA,"SPECIES","Urosalpinx cinerea (Say, 1822)","Urosalpinx cinerea","(Say, 1822)","GB","West Mersea; Essex","England","PRESENT",NA,"dccfcdcf-d272-45c8-85cb-e3dbf18b8a34",51.771759,0.936385,100,NA,NA,NA,NA,NA,"2012-11-09",9,11,2012,2304415,2304415,"HUMAN_OBSERVATION","Conchological Society of Great Britain & Ireland","LC000053000A000E","","","Simon Taylor",NA,"https://creativecommons.org/licenses/by-nc/4.0/legalcode","Conchological Society of Great Britain & Ireland","Taylor, S. Simon",NA,NA,2025-06-12 23:45:03.181,"","COORDINATE_ROUNDED;CONTINENT_DERIVED_FROM_COORDINATES;TAXON_MATCH_TAXON_CONCEPT_ID_IGNORED;TAXON_MATCH_TAXON_ID_IGNORED"
2934587164,"e45ea07f-d054-4129-9552-f0c9e6af4019","LC000053000A1HM2","Animalia","Mollusca","Gastropoda","Neogastropoda","Muricidae","Urosalpinx","Urosalpinx cinerea",NA,"SPECIES","Urosalpinx cinerea (Say, 1822)","Urosalpinx cinerea","(Say, 1822)","GB","West Mersea; Essex: Foreshore Seaview Avenue","England","PRESENT",NA,"dccfcdcf-d272-45c8-85cb-e3dbf18b8a34",51.771396,0.950859,100,NA,NA,NA,NA,NA,"2008-08-02",2,8,2008,2304415,2304415,"HUMAN_OBSERVATION","Conchological Society of Great Britain & Ireland","LC000053000A0004","","","John Llewelyn-Jones",NA,"https://creativecommons.org/licenses/by-nc/4.0/legalcode","Conchological Society of Great Britain & Ireland","Llewelyn-Jones, J. John",NA,NA,2025-06-12 23:45:17.246,"","COORDINATE_ROUNDED;CONTINENT_DERIVED_FROM_COORDINATES;TAXON_MATCH_TAXON_CONCEPT_ID_IGNORED;TAXON_MATCH_TAXON_ID_IGNORED"
2934336233,"e45ea07f-d054-4129-9552-f0c9e6af4019","LC000053000A2FLD","Animalia","Mollusca","Gastropoda","Neogastropoda","Muricidae","Urosalpinx","Urosalpinx cinerea",NA,"SPECIES","Urosalpinx cinerea (Say, 1822)","Urosalpinx cinerea","(Say, 1822)","GB","Colne Point; Essex","England","PRESENT",NA,"dccfcdcf-d272-45c8-85cb-e3dbf18b8a34",51.767266,1.041897,100,NA,NA,NA,NA,NA,"2015-07-16",16,7,2015,2304415,2304415,"HUMAN_OBSERVATION","Conchological Society of Great Britain & Ireland","LC000053000A000E","","","Simon Taylor",NA,"https://creativecommons.org/licenses/by-nc/4.0/legalcode","Conchological Society of Great Britain & Ireland","Taylor, S. Simon",NA,NA,2025-06-12 23:44:42.945,"","COORDINATE_ROUNDED;CONTINENT_DERIVED_FROM_COORDINATES;TAXON_MATCH_TAXON_CONCEPT_ID_IGNORED;TAXON_MATCH_TAXON_ID_IGNORED"
2902241637,"e3004062-f320-4d91-8192-3ec889e468dc","T-MRLRC0070000551B","Animalia","Mollusca","Gastropoda","Neogastropoda","Muricidae","Urosalpinx","Urosalpinx cinerea",NA,"SPECIES","Urosalpinx cinerea (Say, 1822)","Urosalpinx cinerea","(Say, 1822)","GB","Dymchurch","England","PRESENT",NA,"4d905053-ca42-4fac-bcc4-36f1d08f3127",51.04531,1.035235,100,NA,NA,NA,NA,NA,"2016-04-10",10,4,2016,2304415,2304415,"HUMAN_OBSERVATION","Kent Wildlife Trust","MRLRC00700000028","","","",NA,"https://creativecommons.org/licenses/by-nc/4.0/legalcode","Kent Wildlife Trust","Fulcher, C. Chris",NA,NA,2025-06-12 08:34:17.293,"","CONTINENT_DERIVED_FROM_COORDINATES;TAXON_MATCH_TAXON_CONCEPT_ID_IGNORED;TAXON_MATCH_TAXON_ID_IGNORED"
2902240406,"e3004062-f320-4d91-8192-3ec889e468dc","T-MRLRC007000055CB","Animalia","Mollusca","Gastropoda","Neogastropoda","Muricidae","Urosalpinx","Urosalpinx cinerea",NA,"SPECIES","Urosalpinx cinerea (Say, 1822)","Urosalpinx cinerea","(Say, 1822)","GB","Swalecliffe","England","PRESENT",NA,"4d905053-ca42-4fac-bcc4-36f1d08f3127",51.36975,1.067536,100,NA,NA,NA,NA,NA,"2016-07-24",24,7,2016,2304415,2304415,"HUMAN_OBSERVATION","Kent Wildlife Trust","MRLRC00700000029","","","",NA,"https://creativecommons.org/licenses/by-nc/4.0/legalcode","Kent Wildlife Trust","Tittley, I. Ian;Fulcher, C. Chris",NA,NA,2025-06-12 08:34:17.207,"","CONTINENT_DERIVED_FROM_COORDINATES;TAXON_MATCH_TAXON_CONCEPT_ID_IGNORED;TAXON_MATCH_TAXON_ID_IGNORED"
2902239645,"e3004062-f320-4d91-8192-3ec889e468dc","T-MRLRC007000056EC","Animalia","Mollusca","Gastropoda","Neogastropoda","Muricidae","Urosalpinx","Urosalpinx cinerea",NA,"SPECIES","Urosalpinx cinerea (Say, 1822)","Urosalpinx cinerea","(Say, 1822)","GB","Warden Point","England","PRESENT",1,"4d905053-ca42-4fac-bcc4-36f1d08f3127",51.4134,0.907944,100,NA,NA,NA,NA,NA,"2016-10-08",8,10,2016,2304415,2304415,"HUMAN_OBSERVATION","Kent Wildlife Trust","MRLRC00700000028","","","",NA,"https://creativecommons.org/licenses/by-nc/4.0/legalcode","Kent Wildlife Trust","Chapman, B. Bryony;Gisby, S. Sharon",NA,NA,2025-06-12 08:34:17.154,"","COORDINATE_ROUNDED;CONTINENT_DERIVED_FROM_COORDINATES;TAXON_MATCH_TAXON_CONCEPT_ID_IGNORED;TAXON_MATCH_TAXON_ID_IGNORED"
2902239638,"e3004062-f320-4d91-8192-3ec889e468dc","T-MRSHS001000018DC","Animalia","Mollusca","Gastropoda","Neogastropoda","Muricidae","Urosalpinx","Urosalpinx cinerea",NA,"SPECIES","Urosalpinx cinerea (Say, 1822)","Urosalpinx cinerea","(Say, 1822)","GB","Sandwich Bay","England","PRESENT",NA,"4d905053-ca42-4fac-bcc4-36f1d08f3127",51.28598,1.381162,100,NA,NA,NA,NA,NA,"2009-02-01",1,2,2009,2304415,2304415,"HUMAN_OBSERVATION","Kent Wildlife Trust","MRSHS00100000014","","","",NA,"https://creativecommons.org/licenses/by-nc/4.0/legalcode","Kent Wildlife Trust","Chapman, B. Bryony",NA,NA,2025-06-12 08:34:17.154,"","CONTINENT_DERIVED_FROM_COORDINATES;TAXON_MATCH_TAXON_CONCEPT_ID_IGNORED;TAXON_MATCH_TAXON_ID_IGNORED"
2902238406,"e3004062-f320-4d91-8192-3ec889e468dc","T-MRSHS001000006E1","Animalia","Mollusca","Gastropoda","Neogastropoda","Muricidae","Urosalpinx","Urosalpinx cinerea",NA,"SPECIES","Urosalpinx cinerea (Say, 1822)","Urosalpinx cinerea","(Say, 1822)","GB","Coldharbour, Reculver","England","PRESENT",NA,"4d905053-ca42-4fac-bcc4-36f1d08f3127",51.380307,1.219351,0.7,NA,NA,NA,NA,NA,"2006-12-02",2,12,2006,2304415,2304415,"HUMAN_OBSERVATION","Kent Wildlife Trust","MRSHS00100000002","","","",NA,"https://creativecommons.org/licenses/by-nc/4.0/legalcode","Kent Wildlife Trust","Fulcher, C. Chris",NA,NA,2025-06-12 08:34:17.059,"","CONTINENT_DERIVED_FROM_COORDINATES;TAXON_MATCH_TAXON_CONCEPT_ID_IGNORED;TAXON_MATCH_TAXON_ID_IGNORED"
2902237778,"e3004062-f320-4d91-8192-3ec889e468dc","T-MRLRC00700002AA3","Animalia","Mollusca","Gastropoda","Neogastropoda","Muricidae","Urosalpinx","Urosalpinx cinerea",NA,"SPECIES","Urosalpinx cinerea (Say, 1822)","Urosalpinx cinerea","(Say, 1822)","GB","Whitstable Street","England","PRESENT",NA,"4d905053-ca42-4fac-bcc4-36f1d08f3127",51.36721,1.037144,100,NA,NA,NA,NA,NA,"2011-10-23",23,10,2011,2304415,2304415,"HUMAN_OBSERVATION","Kent Wildlife Trust","MRLRC00700000009","","","",NA,"https://creativecommons.org/licenses/by-nc/4.0/legalcode","Kent Wildlife Trust","Hitchin, B. Becky",NA,NA,2025-06-12 08:34:17.014,"","CONTINENT_DERIVED_FROM_COORDINATES;TAXON_MATCH_TAXON_CONCEPT_ID_IGNORED;TAXON_MATCH_TAXON_ID_IGNORED"
2902237468,"e3004062-f320-4d91-8192-3ec889e468dc","T-MRLRC00700002B55","Animalia","Mollusca","Gastropoda","Neogastropoda","Muricidae","Urosalpinx","Urosalpinx cinerea",NA,"SPECIES","Urosalpinx cinerea (Say, 1822)","Urosalpinx cinerea","(Say, 1822)","GB","Whitstable Mudflats","England","PRESENT",NA,"4d905053-ca42-4fac-bcc4-36f1d08f3127",51.35312,1.000202,100,NA,NA,NA,NA,NA,"2011-07-04",4,7,2011,2304415,2304415,"HUMAN_OBSERVATION","Kent Wildlife Trust","MRLRC00700000009","","","",NA,"https://creativecommons.org/licenses/by-nc/4.0/legalcode","Kent Wildlife Trust","Hitchin, B. Becky",NA,NA,2025-06-12 08:34:16.991,"","CONTINENT_DERIVED_FROM_COORDINATES;TAXON_MATCH_TAXON_CONCEPT_ID_IGNORED;TAXON_MATCH_TAXON_ID_IGNORED"
2902236668,"e3004062-f320-4d91-8192-3ec889e468dc","T-MRSHS00100000098","Animalia","Mollusca","Gastropoda","Neogastropoda","Muricidae","Urosalpinx","Urosalpinx cinerea",NA,"SPECIES","Urosalpinx cinerea (Say, 1822)","Urosalpinx cinerea","(Say, 1822)","GB","Herne Bay","England","PRESENT",NA,"4d905053-ca42-4fac-bcc4-36f1d08f3127",51.3733,1.129023,100,NA,NA,NA,NA,NA,"2006-06-17",17,6,2006,2304415,2304415,"HUMAN_OBSERVATION","Kent Wildlife Trust","MRSHS00100000002","","","",NA,"https://creativecommons.org/licenses/by-nc/4.0/legalcode","Kent Wildlife Trust","Pain, C. Celia",NA,NA,2025-06-12 08:34:16.934,"","CONTINENT_DERIVED_FROM_COORDINATES;TAXON_MATCH_TAXON_CONCEPT_ID_IGNORED;TAXON_MATCH_TAXON_ID_IGNORED"
2902236514,"e3004062-f320-4d91-8192-3ec889e468dc","T-MRSHS001000016DD","Animalia","Mollusca","Gastropoda","Neogastropoda","Muricidae","Urosalpinx","Urosalpinx cinerea",NA,"SPECIES","Urosalpinx cinerea (Say, 1822)","Urosalpinx cinerea","(Say, 1822)","GB","Hampton Pier","England","PRESENT",NA,"4d905053-ca42-4fac-bcc4-36f1d08f3127",51.37305,1.10031,100,NA,NA,NA,NA,NA,"2008-01-27",27,1,2008,2304415,2304415,"HUMAN_OBSERVATION","Kent Wildlife Trust","MRSHS00100000011","","","",NA,"https://creativecommons.org/licenses/by-nc/4.0/legalcode","Kent Wildlife Trust","Chapman, B. Bryony",NA,NA,2025-06-12 08:34:16.92,"","CONTINENT_DERIVED_FROM_COORDINATES;TAXON_MATCH_TAXON_CONCEPT_ID_IGNORED;TAXON_MATCH_TAXON_ID_IGNORED"
2902233682,"e3004062-f320-4d91-8192-3ec889e468dc","T-MRSHS001000006B8","Animalia","Mollusca","Gastropoda","Neogastropoda","Muricidae","Urosalpinx","Urosalpinx cinerea",NA,"SPECIES","Urosalpinx cinerea (Say, 1822)","Urosalpinx cinerea","(Say, 1822)","GB","Coldharbour, Reculver","England","PRESENT",NA,"4d905053-ca42-4fac-bcc4-36f1d08f3127",51.380178,1.227951,7.1,NA,NA,NA,NA,NA,"2006-12-02",2,12,2006,2304415,2304415,"HUMAN_OBSERVATION","Kent Wildlife Trust","MRSHS00100000002","","","",NA,"https://creativecommons.org/licenses/by-nc/4.0/legalcode","Kent Wildlife Trust","Chapman, B. Bryony",NA,NA,2025-06-12 08:34:16.708,"","CONTINENT_DERIVED_FROM_COORDINATES;TAXON_MATCH_TAXON_CONCEPT_ID_IGNORED;TAXON_MATCH_TAXON_ID_IGNORED"
2902233552,"e3004062-f320-4d91-8192-3ec889e468dc","T-MRLRC00700006078","Animalia","Mollusca","Gastropoda","Neogastropoda","Muricidae","Urosalpinx","Urosalpinx cinerea",NA,"SPECIES","Urosalpinx cinerea (Say, 1822)","Urosalpinx cinerea","(Say, 1822)","GB","Sandwich Bay","England","PRESENT",NA,"4d905053-ca42-4fac-bcc4-36f1d08f3127",51.28344,1.381693,100,NA,NA,NA,NA,NA,"2017-12-09",9,12,2017,2304415,2304415,"HUMAN_OBSERVATION","Kent Wildlife Trust","MRLRC0070000003B","","","",NA,"https://creativecommons.org/licenses/by-nc/4.0/legalcode","Kent Wildlife Trust","Mills, D. Daphne;Chapman, B. Bryony",NA,NA,2025-06-12 08:34:16.699,"","CONTINENT_DERIVED_FROM_COORDINATES;TAXON_MATCH_TAXON_CONCEPT_ID_IGNORED;TAXON_MATCH_TAXON_ID_IGNORED"
2902231478,"e3004062-f320-4d91-8192-3ec889e468dc","T-MRLRC007000056B3","Animalia","Mollusca","Gastropoda","Neogastropoda","Muricidae","Urosalpinx","Urosalpinx cinerea",NA,"SPECIES","Urosalpinx cinerea (Say, 1822)","Urosalpinx cinerea","(Say, 1822)","GB","Warden Point","England","PRESENT",NA,"4d905053-ca42-4fac-bcc4-36f1d08f3127",51.41288,0.907716,100,NA,NA,NA,NA,NA,"2016-10-08",8,10,2016,2304415,2304415,"HUMAN_OBSERVATION","Kent Wildlife Trust","MRLRC00700000028","","","",NA,"https://creativecommons.org/licenses/by-nc/4.0/legalcode","Kent Wildlife Trust","Shrubsole, R. Robin;White, F. Fiona",NA,NA,2025-06-12 08:34:16.524,"","COORDINATE_ROUNDED;CONTINENT_DERIVED_FROM_COORDINATES;TAXON_MATCH_TAXON_CONCEPT_ID_IGNORED;TAXON_MATCH_TAXON_ID_IGNORED"
2902229845,"e3004062-f320-4d91-8192-3ec889e468dc","T-MRLRC0100000070D","Animalia","Mollusca","Gastropoda","Neogastropoda","Muricidae","Urosalpinx","Urosalpinx cinerea",NA,"SPECIES","Urosalpinx cinerea (Say, 1822)","Urosalpinx cinerea","(Say, 1822)","GB","Seasalter","England","PRESENT",NA,"4d905053-ca42-4fac-bcc4-36f1d08f3127",51.350853,0.989242,70.7,NA,NA,NA,NA,NA,"2005-03-13",13,3,2005,2304415,2304415,"HUMAN_OBSERVATION","Kent Wildlife Trust","MRLRC01000000008","","","",NA,"https://creativecommons.org/licenses/by-nc/4.0/legalcode","Kent Wildlife Trust","Booth, F. Fred",NA,NA,2025-06-12 08:34:16.378,"","CONTINENT_DERIVED_FROM_COORDINATES;TAXON_MATCH_TAXON_CONCEPT_ID_IGNORED;TAXON_MATCH_TAXON_ID_IGNORED"
2902229611,"e3004062-f320-4d91-8192-3ec889e468dc","T-MRSHS00100002578","Animalia","Mollusca","Gastropoda","Neogastropoda","Muricidae","Urosalpinx","Urosalpinx cinerea",NA,"SPECIES","Urosalpinx cinerea (Say, 1822)","Urosalpinx cinerea","(Say, 1822)","GB","Plumpudding, Minnis","England","PRESENT",NA,"4d905053-ca42-4fac-bcc4-36f1d08f3127",51.377933,1.266413,0.7,NA,NA,NA,NA,NA,"2009-06-06",6,6,2009,2304415,2304415,"HUMAN_OBSERVATION","Kent Wildlife Trust","MRSHS00100000014","","","",NA,"https://creativecommons.org/licenses/by-nc/4.0/legalcode","Kent Wildlife Trust","Pain, C. Celia",NA,NA,2025-06-12 08:34:16.359,"","CONTINENT_DERIVED_FROM_COORDINATES;TAXON_MATCH_TAXON_CONCEPT_ID_IGNORED;TAXON_MATCH_TAXON_ID_IGNORED"
2902229609,"e3004062-f320-4d91-8192-3ec889e468dc","T-MRLRC00700004A34","Animalia","Mollusca","Gastropoda","Neogastropoda","Muricidae","Urosalpinx","Urosalpinx cinerea",NA,"SPECIES","Urosalpinx cinerea (Say, 1822)","Urosalpinx cinerea","(Say, 1822)","GB","Whitstable Street","England","PRESENT",NA,"4d905053-ca42-4fac-bcc4-36f1d08f3127",51.3685,1.036898,100,NA,NA,NA,NA,NA,"2015-04-11",11,4,2015,2304415,2304415,"HUMAN_OBSERVATION","Kent Wildlife Trust","MRLRC00700000020","","","",NA,"https://creativecommons.org/licenses/by-nc/4.0/legalcode","Kent Wildlife Trust","Chapman, B. Bryony;Fulcher, C. Chris",NA,NA,2025-06-12 08:34:16.359,"","CONTINENT_DERIVED_FROM_COORDINATES;TAXON_MATCH_TAXON_CONCEPT_ID_IGNORED;TAXON_MATCH_TAXON_ID_IGNORED"
2902229515,"e3004062-f320-4d91-8192-3ec889e468dc","T-MRSHS00100001607","Animalia","Mollusca","Gastropoda","Neogastropoda","Muricidae","Urosalpinx","Urosalpinx cinerea",NA,"SPECIES","Urosalpinx cinerea (Say, 1822)","Urosalpinx cinerea","(Say, 1822)","GB","Mill Point, Sandgate","England","PRESENT",NA,"4d905053-ca42-4fac-bcc4-36f1d08f3127",51.07184,1.169888,100,NA,NA,NA,NA,NA,"2008-10-25",25,10,2008,2304415,2304415,"HUMAN_OBSERVATION","Kent Wildlife Trust","MRSHS00100000011","","","",NA,"https://creativecommons.org/licenses/by-nc/4.0/legalcode","Kent Wildlife Trust","Chapman, B. Bryony",NA,NA,2025-06-12 08:34:16.346,"","CONTINENT_DERIVED_FROM_COORDINATES;TAXON_MATCH_TAXON_CONCEPT_ID_IGNORED;TAXON_MATCH_TAXON_ID_IGNORED"
2902229153,"e3004062-f320-4d91-8192-3ec889e468dc","T-MRLRC01000001541","Animalia","Mollusca","Gastropoda","Neogastropoda","Muricidae","Urosalpinx","Urosalpinx cinerea",NA,"SPECIES","Urosalpinx cinerea (Say, 1822)","Urosalpinx cinerea","(Say, 1822)","GB","Seasalter","England","PRESENT",NA,"4d905053-ca42-4fac-bcc4-36f1d08f3127",51.35411,0.995124,100,NA,NA,NA,NA,NA,"2005-03-13",13,3,2005,2304415,2304415,"HUMAN_OBSERVATION","Kent Wildlife Trust","MRLRC01000000008","","","",NA,"https://creativecommons.org/licenses/by-nc/4.0/legalcode","Kent Wildlife Trust","Chapman, B. Bryony",NA,NA,2025-06-12 08:34:16.304,"","COORDINATE_ROUNDED;CONTINENT_DERIVED_FROM_COORDINATES;TAXON_MATCH_TAXON_CONCEPT_ID_IGNORED;TAXON_MATCH_TAXON_ID_IGNORED"
2902228406,"e3004062-f320-4d91-8192-3ec889e468dc","T-MRSHS00100002187","Animalia","Mollusca","Gastropoda","Neogastropoda","Muricidae","Urosalpinx","Urosalpinx cinerea",NA,"SPECIES","Urosalpinx cinerea (Say, 1822)","Urosalpinx cinerea","(Say, 1822)","GB","Beltinge","England","PRESENT",NA,"4d905053-ca42-4fac-bcc4-36f1d08f3127",51.37276,1.148562,100,NA,NA,NA,NA,NA,"2010-05-28",28,5,2010,2304415,2304415,"HUMAN_OBSERVATION","Kent Wildlife Trust","MRSHS00100000015","","","",NA,"https://creativecommons.org/licenses/by-nc/4.0/legalcode","Kent Wildlife Trust","Chapman, B. Bryony",NA,NA,2025-06-12 08:34:16.234,"","CONTINENT_DERIVED_FROM_COORDINATES;TAXON_MATCH_TAXON_CONCEPT_ID_IGNORED;TAXON_MATCH_TAXON_ID_IGNORED"
2902228102,"e3004062-f320-4d91-8192-3ec889e468dc","T-MRLRC0070000571C","Animalia","Mollusca","Gastropoda","Neogastropoda","Muricidae","Urosalpinx","Urosalpinx cinerea",NA,"SPECIES","Urosalpinx cinerea (Say, 1822)","Urosalpinx cinerea","(Say, 1822)","GB","Warden Point","England","PRESENT",1,"4d905053-ca42-4fac-bcc4-36f1d08f3127",51.41349,0.907805,100,NA,NA,NA,NA,NA,"2016-10-08",8,10,2016,2304415,2304415,"HUMAN_OBSERVATION","Kent Wildlife Trust","MRLRC00700000028","","","",NA,"https://creativecommons.org/licenses/by-nc/4.0/legalcode","Kent Wildlife Trust","Chapman, B. Bryony;Gisby, S. Sharon",NA,NA,2025-06-12 08:34:16.198,"","COORDINATE_ROUNDED;CONTINENT_DERIVED_FROM_COORDINATES;TAXON_MATCH_TAXON_CONCEPT_ID_IGNORED;TAXON_MATCH_TAXON_ID_IGNORED"
2902226181,"e3004062-f320-4d91-8192-3ec889e468dc","T-MRLRC0070000435A","Animalia","Mollusca","Gastropoda","Neogastropoda","Muricidae","Urosalpinx","Urosalpinx cinerea",NA,"SPECIES","Urosalpinx cinerea (Say, 1822)","Urosalpinx cinerea","(Say, 1822)","GB","Minnis Bay","England","PRESENT",NA,"4d905053-ca42-4fac-bcc4-36f1d08f3127",51.37808,1.265857,100,NA,NA,NA,NA,NA,"2014-05-24",24,5,2014,2304415,2304415,"HUMAN_OBSERVATION","Kent Wildlife Trust","MRLRC00700000019","","","",NA,"https://creativecommons.org/licenses/by-nc/4.0/legalcode","Kent Wildlife Trust","Fulcher, C. Chris",NA,NA,2025-06-12 08:34:16.051,"","CONTINENT_DERIVED_FROM_COORDINATES;TAXON_MATCH_TAXON_CONCEPT_ID_IGNORED;TAXON_MATCH_TAXON_ID_IGNORED"
2902226008,"e3004062-f320-4d91-8192-3ec889e468dc","T-MRSHS00100000540","Animalia","Mollusca","Gastropoda","Neogastropoda","Muricidae","Urosalpinx","Urosalpinx cinerea",NA,"SPECIES","Urosalpinx cinerea (Say, 1822)","Urosalpinx cinerea","(Say, 1822)","GB","The Street, Whitstable","England","PRESENT",NA,"4d905053-ca42-4fac-bcc4-36f1d08f3127",51.36789,1.037196,100,NA,NA,NA,NA,NA,"2006-05-13",13,5,2006,2304415,2304415,"HUMAN_OBSERVATION","Kent Wildlife Trust","MRSHS00100000002","","","",NA,"https://creativecommons.org/licenses/by-nc/4.0/legalcode","Kent Wildlife Trust","Pain, C. Celia",NA,NA,2025-06-12 08:34:16.003,"","CONTINENT_DERIVED_FROM_COORDINATES;TAXON_MATCH_TAXON_CONCEPT_ID_IGNORED;TAXON_MATCH_TAXON_ID_IGNORED"
2898530314,"50c9509d-22c7-4a22-a47d-8c48425ef4a7","https://www.inaturalist.org/observations/13505541","Animalia","Mollusca","Gastropoda","Neogastropoda","Muricidae","Urosalpinx","Urosalpinx cinerea",NA,"SPECIES","Urosalpinx cinerea (Say, 1822)","Urosalpinx cinerea","","US","","Maine","PRESENT",NA,"28eb1a3f-1c15-4a95-931a-4af90ecb574d",43.868056,-69.564248,997,NA,NA,NA,NA,NA,"2018-06-06T08:40",6,6,2018,2304415,2304415,"HUMAN_OBSERVATION","iNaturalist","Observations","13505541","","Lena Struwe",2018-06-17 03:37:23,"CC_BY_NC_4_0","Lena Struwe","Lena Struwe",NA,NA,2025-06-07 00:27:11.514,"StillImage","COORDINATE_ROUNDED;CONTINENT_DERIVED_FROM_COORDINATES;TAXON_MATCH_TAXON_ID_IGNORED"
2898394874,"50c9509d-22c7-4a22-a47d-8c48425ef4a7","https://www.inaturalist.org/observations/62351045","Animalia","Mollusca","Gastropoda","Neogastropoda","Muricidae","Urosalpinx","Urosalpinx cinerea",NA,"SPECIES","Urosalpinx cinerea (Say, 1822)","Urosalpinx cinerea","","US","","California","PRESENT",NA,"28eb1a3f-1c15-4a95-931a-4af90ecb574d",37.52052,-122.249428,8,NA,NA,NA,NA,NA,"2020-10-11T10:49:12",11,10,2020,2304415,2304415,"HUMAN_OBSERVATION","iNaturalist","Observations","62351045","","Donna Pomeroy",2020-10-11 22:17:30,"CC_BY_NC_4_0","Donna Pomeroy","Donna Pomeroy",NA,NA,2025-06-07 00:19:24.883,"StillImage","COORDINATE_ROUNDED;CONTINENT_DERIVED_FROM_COORDINATES;TAXON_MATCH_TAXON_ID_IGNORED"
2898353449,"50c9509d-22c7-4a22-a47d-8c48425ef4a7","https://www.inaturalist.org/observations/56702317","Animalia","Mollusca","Gastropoda","Neogastropoda","Muricidae","Urosalpinx","Urosalpinx cinerea",NA,"SPECIES","Urosalpinx cinerea (Say, 1822)","Urosalpinx cinerea","","CA","","Nova Scotia","PRESENT",NA,"28eb1a3f-1c15-4a95-931a-4af90ecb574d",44.578052,-65.934231,51,NA,NA,NA,NA,NA,"2020-08-16T15:57",16,8,2020,2304415,2304415,"HUMAN_OBSERVATION","iNaturalist","Observations","56702317","","ipat",2020-10-26 15:34:50,"CC_BY_NC_4_0","Austin Lombard","Austin Lombard",NA,NA,2025-06-07 02:38:27.469,"StillImage","COORDINATE_ROUNDED;CONTINENT_DERIVED_FROM_COORDINATES;TAXON_MATCH_TAXON_ID_IGNORED"
2898249279,"50c9509d-22c7-4a22-a47d-8c48425ef4a7","https://www.inaturalist.org/observations/62672794","Animalia","Mollusca","Gastropoda","Neogastropoda","Muricidae","Urosalpinx","Urosalpinx cinerea",NA,"SPECIES","Urosalpinx cinerea (Say, 1822)","Urosalpinx cinerea","","US","","New York","PRESENT",NA,"28eb1a3f-1c15-4a95-931a-4af90ecb574d",40.861566,-73.788968,4000,NA,NA,NA,NA,NA,"2020-10-15T15:03:27",15,10,2020,2304415,2304415,"HUMAN_OBSERVATION","iNaturalist","Observations","62672794","","Susan J. Hewitt",2020-10-15 22:44:01,"CC_BY_NC_4_0","Susan J. Hewitt","Susan J. Hewitt",NA,NA,2025-06-06 23:55:59.522,"StillImage","COORDINATE_ROUNDED;CONTINENT_DERIVED_FROM_COORDINATES;TAXON_MATCH_TAXON_ID_IGNORED"
2883129489,"50c9509d-22c7-4a22-a47d-8c48425ef4a7","https://www.inaturalist.org/observations/61804176","Animalia","Mollusca","Gastropoda","Neogastropoda","Muricidae","Urosalpinx","Urosalpinx cinerea",NA,"SPECIES","Urosalpinx cinerea (Say, 1822)","Urosalpinx cinerea","","US","","Massachusetts","PRESENT",NA,"28eb1a3f-1c15-4a95-931a-4af90ecb574d",41.657736,-70.814674,4,NA,NA,NA,NA,NA,"2020-10-05T19:49:04Z",5,10,2020,2304415,2304415,"HUMAN_OBSERVATION","iNaturalist","Observations","61804176","","Shaggy",2020-10-05 19:49:15,"CC_BY_NC_4_0","Shaggy","Shaggy",NA,NA,2025-06-07 01:48:50.401,"StillImage","COORDINATE_ROUNDED;CONTINENT_DERIVED_FROM_COORDINATES;TAXON_MATCH_TAXON_ID_IGNORED"
2873855540,"50c9509d-22c7-4a22-a47d-8c48425ef4a7","https://www.inaturalist.org/observations/60747878","Animalia","Mollusca","Gastropoda","Neogastropoda","Muricidae","Urosalpinx","Urosalpinx cinerea",NA,"SPECIES","Urosalpinx cinerea (Say, 1822)","Urosalpinx cinerea","","US","","Connecticut","PRESENT",NA,"28eb1a3f-1c15-4a95-931a-4af90ecb574d",41.246822,-72.900362,4,NA,NA,NA,NA,NA,"2020-09-24T12:57:02",24,9,2020,2304415,2304415,"HUMAN_OBSERVATION","iNaturalist","Observations","60747878","","Parsa Fard",2020-09-25 21:19:02,"CC_BY_NC_4_0","Jeremiah Smith","Jeremiah Smith",NA,NA,2025-06-07 02:35:37.337,"StillImage","COORDINATE_ROUNDED;CONTINENT_DERIVED_FROM_COORDINATES;TAXON_MATCH_TAXON_ID_IGNORED"
2873735531,"50c9509d-22c7-4a22-a47d-8c48425ef4a7","https://www.inaturalist.org/observations/60738958","Animalia","Mollusca","Gastropoda","Neogastropoda","Muricidae","Urosalpinx","Urosalpinx cinerea",NA,"SPECIES","Urosalpinx cinerea (Say, 1822)","Urosalpinx cinerea","","US","","New York","PRESENT",NA,"28eb1a3f-1c15-4a95-931a-4af90ecb574d",40.962231,-73.125312,24,NA,NA,NA,NA,NA,"2020-09-25T14:34:57",25,9,2020,2304415,2304415,"HUMAN_OBSERVATION","iNaturalist","Observations","60738958","","shady af comebacks",2020-09-25 18:35:15,"CC0_1_0","shady af comebacks","shady af comebacks",NA,NA,2025-06-06 23:54:01.72,"StillImage","COORDINATE_ROUNDED;CONTINENT_DERIVED_FROM_COORDINATES;TAXON_MATCH_TAXON_ID_IGNORED"
2868279092,"50c9509d-22c7-4a22-a47d-8c48425ef4a7","https://www.inaturalist.org/observations/60275122","Animalia","Mollusca","Gastropoda","Neogastropoda","Muricidae","Urosalpinx","Urosalpinx cinerea",NA,"SPECIES","Urosalpinx cinerea (Say, 1822)","Urosalpinx cinerea","","US","","Connecticut","PRESENT",NA,"28eb1a3f-1c15-4a95-931a-4af90ecb574d",41.241533,-72.971358,NA,NA,NA,NA,NA,NA,"2020-09-18T19:01:03",18,9,2020,2304415,2304415,"HUMAN_OBSERVATION","iNaturalist","Observations","60275122","","Jessica Utrup",2020-09-21 01:39:25,"CC_BY_NC_4_0","Jessica Utrup","Jessica Utrup",NA,NA,2025-06-07 00:28:24.645,"StillImage","COORDINATE_ROUNDED;CONTINENT_DERIVED_FROM_COORDINATES;TAXON_MATCH_TAXON_ID_IGNORED"
2868207176,"50c9509d-22c7-4a22-a47d-8c48425ef4a7","https://www.inaturalist.org/observations/60364891","Animalia","Mollusca","Gastropoda","Neogastropoda","Muricidae","Urosalpinx","Urosalpinx cinerea",NA,"SPECIES","Urosalpinx cinerea (Say, 1822)","Urosalpinx cinerea","","US","","Connecticut","PRESENT",NA,"28eb1a3f-1c15-4a95-931a-4af90ecb574d",41.245278,-72.757886,NA,NA,NA,NA,NA,NA,"2020-09-19T14:00:04",19,9,2020,2304415,2304415,"HUMAN_OBSERVATION","iNaturalist","Observations","60364891","","Jessica Utrup",2020-09-21 22:21:28,"CC_BY_NC_4_0","Jessica Utrup","Jessica Utrup",NA,NA,2025-06-07 01:22:30.344,"StillImage","COORDINATE_ROUNDED;CONTINENT_DERIVED_FROM_COORDINATES;TAXON_MATCH_TAXON_ID_IGNORED"
2868090745,"50c9509d-22c7-4a22-a47d-8c48425ef4a7","https://www.inaturalist.org/observations/60142143","Animalia","Mollusca","Gastropoda","Neogastropoda","Muricidae","Urosalpinx","Urosalpinx cinerea",NA,"SPECIES","Urosalpinx cinerea (Say, 1822)","Urosalpinx cinerea","","US","","Connecticut","PRESENT",NA,"28eb1a3f-1c15-4a95-931a-4af90ecb574d",41.241475,-72.969889,NA,NA,NA,NA,NA,NA,"2020-09-18T18:43:38",18,9,2020,2304415,2304415,"HUMAN_OBSERVATION","iNaturalist","Observations","60142143","","Jessica Utrup",2020-09-20 01:27:04,"CC_BY_NC_4_0","Jessica Utrup","Jessica Utrup",NA,NA,2025-06-07 00:08:28.277,"StillImage","COORDINATE_ROUNDED;CONTINENT_DERIVED_FROM_COORDINATES;TAXON_MATCH_TAXON_ID_IGNORED"
2864717370,"50c9509d-22c7-4a22-a47d-8c48425ef4a7","https://www.inaturalist.org/observations/59531199","Animalia","Mollusca","Gastropoda","Neogastropoda","Muricidae","Urosalpinx","Urosalpinx cinerea",NA,"SPECIES","Urosalpinx cinerea (Say, 1822)","Urosalpinx cinerea","","US","","Connecticut","PRESENT",NA,"28eb1a3f-1c15-4a95-931a-4af90ecb574d",41.319283,-72.074792,8,NA,NA,NA,NA,NA,"2020-09-10T10:31:30",10,9,2020,2304415,2304415,"HUMAN_OBSERVATION","iNaturalist","Observations","59531199","","kaleasalang",2020-09-14 01:17:51,"CC_BY_NC_4_0","kaleasalang","kaleasalang",NA,NA,2025-06-07 00:32:26.466,"StillImage","COORDINATE_ROUNDED;CONTINENT_DERIVED_FROM_COORDINATES;TAXON_MATCH_TAXON_ID_IGNORED"
2862547095,"50c9509d-22c7-4a22-a47d-8c48425ef4a7","https://www.inaturalist.org/observations/58897470","Animalia","Mollusca","Gastropoda","Neogastropoda","Muricidae","Urosalpinx","Urosalpinx cinerea",NA,"SPECIES","Urosalpinx cinerea (Say, 1822)","Urosalpinx cinerea","","US","","New Jersey","PRESENT",NA,"28eb1a3f-1c15-4a95-931a-4af90ecb574d",39.966708,-74.123067,10,NA,NA,NA,NA,NA,"2020-09-07T19:11:26",7,9,2020,2304415,2304415,"HUMAN_OBSERVATION","iNaturalist","Observations","58897470","","Parsa Fard",2020-09-08 04:14:38,"CC_BY_NC_4_0","lucaskelly","lucaskelly",NA,NA,2025-06-07 02:36:47.133,"StillImage","COORDINATE_ROUNDED;CONTINENT_DERIVED_FROM_COORDINATES;TAXON_MATCH_TAXON_ID_IGNORED"
2862345885,"50c9509d-22c7-4a22-a47d-8c48425ef4a7","https://www.inaturalist.org/observations/58760611","Animalia","Mollusca","Gastropoda","Neogastropoda","Muricidae","Urosalpinx","Urosalpinx cinerea",NA,"SPECIES","Urosalpinx cinerea (Say, 1822)","Urosalpinx cinerea","","US","","Connecticut","PRESENT",NA,"28eb1a3f-1c15-4a95-931a-4af90ecb574d",41.244783,-72.756486,9,NA,NA,NA,NA,NA,"2020-09-06T15:10:52",6,9,2020,2304415,2304415,"HUMAN_OBSERVATION","iNaturalist","Observations","58760611","","Parsa Fard",2020-09-08 04:16:32,"CC_BY_NC_4_0","mowhite","mowhite",NA,NA,2025-06-07 01:41:02.736,"StillImage","COORDINATE_ROUNDED;CONTINENT_DERIVED_FROM_COORDINATES;TAXON_MATCH_TAXON_ID_IGNORED"
2859958103,"50c9509d-22c7-4a22-a47d-8c48425ef4a7","https://www.inaturalist.org/observations/58182684","Animalia","Mollusca","Gastropoda","Neogastropoda","Muricidae","Urosalpinx","Urosalpinx cinerea",NA,"SPECIES","Urosalpinx cinerea (Say, 1822)","Urosalpinx cinerea","","US","","Connecticut","PRESENT",NA,"28eb1a3f-1c15-4a95-931a-4af90ecb574d",41.268427,-72.901825,8,NA,NA,NA,NA,NA,"2020-08-31T16:48:20",31,8,2020,2304415,2304415,"HUMAN_OBSERVATION","iNaturalist","Observations","58182684","","Susan J. Hewitt",2020-08-31 21:33:31,"CC_BY_NC_4_0","betsypaints","betsypaints",NA,NA,2025-06-06 23:54:47.759,"StillImage","COORDINATE_ROUNDED;CONTINENT_DERIVED_FROM_COORDINATES;TAXON_MATCH_TAXON_ID_IGNORED"
2856663864,"50c9509d-22c7-4a22-a47d-8c48425ef4a7","https://www.inaturalist.org/observations/57304920","Animalia","Mollusca","Gastropoda","Neogastropoda","Muricidae","Urosalpinx","Urosalpinx cinerea",NA,"SPECIES","Urosalpinx cinerea (Say, 1822)","Urosalpinx cinerea","","US","","California","PRESENT",NA,"28eb1a3f-1c15-4a95-931a-4af90ecb574d",37.49926,-122.127919,1,NA,NA,NA,NA,NA,"2020-08-22T09:26",22,8,2020,2304415,2304415,"HUMAN_OBSERVATION","iNaturalist","Observations","57304920","","arnel",2020-08-23 06:24:49,"CC_BY_NC_4_0","arnel","arnel",NA,NA,2025-06-07 01:52:22.182,"StillImage","COORDINATE_ROUNDED;CONTINENT_DERIVED_FROM_COORDINATES;TAXON_MATCH_TAXON_ID_IGNORED"
2856502825,"50c9509d-22c7-4a22-a47d-8c48425ef4a7","https://www.inaturalist.org/observations/57283003","Animalia","Mollusca","Gastropoda","Neogastropoda","Muricidae","Urosalpinx","Urosalpinx cinerea",NA,"SPECIES","Urosalpinx cinerea (Say, 1822)","Urosalpinx cinerea","","US","","Massachusetts","PRESENT",NA,"28eb1a3f-1c15-4a95-931a-4af90ecb574d",41.294464,-70.252194,NA,NA,NA,NA,NA,NA,"2020-08-22T14:36:26",22,8,2020,2304415,2304415,"HUMAN_OBSERVATION","iNaturalist","Observations","57283003","","Dennis Bonal",2020-08-23 02:00:58,"CC_BY_NC_4_0","Lily M","Lily M",NA,NA,2025-06-07 01:10:55.032,"StillImage","COORDINATE_ROUNDED;CONTINENT_DERIVED_FROM_COORDINATES;TAXON_MATCH_TAXON_ID_IGNORED"
2851081059,"50c9509d-22c7-4a22-a47d-8c48425ef4a7","https://www.inaturalist.org/observations/56646598","Animalia","Mollusca","Gastropoda","Neogastropoda","Muricidae","Urosalpinx","Urosalpinx cinerea",NA,"SPECIES","Urosalpinx cinerea (Say, 1822)","Urosalpinx cinerea","","US","","Connecticut","PRESENT",NA,"28eb1a3f-1c15-4a95-931a-4af90ecb574d",41.329955,-71.92002,65,NA,NA,NA,NA,NA,"2020-08-16T13:11:39",16,8,2020,2304415,2304415,"HUMAN_OBSERVATION","iNaturalist","Observations","56646598","","Dennis Bonal",2020-08-16 17:17:54,"CC_BY_NC_4_0","indybea","indybea",NA,NA,2025-06-07 01:18:56.884,"StillImage","COORDINATE_ROUNDED;CONTINENT_DERIVED_FROM_COORDINATES;TAXON_MATCH_TAXON_ID_IGNORED"
2850906487,"50c9509d-22c7-4a22-a47d-8c48425ef4a7","https://www.inaturalist.org/observations/56959357","Animalia","Mollusca","Gastropoda","Neogastropoda","Muricidae","Urosalpinx","Urosalpinx cinerea",NA,"SPECIES","Urosalpinx cinerea (Say, 1822)","Urosalpinx cinerea","","US","","Connecticut","PRESENT",NA,"28eb1a3f-1c15-4a95-931a-4af90ecb574d",41.1,-73.42,NA,NA,NA,NA,NA,NA,"2020-08-19T14:24:43",19,8,2020,2304415,2304415,"HUMAN_OBSERVATION","iNaturalist","Observations","56959357","","maritimeaquariumeducationdept",2020-08-20 17:15:08,"CC_BY_NC_4_0","maritimeaquariumeducationdept","maritimeaquariumeducationdept",NA,NA,2025-06-07 01:35:24.201,"StillImage","CONTINENT_DERIVED_FROM_COORDINATES;TAXON_MATCH_TAXON_ID_IGNORED"
2850672579,"50c9509d-22c7-4a22-a47d-8c48425ef4a7","https://www.inaturalist.org/observations/55645441","Animalia","Mollusca","Gastropoda","Neogastropoda","Muricidae","Urosalpinx","Urosalpinx cinerea",NA,"SPECIES","Urosalpinx cinerea (Say, 1822)","Urosalpinx cinerea","","US","","Connecticut","PRESENT",NA,"28eb1a3f-1c15-4a95-931a-4af90ecb574d",41.24085,-72.970436,NA,NA,NA,NA,NA,NA,"2020-08-06T09:47:41",6,8,2020,2304415,2304415,"HUMAN_OBSERVATION","iNaturalist","Observations","55645441","","Jessica Utrup",2020-08-06 22:19:03,"CC_BY_NC_4_0","Jessica Utrup","Jessica Utrup",NA,NA,2025-06-07 01:37:01.711,"StillImage","COORDINATE_ROUNDED;CONTINENT_DERIVED_FROM_COORDINATES;TAXON_MATCH_TAXON_ID_IGNORED"
2850581312,"50c9509d-22c7-4a22-a47d-8c48425ef4a7","https://www.inaturalist.org/observations/6018511","Animalia","Mollusca","Gastropoda","Neogastropoda","Muricidae","Urosalpinx","Urosalpinx cinerea",NA,"SPECIES","Urosalpinx cinerea (Say, 1822)","Urosalpinx cinerea","","US","","California","PRESENT",NA,"28eb1a3f-1c15-4a95-931a-4af90ecb574d",38.132756,-122.890808,NA,NA,NA,NA,NA,NA,"2017-04-29T11:24:33",29,4,2017,2304415,2304415,"HUMAN_OBSERVATION","iNaturalist","Observations","6018511","","Parsa Fard",2019-08-11 02:35:37,"CC_BY_NC_4_0","Cat Chang","Cat Chang",NA,NA,2025-06-06 23:48:40.696,"StillImage","COORDINATE_ROUNDED;CONTINENT_DERIVED_FROM_COORDINATES;TAXON_MATCH_TAXON_ID_IGNORED"
2826392346,"50c9509d-22c7-4a22-a47d-8c48425ef4a7","https://www.inaturalist.org/observations/19806216","Animalia","Mollusca","Gastropoda","Neogastropoda","Muricidae","Urosalpinx","Urosalpinx cinerea",NA,"SPECIES","Urosalpinx cinerea (Say, 1822)","Urosalpinx cinerea","","US","","California","PRESENT",NA,"28eb1a3f-1c15-4a95-931a-4af90ecb574d",36.605812,-121.960091,NA,NA,NA,NA,NA,NA,"2019-01-21T16:36:38",21,1,2019,2304415,2304415,"HUMAN_OBSERVATION","iNaturalist","Observations","19806216","","Austin Smith",2020-07-31 20:03:55,"CC_BY_NC_4_0","yaboicolinmceachen","yaboicolinmceachen",NA,NA,2025-06-07 00:30:11.486,"StillImage","COORDINATE_ROUNDED;CONTINENT_DERIVED_FROM_COORDINATES;TAXON_MATCH_TAXON_ID_IGNORED"
2823386376,"50c9509d-22c7-4a22-a47d-8c48425ef4a7","https://www.inaturalist.org/observations/53884045","Animalia","Mollusca","Gastropoda","Neogastropoda","Muricidae","Urosalpinx","Urosalpinx cinerea",NA,"SPECIES","Urosalpinx cinerea (Say, 1822)","Urosalpinx cinerea","","US","","Connecticut","PRESENT",NA,"28eb1a3f-1c15-4a95-931a-4af90ecb574d",41.028097,-73.524161,4208,NA,NA,NA,NA,NA,"2020-07-21T16:13:46",21,7,2020,2304415,2304415,"HUMAN_OBSERVATION","iNaturalist","Observations","53884045","","Lucy Burdick",2020-07-21 21:13:07,"CC_BY_NC_4_0","Lucy Burdick","Lucy Burdick",NA,NA,2025-06-06 23:54:14.204,"StillImage","COORDINATE_ROUNDED;CONTINENT_DERIVED_FROM_COORDINATES;TAXON_MATCH_TAXON_ID_IGNORED"
2823278023,"50c9509d-22c7-4a22-a47d-8c48425ef4a7","https://www.inaturalist.org/observations/53634703","Animalia","Mollusca","Gastropoda","Neogastropoda","Muricidae","Urosalpinx","Urosalpinx cinerea",NA,"SPECIES","Urosalpinx cinerea (Say, 1822)","Urosalpinx cinerea","","US","","California","PRESENT",NA,"28eb1a3f-1c15-4a95-931a-4af90ecb574d",37.570078,-122.256508,124,NA,NA,NA,NA,NA,"2020-07-19T11:46:18",19,7,2020,2304415,2304415,"HUMAN_OBSERVATION","iNaturalist","Observations","53634703","","ahaislip",2020-07-19 18:46:33,"CC0_1_0","ahaislip","ahaislip",NA,NA,2025-06-07 00:51:11.252,"StillImage","COORDINATE_ROUNDED;CONTINENT_DERIVED_FROM_COORDINATES;TAXON_MATCH_TAXON_ID_IGNORED"
2823265218,"50c9509d-22c7-4a22-a47d-8c48425ef4a7","https://www.inaturalist.org/observations/53750297","Animalia","Mollusca","Gastropoda","Neogastropoda","Muricidae","Urosalpinx","Urosalpinx cinerea",NA,"SPECIES","Urosalpinx cinerea (Say, 1822)","Urosalpinx cinerea","","US","","California","PRESENT",NA,"28eb1a3f-1c15-4a95-931a-4af90ecb574d",37.567665,-122.251871,4,NA,NA,NA,NA,NA,"2020-07-20T10:33:37",20,7,2020,2304415,2304415,"HUMAN_OBSERVATION","iNaturalist","Observations","53750297","","ahaislip",2020-07-20 17:36:26,"CC0_1_0","ahaislip","ahaislip",NA,NA,2025-06-07 01:45:12.118,"StillImage","COORDINATE_ROUNDED;CONTINENT_DERIVED_FROM_COORDINATES;TAXON_MATCH_TAXON_ID_IGNORED"
2823262106,"50c9509d-22c7-4a22-a47d-8c48425ef4a7","https://www.inaturalist.org/observations/53676551","Animalia","Mollusca","Gastropoda","Neogastropoda","Muricidae","Urosalpinx","Urosalpinx cinerea",NA,"SPECIES","Urosalpinx cinerea (Say, 1822)","Urosalpinx cinerea","","US","","California","PRESENT",NA,"28eb1a3f-1c15-4a95-931a-4af90ecb574d",37.565101,-122.253213,22,NA,NA,NA,NA,NA,"2020-07-19T17:56:49",19,7,2020,2304415,2304415,"HUMAN_OBSERVATION","iNaturalist","Observations","53676551","","ahaislip",2020-07-20 00:57:16,"CC0_1_0","ahaislip","ahaislip",NA,NA,2025-06-07 02:35:34.162,"StillImage","COORDINATE_ROUNDED;CONTINENT_DERIVED_FROM_COORDINATES;TAXON_MATCH_TAXON_ID_IGNORED"
2823234926,"50c9509d-22c7-4a22-a47d-8c48425ef4a7","https://www.inaturalist.org/observations/53537584","Animalia","Mollusca","Gastropoda","Neogastropoda","Muricidae","Urosalpinx","Urosalpinx cinerea",NA,"SPECIES","Urosalpinx cinerea (Say, 1822)","Urosalpinx cinerea","","US","","California","PRESENT",NA,"28eb1a3f-1c15-4a95-931a-4af90ecb574d",37.545755,-122.254631,4,NA,NA,NA,NA,NA,"2020-07-18T16:25:39",18,7,2020,2304415,2304415,"HUMAN_OBSERVATION","iNaturalist","Observations","53537584","","ahaislip",2020-07-18 23:27:24,"CC0_1_0","ahaislip","ahaislip",NA,NA,2025-06-07 02:34:04.624,"StillImage","COORDINATE_ROUNDED;CONTINENT_DERIVED_FROM_COORDINATES;TAXON_MATCH_TAXON_ID_IGNORED"
2823158197,"50c9509d-22c7-4a22-a47d-8c48425ef4a7","https://www.inaturalist.org/observations/53752917","Animalia","Mollusca","Gastropoda","Neogastropoda","Muricidae","Urosalpinx","Urosalpinx cinerea",NA,"SPECIES","Urosalpinx cinerea (Say, 1822)","Urosalpinx cinerea","","US","","California","PRESENT",NA,"28eb1a3f-1c15-4a95-931a-4af90ecb574d",37.570133,-122.256492,26,NA,NA,NA,NA,NA,"2020-07-20T10:58:50",20,7,2020,2304415,2304415,"HUMAN_OBSERVATION","iNaturalist","Observations","53752917","","ahaislip",2020-07-20 17:59:50,"CC0_1_0","ahaislip","ahaislip",NA,NA,2025-06-07 00:49:58.641,"StillImage","COORDINATE_ROUNDED;CONTINENT_DERIVED_FROM_COORDINATES;TAXON_MATCH_TAXON_ID_IGNORED"
2823115222,"50c9509d-22c7-4a22-a47d-8c48425ef4a7","https://www.inaturalist.org/observations/53752880","Animalia","Mollusca","Gastropoda","Neogastropoda","Muricidae","Urosalpinx","Urosalpinx cinerea",NA,"SPECIES","Urosalpinx cinerea (Say, 1822)","Urosalpinx cinerea","","US","","California","PRESENT",NA,"28eb1a3f-1c15-4a95-931a-4af90ecb574d",37.570139,-122.256498,5,NA,NA,NA,NA,NA,"2020-07-20T10:58:15",20,7,2020,2304415,2304415,"HUMAN_OBSERVATION","iNaturalist","Observations","53752880","","ahaislip",2020-07-20 17:59:39,"CC0_1_0","ahaislip","ahaislip",NA,NA,2025-06-07 02:35:35.488,"StillImage","COORDINATE_ROUNDED;CONTINENT_DERIVED_FROM_COORDINATES;TAXON_MATCH_TAXON_ID_IGNORED"
2823074085,"50c9509d-22c7-4a22-a47d-8c48425ef4a7","https://www.inaturalist.org/observations/53683493","Animalia","Mollusca","Gastropoda","Neogastropoda","Muricidae","Urosalpinx","Urosalpinx cinerea",NA,"SPECIES","Urosalpinx cinerea (Say, 1822)","Urosalpinx cinerea","","US","","California","PRESENT",NA,"28eb1a3f-1c15-4a95-931a-4af90ecb574d",37.565147,-122.253142,65,NA,NA,NA,NA,NA,"2020-07-19T19:06:19",19,7,2020,2304415,2304415,"HUMAN_OBSERVATION","iNaturalist","Observations","53683493","","ahaislip",2020-07-20 02:09:14,"CC0_1_0","ahaislip","ahaislip",NA,NA,2025-06-07 02:35:57.97,"StillImage","COORDINATE_ROUNDED;CONTINENT_DERIVED_FROM_COORDINATES;TAXON_MATCH_TAXON_ID_IGNORED"
2818796663,"50c9509d-22c7-4a22-a47d-8c48425ef4a7","https://www.inaturalist.org/observations/53319150","Animalia","Mollusca","Gastropoda","Neogastropoda","Muricidae","Urosalpinx","Urosalpinx cinerea",NA,"SPECIES","Urosalpinx cinerea (Say, 1822)","Urosalpinx cinerea","","US","","New York","PRESENT",NA,"28eb1a3f-1c15-4a95-931a-4af90ecb574d",40.908188,-73.241982,7,NA,NA,NA,NA,NA,"2020-07-14T14:13",14,7,2020,2304415,2304415,"HUMAN_OBSERVATION","iNaturalist","Observations","53319150","","Sequoia Janirella Wrens",2020-07-17 00:38:20,"CC0_1_0","Sequoia Janirella Wrens","Sequoia Janirella Wrens",NA,NA,2025-06-07 01:47:59.05,"StillImage","CONTINENT_DERIVED_FROM_COORDINATES;TAXON_MATCH_TAXON_ID_IGNORED"
2818788643,"50c9509d-22c7-4a22-a47d-8c48425ef4a7","https://www.inaturalist.org/observations/53280654","Animalia","Mollusca","Gastropoda","Neogastropoda","Muricidae","Urosalpinx","Urosalpinx cinerea",NA,"SPECIES","Urosalpinx cinerea (Say, 1822)","Urosalpinx cinerea","","US","","California","PRESENT",NA,"28eb1a3f-1c15-4a95-931a-4af90ecb574d",37.570075,-122.256478,4,NA,NA,NA,NA,NA,"2020-07-16T11:07:38",16,7,2020,2304415,2304415,"HUMAN_OBSERVATION","iNaturalist","Observations","53280654","","ahaislip",2020-07-16 18:08:14,"CC0_1_0","ahaislip","ahaislip",NA,NA,2025-06-07 00:29:43.456,"StillImage","COORDINATE_ROUNDED;CONTINENT_DERIVED_FROM_COORDINATES;TAXON_MATCH_TAXON_ID_IGNORED"
2818608514,"50c9509d-22c7-4a22-a47d-8c48425ef4a7","https://www.inaturalist.org/observations/53207214","Animalia","Mollusca","Gastropoda","Neogastropoda","Muricidae","Urosalpinx","Urosalpinx cinerea",NA,"SPECIES","Urosalpinx cinerea (Say, 1822)","Urosalpinx cinerea","","US","","California","PRESENT",NA,"28eb1a3f-1c15-4a95-931a-4af90ecb574d",37.559091,-122.246867,4,NA,NA,NA,NA,NA,"2020-07-15T16:23:17",15,7,2020,2304415,2304415,"HUMAN_OBSERVATION","iNaturalist","Observations","53207214","","ahaislip",2020-07-15 23:23:50,"CC0_1_0","ahaislip","ahaislip",NA,NA,2025-06-07 00:47:42.248,"StillImage","COORDINATE_ROUNDED;CONTINENT_DERIVED_FROM_COORDINATES;TAXON_MATCH_TAXON_ID_IGNORED"
2814435462,"50c9509d-22c7-4a22-a47d-8c48425ef4a7","https://www.inaturalist.org/observations/51254933","Animalia","Mollusca","Gastropoda","Neogastropoda","Muricidae","Urosalpinx","Urosalpinx cinerea",NA,"SPECIES","Urosalpinx cinerea (Say, 1822)","Urosalpinx cinerea","","US","","California","PRESENT",NA,"28eb1a3f-1c15-4a95-931a-4af90ecb574d",37.570241,-122.256648,4,NA,NA,NA,NA,NA,"2020-06-28T10:48:16",28,6,2020,2304415,2304415,"HUMAN_OBSERVATION","iNaturalist","Observations","51254933","","ahaislip",2020-06-28 17:48:37,"CC0_1_0","ahaislip","ahaislip",NA,NA,2025-06-07 00:43:29.297,"StillImage","COORDINATE_ROUNDED;CONTINENT_DERIVED_FROM_COORDINATES;TAXON_MATCH_TAXON_ID_IGNORED"
2814371178,"50c9509d-22c7-4a22-a47d-8c48425ef4a7","https://www.inaturalist.org/observations/51835073","Animalia","Mollusca","Gastropoda","Neogastropoda","Muricidae","Urosalpinx","Urosalpinx cinerea",NA,"SPECIES","Urosalpinx cinerea (Say, 1822)","Urosalpinx cinerea","","US","","Connecticut","PRESENT",NA,"28eb1a3f-1c15-4a95-931a-4af90ecb574d",41.247525,-72.901617,NA,NA,NA,NA,NA,NA,"2020-07-02T11:29:32",2,7,2020,2304415,2304415,"HUMAN_OBSERVATION","iNaturalist","Observations","51835073","","Jessica Utrup",2020-07-03 20:50:32,"CC_BY_NC_4_0","Jessica Utrup","Jessica Utrup",NA,NA,2025-06-07 00:06:08.492,"StillImage","COORDINATE_ROUNDED;CONTINENT_DERIVED_FROM_COORDINATES;TAXON_MATCH_TAXON_ID_IGNORED"
2814186200,"50c9509d-22c7-4a22-a47d-8c48425ef4a7","https://www.inaturalist.org/observations/52012829","Animalia","Mollusca","Gastropoda","Neogastropoda","Muricidae","Urosalpinx","Urosalpinx cinerea",NA,"SPECIES","Urosalpinx cinerea (Say, 1822)","Urosalpinx cinerea","","US","","Rhode Island","PRESENT",NA,"28eb1a3f-1c15-4a95-931a-4af90ecb574d",41.742625,-71.348481,5,NA,NA,NA,NA,NA,"2020-07-04T14:16:22",4,7,2020,2304415,2304415,"HUMAN_OBSERVATION","iNaturalist","Observations","52012829","","Claude Nozères",2020-07-05 17:05:39,"CC_BY_NC_4_0","pafenton","pafenton",NA,NA,2025-06-07 00:07:03.455,"StillImage","COORDINATE_ROUNDED;CONTINENT_DERIVED_FROM_COORDINATES;TAXON_MATCH_TAXON_ID_IGNORED"
2814167708,"50c9509d-22c7-4a22-a47d-8c48425ef4a7","https://www.inaturalist.org/observations/52480752","Animalia","Mollusca","Gastropoda","Neogastropoda","Muricidae","Urosalpinx","Urosalpinx cinerea",NA,"SPECIES","Urosalpinx cinerea (Say, 1822)","Urosalpinx cinerea","","US","","North Carolina","PRESENT",NA,"28eb1a3f-1c15-4a95-931a-4af90ecb574d",33.91148,-78.131942,5,NA,NA,NA,NA,NA,"2020-07-08T17:23:44",8,7,2020,2304415,2304415,"HUMAN_OBSERVATION","iNaturalist","Observations","52480752","","mfoster57",2020-07-09 16:12:30,"CC_BY_NC_4_0","mfoster57","mfoster57",NA,NA,2025-06-07 00:43:56.021,"StillImage","COORDINATE_ROUNDED;CONTINENT_DERIVED_FROM_COORDINATES;TAXON_MATCH_TAXON_ID_IGNORED"
2803149581,"50c9509d-22c7-4a22-a47d-8c48425ef4a7","https://www.inaturalist.org/observations/50569540","Animalia","Mollusca","Gastropoda","Neogastropoda","Muricidae","Urosalpinx","Urosalpinx cinerea",NA,"SPECIES","Urosalpinx cinerea (Say, 1822)","Urosalpinx cinerea","","US","","California","PRESENT",NA,"28eb1a3f-1c15-4a95-931a-4af90ecb574d",37.569042,-122.254577,4,NA,NA,NA,NA,NA,"2020-06-22T10:03:25",22,6,2020,2304415,2304415,"HUMAN_OBSERVATION","iNaturalist","Observations","50569540","","ahaislip",2020-06-22 17:09:04,"CC0_1_0","ahaislip","ahaislip",NA,NA,2025-06-07 02:33:56.583,"StillImage","COORDINATE_ROUNDED;CONTINENT_DERIVED_FROM_COORDINATES;TAXON_MATCH_TAXON_ID_IGNORED"
2803141684,"50c9509d-22c7-4a22-a47d-8c48425ef4a7","https://www.inaturalist.org/observations/50572593","Animalia","Mollusca","Gastropoda","Neogastropoda","Muricidae","Urosalpinx","Urosalpinx cinerea",NA,"SPECIES","Urosalpinx cinerea (Say, 1822)","Urosalpinx cinerea","","US","","California","PRESENT",NA,"28eb1a3f-1c15-4a95-931a-4af90ecb574d",37.568638,-122.253755,9,NA,NA,NA,NA,NA,"2020-06-22T10:32:56",22,6,2020,2304415,2304415,"HUMAN_OBSERVATION","iNaturalist","Observations","50572593","","ahaislip",2020-06-22 17:33:16,"CC0_1_0","ahaislip","ahaislip",NA,NA,2025-06-07 00:39:38.33,"StillImage","COORDINATE_ROUNDED;CONTINENT_DERIVED_FROM_COORDINATES;TAXON_MATCH_TAXON_ID_IGNORED"
2803135357,"50c9509d-22c7-4a22-a47d-8c48425ef4a7","https://www.inaturalist.org/observations/50486613","Animalia","Mollusca","Gastropoda","Neogastropoda","Muricidae","Urosalpinx","Urosalpinx cinerea",NA,"SPECIES","Urosalpinx cinerea (Say, 1822)","Urosalpinx cinerea","","US","","California","PRESENT",NA,"28eb1a3f-1c15-4a95-931a-4af90ecb574d",37.565215,-122.252145,8,NA,NA,NA,NA,NA,"2020-06-21T16:15:30",21,6,2020,2304415,2304415,"HUMAN_OBSERVATION","iNaturalist","Observations","50486613","","ahaislip",2020-06-21 23:15:55,"CC0_1_0","ahaislip","ahaislip",NA,NA,2025-06-07 02:37:42.111,"StillImage","COORDINATE_ROUNDED;CONTINENT_DERIVED_FROM_COORDINATES;TAXON_MATCH_TAXON_ID_IGNORED"
2803108261,"50c9509d-22c7-4a22-a47d-8c48425ef4a7","https://www.inaturalist.org/observations/50299193","Animalia","Mollusca","Gastropoda","Neogastropoda","Muricidae","Urosalpinx","Urosalpinx cinerea",NA,"SPECIES","Urosalpinx cinerea (Say, 1822)","Urosalpinx cinerea","","US","","California","PRESENT",NA,"28eb1a3f-1c15-4a95-931a-4af90ecb574d",37.565914,-122.250905,4,NA,NA,NA,NA,NA,"2020-06-20T11:04:29",20,6,2020,2304415,2304415,"HUMAN_OBSERVATION","iNaturalist","Observations","50299193","","ahaislip",2020-06-20 18:05:09,"CC0_1_0","ahaislip","ahaislip",NA,NA,2025-06-07 01:08:34.702,"StillImage","COORDINATE_ROUNDED;CONTINENT_DERIVED_FROM_COORDINATES;TAXON_MATCH_TAXON_ID_IGNORED"
2803097699,"50c9509d-22c7-4a22-a47d-8c48425ef4a7","https://www.inaturalist.org/observations/50568213","Animalia","Mollusca","Gastropoda","Neogastropoda","Muricidae","Urosalpinx","Urosalpinx cinerea",NA,"SPECIES","Urosalpinx cinerea (Say, 1822)","Urosalpinx cinerea","","US","","California","PRESENT",NA,"28eb1a3f-1c15-4a95-931a-4af90ecb574d",37.56819,-122.252713,4,NA,NA,NA,NA,NA,"2020-06-22T09:56:14",22,6,2020,2304415,2304415,"HUMAN_OBSERVATION","iNaturalist","Observations","50568213","","ahaislip",2020-06-22 16:57:10,"CC0_1_0","ahaislip","ahaislip",NA,NA,2025-06-07 00:23:20.267,"StillImage","COORDINATE_ROUNDED;CONTINENT_DERIVED_FROM_COORDINATES;TAXON_MATCH_TAXON_ID_IGNORED"
2802980703,"50c9509d-22c7-4a22-a47d-8c48425ef4a7","https://www.inaturalist.org/observations/49957511","Animalia","Mollusca","Gastropoda","Neogastropoda","Muricidae","Urosalpinx","Urosalpinx cinerea",NA,"SPECIES","Urosalpinx cinerea (Say, 1822)","Urosalpinx cinerea","","US","","California","PRESENT",NA,"28eb1a3f-1c15-4a95-931a-4af90ecb574d",37.590236,-122.315807,10,NA,NA,NA,NA,NA,"2020-06-17T09:21",17,6,2020,2304415,2304415,"HUMAN_OBSERVATION","iNaturalist","Observations","49957511","","seaslugin",2020-06-17 16:30:01,"CC_BY_NC_4_0","seaslugin","seaslugin",NA,NA,2025-06-07 00:56:20.72,"StillImage","COORDINATE_ROUNDED;CONTINENT_DERIVED_FROM_COORDINATES;TAXON_MATCH_TAXON_ID_IGNORED"
2802966915,"50c9509d-22c7-4a22-a47d-8c48425ef4a7","https://www.inaturalist.org/observations/50100747","Animalia","Mollusca","Gastropoda","Neogastropoda","Muricidae","Urosalpinx","Urosalpinx cinerea",NA,"SPECIES","Urosalpinx cinerea (Say, 1822)","Urosalpinx cinerea","","US","","California","PRESENT",NA,"28eb1a3f-1c15-4a95-931a-4af90ecb574d",37.592245,-122.356812,5,NA,NA,NA,NA,NA,"2020-06-18T13:50:52",18,6,2020,2304415,2304415,"HUMAN_OBSERVATION","iNaturalist","Observations","50100747","","Parsa Fard",2020-06-19 03:03:40,"CC_BY_NC_4_0","madronyut","madronyut",NA,NA,2025-06-07 01:46:45.68,"StillImage","COORDINATE_ROUNDED;CONTINENT_DERIVED_FROM_COORDINATES;TAXON_MATCH_TAXON_ID_IGNORED"
2802952752,"50c9509d-22c7-4a22-a47d-8c48425ef4a7","https://www.inaturalist.org/observations/50572052","Animalia","Mollusca","Gastropoda","Neogastropoda","Muricidae","Urosalpinx","Urosalpinx cinerea",NA,"SPECIES","Urosalpinx cinerea (Say, 1822)","Urosalpinx cinerea","","US","","California","PRESENT",NA,"28eb1a3f-1c15-4a95-931a-4af90ecb574d",37.569233,-122.254908,27,NA,NA,NA,NA,NA,"2020-06-22T10:28:55",22,6,2020,2304415,2304415,"HUMAN_OBSERVATION","iNaturalist","Observations","50572052","","ahaislip",2020-06-22 17:29:05,"CC0_1_0","ahaislip","ahaislip",NA,NA,2025-06-07 00:26:03.96,"StillImage","COORDINATE_ROUNDED;CONTINENT_DERIVED_FROM_COORDINATES;TAXON_MATCH_TAXON_ID_IGNORED"
2802834293,"50c9509d-22c7-4a22-a47d-8c48425ef4a7","https://www.inaturalist.org/observations/50828927","Animalia","Mollusca","Gastropoda","Neogastropoda","Muricidae","Urosalpinx","Urosalpinx cinerea",NA,"SPECIES","Urosalpinx cinerea (Say, 1822)","Urosalpinx cinerea","","US","","California","PRESENT",NA,"28eb1a3f-1c15-4a95-931a-4af90ecb574d",37.560891,-122.247727,9,NA,NA,NA,NA,NA,"2020-06-24T15:59:47",24,6,2020,2304415,2304415,"HUMAN_OBSERVATION","iNaturalist","Observations","50828927","","ahaislip",2020-06-24 23:00:41,"CC0_1_0","ahaislip","ahaislip",NA,NA,2025-06-07 00:53:50.151,"StillImage","COORDINATE_ROUNDED;CONTINENT_DERIVED_FROM_COORDINATES;TAXON_MATCH_TAXON_ID_IGNORED"
2802829234,"50c9509d-22c7-4a22-a47d-8c48425ef4a7","https://www.inaturalist.org/observations/50795191","Animalia","Mollusca","Gastropoda","Neogastropoda","Muricidae","Urosalpinx","Urosalpinx cinerea",NA,"SPECIES","Urosalpinx cinerea (Say, 1822)","Urosalpinx cinerea","","US","","California","PRESENT",NA,"28eb1a3f-1c15-4a95-931a-4af90ecb574d",37.568373,-122.253123,18,NA,NA,NA,NA,NA,"2020-06-24T10:49:44",24,6,2020,2304415,2304415,"HUMAN_OBSERVATION","iNaturalist","Observations","50795191","","ahaislip",2020-06-24 17:51:30,"CC0_1_0","ahaislip","ahaislip",NA,NA,2025-06-06 23:51:27.66,"StillImage","COORDINATE_ROUNDED;CONTINENT_DERIVED_FROM_COORDINATES;TAXON_MATCH_TAXON_ID_IGNORED"
2802811691,"50c9509d-22c7-4a22-a47d-8c48425ef4a7","https://www.inaturalist.org/observations/50570347","Animalia","Mollusca","Gastropoda","Neogastropoda","Muricidae","Urosalpinx","Urosalpinx cinerea",NA,"SPECIES","Urosalpinx cinerea (Say, 1822)","Urosalpinx cinerea","","US","","California","PRESENT",NA,"28eb1a3f-1c15-4a95-931a-4af90ecb574d",37.569363,-122.255174,4,NA,NA,NA,NA,NA,"2020-06-22T10:09:39",22,6,2020,2304415,2304415,"HUMAN_OBSERVATION","iNaturalist","Observations","50570347","","ahaislip",2020-06-22 17:15:49,"CC0_1_0","ahaislip","ahaislip",NA,NA,2025-06-06 23:55:29.991,"StillImage","COORDINATE_ROUNDED;CONTINENT_DERIVED_FROM_COORDINATES;TAXON_MATCH_TAXON_ID_IGNORED"
2802806099,"50c9509d-22c7-4a22-a47d-8c48425ef4a7","https://www.inaturalist.org/observations/50795886","Animalia","Mollusca","Gastropoda","Neogastropoda","Muricidae","Urosalpinx","Urosalpinx cinerea",NA,"SPECIES","Urosalpinx cinerea (Say, 1822)","Urosalpinx cinerea","","US","","California","PRESENT",NA,"28eb1a3f-1c15-4a95-931a-4af90ecb574d",37.569361,-122.254996,16,NA,NA,NA,NA,NA,"2020-06-24T10:55:56",24,6,2020,2304415,2304415,"HUMAN_OBSERVATION","iNaturalist","Observations","50795886","","ahaislip",2020-06-24 17:56:40,"CC0_1_0","ahaislip","ahaislip",NA,NA,2025-06-07 01:17:28.221,"StillImage","COORDINATE_ROUNDED;CONTINENT_DERIVED_FROM_COORDINATES;TAXON_MATCH_TAXON_ID_IGNORED"
2802801661,"50c9509d-22c7-4a22-a47d-8c48425ef4a7","https://www.inaturalist.org/observations/50568591","Animalia","Mollusca","Gastropoda","Neogastropoda","Muricidae","Urosalpinx","Urosalpinx cinerea",NA,"SPECIES","Urosalpinx cinerea (Say, 1822)","Urosalpinx cinerea","","US","","California","PRESENT",NA,"28eb1a3f-1c15-4a95-931a-4af90ecb574d",37.568427,-122.253412,4,NA,NA,NA,NA,NA,"2020-06-22T09:59:02",22,6,2020,2304415,2304415,"HUMAN_OBSERVATION","iNaturalist","Observations","50568591","","ahaislip",2020-06-22 17:00:02,"CC0_1_0","ahaislip","ahaislip",NA,NA,2025-06-06 23:51:21.856,"StillImage","COORDINATE_ROUNDED;CONTINENT_DERIVED_FROM_COORDINATES;TAXON_MATCH_TAXON_ID_IGNORED"
2802712632,"50c9509d-22c7-4a22-a47d-8c48425ef4a7","https://www.inaturalist.org/observations/50570982","Animalia","Mollusca","Gastropoda","Neogastropoda","Muricidae","Urosalpinx","Urosalpinx cinerea",NA,"SPECIES","Urosalpinx cinerea (Say, 1822)","Urosalpinx cinerea","","US","","California","PRESENT",NA,"28eb1a3f-1c15-4a95-931a-4af90ecb574d",37.570192,-122.256628,4,NA,NA,NA,NA,NA,"2020-06-22T10:20:08",22,6,2020,2304415,2304415,"HUMAN_OBSERVATION","iNaturalist","Observations","50570982","","ahaislip",2020-06-22 17:20:19,"CC0_1_0","ahaislip","ahaislip",NA,NA,2025-06-07 00:20:37.498,"StillImage","COORDINATE_ROUNDED;CONTINENT_DERIVED_FROM_COORDINATES;TAXON_MATCH_TAXON_ID_IGNORED"
2802676425,"50c9509d-22c7-4a22-a47d-8c48425ef4a7","https://www.inaturalist.org/observations/50905371","Animalia","Mollusca","Gastropoda","Neogastropoda","Muricidae","Urosalpinx","Urosalpinx cinerea",NA,"SPECIES","Urosalpinx cinerea (Say, 1822)","Urosalpinx cinerea","","US","","California","PRESENT",NA,"28eb1a3f-1c15-4a95-931a-4af90ecb574d",37.570107,-122.256376,4,NA,NA,NA,NA,NA,"2020-06-25T10:57:33",25,6,2020,2304415,2304415,"HUMAN_OBSERVATION","iNaturalist","Observations","50905371","","ahaislip",2020-06-25 17:58:51,"CC0_1_0","ahaislip","ahaislip",NA,NA,2025-06-07 01:18:57.161,"StillImage","COORDINATE_ROUNDED;CONTINENT_DERIVED_FROM_COORDINATES;TAXON_MATCH_TAXON_ID_IGNORED"
2802610085,"50c9509d-22c7-4a22-a47d-8c48425ef4a7","https://www.inaturalist.org/observations/49649775","Animalia","Mollusca","Gastropoda","Neogastropoda","Muricidae","Urosalpinx","Urosalpinx cinerea",NA,"SPECIES","Urosalpinx cinerea (Say, 1822)","Urosalpinx cinerea","","US","","Connecticut","PRESENT",NA,"28eb1a3f-1c15-4a95-931a-4af90ecb574d",41.111458,-73.33684,NA,NA,NA,NA,NA,NA,"2020-06-14T13:12",14,6,2020,2304415,2304415,"HUMAN_OBSERVATION","iNaturalist","Observations","49649775","","Parsa Fard",2020-06-14 23:15:16,"CC_BY_4_0","Steven Bodzin","Steven Bodzin",NA,NA,2025-06-07 01:47:08.884,"StillImage","COORDINATE_ROUNDED;CONTINENT_DERIVED_FROM_COORDINATES;TAXON_MATCH_TAXON_ID_IGNORED"
2802547531,"50c9509d-22c7-4a22-a47d-8c48425ef4a7","https://www.inaturalist.org/observations/44203888","Animalia","Mollusca","Gastropoda","Neogastropoda","Muricidae","Urosalpinx","Urosalpinx cinerea",NA,"SPECIES","Urosalpinx cinerea (Say, 1822)","Urosalpinx cinerea","","US","","Connecticut","PRESENT",NA,"28eb1a3f-1c15-4a95-931a-4af90ecb574d",41.299187,-72.113333,89,NA,NA,NA,NA,NA,"2020-04-28T17:45:55",28,4,2020,2304415,2304415,"HUMAN_OBSERVATION","iNaturalist","Observations","44203888","","Parsa Fard",2020-04-29 03:27:46,"CC_BY_4_0","Sawyer Baran","Sawyer Baran",NA,NA,2025-06-07 01:38:53.911,"","COORDINATE_ROUNDED;CONTINENT_DERIVED_FROM_COORDINATES;TAXON_MATCH_TAXON_ID_IGNORED"
2634409756,"50c9509d-22c7-4a22-a47d-8c48425ef4a7","https://www.inaturalist.org/observations/47415745","Animalia","Mollusca","Gastropoda","Neogastropoda","Muricidae","Urosalpinx","Urosalpinx cinerea",NA,"SPECIES","Urosalpinx cinerea (Say, 1822)","Urosalpinx cinerea","","US","","Virginia","PRESENT",NA,"28eb1a3f-1c15-4a95-931a-4af90ecb574d",37.934826,-75.416695,193,NA,NA,NA,NA,NA,"2020-05-25T14:40",25,5,2020,2304415,2304415,"HUMAN_OBSERVATION","iNaturalist","Observations","47415745","","Kathy Richardson",2020-05-26 16:53:00,"CC_BY_4_0","Kathy Richardson","Kathy Richardson",NA,NA,2025-06-07 01:40:12.76,"StillImage","COORDINATE_ROUNDED;CONTINENT_DERIVED_FROM_COORDINATES;TAXON_MATCH_TAXON_ID_IGNORED"
2626668647,"50c9509d-22c7-4a22-a47d-8c48425ef4a7","https://www.inaturalist.org/observations/45395263","Animalia","Mollusca","Gastropoda","Neogastropoda","Muricidae","Urosalpinx","Urosalpinx cinerea",NA,"SPECIES","Urosalpinx cinerea (Say, 1822)","Urosalpinx cinerea","","US","","Massachusetts","PRESENT",NA,"28eb1a3f-1c15-4a95-931a-4af90ecb574d",41.72315,-70.728871,67,NA,NA,NA,NA,NA,"2020-05-09T14:00",9,5,2020,2304415,2304415,"HUMAN_OBSERVATION","iNaturalist","Observations","45395263","","sea_tea",2020-05-09 19:01:52,"CC_BY_NC_4_0","sea_tea","sea_tea",NA,NA,2025-06-07 01:48:51.9,"StillImage","COORDINATE_ROUNDED;CONTINENT_DERIVED_FROM_COORDINATES;TAXON_MATCH_TAXON_ID_IGNORED"
2626474825,"50c9509d-22c7-4a22-a47d-8c48425ef4a7","https://www.inaturalist.org/observations/46529779","Animalia","Mollusca","Gastropoda","Neogastropoda","Muricidae","Urosalpinx","Urosalpinx cinerea",NA,"SPECIES","Urosalpinx cinerea (Say, 1822)","Urosalpinx cinerea","","US","","California","PRESENT",NA,"28eb1a3f-1c15-4a95-931a-4af90ecb574d",37.572792,-122.297024,7,NA,NA,NA,NA,NA,"2020-05-13T10:38",13,5,2020,2304415,2304415,"HUMAN_OBSERVATION","iNaturalist","Observations","46529779","","sea-kangaroo",2020-05-19 21:14:54,"CC_BY_4_0","sea-kangaroo","sea-kangaroo",NA,NA,2025-06-07 00:34:44.805,"StillImage","COORDINATE_ROUNDED;CONTINENT_DERIVED_FROM_COORDINATES;TAXON_MATCH_TAXON_ID_IGNORED"
2626300628,"50c9509d-22c7-4a22-a47d-8c48425ef4a7","https://www.inaturalist.org/observations/46430531","Animalia","Mollusca","Gastropoda","Neogastropoda","Muricidae","Urosalpinx","Urosalpinx cinerea",NA,"SPECIES","Urosalpinx cinerea (Say, 1822)","Urosalpinx cinerea","","US","","New York","PRESENT",NA,"28eb1a3f-1c15-4a95-931a-4af90ecb574d",40.850578,-73.816197,10,NA,NA,NA,NA,NA,"2020-05-18T13:28:12",18,5,2020,2304415,2304415,"HUMAN_OBSERVATION","iNaturalist","Observations","46430531","","Susan J. Hewitt",2020-05-18 23:03:32,"CC_BY_NC_4_0","Susan J. Hewitt","Susan J. Hewitt",NA,NA,2025-06-07 00:42:55.175,"StillImage","COORDINATE_ROUNDED;CONTINENT_DERIVED_FROM_COORDINATES;TAXON_MATCH_TAXON_ID_IGNORED"
2611371639,"50c9509d-22c7-4a22-a47d-8c48425ef4a7","https://www.inaturalist.org/observations/44057221","Animalia","Mollusca","Gastropoda","Neogastropoda","Muricidae","Urosalpinx","Urosalpinx cinerea",NA,"SPECIES","Urosalpinx cinerea (Say, 1822)","Urosalpinx cinerea","","US","","Connecticut","PRESENT",NA,"28eb1a3f-1c15-4a95-931a-4af90ecb574d",41.099511,-73.415528,4,NA,NA,NA,NA,NA,"2020-04-27T15:17:50",27,4,2020,2304415,2304415,"HUMAN_OBSERVATION","iNaturalist","Observations","44057221","","Nicki Fallon",2020-04-28 02:08:18,"CC_BY_NC_4_0","Nicki Fallon","Nicki Fallon",NA,NA,2025-06-07 00:55:19.512,"StillImage","COORDINATE_ROUNDED;CONTINENT_DERIVED_FROM_COORDINATES;TAXON_MATCH_TAXON_ID_IGNORED"
2611272378,"50c9509d-22c7-4a22-a47d-8c48425ef4a7","https://www.inaturalist.org/observations/44012403","Animalia","Mollusca","Gastropoda","Neogastropoda","Muricidae","Urosalpinx","Urosalpinx cinerea",NA,"SPECIES","Urosalpinx cinerea (Say, 1822)","Urosalpinx cinerea","","US","","New York","PRESENT",NA,"28eb1a3f-1c15-4a95-931a-4af90ecb574d",40.788732,-73.933124,10,NA,NA,NA,NA,NA,"2020-04-27T09:41:38",27,4,2020,2304415,2304415,"HUMAN_OBSERVATION","iNaturalist","Observations","44012403","","Susan J. Hewitt",2020-04-27 22:47:51,"CC_BY_NC_4_0","Susan J. Hewitt","Susan J. Hewitt",NA,NA,2025-06-07 02:36:37.272,"StillImage","COORDINATE_ROUNDED;CONTINENT_DERIVED_FROM_COORDINATES;TAXON_MATCH_TAXON_ID_IGNORED"
2610957662,"50c9509d-22c7-4a22-a47d-8c48425ef4a7","https://www.inaturalist.org/observations/43237383","Animalia","Mollusca","Gastropoda","Neogastropoda","Muricidae","Urosalpinx","Urosalpinx cinerea",NA,"SPECIES","Urosalpinx cinerea (Say, 1822)","Urosalpinx cinerea","","US","","California","PRESENT",NA,"28eb1a3f-1c15-4a95-931a-4af90ecb574d",37.59175,-122.32061,19,NA,NA,NA,NA,NA,"2020-04-24T11:04:20",24,4,2020,2304415,2304415,"HUMAN_OBSERVATION","iNaturalist","Observations","43237383","","catbrett",2020-04-25 02:13:39,"CC_BY_NC_4_0","catbrett","catbrett",NA,NA,2025-06-07 00:04:42.827,"StillImage","COORDINATE_ROUNDED;CONTINENT_DERIVED_FROM_COORDINATES;TAXON_MATCH_TAXON_ID_IGNORED"
2603335047,"50c9509d-22c7-4a22-a47d-8c48425ef4a7","https://www.inaturalist.org/observations/41870928","Animalia","Mollusca","Gastropoda","Neogastropoda","Muricidae","Urosalpinx","Urosalpinx cinerea",NA,"SPECIES","Urosalpinx cinerea (Say, 1822)","Urosalpinx cinerea","","US","","New York","PRESENT",NA,"28eb1a3f-1c15-4a95-931a-4af90ecb574d",40.904386,-72.580023,995,NA,NA,NA,NA,NA,"2020-02-08T18:19",8,2,2020,2304415,2304415,"HUMAN_OBSERVATION","iNaturalist","Observations","41870928","","Parsa Fard",2020-04-11 06:24:17,"CC_BY_NC_4_0","Cole Tiemann","Cole Tiemann",NA,NA,2025-06-07 00:09:45.053,"StillImage","COORDINATE_ROUNDED;CONTINENT_DERIVED_FROM_COORDINATES;TAXON_MATCH_TAXON_ID_IGNORED"
2597886711,"50c9509d-22c7-4a22-a47d-8c48425ef4a7","https://www.inaturalist.org/observations/5949230","Animalia","Mollusca","Gastropoda","Neogastropoda","Muricidae","Urosalpinx","Urosalpinx cinerea",NA,"SPECIES","Urosalpinx cinerea (Say, 1822)","Urosalpinx cinerea","","US","","California","PRESENT",NA,"28eb1a3f-1c15-4a95-931a-4af90ecb574d",37.767556,-122.278157,24,NA,NA,NA,NA,NA,"2017-04-22T15:40:34",22,4,2017,2304415,2304415,"HUMAN_OBSERVATION","iNaturalist","Observations","5949230","","cizauskas",2017-04-25 05:19:01,"CC_BY_NC_4_0","cizauskas","cizauskas",NA,NA,2025-06-07 00:43:35.986,"StillImage","COORDINATE_ROUNDED;CONTINENT_DERIVED_FROM_COORDINATES;TAXON_MATCH_TAXON_ID_IGNORED"
2597861767,"50c9509d-22c7-4a22-a47d-8c48425ef4a7","https://www.inaturalist.org/observations/31069161","Animalia","Mollusca","Gastropoda","Neogastropoda","Muricidae","Urosalpinx","Urosalpinx cinerea",NA,"SPECIES","Urosalpinx cinerea (Say, 1822)","Urosalpinx cinerea","","US","","New York","PRESENT",NA,"28eb1a3f-1c15-4a95-931a-4af90ecb574d",40.9104,-73.212072,NA,NA,NA,NA,NA,NA,"2019-08-16T15:47",16,8,2019,2304415,2304415,"HUMAN_OBSERVATION","iNaturalist","Observations","31069161","","Sequoia Janirella Wrens",2019-08-18 18:29:58,"CC0_1_0","Sequoia Janirella Wrens","Sequoia Janirella Wrens",NA,NA,2025-06-07 00:58:46.101,"StillImage","COORDINATE_ROUNDED;CONTINENT_DERIVED_FROM_COORDINATES;TAXON_MATCH_TAXON_ID_IGNORED"
2597846804,"50c9509d-22c7-4a22-a47d-8c48425ef4a7","https://www.inaturalist.org/observations/32339099","Animalia","Mollusca","Gastropoda","Neogastropoda","Muricidae","Urosalpinx","Urosalpinx cinerea",NA,"SPECIES","Urosalpinx cinerea (Say, 1822)","Urosalpinx cinerea","","US","","New York","PRESENT",NA,"28eb1a3f-1c15-4a95-931a-4af90ecb574d",40.826389,-73.731392,NA,NA,NA,NA,NA,NA,"2019-09-02T19:00:53",2,9,2019,2304415,2304415,"HUMAN_OBSERVATION","iNaturalist","Observations","32339099","","Susan J. Hewitt",2019-09-08 14:34:33,"CC_BY_4_0","Astra","Astra",NA,NA,2025-06-07 02:32:25.21,"StillImage","COORDINATE_ROUNDED;CONTINENT_DERIVED_FROM_COORDINATES;TAXON_MATCH_TAXON_ID_IGNORED"
2597819714,"50c9509d-22c7-4a22-a47d-8c48425ef4a7","https://www.inaturalist.org/observations/6800230","Animalia","Mollusca","Gastropoda","Neogastropoda","Muricidae","Urosalpinx","Urosalpinx cinerea",NA,"SPECIES","Urosalpinx cinerea (Say, 1822)","Urosalpinx cinerea","","US","","New York","PRESENT",NA,"28eb1a3f-1c15-4a95-931a-4af90ecb574d",40.789675,-73.932604,13,NA,NA,NA,NA,NA,"2017-06-25T17:14:43",25,6,2017,2304415,2304415,"HUMAN_OBSERVATION","iNaturalist","Observations","6800230","","Susan J. Hewitt",2017-06-26 00:51:54,"CC_BY_NC_4_0","Susan J. Hewitt","Susan J. Hewitt",NA,NA,2025-06-07 01:30:11.965,"StillImage","CONTINENT_DERIVED_FROM_COORDINATES;TAXON_MATCH_TAXON_ID_IGNORED"
2597738729,"50c9509d-22c7-4a22-a47d-8c48425ef4a7","https://www.inaturalist.org/observations/23040927","Animalia","Mollusca","Gastropoda","Neogastropoda","Muricidae","Urosalpinx","Urosalpinx cinerea",NA,"SPECIES","Urosalpinx cinerea (Say, 1822)","Urosalpinx cinerea","","US","","California","PRESENT",NA,"28eb1a3f-1c15-4a95-931a-4af90ecb574d",37.544788,-122.225922,5,NA,NA,NA,NA,NA,"2019-04-24T22:33:20",24,4,2019,2304415,2304415,"HUMAN_OBSERVATION","iNaturalist","Observations","23040927","","Ulysses M",2019-04-25 08:24:54,"CC_BY_NC_4_0","Ulysses M","Ulysses M",NA,NA,2025-06-06 23:49:14.804,"StillImage","COORDINATE_ROUNDED;CONTINENT_DERIVED_FROM_COORDINATES;TAXON_MATCH_TAXON_ID_IGNORED"
2597735744,"50c9509d-22c7-4a22-a47d-8c48425ef4a7","https://www.inaturalist.org/observations/26404870","Animalia","Mollusca","Gastropoda","Neogastropoda","Muricidae","Urosalpinx","Urosalpinx cinerea",NA,"SPECIES","Urosalpinx cinerea (Say, 1822)","Urosalpinx cinerea","","US","","California","PRESENT",NA,"28eb1a3f-1c15-4a95-931a-4af90ecb574d",37.778376,-122.25113,10,NA,NA,NA,NA,NA,"2019-06-04T13:21",4,6,2019,2304415,2304415,"HUMAN_OBSERVATION","iNaturalist","Observations","26404870","","seaslugin",2019-06-04 20:49:03,"CC_BY_NC_4_0","seaslugin","seaslugin",NA,NA,2025-06-06 23:50:55.197,"StillImage","COORDINATE_ROUNDED;CONTINENT_DERIVED_FROM_COORDINATES;TAXON_MATCH_TAXON_ID_IGNORED"
2597719748,"50c9509d-22c7-4a22-a47d-8c48425ef4a7","https://www.inaturalist.org/observations/25842372","Animalia","Mollusca","Gastropoda","Neogastropoda","Muricidae","Urosalpinx","Urosalpinx cinerea",NA,"SPECIES","Urosalpinx cinerea (Say, 1822)","Urosalpinx cinerea","","US","","California","PRESENT",NA,"28eb1a3f-1c15-4a95-931a-4af90ecb574d",37.57866,-122.30982,10,NA,NA,NA,NA,NA,"2019-05-23T11:14",23,5,2019,2304415,2304415,"HUMAN_OBSERVATION","iNaturalist","Observations","25842372","","sea-kangaroo",2019-05-26 23:32:21,"CC_BY_4_0","sea-kangaroo","sea-kangaroo",NA,NA,2025-06-06 23:50:27.367,"StillImage","CONTINENT_DERIVED_FROM_COORDINATES;TAXON_MATCH_TAXON_ID_IGNORED"
2597681814,"50c9509d-22c7-4a22-a47d-8c48425ef4a7","https://www.inaturalist.org/observations/34367119","Animalia","Mollusca","Gastropoda","Neogastropoda","Muricidae","Urosalpinx","Urosalpinx cinerea",NA,"SPECIES","Urosalpinx cinerea (Say, 1822)","Urosalpinx cinerea","","US","","New York","PRESENT",NA,"28eb1a3f-1c15-4a95-931a-4af90ecb574d",40.678626,-74.018258,8,NA,NA,NA,NA,NA,"2019-10-14T11:16",14,10,2019,2304415,2304415,"HUMAN_OBSERVATION","iNaturalist","Observations","34367119","","matthew_wills",2019-10-18 21:43:09,"CC_BY_NC_4_0","matthew_wills","matthew_wills",NA,NA,2025-06-07 00:33:58.673,"StillImage","COORDINATE_ROUNDED;CONTINENT_DERIVED_FROM_COORDINATES;TAXON_MATCH_TAXON_ID_IGNORED"
2597680726,"50c9509d-22c7-4a22-a47d-8c48425ef4a7","https://www.inaturalist.org/observations/21273720","Animalia","Mollusca","Gastropoda","Neogastropoda","Muricidae","Urosalpinx","Urosalpinx cinerea",NA,"SPECIES","Urosalpinx cinerea (Say, 1822)","Urosalpinx cinerea","","US","","California","PRESENT",NA,"28eb1a3f-1c15-4a95-931a-4af90ecb574d",37.564292,-122.249497,4,NA,NA,NA,NA,NA,"2019-03-15T14:53:14",15,3,2019,2304415,2304415,"HUMAN_OBSERVATION","iNaturalist","Observations","21273720","","Cat Chang",2019-03-16 01:29:28,"CC_BY_NC_4_0","Cat Chang","Cat Chang",NA,NA,2025-06-07 01:22:51.91,"StillImage","COORDINATE_ROUNDED;CONTINENT_DERIVED_FROM_COORDINATES;TAXON_MATCH_TAXON_ID_IGNORED"
2597680719,"50c9509d-22c7-4a22-a47d-8c48425ef4a7","https://www.inaturalist.org/observations/7282077","Animalia","Mollusca","Gastropoda","Neogastropoda","Muricidae","Urosalpinx","Urosalpinx cinerea",NA,"SPECIES","Urosalpinx cinerea (Say, 1822)","Urosalpinx cinerea","","US","","New York","PRESENT",NA,"28eb1a3f-1c15-4a95-931a-4af90ecb574d",40.789439,-73.932765,23,NA,NA,NA,NA,NA,"2017-07-30T12:28:44",30,7,2017,2304415,2304415,"HUMAN_OBSERVATION","iNaturalist","Observations","7282077","","Susan J. Hewitt",2017-07-30 23:28:18,"CC_BY_NC_4_0","Susan J. Hewitt","Susan J. Hewitt",NA,NA,2025-06-06 23:48:39.518,"StillImage","CONTINENT_DERIVED_FROM_COORDINATES;TAXON_MATCH_TAXON_ID_IGNORED"
2597680461,"50c9509d-22c7-4a22-a47d-8c48425ef4a7","https://www.inaturalist.org/observations/19989966","Animalia","Mollusca","Gastropoda","Neogastropoda","Muricidae","Urosalpinx","Urosalpinx cinerea",NA,"SPECIES","Urosalpinx cinerea (Say, 1822)","Urosalpinx cinerea","","US","","California","PRESENT",NA,"28eb1a3f-1c15-4a95-931a-4af90ecb574d",37.5637,-122.249275,24,NA,NA,NA,NA,NA,"2019-01-24T16:02",24,1,2019,2304415,2304415,"HUMAN_OBSERVATION","iNaturalist","Observations","19989966","","sea-kangaroo",2019-01-31 16:52:19,"CC_BY_4_0","sea-kangaroo","sea-kangaroo",NA,NA,2025-06-07 02:33:36.158,"StillImage","COORDINATE_ROUNDED;CONTINENT_DERIVED_FROM_COORDINATES;TAXON_MATCH_TAXON_ID_IGNORED"
2597680075,"50c9509d-22c7-4a22-a47d-8c48425ef4a7","https://www.inaturalist.org/observations/19114124","Animalia","Mollusca","Gastropoda","Neogastropoda","Muricidae","Urosalpinx","Urosalpinx cinerea",NA,"SPECIES","Urosalpinx cinerea (Say, 1822)","Urosalpinx cinerea","","US","","California","PRESENT",NA,"28eb1a3f-1c15-4a95-931a-4af90ecb574d",37.562677,-122.248602,39,NA,NA,NA,NA,NA,"2018-11-24T08:49",24,11,2018,2304415,2304415,"HUMAN_OBSERVATION","iNaturalist","Observations","19114124","","sea-kangaroo",2018-12-20 05:31:25,"CC_BY_4_0","sea-kangaroo","sea-kangaroo",NA,NA,2025-06-07 01:33:38.695,"StillImage","COORDINATE_ROUNDED;CONTINENT_DERIVED_FROM_COORDINATES;TAXON_MATCH_TAXON_ID_IGNORED"
2597679359,"50c9509d-22c7-4a22-a47d-8c48425ef4a7","http://www.inaturalist.org/observations/1696149","Animalia","Mollusca","Gastropoda","Neogastropoda","Muricidae","Urosalpinx","Urosalpinx cinerea",NA,"SPECIES","Urosalpinx cinerea (Say, 1822)","Urosalpinx cinerea","","US","","California","PRESENT",NA,"28eb1a3f-1c15-4a95-931a-4af90ecb574d",38.116728,-122.87105,NA,NA,NA,NA,NA,NA,"2015-06-26T15:20:24",26,6,2015,2304415,2304415,"HUMAN_OBSERVATION","iNaturalist","Observations","1696149","","Phil Liff-Grieff",2016-08-21 17:14:48,"CC0_1_0","Alison Young","Alison Young",NA,NA,2025-06-06 23:47:27.488,"StillImage","COORDINATE_ROUNDED;CONTINENT_DERIVED_FROM_COORDINATES;TAXON_MATCH_TAXON_ID_IGNORED"
2596277013,"50c9509d-22c7-4a22-a47d-8c48425ef4a7","https://www.inaturalist.org/observations/36051194","Animalia","Mollusca","Gastropoda","Neogastropoda","Muricidae","Urosalpinx","Urosalpinx cinerea",NA,"SPECIES","Urosalpinx cinerea (Say, 1822)","Urosalpinx cinerea","","US","","Connecticut","PRESENT",NA,"28eb1a3f-1c15-4a95-931a-4af90ecb574d",41.194375,-73.060486,19,NA,NA,NA,NA,NA,"2019-11-10T14:49:02",10,11,2019,2304415,2304415,"HUMAN_OBSERVATION","iNaturalist","Observations","36051194","","Phil Liff-Grieff",2019-11-25 07:07:42,"CC_BY_NC_4_0","Jeremiah Smith","Jeremiah Smith",NA,NA,2025-06-07 01:24:29.142,"StillImage","COORDINATE_ROUNDED;CONTINENT_DERIVED_FROM_COORDINATES;TAXON_MATCH_TAXON_ID_IGNORED"
2596243951,"50c9509d-22c7-4a22-a47d-8c48425ef4a7","https://www.inaturalist.org/observations/29128715","Animalia","Mollusca","Gastropoda","Neogastropoda","Muricidae","Urosalpinx","Urosalpinx cinerea",NA,"SPECIES","Urosalpinx cinerea (Say, 1822)","Urosalpinx cinerea","","US","","Virginia","PRESENT",NA,"28eb1a3f-1c15-4a95-931a-4af90ecb574d",37.93471,-75.428295,2174,NA,NA,NA,NA,NA,"2018-10-21T13:10:57",21,10,2018,2304415,2304415,"HUMAN_OBSERVATION","iNaturalist","Observations","29128715","","twhitford",2019-07-19 22:58:07,"CC_BY_NC_4_0","twhitford","twhitford",NA,NA,2025-06-07 01:46:16.006,"StillImage","COORDINATE_ROUNDED;CONTINENT_DERIVED_FROM_COORDINATES;TAXON_MATCH_TAXON_ID_IGNORED"
2574191730,"50c9509d-22c7-4a22-a47d-8c48425ef4a7","https://www.inaturalist.org/observations/38184764","Animalia","Mollusca","Gastropoda","Neogastropoda","Muricidae","Urosalpinx","Urosalpinx cinerea",NA,"SPECIES","Urosalpinx cinerea (Say, 1822)","Urosalpinx cinerea","","US","","New Jersey","PRESENT",NA,"28eb1a3f-1c15-4a95-931a-4af90ecb574d",40.406442,-73.981496,5,NA,NA,NA,NA,NA,"2020-02-01T11:50:59",1,2,2020,2304415,2304415,"HUMAN_OBSERVATION","iNaturalist","Observations","38184764","","adeshewa",2020-02-01 16:51:20,"CC_BY_NC_4_0","adeshewa","adeshewa",NA,NA,2025-06-07 02:34:26.524,"StillImage","COORDINATE_ROUNDED;CONTINENT_DERIVED_FROM_COORDINATES;TAXON_MATCH_TAXON_ID_IGNORED"
2574102787,"50c9509d-22c7-4a22-a47d-8c48425ef4a7","https://www.inaturalist.org/observations/38184552","Animalia","Mollusca","Gastropoda","Neogastropoda","Muricidae","Urosalpinx","Urosalpinx cinerea",NA,"SPECIES","Urosalpinx cinerea (Say, 1822)","Urosalpinx cinerea","","US","","New Jersey","PRESENT",NA,"28eb1a3f-1c15-4a95-931a-4af90ecb574d",40.406374,-73.98141,9,NA,NA,NA,NA,NA,"2020-02-01T11:42:40",1,2,2020,2304415,2304415,"HUMAN_OBSERVATION","iNaturalist","Observations","38184552","","ak1643",2020-02-01 16:42:59,"CC_BY_NC_4_0","ak1643","ak1643",NA,NA,2025-06-07 01:27:43.236,"StillImage","COORDINATE_ROUNDED;CONTINENT_DERIVED_FROM_COORDINATES;TAXON_MATCH_TAXON_ID_IGNORED"
2573993698,"50c9509d-22c7-4a22-a47d-8c48425ef4a7","https://www.inaturalist.org/observations/38184041","Animalia","Mollusca","Gastropoda","Neogastropoda","Muricidae","Urosalpinx","Urosalpinx cinerea",NA,"SPECIES","Urosalpinx cinerea (Say, 1822)","Urosalpinx cinerea","","US","","New Jersey","PRESENT",NA,"28eb1a3f-1c15-4a95-931a-4af90ecb574d",40.405116,-73.980744,24,NA,NA,NA,NA,NA,"2020-02-01T11:22:54",1,2,2020,2304415,2304415,"HUMAN_OBSERVATION","iNaturalist","Observations","38184041","","mjy9",2020-02-01 16:24:17,"CC_BY_NC_4_0","mjy9","mjy9",NA,NA,2025-06-07 01:16:19.295,"StillImage","COORDINATE_ROUNDED;CONTINENT_DERIVED_FROM_COORDINATES;TAXON_MATCH_TAXON_ID_IGNORED"
2573921650,"50c9509d-22c7-4a22-a47d-8c48425ef4a7","https://www.inaturalist.org/observations/38184039","Animalia","Mollusca","Gastropoda","Neogastropoda","Muricidae","Urosalpinx","Urosalpinx cinerea",NA,"SPECIES","Urosalpinx cinerea (Say, 1822)","Urosalpinx cinerea","","US","","New Jersey","PRESENT",NA,"28eb1a3f-1c15-4a95-931a-4af90ecb574d",40.405098,-73.980747,5,NA,NA,NA,NA,NA,"2020-02-01T11:23:34",1,2,2020,2304415,2304415,"HUMAN_OBSERVATION","iNaturalist","Observations","38184039","","daniellehurst",2020-02-01 16:24:15,"CC_BY_NC_4_0","daniellehurst","daniellehurst",NA,NA,2025-06-07 01:06:32.059,"StillImage","COORDINATE_ROUNDED;CONTINENT_DERIVED_FROM_COORDINATES;TAXON_MATCH_TAXON_ID_IGNORED"
2563772502,"50c9509d-22c7-4a22-a47d-8c48425ef4a7","https://www.inaturalist.org/observations/8821140","Animalia","Mollusca","Gastropoda","Neogastropoda","Muricidae","Urosalpinx","Urosalpinx cinerea",NA,"SPECIES","Urosalpinx cinerea (Say, 1822)","Urosalpinx cinerea","","US","","New York","PRESENT",NA,"28eb1a3f-1c15-4a95-931a-4af90ecb574d",40.789224,-73.932889,20,NA,NA,NA,NA,NA,"2017-11-15T14:17:55",15,11,2017,2304415,2304415,"HUMAN_OBSERVATION","iNaturalist","Observations","8821140","","Susan J. Hewitt",2017-11-15 22:01:24,"CC_BY_NC_4_0","Susan J. Hewitt","Susan J. Hewitt",NA,NA,2025-06-07 02:31:41.536,"StillImage","CONTINENT_DERIVED_FROM_COORDINATES;TAXON_MATCH_TAXON_ID_IGNORED"
2563735204,"50c9509d-22c7-4a22-a47d-8c48425ef4a7","https://www.inaturalist.org/observations/8821013","Animalia","Mollusca","Gastropoda","Neogastropoda","Muricidae","Urosalpinx","Urosalpinx cinerea",NA,"SPECIES","Urosalpinx cinerea (Say, 1822)","Urosalpinx cinerea","","US","","New York","PRESENT",NA,"28eb1a3f-1c15-4a95-931a-4af90ecb574d",40.789086,-73.932953,12,NA,NA,NA,NA,NA,"2017-11-15T13:55:02",15,11,2017,2304415,2304415,"HUMAN_OBSERVATION","iNaturalist","Observations","8821013","","Susan J. Hewitt",2017-11-15 21:46:36,"CC_BY_NC_4_0","Susan J. Hewitt","Susan J. Hewitt",NA,NA,2025-06-07 01:19:59.667,"StillImage","CONTINENT_DERIVED_FROM_COORDINATES;TAXON_MATCH_TAXON_ID_IGNORED"
2563630465,"50c9509d-22c7-4a22-a47d-8c48425ef4a7","https://www.inaturalist.org/observations/38062327","Animalia","Mollusca","Gastropoda","Neogastropoda","Muricidae","Urosalpinx","Urosalpinx cinerea",NA,"SPECIES","Urosalpinx cinerea (Say, 1822)","Urosalpinx cinerea","","US","","New Jersey","PRESENT",NA,"28eb1a3f-1c15-4a95-931a-4af90ecb574d",40.419522,-73.990678,NA,NA,NA,NA,NA,NA,"2017-01-01T16:01:29",1,1,2017,2304415,2304415,"HUMAN_OBSERVATION","iNaturalist","Observations","38062327","","gwt2102",2020-01-28 16:55:41,"CC_BY_NC_4_0","gwt2102","gwt2102",NA,NA,2025-06-07 00:32:16.848,"StillImage","COORDINATE_ROUNDED;CONTINENT_DERIVED_FROM_COORDINATES;TAXON_MATCH_TAXON_ID_IGNORED"
2563606126,"50c9509d-22c7-4a22-a47d-8c48425ef4a7","https://www.inaturalist.org/observations/37993983","Animalia","Mollusca","Gastropoda","Neogastropoda","Muricidae","Urosalpinx","Urosalpinx cinerea",NA,"SPECIES","Urosalpinx cinerea (Say, 1822)","Urosalpinx cinerea","","US","","New York","PRESENT",NA,"28eb1a3f-1c15-4a95-931a-4af90ecb574d",40.675118,-74.018975,NA,NA,NA,NA,NA,NA,"2020-01-12T16:15",12,1,2020,2304415,2304415,"HUMAN_OBSERVATION","iNaturalist","Observations","37993983","","Jacob Peacock",2020-01-26 18:13:48,"CC_BY_NC_4_0","Jacob Peacock","Jacob Peacock",NA,NA,2025-06-07 00:42:32.945,"StillImage","COORDINATE_ROUNDED;CONTINENT_DERIVED_FROM_COORDINATES;TAXON_MATCH_TAXON_ID_IGNORED"
2550027507,"50c9509d-22c7-4a22-a47d-8c48425ef4a7","http://www.inaturalist.org/observations/3801133","Animalia","Mollusca","Gastropoda","Neogastropoda","Muricidae","Urosalpinx","Urosalpinx cinerea",NA,"SPECIES","Urosalpinx cinerea (Say, 1822)","Urosalpinx cinerea","","US","","California","PRESENT",NA,"28eb1a3f-1c15-4a95-931a-4af90ecb574d",37.836673,-122.300543,NA,NA,NA,NA,NA,NA,"2016-07-31T07:24",31,7,2016,2304415,2304415,"HUMAN_OBSERVATION","iNaturalist","Observations","3801133","","Susan J. Hewitt",2016-08-04 18:01:45,"CC0_1_0","Jesse Rorabaugh","Jesse Rorabaugh",NA,NA,2025-06-07 00:37:59.416,"StillImage","COORDINATE_ROUNDED;CONTINENT_DERIVED_FROM_COORDINATES;TAXON_MATCH_TAXON_ID_IGNORED"
2550019401,"50c9509d-22c7-4a22-a47d-8c48425ef4a7","http://www.inaturalist.org/observations/645049","Animalia","Mollusca","Gastropoda","Neogastropoda","Muricidae","Urosalpinx","Urosalpinx cinerea",NA,"SPECIES","Urosalpinx cinerea (Say, 1822)","Urosalpinx cinerea","","US","","California","PRESENT",NA,"28eb1a3f-1c15-4a95-931a-4af90ecb574d",37.845915,-122.30077,8,NA,NA,NA,NA,NA,"2014-04-26T16:40",26,4,2014,2304415,2304415,"HUMAN_OBSERVATION","iNaturalist","Observations","645049","","Brian Martin",2017-05-29 14:45:27,"CC_BY_NC_4_0","Brian Martin","Brian Martin",NA,NA,2025-06-07 00:27:32.41,"StillImage","CONTINENT_DERIVED_FROM_COORDINATES;TAXON_MATCH_TAXON_ID_IGNORED"
2543053904,"50c9509d-22c7-4a22-a47d-8c48425ef4a7","https://www.inaturalist.org/observations/37075759","Animalia","Mollusca","Gastropoda","Neogastropoda","Muricidae","Urosalpinx","Urosalpinx cinerea",NA,"SPECIES","Urosalpinx cinerea (Say, 1822)","Urosalpinx cinerea","","US","","Rhode Island","PRESENT",NA,"28eb1a3f-1c15-4a95-931a-4af90ecb574d",41.486106,-71.23745,NA,NA,NA,NA,NA,NA,"2019-09-28T11:36",28,9,2019,2304415,2304415,"HUMAN_OBSERVATION","iNaturalist","Observations","37075759","","Parsa Fard",2019-12-30 02:27:46,"CC_BY_NC_4_0","Brian Wulker","Brian Wulker",NA,NA,2025-06-06 23:50:36.317,"StillImage","COORDINATE_ROUNDED;CONTINENT_DERIVED_FROM_COORDINATES;TAXON_MATCH_TAXON_ID_IGNORED"
2542899362,"50c9509d-22c7-4a22-a47d-8c48425ef4a7","https://www.inaturalist.org/observations/29092755","Animalia","Mollusca","Gastropoda","Neogastropoda","Muricidae","Urosalpinx","Urosalpinx cinerea",NA,"SPECIES","Urosalpinx cinerea (Say, 1822)","Urosalpinx cinerea","","US","","Maine","PRESENT",NA,"28eb1a3f-1c15-4a95-931a-4af90ecb574d",43.85369,-70.027284,10,NA,NA,NA,NA,NA,"2019-07-18T18:23:18",18,7,2019,2304415,2304415,"HUMAN_OBSERVATION","iNaturalist","Observations","29092755","","Tom French",2020-01-02 05:15:53,"CC_BY_NC_4_0","serracaris","serracaris",NA,NA,2025-06-07 01:14:28.666,"StillImage","COORDINATE_ROUNDED;CONTINENT_DERIVED_FROM_COORDINATES;TAXON_MATCH_TAXON_ID_IGNORED"
2540883604,"50c9509d-22c7-4a22-a47d-8c48425ef4a7","https://www.inaturalist.org/observations/4858017","Animalia","Mollusca","Gastropoda","Neogastropoda","Muricidae","Urosalpinx","Urosalpinx cinerea",NA,"SPECIES","Urosalpinx cinerea (Say, 1822)","Urosalpinx cinerea","","US","","Connecticut","PRESENT",NA,"28eb1a3f-1c15-4a95-931a-4af90ecb574d",41.268124,-72.52021,NA,NA,NA,NA,NA,NA,"2016-12-28T12:35:53",28,12,2016,2304415,2304415,"HUMAN_OBSERVATION","iNaturalist","Observations","4858017","","Susan J. Hewitt",2016-12-28 20:33:19,"CC0_1_0","Ken-ichi Ueda","Ken-ichi Ueda",NA,NA,2025-06-06 23:48:17.689,"StillImage","COORDINATE_ROUNDED;CONTINENT_DERIVED_FROM_COORDINATES;TAXON_MATCH_TAXON_ID_IGNORED"
2540847807,"50c9509d-22c7-4a22-a47d-8c48425ef4a7","https://www.inaturalist.org/observations/4940673","Animalia","Mollusca","Gastropoda","Neogastropoda","Muricidae","Urosalpinx","Urosalpinx cinerea",NA,"SPECIES","Urosalpinx cinerea (Say, 1822)","Urosalpinx cinerea","","US","","Connecticut","PRESENT",NA,"28eb1a3f-1c15-4a95-931a-4af90ecb574d",41.267674,-72.659626,230,NA,NA,NA,NA,NA,"2017-01-01T22:51",1,1,2017,2304415,2304415,"HUMAN_OBSERVATION","iNaturalist","Observations","4940673","","yasingi",2017-01-14 04:20:17,"CC_BY_NC_4_0","yasingi","yasingi",NA,NA,2025-06-07 00:24:16.893,"StillImage","COORDINATE_ROUNDED;CONTINENT_DERIVED_FROM_COORDINATES;TAXON_MATCH_TAXON_ID_IGNORED"
2540719342,"50c9509d-22c7-4a22-a47d-8c48425ef4a7","https://www.inaturalist.org/observations/18604290","Animalia","Mollusca","Gastropoda","Neogastropoda","Muricidae","Urosalpinx","Urosalpinx cinerea",NA,"SPECIES","Urosalpinx cinerea (Say, 1822)","Urosalpinx cinerea","","US","","Connecticut","PRESENT",NA,"28eb1a3f-1c15-4a95-931a-4af90ecb574d",41.249867,-72.542345,5,NA,NA,NA,NA,NA,"2018-11-24T13:54:18",24,11,2018,2304415,2304415,"HUMAN_OBSERVATION","iNaturalist","Observations","18604290","","Bert Harris",2018-11-24 20:21:51,"CC_BY_NC_4_0","Bert Harris","Bert Harris",NA,NA,2025-06-07 02:31:32.624,"StillImage","COORDINATE_ROUNDED;CONTINENT_DERIVED_FROM_COORDINATES;TAXON_MATCH_TAXON_ID_IGNORED"
2488218266,"72a17f09-ceaa-4420-aff3-3bb99564774e","82e3c9e2-dd36-24f6-e053-2614a8c008ee","Animalia","Mollusca","Gastropoda","Neogastropoda","Muricidae","Urosalpinx","Urosalpinx cinerea",NA,"SPECIES","Urosalpinx cinerea (Say, 1822)","Urosalpinx cinerea (Say, 1822)","","FR","","","PRESENT",NA,"1928bdf0-f5d2-11dc-8c12-b8a03c50a862",49.74142,-1.48824,50,NA,NA,NA,NA,NA,"2011-05-25",25,5,2011,2304415,2304415,"HUMAN_OBSERVATION","","","","","",NA,"CC_BY_4_0","","Florian LABADIE",NA,NA,2025-01-31 21:59:05.48,"","CONTINENT_DERIVED_FROM_COORDINATES;TAXON_MATCH_TAXON_ID_IGNORED"
2488200469,"72a17f09-ceaa-4420-aff3-3bb99564774e","82e3c9e2-c006-24f6-e053-2614a8c008ee","Animalia","Mollusca","Gastropoda","Neogastropoda","Muricidae","Urosalpinx","Urosalpinx cinerea",NA,"SPECIES","Urosalpinx cinerea (Say, 1822)","Urosalpinx cinerea (Say, 1822)","","FR","","","PRESENT",NA,"1928bdf0-f5d2-11dc-8c12-b8a03c50a862",51.05062,1.60907,50,NA,NA,NA,NA,NA,"2011-09-23",23,9,2011,2304415,2304415,"HUMAN_OBSERVATION","","","","","",NA,"CC_BY_4_0","","Evans TREBAUL",NA,NA,2025-01-31 21:59:02.03,"","TAXON_MATCH_TAXON_ID_IGNORED"
2488074508,"72a17f09-ceaa-4420-aff3-3bb99564774e","82e3ca31-a456-24f6-e053-2614a8c008ee","Animalia","Mollusca","Gastropoda","Neogastropoda","Muricidae","Urosalpinx","Urosalpinx cinerea",NA,"SPECIES","Urosalpinx cinerea (Say, 1822)","Urosalpinx cinerea (Say, 1822)","","FR","","","PRESENT",NA,"1928bdf0-f5d2-11dc-8c12-b8a03c50a862",49.74025,-1.22244,50,NA,NA,NA,NA,NA,"2011-05-28",28,5,2011,2304415,2304415,"HUMAN_OBSERVATION","","","","","",NA,"CC_BY_4_0","","Florian LABADIE",NA,NA,2025-01-31 21:59:02.544,"","TAXON_MATCH_TAXON_ID_IGNORED"
2447825318,"50c9509d-22c7-4a22-a47d-8c48425ef4a7","https://www.inaturalist.org/observations/16854279","Animalia","Mollusca","Gastropoda","Neogastropoda","Muricidae","Urosalpinx","Urosalpinx cinerea",NA,"SPECIES","Urosalpinx cinerea (Say, 1822)","Urosalpinx cinerea","","US","","New York","PRESENT",NA,"28eb1a3f-1c15-4a95-931a-4af90ecb574d",40.759701,-73.849785,NA,NA,NA,NA,NA,NA,"2018-09-23T13:50:55",23,9,2018,2304415,2304415,"HUMAN_OBSERVATION","iNaturalist","Observations","16854279","","Ira Gershenhorn",2018-09-24 00:10:55,"CC0_1_0","Ira Gershenhorn","Ira Gershenhorn",NA,NA,2025-06-07 00:06:21.036,"StillImage","COORDINATE_ROUNDED;CONTINENT_DERIVED_FROM_COORDINATES;TAXON_MATCH_TAXON_ID_IGNORED"
2444969464,"50c9509d-22c7-4a22-a47d-8c48425ef4a7","https://www.inaturalist.org/observations/31249744","Animalia","Mollusca","Gastropoda","Neogastropoda","Muricidae","Urosalpinx","Urosalpinx cinerea",NA,"SPECIES","Urosalpinx cinerea (Say, 1822)","Urosalpinx cinerea","","US","","California","PRESENT",NA,"28eb1a3f-1c15-4a95-931a-4af90ecb574d",37.708836,-122.381206,21,NA,NA,NA,NA,NA,"2019-08-21T12:22:37",21,8,2019,2304415,2304415,"HUMAN_OBSERVATION","iNaturalist","Observations","31249744","","Matthew Zlatunich",2019-08-23 04:44:45,"CC_BY_NC_4_0","Chris Evers","Chris Evers",NA,NA,2025-06-07 01:03:43.329,"StillImage","COORDINATE_ROUNDED;CONTINENT_DERIVED_FROM_COORDINATES;TAXON_MATCH_TAXON_ID_IGNORED"
2429298428,"50c9509d-22c7-4a22-a47d-8c48425ef4a7","https://www.inaturalist.org/observations/33583238","Animalia","Mollusca","Gastropoda","Neogastropoda","Muricidae","Urosalpinx","Urosalpinx cinerea",NA,"SPECIES","Urosalpinx cinerea (Say, 1822)","Urosalpinx cinerea","","US","","Massachusetts","PRESENT",NA,"28eb1a3f-1c15-4a95-931a-4af90ecb574d",41.241271,-70.02943,2500,NA,NA,NA,NA,NA,"2019-09-29T07:37:38",29,9,2019,2304415,2304415,"HUMAN_OBSERVATION","iNaturalist","Observations","33583238","","Dennis Bonal",2019-10-03 01:09:17,"CC_BY_NC_4_0","asternick","asternick",NA,NA,2025-06-07 00:33:34.308,"StillImage","COORDINATE_ROUNDED;CONTINENT_DERIVED_FROM_COORDINATES;TAXON_MATCH_TAXON_ID_IGNORED"
2422919607,"50c9509d-22c7-4a22-a47d-8c48425ef4a7","https://www.inaturalist.org/observations/32159790","Animalia","Mollusca","Gastropoda","Neogastropoda","Muricidae","Urosalpinx","Urosalpinx cinerea",NA,"SPECIES","Urosalpinx cinerea (Say, 1822)","Urosalpinx cinerea","","US","","Connecticut","PRESENT",NA,"28eb1a3f-1c15-4a95-931a-4af90ecb574d",41.319249,-72.074862,5,NA,NA,NA,NA,NA,"2019-09-05T10:17:26",5,9,2019,2304415,2304415,"HUMAN_OBSERVATION","iNaturalist","Observations","32159790","","tripj",2019-09-05 14:17:27,"CC_BY_NC_4_0","tripj","tripj",NA,NA,2025-06-07 01:52:37.933,"StillImage","COORDINATE_ROUNDED;CONTINENT_DERIVED_FROM_COORDINATES;TAXON_MATCH_TAXON_ID_IGNORED"
2397538925,"50c9509d-22c7-4a22-a47d-8c48425ef4a7","https://www.inaturalist.org/observations/31424293","Animalia","Mollusca","Gastropoda","Neogastropoda","Muricidae","Urosalpinx","Urosalpinx cinerea",NA,"SPECIES","Urosalpinx cinerea (Say, 1822)","Urosalpinx cinerea","","US","","California","PRESENT",NA,"28eb1a3f-1c15-4a95-931a-4af90ecb574d",37.646278,-122.154944,6,NA,NA,NA,NA,NA,"2019-08-24T10:09:04",24,8,2019,2304415,2304415,"HUMAN_OBSERVATION","iNaturalist","Observations","31424293","","Cat Chang",2019-08-24 19:45:11,"CC_BY_NC_4_0","Cat Chang","Cat Chang",NA,NA,2025-06-07 01:14:42.083,"StillImage","COORDINATE_ROUNDED;CONTINENT_DERIVED_FROM_COORDINATES;TAXON_MATCH_TAXON_ID_IGNORED"
2331841441,"50c9509d-22c7-4a22-a47d-8c48425ef4a7","https://www.inaturalist.org/observations/29129999","Animalia","Mollusca","Gastropoda","Neogastropoda","Muricidae","Urosalpinx","Urosalpinx cinerea",NA,"SPECIES","Urosalpinx cinerea (Say, 1822)","Urosalpinx cinerea","","US","","New Jersey","PRESENT",NA,"28eb1a3f-1c15-4a95-931a-4af90ecb574d",40.445722,-74.114896,176,NA,NA,NA,NA,NA,"2019-07-16T11:32",16,7,2019,2304415,2304415,"HUMAN_OBSERVATION","iNaturalist","Observations","29129999","","Sara Rall",2019-07-19 19:30:02,"CC_BY_NC_4_0","Sara Rall","Sara Rall",NA,NA,2025-06-07 00:47:38.731,"StillImage","COORDINATE_ROUNDED;CONTINENT_DERIVED_FROM_COORDINATES;TAXON_MATCH_TAXON_ID_IGNORED"
2311428141,"50c9509d-22c7-4a22-a47d-8c48425ef4a7","https://www.inaturalist.org/observations/29998112","Animalia","Mollusca","Gastropoda","Neogastropoda","Muricidae","Urosalpinx","Urosalpinx cinerea",NA,"SPECIES","Urosalpinx cinerea (Say, 1822)","Urosalpinx cinerea","","US","","Rhode Island","PRESENT",NA,"28eb1a3f-1c15-4a95-931a-4af90ecb574d",41.379618,-71.518011,31,NA,NA,NA,NA,NA,"2019-08-01T14:48:41",1,8,2019,2304415,2304415,"HUMAN_OBSERVATION","iNaturalist","Observations","29998112","","madronyut",2019-08-01 19:34:51,"CC_BY_NC_4_0","madronyut","madronyut",NA,NA,2025-06-07 00:40:34.995,"StillImage","COORDINATE_ROUNDED;CONTINENT_DERIVED_FROM_COORDINATES;TAXON_MATCH_TAXON_ID_IGNORED"
2294646468,"50c9509d-22c7-4a22-a47d-8c48425ef4a7","https://www.inaturalist.org/observations/29390439","Animalia","Mollusca","Gastropoda","Neogastropoda","Muricidae","Urosalpinx","Urosalpinx cinerea",NA,"SPECIES","Urosalpinx cinerea (Say, 1822)","Urosalpinx cinerea","","US","","Massachusetts","PRESENT",NA,"28eb1a3f-1c15-4a95-931a-4af90ecb574d",41.454279,-70.603639,4030,NA,NA,NA,NA,NA,"2019-07-15",15,7,2019,2304415,2304415,"HUMAN_OBSERVATION","iNaturalist","Observations","29390439","","sjplante",2019-07-23 17:22:19,"CC_BY_NC_4_0","sjplante","sjplante",NA,NA,2025-06-07 01:07:47.637,"StillImage","CONTINENT_DERIVED_FROM_COORDINATES;TAXON_MATCH_TAXON_ID_IGNORED"
2283234688,"50c9509d-22c7-4a22-a47d-8c48425ef4a7","https://www.inaturalist.org/observations/28464140","Animalia","Mollusca","Gastropoda","Neogastropoda","Muricidae","Urosalpinx","Urosalpinx cinerea",NA,"SPECIES","Urosalpinx cinerea (Say, 1822)","Urosalpinx cinerea","","US","","New York","PRESENT",NA,"28eb1a3f-1c15-4a95-931a-4af90ecb574d",40.927345,-73.429358,NA,NA,NA,NA,NA,NA,"2019-07-08T11:09",8,7,2019,2304415,2304415,"HUMAN_OBSERVATION","iNaturalist","Observations","28464140","","Sequoia Janirella Wrens",2019-07-08 22:42:01,"CC0_1_0","Sequoia Janirella Wrens","Sequoia Janirella Wrens",NA,NA,2025-06-07 02:34:24.961,"StillImage","COORDINATE_ROUNDED;CONTINENT_DERIVED_FROM_COORDINATES;TAXON_MATCH_TAXON_ID_IGNORED"
2283233877,"50c9509d-22c7-4a22-a47d-8c48425ef4a7","https://www.inaturalist.org/observations/28463989","Animalia","Mollusca","Gastropoda","Neogastropoda","Muricidae","Urosalpinx","Urosalpinx cinerea",NA,"SPECIES","Urosalpinx cinerea (Say, 1822)","Urosalpinx cinerea","","US","","New York","PRESENT",NA,"28eb1a3f-1c15-4a95-931a-4af90ecb574d",40.928202,-73.429735,NA,NA,NA,NA,NA,NA,"2019-07-08T10:26",8,7,2019,2304415,2304415,"HUMAN_OBSERVATION","iNaturalist","Observations","28463989","","Sequoia Janirella Wrens",2019-07-08 22:39:57,"CC0_1_0","Sequoia Janirella Wrens","Sequoia Janirella Wrens",NA,NA,2025-06-07 00:18:42.6,"StillImage","COORDINATE_ROUNDED;CONTINENT_DERIVED_FROM_COORDINATES;TAXON_MATCH_TAXON_ID_IGNORED"
2283233100,"50c9509d-22c7-4a22-a47d-8c48425ef4a7","https://www.inaturalist.org/observations/28464182","Animalia","Mollusca","Gastropoda","Neogastropoda","Muricidae","Urosalpinx","Urosalpinx cinerea",NA,"SPECIES","Urosalpinx cinerea (Say, 1822)","Urosalpinx cinerea","","US","","New York","PRESENT",NA,"28eb1a3f-1c15-4a95-931a-4af90ecb574d",40.925967,-73.429483,NA,NA,NA,NA,NA,NA,"2019-07-08T11:18",8,7,2019,2304415,2304415,"HUMAN_OBSERVATION","iNaturalist","Observations","28464182","","Sequoia Janirella Wrens",2019-07-08 22:42:45,"CC0_1_0","Sequoia Janirella Wrens","Sequoia Janirella Wrens",NA,NA,2025-06-07 00:25:59.091,"StillImage","COORDINATE_ROUNDED;CONTINENT_DERIVED_FROM_COORDINATES;TAXON_MATCH_TAXON_ID_IGNORED"
2283232704,"50c9509d-22c7-4a22-a47d-8c48425ef4a7","https://www.inaturalist.org/observations/28464187","Animalia","Mollusca","Gastropoda","Neogastropoda","Muricidae","Urosalpinx","Urosalpinx cinerea",NA,"SPECIES","Urosalpinx cinerea (Say, 1822)","Urosalpinx cinerea","","US","","New York","PRESENT",NA,"28eb1a3f-1c15-4a95-931a-4af90ecb574d",40.925952,-73.429497,NA,NA,NA,NA,NA,NA,"2019-07-08T11:18",8,7,2019,2304415,2304415,"HUMAN_OBSERVATION","iNaturalist","Observations","28464187","","Sequoia Janirella Wrens",2019-07-08 22:42:51,"CC0_1_0","Sequoia Janirella Wrens","Sequoia Janirella Wrens",NA,NA,2025-06-07 00:27:59.583,"StillImage","COORDINATE_ROUNDED;CONTINENT_DERIVED_FROM_COORDINATES;TAXON_MATCH_TAXON_ID_IGNORED"
2283232033,"50c9509d-22c7-4a22-a47d-8c48425ef4a7","https://www.inaturalist.org/observations/28464137","Animalia","Mollusca","Gastropoda","Neogastropoda","Muricidae","Urosalpinx","Urosalpinx cinerea",NA,"SPECIES","Urosalpinx cinerea (Say, 1822)","Urosalpinx cinerea","","US","","New York","PRESENT",NA,"28eb1a3f-1c15-4a95-931a-4af90ecb574d",40.927347,-73.429353,NA,NA,NA,NA,NA,NA,"2019-07-08T11:09",8,7,2019,2304415,2304415,"HUMAN_OBSERVATION","iNaturalist","Observations","28464137","","Sequoia Janirella Wrens",2019-07-08 22:41:58,"CC0_1_0","Sequoia Janirella Wrens","Sequoia Janirella Wrens",NA,NA,2025-06-07 02:34:12.527,"StillImage","COORDINATE_ROUNDED;CONTINENT_DERIVED_FROM_COORDINATES;TAXON_MATCH_TAXON_ID_IGNORED"
2283231882,"50c9509d-22c7-4a22-a47d-8c48425ef4a7","https://www.inaturalist.org/observations/28464117","Animalia","Mollusca","Gastropoda","Neogastropoda","Muricidae","Urosalpinx","Urosalpinx cinerea",NA,"SPECIES","Urosalpinx cinerea (Say, 1822)","Urosalpinx cinerea","","US","","New York","PRESENT",NA,"28eb1a3f-1c15-4a95-931a-4af90ecb574d",40.927595,-73.429413,NA,NA,NA,NA,NA,NA,"2019-07-08T10:57",8,7,2019,2304415,2304415,"HUMAN_OBSERVATION","iNaturalist","Observations","28464117","","Sequoia Janirella Wrens",2019-07-08 22:41:46,"CC0_1_0","Sequoia Janirella Wrens","Sequoia Janirella Wrens",NA,NA,2025-06-07 01:36:59.752,"StillImage","COORDINATE_ROUNDED;CONTINENT_DERIVED_FROM_COORDINATES;TAXON_MATCH_TAXON_ID_IGNORED"
2283231537,"50c9509d-22c7-4a22-a47d-8c48425ef4a7","https://www.inaturalist.org/observations/28464363","Animalia","Mollusca","Gastropoda","Neogastropoda","Muricidae","Urosalpinx","Urosalpinx cinerea",NA,"SPECIES","Urosalpinx cinerea (Say, 1822)","Urosalpinx cinerea","","US","","New York","PRESENT",NA,"28eb1a3f-1c15-4a95-931a-4af90ecb574d",40.928204,-73.429688,15,NA,NA,NA,NA,NA,"2019-07-08T10:30",8,7,2019,2304415,2304415,"HUMAN_OBSERVATION","iNaturalist","Observations","28464363","","Sequoia Janirella Wrens",2019-07-08 22:45:21,"CC0_1_0","Sequoia Janirella Wrens","Sequoia Janirella Wrens",NA,NA,2025-06-07 00:27:43.956,"StillImage","COORDINATE_ROUNDED;CONTINENT_DERIVED_FROM_COORDINATES;TAXON_MATCH_TAXON_ID_IGNORED"
2283074011,"50c9509d-22c7-4a22-a47d-8c48425ef4a7","https://www.inaturalist.org/observations/27896121","Animalia","Mollusca","Gastropoda","Neogastropoda","Muricidae","Urosalpinx","Urosalpinx cinerea",NA,"SPECIES","Urosalpinx cinerea (Say, 1822)","Urosalpinx cinerea","","US","","New Jersey","PRESENT",NA,"28eb1a3f-1c15-4a95-931a-4af90ecb574d",40.398882,-73.975661,66,NA,NA,NA,NA,NA,"2019-06-29T18:19:08",29,6,2019,2304415,2304415,"HUMAN_OBSERVATION","iNaturalist","Observations","27896121","","wsimmons",2019-06-29 22:20:04,"CC_BY_NC_4_0","wsimmons","wsimmons",NA,NA,2025-06-07 00:32:35.969,"StillImage","COORDINATE_ROUNDED;CONTINENT_DERIVED_FROM_COORDINATES;TAXON_MATCH_TAXON_ID_IGNORED"
2252062052,"50c9509d-22c7-4a22-a47d-8c48425ef4a7","https://www.inaturalist.org/observations/26433249","Animalia","Mollusca","Gastropoda","Neogastropoda","Muricidae","Urosalpinx","Urosalpinx cinerea",NA,"SPECIES","Urosalpinx cinerea (Say, 1822)","Urosalpinx cinerea","","US","","New Jersey","PRESENT",NA,"28eb1a3f-1c15-4a95-931a-4af90ecb574d",40.451818,-74.226376,224,NA,NA,NA,NA,NA,"2018-11-01T11:17",1,11,2018,2304415,2304415,"HUMAN_OBSERVATION","iNaturalist","Observations","26433249","","Sara Rall",2019-06-05 11:16:01,"CC_BY_NC_4_0","Sara Rall","Sara Rall",NA,NA,2025-06-06 23:51:50.304,"StillImage","COORDINATE_ROUNDED;CONTINENT_DERIVED_FROM_COORDINATES;TAXON_MATCH_TAXON_ID_IGNORED"
2243017172,"50c9509d-22c7-4a22-a47d-8c48425ef4a7","https://www.inaturalist.org/observations/25234312","Animalia","Mollusca","Gastropoda","Neogastropoda","Muricidae","Urosalpinx","Urosalpinx cinerea",NA,"SPECIES","Urosalpinx cinerea (Say, 1822)","Urosalpinx cinerea","","US","","New York","PRESENT",NA,"28eb1a3f-1c15-4a95-931a-4af90ecb574d",40.589942,-73.552067,NA,NA,NA,NA,NA,NA,"2019-05-16T12:13",16,5,2019,2304415,2304415,"HUMAN_OBSERVATION","iNaturalist","Observations","25234312","","Sequoia Janirella Wrens",2019-05-16 21:33:18,"CC0_1_0","Sequoia Janirella Wrens","Sequoia Janirella Wrens",NA,NA,2025-06-07 02:34:19.562,"StillImage","COORDINATE_ROUNDED;CONTINENT_DERIVED_FROM_COORDINATES;TAXON_MATCH_TAXON_ID_IGNORED"
2242894601,"50c9509d-22c7-4a22-a47d-8c48425ef4a7","https://www.inaturalist.org/observations/24761764","Animalia","Mollusca","Gastropoda","Neogastropoda","Muricidae","Urosalpinx","Urosalpinx cinerea",NA,"SPECIES","Urosalpinx cinerea (Say, 1822)","Urosalpinx cinerea","","US","","South Carolina","PRESENT",NA,"28eb1a3f-1c15-4a95-931a-4af90ecb574d",33.761078,-78.783485,NA,NA,NA,NA,NA,NA,"2019-05-07T15:20:57",7,5,2019,2304415,2304415,"HUMAN_OBSERVATION","iNaturalist","Observations","24761764","","Juan Manuel de Roux",2019-05-08 13:05:55,"CC_BY_NC_4_0","JC Ferebee","JC Ferebee",NA,NA,2025-06-07 01:13:35.829,"","COORDINATE_ROUNDED;CONTINENT_DERIVED_FROM_COORDINATES;TAXON_MATCH_TAXON_ID_IGNORED"
2242822325,"50c9509d-22c7-4a22-a47d-8c48425ef4a7","https://www.inaturalist.org/observations/24491729","Animalia","Mollusca","Gastropoda","Neogastropoda","Muricidae","Urosalpinx","Urosalpinx cinerea",NA,"SPECIES","Urosalpinx cinerea (Say, 1822)","Urosalpinx cinerea","","US","","New York","PRESENT",NA,"28eb1a3f-1c15-4a95-931a-4af90ecb574d",40.498401,-74.250719,446,NA,NA,NA,NA,NA,"2019-04-28T10:55",28,4,2019,2304415,2304415,"HUMAN_OBSERVATION","iNaturalist","Observations","24491729","","Sara Rall",2019-05-04 15:45:16,"CC_BY_4_0","John Beetham","John Beetham",NA,NA,2025-06-07 00:19:19.882,"StillImage","COORDINATE_ROUNDED;CONTINENT_DERIVED_FROM_COORDINATES;TAXON_MATCH_TAXON_ID_IGNORED"
2239005191,"50c9509d-22c7-4a22-a47d-8c48425ef4a7","https://www.inaturalist.org/observations/24205484","Animalia","Mollusca","Gastropoda","Neogastropoda","Muricidae","Urosalpinx","Urosalpinx cinerea",NA,"SPECIES","Urosalpinx cinerea (Say, 1822)","Urosalpinx cinerea","","US","","New York","PRESENT",NA,"28eb1a3f-1c15-4a95-931a-4af90ecb574d",40.579254,-74.075888,91,NA,NA,NA,NA,NA,"2019-04-29T12:16",29,4,2019,2304415,2304415,"HUMAN_OBSERVATION","iNaturalist","Observations","24205484","","Sara Rall",2019-04-30 18:31:25,"CC_BY_NC_4_0","Sara Rall","Sara Rall",NA,NA,2025-06-07 01:17:32.667,"StillImage","COORDINATE_ROUNDED;CONTINENT_DERIVED_FROM_COORDINATES;TAXON_MATCH_TAXON_ID_IGNORED"
2238940892,"50c9509d-22c7-4a22-a47d-8c48425ef4a7","https://www.inaturalist.org/observations/23859713","Animalia","Mollusca","Gastropoda","Neogastropoda","Muricidae","Urosalpinx","Urosalpinx cinerea",NA,"SPECIES","Urosalpinx cinerea (Say, 1822)","Urosalpinx cinerea","","US","","California","PRESENT",NA,"28eb1a3f-1c15-4a95-931a-4af90ecb574d",37.768272,-122.278137,8,NA,NA,NA,NA,NA,"2019-04-28T15:21:53",28,4,2019,2304415,2304415,"HUMAN_OBSERVATION","iNaturalist","Observations","23859713","","tgran",2019-04-29 05:56:15,"CC_BY_NC_4_0","tgran","tgran",NA,NA,2025-06-07 02:33:14.874,"StillImage","COORDINATE_ROUNDED;CONTINENT_DERIVED_FROM_COORDINATES;TAXON_MATCH_TAXON_ID_IGNORED"
2238924497,"50c9509d-22c7-4a22-a47d-8c48425ef4a7","https://www.inaturalist.org/observations/23780862","Animalia","Mollusca","Gastropoda","Neogastropoda","Muricidae","Urosalpinx","Urosalpinx cinerea",NA,"SPECIES","Urosalpinx cinerea (Say, 1822)","Urosalpinx cinerea","","US","","New York","PRESENT",NA,"28eb1a3f-1c15-4a95-931a-4af90ecb574d",40.502632,-74.254533,66,NA,NA,NA,NA,NA,"2019-04-28T10:27",28,4,2019,2304415,2304415,"HUMAN_OBSERVATION","iNaturalist","Observations","23780862","","Susan J. Hewitt",2019-04-28 23:46:47,"CC_BY_NC_4_0","Sara Rall","Sara Rall",NA,NA,2025-06-07 01:05:39.934,"StillImage","COORDINATE_ROUNDED;CONTINENT_DERIVED_FROM_COORDINATES;TAXON_MATCH_TAXON_ID_IGNORED"
2238918737,"50c9509d-22c7-4a22-a47d-8c48425ef4a7","https://www.inaturalist.org/observations/23756875","Animalia","Mollusca","Gastropoda","Neogastropoda","Muricidae","Urosalpinx","Urosalpinx cinerea",NA,"SPECIES","Urosalpinx cinerea (Say, 1822)","Urosalpinx cinerea","","US","","California","PRESENT",NA,"28eb1a3f-1c15-4a95-931a-4af90ecb574d",37.76828,-122.278103,6,NA,NA,NA,NA,NA,"2019-04-28T15:16:15",28,4,2019,2304415,2304415,"HUMAN_OBSERVATION","iNaturalist","Observations","23756875","","Parsa Fard",2019-04-28 22:31:32,"CC_BY_NC_4_0","slorish","slorish",NA,NA,2025-06-07 00:05:31.492,"StillImage","COORDINATE_ROUNDED;CONTINENT_DERIVED_FROM_COORDINATES;TAXON_MATCH_TAXON_ID_IGNORED"
2238918446,"50c9509d-22c7-4a22-a47d-8c48425ef4a7","https://www.inaturalist.org/observations/23749973","Animalia","Mollusca","Gastropoda","Neogastropoda","Muricidae","Urosalpinx","Urosalpinx cinerea",NA,"SPECIES","Urosalpinx cinerea (Say, 1822)","Urosalpinx cinerea","","US","","California","PRESENT",NA,"28eb1a3f-1c15-4a95-931a-4af90ecb574d",37.767137,-122.276512,10,NA,NA,NA,NA,NA,"2019-04-28T14:52:09",28,4,2019,2304415,2304415,"HUMAN_OBSERVATION","iNaturalist","Observations","23749973","","Morgan",2019-04-28 21:53:00,"CC_BY_NC_4_0","Morgan","Morgan",NA,NA,2025-06-07 00:21:59.448,"StillImage","COORDINATE_ROUNDED;CONTINENT_DERIVED_FROM_COORDINATES;TAXON_MATCH_TAXON_ID_IGNORED"
2238775893,"50c9509d-22c7-4a22-a47d-8c48425ef4a7","https://www.inaturalist.org/observations/15727716","Animalia","Mollusca","Gastropoda","Neogastropoda","Muricidae","Urosalpinx","Urosalpinx cinerea",NA,"SPECIES","Urosalpinx cinerea (Say, 1822)","Urosalpinx cinerea","","CA","","Nova Scotia","PRESENT",NA,"28eb1a3f-1c15-4a95-931a-4af90ecb574d",45.113412,-64.243894,61,NA,NA,NA,NA,NA,"2018-08-19T15:55",19,8,2018,2304415,2304415,"HUMAN_OBSERVATION","iNaturalist","Observations","15727716","","Susan J. Hewitt",2018-08-20 17:33:47,"CC_BY_4_0","Alexis Tinker-Tsavalas","Alexis Tinker-Tsavalas",NA,NA,2025-06-07 01:43:32.86,"StillImage","COORDINATE_ROUNDED;CONTINENT_DERIVED_FROM_COORDINATES;TAXON_MATCH_TAXON_ID_IGNORED"
1986513500,"50c9509d-22c7-4a22-a47d-8c48425ef4a7","https://www.inaturalist.org/observations/18630142","Animalia","Mollusca","Gastropoda","Neogastropoda","Muricidae","Urosalpinx","Urosalpinx cinerea",NA,"SPECIES","Urosalpinx cinerea (Say, 1822)","Urosalpinx cinerea","","US","","New York","PRESENT",NA,"28eb1a3f-1c15-4a95-931a-4af90ecb574d",40.966755,-73.662688,5,NA,NA,NA,NA,NA,"2018-11-25T13:06:09",25,11,2018,2304415,2304415,"HUMAN_OBSERVATION","iNaturalist","Observations","18630142","","eamonccorbett",2018-11-25 19:39:20,"CC_BY_4_0","eamonccorbett","eamonccorbett",NA,NA,2025-06-07 00:55:03.707,"StillImage","COORDINATE_ROUNDED;CONTINENT_DERIVED_FROM_COORDINATES;TAXON_MATCH_TAXON_ID_IGNORED"
1946325417,"50c9509d-22c7-4a22-a47d-8c48425ef4a7","https://www.inaturalist.org/observations/18600362","Animalia","Mollusca","Gastropoda","Neogastropoda","Muricidae","Urosalpinx","Urosalpinx cinerea",NA,"SPECIES","Urosalpinx cinerea (Say, 1822)","Urosalpinx cinerea","","US","","California","PRESENT",NA,"28eb1a3f-1c15-4a95-931a-4af90ecb574d",37.562305,-122.248345,6,NA,NA,NA,NA,NA,"2018-11-24T09:19:10",24,11,2018,2304415,2304415,"HUMAN_OBSERVATION","iNaturalist","Observations","18600362","","Donna Pomeroy",2018-11-24 17:19:45,"CC_BY_NC_4_0","Donna Pomeroy","Donna Pomeroy",NA,NA,2025-06-07 01:11:31.313,"StillImage","CONTINENT_DERIVED_FROM_COORDINATES;TAXON_MATCH_TAXON_ID_IGNORED"
1946325237,"50c9509d-22c7-4a22-a47d-8c48425ef4a7","https://www.inaturalist.org/observations/18599682","Animalia","Mollusca","Gastropoda","Neogastropoda","Muricidae","Urosalpinx","Urosalpinx cinerea",NA,"SPECIES","Urosalpinx cinerea (Say, 1822)","Urosalpinx cinerea","","US","","California","PRESENT",NA,"28eb1a3f-1c15-4a95-931a-4af90ecb574d",37.563012,-122.249017,8,NA,NA,NA,NA,NA,"2018-11-24T08:47:24",24,11,2018,2304415,2304415,"HUMAN_OBSERVATION","iNaturalist","Observations","18599682","","Cat Chang",2018-11-24 16:50:09,"CC_BY_NC_4_0","Cat Chang","Cat Chang",NA,NA,2025-06-07 00:30:05.867,"StillImage","COORDINATE_ROUNDED;CONTINENT_DERIVED_FROM_COORDINATES;TAXON_MATCH_TAXON_ID_IGNORED"
1946325143,"50c9509d-22c7-4a22-a47d-8c48425ef4a7","https://www.inaturalist.org/observations/18599702","Animalia","Mollusca","Gastropoda","Neogastropoda","Muricidae","Urosalpinx","Urosalpinx cinerea",NA,"SPECIES","Urosalpinx cinerea (Say, 1822)","Urosalpinx cinerea","","US","","California","PRESENT",NA,"28eb1a3f-1c15-4a95-931a-4af90ecb574d",37.562972,-122.24897,16,NA,NA,NA,NA,NA,"2018-11-24T08:50:12",24,11,2018,2304415,2304415,"HUMAN_OBSERVATION","iNaturalist","Observations","18599702","","Jennifer Rycenga",2018-11-24 16:51:12,"CC_BY_NC_4_0","Jennifer Rycenga","Jennifer Rycenga",NA,NA,2025-06-07 01:35:32.821,"StillImage","COORDINATE_ROUNDED;CONTINENT_DERIVED_FROM_COORDINATES;TAXON_MATCH_TAXON_ID_IGNORED"
1944382242,"50c9509d-22c7-4a22-a47d-8c48425ef4a7","https://www.inaturalist.org/observations/18274058","Animalia","Mollusca","Gastropoda","Neogastropoda","Muricidae","Urosalpinx","Urosalpinx cinerea",NA,"SPECIES","Urosalpinx cinerea (Say, 1822)","Urosalpinx cinerea","","US","","New York","PRESENT",NA,"28eb1a3f-1c15-4a95-931a-4af90ecb574d",40.589922,-73.55207,5,NA,NA,NA,NA,NA,"2018-11-08T13:09:17",8,11,2018,2304415,2304415,"HUMAN_OBSERVATION","iNaturalist","Observations","18274058","","Susan J. Hewitt",2018-11-09 01:08:48,"CC_BY_NC_4_0","Susan J. Hewitt","Susan J. Hewitt",NA,NA,2025-06-07 01:04:58.473,"StillImage","COORDINATE_ROUNDED;CONTINENT_DERIVED_FROM_COORDINATES;TAXON_MATCH_TAXON_ID_IGNORED"
1880669945,"50c9509d-22c7-4a22-a47d-8c48425ef4a7","https://www.inaturalist.org/observations/6937095","Animalia","Mollusca","Gastropoda","Neogastropoda","Muricidae","Urosalpinx","Urosalpinx cinerea",NA,"SPECIES","Urosalpinx cinerea (Say, 1822)","Urosalpinx cinerea","","US","","New Jersey","PRESENT",NA,"28eb1a3f-1c15-4a95-931a-4af90ecb574d",40.436221,-74.083251,688,NA,NA,NA,NA,NA,"2017-06-25T15:30",25,6,2017,2304415,2304415,"HUMAN_OBSERVATION","iNaturalist","Observations","6937095","","wsimmons",2017-07-06 00:42:19,"CC_BY_NC_4_0","wsimmons","wsimmons",NA,NA,2025-06-07 01:13:59.283,"StillImage","COORDINATE_ROUNDED;CONTINENT_DERIVED_FROM_COORDINATES;TAXON_MATCH_TAXON_ID_IGNORED"
1880550471,"50c9509d-22c7-4a22-a47d-8c48425ef4a7","https://www.inaturalist.org/observations/13707322","Animalia","Mollusca","Gastropoda","Neogastropoda","Muricidae","Urosalpinx","Urosalpinx cinerea",NA,"SPECIES","Urosalpinx cinerea (Say, 1822)","Urosalpinx cinerea","","US","","New York","PRESENT",NA,"28eb1a3f-1c15-4a95-931a-4af90ecb574d",40.78917,-73.932612,10,NA,NA,NA,NA,NA,"2018-06-23T11:19:50",23,6,2018,2304415,2304415,"HUMAN_OBSERVATION","iNaturalist","Observations","13707322","","Susan J. Hewitt",2018-06-23 20:38:47,"CC_BY_NC_4_0","Susan J. Hewitt","Susan J. Hewitt",NA,NA,2025-06-07 00:43:24.54,"StillImage","COORDINATE_ROUNDED;CONTINENT_DERIVED_FROM_COORDINATES;TAXON_MATCH_TAXON_ID_IGNORED"
1880549685,"50c9509d-22c7-4a22-a47d-8c48425ef4a7","https://www.inaturalist.org/observations/13701696","Animalia","Mollusca","Gastropoda","Neogastropoda","Muricidae","Urosalpinx","Urosalpinx cinerea",NA,"SPECIES","Urosalpinx cinerea (Say, 1822)","Urosalpinx cinerea","","US","","New York","PRESENT",NA,"28eb1a3f-1c15-4a95-931a-4af90ecb574d",40.789221,-73.932694,10,NA,NA,NA,NA,NA,"2018-06-23T11:21:06",23,6,2018,2304415,2304415,"HUMAN_OBSERVATION","iNaturalist","Observations","13701696","","randallsisland",2018-06-23 15:21:28,"CC_BY_NC_4_0","randallsisland","randallsisland",NA,NA,2025-06-07 00:50:16.056,"StillImage","COORDINATE_ROUNDED;CONTINENT_DERIVED_FROM_COORDINATES;TAXON_MATCH_TAXON_ID_IGNORED"
1880454690,"50c9509d-22c7-4a22-a47d-8c48425ef4a7","https://www.inaturalist.org/observations/10393967","Animalia","Mollusca","Gastropoda","Neogastropoda","Muricidae","Urosalpinx","Urosalpinx cinerea",NA,"SPECIES","Urosalpinx cinerea (Say, 1822)","Urosalpinx cinerea","","US","","New York","PRESENT",NA,"28eb1a3f-1c15-4a95-931a-4af90ecb574d",40.810595,-73.866822,10,NA,NA,NA,NA,NA,"2018-03-24T13:17:20",24,3,2018,2304415,2304415,"HUMAN_OBSERVATION","iNaturalist","Observations","10393967","","Susan J. Hewitt",2018-03-24 20:39:48,"CC_BY_NC_4_0","Susan J. Hewitt","Susan J. Hewitt",NA,NA,2025-06-07 02:32:15.747,"StillImage","COORDINATE_ROUNDED;CONTINENT_DERIVED_FROM_COORDINATES;TAXON_MATCH_TAXON_ID_IGNORED"
1880454192,"50c9509d-22c7-4a22-a47d-8c48425ef4a7","https://www.inaturalist.org/observations/10224533","Animalia","Mollusca","Gastropoda","Neogastropoda","Muricidae","Urosalpinx","Urosalpinx cinerea",NA,"SPECIES","Urosalpinx cinerea (Say, 1822)","Urosalpinx cinerea","","US","","Connecticut","PRESENT",NA,"28eb1a3f-1c15-4a95-931a-4af90ecb574d",41.260252,-72.555842,1763,NA,NA,NA,NA,NA,"2018-03-11T14:24",11,3,2018,2304415,2304415,"HUMAN_OBSERVATION","iNaturalist","Observations","10224533","","Greg Hanisek",2018-03-13 22:27:53,"CC_BY_NC_4_0","Greg Hanisek","Greg Hanisek",NA,NA,2025-06-06 23:49:01.012,"StillImage","COORDINATE_ROUNDED;CONTINENT_DERIVED_FROM_COORDINATES;TAXON_MATCH_TAXON_ID_IGNORED"
1841260951,"50c9509d-22c7-4a22-a47d-8c48425ef4a7","https://www.inaturalist.org/observations/11816926","Animalia","Mollusca","Gastropoda","Neogastropoda","Muricidae","Urosalpinx","Urosalpinx cinerea",NA,"SPECIES","Urosalpinx cinerea (Say, 1822)","Urosalpinx cinerea","","US","","South Carolina","PRESENT",NA,"28eb1a3f-1c15-4a95-931a-4af90ecb574d",32.217363,-80.665947,5,NA,NA,NA,NA,NA,"2018-04-29T15:05:52",29,4,2018,2304415,2304415,"HUMAN_OBSERVATION","iNaturalist","Observations","11816926","","Mary Spilman",2018-04-30 00:09:33,"CC_BY_4_0","Mary Spilman","Mary Spilman",NA,NA,2025-06-07 00:45:02.232,"StillImage","COORDINATE_ROUNDED;CONTINENT_DERIVED_FROM_COORDINATES;TAXON_MATCH_TAXON_ID_IGNORED"
1839267497,"50c9509d-22c7-4a22-a47d-8c48425ef4a7","https://www.inaturalist.org/observations/11440899","Animalia","Mollusca","Gastropoda","Neogastropoda","Muricidae","Urosalpinx","Urosalpinx cinerea",NA,"SPECIES","Urosalpinx cinerea (Say, 1822)","Urosalpinx cinerea","","US","","New Jersey","PRESENT",NA,"28eb1a3f-1c15-4a95-931a-4af90ecb574d",40.475834,-74.266648,188,NA,NA,NA,NA,NA,"2018-04-24T09:44",24,4,2018,2304415,2304415,"HUMAN_OBSERVATION","iNaturalist","Observations","11440899","","John Beetham",2018-04-26 03:11:13,"CC_BY_4_0","John Beetham","John Beetham",NA,NA,2025-06-07 00:29:21.877,"StillImage","COORDINATE_ROUNDED;CONTINENT_DERIVED_FROM_COORDINATES;TAXON_MATCH_TAXON_ID_IGNORED"
1838033377,"50c9509d-22c7-4a22-a47d-8c48425ef4a7","https://www.inaturalist.org/observations/10727324","Animalia","Mollusca","Gastropoda","Neogastropoda","Muricidae","Urosalpinx","Urosalpinx cinerea",NA,"SPECIES","Urosalpinx cinerea (Say, 1822)","Urosalpinx cinerea","","US","","New Jersey","PRESENT",NA,"28eb1a3f-1c15-4a95-931a-4af90ecb574d",40.410441,-74.003488,85,NA,NA,NA,NA,NA,"2018-04-07T10:37",7,4,2018,2304415,2304415,"HUMAN_OBSERVATION","iNaturalist","Observations","10727324","","Sara Rall",2018-04-09 12:38:06,"CC_BY_NC_4_0","Sara Rall","Sara Rall",NA,NA,2025-06-07 00:43:27.835,"StillImage","COORDINATE_ROUNDED;CONTINENT_DERIVED_FROM_COORDINATES;TAXON_MATCH_TAXON_ID_IGNORED"
1836683685,"50c9509d-22c7-4a22-a47d-8c48425ef4a7","https://www.inaturalist.org/observations/5759765","Animalia","Mollusca","Gastropoda","Neogastropoda","Muricidae","Urosalpinx","Urosalpinx cinerea",NA,"SPECIES","Urosalpinx cinerea (Say, 1822)","Urosalpinx cinerea","","US","","New York","PRESENT",NA,"28eb1a3f-1c15-4a95-931a-4af90ecb574d",40.712725,-73.976042,97,NA,NA,NA,NA,NA,"2017-04-15T12:20:36",15,4,2017,2304415,2304415,"HUMAN_OBSERVATION","iNaturalist","Observations","5759765","","lesecology",2017-04-16 17:49:37,"CC_BY_NC_4_0","lesecology","lesecology",NA,NA,2025-06-07 00:53:23.739,"StillImage","COORDINATE_ROUNDED;CONTINENT_DERIVED_FROM_COORDINATES;TAXON_MATCH_TAXON_ID_IGNORED"
1836680257,"50c9509d-22c7-4a22-a47d-8c48425ef4a7","http://www.inaturalist.org/observations/4282411","Animalia","Mollusca","Gastropoda","Neogastropoda","Muricidae","Urosalpinx","Urosalpinx cinerea",NA,"SPECIES","Urosalpinx cinerea (Say, 1822)","Urosalpinx cinerea","","US","","New York","PRESENT",NA,"28eb1a3f-1c15-4a95-931a-4af90ecb574d",40.69476,-74.000564,103,NA,NA,NA,NA,NA,"2016-09-19T11:00:21",19,9,2016,2304415,2304415,"HUMAN_OBSERVATION","iNaturalist","Observations","4282411","","ppark728",2016-10-06 06:12:31,"CC_BY_NC_4_0","ppark728","ppark728",NA,NA,2025-06-07 00:41:50.723,"StillImage","COORDINATE_ROUNDED;CONTINENT_DERIVED_FROM_COORDINATES;TAXON_MATCH_TAXON_ID_IGNORED"
1836645752,"50c9509d-22c7-4a22-a47d-8c48425ef4a7","https://www.inaturalist.org/observations/10277744","Animalia","Mollusca","Gastropoda","Neogastropoda","Muricidae","Urosalpinx","Urosalpinx cinerea",NA,"SPECIES","Urosalpinx cinerea (Say, 1822)","Urosalpinx cinerea","","US","","New York","PRESENT",NA,"28eb1a3f-1c15-4a95-931a-4af90ecb574d",40.857536,-73.795126,5,NA,NA,NA,NA,NA,"2018-03-17T15:09:37",17,3,2018,2304415,2304415,"HUMAN_OBSERVATION","iNaturalist","Observations","10277744","","laura622",2018-03-17 20:08:07,"CC_BY_NC_4_0","laura622","laura622",NA,NA,2025-06-07 00:25:37.849,"StillImage","COORDINATE_ROUNDED;CONTINENT_DERIVED_FROM_COORDINATES;TAXON_MATCH_TAXON_ID_IGNORED"
1807273125,"50c9509d-22c7-4a22-a47d-8c48425ef4a7","https://www.inaturalist.org/observations/6141188","Animalia","Mollusca","Gastropoda","Neogastropoda","Muricidae","Urosalpinx","Urosalpinx cinerea",NA,"SPECIES","Urosalpinx cinerea (Say, 1822)","Urosalpinx cinerea","","US","","Rhode Island","PRESENT",NA,"28eb1a3f-1c15-4a95-931a-4af90ecb574d",41.325603,-71.753051,5,NA,NA,NA,NA,NA,"2017-05-08T13:24:12",8,5,2017,2304415,2304415,"HUMAN_OBSERVATION","iNaturalist","Observations","6141188","","Susan J. Hewitt",2018-02-03 23:47:54,"CC_BY_NC_4_0","Mike Nishizaki","Mike Nishizaki",NA,NA,2025-06-07 01:23:19.01,"StillImage","COORDINATE_ROUNDED;CONTINENT_DERIVED_FROM_COORDINATES;TAXON_MATCH_TAXON_ID_IGNORED"
1806343080,"50c9509d-22c7-4a22-a47d-8c48425ef4a7","https://www.inaturalist.org/observations/9555503","Animalia","Mollusca","Gastropoda","Neogastropoda","Muricidae","Urosalpinx","Urosalpinx cinerea",NA,"SPECIES","Urosalpinx cinerea (Say, 1822)","Urosalpinx cinerea","","US","","California","PRESENT",NA,"28eb1a3f-1c15-4a95-931a-4af90ecb574d",37.645212,-122.155692,6,NA,NA,NA,NA,NA,"2018-01-21T13:44:53",21,1,2018,2304415,2304415,"HUMAN_OBSERVATION","iNaturalist","Observations","9555503","","Phil Liff-Grieff",2018-01-22 03:18:53,"CC_BY_NC_4_0","Cat Chang","Cat Chang",NA,NA,2025-06-07 00:17:42.85,"StillImage","COORDINATE_ROUNDED;CONTINENT_DERIVED_FROM_COORDINATES;TAXON_MATCH_TAXON_ID_IGNORED"
1806331214,"50c9509d-22c7-4a22-a47d-8c48425ef4a7","https://www.inaturalist.org/observations/9125458","Animalia","Mollusca","Gastropoda","Neogastropoda","Muricidae","Urosalpinx","Urosalpinx cinerea",NA,"SPECIES","Urosalpinx cinerea (Say, 1822)","Urosalpinx cinerea","","US","","Connecticut","PRESENT",NA,"28eb1a3f-1c15-4a95-931a-4af90ecb574d",41.270239,-72.904922,2,NA,NA,NA,NA,NA,"2017-12-04T14:03",4,12,2017,2304415,2304415,"HUMAN_OBSERVATION","iNaturalist","Observations","9125458","","mrbirder98",2017-12-11 19:17:39,"CC_BY_NC_4_0","mrbirder98","mrbirder98",NA,NA,2025-06-07 00:25:31.827,"StillImage","COORDINATE_ROUNDED;CONTINENT_DERIVED_FROM_COORDINATES;TAXON_MATCH_TAXON_ID_IGNORED"
1640095461,"50c9509d-22c7-4a22-a47d-8c48425ef4a7","https://www.inaturalist.org/observations/7786175","Animalia","Mollusca","Gastropoda","Neogastropoda","Muricidae","Urosalpinx","Urosalpinx cinerea",NA,"SPECIES","Urosalpinx cinerea (Say, 1822)","Urosalpinx cinerea","","US","","New York","PRESENT",NA,"28eb1a3f-1c15-4a95-931a-4af90ecb574d",40.788936,-73.933108,26,NA,NA,NA,NA,NA,"2017-09-04T15:24:56",4,9,2017,2304415,2304415,"HUMAN_OBSERVATION","iNaturalist","Observations","7786175","","Susan J. Hewitt",2017-09-04 23:44:04,"CC_BY_NC_4_0","Susan J. Hewitt","Susan J. Hewitt",NA,NA,2025-06-07 00:39:29.216,"StillImage","CONTINENT_DERIVED_FROM_COORDINATES;TAXON_MATCH_TAXON_ID_IGNORED"
1640091817,"50c9509d-22c7-4a22-a47d-8c48425ef4a7","https://www.inaturalist.org/observations/7775169","Animalia","Mollusca","Gastropoda","Neogastropoda","Muricidae","Urosalpinx","Urosalpinx cinerea",NA,"SPECIES","Urosalpinx cinerea (Say, 1822)","Urosalpinx cinerea","","GB","","England","PRESENT",NA,"28eb1a3f-1c15-4a95-931a-4af90ecb574d",51.853674,1.279671,NA,NA,NA,NA,NA,NA,"2017-08-04T15:15",4,8,2017,2304415,2304415,"HUMAN_OBSERVATION","iNaturalist","Observations","7775169","","Jeremy Barker",2017-09-04 08:42:26,"CC0_1_0","Jeremy Barker","Jeremy Barker",NA,NA,2025-06-07 00:24:56.106,"StillImage","COORDINATE_ROUNDED;CONTINENT_DERIVED_FROM_COORDINATES;TAXON_MATCH_TAXON_ID_IGNORED"
1621794982,"50c9509d-22c7-4a22-a47d-8c48425ef4a7","https://www.inaturalist.org/observations/7603352","Animalia","Mollusca","Gastropoda","Neogastropoda","Muricidae","Urosalpinx","Urosalpinx cinerea",NA,"SPECIES","Urosalpinx cinerea (Say, 1822)","Urosalpinx cinerea","","US","","New York","PRESENT",NA,"28eb1a3f-1c15-4a95-931a-4af90ecb574d",40.791955,-73.927198,19,NA,NA,NA,NA,NA,"2017-08-21T16:15",21,8,2017,2304415,2304415,"HUMAN_OBSERVATION","iNaturalist","Observations","7603352","","Susan J. Hewitt",2017-08-22 13:38:22,"CC_BY_NC_4_0","Susan J. Hewitt","Susan J. Hewitt",NA,NA,2025-06-07 02:31:27.785,"StillImage","CONTINENT_DERIVED_FROM_COORDINATES;TAXON_MATCH_TAXON_ID_IGNORED"
1571186695,"50c9509d-22c7-4a22-a47d-8c48425ef4a7","https://www.inaturalist.org/observations/6807776","Animalia","Mollusca","Gastropoda","Neogastropoda","Muricidae","Urosalpinx","Urosalpinx cinerea",NA,"SPECIES","Urosalpinx cinerea (Say, 1822)","Urosalpinx cinerea","","US","","New York","PRESENT",NA,"28eb1a3f-1c15-4a95-931a-4af90ecb574d",40.78115,-73.92785,NA,NA,NA,NA,NA,NA,"2017-06-23T16:19:03",23,6,2017,2304415,2304415,"HUMAN_OBSERVATION","iNaturalist","Observations","6807776","","Chris Girgenti",2017-06-26 14:13:37,"CC_BY_NC_4_0","Chris Girgenti","Chris Girgenti",NA,NA,2025-06-07 00:50:45.8,"StillImage","CONTINENT_DERIVED_FROM_COORDINATES;TAXON_MATCH_TAXON_ID_IGNORED"
1571108899,"50c9509d-22c7-4a22-a47d-8c48425ef4a7","https://www.inaturalist.org/observations/6552891","Animalia","Mollusca","Gastropoda","Neogastropoda","Muricidae","Urosalpinx","Urosalpinx cinerea",NA,"SPECIES","Urosalpinx cinerea (Say, 1822)","Urosalpinx cinerea","","US","","New York","PRESENT",NA,"28eb1a3f-1c15-4a95-931a-4af90ecb574d",40.789553,-73.9327,30,NA,NA,NA,NA,NA,"2017-06-08T16:12:43",8,6,2017,2304415,2304415,"HUMAN_OBSERVATION","iNaturalist","Observations","6552891","","Susan J. Hewitt",2017-06-08 23:24:55,"CC_BY_NC_4_0","Susan J. Hewitt","Susan J. Hewitt",NA,NA,2025-06-07 02:31:39.413,"StillImage","CONTINENT_DERIVED_FROM_COORDINATES;TAXON_MATCH_TAXON_ID_IGNORED"
1453377879,"50c9509d-22c7-4a22-a47d-8c48425ef4a7","https://www.inaturalist.org/observations/5001659","Animalia","Mollusca","Gastropoda","Neogastropoda","Muricidae","Urosalpinx","Urosalpinx cinerea",NA,"SPECIES","Urosalpinx cinerea (Say, 1822)","Urosalpinx cinerea","","US","","California","PRESENT",NA,"28eb1a3f-1c15-4a95-931a-4af90ecb574d",37.892192,-122.48558,NA,NA,NA,NA,NA,NA,"2017-01-24T15:59:18",24,1,2017,2304415,2304415,"HUMAN_OBSERVATION","iNaturalist","Observations","5001659","","slloyd",2017-01-25 00:35:18,"CC_BY_NC_4_0","slloyd","slloyd",NA,NA,2025-06-07 00:45:48.472,"StillImage","COORDINATE_ROUNDED;CONTINENT_DERIVED_FROM_COORDINATES;TAXON_MATCH_TAXON_ID_IGNORED"
1453352441,"50c9509d-22c7-4a22-a47d-8c48425ef4a7","https://www.inaturalist.org/observations/4946101","Animalia","Mollusca","Gastropoda","Neogastropoda","Muricidae","Urosalpinx","Urosalpinx cinerea",NA,"SPECIES","Urosalpinx cinerea (Say, 1822)","Urosalpinx cinerea","","US","","California","PRESENT",NA,"28eb1a3f-1c15-4a95-931a-4af90ecb574d",37.564178,-122.249353,NA,NA,NA,NA,NA,NA,"2017-01-14T10:10:19",14,1,2017,2304415,2304415,"HUMAN_OBSERVATION","iNaturalist","Observations","4946101","","Gena Bentall",2017-01-15 00:57:15,"CC_BY_NC_4_0","Gena Bentall","Gena Bentall",NA,NA,2025-06-07 00:03:53.047,"StillImage","COORDINATE_ROUNDED;CONTINENT_DERIVED_FROM_COORDINATES;TAXON_MATCH_TAXON_ID_IGNORED"
1453323241,"50c9509d-22c7-4a22-a47d-8c48425ef4a7","https://www.inaturalist.org/observations/4879358","Animalia","Mollusca","Gastropoda","Neogastropoda","Muricidae","Urosalpinx","Urosalpinx cinerea",NA,"SPECIES","Urosalpinx cinerea (Say, 1822)","Urosalpinx cinerea","","US","","Connecticut","PRESENT",NA,"28eb1a3f-1c15-4a95-931a-4af90ecb574d",41.266941,-72.659897,NA,NA,NA,NA,NA,NA,"2017-01-01T14:42:07",1,1,2017,2304415,2304415,"HUMAN_OBSERVATION","iNaturalist","Observations","4879358","","Ken-ichi Ueda",2017-01-01 22:40:12,"CC0_1_0","Ken-ichi Ueda","Ken-ichi Ueda",NA,NA,2025-06-07 00:53:20.763,"StillImage","COORDINATE_ROUNDED;CONTINENT_DERIVED_FROM_COORDINATES;TAXON_MATCH_TAXON_ID_IGNORED"
1291143501,"50c9509d-22c7-4a22-a47d-8c48425ef4a7","http://www.inaturalist.org/observations/3735763","Animalia","Mollusca","Gastropoda","Neogastropoda","Muricidae","Urosalpinx","Urosalpinx cinerea",NA,"SPECIES","Urosalpinx cinerea (Say, 1822)","Urosalpinx cinerea","","US","","California","PRESENT",NA,"28eb1a3f-1c15-4a95-931a-4af90ecb574d",37.531782,-122.181273,244,NA,NA,NA,NA,NA,"2016-07-23T16:44",23,7,2016,2304415,2304415,"HUMAN_OBSERVATION","iNaturalist","Observations","3735763","","sea-kangaroo",2016-07-24 07:04:02,"CC_BY_4_0","sea-kangaroo","sea-kangaroo",NA,NA,2025-06-07 01:30:00.579,"StillImage","COORDINATE_ROUNDED;CONTINENT_DERIVED_FROM_COORDINATES;TAXON_MATCH_TAXON_ID_IGNORED"
1291064752,"50c9509d-22c7-4a22-a47d-8c48425ef4a7","http://www.inaturalist.org/observations/1877564","Animalia","Mollusca","Gastropoda","Neogastropoda","Muricidae","Urosalpinx","Urosalpinx cinerea",NA,"SPECIES","Urosalpinx cinerea (Say, 1822)","Urosalpinx cinerea","","US","","California","PRESENT",NA,"28eb1a3f-1c15-4a95-931a-4af90ecb574d",37.485215,-122.236355,9723,NA,NA,NA,NA,NA,"2015-08-20",20,8,2015,2304415,2304415,"HUMAN_OBSERVATION","iNaturalist","Observations","1877564","","Robin Gwen Agarwal",2015-08-21 00:06:10,"CC_BY_NC_4_0","Robin Gwen Agarwal","Robin Gwen Agarwal",NA,NA,2025-06-07 02:30:35.807,"StillImage","CONTINENT_DERIVED_FROM_COORDINATES;TAXON_MATCH_TAXON_ID_IGNORED"
1272102060,"50c9509d-22c7-4a22-a47d-8c48425ef4a7","http://www.inaturalist.org/observations/3424616","Animalia","Mollusca","Gastropoda","Neogastropoda","Muricidae","Urosalpinx","Urosalpinx cinerea",NA,"SPECIES","Urosalpinx cinerea (Say, 1822)","Urosalpinx cinerea","","US","","California","PRESENT",NA,"28eb1a3f-1c15-4a95-931a-4af90ecb574d",38.115857,-122.871,5,NA,NA,NA,NA,NA,"2016-06-09T12:31:17",9,6,2016,2304415,2304415,"HUMAN_OBSERVATION","iNaturalist","Observations","3424616","","jsadowski",2016-06-10 04:53:17,"CC_BY_NC_4_0","jsadowski","jsadowski",NA,NA,2025-06-07 02:31:12.418,"StillImage","COORDINATE_ROUNDED;CONTINENT_DERIVED_FROM_COORDINATES;TAXON_MATCH_TAXON_ID_IGNORED"
1272093817,"50c9509d-22c7-4a22-a47d-8c48425ef4a7","http://www.inaturalist.org/observations/3395973","Animalia","Mollusca","Gastropoda","Neogastropoda","Muricidae","Urosalpinx","Urosalpinx cinerea",NA,"SPECIES","Urosalpinx cinerea (Say, 1822)","Urosalpinx cinerea","","US","","California","PRESENT",NA,"28eb1a3f-1c15-4a95-931a-4af90ecb574d",37.494483,-122.499342,NA,NA,NA,NA,NA,NA,"2016-06-06T06:47",6,6,2016,2304415,2304415,"HUMAN_OBSERVATION","iNaturalist","Observations","3395973","","Susan J. Hewitt",2016-06-06 19:46:51,"CC_BY_NC_4_0","Donna Pomeroy","Donna Pomeroy",NA,NA,2025-06-07 01:02:53.038,"StillImage","COORDINATE_ROUNDED;CONTINENT_DERIVED_FROM_COORDINATES;TAXON_MATCH_TAXON_ID_IGNORED"
1272077175,"50c9509d-22c7-4a22-a47d-8c48425ef4a7","http://www.inaturalist.org/observations/2400647","Animalia","Mollusca","Gastropoda","Neogastropoda","Muricidae","Urosalpinx","Urosalpinx cinerea",NA,"SPECIES","Urosalpinx cinerea (Say, 1822)","Urosalpinx cinerea","","US","","California","PRESENT",NA,"28eb1a3f-1c15-4a95-931a-4af90ecb574d",37.696547,-122.193169,NA,NA,NA,NA,NA,NA,"2015-11-19T10:22:03",19,11,2015,2304415,2304415,"HUMAN_OBSERVATION","iNaturalist","Observations","2400647","","Robin Gwen Agarwal",2015-11-20 00:30:00,"CC_BY_NC_4_0","Robin Gwen Agarwal","Robin Gwen Agarwal",NA,NA,2025-06-07 00:06:46.107,"StillImage","COORDINATE_ROUNDED;CONTINENT_DERIVED_FROM_COORDINATES;TAXON_MATCH_TAXON_ID_IGNORED"
1272073398,"50c9509d-22c7-4a22-a47d-8c48425ef4a7","http://www.inaturalist.org/observations/1268078","Animalia","Mollusca","Gastropoda","Neogastropoda","Muricidae","Urosalpinx","Urosalpinx cinerea",NA,"SPECIES","Urosalpinx cinerea (Say, 1822)","Urosalpinx cinerea","","US","","California","PRESENT",NA,"28eb1a3f-1c15-4a95-931a-4af90ecb574d",37.557189,-122.245506,NA,NA,NA,NA,NA,NA,"2015-03-02T10:14:58",2,3,2015,2304415,2304415,"HUMAN_OBSERVATION","iNaturalist","Observations","1268078","","Robin Gwen Agarwal",2015-03-03 05:48:29,"CC_BY_NC_4_0","Robin Gwen Agarwal","Robin Gwen Agarwal",NA,NA,2025-06-07 01:17:18.936,"StillImage","COORDINATE_ROUNDED;CONTINENT_DERIVED_FROM_COORDINATES;TAXON_MATCH_TAXON_ID_IGNORED"
1272073118,"50c9509d-22c7-4a22-a47d-8c48425ef4a7","http://www.inaturalist.org/observations/1196013","Animalia","Mollusca","Gastropoda","Neogastropoda","Muricidae","Urosalpinx","Urosalpinx cinerea",NA,"SPECIES","Urosalpinx cinerea (Say, 1822)","Urosalpinx cinerea","","US","","California","PRESENT",NA,"28eb1a3f-1c15-4a95-931a-4af90ecb574d",37.591442,-122.319,NA,NA,NA,NA,NA,NA,"2015-01-26T12:07:28",26,1,2015,2304415,2304415,"HUMAN_OBSERVATION","iNaturalist","Observations","1196013","","Robin Gwen Agarwal",2015-01-27 01:05:26,"CC_BY_NC_4_0","Robin Gwen Agarwal","Robin Gwen Agarwal",NA,NA,2025-06-07 02:30:30.686,"StillImage","COORDINATE_ROUNDED;CONTINENT_DERIVED_FROM_COORDINATES;TAXON_MATCH_TAXON_ID_IGNORED"
1272051900,"6da969ce-0833-4bb6-a4e6-5013a50eefef","1121544522","Animalia","Mollusca","Gastropoda","Neogastropoda","Muricidae","Urosalpinx","Urosalpinx cinerea",NA,"SPECIES","Urosalpinx cinerea (Say, 1822)","Urosalpinx cinerea","(Say, 1822)","US","Alcatraz","Ca","PRESENT",NA,"c3ad790a-d426-4ac1-8e32-da61f81f0117",37.82534,-122.42228,NA,NA,0,0,NA,NA,"2005-11-16",16,11,2005,2304415,2304415,"HUMAN_OBSERVATION","USGS","Non-Freshwater Specimens","621079","","USGS",2005-11-16,"CC0_1_0","","",NA,NA,2025-01-31 21:48:33.612,"","GEODETIC_DATUM_INVALID;GEODETIC_DATUM_ASSUMED_WGS84;CONTINENT_DERIVED_FROM_COORDINATES;TAXON_MATCH_SCIENTIFIC_NAME_ID_IGNORED"
1272051891,"6da969ce-0833-4bb6-a4e6-5013a50eefef","1121544519","Animalia","Mollusca","Gastropoda","Neogastropoda","Muricidae","Urosalpinx","Urosalpinx cinerea",NA,"SPECIES","Urosalpinx cinerea (Say, 1822)","Urosalpinx cinerea","(Say, 1822)","US","Point Cavallo","Ca","PRESENT",NA,"c3ad790a-d426-4ac1-8e32-da61f81f0117",37.83187,-122.47366,NA,NA,0,0,NA,NA,"2005-06-09",9,6,2005,2304415,2304415,"HUMAN_OBSERVATION","USGS","Non-Freshwater Specimens","621075","","USGS",2005-06-09,"CC0_1_0","","",NA,NA,2025-01-31 21:48:33.614,"","GEODETIC_DATUM_INVALID;GEODETIC_DATUM_ASSUMED_WGS84;CONTINENT_DERIVED_FROM_COORDINATES;TAXON_MATCH_SCIENTIFIC_NAME_ID_IGNORED"
1272051873,"6da969ce-0833-4bb6-a4e6-5013a50eefef","1121544510","Animalia","Mollusca","Gastropoda","Neogastropoda","Muricidae","Urosalpinx","Urosalpinx cinerea",NA,"SPECIES","Urosalpinx cinerea (Say, 1822)","Urosalpinx cinerea","(Say, 1822)","US","Willapa Bay, Stackpole","Wa","PRESENT",NA,"c3ad790a-d426-4ac1-8e32-da61f81f0117",46.6,-124,NA,NA,0,0,NA,NA,"2006-07-03",3,7,2006,2304415,2304415,"HUMAN_OBSERVATION","USGS","Non-Freshwater Specimens","261824","","USGS",2006-07-03,"CC0_1_0","","",NA,NA,2025-01-31 21:48:33.61,"","GEODETIC_DATUM_INVALID;GEODETIC_DATUM_ASSUMED_WGS84;CONTINENT_DERIVED_FROM_COORDINATES;TAXON_MATCH_SCIENTIFIC_NAME_ID_IGNORED"
1272051858,"6da969ce-0833-4bb6-a4e6-5013a50eefef","1121544517","Animalia","Mollusca","Gastropoda","Neogastropoda","Muricidae","Urosalpinx","Urosalpinx cinerea",NA,"SPECIES","Urosalpinx cinerea (Say, 1822)","Urosalpinx cinerea","(Say, 1822)","US","Rodeo Marina","Ca","PRESENT",NA,"c3ad790a-d426-4ac1-8e32-da61f81f0117",38.03938,-122.27165,NA,NA,0,0,NA,NA,"2010-06-30",30,6,2010,2304415,2304415,"HUMAN_OBSERVATION","USGS","Non-Freshwater Specimens","621066","","USGS",2010-06-30,"CC0_1_0","","",NA,NA,2025-01-31 21:48:33.613,"","GEODETIC_DATUM_INVALID;GEODETIC_DATUM_ASSUMED_WGS84;CONTINENT_DERIVED_FROM_COORDINATES;TAXON_MATCH_SCIENTIFIC_NAME_ID_IGNORED"
1272051848,"6da969ce-0833-4bb6-a4e6-5013a50eefef","1121544514","Animalia","Mollusca","Gastropoda","Neogastropoda","Muricidae","Urosalpinx","Urosalpinx cinerea",NA,"SPECIES","Urosalpinx cinerea (Say, 1822)","Urosalpinx cinerea","(Say, 1822)","US","Ayala Cove","Ca","PRESENT",NA,"c3ad790a-d426-4ac1-8e32-da61f81f0117",37.86798,-122.43497,NA,NA,0,0,NA,NA,"2005-08-19",19,8,2005,2304415,2304415,"HUMAN_OBSERVATION","USGS","Non-Freshwater Specimens","621080","","USGS",2005-08-19,"CC0_1_0","","",NA,NA,2025-01-31 21:48:33.612,"","GEODETIC_DATUM_INVALID;GEODETIC_DATUM_ASSUMED_WGS84;CONTINENT_DERIVED_FROM_COORDINATES;TAXON_MATCH_SCIENTIFIC_NAME_ID_IGNORED"
1272051846,"6da969ce-0833-4bb6-a4e6-5013a50eefef","1121544518","Animalia","Mollusca","Gastropoda","Neogastropoda","Muricidae","Urosalpinx","Urosalpinx cinerea",NA,"SPECIES","Urosalpinx cinerea (Say, 1822)","Urosalpinx cinerea","(Say, 1822)","US","Fort Point","Ca","PRESENT",NA,"c3ad790a-d426-4ac1-8e32-da61f81f0117",37.8095,-122.47607,NA,NA,0,0,NA,NA,"2005-06-07",7,6,2005,2304415,2304415,"HUMAN_OBSERVATION","USGS","Non-Freshwater Specimens","621073","","USGS",2005-06-07,"CC0_1_0","","",NA,NA,2025-01-31 21:48:33.614,"","GEODETIC_DATUM_INVALID;GEODETIC_DATUM_ASSUMED_WGS84;CONTINENT_DERIVED_FROM_COORDINATES;TAXON_MATCH_SCIENTIFIC_NAME_ID_IGNORED"
1272051842,"6da969ce-0833-4bb6-a4e6-5013a50eefef","1121544495","Animalia","Mollusca","Gastropoda","Neogastropoda","Muricidae","Urosalpinx","Urosalpinx cinerea",NA,"SPECIES","Urosalpinx cinerea (Say, 1822)","Urosalpinx cinerea","(Say, 1822)","US","Willapa National Wildlife Refuge","Wa","PRESENT",NA,"c3ad790a-d426-4ac1-8e32-da61f81f0117",46.528635,-123.980713,NA,NA,0,0,NA,NA,"2005",NA,NA,2005,2304415,2304415,"HUMAN_OBSERVATION","USGS","Non-Freshwater Specimens","164176","","USGS",2005-01-01,"CC0_1_0","","",NA,NA,2025-01-31 21:48:33.269,"","GEODETIC_DATUM_INVALID;GEODETIC_DATUM_ASSUMED_WGS84;CONTINENT_DERIVED_FROM_COORDINATES;TAXON_MATCH_SCIENTIFIC_NAME_ID_IGNORED"
1265571647,"50c9509d-22c7-4a22-a47d-8c48425ef4a7","http://www.inaturalist.org/observations/2928374","Animalia","Mollusca","Gastropoda","Neogastropoda","Muricidae","Urosalpinx","Urosalpinx cinerea",NA,"SPECIES","Urosalpinx cinerea (Say, 1822)","Urosalpinx cinerea","","US","","New Jersey","PRESENT",NA,"28eb1a3f-1c15-4a95-931a-4af90ecb574d",40.477294,-74.270807,1382,NA,NA,NA,NA,NA,"2016-04-10",10,4,2016,2304415,2304415,"HUMAN_OBSERVATION","iNaturalist","Observations","2928374","","Susan J. Hewitt",2016-04-13 20:21:09,"CC_BY_NC_4_0","Kurtis Himmler","Kurtis Himmler",NA,NA,2025-06-07 00:16:52.894,"StillImage","CONTINENT_DERIVED_FROM_COORDINATES;TAXON_MATCH_TAXON_ID_IGNORED"
1265566756,"50c9509d-22c7-4a22-a47d-8c48425ef4a7","http://www.inaturalist.org/observations/2912629","Animalia","Mollusca","Gastropoda","Neogastropoda","Muricidae","Urosalpinx","Urosalpinx cinerea",NA,"SPECIES","Urosalpinx cinerea (Say, 1822)","Urosalpinx cinerea","","US","","California","PRESENT",NA,"28eb1a3f-1c15-4a95-931a-4af90ecb574d",37.505667,-122.217208,NA,NA,NA,NA,NA,NA,"2016-04-01T09:54:03",1,4,2016,2304415,2304415,"HUMAN_OBSERVATION","iNaturalist","Observations","2912629","","Marisa Agarwal",2016-04-10 20:09:40,"CC_BY_NC_4_0","Marisa Agarwal","Marisa Agarwal",NA,NA,2025-06-07 00:44:57.689,"StillImage","COORDINATE_ROUNDED;CONTINENT_DERIVED_FROM_COORDINATES;TAXON_MATCH_TAXON_ID_IGNORED"
1265551920,"50c9509d-22c7-4a22-a47d-8c48425ef4a7","http://www.inaturalist.org/observations/2863698","Animalia","Mollusca","Gastropoda","Neogastropoda","Muricidae","Urosalpinx","Urosalpinx cinerea",NA,"SPECIES","Urosalpinx cinerea (Say, 1822)","Urosalpinx cinerea","","US","","California","PRESENT",NA,"28eb1a3f-1c15-4a95-931a-4af90ecb574d",37.505031,-122.216786,NA,NA,NA,NA,NA,NA,"2016-04-01T10:26:08",1,4,2016,2304415,2304415,"HUMAN_OBSERVATION","iNaturalist","Observations","2863698","","Donna Pomeroy",2016-04-01 21:55:18,"CC_BY_NC_4_0","Donna Pomeroy","Donna Pomeroy",NA,NA,2025-06-06 23:47:51.52,"StillImage","COORDINATE_ROUNDED;CONTINENT_DERIVED_FROM_COORDINATES;TAXON_MATCH_TAXON_ID_IGNORED"
1227764430,"50c9509d-22c7-4a22-a47d-8c48425ef4a7","http://www.inaturalist.org/observations/2511260","Animalia","Mollusca","Gastropoda","Neogastropoda","Muricidae","Urosalpinx","Urosalpinx cinerea",NA,"SPECIES","Urosalpinx cinerea (Say, 1822)","Urosalpinx cinerea","","US","","Florida","PRESENT",NA,"28eb1a3f-1c15-4a95-931a-4af90ecb574d",29.877862,-81.276855,460,NA,NA,NA,NA,NA,"2015-12-14",14,12,2015,2304415,2304415,"HUMAN_OBSERVATION","iNaturalist","Observations","2511260","","Susan J. Hewitt",2015-12-29 02:18:37,"CC_BY_NC_4_0","Sarka Martinez","Sarka Martinez",NA,NA,2025-06-07 00:36:52.958,"StillImage","CONTINENT_DERIVED_FROM_COORDINATES;TAXON_MATCH_TAXON_ID_IGNORED"
1211978753,"50c9509d-22c7-4a22-a47d-8c48425ef4a7","http://www.inaturalist.org/observations/2311380","Animalia","Mollusca","Gastropoda","Neogastropoda","Muricidae","Urosalpinx","Urosalpinx cinerea",NA,"SPECIES","Urosalpinx cinerea (Say, 1822)","Urosalpinx cinerea","","US","","California","PRESENT",NA,"28eb1a3f-1c15-4a95-931a-4af90ecb574d",37.502355,-122.213534,NA,NA,NA,NA,NA,NA,"2015-10-25T16:41:12",25,10,2015,2304415,2304415,"HUMAN_OBSERVATION","iNaturalist","Observations","2311380","","sea-kangaroo",2015-10-26 04:44:42,"CC_BY_4_0","sea-kangaroo","sea-kangaroo",NA,NA,2025-06-07 00:36:53.246,"StillImage","CONTINENT_DERIVED_FROM_COORDINATES;TAXON_MATCH_TAXON_ID_IGNORED"
1134966678,"50c9509d-22c7-4a22-a47d-8c48425ef4a7","http://www.inaturalist.org/observations/1820729","Animalia","Mollusca","Gastropoda","Neogastropoda","Muricidae","Urosalpinx","Urosalpinx cinerea",NA,"SPECIES","Urosalpinx cinerea (Say, 1822)","Urosalpinx cinerea","","US","","South Carolina","PRESENT",NA,"28eb1a3f-1c15-4a95-931a-4af90ecb574d",32.573432,-80.192225,282,NA,NA,NA,NA,NA,"2015-07-31T14:29:01",31,7,2015,2304415,2304415,"HUMAN_OBSERVATION","iNaturalist","Observations","1820729","","David Gardner",2015-08-01 01:07:45,"CC_BY_NC_4_0","David Gardner","David Gardner",NA,NA,2025-06-07 00:24:22.029,"StillImage","CONTINENT_DERIVED_FROM_COORDINATES;TAXON_MATCH_TAXON_ID_IGNORED"
1099965718,"50c9509d-22c7-4a22-a47d-8c48425ef4a7","http://www.inaturalist.org/observations/1705361","Animalia","Mollusca","Gastropoda","Neogastropoda","Muricidae","Urosalpinx","Urosalpinx cinerea",NA,"SPECIES","Urosalpinx cinerea (Say, 1822)","Urosalpinx cinerea","","US","","Rhode Island","PRESENT",NA,"28eb1a3f-1c15-4a95-931a-4af90ecb574d",41.489937,-71.318126,84,NA,NA,NA,NA,NA,"2015-06-29T11:12:13",29,6,2015,2304415,2304415,"HUMAN_OBSERVATION","iNaturalist","Observations","1705361","","Susan J. Hewitt",2015-06-29 15:25:16,"CC_BY_NC_4_0","mattfreedman8","mattfreedman8",NA,NA,2025-06-06 23:47:21.336,"StillImage","CONTINENT_DERIVED_FROM_COORDINATES;TAXON_MATCH_TAXON_ID_IGNORED"
1088958014,"50c9509d-22c7-4a22-a47d-8c48425ef4a7","http://www.inaturalist.org/observations/1423179","Animalia","Mollusca","Gastropoda","Neogastropoda","Muricidae","Urosalpinx","Urosalpinx cinerea",NA,"SPECIES","Urosalpinx cinerea (Say, 1822)","Urosalpinx cinerea","","US","","California","PRESENT",NA,"28eb1a3f-1c15-4a95-931a-4af90ecb574d",37.589558,-122.326299,420,NA,NA,NA,NA,NA,"2015-04-25T11:31:04",25,4,2015,2304415,2304415,"HUMAN_OBSERVATION","iNaturalist","Observations","1423179","","Leslie Flint",2015-04-26 14:24:47,"CC_BY_NC_4_0","Leslie Flint","Leslie Flint",NA,NA,2025-06-07 00:51:17.456,"StillImage","CONTINENT_DERIVED_FROM_COORDINATES;TAXON_MATCH_TAXON_ID_IGNORED"
1088951221,"50c9509d-22c7-4a22-a47d-8c48425ef4a7","http://www.inaturalist.org/observations/1402506","Animalia","Mollusca","Gastropoda","Neogastropoda","Muricidae","Urosalpinx","Urosalpinx cinerea",NA,"SPECIES","Urosalpinx cinerea (Say, 1822)","Urosalpinx cinerea","","US","","New York","PRESENT",NA,"28eb1a3f-1c15-4a95-931a-4af90ecb574d",40.965038,-73.038064,NA,NA,NA,NA,NA,NA,"2015-04-18T11:01:36",18,4,2015,2304415,2304415,"HUMAN_OBSERVATION","iNaturalist","Observations","1402506","","Susan J. Hewitt",2015-04-18 22:46:11,"CC_BY_NC_4_0","akruger90","akruger90",NA,NA,2025-06-07 02:30:36.429,"StillImage","COORDINATE_ROUNDED;CONTINENT_DERIVED_FROM_COORDINATES;TAXON_MATCH_TAXON_ID_IGNORED"
1065594155,"50c9509d-22c7-4a22-a47d-8c48425ef4a7","http://www.inaturalist.org/observations/1185877","Animalia","Mollusca","Gastropoda","Neogastropoda","Muricidae","Urosalpinx","Urosalpinx cinerea",NA,"SPECIES","Urosalpinx cinerea (Say, 1822)","Urosalpinx cinerea","","US","","Connecticut","PRESENT",NA,"28eb1a3f-1c15-4a95-931a-4af90ecb574d",41.250387,-72.539645,79,NA,NA,NA,NA,NA,"2015-01-20",20,1,2015,2304415,2304415,"HUMAN_OBSERVATION","iNaturalist","Observations","1185877","","Andrew Cannizzaro",2015-01-20 20:20:40,"CC_BY_4_0","Andrew Cannizzaro","Andrew Cannizzaro",NA,NA,2025-06-07 00:45:24.123,"StillImage","CONTINENT_DERIVED_FROM_COORDINATES;TAXON_MATCH_TAXON_ID_IGNORED"
1038343434,"50c9509d-22c7-4a22-a47d-8c48425ef4a7","http://www.inaturalist.org/observations/1047151","Animalia","Mollusca","Gastropoda","Neogastropoda","Muricidae","Urosalpinx","Urosalpinx cinerea",NA,"SPECIES","Urosalpinx cinerea (Say, 1822)","Urosalpinx cinerea","","US","","California","PRESENT",NA,"28eb1a3f-1c15-4a95-931a-4af90ecb574d",37.457805,-122.101097,NA,NA,NA,NA,NA,NA,"2014-10-30T12:11:23",30,10,2014,2304415,2304415,"HUMAN_OBSERVATION","iNaturalist","Observations","1047151","","Donna Pomeroy",2014-10-31 00:47:34,"CC_BY_NC_4_0","Donna Pomeroy","Donna Pomeroy",NA,NA,2025-06-07 00:37:52.3,"StillImage","COORDINATE_ROUNDED;CONTINENT_DERIVED_FROM_COORDINATES;TAXON_MATCH_TAXON_ID_IGNORED"
1038286297,"50c9509d-22c7-4a22-a47d-8c48425ef4a7","http://www.inaturalist.org/observations/17616","Animalia","Mollusca","Gastropoda","Neogastropoda","Muricidae","Urosalpinx","Urosalpinx cinerea",NA,"SPECIES","Urosalpinx cinerea (Say, 1822)","Urosalpinx cinerea","","US","","California","PRESENT",NA,"28eb1a3f-1c15-4a95-931a-4af90ecb574d",37.509794,-122.110634,NA,NA,NA,NA,NA,NA,"2011-05-19T12:08:30",19,5,2011,2304415,2304415,"HUMAN_OBSERVATION","iNaturalist","Observations","17616","","Chris Brown",2011-05-19 21:45:25,"CC_BY_NC_4_0","Chris Brown","Chris Brown",NA,NA,2025-06-07 00:24:03.709,"","COORDINATE_ROUNDED;CONTINENT_DERIVED_FROM_COORDINATES;TAXON_MATCH_TAXON_ID_IGNORED"
