"gbifID","datasetKey","occurrenceID","kingdom","phylum","class","order","family","genus","species","infraspecificEpithet","taxonRank","scientificName","verbatimScientificName","verbatimScientificNameAuthorship","countryCode","locality","stateProvince","occurrenceStatus","individualCount","publishingOrgKey","decimalLatitude","decimalLongitude","coordinateUncertaintyInMeters","coordinatePrecision","elevation","elevationAccuracy","depth","depthAccuracy","eventDate","day","month","year","taxonKey","speciesKey","basisOfRecord","institutionCode","collectionCode","catalogNumber","recordNumber","identifiedBy","dateIdentified","license","rightsHolder","recordedBy","typeStatus","establishmentMeans","lastInterpreted","mediaType","issue"
5154927443,"50c9509d-22c7-4a22-a47d-8c48425ef4a7","https://www.inaturalist.org/observations/280636537","Animalia","Chordata",NA,"Perciformes","Gobiidae","Gobiosoma","Gobiosoma bosc",NA,"SPECIES","Gobiosoma bosc (Lacepède, 1800)","Gobiosoma bosc","","US","","Virginia","PRESENT",NA,"28eb1a3f-1c15-4a95-931a-4af90ecb574d",37.694372,-76.352164,NA,NA,NA,NA,NA,NA,"2025-05-07T15:15",7,5,2025,5208832,5208832,"HUMAN_OBSERVATION","iNaturalist","Observations","280636537",NA,"Adrienne van den Beemt",2025-05-12 21:58:37,"CC_BY_4_0","Adrienne van den Beemt","Adrienne van den Beemt",NA,NA,2025-06-07 02:01:28.858,"StillImage","COORDINATE_ROUNDED;CONTINENT_DERIVED_FROM_COORDINATES;TAXON_MATCH_TAXON_ID_IGNORED"
5154684439,"50c9509d-22c7-4a22-a47d-8c48425ef4a7","https://www.inaturalist.org/observations/121952127","Animalia","Chordata",NA,"Perciformes","Gobiidae","Gobiosoma","Gobiosoma bosc",NA,"SPECIES","Gobiosoma bosc (Lacepède, 1800)","Gobiosoma bosc","","US","","Virginia","PRESENT",NA,"28eb1a3f-1c15-4a95-931a-4af90ecb574d",37.691087,-76.35312,4,NA,NA,NA,NA,NA,"2022-06-15T20:30:50",15,6,2022,5208832,5208832,"HUMAN_OBSERVATION","iNaturalist","Observations","121952127",NA,"nicolastcy",2022-06-16 00:39:25,"CC_BY_NC_4_0","nicolastcy","nicolastcy",NA,NA,2025-06-07 01:26:30.559,"StillImage","COORDINATE_ROUNDED;CONTINENT_DERIVED_FROM_COORDINATES;TAXON_MATCH_TAXON_ID_IGNORED"
5153532811,"50c9509d-22c7-4a22-a47d-8c48425ef4a7","https://www.inaturalist.org/observations/242543853","Animalia","Chordata",NA,"Perciformes","Gobiidae","Gobiosoma","Gobiosoma bosc",NA,"SPECIES","Gobiosoma bosc (Lacepède, 1800)","Gobiosoma bosc","","US","","Maryland","PRESENT",NA,"28eb1a3f-1c15-4a95-931a-4af90ecb574d",39.1107,-76.210878,15,NA,NA,NA,NA,NA,"2024-09-18T15:14:21",18,9,2024,5208832,5208832,"HUMAN_OBSERVATION","iNaturalist","Observations","242543853",NA,"Nick Spigler",2024-09-18 19:17:51,"CC_BY_NC_4_0","Nick Spigler","Nick Spigler",NA,NA,2025-06-07 02:00:29.31,"StillImage","COORDINATE_ROUNDED;CONTINENT_DERIVED_FROM_COORDINATES;TAXON_MATCH_TAXON_ID_IGNORED"
5153519196,"50c9509d-22c7-4a22-a47d-8c48425ef4a7","https://www.inaturalist.org/observations/273065373","Animalia","Chordata",NA,"Perciformes","Gobiidae","Gobiosoma","Gobiosoma bosc",NA,"SPECIES","Gobiosoma bosc (Lacepède, 1800)","Gobiosoma bosc","","US","","Louisiana","PRESENT",NA,"28eb1a3f-1c15-4a95-931a-4af90ecb574d",29.681237,-92.206488,20,NA,NA,NA,NA,NA,"2025-04-25T08:03:39",25,4,2025,5208832,5208832,"HUMAN_OBSERVATION","iNaturalist","Observations","273065373",NA,"Brandon Johnson",2025-04-25 13:04:18,"CC_BY_4_0","Brandon Johnson","Brandon Johnson",NA,NA,2025-06-07 02:04:18.879,"StillImage","COORDINATE_ROUNDED;CONTINENT_DERIVED_FROM_COORDINATES;TAXON_MATCH_TAXON_ID_IGNORED"
5153037774,"50c9509d-22c7-4a22-a47d-8c48425ef4a7","https://www.inaturalist.org/observations/241110496","Animalia","Chordata",NA,"Perciformes","Gobiidae","Gobiosoma","Gobiosoma bosc",NA,"SPECIES","Gobiosoma bosc (Lacepède, 1800)","Gobiosoma bosc","","US","","Maryland","PRESENT",NA,"28eb1a3f-1c15-4a95-931a-4af90ecb574d",38.913247,-76.346511,NA,NA,NA,NA,NA,NA,"2024-09-08T11:26:44",8,9,2024,5208832,5208832,"HUMAN_OBSERVATION","iNaturalist","Observations","241110496",NA,"epic2112",2024-09-11 14:44:17,"CC_BY_NC_4_0","epic2112","epic2112",NA,NA,2025-06-07 01:31:11.023,"StillImage","COORDINATE_ROUNDED;CONTINENT_DERIVED_FROM_COORDINATES;TAXON_MATCH_TAXON_ID_IGNORED"
5153012586,"50c9509d-22c7-4a22-a47d-8c48425ef4a7","https://www.inaturalist.org/observations/241109664","Animalia","Chordata",NA,"Perciformes","Gobiidae","Gobiosoma","Gobiosoma bosc",NA,"SPECIES","Gobiosoma bosc (Lacepède, 1800)","Gobiosoma bosc","","US","","Maryland","PRESENT",NA,"28eb1a3f-1c15-4a95-931a-4af90ecb574d",38.913242,-76.346456,NA,NA,NA,NA,NA,NA,"2024-09-08T11:18:30",8,9,2024,5208832,5208832,"HUMAN_OBSERVATION","iNaturalist","Observations","241109664",NA,"epic2112",2024-09-11 14:38:37,"CC_BY_NC_4_0","epic2112","epic2112",NA,NA,2025-06-07 02:57:53.621,"StillImage","COORDINATE_ROUNDED;CONTINENT_DERIVED_FROM_COORDINATES;TAXON_MATCH_TAXON_ID_IGNORED"
5134802439,"50c9509d-22c7-4a22-a47d-8c48425ef4a7","https://www.inaturalist.org/observations/269314788","Animalia","Chordata",NA,"Perciformes","Gobiidae","Gobiosoma","Gobiosoma bosc",NA,"SPECIES","Gobiosoma bosc (Lacepède, 1800)","Gobiosoma bosc","","US","","South Carolina","PRESENT",NA,"28eb1a3f-1c15-4a95-931a-4af90ecb574d",32.452613,-80.670188,6,NA,NA,NA,NA,NA,"2025-04-08T12:57:38",8,4,2025,5208832,5208832,"HUMAN_OBSERVATION","iNaturalist","Observations","269314788",NA,"David Wise V",2025-04-08 17:18:26,"CC_BY_NC_4_0","David Wise V","David Wise V",NA,NA,2025-06-07 00:20:07.618,"StillImage","COORDINATE_ROUNDED;CONTINENT_DERIVED_FROM_COORDINATES;TAXON_MATCH_TAXON_ID_IGNORED"
5133883221,"50c9509d-22c7-4a22-a47d-8c48425ef4a7","https://www.inaturalist.org/observations/270931658","Animalia","Chordata",NA,"Perciformes","Gobiidae","Gobiosoma","Gobiosoma bosc",NA,"SPECIES","Gobiosoma bosc (Lacepède, 1800)","Gobiosoma bosc","","US","","Texas","PRESENT",NA,"28eb1a3f-1c15-4a95-931a-4af90ecb574d",29.593542,-95.094198,NA,NA,NA,NA,NA,NA,"2024-03-27T12:45",27,3,2024,5208832,5208832,"HUMAN_OBSERVATION","iNaturalist","Observations","270931658",NA,"Stacy Holcomb",2025-04-17 01:23:04,"CC_BY_NC_4_0","Stacy Holcomb","Stacy Holcomb",NA,NA,2025-06-07 02:13:31.84,"StillImage","COORDINATE_ROUNDED;CONTINENT_DERIVED_FROM_COORDINATES;TAXON_MATCH_TAXON_ID_IGNORED"
5133420873,"50c9509d-22c7-4a22-a47d-8c48425ef4a7","https://www.inaturalist.org/observations/270262070","Animalia","Chordata",NA,"Perciformes","Gobiidae","Gobiosoma","Gobiosoma bosc",NA,"SPECIES","Gobiosoma bosc (Lacepède, 1800)","Gobiosoma bosc","","US","","South Carolina","PRESENT",NA,"28eb1a3f-1c15-4a95-931a-4af90ecb574d",32.438437,-80.480313,8909,NA,NA,NA,NA,NA,"2025-04-13T15:14:04",13,4,2025,5208832,5208832,"HUMAN_OBSERVATION","iNaturalist","Observations","270262070",NA,"Jude Roman",2025-04-13 19:23:09,"CC_BY_NC_4_0","Jude Roman","Jude Roman",NA,NA,2025-06-07 01:27:20.074,"StillImage","COORDINATE_ROUNDED;CONTINENT_DERIVED_FROM_COORDINATES;TAXON_MATCH_TAXON_ID_IGNORED"
5087898854,"50c9509d-22c7-4a22-a47d-8c48425ef4a7","https://www.inaturalist.org/observations/264525411","Animalia","Chordata",NA,"Perciformes","Gobiidae","Gobiosoma","Gobiosoma bosc",NA,"SPECIES","Gobiosoma bosc (Lacepède, 1800)","Gobiosoma bosc","","US","","Florida","PRESENT",NA,"28eb1a3f-1c15-4a95-931a-4af90ecb574d",30.398655,-86.228875,4,NA,NA,NA,NA,NA,"2025-03-07T03:31:04",7,3,2025,5208832,5208832,"HUMAN_OBSERVATION","iNaturalist","Observations","264525411",NA,"Mitchel Buckner",2025-03-08 18:10:53,"CC_BY_4_0","James-LaFontaine","James-LaFontaine",NA,NA,2025-06-07 00:18:50.164,"StillImage","CONTINENT_DERIVED_FROM_COORDINATES;TAXON_MATCH_TAXON_ID_IGNORED"
5087749179,"50c9509d-22c7-4a22-a47d-8c48425ef4a7","https://www.inaturalist.org/observations/264894983","Animalia","Chordata",NA,"Perciformes","Gobiidae","Gobiosoma","Gobiosoma bosc",NA,"SPECIES","Gobiosoma bosc (Lacepède, 1800)","Gobiosoma bosc","","US","","Louisiana","PRESENT",NA,"28eb1a3f-1c15-4a95-931a-4af90ecb574d",30.086346,-93.323341,3660,NA,NA,NA,NA,NA,"2024-12-01T21:58:50",1,12,2024,5208832,5208832,"HUMAN_OBSERVATION","iNaturalist","Observations","264894983",NA,"mattb742",2025-03-11 04:13:43,"CC_BY_NC_4_0","mattb742","mattb742",NA,NA,2025-06-07 01:08:25.265,"StillImage","COORDINATE_ROUNDED;CONTINENT_DERIVED_FROM_COORDINATES;TAXON_MATCH_TAXON_ID_IGNORED"
5069941243,"50c9509d-22c7-4a22-a47d-8c48425ef4a7","https://www.inaturalist.org/observations/261880850","Animalia","Chordata",NA,"Perciformes","Gobiidae","Gobiosoma","Gobiosoma bosc",NA,"SPECIES","Gobiosoma bosc (Lacepède, 1800)","Gobiosoma bosc","","US","","New York","PRESENT",NA,"28eb1a3f-1c15-4a95-931a-4af90ecb574d",41.014948,-72.246802,191,NA,NA,NA,NA,NA,"2012-07-11T12:15:31",11,7,2012,5208832,5208832,"HUMAN_OBSERVATION","iNaturalist","Observations","261880850",NA,"stevebiasetti",2025-02-16 19:48:16,"CC_BY_NC_4_0","stevebiasetti","stevebiasetti",NA,NA,2025-06-07 02:16:00.976,"StillImage","COORDINATE_ROUNDED;CONTINENT_DERIVED_FROM_COORDINATES;TAXON_MATCH_TAXON_ID_IGNORED"
5069768081,"50c9509d-22c7-4a22-a47d-8c48425ef4a7","https://www.inaturalist.org/observations/258330885","Animalia","Chordata",NA,"Perciformes","Gobiidae","Gobiosoma","Gobiosoma bosc",NA,"SPECIES","Gobiosoma bosc (Lacepède, 1800)","Gobiosoma bosc","","US","","South Carolina","PRESENT",NA,"28eb1a3f-1c15-4a95-931a-4af90ecb574d",32.231755,-80.86747,11,NA,NA,NA,NA,NA,"2025-01-12T14:21:50",12,1,2025,5208832,5208832,"HUMAN_OBSERVATION","iNaturalist","Observations","258330885",NA,"Sawyer Baran",2025-01-13 02:28:23,"CC_BY_4_0","Sawyer Baran","Sawyer Baran",NA,NA,2025-06-07 00:51:12.358,"StillImage","CONTINENT_DERIVED_FROM_COORDINATES;TAXON_MATCH_TAXON_ID_IGNORED"
5069728986,"50c9509d-22c7-4a22-a47d-8c48425ef4a7","https://www.inaturalist.org/observations/176705819","Animalia","Chordata",NA,"Perciformes","Gobiidae","Gobiosoma","Gobiosoma bosc",NA,"SPECIES","Gobiosoma bosc (Lacepède, 1800)","Gobiosoma bosc","","US","","New York","PRESENT",NA,"28eb1a3f-1c15-4a95-931a-4af90ecb574d",40.619275,-73.620475,63,NA,NA,NA,NA,NA,"2023-08-02T14:00:25",2,8,2023,5208832,5208832,"HUMAN_OBSERVATION","iNaturalist","Observations","176705819",NA,"Robert Levy",2023-08-05 02:14:05,"CC_BY_NC_4_0","Robert Levy","Robert Levy",NA,NA,2025-06-07 00:50:49.926,"StillImage","CONTINENT_DERIVED_FROM_COORDINATES;TAXON_MATCH_TAXON_ID_IGNORED"
5008348118,"50c9509d-22c7-4a22-a47d-8c48425ef4a7","https://www.inaturalist.org/observations/255712614","Animalia","Chordata",NA,"Perciformes","Gobiidae","Gobiosoma","Gobiosoma bosc",NA,"SPECIES","Gobiosoma bosc (Lacepède, 1800)","Gobiosoma bosc","","US","","Mississippi","PRESENT",NA,"28eb1a3f-1c15-4a95-931a-4af90ecb574d",30.311888,-89.290147,7,NA,NA,NA,NA,NA,"2021-04-23T17:37:37",23,4,2021,5208832,5208832,"HUMAN_OBSERVATION","iNaturalist","Observations","255712614",NA,"laned228",2024-12-20 21:58:20,"CC_BY_NC_4_0","laned228","laned228",NA,NA,2025-06-07 00:21:33.107,"StillImage","COORDINATE_ROUNDED;CONTINENT_DERIVED_FROM_COORDINATES;TAXON_MATCH_TAXON_ID_IGNORED"
5006741637,"50c9509d-22c7-4a22-a47d-8c48425ef4a7","https://www.inaturalist.org/observations/255232048","Animalia","Chordata",NA,"Perciformes","Gobiidae","Gobiosoma","Gobiosoma bosc",NA,"SPECIES","Gobiosoma bosc (Lacepède, 1800)","Gobiosoma bosc","","US","","Florida","PRESENT",NA,"28eb1a3f-1c15-4a95-931a-4af90ecb574d",27.511596,-82.363307,143,NA,NA,NA,NA,NA,"2024-12-14T12:16",14,12,2024,5208832,5208832,"HUMAN_OBSERVATION","iNaturalist","Observations","255232048",NA,"Mitchel Buckner",2024-12-22 23:52:53,"CC_BY_NC_4_0","Austin Kaplan","Austin Kaplan",NA,NA,2025-06-07 02:02:25.265,"StillImage","COORDINATE_ROUNDED;CONTINENT_DERIVED_FROM_COORDINATES;TAXON_MATCH_TAXON_ID_IGNORED"
4987840516,"50c9509d-22c7-4a22-a47d-8c48425ef4a7","https://www.inaturalist.org/observations/189050167","Animalia","Chordata",NA,"Perciformes","Gobiidae","Gobiosoma","Gobiosoma bosc",NA,"SPECIES","Gobiosoma bosc (Lacepède, 1800)","Gobiosoma bosc","","US","","Texas","PRESENT",NA,"28eb1a3f-1c15-4a95-931a-4af90ecb574d",29.258321,-94.913265,16,NA,NA,NA,NA,NA,"2019-11-19",19,11,2019,5208832,5208832,"HUMAN_OBSERVATION","iNaturalist","Observations","189050167",NA,"Mitchel Buckner",2023-10-26 21:02:12,"CC_BY_NC_4_0","Mitchel Buckner","Mitchel Buckner",NA,NA,2025-06-07 00:36:34.469,"StillImage","COORDINATE_ROUNDED;CONTINENT_DERIVED_FROM_COORDINATES;TAXON_MATCH_TAXON_ID_IGNORED"
4987819934,"50c9509d-22c7-4a22-a47d-8c48425ef4a7","https://www.inaturalist.org/observations/102037588","Animalia","Chordata",NA,"Perciformes","Gobiidae","Gobiosoma","Gobiosoma bosc",NA,"SPECIES","Gobiosoma bosc (Lacepède, 1800)","Gobiosoma bosc","","US","","Texas","PRESENT",NA,"28eb1a3f-1c15-4a95-931a-4af90ecb574d",29.258353,-94.913246,NA,NA,NA,NA,NA,NA,"2020-11-14",14,11,2020,5208832,5208832,"HUMAN_OBSERVATION","iNaturalist","Observations","102037588",NA,"Mitchel Buckner",2021-11-27 22:15:07,"CC_BY_NC_4_0","Mitchel Buckner","Mitchel Buckner",NA,NA,2025-06-07 00:00:56.508,"StillImage","CONTINENT_DERIVED_FROM_COORDINATES;TAXON_MATCH_TAXON_ID_IGNORED"
4987561923,"50c9509d-22c7-4a22-a47d-8c48425ef4a7","https://www.inaturalist.org/observations/253220005","Animalia","Chordata",NA,"Perciformes","Gobiidae","Gobiosoma","Gobiosoma bosc",NA,"SPECIES","Gobiosoma bosc (Lacepède, 1800)","Gobiosoma bosc","","US","","Virginia","PRESENT",NA,"28eb1a3f-1c15-4a95-931a-4af90ecb574d",36.826432,-75.980838,788,NA,NA,NA,NA,NA,"2024-11-26T16:33:37",26,11,2024,5208832,5208832,"HUMAN_OBSERVATION","iNaturalist","Observations","253220005",NA,"zachs",2024-11-26 22:34:31,"CC_BY_NC_4_0","zachs","zachs",NA,NA,2025-06-07 00:58:00.456,"StillImage","COORDINATE_ROUNDED;CONTINENT_DERIVED_FROM_COORDINATES;TAXON_MATCH_TAXON_ID_IGNORED"
4987530853,"50c9509d-22c7-4a22-a47d-8c48425ef4a7","https://www.inaturalist.org/observations/168589532","Animalia","Chordata",NA,"Perciformes","Gobiidae","Gobiosoma","Gobiosoma bosc",NA,"SPECIES","Gobiosoma bosc (Lacepède, 1800)","Gobiosoma bosc","","US","","New York","PRESENT",NA,"28eb1a3f-1c15-4a95-931a-4af90ecb574d",40.810753,-72.594825,4,NA,NA,NA,NA,NA,"2023-06-20T15:50:15",20,6,2023,5208832,5208832,"HUMAN_OBSERVATION","iNaturalist","Observations","168589532",NA,"James-LaFontaine",2023-06-21 01:39:55,"CC_BY_4_0","James-LaFontaine","James-LaFontaine",NA,NA,2025-06-07 01:54:37.56,"StillImage","COORDINATE_ROUNDED;CONTINENT_DERIVED_FROM_COORDINATES;TAXON_MATCH_TAXON_ID_IGNORED"
4987510661,"50c9509d-22c7-4a22-a47d-8c48425ef4a7","https://www.inaturalist.org/observations/253046895","Animalia","Chordata",NA,"Perciformes","Gobiidae","Gobiosoma","Gobiosoma bosc",NA,"SPECIES","Gobiosoma bosc (Lacepède, 1800)","Gobiosoma bosc","","US","","Florida","PRESENT",NA,"28eb1a3f-1c15-4a95-931a-4af90ecb574d",30.39816,-86.229662,NA,NA,NA,NA,NA,NA,"2024-11-23T22:58:01",23,11,2024,5208832,5208832,"HUMAN_OBSERVATION","iNaturalist","Observations","253046895",NA,"Bradley Rasmussen",2024-11-25 14:16:02,"CC_BY_NC_4_0","Bradley Rasmussen","Bradley Rasmussen",NA,NA,2025-06-07 03:13:31.906,"StillImage","CONTINENT_DERIVED_FROM_COORDINATES;TAXON_MATCH_TAXON_ID_IGNORED"
4982113916,"50c9509d-22c7-4a22-a47d-8c48425ef4a7","https://www.inaturalist.org/observations/251674071","Animalia","Chordata",NA,"Perciformes","Gobiidae","Gobiosoma","Gobiosoma bosc",NA,"SPECIES","Gobiosoma bosc (Lacepède, 1800)","Gobiosoma bosc","","US","","Florida","PRESENT",NA,"28eb1a3f-1c15-4a95-931a-4af90ecb574d",27.141622,-80.848279,218,NA,NA,NA,NA,NA,"2024-05-20T21:02",20,5,2024,5208832,5208832,"HUMAN_OBSERVATION","iNaturalist","Observations","251674071",NA,"larvalfishguy",2024-11-14 16:05:09,"CC_BY_NC_4_0","larvalfishguy","larvalfishguy",NA,NA,2025-06-07 00:05:05.316,"StillImage","COORDINATE_ROUNDED;CONTINENT_DERIVED_FROM_COORDINATES;TAXON_MATCH_TAXON_ID_IGNORED"
4973971107,"50c9509d-22c7-4a22-a47d-8c48425ef4a7","https://www.inaturalist.org/observations/48651079","Animalia","Chordata",NA,"Perciformes","Gobiidae","Gobiosoma","Gobiosoma bosc",NA,"SPECIES","Gobiosoma bosc (Lacepède, 1800)","Gobiosoma bosc","","US","","Texas","PRESENT",NA,"28eb1a3f-1c15-4a95-931a-4af90ecb574d",26.126341,-97.952671,61,NA,NA,NA,NA,NA,"2012-04-05T14:55",5,4,2012,5208832,5208832,"HUMAN_OBSERVATION","iNaturalist","Observations","48651079",NA,"Mitchel Buckner",2024-10-16 00:54:27,"CC_BY_4_0","johnyochum","johnyochum",NA,NA,2025-06-07 00:35:15.302,"StillImage","COORDINATE_ROUNDED;CONTINENT_DERIVED_FROM_COORDINATES;TAXON_MATCH_TAXON_ID_IGNORED"
4973872434,"50c9509d-22c7-4a22-a47d-8c48425ef4a7","https://www.inaturalist.org/observations/246868205","Animalia","Chordata",NA,"Perciformes","Gobiidae","Gobiosoma","Gobiosoma bosc",NA,"SPECIES","Gobiosoma bosc (Lacepède, 1800)","Gobiosoma bosc","","US","","Alabama","PRESENT",NA,"28eb1a3f-1c15-4a95-931a-4af90ecb574d",30.251764,-88.128461,NA,NA,NA,NA,NA,NA,"2024-10-11T20:48:37",11,10,2024,5208832,5208832,"HUMAN_OBSERVATION","iNaturalist","Observations","246868205",NA,"Bob Reed",2024-10-12 02:44:16,"CC_BY_NC_4_0","Bob Reed","Bob Reed",NA,NA,2025-06-07 01:04:22.917,"StillImage","COORDINATE_ROUNDED;CONTINENT_DERIVED_FROM_COORDINATES;TAXON_MATCH_TAXON_ID_IGNORED"
4954335985,"50c9509d-22c7-4a22-a47d-8c48425ef4a7","https://www.inaturalist.org/observations/246919422","Animalia","Chordata",NA,"Perciformes","Gobiidae","Gobiosoma","Gobiosoma bosc",NA,"SPECIES","Gobiosoma bosc (Lacepède, 1800)","Gobiosoma bosc","","US","","Texas","PRESENT",NA,"28eb1a3f-1c15-4a95-931a-4af90ecb574d",29.192142,-94.977487,9,NA,NA,NA,NA,NA,"2024-10-12T07:34:59",12,10,2024,5208832,5208832,"HUMAN_OBSERVATION","iNaturalist","Observations","246919422",NA,"jcowdog",2024-10-12 16:46:03,"CC_BY_NC_4_0","williampaulwhite17","williampaulwhite17",NA,NA,2025-06-07 01:27:06.381,"StillImage","COORDINATE_ROUNDED;CONTINENT_DERIVED_FROM_COORDINATES;TAXON_MATCH_TAXON_ID_IGNORED"
4946436216,"50c9509d-22c7-4a22-a47d-8c48425ef4a7","https://www.inaturalist.org/observations/240153958","Animalia","Chordata",NA,"Perciformes","Gobiidae","Gobiosoma","Gobiosoma bosc",NA,"SPECIES","Gobiosoma bosc (Lacepède, 1800)","Gobiosoma bosc","","US","","New York","PRESENT",NA,"28eb1a3f-1c15-4a95-931a-4af90ecb574d",40.958003,-73.691513,5,NA,NA,NA,NA,NA,"2024-09-04T13:24:22",4,9,2024,5208832,5208832,"HUMAN_OBSERVATION","iNaturalist","Observations","240153958",NA,"snaileontologist",2024-09-06 15:35:11,"CC_BY_NC_4_0","snaileontologist","snaileontologist",NA,NA,2025-06-07 00:06:20.949,"StillImage","COORDINATE_ROUNDED;CONTINENT_DERIVED_FROM_COORDINATES;TAXON_MATCH_TAXON_ID_IGNORED"
4946333943,"50c9509d-22c7-4a22-a47d-8c48425ef4a7","https://www.inaturalist.org/observations/241111898","Animalia","Chordata",NA,"Perciformes","Gobiidae","Gobiosoma","Gobiosoma bosc",NA,"SPECIES","Gobiosoma bosc (Lacepède, 1800)","Gobiosoma bosc","","US","","Maryland","PRESENT",NA,"28eb1a3f-1c15-4a95-931a-4af90ecb574d",38.935825,-76.2862,NA,NA,NA,NA,NA,NA,"2024-09-08T12:49:18",8,9,2024,5208832,5208832,"HUMAN_OBSERVATION","iNaturalist","Observations","241111898",NA,"epic2112",2024-09-11 14:53:27,"CC_BY_NC_4_0","epic2112","epic2112",NA,NA,2025-06-07 01:41:48.795,"StillImage","CONTINENT_DERIVED_FROM_COORDINATES;TAXON_MATCH_TAXON_ID_IGNORED"
4946104377,"50c9509d-22c7-4a22-a47d-8c48425ef4a7","https://www.inaturalist.org/observations/240066748","Animalia","Chordata",NA,"Perciformes","Gobiidae","Gobiosoma","Gobiosoma bosc",NA,"SPECIES","Gobiosoma bosc (Lacepède, 1800)","Gobiosoma bosc","","US","","New York","PRESENT",NA,"28eb1a3f-1c15-4a95-931a-4af90ecb574d",40.828615,-72.531378,NA,NA,NA,NA,NA,NA,"2024-09-04T15:08:48",4,9,2024,5208832,5208832,"HUMAN_OBSERVATION","iNaturalist","Observations","240066748",NA,"Alexis Desmarais",2024-09-06 01:29:34,"CC_BY_NC_4_0","Alexis Desmarais","Alexis Desmarais",NA,NA,2025-06-07 00:12:40.932,"StillImage","COORDINATE_ROUNDED;CONTINENT_DERIVED_FROM_COORDINATES;TAXON_MATCH_TAXON_ID_IGNORED"
4936755080,"50c9509d-22c7-4a22-a47d-8c48425ef4a7","https://www.inaturalist.org/observations/239607263","Animalia","Chordata",NA,"Perciformes","Gobiidae","Gobiosoma","Gobiosoma bosc",NA,"SPECIES","Gobiosoma bosc (Lacepède, 1800)","Gobiosoma bosc","","US","","Virginia","PRESENT",NA,"28eb1a3f-1c15-4a95-931a-4af90ecb574d",37.916084,-75.388286,2,NA,NA,NA,NA,NA,"2024-09-02T19:30",2,9,2024,5208832,5208832,"HUMAN_OBSERVATION","iNaturalist","Observations","239607263",NA,"",NA,"CC_BY_NC_4_0","Marcus","Marcus",NA,NA,2025-06-07 01:53:12.808,"StillImage","COORDINATE_ROUNDED;CONTINENT_DERIVED_FROM_COORDINATES;TAXON_MATCH_TAXON_ID_IGNORED"
4935789766,"50c9509d-22c7-4a22-a47d-8c48425ef4a7","https://www.inaturalist.org/observations/238087113","Animalia","Chordata",NA,"Perciformes","Gobiidae","Gobiosoma","Gobiosoma bosc",NA,"SPECIES","Gobiosoma bosc (Lacepède, 1800)","Gobiosoma bosc","","US","","Virginia","PRESENT",NA,"28eb1a3f-1c15-4a95-931a-4af90ecb574d",37.264577,-75.817559,2993,NA,NA,NA,NA,NA,"2024-08-16T11:57",16,8,2024,5208832,5208832,"HUMAN_OBSERVATION","iNaturalist","Observations","238087113",NA,"estehr",2024-08-26 15:57:53,"CC_BY_NC_4_0","estehr","estehr",NA,NA,2025-06-07 00:06:07.61,"StillImage","COORDINATE_ROUNDED;CONTINENT_DERIVED_FROM_COORDINATES;TAXON_MATCH_TAXON_ID_IGNORED"
4935659294,"50c9509d-22c7-4a22-a47d-8c48425ef4a7","https://www.inaturalist.org/observations/121141717","Animalia","Chordata",NA,"Perciformes","Gobiidae","Gobiosoma","Gobiosoma bosc",NA,"SPECIES","Gobiosoma bosc (Lacepède, 1800)","Gobiosoma bosc","","US","","Virginia","PRESENT",NA,"28eb1a3f-1c15-4a95-931a-4af90ecb574d",37.529167,-76.430772,18,NA,NA,NA,NA,NA,"2022-06-10T14:02:16",10,6,2022,5208832,5208832,"HUMAN_OBSERVATION","iNaturalist","Observations","121141717",NA,"Cindy Haddon Andrews",2022-06-10 20:47:00,"CC_BY_NC_4_0","Cindy Haddon Andrews","Cindy Haddon Andrews",NA,NA,2025-06-06 23:56:11.041,"StillImage","COORDINATE_ROUNDED;CONTINENT_DERIVED_FROM_COORDINATES;TAXON_MATCH_TAXON_ID_IGNORED"
4923626700,"50c9509d-22c7-4a22-a47d-8c48425ef4a7","https://www.inaturalist.org/observations/234942785","Animalia","Chordata",NA,"Perciformes","Gobiidae","Gobiosoma","Gobiosoma bosc",NA,"SPECIES","Gobiosoma bosc (Lacepède, 1800)","Gobiosoma bosc","","US","","New York","PRESENT",NA,"28eb1a3f-1c15-4a95-931a-4af90ecb574d",40.710934,-73.239396,488,NA,NA,NA,NA,NA,"2024-08-10T07:35",10,8,2024,5208832,5208832,"HUMAN_OBSERVATION","iNaturalist","Observations","234942785",NA,"Zakqary Roy",2024-08-10 19:11:45,"CC_BY_4_0","Zakqary Roy","Zakqary Roy",NA,NA,2025-06-07 01:00:07.225,"StillImage","COORDINATE_ROUNDED;CONTINENT_DERIVED_FROM_COORDINATES;TAXON_MATCH_TAXON_ID_IGNORED"
4923621917,"50c9509d-22c7-4a22-a47d-8c48425ef4a7","https://www.inaturalist.org/observations/234957603","Animalia","Chordata",NA,"Perciformes","Gobiidae","Gobiosoma","Gobiosoma bosc",NA,"SPECIES","Gobiosoma bosc (Lacepède, 1800)","Gobiosoma bosc","","US","","New York","PRESENT",NA,"28eb1a3f-1c15-4a95-931a-4af90ecb574d",40.643803,-73.172562,3,NA,NA,NA,NA,NA,"2024-08-10T15:59:02",10,8,2024,5208832,5208832,"HUMAN_OBSERVATION","iNaturalist","Observations","234957603",NA,"Zakqary Roy",2024-08-10 20:22:30,"CC_BY_4_0","Zakqary Roy","Zakqary Roy",NA,NA,2025-06-07 03:09:39.352,"StillImage","COORDINATE_ROUNDED;CONTINENT_DERIVED_FROM_COORDINATES;TAXON_MATCH_TAXON_ID_IGNORED"
4909053644,"50c9509d-22c7-4a22-a47d-8c48425ef4a7","https://www.inaturalist.org/observations/229537974","Animalia","Chordata",NA,"Perciformes","Gobiidae","Gobiosoma","Gobiosoma bosc",NA,"SPECIES","Gobiosoma bosc (Lacepède, 1800)","Gobiosoma bosc","","US","","New York","PRESENT",NA,"28eb1a3f-1c15-4a95-931a-4af90ecb574d",40.907913,-72.445112,99,NA,NA,NA,NA,NA,"2024-07-15T13:47:13",15,7,2024,5208832,5208832,"HUMAN_OBSERVATION","iNaturalist","Observations","229537974",NA,"michael_zambardino",2024-07-15 17:47:16,"CC_BY_NC_4_0","michael_zambardino","michael_zambardino",NA,NA,2025-06-07 02:06:30.006,"StillImage","COORDINATE_ROUNDED;CONTINENT_DERIVED_FROM_COORDINATES;TAXON_MATCH_TAXON_ID_IGNORED"
4908153787,"50c9509d-22c7-4a22-a47d-8c48425ef4a7","https://www.inaturalist.org/observations/228012279","Animalia","Chordata",NA,"Perciformes","Gobiidae","Gobiosoma","Gobiosoma bosc",NA,"SPECIES","Gobiosoma bosc (Lacepède, 1800)","Gobiosoma bosc","","US","","North Carolina","PRESENT",NA,"28eb1a3f-1c15-4a95-931a-4af90ecb574d",36.351483,-75.825822,3,NA,NA,NA,NA,NA,"2024-07-07T21:42:59",7,7,2024,5208832,5208832,"HUMAN_OBSERVATION","iNaturalist","Observations","228012279",NA,"zachs",2024-07-09 13:36:15,"CC_BY_4_0","Zakqary Roy","Zakqary Roy",NA,NA,2025-06-07 01:40:57.841,"StillImage","COORDINATE_ROUNDED;CONTINENT_DERIVED_FROM_COORDINATES;TAXON_MATCH_TAXON_ID_IGNORED"
4904017595,"50c9509d-22c7-4a22-a47d-8c48425ef4a7","https://www.inaturalist.org/observations/222952246","Animalia","Chordata",NA,"Perciformes","Gobiidae","Gobiosoma","Gobiosoma bosc",NA,"SPECIES","Gobiosoma bosc (Lacepède, 1800)","Gobiosoma bosc","","US","","Texas","PRESENT",NA,"28eb1a3f-1c15-4a95-931a-4af90ecb574d",28.129872,-96.98433,4,NA,NA,NA,NA,NA,"2024-06-15T11:39:28",15,6,2024,5208832,5208832,"HUMAN_OBSERVATION","iNaturalist","Observations","222952246",NA,"Mitchel Buckner",2024-06-15 23:20:47,"CC_BY_NC_4_0","ranger_rock","ranger_rock",NA,NA,2025-06-07 01:51:53.378,"StillImage","COORDINATE_ROUNDED;CONTINENT_DERIVED_FROM_COORDINATES;TAXON_MATCH_TAXON_ID_IGNORED"
4901967626,"50c9509d-22c7-4a22-a47d-8c48425ef4a7","https://www.inaturalist.org/observations/222186597","Animalia","Chordata",NA,"Perciformes","Gobiidae","Gobiosoma","Gobiosoma bosc",NA,"SPECIES","Gobiosoma bosc (Lacepède, 1800)","Gobiosoma bosc","","US","","Maryland","PRESENT",NA,"28eb1a3f-1c15-4a95-931a-4af90ecb574d",39.012608,-76.400872,3,NA,NA,NA,NA,NA,"2024-06-11T23:52:46",11,6,2024,5208832,5208832,"HUMAN_OBSERVATION","iNaturalist","Observations","222186597",NA,"natebillhime",2024-06-12 06:34:21,"CC_BY_NC_4_0","natebillhime","natebillhime",NA,NA,2025-06-07 00:12:59.39,"StillImage","COORDINATE_ROUNDED;CONTINENT_DERIVED_FROM_COORDINATES;TAXON_MATCH_TAXON_ID_IGNORED"
4901337604,"50c9509d-22c7-4a22-a47d-8c48425ef4a7","https://www.inaturalist.org/observations/224283187","Animalia","Chordata",NA,"Perciformes","Gobiidae","Gobiosoma","Gobiosoma bosc",NA,"SPECIES","Gobiosoma bosc (Lacepède, 1800)","Gobiosoma bosc","","US","","Texas","PRESENT",NA,"28eb1a3f-1c15-4a95-931a-4af90ecb574d",29.297972,-94.928047,4,NA,NA,NA,NA,NA,"2024-06-20T11:05:35",20,6,2024,5208832,5208832,"HUMAN_OBSERVATION","iNaturalist","Observations","224283187",NA,"sarahm51",2024-06-21 23:16:37,"CC_BY_NC_4_0","sarahm51","sarahm51",NA,NA,2025-06-07 00:12:28.588,"StillImage","COORDINATE_ROUNDED;CONTINENT_DERIVED_FROM_COORDINATES;TAXON_MATCH_TAXON_ID_IGNORED"
4867881472,"50c9509d-22c7-4a22-a47d-8c48425ef4a7","https://www.inaturalist.org/observations/216847619","Animalia","Chordata",NA,"Perciformes","Gobiidae","Gobiosoma","Gobiosoma bosc",NA,"SPECIES","Gobiosoma bosc (Lacepède, 1800)","Gobiosoma bosc","","US","","Alabama","PRESENT",NA,"28eb1a3f-1c15-4a95-931a-4af90ecb574d",30.251347,-88.079605,184,NA,NA,NA,NA,NA,"2024-05-19T12:30:14",19,5,2024,5208832,5208832,"HUMAN_OBSERVATION","iNaturalist","Observations","216847619",NA,"Ava",2024-05-19 17:49:48,"CC_BY_NC_4_0","Ava","Ava",NA,NA,2025-06-07 00:42:11.351,"StillImage","COORDINATE_ROUNDED;CONTINENT_DERIVED_FROM_COORDINATES;TAXON_MATCH_TAXON_ID_IGNORED"
4867803762,"50c9509d-22c7-4a22-a47d-8c48425ef4a7","https://www.inaturalist.org/observations/216182476","Animalia","Chordata",NA,"Perciformes","Gobiidae","Gobiosoma","Gobiosoma bosc",NA,"SPECIES","Gobiosoma bosc (Lacepède, 1800)","Gobiosoma bosc","","US","","Maryland","PRESENT",NA,"28eb1a3f-1c15-4a95-931a-4af90ecb574d",38.010656,-75.848372,7,NA,NA,NA,NA,NA,"2023-05-24T12:36:18",24,5,2023,5208832,5208832,"HUMAN_OBSERVATION","iNaturalist","Observations","216182476",NA,"fearlessjess77",2024-05-16 20:43:19,"CC_BY_NC_4_0","fearlessjess77","fearlessjess77",NA,NA,2025-06-07 01:57:30.013,"StillImage","COORDINATE_ROUNDED;CONTINENT_DERIVED_FROM_COORDINATES;TAXON_MATCH_TAXON_ID_IGNORED"
4855112202,"50c9509d-22c7-4a22-a47d-8c48425ef4a7","https://www.inaturalist.org/observations/213883960","Animalia","Chordata",NA,"Perciformes","Gobiidae","Gobiosoma","Gobiosoma bosc",NA,"SPECIES","Gobiosoma bosc (Lacepède, 1800)","Gobiosoma bosc","","US","","Texas","PRESENT",NA,"28eb1a3f-1c15-4a95-931a-4af90ecb574d",29.588809,-95.077363,122,NA,NA,NA,NA,NA,"2024-04-29T13:51",29,4,2024,5208832,5208832,"HUMAN_OBSERVATION","iNaturalist","Observations","213883960",NA,"susanm",2024-05-06 02:30:58,"CC_BY_NC_4_0","susanm","susanm",NA,NA,2025-06-07 00:13:44.761,"StillImage","COORDINATE_ROUNDED;CONTINENT_DERIVED_FROM_COORDINATES;TAXON_MATCH_TAXON_ID_IGNORED"
4851952646,"50c9509d-22c7-4a22-a47d-8c48425ef4a7","https://www.inaturalist.org/observations/206389099","Animalia","Chordata",NA,"Perciformes","Gobiidae","Gobiosoma","Gobiosoma bosc",NA,"SPECIES","Gobiosoma bosc (Lacepède, 1800)","Gobiosoma bosc","","US","","Connecticut","PRESENT",NA,"28eb1a3f-1c15-4a95-931a-4af90ecb574d",41.334572,-71.983379,4,NA,NA,NA,NA,NA,"2023-11-16T09:59:41",16,11,2023,5208832,5208832,"HUMAN_OBSERVATION","iNaturalist","Observations","206389099",NA,"Mitchel Buckner",2024-04-10 07:56:55,"CC_BY_NC_4_0","jcbozzo","jcbozzo",NA,NA,2025-06-07 00:50:06.005,"StillImage","COORDINATE_ROUNDED;CONTINENT_DERIVED_FROM_COORDINATES;TAXON_MATCH_TAXON_ID_IGNORED"
4606532132,"50c9509d-22c7-4a22-a47d-8c48425ef4a7","https://www.inaturalist.org/observations/127635469","Animalia","Chordata",NA,"Perciformes","Gobiidae","Gobiosoma","Gobiosoma bosc",NA,"SPECIES","Gobiosoma bosc (Lacepède, 1800)","Gobiosoma bosc","","US","","Rhode Island","PRESENT",NA,"28eb1a3f-1c15-4a95-931a-4af90ecb574d",41.493121,-71.248519,57,NA,NA,NA,NA,NA,"2009-09-03T06:58",3,9,2009,5208832,5208832,"HUMAN_OBSERVATION","iNaturalist","Observations","127635469",NA,"charlesavenengo",2022-07-24 06:48:03,"CC_BY_NC_4_0","charlesavenengo","charlesavenengo",NA,NA,2025-06-07 01:54:09.159,"StillImage","COORDINATE_ROUNDED;CONTINENT_DERIVED_FROM_COORDINATES;TAXON_MATCH_TAXON_ID_IGNORED"
4599799642,"50c9509d-22c7-4a22-a47d-8c48425ef4a7","https://www.inaturalist.org/observations/203539655","Animalia","Chordata",NA,"Perciformes","Gobiidae","Gobiosoma","Gobiosoma bosc",NA,"SPECIES","Gobiosoma bosc (Lacepède, 1800)","Gobiosoma bosc","","US","","Texas","PRESENT",NA,"28eb1a3f-1c15-4a95-931a-4af90ecb574d",29.29957,-94.82747,4,NA,NA,NA,NA,NA,"2024-03-22T20:19:45",22,3,2024,5208832,5208832,"HUMAN_OBSERVATION","iNaturalist","Observations","203539655",NA,"Ava",2024-03-23 03:40:58,"CC_BY_NC_4_0","jcowdog","jcowdog",NA,NA,2025-06-07 03:02:11.144,"StillImage","CONTINENT_DERIVED_FROM_COORDINATES;TAXON_MATCH_TAXON_ID_IGNORED"
4596875270,"50c9509d-22c7-4a22-a47d-8c48425ef4a7","https://www.inaturalist.org/observations/201853897","Animalia","Chordata",NA,"Perciformes","Gobiidae","Gobiosoma","Gobiosoma bosc",NA,"SPECIES","Gobiosoma bosc (Lacepède, 1800)","Gobiosoma bosc","","US","","North Carolina","PRESENT",NA,"28eb1a3f-1c15-4a95-931a-4af90ecb574d",36.359213,-75.944946,30,NA,NA,NA,NA,NA,"2023-09-01T21:49:46",1,9,2023,5208832,5208832,"HUMAN_OBSERVATION","iNaturalist","Observations","201853897",NA,"elijahfreeman19",2024-03-10 00:06:19,"CC_BY_NC_4_0","elijahfreeman19","elijahfreeman19",NA,NA,2025-06-07 01:59:02.099,"StillImage","COORDINATE_ROUNDED;CONTINENT_DERIVED_FROM_COORDINATES;TAXON_MATCH_TAXON_ID_IGNORED"
4522651978,"50c9509d-22c7-4a22-a47d-8c48425ef4a7","https://www.inaturalist.org/observations/198729604","Animalia","Chordata",NA,"Perciformes","Gobiidae","Gobiosoma","Gobiosoma bosc",NA,"SPECIES","Gobiosoma bosc (Lacepède, 1800)","Gobiosoma bosc","","US","","Virginia","PRESENT",NA,"28eb1a3f-1c15-4a95-931a-4af90ecb574d",37.89425,-75.357605,4,NA,NA,NA,NA,NA,"2022-11-10T11:15:25",10,11,2022,5208832,5208832,"HUMAN_OBSERVATION","iNaturalist","Observations","198729604",NA,"mattmilleridaho",2024-02-08 14:48:18,"CC_BY_NC_4_0","mattmilleridaho","mattmilleridaho",NA,NA,2025-06-07 03:00:17.106,"StillImage","CONTINENT_DERIVED_FROM_COORDINATES;TAXON_MATCH_TAXON_ID_IGNORED"
4522525040,"50c9509d-22c7-4a22-a47d-8c48425ef4a7","https://www.inaturalist.org/observations/174803450","Animalia","Chordata",NA,"Perciformes","Gobiidae","Gobiosoma","Gobiosoma bosc",NA,"SPECIES","Gobiosoma bosc (Lacepède, 1800)","Gobiosoma bosc","","US","","New York","PRESENT",NA,"28eb1a3f-1c15-4a95-931a-4af90ecb574d",40.81757,-72.730087,4,NA,NA,NA,NA,NA,"2023-07-24T21:25:41",24,7,2023,5208832,5208832,"HUMAN_OBSERVATION","iNaturalist","Observations","174803450",NA,"michael_zambardino",2023-07-25 03:22:16,"CC_BY_NC_4_0","michael_zambardino","michael_zambardino",NA,NA,2025-06-07 00:56:24.783,"StillImage","COORDINATE_ROUNDED;CONTINENT_DERIVED_FROM_COORDINATES;TAXON_MATCH_TAXON_ID_IGNORED"
4522441296,"50c9509d-22c7-4a22-a47d-8c48425ef4a7","https://www.inaturalist.org/observations/186208516","Animalia","Chordata",NA,"Perciformes","Gobiidae","Gobiosoma","Gobiosoma bosc",NA,"SPECIES","Gobiosoma bosc (Lacepède, 1800)","Gobiosoma bosc","","US","","Virginia","PRESENT",NA,"28eb1a3f-1c15-4a95-931a-4af90ecb574d",37.685701,-75.869485,135,NA,NA,NA,NA,NA,"2023-10-04T09:29:59",4,10,2023,5208832,5208832,"HUMAN_OBSERVATION","iNaturalist","Observations","186208516",NA,"Austin Kaplan",2023-10-04 21:16:35,"CC_BY_NC_4_0","Austin Kaplan","Austin Kaplan",NA,NA,2025-06-07 01:30:40.342,"StillImage","COORDINATE_ROUNDED;CONTINENT_DERIVED_FROM_COORDINATES;TAXON_MATCH_TAXON_ID_IGNORED"
4519615329,"9a0b66df-7535-4f28-9f4e-5bc11b8b096c","Natuurpunt:Waarnemingen:284110623","Animalia","Chordata",NA,"Perciformes","Gobiidae","Gobiosoma","Gobiosoma bosc",NA,"SPECIES","Gobiosoma bosc (Lacepède, 1800)","Gobiosoma bosc","(Lacepède, 1800)","BE","","Antwerp","PRESENT",1,"4d3ceea8-5699-439d-a899-decac9cbbdac",51.23051,5.18048,30,NA,NA,NA,NA,NA,"2023-08-13",13,8,2023,5208832,5208832,"HUMAN_OBSERVATION","Natuurpunt","waarnemingen.be","",NA,"",NA,"CC_BY_NC_4_0","Natuurpunt Studie","",NA,NA,2025-06-11 10:21:44.848,"","TAXON_MATCH_TAXON_ID_IGNORED;OCCURRENCE_STATUS_INFERRED_FROM_INDIVIDUAL_COUNT"
4519609331,"9a0b66df-7535-4f28-9f4e-5bc11b8b096c","Natuurpunt:Waarnemingen:284111241","Animalia","Chordata",NA,"Perciformes","Gobiidae","Gobiosoma","Gobiosoma bosc",NA,"SPECIES","Gobiosoma bosc (Lacepède, 1800)","Gobiosoma bosc","(Lacepède, 1800)","BE","","Antwerp","PRESENT",6,"4d3ceea8-5699-439d-a899-decac9cbbdac",51.23081,5.18151,30,NA,NA,NA,NA,NA,"2023-08-13",13,8,2023,5208832,5208832,"HUMAN_OBSERVATION","Natuurpunt","waarnemingen.be","",NA,"",NA,"CC_BY_NC_4_0","Natuurpunt Studie","",NA,NA,2025-06-11 10:20:39.27,"","TAXON_MATCH_TAXON_ID_IGNORED;OCCURRENCE_STATUS_INFERRED_FROM_INDIVIDUAL_COUNT"
4518971879,"50c9509d-22c7-4a22-a47d-8c48425ef4a7","https://www.inaturalist.org/observations/193406889","Animalia","Chordata",NA,"Perciformes","Gobiidae","Gobiosoma","Gobiosoma bosc",NA,"SPECIES","Gobiosoma bosc (Lacepède, 1800)","Gobiosoma bosc","","US","","Virginia","PRESENT",NA,"28eb1a3f-1c15-4a95-931a-4af90ecb574d",37.261987,-75.82245,2738,NA,NA,NA,NA,NA,"2020-06-08T11:30",8,6,2020,5208832,5208832,"HUMAN_OBSERVATION","iNaturalist","Observations","193406889",NA,"estehr",2023-12-08 18:51:52,"CC_BY_NC_4_0","estehr","estehr",NA,NA,2025-06-07 00:10:31.743,"StillImage","COORDINATE_ROUNDED;CONTINENT_DERIVED_FROM_COORDINATES;TAXON_MATCH_TAXON_ID_IGNORED"
4512249628,"50c9509d-22c7-4a22-a47d-8c48425ef4a7","https://www.inaturalist.org/observations/196440058","Animalia","Chordata",NA,"Perciformes","Gobiidae","Gobiosoma","Gobiosoma bosc",NA,"SPECIES","Gobiosoma bosc (Lacepède, 1800)","Gobiosoma bosc","","US","","Virginia","PRESENT",NA,"28eb1a3f-1c15-4a95-931a-4af90ecb574d",37.934089,-76.863058,NA,NA,NA,NA,NA,NA,"2024-01-12T11:39:04",12,1,2024,5208832,5208832,"HUMAN_OBSERVATION","iNaturalist","Observations","196440058",NA,"dayahall",2024-01-12 18:17:09,"CC_BY_NC_4_0","dayahall","dayahall",NA,NA,2025-06-07 00:51:14.453,"StillImage","COORDINATE_ROUNDED;CONTINENT_DERIVED_FROM_COORDINATES;TAXON_MATCH_TAXON_ID_IGNORED"
4510430589,"50c9509d-22c7-4a22-a47d-8c48425ef4a7","https://www.inaturalist.org/observations/195913981","Animalia","Chordata",NA,"Perciformes","Gobiidae","Gobiosoma","Gobiosoma bosc",NA,"SPECIES","Gobiosoma bosc (Lacepède, 1800)","Gobiosoma bosc","","US","","North Carolina","PRESENT",NA,"28eb1a3f-1c15-4a95-931a-4af90ecb574d",36.287854,-75.883813,20,NA,NA,NA,NA,NA,"2022-09-14T18:26:04",14,9,2022,5208832,5208832,"HUMAN_OBSERVATION","iNaturalist","Observations","195913981",NA,"elijahfreeman19",2024-01-06 10:36:03,"CC_BY_NC_4_0","elijahfreeman19","elijahfreeman19",NA,NA,2025-06-07 02:45:33.211,"StillImage","COORDINATE_ROUNDED;CONTINENT_DERIVED_FROM_COORDINATES;TAXON_MATCH_TAXON_ID_IGNORED"
4458415881,"50c9509d-22c7-4a22-a47d-8c48425ef4a7","https://www.inaturalist.org/observations/192580614","Animalia","Chordata",NA,"Perciformes","Gobiidae","Gobiosoma","Gobiosoma bosc",NA,"SPECIES","Gobiosoma bosc (Lacepède, 1800)","Gobiosoma bosc","","US","","Florida","PRESENT",NA,"28eb1a3f-1c15-4a95-931a-4af90ecb574d",27.139747,-80.766749,2744,NA,NA,NA,NA,NA,"2023-06-19T21:39",19,6,2023,5208832,5208832,"HUMAN_OBSERVATION","iNaturalist","Observations","192580614",NA,"larvalfishguy",2023-11-29 20:56:54,"CC_BY_NC_4_0","larvalfishguy","larvalfishguy",NA,NA,2025-06-07 02:56:59.52,"StillImage","COORDINATE_ROUNDED;CONTINENT_DERIVED_FROM_COORDINATES;TAXON_MATCH_TAXON_ID_IGNORED"
4442639091,"50c9509d-22c7-4a22-a47d-8c48425ef4a7","https://www.inaturalist.org/observations/188787282","Animalia","Chordata",NA,"Perciformes","Gobiidae","Gobiosoma","Gobiosoma bosc",NA,"SPECIES","Gobiosoma bosc (Lacepède, 1800)","Gobiosoma bosc","","US","","Virginia","PRESENT",NA,"28eb1a3f-1c15-4a95-931a-4af90ecb574d",37.110757,-76.319192,22,NA,NA,NA,NA,NA,"2023-10-23T20:50:49",23,10,2023,5208832,5208832,"HUMAN_OBSERVATION","iNaturalist","Observations","188787282",NA,"IHUNTA",2023-10-24 15:07:27,"CC_BY_NC_4_0","IHUNTA","IHUNTA",NA,NA,2025-06-07 00:38:33.507,"StillImage","COORDINATE_ROUNDED;CONTINENT_DERIVED_FROM_COORDINATES;TAXON_MATCH_TAXON_ID_IGNORED"
4438878013,"50c9509d-22c7-4a22-a47d-8c48425ef4a7","https://www.inaturalist.org/observations/189889989","Animalia","Chordata",NA,"Perciformes","Gobiidae","Gobiosoma","Gobiosoma bosc",NA,"SPECIES","Gobiosoma bosc (Lacepède, 1800)","Gobiosoma bosc","","US","","Virginia","PRESENT",NA,"28eb1a3f-1c15-4a95-931a-4af90ecb574d",37.017949,-76.339664,27,NA,NA,NA,NA,NA,"2023-11-03T16:58",3,11,2023,5208832,5208832,"HUMAN_OBSERVATION","iNaturalist","Observations","189889989",NA,"gmadisonp",2023-11-03 21:05:18,"CC_BY_NC_4_0","gmadisonp","gmadisonp",NA,NA,2025-06-07 01:18:06.885,"StillImage","COORDINATE_ROUNDED;CONTINENT_DERIVED_FROM_COORDINATES;TAXON_MATCH_TAXON_ID_IGNORED"
4427031885,"9a0b66df-7535-4f28-9f4e-5bc11b8b096c","Natuurpunt:Waarnemingen:289849182","Animalia","Chordata",NA,"Perciformes","Gobiidae","Gobiosoma","Gobiosoma bosc",NA,"SPECIES","Gobiosoma bosc (Lacepède, 1800)","Gobiosoma bosc","(Lacepède, 1800)","BE","","East Flanders","PRESENT",1,"4d3ceea8-5699-439d-a899-decac9cbbdac",51.2879,4.24091,6,NA,NA,NA,NA,NA,"2023-10-07",7,10,2023,5208832,5208832,"HUMAN_OBSERVATION","Natuurpunt","waarnemingen.be","",NA,"",NA,"CC_BY_NC_4_0","Natuurpunt Studie","",NA,NA,2025-06-11 10:23:48.527,"","TAXON_MATCH_TAXON_ID_IGNORED;OCCURRENCE_STATUS_INFERRED_FROM_INDIVIDUAL_COUNT"
4424658558,"50c9509d-22c7-4a22-a47d-8c48425ef4a7","https://www.inaturalist.org/observations/186999712","Animalia","Chordata",NA,"Perciformes","Gobiidae","Gobiosoma","Gobiosoma bosc",NA,"SPECIES","Gobiosoma bosc (Lacepède, 1800)","Gobiosoma bosc","","US","","Virginia","PRESENT",NA,"28eb1a3f-1c15-4a95-931a-4af90ecb574d",37.28867,-75.923338,22,NA,NA,NA,NA,NA,"2023-10-08T22:43:36",8,10,2023,5208832,5208832,"HUMAN_OBSERVATION","iNaturalist","Observations","186999712",NA,"IHUNTA",2023-10-10 15:17:56,"CC_BY_NC_4_0","IHUNTA","IHUNTA",NA,NA,2025-06-07 00:31:15.017,"StillImage","COORDINATE_ROUNDED;CONTINENT_DERIVED_FROM_COORDINATES;TAXON_MATCH_TAXON_ID_IGNORED"
4424628804,"50c9509d-22c7-4a22-a47d-8c48425ef4a7","https://www.inaturalist.org/observations/186998966","Animalia","Chordata",NA,"Perciformes","Gobiidae","Gobiosoma","Gobiosoma bosc",NA,"SPECIES","Gobiosoma bosc (Lacepède, 1800)","Gobiosoma bosc","","US","","Virginia","PRESENT",NA,"28eb1a3f-1c15-4a95-931a-4af90ecb574d",37.288662,-75.923387,20,NA,NA,NA,NA,NA,"2023-10-08T23:02:52",8,10,2023,5208832,5208832,"HUMAN_OBSERVATION","iNaturalist","Observations","186998966",NA,"IHUNTA",2023-10-10 15:10:28,"CC_BY_NC_4_0","IHUNTA","IHUNTA",NA,NA,2025-06-07 00:55:16.932,"StillImage","COORDINATE_ROUNDED;CONTINENT_DERIVED_FROM_COORDINATES;TAXON_MATCH_TAXON_ID_IGNORED"
4424502165,"50c9509d-22c7-4a22-a47d-8c48425ef4a7","https://www.inaturalist.org/observations/186114930","Animalia","Chordata",NA,"Perciformes","Gobiidae","Gobiosoma","Gobiosoma bosc",NA,"SPECIES","Gobiosoma bosc (Lacepède, 1800)","Gobiosoma bosc","","US","","Virginia","PRESENT",NA,"28eb1a3f-1c15-4a95-931a-4af90ecb574d",37.205314,-76.437529,22,NA,NA,NA,NA,NA,"2023-10-03T19:41:17",3,10,2023,5208832,5208832,"HUMAN_OBSERVATION","iNaturalist","Observations","186114930",NA,"IHUNTA",2023-10-04 02:01:17,"CC_BY_NC_4_0","IHUNTA","IHUNTA",NA,NA,2025-06-07 00:53:45.091,"StillImage","COORDINATE_ROUNDED;CONTINENT_DERIVED_FROM_COORDINATES;TAXON_MATCH_TAXON_ID_IGNORED"
4421135199,"50c9509d-22c7-4a22-a47d-8c48425ef4a7","https://www.inaturalist.org/observations/185196212","Animalia","Chordata",NA,"Perciformes","Gobiidae","Gobiosoma","Gobiosoma bosc",NA,"SPECIES","Gobiosoma bosc (Lacepède, 1800)","Gobiosoma bosc","","US","","New York","PRESENT",NA,"28eb1a3f-1c15-4a95-931a-4af90ecb574d",40.711385,-73.243088,NA,NA,NA,NA,NA,NA,"2023-07-11T22:37",11,7,2023,5208832,5208832,"HUMAN_OBSERVATION","iNaturalist","Observations","185196212",NA,"fishyjackson",2023-09-27 21:21:31,"CC_BY_NC_4_0","fishyjackson","fishyjackson",NA,NA,2025-06-07 00:52:04.963,"StillImage","COORDINATE_ROUNDED;CONTINENT_DERIVED_FROM_COORDINATES;TAXON_MATCH_TAXON_ID_IGNORED"
4420856842,"50c9509d-22c7-4a22-a47d-8c48425ef4a7","https://www.inaturalist.org/observations/182515807","Animalia","Chordata",NA,"Perciformes","Gobiidae","Gobiosoma","Gobiosoma bosc",NA,"SPECIES","Gobiosoma bosc (Lacepède, 1800)","Gobiosoma bosc","","US","","Texas","PRESENT",NA,"28eb1a3f-1c15-4a95-931a-4af90ecb574d",31.5319,-99.638725,7,NA,NA,NA,NA,NA,"2023-09-08T16:44:38",8,9,2023,5208832,5208832,"HUMAN_OBSERVATION","iNaturalist","Observations","182515807",NA,"Mitchel Buckner",2023-09-09 19:40:47,"CC_BY_4_0","Wes Neely","Wes Neely",NA,NA,2025-06-07 02:59:25.081,"","CONTINENT_DERIVED_FROM_COORDINATES;TAXON_MATCH_TAXON_ID_IGNORED"
4416942463,"50c9509d-22c7-4a22-a47d-8c48425ef4a7","https://www.inaturalist.org/observations/183916132","Animalia","Chordata",NA,"Perciformes","Gobiidae","Gobiosoma","Gobiosoma bosc",NA,"SPECIES","Gobiosoma bosc (Lacepède, 1800)","Gobiosoma bosc","","US","","Maryland","PRESENT",NA,"28eb1a3f-1c15-4a95-931a-4af90ecb574d",38.239758,-75.147648,1929,NA,NA,NA,NA,NA,"2023-09-16T19:46",16,9,2023,5208832,5208832,"HUMAN_OBSERVATION","iNaturalist","Observations","183916132",NA,"John Aufderheide",2023-09-19 01:09:00,"CC_BY_NC_4_0","Emilio Concari","Emilio Concari",NA,NA,2025-06-07 00:56:54.562,"StillImage","COORDINATE_ROUNDED;CONTINENT_DERIVED_FROM_COORDINATES;TAXON_MATCH_TAXON_ID_IGNORED"
4414415087,"50c9509d-22c7-4a22-a47d-8c48425ef4a7","https://www.inaturalist.org/observations/183745740","Animalia","Chordata",NA,"Perciformes","Gobiidae","Gobiosoma","Gobiosoma bosc",NA,"SPECIES","Gobiosoma bosc (Lacepède, 1800)","Gobiosoma bosc","","US","","New Jersey","PRESENT",NA,"28eb1a3f-1c15-4a95-931a-4af90ecb574d",40.10841,-74.044954,48,NA,NA,NA,NA,NA,"2023-09-17T16:42:58",17,9,2023,5208832,5208832,"HUMAN_OBSERVATION","iNaturalist","Observations","183745740",NA,"",NA,"CC_BY_4_0","geosesarma","geosesarma",NA,NA,2025-06-07 00:50:28.716,"StillImage","COORDINATE_ROUNDED;CONTINENT_DERIVED_FROM_COORDINATES;TAXON_MATCH_TAXON_ID_IGNORED"
4413371811,"50c9509d-22c7-4a22-a47d-8c48425ef4a7","https://www.inaturalist.org/observations/173508090","Animalia","Chordata",NA,"Perciformes","Gobiidae","Gobiosoma","Gobiosoma bosc",NA,"SPECIES","Gobiosoma bosc (Lacepède, 1800)","Gobiosoma bosc","","US","","Louisiana","PRESENT",NA,"28eb1a3f-1c15-4a95-931a-4af90ecb574d",29.349156,-89.625264,6,NA,NA,NA,NA,NA,"2023-07-17T12:17:47",17,7,2023,5208832,5208832,"HUMAN_OBSERVATION","iNaturalist","Observations","173508090",NA,"Mitchel Buckner",2023-07-18 17:15:38,"CC_BY_NC_4_0","CC Chapman","CC Chapman",NA,NA,2025-06-07 02:04:23.928,"StillImage","COORDINATE_ROUNDED;CONTINENT_DERIVED_FROM_COORDINATES;TAXON_MATCH_TAXON_ID_IGNORED"
4405177924,"50c9509d-22c7-4a22-a47d-8c48425ef4a7","https://www.inaturalist.org/observations/179567022","Animalia","Chordata",NA,"Perciformes","Gobiidae","Gobiosoma","Gobiosoma bosc",NA,"SPECIES","Gobiosoma bosc (Lacepède, 1800)","Gobiosoma bosc","","US","","Florida","PRESENT",NA,"28eb1a3f-1c15-4a95-931a-4af90ecb574d",29.350363,-81.732533,15,NA,NA,NA,NA,NA,"2023-08-21T10:50",21,8,2023,5208832,5208832,"HUMAN_OBSERVATION","iNaturalist","Observations","179567022",NA,"Laura Kushner",2023-08-21 19:04:11,"CC_BY_NC_4_0","Laura Kushner","Laura Kushner",NA,NA,2025-06-07 02:06:33.791,"StillImage","COORDINATE_ROUNDED;CONTINENT_DERIVED_FROM_COORDINATES;TAXON_MATCH_TAXON_ID_IGNORED"
4177535744,"50c9509d-22c7-4a22-a47d-8c48425ef4a7","https://www.inaturalist.org/observations/178222100","Animalia","Chordata",NA,"Perciformes","Gobiidae","Gobiosoma","Gobiosoma bosc",NA,"SPECIES","Gobiosoma bosc (Lacepède, 1800)","Gobiosoma bosc","","US","","Delaware","PRESENT",NA,"28eb1a3f-1c15-4a95-931a-4af90ecb574d",38.788642,-75.159722,4,NA,NA,NA,NA,NA,"2023-08-13T13:40:31",13,8,2023,5208832,5208832,"HUMAN_OBSERVATION","iNaturalist","Observations","178222100",NA,"friedmummichog",2023-08-13 18:03:20,"CC_BY_NC_4_0","friedmummichog","friedmummichog",NA,NA,2025-06-07 00:12:30.963,"StillImage","COORDINATE_ROUNDED;CONTINENT_DERIVED_FROM_COORDINATES;TAXON_MATCH_TAXON_ID_IGNORED"
4177157408,"50c9509d-22c7-4a22-a47d-8c48425ef4a7","https://www.inaturalist.org/observations/85793370","Animalia","Chordata",NA,"Perciformes","Gobiidae","Gobiosoma","Gobiosoma bosc",NA,"SPECIES","Gobiosoma bosc (Lacepède, 1800)","Gobiosoma bosc","","US","","Delaware","PRESENT",NA,"28eb1a3f-1c15-4a95-931a-4af90ecb574d",38.547837,-75.071131,499,NA,NA,NA,NA,NA,"2021-07-05T13:29:25",5,7,2021,5208832,5208832,"HUMAN_OBSERVATION","iNaturalist","Observations","85793370",NA,"Mitchel Buckner",2023-07-06 04:28:16,"CC_BY_NC_4_0","gkh010","gkh010",NA,NA,2025-06-07 00:50:09.875,"StillImage","COORDINATE_ROUNDED;CONTINENT_DERIVED_FROM_COORDINATES;TAXON_MATCH_TAXON_ID_IGNORED"
4171610742,"50c9509d-22c7-4a22-a47d-8c48425ef4a7","https://www.inaturalist.org/observations/175136667","Animalia","Chordata",NA,"Perciformes","Gobiidae","Gobiosoma","Gobiosoma bosc",NA,"SPECIES","Gobiosoma bosc (Lacepède, 1800)","Gobiosoma bosc","","US","","Maryland","PRESENT",NA,"28eb1a3f-1c15-4a95-931a-4af90ecb574d",39.011915,-76.401072,545,NA,NA,NA,NA,NA,"2023-07-26T05:24",26,7,2023,5208832,5208832,"HUMAN_OBSERVATION","iNaturalist","Observations","175136667",NA,"Emilio Concari",2023-07-27 01:32:31,"CC_BY_NC_4_0","Emilio Concari","Emilio Concari",NA,NA,2025-06-07 00:50:58.836,"StillImage","COORDINATE_ROUNDED;CONTINENT_DERIVED_FROM_COORDINATES;TAXON_MATCH_TAXON_ID_IGNORED"
4165670369,"50c9509d-22c7-4a22-a47d-8c48425ef4a7","https://www.inaturalist.org/observations/174804200","Animalia","Chordata",NA,"Perciformes","Gobiidae","Gobiosoma","Gobiosoma bosc",NA,"SPECIES","Gobiosoma bosc (Lacepède, 1800)","Gobiosoma bosc","","US","","Texas","PRESENT",NA,"28eb1a3f-1c15-4a95-931a-4af90ecb574d",26.003907,-97.517887,NA,NA,NA,NA,NA,NA,"2023-07-24T22:25",24,7,2023,5208832,5208832,"HUMAN_OBSERVATION","iNaturalist","Observations","174804200",NA,"Adrian Torres B.",2023-07-25 03:31:18,"CC_BY_4_0","Adrian Torres B.","Adrian Torres B.",NA,NA,2025-06-07 00:31:10.974,"StillImage","COORDINATE_ROUNDED;CONTINENT_DERIVED_FROM_COORDINATES;TAXON_MATCH_TAXON_ID_IGNORED"
4165546257,"50c9509d-22c7-4a22-a47d-8c48425ef4a7","https://www.inaturalist.org/observations/174171860","Animalia","Chordata",NA,"Perciformes","Gobiidae","Gobiosoma","Gobiosoma bosc",NA,"SPECIES","Gobiosoma bosc (Lacepède, 1800)","Gobiosoma bosc","","US","","Texas","PRESENT",NA,"28eb1a3f-1c15-4a95-931a-4af90ecb574d",31.483492,-100.316861,187,NA,NA,NA,NA,NA,"2023-07-21T09:40",21,7,2023,5208832,5208832,"HUMAN_OBSERVATION","iNaturalist","Observations","174171860",NA,"Noah Daun",2023-07-21 22:01:27,"CC_BY_NC_4_0","Noah Daun","Noah Daun",NA,NA,2025-06-07 00:08:51.716,"StillImage","COORDINATE_ROUNDED;CONTINENT_DERIVED_FROM_COORDINATES;TAXON_MATCH_TAXON_ID_IGNORED"
4145563611,"50c9509d-22c7-4a22-a47d-8c48425ef4a7","https://www.inaturalist.org/observations/166659366","Animalia","Chordata",NA,"Perciformes","Gobiidae","Gobiosoma","Gobiosoma bosc",NA,"SPECIES","Gobiosoma bosc (Lacepède, 1800)","Gobiosoma bosc","","US","","Texas","PRESENT",NA,"28eb1a3f-1c15-4a95-931a-4af90ecb574d",29.292157,-95.025793,23,NA,NA,NA,NA,NA,"2023-06-09T03:48:20",9,6,2023,5208832,5208832,"HUMAN_OBSERVATION","iNaturalist","Observations","166659366",NA,"johnwilliams",2023-06-10 20:10:01,"CC_BY_NC_4_0","johnwilliams","johnwilliams",NA,NA,2025-06-07 02:51:18.836,"StillImage","COORDINATE_ROUNDED;CONTINENT_DERIVED_FROM_COORDINATES;TAXON_MATCH_TAXON_ID_IGNORED"
4138069251,"50c9509d-22c7-4a22-a47d-8c48425ef4a7","https://www.inaturalist.org/observations/168601662","Animalia","Chordata",NA,"Perciformes","Gobiidae","Gobiosoma","Gobiosoma bosc",NA,"SPECIES","Gobiosoma bosc (Lacepède, 1800)","Gobiosoma bosc","","US","","Maryland","PRESENT",NA,"28eb1a3f-1c15-4a95-931a-4af90ecb574d",38.374993,-76.206565,74,NA,NA,NA,NA,NA,"2023-06-20T12:25:20",20,6,2023,5208832,5208832,"HUMAN_OBSERVATION","iNaturalist","Observations","168601662",NA,"sercfisheries",2023-06-21 03:33:42,"CC_BY_NC_4_0","sercfisheries","sercfisheries",NA,NA,2025-06-07 01:11:54.302,"","COORDINATE_ROUNDED;CONTINENT_DERIVED_FROM_COORDINATES;TAXON_MATCH_TAXON_ID_IGNORED"
4129862531,"50c9509d-22c7-4a22-a47d-8c48425ef4a7","https://www.inaturalist.org/observations/165052879","Animalia","Chordata",NA,"Perciformes","Gobiidae","Gobiosoma","Gobiosoma bosc",NA,"SPECIES","Gobiosoma bosc (Lacepède, 1800)","Gobiosoma bosc","","US","","Maryland","PRESENT",NA,"28eb1a3f-1c15-4a95-931a-4af90ecb574d",38.767551,-76.564117,76,NA,NA,NA,NA,NA,"2023-06-01T19:07:52",1,6,2023,5208832,5208832,"HUMAN_OBSERVATION","iNaturalist","Observations","165052879",NA,"Brianna Fleming",2023-06-05 00:10:21,"CC_BY_NC_4_0","mewatts","mewatts",NA,NA,2025-06-07 00:28:28.544,"StillImage","COORDINATE_ROUNDED;CONTINENT_DERIVED_FROM_COORDINATES;TAXON_MATCH_TAXON_ID_IGNORED"
4120950874,"50c9509d-22c7-4a22-a47d-8c48425ef4a7","https://www.inaturalist.org/observations/162583550","Animalia","Chordata",NA,"Perciformes","Gobiidae","Gobiosoma","Gobiosoma bosc",NA,"SPECIES","Gobiosoma bosc (Lacepède, 1800)","Gobiosoma bosc","","US","","Maryland","PRESENT",NA,"28eb1a3f-1c15-4a95-931a-4af90ecb574d",39.21637,-76.518167,3,NA,NA,NA,NA,NA,"2023-05-19T14:40:47",19,5,2023,5208832,5208832,"HUMAN_OBSERVATION","iNaturalist","Observations","162583550",NA,"Jesse C.",2023-05-20 19:59:21,"CC_BY_NC_4_0","chelloanne","chelloanne",NA,NA,2025-06-07 00:08:27.689,"StillImage","COORDINATE_ROUNDED;CONTINENT_DERIVED_FROM_COORDINATES;TAXON_MATCH_TAXON_ID_IGNORED"
4116356173,"50c9509d-22c7-4a22-a47d-8c48425ef4a7","https://www.inaturalist.org/observations/161892380","Animalia","Chordata",NA,"Perciformes","Gobiidae","Gobiosoma","Gobiosoma bosc",NA,"SPECIES","Gobiosoma bosc (Lacepède, 1800)","Gobiosoma bosc","","US","","Virginia","PRESENT",NA,"28eb1a3f-1c15-4a95-931a-4af90ecb574d",37.638367,-76.571135,36,NA,NA,NA,NA,NA,"2023-05-11T13:42:21",11,5,2023,5208832,5208832,"HUMAN_OBSERVATION","iNaturalist","Observations","161892380",NA,"Adrienne van den Beemt",2023-05-15 23:45:52,"CC_BY_4_0","Adrienne van den Beemt","Adrienne van den Beemt",NA,NA,2025-06-07 00:38:33.064,"StillImage","COORDINATE_ROUNDED;CONTINENT_DERIVED_FROM_COORDINATES;TAXON_MATCH_TAXON_ID_IGNORED"
4116183848,"50c9509d-22c7-4a22-a47d-8c48425ef4a7","https://www.inaturalist.org/observations/161892756","Animalia","Chordata",NA,"Perciformes","Gobiidae","Gobiosoma","Gobiosoma bosc",NA,"SPECIES","Gobiosoma bosc (Lacepède, 1800)","Gobiosoma bosc","","US","","Virginia","PRESENT",NA,"28eb1a3f-1c15-4a95-931a-4af90ecb574d",37.638295,-76.571145,18,NA,NA,NA,NA,NA,"2023-05-11T13:39:14",11,5,2023,5208832,5208832,"HUMAN_OBSERVATION","iNaturalist","Observations","161892756",NA,"Adrienne van den Beemt",2023-05-15 23:48:04,"CC_BY_4_0","Adrienne van den Beemt","Adrienne van den Beemt",NA,NA,2025-06-07 00:46:17.443,"StillImage","COORDINATE_ROUNDED;CONTINENT_DERIVED_FROM_COORDINATES;TAXON_MATCH_TAXON_ID_IGNORED"
4109691317,"9a0b66df-7535-4f28-9f4e-5bc11b8b096c","Natuurpunt:Waarnemingen:270863235","Animalia","Chordata",NA,"Perciformes","Gobiidae","Gobiosoma","Gobiosoma bosc",NA,"SPECIES","Gobiosoma bosc (Lacepède, 1800)","Gobiosoma bosc","(Lacepède, 1800)","BE","","East Flanders","PRESENT",1,"4d3ceea8-5699-439d-a899-decac9cbbdac",51.28768,4.2405,10,NA,NA,NA,NA,NA,"2023-05-07",7,5,2023,5208832,5208832,"HUMAN_OBSERVATION","Natuurpunt","waarnemingen.be","",NA,"",NA,"CC_BY_NC_4_0","Natuurpunt Studie","",NA,NA,2025-06-11 10:23:34.132,"","TAXON_MATCH_TAXON_ID_IGNORED;OCCURRENCE_STATUS_INFERRED_FROM_INDIVIDUAL_COUNT"
4105100329,"ba5b0f3a-73dd-459f-a7f1-9abc327aed00","27a145d4-8bc1-40d0-8ead-cfb316584689","Animalia","Chordata",NA,"Perciformes","Gobiidae","Gobiosoma","Gobiosoma bosc",NA,"SPECIES","Gobiosoma bosc (Lacepède, 1800)","Gobiosoma bosc","","US","Salt Bayou; Salt Bayou southeast of Slidell","Louisiana","PRESENT",NA,"3c6ad080-bdbe-11da-ac59-b8a03c50a862",30.201111,-89.696944,45,NA,NA,NA,NA,NA,"2010-04-21",21,4,2010,5208832,5208832,"HUMAN_OBSERVATION","University of Texas Biodiversity Collections (UTBC)","Ichthyology Collection","FOTX-LDEQ-fish-data_SourceID_1606591",NA,"",NA,"CC0_1_0","","",NA,NA,2025-03-05 22:10:31.109,"","COORDINATE_ROUNDED"
4102808109,"50c9509d-22c7-4a22-a47d-8c48425ef4a7","https://www.inaturalist.org/observations/158408176","Animalia","Chordata",NA,"Perciformes","Gobiidae","Gobiosoma","Gobiosoma bosc",NA,"SPECIES","Gobiosoma bosc (Lacepède, 1800)","Gobiosoma bosc","","US","","Maryland","PRESENT",NA,"28eb1a3f-1c15-4a95-931a-4af90ecb574d",38.893191,-76.340936,4,NA,NA,NA,NA,NA,"2023-04-30T14:08:30",30,4,2023,5208832,5208832,"HUMAN_OBSERVATION","iNaturalist","Observations","158408176",NA,"jackcover1956",2023-05-01 01:02:24,"CC_BY_NC_4_0","jackcover1956","jackcover1956",NA,NA,2025-06-07 00:03:04.354,"StillImage","COORDINATE_ROUNDED;CONTINENT_DERIVED_FROM_COORDINATES;TAXON_MATCH_TAXON_ID_IGNORED"
4102736441,"50c9509d-22c7-4a22-a47d-8c48425ef4a7","https://www.inaturalist.org/observations/143397249","Animalia","Chordata",NA,"Perciformes","Gobiidae","Gobiosoma","Gobiosoma bosc",NA,"SPECIES","Gobiosoma bosc (Lacepède, 1800)","Gobiosoma bosc","","US","","North Carolina","PRESENT",NA,"28eb1a3f-1c15-4a95-931a-4af90ecb574d",33.926888,-78.05938,4,NA,NA,NA,NA,NA,"2022-11-30T18:35:53",30,11,2022,5208832,5208832,"HUMAN_OBSERVATION","iNaturalist","Observations","143397249",NA,"Roberto Pillon",2023-04-14 08:09:05,"CC_BY_NC_4_0","Cole Tiemann","Cole Tiemann",NA,NA,2025-06-07 00:44:43.173,"StillImage","COORDINATE_ROUNDED;CONTINENT_DERIVED_FROM_COORDINATES;TAXON_MATCH_TAXON_ID_IGNORED"
4102653453,"50c9509d-22c7-4a22-a47d-8c48425ef4a7","https://www.inaturalist.org/observations/142340970","Animalia","Chordata",NA,"Perciformes","Gobiidae","Gobiosoma","Gobiosoma bosc",NA,"SPECIES","Gobiosoma bosc (Lacepède, 1800)","Gobiosoma bosc","","US","","North Carolina","PRESENT",NA,"28eb1a3f-1c15-4a95-931a-4af90ecb574d",33.926925,-78.059486,4,NA,NA,NA,NA,NA,"2022-11-18T22:03",18,11,2022,5208832,5208832,"HUMAN_OBSERVATION","iNaturalist","Observations","142340970",NA,"",NA,"CC_BY_NC_4_0","Cole Tiemann","Cole Tiemann",NA,NA,2025-06-07 01:31:38.482,"StillImage","COORDINATE_ROUNDED;CONTINENT_DERIVED_FROM_COORDINATES;TAXON_MATCH_TAXON_ID_IGNORED"
4096940331,"50c9509d-22c7-4a22-a47d-8c48425ef4a7","https://www.inaturalist.org/observations/156144942","Animalia","Chordata",NA,"Perciformes","Gobiidae","Gobiosoma","Gobiosoma bosc",NA,"SPECIES","Gobiosoma bosc (Lacepède, 1800)","Gobiosoma bosc","","US","","Maryland","PRESENT",NA,"28eb1a3f-1c15-4a95-931a-4af90ecb574d",38.209819,-75.162217,5,NA,NA,NA,NA,NA,"2021-08-12T12:22",12,8,2021,5208832,5208832,"HUMAN_OBSERVATION","iNaturalist","Observations","156144942",NA,"Bill Hubick",2023-04-23 03:12:43,"CC_BY_NC_4_0","joneil1","joneil1",NA,NA,2025-06-07 00:43:41.904,"StillImage","COORDINATE_ROUNDED;CONTINENT_DERIVED_FROM_COORDINATES;TAXON_MATCH_TAXON_ID_IGNORED"
4091667799,"50c9509d-22c7-4a22-a47d-8c48425ef4a7","https://www.inaturalist.org/observations/154640870","Animalia","Chordata",NA,"Perciformes","Gobiidae","Gobiosoma","Gobiosoma bosc",NA,"SPECIES","Gobiosoma bosc (Lacepède, 1800)","Gobiosoma bosc","","US","","Texas","PRESENT",NA,"28eb1a3f-1c15-4a95-931a-4af90ecb574d",29.197225,-94.96627,3,NA,NA,NA,NA,NA,"2023-03-25T21:20:13",25,3,2023,5208832,5208832,"HUMAN_OBSERVATION","iNaturalist","Observations","154640870",NA,"laineelston",2023-04-13 00:54:40,"CC_BY_NC_4_0","laineelston","laineelston",NA,NA,2025-06-07 00:25:32.596,"StillImage","CONTINENT_DERIVED_FROM_COORDINATES;TAXON_MATCH_TAXON_ID_IGNORED"
4075933145,"50c9509d-22c7-4a22-a47d-8c48425ef4a7","https://www.inaturalist.org/observations/152763212","Animalia","Chordata",NA,"Perciformes","Gobiidae","Gobiosoma","Gobiosoma bosc",NA,"SPECIES","Gobiosoma bosc (Lacepède, 1800)","Gobiosoma bosc","","US","","South Carolina","PRESENT",NA,"28eb1a3f-1c15-4a95-931a-4af90ecb574d",32.414267,-80.438353,374,NA,NA,NA,NA,NA,"2023-03-29T15:34:38",29,3,2023,5208832,5208832,"HUMAN_OBSERVATION","iNaturalist","Observations","152763212",NA,"sarahmosteller",2023-03-29 20:29:04,"CC_BY_NC_4_0","sarahmosteller","sarahmosteller",NA,NA,2025-06-07 00:07:08.961,"StillImage","COORDINATE_ROUNDED;CONTINENT_DERIVED_FROM_COORDINATES;TAXON_MATCH_TAXON_ID_IGNORED"
4075910716,"50c9509d-22c7-4a22-a47d-8c48425ef4a7","https://www.inaturalist.org/observations/152458733","Animalia","Chordata",NA,"Perciformes","Gobiidae","Gobiosoma","Gobiosoma bosc",NA,"SPECIES","Gobiosoma bosc (Lacepède, 1800)","Gobiosoma bosc","","US","","North Carolina","PRESENT",NA,"28eb1a3f-1c15-4a95-931a-4af90ecb574d",33.928213,-78.059433,4,NA,NA,NA,NA,NA,"2023-03-26T20:21:15",26,3,2023,5208832,5208832,"HUMAN_OBSERVATION","iNaturalist","Observations","152458733",NA,"Cole Tiemann",2023-03-27 02:11:47,"CC_BY_NC_4_0","Cole Tiemann","Cole Tiemann",NA,NA,2025-06-07 00:44:19.937,"StillImage","COORDINATE_ROUNDED;CONTINENT_DERIVED_FROM_COORDINATES;TAXON_MATCH_TAXON_ID_IGNORED"
4075830538,"50c9509d-22c7-4a22-a47d-8c48425ef4a7","https://www.inaturalist.org/observations/152320345","Animalia","Chordata",NA,"Perciformes","Gobiidae","Gobiosoma","Gobiosoma bosc",NA,"SPECIES","Gobiosoma bosc (Lacepède, 1800)","Gobiosoma bosc","","US","","South Carolina","PRESENT",NA,"28eb1a3f-1c15-4a95-931a-4af90ecb574d",32.368238,-80.837059,67,NA,NA,NA,NA,NA,"2023-03-25T11:38:27",25,3,2023,5208832,5208832,"HUMAN_OBSERVATION","iNaturalist","Observations","152320345",NA,"Chris Kehrer",2023-03-26 01:46:23,"CC_BY_NC_4_0","Chris Kehrer","Chris Kehrer",NA,NA,2025-06-07 01:51:42.112,"StillImage","COORDINATE_ROUNDED;CONTINENT_DERIVED_FROM_COORDINATES;TAXON_MATCH_TAXON_ID_IGNORED"
4075614874,"50c9509d-22c7-4a22-a47d-8c48425ef4a7","https://www.inaturalist.org/observations/146904473","Animalia","Chordata",NA,"Perciformes","Gobiidae","Gobiosoma","Gobiosoma bosc",NA,"SPECIES","Gobiosoma bosc (Lacepède, 1800)","Gobiosoma bosc","","US","","Florida","PRESENT",NA,"28eb1a3f-1c15-4a95-931a-4af90ecb574d",27.308398,-82.56506,3,NA,NA,NA,NA,NA,"2023-01-19T13:48:15",19,1,2023,5208832,5208832,"HUMAN_OBSERVATION","iNaturalist","Observations","146904473",NA,"lexi2527",2023-01-19 18:48:32,"CC_BY_NC_4_0","lexi2527","lexi2527",NA,NA,2025-06-07 01:31:14.151,"StillImage","COORDINATE_ROUNDED;CONTINENT_DERIVED_FROM_COORDINATES;TAXON_MATCH_TAXON_ID_IGNORED"
4067471427,"50c9509d-22c7-4a22-a47d-8c48425ef4a7","https://www.inaturalist.org/observations/151679045","Animalia","Chordata",NA,"Perciformes","Gobiidae","Gobiosoma","Gobiosoma bosc",NA,"SPECIES","Gobiosoma bosc (Lacepède, 1800)","Gobiosoma bosc","","US","","Maryland","PRESENT",NA,"28eb1a3f-1c15-4a95-931a-4af90ecb574d",38.054761,-76.330677,2213,NA,NA,NA,NA,NA,"2023-03-15T20:49",15,3,2023,5208832,5208832,"HUMAN_OBSERVATION","iNaturalist","Observations","151679045",NA,"Emilio Concari",2023-03-20 00:46:33,"CC_BY_NC_4_0","Emilio Concari","Emilio Concari",NA,NA,2025-06-07 01:01:12.604,"StillImage","COORDINATE_ROUNDED;CONTINENT_DERIVED_FROM_COORDINATES;TAXON_MATCH_TAXON_ID_IGNORED"
4046734357,"50c9509d-22c7-4a22-a47d-8c48425ef4a7","https://www.inaturalist.org/observations/149868269","Animalia","Chordata",NA,"Perciformes","Gobiidae","Gobiosoma","Gobiosoma bosc",NA,"SPECIES","Gobiosoma bosc (Lacepède, 1800)","Gobiosoma bosc","","US","","North Carolina","PRESENT",NA,"28eb1a3f-1c15-4a95-931a-4af90ecb574d",33.928275,-78.059433,4,NA,NA,NA,NA,NA,"2023-02-27T19:06:03",27,2,2023,5208832,5208832,"HUMAN_OBSERVATION","iNaturalist","Observations","149868269",NA,"Cole Tiemann",2023-02-28 00:58:32,"CC_BY_NC_4_0","Cole Tiemann","Cole Tiemann",NA,NA,2025-06-07 00:47:17.348,"StillImage","COORDINATE_ROUNDED;CONTINENT_DERIVED_FROM_COORDINATES;TAXON_MATCH_TAXON_ID_IGNORED"
4046266344,"50c9509d-22c7-4a22-a47d-8c48425ef4a7","https://www.inaturalist.org/observations/149868373","Animalia","Chordata",NA,"Perciformes","Gobiidae","Gobiosoma","Gobiosoma bosc",NA,"SPECIES","Gobiosoma bosc (Lacepède, 1800)","Gobiosoma bosc","","US","","North Carolina","PRESENT",NA,"28eb1a3f-1c15-4a95-931a-4af90ecb574d",33.928178,-78.05938,4,NA,NA,NA,NA,NA,"2023-02-27T19:15:30",27,2,2023,5208832,5208832,"HUMAN_OBSERVATION","iNaturalist","Observations","149868373",NA,"Cole Tiemann",2023-02-28 00:59:51,"CC_BY_NC_4_0","Cole Tiemann","Cole Tiemann",NA,NA,2025-06-07 00:54:00.079,"StillImage","COORDINATE_ROUNDED;CONTINENT_DERIVED_FROM_COORDINATES;TAXON_MATCH_TAXON_ID_IGNORED"
4026929490,"9a0b66df-7535-4f28-9f4e-5bc11b8b096c","Natuurpunt:Waarnemingen:236634516","Animalia","Chordata",NA,"Perciformes","Gobiidae","Gobiosoma","Gobiosoma bosc",NA,"SPECIES","Gobiosoma bosc (Lacepède, 1800)","Gobiosoma bosc","(Lacepède, 1800)","BE","","Antwerp","PRESENT",2,"4d3ceea8-5699-439d-a899-decac9cbbdac",51.30542,4.28898,5,NA,NA,NA,NA,NA,"2022-03-30",30,3,2022,5208832,5208832,"HUMAN_OBSERVATION","Natuurpunt","waarnemingen.be","",NA,"",NA,"CC_BY_NC_4_0","Natuurpunt Studie","",NA,NA,2025-06-11 10:22:25.047,"","TAXON_MATCH_TAXON_ID_IGNORED;OCCURRENCE_STATUS_INFERRED_FROM_INDIVIDUAL_COUNT"
4009689175,"50c9509d-22c7-4a22-a47d-8c48425ef4a7","https://www.inaturalist.org/observations/145159696","Animalia","Chordata",NA,"Perciformes","Gobiidae","Gobiosoma","Gobiosoma bosc",NA,"SPECIES","Gobiosoma bosc (Lacepède, 1800)","Gobiosoma bosc","","US","","New York","PRESENT",NA,"28eb1a3f-1c15-4a95-931a-4af90ecb574d",40.817588,-72.730055,70,NA,NA,NA,NA,NA,"2022-09-03T22:02:52",3,9,2022,5208832,5208832,"HUMAN_OBSERVATION","iNaturalist","Observations","145159696",NA,"Matt Neilson",2022-12-27 15:08:32,"CC_BY_NC_4_0","michael_zambardino","michael_zambardino",NA,NA,2025-06-07 01:42:02.867,"StillImage","COORDINATE_ROUNDED;CONTINENT_DERIVED_FROM_COORDINATES;TAXON_MATCH_TAXON_ID_IGNORED"
3994268965,"50c9509d-22c7-4a22-a47d-8c48425ef4a7","https://www.inaturalist.org/observations/144045415","Animalia","Chordata",NA,"Perciformes","Gobiidae","Gobiosoma","Gobiosoma bosc",NA,"SPECIES","Gobiosoma bosc (Lacepède, 1800)","Gobiosoma bosc","","US","","Florida","PRESENT",NA,"28eb1a3f-1c15-4a95-931a-4af90ecb574d",29.718809,-84.984138,120,NA,NA,NA,NA,NA,"2022-12-09T10:26:38",9,12,2022,5208832,5208832,"HUMAN_OBSERVATION","iNaturalist","Observations","144045415",NA,"ricketypuma",2022-12-11 00:48:52,"CC_BY_NC_4_0","ricketypuma","ricketypuma",NA,NA,2025-06-07 02:01:36.909,"StillImage","COORDINATE_ROUNDED;CONTINENT_DERIVED_FROM_COORDINATES;TAXON_MATCH_TAXON_ID_IGNORED"
3994214882,"50c9509d-22c7-4a22-a47d-8c48425ef4a7","https://www.inaturalist.org/observations/143975941","Animalia","Chordata",NA,"Perciformes","Gobiidae","Gobiosoma","Gobiosoma bosc",NA,"SPECIES","Gobiosoma bosc (Lacepède, 1800)","Gobiosoma bosc","","US","","North Carolina","PRESENT",NA,"28eb1a3f-1c15-4a95-931a-4af90ecb574d",34.428712,-77.54992,4,NA,NA,NA,NA,NA,"2022-12-08T18:02:17",8,12,2022,5208832,5208832,"HUMAN_OBSERVATION","iNaturalist","Observations","143975941",NA,"Cole Tiemann",2022-12-09 02:00:32,"CC_BY_NC_4_0","Cole Tiemann","Cole Tiemann",NA,NA,2025-06-07 01:30:41.79,"StillImage","COORDINATE_ROUNDED;CONTINENT_DERIVED_FROM_COORDINATES;TAXON_MATCH_TAXON_ID_IGNORED"
3994205862,"50c9509d-22c7-4a22-a47d-8c48425ef4a7","https://www.inaturalist.org/observations/143976105","Animalia","Chordata",NA,"Perciformes","Gobiidae","Gobiosoma","Gobiosoma bosc",NA,"SPECIES","Gobiosoma bosc (Lacepède, 1800)","Gobiosoma bosc","","US","","North Carolina","PRESENT",NA,"28eb1a3f-1c15-4a95-931a-4af90ecb574d",34.428658,-77.549972,4,NA,NA,NA,NA,NA,"2022-12-08T18:57:30",8,12,2022,5208832,5208832,"HUMAN_OBSERVATION","iNaturalist","Observations","143976105",NA,"Cole Tiemann",2022-12-09 02:04:15,"CC_BY_NC_4_0","Cole Tiemann","Cole Tiemann",NA,NA,2025-06-07 00:56:16.825,"StillImage","COORDINATE_ROUNDED;CONTINENT_DERIVED_FROM_COORDINATES;TAXON_MATCH_TAXON_ID_IGNORED"
3960991635,"50c9509d-22c7-4a22-a47d-8c48425ef4a7","https://www.inaturalist.org/observations/137916558","Animalia","Chordata",NA,"Perciformes","Gobiidae","Gobiosoma","Gobiosoma bosc",NA,"SPECIES","Gobiosoma bosc (Lacepède, 1800)","Gobiosoma bosc","","US","","Florida","PRESENT",NA,"28eb1a3f-1c15-4a95-931a-4af90ecb574d",28.542429,-80.935759,47,NA,NA,NA,NA,NA,"2022-10-07T14:30",7,10,2022,5208832,5208832,"HUMAN_OBSERVATION","iNaturalist","Observations","137916558",NA,"species_spotlight",2022-10-24 01:45:24,"CC_BY_NC_4_0","JeffreyGammon","JeffreyGammon",NA,NA,2025-06-07 02:03:20.028,"StillImage","COORDINATE_ROUNDED;CONTINENT_DERIVED_FROM_COORDINATES;TAXON_MATCH_TAXON_ID_IGNORED"
3947432975,"50c9509d-22c7-4a22-a47d-8c48425ef4a7","https://www.inaturalist.org/observations/138117680","Animalia","Chordata",NA,"Perciformes","Gobiidae","Gobiosoma","Gobiosoma bosc",NA,"SPECIES","Gobiosoma bosc (Lacepède, 1800)","Gobiosoma bosc","","US","","New York","PRESENT",NA,"28eb1a3f-1c15-4a95-931a-4af90ecb574d",40.623283,-73.62458,10,NA,NA,NA,NA,NA,"2022-09-10T14:19:10",10,9,2022,5208832,5208832,"HUMAN_OBSERVATION","iNaturalist","Observations","138117680",NA,"Robert Levy",2022-10-09 14:22:26,"CC_BY_NC_4_0","Robert Levy","Robert Levy",NA,NA,2025-06-07 01:28:04.168,"StillImage","COORDINATE_ROUNDED;CONTINENT_DERIVED_FROM_COORDINATES;TAXON_MATCH_TAXON_ID_IGNORED"
3912057472,"50c9509d-22c7-4a22-a47d-8c48425ef4a7","https://www.inaturalist.org/observations/107423783","Animalia","Chordata",NA,"Perciformes","Gobiidae","Gobiosoma","Gobiosoma bosc",NA,"SPECIES","Gobiosoma bosc (Lacepède, 1800)","Gobiosoma bosc","","US","","Mississippi","PRESENT",NA,"28eb1a3f-1c15-4a95-931a-4af90ecb574d",30.36122,-88.450881,6,NA,NA,NA,NA,NA,"2022-02-25T11:21:14Z",25,2,2022,5208832,5208832,"HUMAN_OBSERVATION","iNaturalist","Observations","107423783",NA,"Squidpastry",2022-09-14 00:36:12,"CC_BY_NC_4_0","Emmett Carstens","Emmett Carstens",NA,NA,2025-06-07 00:57:11.214,"StillImage","COORDINATE_ROUNDED;CONTINENT_DERIVED_FROM_COORDINATES;TAXON_MATCH_TAXON_ID_IGNORED"
3903659726,"50c9509d-22c7-4a22-a47d-8c48425ef4a7","https://www.inaturalist.org/observations/134708958","Animalia","Chordata",NA,"Perciformes","Gobiidae","Gobiosoma","Gobiosoma bosc",NA,"SPECIES","Gobiosoma bosc (Lacepède, 1800)","Gobiosoma bosc","","US","","Delaware","PRESENT",NA,"28eb1a3f-1c15-4a95-931a-4af90ecb574d",38.820652,-75.228246,NA,NA,NA,NA,NA,NA,"2022-09-10T21:06:08",10,9,2022,5208832,5208832,"HUMAN_OBSERVATION","iNaturalist","Observations","134708958",NA,"Drew",2022-09-12 09:07:35,"CC_BY_NC_4_0","Drew","Drew",NA,NA,2025-06-07 00:56:21.612,"StillImage","COORDINATE_ROUNDED;CONTINENT_DERIVED_FROM_COORDINATES;TAXON_MATCH_TAXON_ID_IGNORED"
3903454614,"50c9509d-22c7-4a22-a47d-8c48425ef4a7","https://www.inaturalist.org/observations/133870325","Animalia","Chordata",NA,"Perciformes","Gobiidae","Gobiosoma","Gobiosoma bosc",NA,"SPECIES","Gobiosoma bosc (Lacepède, 1800)","Gobiosoma bosc","","US","","New York","PRESENT",NA,"28eb1a3f-1c15-4a95-931a-4af90ecb574d",40.81758,-72.730112,20,NA,NA,NA,NA,NA,"2022-09-03T22:02:54",3,9,2022,5208832,5208832,"HUMAN_OBSERVATION","iNaturalist","Observations","133870325",NA,"michael_zambardino",2022-09-06 03:12:32,"CC_BY_NC_4_0","michael_zambardino","michael_zambardino",NA,NA,2025-06-07 01:44:55.393,"StillImage","COORDINATE_ROUNDED;CONTINENT_DERIVED_FROM_COORDINATES;TAXON_MATCH_TAXON_ID_IGNORED"
3903401955,"50c9509d-22c7-4a22-a47d-8c48425ef4a7","https://www.inaturalist.org/observations/133735306","Animalia","Chordata",NA,"Perciformes","Gobiidae","Gobiosoma","Gobiosoma bosc",NA,"SPECIES","Gobiosoma bosc (Lacepède, 1800)","Gobiosoma bosc","","US","","New Jersey","PRESENT",NA,"28eb1a3f-1c15-4a95-931a-4af90ecb574d",39.923144,-74.079931,NA,NA,NA,NA,NA,NA,"2008-08-16",16,8,2008,5208832,5208832,"HUMAN_OBSERVATION","iNaturalist","Observations","133735306",NA,"Anthony Deczynski",2022-09-05 07:50:57,"CC_BY_NC_4_0","Anthony Deczynski","Anthony Deczynski",NA,NA,2025-06-07 02:03:27.792,"StillImage","CONTINENT_DERIVED_FROM_COORDINATES;TAXON_MATCH_TAXON_ID_IGNORED"
3902273118,"50c9509d-22c7-4a22-a47d-8c48425ef4a7","https://www.inaturalist.org/observations/130791324","Animalia","Chordata",NA,"Perciformes","Gobiidae","Gobiosoma","Gobiosoma bosc",NA,"SPECIES","Gobiosoma bosc (Lacepède, 1800)","Gobiosoma bosc","","US","","Mississippi","PRESENT",NA,"28eb1a3f-1c15-4a95-931a-4af90ecb574d",30.350405,-89.133942,4,NA,NA,NA,NA,NA,"2022-08-13T22:38:30",13,8,2022,5208832,5208832,"HUMAN_OBSERVATION","iNaturalist","Observations","130791324",NA,"Tia Offner",2022-08-14 15:27:57,"CC_BY_NC_4_0","Tia Offner","Tia Offner",NA,NA,2025-06-07 01:45:59.608,"StillImage","COORDINATE_ROUNDED;CONTINENT_DERIVED_FROM_COORDINATES;TAXON_MATCH_TAXON_ID_IGNORED"
3892516103,"50c9509d-22c7-4a22-a47d-8c48425ef4a7","https://www.inaturalist.org/observations/130878987","Animalia","Chordata",NA,"Perciformes","Gobiidae","Gobiosoma","Gobiosoma bosc",NA,"SPECIES","Gobiosoma bosc (Lacepède, 1800)","Gobiosoma bosc","","US","","Maryland","PRESENT",NA,"28eb1a3f-1c15-4a95-931a-4af90ecb574d",38.302387,-75.117742,24,NA,NA,NA,NA,NA,"2022-08-14T17:34:56",14,8,2022,5208832,5208832,"HUMAN_OBSERVATION","iNaturalist","Observations","130878987",NA,"human_landfill",2022-08-15 15:22:39,"CC_BY_NC_4_0","human_landfill","human_landfill",NA,NA,2025-06-07 01:35:47.629,"StillImage","COORDINATE_ROUNDED;CONTINENT_DERIVED_FROM_COORDINATES;TAXON_MATCH_TAXON_ID_IGNORED"
3892475815,"50c9509d-22c7-4a22-a47d-8c48425ef4a7","https://www.inaturalist.org/observations/130511058","Animalia","Chordata",NA,"Perciformes","Gobiidae","Gobiosoma","Gobiosoma bosc",NA,"SPECIES","Gobiosoma bosc (Lacepède, 1800)","Gobiosoma bosc","","US","","Rhode Island","PRESENT",NA,"28eb1a3f-1c15-4a95-931a-4af90ecb574d",41.47943,-71.361673,2,NA,NA,NA,NA,NA,"2022-08-11T13:11",11,8,2022,5208832,5208832,"HUMAN_OBSERVATION","iNaturalist","Observations","130511058",NA,"Cole Tiemann",2022-08-13 10:59:13,"CC0_1_0","Alex Karasoulos","Alex Karasoulos",NA,NA,2025-06-07 00:04:10.551,"StillImage","COORDINATE_ROUNDED;CONTINENT_DERIVED_FROM_COORDINATES;TAXON_MATCH_TAXON_ID_IGNORED"
3892475038,"50c9509d-22c7-4a22-a47d-8c48425ef4a7","https://www.inaturalist.org/observations/130874072","Animalia","Chordata",NA,"Perciformes","Gobiidae","Gobiosoma","Gobiosoma bosc",NA,"SPECIES","Gobiosoma bosc (Lacepède, 1800)","Gobiosoma bosc","","US","","Maryland","PRESENT",NA,"28eb1a3f-1c15-4a95-931a-4af90ecb574d",38.302519,-75.117248,55,NA,NA,NA,NA,NA,"2022-08-14T16:25:16",14,8,2022,5208832,5208832,"HUMAN_OBSERVATION","iNaturalist","Observations","130874072",NA,"human_landfill",2022-08-15 01:40:28,"CC_BY_NC_4_0","human_landfill","human_landfill",NA,NA,2025-06-07 00:35:02.949,"StillImage","COORDINATE_ROUNDED;CONTINENT_DERIVED_FROM_COORDINATES;TAXON_MATCH_TAXON_ID_IGNORED"
3892427110,"50c9509d-22c7-4a22-a47d-8c48425ef4a7","https://www.inaturalist.org/observations/130876832","Animalia","Chordata",NA,"Perciformes","Gobiidae","Gobiosoma","Gobiosoma bosc",NA,"SPECIES","Gobiosoma bosc (Lacepède, 1800)","Gobiosoma bosc","","US","","Maryland","PRESENT",NA,"28eb1a3f-1c15-4a95-931a-4af90ecb574d",38.302513,-75.117268,54,NA,NA,NA,NA,NA,"2022-08-14T16:24:35",14,8,2022,5208832,5208832,"HUMAN_OBSERVATION","iNaturalist","Observations","130876832",NA,"human_landfill",2022-08-15 01:47:33,"CC_BY_NC_4_0","human_landfill","human_landfill",NA,NA,2025-06-07 00:35:06.787,"StillImage","COORDINATE_ROUNDED;CONTINENT_DERIVED_FROM_COORDINATES;TAXON_MATCH_TAXON_ID_IGNORED"
3892347765,"50c9509d-22c7-4a22-a47d-8c48425ef4a7","https://www.inaturalist.org/observations/130447858","Animalia","Chordata",NA,"Perciformes","Gobiidae","Gobiosoma","Gobiosoma bosc",NA,"SPECIES","Gobiosoma bosc (Lacepède, 1800)","Gobiosoma bosc","","US","","Maryland","PRESENT",NA,"28eb1a3f-1c15-4a95-931a-4af90ecb574d",38.331746,-76.477894,2,NA,NA,NA,NA,NA,"2022-07-14T14:32",14,7,2022,5208832,5208832,"HUMAN_OBSERVATION","iNaturalist","Observations","130447858",NA,"Benji Beluga",2022-08-12 00:50:38,"CC_BY_NC_4_0","Benji Beluga","Benji Beluga",NA,NA,2025-06-07 02:51:11.705,"StillImage","COORDINATE_ROUNDED;CONTINENT_DERIVED_FROM_COORDINATES;TAXON_MATCH_TAXON_ID_IGNORED"
3892339104,"50c9509d-22c7-4a22-a47d-8c48425ef4a7","https://www.inaturalist.org/observations/130877319","Animalia","Chordata",NA,"Perciformes","Gobiidae","Gobiosoma","Gobiosoma bosc",NA,"SPECIES","Gobiosoma bosc (Lacepède, 1800)","Gobiosoma bosc","","US","","Maryland","PRESENT",NA,"28eb1a3f-1c15-4a95-931a-4af90ecb574d",38.302617,-75.117231,44,NA,NA,NA,NA,NA,"2022-08-14T16:16:22",14,8,2022,5208832,5208832,"HUMAN_OBSERVATION","iNaturalist","Observations","130877319",NA,"human_landfill",2022-08-15 15:41:56,"CC_BY_NC_4_0","human_landfill","human_landfill",NA,NA,2025-06-07 00:23:31.498,"StillImage","COORDINATE_ROUNDED;CONTINENT_DERIVED_FROM_COORDINATES;TAXON_MATCH_TAXON_ID_IGNORED"
3889284465,"50c9509d-22c7-4a22-a47d-8c48425ef4a7","https://www.inaturalist.org/observations/129827920","Animalia","Chordata",NA,"Perciformes","Gobiidae","Gobiosoma","Gobiosoma bosc",NA,"SPECIES","Gobiosoma bosc (Lacepède, 1800)","Gobiosoma bosc","","US","","New York","PRESENT",NA,"28eb1a3f-1c15-4a95-931a-4af90ecb574d",41.042852,-73.89961,100,NA,NA,NA,NA,NA,"2022-08-06T13:31",6,8,2022,5208832,5208832,"HUMAN_OBSERVATION","iNaturalist","Observations","129827920",NA,"Jeremy Collison",2022-08-07 14:40:22,"CC_BY_NC_4_0","Jeremy Collison","Jeremy Collison",NA,NA,2025-06-07 01:55:54.163,"StillImage","COORDINATE_ROUNDED;CONTINENT_DERIVED_FROM_COORDINATES;TAXON_MATCH_TAXON_ID_IGNORED"
3880982286,"9a0b66df-7535-4f28-9f4e-5bc11b8b096c","Natuurpunt:Waarnemingen:250252164","Animalia","Chordata",NA,"Perciformes","Gobiidae","Gobiosoma","Gobiosoma bosc",NA,"SPECIES","Gobiosoma bosc (Lacepède, 1800)","Gobiosoma bosc","(Lacepède, 1800)","BE","","Antwerp","PRESENT",2,"4d3ceea8-5699-439d-a899-decac9cbbdac",51.30501,4.28824,25,NA,NA,NA,NA,NA,"2022-07-23",23,7,2022,5208832,5208832,"HUMAN_OBSERVATION","Natuurpunt","waarnemingen.be","",NA,"",NA,"CC_BY_NC_4_0","Natuurpunt Studie","",NA,NA,2025-06-11 10:21:38.966,"","TAXON_MATCH_TAXON_ID_IGNORED;OCCURRENCE_STATUS_INFERRED_FROM_INDIVIDUAL_COUNT"
3873617451,"50c9509d-22c7-4a22-a47d-8c48425ef4a7","https://www.inaturalist.org/observations/126154437","Animalia","Chordata",NA,"Perciformes","Gobiidae","Gobiosoma","Gobiosoma bosc",NA,"SPECIES","Gobiosoma bosc (Lacepède, 1800)","Gobiosoma bosc","","US","","Maryland","PRESENT",NA,"28eb1a3f-1c15-4a95-931a-4af90ecb574d",38.041961,-75.361901,24,NA,NA,NA,NA,NA,"2022-07-13T17:48:23",13,7,2022,5208832,5208832,"HUMAN_OBSERVATION","iNaturalist","Observations","126154437",NA,"RD",2022-07-14 02:39:18,"CC_BY_NC_4_0","RD","RD",NA,NA,2025-06-07 01:37:14.255,"StillImage","COORDINATE_ROUNDED;CONTINENT_DERIVED_FROM_COORDINATES;TAXON_MATCH_TAXON_ID_IGNORED"
3873580028,"50c9509d-22c7-4a22-a47d-8c48425ef4a7","https://www.inaturalist.org/observations/127256320","Animalia","Chordata",NA,"Perciformes","Gobiidae","Gobiosoma","Gobiosoma bosc",NA,"SPECIES","Gobiosoma bosc (Lacepède, 1800)","Gobiosoma bosc","","US","","Virginia","PRESENT",NA,"28eb1a3f-1c15-4a95-931a-4af90ecb574d",37.287042,-75.922822,5,NA,NA,NA,NA,NA,"2022-07-21T11:36:20",21,7,2022,5208832,5208832,"HUMAN_OBSERVATION","iNaturalist","Observations","127256320",NA,"capricada",2022-07-21 18:23:48,"CC_BY_NC_4_0","capricada","capricada",NA,NA,2025-06-07 00:43:28.167,"StillImage","COORDINATE_ROUNDED;CONTINENT_DERIVED_FROM_COORDINATES;TAXON_MATCH_TAXON_ID_IGNORED"
3873439495,"50c9509d-22c7-4a22-a47d-8c48425ef4a7","https://www.inaturalist.org/observations/127549984","Animalia","Chordata",NA,"Perciformes","Gobiidae","Gobiosoma","Gobiosoma bosc",NA,"SPECIES","Gobiosoma bosc (Lacepède, 1800)","Gobiosoma bosc","","US","","Maryland","PRESENT",NA,"28eb1a3f-1c15-4a95-931a-4af90ecb574d",38.32392,-76.453058,353,NA,NA,NA,NA,NA,"2022-07-23T07:14:18",23,7,2022,5208832,5208832,"HUMAN_OBSERVATION","iNaturalist","Observations","127549984",NA,"baltimorefishing1",2022-07-23 18:50:43,"CC_BY_NC_4_0","baltimorefishing1","baltimorefishing1",NA,NA,2025-06-07 00:22:58.264,"StillImage","COORDINATE_ROUNDED;CONTINENT_DERIVED_FROM_COORDINATES;TAXON_MATCH_TAXON_ID_IGNORED"
3873281878,"50c9509d-22c7-4a22-a47d-8c48425ef4a7","https://www.inaturalist.org/observations/126650892","Animalia","Chordata",NA,"Perciformes","Gobiidae","Gobiosoma","Gobiosoma bosc",NA,"SPECIES","Gobiosoma bosc (Lacepède, 1800)","Gobiosoma bosc","","US","","Maryland","PRESENT",NA,"28eb1a3f-1c15-4a95-931a-4af90ecb574d",38.053707,-76.328372,1348,NA,NA,NA,NA,NA,"2022-07-15T19:15",15,7,2022,5208832,5208832,"HUMAN_OBSERVATION","iNaturalist","Observations","126650892",NA,"Emilio Concari",2022-07-17 15:00:31,"CC_BY_NC_4_0","Emilio Concari","Emilio Concari",NA,NA,2025-06-07 00:33:18.62,"StillImage","COORDINATE_ROUNDED;CONTINENT_DERIVED_FROM_COORDINATES;TAXON_MATCH_TAXON_ID_IGNORED"
3873057534,"50c9509d-22c7-4a22-a47d-8c48425ef4a7","https://www.inaturalist.org/observations/126244231","Animalia","Chordata",NA,"Perciformes","Gobiidae","Gobiosoma","Gobiosoma bosc",NA,"SPECIES","Gobiosoma bosc (Lacepède, 1800)","Gobiosoma bosc","","US","","New York","PRESENT",NA,"28eb1a3f-1c15-4a95-931a-4af90ecb574d",40.809013,-73.865197,31,NA,NA,NA,NA,NA,"2022-07-14T08:20:03",14,7,2022,5208832,5208832,"HUMAN_OBSERVATION","iNaturalist","Observations","126244231",NA,"Mitchel Buckner",2022-07-14 20:17:25,"CC_BY_NC_4_0","Kristin","Kristin",NA,NA,2025-06-07 00:03:51.893,"StillImage","COORDINATE_ROUNDED;CONTINENT_DERIVED_FROM_COORDINATES;TAXON_MATCH_TAXON_ID_IGNORED"
3860210961,"50c9509d-22c7-4a22-a47d-8c48425ef4a7","https://www.inaturalist.org/observations/123273907","Animalia","Chordata",NA,"Perciformes","Gobiidae","Gobiosoma","Gobiosoma bosc",NA,"SPECIES","Gobiosoma bosc (Lacepède, 1800)","Gobiosoma bosc","","US","","Virginia","PRESENT",NA,"28eb1a3f-1c15-4a95-931a-4af90ecb574d",37.692373,-76.353134,NA,NA,NA,NA,NA,NA,"2022-06-18T19:51:20",18,6,2022,5208832,5208832,"HUMAN_OBSERVATION","iNaturalist","Observations","123273907",NA,"proman0095",2022-06-24 20:55:12,"CC_BY_NC_4_0","proman0095","proman0095",NA,NA,2025-06-07 02:40:10.304,"StillImage","COORDINATE_ROUNDED;CONTINENT_DERIVED_FROM_COORDINATES;TAXON_MATCH_TAXON_ID_IGNORED"
3859785384,"50c9509d-22c7-4a22-a47d-8c48425ef4a7","https://www.inaturalist.org/observations/27514213","Animalia","Chordata",NA,"Perciformes","Gobiidae","Gobiosoma","Gobiosoma bosc",NA,"SPECIES","Gobiosoma bosc (Lacepède, 1800)","Gobiosoma bosc","","US","","Maryland","PRESENT",NA,"28eb1a3f-1c15-4a95-931a-4af90ecb574d",38.783414,-76.171897,319,NA,NA,NA,NA,NA,"2019-06-23T12:37:08",23,6,2019,5208832,5208832,"HUMAN_OBSERVATION","iNaturalist","Observations","27514213",NA,"",NA,"CC_BY_NC_4_0","corixid","corixid",NA,NA,2025-06-07 01:44:43.582,"StillImage","COORDINATE_ROUNDED;CONTINENT_DERIVED_FROM_COORDINATES;TAXON_MATCH_TAXON_ID_IGNORED"
3859271833,"50c9509d-22c7-4a22-a47d-8c48425ef4a7","https://www.inaturalist.org/observations/121880389","Animalia","Chordata",NA,"Perciformes","Gobiidae","Gobiosoma","Gobiosoma bosc",NA,"SPECIES","Gobiosoma bosc (Lacepède, 1800)","Gobiosoma bosc","","US","","Mississippi","PRESENT",NA,"28eb1a3f-1c15-4a95-931a-4af90ecb574d",30.437867,-88.991562,4,NA,NA,NA,NA,NA,"2022-06-14T19:34:36",14,6,2022,5208832,5208832,"HUMAN_OBSERVATION","iNaturalist","Observations","121880389",NA,"Tia Offner",2022-06-15 15:03:03,"CC_BY_NC_4_0","Tia Offner","Tia Offner",NA,NA,2025-06-07 02:48:32.657,"StillImage","COORDINATE_ROUNDED;CONTINENT_DERIVED_FROM_COORDINATES;TAXON_MATCH_TAXON_ID_IGNORED"
3859019135,"50c9509d-22c7-4a22-a47d-8c48425ef4a7","https://www.inaturalist.org/observations/123458892","Animalia","Chordata",NA,"Perciformes","Gobiidae","Gobiosoma","Gobiosoma bosc",NA,"SPECIES","Gobiosoma bosc (Lacepède, 1800)","Gobiosoma bosc","","US","","Maryland","PRESENT",NA,"28eb1a3f-1c15-4a95-931a-4af90ecb574d",38.440487,-75.061882,35,NA,NA,NA,NA,NA,"2022-05-24T09:15:15",24,5,2022,5208832,5208832,"HUMAN_OBSERVATION","iNaturalist","Observations","123458892",NA,"mcoleman5",2022-06-26 01:33:56,"CC_BY_NC_4_0","mcoleman5","mcoleman5",NA,NA,2025-06-07 01:24:59.16,"StillImage","COORDINATE_ROUNDED;CONTINENT_DERIVED_FROM_COORDINATES;TAXON_MATCH_TAXON_ID_IGNORED"
3859015974,"50c9509d-22c7-4a22-a47d-8c48425ef4a7","https://www.inaturalist.org/observations/110188836","Animalia","Chordata",NA,"Perciformes","Gobiidae","Gobiosoma","Gobiosoma bosc",NA,"SPECIES","Gobiosoma bosc (Lacepède, 1800)","Gobiosoma bosc","","US","","Texas","PRESENT",NA,"28eb1a3f-1c15-4a95-931a-4af90ecb574d",29.254735,-94.879427,9,NA,NA,NA,NA,NA,"2021-04-20T13:27:37Z",20,4,2021,5208832,5208832,"HUMAN_OBSERVATION","iNaturalist","Observations","110188836",NA,"Mitchel Buckner",2022-04-23 08:30:57,"CC_BY_NC_4_0","mariahwaters","mariahwaters",NA,NA,2025-06-07 01:23:47.592,"StillImage","COORDINATE_ROUNDED;CONTINENT_DERIVED_FROM_COORDINATES;TAXON_MATCH_TAXON_ID_IGNORED"
3858497667,"50c9509d-22c7-4a22-a47d-8c48425ef4a7","https://www.inaturalist.org/observations/121654059","Animalia","Chordata",NA,"Perciformes","Gobiidae","Gobiosoma","Gobiosoma bosc",NA,"SPECIES","Gobiosoma bosc (Lacepède, 1800)","Gobiosoma bosc","","US","","Maryland","PRESENT",NA,"28eb1a3f-1c15-4a95-931a-4af90ecb574d",38.935917,-76.285888,4,NA,NA,NA,NA,NA,"2022-06-12T20:57:45",12,6,2022,5208832,5208832,"HUMAN_OBSERVATION","iNaturalist","Observations","121654059",NA,"IHUNTA",2022-06-13 22:22:52,"CC_BY_NC_4_0","IHUNTA","IHUNTA",NA,NA,2025-06-07 01:43:20.911,"StillImage","COORDINATE_ROUNDED;CONTINENT_DERIVED_FROM_COORDINATES;TAXON_MATCH_TAXON_ID_IGNORED"
3802442702,"50c9509d-22c7-4a22-a47d-8c48425ef4a7","https://www.inaturalist.org/observations/118204252","Animalia","Chordata",NA,"Perciformes","Gobiidae","Gobiosoma","Gobiosoma bosc",NA,"SPECIES","Gobiosoma bosc (Lacepède, 1800)","Gobiosoma bosc","","US","","Virginia","PRESENT",NA,"28eb1a3f-1c15-4a95-931a-4af90ecb574d",37.634939,-76.569417,1124,NA,NA,NA,NA,NA,"2022-05-19T12:50:34",19,5,2022,5208832,5208832,"HUMAN_OBSERVATION","iNaturalist","Observations","118204252",NA,"",NA,"CC_BY_4_0","Adrienne van den Beemt","Adrienne van den Beemt",NA,NA,2025-06-07 02:49:27.641,"StillImage","COORDINATE_ROUNDED;CONTINENT_DERIVED_FROM_COORDINATES;TAXON_MATCH_TAXON_ID_IGNORED"
3785074671,"50c9509d-22c7-4a22-a47d-8c48425ef4a7","https://www.inaturalist.org/observations/116926350","Animalia","Chordata",NA,"Perciformes","Gobiidae","Gobiosoma","Gobiosoma bosc",NA,"SPECIES","Gobiosoma bosc (Lacepède, 1800)","Gobiosoma bosc","","US","","Maryland","PRESENT",NA,"28eb1a3f-1c15-4a95-931a-4af90ecb574d",38.867356,-76.517465,61,NA,NA,NA,NA,NA,"2022-05-12T13:48:46",12,5,2022,5208832,5208832,"HUMAN_OBSERVATION","iNaturalist","Observations","116926350",NA,"sercfisheries",2022-05-14 04:16:54,"CC_BY_NC_4_0","sercfisheries","sercfisheries",NA,NA,2025-06-07 01:24:02.28,"StillImage","COORDINATE_ROUNDED;CONTINENT_DERIVED_FROM_COORDINATES;TAXON_MATCH_TAXON_ID_IGNORED"
3785010538,"50c9509d-22c7-4a22-a47d-8c48425ef4a7","https://www.inaturalist.org/observations/116886847","Animalia","Chordata",NA,"Perciformes","Gobiidae","Gobiosoma","Gobiosoma bosc",NA,"SPECIES","Gobiosoma bosc (Lacepède, 1800)","Gobiosoma bosc","","US","","Maryland","PRESENT",NA,"28eb1a3f-1c15-4a95-931a-4af90ecb574d",38.333308,-76.461731,4,NA,NA,NA,NA,NA,"2021-04-29T16:40",29,4,2021,5208832,5208832,"HUMAN_OBSERVATION","iNaturalist","Observations","116886847",NA,"IHUNTA",2022-05-13 21:36:14,"CC_BY_NC_4_0","IHUNTA","IHUNTA",NA,NA,2025-06-07 01:04:56.21,"StillImage","COORDINATE_ROUNDED;CONTINENT_DERIVED_FROM_COORDINATES;TAXON_MATCH_TAXON_ID_IGNORED"
3784784486,"50c9509d-22c7-4a22-a47d-8c48425ef4a7","https://www.inaturalist.org/observations/116787876","Animalia","Chordata",NA,"Perciformes","Gobiidae","Gobiosoma","Gobiosoma bosc",NA,"SPECIES","Gobiosoma bosc (Lacepède, 1800)","Gobiosoma bosc","","US","","Maryland","PRESENT",NA,"28eb1a3f-1c15-4a95-931a-4af90ecb574d",38.723703,-76.54345,5,NA,NA,NA,NA,NA,"2018-08-02T13:39",2,8,2018,5208832,5208832,"HUMAN_OBSERVATION","iNaturalist","Observations","116787876",NA,"IHUNTA",2022-05-13 03:37:23,"CC_BY_NC_4_0","IHUNTA","IHUNTA",NA,NA,2025-06-07 01:39:58.715,"StillImage","COORDINATE_ROUNDED;CONTINENT_DERIVED_FROM_COORDINATES;TAXON_MATCH_TAXON_ID_IGNORED"
3773663411,"50c9509d-22c7-4a22-a47d-8c48425ef4a7","https://www.inaturalist.org/observations/114304159","Animalia","Chordata",NA,"Perciformes","Gobiidae","Gobiosoma","Gobiosoma bosc",NA,"SPECIES","Gobiosoma bosc (Lacepède, 1800)","Gobiosoma bosc","","US","","Connecticut","PRESENT",NA,"28eb1a3f-1c15-4a95-931a-4af90ecb574d",41.074646,-73.405143,207,NA,NA,NA,NA,NA,"2022-04-30T14:10:38",30,4,2022,5208832,5208832,"HUMAN_OBSERVATION","iNaturalist","Observations","114304159",NA,"lpinney12",2022-05-01 17:33:25,"CC_BY_NC_4_0","lpinney12","lpinney12",NA,NA,2025-06-07 02:48:53.246,"StillImage","COORDINATE_ROUNDED;CONTINENT_DERIVED_FROM_COORDINATES;TAXON_MATCH_TAXON_ID_IGNORED"
3773437683,"50c9509d-22c7-4a22-a47d-8c48425ef4a7","https://www.inaturalist.org/observations/116557904","Animalia","Chordata",NA,"Perciformes","Gobiidae","Gobiosoma","Gobiosoma bosc",NA,"SPECIES","Gobiosoma bosc (Lacepède, 1800)","Gobiosoma bosc","","US","","Louisiana","PRESENT",NA,"28eb1a3f-1c15-4a95-931a-4af90ecb574d",29.665203,-92.728155,60,NA,NA,NA,NA,NA,"2022-05-03T10:36:01",3,5,2022,5208832,5208832,"HUMAN_OBSERVATION","iNaturalist","Observations","116557904",NA,"Mitchel Buckner",2022-05-11 16:05:50,"CC_BY_NC_4_0","Margaret Vincent","Margaret Vincent",NA,NA,2025-06-07 02:38:33.439,"StillImage","COORDINATE_ROUNDED;CONTINENT_DERIVED_FROM_COORDINATES;TAXON_MATCH_TAXON_ID_IGNORED"
3772822333,"50c9509d-22c7-4a22-a47d-8c48425ef4a7","https://www.inaturalist.org/observations/113941307","Animalia","Chordata",NA,"Perciformes","Gobiidae","Gobiosoma","Gobiosoma bosc",NA,"SPECIES","Gobiosoma bosc (Lacepède, 1800)","Gobiosoma bosc","","US","","Maryland","PRESENT",NA,"28eb1a3f-1c15-4a95-931a-4af90ecb574d",38.892932,-76.340963,24,NA,NA,NA,NA,NA,"2022-04-30T16:02:11",30,4,2022,5208832,5208832,"HUMAN_OBSERVATION","iNaturalist","Observations","113941307",NA,"jackcover1956",2022-04-30 20:06:35,"CC_BY_NC_4_0","jackcover1956","jackcover1956",NA,NA,2025-06-07 01:09:09.281,"StillImage","COORDINATE_ROUNDED;CONTINENT_DERIVED_FROM_COORDINATES;TAXON_MATCH_TAXON_ID_IGNORED"
3772449787,"50c9509d-22c7-4a22-a47d-8c48425ef4a7","https://www.inaturalist.org/observations/113569724","Animalia","Chordata",NA,"Perciformes","Gobiidae","Gobiosoma","Gobiosoma bosc",NA,"SPECIES","Gobiosoma bosc (Lacepède, 1800)","Gobiosoma bosc","","US","","Maryland","PRESENT",NA,"28eb1a3f-1c15-4a95-931a-4af90ecb574d",39.060569,-76.574276,9,NA,NA,NA,NA,NA,"2022-04-29T17:34:30",29,4,2022,5208832,5208832,"HUMAN_OBSERVATION","iNaturalist","Observations","113569724",NA,"pmk00001",2022-05-03 10:01:27,"CC_BY_NC_4_0","possumharbour","possumharbour",NA,NA,2025-06-07 00:02:30.206,"StillImage","COORDINATE_ROUNDED;CONTINENT_DERIVED_FROM_COORDINATES;TAXON_MATCH_TAXON_ID_IGNORED"
3765305561,"9a0b66df-7535-4f28-9f4e-5bc11b8b096c","Natuurpunt:Waarnemingen:237766054","Animalia","Chordata",NA,"Perciformes","Gobiidae","Gobiosoma","Gobiosoma bosc",NA,"SPECIES","Gobiosoma bosc (Lacepède, 1800)","Gobiosoma bosc","(Lacepède, 1800)","BE","","Antwerp","PRESENT",3,"4d3ceea8-5699-439d-a899-decac9cbbdac",51.3055,4.289,15,NA,NA,NA,NA,NA,"2022-03-30",30,3,2022,5208832,5208832,"HUMAN_OBSERVATION","Natuurpunt","waarnemingen.be","",NA,"",NA,"CC_BY_NC_4_0","Natuurpunt Studie","",NA,NA,2025-06-11 10:21:34.173,"","TAXON_MATCH_TAXON_ID_IGNORED;OCCURRENCE_STATUS_INFERRED_FROM_INDIVIDUAL_COUNT"
3765295720,"9a0b66df-7535-4f28-9f4e-5bc11b8b096c","Natuurpunt:Waarnemingen:238618101","Animalia","Chordata",NA,"Perciformes","Gobiidae","Gobiosoma","Gobiosoma bosc",NA,"SPECIES","Gobiosoma bosc (Lacepède, 1800)","Gobiosoma bosc","(Lacepède, 1800)","BE","","Antwerp","PRESENT",1,"4d3ceea8-5699-439d-a899-decac9cbbdac",51.30528,4.28867,25,NA,NA,NA,NA,NA,"2022-03-30",30,3,2022,5208832,5208832,"HUMAN_OBSERVATION","Natuurpunt","waarnemingen.be","",NA,"",NA,"CC_BY_NC_4_0","Natuurpunt Studie","",NA,NA,2025-06-11 10:21:35.337,"","TAXON_MATCH_TAXON_ID_IGNORED;OCCURRENCE_STATUS_INFERRED_FROM_INDIVIDUAL_COUNT"
3760270929,"50c9509d-22c7-4a22-a47d-8c48425ef4a7","https://www.inaturalist.org/observations/111381069","Animalia","Chordata",NA,"Perciformes","Gobiidae","Gobiosoma","Gobiosoma bosc",NA,"SPECIES","Gobiosoma bosc (Lacepède, 1800)","Gobiosoma bosc","","US","","Maryland","PRESENT",NA,"28eb1a3f-1c15-4a95-931a-4af90ecb574d",38.131771,-76.361417,37,NA,NA,NA,NA,NA,"2022-04-14T00:21:22",14,4,2022,5208832,5208832,"HUMAN_OBSERVATION","iNaturalist","Observations","111381069",NA,"nitrospeed16",2022-04-14 03:23:24,"CC_BY_NC_4_0","nitrospeed16","nitrospeed16",NA,NA,2025-06-06 23:58:11.916,"StillImage","COORDINATE_ROUNDED;CONTINENT_DERIVED_FROM_COORDINATES;TAXON_MATCH_TAXON_ID_IGNORED"
3759494279,"50c9509d-22c7-4a22-a47d-8c48425ef4a7","https://www.inaturalist.org/observations/109792819","Animalia","Chordata",NA,"Perciformes","Gobiidae","Gobiosoma","Gobiosoma bosc",NA,"SPECIES","Gobiosoma bosc (Lacepède, 1800)","Gobiosoma bosc","","US","","North Carolina","PRESENT",NA,"28eb1a3f-1c15-4a95-931a-4af90ecb574d",34.462149,-77.487457,72,NA,NA,NA,NA,NA,"2022-03-28T15:28:47",28,3,2022,5208832,5208832,"HUMAN_OBSERVATION","iNaturalist","Observations","109792819",NA,"nv_multispeciesfishing",2022-03-28 23:31:45,"CC_BY_NC_4_0","nv_multispeciesfishing","nv_multispeciesfishing",NA,NA,2025-06-07 00:22:52.152,"StillImage","COORDINATE_ROUNDED;CONTINENT_DERIVED_FROM_COORDINATES;TAXON_MATCH_TAXON_ID_IGNORED"
3759186896,"50c9509d-22c7-4a22-a47d-8c48425ef4a7","https://www.inaturalist.org/observations/108018912","Animalia","Chordata",NA,"Perciformes","Gobiidae","Gobiosoma","Gobiosoma bosc",NA,"SPECIES","Gobiosoma bosc (Lacepède, 1800)","Gobiosoma bosc","","US","","Florida","PRESENT",NA,"28eb1a3f-1c15-4a95-931a-4af90ecb574d",29.350478,-81.732767,31,NA,NA,NA,NA,NA,"2022-03-05T16:05",5,3,2022,5208832,5208832,"HUMAN_OBSERVATION","iNaturalist","Observations","108018912",NA,"Laura Kushner",2022-03-06 11:58:41,"CC_BY_NC_4_0","Laura Kushner","Laura Kushner",NA,NA,2025-06-07 02:37:33.585,"StillImage","COORDINATE_ROUNDED;CONTINENT_DERIVED_FROM_COORDINATES;TAXON_MATCH_TAXON_ID_IGNORED"
3759181816,"50c9509d-22c7-4a22-a47d-8c48425ef4a7","https://www.inaturalist.org/observations/107978553","Animalia","Chordata",NA,"Perciformes","Gobiidae","Gobiosoma","Gobiosoma bosc",NA,"SPECIES","Gobiosoma bosc (Lacepède, 1800)","Gobiosoma bosc","","US","","Florida","PRESENT",NA,"28eb1a3f-1c15-4a95-931a-4af90ecb574d",29.350445,-81.732691,63,NA,NA,NA,NA,NA,"2022-03-05T15:49",5,3,2022,5208832,5208832,"HUMAN_OBSERVATION","iNaturalist","Observations","107978553",NA,"Laura Kushner",2022-03-05 21:56:40,"CC_BY_NC_4_0","Laura Kushner","Laura Kushner",NA,NA,2025-06-07 02:47:48.784,"StillImage","COORDINATE_ROUNDED;CONTINENT_DERIVED_FROM_COORDINATES;TAXON_MATCH_TAXON_ID_IGNORED"
3759165481,"50c9509d-22c7-4a22-a47d-8c48425ef4a7","https://www.inaturalist.org/observations/64456240","Animalia","Chordata",NA,"Perciformes","Gobiidae","Gobiosoma","Gobiosoma bosc",NA,"SPECIES","Gobiosoma bosc (Lacepède, 1800)","Gobiosoma bosc","","US","","Maryland","PRESENT",NA,"28eb1a3f-1c15-4a95-931a-4af90ecb574d",38.112911,-76.472475,10,NA,NA,NA,NA,NA,"2020-11-08T10:42:45",8,11,2020,5208832,5208832,"HUMAN_OBSERVATION","iNaturalist","Observations","64456240",NA,"Matt Neilson",2020-11-16 13:52:22,"CC_BY_NC_4_0","genejockey","genejockey",NA,NA,2025-06-07 00:06:11.323,"StillImage","COORDINATE_ROUNDED;CONTINENT_DERIVED_FROM_COORDINATES;TAXON_MATCH_TAXON_ID_IGNORED"
3725340297,"8a863029-f435-446a-821e-275f4f641165","https://observation.org/observation/164706659","Animalia","Chordata",NA,"Perciformes","Gobiidae","Gobiosoma","Gobiosoma bosc",NA,"SPECIES","Gobiosoma bosc (Lacepède, 1800)","Gobiosoma bosc","","NL","Spaarnwoude - Oosterbroek","Noord-Holland","PRESENT",2,"c8d737e0-2ff8-42e8-b8fc-6b805d26fc5f",52.45,4.65,5000,NA,NA,NA,NA,NA,"2018-11-16",16,11,2018,5208832,5208832,"HUMAN_OBSERVATION","","","",NA,"",NA,"CC_BY_NC_4_0","Stichting Observation International","User 3528",NA,NA,2025-06-12 14:24:32.011,"",""
3712751189,"50c9509d-22c7-4a22-a47d-8c48425ef4a7","https://www.inaturalist.org/observations/108283091","Animalia","Chordata",NA,"Perciformes","Gobiidae","Gobiosoma","Gobiosoma bosc",NA,"SPECIES","Gobiosoma bosc (Lacepède, 1800)","Gobiosoma bosc","","US","","Mississippi","PRESENT",NA,"28eb1a3f-1c15-4a95-931a-4af90ecb574d",30.343935,-88.536031,325,NA,NA,NA,NA,NA,"2022-03-08T10:02:22",8,3,2022,5208832,5208832,"HUMAN_OBSERVATION","iNaturalist","Observations","108283091",NA,"Jason Lins",2022-03-10 04:14:17,"CC_BY_NC_4_0","Jason Lins","Jason Lins",NA,NA,2025-06-07 00:50:03.579,"StillImage","COORDINATE_ROUNDED;CONTINENT_DERIVED_FROM_COORDINATES;TAXON_MATCH_TAXON_ID_IGNORED"
3698272749,"50c9509d-22c7-4a22-a47d-8c48425ef4a7","https://www.inaturalist.org/observations/107131961","Animalia","Chordata",NA,"Perciformes","Gobiidae","Gobiosoma","Gobiosoma bosc",NA,"SPECIES","Gobiosoma bosc (Lacepède, 1800)","Gobiosoma bosc","","US","","Florida","PRESENT",NA,"28eb1a3f-1c15-4a95-931a-4af90ecb574d",28.987179,-81.342371,2632,NA,NA,NA,NA,NA,"2022-02-20T14:46:42",20,2,2022,5208832,5208832,"HUMAN_OBSERVATION","iNaturalist","Observations","107131961",NA,"Dan_Barychko",2022-02-20 20:26:25,"CC_BY_NC_4_0","Dan_Barychko","Dan_Barychko",NA,NA,2025-06-06 23:55:03.667,"StillImage","COORDINATE_ROUNDED;CONTINENT_DERIVED_FROM_COORDINATES;TAXON_MATCH_TAXON_ID_IGNORED"
3457075928,"50c9509d-22c7-4a22-a47d-8c48425ef4a7","https://www.inaturalist.org/observations/103845769","Animalia","Chordata",NA,"Perciformes","Gobiidae","Gobiosoma","Gobiosoma bosc",NA,"SPECIES","Gobiosoma bosc (Lacepède, 1800)","Gobiosoma bosc","","US","","Florida","PRESENT",NA,"28eb1a3f-1c15-4a95-931a-4af90ecb574d",28.984627,-81.339921,2073,NA,NA,NA,NA,NA,"2021-12-28T16:37:09",28,12,2021,5208832,5208832,"HUMAN_OBSERVATION","iNaturalist","Observations","103845769",NA,"Dan_Barychko",2021-12-28 21:42:00,"CC_BY_NC_4_0","Dan_Barychko","Dan_Barychko",NA,NA,2025-06-07 00:36:36.994,"StillImage","COORDINATE_ROUNDED;CONTINENT_DERIVED_FROM_COORDINATES;TAXON_MATCH_TAXON_ID_IGNORED"
3456863137,"50c9509d-22c7-4a22-a47d-8c48425ef4a7","https://www.inaturalist.org/observations/104866294","Animalia","Chordata",NA,"Perciformes","Gobiidae","Gobiosoma","Gobiosoma bosc",NA,"SPECIES","Gobiosoma bosc (Lacepède, 1800)","Gobiosoma bosc","","US","","Louisiana","PRESENT",NA,"28eb1a3f-1c15-4a95-931a-4af90ecb574d",29.665183,-92.728158,33,NA,NA,NA,NA,NA,"2021-12-27T10:41:02",27,12,2021,5208832,5208832,"HUMAN_OBSERVATION","iNaturalist","Observations","104866294",NA,"Matt Neilson",2022-01-13 15:19:41,"CC_BY_NC_4_0","Margaret Vincent","Margaret Vincent",NA,NA,2025-06-07 01:04:45.76,"StillImage","COORDINATE_ROUNDED;CONTINENT_DERIVED_FROM_COORDINATES;TAXON_MATCH_TAXON_ID_IGNORED"
3456702211,"50c9509d-22c7-4a22-a47d-8c48425ef4a7","https://www.inaturalist.org/observations/102107006","Animalia","Chordata",NA,"Perciformes","Gobiidae","Gobiosoma","Gobiosoma bosc",NA,"SPECIES","Gobiosoma bosc (Lacepède, 1800)","Gobiosoma bosc","","US","","Maryland","PRESENT",NA,"28eb1a3f-1c15-4a95-931a-4af90ecb574d",38.787218,-76.528862,NA,NA,NA,NA,NA,NA,"2021-11-28T14:41:48",28,11,2021,5208832,5208832,"HUMAN_OBSERVATION","iNaturalist","Observations","102107006",NA,"Susan Christman Williams",2021-11-28 19:53:34,"CC0_1_0","Susan Christman Williams","Susan Christman Williams",NA,NA,2025-06-07 01:09:13.078,"StillImage","CONTINENT_DERIVED_FROM_COORDINATES;TAXON_MATCH_TAXON_ID_IGNORED"
3455800334,"50c9509d-22c7-4a22-a47d-8c48425ef4a7","http://www.inaturalist.org/observations/3205653","Animalia","Chordata",NA,"Perciformes","Gobiidae","Gobiosoma","Gobiosoma bosc",NA,"SPECIES","Gobiosoma bosc (Lacepède, 1800)","Gobiosoma bosc","","US","","Maryland","PRESENT",NA,"28eb1a3f-1c15-4a95-931a-4af90ecb574d",38.208592,-75.804558,NA,NA,NA,NA,NA,NA,"2016-05-13T07:57:12",13,5,2016,5208832,5208832,"HUMAN_OBSERVATION","iNaturalist","Observations","3205653",NA,"pmk00001",2017-12-07 14:50:36,"CC_BY_NC_4_0","apizzala","apizzala",NA,NA,2025-06-07 00:38:20.105,"StillImage","COORDINATE_ROUNDED;CONTINENT_DERIVED_FROM_COORDINATES;TAXON_MATCH_TAXON_ID_IGNORED"
3455303047,"50c9509d-22c7-4a22-a47d-8c48425ef4a7","https://www.inaturalist.org/observations/81086458","Animalia","Chordata",NA,"Perciformes","Gobiidae","Gobiosoma","Gobiosoma bosc",NA,"SPECIES","Gobiosoma bosc (Lacepède, 1800)","Gobiosoma bosc","","US","","Maryland","PRESENT",NA,"28eb1a3f-1c15-4a95-931a-4af90ecb574d",38.58257,-75.979133,30,NA,NA,NA,NA,NA,"2021-05-31T16:33:19",31,5,2021,5208832,5208832,"HUMAN_OBSERVATION","iNaturalist","Observations","81086458",NA,"trinectes",2021-06-15 12:07:03,"CC_BY_NC_4_0","dpaterra","dpaterra",NA,NA,2025-06-07 01:17:09.774,"StillImage","COORDINATE_ROUNDED;CONTINENT_DERIVED_FROM_COORDINATES;TAXON_MATCH_TAXON_ID_IGNORED"
3455254861,"50c9509d-22c7-4a22-a47d-8c48425ef4a7","https://www.inaturalist.org/observations/56958912","Animalia","Chordata",NA,"Perciformes","Gobiidae","Gobiosoma","Gobiosoma bosc",NA,"SPECIES","Gobiosoma bosc (Lacepède, 1800)","Gobiosoma bosc","","US","","Connecticut","PRESENT",NA,"28eb1a3f-1c15-4a95-931a-4af90ecb574d",41.1,-73.42,NA,NA,NA,NA,NA,NA,"2020-08-19T14:19:09",19,8,2020,5208832,5208832,"HUMAN_OBSERVATION","iNaturalist","Observations","56958912",NA,"Matt Neilson",2020-12-10 20:54:48,"CC_BY_NC_4_0","maritimeaquariumeducationdept","maritimeaquariumeducationdept",NA,NA,2025-06-07 00:51:02.218,"StillImage","CONTINENT_DERIVED_FROM_COORDINATES;TAXON_MATCH_TAXON_ID_IGNORED"
3425912321,"d0351e80-ae78-46ea-8601-8c458282ae73","Station_211_Date_26OCT2005:08:12:00.000_Gobiosoma_bosc","Animalia","Chordata",NA,"Perciformes","Gobiidae","Gobiosoma","Gobiosoma bosc",NA,"SPECIES","Gobiosoma bosc (Lacepède, 1800)","Gobiosoma bosc","(Lacepède, 1800)","US","Guadalupe Estuary","Texas","PRESENT",NA,"c3ad790a-d426-4ac1-8e32-da61f81f0117",28.419444,-96.448611,100,NA,NA,NA,0.75,0.75,"2005-10-26T08:12",26,10,2005,5208832,5208832,"HUMAN_OBSERVATION","TPWD","San Antonio Bay Gill Net","",NA,"",NA,"CC0_1_0","","",NA,NA,2025-02-06 23:15:16.375,"","CONTINENT_DERIVED_FROM_COORDINATES"
3425803896,"d0351e80-ae78-46ea-8601-8c458282ae73","Station_34_Date_08NOV2006:07:08:00.000_Gobiosoma_bosc","Animalia","Chordata",NA,"Perciformes","Gobiidae","Gobiosoma","Gobiosoma bosc",NA,"SPECIES","Gobiosoma bosc (Lacepède, 1800)","Gobiosoma bosc","(Lacepède, 1800)","US","Guadalupe Estuary","Texas","PRESENT",NA,"c3ad790a-d426-4ac1-8e32-da61f81f0117",28.403611,-96.776667,100,NA,NA,NA,0.75,0.65,"2006-11-08T07:08",8,11,2006,5208832,5208832,"HUMAN_OBSERVATION","TPWD","San Antonio Bay Gill Net","",NA,"",NA,"CC0_1_0","","",NA,NA,2025-02-06 23:15:16.193,"","CONTINENT_DERIVED_FROM_COORDINATES"
3416090749,"50c9509d-22c7-4a22-a47d-8c48425ef4a7","https://www.inaturalist.org/observations/101416471","Animalia","Chordata",NA,"Perciformes","Gobiidae","Gobiosoma","Gobiosoma bosc",NA,"SPECIES","Gobiosoma bosc (Lacepède, 1800)","Gobiosoma bosc","","US","","Maryland","PRESENT",NA,"28eb1a3f-1c15-4a95-931a-4af90ecb574d",38.787168,-76.528733,NA,NA,NA,NA,NA,NA,"2021-11-18T14:29:30",18,11,2021,5208832,5208832,"HUMAN_OBSERVATION","iNaturalist","Observations","101416471",NA,"Susan Christman Williams",2021-11-18 20:08:14,"CC0_1_0","Susan Christman Williams","Susan Christman Williams",NA,NA,2025-06-07 00:33:13.969,"StillImage","CONTINENT_DERIVED_FROM_COORDINATES;TAXON_MATCH_TAXON_ID_IGNORED"
3408183972,"50c9509d-22c7-4a22-a47d-8c48425ef4a7","https://www.inaturalist.org/observations/99979461","Animalia","Chordata",NA,"Perciformes","Gobiidae","Gobiosoma","Gobiosoma bosc",NA,"SPECIES","Gobiosoma bosc (Lacepède, 1800)","Gobiosoma bosc","","US","","Maryland","PRESENT",NA,"28eb1a3f-1c15-4a95-931a-4af90ecb574d",38.787163,-76.528749,NA,NA,NA,NA,NA,NA,"2021-11-01T10:34:26",1,11,2021,5208832,5208832,"HUMAN_OBSERVATION","iNaturalist","Observations","99979461",NA,"Susan Christman Williams",2021-11-01 15:01:57,"CC0_1_0","Susan Christman Williams","Susan Christman Williams",NA,NA,2025-06-07 00:25:13.284,"StillImage","COORDINATE_ROUNDED;CONTINENT_DERIVED_FROM_COORDINATES;TAXON_MATCH_TAXON_ID_IGNORED"
3407981261,"50c9509d-22c7-4a22-a47d-8c48425ef4a7","https://www.inaturalist.org/observations/100276960","Animalia","Chordata",NA,"Perciformes","Gobiidae","Gobiosoma","Gobiosoma bosc",NA,"SPECIES","Gobiosoma bosc (Lacepède, 1800)","Gobiosoma bosc","","US","","North Carolina","PRESENT",NA,"28eb1a3f-1c15-4a95-931a-4af90ecb574d",34.709586,-76.632058,4,NA,NA,NA,NA,NA,"2021-10-31T01:26",31,10,2021,5208832,5208832,"HUMAN_OBSERVATION","iNaturalist","Observations","100276960",NA,"IHUNTA",2021-11-05 00:40:31,"CC_BY_NC_4_0","IHUNTA","IHUNTA",NA,NA,2025-06-07 00:57:32.443,"StillImage","COORDINATE_ROUNDED;CONTINENT_DERIVED_FROM_COORDINATES;TAXON_MATCH_TAXON_ID_IGNORED"
3406183121,"9dc24de5-be12-44f9-ab75-c4b62492e8da","Station_220_Date_13JUL2005:10:46:00.000_Gobiosoma_bosc","Animalia","Chordata",NA,"Perciformes","Gobiidae","Gobiosoma","Gobiosoma bosc",NA,"SPECIES","Gobiosoma bosc (Lacepède, 1800)","Gobiosoma bosc","(Lacepède, 1800)","US","Upper Laguna Madre Estuary","Texas","PRESENT",NA,"c3ad790a-d426-4ac1-8e32-da61f81f0117",27.265556,-97.711667,100,NA,NA,NA,0.3,0.3,"2005-07-13T10:46",13,7,2005,5208832,5208832,"HUMAN_OBSERVATION","TPWD","Upper Laguna Madre Bag Seine","",NA,"",NA,"CC0_1_0","","",NA,NA,2025-02-06 21:46:33.271,"","CONTINENT_DERIVED_FROM_COORDINATES"
3406182853,"9dc24de5-be12-44f9-ab75-c4b62492e8da","Station_140_Date_16JUN2005:17:18:00.000_Gobiosoma_bosc","Animalia","Chordata",NA,"Perciformes","Gobiidae","Gobiosoma","Gobiosoma bosc",NA,"SPECIES","Gobiosoma bosc (Lacepède, 1800)","Gobiosoma bosc","(Lacepède, 1800)","US","Upper Laguna Madre Estuary","Texas","PRESENT",NA,"c3ad790a-d426-4ac1-8e32-da61f81f0117",27.323611,-97.684167,100,NA,NA,NA,0.25,0.25,"2005-06-16T17:18",16,6,2005,5208832,5208832,"HUMAN_OBSERVATION","TPWD","Upper Laguna Madre Bag Seine","",NA,"",NA,"CC0_1_0","","",NA,NA,2025-02-06 21:46:33.129,"","CONTINENT_DERIVED_FROM_COORDINATES"
3406181276,"9dc24de5-be12-44f9-ab75-c4b62492e8da","Station_275_Date_18APR2006:12:15:00.000_Gobiosoma_bosc","Animalia","Chordata",NA,"Perciformes","Gobiidae","Gobiosoma","Gobiosoma bosc",NA,"SPECIES","Gobiosoma bosc (Lacepède, 1800)","Gobiosoma bosc","(Lacepède, 1800)","US","Upper Laguna Madre Estuary","Texas","PRESENT",NA,"c3ad790a-d426-4ac1-8e32-da61f81f0117",27.152222,-97.437222,100,NA,NA,NA,0.25,0.25,"2006-04-18T12:15",18,4,2006,5208832,5208832,"HUMAN_OBSERVATION","TPWD","Upper Laguna Madre Bag Seine","",NA,"",NA,"CC0_1_0","","",NA,NA,2025-02-06 21:46:33.315,"","CONTINENT_DERIVED_FROM_COORDINATES"
3406181238,"9dc24de5-be12-44f9-ab75-c4b62492e8da","Station_251_Date_25OCT2007:14:02:00.000_Gobiosoma_bosc","Animalia","Chordata",NA,"Perciformes","Gobiidae","Gobiosoma","Gobiosoma bosc",NA,"SPECIES","Gobiosoma bosc (Lacepède, 1800)","Gobiosoma bosc","(Lacepède, 1800)","US","Upper Laguna Madre Estuary","Texas","PRESENT",NA,"c3ad790a-d426-4ac1-8e32-da61f81f0117",27.231111,-97.52,100,NA,NA,NA,0.35,0.15,"2007-10-25T14:02",25,10,2007,5208832,5208832,"HUMAN_OBSERVATION","TPWD","Upper Laguna Madre Bag Seine","",NA,"",NA,"CC0_1_0","","",NA,NA,2025-02-06 21:46:33.303,"","CONTINENT_DERIVED_FROM_COORDINATES"
3406181160,"9dc24de5-be12-44f9-ab75-c4b62492e8da","Station_219_Date_20NOV2007:13:03:00.000_Gobiosoma_bosc","Animalia","Chordata",NA,"Perciformes","Gobiidae","Gobiosoma","Gobiosoma bosc",NA,"SPECIES","Gobiosoma bosc (Lacepède, 1800)","Gobiosoma bosc","(Lacepède, 1800)","US","Upper Laguna Madre Estuary","Texas","PRESENT",NA,"c3ad790a-d426-4ac1-8e32-da61f81f0117",27.263611,-97.721111,100,NA,NA,NA,0.3,0.3,"2007-11-20T13:03",20,11,2007,5208832,5208832,"HUMAN_OBSERVATION","TPWD","Upper Laguna Madre Bag Seine","",NA,"",NA,"CC0_1_0","","",NA,NA,2025-02-06 21:46:33.271,"","CONTINENT_DERIVED_FROM_COORDINATES"
3406180914,"9dc24de5-be12-44f9-ab75-c4b62492e8da","Station_143_Date_18DEC2007:13:23:00.000_Gobiosoma_bosc","Animalia","Chordata",NA,"Perciformes","Gobiidae","Gobiosoma","Gobiosoma bosc",NA,"SPECIES","Gobiosoma bosc (Lacepède, 1800)","Gobiosoma bosc","(Lacepède, 1800)","US","Upper Laguna Madre Estuary","Texas","PRESENT",NA,"c3ad790a-d426-4ac1-8e32-da61f81f0117",27.324167,-97.637778,100,NA,NA,NA,0.1,0.1,"2007-12-18T13:23",18,12,2007,5208832,5208832,"HUMAN_OBSERVATION","TPWD","Upper Laguna Madre Bag Seine","",NA,"",NA,"CC0_1_0","","",NA,NA,2025-02-06 21:46:33.142,"","CONTINENT_DERIVED_FROM_COORDINATES"
3406180898,"9dc24de5-be12-44f9-ab75-c4b62492e8da","Station_138_Date_25JUL2007:13:40:00.000_Gobiosoma_bosc","Animalia","Chordata",NA,"Perciformes","Gobiidae","Gobiosoma","Gobiosoma bosc",NA,"SPECIES","Gobiosoma bosc (Lacepède, 1800)","Gobiosoma bosc","(Lacepède, 1800)","US","Upper Laguna Madre Estuary","Texas","PRESENT",NA,"c3ad790a-d426-4ac1-8e32-da61f81f0117",27.343611,-97.482778,100,NA,NA,NA,0.2,0.1,"2007-07-25T13:40",25,7,2007,5208832,5208832,"HUMAN_OBSERVATION","TPWD","Upper Laguna Madre Bag Seine","",NA,"",NA,"CC0_1_0","","",NA,NA,2025-02-06 21:46:33.135,"","CONTINENT_DERIVED_FROM_COORDINATES"
3406180497,"9dc24de5-be12-44f9-ab75-c4b62492e8da","Station_28_Date_14OCT2008:17:07:00.000_Gobiosoma_bosc","Animalia","Chordata",NA,"Perciformes","Gobiidae","Gobiosoma","Gobiosoma bosc",NA,"SPECIES","Gobiosoma bosc (Lacepède, 1800)","Gobiosoma bosc","(Lacepède, 1800)","US","Upper Laguna Madre Estuary","Texas","PRESENT",NA,"c3ad790a-d426-4ac1-8e32-da61f81f0117",27.624722,-97.243611,100,NA,NA,NA,0.4,0.2,"2008-10-14T17:07",14,10,2008,5208832,5208832,"HUMAN_OBSERVATION","TPWD","Upper Laguna Madre Bag Seine","",NA,"",NA,"CC0_1_0","","",NA,NA,2025-02-06 21:46:32.953,"","CONTINENT_DERIVED_FROM_COORDINATES"
3406180189,"9dc24de5-be12-44f9-ab75-c4b62492e8da","Station_238_Date_11OCT2007:13:05:00.000_Gobiosoma_bosc","Animalia","Chordata",NA,"Perciformes","Gobiidae","Gobiosoma","Gobiosoma bosc",NA,"SPECIES","Gobiosoma bosc (Lacepède, 1800)","Gobiosoma bosc","(Lacepède, 1800)","US","Upper Laguna Madre Estuary","Texas","PRESENT",NA,"c3ad790a-d426-4ac1-8e32-da61f81f0117",27.248056,-97.637222,100,NA,NA,NA,0.55,0.35,"2007-10-11T13:05",11,10,2007,5208832,5208832,"HUMAN_OBSERVATION","TPWD","Upper Laguna Madre Bag Seine","",NA,"",NA,"CC0_1_0","","",NA,NA,2025-02-06 21:46:33.383,"","CONTINENT_DERIVED_FROM_COORDINATES"
3406176906,"9dc24de5-be12-44f9-ab75-c4b62492e8da","Station_159_Date_25JUL2007:10:56:00.000_Gobiosoma_bosc","Animalia","Chordata",NA,"Perciformes","Gobiidae","Gobiosoma","Gobiosoma bosc",NA,"SPECIES","Gobiosoma bosc (Lacepède, 1800)","Gobiosoma bosc","(Lacepède, 1800)","US","Upper Laguna Madre Estuary","Texas","PRESENT",NA,"c3ad790a-d426-4ac1-8e32-da61f81f0117",27.301944,-97.591667,100,NA,NA,NA,0.25,0.15,"2007-07-25T10:56",25,7,2007,5208832,5208832,"HUMAN_OBSERVATION","TPWD","Upper Laguna Madre Bag Seine","",NA,"",NA,"CC0_1_0","","",NA,NA,2025-02-06 21:46:33.172,"","CONTINENT_DERIVED_FROM_COORDINATES"
3406004317,"9dc24de5-be12-44f9-ab75-c4b62492e8da","Station_275_Date_08JAN2008:11:59:00.000_Gobiosoma_bosc","Animalia","Chordata",NA,"Perciformes","Gobiidae","Gobiosoma","Gobiosoma bosc",NA,"SPECIES","Gobiosoma bosc (Lacepède, 1800)","Gobiosoma bosc","(Lacepède, 1800)","US","Upper Laguna Madre Estuary","Texas","PRESENT",NA,"c3ad790a-d426-4ac1-8e32-da61f81f0117",27.150833,-97.438056,100,NA,NA,NA,0.3,0.3,"2008-01-08T11:59",8,1,2008,5208832,5208832,"HUMAN_OBSERVATION","TPWD","Upper Laguna Madre Bag Seine","",NA,"",NA,"CC0_1_0","","",NA,NA,2025-02-06 21:46:33.007,"","CONTINENT_DERIVED_FROM_COORDINATES"
3406004094,"9dc24de5-be12-44f9-ab75-c4b62492e8da","Station_184_Date_07JUN2005:12:03:00.000_Gobiosoma_bosc","Animalia","Chordata",NA,"Perciformes","Gobiidae","Gobiosoma","Gobiosoma bosc",NA,"SPECIES","Gobiosoma bosc (Lacepède, 1800)","Gobiosoma bosc","(Lacepède, 1800)","US","Upper Laguna Madre Estuary","Texas","PRESENT",NA,"c3ad790a-d426-4ac1-8e32-da61f81f0117",27.290556,-97.527778,100,NA,NA,NA,0.25,0.25,"2005-06-07T12:03",7,6,2005,5208832,5208832,"HUMAN_OBSERVATION","TPWD","Upper Laguna Madre Bag Seine","",NA,"",NA,"CC0_1_0","","",NA,NA,2025-02-06 21:46:33.317,"","CONTINENT_DERIVED_FROM_COORDINATES"
3406004050,"9dc24de5-be12-44f9-ab75-c4b62492e8da","Station_170_Date_18NOV2008:13:59:00.000_Gobiosoma_bosc","Animalia","Chordata",NA,"Perciformes","Gobiidae","Gobiosoma","Gobiosoma bosc",NA,"SPECIES","Gobiosoma bosc (Lacepède, 1800)","Gobiosoma bosc","(Lacepède, 1800)","US","Upper Laguna Madre Estuary","Texas","PRESENT",NA,"c3ad790a-d426-4ac1-8e32-da61f81f0117",27.303056,-97.403056,100,NA,NA,NA,0.2,0.2,"2008-11-18T13:59",18,11,2008,5208832,5208832,"HUMAN_OBSERVATION","TPWD","Upper Laguna Madre Bag Seine","",NA,"",NA,"CC0_1_0","","",NA,NA,2025-02-06 21:46:33.299,"","CONTINENT_DERIVED_FROM_COORDINATES"
3406003176,"9dc24de5-be12-44f9-ab75-c4b62492e8da","Station_238_Date_08OCT2008:18:26:00.000_Gobiosoma_bosc","Animalia","Chordata",NA,"Perciformes","Gobiidae","Gobiosoma","Gobiosoma bosc",NA,"SPECIES","Gobiosoma bosc (Lacepède, 1800)","Gobiosoma bosc","(Lacepède, 1800)","US","Upper Laguna Madre Estuary","Texas","PRESENT",NA,"c3ad790a-d426-4ac1-8e32-da61f81f0117",27.243889,-97.633611,100,NA,NA,NA,0.15,0.15,"2008-10-08T18:26",8,10,2008,5208832,5208832,"HUMAN_OBSERVATION","TPWD","Upper Laguna Madre Bag Seine","",NA,"",NA,"CC0_1_0","","",NA,NA,2025-02-06 21:46:33.287,"","CONTINENT_DERIVED_FROM_COORDINATES"
3406003135,"9dc24de5-be12-44f9-ab75-c4b62492e8da","Station_218_Date_24OCT2007:16:18:00.000_Gobiosoma_bosc","Animalia","Chordata",NA,"Perciformes","Gobiidae","Gobiosoma","Gobiosoma bosc",NA,"SPECIES","Gobiosoma bosc (Lacepède, 1800)","Gobiosoma bosc","(Lacepède, 1800)","US","Upper Laguna Madre Estuary","Texas","PRESENT",NA,"c3ad790a-d426-4ac1-8e32-da61f81f0117",27.265,-97.736111,100,NA,NA,NA,0.4,0,"2007-10-24T16:18",24,10,2007,5208832,5208832,"HUMAN_OBSERVATION","TPWD","Upper Laguna Madre Bag Seine","",NA,"",NA,"CC0_1_0","","",NA,NA,2025-02-06 21:46:33.244,"","CONTINENT_DERIVED_FROM_COORDINATES"
3405999774,"9dc24de5-be12-44f9-ab75-c4b62492e8da","Station_134_Date_06APR2005:14:03:00.000_Gobiosoma_bosc","Animalia","Chordata",NA,"Perciformes","Gobiidae","Gobiosoma","Gobiosoma bosc",NA,"SPECIES","Gobiosoma bosc (Lacepède, 1800)","Gobiosoma bosc","(Lacepède, 1800)","US","Upper Laguna Madre Estuary","Texas","PRESENT",NA,"c3ad790a-d426-4ac1-8e32-da61f81f0117",27.339722,-97.534444,100,NA,NA,NA,0.25,0.05,"2005-04-06T14:03",6,4,2005,5208832,5208832,"HUMAN_OBSERVATION","TPWD","Upper Laguna Madre Bag Seine","",NA,"",NA,"CC0_1_0","","",NA,NA,2025-02-06 21:46:32.905,"","CONTINENT_DERIVED_FROM_COORDINATES"
3405999193,"9dc24de5-be12-44f9-ab75-c4b62492e8da","Station_239_Date_08APR2008:11:33:00.000_Gobiosoma_bosc","Animalia","Chordata",NA,"Perciformes","Gobiidae","Gobiosoma","Gobiosoma bosc",NA,"SPECIES","Gobiosoma bosc (Lacepède, 1800)","Gobiosoma bosc","(Lacepède, 1800)","US","Upper Laguna Madre Estuary","Texas","PRESENT",NA,"c3ad790a-d426-4ac1-8e32-da61f81f0117",27.241944,-97.627778,100,NA,NA,NA,0.3,0.3,"2008-04-08T11:33",8,4,2008,5208832,5208832,"HUMAN_OBSERVATION","TPWD","Upper Laguna Madre Bag Seine","",NA,"",NA,"CC0_1_0","","",NA,NA,2025-02-06 21:46:33.288,"","CONTINENT_DERIVED_FROM_COORDINATES"
3405996843,"9dc24de5-be12-44f9-ab75-c4b62492e8da","Station_134_Date_23OCT2007:18:00:00.000_Gobiosoma_bosc","Animalia","Chordata",NA,"Perciformes","Gobiidae","Gobiosoma","Gobiosoma bosc",NA,"SPECIES","Gobiosoma bosc (Lacepède, 1800)","Gobiosoma bosc","(Lacepède, 1800)","US","Upper Laguna Madre Estuary","Texas","PRESENT",NA,"c3ad790a-d426-4ac1-8e32-da61f81f0117",27.3375,-97.538889,100,NA,NA,NA,0.2,0.2,"2007-10-23T18:00",23,10,2007,5208832,5208832,"HUMAN_OBSERVATION","TPWD","Upper Laguna Madre Bag Seine","",NA,"",NA,"CC0_1_0","","",NA,NA,2025-02-06 21:46:33.084,"","CONTINENT_DERIVED_FROM_COORDINATES"
3405996057,"9dc24de5-be12-44f9-ab75-c4b62492e8da","Station_198_Date_12JAN2006:11:52:00.000_Gobiosoma_bosc","Animalia","Chordata",NA,"Perciformes","Gobiidae","Gobiosoma","Gobiosoma bosc",NA,"SPECIES","Gobiosoma bosc (Lacepède, 1800)","Gobiosoma bosc","(Lacepède, 1800)","US","Upper Laguna Madre Estuary","Texas","PRESENT",NA,"c3ad790a-d426-4ac1-8e32-da61f81f0117",27.282778,-97.678333,100,NA,NA,NA,0.15,0.15,"2006-01-12T11:52",12,1,2006,5208832,5208832,"HUMAN_OBSERVATION","TPWD","Upper Laguna Madre Bag Seine","",NA,"",NA,"CC0_1_0","","",NA,NA,2025-02-06 21:46:33.332,"","CONTINENT_DERIVED_FROM_COORDINATES"
3405995975,"9dc24de5-be12-44f9-ab75-c4b62492e8da","Station_175_Date_23MAR2005:13:08:00.000_Gobiosoma_bosc","Animalia","Chordata",NA,"Perciformes","Gobiidae","Gobiosoma","Gobiosoma bosc",NA,"SPECIES","Gobiosoma bosc (Lacepède, 1800)","Gobiosoma bosc","(Lacepède, 1800)","US","Upper Laguna Madre Estuary","Texas","PRESENT",NA,"c3ad790a-d426-4ac1-8e32-da61f81f0117",27.284722,-97.6675,100,NA,NA,NA,0.2,0.1,"2005-03-23T13:08",23,3,2005,5208832,5208832,"HUMAN_OBSERVATION","TPWD","Upper Laguna Madre Bag Seine","",NA,"",NA,"CC0_1_0","","",NA,NA,2025-02-06 21:46:33.304,"","CONTINENT_DERIVED_FROM_COORDINATES"
3405995970,"9dc24de5-be12-44f9-ab75-c4b62492e8da","Station_174_Date_24OCT2007:16:54:00.000_Gobiosoma_bosc","Animalia","Chordata",NA,"Perciformes","Gobiidae","Gobiosoma","Gobiosoma bosc",NA,"SPECIES","Gobiosoma bosc (Lacepède, 1800)","Gobiosoma bosc","(Lacepède, 1800)","US","Upper Laguna Madre Estuary","Texas","PRESENT",NA,"c3ad790a-d426-4ac1-8e32-da61f81f0117",27.283333,-97.683889,100,NA,NA,NA,0.3,0.2,"2007-10-24T16:54",24,10,2007,5208832,5208832,"HUMAN_OBSERVATION","TPWD","Upper Laguna Madre Bag Seine","",NA,"",NA,"CC0_1_0","","",NA,NA,2025-02-06 21:46:33.302,"","CONTINENT_DERIVED_FROM_COORDINATES"
3405995792,"9dc24de5-be12-44f9-ab75-c4b62492e8da","Station_127_Date_20NOV2007:14:48:00.000_Gobiosoma_bosc","Animalia","Chordata",NA,"Perciformes","Gobiidae","Gobiosoma","Gobiosoma bosc",NA,"SPECIES","Gobiosoma bosc (Lacepède, 1800)","Gobiosoma bosc","(Lacepède, 1800)","US","Upper Laguna Madre Estuary","Texas","PRESENT",NA,"c3ad790a-d426-4ac1-8e32-da61f81f0117",27.359167,-97.661667,100,NA,NA,NA,0.15,0.15,"2007-11-20T14:48",20,11,2007,5208832,5208832,"HUMAN_OBSERVATION","TPWD","Upper Laguna Madre Bag Seine","",NA,"",NA,"CC0_1_0","","",NA,NA,2025-02-06 21:46:33.214,"","CONTINENT_DERIVED_FROM_COORDINATES"
3405856414,"95b694cd-e9db-4831-b6a9-0a6d433d92c1","Station_288_Date_20DEC2006:13:01:00.000_Gobiosoma_bosc","Animalia","Chordata",NA,"Perciformes","Gobiidae","Gobiosoma","Gobiosoma bosc",NA,"SPECIES","Gobiosoma bosc (Lacepède, 1800)","Gobiosoma bosc","(Lacepède, 1800)","US","Guadalupe Estuary","Texas","PRESENT",NA,"c3ad790a-d426-4ac1-8e32-da61f81f0117",28.313889,-96.499722,100,NA,NA,NA,0.3,0.1,"2006-12-20T13:01",20,12,2006,5208832,5208832,"HUMAN_OBSERVATION","TPWD","San Antonio Bay Bag Seine","",NA,"",NA,"CC0_1_0","","",NA,NA,2025-02-06 21:26:38.914,"","CONTINENT_DERIVED_FROM_COORDINATES"
3405856403,"95b694cd-e9db-4831-b6a9-0a6d433d92c1","Station_285_Date_21JAN2005:13:32:00.000_Gobiosoma_bosc","Animalia","Chordata",NA,"Perciformes","Gobiidae","Gobiosoma","Gobiosoma bosc",NA,"SPECIES","Gobiosoma bosc (Lacepède, 1800)","Gobiosoma bosc","(Lacepède, 1800)","US","Guadalupe Estuary","Texas","PRESENT",NA,"c3ad790a-d426-4ac1-8e32-da61f81f0117",28.308333,-96.545833,100,NA,NA,NA,0.2,0.2,"2005-01-21T13:32",21,1,2005,5208832,5208832,"HUMAN_OBSERVATION","TPWD","San Antonio Bay Bag Seine","",NA,"",NA,"CC0_1_0","","",NA,NA,2025-02-06 21:26:38.911,"","CONTINENT_DERIVED_FROM_COORDINATES"
3405850309,"95b694cd-e9db-4831-b6a9-0a6d433d92c1","Station_280_Date_16MAR2006:13:12:00.000_Gobiosoma_bosc","Animalia","Chordata",NA,"Perciformes","Gobiidae","Gobiosoma","Gobiosoma bosc",NA,"SPECIES","Gobiosoma bosc (Lacepède, 1800)","Gobiosoma bosc","(Lacepède, 1800)","US","Guadalupe Estuary","Texas","PRESENT",NA,"c3ad790a-d426-4ac1-8e32-da61f81f0117",28.331944,-96.466389,100,NA,NA,NA,0.45,0.05,"2006-03-16T13:12",16,3,2006,5208832,5208832,"HUMAN_OBSERVATION","TPWD","San Antonio Bay Bag Seine","",NA,"",NA,"CC0_1_0","","",NA,NA,2025-02-06 21:26:39.098,"","CONTINENT_DERIVED_FROM_COORDINATES"
3405847266,"95b694cd-e9db-4831-b6a9-0a6d433d92c1","Station_259_Date_18OCT2006:10:52:00.000_Gobiosoma_bosc","Animalia","Chordata",NA,"Perciformes","Gobiidae","Gobiosoma","Gobiosoma bosc",NA,"SPECIES","Gobiosoma bosc (Lacepède, 1800)","Gobiosoma bosc","(Lacepède, 1800)","US","Guadalupe Estuary","Texas","PRESENT",NA,"c3ad790a-d426-4ac1-8e32-da61f81f0117",28.346389,-96.590833,100,NA,NA,NA,0.45,0.05,"2006-10-18T10:52",18,10,2006,5208832,5208832,"HUMAN_OBSERVATION","TPWD","San Antonio Bay Bag Seine","",NA,"",NA,"CC0_1_0","","",NA,NA,2025-02-06 21:26:38.888,"","CONTINENT_DERIVED_FROM_COORDINATES"
3405846669,"95b694cd-e9db-4831-b6a9-0a6d433d92c1","Station_164_Date_05SEP2006:13:12:00.000_Gobiosoma_bosc","Animalia","Chordata",NA,"Perciformes","Gobiidae","Gobiosoma","Gobiosoma bosc",NA,"SPECIES","Gobiosoma bosc (Lacepède, 1800)","Gobiosoma bosc","(Lacepède, 1800)","US","Guadalupe Estuary","Texas","PRESENT",NA,"c3ad790a-d426-4ac1-8e32-da61f81f0117",28.221667,-96.800556,100,NA,NA,NA,0.4,0,"2006-09-05T13:12",5,9,2006,5208832,5208832,"HUMAN_OBSERVATION","TPWD","San Antonio Bay Bag Seine","",NA,"",NA,"CC0_1_0","","",NA,NA,2025-02-06 21:26:38.754,"","CONTINENT_DERIVED_FROM_COORDINATES"
3405846613,"95b694cd-e9db-4831-b6a9-0a6d433d92c1","Station_145_Date_23JUL2007:11:57:00.000_Gobiosoma_bosc","Animalia","Chordata",NA,"Perciformes","Gobiidae","Gobiosoma","Gobiosoma bosc",NA,"SPECIES","Gobiosoma bosc (Lacepède, 1800)","Gobiosoma bosc","(Lacepède, 1800)","US","Guadalupe Estuary","Texas","PRESENT",NA,"c3ad790a-d426-4ac1-8e32-da61f81f0117",28.261944,-96.6275,100,NA,NA,NA,0.3,0.1,"2007-07-23T11:57",23,7,2007,5208832,5208832,"HUMAN_OBSERVATION","TPWD","San Antonio Bay Bag Seine","",NA,"",NA,"CC0_1_0","","",NA,NA,2025-02-06 21:26:38.743,"","CONTINENT_DERIVED_FROM_COORDINATES"
3405846459,"95b694cd-e9db-4831-b6a9-0a6d433d92c1","Station_99_Date_04APR2005:09:47:00.000_Gobiosoma_bosc","Animalia","Chordata",NA,"Perciformes","Gobiidae","Gobiosoma","Gobiosoma bosc",NA,"SPECIES","Gobiosoma bosc (Lacepède, 1800)","Gobiosoma bosc","(Lacepède, 1800)","US","Guadalupe Estuary","Texas","PRESENT",NA,"c3ad790a-d426-4ac1-8e32-da61f81f0117",28.311111,-96.622222,100,NA,NA,NA,0.15,0.15,"2005-04-04T09:47",4,4,2005,5208832,5208832,"HUMAN_OBSERVATION","TPWD","San Antonio Bay Bag Seine","",NA,"",NA,"CC0_1_0","","",NA,NA,2025-02-06 21:26:38.703,"","CONTINENT_DERIVED_FROM_COORDINATES"
3405845670,"95b694cd-e9db-4831-b6a9-0a6d433d92c1","Station_133_Date_23APR2007:16:28:00.000_Gobiosoma_bosc","Animalia","Chordata",NA,"Perciformes","Gobiidae","Gobiosoma","Gobiosoma bosc",NA,"SPECIES","Gobiosoma bosc (Lacepède, 1800)","Gobiosoma bosc","(Lacepède, 1800)","US","Guadalupe Estuary","Texas","PRESENT",NA,"c3ad790a-d426-4ac1-8e32-da61f81f0117",28.121111,-96.814722,100,NA,NA,NA,0.45,0.15,"2007-04-23T16:28",23,4,2007,5208832,5208832,"HUMAN_OBSERVATION","TPWD","San Antonio Bay Bag Seine","",NA,"",NA,"CC0_1_0","","",NA,NA,2025-02-06 21:26:38.909,"","CONTINENT_DERIVED_FROM_COORDINATES"
3405843722,"95b694cd-e9db-4831-b6a9-0a6d433d92c1","Station_158_Date_21FEB2007:14:20:00.000_Gobiosoma_bosc","Animalia","Chordata",NA,"Perciformes","Gobiidae","Gobiosoma","Gobiosoma bosc",NA,"SPECIES","Gobiosoma bosc (Lacepède, 1800)","Gobiosoma bosc","(Lacepède, 1800)","US","Guadalupe Estuary","Texas","PRESENT",NA,"c3ad790a-d426-4ac1-8e32-da61f81f0117",28.108333,-96.831111,100,NA,NA,NA,0.3,0.2,"2007-02-21T14:20",21,2,2007,5208832,5208832,"HUMAN_OBSERVATION","TPWD","San Antonio Bay Bag Seine","",NA,"",NA,"CC0_1_0","","",NA,NA,2025-02-06 21:26:38.753,"","CONTINENT_DERIVED_FROM_COORDINATES"
3405843495,"95b694cd-e9db-4831-b6a9-0a6d433d92c1","Station_96_Date_19NOV2007:13:59:00.000_Gobiosoma_bosc","Animalia","Chordata",NA,"Perciformes","Gobiidae","Gobiosoma","Gobiosoma bosc",NA,"SPECIES","Gobiosoma bosc (Lacepède, 1800)","Gobiosoma bosc","(Lacepède, 1800)","US","Guadalupe Estuary","Texas","PRESENT",NA,"c3ad790a-d426-4ac1-8e32-da61f81f0117",28.314444,-96.668056,100,NA,NA,NA,0.25,0.15,"2007-11-19T13:59",19,11,2007,5208832,5208832,"HUMAN_OBSERVATION","TPWD","San Antonio Bay Bag Seine","",NA,"",NA,"CC0_1_0","","",NA,NA,2025-02-06 21:26:38.687,"","CONTINENT_DERIVED_FROM_COORDINATES"
3405842206,"95b694cd-e9db-4831-b6a9-0a6d433d92c1","Station_239_Date_16APR2008:10:16:00.000_Gobiosoma_bosc","Animalia","Chordata",NA,"Perciformes","Gobiidae","Gobiosoma","Gobiosoma bosc",NA,"SPECIES","Gobiosoma bosc (Lacepède, 1800)","Gobiosoma bosc","(Lacepède, 1800)","US","Guadalupe Estuary","Texas","PRESENT",NA,"c3ad790a-d426-4ac1-8e32-da61f81f0117",28.379167,-96.433056,100,NA,NA,NA,0.35,0.15,"2008-04-16T10:16",16,4,2008,5208832,5208832,"HUMAN_OBSERVATION","TPWD","San Antonio Bay Bag Seine","",NA,"",NA,"CC0_1_0","","",NA,NA,2025-02-06 21:26:39.094,"","CONTINENT_DERIVED_FROM_COORDINATES"
3405842123,"95b694cd-e9db-4831-b6a9-0a6d433d92c1","Station_230_Date_24APR2006:13:57:00.000_Gobiosoma_bosc","Animalia","Chordata",NA,"Perciformes","Gobiidae","Gobiosoma","Gobiosoma bosc",NA,"SPECIES","Gobiosoma bosc (Lacepède, 1800)","Gobiosoma bosc","(Lacepède, 1800)","US","Guadalupe Estuary","Texas","PRESENT",NA,"c3ad790a-d426-4ac1-8e32-da61f81f0117",28.368611,-96.572222,100,NA,NA,NA,0.25,0.25,"2006-04-24T13:57",24,4,2006,5208832,5208832,"HUMAN_OBSERVATION","TPWD","San Antonio Bay Bag Seine","",NA,"",NA,"CC0_1_0","","",NA,NA,2025-02-06 21:26:39.077,"","CONTINENT_DERIVED_FROM_COORDINATES"
3405842112,"95b694cd-e9db-4831-b6a9-0a6d433d92c1","Station_228_Date_25FEB2008:10:36:00.000_Gobiosoma_bosc","Animalia","Chordata",NA,"Perciformes","Gobiidae","Gobiosoma","Gobiosoma bosc",NA,"SPECIES","Gobiosoma bosc (Lacepède, 1800)","Gobiosoma bosc","(Lacepède, 1800)","US","Guadalupe Estuary","Texas","PRESENT",NA,"c3ad790a-d426-4ac1-8e32-da61f81f0117",28.398611,-96.432778,100,NA,NA,NA,0.55,0.25,"2008-02-25T10:36",25,2,2008,5208832,5208832,"HUMAN_OBSERVATION","TPWD","San Antonio Bay Bag Seine","",NA,"",NA,"CC0_1_0","","",NA,NA,2025-02-06 21:26:39.075,"","CONTINENT_DERIVED_FROM_COORDINATES"
3405841817,"95b694cd-e9db-4831-b6a9-0a6d433d92c1","Station_187_Date_05MAY2005:12:08:00.000_Gobiosoma_bosc","Animalia","Chordata",NA,"Perciformes","Gobiidae","Gobiosoma","Gobiosoma bosc",NA,"SPECIES","Gobiosoma bosc (Lacepède, 1800)","Gobiosoma bosc","(Lacepède, 1800)","US","Guadalupe Estuary","Texas","PRESENT",NA,"c3ad790a-d426-4ac1-8e32-da61f81f0117",28.199722,-96.826944,100,NA,NA,NA,0.55,0.45,"2005-05-05T12:08",5,5,2005,5208832,5208832,"HUMAN_OBSERVATION","TPWD","San Antonio Bay Bag Seine","",NA,"",NA,"CC0_1_0","","",NA,NA,2025-02-06 21:26:38.975,"","CONTINENT_DERIVED_FROM_COORDINATES"
3405841230,"95b694cd-e9db-4831-b6a9-0a6d433d92c1","Station_268_Date_19MAR2007:12:48:00.000_Gobiosoma_bosc","Animalia","Chordata",NA,"Perciformes","Gobiidae","Gobiosoma","Gobiosoma bosc",NA,"SPECIES","Gobiosoma bosc (Lacepède, 1800)","Gobiosoma bosc","(Lacepède, 1800)","US","Guadalupe Estuary","Texas","PRESENT",NA,"c3ad790a-d426-4ac1-8e32-da61f81f0117",28.345833,-96.4375,100,NA,NA,NA,0.35,0.15,"2007-03-19T12:48",19,3,2007,5208832,5208832,"HUMAN_OBSERVATION","TPWD","San Antonio Bay Bag Seine","",NA,"",NA,"CC0_1_0","","",NA,NA,2025-02-06 21:26:39.073,"","CONTINENT_DERIVED_FROM_COORDINATES"
3405841168,"95b694cd-e9db-4831-b6a9-0a6d433d92c1","Station_253_Date_17APR2006:13:18:00.000_Gobiosoma_bosc","Animalia","Chordata",NA,"Perciformes","Gobiidae","Gobiosoma","Gobiosoma bosc",NA,"SPECIES","Gobiosoma bosc (Lacepède, 1800)","Gobiosoma bosc","(Lacepède, 1800)","US","Guadalupe Estuary","Texas","PRESENT",NA,"c3ad790a-d426-4ac1-8e32-da61f81f0117",28.363889,-96.451389,100,NA,NA,NA,0.15,0.15,"2006-04-17T13:18",17,4,2006,5208832,5208832,"HUMAN_OBSERVATION","TPWD","San Antonio Bay Bag Seine","",NA,"",NA,"CC0_1_0","","",NA,NA,2025-02-06 21:26:39.039,"","CONTINENT_DERIVED_FROM_COORDINATES"
3405840559,"95b694cd-e9db-4831-b6a9-0a6d433d92c1","Station_129_Date_23AUG2006:11:08:00.000_Gobiosoma_bosc","Animalia","Chordata",NA,"Perciformes","Gobiidae","Gobiosoma","Gobiosoma bosc",NA,"SPECIES","Gobiosoma bosc (Lacepède, 1800)","Gobiosoma bosc","(Lacepède, 1800)","US","Guadalupe Estuary","Texas","PRESENT",NA,"c3ad790a-d426-4ac1-8e32-da61f81f0117",28.274444,-96.619167,100,NA,NA,NA,0.3,0.1,"2006-08-23T11:08",23,8,2006,5208832,5208832,"HUMAN_OBSERVATION","TPWD","San Antonio Bay Bag Seine","",NA,"",NA,"CC0_1_0","","",NA,NA,2025-02-06 21:26:38.811,"","CONTINENT_DERIVED_FROM_COORDINATES"
3405839218,"95b694cd-e9db-4831-b6a9-0a6d433d92c1","Station_275_Date_16APR2007:13:26:00.000_Gobiosoma_bosc","Animalia","Chordata",NA,"Perciformes","Gobiidae","Gobiosoma","Gobiosoma bosc",NA,"SPECIES","Gobiosoma bosc (Lacepède, 1800)","Gobiosoma bosc","(Lacepède, 1800)","US","Guadalupe Estuary","Texas","PRESENT",NA,"c3ad790a-d426-4ac1-8e32-da61f81f0117",28.317222,-96.540278,100,NA,NA,NA,0.3,0.1,"2007-04-16T13:26",16,4,2007,5208832,5208832,"HUMAN_OBSERVATION","TPWD","San Antonio Bay Bag Seine","",NA,"",NA,"CC0_1_0","","",NA,NA,2025-02-06 21:26:39.147,"","CONTINENT_DERIVED_FROM_COORDINATES"
3405838290,"95b694cd-e9db-4831-b6a9-0a6d433d92c1","Station_258_Date_28OCT2008:09:57:00.000_Gobiosoma_bosc","Animalia","Chordata",NA,"Perciformes","Gobiidae","Gobiosoma","Gobiosoma bosc",NA,"SPECIES","Gobiosoma bosc (Lacepède, 1800)","Gobiosoma bosc","(Lacepède, 1800)","US","Guadalupe Estuary","Texas","PRESENT",NA,"c3ad790a-d426-4ac1-8e32-da61f81f0117",28.344722,-96.615,100,NA,NA,NA,0.3,0.2,"2008-10-28T09:57",28,10,2008,5208832,5208832,"HUMAN_OBSERVATION","TPWD","San Antonio Bay Bag Seine","",NA,"",NA,"CC0_1_0","","",NA,NA,2025-02-06 21:26:38.887,"","CONTINENT_DERIVED_FROM_COORDINATES"
3405838116,"95b694cd-e9db-4831-b6a9-0a6d433d92c1","Station_232_Date_18APR2005:14:34:00.000_Gobiosoma_bosc","Animalia","Chordata",NA,"Perciformes","Gobiidae","Gobiosoma","Gobiosoma bosc",NA,"SPECIES","Gobiosoma bosc (Lacepède, 1800)","Gobiosoma bosc","(Lacepède, 1800)","US","Guadalupe Estuary","Texas","PRESENT",NA,"c3ad790a-d426-4ac1-8e32-da61f81f0117",28.380556,-96.543056,100,NA,NA,NA,0.35,0.25,"2005-04-18T14:34",18,4,2005,5208832,5208832,"HUMAN_OBSERVATION","TPWD","San Antonio Bay Bag Seine","",NA,"",NA,"CC0_1_0","","",NA,NA,2025-02-06 21:26:38.842,"","CONTINENT_DERIVED_FROM_COORDINATES"
3405837811,"95b694cd-e9db-4831-b6a9-0a6d433d92c1","Station_187_Date_01DEC2008:12:06:00.000_Gobiosoma_bosc","Animalia","Chordata",NA,"Perciformes","Gobiidae","Gobiosoma","Gobiosoma bosc",NA,"SPECIES","Gobiosoma bosc (Lacepède, 1800)","Gobiosoma bosc","(Lacepède, 1800)","US","Guadalupe Estuary","Texas","PRESENT",NA,"c3ad790a-d426-4ac1-8e32-da61f81f0117",28.198056,-96.825556,100,NA,NA,NA,0.15,0.05,"2008-12-01T12:06",1,12,2008,5208832,5208832,"HUMAN_OBSERVATION","TPWD","San Antonio Bay Bag Seine","",NA,"",NA,"CC0_1_0","","",NA,NA,2025-02-06 21:26:38.784,"","CONTINENT_DERIVED_FROM_COORDINATES"
3405837142,"95b694cd-e9db-4831-b6a9-0a6d433d92c1","Station_35_Date_07FEB2005:15:07:00.000_Gobiosoma_bosc","Animalia","Chordata",NA,"Perciformes","Gobiidae","Gobiosoma","Gobiosoma bosc",NA,"SPECIES","Gobiosoma bosc (Lacepède, 1800)","Gobiosoma bosc","(Lacepède, 1800)","US","Guadalupe Estuary","Texas","PRESENT",NA,"c3ad790a-d426-4ac1-8e32-da61f81f0117",28.409722,-96.766389,100,NA,NA,NA,NA,NA,"2005-02-07T15:07",7,2,2005,5208832,5208832,"HUMAN_OBSERVATION","TPWD","San Antonio Bay Bag Seine","",NA,"",NA,"CC0_1_0","","",NA,NA,2025-02-06 21:26:38.59,"","CONTINENT_DERIVED_FROM_COORDINATES"
3405836219,"95b694cd-e9db-4831-b6a9-0a6d433d92c1","Station_257_Date_08JAN2007:10:06:00.000_Gobiosoma_bosc","Animalia","Chordata",NA,"Perciformes","Gobiidae","Gobiosoma","Gobiosoma bosc",NA,"SPECIES","Gobiosoma bosc (Lacepède, 1800)","Gobiosoma bosc","(Lacepède, 1800)","US","Guadalupe Estuary","Texas","PRESENT",NA,"c3ad790a-d426-4ac1-8e32-da61f81f0117",28.339722,-96.624444,100,NA,NA,NA,0.25,0.15,"2007-01-08T10:06",8,1,2007,5208832,5208832,"HUMAN_OBSERVATION","TPWD","San Antonio Bay Bag Seine","",NA,"",NA,"CC0_1_0","","",NA,NA,2025-02-06 21:26:38.975,"","CONTINENT_DERIVED_FROM_COORDINATES"
3405836085,"95b694cd-e9db-4831-b6a9-0a6d433d92c1","Station_233_Date_20MAR2007:09:34:00.000_Gobiosoma_bosc","Animalia","Chordata",NA,"Perciformes","Gobiidae","Gobiosoma","Gobiosoma bosc",NA,"SPECIES","Gobiosoma bosc (Lacepède, 1800)","Gobiosoma bosc","(Lacepède, 1800)","US","Guadalupe Estuary","Texas","PRESENT",NA,"c3ad790a-d426-4ac1-8e32-da61f81f0117",28.378611,-96.523333,100,NA,NA,NA,0.25,0.05,"2007-03-20T09:34",20,3,2007,5208832,5208832,"HUMAN_OBSERVATION","TPWD","San Antonio Bay Bag Seine","",NA,"",NA,"CC0_1_0","","",NA,NA,2025-02-06 21:26:38.918,"","CONTINENT_DERIVED_FROM_COORDINATES"
3405835367,"95b694cd-e9db-4831-b6a9-0a6d433d92c1","Station_84_Date_23MAY2007:11:01:00.000_Gobiosoma_bosc","Animalia","Chordata",NA,"Perciformes","Gobiidae","Gobiosoma","Gobiosoma bosc",NA,"SPECIES","Gobiosoma bosc (Lacepède, 1800)","Gobiosoma bosc","(Lacepède, 1800)","US","Guadalupe Estuary","Texas","PRESENT",NA,"c3ad790a-d426-4ac1-8e32-da61f81f0117",28.328056,-96.690556,100,NA,NA,NA,0.35,0.15,"2007-05-23T11:01",23,5,2007,5208832,5208832,"HUMAN_OBSERVATION","TPWD","San Antonio Bay Bag Seine","",NA,"",NA,"CC0_1_0","","",NA,NA,2025-02-06 21:26:38.673,"","CONTINENT_DERIVED_FROM_COORDINATES"
3405834197,"95b694cd-e9db-4831-b6a9-0a6d433d92c1","Station_268_Date_17JUN2005:13:48:00.000_Gobiosoma_bosc","Animalia","Chordata",NA,"Perciformes","Gobiidae","Gobiosoma","Gobiosoma bosc",NA,"SPECIES","Gobiosoma bosc (Lacepède, 1800)","Gobiosoma bosc","(Lacepède, 1800)","US","Guadalupe Estuary","Texas","PRESENT",NA,"c3ad790a-d426-4ac1-8e32-da61f81f0117",28.341667,-96.441667,100,NA,NA,NA,0.35,0.05,"2005-06-17T13:48",17,6,2005,5208832,5208832,"HUMAN_OBSERVATION","TPWD","San Antonio Bay Bag Seine","",NA,"",NA,"CC0_1_0","","",NA,NA,2025-02-06 21:26:39.068,"","CONTINENT_DERIVED_FROM_COORDINATES"
3405833521,"95b694cd-e9db-4831-b6a9-0a6d433d92c1","Station_131_Date_21MAR2007:14:40:00.000_Gobiosoma_bosc","Animalia","Chordata",NA,"Perciformes","Gobiidae","Gobiosoma","Gobiosoma bosc",NA,"SPECIES","Gobiosoma bosc (Lacepède, 1800)","Gobiosoma bosc","(Lacepède, 1800)","US","Guadalupe Estuary","Texas","PRESENT",NA,"c3ad790a-d426-4ac1-8e32-da61f81f0117",28.276389,-96.599722,100,NA,NA,NA,0.45,0.15,"2007-03-21T14:40",21,3,2007,5208832,5208832,"HUMAN_OBSERVATION","TPWD","San Antonio Bay Bag Seine","",NA,"",NA,"CC0_1_0","","",NA,NA,2025-02-06 21:26:38.906,"","CONTINENT_DERIVED_FROM_COORDINATES"
3405833488,"95b694cd-e9db-4831-b6a9-0a6d433d92c1","Station_129_Date_20OCT2005:12:57:00.000_Gobiosoma_bosc","Animalia","Chordata",NA,"Perciformes","Gobiidae","Gobiosoma","Gobiosoma bosc",NA,"SPECIES","Gobiosoma bosc (Lacepède, 1800)","Gobiosoma bosc","(Lacepède, 1800)","US","Guadalupe Estuary","Texas","PRESENT",NA,"c3ad790a-d426-4ac1-8e32-da61f81f0117",28.272222,-96.620833,100,NA,NA,NA,0.55,0.05,"2005-10-20T12:57",20,10,2005,5208832,5208832,"HUMAN_OBSERVATION","TPWD","San Antonio Bay Bag Seine","",NA,"",NA,"CC0_1_0","","",NA,NA,2025-02-06 21:26:38.899,"","CONTINENT_DERIVED_FROM_COORDINATES"
3405829578,"95b694cd-e9db-4831-b6a9-0a6d433d92c1","Station_132_Date_10APR2006:17:10:00.000_Gobiosoma_bosc","Animalia","Chordata",NA,"Perciformes","Gobiidae","Gobiosoma","Gobiosoma bosc",NA,"SPECIES","Gobiosoma bosc (Lacepède, 1800)","Gobiosoma bosc","(Lacepède, 1800)","US","Guadalupe Estuary","Texas","PRESENT",NA,"c3ad790a-d426-4ac1-8e32-da61f81f0117",28.118056,-96.818333,100,NA,NA,NA,0.25,0.15,"2006-04-10T17:10",10,4,2006,5208832,5208832,"HUMAN_OBSERVATION","TPWD","San Antonio Bay Bag Seine","",NA,"",NA,"CC0_1_0","","",NA,NA,2025-02-06 21:26:38.82,"","CONTINENT_DERIVED_FROM_COORDINATES"
3405825260,"95b694cd-e9db-4831-b6a9-0a6d433d92c1","Station_57_Date_06SEP2005:09:31:00.000_Gobiosoma_bosc","Animalia","Chordata",NA,"Perciformes","Gobiidae","Gobiosoma","Gobiosoma bosc",NA,"SPECIES","Gobiosoma bosc (Lacepède, 1800)","Gobiosoma bosc","(Lacepède, 1800)","US","Guadalupe Estuary","Texas","PRESENT",NA,"c3ad790a-d426-4ac1-8e32-da61f81f0117",28.367778,-96.699722,100,NA,NA,NA,0.55,0.05,"2005-09-06T09:31",6,9,2005,5208832,5208832,"HUMAN_OBSERVATION","TPWD","San Antonio Bay Bag Seine","",NA,"",NA,"CC0_1_0","","",NA,NA,2025-02-06 21:26:38.611,"","CONTINENT_DERIVED_FROM_COORDINATES"
3405823249,"95b694cd-e9db-4831-b6a9-0a6d433d92c1","Station_64_Date_23MAY2007:11:46:00.000_Gobiosoma_bosc","Animalia","Chordata",NA,"Perciformes","Gobiidae","Gobiosoma","Gobiosoma bosc",NA,"SPECIES","Gobiosoma bosc (Lacepède, 1800)","Gobiosoma bosc","(Lacepède, 1800)","US","Guadalupe Estuary","Texas","PRESENT",NA,"c3ad790a-d426-4ac1-8e32-da61f81f0117",28.365278,-96.701389,100,NA,NA,NA,0.3,0.1,"2007-05-23T11:46",23,5,2007,5208832,5208832,"HUMAN_OBSERVATION","TPWD","San Antonio Bay Bag Seine","",NA,"",NA,"CC0_1_0","","",NA,NA,2025-02-06 21:26:38.836,"","CONTINENT_DERIVED_FROM_COORDINATES"
3405820287,"95b694cd-e9db-4831-b6a9-0a6d433d92c1","Station_56_Date_01AUG2005:10:18:00.000_Gobiosoma_bosc","Animalia","Chordata",NA,"Perciformes","Gobiidae","Gobiosoma","Gobiosoma bosc",NA,"SPECIES","Gobiosoma bosc (Lacepède, 1800)","Gobiosoma bosc","(Lacepède, 1800)","US","Guadalupe Estuary","Texas","PRESENT",NA,"c3ad790a-d426-4ac1-8e32-da61f81f0117",28.367222,-96.716667,100,NA,NA,NA,0.3,0.3,"2005-08-01T10:18",1,8,2005,5208832,5208832,"HUMAN_OBSERVATION","TPWD","San Antonio Bay Bag Seine","",NA,"",NA,"CC0_1_0","","",NA,NA,2025-02-06 21:26:38.716,"","CONTINENT_DERIVED_FROM_COORDINATES"
3405820170,"95b694cd-e9db-4831-b6a9-0a6d433d92c1","Station_35_Date_20DEC2005:09:37:00.000_Gobiosoma_bosc","Animalia","Chordata",NA,"Perciformes","Gobiidae","Gobiosoma","Gobiosoma bosc",NA,"SPECIES","Gobiosoma bosc (Lacepède, 1800)","Gobiosoma bosc","(Lacepède, 1800)","US","Guadalupe Estuary","Texas","PRESENT",NA,"c3ad790a-d426-4ac1-8e32-da61f81f0117",28.411389,-96.766111,100,NA,NA,NA,0.4,0.1,"2005-12-20T09:37",20,12,2005,5208832,5208832,"HUMAN_OBSERVATION","TPWD","San Antonio Bay Bag Seine","",NA,"",NA,"CC0_1_0","","",NA,NA,2025-02-06 21:26:38.683,"","CONTINENT_DERIVED_FROM_COORDINATES"
3405683306,"95b694cd-e9db-4831-b6a9-0a6d433d92c1","Station_278_Date_17APR2006:14:00:00.000_Gobiosoma_bosc","Animalia","Chordata",NA,"Perciformes","Gobiidae","Gobiosoma","Gobiosoma bosc",NA,"SPECIES","Gobiosoma bosc (Lacepède, 1800)","Gobiosoma bosc","(Lacepède, 1800)","US","Guadalupe Estuary","Texas","PRESENT",NA,"c3ad790a-d426-4ac1-8e32-da61f81f0117",28.328333,-96.490278,100,NA,NA,NA,0.25,0.05,"2006-04-17T14:00",17,4,2006,5208832,5208832,"HUMAN_OBSERVATION","TPWD","San Antonio Bay Bag Seine","",NA,"",NA,"CC0_1_0","","",NA,NA,2025-02-06 21:26:38.901,"","CONTINENT_DERIVED_FROM_COORDINATES"
3405682323,"95b694cd-e9db-4831-b6a9-0a6d433d92c1","Station_279_Date_23JUL2007:15:13:00.000_Gobiosoma_bosc","Animalia","Chordata",NA,"Perciformes","Gobiidae","Gobiosoma","Gobiosoma bosc",NA,"SPECIES","Gobiosoma bosc (Lacepède, 1800)","Gobiosoma bosc","(Lacepède, 1800)","US","Guadalupe Estuary","Texas","PRESENT",NA,"c3ad790a-d426-4ac1-8e32-da61f81f0117",28.331944,-96.47,100,NA,NA,NA,0.5,0.1,"2007-07-23T15:13",23,7,2007,5208832,5208832,"HUMAN_OBSERVATION","TPWD","San Antonio Bay Bag Seine","",NA,"",NA,"CC0_1_0","","",NA,NA,2025-02-06 21:26:39.096,"","CONTINENT_DERIVED_FROM_COORDINATES"
3405681379,"95b694cd-e9db-4831-b6a9-0a6d433d92c1","Station_282_Date_04SEP2007:10:41:00.000_Gobiosoma_bosc","Animalia","Chordata",NA,"Perciformes","Gobiidae","Gobiosoma","Gobiosoma bosc",NA,"SPECIES","Gobiosoma bosc (Lacepède, 1800)","Gobiosoma bosc","(Lacepède, 1800)","US","Guadalupe Estuary","Texas","PRESENT",NA,"c3ad790a-d426-4ac1-8e32-da61f81f0117",28.3,-96.586111,100,NA,NA,NA,0.5,0,"2007-09-04T10:41",4,9,2007,5208832,5208832,"HUMAN_OBSERVATION","TPWD","San Antonio Bay Bag Seine","",NA,"",NA,"CC0_1_0","","",NA,NA,2025-02-06 21:26:39.015,"","CONTINENT_DERIVED_FROM_COORDINATES"
3405680458,"95b694cd-e9db-4831-b6a9-0a6d433d92c1","Station_287_Date_17NOV2008:14:51:00.000_Gobiosoma_bosc","Animalia","Chordata",NA,"Perciformes","Gobiidae","Gobiosoma","Gobiosoma bosc",NA,"SPECIES","Gobiosoma bosc (Lacepède, 1800)","Gobiosoma bosc","(Lacepède, 1800)","US","Guadalupe Estuary","Texas","PRESENT",NA,"c3ad790a-d426-4ac1-8e32-da61f81f0117",28.305556,-96.5125,100,NA,NA,NA,0.4,0.1,"2008-11-17T14:51",17,11,2008,5208832,5208832,"HUMAN_OBSERVATION","TPWD","San Antonio Bay Bag Seine","",NA,"",NA,"CC0_1_0","","",NA,NA,2025-02-06 21:26:39.09,"","CONTINENT_DERIVED_FROM_COORDINATES"
3405680439,"95b694cd-e9db-4831-b6a9-0a6d433d92c1","Station_285_Date_17APR2006:14:42:00.000_Gobiosoma_bosc","Animalia","Chordata",NA,"Perciformes","Gobiidae","Gobiosoma","Gobiosoma bosc",NA,"SPECIES","Gobiosoma bosc (Lacepède, 1800)","Gobiosoma bosc","(Lacepède, 1800)","US","Guadalupe Estuary","Texas","PRESENT",NA,"c3ad790a-d426-4ac1-8e32-da61f81f0117",28.313889,-96.544444,100,NA,NA,NA,0.2,0.2,"2006-04-17T14:42",17,4,2006,5208832,5208832,"HUMAN_OBSERVATION","TPWD","San Antonio Bay Bag Seine","",NA,"",NA,"CC0_1_0","","",NA,NA,2025-02-06 21:26:39.088,"","CONTINENT_DERIVED_FROM_COORDINATES"
3405680375,"95b694cd-e9db-4831-b6a9-0a6d433d92c1","Station_278_Date_29NOV2005:12:26:00.000_Gobiosoma_bosc","Animalia","Chordata",NA,"Perciformes","Gobiidae","Gobiosoma","Gobiosoma bosc",NA,"SPECIES","Gobiosoma bosc (Lacepède, 1800)","Gobiosoma bosc","(Lacepède, 1800)","US","Guadalupe Estuary","Texas","PRESENT",NA,"c3ad790a-d426-4ac1-8e32-da61f81f0117",28.327778,-96.486111,100,NA,NA,NA,0.15,0.05,"2005-11-29T12:26",29,11,2005,5208832,5208832,"HUMAN_OBSERVATION","TPWD","San Antonio Bay Bag Seine","",NA,"",NA,"CC0_1_0","","",NA,NA,2025-02-06 21:26:39.079,"","CONTINENT_DERIVED_FROM_COORDINATES"
3405679381,"95b694cd-e9db-4831-b6a9-0a6d433d92c1","Station_277_Date_20DEC2006:12:06:00.000_Gobiosoma_bosc","Animalia","Chordata",NA,"Perciformes","Gobiidae","Gobiosoma","Gobiosoma bosc",NA,"SPECIES","Gobiosoma bosc (Lacepède, 1800)","Gobiosoma bosc","(Lacepède, 1800)","US","Guadalupe Estuary","Texas","PRESENT",NA,"c3ad790a-d426-4ac1-8e32-da61f81f0117",28.325,-96.509722,100,NA,NA,NA,0.35,0.05,"2006-12-20T12:06",20,12,2006,5208832,5208832,"HUMAN_OBSERVATION","TPWD","San Antonio Bay Bag Seine","",NA,"",NA,"CC0_1_0","","",NA,NA,2025-02-06 21:26:39.152,"","CONTINENT_DERIVED_FROM_COORDINATES"
3405673984,"95b694cd-e9db-4831-b6a9-0a6d433d92c1","Station_221_Date_24APR2006:14:42:00.000_Gobiosoma_bosc","Animalia","Chordata",NA,"Perciformes","Gobiidae","Gobiosoma","Gobiosoma bosc",NA,"SPECIES","Gobiosoma bosc (Lacepède, 1800)","Gobiosoma bosc","(Lacepède, 1800)","US","Guadalupe Estuary","Texas","PRESENT",NA,"c3ad790a-d426-4ac1-8e32-da61f81f0117",28.385833,-96.535556,100,NA,NA,NA,0.25,0.25,"2006-04-24T14:42",24,4,2006,5208832,5208832,"HUMAN_OBSERVATION","TPWD","San Antonio Bay Bag Seine","",NA,"",NA,"CC0_1_0","","",NA,NA,2025-02-06 21:26:38.827,"","CONTINENT_DERIVED_FROM_COORDINATES"
3405673962,"95b694cd-e9db-4831-b6a9-0a6d433d92c1","Station_217_Date_20NOV2006:11:33:00.000_Gobiosoma_bosc","Animalia","Chordata",NA,"Perciformes","Gobiidae","Gobiosoma","Gobiosoma bosc",NA,"SPECIES","Gobiosoma bosc (Lacepède, 1800)","Gobiosoma bosc","(Lacepède, 1800)","US","Guadalupe Estuary","Texas","PRESENT",NA,"c3ad790a-d426-4ac1-8e32-da61f81f0117",28.413889,-96.466389,100,NA,NA,NA,0.1,0.1,"2006-11-20T11:33",20,11,2006,5208832,5208832,"HUMAN_OBSERVATION","TPWD","San Antonio Bay Bag Seine","",NA,"",NA,"CC0_1_0","","",NA,NA,2025-02-06 21:26:38.823,"","CONTINENT_DERIVED_FROM_COORDINATES"
3405673602,"95b694cd-e9db-4831-b6a9-0a6d433d92c1","Station_157_Date_01AUG2007:12:08:00.000_Gobiosoma_bosc","Animalia","Chordata",NA,"Perciformes","Gobiidae","Gobiosoma","Gobiosoma bosc",NA,"SPECIES","Gobiosoma bosc (Lacepède, 1800)","Gobiosoma bosc","(Lacepède, 1800)","US","Guadalupe Estuary","Texas","PRESENT",NA,"c3ad790a-d426-4ac1-8e32-da61f81f0117",28.111667,-96.838333,100,NA,NA,NA,0.25,0.15,"2007-08-01T12:08",1,8,2007,5208832,5208832,"HUMAN_OBSERVATION","TPWD","San Antonio Bay Bag Seine","",NA,"",NA,"CC0_1_0","","",NA,NA,2025-02-06 21:26:38.75,"","CONTINENT_DERIVED_FROM_COORDINATES"
3405673079,"95b694cd-e9db-4831-b6a9-0a6d433d92c1","Station_233_Date_25APR2007:16:30:00.000_Gobiosoma_bosc","Animalia","Chordata",NA,"Perciformes","Gobiidae","Gobiosoma","Gobiosoma bosc",NA,"SPECIES","Gobiosoma bosc (Lacepède, 1800)","Gobiosoma bosc","(Lacepède, 1800)","US","Guadalupe Estuary","Texas","PRESENT",NA,"c3ad790a-d426-4ac1-8e32-da61f81f0117",28.378333,-96.524722,100,NA,NA,NA,0.5,0.1,"2007-04-25T16:30",25,4,2007,5208832,5208832,"HUMAN_OBSERVATION","TPWD","San Antonio Bay Bag Seine","",NA,"",NA,"CC0_1_0","","",NA,NA,2025-02-06 21:26:39.009,"","CONTINENT_DERIVED_FROM_COORDINATES"
3405672538,"95b694cd-e9db-4831-b6a9-0a6d433d92c1","Station_143_Date_20OCT2005:11:42:00.000_Gobiosoma_bosc","Animalia","Chordata",NA,"Perciformes","Gobiidae","Gobiosoma","Gobiosoma bosc",NA,"SPECIES","Gobiosoma bosc (Lacepède, 1800)","Gobiosoma bosc","(Lacepède, 1800)","US","Guadalupe Estuary","Texas","PRESENT",NA,"c3ad790a-d426-4ac1-8e32-da61f81f0117",28.251389,-96.651389,100,NA,NA,NA,0.4,0.2,"2005-10-20T11:42",20,10,2005,5208832,5208832,"HUMAN_OBSERVATION","TPWD","San Antonio Bay Bag Seine","",NA,"",NA,"CC0_1_0","","",NA,NA,2025-02-06 21:26:38.829,"","CONTINENT_DERIVED_FROM_COORDINATES"
3405672294,"95b694cd-e9db-4831-b6a9-0a6d433d92c1","Station_259_Date_17MAR2006:09:44:00.000_Gobiosoma_bosc","Animalia","Chordata",NA,"Perciformes","Gobiidae","Gobiosoma","Gobiosoma bosc",NA,"SPECIES","Gobiosoma bosc (Lacepède, 1800)","Gobiosoma bosc","(Lacepède, 1800)","US","Guadalupe Estuary","Texas","PRESENT",NA,"c3ad790a-d426-4ac1-8e32-da61f81f0117",28.344444,-96.591667,100,NA,NA,NA,0.35,0.05,"2006-03-17T09:44",17,3,2006,5208832,5208832,"HUMAN_OBSERVATION","TPWD","San Antonio Bay Bag Seine","",NA,"",NA,"CC0_1_0","","",NA,NA,2025-02-06 21:26:39.064,"","CONTINENT_DERIVED_FROM_COORDINATES"
3405671451,"95b694cd-e9db-4831-b6a9-0a6d433d92c1","Station_86_Date_20FEB2007:13:53:00.000_Gobiosoma_bosc","Animalia","Chordata",NA,"Perciformes","Gobiidae","Gobiosoma","Gobiosoma bosc",NA,"SPECIES","Gobiosoma bosc (Lacepède, 1800)","Gobiosoma bosc","(Lacepède, 1800)","US","Guadalupe Estuary","Texas","PRESENT",NA,"c3ad790a-d426-4ac1-8e32-da61f81f0117",28.317222,-96.653333,100,NA,NA,NA,0.3,0.1,"2007-02-20T13:53",20,2,2007,5208832,5208832,"HUMAN_OBSERVATION","TPWD","San Antonio Bay Bag Seine","",NA,"",NA,"CC0_1_0","","",NA,NA,2025-02-06 21:26:38.861,"","CONTINENT_DERIVED_FROM_COORDINATES"
3405670618,"95b694cd-e9db-4831-b6a9-0a6d433d92c1","Station_145_Date_11FEB2005:14:40:00.000_Gobiosoma_bosc","Animalia","Chordata",NA,"Perciformes","Gobiidae","Gobiosoma","Gobiosoma bosc",NA,"SPECIES","Gobiosoma bosc (Lacepède, 1800)","Gobiosoma bosc","(Lacepède, 1800)","US","Guadalupe Estuary","Texas","PRESENT",NA,"c3ad790a-d426-4ac1-8e32-da61f81f0117",28.265278,-96.622222,100,NA,NA,NA,0.7,0,"2005-02-11T14:40",11,2,2005,5208832,5208832,"HUMAN_OBSERVATION","TPWD","San Antonio Bay Bag Seine","",NA,"",NA,"CC0_1_0","","",NA,NA,2025-02-06 21:26:38.739,"","CONTINENT_DERIVED_FROM_COORDINATES"
3405670220,"95b694cd-e9db-4831-b6a9-0a6d433d92c1","Station_244_Date_16FEB2005:15:44:00.000_Gobiosoma_bosc","Animalia","Chordata",NA,"Perciformes","Gobiidae","Gobiosoma","Gobiosoma bosc",NA,"SPECIES","Gobiosoma bosc (Lacepède, 1800)","Gobiosoma bosc","(Lacepède, 1800)","US","Guadalupe Estuary","Texas","PRESENT",NA,"c3ad790a-d426-4ac1-8e32-da61f81f0117",28.35,-96.605556,100,NA,NA,NA,0.15,0.15,"2005-02-16T15:44",16,2,2005,5208832,5208832,"HUMAN_OBSERVATION","TPWD","San Antonio Bay Bag Seine","",NA,"",NA,"CC0_1_0","","",NA,NA,2025-02-06 21:26:39.098,"","CONTINENT_DERIVED_FROM_COORDINATES"
3405670127,"95b694cd-e9db-4831-b6a9-0a6d433d92c1","Station_230_Date_20JUL2006:14:06:00.000_Gobiosoma_bosc","Animalia","Chordata",NA,"Perciformes","Gobiidae","Gobiosoma","Gobiosoma bosc",NA,"SPECIES","Gobiosoma bosc (Lacepède, 1800)","Gobiosoma bosc","(Lacepède, 1800)","US","Guadalupe Estuary","Texas","PRESENT",NA,"c3ad790a-d426-4ac1-8e32-da61f81f0117",28.37,-96.568889,100,NA,NA,NA,0.25,0.15,"2006-07-20T14:06",20,7,2006,5208832,5208832,"HUMAN_OBSERVATION","TPWD","San Antonio Bay Bag Seine","",NA,"",NA,"CC0_1_0","","",NA,NA,2025-02-06 21:26:39.077,"","CONTINENT_DERIVED_FROM_COORDINATES"
3405669818,"95b694cd-e9db-4831-b6a9-0a6d433d92c1","Station_177_Date_06MAR2007:13:30:00.000_Gobiosoma_bosc","Animalia","Chordata",NA,"Perciformes","Gobiidae","Gobiosoma","Gobiosoma bosc",NA,"SPECIES","Gobiosoma bosc (Lacepède, 1800)","Gobiosoma bosc","(Lacepède, 1800)","US","Guadalupe Estuary","Texas","PRESENT",NA,"c3ad790a-d426-4ac1-8e32-da61f81f0117",28.213611,-96.813056,100,NA,NA,NA,0.3,0.1,"2007-03-06T13:30",6,3,2007,5208832,5208832,"HUMAN_OBSERVATION","TPWD","San Antonio Bay Bag Seine","",NA,"",NA,"CC0_1_0","","",NA,NA,2025-02-06 21:26:38.945,"","CONTINENT_DERIVED_FROM_COORDINATES"
3405669624,"95b694cd-e9db-4831-b6a9-0a6d433d92c1","Station_130_Date_04AUG2008:13:24:00.000_Gobiosoma_bosc","Animalia","Chordata",NA,"Perciformes","Gobiidae","Gobiosoma","Gobiosoma bosc",NA,"SPECIES","Gobiosoma bosc (Lacepède, 1800)","Gobiosoma bosc","(Lacepède, 1800)","US","Guadalupe Estuary","Texas","PRESENT",NA,"c3ad790a-d426-4ac1-8e32-da61f81f0117",28.278333,-96.614722,100,NA,NA,NA,0.35,0.25,"2008-08-04T13:24",4,8,2008,5208832,5208832,"HUMAN_OBSERVATION","TPWD","San Antonio Bay Bag Seine","",NA,"",NA,"CC0_1_0","","",NA,NA,2025-02-06 21:26:38.888,"","CONTINENT_DERIVED_FROM_COORDINATES"
3405669073,"95b694cd-e9db-4831-b6a9-0a6d433d92c1","Station_222_Date_20MAR2007:11:50:00.000_Gobiosoma_bosc","Animalia","Chordata",NA,"Perciformes","Gobiidae","Gobiosoma","Gobiosoma bosc",NA,"SPECIES","Gobiosoma bosc (Lacepède, 1800)","Gobiosoma bosc","(Lacepède, 1800)","US","Guadalupe Estuary","Texas","PRESENT",NA,"c3ad790a-d426-4ac1-8e32-da61f81f0117",28.388889,-96.525278,100,NA,NA,NA,0.35,0.25,"2007-03-20T11:50",20,3,2007,5208832,5208832,"HUMAN_OBSERVATION","TPWD","San Antonio Bay Bag Seine","",NA,"",NA,"CC0_1_0","","",NA,NA,2025-02-06 21:26:38.829,"","CONTINENT_DERIVED_FROM_COORDINATES"
3405667677,"95b694cd-e9db-4831-b6a9-0a6d433d92c1","Station_151_Date_06NOV2006:13:08:00.000_Gobiosoma_bosc","Animalia","Chordata",NA,"Perciformes","Gobiidae","Gobiosoma","Gobiosoma bosc",NA,"SPECIES","Gobiosoma bosc (Lacepède, 1800)","Gobiosoma bosc","(Lacepède, 1800)","US","Guadalupe Estuary","Texas","PRESENT",NA,"c3ad790a-d426-4ac1-8e32-da61f81f0117",28.248611,-96.7875,100,NA,NA,NA,0.4,0.1,"2006-11-06T13:08",6,11,2006,5208832,5208832,"HUMAN_OBSERVATION","TPWD","San Antonio Bay Bag Seine","",NA,"",NA,"CC0_1_0","","",NA,NA,2025-02-06 21:26:38.916,"","CONTINENT_DERIVED_FROM_COORDINATES"
3405667161,"95b694cd-e9db-4831-b6a9-0a6d433d92c1","Station_224_Date_16JAN2008:12:09:00.000_Gobiosoma_bosc","Animalia","Chordata",NA,"Perciformes","Gobiidae","Gobiosoma","Gobiosoma bosc",NA,"SPECIES","Gobiosoma bosc (Lacepède, 1800)","Gobiosoma bosc","(Lacepède, 1800)","US","Guadalupe Estuary","Texas","PRESENT",NA,"c3ad790a-d426-4ac1-8e32-da61f81f0117",28.392778,-96.496389,100,NA,NA,NA,0.35,0.15,"2008-01-16T12:09",16,1,2008,5208832,5208832,"HUMAN_OBSERVATION","TPWD","San Antonio Bay Bag Seine","",NA,"",NA,"CC0_1_0","","",NA,NA,2025-02-06 21:26:39.06,"","CONTINENT_DERIVED_FROM_COORDINATES"
3405666823,"95b694cd-e9db-4831-b6a9-0a6d433d92c1","Station_171_Date_02APR2007:09:46:00.000_Gobiosoma_bosc","Animalia","Chordata",NA,"Perciformes","Gobiidae","Gobiosoma","Gobiosoma bosc",NA,"SPECIES","Gobiosoma bosc (Lacepède, 1800)","Gobiosoma bosc","(Lacepède, 1800)","US","Guadalupe Estuary","Texas","PRESENT",NA,"c3ad790a-d426-4ac1-8e32-da61f81f0117",28.218056,-96.6875,100,NA,NA,NA,0.35,0.15,"2007-04-02T09:46",2,4,2007,5208832,5208832,"HUMAN_OBSERVATION","TPWD","San Antonio Bay Bag Seine","",NA,"",NA,"CC0_1_0","","",NA,NA,2025-02-06 21:26:38.932,"","CONTINENT_DERIVED_FROM_COORDINATES"
3405666413,"95b694cd-e9db-4831-b6a9-0a6d433d92c1","Station_57_Date_02APR2007:10:06:00.000_Gobiosoma_bosc","Animalia","Chordata",NA,"Perciformes","Gobiidae","Gobiosoma","Gobiosoma bosc",NA,"SPECIES","Gobiosoma bosc (Lacepède, 1800)","Gobiosoma bosc","(Lacepède, 1800)","US","Guadalupe Estuary","Texas","PRESENT",NA,"c3ad790a-d426-4ac1-8e32-da61f81f0117",28.370833,-96.699722,100,NA,NA,NA,0.35,0.15,"2007-04-02T10:06",2,4,2007,5208832,5208832,"HUMAN_OBSERVATION","TPWD","San Antonio Bay Bag Seine","",NA,"",NA,"CC0_1_0","","",NA,NA,2025-02-06 21:26:38.79,"","CONTINENT_DERIVED_FROM_COORDINATES"
3405666187,"95b694cd-e9db-4831-b6a9-0a6d433d92c1","Station_246_Date_16FEB2005:15:01:00.000_Gobiosoma_bosc","Animalia","Chordata",NA,"Perciformes","Gobiidae","Gobiosoma","Gobiosoma bosc",NA,"SPECIES","Gobiosoma bosc (Lacepède, 1800)","Gobiosoma bosc","(Lacepède, 1800)","US","Guadalupe Estuary","Texas","PRESENT",NA,"c3ad790a-d426-4ac1-8e32-da61f81f0117",28.359167,-96.571389,100,NA,NA,NA,0.35,0.05,"2005-02-16T15:01",16,2,2005,5208832,5208832,"HUMAN_OBSERVATION","TPWD","San Antonio Bay Bag Seine","",NA,"",NA,"CC0_1_0","","",NA,NA,2025-02-06 21:26:38.941,"","CONTINENT_DERIVED_FROM_COORDINATES"
3405665999,"95b694cd-e9db-4831-b6a9-0a6d433d92c1","Station_219_Date_17JUL2008:13:49:00.000_Gobiosoma_bosc","Animalia","Chordata",NA,"Perciformes","Gobiidae","Gobiosoma","Gobiosoma bosc",NA,"SPECIES","Gobiosoma bosc (Lacepède, 1800)","Gobiosoma bosc","(Lacepède, 1800)","US","Guadalupe Estuary","Texas","PRESENT",NA,"c3ad790a-d426-4ac1-8e32-da61f81f0117",28.401389,-96.426389,100,NA,NA,NA,0.4,0.1,"2008-07-17T13:49",17,7,2008,5208832,5208832,"HUMAN_OBSERVATION","TPWD","San Antonio Bay Bag Seine","",NA,"",NA,"CC0_1_0","","",NA,NA,2025-02-06 21:26:38.877,"","CONTINENT_DERIVED_FROM_COORDINATES"
3405665914,"95b694cd-e9db-4831-b6a9-0a6d433d92c1","Station_207_Date_01AUG2007:11:22:00.000_Gobiosoma_bosc","Animalia","Chordata",NA,"Perciformes","Gobiidae","Gobiosoma","Gobiosoma bosc",NA,"SPECIES","Gobiosoma bosc (Lacepède, 1800)","Gobiosoma bosc","(Lacepède, 1800)","US","Guadalupe Estuary","Texas","PRESENT",NA,"c3ad790a-d426-4ac1-8e32-da61f81f0117",28.077222,-96.845,100,NA,NA,NA,0.3,0.2,"2007-08-01T11:22",1,8,2007,5208832,5208832,"HUMAN_OBSERVATION","TPWD","San Antonio Bay Bag Seine","",NA,"",NA,"CC0_1_0","","",NA,NA,2025-02-06 21:26:38.831,"","CONTINENT_DERIVED_FROM_COORDINATES"
3405664962,"95b694cd-e9db-4831-b6a9-0a6d433d92c1","Station_212_Date_25AUG2008:11:01:00.000_Gobiosoma_bosc","Animalia","Chordata",NA,"Perciformes","Gobiidae","Gobiosoma","Gobiosoma bosc",NA,"SPECIES","Gobiosoma bosc (Lacepède, 1800)","Gobiosoma bosc","(Lacepède, 1800)","US","Guadalupe Estuary","Texas","PRESENT",NA,"c3ad790a-d426-4ac1-8e32-da61f81f0117",28.428889,-96.43,100,NA,NA,NA,0.25,0.15,"2008-08-25T11:01",25,8,2008,5208832,5208832,"HUMAN_OBSERVATION","TPWD","San Antonio Bay Bag Seine","",NA,"",NA,"CC0_1_0","","",NA,NA,2025-02-06 21:26:38.945,"","CONTINENT_DERIVED_FROM_COORDINATES"
3405664252,"95b694cd-e9db-4831-b6a9-0a6d433d92c1","Station_56_Date_02APR2007:09:31:00.000_Gobiosoma_bosc","Animalia","Chordata",NA,"Perciformes","Gobiidae","Gobiosoma","Gobiosoma bosc",NA,"SPECIES","Gobiosoma bosc (Lacepède, 1800)","Gobiosoma bosc","(Lacepède, 1800)","US","Guadalupe Estuary","Texas","PRESENT",NA,"c3ad790a-d426-4ac1-8e32-da61f81f0117",28.381944,-96.701389,100,NA,NA,NA,0.3,0.1,"2007-04-02T09:31",2,4,2007,5208832,5208832,"HUMAN_OBSERVATION","TPWD","San Antonio Bay Bag Seine","",NA,"",NA,"CC0_1_0","","",NA,NA,2025-02-06 21:26:38.629,"","CONTINENT_DERIVED_FROM_COORDINATES"
3405663876,"95b694cd-e9db-4831-b6a9-0a6d433d92c1","Station_24_Date_07FEB2005:14:26:00.000_Gobiosoma_bosc","Animalia","Chordata",NA,"Perciformes","Gobiidae","Gobiosoma","Gobiosoma bosc",NA,"SPECIES","Gobiosoma bosc (Lacepède, 1800)","Gobiosoma bosc","(Lacepède, 1800)","US","Guadalupe Estuary","Texas","PRESENT",NA,"c3ad790a-d426-4ac1-8e32-da61f81f0117",28.416667,-96.808333,100,NA,NA,NA,0.55,0.05,"2005-02-07T14:26",7,2,2005,5208832,5208832,"HUMAN_OBSERVATION","TPWD","San Antonio Bay Bag Seine","",NA,"",NA,"CC0_1_0","","",NA,NA,2025-02-06 21:26:38.492,"","CONTINENT_DERIVED_FROM_COORDINATES"
3405659311,"95b694cd-e9db-4831-b6a9-0a6d433d92c1","Station_12_Date_03NOV2008:13:34:00.000_Gobiosoma_bosc","Animalia","Chordata",NA,"Perciformes","Gobiidae","Gobiosoma","Gobiosoma bosc",NA,"SPECIES","Gobiosoma bosc (Lacepède, 1800)","Gobiosoma bosc","(Lacepède, 1800)","US","Guadalupe Estuary","Texas","PRESENT",NA,"c3ad790a-d426-4ac1-8e32-da61f81f0117",28.450556,-96.776389,100,NA,NA,NA,0.9,0.1,"2008-11-03T13:34",3,11,2008,5208832,5208832,"HUMAN_OBSERVATION","TPWD","San Antonio Bay Bag Seine","",NA,"",NA,"CC0_1_0","","",NA,NA,2025-02-06 21:26:38.276,"","CONTINENT_DERIVED_FROM_COORDINATES"
3405658218,"95b694cd-e9db-4831-b6a9-0a6d433d92c1","Station_38_Date_09JAN2006:11:37:00.000_Gobiosoma_bosc","Animalia","Chordata",NA,"Perciformes","Gobiidae","Gobiosoma","Gobiosoma bosc",NA,"SPECIES","Gobiosoma bosc (Lacepède, 1800)","Gobiosoma bosc","(Lacepède, 1800)","US","Guadalupe Estuary","Texas","PRESENT",NA,"c3ad790a-d426-4ac1-8e32-da61f81f0117",28.185833,-96.837778,100,NA,NA,NA,0.15,0.15,"2006-01-09T11:37",9,1,2006,5208832,5208832,"HUMAN_OBSERVATION","TPWD","San Antonio Bay Bag Seine","",NA,"",NA,"CC0_1_0","","",NA,NA,2025-02-06 21:26:38.6,"","CONTINENT_DERIVED_FROM_COORDINATES"
3405658200,"95b694cd-e9db-4831-b6a9-0a6d433d92c1","Station_36_Date_06JUL2005:11:46:00.000_Gobiosoma_bosc","Animalia","Chordata",NA,"Perciformes","Gobiidae","Gobiosoma","Gobiosoma bosc",NA,"SPECIES","Gobiosoma bosc (Lacepède, 1800)","Gobiosoma bosc","(Lacepède, 1800)","US","Guadalupe Estuary","Texas","PRESENT",NA,"c3ad790a-d426-4ac1-8e32-da61f81f0117",28.416389,-96.749444,100,NA,NA,NA,0.25,0.05,"2005-07-06T11:46",6,7,2005,5208832,5208832,"HUMAN_OBSERVATION","TPWD","San Antonio Bay Bag Seine","",NA,"",NA,"CC0_1_0","","",NA,NA,2025-02-06 21:26:38.593,"","CONTINENT_DERIVED_FROM_COORDINATES"
3405656983,"95b694cd-e9db-4831-b6a9-0a6d433d92c1","Station_26_Date_08MAY2006:13:08:00.000_Gobiosoma_bosc","Animalia","Chordata",NA,"Perciformes","Gobiidae","Gobiosoma","Gobiosoma bosc",NA,"SPECIES","Gobiosoma bosc (Lacepède, 1800)","Gobiosoma bosc","(Lacepède, 1800)","US","Guadalupe Estuary","Texas","PRESENT",NA,"c3ad790a-d426-4ac1-8e32-da61f81f0117",28.429167,-96.770833,100,NA,NA,NA,0.85,0.15,"2006-05-08T13:08",8,5,2006,5208832,5208832,"HUMAN_OBSERVATION","TPWD","San Antonio Bay Bag Seine","",NA,"",NA,"CC0_1_0","","",NA,NA,2025-02-06 21:26:38.585,"","CONTINENT_DERIVED_FROM_COORDINATES"
3405558306,"f46c93f2-123d-4dc3-a06e-b2faecfda2ce","Station_33_Date_05APR2006:11:12:00.000_Gobiosoma_bosc","Animalia","Chordata",NA,"Perciformes","Gobiidae","Gobiosoma","Gobiosoma bosc",NA,"SPECIES","Gobiosoma bosc (Lacepède, 1800)","Gobiosoma bosc","(Lacepède, 1800)","US","Sabine-Neches Estuary","Texas","PRESENT",NA,"c3ad790a-d426-4ac1-8e32-da61f81f0117",29.976389,-93.827778,100,NA,NA,NA,0.2,0.2,"2006-04-05T11:12",5,4,2006,5208832,5208832,"HUMAN_OBSERVATION","TPWD","Sabine Lake Bag Seine","",NA,"",NA,"CC0_1_0","","",NA,NA,2025-02-07 00:17:09.419,"","CONTINENT_DERIVED_FROM_COORDINATES"
3405556745,"f46c93f2-123d-4dc3-a06e-b2faecfda2ce","Station_156_Date_18MAR2005:10:49:00.000_Gobiosoma_bosc","Animalia","Chordata",NA,"Perciformes","Gobiidae","Gobiosoma","Gobiosoma bosc",NA,"SPECIES","Gobiosoma bosc (Lacepède, 1800)","Gobiosoma bosc","(Lacepède, 1800)","US","Sabine-Neches Estuary","Texas","PRESENT",NA,"c3ad790a-d426-4ac1-8e32-da61f81f0117",29.795556,-93.901944,100,NA,NA,NA,0.25,0.15,"2005-03-18T10:49",18,3,2005,5208832,5208832,"HUMAN_OBSERVATION","TPWD","Sabine Lake Bag Seine","",NA,"",NA,"CC0_1_0","","",NA,NA,2025-02-07 00:17:09.695,"","CONTINENT_DERIVED_FROM_COORDINATES"
3405554853,"f46c93f2-123d-4dc3-a06e-b2faecfda2ce","Station_193_Date_29OCT2008:16:11:00.000_Gobiosoma_bosc","Animalia","Chordata",NA,"Perciformes","Gobiidae","Gobiosoma","Gobiosoma bosc",NA,"SPECIES","Gobiosoma bosc (Lacepède, 1800)","Gobiosoma bosc","(Lacepède, 1800)","US","Sabine-Neches Estuary","Texas","PRESENT",NA,"c3ad790a-d426-4ac1-8e32-da61f81f0117",29.7475,-93.888611,100,NA,NA,NA,0.4,0.4,"2008-10-29T16:11",29,10,2008,5208832,5208832,"HUMAN_OBSERVATION","TPWD","Sabine Lake Bag Seine","",NA,"",NA,"CC0_1_0","","",NA,NA,2025-02-07 00:17:09.671,"","CONTINENT_DERIVED_FROM_COORDINATES"
3405554776,"f46c93f2-123d-4dc3-a06e-b2faecfda2ce","Station_167_Date_04APR2005:10:17:00.000_Gobiosoma_bosc","Animalia","Chordata",NA,"Perciformes","Gobiidae","Gobiosoma","Gobiosoma bosc",NA,"SPECIES","Gobiosoma bosc (Lacepède, 1800)","Gobiosoma bosc","(Lacepède, 1800)","US","Sabine-Neches Estuary","Texas","PRESENT",NA,"c3ad790a-d426-4ac1-8e32-da61f81f0117",29.772778,-93.925556,100,NA,NA,NA,0.3,0.2,"2005-04-04T10:17",4,4,2005,5208832,5208832,"HUMAN_OBSERVATION","TPWD","Sabine Lake Bag Seine","",NA,"",NA,"CC0_1_0","","",NA,NA,2025-02-07 00:17:09.651,"","CONTINENT_DERIVED_FROM_COORDINATES"
3405553722,"f46c93f2-123d-4dc3-a06e-b2faecfda2ce","Station_156_Date_24MAR2006:09:48:00.000_Gobiosoma_bosc","Animalia","Chordata",NA,"Perciformes","Gobiidae","Gobiosoma","Gobiosoma bosc",NA,"SPECIES","Gobiosoma bosc (Lacepède, 1800)","Gobiosoma bosc","(Lacepède, 1800)","US","Sabine-Neches Estuary","Texas","PRESENT",NA,"c3ad790a-d426-4ac1-8e32-da61f81f0117",29.795556,-93.9025,100,NA,NA,NA,0.15,0.15,"2006-03-24T09:48",24,3,2006,5208832,5208832,"HUMAN_OBSERVATION","TPWD","Sabine Lake Bag Seine","",NA,"",NA,"CC0_1_0","","",NA,NA,2025-02-07 00:17:09.696,"","CONTINENT_DERIVED_FROM_COORDINATES"
3405552563,"f46c93f2-123d-4dc3-a06e-b2faecfda2ce","Station_108_Date_18FEB2005:09:11:00.000_Gobiosoma_bosc","Animalia","Chordata",NA,"Perciformes","Gobiidae","Gobiosoma","Gobiosoma bosc",NA,"SPECIES","Gobiosoma bosc (Lacepède, 1800)","Gobiosoma bosc","(Lacepède, 1800)","US","Sabine-Neches Estuary","Texas","PRESENT",NA,"c3ad790a-d426-4ac1-8e32-da61f81f0117",29.865278,-93.780278,100,NA,NA,NA,0.15,0.15,"2005-02-18T09:11",18,2,2005,5208832,5208832,"HUMAN_OBSERVATION","TPWD","Sabine Lake Bag Seine","",NA,"",NA,"CC0_1_0","","",NA,NA,2025-02-07 00:17:09.639,"","CONTINENT_DERIVED_FROM_COORDINATES"
3405551450,"f46c93f2-123d-4dc3-a06e-b2faecfda2ce","Station_73_Date_20MAR2008:10:51:00.000_Gobiosoma_bosc","Animalia","Chordata",NA,"Perciformes","Gobiidae","Gobiosoma","Gobiosoma bosc",NA,"SPECIES","Gobiosoma bosc (Lacepède, 1800)","Gobiosoma bosc","(Lacepède, 1800)","US","Sabine-Neches Estuary","Texas","PRESENT",NA,"c3ad790a-d426-4ac1-8e32-da61f81f0117",29.909444,-93.765556,100,NA,NA,NA,0.2,0.2,"2008-03-20T10:51",20,3,2008,5208832,5208832,"HUMAN_OBSERVATION","TPWD","Sabine Lake Bag Seine","",NA,"",NA,"CC0_1_0","","",NA,NA,2025-02-07 00:17:09.492,"","CONTINENT_DERIVED_FROM_COORDINATES"
3405466334,"f46c93f2-123d-4dc3-a06e-b2faecfda2ce","Station_37_Date_07MAR2007:10:45:00.000_Gobiosoma_bosc","Animalia","Chordata",NA,"Perciformes","Gobiidae","Gobiosoma","Gobiosoma bosc",NA,"SPECIES","Gobiosoma bosc (Lacepède, 1800)","Gobiosoma bosc","(Lacepède, 1800)","US","Sabine-Neches Estuary","Texas","PRESENT",NA,"c3ad790a-d426-4ac1-8e32-da61f81f0117",29.974167,-93.762778,100,NA,NA,NA,0.25,0.25,"2007-03-07T10:45",7,3,2007,5208832,5208832,"HUMAN_OBSERVATION","TPWD","Sabine Lake Bag Seine","",NA,"",NA,"CC0_1_0","","",NA,NA,2025-02-07 00:17:09.478,"","CONTINENT_DERIVED_FROM_COORDINATES"
3405464742,"f46c93f2-123d-4dc3-a06e-b2faecfda2ce","Station_156_Date_04APR2005:09:31:00.000_Gobiosoma_bosc","Animalia","Chordata",NA,"Perciformes","Gobiidae","Gobiosoma","Gobiosoma bosc",NA,"SPECIES","Gobiosoma bosc (Lacepède, 1800)","Gobiosoma bosc","(Lacepède, 1800)","US","Sabine-Neches Estuary","Texas","PRESENT",NA,"c3ad790a-d426-4ac1-8e32-da61f81f0117",29.795556,-93.902222,100,NA,NA,NA,0.15,0.15,"2005-04-04T09:31",4,4,2005,5208832,5208832,"HUMAN_OBSERVATION","TPWD","Sabine Lake Bag Seine","",NA,"",NA,"CC0_1_0","","",NA,NA,2025-02-07 00:17:09.644,"","CONTINENT_DERIVED_FROM_COORDINATES"
3405461830,"f46c93f2-123d-4dc3-a06e-b2faecfda2ce","Station_193_Date_20SEP2005:15:15:00.000_Gobiosoma_bosc","Animalia","Chordata",NA,"Perciformes","Gobiidae","Gobiosoma","Gobiosoma bosc",NA,"SPECIES","Gobiosoma bosc (Lacepède, 1800)","Gobiosoma bosc","(Lacepède, 1800)","US","Sabine-Neches Estuary","Texas","PRESENT",NA,"c3ad790a-d426-4ac1-8e32-da61f81f0117",29.747778,-93.888611,100,NA,NA,NA,0.3,0.3,"2005-09-20T15:15",20,9,2005,5208832,5208832,"HUMAN_OBSERVATION","TPWD","Sabine Lake Bag Seine","",NA,"",NA,"CC0_1_0","","",NA,NA,2025-02-07 00:17:09.7,"","CONTINENT_DERIVED_FROM_COORDINATES"
3405460342,"f46c93f2-123d-4dc3-a06e-b2faecfda2ce","Station_63_Date_07MAR2007:10:05:00.000_Gobiosoma_bosc","Animalia","Chordata",NA,"Perciformes","Gobiidae","Gobiosoma","Gobiosoma bosc",NA,"SPECIES","Gobiosoma bosc (Lacepède, 1800)","Gobiosoma bosc","(Lacepède, 1800)","US","Sabine-Neches Estuary","Texas","PRESENT",NA,"c3ad790a-d426-4ac1-8e32-da61f81f0117",29.925833,-93.7625,100,NA,NA,NA,0.2,0.2,"2007-03-07T10:05",7,3,2007,5208832,5208832,"HUMAN_OBSERVATION","TPWD","Sabine Lake Bag Seine","",NA,"",NA,"CC0_1_0","","",NA,NA,2025-02-07 00:17:09.473,"","CONTINENT_DERIVED_FROM_COORDINATES"
3405458335,"f46c93f2-123d-4dc3-a06e-b2faecfda2ce","Station_32_Date_04JAN2006:10:08:00.000_Gobiosoma_bosc","Animalia","Chordata",NA,"Perciformes","Gobiidae","Gobiosoma","Gobiosoma bosc",NA,"SPECIES","Gobiosoma bosc (Lacepède, 1800)","Gobiosoma bosc","(Lacepède, 1800)","US","Sabine-Neches Estuary","Texas","PRESENT",NA,"c3ad790a-d426-4ac1-8e32-da61f81f0117",29.971389,-93.845,100,NA,NA,NA,0.3,0.3,"2006-01-04T10:08",4,1,2006,5208832,5208832,"HUMAN_OBSERVATION","TPWD","Sabine Lake Bag Seine","",NA,"",NA,"CC0_1_0","","",NA,NA,2025-02-07 00:17:09.393,"","CONTINENT_DERIVED_FROM_COORDINATES"
3405457667,"f46c93f2-123d-4dc3-a06e-b2faecfda2ce","Station_145_Date_24MAR2006:09:18:00.000_Gobiosoma_bosc","Animalia","Chordata",NA,"Perciformes","Gobiidae","Gobiosoma","Gobiosoma bosc",NA,"SPECIES","Gobiosoma bosc (Lacepède, 1800)","Gobiosoma bosc","(Lacepède, 1800)","US","Sabine-Neches Estuary","Texas","PRESENT",NA,"c3ad790a-d426-4ac1-8e32-da61f81f0117",29.810833,-93.868333,100,NA,NA,NA,0.15,0.15,"2006-03-24T09:18",24,3,2006,5208832,5208832,"HUMAN_OBSERVATION","TPWD","Sabine Lake Bag Seine","",NA,"",NA,"CC0_1_0","","",NA,NA,2025-02-07 00:17:09.681,"","CONTINENT_DERIVED_FROM_COORDINATES"
3404537899,"2473e9c3-624f-4cd6-bfc6-b476913790b5","Station_338_Date_23APR2008:17:51:00.000_Gobiosoma_bosc","Animalia","Chordata",NA,"Perciformes","Gobiidae","Gobiosoma","Gobiosoma bosc",NA,"SPECIES","Gobiosoma bosc (Lacepède, 1800)","Gobiosoma bosc","(Lacepède, 1800)","US","Mission-Aransas Estuary","Texas","PRESENT",NA,"c3ad790a-d426-4ac1-8e32-da61f81f0117",27.867778,-97.0825,100,NA,NA,NA,0.55,0.15,"2008-04-23T17:51",23,4,2008,5208832,5208832,"HUMAN_OBSERVATION","TPWD","Aransas Bay Bag Seine","",NA,"",NA,"CC0_1_0","","",NA,NA,2025-02-06 18:23:32.433,"","CONTINENT_DERIVED_FROM_COORDINATES"
3404537889,"2473e9c3-624f-4cd6-bfc6-b476913790b5","Station_333_Date_03JUN2008:17:49:00.000_Gobiosoma_bosc","Animalia","Chordata",NA,"Perciformes","Gobiidae","Gobiosoma","Gobiosoma bosc",NA,"SPECIES","Gobiosoma bosc (Lacepède, 1800)","Gobiosoma bosc","(Lacepède, 1800)","US","Mission-Aransas Estuary","Texas","PRESENT",NA,"c3ad790a-d426-4ac1-8e32-da61f81f0117",27.884167,-97.044167,100,NA,NA,NA,0.35,0.25,"2008-06-03T17:49",3,6,2008,5208832,5208832,"HUMAN_OBSERVATION","TPWD","Aransas Bay Bag Seine","",NA,"",NA,"CC0_1_0","","",NA,NA,2025-02-06 18:23:32.431,"","CONTINENT_DERIVED_FROM_COORDINATES"
3404537830,"2473e9c3-624f-4cd6-bfc6-b476913790b5","Station_319_Date_02JUL2007:16:39:00.000_Gobiosoma_bosc","Animalia","Chordata",NA,"Perciformes","Gobiidae","Gobiosoma","Gobiosoma bosc",NA,"SPECIES","Gobiosoma bosc (Lacepède, 1800)","Gobiosoma bosc","(Lacepède, 1800)","US","Mission-Aransas Estuary","Texas","PRESENT",NA,"c3ad790a-d426-4ac1-8e32-da61f81f0117",27.909444,-97.126389,100,NA,NA,NA,0.3,0.3,"2007-07-02T16:39",2,7,2007,5208832,5208832,"HUMAN_OBSERVATION","TPWD","Aransas Bay Bag Seine","",NA,"",NA,"CC0_1_0","","",NA,NA,2025-02-06 18:23:32.41,"","CONTINENT_DERIVED_FROM_COORDINATES"
3404537829,"2473e9c3-624f-4cd6-bfc6-b476913790b5","Station_317_Date_29NOV2005:13:26:00.000_Gobiosoma_bosc","Animalia","Chordata",NA,"Perciformes","Gobiidae","Gobiosoma","Gobiosoma bosc",NA,"SPECIES","Gobiosoma bosc (Lacepède, 1800)","Gobiosoma bosc","(Lacepède, 1800)","US","Mission-Aransas Estuary","Texas","PRESENT",NA,"c3ad790a-d426-4ac1-8e32-da61f81f0117",27.9325,-97.0025,100,NA,NA,NA,0.3,0.1,"2005-11-29T13:26",29,11,2005,5208832,5208832,"HUMAN_OBSERVATION","TPWD","Aransas Bay Bag Seine","",NA,"",NA,"CC0_1_0","","",NA,NA,2025-02-06 18:23:32.41,"","CONTINENT_DERIVED_FROM_COORDINATES"
3404537804,"2473e9c3-624f-4cd6-bfc6-b476913790b5","Station_310_Date_29NOV2005:11:10:00.000_Gobiosoma_bosc","Animalia","Chordata",NA,"Perciformes","Gobiidae","Gobiosoma","Gobiosoma bosc",NA,"SPECIES","Gobiosoma bosc (Lacepède, 1800)","Gobiosoma bosc","(Lacepède, 1800)","US","Mission-Aransas Estuary","Texas","PRESENT",NA,"c3ad790a-d426-4ac1-8e32-da61f81f0117",27.925278,-97.119167,100,NA,NA,NA,0.3,0.1,"2005-11-29T11:10",29,11,2005,5208832,5208832,"HUMAN_OBSERVATION","TPWD","Aransas Bay Bag Seine","",NA,"",NA,"CC0_1_0","","",NA,NA,2025-02-06 18:23:32.4,"","CONTINENT_DERIVED_FROM_COORDINATES"
3404536892,"2473e9c3-624f-4cd6-bfc6-b476913790b5","Station_343_Date_20DEC2007:12:14:00.000_Gobiosoma_bosc","Animalia","Chordata",NA,"Perciformes","Gobiidae","Gobiosoma","Gobiosoma bosc",NA,"SPECIES","Gobiosoma bosc (Lacepède, 1800)","Gobiosoma bosc","(Lacepède, 1800)","US","Mission-Aransas Estuary","Texas","PRESENT",NA,"c3ad790a-d426-4ac1-8e32-da61f81f0117",27.864167,-97.058611,100,NA,NA,NA,0.35,0.25,"2007-12-20T12:14",20,12,2007,5208832,5208832,"HUMAN_OBSERVATION","TPWD","Aransas Bay Bag Seine","",NA,"",NA,"CC0_1_0","","",NA,NA,2025-02-06 18:23:33.208,"","CONTINENT_DERIVED_FROM_COORDINATES"
3404536842,"2473e9c3-624f-4cd6-bfc6-b476913790b5","Station_329_Date_03OCT2005:16:59:00.000_Gobiosoma_bosc","Animalia","Chordata",NA,"Perciformes","Gobiidae","Gobiosoma","Gobiosoma bosc",NA,"SPECIES","Gobiosoma bosc (Lacepède, 1800)","Gobiosoma bosc","(Lacepède, 1800)","US","Mission-Aransas Estuary","Texas","PRESENT",NA,"c3ad790a-d426-4ac1-8e32-da61f81f0117",27.891944,-97.106389,100,NA,NA,NA,0.7,0.2,"2005-10-03T16:59",3,10,2005,5208832,5208832,"HUMAN_OBSERVATION","TPWD","Aransas Bay Bag Seine","",NA,"",NA,"CC0_1_0","","",NA,NA,2025-02-06 18:23:33.169,"","CONTINENT_DERIVED_FROM_COORDINATES"
3404536803,"2473e9c3-624f-4cd6-bfc6-b476913790b5","Station_320_Date_23APR2008:16:03:00.000_Gobiosoma_bosc","Animalia","Chordata",NA,"Perciformes","Gobiidae","Gobiosoma","Gobiosoma bosc",NA,"SPECIES","Gobiosoma bosc (Lacepède, 1800)","Gobiosoma bosc","(Lacepède, 1800)","US","Mission-Aransas Estuary","Texas","PRESENT",NA,"c3ad790a-d426-4ac1-8e32-da61f81f0117",27.903611,-97.101389,100,NA,NA,NA,0.25,0.15,"2008-04-23T16:03",23,4,2008,5208832,5208832,"HUMAN_OBSERVATION","TPWD","Aransas Bay Bag Seine","",NA,"",NA,"CC0_1_0","","",NA,NA,2025-02-06 18:23:33.151,"","CONTINENT_DERIVED_FROM_COORDINATES"
3404535814,"2473e9c3-624f-4cd6-bfc6-b476913790b5","Station_304_Date_02JUL2007:17:38:00.000_Gobiosoma_bosc","Animalia","Chordata",NA,"Perciformes","Gobiidae","Gobiosoma","Gobiosoma bosc",NA,"SPECIES","Gobiosoma bosc (Lacepède, 1800)","Gobiosoma bosc","(Lacepède, 1800)","US","Mission-Aransas Estuary","Texas","PRESENT",NA,"c3ad790a-d426-4ac1-8e32-da61f81f0117",27.942222,-97.074444,100,NA,NA,NA,0.2,0.2,"2007-07-02T17:38",2,7,2007,5208832,5208832,"HUMAN_OBSERVATION","TPWD","Aransas Bay Bag Seine","",NA,"",NA,"CC0_1_0","","",NA,NA,2025-02-06 18:23:32.436,"","CONTINENT_DERIVED_FROM_COORDINATES"
3404535455,"2473e9c3-624f-4cd6-bfc6-b476913790b5","Station_178_Date_01AUG2007:14:20:00.000_Gobiosoma_bosc","Animalia","Chordata",NA,"Perciformes","Gobiidae","Gobiosoma","Gobiosoma bosc",NA,"SPECIES","Gobiosoma bosc (Lacepède, 1800)","Gobiosoma bosc","(Lacepède, 1800)","US","Mission-Aransas Estuary","Texas","PRESENT",NA,"c3ad790a-d426-4ac1-8e32-da61f81f0117",28.099444,-96.9075,100,NA,NA,NA,0.25,0.15,"2007-08-01T14:20",1,8,2007,5208832,5208832,"HUMAN_OBSERVATION","TPWD","Aransas Bay Bag Seine","",NA,"",NA,"CC0_1_0","","",NA,NA,2025-02-06 18:23:32.302,"","CONTINENT_DERIVED_FROM_COORDINATES"
3404529602,"2473e9c3-624f-4cd6-bfc6-b476913790b5","Station_232_Date_18APR2005:17:43:00.000_Gobiosoma_bosc","Animalia","Chordata",NA,"Perciformes","Gobiidae","Gobiosoma","Gobiosoma bosc",NA,"SPECIES","Gobiosoma bosc (Lacepède, 1800)","Gobiosoma bosc","(Lacepède, 1800)","US","Mission-Aransas Estuary","Texas","PRESENT",NA,"c3ad790a-d426-4ac1-8e32-da61f81f0117",28.045278,-97.159444,100,NA,NA,NA,0.45,0.05,"2005-04-18T17:43",18,4,2005,5208832,5208832,"HUMAN_OBSERVATION","TPWD","Aransas Bay Bag Seine","",NA,"",NA,"CC0_1_0","","",NA,NA,2025-02-06 18:23:32.479,"","CONTINENT_DERIVED_FROM_COORDINATES"
3404529431,"2473e9c3-624f-4cd6-bfc6-b476913790b5","Station_153_Date_05DEC2007:13:42:00.000_Gobiosoma_bosc","Animalia","Chordata",NA,"Perciformes","Gobiidae","Gobiosoma","Gobiosoma bosc",NA,"SPECIES","Gobiosoma bosc (Lacepède, 1800)","Gobiosoma bosc","(Lacepède, 1800)","US","Mission-Aransas Estuary","Texas","PRESENT",NA,"c3ad790a-d426-4ac1-8e32-da61f81f0117",28.100833,-96.904444,100,NA,NA,NA,0.25,0.15,"2007-12-05T13:42",5,12,2007,5208832,5208832,"HUMAN_OBSERVATION","TPWD","Aransas Bay Bag Seine","",NA,"",NA,"CC0_1_0","","",NA,NA,2025-02-06 18:23:32.419,"","CONTINENT_DERIVED_FROM_COORDINATES"
3404528793,"2473e9c3-624f-4cd6-bfc6-b476913790b5","Station_303_Date_22MAY2006:14:42:00.000_Gobiosoma_bosc","Animalia","Chordata",NA,"Perciformes","Gobiidae","Gobiosoma","Gobiosoma bosc",NA,"SPECIES","Gobiosoma bosc (Lacepède, 1800)","Gobiosoma bosc","(Lacepède, 1800)","US","Mission-Aransas Estuary","Texas","PRESENT",NA,"c3ad790a-d426-4ac1-8e32-da61f81f0117",27.934167,-97.085278,100,NA,NA,NA,0.15,0.15,"2006-05-22T14:42",22,5,2006,5208832,5208832,"HUMAN_OBSERVATION","TPWD","Aransas Bay Bag Seine","",NA,"",NA,"CC0_1_0","","",NA,NA,2025-02-06 18:23:32.55,"","CONTINENT_DERIVED_FROM_COORDINATES"
3404528324,"2473e9c3-624f-4cd6-bfc6-b476913790b5","Station_128_Date_16NOV2006:16:17:00.000_Gobiosoma_bosc","Animalia","Chordata",NA,"Perciformes","Gobiidae","Gobiosoma","Gobiosoma bosc",NA,"SPECIES","Gobiosoma bosc (Lacepède, 1800)","Gobiosoma bosc","(Lacepède, 1800)","US","Mission-Aransas Estuary","Texas","PRESENT",NA,"c3ad790a-d426-4ac1-8e32-da61f81f0117",28.117222,-96.886667,100,NA,NA,NA,0.15,0.15,"2006-11-16T16:17",16,11,2006,5208832,5208832,"HUMAN_OBSERVATION","TPWD","Aransas Bay Bag Seine","",NA,"",NA,"CC0_1_0","","",NA,NA,2025-02-06 18:23:32.399,"","CONTINENT_DERIVED_FROM_COORDINATES"
3404528003,"2473e9c3-624f-4cd6-bfc6-b476913790b5","Station_65_Date_07FEB2008:09:42:00.000_Gobiosoma_bosc","Animalia","Chordata",NA,"Perciformes","Gobiidae","Gobiosoma","Gobiosoma bosc",NA,"SPECIES","Gobiosoma bosc (Lacepède, 1800)","Gobiosoma bosc","(Lacepède, 1800)","US","Mission-Aransas Estuary","Texas","PRESENT",NA,"c3ad790a-d426-4ac1-8e32-da61f81f0117",27.868889,-97.133056,100,NA,NA,NA,0.1,0.1,"2008-02-07T09:42",7,2,2008,5208832,5208832,"HUMAN_OBSERVATION","TPWD","Aransas Bay Bag Seine","",NA,"",NA,"CC0_1_0","","",NA,NA,2025-02-06 18:23:32.729,"","CONTINENT_DERIVED_FROM_COORDINATES"
3404527128,"2473e9c3-624f-4cd6-bfc6-b476913790b5","Station_81_Date_08MAR2006:10:32:00.000_Gobiosoma_bosc","Animalia","Chordata",NA,"Perciformes","Gobiidae","Gobiosoma","Gobiosoma bosc",NA,"SPECIES","Gobiosoma bosc (Lacepède, 1800)","Gobiosoma bosc","(Lacepède, 1800)","US","Mission-Aransas Estuary","Texas","PRESENT",NA,"c3ad790a-d426-4ac1-8e32-da61f81f0117",27.864444,-97.084722,100,NA,NA,NA,0.25,0.25,"2006-03-08T10:32",8,3,2006,5208832,5208832,"HUMAN_OBSERVATION","TPWD","Aransas Bay Bag Seine","",NA,"",NA,"CC0_1_0","","",NA,NA,2025-02-06 18:23:32.206,"","CONTINENT_DERIVED_FROM_COORDINATES"
3404526998,"2473e9c3-624f-4cd6-bfc6-b476913790b5","Station_63_Date_14JUL2006:09:34:00.000_Gobiosoma_bosc","Animalia","Chordata",NA,"Perciformes","Gobiidae","Gobiosoma","Gobiosoma bosc",NA,"SPECIES","Gobiosoma bosc (Lacepède, 1800)","Gobiosoma bosc","(Lacepède, 1800)","US","Mission-Aransas Estuary","Texas","PRESENT",NA,"c3ad790a-d426-4ac1-8e32-da61f81f0117",27.875833,-97.151111,100,NA,NA,NA,0.1,0.1,"2006-07-14T09:34",14,7,2006,5208832,5208832,"HUMAN_OBSERVATION","TPWD","Aransas Bay Bag Seine","",NA,"",NA,"CC0_1_0","","",NA,NA,2025-02-06 18:23:32.163,"","CONTINENT_DERIVED_FROM_COORDINATES"
3404526949,"2473e9c3-624f-4cd6-bfc6-b476913790b5","Station_50_Date_18MAY2005:14:35:00.000_Gobiosoma_bosc","Animalia","Chordata",NA,"Perciformes","Gobiidae","Gobiosoma","Gobiosoma bosc",NA,"SPECIES","Gobiosoma bosc (Lacepède, 1800)","Gobiosoma bosc","(Lacepède, 1800)","US","Mission-Aransas Estuary","Texas","PRESENT",NA,"c3ad790a-d426-4ac1-8e32-da61f81f0117",28.168056,-96.951944,100,NA,NA,NA,0.5,0.1,"2005-05-18T14:35",18,5,2005,5208832,5208832,"HUMAN_OBSERVATION","TPWD","Aransas Bay Bag Seine","",NA,"",NA,"CC0_1_0","","",NA,NA,2025-02-06 18:23:32.143,"","CONTINENT_DERIVED_FROM_COORDINATES"
3404526515,"2473e9c3-624f-4cd6-bfc6-b476913790b5","Station_23_Date_22JUN2005:11:59:00.000_Gobiosoma_bosc","Animalia","Chordata",NA,"Perciformes","Gobiidae","Gobiosoma","Gobiosoma bosc",NA,"SPECIES","Gobiosoma bosc (Lacepède, 1800)","Gobiosoma bosc","(Lacepède, 1800)","US","Mission-Aransas Estuary","Texas","PRESENT",NA,"c3ad790a-d426-4ac1-8e32-da61f81f0117",28.208889,-96.959167,100,NA,NA,NA,0.25,0.05,"2005-06-22T11:59",22,6,2005,5208832,5208832,"HUMAN_OBSERVATION","TPWD","Aransas Bay Bag Seine","",NA,"",NA,"CC0_1_0","","",NA,NA,2025-02-06 18:23:31.826,"","CONTINENT_DERIVED_FROM_COORDINATES"
3404525917,"2473e9c3-624f-4cd6-bfc6-b476913790b5","Station_32_Date_14NOV2005:15:34:00.000_Gobiosoma_bosc","Animalia","Chordata",NA,"Perciformes","Gobiidae","Gobiosoma","Gobiosoma bosc",NA,"SPECIES","Gobiosoma bosc (Lacepède, 1800)","Gobiosoma bosc","(Lacepède, 1800)","US","Mission-Aransas Estuary","Texas","PRESENT",NA,"c3ad790a-d426-4ac1-8e32-da61f81f0117",28.198056,-97.009722,100,NA,NA,NA,0.2,0.1,"2005-11-14T15:34",14,11,2005,5208832,5208832,"HUMAN_OBSERVATION","TPWD","Aransas Bay Bag Seine","",NA,"",NA,"CC0_1_0","","",NA,NA,2025-02-06 18:23:32.122,"","CONTINENT_DERIVED_FROM_COORDINATES"
3404520937,"2473e9c3-624f-4cd6-bfc6-b476913790b5","Station_34_Date_18MAY2005:16:46:00.000_Gobiosoma_bosc","Animalia","Chordata",NA,"Perciformes","Gobiidae","Gobiosoma","Gobiosoma bosc",NA,"SPECIES","Gobiosoma bosc (Lacepède, 1800)","Gobiosoma bosc","(Lacepède, 1800)","US","Mission-Aransas Estuary","Texas","PRESENT",NA,"c3ad790a-d426-4ac1-8e32-da61f81f0117",28.188056,-96.949722,100,NA,NA,NA,0.55,0.15,"2005-05-18T16:46",18,5,2005,5208832,5208832,"HUMAN_OBSERVATION","TPWD","Aransas Bay Bag Seine","",NA,"",NA,"CC0_1_0","","",NA,NA,2025-02-06 18:23:32.275,"","CONTINENT_DERIVED_FROM_COORDINATES"
3404520296,"2473e9c3-624f-4cd6-bfc6-b476913790b5","Station_101_Date_09DEC2008:12:03:00.000_Gobiosoma_bosc","Animalia","Chordata",NA,"Perciformes","Gobiidae","Gobiosoma","Gobiosoma bosc",NA,"SPECIES","Gobiosoma bosc (Lacepède, 1800)","Gobiosoma bosc","(Lacepède, 1800)","US","Mission-Aransas Estuary","Texas","PRESENT",NA,"c3ad790a-d426-4ac1-8e32-da61f81f0117",28.138333,-96.900833,100,NA,NA,NA,0.4,0.2,"2008-12-09T12:03",9,12,2008,5208832,5208832,"HUMAN_OBSERVATION","TPWD","Aransas Bay Bag Seine","",NA,"",NA,"CC0_1_0","","",NA,NA,2025-02-06 18:23:32.389,"","CONTINENT_DERIVED_FROM_COORDINATES"
3404520018,"2473e9c3-624f-4cd6-bfc6-b476913790b5","Station_55_Date_19SEP2006:15:48:00.000_Gobiosoma_bosc","Animalia","Chordata",NA,"Perciformes","Gobiidae","Gobiosoma","Gobiosoma bosc",NA,"SPECIES","Gobiosoma bosc (Lacepède, 1800)","Gobiosoma bosc","(Lacepède, 1800)","US","Mission-Aransas Estuary","Texas","PRESENT",NA,"c3ad790a-d426-4ac1-8e32-da61f81f0117",27.893333,-97.129722,100,NA,NA,NA,0.25,0.25,"2006-09-19T15:48",19,9,2006,5208832,5208832,"HUMAN_OBSERVATION","TPWD","Aransas Bay Bag Seine","",NA,"",NA,"CC0_1_0","","",NA,NA,2025-02-06 18:23:32.291,"","CONTINENT_DERIVED_FROM_COORDINATES"
3404519993,"2473e9c3-624f-4cd6-bfc6-b476913790b5","Station_49_Date_30OCT2006:15:11:00.000_Gobiosoma_bosc","Animalia","Chordata",NA,"Perciformes","Gobiidae","Gobiosoma","Gobiosoma bosc",NA,"SPECIES","Gobiosoma bosc (Lacepède, 1800)","Gobiosoma bosc","(Lacepède, 1800)","US","Mission-Aransas Estuary","Texas","PRESENT",NA,"c3ad790a-d426-4ac1-8e32-da61f81f0117",28.171389,-96.966667,100,NA,NA,NA,0.2,0.1,"2006-10-30T15:11",30,10,2006,5208832,5208832,"HUMAN_OBSERVATION","TPWD","Aransas Bay Bag Seine","",NA,"",NA,"CC0_1_0","","",NA,NA,2025-02-06 18:23:32.279,"","CONTINENT_DERIVED_FROM_COORDINATES"
3404519992,"2473e9c3-624f-4cd6-bfc6-b476913790b5","Station_49_Date_18MAY2005:15:46:00.000_Gobiosoma_bosc","Animalia","Chordata",NA,"Perciformes","Gobiidae","Gobiosoma","Gobiosoma bosc",NA,"SPECIES","Gobiosoma bosc (Lacepède, 1800)","Gobiosoma bosc","(Lacepède, 1800)","US","Mission-Aransas Estuary","Texas","PRESENT",NA,"c3ad790a-d426-4ac1-8e32-da61f81f0117",28.171111,-96.968889,100,NA,NA,NA,0.5,0.1,"2005-05-18T15:46",18,5,2005,5208832,5208832,"HUMAN_OBSERVATION","TPWD","Aransas Bay Bag Seine","",NA,"",NA,"CC0_1_0","","",NA,NA,2025-02-06 18:23:32.278,"","CONTINENT_DERIVED_FROM_COORDINATES"
3404516197,"2473e9c3-624f-4cd6-bfc6-b476913790b5","Station_10_Date_21JUL2008:12:54:00.000_Gobiosoma_bosc","Animalia","Chordata",NA,"Perciformes","Gobiidae","Gobiosoma","Gobiosoma bosc",NA,"SPECIES","Gobiosoma bosc (Lacepède, 1800)","Gobiosoma bosc","(Lacepède, 1800)","US","Mission-Aransas Estuary","Texas","PRESENT",NA,"c3ad790a-d426-4ac1-8e32-da61f81f0117",28.244722,-96.924167,100,NA,NA,NA,0.25,0.25,"2008-07-21T12:54",21,7,2008,5208832,5208832,"HUMAN_OBSERVATION","TPWD","Aransas Bay Bag Seine","",NA,"",NA,"CC0_1_0","","",NA,NA,2025-02-06 18:23:31.617,"","CONTINENT_DERIVED_FROM_COORDINATES"
3404514844,"2473e9c3-624f-4cd6-bfc6-b476913790b5","Station_329_Date_12AUG2008:11:43:00.000_Gobiosoma_bosc","Animalia","Chordata",NA,"Perciformes","Gobiidae","Gobiosoma","Gobiosoma bosc",NA,"SPECIES","Gobiosoma bosc (Lacepède, 1800)","Gobiosoma bosc","(Lacepède, 1800)","US","Mission-Aransas Estuary","Texas","PRESENT",NA,"c3ad790a-d426-4ac1-8e32-da61f81f0117",27.891111,-97.112222,100,NA,NA,NA,0.2,0.2,"2008-08-12T11:43",12,8,2008,5208832,5208832,"HUMAN_OBSERVATION","TPWD","Aransas Bay Bag Seine","",NA,"",NA,"CC0_1_0","","",NA,NA,2025-02-06 18:23:32.426,"","CONTINENT_DERIVED_FROM_COORDINATES"
3404514841,"2473e9c3-624f-4cd6-bfc6-b476913790b5","Station_329_Date_05MAR2008:10:32:00.000_Gobiosoma_bosc","Animalia","Chordata",NA,"Perciformes","Gobiidae","Gobiosoma","Gobiosoma bosc",NA,"SPECIES","Gobiosoma bosc (Lacepède, 1800)","Gobiosoma bosc","(Lacepède, 1800)","US","Mission-Aransas Estuary","Texas","PRESENT",NA,"c3ad790a-d426-4ac1-8e32-da61f81f0117",27.896667,-97.105,100,NA,NA,NA,0.15,0.05,"2008-03-05T10:32",5,3,2008,5208832,5208832,"HUMAN_OBSERVATION","TPWD","Aransas Bay Bag Seine","",NA,"",NA,"CC0_1_0","","",NA,NA,2025-02-06 18:23:32.426,"","CONTINENT_DERIVED_FROM_COORDINATES"
3404513662,"2473e9c3-624f-4cd6-bfc6-b476913790b5","Station_304_Date_23APR2008:16:55:00.000_Gobiosoma_bosc","Animalia","Chordata",NA,"Perciformes","Gobiidae","Gobiosoma","Gobiosoma bosc",NA,"SPECIES","Gobiosoma bosc (Lacepède, 1800)","Gobiosoma bosc","(Lacepède, 1800)","US","Mission-Aransas Estuary","Texas","PRESENT",NA,"c3ad790a-d426-4ac1-8e32-da61f81f0117",27.939167,-97.078889,100,NA,NA,NA,0.5,0.1,"2008-04-23T16:55",23,4,2008,5208832,5208832,"HUMAN_OBSERVATION","TPWD","Aransas Bay Bag Seine","",NA,"",NA,"CC0_1_0","","",NA,NA,2025-02-06 18:23:33.115,"","CONTINENT_DERIVED_FROM_COORDINATES"
3404513357,"2473e9c3-624f-4cd6-bfc6-b476913790b5","Station_193_Date_16DEC2008:10:14:00.000_Gobiosoma_bosc","Animalia","Chordata",NA,"Perciformes","Gobiidae","Gobiosoma","Gobiosoma bosc",NA,"SPECIES","Gobiosoma bosc (Lacepède, 1800)","Gobiosoma bosc","(Lacepède, 1800)","US","Mission-Aransas Estuary","Texas","PRESENT",NA,"c3ad790a-d426-4ac1-8e32-da61f81f0117",28.067778,-97.095278,100,NA,NA,NA,0.25,0.25,"2008-12-16T10:14",16,12,2008,5208832,5208832,"HUMAN_OBSERVATION","TPWD","Aransas Bay Bag Seine","",NA,"",NA,"CC0_1_0","","",NA,NA,2025-02-06 18:23:32.945,"","CONTINENT_DERIVED_FROM_COORDINATES"
3404511811,"2473e9c3-624f-4cd6-bfc6-b476913790b5","Station_312_Date_17OCT2007:15:21:00.000_Gobiosoma_bosc","Animalia","Chordata",NA,"Perciformes","Gobiidae","Gobiosoma","Gobiosoma bosc",NA,"SPECIES","Gobiosoma bosc (Lacepède, 1800)","Gobiosoma bosc","(Lacepède, 1800)","US","Mission-Aransas Estuary","Texas","PRESENT",NA,"c3ad790a-d426-4ac1-8e32-da61f81f0117",27.92,-97.093889,100,NA,NA,NA,0.5,0.1,"2007-10-17T15:21",17,10,2007,5208832,5208832,"HUMAN_OBSERVATION","TPWD","Aransas Bay Bag Seine","",NA,"",NA,"CC0_1_0","","",NA,NA,2025-02-06 18:23:32.602,"","CONTINENT_DERIVED_FROM_COORDINATES"
3404511409,"2473e9c3-624f-4cd6-bfc6-b476913790b5","Station_184_Date_23OCT2007:15:36:00.000_Gobiosoma_bosc","Animalia","Chordata",NA,"Perciformes","Gobiidae","Gobiosoma","Gobiosoma bosc",NA,"SPECIES","Gobiosoma bosc (Lacepède, 1800)","Gobiosoma bosc","(Lacepède, 1800)","US","Mission-Aransas Estuary","Texas","PRESENT",NA,"c3ad790a-d426-4ac1-8e32-da61f81f0117",28.078611,-97.237222,100,NA,NA,NA,0.35,0.05,"2007-10-23T15:36",23,10,2007,5208832,5208832,"HUMAN_OBSERVATION","TPWD","Aransas Bay Bag Seine","",NA,"",NA,"CC0_1_0","","",NA,NA,2025-02-06 18:23:32.437,"","CONTINENT_DERIVED_FROM_COORDINATES"
3404510721,"2473e9c3-624f-4cd6-bfc6-b476913790b5","Station_273_Date_11JUL2007:13:01:00.000_Gobiosoma_bosc","Animalia","Chordata",NA,"Perciformes","Gobiidae","Gobiosoma","Gobiosoma bosc",NA,"SPECIES","Gobiosoma bosc (Lacepède, 1800)","Gobiosoma bosc","(Lacepède, 1800)","US","Mission-Aransas Estuary","Texas","PRESENT",NA,"c3ad790a-d426-4ac1-8e32-da61f81f0117",27.999167,-97.147222,100,NA,NA,NA,0.35,0.25,"2007-07-11T13:01",11,7,2007,5208832,5208832,"HUMAN_OBSERVATION","TPWD","Aransas Bay Bag Seine","",NA,"",NA,"CC0_1_0","","",NA,NA,2025-02-06 18:23:32.4,"","CONTINENT_DERIVED_FROM_COORDINATES"
3404510404,"2473e9c3-624f-4cd6-bfc6-b476913790b5","Station_154_Date_10OCT2008:09:45:00.000_Gobiosoma_bosc","Animalia","Chordata",NA,"Perciformes","Gobiidae","Gobiosoma","Gobiosoma bosc",NA,"SPECIES","Gobiosoma bosc (Lacepède, 1800)","Gobiosoma bosc","(Lacepède, 1800)","US","Mission-Aransas Estuary","Texas","PRESENT",NA,"c3ad790a-d426-4ac1-8e32-da61f81f0117",28.103889,-96.884722,100,NA,NA,NA,0.4,0.2,"2008-10-10T09:45",10,10,2008,5208832,5208832,"HUMAN_OBSERVATION","TPWD","Aransas Bay Bag Seine","",NA,"",NA,"CC0_1_0","","",NA,NA,2025-02-06 18:23:32.291,"","CONTINENT_DERIVED_FROM_COORDINATES"
3404508472,"2473e9c3-624f-4cd6-bfc6-b476913790b5","Station_260_Date_29OCT2008:15:02:00.000_Gobiosoma_bosc","Animalia","Chordata",NA,"Perciformes","Gobiidae","Gobiosoma","Gobiosoma bosc",NA,"SPECIES","Gobiosoma bosc (Lacepède, 1800)","Gobiosoma bosc","(Lacepède, 1800)","US","Mission-Aransas Estuary","Texas","PRESENT",NA,"c3ad790a-d426-4ac1-8e32-da61f81f0117",28.004722,-97.156944,100,NA,NA,NA,0.25,0.15,"2008-10-29T15:02",29,10,2008,5208832,5208832,"HUMAN_OBSERVATION","TPWD","Aransas Bay Bag Seine","",NA,"",NA,"CC0_1_0","","",NA,NA,2025-02-06 18:23:32.509,"","CONTINENT_DERIVED_FROM_COORDINATES"
3404508363,"2473e9c3-624f-4cd6-bfc6-b476913790b5","Station_232_Date_19SEP2005:16:02:00.000_Gobiosoma_bosc","Animalia","Chordata",NA,"Perciformes","Gobiidae","Gobiosoma","Gobiosoma bosc",NA,"SPECIES","Gobiosoma bosc (Lacepède, 1800)","Gobiosoma bosc","(Lacepède, 1800)","US","Mission-Aransas Estuary","Texas","PRESENT",NA,"c3ad790a-d426-4ac1-8e32-da61f81f0117",28.045,-97.158889,100,NA,NA,NA,0.3,0.1,"2005-09-19T16:02",19,9,2005,5208832,5208832,"HUMAN_OBSERVATION","TPWD","Aransas Bay Bag Seine","",NA,"",NA,"CC0_1_0","","",NA,NA,2025-02-06 18:23:32.464,"","CONTINENT_DERIVED_FROM_COORDINATES"
3404508166,"2473e9c3-624f-4cd6-bfc6-b476913790b5","Station_97_Date_08JUL2008:14:35:00.000_Gobiosoma_bosc","Animalia","Chordata",NA,"Perciformes","Gobiidae","Gobiosoma","Gobiosoma bosc",NA,"SPECIES","Gobiosoma bosc (Lacepède, 1800)","Gobiosoma bosc","(Lacepède, 1800)","US","Mission-Aransas Estuary","Texas","PRESENT",NA,"c3ad790a-d426-4ac1-8e32-da61f81f0117",28.145833,-96.973611,100,NA,NA,NA,0.55,0.15,"2008-07-08T14:35",8,7,2008,5208832,5208832,"HUMAN_OBSERVATION","TPWD","Aransas Bay Bag Seine","",NA,"",NA,"CC0_1_0","","",NA,NA,2025-02-06 18:23:32.221,"","CONTINENT_DERIVED_FROM_COORDINATES"
3404507432,"2473e9c3-624f-4cd6-bfc6-b476913790b5","Station_22_Date_05NOV2007:14:46:00.000_Gobiosoma_bosc","Animalia","Chordata",NA,"Perciformes","Gobiidae","Gobiosoma","Gobiosoma bosc",NA,"SPECIES","Gobiosoma bosc (Lacepède, 1800)","Gobiosoma bosc","(Lacepède, 1800)","US","Mission-Aransas Estuary","Texas","PRESENT",NA,"c3ad790a-d426-4ac1-8e32-da61f81f0117",28.212778,-96.979167,100,NA,NA,NA,0.5,0.1,"2007-11-05T14:46",5,11,2007,5208832,5208832,"HUMAN_OBSERVATION","TPWD","Aransas Bay Bag Seine","",NA,"",NA,"CC0_1_0","","",NA,NA,2025-02-06 18:23:31.805,"","CONTINENT_DERIVED_FROM_COORDINATES"
3404505097,"2473e9c3-624f-4cd6-bfc6-b476913790b5","Station_92_Date_25OCT2006:10:57:00.000_Gobiosoma_bosc","Animalia","Chordata",NA,"Perciformes","Gobiidae","Gobiosoma","Gobiosoma bosc",NA,"SPECIES","Gobiosoma bosc (Lacepède, 1800)","Gobiosoma bosc","(Lacepède, 1800)","US","Mission-Aransas Estuary","Texas","PRESENT",NA,"c3ad790a-d426-4ac1-8e32-da61f81f0117",27.845,-97.173611,100,NA,NA,NA,0.35,0.05,"2006-10-25T10:57",25,10,2006,5208832,5208832,"HUMAN_OBSERVATION","TPWD","Aransas Bay Bag Seine","",NA,"",NA,"CC0_1_0","","",NA,NA,2025-02-06 18:23:32.806,"","CONTINENT_DERIVED_FROM_COORDINATES"
3404505042,"2473e9c3-624f-4cd6-bfc6-b476913790b5","Station_81_Date_14MAY2008:19:11:00.000_Gobiosoma_bosc","Animalia","Chordata",NA,"Perciformes","Gobiidae","Gobiosoma","Gobiosoma bosc",NA,"SPECIES","Gobiosoma bosc (Lacepède, 1800)","Gobiosoma bosc","(Lacepède, 1800)","US","Mission-Aransas Estuary","Texas","PRESENT",NA,"c3ad790a-d426-4ac1-8e32-da61f81f0117",27.866111,-97.086389,100,NA,NA,NA,0.35,0.35,"2008-05-14T19:11",14,5,2008,5208832,5208832,"HUMAN_OBSERVATION","TPWD","Aransas Bay Bag Seine","",NA,"",NA,"CC0_1_0","","",NA,NA,2025-02-06 18:23:32.788,"","CONTINENT_DERIVED_FROM_COORDINATES"
3404504867,"2473e9c3-624f-4cd6-bfc6-b476913790b5","Station_55_Date_15AUG2005:09:57:00.000_Gobiosoma_bosc","Animalia","Chordata",NA,"Perciformes","Gobiidae","Gobiosoma","Gobiosoma bosc",NA,"SPECIES","Gobiosoma bosc (Lacepède, 1800)","Gobiosoma bosc","(Lacepède, 1800)","US","Mission-Aransas Estuary","Texas","PRESENT",NA,"c3ad790a-d426-4ac1-8e32-da61f81f0117",27.893333,-97.129444,100,NA,NA,NA,0.35,0.15,"2005-08-15T09:57",15,8,2005,5208832,5208832,"HUMAN_OBSERVATION","TPWD","Aransas Bay Bag Seine","",NA,"",NA,"CC0_1_0","","",NA,NA,2025-02-06 18:23:32.7,"","CONTINENT_DERIVED_FROM_COORDINATES"
3404504713,"2473e9c3-624f-4cd6-bfc6-b476913790b5","Station_31_Date_28OCT2008:14:04:00.000_Gobiosoma_bosc","Animalia","Chordata",NA,"Perciformes","Gobiidae","Gobiosoma","Gobiosoma bosc",NA,"SPECIES","Gobiosoma bosc (Lacepède, 1800)","Gobiosoma bosc","(Lacepède, 1800)","US","Mission-Aransas Estuary","Texas","PRESENT",NA,"c3ad790a-d426-4ac1-8e32-da61f81f0117",28.1975,-97.021389,100,NA,NA,NA,0.35,0.05,"2008-10-28T14:04",28,10,2008,5208832,5208832,"HUMAN_OBSERVATION","TPWD","Aransas Bay Bag Seine","",NA,"",NA,"CC0_1_0","","",NA,NA,2025-02-06 18:23:32.562,"","CONTINENT_DERIVED_FROM_COORDINATES"
3404503163,"2473e9c3-624f-4cd6-bfc6-b476913790b5","Station_92_Date_02DEC2008:09:34:00.000_Gobiosoma_bosc","Animalia","Chordata",NA,"Perciformes","Gobiidae","Gobiosoma","Gobiosoma bosc",NA,"SPECIES","Gobiosoma bosc (Lacepède, 1800)","Gobiosoma bosc","(Lacepède, 1800)","US","Mission-Aransas Estuary","Texas","PRESENT",NA,"c3ad790a-d426-4ac1-8e32-da61f81f0117",27.846944,-97.175,100,NA,NA,NA,0.35,0.25,"2008-12-02T09:34",2,12,2008,5208832,5208832,"HUMAN_OBSERVATION","TPWD","Aransas Bay Bag Seine","",NA,"",NA,"CC0_1_0","","",NA,NA,2025-02-06 18:23:32.375,"","CONTINENT_DERIVED_FROM_COORDINATES"
3404501166,"2473e9c3-624f-4cd6-bfc6-b476913790b5","Station_127_Date_26JAN2005:11:56:00.000_Gobiosoma_bosc","Animalia","Chordata",NA,"Perciformes","Gobiidae","Gobiosoma","Gobiosoma bosc",NA,"SPECIES","Gobiosoma bosc (Lacepède, 1800)","Gobiosoma bosc","(Lacepède, 1800)","US","Mission-Aransas Estuary","Texas","PRESENT",NA,"c3ad790a-d426-4ac1-8e32-da61f81f0117",28.131111,-96.905,100,NA,NA,NA,0.15,0.05,"2005-01-26T11:56",26,1,2005,5208832,5208832,"HUMAN_OBSERVATION","TPWD","Aransas Bay Bag Seine","",NA,"",NA,"CC0_1_0","","",NA,NA,2025-02-06 18:23:32.399,"","CONTINENT_DERIVED_FROM_COORDINATES"
3404356641,"2473e9c3-624f-4cd6-bfc6-b476913790b5","Station_284_Date_18APR2007:14:22:00.000_Gobiosoma_bosc","Animalia","Chordata",NA,"Perciformes","Gobiidae","Gobiosoma","Gobiosoma bosc",NA,"SPECIES","Gobiosoma bosc (Lacepède, 1800)","Gobiosoma bosc","(Lacepède, 1800)","US","Mission-Aransas Estuary","Texas","PRESENT",NA,"c3ad790a-d426-4ac1-8e32-da61f81f0117",27.969444,-97.086389,100,NA,NA,NA,0.25,0.05,"2007-04-18T14:22",18,4,2007,5208832,5208832,"HUMAN_OBSERVATION","TPWD","Aransas Bay Bag Seine","",NA,"",NA,"CC0_1_0","","",NA,NA,2025-02-06 18:23:32.365,"","CONTINENT_DERIVED_FROM_COORDINATES"
3404356528,"2473e9c3-624f-4cd6-bfc6-b476913790b5","Station_247_Date_03NOV2005:08:33:00.000_Gobiosoma_bosc","Animalia","Chordata",NA,"Perciformes","Gobiidae","Gobiosoma","Gobiosoma bosc",NA,"SPECIES","Gobiosoma bosc (Lacepède, 1800)","Gobiosoma bosc","(Lacepède, 1800)","US","Mission-Aransas Estuary","Texas","PRESENT",NA,"c3ad790a-d426-4ac1-8e32-da61f81f0117",28.025278,-97.142222,100,NA,NA,NA,0.3,0.3,"2005-11-03T08:33",3,11,2005,5208832,5208832,"HUMAN_OBSERVATION","TPWD","Aransas Bay Bag Seine","",NA,"",NA,"CC0_1_0","","",NA,NA,2025-02-06 18:23:32.307,"","CONTINENT_DERIVED_FROM_COORDINATES"
3404356449,"2473e9c3-624f-4cd6-bfc6-b476913790b5","Station_217_Date_13NOV2007:10:03:00.000_Gobiosoma_bosc","Animalia","Chordata",NA,"Perciformes","Gobiidae","Gobiosoma","Gobiosoma bosc",NA,"SPECIES","Gobiosoma bosc (Lacepède, 1800)","Gobiosoma bosc","(Lacepède, 1800)","US","Mission-Aransas Estuary","Texas","PRESENT",NA,"c3ad790a-d426-4ac1-8e32-da61f81f0117",28.065833,-97.096111,100,NA,NA,NA,0.2,0.2,"2007-11-13T10:03",13,11,2007,5208832,5208832,"HUMAN_OBSERVATION","TPWD","Aransas Bay Bag Seine","",NA,"",NA,"CC0_1_0","","",NA,NA,2025-02-06 18:23:32.292,"","CONTINENT_DERIVED_FROM_COORDINATES"
3404355859,"2473e9c3-624f-4cd6-bfc6-b476913790b5","Station_338_Date_05MAR2008:13:50:00.000_Gobiosoma_bosc","Animalia","Chordata",NA,"Perciformes","Gobiidae","Gobiosoma","Gobiosoma bosc",NA,"SPECIES","Gobiosoma bosc (Lacepède, 1800)","Gobiosoma bosc","(Lacepède, 1800)","US","Mission-Aransas Estuary","Texas","PRESENT",NA,"c3ad790a-d426-4ac1-8e32-da61f81f0117",27.868056,-97.083056,100,NA,NA,NA,0.15,0.15,"2008-03-05T13:50",5,3,2008,5208832,5208832,"HUMAN_OBSERVATION","TPWD","Aransas Bay Bag Seine","",NA,"",NA,"CC0_1_0","","",NA,NA,2025-02-06 18:23:32.59,"","CONTINENT_DERIVED_FROM_COORDINATES"
3404355794,"2473e9c3-624f-4cd6-bfc6-b476913790b5","Station_319_Date_05MAR2008:10:14:00.000_Gobiosoma_bosc","Animalia","Chordata",NA,"Perciformes","Gobiidae","Gobiosoma","Gobiosoma bosc",NA,"SPECIES","Gobiosoma bosc (Lacepède, 1800)","Gobiosoma bosc","(Lacepède, 1800)","US","Mission-Aransas Estuary","Texas","PRESENT",NA,"c3ad790a-d426-4ac1-8e32-da61f81f0117",27.910556,-97.125278,100,NA,NA,NA,0.2,0.2,"2008-03-05T10:14",5,3,2008,5208832,5208832,"HUMAN_OBSERVATION","TPWD","Aransas Bay Bag Seine","",NA,"",NA,"CC0_1_0","","",NA,NA,2025-02-06 18:23:32.573,"","CONTINENT_DERIVED_FROM_COORDINATES"
3404355549,"2473e9c3-624f-4cd6-bfc6-b476913790b5","Station_247_Date_25JUL2008:10:22:00.000_Gobiosoma_bosc","Animalia","Chordata",NA,"Perciformes","Gobiidae","Gobiosoma","Gobiosoma bosc",NA,"SPECIES","Gobiosoma bosc (Lacepède, 1800)","Gobiosoma bosc","(Lacepède, 1800)","US","Mission-Aransas Estuary","Texas","PRESENT",NA,"c3ad790a-d426-4ac1-8e32-da61f81f0117",28.0275,-97.135833,100,NA,NA,NA,0.25,0.25,"2008-07-25T10:22",25,7,2008,5208832,5208832,"HUMAN_OBSERVATION","TPWD","Aransas Bay Bag Seine","",NA,"",NA,"CC0_1_0","","",NA,NA,2025-02-06 18:23:32.48,"","CONTINENT_DERIVED_FROM_COORDINATES"
3404355450,"2473e9c3-624f-4cd6-bfc6-b476913790b5","Station_214_Date_17DEC2007:12:27:00.000_Gobiosoma_bosc","Animalia","Chordata",NA,"Perciformes","Gobiidae","Gobiosoma","Gobiosoma bosc",NA,"SPECIES","Gobiosoma bosc (Lacepède, 1800)","Gobiosoma bosc","(Lacepède, 1800)","US","Mission-Aransas Estuary","Texas","PRESENT",NA,"c3ad790a-d426-4ac1-8e32-da61f81f0117",28.052778,-97.136667,100,NA,NA,NA,0.1,0.1,"2007-12-17T12:27",17,12,2007,5208832,5208832,"HUMAN_OBSERVATION","TPWD","Aransas Bay Bag Seine","",NA,"",NA,"CC0_1_0","","",NA,NA,2025-02-06 18:23:32.449,"","CONTINENT_DERIVED_FROM_COORDINATES"
3404354882,"2473e9c3-624f-4cd6-bfc6-b476913790b5","Station_328_Date_16NOV2006:14:46:00.000_Gobiosoma_bosc","Animalia","Chordata",NA,"Perciformes","Gobiidae","Gobiosoma","Gobiosoma bosc",NA,"SPECIES","Gobiosoma bosc (Lacepède, 1800)","Gobiosoma bosc","(Lacepède, 1800)","US","Mission-Aransas Estuary","Texas","PRESENT",NA,"c3ad790a-d426-4ac1-8e32-da61f81f0117",27.898889,-97.132778,100,NA,NA,NA,0.3,0.3,"2006-11-16T14:46",16,11,2006,5208832,5208832,"HUMAN_OBSERVATION","TPWD","Aransas Bay Bag Seine","",NA,"",NA,"CC0_1_0","","",NA,NA,2025-02-06 18:23:33.167,"","CONTINENT_DERIVED_FROM_COORDINATES"
3404354526,"2473e9c3-624f-4cd6-bfc6-b476913790b5","Station_225_Date_29MAY2007:16:52:00.000_Gobiosoma_bosc","Animalia","Chordata",NA,"Perciformes","Gobiidae","Gobiosoma","Gobiosoma bosc",NA,"SPECIES","Gobiosoma bosc (Lacepède, 1800)","Gobiosoma bosc","(Lacepède, 1800)","US","Mission-Aransas Estuary","Texas","PRESENT",NA,"c3ad790a-d426-4ac1-8e32-da61f81f0117",28.051389,-96.940556,100,NA,NA,NA,0.35,0.35,"2007-05-29T16:52",29,5,2007,5208832,5208832,"HUMAN_OBSERVATION","TPWD","Aransas Bay Bag Seine","",NA,"",NA,"CC0_1_0","","",NA,NA,2025-02-06 18:23:32.982,"","CONTINENT_DERIVED_FROM_COORDINATES"
3404354511,"2473e9c3-624f-4cd6-bfc6-b476913790b5","Station_217_Date_20JUN2007:13:28:00.000_Gobiosoma_bosc","Animalia","Chordata",NA,"Perciformes","Gobiidae","Gobiosoma","Gobiosoma bosc",NA,"SPECIES","Gobiosoma bosc (Lacepède, 1800)","Gobiosoma bosc","(Lacepède, 1800)","US","Mission-Aransas Estuary","Texas","PRESENT",NA,"c3ad790a-d426-4ac1-8e32-da61f81f0117",28.066111,-97.095278,100,NA,NA,NA,0.35,0.15,"2007-06-20T13:28",20,6,2007,5208832,5208832,"HUMAN_OBSERVATION","TPWD","Aransas Bay Bag Seine","",NA,"",NA,"CC0_1_0","","",NA,NA,2025-02-06 18:23:32.973,"","CONTINENT_DERIVED_FROM_COORDINATES"
3404353772,"2473e9c3-624f-4cd6-bfc6-b476913790b5","Station_308_Date_23MAY2007:18:29:00.000_Gobiosoma_bosc","Animalia","Chordata",NA,"Perciformes","Gobiidae","Gobiosoma","Gobiosoma bosc",NA,"SPECIES","Gobiosoma bosc (Lacepède, 1800)","Gobiosoma bosc","(Lacepède, 1800)","US","Mission-Aransas Estuary","Texas","PRESENT",NA,"c3ad790a-d426-4ac1-8e32-da61f81f0117",27.934444,-97.001111,100,NA,NA,NA,0.65,0.15,"2007-05-23T18:29",23,5,2007,5208832,5208832,"HUMAN_OBSERVATION","TPWD","Aransas Bay Bag Seine","",NA,"",NA,"CC0_1_0","","",NA,NA,2025-02-06 18:23:32.443,"","CONTINENT_DERIVED_FROM_COORDINATES"
3404353686,"2473e9c3-624f-4cd6-bfc6-b476913790b5","Station_284_Date_03MAR2005:10:16:00.000_Gobiosoma_bosc","Animalia","Chordata",NA,"Perciformes","Gobiidae","Gobiosoma","Gobiosoma bosc",NA,"SPECIES","Gobiosoma bosc (Lacepède, 1800)","Gobiosoma bosc","(Lacepède, 1800)","US","Mission-Aransas Estuary","Texas","PRESENT",NA,"c3ad790a-d426-4ac1-8e32-da61f81f0117",27.973333,-97.085556,100,NA,NA,NA,0.25,0.25,"2005-03-03T10:16",3,3,2005,5208832,5208832,"HUMAN_OBSERVATION","TPWD","Aransas Bay Bag Seine","",NA,"",NA,"CC0_1_0","","",NA,NA,2025-02-06 18:23:32.411,"","CONTINENT_DERIVED_FROM_COORDINATES"
3404352753,"2473e9c3-624f-4cd6-bfc6-b476913790b5","Station_284_Date_09JUL2008:15:03:00.000_Gobiosoma_bosc","Animalia","Chordata",NA,"Perciformes","Gobiidae","Gobiosoma","Gobiosoma bosc",NA,"SPECIES","Gobiosoma bosc (Lacepède, 1800)","Gobiosoma bosc","(Lacepède, 1800)","US","Mission-Aransas Estuary","Texas","PRESENT",NA,"c3ad790a-d426-4ac1-8e32-da61f81f0117",27.971944,-97.085,100,NA,NA,NA,0.25,0.15,"2008-07-09T15:03",9,7,2008,5208832,5208832,"HUMAN_OBSERVATION","TPWD","Aransas Bay Bag Seine","",NA,"",NA,"CC0_1_0","","",NA,NA,2025-02-06 18:23:32.529,"","CONTINENT_DERIVED_FROM_COORDINATES"
3404351899,"2473e9c3-624f-4cd6-bfc6-b476913790b5","Station_338_Date_02SEP2005:08:35:00.000_Gobiosoma_bosc","Animalia","Chordata",NA,"Perciformes","Gobiidae","Gobiosoma","Gobiosoma bosc",NA,"SPECIES","Gobiosoma bosc (Lacepède, 1800)","Gobiosoma bosc","(Lacepède, 1800)","US","Mission-Aransas Estuary","Texas","PRESENT",NA,"c3ad790a-d426-4ac1-8e32-da61f81f0117",27.868056,-97.0825,100,NA,NA,NA,0.45,0.05,"2005-09-02T08:35",2,9,2005,5208832,5208832,"HUMAN_OBSERVATION","TPWD","Aransas Bay Bag Seine","",NA,"",NA,"CC0_1_0","","",NA,NA,2025-02-06 18:23:32.625,"","CONTINENT_DERIVED_FROM_COORDINATES"
3404351806,"2473e9c3-624f-4cd6-bfc6-b476913790b5","Station_311_Date_11AUG2008:12:00:00.000_Gobiosoma_bosc","Animalia","Chordata",NA,"Perciformes","Gobiidae","Gobiosoma","Gobiosoma bosc",NA,"SPECIES","Gobiosoma bosc (Lacepède, 1800)","Gobiosoma bosc","(Lacepède, 1800)","US","Mission-Aransas Estuary","Texas","PRESENT",NA,"c3ad790a-d426-4ac1-8e32-da61f81f0117",27.928611,-97.114722,100,NA,NA,NA,0.25,0.15,"2008-08-11T12:00",11,8,2008,5208832,5208832,"HUMAN_OBSERVATION","TPWD","Aransas Bay Bag Seine","",NA,"",NA,"CC0_1_0","","",NA,NA,2025-02-06 18:23:32.599,"","CONTINENT_DERIVED_FROM_COORDINATES"
3404351473,"2473e9c3-624f-4cd6-bfc6-b476913790b5","Station_212_Date_19SEP2005:17:12:00.000_Gobiosoma_bosc","Animalia","Chordata",NA,"Perciformes","Gobiidae","Gobiosoma","Gobiosoma bosc",NA,"SPECIES","Gobiosoma bosc (Lacepède, 1800)","Gobiosoma bosc","(Lacepède, 1800)","US","Mission-Aransas Estuary","Texas","PRESENT",NA,"c3ad790a-d426-4ac1-8e32-da61f81f0117",28.055556,-97.169167,100,NA,NA,NA,0.3,0,"2005-09-19T17:12",19,9,2005,5208832,5208832,"HUMAN_OBSERVATION","TPWD","Aransas Bay Bag Seine","",NA,"",NA,"CC0_1_0","","",NA,NA,2025-02-06 18:23:32.46,"","CONTINENT_DERIVED_FROM_COORDINATES"
3404350585,"2473e9c3-624f-4cd6-bfc6-b476913790b5","Station_280_Date_06JUN2007:14:51:00.000_Gobiosoma_bosc","Animalia","Chordata",NA,"Perciformes","Gobiidae","Gobiosoma","Gobiosoma bosc",NA,"SPECIES","Gobiosoma bosc (Lacepède, 1800)","Gobiosoma bosc","(Lacepède, 1800)","US","Mission-Aransas Estuary","Texas","PRESENT",NA,"c3ad790a-d426-4ac1-8e32-da61f81f0117",27.985556,-96.9675,100,NA,NA,NA,0.3,0,"2007-06-06T14:51",6,6,2007,5208832,5208832,"HUMAN_OBSERVATION","TPWD","Aransas Bay Bag Seine","",NA,"",NA,"CC0_1_0","","",NA,NA,2025-02-06 18:23:32.408,"","CONTINENT_DERIVED_FROM_COORDINATES"
3404349592,"2473e9c3-624f-4cd6-bfc6-b476913790b5","Station_271_Date_01AUG2006:07:48:00.000_Gobiosoma_bosc","Animalia","Chordata",NA,"Perciformes","Gobiidae","Gobiosoma","Gobiosoma bosc",NA,"SPECIES","Gobiosoma bosc (Lacepède, 1800)","Gobiosoma bosc","(Lacepède, 1800)","US","Mission-Aransas Estuary","Texas","PRESENT",NA,"c3ad790a-d426-4ac1-8e32-da61f81f0117",27.995,-97.174444,100,NA,NA,NA,0.3,0.1,"2006-08-01T07:48",1,8,2006,5208832,5208832,"HUMAN_OBSERVATION","TPWD","Aransas Bay Bag Seine","",NA,"",NA,"CC0_1_0","","",NA,NA,2025-02-06 18:23:33.052,"","CONTINENT_DERIVED_FROM_COORDINATES"
3404349373,"2473e9c3-624f-4cd6-bfc6-b476913790b5","Station_194_Date_01AUG2006:09:53:00.000_Gobiosoma_bosc","Animalia","Chordata",NA,"Perciformes","Gobiidae","Gobiosoma","Gobiosoma bosc",NA,"SPECIES","Gobiosoma bosc (Lacepède, 1800)","Gobiosoma bosc","(Lacepède, 1800)","US","Mission-Aransas Estuary","Texas","PRESENT",NA,"c3ad790a-d426-4ac1-8e32-da61f81f0117",28.07,-97.08,100,NA,NA,NA,0.3,0.3,"2006-08-01T09:53",1,8,2006,5208832,5208832,"HUMAN_OBSERVATION","TPWD","Aransas Bay Bag Seine","",NA,"",NA,"CC0_1_0","","",NA,NA,2025-02-06 18:23:32.947,"","CONTINENT_DERIVED_FROM_COORDINATES"
3404348886,"2473e9c3-624f-4cd6-bfc6-b476913790b5","Station_319_Date_01OCT2008:13:47:00.000_Gobiosoma_bosc","Animalia","Chordata",NA,"Perciformes","Gobiidae","Gobiosoma","Gobiosoma bosc",NA,"SPECIES","Gobiosoma bosc (Lacepède, 1800)","Gobiosoma bosc","(Lacepède, 1800)","US","Mission-Aransas Estuary","Texas","PRESENT",NA,"c3ad790a-d426-4ac1-8e32-da61f81f0117",27.903611,-97.126667,100,NA,NA,NA,0.2,0.1,"2008-10-01T13:47",1,10,2008,5208832,5208832,"HUMAN_OBSERVATION","TPWD","Aransas Bay Bag Seine","",NA,"",NA,"CC0_1_0","","",NA,NA,2025-02-06 18:23:32.41,"","CONTINENT_DERIVED_FROM_COORDINATES"
3404348016,"2473e9c3-624f-4cd6-bfc6-b476913790b5","Station_82_Date_19MAR2007:09:10:00.000_Gobiosoma_bosc","Animalia","Chordata",NA,"Perciformes","Gobiidae","Gobiosoma","Gobiosoma bosc",NA,"SPECIES","Gobiosoma bosc (Lacepède, 1800)","Gobiosoma bosc","(Lacepède, 1800)","US","Mission-Aransas Estuary","Texas","PRESENT",NA,"c3ad790a-d426-4ac1-8e32-da61f81f0117",27.860278,-97.082222,100,NA,NA,NA,0.2,0.2,"2007-03-19T09:10",19,3,2007,5208832,5208832,"HUMAN_OBSERVATION","TPWD","Aransas Bay Bag Seine","",NA,"",NA,"CC0_1_0","","",NA,NA,2025-02-06 18:23:32.367,"","CONTINENT_DERIVED_FROM_COORDINATES"
3404347960,"2473e9c3-624f-4cd6-bfc6-b476913790b5","Station_76_Date_30AUG2006:13:28:00.000_Gobiosoma_bosc","Animalia","Chordata",NA,"Perciformes","Gobiidae","Gobiosoma","Gobiosoma bosc",NA,"SPECIES","Gobiosoma bosc (Lacepède, 1800)","Gobiosoma bosc","(Lacepède, 1800)","US","Mission-Aransas Estuary","Texas","PRESENT",NA,"c3ad790a-d426-4ac1-8e32-da61f81f0117",27.851111,-97.171111,100,NA,NA,NA,0.3,0.3,"2006-08-30T13:28",30,8,2006,5208832,5208832,"HUMAN_OBSERVATION","TPWD","Aransas Bay Bag Seine","",NA,"",NA,"CC0_1_0","","",NA,NA,2025-02-06 18:23:32.35,"","CONTINENT_DERIVED_FROM_COORDINATES"
3404347808,"2473e9c3-624f-4cd6-bfc6-b476913790b5","Station_51_Date_08APR2008:11:02:00.000_Gobiosoma_bosc","Animalia","Chordata",NA,"Perciformes","Gobiidae","Gobiosoma","Gobiosoma bosc",NA,"SPECIES","Gobiosoma bosc (Lacepède, 1800)","Gobiosoma bosc","(Lacepède, 1800)","US","Mission-Aransas Estuary","Texas","PRESENT",NA,"c3ad790a-d426-4ac1-8e32-da61f81f0117",28.17,-96.945,100,NA,NA,NA,0.3,0.2,"2008-04-08T11:02",8,4,2008,5208832,5208832,"HUMAN_OBSERVATION","TPWD","Aransas Bay Bag Seine","",NA,"",NA,"CC0_1_0","","",NA,NA,2025-02-06 18:23:32.281,"","CONTINENT_DERIVED_FROM_COORDINATES"
3404347299,"2473e9c3-624f-4cd6-bfc6-b476913790b5","Station_128_Date_21FEB2005:11:06:00.000_Gobiosoma_bosc","Animalia","Chordata",NA,"Perciformes","Gobiidae","Gobiosoma","Gobiosoma bosc",NA,"SPECIES","Gobiosoma bosc (Lacepède, 1800)","Gobiosoma bosc","(Lacepède, 1800)","US","Mission-Aransas Estuary","Texas","PRESENT",NA,"c3ad790a-d426-4ac1-8e32-da61f81f0117",28.12,-96.884167,100,NA,NA,NA,0.5,0.1,"2005-02-21T11:06",21,2,2005,5208832,5208832,"HUMAN_OBSERVATION","TPWD","Aransas Bay Bag Seine","",NA,"",NA,"CC0_1_0","","",NA,NA,2025-02-06 18:23:32.876,"","CONTINENT_DERIVED_FROM_COORDINATES"
3404347147,"2473e9c3-624f-4cd6-bfc6-b476913790b5","Station_82_Date_28NOV2006:13:31:00.000_Gobiosoma_bosc","Animalia","Chordata",NA,"Perciformes","Gobiidae","Gobiosoma","Gobiosoma bosc",NA,"SPECIES","Gobiosoma bosc (Lacepède, 1800)","Gobiosoma bosc","(Lacepède, 1800)","US","Mission-Aransas Estuary","Texas","PRESENT",NA,"c3ad790a-d426-4ac1-8e32-da61f81f0117",27.860278,-97.0825,100,NA,NA,NA,0.2,0.2,"2006-11-28T13:31",28,11,2006,5208832,5208832,"HUMAN_OBSERVATION","TPWD","Aransas Bay Bag Seine","",NA,"",NA,"CC0_1_0","","",NA,NA,2025-02-06 18:23:32.794,"","CONTINENT_DERIVED_FROM_COORDINATES"
3404346955,"2473e9c3-624f-4cd6-bfc6-b476913790b5","Station_51_Date_24APR2006:14:32:00.000_Gobiosoma_bosc","Animalia","Chordata",NA,"Perciformes","Gobiidae","Gobiosoma","Gobiosoma bosc",NA,"SPECIES","Gobiosoma bosc (Lacepède, 1800)","Gobiosoma bosc","(Lacepède, 1800)","US","Mission-Aransas Estuary","Texas","PRESENT",NA,"c3ad790a-d426-4ac1-8e32-da61f81f0117",28.1775,-96.937778,100,NA,NA,NA,0.2,0.1,"2006-04-24T14:32",24,4,2006,5208832,5208832,"HUMAN_OBSERVATION","TPWD","Aransas Bay Bag Seine","",NA,"",NA,"CC0_1_0","","",NA,NA,2025-02-06 18:23:32.694,"","CONTINENT_DERIVED_FROM_COORDINATES"
3404346294,"2473e9c3-624f-4cd6-bfc6-b476913790b5","Station_145_Date_28DEC2005:10:57:00.000_Gobiosoma_bosc","Animalia","Chordata",NA,"Perciformes","Gobiidae","Gobiosoma","Gobiosoma bosc",NA,"SPECIES","Gobiosoma bosc (Lacepède, 1800)","Gobiosoma bosc","(Lacepède, 1800)","US","Mission-Aransas Estuary","Texas","PRESENT",NA,"c3ad790a-d426-4ac1-8e32-da61f81f0117",28.114444,-97.048056,100,NA,NA,NA,0.25,0.15,"2005-12-28T10:57",28,12,2005,5208832,5208832,"HUMAN_OBSERVATION","TPWD","Aransas Bay Bag Seine","",NA,"",NA,"CC0_1_0","","",NA,NA,2025-02-06 18:23:32.253,"","CONTINENT_DERIVED_FROM_COORDINATES"
3404346003,"2473e9c3-624f-4cd6-bfc6-b476913790b5","Station_66_Date_13JUN2006:18:27:00.000_Gobiosoma_bosc","Animalia","Chordata",NA,"Perciformes","Gobiidae","Gobiosoma","Gobiosoma bosc",NA,"SPECIES","Gobiosoma bosc (Lacepède, 1800)","Gobiosoma bosc","(Lacepède, 1800)","US","Mission-Aransas Estuary","Texas","PRESENT",NA,"c3ad790a-d426-4ac1-8e32-da61f81f0117",27.880556,-97.101667,100,NA,NA,NA,0.1,0.1,"2006-06-13T18:27",13,6,2006,5208832,5208832,"HUMAN_OBSERVATION","TPWD","Aransas Bay Bag Seine","",NA,"",NA,"CC0_1_0","","",NA,NA,2025-02-06 18:23:32.18,"","CONTINENT_DERIVED_FROM_COORDINATES"
3404345285,"2473e9c3-624f-4cd6-bfc6-b476913790b5","Station_127_Date_09DEC2008:11:38:00.000_Gobiosoma_bosc","Animalia","Chordata",NA,"Perciformes","Gobiidae","Gobiosoma","Gobiosoma bosc",NA,"SPECIES","Gobiosoma bosc (Lacepède, 1800)","Gobiosoma bosc","(Lacepède, 1800)","US","Mission-Aransas Estuary","Texas","PRESENT",NA,"c3ad790a-d426-4ac1-8e32-da61f81f0117",28.131389,-96.905,100,NA,NA,NA,0.2,0.1,"2008-12-09T11:38",9,12,2008,5208832,5208832,"HUMAN_OBSERVATION","TPWD","Aransas Bay Bag Seine","",NA,"",NA,"CC0_1_0","","",NA,NA,2025-02-06 18:23:32.27,"","CONTINENT_DERIVED_FROM_COORDINATES"
3404345085,"2473e9c3-624f-4cd6-bfc6-b476913790b5","Station_78_Date_19SEP2006:17:57:00.000_Gobiosoma_bosc","Animalia","Chordata",NA,"Perciformes","Gobiidae","Gobiosoma","Gobiosoma bosc",NA,"SPECIES","Gobiosoma bosc (Lacepède, 1800)","Gobiosoma bosc","(Lacepède, 1800)","US","Mission-Aransas Estuary","Texas","PRESENT",NA,"c3ad790a-d426-4ac1-8e32-da61f81f0117",27.854167,-97.137222,100,NA,NA,NA,0.15,0.15,"2006-09-19T17:57",19,9,2006,5208832,5208832,"HUMAN_OBSERVATION","TPWD","Aransas Bay Bag Seine","",NA,"",NA,"CC0_1_0","","",NA,NA,2025-02-06 18:23:32.226,"","CONTINENT_DERIVED_FROM_COORDINATES"
3404345053,"2473e9c3-624f-4cd6-bfc6-b476913790b5","Station_74_Date_26SEP2005:17:10:00.000_Gobiosoma_bosc","Animalia","Chordata",NA,"Perciformes","Gobiidae","Gobiosoma","Gobiosoma bosc",NA,"SPECIES","Gobiosoma bosc (Lacepède, 1800)","Gobiosoma bosc","(Lacepède, 1800)","US","Mission-Aransas Estuary","Texas","PRESENT",NA,"c3ad790a-d426-4ac1-8e32-da61f81f0117",28.165,-96.9475,100,NA,NA,NA,0.45,0.15,"2005-09-26T17:10",26,9,2005,5208832,5208832,"HUMAN_OBSERVATION","TPWD","Aransas Bay Bag Seine","",NA,"",NA,"CC0_1_0","","",NA,NA,2025-02-06 18:23:32.219,"","CONTINENT_DERIVED_FROM_COORDINATES"
3404343285,"2473e9c3-624f-4cd6-bfc6-b476913790b5","Station_125_Date_25OCT2005:14:35:00.000_Gobiosoma_bosc","Animalia","Chordata",NA,"Perciformes","Gobiidae","Gobiosoma","Gobiosoma bosc",NA,"SPECIES","Gobiosoma bosc (Lacepède, 1800)","Gobiosoma bosc","(Lacepède, 1800)","US","Mission-Aransas Estuary","Texas","PRESENT",NA,"c3ad790a-d426-4ac1-8e32-da61f81f0117",28.122778,-96.946944,100,NA,NA,NA,0.35,0.05,"2005-10-25T14:35",25,10,2005,5208832,5208832,"HUMAN_OBSERVATION","TPWD","Aransas Bay Bag Seine","",NA,"",NA,"CC0_1_0","","",NA,NA,2025-02-06 18:23:32.395,"","CONTINENT_DERIVED_FROM_COORDINATES"
3404343133,"2473e9c3-624f-4cd6-bfc6-b476913790b5","Station_82_Date_10MAY2005:17:05:00.000_Gobiosoma_bosc","Animalia","Chordata",NA,"Perciformes","Gobiidae","Gobiosoma","Gobiosoma bosc",NA,"SPECIES","Gobiosoma bosc (Lacepède, 1800)","Gobiosoma bosc","(Lacepède, 1800)","US","Mission-Aransas Estuary","Texas","PRESENT",NA,"c3ad790a-d426-4ac1-8e32-da61f81f0117",27.860556,-97.0825,100,NA,NA,NA,0.4,0.4,"2005-05-10T17:05",10,5,2005,5208832,5208832,"HUMAN_OBSERVATION","TPWD","Aransas Bay Bag Seine","",NA,"",NA,"CC0_1_0","","",NA,NA,2025-02-06 18:23:32.358,"","CONTINENT_DERIVED_FROM_COORDINATES"
3404342978,"2473e9c3-624f-4cd6-bfc6-b476913790b5","Station_63_Date_03APR2007:12:32:00.000_Gobiosoma_bosc","Animalia","Chordata",NA,"Perciformes","Gobiidae","Gobiosoma","Gobiosoma bosc",NA,"SPECIES","Gobiosoma bosc (Lacepède, 1800)","Gobiosoma bosc","(Lacepède, 1800)","US","Mission-Aransas Estuary","Texas","PRESENT",NA,"c3ad790a-d426-4ac1-8e32-da61f81f0117",27.875556,-97.150833,100,NA,NA,NA,0.15,0.15,"2007-04-03T12:32",3,4,2007,5208832,5208832,"HUMAN_OBSERVATION","TPWD","Aransas Bay Bag Seine","",NA,"",NA,"CC0_1_0","","",NA,NA,2025-02-06 18:23:32.325,"","CONTINENT_DERIVED_FROM_COORDINATES"
3404341943,"2473e9c3-624f-4cd6-bfc6-b476913790b5","Station_63_Date_23MAY2006:18:22:00.000_Gobiosoma_bosc","Animalia","Chordata",NA,"Perciformes","Gobiidae","Gobiosoma","Gobiosoma bosc",NA,"SPECIES","Gobiosoma bosc (Lacepède, 1800)","Gobiosoma bosc","(Lacepède, 1800)","US","Mission-Aransas Estuary","Texas","PRESENT",NA,"c3ad790a-d426-4ac1-8e32-da61f81f0117",27.870833,-97.154167,100,NA,NA,NA,0.1,0.1,"2006-05-23T18:22",23,5,2006,5208832,5208832,"HUMAN_OBSERVATION","TPWD","Aransas Bay Bag Seine","",NA,"",NA,"CC0_1_0","","",NA,NA,2025-02-06 18:23:32.193,"","CONTINENT_DERIVED_FROM_COORDINATES"
3404340986,"2473e9c3-624f-4cd6-bfc6-b476913790b5","Station_56_Date_08JAN2008:13:31:00.000_Gobiosoma_bosc","Animalia","Chordata",NA,"Perciformes","Gobiidae","Gobiosoma","Gobiosoma bosc",NA,"SPECIES","Gobiosoma bosc (Lacepède, 1800)","Gobiosoma bosc","(Lacepède, 1800)","US","Mission-Aransas Estuary","Texas","PRESENT",NA,"c3ad790a-d426-4ac1-8e32-da61f81f0117",27.8875,-97.113333,100,NA,NA,NA,0.2,0.2,"2008-01-08T13:31",8,1,2008,5208832,5208832,"HUMAN_OBSERVATION","TPWD","Aransas Bay Bag Seine","",NA,"",NA,"CC0_1_0","","",NA,NA,2025-02-06 18:23:32.295,"","CONTINENT_DERIVED_FROM_COORDINATES"
3404340930,"2473e9c3-624f-4cd6-bfc6-b476913790b5","Station_35_Date_18JUN2008:17:57:00.000_Gobiosoma_bosc","Animalia","Chordata",NA,"Perciformes","Gobiidae","Gobiosoma","Gobiosoma bosc",NA,"SPECIES","Gobiosoma bosc (Lacepède, 1800)","Gobiosoma bosc","(Lacepède, 1800)","US","Mission-Aransas Estuary","Texas","PRESENT",NA,"c3ad790a-d426-4ac1-8e32-da61f81f0117",28.190278,-96.925833,100,NA,NA,NA,0.45,0.05,"2008-06-18T17:57",18,6,2008,5208832,5208832,"HUMAN_OBSERVATION","TPWD","Aransas Bay Bag Seine","",NA,"",NA,"CC0_1_0","","",NA,NA,2025-02-06 18:23:32.269,"","CONTINENT_DERIVED_FROM_COORDINATES"
3404339405,"2473e9c3-624f-4cd6-bfc6-b476913790b5","Station_23_Date_25OCT2005:16:15:00.000_Gobiosoma_bosc","Animalia","Chordata",NA,"Perciformes","Gobiidae","Gobiosoma","Gobiosoma bosc",NA,"SPECIES","Gobiosoma bosc (Lacepède, 1800)","Gobiosoma bosc","(Lacepède, 1800)","US","Mission-Aransas Estuary","Texas","PRESENT",NA,"c3ad790a-d426-4ac1-8e32-da61f81f0117",28.208611,-96.958611,100,NA,NA,NA,0.3,0.1,"2005-10-25T16:15",25,10,2005,5208832,5208832,"HUMAN_OBSERVATION","TPWD","Aransas Bay Bag Seine","",NA,"",NA,"CC0_1_0","","",NA,NA,2025-02-06 18:23:32.291,"","CONTINENT_DERIVED_FROM_COORDINATES"
3404339210,"2473e9c3-624f-4cd6-bfc6-b476913790b5","Station_97_Date_11MAR2008:11:15:00.000_Gobiosoma_bosc","Animalia","Chordata",NA,"Perciformes","Gobiidae","Gobiosoma","Gobiosoma bosc",NA,"SPECIES","Gobiosoma bosc (Lacepède, 1800)","Gobiosoma bosc","(Lacepède, 1800)","US","Mission-Aransas Estuary","Texas","PRESENT",NA,"c3ad790a-d426-4ac1-8e32-da61f81f0117",28.142222,-96.975278,100,NA,NA,NA,0.2,0.1,"2008-03-11T11:15",11,3,2008,5208832,5208832,"HUMAN_OBSERVATION","TPWD","Aransas Bay Bag Seine","",NA,"",NA,"CC0_1_0","","",NA,NA,2025-02-06 18:23:32.221,"","CONTINENT_DERIVED_FROM_COORDINATES"
3404339139,"2473e9c3-624f-4cd6-bfc6-b476913790b5","Station_81_Date_06MAR2008:09:02:00.000_Gobiosoma_bosc","Animalia","Chordata",NA,"Perciformes","Gobiidae","Gobiosoma","Gobiosoma bosc",NA,"SPECIES","Gobiosoma bosc (Lacepède, 1800)","Gobiosoma bosc","(Lacepède, 1800)","US","Mission-Aransas Estuary","Texas","PRESENT",NA,"c3ad790a-d426-4ac1-8e32-da61f81f0117",27.865556,-97.085833,100,NA,NA,NA,0.5,0.5,"2008-03-06T09:02",6,3,2008,5208832,5208832,"HUMAN_OBSERVATION","TPWD","Aransas Bay Bag Seine","",NA,"",NA,"CC0_1_0","","",NA,NA,2025-02-06 18:23:32.206,"","CONTINENT_DERIVED_FROM_COORDINATES"
3404339074,"2473e9c3-624f-4cd6-bfc6-b476913790b5","Station_70_Date_03DEC2008:11:24:00.000_Gobiosoma_bosc","Animalia","Chordata",NA,"Perciformes","Gobiidae","Gobiosoma","Gobiosoma bosc",NA,"SPECIES","Gobiosoma bosc (Lacepède, 1800)","Gobiosoma bosc","(Lacepède, 1800)","US","Mission-Aransas Estuary","Texas","PRESENT",NA,"c3ad790a-d426-4ac1-8e32-da61f81f0117",28.161944,-97.018611,100,NA,NA,NA,0.15,0.15,"2008-12-03T11:24",3,12,2008,5208832,5208832,"HUMAN_OBSERVATION","TPWD","Aransas Bay Bag Seine","",NA,"",NA,"CC0_1_0","","",NA,NA,2025-02-06 18:23:32.184,"","CONTINENT_DERIVED_FROM_COORDINATES"
3404329179,"2473e9c3-624f-4cd6-bfc6-b476913790b5","Station_14_Date_28JUL2005:12:00:00.000_Gobiosoma_bosc","Animalia","Chordata",NA,"Perciformes","Gobiidae","Gobiosoma","Gobiosoma bosc",NA,"SPECIES","Gobiosoma bosc (Lacepède, 1800)","Gobiosoma bosc","(Lacepède, 1800)","US","Mission-Aransas Estuary","Texas","PRESENT",NA,"c3ad790a-d426-4ac1-8e32-da61f81f0117",28.22,-96.941944,100,NA,NA,NA,0.25,0.25,"2005-07-28T12:00",28,7,2005,5208832,5208832,"HUMAN_OBSERVATION","TPWD","Aransas Bay Bag Seine","",NA,"",NA,"CC0_1_0","","",NA,NA,2025-02-06 18:23:32.112,"","CONTINENT_DERIVED_FROM_COORDINATES"
3404033386,"836204c6-f8ca-49f3-be9a-afbae64ae72c","Station_385_Date_02OCT2006:12:08:00.000_Gobiosoma_bosc","Animalia","Chordata",NA,"Perciformes","Gobiidae","Gobiosoma","Gobiosoma bosc",NA,"SPECIES","Gobiosoma bosc (Lacepède, 1800)","Gobiosoma bosc","(Lacepède, 1800)","US","Lower Laguna Madre Estuary","Texas","PRESENT",NA,"c3ad790a-d426-4ac1-8e32-da61f81f0117",26.017222,-97.187778,100,NA,NA,NA,0.25,0.15,"2006-10-02T12:08",2,10,2006,5208832,5208832,"HUMAN_OBSERVATION","TPWD","Lower Laguna Madre Bag Seine","",NA,"",NA,"CC0_1_0","","",NA,NA,2025-02-06 20:42:38.172,"","CONTINENT_DERIVED_FROM_COORDINATES"
3404024364,"836204c6-f8ca-49f3-be9a-afbae64ae72c","Station_373_Date_10MAY2005:18:21:00.000_Gobiosoma_bosc","Animalia","Chordata",NA,"Perciformes","Gobiidae","Gobiosoma","Gobiosoma bosc",NA,"SPECIES","Gobiosoma bosc (Lacepède, 1800)","Gobiosoma bosc","(Lacepède, 1800)","US","Lower Laguna Madre Estuary","Texas","PRESENT",NA,"c3ad790a-d426-4ac1-8e32-da61f81f0117",26.046111,-97.197222,100,NA,NA,NA,0.15,0.15,"2005-05-10T18:21",10,5,2005,5208832,5208832,"HUMAN_OBSERVATION","TPWD","Lower Laguna Madre Bag Seine","",NA,"",NA,"CC0_1_0","","",NA,NA,2025-02-06 20:42:38.425,"","CONTINENT_DERIVED_FROM_COORDINATES"
3404023215,"836204c6-f8ca-49f3-be9a-afbae64ae72c","Station_309_Date_12JUN2007:18:45:00.000_Gobiosoma_bosc","Animalia","Chordata",NA,"Perciformes","Gobiidae","Gobiosoma","Gobiosoma bosc",NA,"SPECIES","Gobiosoma bosc (Lacepède, 1800)","Gobiosoma bosc","(Lacepède, 1800)","US","Lower Laguna Madre Estuary","Texas","PRESENT",NA,"c3ad790a-d426-4ac1-8e32-da61f81f0117",26.116944,-97.285556,100,NA,NA,NA,0.1,0.1,"2007-06-12T18:45",12,6,2007,5208832,5208832,"HUMAN_OBSERVATION","TPWD","Lower Laguna Madre Bag Seine","",NA,"",NA,"CC0_1_0","","",NA,NA,2025-02-06 20:42:38.129,"","CONTINENT_DERIVED_FROM_COORDINATES"
3404021297,"836204c6-f8ca-49f3-be9a-afbae64ae72c","Station_373_Date_22JAN2008:12:13:00.000_Gobiosoma_bosc","Animalia","Chordata",NA,"Perciformes","Gobiidae","Gobiosoma","Gobiosoma bosc",NA,"SPECIES","Gobiosoma bosc (Lacepède, 1800)","Gobiosoma bosc","(Lacepède, 1800)","US","Lower Laguna Madre Estuary","Texas","PRESENT",NA,"c3ad790a-d426-4ac1-8e32-da61f81f0117",26.045,-97.191111,100,NA,NA,NA,0.1,0.1,"2008-01-22T12:13",22,1,2008,5208832,5208832,"HUMAN_OBSERVATION","TPWD","Lower Laguna Madre Bag Seine","",NA,"",NA,"CC0_1_0","","",NA,NA,2025-02-06 20:42:38.426,"","CONTINENT_DERIVED_FROM_COORDINATES"
3404018227,"836204c6-f8ca-49f3-be9a-afbae64ae72c","Station_335_Date_22MAY2006:11:45:00.000_Gobiosoma_bosc","Animalia","Chordata",NA,"Perciformes","Gobiidae","Gobiosoma","Gobiosoma bosc",NA,"SPECIES","Gobiosoma bosc (Lacepède, 1800)","Gobiosoma bosc","(Lacepède, 1800)","US","Lower Laguna Madre Estuary","Texas","PRESENT",NA,"c3ad790a-d426-4ac1-8e32-da61f81f0117",26.085,-97.170278,100,NA,NA,NA,0.1,0.1,"2006-05-22T11:45",22,5,2006,5208832,5208832,"HUMAN_OBSERVATION","TPWD","Lower Laguna Madre Bag Seine","",NA,"",NA,"CC0_1_0","","",NA,NA,2025-02-06 20:42:38.394,"","CONTINENT_DERIVED_FROM_COORDINATES"
3404017853,"836204c6-f8ca-49f3-be9a-afbae64ae72c","Station_146_Date_01APR2008:12:01:00.000_Gobiosoma_bosc","Animalia","Chordata",NA,"Perciformes","Gobiidae","Gobiosoma","Gobiosoma bosc",NA,"SPECIES","Gobiosoma bosc (Lacepède, 1800)","Gobiosoma bosc","(Lacepède, 1800)","US","Lower Laguna Madre Estuary","Texas","PRESENT",NA,"c3ad790a-d426-4ac1-8e32-da61f81f0117",26.440278,-97.361667,100,NA,NA,NA,0.15,0.15,"2008-04-01T12:01",1,4,2008,5208832,5208832,"HUMAN_OBSERVATION","TPWD","Lower Laguna Madre Bag Seine","",NA,"",NA,"CC0_1_0","","",NA,NA,2025-02-06 20:42:38.197,"","CONTINENT_DERIVED_FROM_COORDINATES"
3404017835,"836204c6-f8ca-49f3-be9a-afbae64ae72c","Station_120_Date_16APR2007:11:34:00.000_Gobiosoma_bosc","Animalia","Chordata",NA,"Perciformes","Gobiidae","Gobiosoma","Gobiosoma bosc",NA,"SPECIES","Gobiosoma bosc (Lacepède, 1800)","Gobiosoma bosc","(Lacepède, 1800)","US","Lower Laguna Madre Estuary","Texas","PRESENT",NA,"c3ad790a-d426-4ac1-8e32-da61f81f0117",26.494444,-97.389167,100,NA,NA,NA,0.1,0.1,"2007-04-16T11:34",16,4,2007,5208832,5208832,"HUMAN_OBSERVATION","TPWD","Lower Laguna Madre Bag Seine","",NA,"",NA,"CC0_1_0","","",NA,NA,2025-02-06 20:42:38.184,"","CONTINENT_DERIVED_FROM_COORDINATES"
3404017011,"836204c6-f8ca-49f3-be9a-afbae64ae72c","Station_301_Date_04NOV2008:16:17:00.000_Gobiosoma_bosc","Animalia","Chordata",NA,"Perciformes","Gobiidae","Gobiosoma","Gobiosoma bosc",NA,"SPECIES","Gobiosoma bosc (Lacepède, 1800)","Gobiosoma bosc","(Lacepède, 1800)","US","Lower Laguna Madre Estuary","Texas","PRESENT",NA,"c3ad790a-d426-4ac1-8e32-da61f81f0117",26.143611,-97.276944,100,NA,NA,NA,0.15,0.15,"2008-11-04T16:17",4,11,2008,5208832,5208832,"HUMAN_OBSERVATION","TPWD","Lower Laguna Madre Bag Seine","",NA,"",NA,"CC0_1_0","","",NA,NA,2025-02-06 20:42:38.119,"","CONTINENT_DERIVED_FROM_COORDINATES"
3404016195,"836204c6-f8ca-49f3-be9a-afbae64ae72c","Station_301_Date_21AUG2006:11:24:00.000_Gobiosoma_bosc","Animalia","Chordata",NA,"Perciformes","Gobiidae","Gobiosoma","Gobiosoma bosc",NA,"SPECIES","Gobiosoma bosc (Lacepède, 1800)","Gobiosoma bosc","(Lacepède, 1800)","US","Lower Laguna Madre Estuary","Texas","PRESENT",NA,"c3ad790a-d426-4ac1-8e32-da61f81f0117",26.144167,-97.278056,100,NA,NA,NA,0.2,0.2,"2006-08-21T11:24",21,8,2006,5208832,5208832,"HUMAN_OBSERVATION","TPWD","Lower Laguna Madre Bag Seine","",NA,"",NA,"CC0_1_0","","",NA,NA,2025-02-06 20:42:38.349,"","CONTINENT_DERIVED_FROM_COORDINATES"
3404016134,"836204c6-f8ca-49f3-be9a-afbae64ae72c","Station_275_Date_28MAY2007:13:40:00.000_Gobiosoma_bosc","Animalia","Chordata",NA,"Perciformes","Gobiidae","Gobiosoma","Gobiosoma bosc",NA,"SPECIES","Gobiosoma bosc (Lacepède, 1800)","Gobiosoma bosc","(Lacepède, 1800)","US","Lower Laguna Madre Estuary","Texas","PRESENT",NA,"c3ad790a-d426-4ac1-8e32-da61f81f0117",26.1875,-97.294444,100,NA,NA,NA,0.25,0.15,"2007-05-28T13:40",28,5,2007,5208832,5208832,"HUMAN_OBSERVATION","TPWD","Lower Laguna Madre Bag Seine","",NA,"",NA,"CC0_1_0","","",NA,NA,2025-02-06 20:42:38.308,"","CONTINENT_DERIVED_FROM_COORDINATES"
3404015190,"836204c6-f8ca-49f3-be9a-afbae64ae72c","Station_335_Date_06JUN2006:17:56:00.000_Gobiosoma_bosc","Animalia","Chordata",NA,"Perciformes","Gobiidae","Gobiosoma","Gobiosoma bosc",NA,"SPECIES","Gobiosoma bosc (Lacepède, 1800)","Gobiosoma bosc","(Lacepède, 1800)","US","Lower Laguna Madre Estuary","Texas","PRESENT",NA,"c3ad790a-d426-4ac1-8e32-da61f81f0117",26.085,-97.17,100,NA,NA,NA,0.15,0.15,"2006-06-06T17:56",6,6,2006,5208832,5208832,"HUMAN_OBSERVATION","TPWD","Lower Laguna Madre Bag Seine","",NA,"",NA,"CC0_1_0","","",NA,NA,2025-02-06 20:42:38.587,"","CONTINENT_DERIVED_FROM_COORDINATES"
3404015053,"836204c6-f8ca-49f3-be9a-afbae64ae72c","Station_283_Date_20NOV2006:13:58:00.000_Gobiosoma_bosc","Animalia","Chordata",NA,"Perciformes","Gobiidae","Gobiosoma","Gobiosoma bosc",NA,"SPECIES","Gobiosoma bosc (Lacepède, 1800)","Gobiosoma bosc","(Lacepède, 1800)","US","Lower Laguna Madre Estuary","Texas","PRESENT",NA,"c3ad790a-d426-4ac1-8e32-da61f81f0117",26.179444,-97.299444,100,NA,NA,NA,0.1,0.1,"2006-11-20T13:58",20,11,2006,5208832,5208832,"HUMAN_OBSERVATION","TPWD","Lower Laguna Madre Bag Seine","",NA,"",NA,"CC0_1_0","","",NA,NA,2025-02-06 20:42:38.505,"","CONTINENT_DERIVED_FROM_COORDINATES"
3404014718,"836204c6-f8ca-49f3-be9a-afbae64ae72c","Station_90_Date_12JUN2007:18:30:00.000_Gobiosoma_bosc","Animalia","Chordata",NA,"Perciformes","Gobiidae","Gobiosoma","Gobiosoma bosc",NA,"SPECIES","Gobiosoma bosc (Lacepède, 1800)","Gobiosoma bosc","(Lacepède, 1800)","US","Lower Laguna Madre Estuary","Texas","PRESENT",NA,"c3ad790a-d426-4ac1-8e32-da61f81f0117",26.559167,-97.374444,100,NA,NA,NA,0.05,0.05,"2007-06-12T18:30",12,6,2007,5208832,5208832,"HUMAN_OBSERVATION","TPWD","Lower Laguna Madre Bag Seine","",NA,"",NA,"CC0_1_0","","",NA,NA,2025-02-06 20:42:38.353,"","CONTINENT_DERIVED_FROM_COORDINATES"
3404006124,"836204c6-f8ca-49f3-be9a-afbae64ae72c","Station_20_Date_21OCT2008:17:18:00.000_Gobiosoma_bosc","Animalia","Chordata",NA,"Perciformes","Gobiidae","Gobiosoma","Gobiosoma bosc",NA,"SPECIES","Gobiosoma bosc (Lacepède, 1800)","Gobiosoma bosc","(Lacepède, 1800)","US","Lower Laguna Madre Estuary","Texas","PRESENT",NA,"c3ad790a-d426-4ac1-8e32-da61f81f0117",26.740278,-97.468611,100,NA,NA,NA,0.25,0.25,"2008-10-21T17:18",21,10,2008,5208832,5208832,"HUMAN_OBSERVATION","TPWD","Lower Laguna Madre Bag Seine","",NA,"",NA,"CC0_1_0","","",NA,NA,2025-02-06 20:42:37.738,"","CONTINENT_DERIVED_FROM_COORDINATES"
3403862133,"836204c6-f8ca-49f3-be9a-afbae64ae72c","Station_292_Date_12JUN2007:18:53:00.000_Gobiosoma_bosc","Animalia","Chordata",NA,"Perciformes","Gobiidae","Gobiosoma","Gobiosoma bosc",NA,"SPECIES","Gobiosoma bosc (Lacepède, 1800)","Gobiosoma bosc","(Lacepède, 1800)","US","Lower Laguna Madre Estuary","Texas","PRESENT",NA,"c3ad790a-d426-4ac1-8e32-da61f81f0117",26.158056,-97.291944,100,NA,NA,NA,0.25,0.15,"2007-06-12T18:53",12,6,2007,5208832,5208832,"HUMAN_OBSERVATION","TPWD","Lower Laguna Madre Bag Seine","",NA,"",NA,"CC0_1_0","","",NA,NA,2025-02-06 20:42:38.331,"","CONTINENT_DERIVED_FROM_COORDINATES"
3403861769,"836204c6-f8ca-49f3-be9a-afbae64ae72c","Station_90_Date_29NOV2005:11:44:00.000_Gobiosoma_bosc","Animalia","Chordata",NA,"Perciformes","Gobiidae","Gobiosoma","Gobiosoma bosc",NA,"SPECIES","Gobiosoma bosc (Lacepède, 1800)","Gobiosoma bosc","(Lacepède, 1800)","US","Lower Laguna Madre Estuary","Texas","PRESENT",NA,"c3ad790a-d426-4ac1-8e32-da61f81f0117",26.559444,-97.3675,100,NA,NA,NA,0.3,0.3,"2005-11-29T11:44",29,11,2005,5208832,5208832,"HUMAN_OBSERVATION","TPWD","Lower Laguna Madre Bag Seine","",NA,"",NA,"CC0_1_0","","",NA,NA,2025-02-06 20:42:38.15,"","CONTINENT_DERIVED_FROM_COORDINATES"
3403861009,"836204c6-f8ca-49f3-be9a-afbae64ae72c","Station_224_Date_04APR2005:10:40:00.000_Gobiosoma_bosc","Animalia","Chordata",NA,"Perciformes","Gobiidae","Gobiosoma","Gobiosoma bosc",NA,"SPECIES","Gobiosoma bosc (Lacepède, 1800)","Gobiosoma bosc","(Lacepède, 1800)","US","Lower Laguna Madre Estuary","Texas","PRESENT",NA,"c3ad790a-d426-4ac1-8e32-da61f81f0117",26.298056,-97.304722,100,NA,NA,NA,0.1,0.1,"2005-04-04T10:40",4,4,2005,5208832,5208832,"HUMAN_OBSERVATION","TPWD","Lower Laguna Madre Bag Seine","",NA,"",NA,"CC0_1_0","","",NA,NA,2025-02-06 20:42:38.03,"","CONTINENT_DERIVED_FROM_COORDINATES"
3403860989,"836204c6-f8ca-49f3-be9a-afbae64ae72c","Station_217_Date_02MAY2005:18:19:00.000_Gobiosoma_bosc","Animalia","Chordata",NA,"Perciformes","Gobiidae","Gobiosoma","Gobiosoma bosc",NA,"SPECIES","Gobiosoma bosc (Lacepède, 1800)","Gobiosoma bosc","(Lacepède, 1800)","US","Lower Laguna Madre Estuary","Texas","PRESENT",NA,"c3ad790a-d426-4ac1-8e32-da61f81f0117",26.309167,-97.305556,100,NA,NA,NA,0.15,0.15,"2005-05-02T18:19",2,5,2005,5208832,5208832,"HUMAN_OBSERVATION","TPWD","Lower Laguna Madre Bag Seine","",NA,"",NA,"CC0_1_0","","",NA,NA,2025-02-06 20:42:38.023,"","CONTINENT_DERIVED_FROM_COORDINATES"
3403860067,"836204c6-f8ca-49f3-be9a-afbae64ae72c","Station_270_Date_11SEP2006:17:33:00.000_Gobiosoma_bosc","Animalia","Chordata",NA,"Perciformes","Gobiidae","Gobiosoma","Gobiosoma bosc",NA,"SPECIES","Gobiosoma bosc (Lacepède, 1800)","Gobiosoma bosc","(Lacepède, 1800)","US","Lower Laguna Madre Estuary","Texas","PRESENT",NA,"c3ad790a-d426-4ac1-8e32-da61f81f0117",26.201667,-97.265278,100,NA,NA,NA,0.15,0.15,"2006-09-11T17:33",11,9,2006,5208832,5208832,"HUMAN_OBSERVATION","TPWD","Lower Laguna Madre Bag Seine","",NA,"",NA,"CC0_1_0","","",NA,NA,2025-02-06 20:42:38.3,"","CONTINENT_DERIVED_FROM_COORDINATES"
3403859811,"836204c6-f8ca-49f3-be9a-afbae64ae72c","Station_113_Date_05AUG2008:14:10:00.000_Gobiosoma_bosc","Animalia","Chordata",NA,"Perciformes","Gobiidae","Gobiosoma","Gobiosoma bosc",NA,"SPECIES","Gobiosoma bosc (Lacepède, 1800)","Gobiosoma bosc","(Lacepède, 1800)","US","Lower Laguna Madre Estuary","Texas","PRESENT",NA,"c3ad790a-d426-4ac1-8e32-da61f81f0117",26.514722,-97.396389,100,NA,NA,NA,0.2,0.2,"2008-08-05T14:10",5,8,2008,5208832,5208832,"HUMAN_OBSERVATION","TPWD","Lower Laguna Madre Bag Seine","",NA,"",NA,"CC0_1_0","","",NA,NA,2025-02-06 20:42:38.172,"","CONTINENT_DERIVED_FROM_COORDINATES"
3403859140,"836204c6-f8ca-49f3-be9a-afbae64ae72c","Station_300_Date_14MAR2007:12:53:00.000_Gobiosoma_bosc","Animalia","Chordata",NA,"Perciformes","Gobiidae","Gobiosoma","Gobiosoma bosc",NA,"SPECIES","Gobiosoma bosc (Lacepède, 1800)","Gobiosoma bosc","(Lacepède, 1800)","US","Lower Laguna Madre Estuary","Texas","PRESENT",NA,"c3ad790a-d426-4ac1-8e32-da61f81f0117",26.136389,-97.291944,100,NA,NA,NA,0.15,0.15,"2007-03-14T12:53",14,3,2007,5208832,5208832,"HUMAN_OBSERVATION","TPWD","Lower Laguna Madre Bag Seine","",NA,"",NA,"CC0_1_0","","",NA,NA,2025-02-06 20:42:38.518,"","CONTINENT_DERIVED_FROM_COORDINATES"
3403858785,"836204c6-f8ca-49f3-be9a-afbae64ae72c","Station_104_Date_26SEP2005:16:29:00.000_Gobiosoma_bosc","Animalia","Chordata",NA,"Perciformes","Gobiidae","Gobiosoma","Gobiosoma bosc",NA,"SPECIES","Gobiosoma bosc (Lacepède, 1800)","Gobiosoma bosc","(Lacepède, 1800)","US","Lower Laguna Madre Estuary","Texas","PRESENT",NA,"c3ad790a-d426-4ac1-8e32-da61f81f0117",26.531111,-97.420278,100,NA,NA,NA,0.25,0.25,"2005-09-26T16:29",26,9,2005,5208832,5208832,"HUMAN_OBSERVATION","TPWD","Lower Laguna Madre Bag Seine","",NA,"",NA,"CC0_1_0","","",NA,NA,2025-02-06 20:42:38.367,"","CONTINENT_DERIVED_FROM_COORDINATES"
3403858747,"836204c6-f8ca-49f3-be9a-afbae64ae72c","Station_88_Date_07NOV2006:15:10:00.000_Gobiosoma_bosc","Animalia","Chordata",NA,"Perciformes","Gobiidae","Gobiosoma","Gobiosoma bosc",NA,"SPECIES","Gobiosoma bosc (Lacepède, 1800)","Gobiosoma bosc","(Lacepède, 1800)","US","Lower Laguna Madre Estuary","Texas","PRESENT",NA,"c3ad790a-d426-4ac1-8e32-da61f81f0117",26.563056,-97.400278,100,NA,NA,NA,0.2,0.2,"2006-11-07T15:10",7,11,2006,5208832,5208832,"HUMAN_OBSERVATION","TPWD","Lower Laguna Madre Bag Seine","",NA,"",NA,"CC0_1_0","","",NA,NA,2025-02-06 20:42:38.329,"","CONTINENT_DERIVED_FROM_COORDINATES"
3403857692,"836204c6-f8ca-49f3-be9a-afbae64ae72c","Station_73_Date_19AUG2008:11:07:00.000_Gobiosoma_bosc","Animalia","Chordata",NA,"Perciformes","Gobiidae","Gobiosoma","Gobiosoma bosc",NA,"SPECIES","Gobiosoma bosc (Lacepède, 1800)","Gobiosoma bosc","(Lacepède, 1800)","US","Lower Laguna Madre Estuary","Texas","PRESENT",NA,"c3ad790a-d426-4ac1-8e32-da61f81f0117",26.594444,-97.436111,100,NA,NA,NA,0.15,0.15,"2008-08-19T11:07",19,8,2008,5208832,5208832,"HUMAN_OBSERVATION","TPWD","Lower Laguna Madre Bag Seine","",NA,"",NA,"CC0_1_0","","",NA,NA,2025-02-06 20:42:38.313,"","CONTINENT_DERIVED_FROM_COORDINATES"
3403857253,"836204c6-f8ca-49f3-be9a-afbae64ae72c","Station_349_Date_20MAR2007:10:44:00.000_Gobiosoma_bosc","Animalia","Chordata",NA,"Perciformes","Gobiidae","Gobiosoma","Gobiosoma bosc",NA,"SPECIES","Gobiosoma bosc (Lacepède, 1800)","Gobiosoma bosc","(Lacepède, 1800)","US","Lower Laguna Madre Estuary","Texas","PRESENT",NA,"c3ad790a-d426-4ac1-8e32-da61f81f0117",26.068333,-97.164167,100,NA,NA,NA,0.1,0.1,"2007-03-20T10:44",20,3,2007,5208832,5208832,"HUMAN_OBSERVATION","TPWD","Lower Laguna Madre Bag Seine","",NA,"",NA,"CC0_1_0","","",NA,NA,2025-02-06 20:42:38.163,"","CONTINENT_DERIVED_FROM_COORDINATES"
3403857099,"836204c6-f8ca-49f3-be9a-afbae64ae72c","Station_299_Date_01MAY2007:18:13:00.000_Gobiosoma_bosc","Animalia","Chordata",NA,"Perciformes","Gobiidae","Gobiosoma","Gobiosoma bosc",NA,"SPECIES","Gobiosoma bosc (Lacepède, 1800)","Gobiosoma bosc","(Lacepède, 1800)","US","Lower Laguna Madre Estuary","Texas","PRESENT",NA,"c3ad790a-d426-4ac1-8e32-da61f81f0117",26.150556,-97.180833,100,NA,NA,NA,0.2,0.2,"2007-05-01T18:13",1,5,2007,5208832,5208832,"HUMAN_OBSERVATION","TPWD","Lower Laguna Madre Bag Seine","",NA,"",NA,"CC0_1_0","","",NA,NA,2025-02-06 20:42:38.11,"","CONTINENT_DERIVED_FROM_COORDINATES"
3403856703,"836204c6-f8ca-49f3-be9a-afbae64ae72c","Station_97_Date_09FEB2005:10:56:00.000_Gobiosoma_bosc","Animalia","Chordata",NA,"Perciformes","Gobiidae","Gobiosoma","Gobiosoma bosc",NA,"SPECIES","Gobiosoma bosc (Lacepède, 1800)","Gobiosoma bosc","(Lacepède, 1800)","US","Lower Laguna Madre Estuary","Texas","PRESENT",NA,"c3ad790a-d426-4ac1-8e32-da61f81f0117",26.535,-97.420833,100,NA,NA,NA,0.25,0.25,"2005-02-09T10:56",9,2,2005,5208832,5208832,"HUMAN_OBSERVATION","TPWD","Lower Laguna Madre Bag Seine","",NA,"",NA,"CC0_1_0","","",NA,NA,2025-02-06 20:42:37.856,"","CONTINENT_DERIVED_FROM_COORDINATES"
3403856692,"836204c6-f8ca-49f3-be9a-afbae64ae72c","Station_88_Date_22FEB2006:12:58:00.000_Gobiosoma_bosc","Animalia","Chordata",NA,"Perciformes","Gobiidae","Gobiosoma","Gobiosoma bosc",NA,"SPECIES","Gobiosoma bosc (Lacepède, 1800)","Gobiosoma bosc","(Lacepède, 1800)","US","Lower Laguna Madre Estuary","Texas","PRESENT",NA,"c3ad790a-d426-4ac1-8e32-da61f81f0117",26.564444,-97.401944,100,NA,NA,NA,0.15,0.15,"2006-02-22T12:58",22,2,2006,5208832,5208832,"HUMAN_OBSERVATION","TPWD","Lower Laguna Madre Bag Seine","",NA,"",NA,"CC0_1_0","","",NA,NA,2025-02-06 20:42:37.849,"","CONTINENT_DERIVED_FROM_COORDINATES"
3403856620,"836204c6-f8ca-49f3-be9a-afbae64ae72c","Station_53_Date_23JUL2007:11:35:00.000_Gobiosoma_bosc","Animalia","Chordata",NA,"Perciformes","Gobiidae","Gobiosoma","Gobiosoma bosc",NA,"SPECIES","Gobiosoma bosc (Lacepède, 1800)","Gobiosoma bosc","(Lacepède, 1800)","US","Lower Laguna Madre Estuary","Texas","PRESENT",NA,"c3ad790a-d426-4ac1-8e32-da61f81f0117",26.648611,-97.450556,100,NA,NA,NA,0.2,0.2,"2007-07-23T11:35",23,7,2007,5208832,5208832,"HUMAN_OBSERVATION","TPWD","Lower Laguna Madre Bag Seine","",NA,"",NA,"CC0_1_0","","",NA,NA,2025-02-06 20:42:37.824,"","CONTINENT_DERIVED_FROM_COORDINATES"
3403855593,"836204c6-f8ca-49f3-be9a-afbae64ae72c","Station_73_Date_04JAN2008:11:53:00.000_Gobiosoma_bosc","Animalia","Chordata",NA,"Perciformes","Gobiidae","Gobiosoma","Gobiosoma bosc",NA,"SPECIES","Gobiosoma bosc (Lacepède, 1800)","Gobiosoma bosc","(Lacepède, 1800)","US","Lower Laguna Madre Estuary","Texas","PRESENT",NA,"c3ad790a-d426-4ac1-8e32-da61f81f0117",26.589722,-97.433889,100,NA,NA,NA,0.1,0.1,"2008-01-04T11:53",4,1,2008,5208832,5208832,"HUMAN_OBSERVATION","TPWD","Lower Laguna Madre Bag Seine","",NA,"",NA,"CC0_1_0","","",NA,NA,2025-02-06 20:42:38.124,"","CONTINENT_DERIVED_FROM_COORDINATES"
3403854694,"836204c6-f8ca-49f3-be9a-afbae64ae72c","Station_66_Date_19AUG2008:10:49:00.000_Gobiosoma_bosc","Animalia","Chordata",NA,"Perciformes","Gobiidae","Gobiosoma","Gobiosoma bosc",NA,"SPECIES","Gobiosoma bosc (Lacepède, 1800)","Gobiosoma bosc","(Lacepède, 1800)","US","Lower Laguna Madre Estuary","Texas","PRESENT",NA,"c3ad790a-d426-4ac1-8e32-da61f81f0117",26.607778,-97.444722,100,NA,NA,NA,0.2,0.2,"2008-08-19T10:49",19,8,2008,5208832,5208832,"HUMAN_OBSERVATION","TPWD","Lower Laguna Madre Bag Seine","",NA,"",NA,"CC0_1_0","","",NA,NA,2025-02-06 20:42:38.122,"","CONTINENT_DERIVED_FROM_COORDINATES"
3399488565,"50c9509d-22c7-4a22-a47d-8c48425ef4a7","https://www.inaturalist.org/observations/98824494","Animalia","Chordata",NA,"Perciformes","Gobiidae","Gobiosoma","Gobiosoma bosc",NA,"SPECIES","Gobiosoma bosc (Lacepède, 1800)","Gobiosoma bosc","","US","","Maryland","PRESENT",NA,"28eb1a3f-1c15-4a95-931a-4af90ecb574d",38.787238,-76.528545,NA,NA,NA,NA,NA,NA,"2021-10-20T16:40:29",20,10,2021,5208832,5208832,"HUMAN_OBSERVATION","iNaturalist","Observations","98824494",NA,"Susan Christman Williams",2021-10-20 21:01:34,"CC0_1_0","Susan Christman Williams","Susan Christman Williams",NA,NA,2025-06-06 23:55:18.267,"StillImage","COORDINATE_ROUNDED;CONTINENT_DERIVED_FROM_COORDINATES;TAXON_MATCH_TAXON_ID_IGNORED"
3399022428,"50c9509d-22c7-4a22-a47d-8c48425ef4a7","https://www.inaturalist.org/observations/99647793","Animalia","Chordata",NA,"Perciformes","Gobiidae","Gobiosoma","Gobiosoma bosc",NA,"SPECIES","Gobiosoma bosc (Lacepède, 1800)","Gobiosoma bosc","","US","","Mississippi","PRESENT",NA,"28eb1a3f-1c15-4a95-931a-4af90ecb574d",30.429348,-88.839951,NA,NA,NA,NA,NA,NA,"2021-10-28T12:54:59",28,10,2021,5208832,5208832,"HUMAN_OBSERVATION","iNaturalist","Observations","99647793",NA,"Melinda Repperger",2021-10-28 20:56:03,"CC_BY_NC_4_0","Melinda Repperger","Melinda Repperger",NA,NA,2025-06-07 00:33:06.162,"StillImage","COORDINATE_ROUNDED;CONTINENT_DERIVED_FROM_COORDINATES;TAXON_MATCH_TAXON_ID_IGNORED"
3391295728,"50c9509d-22c7-4a22-a47d-8c48425ef4a7","https://www.inaturalist.org/observations/97640485","Animalia","Chordata",NA,"Perciformes","Gobiidae","Gobiosoma","Gobiosoma bosc",NA,"SPECIES","Gobiosoma bosc (Lacepède, 1800)","Gobiosoma bosc","","US","","Maryland","PRESENT",NA,"28eb1a3f-1c15-4a95-931a-4af90ecb574d",38.78749,-76.528409,NA,NA,NA,NA,NA,NA,"2021-10-09T09:20:54",9,10,2021,5208832,5208832,"HUMAN_OBSERVATION","iNaturalist","Observations","97640485",NA,"Bill Hubick",2021-10-09 14:34:36,"CC0_1_0","Susan Christman Williams","Susan Christman Williams",NA,NA,2025-06-07 00:01:50.397,"StillImage","COORDINATE_ROUNDED;CONTINENT_DERIVED_FROM_COORDINATES;TAXON_MATCH_TAXON_ID_IGNORED"
3383923392,"50c9509d-22c7-4a22-a47d-8c48425ef4a7","https://www.inaturalist.org/observations/29455103","Animalia","Chordata",NA,"Perciformes","Gobiidae","Gobiosoma","Gobiosoma bosc",NA,"SPECIES","Gobiosoma bosc (Lacepède, 1800)","Gobiosoma bosc","","US","","New Jersey","PRESENT",NA,"28eb1a3f-1c15-4a95-931a-4af90ecb574d",39.748347,-74.20188,30,NA,NA,NA,NA,NA,"2019-07-24T11:26:03",24,7,2019,5208832,5208832,"HUMAN_OBSERVATION","iNaturalist","Observations","29455103",NA,"Yianni Laskaris",2019-07-24 17:47:48,"CC_BY_NC_4_0","Yianni Laskaris","Yianni Laskaris",NA,NA,2025-06-07 01:35:54.886,"StillImage","COORDINATE_ROUNDED;CONTINENT_DERIVED_FROM_COORDINATES;TAXON_MATCH_TAXON_ID_IGNORED"
3337989653,"50c9509d-22c7-4a22-a47d-8c48425ef4a7","https://www.inaturalist.org/observations/91488015","Animalia","Chordata",NA,"Perciformes","Gobiidae","Gobiosoma","Gobiosoma bosc",NA,"SPECIES","Gobiosoma bosc (Lacepède, 1800)","Gobiosoma bosc","","US","","North Carolina","PRESENT",NA,"28eb1a3f-1c15-4a95-931a-4af90ecb574d",36.009358,-75.700264,5,NA,NA,NA,NA,NA,"2021-07-17T22:26",17,7,2021,5208832,5208832,"HUMAN_OBSERVATION","iNaturalist","Observations","91488015",NA,"IHUNTA",2021-08-17 02:53:09,"CC_BY_NC_4_0","IHUNTA","IHUNTA",NA,NA,2025-06-07 01:09:02.394,"StillImage","COORDINATE_ROUNDED;CONTINENT_DERIVED_FROM_COORDINATES;TAXON_MATCH_TAXON_ID_IGNORED"
3337449789,"50c9509d-22c7-4a22-a47d-8c48425ef4a7","https://www.inaturalist.org/observations/88273871","Animalia","Chordata",NA,"Perciformes","Gobiidae","Gobiosoma","Gobiosoma bosc",NA,"SPECIES","Gobiosoma bosc (Lacepède, 1800)","Gobiosoma bosc","","US","","Virginia","PRESENT",NA,"28eb1a3f-1c15-4a95-931a-4af90ecb574d",37.749605,-76.519518,NA,NA,NA,NA,NA,NA,"2021-07-23T12:08:42",23,7,2021,5208832,5208832,"HUMAN_OBSERVATION","iNaturalist","Observations","88273871",NA,"dawnaurore",2021-07-23 16:37:09,"CC_BY_NC_4_0","dawnaurore","dawnaurore",NA,NA,2025-06-07 00:37:27.964,"StillImage","CONTINENT_DERIVED_FROM_COORDINATES;TAXON_MATCH_TAXON_ID_IGNORED"
3335343112,"50c9509d-22c7-4a22-a47d-8c48425ef4a7","https://www.inaturalist.org/observations/89586973","Animalia","Chordata",NA,"Perciformes","Gobiidae","Gobiosoma","Gobiosoma bosc",NA,"SPECIES","Gobiosoma bosc (Lacepède, 1800)","Gobiosoma bosc","","US","","Georgia","PRESENT",NA,"28eb1a3f-1c15-4a95-931a-4af90ecb574d",32.006303,-80.866912,2,NA,NA,NA,NA,NA,"2021-08-01T13:43",1,8,2021,5208832,5208832,"HUMAN_OBSERVATION","iNaturalist","Observations","89586973",NA,"jrfleullan",2021-08-02 02:18:55,"CC_BY_NC_4_0","jrfleullan","jrfleullan",NA,NA,2025-06-07 01:07:37.59,"StillImage","COORDINATE_ROUNDED;CONTINENT_DERIVED_FROM_COORDINATES;TAXON_MATCH_TAXON_ID_IGNORED"
3335227558,"50c9509d-22c7-4a22-a47d-8c48425ef4a7","https://www.inaturalist.org/observations/90030064","Animalia","Chordata",NA,"Perciformes","Gobiidae","Gobiosoma","Gobiosoma bosc",NA,"SPECIES","Gobiosoma bosc (Lacepède, 1800)","Gobiosoma bosc","","US","","New York","PRESENT",NA,"28eb1a3f-1c15-4a95-931a-4af90ecb574d",40.715996,-73.966443,NA,NA,NA,NA,NA,NA,"2021-08-05T10:32:45",5,8,2021,5208832,5208832,"HUMAN_OBSERVATION","iNaturalist","Observations","90030064",NA,"Hana",2021-08-05 14:33:49,"CC_BY_NC_4_0","Hana","Hana",NA,NA,2025-06-07 00:31:17.253,"StillImage","COORDINATE_ROUNDED;CONTINENT_DERIVED_FROM_COORDINATES;TAXON_MATCH_TAXON_ID_IGNORED"
3335100084,"50c9509d-22c7-4a22-a47d-8c48425ef4a7","https://www.inaturalist.org/observations/89565057","Animalia","Chordata",NA,"Perciformes","Gobiidae","Gobiosoma","Gobiosoma bosc",NA,"SPECIES","Gobiosoma bosc (Lacepède, 1800)","Gobiosoma bosc","","US","","Massachusetts","PRESENT",NA,"28eb1a3f-1c15-4a95-931a-4af90ecb574d",41.668148,-70.16908,65,NA,NA,NA,NA,NA,"2021-08-01T18:51:17",1,8,2021,5208832,5208832,"HUMAN_OBSERVATION","iNaturalist","Observations","89565057",NA,"Thomas Irvine",2021-08-01 23:12:52,"CC_BY_4_0","Thomas Irvine","Thomas Irvine",NA,NA,2025-06-07 00:41:14.696,"StillImage","COORDINATE_ROUNDED;CONTINENT_DERIVED_FROM_COORDINATES;TAXON_MATCH_TAXON_ID_IGNORED"
3330679381,"50c9509d-22c7-4a22-a47d-8c48425ef4a7","https://www.inaturalist.org/observations/56958826","Animalia","Chordata",NA,"Perciformes","Gobiidae","Gobiosoma","Gobiosoma bosc",NA,"SPECIES","Gobiosoma bosc (Lacepède, 1800)","Gobiosoma bosc","","US","","Connecticut","PRESENT",NA,"28eb1a3f-1c15-4a95-931a-4af90ecb574d",41.099525,-73.41545,NA,NA,NA,NA,NA,NA,"2020-08-19T14:18:34",19,8,2020,5208832,5208832,"HUMAN_OBSERVATION","iNaturalist","Observations","56958826",NA,"Matt Neilson",2020-12-10 20:54:37,"CC_BY_NC_4_0","maritimeaquariumeducationdept","maritimeaquariumeducationdept",NA,NA,2025-06-07 00:59:26.512,"StillImage","CONTINENT_DERIVED_FROM_COORDINATES;TAXON_MATCH_TAXON_ID_IGNORED"
3330434596,"50c9509d-22c7-4a22-a47d-8c48425ef4a7","https://www.inaturalist.org/observations/87196638","Animalia","Chordata",NA,"Perciformes","Gobiidae","Gobiosoma","Gobiosoma bosc",NA,"SPECIES","Gobiosoma bosc (Lacepède, 1800)","Gobiosoma bosc","","US","","North Carolina","PRESENT",NA,"28eb1a3f-1c15-4a95-931a-4af90ecb574d",33.859755,-77.993522,684,NA,NA,NA,NA,NA,"2021-07-15T16:50:06",15,7,2021,5208832,5208832,"HUMAN_OBSERVATION","iNaturalist","Observations","87196638",NA,"Scott A. Smith",2021-07-25 04:34:00,"CC_BY_NC_4_0","mdorgan","mdorgan",NA,NA,2025-06-06 23:54:47.263,"StillImage","COORDINATE_ROUNDED;CONTINENT_DERIVED_FROM_COORDINATES;TAXON_MATCH_TAXON_ID_IGNORED"
3327988089,"50c9509d-22c7-4a22-a47d-8c48425ef4a7","https://www.inaturalist.org/observations/86654677","Animalia","Chordata",NA,"Perciformes","Gobiidae","Gobiosoma","Gobiosoma bosc",NA,"SPECIES","Gobiosoma bosc (Lacepède, 1800)","Gobiosoma bosc","","US","","Maryland","PRESENT",NA,"28eb1a3f-1c15-4a95-931a-4af90ecb574d",38.8833,-76.499219,692,NA,NA,NA,NA,NA,"2021-07-10T15:24",10,7,2021,5208832,5208832,"HUMAN_OBSERVATION","iNaturalist","Observations","86654677",NA,"Emilio Concari",2021-07-12 00:36:45,"CC_BY_NC_4_0","Emilio Concari","Emilio Concari",NA,NA,2025-06-07 00:57:07.538,"StillImage","COORDINATE_ROUNDED;CONTINENT_DERIVED_FROM_COORDINATES;TAXON_MATCH_TAXON_ID_IGNORED"
3327785678,"50c9509d-22c7-4a22-a47d-8c48425ef4a7","https://www.inaturalist.org/observations/86283109","Animalia","Chordata",NA,"Perciformes","Gobiidae","Gobiosoma","Gobiosoma bosc",NA,"SPECIES","Gobiosoma bosc (Lacepède, 1800)","Gobiosoma bosc","","US","","New York","PRESENT",NA,"28eb1a3f-1c15-4a95-931a-4af90ecb574d",41.035915,-72.390203,41,NA,NA,NA,NA,NA,"2021-07-06T20:39:45",6,7,2021,5208832,5208832,"HUMAN_OBSERVATION","iNaturalist","Observations","86283109",NA,"carolinegardener1",2021-07-09 15:05:12,"CC_BY_NC_4_0","carolinegardener1","carolinegardener1",NA,NA,2025-06-07 01:20:15.694,"StillImage","COORDINATE_ROUNDED;CONTINENT_DERIVED_FROM_COORDINATES;TAXON_MATCH_TAXON_ID_IGNORED"
3320949213,"50c9509d-22c7-4a22-a47d-8c48425ef4a7","https://www.inaturalist.org/observations/84927402","Animalia","Chordata",NA,"Perciformes","Gobiidae","Gobiosoma","Gobiosoma bosc",NA,"SPECIES","Gobiosoma bosc (Lacepède, 1800)","Gobiosoma bosc","","US","","New York","PRESENT",NA,"28eb1a3f-1c15-4a95-931a-4af90ecb574d",40.951288,-73.06687,19,NA,NA,NA,NA,NA,"2021-06-26",26,6,2021,5208832,5208832,"HUMAN_OBSERVATION","iNaturalist","Observations","84927402",NA,"Amanda Dauman",2021-06-29 02:07:40,"CC_BY_NC_4_0","Amanda Dauman","Amanda Dauman",NA,NA,2025-06-07 01:52:06.239,"StillImage","COORDINATE_ROUNDED;CONTINENT_DERIVED_FROM_COORDINATES;TAXON_MATCH_TAXON_ID_IGNORED"
3320929977,"50c9509d-22c7-4a22-a47d-8c48425ef4a7","https://www.inaturalist.org/observations/84761964","Animalia","Chordata",NA,"Perciformes","Gobiidae","Gobiosoma","Gobiosoma bosc",NA,"SPECIES","Gobiosoma bosc (Lacepède, 1800)","Gobiosoma bosc","","US","","Maryland","PRESENT",NA,"28eb1a3f-1c15-4a95-931a-4af90ecb574d",38.318428,-76.455658,247,NA,NA,NA,NA,NA,"2021-06-27T14:16:34",27,6,2021,5208832,5208832,"HUMAN_OBSERVATION","iNaturalist","Observations","84761964",NA,"baltimorefishing1",2021-06-27 20:56:06,"CC_BY_NC_4_0","baltimorefishing1","baltimorefishing1",NA,NA,2025-06-07 01:47:53.597,"StillImage","COORDINATE_ROUNDED;CONTINENT_DERIVED_FROM_COORDINATES;TAXON_MATCH_TAXON_ID_IGNORED"
3314557375,"50c9509d-22c7-4a22-a47d-8c48425ef4a7","https://www.inaturalist.org/observations/84203009","Animalia","Chordata",NA,"Perciformes","Gobiidae","Gobiosoma","Gobiosoma bosc",NA,"SPECIES","Gobiosoma bosc (Lacepède, 1800)","Gobiosoma bosc","","US","","Maryland","PRESENT",NA,"28eb1a3f-1c15-4a95-931a-4af90ecb574d",38.188541,-76.426275,1420,NA,NA,NA,NA,NA,"2018-07-20T19:52Z",20,7,2018,5208832,5208832,"HUMAN_OBSERVATION","iNaturalist","Observations","84203009",NA,"ademsembryo",2021-06-23 17:38:29,"CC_BY_NC_4_0","ademsembryo","ademsembryo",NA,NA,2025-06-07 00:26:55.686,"StillImage","COORDINATE_ROUNDED;CONTINENT_DERIVED_FROM_COORDINATES;TAXON_MATCH_TAXON_ID_IGNORED"
3307520853,"50c9509d-22c7-4a22-a47d-8c48425ef4a7","https://www.inaturalist.org/observations/83216079","Animalia","Chordata",NA,"Perciformes","Gobiidae","Gobiosoma","Gobiosoma bosc",NA,"SPECIES","Gobiosoma bosc (Lacepède, 1800)","Gobiosoma bosc","","US","","Maryland","PRESENT",NA,"28eb1a3f-1c15-4a95-931a-4af90ecb574d",39.244012,-76.495586,7,NA,NA,NA,NA,NA,"2021-06-15T16:08:07",15,6,2021,5208832,5208832,"HUMAN_OBSERVATION","iNaturalist","Observations","83216079",NA,"Maura",2021-06-16 02:26:55,"CC0_1_0","Maura","Maura",NA,NA,2025-06-07 01:45:21.344,"StillImage","COORDINATE_ROUNDED;CONTINENT_DERIVED_FROM_COORDINATES;TAXON_MATCH_TAXON_ID_IGNORED"
3301870956,"50c9509d-22c7-4a22-a47d-8c48425ef4a7","https://www.inaturalist.org/observations/81620937","Animalia","Chordata",NA,"Perciformes","Gobiidae","Gobiosoma","Gobiosoma bosc",NA,"SPECIES","Gobiosoma bosc (Lacepède, 1800)","Gobiosoma bosc","","US","","Maryland","PRESENT",NA,"28eb1a3f-1c15-4a95-931a-4af90ecb574d",39.12862,-76.107353,30,NA,NA,NA,NA,NA,"2021-06-04T11:19:34",4,6,2021,5208832,5208832,"HUMAN_OBSERVATION","iNaturalist","Observations","81620937",NA,"Bill Hubick",2021-06-04 23:26:14,"CC_BY_NC_4_0","dansmall","dansmall",NA,NA,2025-06-07 00:56:23.661,"StillImage","COORDINATE_ROUNDED;CONTINENT_DERIVED_FROM_COORDINATES;TAXON_MATCH_TAXON_ID_IGNORED"
3112320040,"50c9509d-22c7-4a22-a47d-8c48425ef4a7","https://www.inaturalist.org/observations/76230598","Animalia","Chordata",NA,"Perciformes","Gobiidae","Gobiosoma","Gobiosoma bosc",NA,"SPECIES","Gobiosoma bosc (Lacepède, 1800)","Gobiosoma bosc","","US","","Maryland","PRESENT",NA,"28eb1a3f-1c15-4a95-931a-4af90ecb574d",38.893166,-76.340858,4,NA,NA,NA,NA,NA,"2021-05-01T14:25:37",1,5,2021,5208832,5208832,"HUMAN_OBSERVATION","iNaturalist","Observations","76230598",NA,"",NA,"CC_BY_NC_4_0","jackcover1956","jackcover1956",NA,NA,2025-06-07 01:33:47.978,"StillImage","COORDINATE_ROUNDED;CONTINENT_DERIVED_FROM_COORDINATES;TAXON_MATCH_TAXON_ID_IGNORED"
3097214524,"50c9509d-22c7-4a22-a47d-8c48425ef4a7","https://www.inaturalist.org/observations/74744285","Animalia","Chordata",NA,"Perciformes","Gobiidae","Gobiosoma","Gobiosoma bosc",NA,"SPECIES","Gobiosoma bosc (Lacepède, 1800)","Gobiosoma bosc","","US","","North Carolina","PRESENT",NA,"28eb1a3f-1c15-4a95-931a-4af90ecb574d",34.42852,-77.549477,77,NA,NA,NA,NA,NA,"2021-04-19T13:52:32",19,4,2021,5208832,5208832,"HUMAN_OBSERVATION","iNaturalist","Observations","74744285",NA,"nv_multispeciesfishing",2021-04-21 16:02:56,"CC_BY_NC_4_0","nv_multispeciesfishing","nv_multispeciesfishing",NA,NA,2025-06-07 00:23:44.235,"StillImage","COORDINATE_ROUNDED;CONTINENT_DERIVED_FROM_COORDINATES;TAXON_MATCH_TAXON_ID_IGNORED"
3079479039,"50c9509d-22c7-4a22-a47d-8c48425ef4a7","https://www.inaturalist.org/observations/66740684","Animalia","Chordata",NA,"Perciformes","Gobiidae","Gobiosoma","Gobiosoma bosc",NA,"SPECIES","Gobiosoma bosc (Lacepède, 1800)","Gobiosoma bosc","","US","","New York","PRESENT",NA,"28eb1a3f-1c15-4a95-931a-4af90ecb574d",40.71768,-73.966745,29,NA,NA,NA,NA,NA,"2020-12-17T18:20:18",17,12,2020,5208832,5208832,"HUMAN_OBSERVATION","iNaturalist","Observations","66740684",NA,"Jason Csonka",2021-03-25 02:32:46,"CC_BY_NC_4_0","Hana","Hana",NA,NA,2025-06-07 00:11:34.526,"StillImage","COORDINATE_ROUNDED;CONTINENT_DERIVED_FROM_COORDINATES;TAXON_MATCH_TAXON_ID_IGNORED"
3061793744,"50c9509d-22c7-4a22-a47d-8c48425ef4a7","https://www.inaturalist.org/observations/71455810","Animalia","Chordata",NA,"Perciformes","Gobiidae","Gobiosoma","Gobiosoma bosc",NA,"SPECIES","Gobiosoma bosc (Lacepède, 1800)","Gobiosoma bosc","","US","","Maryland","PRESENT",NA,"28eb1a3f-1c15-4a95-931a-4af90ecb574d",38.179726,-76.528848,8,NA,NA,NA,NA,NA,"2021-03-15T18:23",15,3,2021,5208832,5208832,"HUMAN_OBSERVATION","iNaturalist","Observations","71455810",NA,"Benji Beluga",2021-03-18 00:08:42,"CC_BY_NC_4_0","Benji Beluga","Benji Beluga",NA,NA,2025-06-07 02:40:39.376,"StillImage","COORDINATE_ROUNDED;CONTINENT_DERIVED_FROM_COORDINATES;TAXON_MATCH_TAXON_ID_IGNORED"
3044612685,"50c9509d-22c7-4a22-a47d-8c48425ef4a7","https://www.inaturalist.org/observations/59826695","Animalia","Chordata",NA,"Perciformes","Gobiidae","Gobiosoma","Gobiosoma bosc",NA,"SPECIES","Gobiosoma bosc (Lacepède, 1800)","Gobiosoma bosc","","US","","Virginia","PRESENT",NA,"28eb1a3f-1c15-4a95-931a-4af90ecb574d",36.903731,-76.102095,20,NA,NA,NA,NA,NA,"2020-09-16T16:52:15",16,9,2020,5208832,5208832,"HUMAN_OBSERVATION","iNaturalist","Observations","59826695",NA,"Nicholas Collins",2020-09-16 23:39:40,"CC_BY_NC_4_0","Nicholas Collins","Nicholas Collins",NA,NA,2025-06-07 01:37:31.115,"StillImage","COORDINATE_ROUNDED;CONTINENT_DERIVED_FROM_COORDINATES;TAXON_MATCH_TAXON_ID_IGNORED"
2988587283,"50c9509d-22c7-4a22-a47d-8c48425ef4a7","https://www.inaturalist.org/observations/65045085","Animalia","Chordata",NA,"Perciformes","Gobiidae","Gobiosoma","Gobiosoma bosc",NA,"SPECIES","Gobiosoma bosc (Lacepède, 1800)","Gobiosoma bosc","","US","","Maryland","PRESENT",NA,"28eb1a3f-1c15-4a95-931a-4af90ecb574d",38.17972,-76.528842,2,NA,NA,NA,NA,NA,"2020-11-13T14:58",13,11,2020,5208832,5208832,"HUMAN_OBSERVATION","iNaturalist","Observations","65045085",NA,"Benji Beluga",2020-11-17 00:20:11,"CC_BY_NC_4_0","Benji Beluga","Benji Beluga",NA,NA,2025-06-07 02:37:12.114,"StillImage","COORDINATE_ROUNDED;CONTINENT_DERIVED_FROM_COORDINATES;TAXON_MATCH_TAXON_ID_IGNORED"
2988448867,"50c9509d-22c7-4a22-a47d-8c48425ef4a7","https://www.inaturalist.org/observations/65584928","Animalia","Chordata",NA,"Perciformes","Gobiidae","Gobiosoma","Gobiosoma bosc",NA,"SPECIES","Gobiosoma bosc (Lacepède, 1800)","Gobiosoma bosc","","US","","Maryland","PRESENT",NA,"28eb1a3f-1c15-4a95-931a-4af90ecb574d",38.200493,-75.163028,4,NA,NA,NA,NA,NA,"2020-08-27",27,8,2020,5208832,5208832,"HUMAN_OBSERVATION","iNaturalist","Observations","65584928",NA,"Arthur Masloski",2020-11-25 14:53:37,"CC_BY_NC_4_0","Arthur Masloski","Arthur Masloski",NA,NA,2025-06-06 23:53:26.275,"StillImage","COORDINATE_ROUNDED;CONTINENT_DERIVED_FROM_COORDINATES;TAXON_MATCH_TAXON_ID_IGNORED"
2963939951,"50c9509d-22c7-4a22-a47d-8c48425ef4a7","https://www.inaturalist.org/observations/63586276","Animalia","Chordata",NA,"Perciformes","Gobiidae","Gobiosoma","Gobiosoma bosc",NA,"SPECIES","Gobiosoma bosc (Lacepède, 1800)","Gobiosoma bosc","","US","","Texas","PRESENT",NA,"28eb1a3f-1c15-4a95-931a-4af90ecb574d",28.462263,-96.829818,295,NA,NA,NA,NA,NA,"2020-10-25T12:19",25,10,2020,5208832,5208832,"HUMAN_OBSERVATION","iNaturalist","Observations","63586276",NA,"Matt Neilson",2020-10-26 19:45:07,"CC_BY_NC_4_0","Isaac Lord","Isaac Lord",NA,NA,2025-06-06 23:55:30.042,"StillImage","COORDINATE_ROUNDED;CONTINENT_DERIVED_FROM_COORDINATES;TAXON_MATCH_TAXON_ID_IGNORED"
2963795967,"50c9509d-22c7-4a22-a47d-8c48425ef4a7","https://www.inaturalist.org/observations/63630811","Animalia","Chordata",NA,"Perciformes","Gobiidae","Gobiosoma","Gobiosoma bosc",NA,"SPECIES","Gobiosoma bosc (Lacepède, 1800)","Gobiosoma bosc","","US","","Maryland","PRESENT",NA,"28eb1a3f-1c15-4a95-931a-4af90ecb574d",38.469696,-76.29341,4,NA,NA,NA,NA,NA,"2020-06-21T13:01",21,6,2020,5208832,5208832,"HUMAN_OBSERVATION","iNaturalist","Observations","63630811",NA,"John Aufderheide",2020-10-27 12:30:09,"CC_BY_NC_4_0","John Aufderheide","John Aufderheide",NA,NA,2025-06-07 00:12:34.482,"StillImage","COORDINATE_ROUNDED;CONTINENT_DERIVED_FROM_COORDINATES;TAXON_MATCH_TAXON_ID_IGNORED"
2963769981,"50c9509d-22c7-4a22-a47d-8c48425ef4a7","https://www.inaturalist.org/observations/63630769","Animalia","Chordata",NA,"Perciformes","Gobiidae","Gobiosoma","Gobiosoma bosc",NA,"SPECIES","Gobiosoma bosc (Lacepède, 1800)","Gobiosoma bosc","","US","","Maryland","PRESENT",NA,"28eb1a3f-1c15-4a95-931a-4af90ecb574d",38.291118,-76.20167,4,NA,NA,NA,NA,NA,"2020-09-06T08:26",6,9,2020,5208832,5208832,"HUMAN_OBSERVATION","iNaturalist","Observations","63630769",NA,"John Aufderheide",2020-10-27 12:28:23,"CC_BY_NC_4_0","John Aufderheide","John Aufderheide",NA,NA,2025-06-07 00:52:37.855,"StillImage","COORDINATE_ROUNDED;CONTINENT_DERIVED_FROM_COORDINATES;TAXON_MATCH_TAXON_ID_IGNORED"
2901602491,"50c9509d-22c7-4a22-a47d-8c48425ef4a7","https://www.inaturalist.org/observations/58909002","Animalia","Chordata",NA,"Perciformes","Gobiidae","Gobiosoma","Gobiosoma bosc",NA,"SPECIES","Gobiosoma bosc (Lacepède, 1800)","Gobiosoma bosc","","US","","New York","PRESENT",NA,"28eb1a3f-1c15-4a95-931a-4af90ecb574d",40.739833,-73.954849,NA,NA,NA,NA,NA,NA,"2020-08-16T12:38",16,8,2020,5208832,5208832,"HUMAN_OBSERVATION","iNaturalist","Observations","58909002",NA,"Ira Gershenhorn",2020-09-08 01:21:00,"CC0_1_0","Ira Gershenhorn","Ira Gershenhorn",NA,NA,2025-06-07 00:44:19.133,"StillImage","COORDINATE_ROUNDED;CONTINENT_DERIVED_FROM_COORDINATES;TAXON_MATCH_TAXON_ID_IGNORED"
2901549602,"50c9509d-22c7-4a22-a47d-8c48425ef4a7","https://www.inaturalist.org/observations/62670831","Animalia","Chordata",NA,"Perciformes","Gobiidae","Gobiosoma","Gobiosoma bosc",NA,"SPECIES","Gobiosoma bosc (Lacepède, 1800)","Gobiosoma bosc","","US","","New York","PRESENT",NA,"28eb1a3f-1c15-4a95-931a-4af90ecb574d",40.691615,-74.012228,NA,NA,NA,NA,NA,NA,"2020-10-15T09:21:24",15,10,2020,5208832,5208832,"HUMAN_OBSERVATION","iNaturalist","Observations","62670831",NA,"Agata Poniatowski",2020-10-19 03:53:19,"CC_BY_NC_4_0","Hana","Hana",NA,NA,2025-06-07 00:33:00.131,"StillImage","COORDINATE_ROUNDED;CONTINENT_DERIVED_FROM_COORDINATES;TAXON_MATCH_TAXON_ID_IGNORED"
2864601822,"50c9509d-22c7-4a22-a47d-8c48425ef4a7","https://www.inaturalist.org/observations/59319964","Animalia","Chordata",NA,"Perciformes","Gobiidae","Gobiosoma","Gobiosoma bosc",NA,"SPECIES","Gobiosoma bosc (Lacepède, 1800)","Gobiosoma bosc","","US","","Maryland","PRESENT",NA,"28eb1a3f-1c15-4a95-931a-4af90ecb574d",38.347386,-75.08099,18,NA,NA,NA,NA,NA,"2020-07-31T16:17:14",31,7,2020,5208832,5208832,"HUMAN_OBSERVATION","iNaturalist","Observations","59319964",NA,"Matt Neilson",2020-09-12 21:18:10,"CC_BY_NC_4_0","birdwatcher1234","birdwatcher1234",NA,NA,2025-06-07 00:52:27.705,"StillImage","COORDINATE_ROUNDED;CONTINENT_DERIVED_FROM_COORDINATES;TAXON_MATCH_TAXON_ID_IGNORED"
2850688902,"50c9509d-22c7-4a22-a47d-8c48425ef4a7","https://www.inaturalist.org/observations/54898348","Animalia","Chordata",NA,"Perciformes","Gobiidae","Gobiosoma","Gobiosoma bosc",NA,"SPECIES","Gobiosoma bosc (Lacepède, 1800)","Gobiosoma bosc","","US","","North Carolina","PRESENT",NA,"28eb1a3f-1c15-4a95-931a-4af90ecb574d",34.030234,-77.89547,8,NA,NA,NA,NA,NA,"2020-07-30T12:46",30,7,2020,5208832,5208832,"HUMAN_OBSERVATION","iNaturalist","Observations","54898348",NA,"Fletcher Stone",2020-07-31 01:06:44,"CC_BY_NC_4_0","Fletcher Stone","Fletcher Stone",NA,NA,2025-06-07 00:09:34.539,"StillImage","COORDINATE_ROUNDED;CONTINENT_DERIVED_FROM_COORDINATES;TAXON_MATCH_TAXON_ID_IGNORED"
2451709094,"50c9509d-22c7-4a22-a47d-8c48425ef4a7","https://www.inaturalist.org/observations/35247512","Animalia","Chordata",NA,"Perciformes","Gobiidae","Gobiosoma","Gobiosoma bosc",NA,"SPECIES","Gobiosoma bosc (Lacepède, 1800)","Gobiosoma bosc","","US","","Virginia","PRESENT",NA,"28eb1a3f-1c15-4a95-931a-4af90ecb574d",37.749638,-76.519745,NA,NA,NA,NA,NA,NA,"2019-11-03T11:25:41",3,11,2019,5208832,5208832,"HUMAN_OBSERVATION","iNaturalist","Observations","35247512",NA,"emoreau",2019-11-03 19:21:23,"CC_BY_NC_4_0","emoreau","emoreau",NA,NA,2025-06-07 01:24:18.213,"StillImage","COORDINATE_ROUNDED;CONTINENT_DERIVED_FROM_COORDINATES;TAXON_MATCH_TAXON_ID_IGNORED"
2451595395,"50c9509d-22c7-4a22-a47d-8c48425ef4a7","https://www.inaturalist.org/observations/33916854","Animalia","Chordata",NA,"Perciformes","Gobiidae","Gobiosoma","Gobiosoma bosc",NA,"SPECIES","Gobiosoma bosc (Lacepède, 1800)","Gobiosoma bosc","","US","","Virginia","PRESENT",NA,"28eb1a3f-1c15-4a95-931a-4af90ecb574d",37.749591,-76.519653,132,NA,NA,NA,NA,NA,"2019-10-05T13:55",5,10,2019,5208832,5208832,"HUMAN_OBSERVATION","iNaturalist","Observations","33916854",NA,"pmk00001",2019-10-15 11:35:42,"CC_BY_NC_4_0","emoreau","emoreau",NA,NA,2025-06-06 23:50:49.086,"StillImage","COORDINATE_ROUNDED;CONTINENT_DERIVED_FROM_COORDINATES;TAXON_MATCH_TAXON_ID_IGNORED"
2445074615,"50c9509d-22c7-4a22-a47d-8c48425ef4a7","https://www.inaturalist.org/observations/34529835","Animalia","Chordata",NA,"Perciformes","Gobiidae","Gobiosoma","Gobiosoma bosc",NA,"SPECIES","Gobiosoma bosc (Lacepède, 1800)","Gobiosoma bosc","","US","","Maryland","PRESENT",NA,"28eb1a3f-1c15-4a95-931a-4af90ecb574d",38.884059,-76.491416,NA,NA,NA,NA,NA,NA,"2018-10-28T16:02",28,10,2018,5208832,5208832,"HUMAN_OBSERVATION","iNaturalist","Observations","34529835",NA,"pmk00001",2019-10-18 09:31:21,"CC_BY_NC_4_0","pmk00001","pmk00001",NA,NA,2025-06-07 01:22:34.958,"StillImage","COORDINATE_ROUNDED;CONTINENT_DERIVED_FROM_COORDINATES;TAXON_MATCH_TAXON_ID_IGNORED"
2445067607,"50c9509d-22c7-4a22-a47d-8c48425ef4a7","https://www.inaturalist.org/observations/34529834","Animalia","Chordata",NA,"Perciformes","Gobiidae","Gobiosoma","Gobiosoma bosc",NA,"SPECIES","Gobiosoma bosc (Lacepède, 1800)","Gobiosoma bosc","","US","","Maryland","PRESENT",NA,"28eb1a3f-1c15-4a95-931a-4af90ecb574d",38.884128,-76.49142,NA,NA,NA,NA,NA,NA,"2018-10-28T16:03",28,10,2018,5208832,5208832,"HUMAN_OBSERVATION","iNaturalist","Observations","34529834",NA,"pmk00001",2019-10-18 09:31:21,"CC_BY_NC_4_0","pmk00001","pmk00001",NA,NA,2025-06-07 01:21:34.068,"StillImage","COORDINATE_ROUNDED;CONTINENT_DERIVED_FROM_COORDINATES;TAXON_MATCH_TAXON_ID_IGNORED"
2429598911,"50c9509d-22c7-4a22-a47d-8c48425ef4a7","https://www.inaturalist.org/observations/34402611","Animalia","Chordata",NA,"Perciformes","Gobiidae","Gobiosoma","Gobiosoma bosc",NA,"SPECIES","Gobiosoma bosc (Lacepède, 1800)","Gobiosoma bosc","","US","","Virginia","PRESENT",NA,"28eb1a3f-1c15-4a95-931a-4af90ecb574d",37.845522,-76.368279,122,NA,NA,NA,NA,NA,"2019-10-14T13:54",14,10,2019,5208832,5208832,"HUMAN_OBSERVATION","iNaturalist","Observations","34402611",NA,"pmk00001",2019-10-15 11:16:41,"CC_BY_NC_4_0","pmk00001","pmk00001",NA,NA,2025-06-07 02:34:59.746,"StillImage","COORDINATE_ROUNDED;CONTINENT_DERIVED_FROM_COORDINATES;TAXON_MATCH_TAXON_ID_IGNORED"
2423098819,"50c9509d-22c7-4a22-a47d-8c48425ef4a7","https://www.inaturalist.org/observations/32828024","Animalia","Chordata",NA,"Perciformes","Gobiidae","Gobiosoma","Gobiosoma bosc",NA,"SPECIES","Gobiosoma bosc (Lacepède, 1800)","Gobiosoma bosc","","US","","New York","PRESENT",NA,"28eb1a3f-1c15-4a95-931a-4af90ecb574d",40.819156,-73.962246,3,NA,NA,NA,NA,NA,"2019-09-15T15:28",15,9,2019,5208832,5208832,"HUMAN_OBSERVATION","iNaturalist","Observations","32828024",NA,"Ira Gershenhorn",2019-09-16 13:20:37,"CC0_1_0","Ira Gershenhorn","Ira Gershenhorn",NA,NA,2025-06-06 23:50:17.804,"StillImage","COORDINATE_ROUNDED;CONTINENT_DERIVED_FROM_COORDINATES;TAXON_MATCH_TAXON_ID_IGNORED"
2366160983,"50c9509d-22c7-4a22-a47d-8c48425ef4a7","http://www.inaturalist.org/observations/915875","Animalia","Chordata",NA,"Perciformes","Gobiidae","Gobiosoma","Gobiosoma bosc",NA,"SPECIES","Gobiosoma bosc (Lacepède, 1800)","Gobiosoma bosc","","US","","New York","PRESENT",NA,"28eb1a3f-1c15-4a95-931a-4af90ecb574d",40.938253,-73.902863,NA,NA,NA,NA,NA,NA,"2014-10-09T13:15:22",9,10,2014,5208832,5208832,"HUMAN_OBSERVATION","iNaturalist","Observations","915875",NA,"pmk00001",2018-06-03 10:03:15,"CC_BY_NC_4_0","ppark728","ppark728",NA,NA,2025-06-07 01:13:02.946,"StillImage","COORDINATE_ROUNDED;CONTINENT_DERIVED_FROM_COORDINATES;TAXON_MATCH_TAXON_ID_IGNORED"
2283268274,"50c9509d-22c7-4a22-a47d-8c48425ef4a7","https://www.inaturalist.org/observations/28596133","Animalia","Chordata",NA,"Perciformes","Gobiidae","Gobiosoma","Gobiosoma bosc",NA,"SPECIES","Gobiosoma bosc (Lacepède, 1800)","Gobiosoma bosc","","US","","Maryland","PRESENT",NA,"28eb1a3f-1c15-4a95-931a-4af90ecb574d",38.968528,-76.476443,NA,NA,NA,NA,NA,NA,"2011-07-09T21:38",9,7,2011,5208832,5208832,"HUMAN_OBSERVATION","iNaturalist","Observations","28596133",NA,"pmk00001",2019-07-11 08:40:48,"CC_BY_NC_4_0","John C.","John C.",NA,NA,2025-06-07 00:27:52.903,"StillImage","COORDINATE_ROUNDED;CONTINENT_DERIVED_FROM_COORDINATES;TAXON_MATCH_TAXON_ID_IGNORED"
2251848808,"50c9509d-22c7-4a22-a47d-8c48425ef4a7","https://www.inaturalist.org/observations/25234371","Animalia","Chordata",NA,"Perciformes","Gobiidae","Gobiosoma","Gobiosoma bosc",NA,"SPECIES","Gobiosoma bosc (Lacepède, 1800)","Gobiosoma bosc","","US","","New York","PRESENT",NA,"28eb1a3f-1c15-4a95-931a-4af90ecb574d",40.589973,-73.552105,NA,NA,NA,NA,NA,NA,"2019-05-16T12:25",16,5,2019,5208832,5208832,"HUMAN_OBSERVATION","iNaturalist","Observations","25234371",NA,"Jared Gorrell",2020-12-01 04:24:49,"CC0_1_0","Sequoia Janirella Wrens","Sequoia Janirella Wrens",NA,NA,2025-06-07 01:01:51.084,"StillImage","COORDINATE_ROUNDED;CONTINENT_DERIVED_FROM_COORDINATES;TAXON_MATCH_TAXON_ID_IGNORED"
2242856415,"50c9509d-22c7-4a22-a47d-8c48425ef4a7","https://www.inaturalist.org/observations/24621384","Animalia","Chordata",NA,"Perciformes","Gobiidae","Gobiosoma","Gobiosoma bosc",NA,"SPECIES","Gobiosoma bosc (Lacepède, 1800)","Gobiosoma bosc","","US","","Maryland","PRESENT",NA,"28eb1a3f-1c15-4a95-931a-4af90ecb574d",38.892777,-76.340847,150,NA,NA,NA,NA,NA,"2019-04-28",28,4,2019,5208832,5208832,"HUMAN_OBSERVATION","iNaturalist","Observations","24621384",NA,"National Aquarium",2019-05-05 21:29:06,"CC_BY_NC_4_0","National Aquarium","National Aquarium",NA,NA,2025-06-07 01:18:26.509,"StillImage","CONTINENT_DERIVED_FROM_COORDINATES;TAXON_MATCH_TAXON_ID_IGNORED"
2236283044,"50c9509d-22c7-4a22-a47d-8c48425ef4a7","https://www.inaturalist.org/observations/22301742","Animalia","Chordata",NA,"Perciformes","Gobiidae","Gobiosoma","Gobiosoma bosc",NA,"SPECIES","Gobiosoma bosc (Lacepède, 1800)","Gobiosoma bosc","","US","","Louisiana","PRESENT",NA,"28eb1a3f-1c15-4a95-931a-4af90ecb574d",30.055692,-89.451468,9,NA,NA,NA,NA,NA,"2019-04-10T10:01:19",10,4,2019,5208832,5208832,"HUMAN_OBSERVATION","iNaturalist","Observations","22301742",NA,"Matt Neilson",2019-04-11 13:11:55,"CC_BY_NC_4_0","Devin Oehler","Devin Oehler",NA,NA,2025-06-07 00:25:43.926,"StillImage","COORDINATE_ROUNDED;CONTINENT_DERIVED_FROM_COORDINATES;TAXON_MATCH_TAXON_ID_IGNORED"
2028435144,"50c9509d-22c7-4a22-a47d-8c48425ef4a7","https://www.inaturalist.org/observations/12787003","Animalia","Chordata",NA,"Perciformes","Gobiidae","Gobiosoma","Gobiosoma bosc",NA,"SPECIES","Gobiosoma bosc (Lacepède, 1800)","Gobiosoma bosc","","US","","Mississippi","PRESENT",NA,"28eb1a3f-1c15-4a95-931a-4af90ecb574d",30.235341,-89.093628,977,NA,NA,NA,NA,NA,"2017-06-14T19:40",14,6,2017,5208832,5208832,"HUMAN_OBSERVATION","iNaturalist","Observations","12787003",NA,"Noah Daun",2018-05-25 01:43:44,"CC_BY_NC_4_0","Noah Daun","Noah Daun",NA,NA,2025-06-07 00:29:03.183,"StillImage","COORDINATE_ROUNDED;CONTINENT_DERIVED_FROM_COORDINATES;TAXON_MATCH_TAXON_ID_IGNORED"
1978441917,"50c9509d-22c7-4a22-a47d-8c48425ef4a7","https://www.inaturalist.org/observations/19049236","Animalia","Chordata",NA,"Perciformes","Gobiidae","Gobiosoma","Gobiosoma bosc",NA,"SPECIES","Gobiosoma bosc (Lacepède, 1800)","Gobiosoma bosc","","US","","Maryland","PRESENT",NA,"28eb1a3f-1c15-4a95-931a-4af90ecb574d",38.884017,-76.491473,2,NA,NA,NA,NA,NA,"2018-10-28T15:52",28,10,2018,5208832,5208832,"HUMAN_OBSERVATION","iNaturalist","Observations","19049236",NA,"pmk00001",2018-12-16 15:56:00,"CC_BY_NC_4_0","pmk00001","pmk00001",NA,NA,2025-06-07 02:33:10.318,"StillImage","COORDINATE_ROUNDED;CONTINENT_DERIVED_FROM_COORDINATES;TAXON_MATCH_TAXON_ID_IGNORED"
1950004699,"50c9509d-22c7-4a22-a47d-8c48425ef4a7","https://www.inaturalist.org/observations/18919672","Animalia","Chordata",NA,"Perciformes","Gobiidae","Gobiosoma","Gobiosoma bosc",NA,"SPECIES","Gobiosoma bosc (Lacepède, 1800)","Gobiosoma bosc","","US","","Texas","PRESENT",NA,"28eb1a3f-1c15-4a95-931a-4af90ecb574d",28.86681,-95.587339,61,NA,NA,NA,NA,NA,"2018-06-14T13:10",14,6,2018,5208832,5208832,"HUMAN_OBSERVATION","iNaturalist","Observations","18919672",NA,"Peggy Romfh",2018-12-09 15:45:58,"CC_BY_NC_4_0","Peggy Romfh","Peggy Romfh",NA,NA,2025-06-07 00:49:06.791,"StillImage","COORDINATE_ROUNDED;CONTINENT_DERIVED_FROM_COORDINATES;TAXON_MATCH_TAXON_ID_IGNORED"
1935593601,"50c9509d-22c7-4a22-a47d-8c48425ef4a7","https://www.inaturalist.org/observations/18067775","Animalia","Chordata",NA,"Perciformes","Gobiidae","Gobiosoma","Gobiosoma bosc",NA,"SPECIES","Gobiosoma bosc (Lacepède, 1800)","Gobiosoma bosc","","US","","Mississippi","PRESENT",NA,"28eb1a3f-1c15-4a95-931a-4af90ecb574d",30.373781,-88.707711,5,NA,NA,NA,NA,NA,"2018-11-02T17:34",2,11,2018,5208832,5208832,"HUMAN_OBSERVATION","iNaturalist","Observations","18067775",NA,"Matt Neilson",2018-11-07 23:56:38,"CC_BY_NC_4_0","Janet Wright","Janet Wright",NA,NA,2025-06-07 01:35:24.167,"StillImage","COORDINATE_ROUNDED;CONTINENT_DERIVED_FROM_COORDINATES;TAXON_MATCH_TAXON_ID_IGNORED"
1914214753,"50c9509d-22c7-4a22-a47d-8c48425ef4a7","https://www.inaturalist.org/observations/16817026","Animalia","Chordata",NA,"Perciformes","Gobiidae","Gobiosoma","Gobiosoma bosc",NA,"SPECIES","Gobiosoma bosc (Lacepède, 1800)","Gobiosoma bosc","","US","","New York","PRESENT",NA,"28eb1a3f-1c15-4a95-931a-4af90ecb574d",40.869492,-73.932053,10,NA,NA,NA,NA,NA,"2018-09-15T19:29:37",15,9,2018,5208832,5208832,"HUMAN_OBSERVATION","iNaturalist","Observations","16817026",NA,"ppark728",2018-09-23 01:52:04,"CC_BY_NC_4_0","ppark728","ppark728",NA,NA,2025-06-07 02:31:54.466,"StillImage","COORDINATE_ROUNDED;CONTINENT_DERIVED_FROM_COORDINATES;TAXON_MATCH_TAXON_ID_IGNORED"
1913696876,"50c9509d-22c7-4a22-a47d-8c48425ef4a7","https://www.inaturalist.org/observations/16653511","Animalia","Chordata",NA,"Perciformes","Gobiidae","Gobiosoma","Gobiosoma bosc",NA,"SPECIES","Gobiosoma bosc (Lacepède, 1800)","Gobiosoma bosc","","US","","Maryland","PRESENT",NA,"28eb1a3f-1c15-4a95-931a-4af90ecb574d",38.877013,-76.501076,61,NA,NA,NA,NA,NA,"2018-09-16T11:20",16,9,2018,5208832,5208832,"HUMAN_OBSERVATION","iNaturalist","Observations","16653511",NA,"pmk00001",2018-09-18 10:20:04,"CC_BY_NC_4_0","pmk00001","pmk00001",NA,NA,2025-06-07 00:56:11.222,"StillImage","COORDINATE_ROUNDED;CONTINENT_DERIVED_FROM_COORDINATES;TAXON_MATCH_TAXON_ID_IGNORED"
1880489218,"50c9509d-22c7-4a22-a47d-8c48425ef4a7","https://www.inaturalist.org/observations/13481441","Animalia","Chordata",NA,"Perciformes","Gobiidae","Gobiosoma","Gobiosoma bosc",NA,"SPECIES","Gobiosoma bosc (Lacepède, 1800)","Gobiosoma bosc","","US","","Maryland","PRESENT",NA,"28eb1a3f-1c15-4a95-931a-4af90ecb574d",39.243627,-76.595213,7,NA,NA,NA,NA,NA,"2018-06-16T11:45:22",16,6,2018,5208832,5208832,"HUMAN_OBSERVATION","iNaturalist","Observations","13481441",NA,"eclaus",2018-06-16 15:46:33,"CC_BY_NC_4_0","eclaus","eclaus",NA,NA,2025-06-06 23:50:18.097,"StillImage","COORDINATE_ROUNDED;CONTINENT_DERIVED_FROM_COORDINATES;TAXON_MATCH_TAXON_ID_IGNORED"
1850912570,"50c9509d-22c7-4a22-a47d-8c48425ef4a7","https://www.inaturalist.org/observations/13134910","Animalia","Chordata",NA,"Perciformes","Gobiidae","Gobiosoma","Gobiosoma bosc",NA,"SPECIES","Gobiosoma bosc (Lacepède, 1800)","Gobiosoma bosc","","US","","Texas","PRESENT",NA,"28eb1a3f-1c15-4a95-931a-4af90ecb574d",27.874008,-97.308601,NA,NA,NA,NA,NA,NA,"2018-06-04T20:12:02",4,6,2018,5208832,5208832,"HUMAN_OBSERVATION","iNaturalist","Observations","13134910",NA,"John Ehle",2018-06-05 12:32:14,"CC_BY_NC_4_0","Aaron Reed","Aaron Reed",NA,NA,2025-06-07 01:32:24.9,"StillImage","COORDINATE_ROUNDED;CONTINENT_DERIVED_FROM_COORDINATES;TAXON_MATCH_TAXON_ID_IGNORED"
1835208169,"aedcba44-1b8c-47e0-ab48-9370e779b6e1","e3c85544-23e6-11e8-a64f-4f26032957e3","Animalia","Chordata",NA,"Perciformes","Gobiidae","Gobiosoma","Gobiosoma bosc",NA,"SPECIES","Gobiosoma bosci (Lacepède, 1800)","Gobiosoma bosci","(Lacepède, 1800)","US","13","","PRESENT",1,"c3ad790a-d426-4ac1-8e32-da61f81f0117",37.019967,-75.727167,NA,NA,NA,NA,46,0,"2011-10-26",26,10,2011,5208833,5208832,"HUMAN_OBSERVATION","","","",NA,"",NA,"CC0_1_0","","",NA,NA,2025-02-06 18:22:17.535,"","COORDINATE_ROUNDED;GEODETIC_DATUM_INVALID;GEODETIC_DATUM_ASSUMED_WGS84;COUNTRY_DERIVED_FROM_COORDINATES"
1831212656,"50c9509d-22c7-4a22-a47d-8c48425ef4a7","https://www.inaturalist.org/observations/9926546","Animalia","Chordata",NA,"Perciformes","Gobiidae","Gobiosoma","Gobiosoma bosc",NA,"SPECIES","Gobiosoma bosc (Lacepède, 1800)","Gobiosoma bosc","","US","","Virginia","PRESENT",NA,"28eb1a3f-1c15-4a95-931a-4af90ecb574d",37.845906,-76.368457,15,NA,NA,NA,NA,NA,"2013-08-11T10:24",11,8,2013,5208832,5208832,"HUMAN_OBSERVATION","iNaturalist","Observations","9926546",NA,"pmk00001",2018-02-20 00:08:47,"CC_BY_NC_4_0","pmk00001","pmk00001",NA,NA,2025-06-07 01:31:21.396,"StillImage","COORDINATE_ROUNDED;CONTINENT_DERIVED_FROM_COORDINATES;TAXON_MATCH_TAXON_ID_IGNORED"
1802644867,"50c9509d-22c7-4a22-a47d-8c48425ef4a7","https://www.inaturalist.org/observations/8928080","Animalia","Chordata",NA,"Perciformes","Gobiidae","Gobiosoma","Gobiosoma bosc",NA,"SPECIES","Gobiosoma bosc (Lacepède, 1800)","Gobiosoma bosc","","US","","Virginia","PRESENT",NA,"28eb1a3f-1c15-4a95-931a-4af90ecb574d",37.845926,-76.368405,4,NA,NA,NA,NA,NA,"2014-08-17T09:29",17,8,2014,5208832,5208832,"HUMAN_OBSERVATION","iNaturalist","Observations","8928080",NA,"pmk00001",2017-11-25 12:36:28,"CC_BY_NC_4_0","pmk00001","pmk00001",NA,NA,2025-06-07 01:13:06.432,"StillImage","COORDINATE_ROUNDED;CONTINENT_DERIVED_FROM_COORDINATES;TAXON_MATCH_TAXON_ID_IGNORED"
1802644865,"50c9509d-22c7-4a22-a47d-8c48425ef4a7","https://www.inaturalist.org/observations/8928063","Animalia","Chordata",NA,"Perciformes","Gobiidae","Gobiosoma","Gobiosoma bosc",NA,"SPECIES","Gobiosoma bosc (Lacepède, 1800)","Gobiosoma bosc","","US","","Virginia","PRESENT",NA,"28eb1a3f-1c15-4a95-931a-4af90ecb574d",37.993287,-76.540337,4,NA,NA,NA,NA,NA,"2014-08-16T11:34",16,8,2014,5208832,5208832,"HUMAN_OBSERVATION","iNaturalist","Observations","8928063",NA,"pmk00001",2017-11-25 12:33:23,"CC_BY_NC_4_0","pmk00001","pmk00001",NA,NA,2025-06-07 00:58:22.905,"StillImage","COORDINATE_ROUNDED;CONTINENT_DERIVED_FROM_COORDINATES;TAXON_MATCH_TAXON_ID_IGNORED"
1677284342,"50c9509d-22c7-4a22-a47d-8c48425ef4a7","https://www.inaturalist.org/observations/8350259","Animalia","Chordata",NA,"Perciformes","Gobiidae","Gobiosoma","Gobiosoma bosc",NA,"SPECIES","Gobiosoma bosc (Lacepède, 1800)","Gobiosoma bosc","","US","","Virginia","PRESENT",NA,"28eb1a3f-1c15-4a95-931a-4af90ecb574d",37.303826,-76.392145,122,NA,NA,NA,NA,NA,"2017-09-24T03:50",24,9,2017,5208832,5208832,"HUMAN_OBSERVATION","iNaturalist","Observations","8350259",NA,"lmagalis",2017-10-10 21:20:10,"CC_BY_NC_4_0","lmagalis","lmagalis",NA,NA,2025-06-07 01:04:45.231,"StillImage","COORDINATE_ROUNDED;CONTINENT_DERIVED_FROM_COORDINATES;TAXON_MATCH_TAXON_ID_IGNORED"
1584408427,"50c9509d-22c7-4a22-a47d-8c48425ef4a7","https://www.inaturalist.org/observations/7145077","Animalia","Chordata",NA,"Perciformes","Gobiidae","Gobiosoma","Gobiosoma bosc",NA,"SPECIES","Gobiosoma bosc (Lacepède, 1800)","Gobiosoma bosc","","US","","Maryland","PRESENT",NA,"28eb1a3f-1c15-4a95-931a-4af90ecb574d",39.262174,-76.585559,10,NA,NA,NA,NA,NA,"2017-07-21T13:04:39",21,7,2017,5208832,5208832,"HUMAN_OBSERVATION","iNaturalist","Observations","7145077",NA,"Sean P. Myers",2017-07-21 17:05:26,"CC_BY_NC_4_0","Sean P. Myers","Sean P. Myers",NA,NA,2025-06-06 23:49:07.701,"StillImage","COORDINATE_ROUNDED;CONTINENT_DERIVED_FROM_COORDINATES;TAXON_MATCH_TAXON_ID_IGNORED"
1500317869,"50c9509d-22c7-4a22-a47d-8c48425ef4a7","https://www.inaturalist.org/observations/5968594","Animalia","Chordata",NA,"Perciformes","Gobiidae","Gobiosoma","Gobiosoma bosc",NA,"SPECIES","Gobiosoma bosc (Lacepède, 1800)","Gobiosoma bosc","","US","","Virginia","PRESENT",NA,"28eb1a3f-1c15-4a95-931a-4af90ecb574d",37.845939,-76.368448,15,NA,NA,NA,NA,NA,"2015-07-04T08:18",4,7,2015,5208832,5208832,"HUMAN_OBSERVATION","iNaturalist","Observations","5968594",NA,"pmk00001",2017-04-26 16:36:26,"CC_BY_NC_4_0","pmk00001","pmk00001",NA,NA,2025-06-06 23:48:16.576,"StillImage","COORDINATE_ROUNDED;CONTINENT_DERIVED_FROM_COORDINATES;TAXON_MATCH_TAXON_ID_IGNORED"
1500317309,"50c9509d-22c7-4a22-a47d-8c48425ef4a7","https://www.inaturalist.org/observations/5966625","Animalia","Chordata",NA,"Perciformes","Gobiidae","Gobiosoma","Gobiosoma bosc",NA,"SPECIES","Gobiosoma bosc (Lacepède, 1800)","Gobiosoma bosc","","US","","Virginia","PRESENT",NA,"28eb1a3f-1c15-4a95-931a-4af90ecb574d",37.993215,-76.540534,4,NA,NA,NA,NA,NA,"2015-05-25T08:50",25,5,2015,5208832,5208832,"HUMAN_OBSERVATION","iNaturalist","Observations","5966625",NA,"pmk00001",2017-04-26 13:15:04,"CC_BY_NC_4_0","pmk00001","pmk00001",NA,NA,2025-06-07 00:14:57.785,"StillImage","COORDINATE_ROUNDED;CONTINENT_DERIVED_FROM_COORDINATES;TAXON_MATCH_TAXON_ID_IGNORED"
1457598079,"50c9509d-22c7-4a22-a47d-8c48425ef4a7","https://www.inaturalist.org/observations/5539078","Animalia","Chordata",NA,"Perciformes","Gobiidae","Gobiosoma","Gobiosoma bosc",NA,"SPECIES","Gobiosoma bosc (Lacepède, 1800)","Gobiosoma bosc","","US","","Virginia","PRESENT",NA,"28eb1a3f-1c15-4a95-931a-4af90ecb574d",37.84596,-76.368448,4,NA,NA,NA,NA,NA,"2016-10-15T10:29",15,10,2016,5208832,5208832,"HUMAN_OBSERVATION","iNaturalist","Observations","5539078",NA,"pmk00001",2017-04-02 14:24:25,"CC_BY_NC_4_0","pmk00001","pmk00001",NA,NA,2025-06-07 00:43:56.511,"StillImage","COORDINATE_ROUNDED;CONTINENT_DERIVED_FROM_COORDINATES;TAXON_MATCH_TAXON_ID_IGNORED"
1455568494,"50c9509d-22c7-4a22-a47d-8c48425ef4a7","http://www.inaturalist.org/observations/4282557","Animalia","Chordata",NA,"Perciformes","Gobiidae","Gobiosoma","Gobiosoma bosc",NA,"SPECIES","Gobiosoma bosc (Lacepède, 1800)","Gobiosoma bosc","","US","","New York","PRESENT",NA,"28eb1a3f-1c15-4a95-931a-4af90ecb574d",40.694892,-74.000297,NA,NA,NA,NA,NA,NA,"2016-09-19T11:10:43",19,9,2016,5208832,5208832,"HUMAN_OBSERVATION","iNaturalist","Observations","4282557",NA,"ppark728",2016-10-06 06:31:38,"CC_BY_NC_4_0","ppark728","ppark728",NA,NA,2025-06-07 01:11:43.633,"StillImage","COORDINATE_ROUNDED;CONTINENT_DERIVED_FROM_COORDINATES;TAXON_MATCH_TAXON_ID_IGNORED"
1316064798,"aa1d8785-b68f-4000-8b5c-f3545b3132bc","1100010941","Animalia","Chordata",NA,"Perciformes","Gobiidae","Gobiosoma","Gobiosoma bosc",NA,"SPECIES","Gobiosoma bosc (Lacepède, 1800)","Gobiosoma bosc","","US","05","Va","PRESENT",1,"c3ad790a-d426-4ac1-8e32-da61f81f0117",37.008167,-76.03,NA,NA,NA,NA,41,0,"2007-03-13T17:16",13,3,2007,5208832,5208832,"HUMAN_OBSERVATION","VIMS","ChesMMAP","",NA,"",2007-03-13,"CC0_1_0","","GARTLAND",NA,NA,2025-02-01 00:08:31.517,"","COORDINATE_ROUNDED;GEODETIC_DATUM_INVALID;GEODETIC_DATUM_ASSUMED_WGS84"
1316063954,"aa1d8785-b68f-4000-8b5c-f3545b3132bc","1100010068","Animalia","Chordata",NA,"Perciformes","Gobiidae","Gobiosoma","Gobiosoma bosc",NA,"SPECIES","Gobiosoma bosc (Lacepède, 1800)","Gobiosoma bosc","","US","05","Va","PRESENT",3,"c3ad790a-d426-4ac1-8e32-da61f81f0117",36.9885,-76.1915,NA,NA,NA,NA,33,0,"2006-08-30T11:36",30,8,2006,5208832,5208832,"HUMAN_OBSERVATION","VIMS","ChesMMAP","",NA,"",2006-08-30,"CC0_1_0","","GARTLAND",NA,NA,2025-02-01 00:08:29.468,"","GEODETIC_DATUM_INVALID;GEODETIC_DATUM_ASSUMED_WGS84"
1316062023,"aa1d8785-b68f-4000-8b5c-f3545b3132bc","1100008177","Animalia","Chordata",NA,"Perciformes","Gobiidae","Gobiosoma","Gobiosoma bosc",NA,"SPECIES","Gobiosoma bosc (Lacepède, 1800)","Gobiosoma bosc","","US","04","Va","PRESENT",1,"c3ad790a-d426-4ac1-8e32-da61f81f0117",37.822667,-76.076667,NA,NA,NA,NA,36,0,"2005-11-07T13:06",7,11,2005,5208832,5208832,"HUMAN_OBSERVATION","VIMS","ChesMMAP","",NA,"",2005-11-07,"CC0_1_0","","GARTLAND",NA,NA,2025-02-01 00:08:32.38,"","COORDINATE_ROUNDED;GEODETIC_DATUM_INVALID;GEODETIC_DATUM_ASSUMED_WGS84"
1316061620,"aa1d8785-b68f-4000-8b5c-f3545b3132bc","1100007713","Animalia","Chordata",NA,"Perciformes","Gobiidae","Gobiosoma","Gobiosoma bosc",NA,"SPECIES","Gobiosoma bosc (Lacepède, 1800)","Gobiosoma bosc","","US","05","Va","PRESENT",1,"c3ad790a-d426-4ac1-8e32-da61f81f0117",37.075167,-76.118833,NA,NA,NA,NA,38,0,"2005-09-17T14:30",17,9,2005,5208832,5208832,"HUMAN_OBSERVATION","VIMS","ChesMMAP","",NA,"",2005-09-17,"CC0_1_0","","GARTLAND",NA,NA,2025-02-01 00:08:26.975,"","COORDINATE_ROUNDED;GEODETIC_DATUM_INVALID;GEODETIC_DATUM_ASSUMED_WGS84"
1316053876,"aa1d8785-b68f-4000-8b5c-f3545b3132bc","1100009837","Animalia","Chordata",NA,"Perciformes","Gobiidae","Gobiosoma","Gobiosoma bosc",NA,"SPECIES","Gobiosoma bosc (Lacepède, 1800)","Gobiosoma bosc","","US","04","Va","PRESENT",1,"c3ad790a-d426-4ac1-8e32-da61f81f0117",37.770333,-76.142333,NA,NA,NA,NA,27,0,"2006-09-06T07:06",6,9,2006,5208832,5208832,"HUMAN_OBSERVATION","VIMS","ChesMMAP","",NA,"",2006-09-06,"CC0_1_0","","GARTLAND",NA,NA,2025-02-01 00:08:31.813,"","COORDINATE_ROUNDED;GEODETIC_DATUM_INVALID;GEODETIC_DATUM_ASSUMED_WGS84"
1314138546,"1d39953f-5c1a-4dad-8524-70191eb4fe6c","1100698687","Animalia","Chordata",NA,"Perciformes","Gobiidae","Gobiosoma","Gobiosoma bosc",NA,"SPECIES","Gobiosoma bosc (Lacepède, 1800)","Gobiosoma bosc","","US","Dog River Basin;10/81 - present","Alabama","PRESENT",1,"c3ad790a-d426-4ac1-8e32-da61f81f0117",30.5817,-88.06,370,NA,NA,NA,NA,NA,"2005-04-05",5,4,2005,5208832,5208832,"HUMAN_OBSERVATION","NMFS","CAGES Alabama","",NA,"ADCNR/GCRL",2005-04-05,"CC0_1_0","","ADCNR/GCRL",NA,NA,2025-02-01 01:21:47.765,"","GEODETIC_DATUM_INVALID;GEODETIC_DATUM_ASSUMED_WGS84;CONTINENT_DERIVED_FROM_COORDINATES"
1314138260,"1d39953f-5c1a-4dad-8524-70191eb4fe6c","1100698806","Animalia","Chordata",NA,"Perciformes","Gobiidae","Gobiosoma","Gobiosoma bosc",NA,"SPECIES","Gobiosoma bosc (Lacepède, 1800)","Gobiosoma bosc","","US","Battleship; 06/04 - present","Alabama","PRESENT",1,"c3ad790a-d426-4ac1-8e32-da61f81f0117",30.6797,-88.017,370,NA,NA,NA,NA,NA,"2005-04-05",5,4,2005,5208832,5208832,"HUMAN_OBSERVATION","NMFS","CAGES Alabama","",NA,"ADCNR/GCRL",2005-04-05,"CC0_1_0","","ADCNR/GCRL",NA,NA,2025-02-01 01:21:47.764,"","GEODETIC_DATUM_INVALID;GEODETIC_DATUM_ASSUMED_WGS84;CONTINENT_DERIVED_FROM_COORDINATES"
1314104347,"1d39953f-5c1a-4dad-8524-70191eb4fe6c","1100732367","Animalia","Chordata",NA,"Perciformes","Gobiidae","Gobiosoma","Gobiosoma bosc",NA,"SPECIES","Gobiosoma bosc (Lacepède, 1800)","Gobiosoma bosc","","US","Heron Bay;10/80 - present","Alabama","PRESENT",1,"c3ad790a-d426-4ac1-8e32-da61f81f0117",30.325,-88.15,370,NA,NA,NA,NA,NA,"2006-04-13",13,4,2006,5208832,5208832,"HUMAN_OBSERVATION","NMFS","CAGES Alabama","",NA,"ADCNR/GCRL",2006-04-13,"CC0_1_0","","ADCNR/GCRL",NA,NA,2025-02-01 01:21:46.121,"","GEODETIC_DATUM_INVALID;GEODETIC_DATUM_ASSUMED_WGS84;CONTINENT_DERIVED_FROM_COORDINATES"
1314099840,"1d39953f-5c1a-4dad-8524-70191eb4fe6c","1100737556","Animalia","Chordata",NA,"Perciformes","Gobiidae","Gobiosoma","Gobiosoma bosc",NA,"SPECIES","Gobiosoma bosc (Lacepède, 1800)","Gobiosoma bosc","","US","Garrows Bend;04/02 - present","Alabama","PRESENT",1,"c3ad790a-d426-4ac1-8e32-da61f81f0117",30.6547,-88.0533,370,NA,NA,NA,NA,NA,"2006-06-09",9,6,2006,5208832,5208832,"HUMAN_OBSERVATION","NMFS","CAGES Alabama","",NA,"ADCNR/GCRL",2006-06-09,"CC0_1_0","","ADCNR/GCRL",NA,NA,2025-02-01 01:21:46.157,"","GEODETIC_DATUM_INVALID;GEODETIC_DATUM_ASSUMED_WGS84;CONTINENT_DERIVED_FROM_COORDINATES"
1314089118,"1d39953f-5c1a-4dad-8524-70191eb4fe6c","1100748099","Animalia","Chordata",NA,"Perciformes","Gobiidae","Gobiosoma","Gobiosoma bosc",NA,"SPECIES","Gobiosoma bosc (Lacepède, 1800)","Gobiosoma bosc","","US","East End Little Lagoon;02/92 - present","Alabama","PRESENT",1,"c3ad790a-d426-4ac1-8e32-da61f81f0117",30.2367,-87.7367,370,NA,NA,NA,NA,NA,"2006-09-20",20,9,2006,5208832,5208832,"HUMAN_OBSERVATION","NMFS","CAGES Alabama","",NA,"ADCNR/GCRL",2006-09-20,"CC0_1_0","","ADCNR/GCRL",NA,NA,2025-02-01 01:21:48.358,"","GEODETIC_DATUM_INVALID;GEODETIC_DATUM_ASSUMED_WGS84;CONTINENT_DERIVED_FROM_COORDINATES"
1314079382,"1d39953f-5c1a-4dad-8524-70191eb4fe6c","1100757710","Animalia","Chordata",NA,"Perciformes","Gobiidae","Gobiosoma","Gobiosoma bosc",NA,"SPECIES","Gobiosoma bosc (Lacepède, 1800)","Gobiosoma bosc","","US","Weeks Bay;10/80 - present","Alabama","PRESENT",1,"c3ad790a-d426-4ac1-8e32-da61f81f0117",30.3933,-87.8283,370,NA,NA,NA,NA,NA,"2006-12-20",20,12,2006,5208832,5208832,"HUMAN_OBSERVATION","NMFS","CAGES Alabama","",NA,"ADCNR/GCRL",2006-12-20,"CC0_1_0","","ADCNR/GCRL",NA,NA,2025-02-01 01:21:48.472,"","GEODETIC_DATUM_INVALID;GEODETIC_DATUM_ASSUMED_WGS84;CONTINENT_DERIVED_FROM_COORDINATES"
1314060657,"1d39953f-5c1a-4dad-8524-70191eb4fe6c","1100776686","Animalia","Chordata",NA,"Perciformes","Gobiidae","Gobiosoma","Gobiosoma bosc",NA,"SPECIES","Gobiosoma bosc (Lacepède, 1800)","Gobiosoma bosc","","US","Bayou St. John;10/82 - present","Alabama","PRESENT",1,"c3ad790a-d426-4ac1-8e32-da61f81f0117",30.28,-87.545,370,NA,NA,NA,NA,NA,"2007-06-22",22,6,2007,5208832,5208832,"HUMAN_OBSERVATION","NMFS","CAGES Alabama","",NA,"ADCNR/GCRL",2007-06-22,"CC0_1_0","","ADCNR/GCRL",NA,NA,2025-02-01 01:21:48.503,"","GEODETIC_DATUM_INVALID;GEODETIC_DATUM_ASSUMED_WGS84;CONTINENT_DERIVED_FROM_COORDINATES"
1271895187,"fcdd34e6-43cf-4fbb-a2a9-07163619b872","1114629585","Animalia","Chordata",NA,"Perciformes","Gobiidae","Gobiosoma","Gobiosoma bosc",NA,"SPECIES","Gobiosoma bosc (Lacepède, 1800)","Gobiosoma bosc","","US","Guadalupe Estuary","Texas","PRESENT",NA,"c3ad790a-d426-4ac1-8e32-da61f81f0117",28.259167,-96.658333,100,NA,NA,NA,2,0,"2006-07-19T14:10",19,7,2006,5208832,5208832,"HUMAN_OBSERVATION","TPWD","San Antonio Bay Trawl","",NA,"",NA,"CC0_1_0","","TPWD",NA,NA,2025-02-01 02:26:55.438,"","GEODETIC_DATUM_INVALID;GEODETIC_DATUM_ASSUMED_WGS84;CONTINENT_DERIVED_FROM_COORDINATES;OCCURRENCE_STATUS_UNPARSABLE"
1271895092,"fcdd34e6-43cf-4fbb-a2a9-07163619b872","1114628290","Animalia","Chordata",NA,"Perciformes","Gobiidae","Gobiosoma","Gobiosoma bosc",NA,"SPECIES","Gobiosoma bosc (Lacepède, 1800)","Gobiosoma bosc","","US","Guadalupe Estuary","Texas","PRESENT",NA,"c3ad790a-d426-4ac1-8e32-da61f81f0117",28.308889,-96.693056,100,NA,NA,NA,1.25,0.15,"2008-04-21T14:52",21,4,2008,5208832,5208832,"HUMAN_OBSERVATION","TPWD","San Antonio Bay Trawl","",NA,"",NA,"CC0_1_0","","TPWD",NA,NA,2025-02-01 02:26:53.725,"","GEODETIC_DATUM_INVALID;GEODETIC_DATUM_ASSUMED_WGS84;CONTINENT_DERIVED_FROM_COORDINATES;DEPTH_MIN_MAX_SWAPPED;OCCURRENCE_STATUS_UNPARSABLE"
1271894905,"fcdd34e6-43cf-4fbb-a2a9-07163619b872","1114626854","Animalia","Chordata",NA,"Perciformes","Gobiidae","Gobiosoma","Gobiosoma bosc",NA,"SPECIES","Gobiosoma bosc (Lacepède, 1800)","Gobiosoma bosc","","US","Guadalupe Estuary","Texas","PRESENT",NA,"c3ad790a-d426-4ac1-8e32-da61f81f0117",28.3925,-96.710278,100,NA,NA,NA,0.6,0,"2006-03-02T10:02",2,3,2006,5208832,5208832,"HUMAN_OBSERVATION","TPWD","San Antonio Bay Trawl","",NA,"",NA,"CC0_1_0","","TPWD",NA,NA,2025-02-01 02:26:53.485,"","GEODETIC_DATUM_INVALID;GEODETIC_DATUM_ASSUMED_WGS84;CONTINENT_DERIVED_FROM_COORDINATES;OCCURRENCE_STATUS_UNPARSABLE"
1271894696,"fcdd34e6-43cf-4fbb-a2a9-07163619b872","1114625922","Animalia","Chordata",NA,"Perciformes","Gobiidae","Gobiosoma","Gobiosoma bosc",NA,"SPECIES","Gobiosoma bosc (Lacepède, 1800)","Gobiosoma bosc","","US","Guadalupe Estuary","Texas","PRESENT",NA,"c3ad790a-d426-4ac1-8e32-da61f81f0117",28.191111,-96.824722,100,NA,NA,NA,0.7,0.1,"2006-06-13T10:14",13,6,2006,5208832,5208832,"HUMAN_OBSERVATION","TPWD","San Antonio Bay Trawl","",NA,"",NA,"CC0_1_0","","TPWD",NA,NA,2025-02-01 02:26:56.105,"","GEODETIC_DATUM_INVALID;GEODETIC_DATUM_ASSUMED_WGS84;CONTINENT_DERIVED_FROM_COORDINATES;DEPTH_MIN_MAX_SWAPPED;OCCURRENCE_STATUS_UNPARSABLE"
1271322970,"99cac79f-b9bf-42e5-88bd-68c30a595437","1112319013","Animalia","Chordata",NA,"Perciformes","Gobiidae","Gobiosoma","Gobiosoma bosc",NA,"SPECIES","Gobiosoma bosc (Lacepède, 1800)","Gobiosoma bosc","","US","Lower Laguna Madre Estuary","Texas","PRESENT",NA,"c3ad790a-d426-4ac1-8e32-da61f81f0117",26.175556,-97.225833,100,NA,NA,NA,1.2,0,"2006-08-16T11:34",16,8,2006,5208832,5208832,"HUMAN_OBSERVATION","TPWD","Lower Laguna Madre Trawl","",NA,"",NA,"CC0_1_0","","TPWD",NA,NA,2025-01-31 23:41:24.727,"","GEODETIC_DATUM_INVALID;GEODETIC_DATUM_ASSUMED_WGS84;CONTINENT_DERIVED_FROM_COORDINATES;OCCURRENCE_STATUS_UNPARSABLE"
1271322952,"99cac79f-b9bf-42e5-88bd-68c30a595437","1112320368","Animalia","Chordata",NA,"Perciformes","Gobiidae","Gobiosoma","Gobiosoma bosc",NA,"SPECIES","Gobiosoma bosc (Lacepède, 1800)","Gobiosoma bosc","","US","Lower Laguna Madre Estuary","Texas","PRESENT",NA,"c3ad790a-d426-4ac1-8e32-da61f81f0117",26.706667,-97.459444,100,NA,NA,NA,1.4,0,"2005-02-22T14:06",22,2,2005,5208832,5208832,"HUMAN_OBSERVATION","TPWD","Lower Laguna Madre Trawl","",NA,"",NA,"CC0_1_0","","TPWD",NA,NA,2025-01-31 23:41:24.558,"","GEODETIC_DATUM_INVALID;GEODETIC_DATUM_ASSUMED_WGS84;CONTINENT_DERIVED_FROM_COORDINATES;OCCURRENCE_STATUS_UNPARSABLE"
1271322950,"99cac79f-b9bf-42e5-88bd-68c30a595437","1112319456","Animalia","Chordata",NA,"Perciformes","Gobiidae","Gobiosoma","Gobiosoma bosc",NA,"SPECIES","Gobiosoma bosc (Lacepède, 1800)","Gobiosoma bosc","","US","Lower Laguna Madre Estuary","Texas","PRESENT",NA,"c3ad790a-d426-4ac1-8e32-da61f81f0117",26.125278,-97.275,100,NA,NA,NA,1.4,0,"2006-09-05T12:45",5,9,2006,5208832,5208832,"HUMAN_OBSERVATION","TPWD","Lower Laguna Madre Trawl","",NA,"",NA,"CC0_1_0","","TPWD",NA,NA,2025-01-31 23:41:24.637,"","GEODETIC_DATUM_INVALID;GEODETIC_DATUM_ASSUMED_WGS84;CONTINENT_DERIVED_FROM_COORDINATES;OCCURRENCE_STATUS_UNPARSABLE"
1271322940,"99cac79f-b9bf-42e5-88bd-68c30a595437","1112318604","Animalia","Chordata",NA,"Perciformes","Gobiidae","Gobiosoma","Gobiosoma bosc",NA,"SPECIES","Gobiosoma bosc (Lacepède, 1800)","Gobiosoma bosc","","US","Lower Laguna Madre Estuary","Texas","PRESENT",NA,"c3ad790a-d426-4ac1-8e32-da61f81f0117",26.458333,-97.358333,100,NA,NA,NA,1,0,"2005-03-02T14:16",2,3,2005,5208832,5208832,"HUMAN_OBSERVATION","TPWD","Lower Laguna Madre Trawl","",NA,"",NA,"CC0_1_0","","TPWD",NA,NA,2025-01-31 23:41:24.48,"","GEODETIC_DATUM_INVALID;GEODETIC_DATUM_ASSUMED_WGS84;CONTINENT_DERIVED_FROM_COORDINATES;OCCURRENCE_STATUS_UNPARSABLE"
1271322868,"99cac79f-b9bf-42e5-88bd-68c30a595437","1112318607","Animalia","Chordata",NA,"Perciformes","Gobiidae","Gobiosoma","Gobiosoma bosc",NA,"SPECIES","Gobiosoma bosc (Lacepède, 1800)","Gobiosoma bosc","","US","Lower Laguna Madre Estuary","Texas","PRESENT",NA,"c3ad790a-d426-4ac1-8e32-da61f81f0117",26.459167,-97.366111,100,NA,NA,NA,0.7,0,"2006-05-09T16:49",9,5,2006,5208832,5208832,"HUMAN_OBSERVATION","TPWD","Lower Laguna Madre Trawl","",NA,"",NA,"CC0_1_0","","TPWD",NA,NA,2025-01-31 23:41:24.48,"","GEODETIC_DATUM_INVALID;GEODETIC_DATUM_ASSUMED_WGS84;CONTINENT_DERIVED_FROM_COORDINATES;OCCURRENCE_STATUS_UNPARSABLE"
1271022175,"cc7cd3f8-1ff5-4273-ad34-f89351392925","1115467085","Animalia","Chordata",NA,"Perciformes","Gobiidae","Gobiosoma","Gobiosoma bosc",NA,"SPECIES","Gobiosoma bosc (Lacepède, 1800)","Gobiosoma bosc","","US","Upper Laguna Madre Estuary","Texas","PRESENT",NA,"c3ad790a-d426-4ac1-8e32-da61f81f0117",27.358333,-97.391667,100,NA,NA,NA,1,0,"2006-08-17T12:49",17,8,2006,5208832,5208832,"HUMAN_OBSERVATION","TPWD","Upper Laguna Madre Trawl","",NA,"",NA,"CC0_1_0","","TPWD",NA,NA,2025-02-01 01:05:26.199,"","GEODETIC_DATUM_INVALID;GEODETIC_DATUM_ASSUMED_WGS84;CONTINENT_DERIVED_FROM_COORDINATES;OCCURRENCE_STATUS_UNPARSABLE"
1271022160,"cc7cd3f8-1ff5-4273-ad34-f89351392925","1115467068","Animalia","Chordata",NA,"Perciformes","Gobiidae","Gobiosoma","Gobiosoma bosc",NA,"SPECIES","Gobiosoma bosc (Lacepède, 1800)","Gobiosoma bosc","","US","Upper Laguna Madre Estuary","Texas","PRESENT",NA,"c3ad790a-d426-4ac1-8e32-da61f81f0117",27.354444,-97.39,100,NA,NA,NA,1.2,0,"2006-06-09T10:21",9,6,2006,5208832,5208832,"HUMAN_OBSERVATION","TPWD","Upper Laguna Madre Trawl","",NA,"",NA,"CC0_1_0","","TPWD",NA,NA,2025-02-01 01:05:26.197,"","GEODETIC_DATUM_INVALID;GEODETIC_DATUM_ASSUMED_WGS84;CONTINENT_DERIVED_FROM_COORDINATES;OCCURRENCE_STATUS_UNPARSABLE"
1271021939,"cc7cd3f8-1ff5-4273-ad34-f89351392925","1115466872","Animalia","Chordata",NA,"Perciformes","Gobiidae","Gobiosoma","Gobiosoma bosc",NA,"SPECIES","Gobiosoma bosc (Lacepède, 1800)","Gobiosoma bosc","","US","Upper Laguna Madre Estuary","Texas","PRESENT",NA,"c3ad790a-d426-4ac1-8e32-da61f81f0117",27.425278,-97.361111,100,NA,NA,NA,1.5,0,"2006-08-17T11:46",17,8,2006,5208832,5208832,"HUMAN_OBSERVATION","TPWD","Upper Laguna Madre Trawl","",NA,"",NA,"CC0_1_0","","TPWD",NA,NA,2025-02-01 01:05:26.529,"","GEODETIC_DATUM_INVALID;GEODETIC_DATUM_ASSUMED_WGS84;CONTINENT_DERIVED_FROM_COORDINATES;OCCURRENCE_STATUS_UNPARSABLE"
1271021888,"cc7cd3f8-1ff5-4273-ad34-f89351392925","1115466833","Animalia","Chordata",NA,"Perciformes","Gobiidae","Gobiosoma","Gobiosoma bosc",NA,"SPECIES","Gobiosoma bosc (Lacepède, 1800)","Gobiosoma bosc","","US","Upper Laguna Madre Estuary","Texas","PRESENT",NA,"c3ad790a-d426-4ac1-8e32-da61f81f0117",27.4425,-97.327222,100,NA,NA,NA,2,0,"2007-08-02T16:51",2,8,2007,5208832,5208832,"HUMAN_OBSERVATION","TPWD","Upper Laguna Madre Trawl","",NA,"",NA,"CC0_1_0","","TPWD",NA,NA,2025-02-01 01:05:26.531,"","GEODETIC_DATUM_INVALID;GEODETIC_DATUM_ASSUMED_WGS84;CONTINENT_DERIVED_FROM_COORDINATES;OCCURRENCE_STATUS_UNPARSABLE"
1271021811,"cc7cd3f8-1ff5-4273-ad34-f89351392925","1115466738","Animalia","Chordata",NA,"Perciformes","Gobiidae","Gobiosoma","Gobiosoma bosc",NA,"SPECIES","Gobiosoma bosc (Lacepède, 1800)","Gobiosoma bosc","","US","Upper Laguna Madre Estuary","Texas","PRESENT",NA,"c3ad790a-d426-4ac1-8e32-da61f81f0117",27.459167,-97.341667,100,NA,NA,NA,2,0,"2008-06-02T17:01",2,6,2008,5208832,5208832,"HUMAN_OBSERVATION","TPWD","Upper Laguna Madre Trawl","",NA,"",NA,"CC0_1_0","","TPWD",NA,NA,2025-02-01 01:05:26.45,"","GEODETIC_DATUM_INVALID;GEODETIC_DATUM_ASSUMED_WGS84;CONTINENT_DERIVED_FROM_COORDINATES;OCCURRENCE_STATUS_UNPARSABLE"
1271021530,"cc7cd3f8-1ff5-4273-ad34-f89351392925","1115466497","Animalia","Chordata",NA,"Perciformes","Gobiidae","Gobiosoma","Gobiosoma bosc",NA,"SPECIES","Gobiosoma bosc (Lacepède, 1800)","Gobiosoma bosc","","US","Upper Laguna Madre Estuary","Texas","PRESENT",NA,"c3ad790a-d426-4ac1-8e32-da61f81f0117",27.522222,-97.309167,100,NA,NA,NA,1.3,0,"2005-06-06T15:16",6,6,2005,5208832,5208832,"HUMAN_OBSERVATION","TPWD","Upper Laguna Madre Trawl","",NA,"",NA,"CC0_1_0","","TPWD",NA,NA,2025-02-01 01:05:26.62,"","GEODETIC_DATUM_INVALID;GEODETIC_DATUM_ASSUMED_WGS84;CONTINENT_DERIVED_FROM_COORDINATES;OCCURRENCE_STATUS_UNPARSABLE"
1271021366,"cc7cd3f8-1ff5-4273-ad34-f89351392925","1115466321","Animalia","Chordata",NA,"Perciformes","Gobiidae","Gobiosoma","Gobiosoma bosc",NA,"SPECIES","Gobiosoma bosc (Lacepède, 1800)","Gobiosoma bosc","","US","Upper Laguna Madre Estuary","Texas","PRESENT",NA,"c3ad790a-d426-4ac1-8e32-da61f81f0117",27.576667,-97.291944,100,NA,NA,NA,1.5,0,"2008-08-22T09:32",22,8,2008,5208832,5208832,"HUMAN_OBSERVATION","TPWD","Upper Laguna Madre Trawl","",NA,"",NA,"CC0_1_0","","TPWD",NA,NA,2025-02-01 01:05:26.638,"","GEODETIC_DATUM_INVALID;GEODETIC_DATUM_ASSUMED_WGS84;CONTINENT_DERIVED_FROM_COORDINATES;OCCURRENCE_STATUS_UNPARSABLE"
1269580283,"50c9509d-22c7-4a22-a47d-8c48425ef4a7","http://www.inaturalist.org/observations/3281993","Animalia","Chordata",NA,"Perciformes","Gobiidae","Gobiosoma","Gobiosoma bosc",NA,"SPECIES","Gobiosoma bosc (Lacepède, 1800)","Gobiosoma bosc","","US","","Maryland","PRESENT",NA,"28eb1a3f-1c15-4a95-931a-4af90ecb574d",39.261843,-76.585441,67,NA,NA,NA,NA,NA,"2016-05-23",23,5,2016,5208832,5208832,"HUMAN_OBSERVATION","iNaturalist","Observations","3281993",NA,"National Aquarium",2016-05-23 17:33:04,"CC_BY_NC_4_0","National Aquarium","National Aquarium",NA,NA,2025-06-07 00:41:47.204,"StillImage","CONTINENT_DERIVED_FROM_COORDINATES;TAXON_MATCH_TAXON_ID_IGNORED"
1268907628,"d0e9b7eb-29a9-4695-bb13-22585df648a5","1110802737","Animalia","Chordata",NA,"Perciformes","Gobiidae","Gobiosoma","Gobiosoma bosc",NA,"SPECIES","Gobiosoma bosc (Lacepède, 1800)","Gobiosoma bosc","","US","Mission-Aransas Estuary","Texas","PRESENT",NA,"c3ad790a-d426-4ac1-8e32-da61f81f0117",28.141667,-97.043056,100,NA,NA,NA,1.35,0.15,"2006-01-03T15:05",3,1,2006,5208832,5208832,"HUMAN_OBSERVATION","TPWD","Aransas Bay Trawl","",NA,"",NA,"CC0_1_0","","TPWD",NA,NA,2025-02-01 01:12:53.226,"","GEODETIC_DATUM_INVALID;GEODETIC_DATUM_ASSUMED_WGS84;CONTINENT_DERIVED_FROM_COORDINATES;DEPTH_MIN_MAX_SWAPPED;OCCURRENCE_STATUS_UNPARSABLE"
1268907286,"d0e9b7eb-29a9-4695-bb13-22585df648a5","1110802408","Animalia","Chordata",NA,"Perciformes","Gobiidae","Gobiosoma","Gobiosoma bosc",NA,"SPECIES","Gobiosoma bosc (Lacepède, 1800)","Gobiosoma bosc","","US","Mission-Aransas Estuary","Texas","PRESENT",NA,"c3ad790a-d426-4ac1-8e32-da61f81f0117",28.158056,-97.041389,100,NA,NA,NA,1.7,0,"2008-05-19T14:26",19,5,2008,5208832,5208832,"HUMAN_OBSERVATION","TPWD","Aransas Bay Trawl","",NA,"",NA,"CC0_1_0","","TPWD",NA,NA,2025-02-01 01:12:53.358,"","GEODETIC_DATUM_INVALID;GEODETIC_DATUM_ASSUMED_WGS84;CONTINENT_DERIVED_FROM_COORDINATES;OCCURRENCE_STATUS_UNPARSABLE"
1268906104,"d0e9b7eb-29a9-4695-bb13-22585df648a5","1110801238","Animalia","Chordata",NA,"Perciformes","Gobiidae","Gobiosoma","Gobiosoma bosc",NA,"SPECIES","Gobiosoma bosc (Lacepède, 1800)","Gobiosoma bosc","","US","Mission-Aransas Estuary","Texas","PRESENT",NA,"c3ad790a-d426-4ac1-8e32-da61f81f0117",27.957778,-97.007222,100,NA,NA,NA,2.4,0,"2006-11-16T08:33",16,11,2006,5208832,5208832,"HUMAN_OBSERVATION","TPWD","Aransas Bay Trawl","",NA,"",NA,"CC0_1_0","","TPWD",NA,NA,2025-02-01 01:12:52.58,"","GEODETIC_DATUM_INVALID;GEODETIC_DATUM_ASSUMED_WGS84;CONTINENT_DERIVED_FROM_COORDINATES;OCCURRENCE_STATUS_UNPARSABLE"
1268905976,"d0e9b7eb-29a9-4695-bb13-22585df648a5","1110801136","Animalia","Chordata",NA,"Perciformes","Gobiidae","Gobiosoma","Gobiosoma bosc",NA,"SPECIES","Gobiosoma bosc (Lacepède, 1800)","Gobiosoma bosc","","US","Mission-Aransas Estuary","Texas","PRESENT",NA,"c3ad790a-d426-4ac1-8e32-da61f81f0117",27.957222,-97.041944,100,NA,NA,NA,2.4,0,"2006-11-16T07:13",16,11,2006,5208832,5208832,"HUMAN_OBSERVATION","TPWD","Aransas Bay Trawl","",NA,"",NA,"CC0_1_0","","TPWD",NA,NA,2025-02-01 01:12:52.563,"","GEODETIC_DATUM_INVALID;GEODETIC_DATUM_ASSUMED_WGS84;CONTINENT_DERIVED_FROM_COORDINATES;OCCURRENCE_STATUS_UNPARSABLE"
1268903929,"d0e9b7eb-29a9-4695-bb13-22585df648a5","1110799031","Animalia","Chordata",NA,"Perciformes","Gobiidae","Gobiosoma","Gobiosoma bosc",NA,"SPECIES","Gobiosoma bosc (Lacepède, 1800)","Gobiosoma bosc","","US","Mission-Aransas Estuary","Texas","PRESENT",NA,"c3ad790a-d426-4ac1-8e32-da61f81f0117",28.091667,-97.024444,100,NA,NA,NA,2.55,0.15,"2005-07-06T10:53",6,7,2005,5208832,5208832,"HUMAN_OBSERVATION","TPWD","Aransas Bay Trawl","",NA,"",NA,"CC0_1_0","","TPWD",NA,NA,2025-02-01 01:12:52.708,"","GEODETIC_DATUM_INVALID;GEODETIC_DATUM_ASSUMED_WGS84;CONTINENT_DERIVED_FROM_COORDINATES;DEPTH_MIN_MAX_SWAPPED;OCCURRENCE_STATUS_UNPARSABLE"
1268903487,"d0e9b7eb-29a9-4695-bb13-22585df648a5","1110798612","Animalia","Chordata",NA,"Perciformes","Gobiidae","Gobiosoma","Gobiosoma bosc",NA,"SPECIES","Gobiosoma bosc (Lacepède, 1800)","Gobiosoma bosc","","US","Mission-Aransas Estuary","Texas","PRESENT",NA,"c3ad790a-d426-4ac1-8e32-da61f81f0117",28.122778,-96.991667,100,NA,NA,NA,1.5,0,"2006-06-19T14:24",19,6,2006,5208832,5208832,"HUMAN_OBSERVATION","TPWD","Aransas Bay Trawl","",NA,"",NA,"CC0_1_0","","TPWD",NA,NA,2025-02-01 01:12:52.221,"","GEODETIC_DATUM_INVALID;GEODETIC_DATUM_ASSUMED_WGS84;CONTINENT_DERIVED_FROM_COORDINATES;OCCURRENCE_STATUS_UNPARSABLE"
