"gbifID","datasetKey","occurrenceID","kingdom","phylum","class","order","family","genus","species","infraspecificEpithet","taxonRank","scientificName","verbatimScientificName","verbatimScientificNameAuthorship","countryCode","locality","stateProvince","occurrenceStatus","individualCount","publishingOrgKey","decimalLatitude","decimalLongitude","coordinateUncertaintyInMeters","coordinatePrecision","elevation","elevationAccuracy","depth","depthAccuracy","eventDate","day","month","year","taxonKey","speciesKey","basisOfRecord","institutionCode","collectionCode","catalogNumber","recordNumber","identifiedBy","dateIdentified","license","rightsHolder","recordedBy","typeStatus","establishmentMeans","lastInterpreted","mediaType","issue"
893351835,"66f6192f-6cc0-45fd-a2d1-e76f5ae3eab2","diveboard:118944_994845_0","Animalia","Chordata","Elasmobranchii","Carcharhiniformes","Carcharhinidae","Negaprion","Negaprion brevirostris",NA,"SPECIES","Negaprion brevirostris (Poey, 1868)","Negaprion brevirostris (Poey, 1868)","","US","Jupiter, Florida","","PRESENT",NA,"1989b627-2a61-44db-83e4-392efc5da0a9",26.9485,-80.0845,100,NA,0,0,13.715,13.715,"2014-02-16T14:35Z",16,2,2014,2417919,2417919,"HUMAN_OBSERVATION","Diveboard","Diveboard","diveboard:118944_994845_0","","Michael Wright",2014-02-16,"CC_BY_NC_4_0","Diveboard","Michael Wright",NA,NA,2025-07-04 21:58:00.916,"","COORDINATE_REPROJECTION_SUSPICIOUS;CONTINENT_DERIVED_FROM_COORDINATES;TAXON_ID_NOT_FOUND"
857005666,"66f6192f-6cc0-45fd-a2d1-e76f5ae3eab2","diveboard:27044_994845_0","Animalia","Chordata","Elasmobranchii","Carcharhiniformes","Carcharhinidae","Negaprion","Negaprion brevirostris",NA,"SPECIES","Negaprion brevirostris (Poey, 1868)","Negaprion brevirostris (Poey, 1868)","","MX","Yucab Reef","","PRESENT",NA,"1989b627-2a61-44db-83e4-392efc5da0a9",20.431,-86.9081,100,NA,0,0,10,10,"2010-07-15T12:00Z",15,7,2010,2417919,2417919,"HUMAN_OBSERVATION","Diveboard","Diveboard","diveboard:27044_994845_0","","Javier",2010-07-15,"CC_BY_NC_4_0","Diveboard","Javier",NA,NA,2025-07-04 21:58:21.198,"","COORDINATE_REPROJECTION_SUSPICIOUS;CONTINENT_DERIVED_FROM_COORDINATES;TAXON_ID_NOT_FOUND"
857004872,"66f6192f-6cc0-45fd-a2d1-e76f5ae3eab2","diveboard:24476_994845_0","Animalia","Chordata","Elasmobranchii","Carcharhiniformes","Carcharhinidae","Negaprion","Negaprion brevirostris",NA,"SPECIES","Negaprion brevirostris (Poey, 1868)","Negaprion brevirostris (Poey, 1868)","","FJ","Bistro","","PRESENT",NA,"1989b627-2a61-44db-83e4-392efc5da0a9",-18.2932,178.048,100,NA,0,0,9.6,9.6,"2010-09-10T10:01Z",10,9,2010,2417919,2417919,"HUMAN_OBSERVATION","Diveboard","Diveboard","diveboard:24476_994845_0","","Anonymous",2010-09-10,"CC_BY_NC_4_0","Diveboard","Anonymous",NA,NA,2025-07-04 21:58:19.211,"","COORDINATE_REPROJECTION_SUSPICIOUS;CONTINENT_DERIVED_FROM_COORDINATES;TAXON_ID_NOT_FOUND"
5237869700,"50c9509d-22c7-4a22-a47d-8c48425ef4a7","https://www.inaturalist.org/observations/301876244","Animalia","Chordata","Elasmobranchii","Carcharhiniformes","Carcharhinidae","Negaprion","Negaprion brevirostris",NA,"SPECIES","Negaprion brevirostris (Poey, 1868)","Negaprion brevirostris","","BS","","Berry Islands","PRESENT",NA,"28eb1a3f-1c15-4a95-931a-4af90ecb574d",25.922843,-77.918542,29913,NA,NA,NA,NA,NA,"2025-07-22T12:23:55",22,7,2025,2417919,2417919,"HUMAN_OBSERVATION","iNaturalist","Observations","301876244","","donstanley64",2025-07-28 17:24:33,"CC_BY_NC_4_0","donstanley64","donstanley64",NA,NA,2025-08-03 02:55:42.006,"StillImage","COORDINATE_ROUNDED;TAXON_ID_NOT_FOUND"
5231754042,"50c9509d-22c7-4a22-a47d-8c48425ef4a7","https://www.inaturalist.org/observations/299586012","Animalia","Chordata","Elasmobranchii","Carcharhiniformes","Carcharhinidae","Negaprion","Negaprion brevirostris",NA,"SPECIES","Negaprion brevirostris (Poey, 1868)","Negaprion brevirostris","","BS","","City of Freeport","PRESENT",NA,"28eb1a3f-1c15-4a95-931a-4af90ecb574d",26.438603,-78.681462,29845,NA,NA,NA,NA,NA,"2025-07-20T09:02:45",20,7,2025,2417919,2417919,"HUMAN_OBSERVATION","iNaturalist","Observations","299586012","","Jacob Richardson",2025-07-20 18:03:45,"CC_BY_NC_4_0","Jacob Richardson","Jacob Richardson",NA,NA,2025-08-03 02:55:13.991,"StillImage","COORDINATE_ROUNDED;TAXON_ID_NOT_FOUND"
5231373516,"50c9509d-22c7-4a22-a47d-8c48425ef4a7","https://www.inaturalist.org/observations/298640439","Animalia","Chordata","Elasmobranchii","Carcharhiniformes","Carcharhinidae","Negaprion","Negaprion brevirostris",NA,"SPECIES","Negaprion brevirostris (Poey, 1868)","Negaprion brevirostris","","US","","","PRESENT",NA,"28eb1a3f-1c15-4a95-931a-4af90ecb574d",27.134258,-80.02995,29775,NA,NA,NA,NA,NA,"2025-07-08T10:22",8,7,2025,2417919,2417919,"HUMAN_OBSERVATION","iNaturalist","Observations","298640439","","Jamie Holloway",2025-07-17 11:24:30,"CC_BY_NC_4_0","Jamie Holloway","Jamie Holloway",NA,NA,2025-08-03 02:55:03.759,"StillImage","COORDINATE_ROUNDED;COUNTRY_DERIVED_FROM_COORDINATES;TAXON_ID_NOT_FOUND"
5217031029,"50c9509d-22c7-4a22-a47d-8c48425ef4a7","https://www.inaturalist.org/observations/294102576","Animalia","Chordata","Elasmobranchii","Carcharhiniformes","Carcharhinidae","Negaprion","Negaprion brevirostris",NA,"SPECIES","Negaprion brevirostris (Poey, 1868)","Negaprion brevirostris","","US","","Florida","PRESENT",NA,"28eb1a3f-1c15-4a95-931a-4af90ecb574d",26.604538,-80.168602,29822,NA,NA,NA,NA,NA,"2025-06-27T13:38",27,6,2025,2417919,2417919,"HUMAN_OBSERVATION","iNaturalist","Observations","294102576","","Jamie Holloway",2025-06-30 17:40:07,"CC_BY_NC_4_0","Jamie Holloway","Jamie Holloway",NA,NA,2025-08-03 01:51:14.854,"StillImage","COORDINATE_ROUNDED;CONTINENT_DERIVED_FROM_COORDINATES;TAXON_ID_NOT_FOUND"
5205912629,"50c9509d-22c7-4a22-a47d-8c48425ef4a7","https://www.inaturalist.org/observations/292103027","Animalia","Chordata","Elasmobranchii","Carcharhiniformes","Carcharhinidae","Negaprion","Negaprion brevirostris",NA,"SPECIES","Negaprion brevirostris (Poey, 1868)","Negaprion brevirostris","","US","","Louisiana","PRESENT",NA,"28eb1a3f-1c15-4a95-931a-4af90ecb574d",29.695276,-93.216117,29458,NA,NA,NA,NA,NA,"2025-06-23T06:55:17",23,6,2025,2417919,2417919,"HUMAN_OBSERVATION","iNaturalist","Observations","292103027","","Clinton Duffy",2025-06-23 15:13:04,"CC_BY_NC_4_0","gazpachoincups","gazpachoincups",NA,NA,2025-08-03 01:50:48.719,"StillImage","COORDINATE_ROUNDED;TAXON_ID_NOT_FOUND"
5199176082,"50c9509d-22c7-4a22-a47d-8c48425ef4a7","https://www.inaturalist.org/observations/289292110","Animalia","Chordata","Elasmobranchii","Carcharhiniformes","Carcharhinidae","Negaprion","Negaprion brevirostris",NA,"SPECIES","Negaprion brevirostris (Poey, 1868)","Negaprion brevirostris","","US","","","PRESENT",NA,"28eb1a3f-1c15-4a95-931a-4af90ecb574d",26.907133,-79.962581,29798,NA,NA,NA,NA,NA,"2025-06-12T11:14",12,6,2025,2417919,2417919,"HUMAN_OBSERVATION","iNaturalist","Observations","289292110","","Jamie Holloway",2025-06-13 16:15:08,"CC_BY_NC_4_0","Jamie Holloway","Jamie Holloway",NA,NA,2025-08-03 02:53:10.146,"StillImage","COORDINATE_ROUNDED;COUNTRY_DERIVED_FROM_COORDINATES;TAXON_ID_NOT_FOUND"
5177253849,"50c9509d-22c7-4a22-a47d-8c48425ef4a7","https://www.inaturalist.org/observations/285418711","Animalia","Chordata","Elasmobranchii","Carcharhiniformes","Carcharhinidae","Negaprion","Negaprion brevirostris",NA,"SPECIES","Negaprion brevirostris (Poey, 1868)","Negaprion brevirostris","","US","","Florida","PRESENT",NA,"28eb1a3f-1c15-4a95-931a-4af90ecb574d",27.926277,-80.411233,29680,NA,NA,NA,NA,NA,"2025-05-30T15:17:50",30,5,2025,2417919,2417919,"HUMAN_OBSERVATION","iNaturalist","Observations","285418711","","Keith Donald",2025-05-30 19:31:44,"CC_BY_NC_4_0","Keith Donald","Keith Donald",NA,NA,2025-08-03 04:04:25.485,"StillImage","COORDINATE_ROUNDED;TAXON_ID_NOT_FOUND"
5168052391,"50c9509d-22c7-4a22-a47d-8c48425ef4a7","https://www.inaturalist.org/observations/282978520","Animalia","Chordata","Elasmobranchii","Carcharhiniformes","Carcharhinidae","Negaprion","Negaprion brevirostris",NA,"SPECIES","Negaprion brevirostris (Poey, 1868)","Negaprion brevirostris","","US","","Florida","PRESENT",NA,"28eb1a3f-1c15-4a95-931a-4af90ecb574d",25.65804,-81.284443,29936,NA,NA,NA,NA,NA,"2025-05-20T13:01:02",20,5,2025,2417919,2417919,"HUMAN_OBSERVATION","iNaturalist","Observations","282978520","","Thyde",2025-05-21 20:36:58,"CC_BY_NC_4_0","Thyde","Thyde",NA,NA,2025-08-03 04:03:13.057,"StillImage","COORDINATE_ROUNDED;CONTINENT_DERIVED_FROM_COORDINATES;TAXON_ID_NOT_FOUND"
5167538193,"50c9509d-22c7-4a22-a47d-8c48425ef4a7","https://www.inaturalist.org/observations/284225899","Animalia","Chordata","Elasmobranchii","Carcharhiniformes","Carcharhinidae","Negaprion","Negaprion brevirostris",NA,"SPECIES","Negaprion brevirostris (Poey, 1868)","Negaprion brevirostris","","BS","","","PRESENT",NA,"28eb1a3f-1c15-4a95-931a-4af90ecb574d",26.813971,-79.086769,29798,NA,NA,NA,NA,NA,"2025-05-25T16:45:21",25,5,2025,2417919,2417919,"HUMAN_OBSERVATION","iNaturalist","Observations","284225899","","Martin Gil Gallo",2025-05-26 11:21:30,"CC_BY_NC_4_0","Martin Gil Gallo","Martin Gil Gallo",NA,NA,2025-08-03 02:52:06.454,"StillImage","COORDINATE_ROUNDED;COUNTRY_DERIVED_FROM_COORDINATES;TAXON_ID_NOT_FOUND"
5154203891,"50c9509d-22c7-4a22-a47d-8c48425ef4a7","https://www.inaturalist.org/observations/277575928","Animalia","Chordata","Elasmobranchii","Carcharhiniformes","Carcharhinidae","Negaprion","Negaprion brevirostris",NA,"SPECIES","Negaprion brevirostris (Poey, 1868)","Negaprion brevirostris","","US","","Florida","PRESENT",NA,"28eb1a3f-1c15-4a95-931a-4af90ecb574d",26.804421,-80.058096,29798,NA,NA,NA,NA,NA,"2025-02-08T11:30",8,2,2025,2417919,2417919,"HUMAN_OBSERVATION","iNaturalist","Observations","277575928","","julianvilardifvz",2025-05-02 01:39:36,"CC_BY_NC_4_0","julianvilardifvz","julianvilardifvz",NA,NA,2025-08-03 02:50:38.976,"StillImage","COORDINATE_ROUNDED;CONTINENT_DERIVED_FROM_COORDINATES;TAXON_ID_NOT_FOUND"
5153601156,"50c9509d-22c7-4a22-a47d-8c48425ef4a7","https://www.inaturalist.org/observations/277463983","Animalia","Chordata","Elasmobranchii","Carcharhiniformes","Carcharhinidae","Negaprion","Negaprion brevirostris",NA,"SPECIES","Negaprion brevirostris (Poey, 1868)","Negaprion brevirostris","","US","","Florida","PRESENT",NA,"28eb1a3f-1c15-4a95-931a-4af90ecb574d",25.614313,-80.236684,29936,NA,NA,NA,NA,NA,"2025-05-01T14:49:25",1,5,2025,2417919,2417919,"HUMAN_OBSERVATION","iNaturalist","Observations","277463983","","Clinton Duffy",2025-05-02 02:07:38,"CC_BY_NC_4_0","camilo0947","camilo0947",NA,NA,2025-08-03 02:50:36.161,"StillImage","COORDINATE_ROUNDED;CONTINENT_DERIVED_FROM_COORDINATES;TAXON_ID_NOT_FOUND"
5153107672,"50c9509d-22c7-4a22-a47d-8c48425ef4a7","https://www.inaturalist.org/observations/276928327","Animalia","Chordata","Elasmobranchii","Carcharhiniformes","Carcharhinidae","Negaprion","Negaprion brevirostris",NA,"SPECIES","Negaprion brevirostris (Poey, 1868)","Negaprion brevirostris","","US","","Florida","PRESENT",NA,"28eb1a3f-1c15-4a95-931a-4af90ecb574d",28.524748,-81.561866,29607,NA,NA,NA,NA,NA,"2025-04-26T14:31:22",26,4,2025,2417919,2417919,"HUMAN_OBSERVATION","iNaturalist","Observations","276928327","","Elijah Winger",2025-04-30 23:58:22,"CC_BY_NC_4_0","transylvania_nc","transylvania_nc",NA,NA,2025-08-03 01:47:34.997,"StillImage","COORDINATE_ROUNDED;CONTINENT_DERIVED_FROM_COORDINATES;TAXON_ID_NOT_FOUND"
5140755084,"50c9509d-22c7-4a22-a47d-8c48425ef4a7","https://www.inaturalist.org/observations/275278059","Animalia","Chordata","Elasmobranchii","Carcharhiniformes","Carcharhinidae","Negaprion","Negaprion brevirostris",NA,"SPECIES","Negaprion brevirostris (Poey, 1868)","Negaprion brevirostris","","US","","Florida","PRESENT",NA,"28eb1a3f-1c15-4a95-931a-4af90ecb574d",25.994895,-81.611513,29913,NA,NA,NA,NA,NA,"2024-02-24T23:41:01",24,2,2024,2417919,2417919,"HUMAN_OBSERVATION","iNaturalist","Observations","275278059","","ashawhawk",2025-04-28 02:10:17,"CC_BY_NC_4_0","ashawhawk","ashawhawk",NA,NA,2025-08-03 02:50:14.483,"StillImage","COORDINATE_ROUNDED;CONTINENT_DERIVED_FROM_COORDINATES;TAXON_ID_NOT_FOUND"
5140419318,"50c9509d-22c7-4a22-a47d-8c48425ef4a7","https://www.inaturalist.org/observations/273225527","Animalia","Chordata","Elasmobranchii","Carcharhiniformes","Carcharhinidae","Negaprion","Negaprion brevirostris",NA,"SPECIES","Negaprion brevirostris (Poey, 1868)","Negaprion brevirostris","","US","","","PRESENT",NA,"28eb1a3f-1c15-4a95-931a-4af90ecb574d",26.858739,-79.992509,29798,NA,NA,NA,NA,NA,"2024-08-09T10:00",9,8,2024,2417919,2417919,"HUMAN_OBSERVATION","iNaturalist","Observations","273225527","","amguirgues",2025-04-25 17:09:31,"CC_BY_NC_4_0","amguirgues","amguirgues",NA,NA,2025-08-03 04:01:18.051,"StillImage","COORDINATE_ROUNDED;COUNTRY_DERIVED_FROM_COORDINATES;TAXON_ID_NOT_FOUND"
5063221696,"50c9509d-22c7-4a22-a47d-8c48425ef4a7","https://www.inaturalist.org/observations/259137389","Animalia","Chordata","Elasmobranchii","Carcharhiniformes","Carcharhinidae","Negaprion","Negaprion brevirostris",NA,"SPECIES","Negaprion brevirostris (Poey, 1868)","Negaprion brevirostris","","US","","","PRESENT",NA,"28eb1a3f-1c15-4a95-931a-4af90ecb574d",26.900632,-79.809883,29798,NA,NA,NA,NA,NA,"2023-06-10T13:19:14",10,6,2023,2417919,2417919,"HUMAN_OBSERVATION","iNaturalist","Observations","259137389","","kimlickk",2025-01-21 07:34:42,"CC_BY_NC_4_0","kimlickk","kimlickk",NA,NA,2025-08-03 02:46:41.888,"StillImage","COORDINATE_ROUNDED;COUNTRY_DERIVED_FROM_COORDINATES;TAXON_ID_NOT_FOUND"
5036943981,"50c9509d-22c7-4a22-a47d-8c48425ef4a7","https://www.inaturalist.org/observations/257966744","Animalia","Chordata","Elasmobranchii","Carcharhiniformes","Carcharhinidae","Negaprion","Negaprion brevirostris",NA,"SPECIES","Negaprion brevirostris (Poey, 1868)","Negaprion brevirostris","","BS","","West Grand Bahama","PRESENT",NA,"28eb1a3f-1c15-4a95-931a-4af90ecb574d",26.532487,-78.71956,29845,NA,NA,NA,NA,NA,"2025-01-08T16:48:42",8,1,2025,2417919,2417919,"HUMAN_OBSERVATION","iNaturalist","Observations","257966744","","yurimaoh",2025-01-09 23:03:19,"CC_BY_NC_4_0","Matt Becker","Matt Becker",NA,NA,2025-08-03 01:43:46.974,"StillImage","COORDINATE_ROUNDED;CONTINENT_DERIVED_FROM_COORDINATES;TAXON_ID_NOT_FOUND"
5036898559,"50c9509d-22c7-4a22-a47d-8c48425ef4a7","https://www.inaturalist.org/observations/257966752","Animalia","Chordata","Elasmobranchii","Carcharhiniformes","Carcharhinidae","Negaprion","Negaprion brevirostris",NA,"SPECIES","Negaprion brevirostris (Poey, 1868)","Negaprion brevirostris","","BS","","West Grand Bahama","PRESENT",NA,"28eb1a3f-1c15-4a95-931a-4af90ecb574d",26.453522,-78.744203,29845,NA,NA,NA,NA,NA,"2025-01-08T17:59:32",8,1,2025,2417919,2417919,"HUMAN_OBSERVATION","iNaturalist","Observations","257966752","","Matt Becker",2025-01-09 21:44:52,"CC_BY_NC_4_0","Matt Becker","Matt Becker",NA,NA,2025-08-03 03:58:12.367,"StillImage","COORDINATE_ROUNDED;CONTINENT_DERIVED_FROM_COORDINATES;TAXON_ID_NOT_FOUND"
5007769439,"50c9509d-22c7-4a22-a47d-8c48425ef4a7","https://www.inaturalist.org/observations/256799622","Animalia","Chordata","Elasmobranchii","Carcharhiniformes","Carcharhinidae","Negaprion","Negaprion brevirostris",NA,"SPECIES","Negaprion brevirostris (Poey, 1868)","Negaprion brevirostris","","US","","Florida","PRESENT",NA,"28eb1a3f-1c15-4a95-931a-4af90ecb574d",26.938244,-80.145313,29798,NA,NA,NA,NA,NA,"2024-12-30",30,12,2024,2417919,2417919,"HUMAN_OBSERVATION","iNaturalist","Observations","256799622","","Mikie Green",2024-12-30 20:57:39,"CC_BY_NC_4_0","Mikie Green","Mikie Green",NA,NA,2025-08-03 01:43:30.234,"StillImage","COORDINATE_ROUNDED;CONTINENT_DERIVED_FROM_COORDINATES;TAXON_ID_NOT_FOUND"
5006804985,"50c9509d-22c7-4a22-a47d-8c48425ef4a7","https://www.inaturalist.org/observations/256297463","Animalia","Chordata","Elasmobranchii","Carcharhiniformes","Carcharhinidae","Negaprion","Negaprion brevirostris",NA,"SPECIES","Negaprion brevirostris (Poey, 1868)","Negaprion brevirostris","","BS","","Hope Town","PRESENT",NA,"28eb1a3f-1c15-4a95-931a-4af90ecb574d",26.428311,-76.886835,29845,NA,NA,NA,NA,NA,"2024-12-26T12:04:33",26,12,2024,2417919,2417919,"HUMAN_OBSERVATION","iNaturalist","Observations","256297463","","The Leach",2024-12-26 19:18:38,"CC_BY_NC_4_0","The Leach","The Leach",NA,NA,2025-08-03 02:46:02.674,"StillImage","COORDINATE_ROUNDED;TAXON_ID_NOT_FOUND"
4994630246,"50c9509d-22c7-4a22-a47d-8c48425ef4a7","https://www.inaturalist.org/observations/254229001","Animalia","Chordata","Elasmobranchii","Carcharhiniformes","Carcharhinidae","Negaprion","Negaprion brevirostris",NA,"SPECIES","Negaprion brevirostris (Poey, 1868)","Negaprion brevirostris","","US","","Florida","PRESENT",NA,"28eb1a3f-1c15-4a95-931a-4af90ecb574d",27.728277,-82.699158,29704,NA,NA,NA,NA,NA,"2024-12-05T14:04:55",5,12,2024,2417919,2417919,"HUMAN_OBSERVATION","iNaturalist","Observations","254229001","","yurimaoh",2024-12-05 23:26:07,"CC_BY_4_0","Nick Tobler (Cowturtle)","Nick Tobler (Cowturtle)",NA,NA,2025-08-03 02:45:38.651,"StillImage","COORDINATE_ROUNDED;CONTINENT_DERIVED_FROM_COORDINATES;TAXON_ID_NOT_FOUND"
4994365910,"50c9509d-22c7-4a22-a47d-8c48425ef4a7","https://www.inaturalist.org/observations/16398106","Animalia","Chordata","Elasmobranchii","Carcharhiniformes","Carcharhinidae","Negaprion","Negaprion brevirostris",NA,"SPECIES","Negaprion brevirostris (Poey, 1868)","Negaprion brevirostris","","US","","Florida","PRESENT",NA,"28eb1a3f-1c15-4a95-931a-4af90ecb574d",25.605255,-80.360436,29936,NA,NA,NA,NA,NA,"2018-09-10T15:30",10,9,2018,2417919,2417919,"HUMAN_OBSERVATION","iNaturalist","Observations","16398106","","Stephanie Michelle Soto",2018-09-10 19:52:54,"CC_BY_NC_4_0","Stephanie Michelle Soto","Stephanie Michelle Soto",NA,NA,2025-08-03 00:43:41.274,"StillImage","COORDINATE_ROUNDED;CONTINENT_DERIVED_FROM_COORDINATES;TAXON_ID_NOT_FOUND"
4994269977,"50c9509d-22c7-4a22-a47d-8c48425ef4a7","https://www.inaturalist.org/observations/254587948","Animalia","Chordata","Elasmobranchii","Carcharhiniformes","Carcharhinidae","Negaprion","Negaprion brevirostris",NA,"SPECIES","Negaprion brevirostris (Poey, 1868)","Negaprion brevirostris","","US","","Florida","PRESENT",NA,"28eb1a3f-1c15-4a95-931a-4af90ecb574d",26.93838,-80.138669,29798,NA,NA,NA,NA,NA,"2022-11-23T22:48",23,11,2022,2417919,2417919,"HUMAN_OBSERVATION","iNaturalist","Observations","254587948","","Elijah Winger",2024-12-09 03:50:12,"CC_BY_NC_4_0","Elijah Winger","Elijah Winger",NA,NA,2025-08-03 05:23:59.7,"StillImage","COORDINATE_ROUNDED;CONTINENT_DERIVED_FROM_COORDINATES;TAXON_ID_NOT_FOUND"
4994228522,"50c9509d-22c7-4a22-a47d-8c48425ef4a7","https://www.inaturalist.org/observations/5601289","Animalia","Chordata","Elasmobranchii","Carcharhiniformes","Carcharhinidae","Negaprion","Negaprion brevirostris",NA,"SPECIES","Negaprion brevirostris (Poey, 1868)","Negaprion brevirostris","","US","","Florida","PRESENT",NA,"28eb1a3f-1c15-4a95-931a-4af90ecb574d",25.611627,-80.338459,29925,NA,NA,NA,NA,NA,"2017-03-14T00:11",14,3,2017,2417919,2417919,"HUMAN_OBSERVATION","iNaturalist","Observations","5601289","","Stephanie Michelle Soto",2017-04-07 17:22:54,"CC_BY_NC_4_0","Stephanie Michelle Soto","Stephanie Michelle Soto",NA,NA,2025-08-03 01:55:01.746,"StillImage","COORDINATE_ROUNDED;CONTINENT_DERIVED_FROM_COORDINATES;TAXON_ID_NOT_FOUND"
4994225467,"50c9509d-22c7-4a22-a47d-8c48425ef4a7","https://www.inaturalist.org/observations/15851749","Animalia","Chordata","Elasmobranchii","Carcharhiniformes","Carcharhinidae","Negaprion","Negaprion brevirostris",NA,"SPECIES","Negaprion brevirostris (Poey, 1868)","Negaprion brevirostris","","US","","Florida","PRESENT",NA,"28eb1a3f-1c15-4a95-931a-4af90ecb574d",25.70466,-80.215583,29936,NA,NA,NA,NA,NA,"2018-08-24T11:58:31",24,8,2018,2417919,2417919,"HUMAN_OBSERVATION","iNaturalist","Observations","15851749","","Stephanie Michelle Soto",2018-08-24 19:22:52,"CC_BY_NC_4_0","Stephanie Michelle Soto","Stephanie Michelle Soto",NA,NA,2025-08-03 02:59:12.804,"StillImage","COORDINATE_ROUNDED;CONTINENT_DERIVED_FROM_COORDINATES;TAXON_ID_NOT_FOUND"
4994007246,"50c9509d-22c7-4a22-a47d-8c48425ef4a7","http://www.inaturalist.org/observations/3052031","Animalia","Chordata","Elasmobranchii","Carcharhiniformes","Carcharhinidae","Negaprion","Negaprion brevirostris",NA,"SPECIES","Negaprion brevirostris (Poey, 1868)","Negaprion brevirostris","","US","","Florida","PRESENT",NA,"28eb1a3f-1c15-4a95-931a-4af90ecb574d",25.76627,-80.22617,29936,NA,NA,NA,NA,NA,"2016-04-28",28,4,2016,2417919,2417919,"HUMAN_OBSERVATION","iNaturalist","Observations","3052031","","Stephanie Michelle Soto",2016-04-29 01:10:04,"CC_BY_NC_4_0","Stephanie Michelle Soto","Stephanie Michelle Soto",NA,NA,2025-08-03 02:59:31.338,"StillImage","COORDINATE_ROUNDED;CONTINENT_DERIVED_FROM_COORDINATES;TAXON_ID_NOT_FOUND"
4987441976,"50c9509d-22c7-4a22-a47d-8c48425ef4a7","https://www.inaturalist.org/observations/252944914","Animalia","Chordata","Elasmobranchii","Carcharhiniformes","Carcharhinidae","Negaprion","Negaprion brevirostris",NA,"SPECIES","Negaprion brevirostris (Poey, 1868)","Negaprion brevirostris","","US","","Florida","PRESENT",NA,"28eb1a3f-1c15-4a95-931a-4af90ecb574d",26.927714,-80.119298,29798,NA,NA,NA,NA,NA,"2024-11-24",24,11,2024,2417919,2417919,"HUMAN_OBSERVATION","iNaturalist","Observations","252944914","","Mikie Green",2024-11-24 22:08:50,"CC_BY_NC_4_0","Mikie Green","Mikie Green",NA,NA,2025-08-03 05:23:28.963,"StillImage","COORDINATE_ROUNDED;CONTINENT_DERIVED_FROM_COORDINATES;TAXON_ID_NOT_FOUND"
4981908615,"50c9509d-22c7-4a22-a47d-8c48425ef4a7","https://www.inaturalist.org/observations/251955665","Animalia","Chordata","Elasmobranchii","Carcharhiniformes","Carcharhinidae","Negaprion","Negaprion brevirostris",NA,"SPECIES","Negaprion brevirostris (Poey, 1868)","Negaprion brevirostris","","US","","Florida","PRESENT",NA,"28eb1a3f-1c15-4a95-931a-4af90ecb574d",26.431287,-80.151909,29845,NA,NA,NA,NA,NA,"2024-08-16T19:51",16,8,2024,2417919,2417919,"HUMAN_OBSERVATION","iNaturalist","Observations","251955665","","James-LaFontaine",2024-11-17 00:52:57,"CC_BY_4_0","James-LaFontaine","James-LaFontaine",NA,NA,2025-08-03 01:42:17.347,"StillImage","COORDINATE_ROUNDED;CONTINENT_DERIVED_FROM_COORDINATES;TAXON_ID_NOT_FOUND"
4980730430,"50c9509d-22c7-4a22-a47d-8c48425ef4a7","https://www.inaturalist.org/observations/251210468","Animalia","Chordata","Elasmobranchii","Carcharhiniformes","Carcharhinidae","Negaprion","Negaprion brevirostris",NA,"SPECIES","Negaprion brevirostris (Poey, 1868)","Negaprion brevirostris","","US","","Louisiana","PRESENT",NA,"28eb1a3f-1c15-4a95-931a-4af90ecb574d",29.337582,-90.177049,29508,NA,NA,NA,NA,NA,"2024-11-09T13:30:08",9,11,2024,2417919,2417919,"HUMAN_OBSERVATION","iNaturalist","Observations","251210468","","David Vander Pluym",2024-11-10 19:23:38,"CC_BY_NC_4_0","David Vander Pluym","David Vander Pluym",NA,NA,2025-08-03 03:56:54.686,"StillImage","COORDINATE_ROUNDED;CONTINENT_DERIVED_FROM_COORDINATES;TAXON_ID_NOT_FOUND"
4980567304,"50c9509d-22c7-4a22-a47d-8c48425ef4a7","https://www.inaturalist.org/observations/251210446","Animalia","Chordata","Elasmobranchii","Carcharhiniformes","Carcharhinidae","Negaprion","Negaprion brevirostris",NA,"SPECIES","Negaprion brevirostris (Poey, 1868)","Negaprion brevirostris","","US","","Louisiana","PRESENT",NA,"28eb1a3f-1c15-4a95-931a-4af90ecb574d",29.226919,-90.185676,29508,NA,NA,NA,NA,NA,"2024-11-09T14:34:43",9,11,2024,2417919,2417919,"HUMAN_OBSERVATION","iNaturalist","Observations","251210446","","David Vander Pluym",2024-11-10 19:23:31,"CC_BY_NC_4_0","David Vander Pluym","David Vander Pluym",NA,NA,2025-08-03 03:56:56.02,"StillImage","COORDINATE_ROUNDED;CONTINENT_DERIVED_FROM_COORDINATES;TAXON_ID_NOT_FOUND"
4980297499,"50c9509d-22c7-4a22-a47d-8c48425ef4a7","https://www.inaturalist.org/observations/251072481","Animalia","Chordata","Elasmobranchii","Carcharhiniformes","Carcharhinidae","Negaprion","Negaprion brevirostris",NA,"SPECIES","Negaprion brevirostris (Poey, 1868)","Negaprion brevirostris","","US","","Louisiana","PRESENT",NA,"28eb1a3f-1c15-4a95-931a-4af90ecb574d",29.312791,-90.08892,29508,NA,NA,NA,NA,NA,"2024-11-09T13:31:31",9,11,2024,2417919,2417919,"HUMAN_OBSERVATION","iNaturalist","Observations","251072481","","Lauren Harter",2024-11-09 20:17:38,"CC0_1_0","Lauren Harter","Lauren Harter",NA,NA,2025-08-03 03:56:54.313,"StillImage","COORDINATE_ROUNDED;CONTINENT_DERIVED_FROM_COORDINATES;TAXON_ID_NOT_FOUND"
4976610729,"50c9509d-22c7-4a22-a47d-8c48425ef4a7","https://www.inaturalist.org/observations/249526284","Animalia","Chordata","Elasmobranchii","Carcharhiniformes","Carcharhinidae","Negaprion","Negaprion brevirostris",NA,"SPECIES","Negaprion brevirostris (Poey, 1868)","Negaprion brevirostris","","US","","","PRESENT",NA,"28eb1a3f-1c15-4a95-931a-4af90ecb574d",26.843639,-79.934516,29798,NA,NA,NA,NA,NA,"2023-01-21T10:04",21,1,2023,2417919,2417919,"HUMAN_OBSERVATION","iNaturalist","Observations","249526284","","Frank Krasovec",2024-10-28 18:10:35,"CC_BY_NC_4_0","Frank Krasovec","Frank Krasovec",NA,NA,2025-08-03 01:41:41.675,"StillImage","COORDINATE_ROUNDED;COUNTRY_DERIVED_FROM_COORDINATES;TAXON_ID_NOT_FOUND"
4954596750,"50c9509d-22c7-4a22-a47d-8c48425ef4a7","https://www.inaturalist.org/observations/247147235","Animalia","Chordata","Elasmobranchii","Carcharhiniformes","Carcharhinidae","Negaprion","Negaprion brevirostris",NA,"SPECIES","Negaprion brevirostris (Poey, 1868)","Negaprion brevirostris","","US","","Georgia","PRESENT",NA,"28eb1a3f-1c15-4a95-931a-4af90ecb574d",31.35772,-81.219309,29252,NA,NA,NA,NA,NA,"2022-06-16T14:37:13",16,6,2022,2417919,2417919,"HUMAN_OBSERVATION","iNaturalist","Observations","247147235","","Clinton Duffy",2024-10-13 17:10:40,"CC_BY_NC_4_0","mcdonalds_sprite_fries","mcdonalds_sprite_fries",NA,NA,2025-08-03 02:44:12.185,"StillImage","COORDINATE_ROUNDED;TAXON_ID_NOT_FOUND"
4954321042,"50c9509d-22c7-4a22-a47d-8c48425ef4a7","https://www.inaturalist.org/observations/246707479","Animalia","Chordata","Elasmobranchii","Carcharhiniformes","Carcharhinidae","Negaprion","Negaprion brevirostris",NA,"SPECIES","Negaprion brevirostris (Poey, 1868)","Negaprion brevirostris","","US","","Louisiana","PRESENT",NA,"28eb1a3f-1c15-4a95-931a-4af90ecb574d",29.068814,-90.274842,29533,NA,NA,NA,NA,NA,"2024-09-20T17:51:34",20,9,2024,2417919,2417919,"HUMAN_OBSERVATION","iNaturalist","Observations","246707479","","Logan Stallard",2024-10-11 01:25:26,"CC_BY_NC_4_0","hotdogman1972","hotdogman1972",NA,NA,2025-08-03 03:55:53.487,"StillImage","COORDINATE_ROUNDED;CONTINENT_DERIVED_FROM_COORDINATES;TAXON_ID_NOT_FOUND"
4952621037,"50c9509d-22c7-4a22-a47d-8c48425ef4a7","https://www.inaturalist.org/observations/244998938","Animalia","Chordata","Elasmobranchii","Carcharhiniformes","Carcharhinidae","Negaprion","Negaprion brevirostris",NA,"SPECIES","Negaprion brevirostris (Poey, 1868)","Negaprion brevirostris","","US","","Florida","PRESENT",NA,"28eb1a3f-1c15-4a95-931a-4af90ecb574d",27.688294,-82.648027,29704,NA,NA,NA,NA,NA,"2023-11-02T13:01",2,11,2023,2417919,2417919,"HUMAN_OBSERVATION","iNaturalist","Observations","244998938","","Brett",2024-10-01 01:01:57,"CC_BY_NC_4_0","Brett","Brett",NA,NA,2025-08-03 03:55:28.399,"StillImage","COORDINATE_ROUNDED;CONTINENT_DERIVED_FROM_COORDINATES;TAXON_ID_NOT_FOUND"
4950002227,"50c9509d-22c7-4a22-a47d-8c48425ef4a7","https://www.inaturalist.org/observations/237939410","Animalia","Chordata","Elasmobranchii","Carcharhiniformes","Carcharhinidae","Negaprion","Negaprion brevirostris",NA,"SPECIES","Negaprion brevirostris (Poey, 1868)","Negaprion brevirostris","","US","","Georgia","PRESENT",NA,"28eb1a3f-1c15-4a95-931a-4af90ecb574d",31.413618,-81.186113,29226,NA,NA,NA,NA,NA,"2024-08-21T12:23",21,8,2024,2417919,2417919,"HUMAN_OBSERVATION","iNaturalist","Observations","237939410","","Cole Tiemann",2024-08-25 20:41:00,"CC_BY_NC_4_0","Cole Tiemann","Cole Tiemann",NA,NA,2025-08-03 01:38:44.964,"StillImage","COORDINATE_ROUNDED;TAXON_ID_NOT_FOUND"
4926143668,"50c9509d-22c7-4a22-a47d-8c48425ef4a7","https://www.inaturalist.org/observations/235728687","Animalia","Chordata","Elasmobranchii","Carcharhiniformes","Carcharhinidae","Negaprion","Negaprion brevirostris",NA,"SPECIES","Negaprion brevirostris (Poey, 1868)","Negaprion brevirostris","","US","","Florida","PRESENT",NA,"28eb1a3f-1c15-4a95-931a-4af90ecb574d",25.890392,-81.627666,29913,NA,NA,NA,NA,NA,"2024-08-14T10:31:07",14,8,2024,2417919,2417919,"HUMAN_OBSERVATION","iNaturalist","Observations","235728687","","George DeRitter",2024-08-14 14:46:28,"CC_BY_NC_4_0","George DeRitter","George DeRitter",NA,NA,2025-08-03 01:38:09.16,"StillImage","COORDINATE_ROUNDED;CONTINENT_DERIVED_FROM_COORDINATES;TAXON_ID_NOT_FOUND"
4921682302,"50c9509d-22c7-4a22-a47d-8c48425ef4a7","https://www.inaturalist.org/observations/233638151","Animalia","Chordata","Elasmobranchii","Carcharhiniformes","Carcharhinidae","Negaprion","Negaprion brevirostris",NA,"SPECIES","Negaprion brevirostris (Poey, 1868)","Negaprion brevirostris","","US","","Georgia","PRESENT",NA,"28eb1a3f-1c15-4a95-931a-4af90ecb574d",31.147192,-81.536747,29278,NA,NA,NA,NA,NA,"2024-08-03T20:13:32",3,8,2024,2417919,2417919,"HUMAN_OBSERVATION","iNaturalist","Observations","233638151","","Eliot VanOtteren",2024-08-04 03:50:51,"CC_BY_NC_4_0","Eliot VanOtteren","Eliot VanOtteren",NA,NA,2025-08-03 02:41:37.691,"StillImage","COORDINATE_ROUNDED;CONTINENT_DERIVED_FROM_COORDINATES;TAXON_ID_NOT_FOUND"
4921459113,"50c9509d-22c7-4a22-a47d-8c48425ef4a7","https://www.inaturalist.org/observations/233821866","Animalia","Chordata","Elasmobranchii","Carcharhiniformes","Carcharhinidae","Negaprion","Negaprion brevirostris",NA,"SPECIES","Negaprion brevirostris (Poey, 1868)","Negaprion brevirostris","","US","","","PRESENT",NA,"28eb1a3f-1c15-4a95-931a-4af90ecb574d",26.880582,-79.891016,29798,NA,NA,NA,NA,NA,"2020-12-04T12:41",4,12,2020,2417919,2417919,"HUMAN_OBSERVATION","iNaturalist","Observations","233821866","","Jen",2024-08-04 22:23:55,"CC_BY_NC_4_0","Jen","Jen",NA,NA,2025-08-03 02:41:38.709,"StillImage","COORDINATE_ROUNDED;COUNTRY_DERIVED_FROM_COORDINATES;TAXON_ID_NOT_FOUND"
4919650958,"50c9509d-22c7-4a22-a47d-8c48425ef4a7","https://www.inaturalist.org/observations/231919540","Animalia","Chordata","Elasmobranchii","Carcharhiniformes","Carcharhinidae","Negaprion","Negaprion brevirostris",NA,"SPECIES","Negaprion brevirostris (Poey, 1868)","Negaprion brevirostris","","US","","Florida","PRESENT",NA,"28eb1a3f-1c15-4a95-931a-4af90ecb574d",25.86656,-81.290957,29913,NA,NA,NA,NA,NA,"2024-05-22T17:07:59",22,5,2024,2417919,2417919,"HUMAN_OBSERVATION","iNaturalist","Observations","231919540","","chase726",2024-07-26 22:43:04,"CC_BY_NC_4_0","chase726","chase726",NA,NA,2025-08-03 01:37:05.841,"StillImage","COORDINATE_ROUNDED;CONTINENT_DERIVED_FROM_COORDINATES;TAXON_ID_NOT_FOUND"
4910988450,"50c9509d-22c7-4a22-a47d-8c48425ef4a7","https://www.inaturalist.org/observations/230337889","Animalia","Chordata","Elasmobranchii","Carcharhiniformes","Carcharhinidae","Negaprion","Negaprion brevirostris",NA,"SPECIES","Negaprion brevirostris (Poey, 1868)","Negaprion brevirostris","","US","","Florida","PRESENT",NA,"28eb1a3f-1c15-4a95-931a-4af90ecb574d",25.704146,-80.040319,29936,NA,NA,NA,NA,NA,"2024-07-19T13:45:59",19,7,2024,2417919,2417919,"HUMAN_OBSERVATION","iNaturalist","Observations","230337889","","Adam Jay",2024-07-19 20:28:10,"CC_BY_4_0","BTrentler","BTrentler",NA,NA,2025-08-03 04:42:07.575,"","COORDINATE_ROUNDED;TAXON_ID_NOT_FOUND"
4910826522,"50c9509d-22c7-4a22-a47d-8c48425ef4a7","https://www.inaturalist.org/observations/230989473","Animalia","Chordata","Elasmobranchii","Carcharhiniformes","Carcharhinidae","Negaprion","Negaprion brevirostris",NA,"SPECIES","Negaprion brevirostris (Poey, 1868)","Negaprion brevirostris","","US","","","PRESENT",NA,"28eb1a3f-1c15-4a95-931a-4af90ecb574d",27.178722,-79.906061,29775,NA,NA,NA,NA,NA,"2024-06-26T10:28:52",26,6,2024,2417919,2417919,"HUMAN_OBSERVATION","iNaturalist","Observations","230989473","","yurimaoh",2024-07-22 15:02:28,"CC_BY_NC_4_0","R Lai","R Lai",NA,NA,2025-08-03 02:41:04.285,"StillImage","COORDINATE_ROUNDED;COUNTRY_DERIVED_FROM_COORDINATES;TAXON_ID_NOT_FOUND"
4909122343,"50c9509d-22c7-4a22-a47d-8c48425ef4a7","https://www.inaturalist.org/observations/227893294","Animalia","Chordata","Elasmobranchii","Carcharhiniformes","Carcharhinidae","Negaprion","Negaprion brevirostris",NA,"SPECIES","Negaprion brevirostris (Poey, 1868)","Negaprion brevirostris","","BS","","Berry Islands","PRESENT",NA,"28eb1a3f-1c15-4a95-931a-4af90ecb574d",25.857162,-77.810207,29913,NA,NA,NA,NA,NA,"2024-06-25T13:30:03",25,6,2024,2417919,2417919,"HUMAN_OBSERVATION","iNaturalist","Observations","227893294","","dsnaturalist21",2024-07-07 22:54:21,"CC_BY_NC_4_0","dsnaturalist21","dsnaturalist21",NA,NA,2025-08-03 01:36:01.341,"StillImage","COORDINATE_ROUNDED;TAXON_ID_NOT_FOUND"
4908902174,"50c9509d-22c7-4a22-a47d-8c48425ef4a7","https://www.inaturalist.org/observations/228059948","Animalia","Chordata","Elasmobranchii","Carcharhiniformes","Carcharhinidae","Negaprion","Negaprion brevirostris",NA,"SPECIES","Negaprion brevirostris (Poey, 1868)","Negaprion brevirostris","","US","","Georgia","PRESENT",NA,"28eb1a3f-1c15-4a95-931a-4af90ecb574d",31.310722,-81.263969,29252,NA,NA,NA,NA,NA,"2017-06-23T07:40",23,6,2017,2417919,2417919,"HUMAN_OBSERVATION","iNaturalist","Observations","228059948","","Eliot VanOtteren",2024-07-08 17:23:35,"CC_BY_NC_4_0","Eliot VanOtteren","Eliot VanOtteren",NA,NA,2025-08-03 03:50:37.134,"StillImage","COORDINATE_ROUNDED;CONTINENT_DERIVED_FROM_COORDINATES;TAXON_ID_NOT_FOUND"
4908031406,"50c9509d-22c7-4a22-a47d-8c48425ef4a7","https://www.inaturalist.org/observations/229778584","Animalia","Chordata","Elasmobranchii","Carcharhiniformes","Carcharhinidae","Negaprion","Negaprion brevirostris",NA,"SPECIES","Negaprion brevirostris (Poey, 1868)","Negaprion brevirostris","","BS","","Berry Islands","PRESENT",NA,"28eb1a3f-1c15-4a95-931a-4af90ecb574d",25.971665,-77.989783,29913,NA,NA,NA,NA,NA,"2024-07-16T09:14",16,7,2024,2417919,2417919,"HUMAN_OBSERVATION","iNaturalist","Observations","229778584","","Clinton Duffy",2024-07-16 21:53:18,"CC_BY_NC_4_0","Braydon L","Braydon L",NA,NA,2025-08-03 02:40:47.361,"StillImage","COORDINATE_ROUNDED;TAXON_ID_NOT_FOUND"
4904057410,"50c9509d-22c7-4a22-a47d-8c48425ef4a7","https://www.inaturalist.org/observations/225790654","Animalia","Chordata","Elasmobranchii","Carcharhiniformes","Carcharhinidae","Negaprion","Negaprion brevirostris",NA,"SPECIES","Negaprion brevirostris (Poey, 1868)","Negaprion brevirostris","","US","","Georgia","PRESENT",NA,"28eb1a3f-1c15-4a95-931a-4af90ecb574d",31.027908,-81.557766,29278,NA,NA,NA,NA,NA,"2024-06-28T12:13:44",28,6,2024,2417919,2417919,"HUMAN_OBSERVATION","iNaturalist","Observations","225790654","","Clinton Duffy",2024-06-28 21:13:02,"CC_BY_NC_4_0","kaylee_al","kaylee_al",NA,NA,2025-08-03 03:50:00.474,"StillImage","COORDINATE_ROUNDED;CONTINENT_DERIVED_FROM_COORDINATES;TAXON_ID_NOT_FOUND"
4903768388,"50c9509d-22c7-4a22-a47d-8c48425ef4a7","https://www.inaturalist.org/observations/225832123","Animalia","Chordata","Elasmobranchii","Carcharhiniformes","Carcharhinidae","Negaprion","Negaprion brevirostris",NA,"SPECIES","Negaprion brevirostris (Poey, 1868)","Negaprion brevirostris","","US","","Florida","PRESENT",NA,"28eb1a3f-1c15-4a95-931a-4af90ecb574d",26.483808,-80.148498,29845,NA,NA,NA,NA,NA,"2024-06-28",28,6,2024,2417919,2417919,"HUMAN_OBSERVATION","iNaturalist","Observations","225832123","","Mikie Green",2024-06-29 01:10:42,"CC_BY_NC_4_0","Mikie Green","Mikie Green",NA,NA,2025-08-03 02:39:58.935,"StillImage","COORDINATE_ROUNDED;CONTINENT_DERIVED_FROM_COORDINATES;TAXON_ID_NOT_FOUND"
4902062226,"50c9509d-22c7-4a22-a47d-8c48425ef4a7","https://www.inaturalist.org/observations/223217248","Animalia","Chordata","Elasmobranchii","Carcharhiniformes","Carcharhinidae","Negaprion","Negaprion brevirostris",NA,"SPECIES","Negaprion brevirostris (Poey, 1868)","Negaprion brevirostris","","US","","Georgia","PRESENT",NA,"28eb1a3f-1c15-4a95-931a-4af90ecb574d",31.572944,-81.183041,29226,NA,NA,NA,NA,NA,"2024-06-16T09:10:52",16,6,2024,2417919,2417919,"HUMAN_OBSERVATION","iNaturalist","Observations","223217248","","Clinton Duffy",2024-06-17 02:23:29,"CC_BY_NC_4_0","Cole Tiemann","Cole Tiemann",NA,NA,2025-08-03 01:34:39.218,"StillImage","COORDINATE_ROUNDED;CONTINENT_DERIVED_FROM_COORDINATES;TAXON_ID_NOT_FOUND"
4901401820,"50c9509d-22c7-4a22-a47d-8c48425ef4a7","https://www.inaturalist.org/observations/224787827","Animalia","Chordata","Elasmobranchii","Carcharhiniformes","Carcharhinidae","Negaprion","Negaprion brevirostris",NA,"SPECIES","Negaprion brevirostris (Poey, 1868)","Negaprion brevirostris","","US","","Florida","PRESENT",NA,"28eb1a3f-1c15-4a95-931a-4af90ecb574d",26.592227,-82.259774,29845,NA,NA,NA,NA,NA,"2024-06-23T21:03:38",23,6,2024,2417919,2417919,"HUMAN_OBSERVATION","iNaturalist","Observations","224787827","","yurimaoh",2024-06-24 03:30:04,"CC_BY_NC_4_0","collinfamily","collinfamily",NA,NA,2025-08-03 01:35:01.873,"StillImage","COORDINATE_ROUNDED;CONTINENT_DERIVED_FROM_COORDINATES;TAXON_ID_NOT_FOUND"
4901218149,"50c9509d-22c7-4a22-a47d-8c48425ef4a7","https://www.inaturalist.org/observations/222319145","Animalia","Chordata","Elasmobranchii","Carcharhiniformes","Carcharhinidae","Negaprion","Negaprion brevirostris",NA,"SPECIES","Negaprion brevirostris (Poey, 1868)","Negaprion brevirostris","","BS","","Central Abaco","PRESENT",NA,"28eb1a3f-1c15-4a95-931a-4af90ecb574d",26.736933,-77.28545,29822,NA,NA,NA,NA,NA,"2021-02-25T18:10:13",25,2,2021,2417919,2417919,"HUMAN_OBSERVATION","iNaturalist","Observations","222319145","","yurimaoh",2024-06-12 23:23:03,"CC_BY_NC_4_0","abiron","abiron",NA,NA,2025-08-03 02:39:13.12,"StillImage","COORDINATE_ROUNDED;CONTINENT_DERIVED_FROM_COORDINATES;TAXON_ID_NOT_FOUND"
4892183313,"50c9509d-22c7-4a22-a47d-8c48425ef4a7","https://www.inaturalist.org/observations/217590029","Animalia","Chordata","Elasmobranchii","Carcharhiniformes","Carcharhinidae","Negaprion","Negaprion brevirostris",NA,"SPECIES","Negaprion brevirostris (Poey, 1868)","Negaprion brevirostris","","US","","Florida","PRESENT",NA,"28eb1a3f-1c15-4a95-931a-4af90ecb574d",29.058101,-83.1306,29533,NA,NA,NA,NA,NA,"2024-05-22T15:09:18",22,5,2024,2417919,2417919,"HUMAN_OBSERVATION","iNaturalist","Observations","217590029","","Melissa Meadows",2024-05-22 23:02:45,"CC_BY_4_0","Melissa Meadows","Melissa Meadows",NA,NA,2025-08-03 01:33:10.384,"StillImage","COORDINATE_ROUNDED;TAXON_ID_NOT_FOUND"
4891841925,"50c9509d-22c7-4a22-a47d-8c48425ef4a7","https://www.inaturalist.org/observations/220884363","Animalia","Chordata","Elasmobranchii","Carcharhiniformes","Carcharhinidae","Negaprion","Negaprion brevirostris",NA,"SPECIES","Negaprion brevirostris (Poey, 1868)","Negaprion brevirostris","","US","","Florida","PRESENT",NA,"28eb1a3f-1c15-4a95-931a-4af90ecb574d",25.634888,-80.139081,29936,NA,NA,NA,NA,NA,"2024-06-06T09:44:03",6,6,2024,2417919,2417919,"HUMAN_OBSERVATION","iNaturalist","Observations","220884363","","yurimaoh",2024-06-06 15:16:14,"CC_BY_NC_4_0","Cameron Bogle","Cameron Bogle",NA,NA,2025-08-03 02:38:58.038,"StillImage","COORDINATE_ROUNDED;CONTINENT_DERIVED_FROM_COORDINATES;TAXON_ID_NOT_FOUND"
4891716739,"50c9509d-22c7-4a22-a47d-8c48425ef4a7","https://www.inaturalist.org/observations/220884285","Animalia","Chordata","Elasmobranchii","Carcharhiniformes","Carcharhinidae","Negaprion","Negaprion brevirostris",NA,"SPECIES","Negaprion brevirostris (Poey, 1868)","Negaprion brevirostris","","US","","Florida","PRESENT",NA,"28eb1a3f-1c15-4a95-931a-4af90ecb574d",25.735474,-80.189858,29936,NA,NA,NA,NA,NA,"2024-06-06T09:43:20",6,6,2024,2417919,2417919,"HUMAN_OBSERVATION","iNaturalist","Observations","220884285","","Adam Jay",2024-06-06 18:18:05,"CC_BY_NC_4_0","Juliana","Juliana",NA,NA,2025-08-03 03:48:50.196,"StillImage","COORDINATE_ROUNDED;CONTINENT_DERIVED_FROM_COORDINATES;TAXON_ID_NOT_FOUND"
4875406052,"50c9509d-22c7-4a22-a47d-8c48425ef4a7","https://www.inaturalist.org/observations/219168842","Animalia","Chordata","Elasmobranchii","Carcharhiniformes","Carcharhinidae","Negaprion","Negaprion brevirostris",NA,"SPECIES","Negaprion brevirostris (Poey, 1868)","Negaprion brevirostris","","US","","Florida","PRESENT",NA,"28eb1a3f-1c15-4a95-931a-4af90ecb574d",29.661407,-85.073271,29458,NA,NA,NA,NA,NA,"2024-05-29T09:11",29,5,2024,2417919,2417919,"HUMAN_OBSERVATION","iNaturalist","Observations","219168842","","lcaroliney19",2024-05-29 18:59:29,"CC_BY_NC_4_0","lcaroliney19","lcaroliney19",NA,NA,2025-08-03 01:35:10.201,"StillImage","COORDINATE_ROUNDED;CONTINENT_DERIVED_FROM_COORDINATES;TAXON_ID_NOT_FOUND"
4875185684,"50c9509d-22c7-4a22-a47d-8c48425ef4a7","https://www.inaturalist.org/observations/219993893","Animalia","Chordata","Elasmobranchii","Carcharhiniformes","Carcharhinidae","Negaprion","Negaprion brevirostris",NA,"SPECIES","Negaprion brevirostris (Poey, 1868)","Negaprion brevirostris","","US","","Louisiana","PRESENT",NA,"28eb1a3f-1c15-4a95-931a-4af90ecb574d",29.051162,-90.393212,29533,NA,NA,NA,NA,NA,"2024-05-19T13:09:40",19,5,2024,2417919,2417919,"HUMAN_OBSERVATION","iNaturalist","Observations","219993893","","Adam Jay",2024-06-02 14:29:53,"CC_BY_NC_4_0","Herbert Leavitt","Herbert Leavitt",NA,NA,2025-08-03 05:13:25.757,"StillImage","COORDINATE_ROUNDED;TAXON_ID_NOT_FOUND"
4875065624,"50c9509d-22c7-4a22-a47d-8c48425ef4a7","https://www.inaturalist.org/observations/219355007","Animalia","Chordata","Elasmobranchii","Carcharhiniformes","Carcharhinidae","Negaprion","Negaprion brevirostris",NA,"SPECIES","Negaprion brevirostris (Poey, 1868)","Negaprion brevirostris","","BS","","West Grand Bahama","PRESENT",NA,"28eb1a3f-1c15-4a95-931a-4af90ecb574d",26.639233,-78.613317,29822,NA,NA,NA,NA,NA,"2024-01-15T11:49",15,1,2024,2417919,2417919,"HUMAN_OBSERVATION","iNaturalist","Observations","219355007","","Clinton Duffy",2024-05-30 22:20:34,"CC_BY_NC_4_0","rocaescudero","rocaescudero",NA,NA,2025-08-03 02:38:39.319,"StillImage","COORDINATE_ROUNDED;CONTINENT_DERIVED_FROM_COORDINATES;TAXON_ID_NOT_FOUND"
4872598133,"50c9509d-22c7-4a22-a47d-8c48425ef4a7","https://www.inaturalist.org/observations/217801914","Animalia","Chordata","Elasmobranchii","Carcharhiniformes","Carcharhinidae","Negaprion","Negaprion brevirostris",NA,"SPECIES","Negaprion brevirostris (Poey, 1868)","Negaprion brevirostris","","US","","Florida","PRESENT",NA,"28eb1a3f-1c15-4a95-931a-4af90ecb574d",28.478667,-80.50874,29607,NA,NA,NA,NA,NA,"2024-05-23T16:26:11",23,5,2024,2417919,2417919,"HUMAN_OBSERVATION","iNaturalist","Observations","217801914","","Clinton Duffy",2024-05-24 00:52:02,"CC_BY_NC_4_0","derf123","derf123",NA,NA,2025-08-03 03:48:11.51,"StillImage","COORDINATE_ROUNDED;CONTINENT_DERIVED_FROM_COORDINATES;TAXON_ID_NOT_FOUND"
4872589173,"50c9509d-22c7-4a22-a47d-8c48425ef4a7","https://www.inaturalist.org/observations/218721234","Animalia","Chordata","Elasmobranchii","Carcharhiniformes","Carcharhinidae","Negaprion","Negaprion brevirostris",NA,"SPECIES","Negaprion brevirostris (Poey, 1868)","Negaprion brevirostris","","US","","Louisiana","PRESENT",NA,"28eb1a3f-1c15-4a95-931a-4af90ecb574d",29.079257,-90.372533,29533,NA,NA,NA,NA,NA,"2024-05-19T14:33",19,5,2024,2417919,2417919,"HUMAN_OBSERVATION","iNaturalist","Observations","218721234","","Herbert Leavitt",2024-05-27 19:34:23,"CC_BY_NC_4_0","Herbert Leavitt","Herbert Leavitt",NA,NA,2025-08-03 03:48:22.61,"StillImage","COORDINATE_ROUNDED;CONTINENT_DERIVED_FROM_COORDINATES;TAXON_ID_NOT_FOUND"
4867948760,"50c9509d-22c7-4a22-a47d-8c48425ef4a7","https://www.inaturalist.org/observations/216007562","Animalia","Chordata","Elasmobranchii","Carcharhiniformes","Carcharhinidae","Negaprion","Negaprion brevirostris",NA,"SPECIES","Negaprion brevirostris (Poey, 1868)","Negaprion brevirostris","","US","","Florida","PRESENT",NA,"28eb1a3f-1c15-4a95-931a-4af90ecb574d",27.644731,-82.786684,29704,NA,NA,NA,NA,NA,"2024-05-15T15:10:42",15,5,2024,2417919,2417919,"HUMAN_OBSERVATION","iNaturalist","Observations","216007562","","emma",2024-05-15 23:12:37,"CC_BY_NC_4_0","emma","emma",NA,NA,2025-08-03 02:38:00,"StillImage","COORDINATE_ROUNDED;CONTINENT_DERIVED_FROM_COORDINATES;TAXON_ID_NOT_FOUND"
4867681544,"50c9509d-22c7-4a22-a47d-8c48425ef4a7","https://www.inaturalist.org/observations/216008781","Animalia","Chordata","Elasmobranchii","Carcharhiniformes","Carcharhinidae","Negaprion","Negaprion brevirostris",NA,"SPECIES","Negaprion brevirostris (Poey, 1868)","Negaprion brevirostris","","US","","Florida","PRESENT",NA,"28eb1a3f-1c15-4a95-931a-4af90ecb574d",27.714831,-82.662438,29704,NA,NA,NA,NA,NA,"2024-05-15T15:10:35",15,5,2024,2417919,2417919,"HUMAN_OBSERVATION","iNaturalist","Observations","216008781","","tampa1540",2024-05-15 23:14:40,"CC_BY_NC_4_0","tampa1540","tampa1540",NA,NA,2025-08-03 03:47:48.936,"StillImage","COORDINATE_ROUNDED;CONTINENT_DERIVED_FROM_COORDINATES;TAXON_ID_NOT_FOUND"
4866287196,"2e48d298-76bf-40c4-bb7a-af01508498fd","BR:ReefSYN:SISBIOTA-MAR-UVC:BrazilianOceanicIslands:barretinha_barretinha_2012_occ4435","Animalia","Chordata","Elasmobranchii","Carcharhiniformes","Carcharhinidae","Negaprion","Negaprion brevirostris",NA,"SPECIES","Negaprion brevirostris (Poey, 1868)","","","BR","barretinha","","PRESENT",NA,"b81896a3-05ab-4011-a360-1aededb554a3",-3.859675,-33.81805,NA,NA,NA,NA,2.5,NA,"2012",NA,NA,2012,2417919,2417919,"HUMAN_OBSERVATION","","","","","",NA,"CC_BY_4_0","","Renato A Morais",NA,NA,2025-07-31 11:32:42.433,"","GEODETIC_DATUM_INVALID;GEODETIC_DATUM_ASSUMED_WGS84;CONTINENT_DERIVED_FROM_COORDINATES;RECORDED_DATE_MISMATCH;SCIENTIFIC_NAME_AND_ID_INCONSISTENT;TAXON_MATCH_NAME_AND_ID_AMBIGUOUS"
4866270506,"2e48d298-76bf-40c4-bb7a-af01508498fd","BR:ReefSYN:SISBIOTA-MAR-UVC:BrazilianOceanicIslands:podes_crer_podes_crer_2012_occ6916","Animalia","Chordata","Elasmobranchii","Carcharhiniformes","Carcharhinidae","Negaprion","Negaprion brevirostris",NA,"SPECIES","Negaprion brevirostris (Poey, 1868)","","","BR","podes_crer","","PRESENT",NA,"b81896a3-05ab-4011-a360-1aededb554a3",-3.872956,-33.812258,NA,NA,NA,NA,1.5,NA,"2012",NA,NA,2012,2417919,2417919,"HUMAN_OBSERVATION","","","","","",NA,"CC_BY_4_0","","Renato A Morais",NA,NA,2025-07-31 11:32:41.452,"","COORDINATE_ROUNDED;GEODETIC_DATUM_INVALID;GEODETIC_DATUM_ASSUMED_WGS84;CONTINENT_DERIVED_FROM_COORDINATES;RECORDED_DATE_MISMATCH;SCIENTIFIC_NAME_AND_ID_INCONSISTENT;TAXON_MATCH_NAME_AND_ID_AMBIGUOUS"
4866254115,"2e48d298-76bf-40c4-bb7a-af01508498fd","BR:ReefSYN:SISBIOTA-MAR-UVC:BrazilianOceanicIslands:piscina_das_rocas_piscina_das_rocas_2012_occ6078","Animalia","Chordata","Elasmobranchii","Carcharhiniformes","Carcharhinidae","Negaprion","Negaprion brevirostris",NA,"SPECIES","Negaprion brevirostris (Poey, 1868)","","","BR","piscina_das_rocas","","PRESENT",NA,"b81896a3-05ab-4011-a360-1aededb554a3",-3.86895,-33.791911,NA,NA,NA,NA,1,NA,"2012",NA,NA,2012,2417919,2417919,"HUMAN_OBSERVATION","","","","","",NA,"CC_BY_4_0","","Renato A Morais",NA,NA,2025-07-31 11:32:40.445,"","COORDINATE_ROUNDED;GEODETIC_DATUM_INVALID;GEODETIC_DATUM_ASSUMED_WGS84;CONTINENT_DERIVED_FROM_COORDINATES;RECORDED_DATE_MISMATCH;SCIENTIFIC_NAME_AND_ID_INCONSISTENT;TAXON_MATCH_NAME_AND_ID_AMBIGUOUS"
4863484512,"50c9509d-22c7-4a22-a47d-8c48425ef4a7","https://www.inaturalist.org/observations/50519557","Animalia","Chordata","Elasmobranchii","Carcharhiniformes","Carcharhinidae","Negaprion","Negaprion brevirostris",NA,"SPECIES","Negaprion brevirostris (Poey, 1868)","Negaprion brevirostris","","US","","Florida","PRESENT",NA,"28eb1a3f-1c15-4a95-931a-4af90ecb574d",28.277141,-80.686297,29631,NA,NA,NA,NA,NA,"2016-12-30",30,12,2016,2417919,2417919,"HUMAN_OBSERVATION","iNaturalist","Observations","50519557","","",NA,"CC_BY_4_0","Dominic Gentilcore","Dominic Gentilcore",NA,NA,2025-08-03 02:04:17.12,"StillImage","COORDINATE_ROUNDED;CONTINENT_DERIVED_FROM_COORDINATES;TAXON_ID_NOT_FOUND"
4855193579,"50c9509d-22c7-4a22-a47d-8c48425ef4a7","https://www.inaturalist.org/observations/213553241","Animalia","Chordata","Elasmobranchii","Carcharhiniformes","Carcharhinidae","Negaprion","Negaprion brevirostris",NA,"SPECIES","Negaprion brevirostris (Poey, 1868)","Negaprion brevirostris","","US","","South Carolina","PRESENT",NA,"28eb1a3f-1c15-4a95-931a-4af90ecb574d",32.901003,-79.601381,29039,NA,NA,NA,NA,NA,"2024-04-23T14:07",23,4,2024,2417919,2417919,"HUMAN_OBSERVATION","iNaturalist","Observations","213553241","","Clinton Duffy",2024-05-05 01:09:55,"CC_BY_4_0","Tom Austin","Tom Austin",NA,NA,2025-08-03 02:37:36.392,"StillImage","COORDINATE_ROUNDED;CONTINENT_DERIVED_FROM_COORDINATES;TAXON_ID_NOT_FOUND"
4852210455,"50c9509d-22c7-4a22-a47d-8c48425ef4a7","https://www.inaturalist.org/observations/210969967","Animalia","Chordata","Elasmobranchii","Carcharhiniformes","Carcharhinidae","Negaprion","Negaprion brevirostris",NA,"SPECIES","Negaprion brevirostris (Poey, 1868)","Negaprion brevirostris","","US","","Florida","PRESENT",NA,"28eb1a3f-1c15-4a95-931a-4af90ecb574d",28.465474,-80.556596,29607,NA,NA,NA,NA,NA,"2024-04-28T12:44:52",28,4,2024,2417919,2417919,"HUMAN_OBSERVATION","iNaturalist","Observations","210969967","","anitau",2024-04-28 17:38:27,"CC_BY_NC_4_0","anitau","anitau",NA,NA,2025-08-03 01:31:34.99,"StillImage","COORDINATE_ROUNDED;CONTINENT_DERIVED_FROM_COORDINATES;TAXON_ID_NOT_FOUND"
4607437882,"50c9509d-22c7-4a22-a47d-8c48425ef4a7","https://www.inaturalist.org/observations/205763488","Animalia","Chordata","Elasmobranchii","Carcharhiniformes","Carcharhinidae","Negaprion","Negaprion brevirostris",NA,"SPECIES","Negaprion brevirostris (Poey, 1868)","Negaprion brevirostris","","BS","","Biminis","PRESENT",NA,"28eb1a3f-1c15-4a95-931a-4af90ecb574d",25.598474,-79.368028,29958,NA,NA,NA,NA,NA,"2024-03-11",11,3,2024,2417919,2417919,"HUMAN_OBSERVATION","iNaturalist","Observations","205763488","","Adam Jay",2024-04-07 05:38:41,"CC_BY_NC_4_0","tw865","tw865",NA,NA,2025-08-03 05:08:14.848,"StillImage","COORDINATE_ROUNDED;TAXON_ID_NOT_FOUND"
4607220328,"50c9509d-22c7-4a22-a47d-8c48425ef4a7","https://www.inaturalist.org/observations/204334188","Animalia","Chordata","Elasmobranchii","Carcharhiniformes","Carcharhinidae","Negaprion","Negaprion brevirostris",NA,"SPECIES","Negaprion brevirostris (Poey, 1868)","Negaprion brevirostris","","US","","Florida","PRESENT",NA,"28eb1a3f-1c15-4a95-931a-4af90ecb574d",25.212792,-81.130889,29981,NA,NA,NA,NA,NA,"2024-03-28T20:31:24",28,3,2024,2417919,2417919,"HUMAN_OBSERVATION","iNaturalist","Observations","204334188","","Clinton Duffy",2024-03-29 06:33:30,"CC_BY_NC_4_0","ajames99","ajames99",NA,NA,2025-08-03 01:30:03.138,"StillImage","COORDINATE_ROUNDED;CONTINENT_DERIVED_FROM_COORDINATES;TAXON_ID_NOT_FOUND"
4605336170,"a564010e-a964-4b71-b87e-30ce2109ff89","BR:TraditionProject:Fish: Rua 13_111","Animalia","Chordata","Elasmobranchii","Carcharhiniformes","Carcharhinidae","Negaprion","Negaprion brevirostris",NA,"SPECIES","Negaprion brevirostris (Poey, 1868)","Negaprion brevirostris","","BR","Rua 13","Santa Catarina","PRESENT",NA,"efe6e324-c6aa-4ed0-9693-80e7ba5bab12",-27.143889,-48.507778,NA,NA,NA,NA,NA,NA,"2011",NA,NA,2011,2417919,2417919,"HUMAN_OBSERVATION","","","","","",NA,"CC_BY_NC_4_0","TRADITION Project European Research Council (ERC) European Union’s Horizon 2020 (No 817911)","Jessica M Cardoso",NA,NA,2025-07-04 20:02:22.455,"","GEODETIC_DATUM_INVALID;GEODETIC_DATUM_ASSUMED_WGS84;CONTINENT_INVALID;CONTINENT_DERIVED_FROM_COORDINATES"
4605320222,"a564010e-a964-4b71-b87e-30ce2109ff89","BR:TraditionProject:Fish: Rio do Meio_111_1","Animalia","Chordata","Elasmobranchii","Carcharhiniformes","Carcharhinidae","Negaprion","Negaprion brevirostris",NA,"SPECIES","Negaprion brevirostris (Poey, 1868)","Negaprion brevirostris","","BR","Rio do Meio","Santa Catarina","PRESENT",NA,"efe6e324-c6aa-4ed0-9693-80e7ba5bab12",-27.440278,-48.499444,NA,NA,NA,NA,NA,NA,"2021",NA,NA,2021,2417919,2417919,"HUMAN_OBSERVATION","","","","","",NA,"CC_BY_NC_4_0","TRADITION Project European Research Council (ERC) European Union’s Horizon 2020 (No 817911)","Simon-Piere Gilson",NA,NA,2025-07-04 20:02:21.842,"","GEODETIC_DATUM_INVALID;GEODETIC_DATUM_ASSUMED_WGS84;CONTINENT_INVALID;CONTINENT_DERIVED_FROM_COORDINATES"
4605295605,"a564010e-a964-4b71-b87e-30ce2109ff89","BR:TraditionProject:Fish: Enseada I_111","Animalia","Chordata","Elasmobranchii","Carcharhiniformes","Carcharhinidae","Negaprion","Negaprion brevirostris",NA,"SPECIES","Negaprion brevirostris (Poey, 1868)","Negaprion brevirostris","","BR","Enseada I","Santa Catarina","PRESENT",NA,"efe6e324-c6aa-4ed0-9693-80e7ba5bab12",-26.233889,-48.499722,NA,NA,NA,NA,NA,NA,"2019",NA,NA,2019,2417919,2417919,"HUMAN_OBSERVATION","","","","","",NA,"CC_BY_NC_4_0","TRADITION Project European Research Council (ERC) European Union’s Horizon 2020 (No 817911)","Elisa C Santos-de-Souza",NA,NA,2025-07-04 20:02:20.95,"","GEODETIC_DATUM_INVALID;GEODETIC_DATUM_ASSUMED_WGS84;CONTINENT_INVALID;CONTINENT_DERIVED_FROM_COORDINATES"
4542756298,"8e9974a4-12e2-475f-9aec-5abdf24a1f50","c81ee70a-4b58-432d-8868-a3754b0f90f8","Animalia","Chordata","Elasmobranchii","Carcharhiniformes","Carcharhinidae","Negaprion","Negaprion brevirostris",NA,"SPECIES","Negaprion brevirostris (Poey, 1868)","Negaprion brevirostris (Poey, 1868)","","GP","","","PRESENT",NA,"1928bdf0-f5d2-11dc-8c12-b8a03c50a862",16.16694,-61.78806,NA,NA,NA,NA,NA,NA,"2022-04-23",23,4,2022,2417919,2417919,"HUMAN_OBSERVATION","","","","","CHARROL Nicolas (FFESSM)",2022-04-23,"CC_BY_4_0","","Anonymisé RGPD (FFESSM)",NA,NA,2025-07-05 07:23:51.316,"","FOOTPRINT_WKT_MISMATCH;COUNTRY_MISMATCH;CONTINENT_DERIVED_FROM_COORDINATES;TAXON_ID_NOT_FOUND"
4542639102,"8e9974a4-12e2-475f-9aec-5abdf24a1f50","9258ad7f-8532-43f8-8669-df61a3ab4052","Animalia","Chordata","Elasmobranchii","Carcharhiniformes","Carcharhinidae","Negaprion","Negaprion brevirostris",NA,"SPECIES","Negaprion brevirostris (Poey, 1868)","Negaprion brevirostris (Poey, 1868)","","PF","","","PRESENT",NA,"1928bdf0-f5d2-11dc-8c12-b8a03c50a862",-17.53694,-149.76278,NA,NA,NA,NA,NA,NA,"2023-08-14",14,8,2023,2417919,2417919,"HUMAN_OBSERVATION","","","","","DUPORT Sebastien (FFESSM)",2023-08-14,"CC_BY_4_0","","Anonymisé RGPD (FFESSM)",NA,NA,2025-07-05 07:23:39.902,"","FOOTPRINT_WKT_MISMATCH;COUNTRY_MISMATCH;CONTINENT_DERIVED_FROM_COORDINATES;TAXON_ID_NOT_FOUND"
4542615549,"8e9974a4-12e2-475f-9aec-5abdf24a1f50","89a27302-0493-4784-bdc1-385e4956a566","Animalia","Chordata","Elasmobranchii","Carcharhiniformes","Carcharhinidae","Negaprion","Negaprion brevirostris",NA,"SPECIES","Negaprion brevirostris (Poey, 1868)","Negaprion brevirostris (Poey, 1868)","","PF","","","PRESENT",NA,"1928bdf0-f5d2-11dc-8c12-b8a03c50a862",-17.48122,-149.85289,NA,NA,NA,NA,NA,NA,"2023-08-01",1,8,2023,2417919,2417919,"HUMAN_OBSERVATION","","","","","DESTENAVE Mathieu (FFESSM)",2023-08-01,"CC_BY_4_0","","Anonymisé RGPD (FFESSM)",NA,NA,2025-07-05 07:23:39.139,"","FOOTPRINT_WKT_MISMATCH;COUNTRY_MISMATCH;CONTINENT_DERIVED_FROM_COORDINATES;TAXON_ID_NOT_FOUND"
4516275644,"50c9509d-22c7-4a22-a47d-8c48425ef4a7","https://www.inaturalist.org/observations/196693883","Animalia","Chordata","Elasmobranchii","Carcharhiniformes","Carcharhinidae","Negaprion","Negaprion brevirostris",NA,"SPECIES","Negaprion brevirostris (Poey, 1868)","Negaprion brevirostris","","US","","Florida","PRESENT",NA,"28eb1a3f-1c15-4a95-931a-4af90ecb574d",30.756607,-81.504796,29330,NA,NA,NA,NA,NA,"2024-01-14T15:22:37",14,1,2024,2417919,2417919,"HUMAN_OBSERVATION","iNaturalist","Observations","196693883","","Norm Herr",2024-01-14 20:30:31,"CC0_1_0","Norm Herr","Norm Herr",NA,NA,2025-08-03 02:35:05.282,"StillImage","COORDINATE_ROUNDED;CONTINENT_DERIVED_FROM_COORDINATES;TAXON_ID_NOT_FOUND"
4512328817,"50c9509d-22c7-4a22-a47d-8c48425ef4a7","https://www.inaturalist.org/observations/196465987","Animalia","Chordata","Elasmobranchii","Carcharhiniformes","Carcharhinidae","Negaprion","Negaprion brevirostris",NA,"SPECIES","Negaprion brevirostris (Poey, 1868)","Negaprion brevirostris","","US","","Florida","PRESENT",NA,"28eb1a3f-1c15-4a95-931a-4af90ecb574d",26.989576,-80.103039,29798,NA,NA,NA,NA,NA,"2024-01-12T17:34:23",12,1,2024,2417919,2417919,"HUMAN_OBSERVATION","iNaturalist","Observations","196465987","","elinetsky",2024-01-13 00:29:19,"CC_BY_NC_4_0","elinetsky","elinetsky",NA,NA,2025-08-03 03:44:18.461,"StillImage","COORDINATE_ROUNDED;CONTINENT_DERIVED_FROM_COORDINATES;TAXON_ID_NOT_FOUND"
4507969604,"50c9509d-22c7-4a22-a47d-8c48425ef4a7","https://www.inaturalist.org/observations/195313087","Animalia","Chordata","Elasmobranchii","Carcharhiniformes","Carcharhinidae","Negaprion","Negaprion brevirostris",NA,"SPECIES","Negaprion brevirostris (Poey, 1868)","Negaprion brevirostris","","US","","Florida","PRESENT",NA,"28eb1a3f-1c15-4a95-931a-4af90ecb574d",26.761818,-79.93324,29822,NA,NA,NA,NA,NA,"2021-03-15T13:06",15,3,2021,2417919,2417919,"HUMAN_OBSERVATION","iNaturalist","Observations","195313087","","Below Blue Water Diver",2023-12-30 23:06:53,"CC_BY_NC_4_0","Below Blue Water Diver","Below Blue Water Diver",NA,NA,2025-08-03 02:34:50.994,"StillImage","COORDINATE_ROUNDED;TAXON_ID_NOT_FOUND"
4507943368,"50c9509d-22c7-4a22-a47d-8c48425ef4a7","https://www.inaturalist.org/observations/195228958","Animalia","Chordata","Elasmobranchii","Carcharhiniformes","Carcharhinidae","Negaprion","Negaprion brevirostris",NA,"SPECIES","Negaprion brevirostris (Poey, 1868)","Negaprion brevirostris","","US","","Florida","PRESENT",NA,"28eb1a3f-1c15-4a95-931a-4af90ecb574d",26.944113,-80.185425,29798,NA,NA,NA,NA,NA,"2021-01-18T09:23",18,1,2021,2417919,2417919,"HUMAN_OBSERVATION","iNaturalist","Observations","195228958","","Below Blue Water Diver",2023-12-30 02:23:31,"CC_BY_NC_4_0","Below Blue Water Diver","Below Blue Water Diver",NA,NA,2025-08-03 02:34:49.706,"StillImage","COORDINATE_ROUNDED;CONTINENT_DERIVED_FROM_COORDINATES;TAXON_ID_NOT_FOUND"
4465777421,"50c9509d-22c7-4a22-a47d-8c48425ef4a7","https://www.inaturalist.org/observations/193433448","Animalia","Chordata","Elasmobranchii","Carcharhiniformes","Carcharhinidae","Negaprion","Negaprion brevirostris",NA,"SPECIES","Negaprion brevirostris (Poey, 1868)","Negaprion brevirostris","","US","","Florida","PRESENT",NA,"28eb1a3f-1c15-4a95-931a-4af90ecb574d",25.846705,-81.452408,29913,NA,NA,NA,NA,NA,"2023-12-08T12:32:08",8,12,2023,2417919,2417919,"HUMAN_OBSERVATION","iNaturalist","Observations","193433448","","""Jeanene Jewett aka """"JJ""""""",2023-12-08 23:33:33,"CC_BY_NC_4_0","""Jeanene Jewett aka """"JJ""""""","""Jeanene Jewett aka """"JJ""""""",NA,NA,2025-08-03 03:43:41.275,"StillImage","COORDINATE_ROUNDED;CONTINENT_DERIVED_FROM_COORDINATES;TAXON_ID_NOT_FOUND"
4465439764,"50c9509d-22c7-4a22-a47d-8c48425ef4a7","https://www.inaturalist.org/observations/193241306","Animalia","Chordata","Elasmobranchii","Carcharhiniformes","Carcharhinidae","Negaprion","Negaprion brevirostris",NA,"SPECIES","Negaprion brevirostris (Poey, 1868)","Negaprion brevirostris","","US","","South Carolina","PRESENT",NA,"28eb1a3f-1c15-4a95-931a-4af90ecb574d",32.218101,-80.688583,29120,NA,NA,NA,NA,NA,"2023-07-14T23:42:49",14,7,2023,2417919,2417919,"HUMAN_OBSERVATION","iNaturalist","Observations","193241306","","Lauren Weeks",2023-12-06 21:08:17,"CC_BY_NC_4_0","Lauren Weeks","Lauren Weeks",NA,NA,2025-08-03 01:26:38.63,"StillImage","COORDINATE_ROUNDED;CONTINENT_DERIVED_FROM_COORDINATES;TAXON_ID_NOT_FOUND"
4453768753,"50c9509d-22c7-4a22-a47d-8c48425ef4a7","https://www.inaturalist.org/observations/191823867","Animalia","Chordata","Elasmobranchii","Carcharhiniformes","Carcharhinidae","Negaprion","Negaprion brevirostris",NA,"SPECIES","Negaprion brevirostris (Poey, 1868)","Negaprion brevirostris","","US","","Florida","PRESENT",NA,"28eb1a3f-1c15-4a95-931a-4af90ecb574d",25.736733,-81.316943,29936,NA,NA,NA,NA,NA,"2023-11-20T07:27:38",20,11,2023,2417919,2417919,"HUMAN_OBSERVATION","iNaturalist","Observations","191823867","","larvalfishguy",2023-11-23 05:28:06,"CC_BY_NC_4_0","larvalfishguy","larvalfishguy",NA,NA,2025-08-03 02:34:17.659,"StillImage","COORDINATE_ROUNDED;CONTINENT_DERIVED_FROM_COORDINATES;TAXON_ID_NOT_FOUND"
4453734890,"50c9509d-22c7-4a22-a47d-8c48425ef4a7","https://www.inaturalist.org/observations/191863657","Animalia","Chordata","Elasmobranchii","Carcharhiniformes","Carcharhinidae","Negaprion","Negaprion brevirostris",NA,"SPECIES","Negaprion brevirostris (Poey, 1868)","Negaprion brevirostris","","BS","","Hope Town","PRESENT",NA,"28eb1a3f-1c15-4a95-931a-4af90ecb574d",26.443806,-76.801745,29845,NA,NA,NA,NA,NA,"2023-11-23T13:13:01",23,11,2023,2417919,2417919,"HUMAN_OBSERVATION","iNaturalist","Observations","191863657","","Clinton Duffy",2023-11-24 03:43:31,"CC_BY_NC_4_0","Bert Harris","Bert Harris",NA,NA,2025-08-03 03:43:23.844,"StillImage","COORDINATE_ROUNDED;TAXON_ID_NOT_FOUND"
4442718813,"50c9509d-22c7-4a22-a47d-8c48425ef4a7","https://www.inaturalist.org/observations/191321727","Animalia","Chordata","Elasmobranchii","Carcharhiniformes","Carcharhinidae","Negaprion","Negaprion brevirostris",NA,"SPECIES","Negaprion brevirostris (Poey, 1868)","Negaprion brevirostris","","US","","Florida","PRESENT",NA,"28eb1a3f-1c15-4a95-931a-4af90ecb574d",25.725246,-81.232686,29936,NA,NA,NA,NA,NA,"2023-11-17T19:57:29",17,11,2023,2417919,2417919,"HUMAN_OBSERVATION","iNaturalist","Observations","191321727","","larvalfishguy",2023-11-18 01:07:07,"CC_BY_NC_4_0","larvalfishguy","larvalfishguy",NA,NA,2025-08-03 03:43:14.984,"StillImage","COORDINATE_ROUNDED;CONTINENT_DERIVED_FROM_COORDINATES;TAXON_ID_NOT_FOUND"
4430954439,"50c9509d-22c7-4a22-a47d-8c48425ef4a7","https://www.inaturalist.org/observations/165394166","Animalia","Chordata","Elasmobranchii","Carcharhiniformes","Carcharhinidae","Negaprion","Negaprion brevirostris",NA,"SPECIES","Negaprion brevirostris (Poey, 1868)","Negaprion brevirostris","","US","","Florida","PRESENT",NA,"28eb1a3f-1c15-4a95-931a-4af90ecb574d",25.260129,-80.254953,29981,NA,NA,NA,NA,NA,"2023-05-16T16:40",16,5,2023,2417919,2417919,"HUMAN_OBSERVATION","iNaturalist","Observations","165394166","","Roger Peng",2023-06-06 03:52:02,"CC_BY_NC_4_0","dbond","dbond",NA,NA,2025-08-03 03:36:30.282,"StillImage","COORDINATE_ROUNDED;CONTINENT_DERIVED_FROM_COORDINATES;TAXON_ID_NOT_FOUND"
4424319296,"50c9509d-22c7-4a22-a47d-8c48425ef4a7","https://www.inaturalist.org/observations/186792000","Animalia","Chordata","Elasmobranchii","Carcharhiniformes","Carcharhinidae","Negaprion","Negaprion brevirostris",NA,"SPECIES","Negaprion brevirostris (Poey, 1868)","Negaprion brevirostris","","BS","","Biminis","PRESENT",NA,"28eb1a3f-1c15-4a95-931a-4af90ecb574d",25.529178,-79.347534,29958,NA,NA,NA,NA,NA,"2023-10-07T17:52:21",7,10,2023,2417919,2417919,"HUMAN_OBSERVATION","iNaturalist","Observations","186792000","","suskman",2023-10-09 01:12:04,"CC_BY_NC_4_0","suskman","suskman",NA,NA,2025-08-03 03:42:18.392,"StillImage","COORDINATE_ROUNDED;TAXON_ID_NOT_FOUND"
4424302305,"50c9509d-22c7-4a22-a47d-8c48425ef4a7","https://www.inaturalist.org/observations/186236626","Animalia","Chordata","Elasmobranchii","Carcharhiniformes","Carcharhinidae","Negaprion","Negaprion brevirostris",NA,"SPECIES","Negaprion brevirostris (Poey, 1868)","Negaprion brevirostris","","US","","Louisiana","PRESENT",NA,"28eb1a3f-1c15-4a95-931a-4af90ecb574d",29.806867,-88.812644,29433,NA,NA,NA,NA,NA,"2023-09-26T15:19",26,9,2023,2417919,2417919,"HUMAN_OBSERVATION","iNaturalist","Observations","186236626","","Clinton Duffy",2023-10-05 03:46:41,"CC_BY_NC_4_0","Erik Johnson","Erik Johnson",NA,NA,2025-08-03 01:24:38.112,"StillImage","COORDINATE_ROUNDED;CONTINENT_DERIVED_FROM_COORDINATES;TAXON_ID_NOT_FOUND"
4423721344,"75301af4-c7b0-4b93-818f-bdf5d7cdabe0","UNAL:CB003","Animalia","Chordata","Elasmobranchii","Carcharhiniformes","Carcharhinidae","Negaprion","Negaprion brevirostris",NA,"SPECIES","Negaprion brevirostris (Poey, 1868)","Negaprion brevirostris","(Poey, 1868)","CO","Cayo Bolívar","Archipiélago de San Andrés, Providencia y Santa Catalina","PRESENT",1,"eac88d99-9f6c-4031-8fc4-8088f0e0dfe7",12.415861,-81.475571,50,NA,NA,NA,23,22,"2022-09-09",9,9,2022,2417919,2417919,"HUMAN_OBSERVATION","","","","N_brevirostris:3","Alejandra Puentes Sayo;Natalia Ossa;Arturo Acero Pizarro;Jose Julián Tavera",2022-09-10,"CC_BY_NC_4_0","Universidad Nacional de Colombia - Sede Caribe (UNAL)","Alejandra Puentes Sayo;Natalia Ossa;Arturo Acero Pizarro;Jose Julián Tavera",NA,NA,2025-08-01 11:48:11.266,"","CONTINENT_COORDINATE_MISMATCH"
4421003129,"50c9509d-22c7-4a22-a47d-8c48425ef4a7","https://www.inaturalist.org/observations/185747178","Animalia","Chordata","Elasmobranchii","Carcharhiniformes","Carcharhinidae","Negaprion","Negaprion brevirostris",NA,"SPECIES","Negaprion brevirostris (Poey, 1868)","Negaprion brevirostris","","US","","Louisiana","PRESENT",NA,"28eb1a3f-1c15-4a95-931a-4af90ecb574d",29.118506,-90.348407,29533,NA,NA,NA,NA,NA,"2023-09-25T12:36:12",25,9,2023,2417919,2417919,"HUMAN_OBSERVATION","iNaturalist","Observations","185747178","","Kathryn Flowers",2023-10-01 18:24:02,"CC_BY_NC_4_0","Herbert Leavitt","Herbert Leavitt",NA,NA,2025-08-03 01:24:24.244,"StillImage","COORDINATE_ROUNDED;CONTINENT_DERIVED_FROM_COORDINATES;TAXON_ID_NOT_FOUND"
4420857400,"50c9509d-22c7-4a22-a47d-8c48425ef4a7","https://www.inaturalist.org/observations/185626146","Animalia","Chordata","Elasmobranchii","Carcharhiniformes","Carcharhinidae","Negaprion","Negaprion brevirostris",NA,"SPECIES","Negaprion brevirostris (Poey, 1868)","Negaprion brevirostris","","US","","Florida","PRESENT",NA,"28eb1a3f-1c15-4a95-931a-4af90ecb574d",29.403074,-81.1405,29483,NA,NA,NA,NA,NA,"2023-09-24T17:05",24,9,2023,2417919,2417919,"HUMAN_OBSERVATION","iNaturalist","Observations","185626146","","Scott Flamand",2023-09-30 20:09:25,"CC_BY_NC_4_0","Scott Flamand","Scott Flamand",NA,NA,2025-08-03 01:24:24.774,"StillImage","COORDINATE_ROUNDED;CONTINENT_DERIVED_FROM_COORDINATES;TAXON_ID_NOT_FOUND"
4417151582,"50c9509d-22c7-4a22-a47d-8c48425ef4a7","https://www.inaturalist.org/observations/184388786","Animalia","Chordata","Elasmobranchii","Carcharhiniformes","Carcharhinidae","Negaprion","Negaprion brevirostris",NA,"SPECIES","Negaprion brevirostris (Poey, 1868)","Negaprion brevirostris","","US","","Florida","PRESENT",NA,"28eb1a3f-1c15-4a95-931a-4af90ecb574d",29.735965,-85.028924,29458,NA,NA,NA,NA,NA,"2023-09-14T11:00:04",14,9,2023,2417919,2417919,"HUMAN_OBSERVATION","iNaturalist","Observations","184388786","","bradleysmith",2023-09-22 15:21:37,"CC_BY_NC_4_0","bradleysmith","bradleysmith",NA,NA,2025-08-03 03:41:45.262,"StillImage","COORDINATE_ROUNDED;CONTINENT_DERIVED_FROM_COORDINATES;TAXON_ID_NOT_FOUND"
4416825195,"50c9509d-22c7-4a22-a47d-8c48425ef4a7","https://www.inaturalist.org/observations/184448201","Animalia","Chordata","Elasmobranchii","Carcharhiniformes","Carcharhinidae","Negaprion","Negaprion brevirostris",NA,"SPECIES","Negaprion brevirostris (Poey, 1868)","Negaprion brevirostris","","US","","North Carolina","PRESENT",NA,"28eb1a3f-1c15-4a95-931a-4af90ecb574d",33.829703,-77.880206,28902,NA,NA,NA,NA,NA,"2023-09-18T18:35",18,9,2023,2417919,2417919,"HUMAN_OBSERVATION","iNaturalist","Observations","184448201","","j-a-anderson",2023-09-22 22:26:02,"CC_BY_NC_4_0","j-a-anderson","j-a-anderson",NA,NA,2025-08-03 03:41:44.826,"StillImage","COORDINATE_ROUNDED;TAXON_ID_NOT_FOUND"
4413713010,"50c9509d-22c7-4a22-a47d-8c48425ef4a7","https://www.inaturalist.org/observations/183420959","Animalia","Chordata","Elasmobranchii","Carcharhiniformes","Carcharhinidae","Negaprion","Negaprion brevirostris",NA,"SPECIES","Negaprion brevirostris (Poey, 1868)","Negaprion brevirostris","","US","","Mississippi","PRESENT",NA,"28eb1a3f-1c15-4a95-931a-4af90ecb574d",30.374725,-89.005547,29382,NA,NA,NA,NA,NA,"2023-09-07T09:00:50",7,9,2023,2417919,2417919,"HUMAN_OBSERVATION","iNaturalist","Observations","183420959","","Alyssa",2023-09-15 22:12:36,"CC_BY_NC_4_0","Alyssa","Alyssa",NA,NA,2025-08-03 02:32:38.993,"StillImage","COORDINATE_ROUNDED;CONTINENT_DERIVED_FROM_COORDINATES;TAXON_ID_NOT_FOUND"
4413684407,"50c9509d-22c7-4a22-a47d-8c48425ef4a7","https://www.inaturalist.org/observations/183280833","Animalia","Chordata","Elasmobranchii","Carcharhiniformes","Carcharhinidae","Negaprion","Negaprion brevirostris",NA,"SPECIES","Negaprion brevirostris (Poey, 1868)","Negaprion brevirostris","","US","","Florida","PRESENT",NA,"28eb1a3f-1c15-4a95-931a-4af90ecb574d",26.852918,-80.185302,29798,NA,NA,NA,NA,NA,"2023-08-28T13:19",28,8,2023,2417919,2417919,"HUMAN_OBSERVATION","iNaturalist","Observations","183280833","","泠州鸠",2023-09-14 22:22:58,"CC_BY_NC_4_0","泠州鸠","泠州鸠",NA,NA,2025-08-03 05:02:11.16,"StillImage","COORDINATE_ROUNDED;CONTINENT_DERIVED_FROM_COORDINATES;TAXON_ID_NOT_FOUND"
4405532471,"50c9509d-22c7-4a22-a47d-8c48425ef4a7","https://www.inaturalist.org/observations/180550047","Animalia","Chordata","Elasmobranchii","Carcharhiniformes","Carcharhinidae","Negaprion","Negaprion brevirostris",NA,"SPECIES","Negaprion brevirostris (Poey, 1868)","Negaprion brevirostris","","BS","","Grand Cay","PRESENT",NA,"28eb1a3f-1c15-4a95-931a-4af90ecb574d",27.346404,-78.302435,29751,NA,NA,NA,NA,NA,"2023-08-23T16:08:08",23,8,2023,2417919,2417919,"HUMAN_OBSERVATION","iNaturalist","Observations","180550047","","dylan_algie",2023-08-28 01:04:15,"CC_BY_NC_4_0","dylan_algie","dylan_algie",NA,NA,2025-08-03 01:22:48.91,"StillImage","COORDINATE_ROUNDED;TAXON_ID_NOT_FOUND"
4177563093,"50c9509d-22c7-4a22-a47d-8c48425ef4a7","https://www.inaturalist.org/observations/178556514","Animalia","Chordata","Elasmobranchii","Carcharhiniformes","Carcharhinidae","Negaprion","Negaprion brevirostris",NA,"SPECIES","Negaprion brevirostris (Poey, 1868)","Negaprion brevirostris","","US","","Mississippi","PRESENT",NA,"28eb1a3f-1c15-4a95-931a-4af90ecb574d",30.295417,-89.071574,29382,NA,NA,NA,NA,NA,"2023-07-30T11:55:44",30,7,2023,2417919,2417919,"HUMAN_OBSERVATION","iNaturalist","Observations","178556514","","Alyssa",2023-08-15 17:08:10,"CC_BY_NC_4_0","Alyssa","Alyssa",NA,NA,2025-08-03 05:00:10.999,"StillImage","COORDINATE_ROUNDED;CONTINENT_DERIVED_FROM_COORDINATES;TAXON_ID_NOT_FOUND"
4165459082,"50c9509d-22c7-4a22-a47d-8c48425ef4a7","https://www.inaturalist.org/observations/173823632","Animalia","Chordata","Elasmobranchii","Carcharhiniformes","Carcharhinidae","Negaprion","Negaprion brevirostris",NA,"SPECIES","Negaprion brevirostris (Poey, 1868)","Negaprion brevirostris","","BS","","Biminis","PRESENT",NA,"28eb1a3f-1c15-4a95-931a-4af90ecb574d",25.65637,-79.293458,29936,NA,NA,NA,NA,NA,"2022-10-18T18:20:08",18,10,2022,2417919,2417919,"HUMAN_OBSERVATION","iNaturalist","Observations","173823632","","Matthew",2023-07-19 20:05:23,"CC_BY_4_0","Matthew","Matthew",NA,NA,2025-08-03 03:38:43.24,"StillImage","COORDINATE_ROUNDED;CONTINENT_DERIVED_FROM_COORDINATES;TAXON_ID_NOT_FOUND"
4140992955,"2028488d-8fd9-4f01-9158-becfdd5a0093","South_Kimberley_dugongs_all_265","Animalia","Chordata","Elasmobranchii","Carcharhiniformes","Carcharhinidae","Negaprion","Negaprion brevirostris",NA,"SPECIES","Negaprion brevirostris (Poey, 1868)","Negaprion brevirostris","","AU","South Kimberley","Western Australia","PRESENT",NA,"5fa89f68-9af0-4a0d-8998-ea39695c1db9",-19.76681,119.80374,150,0.002,NA,NA,0,0,"2017-05-12",12,5,2017,2417919,2417919,"HUMAN_OBSERVATION","CSIRO","WAMSI 2 Kimberley Node: Project 1.2.5","1437","","",NA,"CC_BY_NC_4_0","","",NA,NA,2025-07-05 03:25:46.982,"","GEODETIC_DATUM_ASSUMED_WGS84"
4140992920,"2028488d-8fd9-4f01-9158-becfdd5a0093","South_Kimberley_dugongs_all_260","Animalia","Chordata","Elasmobranchii","Carcharhiniformes","Carcharhinidae","Negaprion","Negaprion brevirostris",NA,"SPECIES","Negaprion brevirostris (Poey, 1868)","Negaprion brevirostris","","AU","South Kimberley","Western Australia","PRESENT",NA,"5fa89f68-9af0-4a0d-8998-ea39695c1db9",-19.94938,119.52031,150,0.002,NA,NA,0,0,"2017-05-11",11,5,2017,2417919,2417919,"HUMAN_OBSERVATION","CSIRO","WAMSI 2 Kimberley Node: Project 1.2.5","1301","","",NA,"CC_BY_NC_4_0","","",NA,NA,2025-07-05 03:25:46.981,"","GEODETIC_DATUM_ASSUMED_WGS84"
4140992903,"2028488d-8fd9-4f01-9158-becfdd5a0093","South_Kimberley_dugongs_all_230","Animalia","Chordata","Elasmobranchii","Carcharhiniformes","Carcharhinidae","Negaprion","Negaprion brevirostris",NA,"SPECIES","Negaprion brevirostris (Poey, 1868)","Negaprion brevirostris","","AU","South Kimberley","Western Australia","PRESENT",NA,"5fa89f68-9af0-4a0d-8998-ea39695c1db9",-18.73334,121.29501,150,0.002,NA,NA,0,0,"2017-05-05",5,5,2017,2417919,2417919,"HUMAN_OBSERVATION","CSIRO","WAMSI 2 Kimberley Node: Project 1.2.5","715","","",NA,"CC_BY_NC_4_0","","",NA,NA,2025-07-05 03:25:46.98,"","GEODETIC_DATUM_ASSUMED_WGS84"
4140992845,"2028488d-8fd9-4f01-9158-becfdd5a0093","South_Kimberley_dugongs_all_218","Animalia","Chordata","Elasmobranchii","Carcharhiniformes","Carcharhinidae","Negaprion","Negaprion brevirostris",NA,"SPECIES","Negaprion brevirostris (Poey, 1868)","Negaprion brevirostris","","AU","South Kimberley","Western Australia","PRESENT",NA,"5fa89f68-9af0-4a0d-8998-ea39695c1db9",-18.64611,121.21945,150,0.002,NA,NA,0,0,"2017-05-04",4,5,2017,2417919,2417919,"HUMAN_OBSERVATION","CSIRO","WAMSI 2 Kimberley Node: Project 1.2.5","504","","",NA,"CC_BY_NC_4_0","","",NA,NA,2025-07-05 03:25:46.977,"","GEODETIC_DATUM_ASSUMED_WGS84"
4140992842,"2028488d-8fd9-4f01-9158-becfdd5a0093","South_Kimberley_dugongs_all_214","Animalia","Chordata","Elasmobranchii","Carcharhiniformes","Carcharhinidae","Negaprion","Negaprion brevirostris",NA,"SPECIES","Negaprion brevirostris (Poey, 1868)","Negaprion brevirostris","","AU","South Kimberley","Western Australia","PRESENT",NA,"5fa89f68-9af0-4a0d-8998-ea39695c1db9",-18.06111,122.16497,150,0.002,NA,NA,0,0,"2017-05-03",3,5,2017,2417919,2417919,"HUMAN_OBSERVATION","CSIRO","WAMSI 2 Kimberley Node: Project 1.2.5","313","","",NA,"CC_BY_NC_4_0","","",NA,NA,2025-07-05 03:25:46.977,"","GEODETIC_DATUM_ASSUMED_WGS84"
4140992823,"2028488d-8fd9-4f01-9158-becfdd5a0093","South_Kimberley_dugongs_all_209","Animalia","Chordata","Elasmobranchii","Carcharhiniformes","Carcharhinidae","Negaprion","Negaprion brevirostris",NA,"SPECIES","Negaprion brevirostris (Poey, 1868)","Negaprion brevirostris","","AU","South Kimberley","Western Australia","PRESENT",NA,"5fa89f68-9af0-4a0d-8998-ea39695c1db9",-17.88101,122.14124,150,0.002,NA,NA,0,0,"2017-05-03",3,5,2017,2417919,2417919,"HUMAN_OBSERVATION","CSIRO","WAMSI 2 Kimberley Node: Project 1.2.5","58","","",NA,"CC_BY_NC_4_0","","",NA,NA,2025-07-05 03:25:46.976,"","GEODETIC_DATUM_ASSUMED_WGS84"
4138526089,"50c9509d-22c7-4a22-a47d-8c48425ef4a7","https://www.inaturalist.org/observations/169288553","Animalia","Chordata","Elasmobranchii","Carcharhiniformes","Carcharhinidae","Negaprion","Negaprion brevirostris",NA,"SPECIES","Negaprion brevirostris (Poey, 1868)","Negaprion brevirostris","","US","","Florida","PRESENT",NA,"28eb1a3f-1c15-4a95-931a-4af90ecb574d",29.70429,-85.37723,29458,NA,NA,NA,NA,NA,"2023-06-24T13:27:29",24,6,2023,2417919,2417919,"HUMAN_OBSERVATION","iNaturalist","Observations","169288553","","ricketypuma",2023-06-25 00:21:11,"CC_BY_NC_4_0","ricketypuma","ricketypuma",NA,NA,2025-08-03 02:29:24.779,"StillImage","COORDINATE_ROUNDED;CONTINENT_DERIVED_FROM_COORDINATES;TAXON_ID_NOT_FOUND"
4138440758,"50c9509d-22c7-4a22-a47d-8c48425ef4a7","https://www.inaturalist.org/observations/168652965","Animalia","Chordata","Elasmobranchii","Carcharhiniformes","Carcharhinidae","Negaprion","Negaprion brevirostris",NA,"SPECIES","Negaprion brevirostris (Poey, 1868)","Negaprion brevirostris","","US","","Florida","PRESENT",NA,"28eb1a3f-1c15-4a95-931a-4af90ecb574d",29.657074,-85.178719,29458,NA,NA,NA,NA,NA,"2023-06-20T11:58:14",20,6,2023,2417919,2417919,"HUMAN_OBSERVATION","iNaturalist","Observations","168652965","","bradleysmith",2023-06-21 13:49:27,"CC_BY_NC_4_0","bradleysmith","bradleysmith",NA,NA,2025-08-03 03:37:20.848,"StillImage","COORDINATE_ROUNDED;CONTINENT_DERIVED_FROM_COORDINATES;TAXON_ID_NOT_FOUND"
4138310359,"50c9509d-22c7-4a22-a47d-8c48425ef4a7","https://www.inaturalist.org/observations/169294333","Animalia","Chordata","Elasmobranchii","Carcharhiniformes","Carcharhinidae","Negaprion","Negaprion brevirostris",NA,"SPECIES","Negaprion brevirostris (Poey, 1868)","Negaprion brevirostris","","US","","Florida","PRESENT",NA,"28eb1a3f-1c15-4a95-931a-4af90ecb574d",29.601081,-85.201468,29458,NA,NA,NA,NA,NA,"2023-05-20T10:00:52",20,5,2023,2417919,2417919,"HUMAN_OBSERVATION","iNaturalist","Observations","169294333","","ricketypuma",2023-06-25 01:05:23,"CC_BY_NC_4_0","ricketypuma","ricketypuma",NA,NA,2025-08-03 04:57:42.395,"StillImage","COORDINATE_ROUNDED;TAXON_ID_NOT_FOUND"
4116397312,"50c9509d-22c7-4a22-a47d-8c48425ef4a7","https://www.inaturalist.org/observations/161135597","Animalia","Chordata","Elasmobranchii","Carcharhiniformes","Carcharhinidae","Negaprion","Negaprion brevirostris",NA,"SPECIES","Negaprion brevirostris (Poey, 1868)","Negaprion brevirostris","","BS","","Biminis","PRESENT",NA,"28eb1a3f-1c15-4a95-931a-4af90ecb574d",25.627525,-79.375648,29936,NA,NA,NA,NA,NA,"2023-05-11T13:52:26",11,5,2023,2417919,2417919,"HUMAN_OBSERVATION","iNaturalist","Observations","161135597","","skarm14",2023-05-11 21:08:11,"CC_BY_NC_4_0","skarm14","skarm14",NA,NA,2025-08-03 03:35:32.585,"StillImage","COORDINATE_ROUNDED;TAXON_ID_NOT_FOUND"
4116260011,"50c9509d-22c7-4a22-a47d-8c48425ef4a7","https://www.inaturalist.org/observations/160971810","Animalia","Chordata","Elasmobranchii","Carcharhiniformes","Carcharhinidae","Negaprion","Negaprion brevirostris",NA,"SPECIES","Negaprion brevirostris (Poey, 1868)","Negaprion brevirostris","","BS","","Biminis","PRESENT",NA,"28eb1a3f-1c15-4a95-931a-4af90ecb574d",25.600619,-79.311778,29936,NA,NA,NA,NA,NA,"2023-05-10T14:54",10,5,2023,2417919,2417919,"HUMAN_OBSERVATION","iNaturalist","Observations","160971810","","skarm14",2023-05-10 21:02:44,"CC_BY_NC_4_0","skarm14","skarm14",NA,NA,2025-08-03 03:35:31.266,"StillImage","COORDINATE_ROUNDED;CONTINENT_DERIVED_FROM_COORDINATES;TAXON_ID_NOT_FOUND"
4067430668,"50c9509d-22c7-4a22-a47d-8c48425ef4a7","https://www.inaturalist.org/observations/151849426","Animalia","Chordata","Elasmobranchii","Carcharhiniformes","Carcharhinidae","Negaprion","Negaprion brevirostris",NA,"SPECIES","Negaprion brevirostris (Poey, 1868)","Negaprion brevirostris","","US","","","PRESENT",NA,"28eb1a3f-1c15-4a95-931a-4af90ecb574d",26.877699,-79.901016,29798,NA,NA,NA,NA,NA,"2023-03-09T22:32",9,3,2023,2417919,2417919,"HUMAN_OBSERVATION","iNaturalist","Observations","151849426","","ungerlord",2023-03-21 18:15:39,"CC_BY_NC_4_0","ungerlord","ungerlord",NA,NA,2025-08-03 04:51:48.34,"StillImage","COORDINATE_ROUNDED;COUNTRY_DERIVED_FROM_COORDINATES;TAXON_ID_NOT_FOUND"
4062743055,"50c9509d-22c7-4a22-a47d-8c48425ef4a7","https://www.inaturalist.org/observations/150870760","Animalia","Chordata","Elasmobranchii","Carcharhiniformes","Carcharhinidae","Negaprion","Negaprion brevirostris",NA,"SPECIES","Negaprion brevirostris (Poey, 1868)","Negaprion brevirostris","","US","","","PRESENT",NA,"28eb1a3f-1c15-4a95-931a-4af90ecb574d",26.970191,-79.863243,29798,NA,NA,NA,NA,NA,"2023-03-10T11:08:21",10,3,2023,2417919,2417919,"HUMAN_OBSERVATION","iNaturalist","Observations","150870760","","ungerlord",2023-03-11 23:57:27,"CC_BY_NC_4_0","ungerlord","ungerlord",NA,NA,2025-08-03 01:15:22.059,"StillImage","COORDINATE_ROUNDED;COUNTRY_DERIVED_FROM_COORDINATES;TAXON_ID_NOT_FOUND"
4062708012,"50c9509d-22c7-4a22-a47d-8c48425ef4a7","https://www.inaturalist.org/observations/150870727","Animalia","Chordata","Elasmobranchii","Carcharhiniformes","Carcharhinidae","Negaprion","Negaprion brevirostris",NA,"SPECIES","Negaprion brevirostris (Poey, 1868)","Negaprion brevirostris","","US","","","PRESENT",NA,"28eb1a3f-1c15-4a95-931a-4af90ecb574d",26.883621,-80.031892,29798,NA,NA,NA,NA,NA,"2023-03-10T11:11:31",10,3,2023,2417919,2417919,"HUMAN_OBSERVATION","iNaturalist","Observations","150870727","","ungerlord",2023-03-11 23:57:00,"CC_BY_NC_4_0","ungerlord","ungerlord",NA,NA,2025-08-03 01:15:25.403,"StillImage","COORDINATE_ROUNDED;COUNTRY_DERIVED_FROM_COORDINATES;CONTINENT_DERIVED_FROM_COORDINATES;TAXON_ID_NOT_FOUND"
4018332502,"50c9509d-22c7-4a22-a47d-8c48425ef4a7","https://www.inaturalist.org/observations/146763100","Animalia","Chordata","Elasmobranchii","Carcharhiniformes","Carcharhinidae","Negaprion","Negaprion brevirostris",NA,"SPECIES","Negaprion brevirostris (Poey, 1868)","Negaprion brevirostris","","US","","Florida","PRESENT",NA,"28eb1a3f-1c15-4a95-931a-4af90ecb574d",25.752759,-80.137937,29936,NA,NA,NA,NA,NA,"2022-09-17T17:19:57",17,9,2022,2417919,2417919,"HUMAN_OBSERVATION","iNaturalist","Observations","146763100","","Kathryn Flowers",2023-01-17 19:21:14,"CC_BY_NC_4_0","alvaro1234557","alvaro1234557",NA,NA,2025-08-03 02:47:41.6,"StillImage","COORDINATE_ROUNDED;CONTINENT_DERIVED_FROM_COORDINATES;TAXON_ID_NOT_FOUND"
4009730210,"50c9509d-22c7-4a22-a47d-8c48425ef4a7","https://www.inaturalist.org/observations/145149211","Animalia","Chordata","Elasmobranchii","Carcharhiniformes","Carcharhinidae","Negaprion","Negaprion brevirostris",NA,"SPECIES","Negaprion brevirostris (Poey, 1868)","Negaprion brevirostris","","US","","Florida","PRESENT",NA,"28eb1a3f-1c15-4a95-931a-4af90ecb574d",27.06336,-80.199627,29775,NA,NA,NA,NA,NA,"2022-12-26T10:00",26,12,2022,2417919,2417919,"HUMAN_OBSERVATION","iNaturalist","Observations","145149211","","Jamie Holloway",2022-12-27 01:11:26,"CC_BY_NC_4_0","Jamie Holloway","Jamie Holloway",NA,NA,2025-08-03 03:32:33.44,"StillImage","COORDINATE_ROUNDED;CONTINENT_DERIVED_FROM_COORDINATES;TAXON_ID_NOT_FOUND"
4006769748,"50c9509d-22c7-4a22-a47d-8c48425ef4a7","https://www.inaturalist.org/observations/144367891","Animalia","Chordata","Elasmobranchii","Carcharhiniformes","Carcharhinidae","Negaprion","Negaprion brevirostris",NA,"SPECIES","Negaprion brevirostris (Poey, 1868)","Negaprion brevirostris","","US","","Louisiana","PRESENT",NA,"28eb1a3f-1c15-4a95-931a-4af90ecb574d",29.15606,-90.888119,29533,NA,NA,NA,NA,NA,"2016-11-15T11:54",15,11,2016,2417919,2417919,"HUMAN_OBSERVATION","iNaturalist","Observations","144367891","","Clinton Duffy",2022-12-14 18:31:06,"CC_BY_NC_4_0","Robert Dobbs","Robert Dobbs",NA,NA,2025-08-03 04:49:56.766,"StillImage","COORDINATE_ROUNDED;CONTINENT_DERIVED_FROM_COORDINATES;TAXON_ID_NOT_FOUND"
3994113026,"50c9509d-22c7-4a22-a47d-8c48425ef4a7","https://www.inaturalist.org/observations/144080240","Animalia","Chordata","Elasmobranchii","Carcharhiniformes","Carcharhinidae","Negaprion","Negaprion brevirostris",NA,"SPECIES","Negaprion brevirostris (Poey, 1868)","Negaprion brevirostris","","BS","","Biminis","PRESENT",NA,"28eb1a3f-1c15-4a95-931a-4af90ecb574d",25.755871,-79.270722,29936,NA,NA,NA,NA,NA,"2022-11-17T11:10",17,11,2022,2417919,2417919,"HUMAN_OBSERVATION","iNaturalist","Observations","144080240","","Clinton Duffy",2022-12-10 17:16:42,"CC_BY_NC_4_0","Brigitte Boucher","Brigitte Boucher",NA,NA,2025-08-03 01:13:46.095,"StillImage","COORDINATE_ROUNDED;CONTINENT_DERIVED_FROM_COORDINATES;TAXON_ID_NOT_FOUND"
3994088017,"50c9509d-22c7-4a22-a47d-8c48425ef4a7","https://www.inaturalist.org/observations/144079898","Animalia","Chordata","Elasmobranchii","Carcharhiniformes","Carcharhinidae","Negaprion","Negaprion brevirostris",NA,"SPECIES","Negaprion brevirostris (Poey, 1868)","Negaprion brevirostris","","BS","","Biminis","PRESENT",NA,"28eb1a3f-1c15-4a95-931a-4af90ecb574d",25.735179,-79.38072,29936,NA,NA,NA,NA,NA,"2022-11-13T11:52:32",13,11,2022,2417919,2417919,"HUMAN_OBSERVATION","iNaturalist","Observations","144079898","","Brigitte Boucher",2022-12-10 16:03:17,"CC_BY_NC_4_0","Brigitte Boucher","Brigitte Boucher",NA,NA,2025-08-03 02:24:07.455,"StillImage","COORDINATE_ROUNDED;TAXON_ID_NOT_FOUND"
3992566551,"c5af860a-0395-4e3f-8ef9-8681025b1dcb","b2295ca2-5d85-489c-ba00-35e8c442762b","Animalia","Chordata","Elasmobranchii","Carcharhiniformes","Carcharhinidae","Negaprion","Negaprion brevirostris",NA,"SPECIES","Negaprion brevirostris (Poey, 1868)","Negaprion brevirostris (Poey, 1868)","","GP","","","PRESENT",NA,"1928bdf0-f5d2-11dc-8c12-b8a03c50a862",16.35281,-61.58557,NA,NA,0,0,NA,NA,"2021-06-22",22,6,2021,2417919,2417919,"HUMAN_OBSERVATION","","","","","FLAMME Laura;FLAMME Laura;FLAMME Laura",NA,"CC_BY_4_0","","FLAMME Laura",NA,NA,2025-07-05 04:05:13.759,"","COUNTRY_MISMATCH;CONTINENT_DERIVED_FROM_COORDINATES;TAXON_ID_NOT_FOUND"
3992566543,"c5af860a-0395-4e3f-8ef9-8681025b1dcb","90f081c9-f0f6-4e73-8c9a-43ae156c6209","Animalia","Chordata","Elasmobranchii","Carcharhiniformes","Carcharhinidae","Negaprion","Negaprion brevirostris",NA,"SPECIES","Negaprion brevirostris (Poey, 1868)","Negaprion brevirostris (Poey, 1868)","","GP","","","PRESENT",NA,"1928bdf0-f5d2-11dc-8c12-b8a03c50a862",16.34524,-61.59209,NA,NA,0,0,NA,NA,"2020-07-16",16,7,2020,2417919,2417919,"HUMAN_OBSERVATION","","","","","FLAMME Laura;FLAMME Laura;FLAMME Laura",NA,"CC_BY_4_0","","FLAMME Laura",NA,NA,2025-07-05 04:05:13.695,"","COUNTRY_MISMATCH;CONTINENT_DERIVED_FROM_COORDINATES;TAXON_ID_NOT_FOUND"
3992566517,"c5af860a-0395-4e3f-8ef9-8681025b1dcb","4f841373-7d8d-4031-9961-a39166695114","Animalia","Chordata","Elasmobranchii","Carcharhiniformes","Carcharhinidae","Negaprion","Negaprion brevirostris",NA,"SPECIES","Negaprion brevirostris (Poey, 1868)","Negaprion brevirostris (Poey, 1868)","","GP","","","PRESENT",NA,"1928bdf0-f5d2-11dc-8c12-b8a03c50a862",16.17418,-61.10857,NA,NA,-1,0,NA,NA,"2021-04-25",25,4,2021,2417919,2417919,"HUMAN_OBSERVATION","","","","","DESSANGES Barthélémy;DESSANGES Barthélémy;DESSANGES Barthélémy",NA,"CC_BY_4_0","","DESSANGES Barthélémy",NA,NA,2025-07-05 04:05:13.69,"","COUNTRY_MISMATCH;CONTINENT_DERIVED_FROM_COORDINATES;TAXON_ID_NOT_FOUND"
3992566490,"c5af860a-0395-4e3f-8ef9-8681025b1dcb","5536cefe-caf6-46d5-8f8c-6073f9ca8ff3","Animalia","Chordata","Elasmobranchii","Carcharhiniformes","Carcharhinidae","Negaprion","Negaprion brevirostris",NA,"SPECIES","Negaprion brevirostris (Poey, 1868)","Negaprion brevirostris (Poey, 1868)","","GP","","","PRESENT",NA,"1928bdf0-f5d2-11dc-8c12-b8a03c50a862",16.35264,-61.58526,NA,NA,0,0,NA,NA,"2021-09-28",28,9,2021,2417919,2417919,"HUMAN_OBSERVATION","","","","","",NA,"CC_BY_4_0","","BALTIDE Didier",NA,NA,2025-07-05 04:05:13.858,"","COUNTRY_MISMATCH;CONTINENT_DERIVED_FROM_COORDINATES;TAXON_ID_NOT_FOUND"
3992566342,"c5af860a-0395-4e3f-8ef9-8681025b1dcb","f89d997d-c3ae-4514-b0d3-be936ccb19b5","Animalia","Chordata","Elasmobranchii","Carcharhiniformes","Carcharhinidae","Negaprion","Negaprion brevirostris",NA,"SPECIES","Negaprion brevirostris (Poey, 1868)","Negaprion brevirostris (Poey, 1868)","","GP","","","PRESENT",NA,"1928bdf0-f5d2-11dc-8c12-b8a03c50a862",15.94239,-61.33646,NA,NA,0,0,NA,NA,"2021-05-28",28,5,2021,2417919,2417919,"HUMAN_OBSERVATION","","","","","DESSANGES Barthélémy;DESSANGES Barthélémy;DESSANGES Barthélémy",NA,"CC_BY_4_0","","DESSANGES Barthélémy;MARQUES Joévin;BEDEL Sophie",NA,NA,2025-07-05 04:05:13.706,"","COUNTRY_MISMATCH;CONTINENT_DERIVED_FROM_COORDINATES;TAXON_ID_NOT_FOUND"
3992532850,"a244eea4-a8e0-4b54-9da5-3e9757ef5ab7","e91f7492-5423-4e2f-9da3-8b59b1485079","Animalia","Chordata","Elasmobranchii","Carcharhiniformes","Carcharhinidae","Negaprion","Negaprion brevirostris",NA,"SPECIES","Negaprion brevirostris (Poey, 1868)","Negaprion brevirostris (Poey, 1868)","","GP","","","PRESENT",NA,"1928bdf0-f5d2-11dc-8c12-b8a03c50a862",16.34759,-61.68536,NA,NA,NA,NA,NA,NA,"2014-05-16",16,5,2014,2417919,2417919,"HUMAN_OBSERVATION","","","","","",NA,"CC_BY_4_0","","GOMES Régis",NA,NA,2025-07-05 01:02:32.004,"","COUNTRY_MISMATCH;CONTINENT_DERIVED_FROM_COORDINATES;TAXON_ID_NOT_FOUND"
3992532552,"a244eea4-a8e0-4b54-9da5-3e9757ef5ab7","ad68604e-e964-446f-bd89-afeb765ef3be","Animalia","Chordata","Elasmobranchii","Carcharhiniformes","Carcharhinidae","Negaprion","Negaprion brevirostris",NA,"SPECIES","Negaprion brevirostris (Poey, 1868)","Negaprion brevirostris (Poey, 1868)","","GP","","","PRESENT",NA,"1928bdf0-f5d2-11dc-8c12-b8a03c50a862",16.34778,-61.57946,10,NA,NA,NA,NA,NA,"2014-03-20",20,3,2014,2417919,2417919,"HUMAN_OBSERVATION","","","","","",NA,"CC_BY_4_0","","HOUARD Thierry;GOMES Régis",NA,NA,2025-07-05 01:02:31.992,"","COUNTRY_MISMATCH;CONTINENT_DERIVED_FROM_COORDINATES;TAXON_ID_NOT_FOUND"
3992531694,"a244eea4-a8e0-4b54-9da5-3e9757ef5ab7","aa6cfa72-ce8e-4ce8-bf0d-fcbe5782585c","Animalia","Chordata","Elasmobranchii","Carcharhiniformes","Carcharhinidae","Negaprion","Negaprion brevirostris",NA,"SPECIES","Negaprion brevirostris (Poey, 1868)","Negaprion brevirostris (Poey, 1868)","","GP","","","PRESENT",NA,"1928bdf0-f5d2-11dc-8c12-b8a03c50a862",16.35263,-61.58385,NA,NA,NA,NA,NA,NA,"2014-08-01",1,8,2014,2417919,2417919,"HUMAN_OBSERVATION","","","","","",NA,"CC_BY_4_0","","GOMES Régis",NA,NA,2025-07-05 01:02:29.898,"","COUNTRY_MISMATCH;CONTINENT_DERIVED_FROM_COORDINATES;TAXON_ID_NOT_FOUND"
3992531581,"a244eea4-a8e0-4b54-9da5-3e9757ef5ab7","217cdf68-952b-43d5-9275-c96270405b9c","Animalia","Chordata","Elasmobranchii","Carcharhiniformes","Carcharhinidae","Negaprion","Negaprion brevirostris",NA,"SPECIES","Negaprion brevirostris (Poey, 1868)","Negaprion brevirostris (Poey, 1868)","","GP","","","PRESENT",NA,"1928bdf0-f5d2-11dc-8c12-b8a03c50a862",16.30969,-61.6374,10,NA,0,0,NA,NA,"2014-10-16",16,10,2014,2417919,2417919,"HUMAN_OBSERVATION","","","","","",NA,"CC_BY_4_0","","OETTLY Olivier;LE BOUT Alan;TILLMANN Michel;GOMES Régis",NA,NA,2025-07-05 01:02:30.863,"","COUNTRY_MISMATCH;CONTINENT_DERIVED_FROM_COORDINATES;TAXON_ID_NOT_FOUND"
3992531488,"a244eea4-a8e0-4b54-9da5-3e9757ef5ab7","7cec7a81-419e-4d76-880a-9f83857a621d","Animalia","Chordata","Elasmobranchii","Carcharhiniformes","Carcharhinidae","Negaprion","Negaprion brevirostris",NA,"SPECIES","Negaprion brevirostris (Poey, 1868)","Negaprion brevirostris (Poey, 1868)","","GP","","","PRESENT",NA,"1928bdf0-f5d2-11dc-8c12-b8a03c50a862",16.35302,-61.52911,100,NA,2,0,NA,NA,"2014-01-15",15,1,2014,2417919,2417919,"HUMAN_OBSERVATION","","","","","",NA,"CC_BY_4_0","","OETTLY Olivier",NA,NA,2025-07-05 01:02:29.852,"","COUNTRY_MISMATCH;CONTINENT_DERIVED_FROM_COORDINATES;TAXON_ID_NOT_FOUND"
3992531415,"a244eea4-a8e0-4b54-9da5-3e9757ef5ab7","55f8c0ea-5ea2-4f19-aa00-0453659dd52e","Animalia","Chordata","Elasmobranchii","Carcharhiniformes","Carcharhinidae","Negaprion","Negaprion brevirostris",NA,"SPECIES","Negaprion brevirostris (Poey, 1868)","Negaprion brevirostris (Poey, 1868)","","GP","","","PRESENT",NA,"1928bdf0-f5d2-11dc-8c12-b8a03c50a862",16.34429,-61.59595,NA,NA,NA,NA,NA,NA,"2014-08-01",1,8,2014,2417919,2417919,"HUMAN_OBSERVATION","","","","","",NA,"CC_BY_4_0","","GOMES Régis",NA,NA,2025-07-05 01:02:29.79,"","COUNTRY_MISMATCH;CONTINENT_DERIVED_FROM_COORDINATES;TAXON_ID_NOT_FOUND"
3992531316,"a244eea4-a8e0-4b54-9da5-3e9757ef5ab7","0afe291c-93e6-4ef2-a97a-a75c46436741","Animalia","Chordata","Elasmobranchii","Carcharhiniformes","Carcharhinidae","Negaprion","Negaprion brevirostris",NA,"SPECIES","Negaprion brevirostris (Poey, 1868)","Negaprion brevirostris (Poey, 1868)","","GP","","","PRESENT",NA,"1928bdf0-f5d2-11dc-8c12-b8a03c50a862",16.17276,-61.10962,NA,NA,NA,NA,NA,NA,"2019-11-17",17,11,2019,2417919,2417919,"HUMAN_OBSERVATION","","","","","",NA,"CC_BY_4_0","","MARQUES Joévin",NA,NA,2025-07-05 01:02:29.77,"","COUNTRY_MISMATCH;CONTINENT_DERIVED_FROM_COORDINATES;TAXON_ID_NOT_FOUND"
3992531152,"a244eea4-a8e0-4b54-9da5-3e9757ef5ab7","a65379a7-75a7-47c8-8162-c52a6da24d6e","Animalia","Chordata","Elasmobranchii","Carcharhiniformes","Carcharhinidae","Negaprion","Negaprion brevirostris",NA,"SPECIES","Negaprion brevirostris (Poey, 1868)","Negaprion brevirostris (Poey, 1868)","","GP","","","PRESENT",NA,"1928bdf0-f5d2-11dc-8c12-b8a03c50a862",16.35234,-61.58333,NA,NA,NA,NA,NA,NA,"2014-05-15",15,5,2014,2417919,2417919,"HUMAN_OBSERVATION","","","","","",NA,"CC_BY_4_0","","GOMES Régis",NA,NA,2025-07-05 01:02:31.386,"","COUNTRY_MISMATCH;CONTINENT_DERIVED_FROM_COORDINATES;TAXON_ID_NOT_FOUND"
3992530949,"a244eea4-a8e0-4b54-9da5-3e9757ef5ab7","4e52058b-a898-4ad0-8ec2-55b5f06922b8","Animalia","Chordata","Elasmobranchii","Carcharhiniformes","Carcharhinidae","Negaprion","Negaprion brevirostris",NA,"SPECIES","Negaprion brevirostris (Poey, 1868)","Negaprion brevirostris (Poey, 1868)","","GP","","","PRESENT",NA,"1928bdf0-f5d2-11dc-8c12-b8a03c50a862",16.46359,-61.52303,10,NA,NA,NA,NA,NA,"2019-12-07",7,12,2019,2417919,2417919,"HUMAN_OBSERVATION","","","","","",NA,"CC_BY_4_0","","RIVES Sébastien",NA,NA,2025-07-05 01:02:31.374,"","COUNTRY_MISMATCH;CONTINENT_DERIVED_FROM_COORDINATES;TAXON_ID_NOT_FOUND"
3992530665,"a244eea4-a8e0-4b54-9da5-3e9757ef5ab7","fc66924d-3010-41dc-96df-b9f8dc205436","Animalia","Chordata","Elasmobranchii","Carcharhiniformes","Carcharhinidae","Negaprion","Negaprion brevirostris",NA,"SPECIES","Negaprion brevirostris (Poey, 1868)","Negaprion brevirostris (Poey, 1868)","","GP","","","PRESENT",NA,"1928bdf0-f5d2-11dc-8c12-b8a03c50a862",16.35242,-61.57691,100,NA,NA,NA,NA,NA,"2016-09-22",22,9,2016,2417919,2417919,"HUMAN_OBSERVATION","","","","","",NA,"CC_BY_4_0","","GOMES Régis",NA,NA,2025-07-05 01:02:30.516,"","COUNTRY_MISMATCH;CONTINENT_DERIVED_FROM_COORDINATES;TAXON_ID_NOT_FOUND"
3992530653,"a244eea4-a8e0-4b54-9da5-3e9757ef5ab7","1bdd8975-f952-454f-9340-3f78794c176c","Animalia","Chordata","Elasmobranchii","Carcharhiniformes","Carcharhinidae","Negaprion","Negaprion brevirostris",NA,"SPECIES","Negaprion brevirostris (Poey, 1868)","Negaprion brevirostris (Poey, 1868)","","GP","","","PRESENT",NA,"1928bdf0-f5d2-11dc-8c12-b8a03c50a862",16.34333,-61.59675,NA,NA,NA,NA,NA,NA,"2014-08-01",1,8,2014,2417919,2417919,"HUMAN_OBSERVATION","","","","","",NA,"CC_BY_4_0","","GOMES Régis;RIVES Sébastien",NA,NA,2025-07-05 01:02:29.498,"","COUNTRY_MISMATCH;CONTINENT_DERIVED_FROM_COORDINATES;TAXON_ID_NOT_FOUND"
3992530152,"a244eea4-a8e0-4b54-9da5-3e9757ef5ab7","b1b22413-0926-4360-bc04-3d4262a9ee1e","Animalia","Chordata","Elasmobranchii","Carcharhiniformes","Carcharhinidae","Negaprion","Negaprion brevirostris",NA,"SPECIES","Negaprion brevirostris (Poey, 1868)","Negaprion brevirostris (Poey, 1868)","","GP","","","PRESENT",NA,"1928bdf0-f5d2-11dc-8c12-b8a03c50a862",16.35294,-61.58537,10,NA,0,0,NA,NA,"2014-02-17",17,2,2014,2417919,2417919,"HUMAN_OBSERVATION","","","","","",NA,"CC_BY_4_0","","OETTLY Olivier;GOMES Régis",NA,NA,2025-07-05 01:02:31.735,"","COUNTRY_MISMATCH;CONTINENT_DERIVED_FROM_COORDINATES;TAXON_ID_NOT_FOUND"
3992529813,"a244eea4-a8e0-4b54-9da5-3e9757ef5ab7","6525e979-e004-4a18-9fb5-1d239895c054","Animalia","Chordata","Elasmobranchii","Carcharhiniformes","Carcharhinidae","Negaprion","Negaprion brevirostris",NA,"SPECIES","Negaprion brevirostris (Poey, 1868)","Negaprion brevirostris (Poey, 1868)","","GP","","","PRESENT",NA,"1928bdf0-f5d2-11dc-8c12-b8a03c50a862",16.35201,-61.58223,NA,NA,NA,NA,NA,NA,"2014-08-01",1,8,2014,2417919,2417919,"HUMAN_OBSERVATION","","","","","",NA,"CC_BY_4_0","","GOMES Régis",NA,NA,2025-07-05 01:02:28.967,"","COUNTRY_MISMATCH;CONTINENT_DERIVED_FROM_COORDINATES;TAXON_ID_NOT_FOUND"
3992529762,"a244eea4-a8e0-4b54-9da5-3e9757ef5ab7","e312761b-246f-4daf-9943-04a3ce714c6c","Animalia","Chordata","Elasmobranchii","Carcharhiniformes","Carcharhinidae","Negaprion","Negaprion brevirostris",NA,"SPECIES","Negaprion brevirostris (Poey, 1868)","Negaprion brevirostris (Poey, 1868)","","GP","","","PRESENT",NA,"1928bdf0-f5d2-11dc-8c12-b8a03c50a862",16.35409,-61.57412,100,NA,NA,NA,NA,NA,"2015-01-14",14,1,2015,2417919,2417919,"HUMAN_OBSERVATION","","","","","",NA,"CC_BY_4_0","","OETTLY Olivier;GOMES Régis",NA,NA,2025-07-05 01:02:30.345,"","COUNTRY_MISMATCH;CONTINENT_DERIVED_FROM_COORDINATES;TAXON_ID_NOT_FOUND"
3992529739,"a244eea4-a8e0-4b54-9da5-3e9757ef5ab7","7906502a-86bb-4094-b407-350586d231ad","Animalia","Chordata","Elasmobranchii","Carcharhiniformes","Carcharhinidae","Negaprion","Negaprion brevirostris",NA,"SPECIES","Negaprion brevirostris (Poey, 1868)","Negaprion brevirostris (Poey, 1868)","","GP","","","PRESENT",NA,"1928bdf0-f5d2-11dc-8c12-b8a03c50a862",16.34157,-61.59441,NA,NA,NA,NA,NA,NA,"2014-03-20",20,3,2014,2417919,2417919,"HUMAN_OBSERVATION","","","","","",NA,"CC_BY_4_0","","GOMES Régis;HOUARD Thierry",NA,NA,2025-07-05 01:02:30.344,"","COUNTRY_MISMATCH;CONTINENT_DERIVED_FROM_COORDINATES;TAXON_ID_NOT_FOUND"
3992529453,"a244eea4-a8e0-4b54-9da5-3e9757ef5ab7","97471528-ea50-4f95-8612-876974c13732","Animalia","Chordata","Elasmobranchii","Carcharhiniformes","Carcharhinidae","Negaprion","Negaprion brevirostris",NA,"SPECIES","Negaprion brevirostris (Poey, 1868)","Negaprion brevirostris (Poey, 1868)","","GP","","","PRESENT",NA,"1928bdf0-f5d2-11dc-8c12-b8a03c50a862",16.17403,-61.10558,10,NA,NA,NA,NA,NA,"2014-04-01",1,4,2014,2417919,2417919,"HUMAN_OBSERVATION","","","","","",NA,"CC_BY_4_0","","FERCHAL Alain;MAGNIN Hervé",NA,NA,2025-07-05 01:02:31.097,"","COUNTRY_MISMATCH;CONTINENT_DERIVED_FROM_COORDINATES;TAXON_ID_NOT_FOUND"
3992529418,"a244eea4-a8e0-4b54-9da5-3e9757ef5ab7","84289462-a8d4-465d-95df-52cfa0a1d165","Animalia","Chordata","Elasmobranchii","Carcharhiniformes","Carcharhinidae","Negaprion","Negaprion brevirostris",NA,"SPECIES","Negaprion brevirostris (Poey, 1868)","Negaprion brevirostris (Poey, 1868)","","GP","","","PRESENT",NA,"1928bdf0-f5d2-11dc-8c12-b8a03c50a862",16.35304,-61.58547,NA,NA,NA,NA,NA,NA,"2014-08-01",1,8,2014,2417919,2417919,"HUMAN_OBSERVATION","","","","","",NA,"CC_BY_4_0","","GOMES Régis",NA,NA,2025-07-05 01:02:30.228,"","COUNTRY_MISMATCH;CONTINENT_DERIVED_FROM_COORDINATES;TAXON_ID_NOT_FOUND"
3988710686,"50c9509d-22c7-4a22-a47d-8c48425ef4a7","https://www.inaturalist.org/observations/142961831","Animalia","Chordata","Elasmobranchii","Carcharhiniformes","Carcharhinidae","Negaprion","Negaprion brevirostris",NA,"SPECIES","Negaprion brevirostris (Poey, 1868)","Negaprion brevirostris","","US","","Florida","PRESENT",NA,"28eb1a3f-1c15-4a95-931a-4af90ecb574d",25.917785,-81.717897,29913,NA,NA,NA,NA,NA,"2022-04-11T17:34:13",11,4,2022,2417919,2417919,"HUMAN_OBSERVATION","iNaturalist","Observations","142961831","","karli_k25",2022-11-30 15:58:53,"CC_BY_NC_4_0","karli_k25","karli_k25",NA,NA,2025-08-03 01:13:28.146,"StillImage","COORDINATE_ROUNDED;CONTINENT_DERIVED_FROM_COORDINATES;TAXON_ID_NOT_FOUND"
3986230388,"50c9509d-22c7-4a22-a47d-8c48425ef4a7","https://www.inaturalist.org/observations/143203567","Animalia","Chordata","Elasmobranchii","Carcharhiniformes","Carcharhinidae","Negaprion","Negaprion brevirostris",NA,"SPECIES","Negaprion brevirostris (Poey, 1868)","Negaprion brevirostris","","US","","Florida","PRESENT",NA,"28eb1a3f-1c15-4a95-931a-4af90ecb574d",26.19532,-80.155718,29891,NA,NA,NA,NA,NA,"2022-11-28T14:51:17",28,11,2022,2417919,2417919,"HUMAN_OBSERVATION","iNaturalist","Observations","143203567","","thundershark25",2022-11-28 20:06:36,"CC_BY_NC_4_0","thundershark25","thundershark25",NA,NA,2025-08-03 01:13:30.378,"StillImage","COORDINATE_ROUNDED;CONTINENT_DERIVED_FROM_COORDINATES;TAXON_ID_NOT_FOUND"
3985838661,"50c9509d-22c7-4a22-a47d-8c48425ef4a7","https://www.inaturalist.org/observations/142560172","Animalia","Chordata","Elasmobranchii","Carcharhiniformes","Carcharhinidae","Negaprion","Negaprion brevirostris",NA,"SPECIES","Negaprion brevirostris (Poey, 1868)","Negaprion brevirostris","","US","","Georgia","PRESENT",NA,"28eb1a3f-1c15-4a95-931a-4af90ecb574d",31.842036,-80.93474,29173,NA,NA,NA,NA,NA,"2022-11-21T12:58:33",21,11,2022,2417919,2417919,"HUMAN_OBSERVATION","iNaturalist","Observations","142560172","","jrfleullan",2022-11-21 22:21:31,"CC_BY_NC_4_0","jrfleullan","jrfleullan",NA,NA,2025-08-03 03:32:04.4,"StillImage","COORDINATE_ROUNDED;TAXON_ID_NOT_FOUND"
3985804508,"50c9509d-22c7-4a22-a47d-8c48425ef4a7","https://www.inaturalist.org/observations/142465267","Animalia","Chordata","Elasmobranchii","Carcharhiniformes","Carcharhinidae","Negaprion","Negaprion brevirostris",NA,"SPECIES","Negaprion brevirostris (Poey, 1868)","Negaprion brevirostris","","US","","Georgia","PRESENT",NA,"28eb1a3f-1c15-4a95-931a-4af90ecb574d",31.850412,-80.897538,29173,NA,NA,NA,NA,NA,"2022-11-20T11:24:56",20,11,2022,2417919,2417919,"HUMAN_OBSERVATION","iNaturalist","Observations","142465267","","Clinton Duffy",2022-11-20 18:13:54,"CC_BY_NC_4_0","jrfleullan","jrfleullan",NA,NA,2025-08-03 02:23:52.646,"StillImage","COORDINATE_ROUNDED;TAXON_ID_NOT_FOUND"
3985632125,"50c9509d-22c7-4a22-a47d-8c48425ef4a7","https://www.inaturalist.org/observations/142150682","Animalia","Chordata","Elasmobranchii","Carcharhiniformes","Carcharhinidae","Negaprion","Negaprion brevirostris",NA,"SPECIES","Negaprion brevirostris (Poey, 1868)","Negaprion brevirostris","","US","","Florida","PRESENT",NA,"28eb1a3f-1c15-4a95-931a-4af90ecb574d",26.058864,-80.180161,29891,NA,NA,NA,NA,NA,"2022-11-16T10:31:41",16,11,2022,2417919,2417919,"HUMAN_OBSERVATION","iNaturalist","Observations","142150682","","Clinton Duffy",2022-11-16 16:55:33,"CC_BY_NC_4_0","thundershark25","thundershark25",NA,NA,2025-08-03 01:13:17.12,"StillImage","COORDINATE_ROUNDED;CONTINENT_DERIVED_FROM_COORDINATES;TAXON_ID_NOT_FOUND"
3966439943,"50c9509d-22c7-4a22-a47d-8c48425ef4a7","https://www.inaturalist.org/observations/141716654","Animalia","Chordata","Elasmobranchii","Carcharhiniformes","Carcharhinidae","Negaprion","Negaprion brevirostris",NA,"SPECIES","Negaprion brevirostris (Poey, 1868)","Negaprion brevirostris","","US","","Florida","PRESENT",NA,"28eb1a3f-1c15-4a95-931a-4af90ecb574d",25.682845,-80.039141,29936,NA,NA,NA,NA,NA,"2022-11-10T09:38:44",10,11,2022,2417919,2417919,"HUMAN_OBSERVATION","iNaturalist","Observations","141716654","","Andres Vila",2022-11-11 19:24:01,"CC_BY_NC_4_0","Andres Vila","Andres Vila",NA,NA,2025-08-03 03:31:51.634,"StillImage","COORDINATE_ROUNDED;TAXON_ID_NOT_FOUND"
3947814022,"50c9509d-22c7-4a22-a47d-8c48425ef4a7","https://www.inaturalist.org/observations/139285152","Animalia","Chordata","Elasmobranchii","Carcharhiniformes","Carcharhinidae","Negaprion","Negaprion brevirostris",NA,"SPECIES","Negaprion brevirostris (Poey, 1868)","Negaprion brevirostris","","BS","","Biminis","PRESENT",NA,"28eb1a3f-1c15-4a95-931a-4af90ecb574d",25.781518,-79.332505,29936,NA,NA,NA,NA,NA,"2022-10-18T01:20:08",18,10,2022,2417919,2417919,"HUMAN_OBSERVATION","iNaturalist","Observations","139285152","","Abby Hastings",2022-10-19 00:24:09,"CC_BY_NC_4_0","Abby Hastings","Abby Hastings",NA,NA,2025-08-03 04:48:50.44,"StillImage","COORDINATE_ROUNDED;TAXON_ID_NOT_FOUND"
3947402348,"50c9509d-22c7-4a22-a47d-8c48425ef4a7","https://www.inaturalist.org/observations/139596642","Animalia","Chordata","Elasmobranchii","Carcharhiniformes","Carcharhinidae","Negaprion","Negaprion brevirostris",NA,"SPECIES","Negaprion brevirostris (Poey, 1868)","Negaprion brevirostris","","BS","","Biminis","PRESENT",NA,"28eb1a3f-1c15-4a95-931a-4af90ecb574d",25.653272,-79.277881,29936,NA,NA,NA,NA,NA,"2022-10-22T01:01:17",22,10,2022,2417919,2417919,"HUMAN_OBSERVATION","iNaturalist","Observations","139596642","","Abby Hastings",2022-10-22 05:08:44,"CC_BY_NC_4_0","Abby Hastings","Abby Hastings",NA,NA,2025-08-03 01:12:38.636,"StillImage","COORDINATE_ROUNDED;CONTINENT_DERIVED_FROM_COORDINATES;TAXON_ID_NOT_FOUND"
3915438070,"50c9509d-22c7-4a22-a47d-8c48425ef4a7","https://www.inaturalist.org/observations/135897111","Animalia","Chordata","Elasmobranchii","Carcharhiniformes","Carcharhinidae","Negaprion","Negaprion brevirostris",NA,"SPECIES","Negaprion brevirostris (Poey, 1868)","Negaprion brevirostris","","US","","North Carolina","PRESENT",NA,"28eb1a3f-1c15-4a95-931a-4af90ecb574d",33.91094,-77.933604,28902,NA,NA,NA,NA,NA,"2022-08-29T14:52:40",29,8,2022,2417919,2417919,"HUMAN_OBSERVATION","iNaturalist","Observations","135897111","","j-a-anderson",2022-09-21 11:38:53,"CC_BY_NC_4_0","j-a-anderson","j-a-anderson",NA,NA,2025-08-03 02:22:39.737,"StillImage","COORDINATE_ROUNDED;CONTINENT_DERIVED_FROM_COORDINATES;TAXON_ID_NOT_FOUND"
3903394521,"50c9509d-22c7-4a22-a47d-8c48425ef4a7","https://www.inaturalist.org/observations/133566006","Animalia","Chordata","Elasmobranchii","Carcharhiniformes","Carcharhinidae","Negaprion","Negaprion brevirostris",NA,"SPECIES","Negaprion brevirostris (Poey, 1868)","Negaprion brevirostris","","US","","","PRESENT",NA,"28eb1a3f-1c15-4a95-931a-4af90ecb574d",26.667793,-79.763352,29822,NA,NA,NA,NA,NA,"2022-09-03T16:37:44",3,9,2022,2417919,2417919,"HUMAN_OBSERVATION","iNaturalist","Observations","133566006","","Clinton Duffy",2022-09-04 07:48:16,"CC_BY_NC_4_0","naturalist_tam","naturalist_tam",NA,NA,2025-08-03 03:29:42.563,"StillImage","COORDINATE_ROUNDED;COUNTRY_DERIVED_FROM_COORDINATES;TAXON_ID_NOT_FOUND"
3892513882,"50c9509d-22c7-4a22-a47d-8c48425ef4a7","https://www.inaturalist.org/observations/130660291","Animalia","Chordata","Elasmobranchii","Carcharhiniformes","Carcharhinidae","Negaprion","Negaprion brevirostris",NA,"SPECIES","Negaprion brevirostris (Poey, 1868)","Negaprion brevirostris","","BS","","Biminis","PRESENT",NA,"28eb1a3f-1c15-4a95-931a-4af90ecb574d",25.743729,-79.306709,29936,NA,NA,NA,NA,NA,"2019-08-11T18:46:22",11,8,2019,2417919,2417919,"HUMAN_OBSERVATION","iNaturalist","Observations","130660291","","Samuel Taylor",2022-08-13 18:06:16,"CC_BY_NC_4_0","Samuel Taylor","Samuel Taylor",NA,NA,2025-08-03 03:28:49.744,"StillImage","COORDINATE_ROUNDED;CONTINENT_DERIVED_FROM_COORDINATES;TAXON_ID_NOT_FOUND"
3892465182,"50c9509d-22c7-4a22-a47d-8c48425ef4a7","https://www.inaturalist.org/observations/131030933","Animalia","Chordata","Elasmobranchii","Carcharhiniformes","Carcharhinidae","Negaprion","Negaprion brevirostris",NA,"SPECIES","Negaprion brevirostris (Poey, 1868)","Negaprion brevirostris","","US","","Florida","PRESENT",NA,"28eb1a3f-1c15-4a95-931a-4af90ecb574d",30.6014,-81.414673,29330,NA,NA,NA,NA,NA,"2022-07-23T15:59:02",23,7,2022,2417919,2417919,"HUMAN_OBSERVATION","iNaturalist","Observations","131030933","","Clinton Duffy",2022-08-16 06:55:41,"CC_BY_NC_4_0","Brayden Paulk","Brayden Paulk",NA,NA,2025-08-03 02:21:40.985,"StillImage","COORDINATE_ROUNDED;CONTINENT_DERIVED_FROM_COORDINATES;TAXON_ID_NOT_FOUND"
3888896233,"50c9509d-22c7-4a22-a47d-8c48425ef4a7","https://www.inaturalist.org/observations/129673059","Animalia","Chordata","Elasmobranchii","Carcharhiniformes","Carcharhinidae","Negaprion","Negaprion brevirostris",NA,"SPECIES","Negaprion brevirostris (Poey, 1868)","Negaprion brevirostris","","BS","","Biminis","PRESENT",NA,"28eb1a3f-1c15-4a95-931a-4af90ecb574d",25.703776,-79.207317,29936,NA,NA,NA,NA,NA,"2022-08-04T11:08:20",4,8,2022,2417919,2417919,"HUMAN_OBSERVATION","iNaturalist","Observations","129673059","","elena_stump",2022-08-06 13:59:42,"CC_BY_NC_4_0","elena_stump","elena_stump",NA,NA,2025-08-03 01:09:56.394,"StillImage","COORDINATE_ROUNDED;CONTINENT_DERIVED_FROM_COORDINATES;TAXON_ID_NOT_FOUND"
3874081751,"50c9509d-22c7-4a22-a47d-8c48425ef4a7","https://www.inaturalist.org/observations/126304325","Animalia","Chordata","Elasmobranchii","Carcharhiniformes","Carcharhinidae","Negaprion","Negaprion brevirostris",NA,"SPECIES","Negaprion brevirostris (Poey, 1868)","Negaprion brevirostris","","US","","Florida","PRESENT",NA,"28eb1a3f-1c15-4a95-931a-4af90ecb574d",25.700877,-80.380756,29936,NA,NA,NA,NA,NA,"2022-07-14T18:03",14,7,2022,2417919,2417919,"HUMAN_OBSERVATION","iNaturalist","Observations","126304325","","Clinton Duffy",2022-07-15 11:25:20,"CC_BY_NC_4_0","Joe MDO","Joe MDO",NA,NA,2025-08-03 01:08:53.196,"StillImage","COORDINATE_ROUNDED;CONTINENT_DERIVED_FROM_COORDINATES;TAXON_ID_NOT_FOUND"
3873506002,"50c9509d-22c7-4a22-a47d-8c48425ef4a7","https://www.inaturalist.org/observations/125109391","Animalia","Chordata","Elasmobranchii","Carcharhiniformes","Carcharhinidae","Negaprion","Negaprion brevirostris",NA,"SPECIES","Negaprion brevirostris (Poey, 1868)","Negaprion brevirostris","","US","","Georgia","PRESENT",NA,"28eb1a3f-1c15-4a95-931a-4af90ecb574d",31.158872,-81.484426,29278,NA,NA,NA,NA,NA,"2022-07-06T20:59:34",6,7,2022,2417919,2417919,"HUMAN_OBSERVATION","iNaturalist","Observations","125109391","","Clinton Duffy",2022-07-07 02:25:21,"CC_BY_NC_4_0","jackjohngriffin","jackjohngriffin",NA,NA,2025-08-03 02:20:21.157,"StillImage","COORDINATE_ROUNDED;CONTINENT_DERIVED_FROM_COORDINATES;TAXON_ID_NOT_FOUND"
3860339922,"50c9509d-22c7-4a22-a47d-8c48425ef4a7","https://www.inaturalist.org/observations/123241301","Animalia","Chordata","Elasmobranchii","Carcharhiniformes","Carcharhinidae","Negaprion","Negaprion brevirostris",NA,"SPECIES","Negaprion brevirostris (Poey, 1868)","Negaprion brevirostris","","US","","Florida","PRESENT",NA,"28eb1a3f-1c15-4a95-931a-4af90ecb574d",29.662379,-85.366985,29458,NA,NA,NA,NA,NA,"2022-06-24T00:30",24,6,2022,2417919,2417919,"HUMAN_OBSERVATION","iNaturalist","Observations","123241301","","James Weaver",2022-06-24 16:32:04,"CC_BY_NC_4_0","James Weaver","James Weaver",NA,NA,2025-08-03 03:26:51.594,"StillImage","COORDINATE_ROUNDED;CONTINENT_DERIVED_FROM_COORDINATES;TAXON_ID_NOT_FOUND"
3859413798,"50c9509d-22c7-4a22-a47d-8c48425ef4a7","https://www.inaturalist.org/observations/119511556","Animalia","Chordata","Elasmobranchii","Carcharhiniformes","Carcharhinidae","Negaprion","Negaprion brevirostris",NA,"SPECIES","Negaprion brevirostris (Poey, 1868)","Negaprion brevirostris","","US","","Georgia","PRESENT",NA,"28eb1a3f-1c15-4a95-931a-4af90ecb574d",31.335866,-81.366526,29252,NA,NA,NA,NA,NA,"2022-05-22T11:07",22,5,2022,2417919,2417919,"HUMAN_OBSERVATION","iNaturalist","Observations","119511556","","kliewer",2022-05-30 23:47:14,"CC_BY_NC_4_0","kliewer","kliewer",NA,NA,2025-08-03 03:25:49.667,"StillImage","COORDINATE_ROUNDED;CONTINENT_DERIVED_FROM_COORDINATES;TAXON_ID_NOT_FOUND"
3858761123,"50c9509d-22c7-4a22-a47d-8c48425ef4a7","https://www.inaturalist.org/observations/123376420","Animalia","Chordata","Elasmobranchii","Carcharhiniformes","Carcharhinidae","Negaprion","Negaprion brevirostris",NA,"SPECIES","Negaprion brevirostris (Poey, 1868)","Negaprion brevirostris","","US","","Florida","PRESENT",NA,"28eb1a3f-1c15-4a95-931a-4af90ecb574d",25.70456,-80.301239,29936,NA,NA,NA,NA,NA,"2022-06-25T10:40:56",25,6,2022,2417919,2417919,"HUMAN_OBSERVATION","iNaturalist","Observations","123376420","","Clinton Duffy",2022-06-25 23:30:09,"CC_BY_NC_4_0","John Burnett","John Burnett",NA,NA,2025-08-03 01:07:46.471,"StillImage","COORDINATE_ROUNDED;CONTINENT_DERIVED_FROM_COORDINATES;TAXON_ID_NOT_FOUND"
3854212426,"d177566c-b032-4ad6-957d-4d8bd53f915b","4cfbbc9d-e121-4f9a-8215-18ea65b031b8","Animalia","Chordata","Elasmobranchii","Carcharhiniformes","Carcharhinidae","Negaprion","Negaprion brevirostris",NA,"SPECIES","Negaprion brevirostris (Poey, 1868)","Negaprion brevirostris (Poey, 1868)","","MF","","","PRESENT",NA,"1928bdf0-f5d2-11dc-8c12-b8a03c50a862",18.1339,-63.04727,5000,NA,-1,0,NA,NA,"2020-10-31",31,10,2020,2417919,2417919,"HUMAN_OBSERVATION","","","","","",NA,"CC_BY_4_0","","de Lavigne Samantha",NA,NA,2025-07-05 06:23:35.55,"","COUNTRY_MISMATCH;CONTINENT_DERIVED_FROM_COORDINATES;TAXON_ID_NOT_FOUND"
3848564648,"a244eea4-a8e0-4b54-9da5-3e9757ef5ab7","b1626597-058d-42e2-ab74-43317c2adae1","Animalia","Chordata","Elasmobranchii","Carcharhiniformes","Carcharhinidae","Negaprion","Negaprion brevirostris",NA,"SPECIES","Negaprion brevirostris (Poey, 1868)","Negaprion brevirostris (Poey, 1868)","","GP","","","PRESENT",NA,"1928bdf0-f5d2-11dc-8c12-b8a03c50a862",16.35249,-61.58515,10,NA,NA,NA,NA,NA,"2015-01-16",16,1,2015,2417919,2417919,"HUMAN_OBSERVATION","","","","","",NA,"CC_BY_4_0","","GOMES Régis;FERCHAL Alain",NA,NA,2025-07-05 01:02:30.342,"","COUNTRY_MISMATCH;CONTINENT_DERIVED_FROM_COORDINATES;TAXON_ID_NOT_FOUND"
3848561152,"a244eea4-a8e0-4b54-9da5-3e9757ef5ab7","f11837a0-2a0c-47bb-b625-71777e92ad6d","Animalia","Chordata","Elasmobranchii","Carcharhiniformes","Carcharhinidae","Negaprion","Negaprion brevirostris",NA,"SPECIES","Negaprion brevirostris (Poey, 1868)","Negaprion brevirostris (Poey, 1868)","","GP","","","PRESENT",NA,"1928bdf0-f5d2-11dc-8c12-b8a03c50a862",16.3525,-61.5851,10,NA,NA,NA,NA,NA,"2020-06-12",12,6,2020,2417919,2417919,"HUMAN_OBSERVATION","","","","","",NA,"CC_BY_4_0","","FLAMME Laura;LÉGER Noémie",NA,NA,2025-07-05 01:02:31.564,"","COUNTRY_MISMATCH;CONTINENT_DERIVED_FROM_COORDINATES;TAXON_ID_NOT_FOUND"
3848557978,"a244eea4-a8e0-4b54-9da5-3e9757ef5ab7","09ed67b7-a731-48f9-bcb6-96aff839e27f","Animalia","Chordata","Elasmobranchii","Carcharhiniformes","Carcharhinidae","Negaprion","Negaprion brevirostris",NA,"SPECIES","Negaprion brevirostris (Poey, 1868)","Negaprion brevirostris (Poey, 1868)","","GP","","","PRESENT",NA,"1928bdf0-f5d2-11dc-8c12-b8a03c50a862",16.34566,-61.59213,100,NA,NA,NA,NA,NA,"2014-03-20",20,3,2014,2417919,2417919,"HUMAN_OBSERVATION","","","","","",NA,"CC_BY_4_0","","HOUARD Thierry;GOMES Régis",NA,NA,2025-07-05 01:02:29.606,"","COUNTRY_MISMATCH;CONTINENT_DERIVED_FROM_COORDINATES;TAXON_ID_NOT_FOUND"
3772701580,"50c9509d-22c7-4a22-a47d-8c48425ef4a7","https://www.inaturalist.org/observations/115982375","Animalia","Chordata","Elasmobranchii","Carcharhiniformes","Carcharhinidae","Negaprion","Negaprion brevirostris",NA,"SPECIES","Negaprion brevirostris (Poey, 1868)","Negaprion brevirostris","","US","","Florida","PRESENT",NA,"28eb1a3f-1c15-4a95-931a-4af90ecb574d",27.689827,-80.451488,29704,NA,NA,NA,NA,NA,"2018-12-22T15:05",22,12,2018,2417919,2417919,"HUMAN_OBSERVATION","iNaturalist","Observations","115982375","","Clinton Duffy",2022-05-07 23:03:44,"CC_BY_NC_4_0","sweet dea","sweet dea",NA,NA,2025-08-03 01:06:08.6,"StillImage","COORDINATE_ROUNDED;CONTINENT_DERIVED_FROM_COORDINATES;TAXON_ID_NOT_FOUND"
3772625883,"50c9509d-22c7-4a22-a47d-8c48425ef4a7","https://www.inaturalist.org/observations/113604352","Animalia","Chordata","Elasmobranchii","Carcharhiniformes","Carcharhinidae","Negaprion","Negaprion brevirostris",NA,"SPECIES","Negaprion brevirostris (Poey, 1868)","Negaprion brevirostris","","US","","","PRESENT",NA,"28eb1a3f-1c15-4a95-931a-4af90ecb574d",25.550354,-80.159723,29958,NA,NA,NA,NA,NA,"2022-04-18T07:54:23",18,4,2022,2417919,2417919,"HUMAN_OBSERVATION","iNaturalist","Observations","113604352","","Clinton Duffy",2022-04-30 00:29:08,"CC_BY_NC_4_0","liv305","liv305",NA,NA,2025-08-03 03:24:26.999,"StillImage","COORDINATE_ROUNDED;COUNTRY_DERIVED_FROM_COORDINATES;CONTINENT_DERIVED_FROM_COORDINATES;TAXON_ID_NOT_FOUND"
3764486075,"50c9509d-22c7-4a22-a47d-8c48425ef4a7","https://www.inaturalist.org/observations/113018611","Animalia","Chordata","Elasmobranchii","Carcharhiniformes","Carcharhinidae","Negaprion","Negaprion brevirostris",NA,"SPECIES","Negaprion brevirostris (Poey, 1868)","Negaprion brevirostris","","BS","","","PRESENT",NA,"28eb1a3f-1c15-4a95-931a-4af90ecb574d",27.077926,-79.037521,29775,NA,NA,NA,NA,NA,"2022-03-27T14:53",27,3,2022,2417919,2417919,"HUMAN_OBSERVATION","iNaturalist","Observations","113018611","","bja2800dk",2022-04-26 21:28:21,"CC_BY_NC_4_0","bja2800dk","bja2800dk",NA,NA,2025-08-03 03:24:21.638,"StillImage","COORDINATE_ROUNDED;COUNTRY_DERIVED_FROM_COORDINATES;TAXON_ID_NOT_FOUND"
3764102287,"50c9509d-22c7-4a22-a47d-8c48425ef4a7","https://www.inaturalist.org/observations/113259040","Animalia","Chordata","Elasmobranchii","Carcharhiniformes","Carcharhinidae","Negaprion","Negaprion brevirostris",NA,"SPECIES","Negaprion brevirostris (Poey, 1868)","Negaprion brevirostris","","US","","Florida","PRESENT",NA,"28eb1a3f-1c15-4a95-931a-4af90ecb574d",27.672947,-82.653298,29704,NA,NA,NA,NA,NA,"2022-04-28T15:57:29",28,4,2022,2417919,2417919,"HUMAN_OBSERVATION","iNaturalist","Observations","113259040","","Clinton Duffy",2022-04-29 09:28:48,"CC_BY_NC_4_0","leemarlowe","leemarlowe",NA,NA,2025-08-03 03:24:23.043,"StillImage","COORDINATE_ROUNDED;CONTINENT_DERIVED_FROM_COORDINATES;TAXON_ID_NOT_FOUND"
3759637828,"50c9509d-22c7-4a22-a47d-8c48425ef4a7","https://www.inaturalist.org/observations/110335579","Animalia","Chordata","Elasmobranchii","Carcharhiniformes","Carcharhinidae","Negaprion","Negaprion brevirostris",NA,"SPECIES","Negaprion brevirostris (Poey, 1868)","Negaprion brevirostris","","BS","","","PRESENT",NA,"28eb1a3f-1c15-4a95-931a-4af90ecb574d",27.199456,-79.060029,29775,NA,NA,NA,NA,NA,"2022-03-23T15:51",23,3,2022,2417919,2417919,"HUMAN_OBSERVATION","iNaturalist","Observations","110335579","","bja2800dk",2022-04-03 22:08:34,"CC_BY_NC_4_0","bja2800dk","bja2800dk",NA,NA,2025-08-03 02:17:05.015,"StillImage","COORDINATE_ROUNDED;COUNTRY_DERIVED_FROM_COORDINATES;TAXON_ID_NOT_FOUND"
3759238804,"50c9509d-22c7-4a22-a47d-8c48425ef4a7","https://www.inaturalist.org/observations/110320483","Animalia","Chordata","Elasmobranchii","Carcharhiniformes","Carcharhinidae","Negaprion","Negaprion brevirostris",NA,"SPECIES","Negaprion brevirostris (Poey, 1868)","Negaprion brevirostris","","BS","","","PRESENT",NA,"28eb1a3f-1c15-4a95-931a-4af90ecb574d",27.017456,-79.14508,29775,NA,NA,NA,NA,NA,"2022-03-21T16:42",21,3,2022,2417919,2417919,"HUMAN_OBSERVATION","iNaturalist","Observations","110320483","","bja2800dk",2022-04-03 19:50:10,"CC_BY_NC_4_0","bja2800dk","bja2800dk",NA,NA,2025-08-03 03:23:38.211,"StillImage","COORDINATE_ROUNDED;COUNTRY_DERIVED_FROM_COORDINATES;TAXON_ID_NOT_FOUND"
3747036741,"50c9509d-22c7-4a22-a47d-8c48425ef4a7","https://www.inaturalist.org/observations/108967471","Animalia","Chordata","Elasmobranchii","Carcharhiniformes","Carcharhinidae","Negaprion","Negaprion brevirostris",NA,"SPECIES","Negaprion brevirostris (Poey, 1868)","Negaprion brevirostris","","US","","Florida","PRESENT",NA,"28eb1a3f-1c15-4a95-931a-4af90ecb574d",29.146108,-80.871985,29533,NA,NA,NA,NA,NA,"2022-03-19T13:28:12",19,3,2022,2417919,2417919,"HUMAN_OBSERVATION","iNaturalist","Observations","108967471","","Clinton Duffy",2022-03-19 18:46:03,"CC_BY_NC_4_0","rando_boyo","rando_boyo",NA,NA,2025-08-03 02:16:47.932,"StillImage","COORDINATE_ROUNDED;TAXON_ID_NOT_FOUND"
3491347192,"7247dc2e-b862-4555-b533-7701d183271b","A576A63E-33BC-44B3-E053-2614A8C0A0B3","Animalia","Chordata","Elasmobranchii","Carcharhiniformes","Carcharhinidae","Negaprion","Negaprion brevirostris",NA,"SPECIES","Negaprion brevirostris (Poey, 1868)","Negaprion brevirostris (Poey, 1868)","","GP","","","PRESENT",NA,"1928bdf0-f5d2-11dc-8c12-b8a03c50a862",16.17369,-61.1102,10,NA,NA,NA,NA,NA,"2019-12-24",24,12,2019,2417919,2417919,"HUMAN_OBSERVATION","","","","","Océane BEAUFORT ()",2021-06-16,"CC_BY_4_0","","Yoann Croisille ()",NA,NA,2025-07-05 03:21:05.738,"","GEODETIC_DATUM_ASSUMED_WGS84;FOOTPRINT_WKT_MISMATCH;COUNTRY_MISMATCH;CONTINENT_DERIVED_FROM_COORDINATES;TAXON_ID_NOT_FOUND"
3415392325,"50c9509d-22c7-4a22-a47d-8c48425ef4a7","https://www.inaturalist.org/observations/13096667","Animalia","Chordata","Elasmobranchii","Carcharhiniformes","Carcharhinidae","Negaprion","Negaprion brevirostris",NA,"SPECIES","Negaprion brevirostris (Poey, 1868)","Negaprion brevirostris","","US","","Georgia","PRESENT",NA,"28eb1a3f-1c15-4a95-931a-4af90ecb574d",31.994514,-81.136633,29173,NA,NA,NA,NA,NA,"2018-06-03T09:43:48",3,6,2018,2417919,2417919,"HUMAN_OBSERVATION","iNaturalist","Observations","13096667","","Clinton Duffy",2018-06-04 04:06:16,"CC_BY_NC_4_0","Brin","Brin",NA,NA,2025-08-03 01:57:05.763,"StillImage","COORDINATE_ROUNDED;CONTINENT_DERIVED_FROM_COORDINATES;TAXON_ID_NOT_FOUND"
3398794204,"50c9509d-22c7-4a22-a47d-8c48425ef4a7","https://www.inaturalist.org/observations/99466550","Animalia","Chordata","Elasmobranchii","Carcharhiniformes","Carcharhinidae","Negaprion","Negaprion brevirostris",NA,"SPECIES","Negaprion brevirostris (Poey, 1868)","Negaprion brevirostris","","US","","Florida","PRESENT",NA,"28eb1a3f-1c15-4a95-931a-4af90ecb574d",29.860805,-84.467447,29433,NA,NA,NA,NA,NA,"2021-08-18T13:46:57",18,8,2021,2417919,2417919,"HUMAN_OBSERVATION","iNaturalist","Observations","99466550","","Clinton Duffy",2021-10-26 19:21:03,"CC_BY_NC_4_0","ncj18","ncj18",NA,NA,2025-08-03 01:01:48.198,"StillImage","COORDINATE_ROUNDED;TAXON_ID_NOT_FOUND"
3391390192,"50c9509d-22c7-4a22-a47d-8c48425ef4a7","https://www.inaturalist.org/observations/98101884","Animalia","Chordata","Elasmobranchii","Carcharhiniformes","Carcharhinidae","Negaprion","Negaprion brevirostris",NA,"SPECIES","Negaprion brevirostris (Poey, 1868)","Negaprion brevirostris","","BS","","Hope Town","PRESENT",NA,"28eb1a3f-1c15-4a95-931a-4af90ecb574d",26.445815,-76.874638,29845,NA,NA,NA,NA,NA,"2021-04-07T12:14:24",7,4,2021,2417919,2417919,"HUMAN_OBSERVATION","iNaturalist","Observations","98101884","","Clinton Duffy",2021-10-13 18:11:16,"CC_BY_NC_4_0","bfaith","bfaith",NA,NA,2025-08-03 03:19:57.847,"StillImage","COORDINATE_ROUNDED;TAXON_ID_NOT_FOUND"
3343967860,"50c9509d-22c7-4a22-a47d-8c48425ef4a7","https://www.inaturalist.org/observations/92100438","Animalia","Chordata","Elasmobranchii","Carcharhiniformes","Carcharhinidae","Negaprion","Negaprion brevirostris",NA,"SPECIES","Negaprion brevirostris (Poey, 1868)","Negaprion brevirostris","","BS","","","PRESENT",NA,"28eb1a3f-1c15-4a95-931a-4af90ecb574d",26.941499,-79.221833,29798,NA,NA,NA,NA,NA,"2021-07-04T11:15",4,7,2021,2417919,2417919,"HUMAN_OBSERVATION","iNaturalist","Observations","92100438","","Mike Krampf",2021-08-22 14:05:51,"CC_BY_NC_4_0","Mike Krampf","Mike Krampf",NA,NA,2025-08-03 01:00:17.064,"StillImage","COORDINATE_ROUNDED;COUNTRY_DERIVED_FROM_COORDINATES;TAXON_ID_NOT_FOUND"
3330439422,"50c9509d-22c7-4a22-a47d-8c48425ef4a7","https://www.inaturalist.org/observations/80727577","Animalia","Chordata","Elasmobranchii","Carcharhiniformes","Carcharhinidae","Negaprion","Negaprion brevirostris",NA,"SPECIES","Negaprion brevirostris (Poey, 1868)","Negaprion brevirostris","","US","","","PRESENT",NA,"28eb1a3f-1c15-4a95-931a-4af90ecb574d",28.811374,-90.674723,29558,NA,NA,NA,NA,NA,"2021-05-10T13:16:14",10,5,2021,2417919,2417919,"HUMAN_OBSERVATION","iNaturalist","Observations","80727577","","Jeremy",2021-05-29 13:37:36,"CC_BY_NC_4_0","Jeremy","Jeremy",NA,NA,2025-08-03 03:14:53.362,"StillImage","COORDINATE_ROUNDED;COUNTRY_DERIVED_FROM_COORDINATES;TAXON_ID_NOT_FOUND"
3328091535,"50c9509d-22c7-4a22-a47d-8c48425ef4a7","https://www.inaturalist.org/observations/87022844","Animalia","Chordata","Elasmobranchii","Carcharhiniformes","Carcharhinidae","Negaprion","Negaprion brevirostris",NA,"SPECIES","Negaprion brevirostris (Poey, 1868)","Negaprion brevirostris","","US","","Florida","PRESENT",NA,"28eb1a3f-1c15-4a95-931a-4af90ecb574d",27.009071,-80.182097,29775,NA,NA,NA,NA,NA,"2021-05-29T10:04:14",29,5,2021,2417919,2417919,"HUMAN_OBSERVATION","iNaturalist","Observations","87022844","","Christian Weston Chandler creator of Sonichu",2021-07-14 19:14:15,"CC_BY_NC_4_0","Christian Weston Chandler creator of Sonichu","Christian Weston Chandler creator of Sonichu",NA,NA,2025-08-03 02:11:33.318,"StillImage","COORDINATE_ROUNDED;CONTINENT_DERIVED_FROM_COORDINATES;TAXON_ID_NOT_FOUND"
3321100436,"50c9509d-22c7-4a22-a47d-8c48425ef4a7","https://www.inaturalist.org/observations/74871044","Animalia","Chordata","Elasmobranchii","Carcharhiniformes","Carcharhinidae","Negaprion","Negaprion brevirostris",NA,"SPECIES","Negaprion brevirostris (Poey, 1868)","Negaprion brevirostris","","US","","Louisiana","PRESENT",NA,"28eb1a3f-1c15-4a95-931a-4af90ecb574d",29.175305,-90.622523,29533,NA,NA,NA,NA,NA,"2015-03-17T14:22",17,3,2015,2417919,2417919,"HUMAN_OBSERVATION","iNaturalist","Observations","74871044","","Ignacio Contreras",2021-04-22 21:05:45,"CC_BY_NC_4_0","Robert Dobbs","Robert Dobbs",NA,NA,2025-08-03 03:13:33.987,"StillImage","COORDINATE_ROUNDED;CONTINENT_DERIVED_FROM_COORDINATES;TAXON_ID_NOT_FOUND"
3307120732,"50c9509d-22c7-4a22-a47d-8c48425ef4a7","https://www.inaturalist.org/observations/82567705","Animalia","Chordata","Elasmobranchii","Carcharhiniformes","Carcharhinidae","Negaprion","Negaprion brevirostris",NA,"SPECIES","Negaprion brevirostris (Poey, 1868)","Negaprion brevirostris","","US","","Florida","PRESENT",NA,"28eb1a3f-1c15-4a95-931a-4af90ecb574d",29.93594,-81.327175,29433,NA,NA,NA,NA,NA,"2021-06-11T03:29:51",11,6,2021,2417919,2417919,"HUMAN_OBSERVATION","iNaturalist","Observations","82567705","","Jacob Jones",2021-06-11 17:04:01,"CC_BY_NC_4_0","Jacob Jones","Jacob Jones",NA,NA,2025-08-03 00:57:56.553,"StillImage","COORDINATE_ROUNDED;CONTINENT_DERIVED_FROM_COORDINATES;TAXON_ID_NOT_FOUND"
3097206408,"50c9509d-22c7-4a22-a47d-8c48425ef4a7","https://www.inaturalist.org/observations/74708798","Animalia","Chordata","Elasmobranchii","Carcharhiniformes","Carcharhinidae","Negaprion","Negaprion brevirostris",NA,"SPECIES","Negaprion brevirostris (Poey, 1868)","Negaprion brevirostris","","BS","","Berry Islands","PRESENT",NA,"28eb1a3f-1c15-4a95-931a-4af90ecb574d",25.904164,-77.999699,29913,NA,NA,NA,NA,NA,"2019-04-15T19:11:47",15,4,2019,2417919,2417919,"HUMAN_OBSERVATION","iNaturalist","Observations","74708798","","Clinton Duffy",2021-04-21 11:36:27,"CC_BY_NC_4_0","islandjohn","islandjohn",NA,NA,2025-08-03 00:56:33.544,"StillImage","COORDINATE_ROUNDED;TAXON_ID_NOT_FOUND"
3070514339,"50c9509d-22c7-4a22-a47d-8c48425ef4a7","https://www.inaturalist.org/observations/5247471","Animalia","Chordata","Elasmobranchii","Carcharhiniformes","Carcharhinidae","Negaprion","Negaprion brevirostris",NA,"SPECIES","Negaprion brevirostris (Poey, 1868)","Negaprion brevirostris","","US","","Florida","PRESENT",NA,"28eb1a3f-1c15-4a95-931a-4af90ecb574d",25.175448,-80.944949,29992,NA,NA,NA,NA,NA,"2014-07-26T14:00",26,7,2014,2417919,2417919,"HUMAN_OBSERVATION","iNaturalist","Observations","5247471","","Noah Frade",2017-03-08 03:13:21,"CC_BY_4_0","Noah Frade","Noah Frade",NA,NA,2025-08-03 01:55:34.516,"StillImage","COORDINATE_ROUNDED;CONTINENT_DERIVED_FROM_COORDINATES;TAXON_ID_NOT_FOUND"
3070306146,"50c9509d-22c7-4a22-a47d-8c48425ef4a7","https://www.inaturalist.org/observations/62973957","Animalia","Chordata","Elasmobranchii","Carcharhiniformes","Carcharhinidae","Negaprion","Negaprion brevirostris",NA,"SPECIES","Negaprion brevirostris (Poey, 1868)","Negaprion brevirostris","","US","","Florida","PRESENT",NA,"28eb1a3f-1c15-4a95-931a-4af90ecb574d",29.948671,-81.320128,29433,NA,NA,NA,NA,NA,"2020-10-18T17:43:55",18,10,2020,2417919,2417919,"HUMAN_OBSERVATION","iNaturalist","Observations","62973957","","Noah Frade",2020-10-19 02:39:05,"CC_BY_4_0","Noah Frade","Noah Frade",NA,NA,2025-08-03 00:53:02.197,"StillImage","COORDINATE_ROUNDED;CONTINENT_DERIVED_FROM_COORDINATES;TAXON_ID_NOT_FOUND"
3044778615,"50c9509d-22c7-4a22-a47d-8c48425ef4a7","https://www.inaturalist.org/observations/54924808","Animalia","Chordata","Elasmobranchii","Carcharhiniformes","Carcharhinidae","Negaprion","Negaprion brevirostris",NA,"SPECIES","Negaprion brevirostris (Poey, 1868)","Negaprion brevirostris","","US","","Georgia","PRESENT",NA,"28eb1a3f-1c15-4a95-931a-4af90ecb574d",31.9301,-80.987276,29173,NA,NA,NA,NA,NA,"2020-07-28T22:01:41",28,7,2020,2417919,2417919,"HUMAN_OBSERVATION","iNaturalist","Observations","54924808","","Clinton Duffy",2020-07-31 21:35:12,"CC_BY_NC_4_0","altela","altela",NA,NA,2025-08-03 00:52:25.352,"StillImage","COORDINATE_ROUNDED;CONTINENT_DERIVED_FROM_COORDINATES;TAXON_ID_NOT_FOUND"
3044596219,"50c9509d-22c7-4a22-a47d-8c48425ef4a7","https://www.inaturalist.org/observations/69625109","Animalia","Chordata","Elasmobranchii","Carcharhiniformes","Carcharhinidae","Negaprion","Negaprion brevirostris",NA,"SPECIES","Negaprion brevirostris (Poey, 1868)","Negaprion brevirostris","","BS","","","PRESENT",NA,"28eb1a3f-1c15-4a95-931a-4af90ecb574d",26.434701,-78.986924,29845,NA,NA,NA,NA,NA,"2011-04-24T18:45",24,4,2011,2417919,2417919,"HUMAN_OBSERVATION","iNaturalist","Observations","69625109","","Ila France",2021-02-15 17:17:53,"CC_BY_NC_4_0","Ila France","Ila France",NA,NA,2025-08-03 03:12:13.01,"StillImage","COORDINATE_ROUNDED;COUNTRY_DERIVED_FROM_COORDINATES;TAXON_ID_NOT_FOUND"
3039312817,"50c9509d-22c7-4a22-a47d-8c48425ef4a7","https://www.inaturalist.org/observations/69254786","Animalia","Chordata","Elasmobranchii","Carcharhiniformes","Carcharhinidae","Negaprion","Negaprion brevirostris",NA,"SPECIES","Negaprion brevirostris (Poey, 1868)","Negaprion brevirostris","","US","","Florida","PRESENT",NA,"28eb1a3f-1c15-4a95-931a-4af90ecb574d",25.499905,-80.238143,29958,NA,NA,NA,NA,NA,"2021-02-08T08:10:22",8,2,2021,2417919,2417919,"HUMAN_OBSERVATION","iNaturalist","Observations","69254786","","Clinton Duffy",2021-02-08 17:49:04,"CC_BY_NC_4_0","arodr1495","arodr1495",NA,NA,2025-08-03 04:31:05.154,"StillImage","COORDINATE_ROUNDED;CONTINENT_DERIVED_FROM_COORDINATES;TAXON_ID_NOT_FOUND"
2999165626,"50c9509d-22c7-4a22-a47d-8c48425ef4a7","https://www.inaturalist.org/observations/65997165","Animalia","Chordata","Elasmobranchii","Carcharhiniformes","Carcharhinidae","Negaprion","Negaprion brevirostris",NA,"SPECIES","Negaprion brevirostris (Poey, 1868)","Negaprion brevirostris","","US","","Florida","PRESENT",NA,"28eb1a3f-1c15-4a95-931a-4af90ecb574d",25.667293,-80.081814,29936,NA,NA,NA,NA,NA,"2020-10-31T10:07:01",31,10,2020,2417919,2417919,"HUMAN_OBSERVATION","iNaturalist","Observations","65997165","","Clinton Duffy",2020-12-02 17:16:32,"CC_BY_NC_4_0","joseigon","joseigon",NA,NA,2025-08-03 02:07:23.761,"StillImage","COORDINATE_ROUNDED;TAXON_ID_NOT_FOUND"
2873772549,"50c9509d-22c7-4a22-a47d-8c48425ef4a7","https://www.inaturalist.org/observations/59672826","Animalia","Chordata","Elasmobranchii","Carcharhiniformes","Carcharhinidae","Negaprion","Negaprion brevirostris",NA,"SPECIES","Negaprion brevirostris (Poey, 1868)","Negaprion brevirostris","","US","","Florida","PRESENT",NA,"28eb1a3f-1c15-4a95-931a-4af90ecb574d",25.783417,-80.00426,29936,NA,NA,NA,NA,NA,"2019-08-24T19:10:20",24,8,2019,2417919,2417919,"HUMAN_OBSERVATION","iNaturalist","Observations","59672826","","Clinton Duffy",2020-09-16 04:33:12,"CC_BY_NC_4_0","ana_dalbo","ana_dalbo",NA,NA,2025-08-03 00:52:22.524,"StillImage","COORDINATE_ROUNDED;TAXON_ID_NOT_FOUND"
2823084108,"50c9509d-22c7-4a22-a47d-8c48425ef4a7","https://www.inaturalist.org/observations/53664400","Animalia","Chordata","Elasmobranchii","Carcharhiniformes","Carcharhinidae","Negaprion","Negaprion brevirostris",NA,"SPECIES","Negaprion brevirostris (Poey, 1868)","Negaprion brevirostris","","US","","","PRESENT",NA,"28eb1a3f-1c15-4a95-931a-4af90ecb574d",26.662481,-79.728278,29822,NA,NA,NA,NA,NA,"2016-09-19",19,9,2016,2417919,2417919,"HUMAN_OBSERVATION","iNaturalist","Observations","53664400","","taopina",2020-07-19 22:47:16,"CC_BY_NC_4_0","taopina","taopina",NA,NA,2025-08-03 02:04:47.864,"StillImage","COORDINATE_ROUNDED;COUNTRY_DERIVED_FROM_COORDINATES;TAXON_ID_NOT_FOUND"
2814150696,"50c9509d-22c7-4a22-a47d-8c48425ef4a7","https://www.inaturalist.org/observations/50372127","Animalia","Chordata","Elasmobranchii","Carcharhiniformes","Carcharhinidae","Negaprion","Negaprion brevirostris",NA,"SPECIES","Negaprion brevirostris (Poey, 1868)","Negaprion brevirostris","","BS","","","PRESENT",NA,"28eb1a3f-1c15-4a95-931a-4af90ecb574d",27.019415,-79.044771,29775,NA,NA,NA,NA,NA,"2020-03-07T16:11",7,3,2020,2417919,2417919,"HUMAN_OBSERVATION","iNaturalist","Observations","50372127","","Sascha Schulz",2020-06-21 06:44:06,"CC_BY_NC_4_0","Gina","Gina",NA,NA,2025-08-03 00:50:30.225,"StillImage","COORDINATE_ROUNDED;COUNTRY_DERIVED_FROM_COORDINATES;TAXON_ID_NOT_FOUND"
2802666364,"50c9509d-22c7-4a22-a47d-8c48425ef4a7","https://www.inaturalist.org/observations/49901609","Animalia","Chordata","Elasmobranchii","Carcharhiniformes","Carcharhinidae","Negaprion","Negaprion brevirostris",NA,"SPECIES","Negaprion brevirostris (Poey, 1868)","Negaprion brevirostris","","US","","","PRESENT",NA,"28eb1a3f-1c15-4a95-931a-4af90ecb574d",26.817023,-79.947517,29798,NA,NA,NA,NA,NA,"2016-09-19T12:25Z",19,9,2016,2417919,2417919,"HUMAN_OBSERVATION","iNaturalist","Observations","49901609","","taopina",2020-06-17 01:03:46,"CC_BY_NC_4_0","taopina","taopina",NA,NA,2025-08-03 04:27:13.278,"StillImage","COORDINATE_ROUNDED;COUNTRY_DERIVED_FROM_COORDINATES;TAXON_ID_NOT_FOUND"
2634493940,"50c9509d-22c7-4a22-a47d-8c48425ef4a7","https://www.inaturalist.org/observations/47533557","Animalia","Chordata","Elasmobranchii","Carcharhiniformes","Carcharhinidae","Negaprion","Negaprion brevirostris",NA,"SPECIES","Negaprion brevirostris (Poey, 1868)","Negaprion brevirostris","","US","","Florida","PRESENT",NA,"28eb1a3f-1c15-4a95-931a-4af90ecb574d",26.874428,-80.164834,29798,NA,NA,NA,NA,NA,"2020-01-11T10:30:29",11,1,2020,2417919,2417919,"HUMAN_OBSERVATION","iNaturalist","Observations","47533557","","edgar_k_11",2020-05-27 17:50:34,"CC_BY_NC_4_0","edgar_k_11","edgar_k_11",NA,NA,2025-08-03 02:03:32.3,"StillImage","COORDINATE_ROUNDED;CONTINENT_DERIVED_FROM_COORDINATES;TAXON_ID_NOT_FOUND"
2634127954,"50c9509d-22c7-4a22-a47d-8c48425ef4a7","https://www.inaturalist.org/observations/48133697","Animalia","Chordata","Elasmobranchii","Carcharhiniformes","Carcharhinidae","Negaprion","Negaprion brevirostris",NA,"SPECIES","Negaprion brevirostris (Poey, 1868)","Negaprion brevirostris","","US","","Louisiana","PRESENT",NA,"28eb1a3f-1c15-4a95-931a-4af90ecb574d",29.161684,-90.658891,29533,NA,NA,NA,NA,NA,"2015-03-17T14:22",17,3,2015,2417919,2417919,"HUMAN_OBSERVATION","iNaturalist","Observations","48133697","","Robert Dobbs",2020-06-01 16:12:46,"CC_BY_NC_4_0","Robert Dobbs","Robert Dobbs",NA,NA,2025-08-03 00:50:03.227,"StillImage","COORDINATE_ROUNDED;CONTINENT_DERIVED_FROM_COORDINATES;TAXON_ID_NOT_FOUND"
2626154059,"50c9509d-22c7-4a22-a47d-8c48425ef4a7","https://www.inaturalist.org/observations/44923638","Animalia","Chordata","Elasmobranchii","Carcharhiniformes","Carcharhinidae","Negaprion","Negaprion brevirostris",NA,"SPECIES","Negaprion brevirostris (Poey, 1868)","Negaprion brevirostris","","US","","Florida","PRESENT",NA,"28eb1a3f-1c15-4a95-931a-4af90ecb574d",25.697595,-80.365842,29936,NA,NA,NA,NA,NA,"2020-05-04T17:31:18",4,5,2020,2417919,2417919,"HUMAN_OBSERVATION","iNaturalist","Observations","44923638","","",NA,"CC_BY_4_0","John William Bailly","John William Bailly",NA,NA,2025-08-03 00:49:22.676,"StillImage","COORDINATE_ROUNDED;CONTINENT_DERIVED_FROM_COORDINATES;TAXON_ID_NOT_FOUND"
2620163882,"50c9509d-22c7-4a22-a47d-8c48425ef4a7","https://www.inaturalist.org/observations/45116214","Animalia","Chordata","Elasmobranchii","Carcharhiniformes","Carcharhinidae","Negaprion","Negaprion brevirostris",NA,"SPECIES","Negaprion brevirostris (Poey, 1868)","Negaprion brevirostris","","US","","Florida","PRESENT",NA,"28eb1a3f-1c15-4a95-931a-4af90ecb574d",25.756899,-80.269573,29936,NA,NA,NA,NA,NA,"2020-05-06T11:30:23",6,5,2020,2417919,2417919,"HUMAN_OBSERVATION","iNaturalist","Observations","45116214","","Clinton Duffy",2020-05-06 22:59:52,"CC_BY_4_0","John William Bailly","John William Bailly",NA,NA,2025-08-03 04:25:44.468,"StillImage","COORDINATE_ROUNDED;CONTINENT_DERIVED_FROM_COORDINATES;TAXON_ID_NOT_FOUND"
2620113773,"50c9509d-22c7-4a22-a47d-8c48425ef4a7","https://www.inaturalist.org/observations/45075847","Animalia","Chordata","Elasmobranchii","Carcharhiniformes","Carcharhinidae","Negaprion","Negaprion brevirostris",NA,"SPECIES","Negaprion brevirostris (Poey, 1868)","Negaprion brevirostris","","US","","Florida","PRESENT",NA,"28eb1a3f-1c15-4a95-931a-4af90ecb574d",25.748446,-80.204772,29936,NA,NA,NA,NA,NA,"2020-05-06T11:22:31",6,5,2020,2417919,2417919,"HUMAN_OBSERVATION","iNaturalist","Observations","45075847","","insectobserver123",2020-05-06 19:20:50,"CC_BY_4_0","John William Bailly","John William Bailly",NA,NA,2025-08-03 00:49:27.139,"StillImage","COORDINATE_ROUNDED;CONTINENT_DERIVED_FROM_COORDINATES;TAXON_ID_NOT_FOUND"
2611186711,"50c9509d-22c7-4a22-a47d-8c48425ef4a7","https://www.inaturalist.org/observations/44172780","Animalia","Chordata","Elasmobranchii","Carcharhiniformes","Carcharhinidae","Negaprion","Negaprion brevirostris",NA,"SPECIES","Negaprion brevirostris (Poey, 1868)","Negaprion brevirostris","","US","","Florida","PRESENT",NA,"28eb1a3f-1c15-4a95-931a-4af90ecb574d",26.663662,-80.074445,29822,NA,NA,NA,NA,NA,"2019-12-23T14:38",23,12,2019,2417919,2417919,"HUMAN_OBSERVATION","iNaturalist","Observations","44172780","","Blaze Birding",2020-04-28 20:40:10,"CC_BY_NC_4_0","Blaze Birding","Blaze Birding",NA,NA,2025-08-03 03:05:04.035,"StillImage","COORDINATE_ROUNDED;CONTINENT_DERIVED_FROM_COORDINATES;TAXON_ID_NOT_FOUND"
2597707176,"50c9509d-22c7-4a22-a47d-8c48425ef4a7","https://www.inaturalist.org/observations/41366845","Animalia","Chordata","Elasmobranchii","Carcharhiniformes","Carcharhinidae","Negaprion","Negaprion brevirostris",NA,"SPECIES","Negaprion brevirostris (Poey, 1868)","Negaprion brevirostris","","US","","","PRESENT",NA,"28eb1a3f-1c15-4a95-931a-4af90ecb574d",26.958874,-79.916836,29798,NA,NA,NA,NA,NA,"2020-03-19T11:33",19,3,2020,2417919,2417919,"HUMAN_OBSERVATION","iNaturalist","Observations","41366845","","Neil DeMaster",2020-04-04 15:28:47,"CC_BY_NC_4_0","Neil DeMaster","Neil DeMaster",NA,NA,2025-08-03 03:03:29.85,"StillImage","COORDINATE_ROUNDED;COUNTRY_DERIVED_FROM_COORDINATES;TAXON_ID_NOT_FOUND"
2596249959,"50c9509d-22c7-4a22-a47d-8c48425ef4a7","https://www.inaturalist.org/observations/30488746","Animalia","Chordata","Elasmobranchii","Carcharhiniformes","Carcharhinidae","Negaprion","Negaprion brevirostris",NA,"SPECIES","Negaprion brevirostris (Poey, 1868)","Negaprion brevirostris","","US","","South Carolina","PRESENT",NA,"28eb1a3f-1c15-4a95-931a-4af90ecb574d",32.234227,-80.549244,29120,NA,NA,NA,NA,NA,"2019-08-09T12:50:19",9,8,2019,2417919,2417919,"HUMAN_OBSERVATION","iNaturalist","Observations","30488746","","Clinton Duffy",2019-08-09 21:03:49,"CC_BY_NC_4_0","plucas","plucas",NA,NA,2025-08-03 01:59:18.723,"StillImage","COORDINATE_ROUNDED;CONTINENT_DERIVED_FROM_COORDINATES;TAXON_ID_NOT_FOUND"
2595138588,"b3b7d5c4-f73a-475b-a203-c6a1ddd040cd","2015_Beril_1sfbNegaprion_brevirostris_Biomass_","Animalia","Chordata","Elasmobranchii","Carcharhiniformes","Carcharhinidae","Negaprion","Negaprion brevirostris",NA,"SPECIES","Negaprion brevirostris (Poey, 1868)","Negaprion brevirostris","","PR","Beril","","PRESENT",NA,"c3ad790a-d426-4ac1-8e32-da61f81f0117",17.89755,-66.95998,NA,NA,NA,NA,18,3,"2015-10",NA,10,2015,2417919,2417919,"HUMAN_OBSERVATION","","","","","",NA,"CC0_1_0","Departament of Natural and Environmental Resources of Puerto Rico","",NA,NA,2025-07-31 12:10:10.128,"","GEODETIC_DATUM_INVALID;GEODETIC_DATUM_ASSUMED_WGS84;CONTINENT_DERIVED_FROM_COORDINATES;REFERENCES_URI_INVALID"
2594966584,"b3b7d5c4-f73a-475b-a203-c6a1ddd040cd","2008_Tourmaline 10m_ASEC Survey_sfb  Negaprion_brevirostris_Biomass_","Animalia","Chordata","Elasmobranchii","Carcharhiniformes","Carcharhinidae","Negaprion","Negaprion brevirostris",NA,"SPECIES","Negaprion brevirostris (Poey, 1868)","Negaprion brevirostris","","PR","Tourmaline 10m","","PRESENT",NA,"c3ad790a-d426-4ac1-8e32-da61f81f0117",18.16304,-67.27367,NA,NA,NA,NA,11,3,"2008-06",NA,6,2008,2417919,2417919,"HUMAN_OBSERVATION","","","","","",NA,"CC0_1_0","Departament of Natural and Environmental Resources of Puerto Rico","",NA,NA,2025-07-31 12:10:36.826,"","GEODETIC_DATUM_INVALID;GEODETIC_DATUM_ASSUMED_WGS84;REFERENCES_URI_INVALID"
2594922326,"b3b7d5c4-f73a-475b-a203-c6a1ddd040cd","2007_Cayo Coral_ASEC Survey_sfb  Negaprion_brevirostris_c18","Animalia","Chordata","Elasmobranchii","Carcharhiniformes","Carcharhinidae","Negaprion","Negaprion brevirostris",NA,"SPECIES","Negaprion brevirostris (Poey, 1868)","Negaprion brevirostris","","PR","Cayo Coral","","PRESENT",NA,"c3ad790a-d426-4ac1-8e32-da61f81f0117",17.9362,-66.8884,NA,NA,NA,NA,4,4,"2007-05",NA,5,2007,2417919,2417919,"HUMAN_OBSERVATION","","","","","",NA,"CC0_1_0","Departament of Natural and Environmental Resources of Puerto Rico","",NA,NA,2025-07-31 12:10:34.431,"","GEODETIC_DATUM_INVALID;GEODETIC_DATUM_ASSUMED_WGS84;CONTINENT_DERIVED_FROM_COORDINATES;REFERENCES_URI_INVALID"
2580081574,"50c9509d-22c7-4a22-a47d-8c48425ef4a7","https://www.inaturalist.org/observations/40133119","Animalia","Chordata","Elasmobranchii","Carcharhiniformes","Carcharhinidae","Negaprion","Negaprion brevirostris",NA,"SPECIES","Negaprion brevirostris (Poey, 1868)","Negaprion brevirostris","","US","","Florida","PRESENT",NA,"28eb1a3f-1c15-4a95-931a-4af90ecb574d",25.912179,-81.77358,29913,NA,NA,NA,NA,NA,"2020-03-17T12:22:49",17,3,2020,2417919,2417919,"HUMAN_OBSERVATION","iNaturalist","Observations","40133119","","ty_gifford",2020-03-17 16:23:44,"CC_BY_NC_4_0","ty_gifford","ty_gifford",NA,NA,2025-08-03 00:48:25.728,"StillImage","COORDINATE_ROUNDED;CONTINENT_DERIVED_FROM_COORDINATES;TAXON_ID_NOT_FOUND"
2580079209,"50c9509d-22c7-4a22-a47d-8c48425ef4a7","https://www.inaturalist.org/observations/39998630","Animalia","Chordata","Elasmobranchii","Carcharhiniformes","Carcharhinidae","Negaprion","Negaprion brevirostris",NA,"SPECIES","Negaprion brevirostris (Poey, 1868)","Negaprion brevirostris","","US","","Florida","PRESENT",NA,"28eb1a3f-1c15-4a95-931a-4af90ecb574d",26.183629,-80.153852,29891,NA,NA,NA,NA,NA,"2020-03-14T19:56:28",14,3,2020,2417919,2417919,"HUMAN_OBSERVATION","iNaturalist","Observations","39998630","","Clinton Duffy",2020-03-15 00:55:04,"CC_BY_NC_4_0","pattonh02","pattonh02",NA,NA,2025-08-03 02:01:52.978,"StillImage","COORDINATE_ROUNDED;CONTINENT_DERIVED_FROM_COORDINATES;TAXON_ID_NOT_FOUND"
2574137347,"50c9509d-22c7-4a22-a47d-8c48425ef4a7","https://www.inaturalist.org/observations/34577572","Animalia","Chordata","Elasmobranchii","Carcharhiniformes","Carcharhinidae","Negaprion","Negaprion brevirostris",NA,"SPECIES","Negaprion brevirostris (Poey, 1868)","Negaprion brevirostris","","US","","","PRESENT",NA,"28eb1a3f-1c15-4a95-931a-4af90ecb574d",26.747425,-79.962045,29822,NA,NA,NA,NA,NA,"2019-09-08T00:48:53",8,9,2019,2417919,2417919,"HUMAN_OBSERVATION","iNaturalist","Observations","34577572","","nick_helmers",2019-10-19 12:23:16,"CC_BY_NC_4_0","nick_helmers","nick_helmers",NA,NA,2025-08-03 03:02:11.258,"StillImage","COORDINATE_ROUNDED;COUNTRY_DERIVED_FROM_COORDINATES;TAXON_ID_NOT_FOUND"
2573941677,"50c9509d-22c7-4a22-a47d-8c48425ef4a7","https://www.inaturalist.org/observations/38509971","Animalia","Chordata","Elasmobranchii","Carcharhiniformes","Carcharhinidae","Negaprion","Negaprion brevirostris",NA,"SPECIES","Negaprion brevirostris (Poey, 1868)","Negaprion brevirostris","","US","","Florida","PRESENT",NA,"28eb1a3f-1c15-4a95-931a-4af90ecb574d",26.923595,-80.105932,29798,NA,NA,NA,NA,NA,"2013-01-02T21:54:19",2,1,2013,2417919,2417919,"HUMAN_OBSERVATION","iNaturalist","Observations","38509971","","alexburton",2020-02-10 21:22:53,"CC_BY_4_0","Andrew Middleton","Andrew Middleton",NA,NA,2025-08-03 00:48:07.791,"StillImage","COORDINATE_ROUNDED;CONTINENT_DERIVED_FROM_COORDINATES;TAXON_ID_NOT_FOUND"
2467562611,"20e8d7fb-9b3b-43c6-a81d-8ebcd6c0ab11","ad1b59ce-1ba6-11ea-80d0-d1c018a1b4d3","Animalia","Chordata","Elasmobranchii","Carcharhiniformes","Carcharhinidae","Negaprion","Negaprion brevirostris",NA,"SPECIES","Negaprion brevirostris (Poey, 1868)","Negaprion brevirostris","(Poey, 1868)","US","","Florida","PRESENT",NA,"c3ad790a-d426-4ac1-8e32-da61f81f0117",24.70547,-82.87213,NA,NA,0,0,10.1,0,"2014-06-03",3,6,2014,2417919,2417919,"HUMAN_OBSERVATION","","","","","",NA,"CC0_1_0","","",NA,NA,2025-07-31 12:15:19.019,"","GEODETIC_DATUM_INVALID;GEODETIC_DATUM_ASSUMED_WGS84;REFERENCES_URI_INVALID"
2465359221,"50c9509d-22c7-4a22-a47d-8c48425ef4a7","https://www.inaturalist.org/observations/35433303","Animalia","Chordata","Elasmobranchii","Carcharhiniformes","Carcharhinidae","Negaprion","Negaprion brevirostris",NA,"SPECIES","Negaprion brevirostris (Poey, 1868)","Negaprion brevirostris","","US","","Georgia","PRESENT",NA,"28eb1a3f-1c15-4a95-931a-4af90ecb574d",31.32648,-81.295268,29252,NA,NA,NA,NA,NA,"2019-07-29T15:28",29,7,2019,2417919,2417919,"HUMAN_OBSERVATION","iNaturalist","Observations","35433303","","Clinton Duffy",2019-11-08 02:51:35,"CC_BY_NC_4_0","John C.","John C.",NA,NA,2025-08-03 00:47:30.939,"StillImage","COORDINATE_ROUNDED;CONTINENT_DERIVED_FROM_COORDINATES;TAXON_ID_NOT_FOUND"
2465359211,"50c9509d-22c7-4a22-a47d-8c48425ef4a7","https://www.inaturalist.org/observations/35433304","Animalia","Chordata","Elasmobranchii","Carcharhiniformes","Carcharhinidae","Negaprion","Negaprion brevirostris",NA,"SPECIES","Negaprion brevirostris (Poey, 1868)","Negaprion brevirostris","","US","","Georgia","PRESENT",NA,"28eb1a3f-1c15-4a95-931a-4af90ecb574d",31.332556,-81.281193,29252,NA,NA,NA,NA,NA,"2019-07-29T15:46",29,7,2019,2417919,2417919,"HUMAN_OBSERVATION","iNaturalist","Observations","35433304","","Clinton Duffy",2019-11-08 02:50:54,"CC_BY_NC_4_0","John C.","John C.",NA,NA,2025-08-03 00:47:31.263,"StillImage","COORDINATE_ROUNDED;CONTINENT_DERIVED_FROM_COORDINATES;TAXON_ID_NOT_FOUND"
2465197673,"50c9509d-22c7-4a22-a47d-8c48425ef4a7","https://www.inaturalist.org/observations/35427687","Animalia","Chordata","Elasmobranchii","Carcharhiniformes","Carcharhinidae","Negaprion","Negaprion brevirostris",NA,"SPECIES","Negaprion brevirostris (Poey, 1868)","Negaprion brevirostris","","US","","Georgia","PRESENT",NA,"28eb1a3f-1c15-4a95-931a-4af90ecb574d",31.372466,-81.28768,29252,NA,NA,NA,NA,NA,"2019-06-30T16:22",30,6,2019,2417919,2417919,"HUMAN_OBSERVATION","iNaturalist","Observations","35427687","","Clinton Duffy",2019-11-08 00:15:57,"CC_BY_NC_4_0","John C.","John C.",NA,NA,2025-08-03 04:20:51.81,"StillImage","COORDINATE_ROUNDED;CONTINENT_DERIVED_FROM_COORDINATES;TAXON_ID_NOT_FOUND"
2465173487,"50c9509d-22c7-4a22-a47d-8c48425ef4a7","https://www.inaturalist.org/observations/35427688","Animalia","Chordata","Elasmobranchii","Carcharhiniformes","Carcharhinidae","Negaprion","Negaprion brevirostris",NA,"SPECIES","Negaprion brevirostris (Poey, 1868)","Negaprion brevirostris","","US","","Georgia","PRESENT",NA,"28eb1a3f-1c15-4a95-931a-4af90ecb574d",31.211039,-81.32426,29252,NA,NA,NA,NA,NA,"2019-06-30T16:31",30,6,2019,2417919,2417919,"HUMAN_OBSERVATION","iNaturalist","Observations","35427688","","Clinton Duffy",2019-11-08 00:14:51,"CC_BY_NC_4_0","John C.","John C.",NA,NA,2025-08-03 04:20:59.278,"StillImage","COORDINATE_ROUNDED;CONTINENT_DERIVED_FROM_COORDINATES;TAXON_ID_NOT_FOUND"
2456520197,"50c9509d-22c7-4a22-a47d-8c48425ef4a7","https://www.inaturalist.org/observations/35433072","Animalia","Chordata","Elasmobranchii","Carcharhiniformes","Carcharhinidae","Negaprion","Negaprion brevirostris",NA,"SPECIES","Negaprion brevirostris (Poey, 1868)","Negaprion brevirostris","","US","","Georgia","PRESENT",NA,"28eb1a3f-1c15-4a95-931a-4af90ecb574d",31.395631,-81.33114,29252,NA,NA,NA,NA,NA,"2019-07-24T16:08",24,7,2019,2417919,2417919,"HUMAN_OBSERVATION","iNaturalist","Observations","35433072","","John C.",2019-11-08 02:26:02,"CC_BY_NC_4_0","John C.","John C.",NA,NA,2025-08-03 00:47:29.547,"StillImage","COORDINATE_ROUNDED;CONTINENT_DERIVED_FROM_COORDINATES;TAXON_ID_NOT_FOUND"
2455850158,"f31212ae-87f5-45e3-8c03-87a0cc5cb86f","ac8718e1-0bd8-11ea-9ec6-c79e9f7e4420","Animalia","Chordata","Elasmobranchii","Carcharhiniformes","Carcharhinidae","Negaprion","Negaprion brevirostris",NA,"SPECIES","Negaprion brevirostris (Poey, 1868)","Negaprion brevirostris","(Poey, 1868)","US","","Florida","PRESENT",NA,"1d38bb22-cbea-4845-8b0c-f62551076080",24.6933,-82.770683,NA,NA,0,0,18.1,0,"2010-06-15",15,6,2010,2417919,2417919,"HUMAN_OBSERVATION","","","","","",NA,"CC0_1_0","","",NA,NA,2025-07-31 12:19:29.946,"","COORDINATE_ROUNDED;GEODETIC_DATUM_INVALID;GEODETIC_DATUM_ASSUMED_WGS84;REFERENCES_URI_INVALID"
2429291282,"50c9509d-22c7-4a22-a47d-8c48425ef4a7","https://www.inaturalist.org/observations/33557977","Animalia","Chordata","Elasmobranchii","Carcharhiniformes","Carcharhinidae","Negaprion","Negaprion brevirostris",NA,"SPECIES","Negaprion brevirostris (Poey, 1868)","Negaprion brevirostris","","US","","Georgia","PRESENT",NA,"28eb1a3f-1c15-4a95-931a-4af90ecb574d",31.318634,-81.33064,29252,NA,NA,NA,NA,NA,"2018-06-10T16:07",10,6,2018,2417919,2417919,"HUMAN_OBSERVATION","iNaturalist","Observations","33557977","","Clinton Duffy",2019-09-29 08:47:15,"CC_BY_NC_4_0","John C.","John C.",NA,NA,2025-08-03 04:20:13.997,"StillImage","COORDINATE_ROUNDED;CONTINENT_DERIVED_FROM_COORDINATES;TAXON_ID_NOT_FOUND"
2429289305,"50c9509d-22c7-4a22-a47d-8c48425ef4a7","https://www.inaturalist.org/observations/33557965","Animalia","Chordata","Elasmobranchii","Carcharhiniformes","Carcharhinidae","Negaprion","Negaprion brevirostris",NA,"SPECIES","Negaprion brevirostris (Poey, 1868)","Negaprion brevirostris","","US","","Georgia","PRESENT",NA,"28eb1a3f-1c15-4a95-931a-4af90ecb574d",31.321366,-81.345641,29252,NA,NA,NA,NA,NA,"2018-05-28T16:17",28,5,2018,2417919,2417919,"HUMAN_OBSERVATION","iNaturalist","Observations","33557965","","Clinton Duffy",2019-09-29 08:45:05,"CC_BY_NC_4_0","John C.","John C.",NA,NA,2025-08-03 04:20:14.509,"StillImage","COORDINATE_ROUNDED;CONTINENT_DERIVED_FROM_COORDINATES;TAXON_ID_NOT_FOUND"
2429288919,"50c9509d-22c7-4a22-a47d-8c48425ef4a7","https://www.inaturalist.org/observations/33557981","Animalia","Chordata","Elasmobranchii","Carcharhiniformes","Carcharhinidae","Negaprion","Negaprion brevirostris",NA,"SPECIES","Negaprion brevirostris (Poey, 1868)","Negaprion brevirostris","","US","","Georgia","PRESENT",NA,"28eb1a3f-1c15-4a95-931a-4af90ecb574d",31.246477,-81.351308,29252,NA,NA,NA,NA,NA,"2018-06-11T15:28",11,6,2018,2417919,2417919,"HUMAN_OBSERVATION","iNaturalist","Observations","33557981","","Clinton Duffy",2019-09-29 08:47:55,"CC_BY_NC_4_0","John C.","John C.",NA,NA,2025-08-03 00:47:09.748,"StillImage","COORDINATE_ROUNDED;CONTINENT_DERIVED_FROM_COORDINATES;TAXON_ID_NOT_FOUND"
2423063138,"50c9509d-22c7-4a22-a47d-8c48425ef4a7","https://www.inaturalist.org/observations/32698252","Animalia","Chordata","Elasmobranchii","Carcharhiniformes","Carcharhinidae","Negaprion","Negaprion brevirostris",NA,"SPECIES","Negaprion brevirostris (Poey, 1868)","Negaprion brevirostris","","US","","South Carolina","PRESENT",NA,"28eb1a3f-1c15-4a95-931a-4af90ecb574d",32.404784,-80.462839,29093,NA,NA,NA,NA,NA,"2019-09-14T09:50:08",14,9,2019,2417919,2417919,"HUMAN_OBSERVATION","iNaturalist","Observations","32698252","","Clinton Duffy",2019-09-14 18:15:22,"CC_BY_NC_4_0","plucas","plucas",NA,NA,2025-08-03 00:47:01.644,"StillImage","COORDINATE_ROUNDED;CONTINENT_DERIVED_FROM_COORDINATES;TAXON_ID_NOT_FOUND"
2331869902,"50c9509d-22c7-4a22-a47d-8c48425ef4a7","https://www.inaturalist.org/observations/30077724","Animalia","Chordata","Elasmobranchii","Carcharhiniformes","Carcharhinidae","Negaprion","Negaprion brevirostris",NA,"SPECIES","Negaprion brevirostris (Poey, 1868)","Negaprion brevirostris","","US","","Georgia","PRESENT",NA,"28eb1a3f-1c15-4a95-931a-4af90ecb574d",31.026938,-81.563166,29278,NA,NA,NA,NA,NA,"2015-07-09T22:05",9,7,2015,2417919,2417919,"HUMAN_OBSERVATION","iNaturalist","Observations","30077724","","Clinton Duffy",2019-08-03 01:57:24,"CC_BY_NC_4_0","John C.","John C.",NA,NA,2025-08-03 01:59:47.989,"StillImage","COORDINATE_ROUNDED;CONTINENT_DERIVED_FROM_COORDINATES;TAXON_ID_NOT_FOUND"
2311315154,"50c9509d-22c7-4a22-a47d-8c48425ef4a7","https://www.inaturalist.org/observations/29558693","Animalia","Chordata","Elasmobranchii","Carcharhiniformes","Carcharhinidae","Negaprion","Negaprion brevirostris",NA,"SPECIES","Negaprion brevirostris (Poey, 1868)","Negaprion brevirostris","","US","","Florida","PRESENT",NA,"28eb1a3f-1c15-4a95-931a-4af90ecb574d",27.487186,-82.685528,29727,NA,NA,NA,NA,NA,"2019-07-25T20:49:26",25,7,2019,2417919,2417919,"HUMAN_OBSERVATION","iNaturalist","Observations","29558693","","b_edm",2019-07-26 05:16:34,"CC_BY_NC_4_0","b_edm","b_edm",NA,NA,2025-08-03 03:01:22.25,"StillImage","COORDINATE_ROUNDED;CONTINENT_DERIVED_FROM_COORDINATES;TAXON_ID_NOT_FOUND"
2294468632,"50c9509d-22c7-4a22-a47d-8c48425ef4a7","https://www.inaturalist.org/observations/28719921","Animalia","Chordata","Elasmobranchii","Carcharhiniformes","Carcharhinidae","Negaprion","Negaprion brevirostris",NA,"SPECIES","Negaprion brevirostris (Poey, 1868)","Negaprion brevirostris","","US","","Florida","PRESENT",NA,"28eb1a3f-1c15-4a95-931a-4af90ecb574d",27.053322,-80.002015,29775,NA,NA,NA,NA,NA,"2014-12-30T16:30:08",30,12,2014,2417919,2417919,"HUMAN_OBSERVATION","iNaturalist","Observations","28719921","","shd1998",2019-07-13 08:57:59,"CC_BY_NC_4_0","shd1998","shd1998",NA,NA,2025-08-03 03:01:10.178,"StillImage","COORDINATE_ROUNDED;TAXON_ID_NOT_FOUND"
2283217500,"50c9509d-22c7-4a22-a47d-8c48425ef4a7","https://www.inaturalist.org/observations/28407501","Animalia","Chordata","Elasmobranchii","Carcharhiniformes","Carcharhinidae","Negaprion","Negaprion brevirostris",NA,"SPECIES","Negaprion brevirostris (Poey, 1868)","Negaprion brevirostris","","BS","","","PRESENT",NA,"28eb1a3f-1c15-4a95-931a-4af90ecb574d",26.976513,-78.460586,29798,NA,NA,NA,NA,NA,"2015-02-01T07:30",1,2,2015,2417919,2417919,"HUMAN_OBSERVATION","iNaturalist","Observations","28407501","","Nigel Marsh",2019-07-08 01:44:59,"CC_BY_NC_4_0","Nigel Marsh","Nigel Marsh",NA,NA,2025-08-03 00:46:00.91,"StillImage","COORDINATE_ROUNDED;COUNTRY_DERIVED_FROM_COORDINATES;TAXON_ID_NOT_FOUND"
2269292454,"50c9509d-22c7-4a22-a47d-8c48425ef4a7","https://www.inaturalist.org/observations/27190895","Animalia","Chordata","Elasmobranchii","Carcharhiniformes","Carcharhinidae","Negaprion","Negaprion brevirostris",NA,"SPECIES","Negaprion brevirostris (Poey, 1868)","Negaprion brevirostris","","US","","","PRESENT",NA,"28eb1a3f-1c15-4a95-931a-4af90ecb574d",26.959601,-79.920991,29798,NA,NA,NA,NA,NA,"2019-06-08",8,6,2019,2417919,2417919,"HUMAN_OBSERVATION","iNaturalist","Observations","27190895","","Alexis Korotasz",2019-06-18 02:42:51,"CC_BY_NC_4_0","Alexis Korotasz","Alexis Korotasz",NA,NA,2025-08-03 01:59:16.623,"StillImage","COORDINATE_ROUNDED;COUNTRY_DERIVED_FROM_COORDINATES;TAXON_ID_NOT_FOUND"
2013910394,"6c59c9b6-a3fa-4861-aab9-f188533298e7","FM:PE:0082","Animalia","Chordata","Elasmobranchii","Carcharhiniformes","Carcharhinidae","Negaprion","Negaprion brevirostris",NA,"SPECIES","Negaprion brevirostris (Poey, 1868)","Negaprion brevirostris","(Poey, 1868)","CO","490 kilómetros del Puerto de Buenaventura","Valle del Cauca","PRESENT",NA,"ef3ec46c-c2e6-4674-a663-77b334fa6003",3.999989,-81.6005,NA,NA,150,150,NA,NA,"2024",NA,NA,2024,2417919,2417919,"HUMAN_OBSERVATION","Fundación Malpelo y Otros Ecosistemas Marinos","","","PE82","",NA,"CC0_1_0","","",NA,NA,2025-08-03 09:24:12.754,"","COORDINATE_ROUNDED"
2006001297,"66f6192f-6cc0-45fd-a2d1-e76f5ae3eab2","diveboard:418691_994845_0","Animalia","Chordata","Elasmobranchii","Carcharhiniformes","Carcharhinidae","Negaprion","Negaprion brevirostris",NA,"SPECIES","Negaprion brevirostris (Poey, 1868)","Negaprion brevirostris (Poey, 1868)","","PF","Gardens Of Roses (Le Jardin Des Roses)","","PRESENT",NA,"1989b627-2a61-44db-83e4-392efc5da0a9",-17.4838,-149.879,100,NA,0,0,20.4,20.4,"2018-12-06T08:14Z",6,12,2018,2417919,2417919,"HUMAN_OBSERVATION","Diveboard","Diveboard","diveboard:418691_994845_0","","Eva Majerova",2018-12-06,"CC_BY_NC_4_0","Diveboard","Eva Majerova",NA,NA,2025-07-04 21:58:17.258,"","COORDINATE_REPROJECTION_SUSPICIOUS;CONTINENT_DERIVED_FROM_COORDINATES;TAXON_ID_NOT_FOUND"
2005311048,"50c9509d-22c7-4a22-a47d-8c48425ef4a7","https://www.inaturalist.org/observations/20270988","Animalia","Chordata","Elasmobranchii","Carcharhiniformes","Carcharhinidae","Negaprion","Negaprion brevirostris",NA,"SPECIES","Negaprion brevirostris (Poey, 1868)","Negaprion brevirostris","","US","","Florida","PRESENT",NA,"28eb1a3f-1c15-4a95-931a-4af90ecb574d",26.928185,-80.040157,29798,NA,NA,NA,NA,NA,"2019-02-08T10:00",8,2,2019,2417919,2417919,"HUMAN_OBSERVATION","iNaturalist","Observations","20270988","","Rebecca W",2019-02-11 02:43:55,"CC_BY_NC_4_0","Rebecca W","Rebecca W",NA,NA,2025-08-03 04:18:08.277,"StillImage","COORDINATE_ROUNDED;CONTINENT_DERIVED_FROM_COORDINATES;TAXON_ID_NOT_FOUND"
1946390330,"66f6192f-6cc0-45fd-a2d1-e76f5ae3eab2","diveboard:405459_994845_0","Animalia","Chordata","Elasmobranchii","Carcharhiniformes","Carcharhinidae","Negaprion","Negaprion brevirostris",NA,"SPECIES","Negaprion brevirostris (Poey, 1868)","Negaprion brevirostris (Poey, 1868)","","PF","Tapu","","PRESENT",NA,"1989b627-2a61-44db-83e4-392efc5da0a9",-16.5014,-151.785,100,NA,0,0,9.5,9.5,"2018-06-30T09:30Z",30,6,2018,2417919,2417919,"HUMAN_OBSERVATION","Diveboard","Diveboard","diveboard:405459_994845_0","","Tahiti Dive29",2018-06-30,"CC_BY_NC_4_0","Diveboard","Tahiti Dive29",NA,NA,2025-07-04 21:58:20.181,"","COORDINATE_REPROJECTION_SUSPICIOUS;CONTINENT_DERIVED_FROM_COORDINATES;TAXON_ID_NOT_FOUND"
1913347737,"8e4e5830-2f87-47d7-a265-3411f172a640","UNAL_UNIVALLE_INVEMAR_CORALINA:ICSerranilla2017:BI:Pec765","Animalia","Chordata","Elasmobranchii","Carcharhiniformes","Carcharhinidae","Negaprion","Negaprion brevirostris",NA,"SPECIES","Negaprion brevirostris (Poey, 1868)","Negaprion brevirostris","(Poey 1868)","CO","Isla Cayo Serranilla","Archipiélago de San Andrés, Providencia y Santa Catalina","PRESENT",NA,"eac88d99-9f6c-4031-8fc4-8088f0e0dfe7",15.870167,-79.875444,NA,NA,NA,NA,18,0,"2017-09-26",26,9,2017,2417919,2417919,"HUMAN_OBSERVATION","INVEMAR","NVIC_ICSerranilla2017_BI","NVIC_ICSerranilla2017:BI:Pec765","765","Arturo Acero-Pizarro;Andrea Polanco-Fernández;José-Julian Tavera;Nacor Bolaños-Cubillos",2017-09-26,"CC_BY_NC_4_0","INVEMAR","Arturo Acero-Pizarro;Andrea Polanco-Fernández;José-Julian Tavera;Nacor Bolaños-Cubillos",NA,NA,2025-08-03 00:42:51.291,"","COORDINATE_ROUNDED;CONTINENT_COORDINATE_MISMATCH"
1836660534,"50c9509d-22c7-4a22-a47d-8c48425ef4a7","https://www.inaturalist.org/observations/10322025","Animalia","Chordata","Elasmobranchii","Carcharhiniformes","Carcharhinidae","Negaprion","Negaprion brevirostris",NA,"SPECIES","Negaprion brevirostris (Poey, 1868)","Negaprion brevirostris","","BS","","West Grand Bahama","PRESENT",NA,"28eb1a3f-1c15-4a95-931a-4af90ecb574d",26.779774,-79.062236,29822,NA,NA,NA,NA,NA,"2008-06-05T22:48",5,6,2008,2417919,2417919,"HUMAN_OBSERVATION","iNaturalist","Observations","10322025","","desertnaturalist",2018-03-20 05:49:05,"CC_BY_NC_4_0","desertnaturalist","desertnaturalist",NA,NA,2025-08-03 03:00:26.738,"StillImage","COORDINATE_ROUNDED;CONTINENT_DERIVED_FROM_COORDINATES;TAXON_ID_NOT_FOUND"
1836660448,"50c9509d-22c7-4a22-a47d-8c48425ef4a7","https://www.inaturalist.org/observations/10322014","Animalia","Chordata","Elasmobranchii","Carcharhiniformes","Carcharhinidae","Negaprion","Negaprion brevirostris",NA,"SPECIES","Negaprion brevirostris (Poey, 1868)","Negaprion brevirostris","","BS","","West Grand Bahama","PRESENT",NA,"28eb1a3f-1c15-4a95-931a-4af90ecb574d",26.838913,-79.000973,29798,NA,NA,NA,NA,NA,"2008-06-05T22:45",5,6,2008,2417919,2417919,"HUMAN_OBSERVATION","iNaturalist","Observations","10322014","","desertnaturalist",2018-03-20 05:46:29,"CC_BY_NC_4_0","desertnaturalist","desertnaturalist",NA,NA,2025-08-03 02:58:30.33,"StillImage","COORDINATE_ROUNDED;CONTINENT_DERIVED_FROM_COORDINATES;TAXON_ID_NOT_FOUND"
1571553498,"66f6192f-6cc0-45fd-a2d1-e76f5ae3eab2","diveboard:366314_994845_0","Animalia","Chordata","Elasmobranchii","Carcharhiniformes","Carcharhinidae","Negaprion","Negaprion brevirostris",NA,"SPECIES","Negaprion brevirostris (Poey, 1868)","Negaprion brevirostris (Poey, 1868)","","PF","Vallée Des Pointes Blanches","","PRESENT",NA,"1989b627-2a61-44db-83e4-392efc5da0a9",-17.4848,-149.859,100,NA,0,0,12.65,12.65,"2017-07-04T10:53Z",4,7,2017,2417919,2417919,"HUMAN_OBSERVATION","Diveboard","Diveboard","diveboard:366314_994845_0","","Anonymous",2017-07-04,"CC_BY_NC_4_0","Diveboard","Anonymous",NA,NA,2025-07-04 21:58:19.226,"","COORDINATE_REPROJECTION_SUSPICIOUS;CONTINENT_DERIVED_FROM_COORDINATES;TAXON_ID_NOT_FOUND"
1306576334,"50c9509d-22c7-4a22-a47d-8c48425ef4a7","http://www.inaturalist.org/observations/3954606","Animalia","Chordata","Elasmobranchii","Carcharhiniformes","Carcharhinidae","Negaprion","Negaprion brevirostris",NA,"SPECIES","Negaprion brevirostris (Poey, 1868)","Negaprion brevirostris","","US","","Florida","PRESENT",NA,"28eb1a3f-1c15-4a95-931a-4af90ecb574d",26.584823,-82.064597,29845,NA,NA,NA,NA,NA,"2016-08-24T14:40",24,8,2016,2417919,2417919,"HUMAN_OBSERVATION","iNaturalist","Observations","3954606","","Ryan Martin",2016-08-24 18:42:27,"CC_BY_NC_4_0","Ryan Martin","Ryan Martin",NA,NA,2025-08-03 00:41:10.084,"StillImage","COORDINATE_ROUNDED;CONTINENT_DERIVED_FROM_COORDINATES;TAXON_ID_NOT_FOUND"
1291818739,"66f6192f-6cc0-45fd-a2d1-e76f5ae3eab2","diveboard:327542_994845_0","Animalia","Chordata","Elasmobranchii","Carcharhiniformes","Carcharhinidae","Negaprion","Negaprion brevirostris",NA,"SPECIES","Negaprion brevirostris (Poey, 1868)","Negaprion brevirostris (Poey, 1868)","","PF","White Valley","","PRESENT",NA,"1989b627-2a61-44db-83e4-392efc5da0a9",-17.5491,-149.632,100,NA,0,0,9.905,9.905,"2016-08-05T08:40Z",5,8,2016,2417919,2417919,"HUMAN_OBSERVATION","Diveboard","Diveboard","diveboard:327542_994845_0","","Anonymous",2016-08-05,"CC_BY_NC_4_0","Diveboard","Anonymous",NA,NA,2025-07-04 21:58:17.714,"","COORDINATE_REPROJECTION_SUSPICIOUS;CONTINENT_DERIVED_FROM_COORDINATES;TAXON_ID_NOT_FOUND"
1248889881,"66f6192f-6cc0-45fd-a2d1-e76f5ae3eab2","diveboard:300502_994845_0","Animalia","Chordata","Elasmobranchii","Carcharhiniformes","Carcharhinidae","Negaprion","Negaprion brevirostris",NA,"SPECIES","Negaprion brevirostris (Poey, 1868)","Negaprion brevirostris (Poey, 1868)","","PF","Miri Miri And Roses","","PRESENT",NA,"1989b627-2a61-44db-83e4-392efc5da0a9",-16.7382,-151.505,100,NA,0,0,11.5,11.5,"2006-08-19T09:00Z",19,8,2006,2417919,2417919,"HUMAN_OBSERVATION","Diveboard","Diveboard","diveboard:300502_994845_0","","Espritserein",2006-08-19,"CC_BY_NC_4_0","Diveboard","Espritserein",NA,NA,2025-07-04 21:58:15.918,"","COORDINATE_REPROJECTION_SUSPICIOUS;CONTINENT_DERIVED_FROM_COORDINATES;TAXON_ID_NOT_FOUND"
1058265677,"66f6192f-6cc0-45fd-a2d1-e76f5ae3eab2","diveboard:202195_994845_0","Animalia","Chordata","Elasmobranchii","Carcharhiniformes","Carcharhinidae","Negaprion","Negaprion brevirostris",NA,"SPECIES","Negaprion brevirostris (Poey, 1868)","Negaprion brevirostris (Poey, 1868)","","US","Gary's","","PRESENT",NA,"1989b627-2a61-44db-83e4-392efc5da0a9",26.9342,-80.0942,100,NA,0,0,13.66,13.66,"2015-01-19T10:57Z",19,1,2015,2417919,2417919,"HUMAN_OBSERVATION","Diveboard","Diveboard","diveboard:202195_994845_0","","Christian Jones",2015-01-19,"CC_BY_NC_4_0","Diveboard","Christian Jones",NA,NA,2025-07-04 21:58:21.594,"","COORDINATE_REPROJECTION_SUSPICIOUS;CONTINENT_DERIVED_FROM_COORDINATES;TAXON_ID_NOT_FOUND"
