"gbifID","datasetKey","occurrenceID","kingdom","phylum","class","order","family","genus","species","infraspecificEpithet","taxonRank","scientificName","verbatimScientificName","verbatimScientificNameAuthorship","countryCode","locality","stateProvince","occurrenceStatus","individualCount","publishingOrgKey","decimalLatitude","decimalLongitude","coordinateUncertaintyInMeters","coordinatePrecision","elevation","elevationAccuracy","depth","depthAccuracy","eventDate","day","month","year","taxonKey","speciesKey","basisOfRecord","institutionCode","collectionCode","catalogNumber","recordNumber","identifiedBy","dateIdentified","license","rightsHolder","recordedBy","typeStatus","establishmentMeans","lastInterpreted","mediaType","issue"
891733394,"50c9509d-22c7-4a22-a47d-8c48425ef4a7","http://www.inaturalist.org/observations/381203","Animalia","Chordata",NA,"Pleuronectiformes","Achiridae","Trinectes","Trinectes maculatus",NA,"SPECIES","Trinectes maculatus (Bloch & Schneider, 1801)","Trinectes maculatus","","US","","Maryland","PRESENT",NA,"28eb1a3f-1c15-4a95-931a-4af90ecb574d",38.733732,-76.243744,4633,NA,NA,NA,NA,NA,"2013-08-21T12:52:41",21,8,2013,2408252,2408252,"HUMAN_OBSERVATION","iNaturalist","Observations","381203",NA,"fm5050",2013-08-29 01:28:22,"CC_BY_NC_4_0","fm5050","fm5050",NA,NA,2025-06-07 02:30:43.446,"","CONTINENT_DERIVED_FROM_COORDINATES;TAXON_MATCH_TAXON_ID_IGNORED"
5168512811,"50c9509d-22c7-4a22-a47d-8c48425ef4a7","https://www.inaturalist.org/observations/283104777","Animalia","Chordata",NA,"Pleuronectiformes","Achiridae","Trinectes","Trinectes maculatus",NA,"SPECIES","Trinectes maculatus (Bloch & Schneider, 1801)","Trinectes maculatus","","US","","Florida","PRESENT",NA,"28eb1a3f-1c15-4a95-931a-4af90ecb574d",29.675204,-82.951757,165,NA,NA,NA,NA,NA,"2025-05-21T12:04",21,5,2025,2408252,2408252,"HUMAN_OBSERVATION","iNaturalist","Observations","283104777",NA,"C. Phillips",2025-05-22 11:27:35,"CC_BY_NC_4_0","C. Phillips","C. Phillips",NA,NA,2025-06-07 00:27:46.576,"StillImage","COORDINATE_ROUNDED;CONTINENT_DERIVED_FROM_COORDINATES;TAXON_MATCH_TAXON_ID_IGNORED"
5168337711,"50c9509d-22c7-4a22-a47d-8c48425ef4a7","https://www.inaturalist.org/observations/284263305","Animalia","Chordata",NA,"Pleuronectiformes","Achiridae","Trinectes","Trinectes maculatus",NA,"SPECIES","Trinectes maculatus (Bloch & Schneider, 1801)","Trinectes maculatus","","US","","Massachusetts","PRESENT",NA,"28eb1a3f-1c15-4a95-931a-4af90ecb574d",41.834295,-71.106138,182,NA,NA,NA,NA,NA,"2025-05-26T10:36:38",26,5,2025,2408252,2408252,"HUMAN_OBSERVATION","iNaturalist","Observations","284263305",NA,"cbarba",2025-05-26 14:38:50,"CC_BY_NC_4_0","cbarba","cbarba",NA,NA,2025-06-07 01:46:41.968,"StillImage","COORDINATE_ROUNDED;CONTINENT_DERIVED_FROM_COORDINATES;TAXON_MATCH_TAXON_ID_IGNORED"
5168136905,"50c9509d-22c7-4a22-a47d-8c48425ef4a7","https://www.inaturalist.org/observations/283103165","Animalia","Chordata",NA,"Pleuronectiformes","Achiridae","Trinectes","Trinectes maculatus",NA,"SPECIES","Trinectes maculatus (Bloch & Schneider, 1801)","Trinectes maculatus","","US","","Florida","PRESENT",NA,"28eb1a3f-1c15-4a95-931a-4af90ecb574d",29.675707,-82.951961,165,NA,NA,NA,NA,NA,"2025-05-21T11:56",21,5,2025,2408252,2408252,"HUMAN_OBSERVATION","iNaturalist","Observations","283103165",NA,"C. Phillips",2025-05-22 11:14:16,"CC_BY_NC_4_0","C. Phillips","C. Phillips",NA,NA,2025-06-07 03:01:39.358,"StillImage","COORDINATE_ROUNDED;CONTINENT_DERIVED_FROM_COORDINATES;TAXON_MATCH_TAXON_ID_IGNORED"
5167949526,"50c9509d-22c7-4a22-a47d-8c48425ef4a7","https://www.inaturalist.org/observations/265242618","Animalia","Chordata",NA,"Pleuronectiformes","Achiridae","Trinectes","Trinectes maculatus",NA,"SPECIES","Trinectes maculatus (Bloch & Schneider, 1801)","Trinectes maculatus","","US","","Florida","PRESENT",NA,"28eb1a3f-1c15-4a95-931a-4af90ecb574d",29.266312,-82.718113,125,NA,NA,NA,NA,NA,"2025-03-13T22:50:58",13,3,2025,2408252,2408252,"HUMAN_OBSERVATION","iNaturalist","Observations","265242618",NA,"TheCarnivoreConnection",2025-03-14 03:33:56,"CC_BY_NC_4_0","TheCarnivoreConnection","TheCarnivoreConnection",NA,NA,2025-06-07 00:43:31.349,"StillImage","COORDINATE_ROUNDED;CONTINENT_DERIVED_FROM_COORDINATES;TAXON_MATCH_TAXON_ID_IGNORED"
5167655581,"50c9509d-22c7-4a22-a47d-8c48425ef4a7","https://www.inaturalist.org/observations/284645758","Animalia","Chordata",NA,"Pleuronectiformes","Achiridae","Trinectes","Trinectes maculatus",NA,"SPECIES","Trinectes maculatus (Bloch & Schneider, 1801)","Trinectes maculatus","","EC","","Guayas","PRESENT",NA,"28eb1a3f-1c15-4a95-931a-4af90ecb574d",-2.664354,-80.25176,4,NA,NA,NA,NA,NA,"2025-05-27T10:48",27,5,2025,2408252,2408252,"HUMAN_OBSERVATION","iNaturalist","Observations","284645758",NA,"Jorge Leiton",2025-05-27 20:27:34,"CC_BY_NC_4_0","Jorge Leiton","Jorge Leiton",NA,NA,2025-06-07 01:08:18.964,"StillImage","COORDINATE_ROUNDED;CONTINENT_DERIVED_FROM_COORDINATES;TAXON_MATCH_TAXON_ID_IGNORED"
5167073150,"50c9509d-22c7-4a22-a47d-8c48425ef4a7","https://www.inaturalist.org/observations/283104357","Animalia","Chordata",NA,"Pleuronectiformes","Achiridae","Trinectes","Trinectes maculatus",NA,"SPECIES","Trinectes maculatus (Bloch & Schneider, 1801)","Trinectes maculatus","","US","","Florida","PRESENT",NA,"28eb1a3f-1c15-4a95-931a-4af90ecb574d",29.675735,-82.951864,165,NA,NA,NA,NA,NA,"2025-05-21T12:03",21,5,2025,2408252,2408252,"HUMAN_OBSERVATION","iNaturalist","Observations","283104357",NA,"C. Phillips",2025-05-22 11:24:08,"CC_BY_NC_4_0","C. Phillips","C. Phillips",NA,NA,2025-06-07 02:14:28.369,"StillImage","COORDINATE_ROUNDED;CONTINENT_DERIVED_FROM_COORDINATES;TAXON_MATCH_TAXON_ID_IGNORED"
5154937963,"50c9509d-22c7-4a22-a47d-8c48425ef4a7","https://www.inaturalist.org/observations/280355948","Animalia","Chordata",NA,"Pleuronectiformes","Achiridae","Trinectes","Trinectes maculatus",NA,"SPECIES","Trinectes maculatus (Bloch & Schneider, 1801)","Trinectes maculatus","","US","","New Jersey","PRESENT",NA,"28eb1a3f-1c15-4a95-931a-4af90ecb574d",39.017533,-74.7604,3,NA,NA,NA,NA,NA,"2025-05-11T15:43:46",11,5,2025,2408252,2408252,"HUMAN_OBSERVATION","iNaturalist","Observations","280355948",NA,"friedmummichog",2025-05-11 21:17:01,"CC_BY_NC_4_0","friedmummichog","friedmummichog",NA,NA,2025-06-07 01:52:28.692,"StillImage","COORDINATE_ROUNDED;CONTINENT_DERIVED_FROM_COORDINATES;TAXON_MATCH_TAXON_ID_IGNORED"
5154895932,"50c9509d-22c7-4a22-a47d-8c48425ef4a7","https://www.inaturalist.org/observations/279761374","Animalia","Chordata",NA,"Pleuronectiformes","Achiridae","Trinectes","Trinectes maculatus",NA,"SPECIES","Trinectes maculatus (Bloch & Schneider, 1801)","Trinectes maculatus","","US","","Alabama","PRESENT",NA,"28eb1a3f-1c15-4a95-931a-4af90ecb574d",30.258033,-88.169773,NA,NA,NA,NA,NA,NA,"2025-05-06T12:51",6,5,2025,2408252,2408252,"HUMAN_OBSERVATION","iNaturalist","Observations","279761374",NA,"Bette J Kauffman",2025-05-09 18:40:28,"CC_BY_NC_4_0","Bette J Kauffman","Bette J Kauffman",NA,NA,2025-06-07 02:14:16.137,"","COORDINATE_ROUNDED;CONTINENT_DERIVED_FROM_COORDINATES;TAXON_MATCH_TAXON_ID_IGNORED"
5154517536,"50c9509d-22c7-4a22-a47d-8c48425ef4a7","https://www.inaturalist.org/observations/279989670","Animalia","Chordata",NA,"Pleuronectiformes","Achiridae","Trinectes","Trinectes maculatus",NA,"SPECIES","Trinectes maculatus (Bloch & Schneider, 1801)","Trinectes maculatus","","US","","Florida","PRESENT",NA,"28eb1a3f-1c15-4a95-931a-4af90ecb574d",27.782805,-82.614503,6,NA,NA,NA,NA,NA,"2025-05-03T17:46:06",3,5,2025,2408252,2408252,"HUMAN_OBSERVATION","iNaturalist","Observations","279989670",NA,"dakoetap",2025-05-10 17:13:31,"CC_BY_NC_4_0","dakoetap","dakoetap",NA,NA,2025-06-07 01:19:38.244,"StillImage","COORDINATE_ROUNDED;CONTINENT_DERIVED_FROM_COORDINATES;TAXON_MATCH_TAXON_ID_IGNORED"
5154467022,"50c9509d-22c7-4a22-a47d-8c48425ef4a7","https://www.inaturalist.org/observations/273277468","Animalia","Chordata",NA,"Pleuronectiformes","Achiridae","Trinectes","Trinectes maculatus",NA,"SPECIES","Trinectes maculatus (Bloch & Schneider, 1801)","Trinectes maculatus","","US","","Maryland","PRESENT",NA,"28eb1a3f-1c15-4a95-931a-4af90ecb574d",38.442143,-77.13394,NA,NA,NA,NA,NA,NA,"2025-04-25T12:14:24",25,4,2025,2408252,2408252,"HUMAN_OBSERVATION","iNaturalist","Observations","273277468",NA,"Tim Emhoff",2025-04-25 18:29:18,"CC_BY_NC_4_0","Tim Emhoff","Tim Emhoff",NA,NA,2025-06-07 02:17:49.458,"StillImage","COORDINATE_ROUNDED;CONTINENT_DERIVED_FROM_COORDINATES;TAXON_MATCH_TAXON_ID_IGNORED"
5154398642,"50c9509d-22c7-4a22-a47d-8c48425ef4a7","https://www.inaturalist.org/observations/279780080","Animalia","Chordata",NA,"Pleuronectiformes","Achiridae","Trinectes","Trinectes maculatus",NA,"SPECIES","Trinectes maculatus (Bloch & Schneider, 1801)","Trinectes maculatus","","US","","Florida","PRESENT",NA,"28eb1a3f-1c15-4a95-931a-4af90ecb574d",27.907218,-82.819656,112,NA,NA,NA,NA,NA,"2025-05-09T16:03:36",9,5,2025,2408252,2408252,"HUMAN_OBSERVATION","iNaturalist","Observations","279780080",NA,"sisor",2025-05-09 20:11:38,"CC_BY_NC_4_0","Wayne Collins","Wayne Collins",NA,NA,2025-06-07 02:11:57.052,"StillImage","COORDINATE_ROUNDED;CONTINENT_DERIVED_FROM_COORDINATES;TAXON_MATCH_TAXON_ID_IGNORED"
5153761898,"50c9509d-22c7-4a22-a47d-8c48425ef4a7","https://www.inaturalist.org/observations/280542494","Animalia","Chordata",NA,"Pleuronectiformes","Achiridae","Trinectes","Trinectes maculatus",NA,"SPECIES","Trinectes maculatus (Bloch & Schneider, 1801)","Trinectes maculatus","","US","","Louisiana","PRESENT",NA,"28eb1a3f-1c15-4a95-931a-4af90ecb574d",30.044033,-90.086634,4993,NA,NA,NA,NA,NA,"2025-04-28T10:34:48",28,4,2025,2408252,2408252,"HUMAN_OBSERVATION","iNaturalist","Observations","280542494",NA,"hoss52",2025-05-12 15:09:55,"CC_BY_NC_4_0","hoss52","hoss52",NA,NA,2025-06-07 01:57:47.336,"StillImage","COORDINATE_ROUNDED;CONTINENT_DERIVED_FROM_COORDINATES;TAXON_MATCH_TAXON_ID_IGNORED"
5153600442,"50c9509d-22c7-4a22-a47d-8c48425ef4a7","https://www.inaturalist.org/observations/276784546","Animalia","Chordata",NA,"Pleuronectiformes","Achiridae","Trinectes","Trinectes maculatus",NA,"SPECIES","Trinectes maculatus (Bloch & Schneider, 1801)","Trinectes maculatus","","US","","Maryland","PRESENT",NA,"28eb1a3f-1c15-4a95-931a-4af90ecb574d",38.444948,-76.453277,77,NA,NA,NA,NA,NA,"2025-04-27T16:16:06",27,4,2025,2408252,2408252,"HUMAN_OBSERVATION","iNaturalist","Observations","276784546",NA,"Karyn Molines Ccnrd",2025-04-29 22:20:23,"CC_BY_4_0","Karyn Molines Ccnrd","Karyn Molines Ccnrd",NA,NA,2025-06-07 01:09:51.895,"StillImage","COORDINATE_ROUNDED;CONTINENT_DERIVED_FROM_COORDINATES;TAXON_MATCH_TAXON_ID_IGNORED"
5153222984,"50c9509d-22c7-4a22-a47d-8c48425ef4a7","https://www.inaturalist.org/observations/280235078","Animalia","Chordata",NA,"Pleuronectiformes","Achiridae","Trinectes","Trinectes maculatus",NA,"SPECIES","Trinectes maculatus (Bloch & Schneider, 1801)","Trinectes maculatus","","US","","Florida","PRESENT",NA,"28eb1a3f-1c15-4a95-931a-4af90ecb574d",27.098352,-82.33424,21,NA,NA,NA,NA,NA,"2025-05-11T10:29:45",11,5,2025,2408252,2408252,"HUMAN_OBSERVATION","iNaturalist","Observations","280235078",NA,"zachs",2025-05-11 17:16:54,"CC_BY_NC_4_0","Greg Imhof","Greg Imhof",NA,NA,2025-06-07 01:43:52.182,"StillImage","COORDINATE_ROUNDED;CONTINENT_DERIVED_FROM_COORDINATES;TAXON_MATCH_TAXON_ID_IGNORED"
5153181359,"50c9509d-22c7-4a22-a47d-8c48425ef4a7","https://www.inaturalist.org/observations/278528988","Animalia","Chordata",NA,"Pleuronectiformes","Achiridae","Trinectes","Trinectes maculatus",NA,"SPECIES","Trinectes maculatus (Bloch & Schneider, 1801)","Trinectes maculatus","","US","","Florida","PRESENT",NA,"28eb1a3f-1c15-4a95-931a-4af90ecb574d",29.837224,-82.703774,8,NA,NA,NA,NA,NA,"2025-05-01T16:06",1,5,2025,2408252,2408252,"HUMAN_OBSERVATION","iNaturalist","Observations","278528988",NA,"alexparry",2025-05-04 20:30:20,"CC_BY_NC_4_0","alexparry","alexparry",NA,NA,2025-06-07 02:08:39.966,"StillImage","COORDINATE_ROUNDED;CONTINENT_DERIVED_FROM_COORDINATES;TAXON_MATCH_TAXON_ID_IGNORED"
5140691013,"50c9509d-22c7-4a22-a47d-8c48425ef4a7","https://www.inaturalist.org/observations/275300584","Animalia","Chordata",NA,"Pleuronectiformes","Achiridae","Trinectes","Trinectes maculatus",NA,"SPECIES","Trinectes maculatus (Bloch & Schneider, 1801)","Trinectes maculatus","","US","","Maryland","PRESENT",NA,"28eb1a3f-1c15-4a95-931a-4af90ecb574d",38.444847,-76.452705,4,NA,NA,NA,NA,NA,"2025-04-27T15:42:31",27,4,2025,2408252,2408252,"HUMAN_OBSERVATION","iNaturalist","Observations","275300584",NA,"willet63",2025-04-28 02:47:13,"CC_BY_NC_4_0","willet63","willet63",NA,NA,2025-06-07 00:41:51.51,"StillImage","COORDINATE_ROUNDED;CONTINENT_DERIVED_FROM_COORDINATES;TAXON_MATCH_TAXON_ID_IGNORED"
5140450732,"50c9509d-22c7-4a22-a47d-8c48425ef4a7","https://www.inaturalist.org/observations/273582379","Animalia","Chordata",NA,"Pleuronectiformes","Achiridae","Trinectes","Trinectes maculatus",NA,"SPECIES","Trinectes maculatus (Bloch & Schneider, 1801)","Trinectes maculatus","","US","","Florida","PRESENT",NA,"28eb1a3f-1c15-4a95-931a-4af90ecb574d",27.511954,-82.363787,106,NA,NA,NA,NA,NA,"2025-04-25T16:14:29",25,4,2025,2408252,2408252,"HUMAN_OBSERVATION","iNaturalist","Observations","273582379",NA,"Squidpastry",2025-04-27 01:50:05,"CC_BY_NC_4_0","lefua","lefua",NA,NA,2025-06-07 03:16:12.866,"StillImage","COORDINATE_ROUNDED;CONTINENT_DERIVED_FROM_COORDINATES;TAXON_MATCH_TAXON_ID_IGNORED"
5140388052,"50c9509d-22c7-4a22-a47d-8c48425ef4a7","https://www.inaturalist.org/observations/273608824","Animalia","Chordata",NA,"Pleuronectiformes","Achiridae","Trinectes","Trinectes maculatus",NA,"SPECIES","Trinectes maculatus (Bloch & Schneider, 1801)","Trinectes maculatus","","US","","Florida","PRESENT",NA,"28eb1a3f-1c15-4a95-931a-4af90ecb574d",27.51179,-82.363623,87,NA,NA,NA,NA,NA,"2025-04-25T16:21:58",25,4,2025,2408252,2408252,"HUMAN_OBSERVATION","iNaturalist","Observations","273608824",NA,"Squidpastry",2025-04-27 01:48:40,"CC_BY_NC_4_0","lefua","lefua",NA,NA,2025-06-07 03:01:48.487,"StillImage","COORDINATE_ROUNDED;CONTINENT_DERIVED_FROM_COORDINATES;TAXON_MATCH_TAXON_ID_IGNORED"
5140362754,"50c9509d-22c7-4a22-a47d-8c48425ef4a7","https://www.inaturalist.org/observations/273581996","Animalia","Chordata",NA,"Pleuronectiformes","Achiridae","Trinectes","Trinectes maculatus",NA,"SPECIES","Trinectes maculatus (Bloch & Schneider, 1801)","Trinectes maculatus","","US","","Florida","PRESENT",NA,"28eb1a3f-1c15-4a95-931a-4af90ecb574d",27.511979,-82.363721,57,NA,NA,NA,NA,NA,"2025-04-25T16:01:54",25,4,2025,2408252,2408252,"HUMAN_OBSERVATION","iNaturalist","Observations","273581996",NA,"Squidpastry",2025-04-27 01:50:14,"CC_BY_NC_4_0","lefua","lefua",NA,NA,2025-06-07 00:20:10.436,"StillImage","COORDINATE_ROUNDED;CONTINENT_DERIVED_FROM_COORDINATES;TAXON_MATCH_TAXON_ID_IGNORED"
5140287211,"50c9509d-22c7-4a22-a47d-8c48425ef4a7","https://www.inaturalist.org/observations/273434677","Animalia","Chordata",NA,"Pleuronectiformes","Achiridae","Trinectes","Trinectes maculatus",NA,"SPECIES","Trinectes maculatus (Bloch & Schneider, 1801)","Trinectes maculatus","","US","","Florida","PRESENT",NA,"28eb1a3f-1c15-4a95-931a-4af90ecb574d",27.512106,-82.363891,15,NA,NA,NA,NA,NA,"2025-04-25T15:52:01",25,4,2025,2408252,2408252,"HUMAN_OBSERVATION","iNaturalist","Observations","273434677",NA,"Squidpastry",2025-04-27 01:48:50,"CC_BY_NC_4_0","lefua","lefua",NA,NA,2025-06-07 02:17:54.219,"StillImage","COORDINATE_ROUNDED;CONTINENT_DERIVED_FROM_COORDINATES;TAXON_MATCH_TAXON_ID_IGNORED"
5134685806,"50c9509d-22c7-4a22-a47d-8c48425ef4a7","https://www.inaturalist.org/observations/269471212","Animalia","Chordata",NA,"Pleuronectiformes","Achiridae","Trinectes","Trinectes maculatus",NA,"SPECIES","Trinectes maculatus (Bloch & Schneider, 1801)","Trinectes maculatus","","US","","Alabama","PRESENT",NA,"28eb1a3f-1c15-4a95-931a-4af90ecb574d",30.246042,-88.018928,7,NA,NA,NA,NA,NA,"2025-04-05T14:11:08",5,4,2025,2408252,2408252,"HUMAN_OBSERVATION","iNaturalist","Observations","269471212",NA,"kaitlynrotton",2025-04-09 16:07:14,"CC_BY_NC_4_0","kaitlynrotton","kaitlynrotton",NA,NA,2025-06-07 02:08:25.559,"StillImage","COORDINATE_ROUNDED;CONTINENT_DERIVED_FROM_COORDINATES;TAXON_MATCH_TAXON_ID_IGNORED"
5134410237,"50c9509d-22c7-4a22-a47d-8c48425ef4a7","https://www.inaturalist.org/observations/269394304","Animalia","Chordata",NA,"Pleuronectiformes","Achiridae","Trinectes","Trinectes maculatus",NA,"SPECIES","Trinectes maculatus (Bloch & Schneider, 1801)","Trinectes maculatus","","US","","Virginia","PRESENT",NA,"28eb1a3f-1c15-4a95-931a-4af90ecb574d",37.409258,-76.703187,NA,NA,NA,NA,NA,NA,"2025-03-12T16:37:43",12,3,2025,2408252,2408252,"HUMAN_OBSERVATION","iNaturalist","Observations","269394304",NA,"mycomook",2025-04-09 03:02:10,"CC_BY_NC_4_0","mycomook","mycomook",NA,NA,2025-06-07 00:04:44.75,"StillImage","COORDINATE_ROUNDED;CONTINENT_DERIVED_FROM_COORDINATES;TAXON_MATCH_TAXON_ID_IGNORED"
5134222347,"50c9509d-22c7-4a22-a47d-8c48425ef4a7","https://www.inaturalist.org/observations/271309163","Animalia","Chordata",NA,"Pleuronectiformes","Achiridae","Trinectes","Trinectes maculatus",NA,"SPECIES","Trinectes maculatus (Bloch & Schneider, 1801)","Trinectes maculatus","","US","","Florida","PRESENT",NA,"28eb1a3f-1c15-4a95-931a-4af90ecb574d",25.902703,-81.26217,20,NA,NA,NA,NA,NA,"2025-04-18T13:19:47",18,4,2025,2408252,2408252,"HUMAN_OBSERVATION","iNaturalist","Observations","271309163",NA,"Kenneth",2025-04-18 22:50:23,"CC_BY_NC_4_0","plawrynpx","plawrynpx",NA,NA,2025-06-07 02:50:03.649,"StillImage","COORDINATE_ROUNDED;CONTINENT_DERIVED_FROM_COORDINATES;TAXON_MATCH_TAXON_ID_IGNORED"
5134067200,"50c9509d-22c7-4a22-a47d-8c48425ef4a7","https://www.inaturalist.org/observations/268567201","Animalia","Chordata",NA,"Pleuronectiformes","Achiridae","Trinectes","Trinectes maculatus",NA,"SPECIES","Trinectes maculatus (Bloch & Schneider, 1801)","Trinectes maculatus","","US","","Florida","PRESENT",NA,"28eb1a3f-1c15-4a95-931a-4af90ecb574d",29.588055,-82.935788,9,NA,NA,NA,NA,NA,"2025-03-12T13:26:57",12,3,2025,2408252,2408252,"HUMAN_OBSERVATION","iNaturalist","Observations","268567201",NA,"goddesskekeexgoddessfreya",2025-04-04 16:05:29,"CC_BY_NC_4_0","goddesskekeexgoddessfreya","goddesskekeexgoddessfreya",NA,NA,2025-06-07 01:05:03.026,"StillImage","COORDINATE_ROUNDED;CONTINENT_DERIVED_FROM_COORDINATES;TAXON_MATCH_TAXON_ID_IGNORED"
5108535394,"50c9509d-22c7-4a22-a47d-8c48425ef4a7","https://www.inaturalist.org/observations/267813357","Animalia","Chordata",NA,"Pleuronectiformes","Achiridae","Trinectes","Trinectes maculatus",NA,"SPECIES","Trinectes maculatus (Bloch & Schneider, 1801)","Trinectes maculatus","","US","","Florida","PRESENT",NA,"28eb1a3f-1c15-4a95-931a-4af90ecb574d",27.380024,-81.784168,NA,NA,NA,NA,NA,NA,"2025-03-30T14:31:48",30,3,2025,2408252,2408252,"HUMAN_OBSERVATION","iNaturalist","Observations","267813357",NA,"Perry everett",2025-03-30 23:45:33,"CC_BY_NC_4_0","Perry everett","Perry everett",NA,NA,2025-06-07 01:45:10.745,"StillImage","COORDINATE_ROUNDED;CONTINENT_DERIVED_FROM_COORDINATES;TAXON_MATCH_TAXON_ID_IGNORED"
5087945114,"50c9509d-22c7-4a22-a47d-8c48425ef4a7","https://www.inaturalist.org/observations/265069316","Animalia","Chordata",NA,"Pleuronectiformes","Achiridae","Trinectes","Trinectes maculatus",NA,"SPECIES","Trinectes maculatus (Bloch & Schneider, 1801)","Trinectes maculatus","","US","","Florida","PRESENT",NA,"28eb1a3f-1c15-4a95-931a-4af90ecb574d",29.587903,-82.935755,9,NA,NA,NA,NA,NA,"2025-03-06T10:30:09",6,3,2025,2408252,2408252,"HUMAN_OBSERVATION","iNaturalist","Observations","265069316",NA,"goddesskekeexgoddessfreya",2025-03-12 17:27:05,"CC_BY_NC_4_0","goddesskekeexgoddessfreya","goddesskekeexgoddessfreya",NA,NA,2025-06-07 00:19:17.227,"StillImage","COORDINATE_ROUNDED;CONTINENT_DERIVED_FROM_COORDINATES;TAXON_MATCH_TAXON_ID_IGNORED"
5087924775,"50c9509d-22c7-4a22-a47d-8c48425ef4a7","https://www.inaturalist.org/observations/264976157","Animalia","Chordata",NA,"Pleuronectiformes","Achiridae","Trinectes","Trinectes maculatus",NA,"SPECIES","Trinectes maculatus (Bloch & Schneider, 1801)","Trinectes maculatus","","US","","Florida","PRESENT",NA,"28eb1a3f-1c15-4a95-931a-4af90ecb574d",26.049542,-81.701472,9,NA,NA,NA,NA,NA,"2025-03-11T09:50:30",11,3,2025,2408252,2408252,"HUMAN_OBSERVATION","iNaturalist","Observations","264976157",NA,"plawrynpx",2025-03-11 21:28:34,"CC_BY_NC_4_0","plawrynpx","plawrynpx",NA,NA,2025-06-07 01:03:15.341,"StillImage","COORDINATE_ROUNDED;CONTINENT_DERIVED_FROM_COORDINATES;TAXON_MATCH_TAXON_ID_IGNORED"
5087559317,"50c9509d-22c7-4a22-a47d-8c48425ef4a7","https://www.inaturalist.org/observations/263882263","Animalia","Chordata",NA,"Pleuronectiformes","Achiridae","Trinectes","Trinectes maculatus",NA,"SPECIES","Trinectes maculatus (Bloch & Schneider, 1801)","Trinectes maculatus","","US","","Alabama","PRESENT",NA,"28eb1a3f-1c15-4a95-931a-4af90ecb574d",30.340957,-87.46947,4944,NA,NA,NA,NA,NA,"2022-08-11T16:50:06",11,8,2022,2408252,2408252,"HUMAN_OBSERVATION","iNaturalist","Observations","263882263",NA,"Max Olejniczak",2025-03-04 16:44:30,"CC_BY_NC_4_0","jolietjack","jolietjack",NA,NA,2025-06-07 00:36:57.136,"StillImage","COORDINATE_ROUNDED;CONTINENT_DERIVED_FROM_COORDINATES;TAXON_MATCH_TAXON_ID_IGNORED"
5087250568,"50c9509d-22c7-4a22-a47d-8c48425ef4a7","https://www.inaturalist.org/observations/262770817","Animalia","Chordata",NA,"Pleuronectiformes","Achiridae","Trinectes","Trinectes maculatus",NA,"SPECIES","Trinectes maculatus (Bloch & Schneider, 1801)","Trinectes maculatus","","US","","Florida","PRESENT",NA,"28eb1a3f-1c15-4a95-931a-4af90ecb574d",29.253238,-82.724725,3,NA,NA,NA,NA,NA,"2025-02-22T12:19:31",22,2,2025,2408252,2408252,"HUMAN_OBSERVATION","iNaturalist","Observations","262770817",NA,"trouted",2025-02-25 01:44:19,"CC_BY_NC_4_0","jennniferzheng","jennniferzheng",NA,NA,2025-06-07 02:51:58.703,"StillImage","COORDINATE_ROUNDED;CONTINENT_DERIVED_FROM_COORDINATES;TAXON_MATCH_TAXON_ID_IGNORED"
5077090306,"50c9509d-22c7-4a22-a47d-8c48425ef4a7","https://www.inaturalist.org/observations/262856524","Animalia","Chordata",NA,"Pleuronectiformes","Achiridae","Trinectes","Trinectes maculatus",NA,"SPECIES","Trinectes maculatus (Bloch & Schneider, 1801)","Trinectes maculatus","","US","","Florida","PRESENT",NA,"28eb1a3f-1c15-4a95-931a-4af90ecb574d",27.548853,-81.796342,1955,NA,NA,NA,NA,NA,"2025-02-23T14:17:40",23,2,2025,2408252,2408252,"HUMAN_OBSERVATION","iNaturalist","Observations","262856524",NA,"eli1999",2025-02-23 20:32:57,"CC_BY_NC_4_0","eli1999","eli1999",NA,NA,2025-06-07 00:36:43.279,"StillImage","COORDINATE_ROUNDED;CONTINENT_DERIVED_FROM_COORDINATES;TAXON_MATCH_TAXON_ID_IGNORED"
5076745665,"50c9509d-22c7-4a22-a47d-8c48425ef4a7","https://www.inaturalist.org/observations/118543830","Animalia","Chordata",NA,"Pleuronectiformes","Achiridae","Trinectes","Trinectes maculatus",NA,"SPECIES","Trinectes maculatus (Bloch & Schneider, 1801)","Trinectes maculatus","","US","","Georgia","PRESENT",NA,"28eb1a3f-1c15-4a95-931a-4af90ecb574d",31.476585,-81.240869,9009,NA,NA,NA,NA,NA,"2022-05-24",24,5,2022,2408252,2408252,"HUMAN_OBSERVATION","iNaturalist","Observations","118543830",NA,"Elizabeth_Singh",2022-07-21 15:44:47,"CC_BY_NC_4_0","Elizabeth_Singh","Elizabeth_Singh",NA,NA,2025-06-07 02:42:47.979,"StillImage","COORDINATE_ROUNDED;CONTINENT_DERIVED_FROM_COORDINATES;TAXON_MATCH_TAXON_ID_IGNORED"
5070011071,"50c9509d-22c7-4a22-a47d-8c48425ef4a7","https://www.inaturalist.org/observations/262025423","Animalia","Chordata",NA,"Pleuronectiformes","Achiridae","Trinectes","Trinectes maculatus",NA,"SPECIES","Trinectes maculatus (Bloch & Schneider, 1801)","Trinectes maculatus","","US","","Florida","PRESENT",NA,"28eb1a3f-1c15-4a95-931a-4af90ecb574d",27.618825,-81.803933,9,NA,NA,NA,NA,NA,"2025-02-16T15:51:29",16,2,2025,2408252,2408252,"HUMAN_OBSERVATION","iNaturalist","Observations","262025423",NA,"Austin Bow",2025-02-17 20:51:02,"CC_BY_NC_4_0","Austin Bow","Austin Bow",NA,NA,2025-06-07 01:37:11.29,"StillImage","COORDINATE_ROUNDED;CONTINENT_DERIVED_FROM_COORDINATES;TAXON_MATCH_TAXON_ID_IGNORED"
5064045303,"50c9509d-22c7-4a22-a47d-8c48425ef4a7","https://www.inaturalist.org/observations/261041053","Animalia","Chordata",NA,"Pleuronectiformes","Achiridae","Trinectes","Trinectes maculatus",NA,"SPECIES","Trinectes maculatus (Bloch & Schneider, 1801)","Trinectes maculatus","","US","","Florida","PRESENT",NA,"28eb1a3f-1c15-4a95-931a-4af90ecb574d",27.297799,-81.846763,30,NA,NA,NA,NA,NA,"2025-02-08T12:53:17",8,2,2025,2408252,2408252,"HUMAN_OBSERVATION","iNaturalist","Observations","261041053",NA,"shawnphoenix",2025-02-08 21:30:41,"CC_BY_NC_4_0","shawnphoenix","shawnphoenix",NA,NA,2025-06-07 00:21:37.277,"StillImage","COORDINATE_ROUNDED;CONTINENT_DERIVED_FROM_COORDINATES;TAXON_MATCH_TAXON_ID_IGNORED"
5064032411,"50c9509d-22c7-4a22-a47d-8c48425ef4a7","https://www.inaturalist.org/observations/261040830","Animalia","Chordata",NA,"Pleuronectiformes","Achiridae","Trinectes","Trinectes maculatus",NA,"SPECIES","Trinectes maculatus (Bloch & Schneider, 1801)","Trinectes maculatus","","US","","Florida","PRESENT",NA,"28eb1a3f-1c15-4a95-931a-4af90ecb574d",27.297787,-81.846762,34,NA,NA,NA,NA,NA,"2025-02-08T13:42:27",8,2,2025,2408252,2408252,"HUMAN_OBSERVATION","iNaturalist","Observations","261040830",NA,"shawnphoenix",2025-02-08 21:28:07,"CC_BY_NC_4_0","shawnphoenix","shawnphoenix",NA,NA,2025-06-07 02:04:24.593,"StillImage","COORDINATE_ROUNDED;CONTINENT_DERIVED_FROM_COORDINATES;TAXON_MATCH_TAXON_ID_IGNORED"
5063939127,"50c9509d-22c7-4a22-a47d-8c48425ef4a7","https://www.inaturalist.org/observations/261040719","Animalia","Chordata",NA,"Pleuronectiformes","Achiridae","Trinectes","Trinectes maculatus",NA,"SPECIES","Trinectes maculatus (Bloch & Schneider, 1801)","Trinectes maculatus","","US","","Florida","PRESENT",NA,"28eb1a3f-1c15-4a95-931a-4af90ecb574d",27.296672,-81.848329,22,NA,NA,NA,NA,NA,"2025-02-08T13:42:39",8,2,2025,2408252,2408252,"HUMAN_OBSERVATION","iNaturalist","Observations","261040719",NA,"shawnphoenix",2025-02-08 21:28:15,"CC_BY_NC_4_0","shawnphoenix","shawnphoenix",NA,NA,2025-06-07 01:25:39.696,"StillImage","COORDINATE_ROUNDED;CONTINENT_DERIVED_FROM_COORDINATES;TAXON_MATCH_TAXON_ID_IGNORED"
5063913274,"50c9509d-22c7-4a22-a47d-8c48425ef4a7","https://www.inaturalist.org/observations/261040998","Animalia","Chordata",NA,"Pleuronectiformes","Achiridae","Trinectes","Trinectes maculatus",NA,"SPECIES","Trinectes maculatus (Bloch & Schneider, 1801)","Trinectes maculatus","","US","","Florida","PRESENT",NA,"28eb1a3f-1c15-4a95-931a-4af90ecb574d",27.296734,-81.848297,69,NA,NA,NA,NA,NA,"2025-02-08T12:51:49",8,2,2025,2408252,2408252,"HUMAN_OBSERVATION","iNaturalist","Observations","261040998",NA,"shawnphoenix",2025-02-08 21:29:51,"CC_BY_NC_4_0","shawnphoenix","shawnphoenix",NA,NA,2025-06-07 00:35:20.635,"StillImage","COORDINATE_ROUNDED;CONTINENT_DERIVED_FROM_COORDINATES;TAXON_MATCH_TAXON_ID_IGNORED"
5063898324,"50c9509d-22c7-4a22-a47d-8c48425ef4a7","https://www.inaturalist.org/observations/260666860","Animalia","Chordata",NA,"Pleuronectiformes","Achiridae","Trinectes","Trinectes maculatus",NA,"SPECIES","Trinectes maculatus (Bloch & Schneider, 1801)","Trinectes maculatus","","US","","Florida","PRESENT",NA,"28eb1a3f-1c15-4a95-931a-4af90ecb574d",28.614044,-80.805725,210,NA,NA,NA,NA,NA,"2025-02-04T10:40",4,2,2025,2408252,2408252,"HUMAN_OBSERVATION","iNaturalist","Observations","260666860",NA,"gpete",2025-02-05 02:07:26,"CC_BY_4_0","gpete","gpete",NA,NA,2025-06-07 01:53:18.785,"StillImage","COORDINATE_ROUNDED;CONTINENT_DERIVED_FROM_COORDINATES;TAXON_MATCH_TAXON_ID_IGNORED"
5063198567,"50c9509d-22c7-4a22-a47d-8c48425ef4a7","https://www.inaturalist.org/observations/258940938","Animalia","Chordata",NA,"Pleuronectiformes","Achiridae","Trinectes","Trinectes maculatus",NA,"SPECIES","Trinectes maculatus (Bloch & Schneider, 1801)","Trinectes maculatus","","US","","Florida","PRESENT",NA,"28eb1a3f-1c15-4a95-931a-4af90ecb574d",27.79585,-82.349663,7,NA,NA,NA,NA,NA,"2025-01-18T13:18:20",18,1,2025,2408252,2408252,"HUMAN_OBSERVATION","iNaturalist","Observations","258940938",NA,"wattapik",2025-01-19 13:09:51,"CC_BY_NC_4_0","wattapik","wattapik",NA,NA,2025-06-07 00:56:55.812,"StillImage","COORDINATE_ROUNDED;CONTINENT_DERIVED_FROM_COORDINATES;TAXON_MATCH_TAXON_ID_IGNORED"
5007978841,"50c9509d-22c7-4a22-a47d-8c48425ef4a7","https://www.inaturalist.org/observations/255232488","Animalia","Chordata",NA,"Pleuronectiformes","Achiridae","Trinectes","Trinectes maculatus",NA,"SPECIES","Trinectes maculatus (Bloch & Schneider, 1801)","Trinectes maculatus","","US","","Florida","PRESENT",NA,"28eb1a3f-1c15-4a95-931a-4af90ecb574d",27.511893,-82.36387,151,NA,NA,NA,NA,NA,"2024-12-14T12:30:26",14,12,2024,2408252,2408252,"HUMAN_OBSERVATION","iNaturalist","Observations","255232488",NA,"Austin Kaplan",2024-12-15 23:30:38,"CC_BY_NC_4_0","Austin Kaplan","Austin Kaplan",NA,NA,2025-06-07 00:20:42.719,"StillImage","COORDINATE_ROUNDED;CONTINENT_DERIVED_FROM_COORDINATES;TAXON_MATCH_TAXON_ID_IGNORED"
5007794915,"50c9509d-22c7-4a22-a47d-8c48425ef4a7","https://www.inaturalist.org/observations/181996058","Animalia","Chordata",NA,"Pleuronectiformes","Achiridae","Trinectes","Trinectes maculatus",NA,"SPECIES","Trinectes maculatus (Bloch & Schneider, 1801)","Trinectes maculatus","","US","","Maryland","PRESENT",NA,"28eb1a3f-1c15-4a95-931a-4af90ecb574d",38.265835,-75.916943,31,NA,NA,NA,NA,NA,"2023-09-05T12:39",5,9,2023,2408252,2408252,"HUMAN_OBSERVATION","iNaturalist","Observations","181996058",NA,"ecovore",2023-09-06 01:55:54,"CC_BY_4_0","ecovore","ecovore",NA,NA,2025-06-07 01:32:03.755,"StillImage","COORDINATE_ROUNDED;CONTINENT_DERIVED_FROM_COORDINATES;TAXON_MATCH_TAXON_ID_IGNORED"
5007406544,"50c9509d-22c7-4a22-a47d-8c48425ef4a7","https://www.inaturalist.org/observations/255548287","Animalia","Chordata",NA,"Pleuronectiformes","Achiridae","Trinectes","Trinectes maculatus",NA,"SPECIES","Trinectes maculatus (Bloch & Schneider, 1801)","Trinectes maculatus","","US","","Mississippi","PRESENT",NA,"28eb1a3f-1c15-4a95-931a-4af90ecb574d",31.351953,-89.297795,61,NA,NA,NA,NA,NA,"2022-02-23T11:48",23,2,2022,2408252,2408252,"HUMAN_OBSERVATION","iNaturalist","Observations","255548287",NA,"Noah Daun",2024-12-19 01:39:07,"CC_BY_NC_4_0","Noah Daun","Noah Daun",NA,NA,2025-06-07 01:28:52.681,"StillImage","COORDINATE_ROUNDED;CONTINENT_DERIVED_FROM_COORDINATES;TAXON_MATCH_TAXON_ID_IGNORED"
5007265686,"50c9509d-22c7-4a22-a47d-8c48425ef4a7","https://www.inaturalist.org/observations/256389840","Animalia","Chordata",NA,"Pleuronectiformes","Achiridae","Trinectes","Trinectes maculatus",NA,"SPECIES","Trinectes maculatus (Bloch & Schneider, 1801)","Trinectes maculatus","","US","","New Jersey","PRESENT",NA,"28eb1a3f-1c15-4a95-931a-4af90ecb574d",38.928466,-74.933988,15,NA,NA,NA,NA,NA,"2024-09-13T10:30",13,9,2024,2408252,2408252,"HUMAN_OBSERVATION","iNaturalist","Observations","256389840",NA,"Zakqary Roy",2024-12-27 17:28:06,"CC_BY_NC_4_0","Caleb Scholtens","Caleb Scholtens",NA,NA,2025-06-07 03:14:59.592,"StillImage","COORDINATE_ROUNDED;CONTINENT_DERIVED_FROM_COORDINATES;TAXON_MATCH_TAXON_ID_IGNORED"
5006961656,"50c9509d-22c7-4a22-a47d-8c48425ef4a7","https://www.inaturalist.org/observations/256044689","Animalia","Chordata",NA,"Pleuronectiformes","Achiridae","Trinectes","Trinectes maculatus",NA,"SPECIES","Trinectes maculatus (Bloch & Schneider, 1801)","Trinectes maculatus","","US","","Virginia","PRESENT",NA,"28eb1a3f-1c15-4a95-931a-4af90ecb574d",38.679783,-77.17424,13,NA,NA,NA,NA,NA,"2024-06-07T10:41:55",7,6,2024,2408252,2408252,"HUMAN_OBSERVATION","iNaturalist","Observations","256044689",NA,"whippet",2024-12-24 02:22:20,"CC_BY_NC_4_0","whippet","whippet",NA,NA,2025-06-07 02:56:34.452,"StillImage","COORDINATE_ROUNDED;CONTINENT_DERIVED_FROM_COORDINATES;TAXON_MATCH_TAXON_ID_IGNORED"
4994145674,"50c9509d-22c7-4a22-a47d-8c48425ef4a7","https://www.inaturalist.org/observations/254629731","Animalia","Chordata",NA,"Pleuronectiformes","Achiridae","Trinectes","Trinectes maculatus",NA,"SPECIES","Trinectes maculatus (Bloch & Schneider, 1801)","Trinectes maculatus","","US","","Delaware","PRESENT",NA,"28eb1a3f-1c15-4a95-931a-4af90ecb574d",38.608308,-75.060978,182,NA,NA,NA,NA,NA,"2020-03-21T17:25",21,3,2020,2408252,2408252,"HUMAN_OBSERVATION","iNaturalist","Observations","254629731",NA,"Brian G.",2024-12-10 03:23:53,"CC_BY_NC_4_0","bev435","bev435",NA,NA,2025-06-07 00:50:00.397,"StillImage","COORDINATE_ROUNDED;CONTINENT_DERIVED_FROM_COORDINATES;TAXON_MATCH_TAXON_ID_IGNORED"
4993952897,"50c9509d-22c7-4a22-a47d-8c48425ef4a7","https://www.inaturalist.org/observations/253899908","Animalia","Chordata",NA,"Pleuronectiformes","Achiridae","Trinectes","Trinectes maculatus",NA,"SPECIES","Trinectes maculatus (Bloch & Schneider, 1801)","Trinectes maculatus","","US","","Alabama","PRESENT",NA,"28eb1a3f-1c15-4a95-931a-4af90ecb574d",31.0733,-87.015778,NA,NA,NA,NA,NA,NA,"2024-08-11T14:58",11,8,2024,2408252,2408252,"HUMAN_OBSERVATION","iNaturalist","Observations","253899908",NA,"Noah Daun",2024-12-02 16:32:57,"CC_BY_NC_4_0","Noah Daun","Noah Daun",NA,NA,2025-06-07 00:52:00.13,"StillImage","COORDINATE_ROUNDED;CONTINENT_DERIVED_FROM_COORDINATES;TAXON_MATCH_TAXON_ID_IGNORED"
4987420436,"50c9509d-22c7-4a22-a47d-8c48425ef4a7","https://www.inaturalist.org/observations/215753119","Animalia","Chordata",NA,"Pleuronectiformes","Achiridae","Trinectes","Trinectes maculatus",NA,"SPECIES","Trinectes maculatus (Bloch & Schneider, 1801)","Trinectes maculatus","","US","","Florida","PRESENT",NA,"28eb1a3f-1c15-4a95-931a-4af90ecb574d",29.844172,-82.630937,4,NA,NA,NA,NA,NA,"2024-05-06T21:39:11",6,5,2024,2408252,2408252,"HUMAN_OBSERVATION","iNaturalist","Observations","215753119",NA,"James-LaFontaine",2024-05-14 18:13:24,"CC_BY_4_0","James-LaFontaine","James-LaFontaine",NA,NA,2025-06-07 01:06:55.467,"StillImage","COORDINATE_ROUNDED;CONTINENT_DERIVED_FROM_COORDINATES;TAXON_MATCH_TAXON_ID_IGNORED"
4982109050,"50c9509d-22c7-4a22-a47d-8c48425ef4a7","https://www.inaturalist.org/observations/252086250","Animalia","Chordata",NA,"Pleuronectiformes","Achiridae","Trinectes","Trinectes maculatus",NA,"SPECIES","Trinectes maculatus (Bloch & Schneider, 1801)","Trinectes maculatus","","US","","Mississippi","PRESENT",NA,"28eb1a3f-1c15-4a95-931a-4af90ecb574d",30.437722,-88.465837,7,NA,NA,NA,NA,NA,"2024-08-21T09:33:18",21,8,2024,2408252,2408252,"HUMAN_OBSERVATION","iNaturalist","Observations","252086250",NA,"kingjenna",2024-11-17 23:20:30,"CC_BY_NC_4_0","kingjenna","kingjenna",NA,NA,2025-06-07 01:19:21.214,"StillImage","COORDINATE_ROUNDED;CONTINENT_DERIVED_FROM_COORDINATES;TAXON_MATCH_TAXON_ID_IGNORED"
4980690553,"50c9509d-22c7-4a22-a47d-8c48425ef4a7","https://www.inaturalist.org/observations/250610483","Animalia","Chordata",NA,"Pleuronectiformes","Achiridae","Trinectes","Trinectes maculatus",NA,"SPECIES","Trinectes maculatus (Bloch & Schneider, 1801)","Trinectes maculatus","","US","","Texas","PRESENT",NA,"28eb1a3f-1c15-4a95-931a-4af90ecb574d",27.665154,-97.276908,5,NA,NA,NA,NA,NA,"2023-12-09T14:10:33",9,12,2023,2408252,2408252,"HUMAN_OBSERVATION","iNaturalist","Observations","250610483",NA,"breannasparks123",2024-11-05 21:39:12,"CC_BY_NC_4_0","breannasparks123","breannasparks123",NA,NA,2025-06-07 01:27:31.199,"StillImage","COORDINATE_ROUNDED;CONTINENT_DERIVED_FROM_COORDINATES;TAXON_MATCH_TAXON_ID_IGNORED"
4976644019,"50c9509d-22c7-4a22-a47d-8c48425ef4a7","https://www.inaturalist.org/observations/248687904","Animalia","Chordata",NA,"Pleuronectiformes","Achiridae","Trinectes","Trinectes maculatus",NA,"SPECIES","Trinectes maculatus (Bloch & Schneider, 1801)","Trinectes maculatus","","US","","Alabama","PRESENT",NA,"28eb1a3f-1c15-4a95-931a-4af90ecb574d",31.152025,-86.380447,4,NA,NA,NA,NA,NA,"2024-10-22T13:29:06",22,10,2024,2408252,2408252,"HUMAN_OBSERVATION","iNaturalist","Observations","248687904",NA,"jimmystiles",2024-10-23 02:31:40,"CC_BY_NC_4_0","jimmystiles","jimmystiles",NA,NA,2025-06-07 00:22:44.659,"StillImage","COORDINATE_ROUNDED;CONTINENT_DERIVED_FROM_COORDINATES;TAXON_MATCH_TAXON_ID_IGNORED"
4976501601,"50c9509d-22c7-4a22-a47d-8c48425ef4a7","https://www.inaturalist.org/observations/248688833","Animalia","Chordata",NA,"Pleuronectiformes","Achiridae","Trinectes","Trinectes maculatus",NA,"SPECIES","Trinectes maculatus (Bloch & Schneider, 1801)","Trinectes maculatus","","US","","Alabama","PRESENT",NA,"28eb1a3f-1c15-4a95-931a-4af90ecb574d",31.26195,-86.761742,4,NA,NA,NA,NA,NA,"2024-10-19T15:12:47",19,10,2024,2408252,2408252,"HUMAN_OBSERVATION","iNaturalist","Observations","248688833",NA,"jimmystiles",2024-10-23 02:41:38,"CC_BY_NC_4_0","jimmystiles","jimmystiles",NA,NA,2025-06-07 01:10:31.048,"StillImage","COORDINATE_ROUNDED;CONTINENT_DERIVED_FROM_COORDINATES;TAXON_MATCH_TAXON_ID_IGNORED"
4952216163,"50c9509d-22c7-4a22-a47d-8c48425ef4a7","https://www.inaturalist.org/observations/245652933","Animalia","Chordata",NA,"Pleuronectiformes","Achiridae","Trinectes","Trinectes maculatus",NA,"SPECIES","Trinectes maculatus (Bloch & Schneider, 1801)","Trinectes maculatus","","US","","Maryland","PRESENT",NA,"28eb1a3f-1c15-4a95-931a-4af90ecb574d",38.805475,-75.909103,NA,NA,NA,NA,NA,NA,"2024-10-04T16:46",4,10,2024,2408252,2408252,"HUMAN_OBSERVATION","iNaturalist","Observations","245652933",NA,"Wayne Longbottom",2024-10-04 23:29:45,"CC_BY_NC_4_0","Wayne Longbottom","Wayne Longbottom",NA,NA,2025-06-07 00:12:57.048,"StillImage","COORDINATE_ROUNDED;CONTINENT_DERIVED_FROM_COORDINATES;TAXON_MATCH_TAXON_ID_IGNORED"
4950479147,"50c9509d-22c7-4a22-a47d-8c48425ef4a7","https://www.inaturalist.org/observations/243723821","Animalia","Chordata",NA,"Pleuronectiformes","Achiridae","Trinectes","Trinectes maculatus",NA,"SPECIES","Trinectes maculatus (Bloch & Schneider, 1801)","Trinectes maculatus","","US","","Florida","PRESENT",NA,"28eb1a3f-1c15-4a95-931a-4af90ecb574d",29.488648,-82.975955,8,NA,NA,NA,NA,NA,"2023-12-20T15:58",20,12,2023,2408252,2408252,"HUMAN_OBSERVATION","iNaturalist","Observations","243723821",NA,"savigo",2024-09-24 03:03:32,"CC_BY_NC_4_0","savigo","savigo",NA,NA,2025-06-07 01:54:57.109,"StillImage","COORDINATE_ROUNDED;CONTINENT_DERIVED_FROM_COORDINATES;TAXON_MATCH_TAXON_ID_IGNORED"
4950189429,"50c9509d-22c7-4a22-a47d-8c48425ef4a7","https://www.inaturalist.org/observations/233587393","Animalia","Chordata",NA,"Pleuronectiformes","Achiridae","Trinectes","Trinectes maculatus",NA,"SPECIES","Trinectes maculatus (Bloch & Schneider, 1801)","Trinectes maculatus","","US","","Georgia","PRESENT",NA,"28eb1a3f-1c15-4a95-931a-4af90ecb574d",31.699264,-81.145045,6,NA,NA,NA,NA,NA,"2024-08-03T15:19:31",3,8,2024,2408252,2408252,"HUMAN_OBSERVATION","iNaturalist","Observations","233587393",NA,"Hayes Valentine",2024-08-03 22:21:57,"CC_BY_4_0","Hayes Valentine","Hayes Valentine",NA,NA,2025-06-07 00:58:58.083,"StillImage","COORDINATE_ROUNDED;CONTINENT_DERIVED_FROM_COORDINATES;TAXON_MATCH_TAXON_ID_IGNORED"
4950102982,"50c9509d-22c7-4a22-a47d-8c48425ef4a7","https://www.inaturalist.org/observations/242731993","Animalia","Chordata",NA,"Pleuronectiformes","Achiridae","Trinectes","Trinectes maculatus",NA,"SPECIES","Trinectes maculatus (Bloch & Schneider, 1801)","Trinectes maculatus","","US","","New York","PRESENT",NA,"28eb1a3f-1c15-4a95-931a-4af90ecb574d",41.507905,-73.991982,88,NA,NA,NA,NA,NA,"2024-09-19T12:49:33",19,9,2024,2408252,2408252,"HUMAN_OBSERVATION","iNaturalist","Observations","242731993",NA,"ren",2024-09-19 19:17:35,"CC_BY_NC_4_0","ren","ren",NA,NA,2025-06-07 00:19:04.957,"StillImage","COORDINATE_ROUNDED;CONTINENT_DERIVED_FROM_COORDINATES;TAXON_MATCH_TAXON_ID_IGNORED"
4945584858,"50c9509d-22c7-4a22-a47d-8c48425ef4a7","https://www.inaturalist.org/observations/242210276","Animalia","Chordata",NA,"Pleuronectiformes","Achiridae","Trinectes","Trinectes maculatus",NA,"SPECIES","Trinectes maculatus (Bloch & Schneider, 1801)","Trinectes maculatus","","US","","Massachusetts","PRESENT",NA,"28eb1a3f-1c15-4a95-931a-4af90ecb574d",41.888357,-71.084417,560,NA,NA,NA,NA,NA,"2024-08-14T18:45",14,8,2024,2408252,2408252,"HUMAN_OBSERVATION","iNaturalist","Observations","242210276",NA,"larvalfishguy",2024-09-17 01:58:06,"CC_BY_NC_4_0","larvalfishguy","larvalfishguy",NA,NA,2025-06-07 01:18:17.563,"StillImage","COORDINATE_ROUNDED;CONTINENT_DERIVED_FROM_COORDINATES;TAXON_MATCH_TAXON_ID_IGNORED"
4936158019,"50c9509d-22c7-4a22-a47d-8c48425ef4a7","https://www.inaturalist.org/observations/237448043","Animalia","Chordata",NA,"Pleuronectiformes","Achiridae","Trinectes","Trinectes maculatus",NA,"SPECIES","Trinectes maculatus (Bloch & Schneider, 1801)","Trinectes maculatus","","US","","New York","PRESENT",NA,"28eb1a3f-1c15-4a95-931a-4af90ecb574d",40.870051,-73.932237,474,NA,NA,NA,NA,NA,"2024-08-18T23:07:13",18,8,2024,2408252,2408252,"HUMAN_OBSERVATION","iNaturalist","Observations","237448043",NA,"Tim Healy",2024-08-23 12:40:12,"CC_BY_NC_4_0","Tim Healy","Tim Healy",NA,NA,2025-06-07 01:26:26.411,"StillImage","COORDINATE_ROUNDED;CONTINENT_DERIVED_FROM_COORDINATES;TAXON_MATCH_TAXON_ID_IGNORED"
4926320115,"50c9509d-22c7-4a22-a47d-8c48425ef4a7","https://www.inaturalist.org/observations/235846354","Animalia","Chordata",NA,"Pleuronectiformes","Achiridae","Trinectes","Trinectes maculatus",NA,"SPECIES","Trinectes maculatus (Bloch & Schneider, 1801)","Trinectes maculatus","","US","","North Carolina","PRESENT",NA,"28eb1a3f-1c15-4a95-931a-4af90ecb574d",35.117117,-77.052236,NA,NA,NA,NA,NA,NA,"2024-08-14T21:18:37",14,8,2024,2408252,2408252,"HUMAN_OBSERVATION","iNaturalist","Observations","235846354",NA,"chance2crowns",2024-08-15 03:36:02,"CC_BY_NC_4_0","chance2crowns","chance2crowns",NA,NA,2025-06-07 03:04:20.6,"StillImage","COORDINATE_ROUNDED;CONTINENT_DERIVED_FROM_COORDINATES;TAXON_MATCH_TAXON_ID_IGNORED"
4926273392,"50c9509d-22c7-4a22-a47d-8c48425ef4a7","https://www.inaturalist.org/observations/236779571","Animalia","Chordata",NA,"Pleuronectiformes","Achiridae","Trinectes","Trinectes maculatus",NA,"SPECIES","Trinectes maculatus (Bloch & Schneider, 1801)","Trinectes maculatus","","US","","Georgia","PRESENT",NA,"28eb1a3f-1c15-4a95-931a-4af90ecb574d",31.1671,-81.415008,67,NA,NA,NA,NA,NA,"2024-08-07T12:36:43",7,8,2024,2408252,2408252,"HUMAN_OBSERVATION","iNaturalist","Observations","236779571",NA,"allieclayton",2024-08-19 19:49:30,"CC_BY_NC_4_0","allieclayton","allieclayton",NA,NA,2025-06-07 01:23:37.087,"StillImage","COORDINATE_ROUNDED;CONTINENT_DERIVED_FROM_COORDINATES;TAXON_MATCH_TAXON_ID_IGNORED"
4926267572,"50c9509d-22c7-4a22-a47d-8c48425ef4a7","https://www.inaturalist.org/observations/236287034","Animalia","Chordata",NA,"Pleuronectiformes","Achiridae","Trinectes","Trinectes maculatus",NA,"SPECIES","Trinectes maculatus (Bloch & Schneider, 1801)","Trinectes maculatus","","US","","South Carolina","PRESENT",NA,"28eb1a3f-1c15-4a95-931a-4af90ecb574d",33.839445,-78.603487,983,NA,NA,NA,NA,NA,"2024-08-17T07:38:27",17,8,2024,2408252,2408252,"HUMAN_OBSERVATION","iNaturalist","Observations","236287034",NA,"zachs",2024-08-17 15:55:16,"CC_BY_NC_4_0","Kaela Miller","Kaela Miller",NA,NA,2025-06-07 02:02:35.848,"StillImage","COORDINATE_ROUNDED;CONTINENT_DERIVED_FROM_COORDINATES;TAXON_MATCH_TAXON_ID_IGNORED"
4926098288,"50c9509d-22c7-4a22-a47d-8c48425ef4a7","https://www.inaturalist.org/observations/235780976","Animalia","Chordata",NA,"Pleuronectiformes","Achiridae","Trinectes","Trinectes maculatus",NA,"SPECIES","Trinectes maculatus (Bloch & Schneider, 1801)","Trinectes maculatus","","US","","Virginia","PRESENT",NA,"28eb1a3f-1c15-4a95-931a-4af90ecb574d",37.628503,-75.641758,1942,NA,NA,NA,NA,NA,"2024-08-14T15:45:28",14,8,2024,2408252,2408252,"HUMAN_OBSERVATION","iNaturalist","Observations","235780976",NA,"zachs",2024-08-14 21:13:00,"CC_BY_NC_4_0","Alexander Geragotelis","Alexander Geragotelis",NA,NA,2025-06-07 02:00:55.44,"StillImage","COORDINATE_ROUNDED;CONTINENT_DERIVED_FROM_COORDINATES;TAXON_MATCH_TAXON_ID_IGNORED"
4919538197,"50c9509d-22c7-4a22-a47d-8c48425ef4a7","https://www.inaturalist.org/observations/231553242","Animalia","Chordata",NA,"Pleuronectiformes","Achiridae","Trinectes","Trinectes maculatus",NA,"SPECIES","Trinectes maculatus (Bloch & Schneider, 1801)","Trinectes maculatus","","US","","Florida","PRESENT",NA,"28eb1a3f-1c15-4a95-931a-4af90ecb574d",29.852325,-82.611407,34,NA,NA,NA,NA,NA,"2024-07-20T07:39",20,7,2024,2408252,2408252,"HUMAN_OBSERVATION","iNaturalist","Observations","231553242",NA,"Jasen Liu",2024-07-25 04:19:33,"CC_BY_NC_4_0","Jasen Liu","Jasen Liu",NA,NA,2025-06-07 00:56:35.916,"StillImage","COORDINATE_ROUNDED;CONTINENT_DERIVED_FROM_COORDINATES;TAXON_MATCH_TAXON_ID_IGNORED"
4919512606,"50c9509d-22c7-4a22-a47d-8c48425ef4a7","https://www.inaturalist.org/observations/229506228","Animalia","Chordata",NA,"Pleuronectiformes","Achiridae","Trinectes","Trinectes maculatus",NA,"SPECIES","Trinectes maculatus (Bloch & Schneider, 1801)","Trinectes maculatus","","US","","Florida","PRESENT",NA,"28eb1a3f-1c15-4a95-931a-4af90ecb574d",29.895157,-81.293622,192,NA,NA,NA,NA,NA,"2024-07-15",15,7,2024,2408252,2408252,"HUMAN_OBSERVATION","iNaturalist","Observations","229506228",NA,"ed_flagler",2024-07-15 15:00:46,"CC_BY_NC_4_0","ed_flagler","ed_flagler",NA,NA,2025-06-07 01:10:41.246,"StillImage","COORDINATE_ROUNDED;CONTINENT_DERIVED_FROM_COORDINATES;TAXON_MATCH_TAXON_ID_IGNORED"
4919336778,"50c9509d-22c7-4a22-a47d-8c48425ef4a7","https://www.inaturalist.org/observations/230269491","Animalia","Chordata",NA,"Pleuronectiformes","Achiridae","Trinectes","Trinectes maculatus",NA,"SPECIES","Trinectes maculatus (Bloch & Schneider, 1801)","Trinectes maculatus","","US","","Florida","PRESENT",NA,"28eb1a3f-1c15-4a95-931a-4af90ecb574d",29.675204,-82.951274,165,NA,NA,NA,NA,NA,"2024-07-18",18,7,2024,2408252,2408252,"HUMAN_OBSERVATION","iNaturalist","Observations","230269491",NA,"C. Phillips",2024-07-19 11:17:43,"CC_BY_NC_4_0","C. Phillips","C. Phillips",NA,NA,2025-06-07 01:54:42.237,"StillImage","COORDINATE_ROUNDED;CONTINENT_DERIVED_FROM_COORDINATES;TAXON_MATCH_TAXON_ID_IGNORED"
4919301641,"50c9509d-22c7-4a22-a47d-8c48425ef4a7","https://www.inaturalist.org/observations/229922430","Animalia","Chordata",NA,"Pleuronectiformes","Achiridae","Trinectes","Trinectes maculatus",NA,"SPECIES","Trinectes maculatus (Bloch & Schneider, 1801)","Trinectes maculatus","","US","","Virginia","PRESENT",NA,"28eb1a3f-1c15-4a95-931a-4af90ecb574d",38.166845,-76.854063,4,NA,NA,NA,NA,NA,"2024-07-17T11:46:48",17,7,2024,2408252,2408252,"HUMAN_OBSERVATION","iNaturalist","Observations","229922430",NA,"austiinfrankliin",2024-07-17 16:19:34,"CC_BY_NC_4_0","austiinfrankliin","austiinfrankliin",NA,NA,2025-06-07 01:28:47.115,"StillImage","COORDINATE_ROUNDED;CONTINENT_DERIVED_FROM_COORDINATES;TAXON_MATCH_TAXON_ID_IGNORED"
4919128715,"50c9509d-22c7-4a22-a47d-8c48425ef4a7","https://www.inaturalist.org/observations/217887211","Animalia","Chordata",NA,"Pleuronectiformes","Achiridae","Trinectes","Trinectes maculatus",NA,"SPECIES","Trinectes maculatus (Bloch & Schneider, 1801)","Trinectes maculatus","","US","","Florida","PRESENT",NA,"28eb1a3f-1c15-4a95-931a-4af90ecb574d",29.827584,-82.681201,621,NA,NA,NA,NA,NA,"2024-05-23T10:10",23,5,2024,2408252,2408252,"HUMAN_OBSERVATION","iNaturalist","Observations","217887211",NA,"C. Phillips",2024-05-24 13:28:39,"CC_BY_NC_4_0","C. Phillips","C. Phillips",NA,NA,2025-06-07 00:54:39.396,"StillImage","COORDINATE_ROUNDED;CONTINENT_DERIVED_FROM_COORDINATES;TAXON_MATCH_TAXON_ID_IGNORED"
4911009518,"50c9509d-22c7-4a22-a47d-8c48425ef4a7","https://www.inaturalist.org/observations/223504110","Animalia","Chordata",NA,"Pleuronectiformes","Achiridae","Trinectes","Trinectes maculatus",NA,"SPECIES","Trinectes maculatus (Bloch & Schneider, 1801)","Trinectes maculatus","","US","","Florida","PRESENT",NA,"28eb1a3f-1c15-4a95-931a-4af90ecb574d",29.836329,-82.700036,4,NA,NA,NA,NA,NA,"2022-04-22T19:34",22,4,2022,2408252,2408252,"HUMAN_OBSERVATION","iNaturalist","Observations","223504110",NA,"Curtis Hart",2024-06-18 08:26:19,"CC_BY_NC_4_0","Curtis Hart","Curtis Hart",NA,NA,2025-06-07 00:48:35.866,"StillImage","COORDINATE_ROUNDED;CONTINENT_DERIVED_FROM_COORDINATES;TAXON_MATCH_TAXON_ID_IGNORED"
4910880812,"50c9509d-22c7-4a22-a47d-8c48425ef4a7","https://www.inaturalist.org/observations/230904671","Animalia","Chordata",NA,"Pleuronectiformes","Achiridae","Trinectes","Trinectes maculatus",NA,"SPECIES","Trinectes maculatus (Bloch & Schneider, 1801)","Trinectes maculatus","","US","","Florida","PRESENT",NA,"28eb1a3f-1c15-4a95-931a-4af90ecb574d",29.852253,-82.611482,45,NA,NA,NA,NA,NA,"2024-07-17T07:58",17,7,2024,2408252,2408252,"HUMAN_OBSERVATION","iNaturalist","Observations","230904671",NA,"Jasen Liu",2024-07-22 02:16:53,"CC_BY_NC_4_0","Jasen Liu","Jasen Liu",NA,NA,2025-06-07 00:01:20.829,"StillImage","COORDINATE_ROUNDED;CONTINENT_DERIVED_FROM_COORDINATES;TAXON_MATCH_TAXON_ID_IGNORED"
4909045909,"50c9509d-22c7-4a22-a47d-8c48425ef4a7","https://www.inaturalist.org/observations/227238396","Animalia","Chordata",NA,"Pleuronectiformes","Achiridae","Trinectes","Trinectes maculatus",NA,"SPECIES","Trinectes maculatus (Bloch & Schneider, 1801)","Trinectes maculatus","","US","","Virginia","PRESENT",NA,"28eb1a3f-1c15-4a95-931a-4af90ecb574d",36.915537,-76.066824,357,NA,NA,NA,NA,NA,"2024-07-04T22:56:33",4,7,2024,2408252,2408252,"HUMAN_OBSERVATION","iNaturalist","Observations","227238396",NA,"Izzy Hoover",2024-07-05 03:56:31,"CC_BY_NC_4_0","Izzy Hoover","Izzy Hoover",NA,NA,2025-06-07 01:01:54.34,"","COORDINATE_ROUNDED;CONTINENT_DERIVED_FROM_COORDINATES;TAXON_MATCH_TAXON_ID_IGNORED"
4908838224,"50c9509d-22c7-4a22-a47d-8c48425ef4a7","https://www.inaturalist.org/observations/228116133","Animalia","Chordata",NA,"Pleuronectiformes","Achiridae","Trinectes","Trinectes maculatus",NA,"SPECIES","Trinectes maculatus (Bloch & Schneider, 1801)","Trinectes maculatus","","US","","Delaware","PRESENT",NA,"28eb1a3f-1c15-4a95-931a-4af90ecb574d",38.79839,-75.109491,NA,NA,NA,NA,NA,NA,"2024-07-08T12:39:02",8,7,2024,2408252,2408252,"HUMAN_OBSERVATION","iNaturalist","Observations","228116133",NA,"Di Boonman",2024-07-08 21:50:59,"CC_BY_NC_4_0","Di Boonman","Di Boonman",NA,NA,2025-06-07 02:03:20.613,"StillImage","COORDINATE_ROUNDED;CONTINENT_DERIVED_FROM_COORDINATES;TAXON_MATCH_TAXON_ID_IGNORED"
4904358875,"50c9509d-22c7-4a22-a47d-8c48425ef4a7","https://www.inaturalist.org/observations/225442343","Animalia","Chordata",NA,"Pleuronectiformes","Achiridae","Trinectes","Trinectes maculatus",NA,"SPECIES","Trinectes maculatus (Bloch & Schneider, 1801)","Trinectes maculatus","","US","","North Carolina","PRESENT",NA,"28eb1a3f-1c15-4a95-931a-4af90ecb574d",34.250404,-77.928503,48,NA,NA,NA,NA,NA,"2024-06-26T19:40:55",26,6,2024,2408252,2408252,"HUMAN_OBSERVATION","iNaturalist","Observations","225442343",NA,"Jax",2024-06-27 03:29:28,"CC_BY_NC_4_0","Jax","Jax",NA,NA,2025-06-07 02:00:12.484,"StillImage","COORDINATE_ROUNDED;CONTINENT_DERIVED_FROM_COORDINATES;TAXON_MATCH_TAXON_ID_IGNORED"
4901792475,"50c9509d-22c7-4a22-a47d-8c48425ef4a7","https://www.inaturalist.org/observations/224555087","Animalia","Chordata",NA,"Pleuronectiformes","Achiridae","Trinectes","Trinectes maculatus",NA,"SPECIES","Trinectes maculatus (Bloch & Schneider, 1801)","Trinectes maculatus","","US","","New York","PRESENT",NA,"28eb1a3f-1c15-4a95-931a-4af90ecb574d",40.889747,-73.642088,9,NA,NA,NA,NA,NA,"2024-06-18T15:59:37",18,6,2024,2408252,2408252,"HUMAN_OBSERVATION","iNaturalist","Observations","224555087",NA,"mattstanton",2024-06-23 03:43:07,"CC_BY_NC_4_0","mattstanton","mattstanton",NA,NA,2025-06-07 00:55:54.746,"StillImage","COORDINATE_ROUNDED;CONTINENT_DERIVED_FROM_COORDINATES;TAXON_MATCH_TAXON_ID_IGNORED"
4901231272,"50c9509d-22c7-4a22-a47d-8c48425ef4a7","https://www.inaturalist.org/observations/182262003","Animalia","Chordata",NA,"Pleuronectiformes","Achiridae","Trinectes","Trinectes maculatus",NA,"SPECIES","Trinectes maculatus (Bloch & Schneider, 1801)","Trinectes maculatus","","US","","Maryland","PRESENT",NA,"28eb1a3f-1c15-4a95-931a-4af90ecb574d",39.14002,-76.073739,4,NA,NA,NA,NA,NA,"2023-09-07T14:52:15",7,9,2023,2408252,2408252,"HUMAN_OBSERVATION","iNaturalist","Observations","182262003",NA,"Nick Spigler",2023-09-08 00:39:19,"CC_BY_NC_4_0","Nick Spigler","Nick Spigler",NA,NA,2025-06-07 01:41:59.02,"StillImage","COORDINATE_ROUNDED;CONTINENT_DERIVED_FROM_COORDINATES;TAXON_MATCH_TAXON_ID_IGNORED"
4901183723,"50c9509d-22c7-4a22-a47d-8c48425ef4a7","https://www.inaturalist.org/observations/224225216","Animalia","Chordata",NA,"Pleuronectiformes","Achiridae","Trinectes","Trinectes maculatus",NA,"SPECIES","Trinectes maculatus (Bloch & Schneider, 1801)","Trinectes maculatus","","US","","Virginia","PRESENT",NA,"28eb1a3f-1c15-4a95-931a-4af90ecb574d",37.257971,-75.833055,1704,NA,NA,NA,NA,NA,"2021-08-27T16:03",27,8,2021,2408252,2408252,"HUMAN_OBSERVATION","iNaturalist","Observations","224225216",NA,"estehr",2024-06-21 17:42:45,"CC_BY_NC_4_0","estehr","estehr",NA,NA,2025-06-07 03:00:57.686,"StillImage","COORDINATE_ROUNDED;CONTINENT_DERIVED_FROM_COORDINATES;TAXON_MATCH_TAXON_ID_IGNORED"
4875470732,"50c9509d-22c7-4a22-a47d-8c48425ef4a7","https://www.inaturalist.org/observations/219644019","Animalia","Chordata",NA,"Pleuronectiformes","Achiridae","Trinectes","Trinectes maculatus",NA,"SPECIES","Trinectes maculatus (Bloch & Schneider, 1801)","Trinectes maculatus","","US","","Georgia","PRESENT",NA,"28eb1a3f-1c15-4a95-931a-4af90ecb574d",31.430028,-81.309608,4,NA,NA,NA,NA,NA,"2024-05-30T10:41:03",30,5,2024,2408252,2408252,"HUMAN_OBSERVATION","iNaturalist","Observations","219644019",NA,"James Hussey",2024-06-01 00:41:00,"CC_BY_NC_4_0","James Hussey","James Hussey",NA,NA,2025-06-07 00:03:25.141,"StillImage","COORDINATE_ROUNDED;CONTINENT_DERIVED_FROM_COORDINATES;TAXON_MATCH_TAXON_ID_IGNORED"
4875263148,"50c9509d-22c7-4a22-a47d-8c48425ef4a7","https://www.inaturalist.org/observations/219643476","Animalia","Chordata",NA,"Pleuronectiformes","Achiridae","Trinectes","Trinectes maculatus",NA,"SPECIES","Trinectes maculatus (Bloch & Schneider, 1801)","Trinectes maculatus","","US","","Georgia","PRESENT",NA,"28eb1a3f-1c15-4a95-931a-4af90ecb574d",31.392192,-81.261255,326,NA,NA,NA,NA,NA,"2024-05-31T08:29:41",31,5,2024,2408252,2408252,"HUMAN_OBSERVATION","iNaturalist","Observations","219643476",NA,"James Hussey",2024-06-01 00:38:28,"CC_BY_NC_4_0","James Hussey","James Hussey",NA,NA,2025-06-07 00:46:04.194,"StillImage","COORDINATE_ROUNDED;CONTINENT_DERIVED_FROM_COORDINATES;TAXON_MATCH_TAXON_ID_IGNORED"
4868110885,"50c9509d-22c7-4a22-a47d-8c48425ef4a7","https://www.inaturalist.org/observations/206345640","Animalia","Chordata",NA,"Pleuronectiformes","Achiridae","Trinectes","Trinectes maculatus",NA,"SPECIES","Trinectes maculatus (Bloch & Schneider, 1801)","Trinectes maculatus","","US","","South Carolina","PRESENT",NA,"28eb1a3f-1c15-4a95-931a-4af90ecb574d",32.498795,-80.413293,919,NA,NA,NA,NA,NA,"2024-04-09T10:49",9,4,2024,2408252,2408252,"HUMAN_OBSERVATION","iNaturalist","Observations","206345640",NA,"Tom Austin",2024-04-10 01:09:13,"CC_BY_4_0","Tom Austin","Tom Austin",NA,NA,2025-06-07 00:11:13.048,"StillImage","COORDINATE_ROUNDED;CONTINENT_DERIVED_FROM_COORDINATES;TAXON_MATCH_TAXON_ID_IGNORED"
4863530315,"50c9509d-22c7-4a22-a47d-8c48425ef4a7","https://www.inaturalist.org/observations/215792204","Animalia","Chordata",NA,"Pleuronectiformes","Achiridae","Trinectes","Trinectes maculatus",NA,"SPECIES","Trinectes maculatus (Bloch & Schneider, 1801)","Trinectes maculatus","","US","","New York","PRESENT",NA,"28eb1a3f-1c15-4a95-931a-4af90ecb574d",40.915592,-72.562736,221,NA,NA,NA,NA,NA,"2024-05-14T09:15:45",14,5,2024,2408252,2408252,"HUMAN_OBSERVATION","iNaturalist","Observations","215792204",NA,"Cole Tiemann",2024-05-14 22:09:18,"CC_BY_NC_4_0","josmity","josmity",NA,NA,2025-06-07 00:44:51.361,"StillImage","COORDINATE_ROUNDED;CONTINENT_DERIVED_FROM_COORDINATES;TAXON_MATCH_TAXON_ID_IGNORED"
4852920545,"50c9509d-22c7-4a22-a47d-8c48425ef4a7","https://www.inaturalist.org/observations/207665685","Animalia","Chordata",NA,"Pleuronectiformes","Achiridae","Trinectes","Trinectes maculatus",NA,"SPECIES","Trinectes maculatus (Bloch & Schneider, 1801)","Trinectes maculatus","","US","","Alabama","PRESENT",NA,"28eb1a3f-1c15-4a95-931a-4af90ecb574d",30.261903,-88.06163,4,NA,NA,NA,NA,NA,"2024-04-16T16:12:08",16,4,2024,2408252,2408252,"HUMAN_OBSERVATION","iNaturalist","Observations","207665685",NA,"Brian Finzel",2024-04-16 22:55:54,"CC_BY_4_0","Brian Finzel","Brian Finzel",NA,NA,2025-06-07 02:55:38.96,"StillImage","COORDINATE_ROUNDED;CONTINENT_DERIVED_FROM_COORDINATES;TAXON_MATCH_TAXON_ID_IGNORED"
4852835091,"50c9509d-22c7-4a22-a47d-8c48425ef4a7","https://www.inaturalist.org/observations/207833270","Animalia","Chordata",NA,"Pleuronectiformes","Achiridae","Trinectes","Trinectes maculatus",NA,"SPECIES","Trinectes maculatus (Bloch & Schneider, 1801)","Trinectes maculatus","","US","","Texas","PRESENT",NA,"28eb1a3f-1c15-4a95-931a-4af90ecb574d",29.921151,-94.799732,10,NA,NA,NA,NA,NA,"2023-07-26T08:42",26,7,2023,2408252,2408252,"HUMAN_OBSERVATION","iNaturalist","Observations","207833270",NA,"Derek Hudgins",2024-04-17 22:12:44,"CC_BY_NC_4_0","Derek Hudgins","Derek Hudgins",NA,NA,2025-06-07 00:30:15.206,"StillImage","COORDINATE_ROUNDED;CONTINENT_DERIVED_FROM_COORDINATES;TAXON_MATCH_TAXON_ID_IGNORED"
4852818713,"50c9509d-22c7-4a22-a47d-8c48425ef4a7","https://www.inaturalist.org/observations/208086799","Animalia","Chordata",NA,"Pleuronectiformes","Achiridae","Trinectes","Trinectes maculatus",NA,"SPECIES","Trinectes maculatus (Bloch & Schneider, 1801)","Trinectes maculatus","","US","","North Carolina","PRESENT",NA,"28eb1a3f-1c15-4a95-931a-4af90ecb574d",34.199478,-77.958022,4,NA,NA,NA,NA,NA,"2024-04-19T09:23:16",19,4,2024,2408252,2408252,"HUMAN_OBSERVATION","iNaturalist","Observations","208086799",NA,"tprop12",2024-04-19 13:26:23,"CC_BY_NC_4_0","tprop12","tprop12",NA,NA,2025-06-07 00:42:34.188,"StillImage","COORDINATE_ROUNDED;CONTINENT_DERIVED_FROM_COORDINATES;TAXON_MATCH_TAXON_ID_IGNORED"
4852768952,"50c9509d-22c7-4a22-a47d-8c48425ef4a7","https://www.inaturalist.org/observations/208086857","Animalia","Chordata",NA,"Pleuronectiformes","Achiridae","Trinectes","Trinectes maculatus",NA,"SPECIES","Trinectes maculatus (Bloch & Schneider, 1801)","Trinectes maculatus","","US","","North Carolina","PRESENT",NA,"28eb1a3f-1c15-4a95-931a-4af90ecb574d",34.199488,-77.958047,4,NA,NA,NA,NA,NA,"2024-04-19T09:23:22",19,4,2024,2408252,2408252,"HUMAN_OBSERVATION","iNaturalist","Observations","208086857",NA,"tprop12",2024-04-19 13:26:46,"CC_BY_NC_4_0","tprop12","tprop12",NA,NA,2025-06-07 00:18:27.579,"StillImage","COORDINATE_ROUNDED;CONTINENT_DERIVED_FROM_COORDINATES;TAXON_MATCH_TAXON_ID_IGNORED"
4852462529,"50c9509d-22c7-4a22-a47d-8c48425ef4a7","https://www.inaturalist.org/observations/210778478","Animalia","Chordata",NA,"Pleuronectiformes","Achiridae","Trinectes","Trinectes maculatus",NA,"SPECIES","Trinectes maculatus (Bloch & Schneider, 1801)","Trinectes maculatus","","US","","Virginia","PRESENT",NA,"28eb1a3f-1c15-4a95-931a-4af90ecb574d",37.375038,-76.249595,5,NA,NA,NA,NA,NA,"2024-04-28T06:31:33",28,4,2024,2408252,2408252,"HUMAN_OBSERVATION","iNaturalist","Observations","210778478",NA,"marilynncat",2024-04-28 12:40:29,"CC_BY_NC_4_0","marilynncat","marilynncat",NA,NA,2025-06-07 01:59:45.062,"StillImage","COORDINATE_ROUNDED;CONTINENT_DERIVED_FROM_COORDINATES;TAXON_MATCH_TAXON_ID_IGNORED"
4852329474,"50c9509d-22c7-4a22-a47d-8c48425ef4a7","https://www.inaturalist.org/observations/209746326","Animalia","Chordata",NA,"Pleuronectiformes","Achiridae","Trinectes","Trinectes maculatus",NA,"SPECIES","Trinectes maculatus (Bloch & Schneider, 1801)","Trinectes maculatus","","US","","Georgia","PRESENT",NA,"28eb1a3f-1c15-4a95-931a-4af90ecb574d",31.428137,-81.311103,4,NA,NA,NA,NA,NA,"2024-04-26T13:54:04",26,4,2024,2408252,2408252,"HUMAN_OBSERVATION","iNaturalist","Observations","209746326",NA,"gracelayman",2024-04-26 19:45:52,"CC_BY_NC_4_0","gracelayman","gracelayman",NA,NA,2025-06-07 00:46:50.363,"StillImage","COORDINATE_ROUNDED;CONTINENT_DERIVED_FROM_COORDINATES;TAXON_MATCH_TAXON_ID_IGNORED"
4852325786,"50c9509d-22c7-4a22-a47d-8c48425ef4a7","https://www.inaturalist.org/observations/209754456","Animalia","Chordata",NA,"Pleuronectiformes","Achiridae","Trinectes","Trinectes maculatus",NA,"SPECIES","Trinectes maculatus (Bloch & Schneider, 1801)","Trinectes maculatus","","US","","Georgia","PRESENT",NA,"28eb1a3f-1c15-4a95-931a-4af90ecb574d",31.404578,-81.303528,4,NA,NA,NA,NA,NA,"2024-04-26T15:17:08",26,4,2024,2408252,2408252,"HUMAN_OBSERVATION","iNaturalist","Observations","209754456",NA,"zachs",2024-04-26 23:39:37,"CC_BY_NC_4_0","hashel","hashel",NA,NA,2025-06-07 00:58:22.839,"StillImage","COORDINATE_ROUNDED;CONTINENT_DERIVED_FROM_COORDINATES;TAXON_MATCH_TAXON_ID_IGNORED"
4847100428,"50c9509d-22c7-4a22-a47d-8c48425ef4a7","https://www.inaturalist.org/observations/207494501","Animalia","Chordata",NA,"Pleuronectiformes","Achiridae","Trinectes","Trinectes maculatus",NA,"SPECIES","Trinectes maculatus (Bloch & Schneider, 1801)","Trinectes maculatus","","US","","Alabama","PRESENT",NA,"28eb1a3f-1c15-4a95-931a-4af90ecb574d",30.259529,-88.038249,1833,NA,NA,NA,NA,NA,"2024-04-07T01:14:49",7,4,2024,2408252,2408252,"HUMAN_OBSERVATION","iNaturalist","Observations","207494501",NA,"Ava",2024-04-16 02:37:52,"CC_BY_NC_4_0","jed_s","jed_s",NA,NA,2025-06-07 02:43:49.077,"StillImage","CONTINENT_DERIVED_FROM_COORDINATES;TAXON_MATCH_TAXON_ID_IGNORED"
4607544120,"50c9509d-22c7-4a22-a47d-8c48425ef4a7","https://www.inaturalist.org/observations/204751513","Animalia","Chordata",NA,"Pleuronectiformes","Achiridae","Trinectes","Trinectes maculatus",NA,"SPECIES","Trinectes maculatus (Bloch & Schneider, 1801)","Trinectes maculatus","","US","","Mississippi","PRESENT",NA,"28eb1a3f-1c15-4a95-931a-4af90ecb574d",31.86815,-88.686703,31,NA,NA,NA,NA,NA,"2022-01-27T15:54",27,1,2022,2408252,2408252,"HUMAN_OBSERVATION","iNaturalist","Observations","204751513",NA,"Noah Daun",2024-03-31 15:57:10,"CC_BY_NC_4_0","Noah Daun","Noah Daun",NA,NA,2025-06-07 01:04:13.201,"StillImage","COORDINATE_ROUNDED;CONTINENT_DERIVED_FROM_COORDINATES;TAXON_MATCH_TAXON_ID_IGNORED"
4607211845,"50c9509d-22c7-4a22-a47d-8c48425ef4a7","https://www.inaturalist.org/observations/205755612","Animalia","Chordata",NA,"Pleuronectiformes","Achiridae","Trinectes","Trinectes maculatus",NA,"SPECIES","Trinectes maculatus (Bloch & Schneider, 1801)","Trinectes maculatus","","US","","Alabama","PRESENT",NA,"28eb1a3f-1c15-4a95-931a-4af90ecb574d",30.253862,-88.003678,4,NA,NA,NA,NA,NA,"2024-04-06T14:15:53",6,4,2024,2408252,2408252,"HUMAN_OBSERVATION","iNaturalist","Observations","205755612",NA,"ghampton03",2024-04-06 22:15:04,"CC_BY_NC_4_0","ghampton03","ghampton03",NA,NA,2025-06-07 01:55:45.311,"StillImage","COORDINATE_ROUNDED;CONTINENT_DERIVED_FROM_COORDINATES;TAXON_MATCH_TAXON_ID_IGNORED"
4607197543,"50c9509d-22c7-4a22-a47d-8c48425ef4a7","https://www.inaturalist.org/observations/205734625","Animalia","Chordata",NA,"Pleuronectiformes","Achiridae","Trinectes","Trinectes maculatus",NA,"SPECIES","Trinectes maculatus (Bloch & Schneider, 1801)","Trinectes maculatus","","US","","South Carolina","PRESENT",NA,"28eb1a3f-1c15-4a95-931a-4af90ecb574d",32.53365,-80.43138,4,NA,NA,NA,NA,NA,"2024-04-06T12:27:08",6,4,2024,2408252,2408252,"HUMAN_OBSERVATION","iNaturalist","Observations","205734625",NA,"Joshua Rains",2024-04-06 20:21:22,"CC_BY_NC_4_0","Joshua Rains","Joshua Rains",NA,NA,2025-06-07 01:53:39.751,"StillImage","CONTINENT_DERIVED_FROM_COORDINATES;TAXON_MATCH_TAXON_ID_IGNORED"
4607086617,"50c9509d-22c7-4a22-a47d-8c48425ef4a7","https://www.inaturalist.org/observations/205039705","Animalia","Chordata",NA,"Pleuronectiformes","Achiridae","Trinectes","Trinectes maculatus",NA,"SPECIES","Trinectes maculatus (Bloch & Schneider, 1801)","Trinectes maculatus","","US","","Maryland","PRESENT",NA,"28eb1a3f-1c15-4a95-931a-4af90ecb574d",38.465555,-76.001235,1658,NA,NA,NA,NA,NA,"2024-03-31T12:56",31,3,2024,2408252,2408252,"HUMAN_OBSERVATION","iNaturalist","Observations","205039705",NA,"Emilio Concari",2024-04-02 03:30:33,"CC_BY_NC_4_0","Emilio Concari","Emilio Concari",NA,NA,2025-06-07 00:58:38.624,"StillImage","COORDINATE_ROUNDED;CONTINENT_DERIVED_FROM_COORDINATES;TAXON_MATCH_TAXON_ID_IGNORED"
4606996004,"50c9509d-22c7-4a22-a47d-8c48425ef4a7","https://www.inaturalist.org/observations/205733408","Animalia","Chordata",NA,"Pleuronectiformes","Achiridae","Trinectes","Trinectes maculatus",NA,"SPECIES","Trinectes maculatus (Bloch & Schneider, 1801)","Trinectes maculatus","","US","","Alabama","PRESENT",NA,"28eb1a3f-1c15-4a95-931a-4af90ecb574d",30.254145,-88.002953,3,NA,NA,NA,NA,NA,"2024-04-06T14:15:59",6,4,2024,2408252,2408252,"HUMAN_OBSERVATION","iNaturalist","Observations","205733408",NA,"Kristin A. Bakkegard",2024-04-06 20:14:55,"CC_BY_NC_4_0","Kristin A. Bakkegard","Kristin A. Bakkegard",NA,NA,2025-06-07 02:47:25.628,"StillImage","COORDINATE_ROUNDED;CONTINENT_DERIVED_FROM_COORDINATES;TAXON_MATCH_TAXON_ID_IGNORED"
4606971105,"50c9509d-22c7-4a22-a47d-8c48425ef4a7","https://www.inaturalist.org/observations/205592827","Animalia","Chordata",NA,"Pleuronectiformes","Achiridae","Trinectes","Trinectes maculatus",NA,"SPECIES","Trinectes maculatus (Bloch & Schneider, 1801)","Trinectes maculatus","","US","","Florida","PRESENT",NA,"28eb1a3f-1c15-4a95-931a-4af90ecb574d",30.499748,-86.426438,15,NA,NA,NA,NA,NA,"2024-04-05T11:12",5,4,2024,2408252,2408252,"HUMAN_OBSERVATION","iNaturalist","Observations","205592827",NA,"jasonrl",2024-04-06 00:33:41,"CC_BY_NC_4_0","jasonrl","jasonrl",NA,NA,2025-06-07 01:08:04.22,"StillImage","COORDINATE_ROUNDED;CONTINENT_DERIVED_FROM_COORDINATES;TAXON_MATCH_TAXON_ID_IGNORED"
4606907004,"50c9509d-22c7-4a22-a47d-8c48425ef4a7","https://www.inaturalist.org/observations/204191966","Animalia","Chordata",NA,"Pleuronectiformes","Achiridae","Trinectes","Trinectes maculatus",NA,"SPECIES","Trinectes maculatus (Bloch & Schneider, 1801)","Trinectes maculatus","","US","","Florida","PRESENT",NA,"28eb1a3f-1c15-4a95-931a-4af90ecb574d",26.178653,-81.814933,6,NA,NA,NA,NA,NA,"2024-03-19T23:08:27",19,3,2024,2408252,2408252,"HUMAN_OBSERVATION","iNaturalist","Observations","204191966",NA,"shmavin",2024-03-27 21:16:38,"CC_BY_NC_4_0","shmavin","shmavin",NA,NA,2025-06-07 00:59:52.25,"StillImage","COORDINATE_ROUNDED;CONTINENT_DERIVED_FROM_COORDINATES;TAXON_MATCH_TAXON_ID_IGNORED"
4597435170,"50c9509d-22c7-4a22-a47d-8c48425ef4a7","https://www.inaturalist.org/observations/202182963","Animalia","Chordata",NA,"Pleuronectiformes","Achiridae","Trinectes","Trinectes maculatus",NA,"SPECIES","Trinectes maculatus (Bloch & Schneider, 1801)","Trinectes maculatus","","US","","South Carolina","PRESENT",NA,"28eb1a3f-1c15-4a95-931a-4af90ecb574d",32.535728,-80.425247,4,NA,NA,NA,NA,NA,"2024-03-11T11:39:56",11,3,2024,2408252,2408252,"HUMAN_OBSERVATION","iNaturalist","Observations","202182963",NA,"Andy Jones",2024-03-12 18:10:01,"CC_BY_NC_4_0","Andy Jones","Andy Jones",NA,NA,2025-06-06 23:59:35.328,"StillImage","COORDINATE_ROUNDED;CONTINENT_DERIVED_FROM_COORDINATES;TAXON_MATCH_TAXON_ID_IGNORED"
4597326266,"50c9509d-22c7-4a22-a47d-8c48425ef4a7","https://www.inaturalist.org/observations/201857728","Animalia","Chordata",NA,"Pleuronectiformes","Achiridae","Trinectes","Trinectes maculatus",NA,"SPECIES","Trinectes maculatus (Bloch & Schneider, 1801)","Trinectes maculatus","","US","","Georgia","PRESENT",NA,"28eb1a3f-1c15-4a95-931a-4af90ecb574d",31.143721,-81.460095,6477,NA,NA,NA,NA,NA,"2021-10-11T16:11",11,10,2021,2408252,2408252,"HUMAN_OBSERVATION","iNaturalist","Observations","201857728",NA,"allan-muise",2024-03-10 00:41:45,"CC_BY_NC_4_0","allan-muise","allan-muise",NA,NA,2025-06-07 01:30:13.837,"StillImage","COORDINATE_ROUNDED;CONTINENT_DERIVED_FROM_COORDINATES;TAXON_MATCH_TAXON_ID_IGNORED"
4597322225,"50c9509d-22c7-4a22-a47d-8c48425ef4a7","https://www.inaturalist.org/observations/201514225","Animalia","Chordata",NA,"Pleuronectiformes","Achiridae","Trinectes","Trinectes maculatus",NA,"SPECIES","Trinectes maculatus (Bloch & Schneider, 1801)","Trinectes maculatus","","US","","Florida","PRESENT",NA,"28eb1a3f-1c15-4a95-931a-4af90ecb574d",30.486602,-83.219864,32,NA,NA,NA,NA,NA,"2024-03-06T11:57:12",6,3,2024,2408252,2408252,"HUMAN_OBSERVATION","iNaturalist","Observations","201514225",NA,"miablock1",2024-03-06 21:49:05,"CC_BY_NC_4_0","miablock1","miablock1",NA,NA,2025-06-07 03:02:00.428,"StillImage","COORDINATE_ROUNDED;CONTINENT_DERIVED_FROM_COORDINATES;TAXON_MATCH_TAXON_ID_IGNORED"
4597227889,"50c9509d-22c7-4a22-a47d-8c48425ef4a7","https://www.inaturalist.org/observations/128808280","Animalia","Chordata",NA,"Pleuronectiformes","Achiridae","Trinectes","Trinectes maculatus",NA,"SPECIES","Trinectes maculatus (Bloch & Schneider, 1801)","Trinectes maculatus","","US","","Florida","PRESENT",NA,"28eb1a3f-1c15-4a95-931a-4af90ecb574d",30.657961,-85.904306,31,NA,NA,NA,NA,NA,"2006-06-15",15,6,2006,2408252,2408252,"HUMAN_OBSERVATION","iNaturalist","Observations","128808280",NA,"Em",2022-07-31 15:29:31,"CC_BY_NC_4_0","Em","Em",NA,NA,2025-06-07 00:25:41.364,"StillImage","COORDINATE_ROUNDED;CONTINENT_DERIVED_FROM_COORDINATES;TAXON_MATCH_TAXON_ID_IGNORED"
4597224879,"50c9509d-22c7-4a22-a47d-8c48425ef4a7","https://www.inaturalist.org/observations/135138731","Animalia","Chordata",NA,"Pleuronectiformes","Achiridae","Trinectes","Trinectes maculatus",NA,"SPECIES","Trinectes maculatus (Bloch & Schneider, 1801)","Trinectes maculatus","","US","","South Carolina","PRESENT",NA,"28eb1a3f-1c15-4a95-931a-4af90ecb574d",33.791888,-79.050147,4,NA,NA,NA,NA,NA,"2022-09-14T15:51:47",14,9,2022,2408252,2408252,"HUMAN_OBSERVATION","iNaturalist","Observations","135138731",NA,"Bailey Hall",2022-09-15 17:09:37,"CC_BY_NC_4_0","Bailey Hall","Bailey Hall",NA,NA,2025-06-07 00:44:28.282,"StillImage","COORDINATE_ROUNDED;CONTINENT_DERIVED_FROM_COORDINATES;TAXON_MATCH_TAXON_ID_IGNORED"
4597213441,"50c9509d-22c7-4a22-a47d-8c48425ef4a7","https://www.inaturalist.org/observations/47459535","Animalia","Chordata",NA,"Pleuronectiformes","Achiridae","Trinectes","Trinectes maculatus",NA,"SPECIES","Trinectes maculatus (Bloch & Schneider, 1801)","Trinectes maculatus","","US","","Delaware","PRESENT",NA,"28eb1a3f-1c15-4a95-931a-4af90ecb574d",39.172759,-75.410969,292,NA,NA,NA,NA,NA,"2020-05-22T19:29",22,5,2020,2408252,2408252,"HUMAN_OBSERVATION","iNaturalist","Observations","47459535",NA,"Brian G.",2023-08-04 13:31:11,"CC_BY_NC_4_0","Cameron Hartley","Cameron Hartley",NA,NA,2025-06-07 02:37:17.722,"","COORDINATE_ROUNDED;CONTINENT_DERIVED_FROM_COORDINATES;TAXON_MATCH_TAXON_ID_IGNORED"
4597116662,"50c9509d-22c7-4a22-a47d-8c48425ef4a7","https://www.inaturalist.org/observations/202743260","Animalia","Chordata",NA,"Pleuronectiformes","Achiridae","Trinectes","Trinectes maculatus",NA,"SPECIES","Trinectes maculatus (Bloch & Schneider, 1801)","Trinectes maculatus","","US","","Alabama","PRESENT",NA,"28eb1a3f-1c15-4a95-931a-4af90ecb574d",30.270145,-87.954147,40,NA,NA,NA,NA,NA,"2024-03-16T14:35:41",16,3,2024,2408252,2408252,"HUMAN_OBSERVATION","iNaturalist","Observations","202743260",NA,"Ava",2024-03-17 00:16:23,"CC_BY_NC_4_0","Ava","Ava",NA,NA,2025-06-07 01:13:03.487,"StillImage","COORDINATE_ROUNDED;CONTINENT_DERIVED_FROM_COORDINATES;TAXON_MATCH_TAXON_ID_IGNORED"
4597092802,"50c9509d-22c7-4a22-a47d-8c48425ef4a7","https://www.inaturalist.org/observations/202740710","Animalia","Chordata",NA,"Pleuronectiformes","Achiridae","Trinectes","Trinectes maculatus",NA,"SPECIES","Trinectes maculatus (Bloch & Schneider, 1801)","Trinectes maculatus","","US","","Alabama","PRESENT",NA,"28eb1a3f-1c15-4a95-931a-4af90ecb574d",30.269772,-88.000497,4,NA,NA,NA,NA,NA,"2024-03-16T14:56:22",16,3,2024,2408252,2408252,"HUMAN_OBSERVATION","iNaturalist","Observations","202740710",NA,"Ava",2024-03-16 23:54:55,"CC_BY_NC_4_0","Ava","Ava",NA,NA,2025-06-07 00:09:20.492,"StillImage","COORDINATE_ROUNDED;CONTINENT_DERIVED_FROM_COORDINATES;TAXON_MATCH_TAXON_ID_IGNORED"
4535884608,"50c9509d-22c7-4a22-a47d-8c48425ef4a7","https://www.inaturalist.org/observations/121155883","Animalia","Chordata",NA,"Pleuronectiformes","Achiridae","Trinectes","Trinectes maculatus",NA,"SPECIES","Trinectes maculatus (Bloch & Schneider, 1801)","Trinectes maculatus","","US","","Maryland","PRESENT",NA,"28eb1a3f-1c15-4a95-931a-4af90ecb574d",38.364081,-76.471235,8,NA,NA,NA,NA,NA,"2022-06-10T18:26:48",10,6,2022,2408252,2408252,"HUMAN_OBSERVATION","iNaturalist","Observations","121155883",NA,"pmk00001",2022-06-23 08:55:00,"CC_BY_NC_4_0","michelen301","michelen301",NA,NA,2025-06-07 01:34:50.88,"StillImage","COORDINATE_ROUNDED;CONTINENT_DERIVED_FROM_COORDINATES;TAXON_MATCH_TAXON_ID_IGNORED"
4535874230,"50c9509d-22c7-4a22-a47d-8c48425ef4a7","https://www.inaturalist.org/observations/200133603","Animalia","Chordata",NA,"Pleuronectiformes","Achiridae","Trinectes","Trinectes maculatus",NA,"SPECIES","Trinectes maculatus (Bloch & Schneider, 1801)","Trinectes maculatus","","US","","Florida","PRESENT",NA,"28eb1a3f-1c15-4a95-931a-4af90ecb574d",27.5775,-82.542558,4,NA,NA,NA,NA,NA,"2024-02-22T10:13",22,2,2024,2408252,2408252,"HUMAN_OBSERVATION","iNaturalist","Observations","200133603",NA,"Sean Patton",2024-02-22 23:51:13,"CC_BY_NC_4_0","Sean Patton","Sean Patton",NA,NA,2025-06-07 01:36:49.771,"StillImage","COORDINATE_ROUNDED;CONTINENT_DERIVED_FROM_COORDINATES;TAXON_MATCH_TAXON_ID_IGNORED"
4535617764,"50c9509d-22c7-4a22-a47d-8c48425ef4a7","https://www.inaturalist.org/observations/160194000","Animalia","Chordata",NA,"Pleuronectiformes","Achiridae","Trinectes","Trinectes maculatus",NA,"SPECIES","Trinectes maculatus (Bloch & Schneider, 1801)","Trinectes maculatus","","US","","Virginia","PRESENT",NA,"28eb1a3f-1c15-4a95-931a-4af90ecb574d",38.163789,-76.76437,255,NA,NA,NA,NA,NA,"2023-04-23T15:05:24",23,4,2023,2408252,2408252,"HUMAN_OBSERVATION","iNaturalist","Observations","160194000",NA,"rmoreau",2023-05-06 23:46:56,"CC_BY_NC_4_0","rmoreau","rmoreau",NA,NA,2025-06-07 01:11:04.91,"StillImage","COORDINATE_ROUNDED;CONTINENT_DERIVED_FROM_COORDINATES;TAXON_MATCH_TAXON_ID_IGNORED"
4525305416,"50c9509d-22c7-4a22-a47d-8c48425ef4a7","https://www.inaturalist.org/observations/199800205","Animalia","Chordata",NA,"Pleuronectiformes","Achiridae","Trinectes","Trinectes maculatus",NA,"SPECIES","Trinectes maculatus (Bloch & Schneider, 1801)","Trinectes maculatus","","US","","Florida","PRESENT",NA,"28eb1a3f-1c15-4a95-931a-4af90ecb574d",29.851703,-82.611153,4,NA,NA,NA,NA,NA,"2024-01-20T16:50:23",20,1,2024,2408252,2408252,"HUMAN_OBSERVATION","iNaturalist","Observations","199800205",NA,"Ciara Coulombe",2024-02-19 15:08:48,"CC_BY_NC_4_0","Ciara Coulombe","Ciara Coulombe",NA,NA,2025-06-07 01:54:52.341,"StillImage","COORDINATE_ROUNDED;CONTINENT_DERIVED_FROM_COORDINATES;TAXON_MATCH_TAXON_ID_IGNORED"
4510400861,"50c9509d-22c7-4a22-a47d-8c48425ef4a7","https://www.inaturalist.org/observations/196014015","Animalia","Chordata",NA,"Pleuronectiformes","Achiridae","Trinectes","Trinectes maculatus",NA,"SPECIES","Trinectes maculatus (Bloch & Schneider, 1801)","Trinectes maculatus","","US","","North Carolina","PRESENT",NA,"28eb1a3f-1c15-4a95-931a-4af90ecb574d",36.341481,-75.954405,50,NA,NA,NA,NA,NA,"2022-10-24T11:17:07",24,10,2022,2408252,2408252,"HUMAN_OBSERVATION","iNaturalist","Observations","196014015",NA,"elijahfreeman19",2024-01-07 11:52:57,"CC_BY_NC_4_0","elijahfreeman19","elijahfreeman19",NA,NA,2025-06-07 00:14:25.545,"StillImage","COORDINATE_ROUNDED;CONTINENT_DERIVED_FROM_COORDINATES;TAXON_MATCH_TAXON_ID_IGNORED"
4510076070,"50c9509d-22c7-4a22-a47d-8c48425ef4a7","https://www.inaturalist.org/observations/195765538","Animalia","Chordata",NA,"Pleuronectiformes","Achiridae","Trinectes","Trinectes maculatus",NA,"SPECIES","Trinectes maculatus (Bloch & Schneider, 1801)","Trinectes maculatus","","US","","Florida","PRESENT",NA,"28eb1a3f-1c15-4a95-931a-4af90ecb574d",28.256664,-82.643519,4,NA,NA,NA,NA,NA,"2024-01-04T12:34:13",4,1,2024,2408252,2408252,"HUMAN_OBSERVATION","iNaturalist","Observations","195765538",NA,"dbond",2024-01-04 17:34:30,"CC_BY_NC_4_0","dbond","dbond",NA,NA,2025-06-07 01:54:06.98,"StillImage","COORDINATE_ROUNDED;CONTINENT_DERIVED_FROM_COORDINATES;TAXON_MATCH_TAXON_ID_IGNORED"
4507728343,"50c9509d-22c7-4a22-a47d-8c48425ef4a7","https://www.inaturalist.org/observations/195214171","Animalia","Chordata",NA,"Pleuronectiformes","Achiridae","Trinectes","Trinectes maculatus",NA,"SPECIES","Trinectes maculatus (Bloch & Schneider, 1801)","Trinectes maculatus","","US","","Florida","PRESENT",NA,"28eb1a3f-1c15-4a95-931a-4af90ecb574d",27.795997,-82.349617,8,NA,NA,NA,NA,NA,"2023-12-29T16:06:50",29,12,2023,2408252,2408252,"HUMAN_OBSERVATION","iNaturalist","Observations","195214171",NA,"wattapik",2023-12-29 23:14:53,"CC_BY_NC_4_0","wattapik","wattapik",NA,NA,2025-06-07 02:44:52.688,"StillImage","COORDINATE_ROUNDED;CONTINENT_DERIVED_FROM_COORDINATES;TAXON_MATCH_TAXON_ID_IGNORED"
4500812085,"50c9509d-22c7-4a22-a47d-8c48425ef4a7","https://www.inaturalist.org/observations/193917699","Animalia","Chordata",NA,"Pleuronectiformes","Achiridae","Trinectes","Trinectes maculatus",NA,"SPECIES","Trinectes maculatus (Bloch & Schneider, 1801)","Trinectes maculatus","","US","","Florida","PRESENT",NA,"28eb1a3f-1c15-4a95-931a-4af90ecb574d",29.847383,-82.890333,NA,NA,NA,NA,NA,NA,"2023-12-02T15:15:35",2,12,2023,2408252,2408252,"HUMAN_OBSERVATION","iNaturalist","Observations","193917699",NA,"Michael Keys",2023-12-14 02:08:12,"CC_BY_NC_4_0","Michael Keys","Michael Keys",NA,NA,2025-06-07 02:43:41.743,"StillImage","COORDINATE_ROUNDED;CONTINENT_DERIVED_FROM_COORDINATES;TAXON_MATCH_TAXON_ID_IGNORED"
4442714782,"50c9509d-22c7-4a22-a47d-8c48425ef4a7","https://www.inaturalist.org/observations/191690736","Animalia","Chordata",NA,"Pleuronectiformes","Achiridae","Trinectes","Trinectes maculatus",NA,"SPECIES","Trinectes maculatus (Bloch & Schneider, 1801)","Trinectes maculatus","","US","","Florida","PRESENT",NA,"28eb1a3f-1c15-4a95-931a-4af90ecb574d",28.256613,-82.643602,20,NA,NA,NA,NA,NA,"2023-11-21T13:19",21,11,2023,2408252,2408252,"HUMAN_OBSERVATION","iNaturalist","Observations","191690736",NA,"dbond",2023-11-21 18:20:28,"CC_BY_NC_4_0","dbond","dbond",NA,NA,2025-06-07 02:01:42.181,"StillImage","COORDINATE_ROUNDED;CONTINENT_DERIVED_FROM_COORDINATES;TAXON_MATCH_TAXON_ID_IGNORED"
4442549936,"50c9509d-22c7-4a22-a47d-8c48425ef4a7","https://www.inaturalist.org/observations/191424311","Animalia","Chordata",NA,"Pleuronectiformes","Achiridae","Trinectes","Trinectes maculatus",NA,"SPECIES","Trinectes maculatus (Bloch & Schneider, 1801)","Trinectes maculatus","","US","","Georgia","PRESENT",NA,"28eb1a3f-1c15-4a95-931a-4af90ecb574d",31.144878,-81.459656,NA,NA,NA,NA,NA,NA,"2023-11-18T12:52:26",18,11,2023,2408252,2408252,"HUMAN_OBSERVATION","iNaturalist","Observations","191424311",NA,"Tim Reitz",2023-11-19 00:56:20,"CC_BY_NC_4_0","Tim Reitz","Tim Reitz",NA,NA,2025-06-07 01:52:19.188,"StillImage","COORDINATE_ROUNDED;CONTINENT_DERIVED_FROM_COORDINATES;TAXON_MATCH_TAXON_ID_IGNORED"
4440854686,"50c9509d-22c7-4a22-a47d-8c48425ef4a7","https://www.inaturalist.org/observations/190957321","Animalia","Chordata",NA,"Pleuronectiformes","Achiridae","Trinectes","Trinectes maculatus",NA,"SPECIES","Trinectes maculatus (Bloch & Schneider, 1801)","Trinectes maculatus","","US","","Florida","PRESENT",NA,"28eb1a3f-1c15-4a95-931a-4af90ecb574d",27.299303,-81.846363,131,NA,NA,NA,NA,NA,"2023-11-11T23:56",11,11,2023,2408252,2408252,"HUMAN_OBSERVATION","iNaturalist","Observations","190957321",NA,"shawnphoenix",2023-11-14 01:28:38,"CC_BY_NC_4_0","shawnphoenix","shawnphoenix",NA,NA,2025-06-06 23:59:16.275,"StillImage","COORDINATE_ROUNDED;CONTINENT_DERIVED_FROM_COORDINATES;TAXON_MATCH_TAXON_ID_IGNORED"
4440836097,"50c9509d-22c7-4a22-a47d-8c48425ef4a7","https://www.inaturalist.org/observations/190957396","Animalia","Chordata",NA,"Pleuronectiformes","Achiridae","Trinectes","Trinectes maculatus",NA,"SPECIES","Trinectes maculatus (Bloch & Schneider, 1801)","Trinectes maculatus","","US","","Florida","PRESENT",NA,"28eb1a3f-1c15-4a95-931a-4af90ecb574d",27.299782,-81.846382,70,NA,NA,NA,NA,NA,"2023-11-11T12:30",11,11,2023,2408252,2408252,"HUMAN_OBSERVATION","iNaturalist","Observations","190957396",NA,"shawnphoenix",2023-11-14 01:29:42,"CC_BY_NC_4_0","shawnphoenix","shawnphoenix",NA,NA,2025-06-06 23:59:42.291,"StillImage","COORDINATE_ROUNDED;CONTINENT_DERIVED_FROM_COORDINATES;TAXON_MATCH_TAXON_ID_IGNORED"
4440769010,"50c9509d-22c7-4a22-a47d-8c48425ef4a7","https://www.inaturalist.org/observations/190700952","Animalia","Chordata",NA,"Pleuronectiformes","Achiridae","Trinectes","Trinectes maculatus",NA,"SPECIES","Trinectes maculatus (Bloch & Schneider, 1801)","Trinectes maculatus","","US","","Florida","PRESENT",NA,"28eb1a3f-1c15-4a95-931a-4af90ecb574d",29.836233,-82.699966,53,NA,NA,NA,NA,NA,"2019-12-04T07:34",4,12,2019,2408252,2408252,"HUMAN_OBSERVATION","iNaturalist","Observations","190700952",NA,"Leonardo Merçon",2023-11-11 18:23:42,"CC_BY_NC_4_0","Leonardo Merçon","Leonardo Merçon",NA,NA,2025-06-07 00:04:40.406,"StillImage","COORDINATE_ROUNDED;CONTINENT_DERIVED_FROM_COORDINATES;TAXON_MATCH_TAXON_ID_IGNORED"
4438751379,"50c9509d-22c7-4a22-a47d-8c48425ef4a7","https://www.inaturalist.org/observations/189820743","Animalia","Chordata",NA,"Pleuronectiformes","Achiridae","Trinectes","Trinectes maculatus",NA,"SPECIES","Trinectes maculatus (Bloch & Schneider, 1801)","Trinectes maculatus","","US","","Alabama","PRESENT",NA,"28eb1a3f-1c15-4a95-931a-4af90ecb574d",31.594161,-87.545039,21,NA,NA,NA,NA,NA,"2023-10-26T11:44",26,10,2023,2408252,2408252,"HUMAN_OBSERVATION","iNaturalist","Observations","189820743",NA,"Jeff Garner",2023-11-03 04:10:26,"CC_BY_NC_4_0","Jeff Garner","Jeff Garner",NA,NA,2025-06-07 01:44:04.746,"StillImage","COORDINATE_ROUNDED;CONTINENT_DERIVED_FROM_COORDINATES;TAXON_MATCH_TAXON_ID_IGNORED"
4436175018,"50c9509d-22c7-4a22-a47d-8c48425ef4a7","https://www.inaturalist.org/observations/189421570","Animalia","Chordata",NA,"Pleuronectiformes","Achiridae","Trinectes","Trinectes maculatus",NA,"SPECIES","Trinectes maculatus (Bloch & Schneider, 1801)","Trinectes maculatus","","US","","Alabama","PRESENT",NA,"28eb1a3f-1c15-4a95-931a-4af90ecb574d",31.594028,-87.545113,4,NA,NA,NA,NA,NA,"2023-10-26T11:44:18",26,10,2023,2408252,2408252,"HUMAN_OBSERVATION","iNaturalist","Observations","189421570",NA,"Jesseholifield",2023-10-30 00:38:06,"CC_BY_NC_4_0","Jesseholifield","Jesseholifield",NA,NA,2025-06-07 01:41:49.518,"StillImage","COORDINATE_ROUNDED;CONTINENT_DERIVED_FROM_COORDINATES;TAXON_MATCH_TAXON_ID_IGNORED"
4430695268,"50c9509d-22c7-4a22-a47d-8c48425ef4a7","https://www.inaturalist.org/observations/188325864","Animalia","Chordata",NA,"Pleuronectiformes","Achiridae","Trinectes","Trinectes maculatus",NA,"SPECIES","Trinectes maculatus (Bloch & Schneider, 1801)","Trinectes maculatus","","US","","North Carolina","PRESENT",NA,"28eb1a3f-1c15-4a95-931a-4af90ecb574d",34.654705,-76.555855,5,NA,NA,NA,NA,NA,"2023-10-20T08:21:49",20,10,2023,2408252,2408252,"HUMAN_OBSERVATION","iNaturalist","Observations","188325864",NA,"alongmire",2023-10-21 01:15:09,"CC_BY_NC_4_0","alongmire","alongmire",NA,NA,2025-06-07 01:57:41.183,"StillImage","CONTINENT_DERIVED_FROM_COORDINATES;TAXON_MATCH_TAXON_ID_IGNORED"
4424507677,"50c9509d-22c7-4a22-a47d-8c48425ef4a7","https://www.inaturalist.org/observations/186347226","Animalia","Chordata",NA,"Pleuronectiformes","Achiridae","Trinectes","Trinectes maculatus",NA,"SPECIES","Trinectes maculatus (Bloch & Schneider, 1801)","Trinectes maculatus","","US","","Maryland","PRESENT",NA,"28eb1a3f-1c15-4a95-931a-4af90ecb574d",38.365864,-76.102656,NA,NA,NA,NA,NA,NA,"2023-10-05T15:15",5,10,2023,2408252,2408252,"HUMAN_OBSERVATION","iNaturalist","Observations","186347226",NA,"Wayne Longbottom",2023-10-05 23:50:40,"CC_BY_NC_4_0","Wayne Longbottom","Wayne Longbottom",NA,NA,2025-06-07 01:42:13.876,"StillImage","COORDINATE_ROUNDED;CONTINENT_DERIVED_FROM_COORDINATES;TAXON_MATCH_TAXON_ID_IGNORED"
4424502453,"50c9509d-22c7-4a22-a47d-8c48425ef4a7","https://www.inaturalist.org/observations/186724429","Animalia","Chordata",NA,"Pleuronectiformes","Achiridae","Trinectes","Trinectes maculatus",NA,"SPECIES","Trinectes maculatus (Bloch & Schneider, 1801)","Trinectes maculatus","","US","","Georgia","PRESENT",NA,"28eb1a3f-1c15-4a95-931a-4af90ecb574d",31.542222,-81.256012,5,NA,NA,NA,NA,NA,"2023-10-08T10:18:38",8,10,2023,2408252,2408252,"HUMAN_OBSERVATION","iNaturalist","Observations","186724429",NA,"Squidpastry",2023-10-08 23:32:04,"CC_BY_NC_4_0","Timothy Monroe","Timothy Monroe",NA,NA,2025-06-07 01:52:41.647,"StillImage","COORDINATE_ROUNDED;CONTINENT_DERIVED_FROM_COORDINATES;TAXON_MATCH_TAXON_ID_IGNORED"
4424496782,"50c9509d-22c7-4a22-a47d-8c48425ef4a7","https://www.inaturalist.org/observations/186447005","Animalia","Chordata",NA,"Pleuronectiformes","Achiridae","Trinectes","Trinectes maculatus",NA,"SPECIES","Trinectes maculatus (Bloch & Schneider, 1801)","Trinectes maculatus","","US","","Virginia","PRESENT",NA,"28eb1a3f-1c15-4a95-931a-4af90ecb574d",37.354103,-77.273383,5,NA,NA,NA,NA,NA,"2023-09-26T14:18:51",26,9,2023,2408252,2408252,"HUMAN_OBSERVATION","iNaturalist","Observations","186447005",NA,"jkier",2023-10-06 19:48:54,"CC_BY_NC_4_0","jkier","jkier",NA,NA,2025-06-07 01:25:53.819,"StillImage","COORDINATE_ROUNDED;CONTINENT_DERIVED_FROM_COORDINATES;TAXON_MATCH_TAXON_ID_IGNORED"
4424468438,"50c9509d-22c7-4a22-a47d-8c48425ef4a7","https://www.inaturalist.org/observations/102004352","Animalia","Chordata",NA,"Pleuronectiformes","Achiridae","Trinectes","Trinectes maculatus",NA,"SPECIES","Trinectes maculatus (Bloch & Schneider, 1801)","Trinectes maculatus","","US","","Florida","PRESENT",NA,"28eb1a3f-1c15-4a95-931a-4af90ecb574d",29.67385,-85.20948,5,NA,NA,NA,NA,NA,"2021-10-23T17:43:48",23,10,2021,2408252,2408252,"HUMAN_OBSERVATION","iNaturalist","Observations","102004352",NA,"Susan Cerulean",2021-11-27 13:43:44,"CC_BY_NC_4_0","Susan Cerulean","Susan Cerulean",NA,NA,2025-06-07 01:21:34.824,"StillImage","CONTINENT_DERIVED_FROM_COORDINATES;TAXON_MATCH_TAXON_ID_IGNORED"
4424386471,"50c9509d-22c7-4a22-a47d-8c48425ef4a7","https://www.inaturalist.org/observations/152283526","Animalia","Chordata",NA,"Pleuronectiformes","Achiridae","Trinectes","Trinectes maculatus",NA,"SPECIES","Trinectes maculatus (Bloch & Schneider, 1801)","Trinectes maculatus","","US","","Florida","PRESENT",NA,"28eb1a3f-1c15-4a95-931a-4af90ecb574d",27.16798,-81.884408,60,NA,NA,NA,NA,NA,"2023-03-25T13:35:18",25,3,2023,2408252,2408252,"HUMAN_OBSERVATION","iNaturalist","Observations","152283526",NA,"Matthew Pintar",2023-04-02 16:53:12,"CC_BY_NC_4_0","rudybethc","rudybethc",NA,NA,2025-06-07 01:43:20.728,"StillImage","COORDINATE_ROUNDED;CONTINENT_DERIVED_FROM_COORDINATES;TAXON_MATCH_TAXON_ID_IGNORED"
4424380441,"50c9509d-22c7-4a22-a47d-8c48425ef4a7","https://www.inaturalist.org/observations/109667241","Animalia","Chordata",NA,"Pleuronectiformes","Achiridae","Trinectes","Trinectes maculatus",NA,"SPECIES","Trinectes maculatus (Bloch & Schneider, 1801)","Trinectes maculatus","","US","","Florida","PRESENT",NA,"28eb1a3f-1c15-4a95-931a-4af90ecb574d",29.835379,-82.698468,256,NA,NA,NA,NA,NA,"2022-03-26T12:22",26,3,2022,2408252,2408252,"HUMAN_OBSERVATION","iNaturalist","Observations","109667241",NA,"Sarah Smith",2022-03-27 17:40:15,"CC_BY_NC_4_0","Sarah Smith","Sarah Smith",NA,NA,2025-06-07 01:22:41.966,"StillImage","COORDINATE_ROUNDED;CONTINENT_DERIVED_FROM_COORDINATES;TAXON_MATCH_TAXON_ID_IGNORED"
4424211876,"50c9509d-22c7-4a22-a47d-8c48425ef4a7","https://www.inaturalist.org/observations/184292266","Animalia","Chordata",NA,"Pleuronectiformes","Achiridae","Trinectes","Trinectes maculatus",NA,"SPECIES","Trinectes maculatus (Bloch & Schneider, 1801)","Trinectes maculatus","","US","","Virginia","PRESENT",NA,"28eb1a3f-1c15-4a95-931a-4af90ecb574d",37.356655,-77.269997,4,NA,NA,NA,NA,NA,"2023-09-21T14:14:15",21,9,2023,2408252,2408252,"HUMAN_OBSERVATION","iNaturalist","Observations","184292266",NA,"pmk00001",2023-09-23 14:40:23,"CC_BY_NC_4_0","kadiatouk","kadiatouk",NA,NA,2025-06-07 00:11:43.381,"StillImage","COORDINATE_ROUNDED;CONTINENT_DERIVED_FROM_COORDINATES;TAXON_MATCH_TAXON_ID_IGNORED"
4424097732,"50c9509d-22c7-4a22-a47d-8c48425ef4a7","https://www.inaturalist.org/observations/172135703","Animalia","Chordata",NA,"Pleuronectiformes","Achiridae","Trinectes","Trinectes maculatus",NA,"SPECIES","Trinectes maculatus (Bloch & Schneider, 1801)","Trinectes maculatus","","US","","South Carolina","PRESENT",NA,"28eb1a3f-1c15-4a95-931a-4af90ecb574d",32.775757,-79.810287,90,NA,NA,NA,NA,NA,"2023-07-10T07:05:58",10,7,2023,2408252,2408252,"HUMAN_OBSERVATION","iNaturalist","Observations","172135703",NA,"Mitchel Buckner",2023-07-10 15:26:03,"CC_BY_NC_4_0","laurenp1217","laurenp1217",NA,NA,2025-06-07 02:07:57.888,"StillImage","COORDINATE_ROUNDED;CONTINENT_DERIVED_FROM_COORDINATES;TAXON_MATCH_TAXON_ID_IGNORED"
4424077981,"50c9509d-22c7-4a22-a47d-8c48425ef4a7","https://www.inaturalist.org/observations/184292394","Animalia","Chordata",NA,"Pleuronectiformes","Achiridae","Trinectes","Trinectes maculatus",NA,"SPECIES","Trinectes maculatus (Bloch & Schneider, 1801)","Trinectes maculatus","","US","","Virginia","PRESENT",NA,"28eb1a3f-1c15-4a95-931a-4af90ecb574d",37.303986,-77.232956,2827,NA,NA,NA,NA,NA,"2023-09-21T14:21:50",21,9,2023,2408252,2408252,"HUMAN_OBSERVATION","iNaturalist","Observations","184292394",NA,"quinton91",2023-09-21 18:22:36,"CC_BY_NC_4_0","quinton91","quinton91",NA,NA,2025-06-07 00:51:41.615,"StillImage","COORDINATE_ROUNDED;CONTINENT_DERIVED_FROM_COORDINATES;TAXON_MATCH_TAXON_ID_IGNORED"
4421243523,"50c9509d-22c7-4a22-a47d-8c48425ef4a7","https://www.inaturalist.org/observations/185851491","Animalia","Chordata",NA,"Pleuronectiformes","Achiridae","Trinectes","Trinectes maculatus",NA,"SPECIES","Trinectes maculatus (Bloch & Schneider, 1801)","Trinectes maculatus","","US","","Virginia","PRESENT",NA,"28eb1a3f-1c15-4a95-931a-4af90ecb574d",37.357678,-77.268967,21,NA,NA,NA,NA,NA,"2023-09-21T14:12:25",21,9,2023,2408252,2408252,"HUMAN_OBSERVATION","iNaturalist","Observations","185851491",NA,"jtwan",2023-10-02 02:53:55,"CC_BY_NC_4_0","jtwan","jtwan",NA,NA,2025-06-07 00:03:59.815,"StillImage","COORDINATE_ROUNDED;CONTINENT_DERIVED_FROM_COORDINATES;TAXON_MATCH_TAXON_ID_IGNORED"
4420934691,"50c9509d-22c7-4a22-a47d-8c48425ef4a7","https://www.inaturalist.org/observations/185455190","Animalia","Chordata",NA,"Pleuronectiformes","Achiridae","Trinectes","Trinectes maculatus",NA,"SPECIES","Trinectes maculatus (Bloch & Schneider, 1801)","Trinectes maculatus","","US","","New Jersey","PRESENT",NA,"28eb1a3f-1c15-4a95-931a-4af90ecb574d",39.499548,-74.313681,758,NA,NA,NA,NA,NA,"2023-09-29T13:42:20",29,9,2023,2408252,2408252,"HUMAN_OBSERVATION","iNaturalist","Observations","185455190",NA,"geosesarma",2023-09-29 17:50:37,"CC_BY_4_0","geosesarma","geosesarma",NA,NA,2025-06-07 02:42:09.928,"StillImage","COORDINATE_ROUNDED;CONTINENT_DERIVED_FROM_COORDINATES;TAXON_MATCH_TAXON_ID_IGNORED"
4420930996,"50c9509d-22c7-4a22-a47d-8c48425ef4a7","https://www.inaturalist.org/observations/185969286","Animalia","Chordata",NA,"Pleuronectiformes","Achiridae","Trinectes","Trinectes maculatus",NA,"SPECIES","Trinectes maculatus (Bloch & Schneider, 1801)","Trinectes maculatus","","US","","Maryland","PRESENT",NA,"28eb1a3f-1c15-4a95-931a-4af90ecb574d",38.416039,-75.993825,NA,NA,NA,NA,NA,NA,"2023-10-02T17:15",2,10,2023,2408252,2408252,"HUMAN_OBSERVATION","iNaturalist","Observations","185969286",NA,"Wayne Longbottom",2023-10-02 22:44:00,"CC_BY_NC_4_0","Wayne Longbottom","Wayne Longbottom",NA,NA,2025-06-07 00:57:36.418,"StillImage","COORDINATE_ROUNDED;CONTINENT_DERIVED_FROM_COORDINATES;TAXON_MATCH_TAXON_ID_IGNORED"
4420915547,"50c9509d-22c7-4a22-a47d-8c48425ef4a7","https://www.inaturalist.org/observations/185334761","Animalia","Chordata",NA,"Pleuronectiformes","Achiridae","Trinectes","Trinectes maculatus",NA,"SPECIES","Trinectes maculatus (Bloch & Schneider, 1801)","Trinectes maculatus","","US","","Virginia","PRESENT",NA,"28eb1a3f-1c15-4a95-931a-4af90ecb574d",37.353696,-77.274493,5,NA,NA,NA,NA,NA,"2023-09-21T14:18:09",21,9,2023,2408252,2408252,"HUMAN_OBSERVATION","iNaturalist","Observations","185334761",NA,"Mitchel Buckner",2023-09-29 16:48:01,"CC_BY_NC_4_0","serenityb","serenityb",NA,NA,2025-06-07 01:47:11.199,"StillImage","COORDINATE_ROUNDED;CONTINENT_DERIVED_FROM_COORDINATES;TAXON_MATCH_TAXON_ID_IGNORED"
4420909197,"50c9509d-22c7-4a22-a47d-8c48425ef4a7","https://www.inaturalist.org/observations/186055478","Animalia","Chordata",NA,"Pleuronectiformes","Achiridae","Trinectes","Trinectes maculatus",NA,"SPECIES","Trinectes maculatus (Bloch & Schneider, 1801)","Trinectes maculatus","","US","","Virginia","PRESENT",NA,"28eb1a3f-1c15-4a95-931a-4af90ecb574d",37.35412,-77.2734,4,NA,NA,NA,NA,NA,"2023-09-26T14:18:52",26,9,2023,2408252,2408252,"HUMAN_OBSERVATION","iNaturalist","Observations","186055478",NA,"mckenziebrown",2023-10-03 16:37:27,"CC_BY_NC_4_0","mckenziebrown","mckenziebrown",NA,NA,2025-06-07 01:41:49.796,"StillImage","CONTINENT_DERIVED_FROM_COORDINATES;TAXON_MATCH_TAXON_ID_IGNORED"
4416900126,"50c9509d-22c7-4a22-a47d-8c48425ef4a7","https://www.inaturalist.org/observations/184203831","Animalia","Chordata",NA,"Pleuronectiformes","Achiridae","Trinectes","Trinectes maculatus",NA,"SPECIES","Trinectes maculatus (Bloch & Schneider, 1801)","Trinectes maculatus","","US","","Alabama","PRESENT",NA,"28eb1a3f-1c15-4a95-931a-4af90ecb574d",30.247283,-88.045241,3242,NA,NA,NA,NA,NA,"2023-09-10T09:20:01",10,9,2023,2408252,2408252,"HUMAN_OBSERVATION","iNaturalist","Observations","184203831",NA,"pauljgier",2023-09-21 01:53:01,"CC_BY_NC_4_0","pauljgier","pauljgier",NA,NA,2025-06-07 02:07:33.64,"StillImage","COORDINATE_ROUNDED;CONTINENT_DERIVED_FROM_COORDINATES;TAXON_MATCH_TAXON_ID_IGNORED"
4414424028,"50c9509d-22c7-4a22-a47d-8c48425ef4a7","https://www.inaturalist.org/observations/183934428","Animalia","Chordata",NA,"Pleuronectiformes","Achiridae","Trinectes","Trinectes maculatus",NA,"SPECIES","Trinectes maculatus (Bloch & Schneider, 1801)","Trinectes maculatus","","US","","Maryland","PRESENT",NA,"28eb1a3f-1c15-4a95-931a-4af90ecb574d",39.25322,-76.371567,67,NA,NA,NA,NA,NA,"2023-09-18T10:12:37",18,9,2023,2408252,2408252,"HUMAN_OBSERVATION","iNaturalist","Observations","183934428",NA,"laurabankey",2023-09-19 02:25:54,"CC_BY_NC_4_0","laurabankey","laurabankey",NA,NA,2025-06-07 00:52:47.051,"StillImage","COORDINATE_ROUNDED;CONTINENT_DERIVED_FROM_COORDINATES;TAXON_MATCH_TAXON_ID_IGNORED"
4414258286,"50c9509d-22c7-4a22-a47d-8c48425ef4a7","https://www.inaturalist.org/observations/182901934","Animalia","Chordata",NA,"Pleuronectiformes","Achiridae","Trinectes","Trinectes maculatus",NA,"SPECIES","Trinectes maculatus (Bloch & Schneider, 1801)","Trinectes maculatus","","US","","New York","PRESENT",NA,"28eb1a3f-1c15-4a95-931a-4af90ecb574d",40.861131,-72.474167,280,NA,NA,NA,NA,NA,"2023-09-11T01:05:48",11,9,2023,2408252,2408252,"HUMAN_OBSERVATION","iNaturalist","Observations","182901934",NA,"michael_zambardino",2023-09-12 03:34:57,"CC_BY_NC_4_0","michael_zambardino","michael_zambardino",NA,NA,2025-06-07 00:38:41.485,"StillImage","COORDINATE_ROUNDED;CONTINENT_DERIVED_FROM_COORDINATES;TAXON_MATCH_TAXON_ID_IGNORED"
4414151491,"50c9509d-22c7-4a22-a47d-8c48425ef4a7","https://www.inaturalist.org/observations/183848664","Animalia","Chordata",NA,"Pleuronectiformes","Achiridae","Trinectes","Trinectes maculatus",NA,"SPECIES","Trinectes maculatus (Bloch & Schneider, 1801)","Trinectes maculatus","","US","","Maryland","PRESENT",NA,"28eb1a3f-1c15-4a95-931a-4af90ecb574d",39.253197,-76.371658,4,NA,NA,NA,NA,NA,"2023-09-18T10:13:05",18,9,2023,2408252,2408252,"HUMAN_OBSERVATION","iNaturalist","Observations","183848664",NA,"joethenaturalist",2023-09-18 14:51:35,"CC_BY_NC_4_0","joethenaturalist","joethenaturalist",NA,NA,2025-06-07 01:45:19.87,"StillImage","COORDINATE_ROUNDED;CONTINENT_DERIVED_FROM_COORDINATES;TAXON_MATCH_TAXON_ID_IGNORED"
4413745785,"50c9509d-22c7-4a22-a47d-8c48425ef4a7","https://www.inaturalist.org/observations/182251052","Animalia","Chordata",NA,"Pleuronectiformes","Achiridae","Trinectes","Trinectes maculatus",NA,"SPECIES","Trinectes maculatus (Bloch & Schneider, 1801)","Trinectes maculatus","","US","","Mississippi","PRESENT",NA,"28eb1a3f-1c15-4a95-931a-4af90ecb574d",30.616922,-88.621025,64,NA,NA,NA,NA,NA,"2022-10-30T08:00:37",30,10,2022,2408252,2408252,"HUMAN_OBSERVATION","iNaturalist","Observations","182251052",NA,"plantpeterson",2023-09-07 22:45:31,"CC_BY_NC_4_0","plantpeterson","plantpeterson",NA,NA,2025-06-07 00:08:27.319,"StillImage","COORDINATE_ROUNDED;CONTINENT_DERIVED_FROM_COORDINATES;TAXON_MATCH_TAXON_ID_IGNORED"
4407512303,"50c9509d-22c7-4a22-a47d-8c48425ef4a7","https://www.inaturalist.org/observations/181068256","Animalia","Chordata",NA,"Pleuronectiformes","Achiridae","Trinectes","Trinectes maculatus",NA,"SPECIES","Trinectes maculatus (Bloch & Schneider, 1801)","Trinectes maculatus","","US","","New Jersey","PRESENT",NA,"28eb1a3f-1c15-4a95-931a-4af90ecb574d",40.796809,-74.072436,NA,NA,NA,NA,NA,NA,"2023-08-29T13:00:56",29,8,2023,2408252,2408252,"HUMAN_OBSERVATION","iNaturalist","Observations","181068256",NA,"Drew",2023-08-31 16:03:56,"CC_BY_NC_4_0","Drew","Drew",NA,NA,2025-06-07 00:38:12.267,"StillImage","COORDINATE_ROUNDED;CONTINENT_DERIVED_FROM_COORDINATES;TAXON_MATCH_TAXON_ID_IGNORED"
4405384539,"50c9509d-22c7-4a22-a47d-8c48425ef4a7","https://www.inaturalist.org/observations/180034303","Animalia","Chordata",NA,"Pleuronectiformes","Achiridae","Trinectes","Trinectes maculatus",NA,"SPECIES","Trinectes maculatus (Bloch & Schneider, 1801)","Trinectes maculatus","","US","","Florida","PRESENT",NA,"28eb1a3f-1c15-4a95-931a-4af90ecb574d",29.957744,-82.779637,157,NA,NA,NA,NA,NA,"2023-08-24T17:30:02",24,8,2023,2408252,2408252,"HUMAN_OBSERVATION","iNaturalist","Observations","180034303",NA,"wilhelmsch",2023-08-24 21:40:40,"CC_BY_NC_4_0","wilhelmsch","wilhelmsch",NA,NA,2025-06-07 01:51:38.656,"StillImage","COORDINATE_ROUNDED;CONTINENT_DERIVED_FROM_COORDINATES;TAXON_MATCH_TAXON_ID_IGNORED"
4405291855,"50c9509d-22c7-4a22-a47d-8c48425ef4a7","https://www.inaturalist.org/observations/180205376","Animalia","Chordata",NA,"Pleuronectiformes","Achiridae","Trinectes","Trinectes maculatus",NA,"SPECIES","Trinectes maculatus (Bloch & Schneider, 1801)","Trinectes maculatus","","US","","Maryland","PRESENT",NA,"28eb1a3f-1c15-4a95-931a-4af90ecb574d",38.681203,-75.951069,NA,NA,NA,NA,NA,NA,"2023-08-25T18:37",25,8,2023,2408252,2408252,"HUMAN_OBSERVATION","iNaturalist","Observations","180205376",NA,"Wayne Longbottom",2023-08-26 01:25:53,"CC_BY_NC_4_0","Wayne Longbottom","Wayne Longbottom",NA,NA,2025-06-07 00:31:30.296,"StillImage","COORDINATE_ROUNDED;CONTINENT_DERIVED_FROM_COORDINATES;TAXON_MATCH_TAXON_ID_IGNORED"
4405267569,"50c9509d-22c7-4a22-a47d-8c48425ef4a7","https://www.inaturalist.org/observations/165385487","Animalia","Chordata",NA,"Pleuronectiformes","Achiridae","Trinectes","Trinectes maculatus",NA,"SPECIES","Trinectes maculatus (Bloch & Schneider, 1801)","Trinectes maculatus","","US","","Florida","PRESENT",NA,"28eb1a3f-1c15-4a95-931a-4af90ecb574d",29.984046,-82.761733,31,NA,NA,NA,NA,NA,"2023-05-31T17:50",31,5,2023,2408252,2408252,"HUMAN_OBSERVATION","iNaturalist","Observations","165385487",NA,"Jedda",2023-06-03 21:22:21,"CC_BY_NC_4_0","Jedda","Jedda",NA,NA,2025-06-07 02:05:30.468,"","COORDINATE_ROUNDED;CONTINENT_DERIVED_FROM_COORDINATES;TAXON_MATCH_TAXON_ID_IGNORED"
4177380365,"50c9509d-22c7-4a22-a47d-8c48425ef4a7","https://www.inaturalist.org/observations/177555854","Animalia","Chordata",NA,"Pleuronectiformes","Achiridae","Trinectes","Trinectes maculatus",NA,"SPECIES","Trinectes maculatus (Bloch & Schneider, 1801)","Trinectes maculatus","","US","","New Jersey","PRESENT",NA,"28eb1a3f-1c15-4a95-931a-4af90ecb574d",40.76205,-74.089787,NA,NA,NA,NA,NA,NA,"2023-08-09T09:52:36",9,8,2023,2408252,2408252,"HUMAN_OBSERVATION","iNaturalist","Observations","177555854",NA,"Drew",2023-08-09 19:34:16,"CC_BY_NC_4_0","Drew","Drew",NA,NA,2025-06-07 00:10:35.304,"StillImage","COORDINATE_ROUNDED;CONTINENT_DERIVED_FROM_COORDINATES;TAXON_MATCH_TAXON_ID_IGNORED"
4171903336,"50c9509d-22c7-4a22-a47d-8c48425ef4a7","https://www.inaturalist.org/observations/175401446","Animalia","Chordata",NA,"Pleuronectiformes","Achiridae","Trinectes","Trinectes maculatus",NA,"SPECIES","Trinectes maculatus (Bloch & Schneider, 1801)","Trinectes maculatus","","US","","Maryland","PRESENT",NA,"28eb1a3f-1c15-4a95-931a-4af90ecb574d",38.78766,-76.52827,NA,NA,NA,NA,NA,NA,"2023-07-28T13:24:19",28,7,2023,2408252,2408252,"HUMAN_OBSERVATION","iNaturalist","Observations","175401446",NA,"Susan Christman Williams",2023-07-28 17:25:10,"CC0_1_0","Susan Christman Williams","Susan Christman Williams",NA,NA,2025-06-07 02:58:05,"StillImage","COORDINATE_ROUNDED;CONTINENT_DERIVED_FROM_COORDINATES;TAXON_MATCH_TAXON_ID_IGNORED"
4171720601,"50c9509d-22c7-4a22-a47d-8c48425ef4a7","https://www.inaturalist.org/observations/132585357","Animalia","Chordata",NA,"Pleuronectiformes","Achiridae","Trinectes","Trinectes maculatus",NA,"SPECIES","Trinectes maculatus (Bloch & Schneider, 1801)","Trinectes maculatus","","US","","Florida","PRESENT",NA,"28eb1a3f-1c15-4a95-931a-4af90ecb574d",30.344339,-87.085233,NA,NA,NA,NA,NA,NA,"2022-08-27T16:23:26",27,8,2022,2408252,2408252,"HUMAN_OBSERVATION","iNaturalist","Observations","132585357",NA,"chuckaluphagus",2022-08-28 14:28:26,"CC_BY_NC_4_0","chuckaluphagus","chuckaluphagus",NA,NA,2025-06-07 00:20:47.646,"StillImage","COORDINATE_ROUNDED;CONTINENT_DERIVED_FROM_COORDINATES;TAXON_MATCH_TAXON_ID_IGNORED"
4165666520,"50c9509d-22c7-4a22-a47d-8c48425ef4a7","https://www.inaturalist.org/observations/174035483","Animalia","Chordata",NA,"Pleuronectiformes","Achiridae","Trinectes","Trinectes maculatus",NA,"SPECIES","Trinectes maculatus (Bloch & Schneider, 1801)","Trinectes maculatus","","US","","Maryland","PRESENT",NA,"28eb1a3f-1c15-4a95-931a-4af90ecb574d",38.680803,-75.951242,4,NA,NA,NA,NA,NA,"2023-07-15T08:41:41",15,7,2023,2408252,2408252,"HUMAN_OBSERVATION","iNaturalist","Observations","174035483",NA,"Ashley M Bradford",2023-07-21 01:54:00,"CC_BY_NC_4_0","Ashley M Bradford","Ashley M Bradford",NA,NA,2025-06-07 00:50:11.114,"StillImage","COORDINATE_ROUNDED;CONTINENT_DERIVED_FROM_COORDINATES;TAXON_MATCH_TAXON_ID_IGNORED"
4165351148,"50c9509d-22c7-4a22-a47d-8c48425ef4a7","https://www.inaturalist.org/observations/174035425","Animalia","Chordata",NA,"Pleuronectiformes","Achiridae","Trinectes","Trinectes maculatus",NA,"SPECIES","Trinectes maculatus (Bloch & Schneider, 1801)","Trinectes maculatus","","US","","Maryland","PRESENT",NA,"28eb1a3f-1c15-4a95-931a-4af90ecb574d",38.680795,-75.951247,4,NA,NA,NA,NA,NA,"2023-07-15T08:44",15,7,2023,2408252,2408252,"HUMAN_OBSERVATION","iNaturalist","Observations","174035425",NA,"Ashley M Bradford",2023-07-21 01:53:19,"CC_BY_NC_4_0","Ashley M Bradford","Ashley M Bradford",NA,NA,2025-06-07 00:10:01.979,"StillImage","COORDINATE_ROUNDED;CONTINENT_DERIVED_FROM_COORDINATES;TAXON_MATCH_TAXON_ID_IGNORED"
4165326716,"50c9509d-22c7-4a22-a47d-8c48425ef4a7","https://www.inaturalist.org/observations/171213558","Animalia","Chordata",NA,"Pleuronectiformes","Achiridae","Trinectes","Trinectes maculatus",NA,"SPECIES","Trinectes maculatus (Bloch & Schneider, 1801)","Trinectes maculatus","","US","","Delaware","PRESENT",NA,"28eb1a3f-1c15-4a95-931a-4af90ecb574d",38.477551,-75.054148,3,NA,NA,NA,NA,NA,"2023-07-05T10:54:54",5,7,2023,2408252,2408252,"HUMAN_OBSERVATION","iNaturalist","Observations","171213558",NA,"Squidpastry",2023-07-05 16:17:40,"CC0_1_0","curran","curran",NA,NA,2025-06-07 01:49:39.744,"StillImage","COORDINATE_ROUNDED;CONTINENT_DERIVED_FROM_COORDINATES;TAXON_MATCH_TAXON_ID_IGNORED"
4162483718,"50c9509d-22c7-4a22-a47d-8c48425ef4a7","https://www.inaturalist.org/observations/173150550","Animalia","Chordata",NA,"Pleuronectiformes","Achiridae","Trinectes","Trinectes maculatus",NA,"SPECIES","Trinectes maculatus (Bloch & Schneider, 1801)","Trinectes maculatus","","US","","Maryland","PRESENT",NA,"28eb1a3f-1c15-4a95-931a-4af90ecb574d",38.680744,-75.951331,NA,NA,NA,NA,NA,NA,"2023-07-15T08:42",15,7,2023,2408252,2408252,"HUMAN_OBSERVATION","iNaturalist","Observations","173150550",NA,"Wayne Longbottom",2023-07-16 04:31:12,"CC_BY_NC_4_0","Wayne Longbottom","Wayne Longbottom",NA,NA,2025-06-07 02:08:19.251,"StillImage","COORDINATE_ROUNDED;CONTINENT_DERIVED_FROM_COORDINATES;TAXON_MATCH_TAXON_ID_IGNORED"
4162449058,"50c9509d-22c7-4a22-a47d-8c48425ef4a7","https://www.inaturalist.org/observations/173325332","Animalia","Chordata",NA,"Pleuronectiformes","Achiridae","Trinectes","Trinectes maculatus",NA,"SPECIES","Trinectes maculatus (Bloch & Schneider, 1801)","Trinectes maculatus","","US","","Maryland","PRESENT",NA,"28eb1a3f-1c15-4a95-931a-4af90ecb574d",38.483713,-75.823563,42,NA,NA,NA,NA,NA,"2023-07-15T17:39:02",15,7,2023,2408252,2408252,"HUMAN_OBSERVATION","iNaturalist","Observations","173325332",NA,"Ashley M Bradford",2023-07-17 00:18:51,"CC_BY_NC_4_0","Ashley M Bradford","Ashley M Bradford",NA,NA,2025-06-07 00:27:48.287,"StillImage","COORDINATE_ROUNDED;CONTINENT_DERIVED_FROM_COORDINATES;TAXON_MATCH_TAXON_ID_IGNORED"
4162424007,"50c9509d-22c7-4a22-a47d-8c48425ef4a7","https://www.inaturalist.org/observations/173333799","Animalia","Chordata",NA,"Pleuronectiformes","Achiridae","Trinectes","Trinectes maculatus",NA,"SPECIES","Trinectes maculatus (Bloch & Schneider, 1801)","Trinectes maculatus","","US","","Florida","PRESENT",NA,"28eb1a3f-1c15-4a95-931a-4af90ecb574d",29.245733,-81.643405,5,NA,NA,NA,NA,NA,"2022-04-26T16:06",26,4,2022,2408252,2408252,"HUMAN_OBSERVATION","iNaturalist","Observations","173333799",NA,"Dylan Jacques-Fero",2023-07-17 01:15:21,"CC_BY_NC_4_0","Dylan Jacques-Fero","Dylan Jacques-Fero",NA,NA,2025-06-07 01:15:18.886,"StillImage","COORDINATE_ROUNDED;CONTINENT_DERIVED_FROM_COORDINATES;TAXON_MATCH_TAXON_ID_IGNORED"
4162375400,"50c9509d-22c7-4a22-a47d-8c48425ef4a7","https://www.inaturalist.org/observations/173327790","Animalia","Chordata",NA,"Pleuronectiformes","Achiridae","Trinectes","Trinectes maculatus",NA,"SPECIES","Trinectes maculatus (Bloch & Schneider, 1801)","Trinectes maculatus","","US","","Maryland","PRESENT",NA,"28eb1a3f-1c15-4a95-931a-4af90ecb574d",38.483403,-75.822937,4,NA,NA,NA,NA,NA,"2023-07-15T17:27",15,7,2023,2408252,2408252,"HUMAN_OBSERVATION","iNaturalist","Observations","173327790",NA,"Ashley M Bradford",2023-07-17 00:32:44,"CC_BY_NC_4_0","Ashley M Bradford","Ashley M Bradford",NA,NA,2025-06-07 01:28:52.542,"StillImage","COORDINATE_ROUNDED;CONTINENT_DERIVED_FROM_COORDINATES;TAXON_MATCH_TAXON_ID_IGNORED"
4162353274,"50c9509d-22c7-4a22-a47d-8c48425ef4a7","https://www.inaturalist.org/observations/173410657","Animalia","Chordata",NA,"Pleuronectiformes","Achiridae","Trinectes","Trinectes maculatus",NA,"SPECIES","Trinectes maculatus (Bloch & Schneider, 1801)","Trinectes maculatus","","US","","Maryland","PRESENT",NA,"28eb1a3f-1c15-4a95-931a-4af90ecb574d",38.681189,-75.951089,NA,NA,NA,NA,NA,NA,"2023-07-17T06:42:21",17,7,2023,2408252,2408252,"HUMAN_OBSERVATION","iNaturalist","Observations","173410657",NA,"Wayne Longbottom",2023-07-17 13:52:53,"CC_BY_NC_4_0","Wayne Longbottom","Wayne Longbottom",NA,NA,2025-06-07 00:28:29.434,"StillImage","COORDINATE_ROUNDED;CONTINENT_DERIVED_FROM_COORDINATES;TAXON_MATCH_TAXON_ID_IGNORED"
4162345590,"50c9509d-22c7-4a22-a47d-8c48425ef4a7","https://www.inaturalist.org/observations/173151156","Animalia","Chordata",NA,"Pleuronectiformes","Achiridae","Trinectes","Trinectes maculatus",NA,"SPECIES","Trinectes maculatus (Bloch & Schneider, 1801)","Trinectes maculatus","","US","","Maryland","PRESENT",NA,"28eb1a3f-1c15-4a95-931a-4af90ecb574d",38.483489,-75.822919,NA,NA,NA,NA,NA,NA,"2023-07-15T17:39",15,7,2023,2408252,2408252,"HUMAN_OBSERVATION","iNaturalist","Observations","173151156",NA,"Wayne Longbottom",2023-07-16 04:36:22,"CC_BY_NC_4_0","Wayne Longbottom","Wayne Longbottom",NA,NA,2025-06-07 00:10:24.907,"StillImage","COORDINATE_ROUNDED;CONTINENT_DERIVED_FROM_COORDINATES;TAXON_MATCH_TAXON_ID_IGNORED"
4162308112,"50c9509d-22c7-4a22-a47d-8c48425ef4a7","https://www.inaturalist.org/observations/173151041","Animalia","Chordata",NA,"Pleuronectiformes","Achiridae","Trinectes","Trinectes maculatus",NA,"SPECIES","Trinectes maculatus (Bloch & Schneider, 1801)","Trinectes maculatus","","US","","Maryland","PRESENT",NA,"28eb1a3f-1c15-4a95-931a-4af90ecb574d",38.483378,-75.822964,NA,NA,NA,NA,NA,NA,"2023-07-15T17:27",15,7,2023,2408252,2408252,"HUMAN_OBSERVATION","iNaturalist","Observations","173151041",NA,"Wayne Longbottom",2023-07-16 04:35:03,"CC_BY_NC_4_0","Wayne Longbottom","Wayne Longbottom",NA,NA,2025-06-07 02:05:56.679,"StillImage","COORDINATE_ROUNDED;CONTINENT_DERIVED_FROM_COORDINATES;TAXON_MATCH_TAXON_ID_IGNORED"
4162301435,"50c9509d-22c7-4a22-a47d-8c48425ef4a7","https://www.inaturalist.org/observations/172867566","Animalia","Chordata",NA,"Pleuronectiformes","Achiridae","Trinectes","Trinectes maculatus",NA,"SPECIES","Trinectes maculatus (Bloch & Schneider, 1801)","Trinectes maculatus","","US","","Florida","PRESENT",NA,"28eb1a3f-1c15-4a95-931a-4af90ecb574d",29.852013,-82.611526,23,NA,NA,NA,NA,NA,"2023-07-14T12:49:41",14,7,2023,2408252,2408252,"HUMAN_OBSERVATION","iNaturalist","Observations","172867566",NA,"Nicholas Canino",2023-07-14 16:52:32,"CC_BY_NC_4_0","Nicholas Canino","Nicholas Canino",NA,NA,2025-06-07 01:58:19.473,"StillImage","COORDINATE_ROUNDED;CONTINENT_DERIVED_FROM_COORDINATES;TAXON_MATCH_TAXON_ID_IGNORED"
4162276230,"50c9509d-22c7-4a22-a47d-8c48425ef4a7","https://www.inaturalist.org/observations/173150665","Animalia","Chordata",NA,"Pleuronectiformes","Achiridae","Trinectes","Trinectes maculatus",NA,"SPECIES","Trinectes maculatus (Bloch & Schneider, 1801)","Trinectes maculatus","","US","","Maryland","PRESENT",NA,"28eb1a3f-1c15-4a95-931a-4af90ecb574d",38.680661,-75.9512,NA,NA,NA,NA,NA,NA,"2023-07-15T08:43",15,7,2023,2408252,2408252,"HUMAN_OBSERVATION","iNaturalist","Observations","173150665",NA,"Wayne Longbottom",2023-07-16 04:32:15,"CC_BY_NC_4_0","Wayne Longbottom","Wayne Longbottom",NA,NA,2025-06-07 02:53:02.099,"StillImage","COORDINATE_ROUNDED;CONTINENT_DERIVED_FROM_COORDINATES;TAXON_MATCH_TAXON_ID_IGNORED"
4162209911,"50c9509d-22c7-4a22-a47d-8c48425ef4a7","https://www.inaturalist.org/observations/173604292","Animalia","Chordata",NA,"Pleuronectiformes","Achiridae","Trinectes","Trinectes maculatus",NA,"SPECIES","Trinectes maculatus (Bloch & Schneider, 1801)","Trinectes maculatus","","US","","Maryland","PRESENT",NA,"28eb1a3f-1c15-4a95-931a-4af90ecb574d",38.665255,-77.132583,4,NA,NA,NA,NA,NA,"2023-07-18T11:13:13",18,7,2023,2408252,2408252,"HUMAN_OBSERVATION","iNaturalist","Observations","173604292",NA,"Mace Drumright",2023-07-18 15:15:36,"CC_BY_NC_4_0","Mace Drumright","Mace Drumright",NA,NA,2025-06-07 02:42:08.577,"StillImage","COORDINATE_ROUNDED;CONTINENT_DERIVED_FROM_COORDINATES;TAXON_MATCH_TAXON_ID_IGNORED"
4162116892,"50c9509d-22c7-4a22-a47d-8c48425ef4a7","https://www.inaturalist.org/observations/173150337","Animalia","Chordata",NA,"Pleuronectiformes","Achiridae","Trinectes","Trinectes maculatus",NA,"SPECIES","Trinectes maculatus (Bloch & Schneider, 1801)","Trinectes maculatus","","US","","Maryland","PRESENT",NA,"28eb1a3f-1c15-4a95-931a-4af90ecb574d",38.300844,-76.005542,NA,NA,NA,NA,NA,NA,"2023-07-15T19:56",15,7,2023,2408252,2408252,"HUMAN_OBSERVATION","iNaturalist","Observations","173150337",NA,"Wayne Longbottom",2023-07-16 04:29:22,"CC_BY_NC_4_0","Wayne Longbottom","Wayne Longbottom",NA,NA,2025-06-07 01:50:07.02,"StillImage","COORDINATE_ROUNDED;CONTINENT_DERIVED_FROM_COORDINATES;TAXON_MATCH_TAXON_ID_IGNORED"
4162089773,"50c9509d-22c7-4a22-a47d-8c48425ef4a7","https://www.inaturalist.org/observations/173294826","Animalia","Chordata",NA,"Pleuronectiformes","Achiridae","Trinectes","Trinectes maculatus",NA,"SPECIES","Trinectes maculatus (Bloch & Schneider, 1801)","Trinectes maculatus","","US","","Maryland","PRESENT",NA,"28eb1a3f-1c15-4a95-931a-4af90ecb574d",38.300962,-76.005189,4,NA,NA,NA,NA,NA,"2023-07-15T19:58:03",15,7,2023,2408252,2408252,"HUMAN_OBSERVATION","iNaturalist","Observations","173294826",NA,"Ashley M Bradford",2023-07-16 21:12:06,"CC_BY_NC_4_0","Ashley M Bradford","Ashley M Bradford",NA,NA,2025-06-07 00:00:38.688,"StillImage","COORDINATE_ROUNDED;CONTINENT_DERIVED_FROM_COORDINATES;TAXON_MATCH_TAXON_ID_IGNORED"
4153553047,"50c9509d-22c7-4a22-a47d-8c48425ef4a7","https://www.inaturalist.org/observations/171299154","Animalia","Chordata",NA,"Pleuronectiformes","Achiridae","Trinectes","Trinectes maculatus",NA,"SPECIES","Trinectes maculatus (Bloch & Schneider, 1801)","Trinectes maculatus","","US","","Maryland","PRESENT",NA,"28eb1a3f-1c15-4a95-931a-4af90ecb574d",38.683953,-75.974583,NA,NA,NA,NA,NA,NA,"2023-07-05T19:50:55",5,7,2023,2408252,2408252,"HUMAN_OBSERVATION","iNaturalist","Observations","171299154",NA,"Wayne Longbottom",2023-07-06 00:05:33,"CC_BY_NC_4_0","Wayne Longbottom","Wayne Longbottom",NA,NA,2025-06-07 02:51:01.465,"StillImage","COORDINATE_ROUNDED;CONTINENT_DERIVED_FROM_COORDINATES;TAXON_MATCH_TAXON_ID_IGNORED"
4153489889,"50c9509d-22c7-4a22-a47d-8c48425ef4a7","https://www.inaturalist.org/observations/171261811","Animalia","Chordata",NA,"Pleuronectiformes","Achiridae","Trinectes","Trinectes maculatus",NA,"SPECIES","Trinectes maculatus (Bloch & Schneider, 1801)","Trinectes maculatus","","US","","Alabama","PRESENT",NA,"28eb1a3f-1c15-4a95-931a-4af90ecb574d",30.234422,-88.026368,NA,NA,NA,NA,NA,NA,"2023-07-05T13:23:12",5,7,2023,2408252,2408252,"HUMAN_OBSERVATION","iNaturalist","Observations","171261811",NA,"Aster",2023-07-05 19:46:04,"CC_BY_NC_4_0","Aster","Aster",NA,NA,2025-06-07 00:44:01.876,"StillImage","COORDINATE_ROUNDED;CONTINENT_DERIVED_FROM_COORDINATES;TAXON_MATCH_TAXON_ID_IGNORED"
4145577327,"50c9509d-22c7-4a22-a47d-8c48425ef4a7","https://www.inaturalist.org/observations/170146334","Animalia","Chordata",NA,"Pleuronectiformes","Achiridae","Trinectes","Trinectes maculatus",NA,"SPECIES","Trinectes maculatus (Bloch & Schneider, 1801)","Trinectes maculatus","","US","","New York","PRESENT",NA,"28eb1a3f-1c15-4a95-931a-4af90ecb574d",40.938142,-73.902878,4,NA,NA,NA,NA,NA,"2023-06-29T11:27:02",29,6,2023,2408252,2408252,"HUMAN_OBSERVATION","iNaturalist","Observations","170146334",NA,"jholmes",2023-06-29 18:01:38,"CC_BY_NC_4_0","jholmes","jholmes",NA,NA,2025-06-07 01:42:32.394,"StillImage","COORDINATE_ROUNDED;CONTINENT_DERIVED_FROM_COORDINATES;TAXON_MATCH_TAXON_ID_IGNORED"
4145329158,"50c9509d-22c7-4a22-a47d-8c48425ef4a7","https://www.inaturalist.org/observations/170040932","Animalia","Chordata",NA,"Pleuronectiformes","Achiridae","Trinectes","Trinectes maculatus",NA,"SPECIES","Trinectes maculatus (Bloch & Schneider, 1801)","Trinectes maculatus","","US","","Maryland","PRESENT",NA,"28eb1a3f-1c15-4a95-931a-4af90ecb574d",38.681431,-75.950753,NA,NA,NA,NA,NA,NA,"2023-06-28T19:16:29",28,6,2023,2408252,2408252,"HUMAN_OBSERVATION","iNaturalist","Observations","170040932",NA,"Wayne Longbottom",2023-06-29 00:46:35,"CC_BY_NC_4_0","Wayne Longbottom","Wayne Longbottom",NA,NA,2025-06-07 00:46:38.401,"StillImage","COORDINATE_ROUNDED;CONTINENT_DERIVED_FROM_COORDINATES;TAXON_MATCH_TAXON_ID_IGNORED"
4145216835,"50c9509d-22c7-4a22-a47d-8c48425ef4a7","https://www.inaturalist.org/observations/170490409","Animalia","Chordata",NA,"Pleuronectiformes","Achiridae","Trinectes","Trinectes maculatus",NA,"SPECIES","Trinectes maculatus (Bloch & Schneider, 1801)","Trinectes maculatus","","US","","Alabama","PRESENT",NA,"28eb1a3f-1c15-4a95-931a-4af90ecb574d",30.2415,-88.058195,NA,NA,NA,NA,NA,NA,"2023-06-21T10:53:18",21,6,2023,2408252,2408252,"HUMAN_OBSERVATION","iNaturalist","Observations","170490409",NA,"Aster",2023-07-01 18:02:44,"CC_BY_NC_4_0","Aster","Aster",NA,NA,2025-06-07 00:40:41.891,"StillImage","COORDINATE_ROUNDED;CONTINENT_DERIVED_FROM_COORDINATES;TAXON_MATCH_TAXON_ID_IGNORED"
4138390365,"50c9509d-22c7-4a22-a47d-8c48425ef4a7","https://www.inaturalist.org/observations/168904911","Animalia","Chordata",NA,"Pleuronectiformes","Achiridae","Trinectes","Trinectes maculatus",NA,"SPECIES","Trinectes maculatus (Bloch & Schneider, 1801)","Trinectes maculatus","","US","","Maryland","PRESENT",NA,"28eb1a3f-1c15-4a95-931a-4af90ecb574d",38.680553,-75.951394,NA,NA,NA,NA,NA,NA,"2023-06-22T15:18",22,6,2023,2408252,2408252,"HUMAN_OBSERVATION","iNaturalist","Observations","168904911",NA,"Wayne Longbottom",2023-06-22 22:36:00,"CC_BY_NC_4_0","Wayne Longbottom","Wayne Longbottom",NA,NA,2025-06-07 01:26:30.752,"StillImage","COORDINATE_ROUNDED;CONTINENT_DERIVED_FROM_COORDINATES;TAXON_MATCH_TAXON_ID_IGNORED"
4138297824,"50c9509d-22c7-4a22-a47d-8c48425ef4a7","https://www.inaturalist.org/observations/168329620","Animalia","Chordata",NA,"Pleuronectiformes","Achiridae","Trinectes","Trinectes maculatus",NA,"SPECIES","Trinectes maculatus (Bloch & Schneider, 1801)","Trinectes maculatus","","US","","Maryland","PRESENT",NA,"28eb1a3f-1c15-4a95-931a-4af90ecb574d",39.017475,-76.396988,14,NA,NA,NA,NA,NA,"2023-06-17T16:09:33",17,6,2023,2408252,2408252,"HUMAN_OBSERVATION","iNaturalist","Observations","168329620",NA,"Mace Drumright",2023-06-19 17:17:14,"CC_BY_NC_4_0","Mace Drumright","Mace Drumright",NA,NA,2025-06-07 01:20:41.707,"StillImage","COORDINATE_ROUNDED;CONTINENT_DERIVED_FROM_COORDINATES;TAXON_MATCH_TAXON_ID_IGNORED"
4138157464,"50c9509d-22c7-4a22-a47d-8c48425ef4a7","https://www.inaturalist.org/observations/168601904","Animalia","Chordata",NA,"Pleuronectiformes","Achiridae","Trinectes","Trinectes maculatus",NA,"SPECIES","Trinectes maculatus (Bloch & Schneider, 1801)","Trinectes maculatus","","US","","Maryland","PRESENT",NA,"28eb1a3f-1c15-4a95-931a-4af90ecb574d",38.375381,-76.208374,73,NA,NA,NA,NA,NA,"2023-06-20T13:58:51",20,6,2023,2408252,2408252,"HUMAN_OBSERVATION","iNaturalist","Observations","168601904",NA,"sercfisheries",2023-06-21 03:36:39,"CC_BY_NC_4_0","sercfisheries","sercfisheries",NA,NA,2025-06-07 02:49:33.41,"","COORDINATE_ROUNDED;CONTINENT_DERIVED_FROM_COORDINATES;TAXON_MATCH_TAXON_ID_IGNORED"
4138123900,"50c9509d-22c7-4a22-a47d-8c48425ef4a7","https://www.inaturalist.org/observations/168277202","Animalia","Chordata",NA,"Pleuronectiformes","Achiridae","Trinectes","Trinectes maculatus",NA,"SPECIES","Trinectes maculatus (Bloch & Schneider, 1801)","Trinectes maculatus","","US","","Georgia","PRESENT",NA,"28eb1a3f-1c15-4a95-931a-4af90ecb574d",31.426053,-81.310005,3,NA,NA,NA,NA,NA,"2023-06-14T14:58:21",14,6,2023,2408252,2408252,"HUMAN_OBSERVATION","iNaturalist","Observations","168277202",NA,"annhicks",2023-06-19 11:55:56,"CC_BY_NC_4_0","annhicks","annhicks",NA,NA,2025-06-07 00:38:54.729,"StillImage","COORDINATE_ROUNDED;CONTINENT_DERIVED_FROM_COORDINATES;TAXON_MATCH_TAXON_ID_IGNORED"
4137579603,"50c9509d-22c7-4a22-a47d-8c48425ef4a7","https://www.inaturalist.org/observations/124819427","Animalia","Chordata",NA,"Pleuronectiformes","Achiridae","Trinectes","Trinectes maculatus",NA,"SPECIES","Trinectes maculatus (Bloch & Schneider, 1801)","Trinectes maculatus","","US","","Alabama","PRESENT",NA,"28eb1a3f-1c15-4a95-931a-4af90ecb574d",30.264484,-88.191452,NA,NA,NA,NA,NA,NA,"2022-06-20T17:58",20,6,2022,2408252,2408252,"HUMAN_OBSERVATION","iNaturalist","Observations","124819427",NA,"Sarah Ramsden",2023-02-21 00:02:12,"CC_BY_4_0","Michele Jones","Michele Jones",NA,NA,2025-06-07 01:02:30.66,"StillImage","COORDINATE_ROUNDED;CONTINENT_DERIVED_FROM_COORDINATES;TAXON_MATCH_TAXON_ID_IGNORED"
4134025943,"50c9509d-22c7-4a22-a47d-8c48425ef4a7","https://www.inaturalist.org/observations/166687134","Animalia","Chordata",NA,"Pleuronectiformes","Achiridae","Trinectes","Trinectes maculatus",NA,"SPECIES","Trinectes maculatus (Bloch & Schneider, 1801)","Trinectes maculatus","","US","","New York","PRESENT",NA,"28eb1a3f-1c15-4a95-931a-4af90ecb574d",40.827963,-73.953475,4,NA,NA,NA,NA,NA,"2023-06-10T16:26:30",10,6,2023,2408252,2408252,"HUMAN_OBSERVATION","iNaturalist","Observations","166687134",NA,"jholmes",2023-06-10 22:41:04,"CC_BY_NC_4_0","jholmes","jholmes",NA,NA,2025-06-07 01:46:40.688,"StillImage","COORDINATE_ROUNDED;CONTINENT_DERIVED_FROM_COORDINATES;TAXON_MATCH_TAXON_ID_IGNORED"
4133954945,"50c9509d-22c7-4a22-a47d-8c48425ef4a7","https://www.inaturalist.org/observations/166644699","Animalia","Chordata",NA,"Pleuronectiformes","Achiridae","Trinectes","Trinectes maculatus",NA,"SPECIES","Trinectes maculatus (Bloch & Schneider, 1801)","Trinectes maculatus","","US","","Florida","PRESENT",NA,"28eb1a3f-1c15-4a95-931a-4af90ecb574d",29.954691,-82.783003,4,NA,NA,NA,NA,NA,"2023-06-10T14:05:27",10,6,2023,2408252,2408252,"HUMAN_OBSERVATION","iNaturalist","Observations","166644699",NA,"rheophytic",2023-06-10 18:56:18,"CC_BY_NC_4_0","rheophytic","rheophytic",NA,NA,2025-06-07 02:07:36.159,"StillImage","COORDINATE_ROUNDED;CONTINENT_DERIVED_FROM_COORDINATES;TAXON_MATCH_TAXON_ID_IGNORED"
4133952540,"50c9509d-22c7-4a22-a47d-8c48425ef4a7","https://www.inaturalist.org/observations/166644816","Animalia","Chordata",NA,"Pleuronectiformes","Achiridae","Trinectes","Trinectes maculatus",NA,"SPECIES","Trinectes maculatus (Bloch & Schneider, 1801)","Trinectes maculatus","","US","","Florida","PRESENT",NA,"28eb1a3f-1c15-4a95-931a-4af90ecb574d",29.954661,-82.783554,4,NA,NA,NA,NA,NA,"2023-06-10T14:12:47",10,6,2023,2408252,2408252,"HUMAN_OBSERVATION","iNaturalist","Observations","166644816",NA,"rheophytic",2023-06-10 18:58:12,"CC_BY_NC_4_0","rheophytic","rheophytic",NA,NA,2025-06-07 00:44:51.896,"StillImage","COORDINATE_ROUNDED;CONTINENT_DERIVED_FROM_COORDINATES;TAXON_MATCH_TAXON_ID_IGNORED"
4129935994,"50c9509d-22c7-4a22-a47d-8c48425ef4a7","https://www.inaturalist.org/observations/164812347","Animalia","Chordata",NA,"Pleuronectiformes","Achiridae","Trinectes","Trinectes maculatus",NA,"SPECIES","Trinectes maculatus (Bloch & Schneider, 1801)","Trinectes maculatus","","US","","Alabama","PRESENT",NA,"28eb1a3f-1c15-4a95-931a-4af90ecb574d",30.257782,-88.096909,7873,NA,NA,NA,NA,NA,"2023-05-31T09:49:57",31,5,2023,2408252,2408252,"HUMAN_OBSERVATION","iNaturalist","Observations","164812347",NA,"Mitchel Buckner",2023-05-31 16:58:33,"CC_BY_NC_4_0","poznanrl9","poznanrl9",NA,NA,2025-06-07 01:17:22.216,"StillImage","COORDINATE_ROUNDED;CONTINENT_DERIVED_FROM_COORDINATES;TAXON_MATCH_TAXON_ID_IGNORED"
4120968811,"50c9509d-22c7-4a22-a47d-8c48425ef4a7","https://www.inaturalist.org/observations/163063308","Animalia","Chordata",NA,"Pleuronectiformes","Achiridae","Trinectes","Trinectes maculatus",NA,"SPECIES","Trinectes maculatus (Bloch & Schneider, 1801)","Trinectes maculatus","","US","","Florida","PRESENT",NA,"28eb1a3f-1c15-4a95-931a-4af90ecb574d",29.588855,-82.936573,34,NA,NA,NA,NA,NA,"2023-05-19T12:40:11",19,5,2023,2408252,2408252,"HUMAN_OBSERVATION","iNaturalist","Observations","163063308",NA,"ddeatienza",2023-05-22 04:34:49,"CC_BY_NC_4_0","ddeatienza","ddeatienza",NA,NA,2025-06-07 00:41:56.465,"StillImage","COORDINATE_ROUNDED;CONTINENT_DERIVED_FROM_COORDINATES;TAXON_MATCH_TAXON_ID_IGNORED"
4120937792,"50c9509d-22c7-4a22-a47d-8c48425ef4a7","https://www.inaturalist.org/observations/162139453","Animalia","Chordata",NA,"Pleuronectiformes","Achiridae","Trinectes","Trinectes maculatus",NA,"SPECIES","Trinectes maculatus (Bloch & Schneider, 1801)","Trinectes maculatus","","US","","Maryland","PRESENT",NA,"28eb1a3f-1c15-4a95-931a-4af90ecb574d",38.486385,-77.139348,NA,NA,NA,NA,NA,NA,"2023-05-17T10:27:42",17,5,2023,2408252,2408252,"HUMAN_OBSERVATION","iNaturalist","Observations","162139453",NA,"Tim Emhoff",2023-05-17 14:51:22,"CC_BY_NC_4_0","Tim Emhoff","Tim Emhoff",NA,NA,2025-06-07 02:48:40.635,"StillImage","COORDINATE_ROUNDED;CONTINENT_DERIVED_FROM_COORDINATES;TAXON_MATCH_TAXON_ID_IGNORED"
4116206804,"50c9509d-22c7-4a22-a47d-8c48425ef4a7","https://www.inaturalist.org/observations/161061864","Animalia","Chordata",NA,"Pleuronectiformes","Achiridae","Trinectes","Trinectes maculatus",NA,"SPECIES","Trinectes maculatus (Bloch & Schneider, 1801)","Trinectes maculatus","","US","","Maryland","PRESENT",NA,"28eb1a3f-1c15-4a95-931a-4af90ecb574d",38.680819,-75.951294,NA,NA,NA,NA,NA,NA,"2023-05-11T08:09:23",11,5,2023,2408252,2408252,"HUMAN_OBSERVATION","iNaturalist","Observations","161061864",NA,"Wayne Longbottom",2023-05-11 12:24:27,"CC_BY_NC_4_0","Wayne Longbottom","Wayne Longbottom",NA,NA,2025-06-07 01:30:58.135,"StillImage","COORDINATE_ROUNDED;CONTINENT_DERIVED_FROM_COORDINATES;TAXON_MATCH_TAXON_ID_IGNORED"
4105419020,"ba5b0f3a-73dd-459f-a7f1-9abc327aed00","21bbb7cb-503a-480e-8734-ea5f7f8baf60","Animalia","Chordata",NA,"Pleuronectiformes","Achiridae","Trinectes","Trinectes maculatus",NA,"SPECIES","Trinectes maculatus (Bloch & Schneider, 1801)","Trinectes maculatus","","US","TRES PALACIOS CREEK AT FM 456","Texas","PRESENT",1,"3c6ad080-bdbe-11da-ac59-b8a03c50a862",28.9281,-96.171178,45,NA,NA,NA,NA,NA,"2005-09-29",29,9,2005,2408252,2408252,"HUMAN_OBSERVATION","University of Texas Biodiversity Collections (UTBC)","Ichthyology Collection","FOTX-TCEQ_SourceID_R230688(donor-dup8)",NA,"",NA,"CC0_1_0","","",NA,NA,2025-03-05 22:10:30.229,"","OCCURRENCE_STATUS_INFERRED_FROM_INDIVIDUAL_COUNT"
4105413839,"ba5b0f3a-73dd-459f-a7f1-9abc327aed00","4ec99b66-c3d0-488b-aee4-e37b0b119e77","Animalia","Chordata",NA,"Pleuronectiformes","Achiridae","Trinectes","Trinectes maculatus",NA,"SPECIES","Trinectes maculatus (Bloch & Schneider, 1801)","Trinectes maculatus","","US","Waterbody_Name: San Antonio River | Location:  at mouth","Texas","PRESENT",4,"3c6ad080-bdbe-11da-ac59-b8a03c50a862",28.506377,-96.893437,45,NA,NA,NA,NA,NA,"2008-06-03",3,6,2008,2408252,2408252,"HUMAN_OBSERVATION","University of Texas Biodiversity Collections (UTBC)","Ichthyology Collection","FOTX-TPWD_SourceID_19010SN4-060308(donor-dup1)",NA,"",NA,"CC0_1_0","","Gordon Linam;Burke;Karim Aziz",NA,NA,2025-03-05 22:10:36.35,"","COORDINATE_ROUNDED;OCCURRENCE_STATUS_INFERRED_FROM_INDIVIDUAL_COUNT"
4105409396,"ba5b0f3a-73dd-459f-a7f1-9abc327aed00","b0c79b0f-3296-4a70-9b91-a25243cc0aa6","Animalia","Chordata",NA,"Pleuronectiformes","Achiridae","Trinectes","Trinectes maculatus",NA,"SPECIES","Trinectes maculatus (Bloch & Schneider, 1801)","Trinectes maculatus","","US","Waterbody_Name: San Antonio River | Location:  at mouth","Texas","PRESENT",2,"3c6ad080-bdbe-11da-ac59-b8a03c50a862",28.506294,-96.893332,45,NA,NA,NA,NA,NA,"2008-06-03",3,6,2008,2408252,2408252,"HUMAN_OBSERVATION","University of Texas Biodiversity Collections (UTBC)","Ichthyology Collection","FOTX-TPWD_SourceID_19010SN1-060308(donor-dup1)",NA,"",NA,"CC0_1_0","","Karim Aziz;Gordon Linam;Burke",NA,NA,2025-03-05 22:10:48.399,"","COORDINATE_ROUNDED;OCCURRENCE_STATUS_INFERRED_FROM_INDIVIDUAL_COUNT"
4105384893,"ba5b0f3a-73dd-459f-a7f1-9abc327aed00","aa55cdce-90a1-423c-a1d6-989a1f37e89c","Animalia","Chordata",NA,"Pleuronectiformes","Achiridae","Trinectes","Trinectes maculatus",NA,"SPECIES","Trinectes maculatus (Bloch & Schneider, 1801)","Trinectes maculatus","","US","Sabine River downstream of Bon Wier","Louisiana","PRESENT",NA,"3c6ad080-bdbe-11da-ac59-b8a03c50a862",30.74667,-93.60806,45,NA,NA,NA,NA,NA,"2006-05-18",18,5,2006,2408252,2408252,"HUMAN_OBSERVATION","University of Texas Biodiversity Collections (UTBC)","Ichthyology Collection","FOTX-FoTX-lit_SourceID_6504",NA,"",NA,"CC0_1_0","","",NA,NA,2025-03-05 22:09:39.765,"",""
4105378053,"ba5b0f3a-73dd-459f-a7f1-9abc327aed00","a9f9107f-61d4-4b88-9d76-46f47b8d185c","Animalia","Chordata",NA,"Pleuronectiformes","Achiridae","Trinectes","Trinectes maculatus",NA,"SPECIES","Trinectes maculatus (Bloch & Schneider, 1801)","Trinectes maculatus","","US","Waterbody_Name: Sabine River | Location:  upstream of Indian Lake","Texas","PRESENT",1,"3c6ad080-bdbe-11da-ac59-b8a03c50a862",30.235836,-93.718978,45,NA,NA,NA,NA,NA,"2006-07-19",19,7,2006,2408252,2408252,"HUMAN_OBSERVATION","University of Texas Biodiversity Collections (UTBC)","Ichthyology Collection","FOTX-TPWD_SourceID_5020SN4-071906(donor-dup1)",NA,"",NA,"CC0_1_0","","Luedke;Wilson;Maxwell;Leroy Kleinsasser;Kevin Mayes;East;Payne;Mills",NA,NA,2025-03-05 22:10:47.897,"","COORDINATE_ROUNDED;OCCURRENCE_STATUS_INFERRED_FROM_INDIVIDUAL_COUNT"
4105315327,"ba5b0f3a-73dd-459f-a7f1-9abc327aed00","f8bb9743-4bdf-46c4-8f8a-64fef3c88acf","Animalia","Chordata",NA,"Pleuronectiformes","Achiridae","Trinectes","Trinectes maculatus",NA,"SPECIES","Trinectes maculatus (Bloch & Schneider, 1801)","Trinectes maculatus","","US","Waterbody_Name: San Antonio River | Location:  at mouth","Texas","PRESENT",1,"3c6ad080-bdbe-11da-ac59-b8a03c50a862",28.506553,-96.891116,45,NA,NA,NA,NA,NA,"2008-06-03",3,6,2008,2408252,2408252,"HUMAN_OBSERVATION","University of Texas Biodiversity Collections (UTBC)","Ichthyology Collection","FOTX-TPWD_SourceID_19010SN7-060308(donor-dup1)",NA,"",NA,"CC0_1_0","","Burke;Gordon Linam;Karim Aziz",NA,NA,2025-03-05 22:10:57.405,"","COORDINATE_ROUNDED;OCCURRENCE_STATUS_INFERRED_FROM_INDIVIDUAL_COUNT"
4105276277,"ba5b0f3a-73dd-459f-a7f1-9abc327aed00","c3534438-05e7-4245-89e5-f200a34ad809","Animalia","Chordata",NA,"Pleuronectiformes","Achiridae","Trinectes","Trinectes maculatus",NA,"SPECIES","Trinectes maculatus (Bloch & Schneider, 1801)","Trinectes maculatus","","US","Sabine River upstream of Indian Lake","Louisiana","PRESENT",NA,"3c6ad080-bdbe-11da-ac59-b8a03c50a862",30.235,-93.71111,100,NA,NA,NA,NA,NA,"2006-07-15",15,7,2006,2408252,2408252,"HUMAN_OBSERVATION","University of Texas Biodiversity Collections (UTBC)","Ichthyology Collection","FOTX-FoTX-lit_SourceID_6415",NA,"",NA,"CC0_1_0","","",NA,NA,2025-03-05 22:10:51.179,"",""
4105160396,"ba5b0f3a-73dd-459f-a7f1-9abc327aed00","37c036cf-4c6c-48cf-8236-7b8c625d51ad","Animalia","Chordata",NA,"Pleuronectiformes","Achiridae","Trinectes","Trinectes maculatus",NA,"SPECIES","Trinectes maculatus (Bloch & Schneider, 1801)","Trinectes maculatus","","US","Sabine River at Blue Elbow","Texas","PRESENT",NA,"3c6ad080-bdbe-11da-ac59-b8a03c50a862",30.14694,-93.70944,45,NA,NA,NA,NA,NA,"2006-07-15",15,7,2006,2408252,2408252,"HUMAN_OBSERVATION","University of Texas Biodiversity Collections (UTBC)","Ichthyology Collection","FOTX-FoTX-lit_SourceID_6385",NA,"",NA,"CC0_1_0","","",NA,NA,2025-03-05 22:10:32.815,"",""
4105101179,"ba5b0f3a-73dd-459f-a7f1-9abc327aed00","29fe4ec4-3ad4-4cdd-8668-894164ea8bce","Animalia","Chordata",NA,"Pleuronectiformes","Achiridae","Trinectes","Trinectes maculatus",NA,"SPECIES","Trinectes maculatus (Bloch & Schneider, 1801)","Trinectes maculatus","","US","Waterbody_Name: Sabine River | Location: at Blue Elbow","Texas","PRESENT",1,"3c6ad080-bdbe-11da-ac59-b8a03c50a862",30.152626,-93.699278,45,NA,NA,NA,NA,NA,"2006-07-20",20,7,2006,2408252,2408252,"HUMAN_OBSERVATION","University of Texas Biodiversity Collections (UTBC)","Ichthyology Collection","FOTX-TPWD_SourceID_5010SN3-072006(donor-dup1)",NA,"",NA,"CC0_1_0","","Mills;Luedke;Maxwell;Smith;Ashe;East;Kevin Mayes;Leroy Kleinsasser",NA,NA,2025-03-05 22:10:30.066,"","COORDINATE_ROUNDED;OCCURRENCE_STATUS_INFERRED_FROM_INDIVIDUAL_COUNT"
4104944385,"ba5b0f3a-73dd-459f-a7f1-9abc327aed00","9b920abb-77a9-41b1-95e3-2b34e006063e","Animalia","Chordata",NA,"Pleuronectiformes","Achiridae","Trinectes","Trinectes maculatus",NA,"SPECIES","Trinectes maculatus (Bloch & Schneider, 1801)","Trinectes maculatus","","US","Waterbody_Name: San Antonio River | Location:  at mouth","Texas","PRESENT",1,"3c6ad080-bdbe-11da-ac59-b8a03c50a862",28.505943,-96.8926,45,NA,NA,NA,NA,NA,"2008-06-03",3,6,2008,2408252,2408252,"HUMAN_OBSERVATION","University of Texas Biodiversity Collections (UTBC)","Ichthyology Collection","FOTX-TPWD_SourceID_19010SN3-060308(donor-dup1)",NA,"",NA,"CC0_1_0","","Burke;Gordon Linam;Karim Aziz",NA,NA,2025-03-05 22:10:45.843,"","COORDINATE_ROUNDED;OCCURRENCE_STATUS_INFERRED_FROM_INDIVIDUAL_COUNT"
4104780660,"ba5b0f3a-73dd-459f-a7f1-9abc327aed00","7072ce10-f2a1-4591-bd10-21c68c130892","Animalia","Chordata",NA,"Pleuronectiformes","Achiridae","Trinectes","Trinectes maculatus",NA,"SPECIES","Trinectes maculatus (Bloch & Schneider, 1801)","Trinectes maculatus","","US","Salt Bayou; Salt Bayou southeast of Slidell","Louisiana","PRESENT",NA,"3c6ad080-bdbe-11da-ac59-b8a03c50a862",30.201111,-89.696944,45,NA,NA,NA,NA,NA,"2010-04-21",21,4,2010,2408252,2408252,"HUMAN_OBSERVATION","University of Texas Biodiversity Collections (UTBC)","Ichthyology Collection","FOTX-LDEQ-fish-data_SourceID_1606588",NA,"",NA,"CC0_1_0","","",NA,NA,2025-03-05 22:10:40.518,"","COORDINATE_ROUNDED"
4103105230,"50c9509d-22c7-4a22-a47d-8c48425ef4a7","https://www.inaturalist.org/observations/157368529","Animalia","Chordata",NA,"Pleuronectiformes","Achiridae","Trinectes","Trinectes maculatus",NA,"SPECIES","Trinectes maculatus (Bloch & Schneider, 1801)","Trinectes maculatus","","US","","Louisiana","PRESENT",NA,"28eb1a3f-1c15-4a95-931a-4af90ecb574d",29.161221,-90.544691,8854,NA,NA,NA,NA,NA,"2023-03-18T10:31",18,3,2023,2408252,2408252,"HUMAN_OBSERVATION","iNaturalist","Observations","157368529",NA,"Mitchel Buckner",2023-04-29 01:45:55,"CC_BY_NC_4_0","Maeve","Maeve",NA,NA,2025-06-07 01:23:15.379,"StillImage","COORDINATE_ROUNDED;CONTINENT_DERIVED_FROM_COORDINATES;TAXON_MATCH_TAXON_ID_IGNORED"
4096568008,"50c9509d-22c7-4a22-a47d-8c48425ef4a7","https://www.inaturalist.org/observations/155793141","Animalia","Chordata",NA,"Pleuronectiformes","Achiridae","Trinectes","Trinectes maculatus",NA,"SPECIES","Trinectes maculatus (Bloch & Schneider, 1801)","Trinectes maculatus","","US","","Louisiana","PRESENT",NA,"28eb1a3f-1c15-4a95-931a-4af90ecb574d",30.224574,-89.835613,210,NA,NA,NA,NA,NA,"2023-04-20T14:00:31",20,4,2023,2408252,2408252,"HUMAN_OBSERVATION","iNaturalist","Observations","155793141",NA,"Spencer Beck",2023-04-20 19:40:25,"CC_BY_NC_4_0","Spencer Beck","Spencer Beck",NA,NA,2025-06-07 00:38:41.855,"StillImage","COORDINATE_ROUNDED;CONTINENT_DERIVED_FROM_COORDINATES;TAXON_MATCH_TAXON_ID_IGNORED"
4096459185,"50c9509d-22c7-4a22-a47d-8c48425ef4a7","https://www.inaturalist.org/observations/155961780","Animalia","Chordata",NA,"Pleuronectiformes","Achiridae","Trinectes","Trinectes maculatus",NA,"SPECIES","Trinectes maculatus (Bloch & Schneider, 1801)","Trinectes maculatus","","US","","Mississippi","PRESENT",NA,"28eb1a3f-1c15-4a95-931a-4af90ecb574d",30.446695,-88.595637,7,NA,NA,NA,NA,NA,"2023-04-14T13:15:29",14,4,2023,2408252,2408252,"HUMAN_OBSERVATION","iNaturalist","Observations","155961780",NA,"eamonccorbett",2023-04-21 22:30:21,"CC_BY_NC_4_0","eamonccorbett","eamonccorbett",NA,NA,2025-06-07 01:08:18.276,"StillImage","COORDINATE_ROUNDED;CONTINENT_DERIVED_FROM_COORDINATES;TAXON_MATCH_TAXON_ID_IGNORED"
4091539821,"50c9509d-22c7-4a22-a47d-8c48425ef4a7","https://www.inaturalist.org/observations/154655060","Animalia","Chordata",NA,"Pleuronectiformes","Achiridae","Trinectes","Trinectes maculatus",NA,"SPECIES","Trinectes maculatus (Bloch & Schneider, 1801)","Trinectes maculatus","","US","","Maryland","PRESENT",NA,"28eb1a3f-1c15-4a95-931a-4af90ecb574d",38.868327,-76.513911,31,NA,NA,NA,NA,NA,"2023-04-12T15:47:46",12,4,2023,2408252,2408252,"HUMAN_OBSERVATION","iNaturalist","Observations","154655060",NA,"sercfisheries",2023-04-13 03:18:43,"CC_BY_NC_4_0","sercfisheries","sercfisheries",NA,NA,2025-06-07 00:52:02.224,"StillImage","COORDINATE_ROUNDED;CONTINENT_DERIVED_FROM_COORDINATES;TAXON_MATCH_TAXON_ID_IGNORED"
4076314480,"50c9509d-22c7-4a22-a47d-8c48425ef4a7","https://www.inaturalist.org/observations/152281348","Animalia","Chordata",NA,"Pleuronectiformes","Achiridae","Trinectes","Trinectes maculatus",NA,"SPECIES","Trinectes maculatus (Bloch & Schneider, 1801)","Trinectes maculatus","","US","","Florida","PRESENT",NA,"28eb1a3f-1c15-4a95-931a-4af90ecb574d",27.167839,-81.884398,169,NA,NA,NA,NA,NA,"2023-03-25T13:36:07",25,3,2023,2408252,2408252,"HUMAN_OBSERVATION","iNaturalist","Observations","152281348",NA,"Crowley Museum & Nature Center Inc",2023-03-25 19:37:47,"CC_BY_NC_4_0","Crowley Museum & Nature Center Inc","Crowley Museum & Nature Center Inc",NA,NA,2025-06-07 01:43:20.602,"StillImage","COORDINATE_ROUNDED;CONTINENT_DERIVED_FROM_COORDINATES;TAXON_MATCH_TAXON_ID_IGNORED"
4076244857,"50c9509d-22c7-4a22-a47d-8c48425ef4a7","https://www.inaturalist.org/observations/146547775","Animalia","Chordata",NA,"Pleuronectiformes","Achiridae","Trinectes","Trinectes maculatus",NA,"SPECIES","Trinectes maculatus (Bloch & Schneider, 1801)","Trinectes maculatus","","US","","Florida","PRESENT",NA,"28eb1a3f-1c15-4a95-931a-4af90ecb574d",27.18028,-82.456837,1191,NA,NA,NA,NA,NA,"2023-01-11T14:48",11,1,2023,2408252,2408252,"HUMAN_OBSERVATION","iNaturalist","Observations","146547775",NA,"samanthab24",2023-01-14 22:20:26,"CC_BY_NC_4_0","samanthab24","samanthab24",NA,NA,2025-06-07 01:42:23.16,"StillImage","COORDINATE_ROUNDED;CONTINENT_DERIVED_FROM_COORDINATES;TAXON_MATCH_TAXON_ID_IGNORED"
4075851386,"50c9509d-22c7-4a22-a47d-8c48425ef4a7","https://www.inaturalist.org/observations/152177330","Animalia","Chordata",NA,"Pleuronectiformes","Achiridae","Trinectes","Trinectes maculatus",NA,"SPECIES","Trinectes maculatus (Bloch & Schneider, 1801)","Trinectes maculatus","","US","","Florida","PRESENT",NA,"28eb1a3f-1c15-4a95-931a-4af90ecb574d",27.169772,-81.900275,4,NA,NA,NA,NA,NA,"2023-03-22T13:53:59",22,3,2023,2408252,2408252,"HUMAN_OBSERVATION","iNaturalist","Observations","152177330",NA,"Em",2023-03-24 22:09:47,"CC_BY_NC_4_0","Em","Em",NA,NA,2025-06-07 00:07:03.684,"StillImage","COORDINATE_ROUNDED;CONTINENT_DERIVED_FROM_COORDINATES;TAXON_MATCH_TAXON_ID_IGNORED"
4067147218,"50c9509d-22c7-4a22-a47d-8c48425ef4a7","https://www.inaturalist.org/observations/151529306","Animalia","Chordata",NA,"Pleuronectiformes","Achiridae","Trinectes","Trinectes maculatus",NA,"SPECIES","Trinectes maculatus (Bloch & Schneider, 1801)","Trinectes maculatus","","US","","Florida","PRESENT",NA,"28eb1a3f-1c15-4a95-931a-4af90ecb574d",29.83013,-82.682685,27,NA,NA,NA,NA,NA,"2023-03-18T11:32:26",18,3,2023,2408252,2408252,"HUMAN_OBSERVATION","iNaturalist","Observations","151529306",NA,"Luke Smith",2023-03-18 21:01:42,"CC_BY_NC_4_0","Luke Smith","Luke Smith",NA,NA,2025-06-07 00:27:37.392,"StillImage","COORDINATE_ROUNDED;CONTINENT_DERIVED_FROM_COORDINATES;TAXON_MATCH_TAXON_ID_IGNORED"
4063007270,"50c9509d-22c7-4a22-a47d-8c48425ef4a7","https://www.inaturalist.org/observations/151061480","Animalia","Chordata",NA,"Pleuronectiformes","Achiridae","Trinectes","Trinectes maculatus",NA,"SPECIES","Trinectes maculatus (Bloch & Schneider, 1801)","Trinectes maculatus","","US","","Florida","PRESENT",NA,"28eb1a3f-1c15-4a95-931a-4af90ecb574d",27.299664,-81.846366,9,NA,NA,NA,NA,NA,"2023-03-13T15:18:07",13,3,2023,2408252,2408252,"HUMAN_OBSERVATION","iNaturalist","Observations","151061480",NA,"crabait",2023-03-13 20:06:55,"CC_BY_NC_4_0","crabait","crabait",NA,NA,2025-06-07 02:03:10.386,"StillImage","COORDINATE_ROUNDED;CONTINENT_DERIVED_FROM_COORDINATES;TAXON_MATCH_TAXON_ID_IGNORED"
4055122328,"50c9509d-22c7-4a22-a47d-8c48425ef4a7","https://www.inaturalist.org/observations/150509953","Animalia","Chordata",NA,"Pleuronectiformes","Achiridae","Trinectes","Trinectes maculatus",NA,"SPECIES","Trinectes maculatus (Bloch & Schneider, 1801)","Trinectes maculatus","","US","","Louisiana","PRESENT",NA,"28eb1a3f-1c15-4a95-931a-4af90ecb574d",30.019347,-90.155947,NA,NA,NA,NA,NA,NA,"2023-03-07T12:35:44",7,3,2023,2408252,2408252,"HUMAN_OBSERVATION","iNaturalist","Observations","150509953",NA,"uconnbirdfish",2023-03-07 19:17:56,"CC_BY_4_0","ncb1221","ncb1221",NA,NA,2025-06-06 23:59:02.24,"StillImage","COORDINATE_ROUNDED;CONTINENT_DERIVED_FROM_COORDINATES;TAXON_MATCH_TAXON_ID_IGNORED"
4054942018,"50c9509d-22c7-4a22-a47d-8c48425ef4a7","https://www.inaturalist.org/observations/150315391","Animalia","Chordata",NA,"Pleuronectiformes","Achiridae","Trinectes","Trinectes maculatus",NA,"SPECIES","Trinectes maculatus (Bloch & Schneider, 1801)","Trinectes maculatus","","US","","Florida","PRESENT",NA,"28eb1a3f-1c15-4a95-931a-4af90ecb574d",27.507581,-82.719341,11,NA,NA,NA,NA,NA,"2023-03-04T06:50:50",4,3,2023,2408252,2408252,"HUMAN_OBSERVATION","iNaturalist","Observations","150315391",NA,"herper9",2023-03-05 16:17:46,"CC_BY_NC_4_0","herper9","herper9",NA,NA,2025-06-07 01:54:40.691,"StillImage","COORDINATE_ROUNDED;CONTINENT_DERIVED_FROM_COORDINATES;TAXON_MATCH_TAXON_ID_IGNORED"
4054846143,"50c9509d-22c7-4a22-a47d-8c48425ef4a7","https://www.inaturalist.org/observations/150334843","Animalia","Chordata",NA,"Pleuronectiformes","Achiridae","Trinectes","Trinectes maculatus",NA,"SPECIES","Trinectes maculatus (Bloch & Schneider, 1801)","Trinectes maculatus","","US","","Florida","PRESENT",NA,"28eb1a3f-1c15-4a95-931a-4af90ecb574d",26.402728,-81.885691,122,NA,NA,NA,NA,NA,"2023-03-05T08:16",5,3,2023,2408252,2408252,"HUMAN_OBSERVATION","iNaturalist","Observations","150334843",NA,"obrock",2023-03-05 19:41:27,"CC_BY_NC_4_0","obrock","obrock",NA,NA,2025-06-07 01:21:29.512,"StillImage","COORDINATE_ROUNDED;CONTINENT_DERIVED_FROM_COORDINATES;TAXON_MATCH_TAXON_ID_IGNORED"
4046390755,"50c9509d-22c7-4a22-a47d-8c48425ef4a7","https://www.inaturalist.org/observations/149423304","Animalia","Chordata",NA,"Pleuronectiformes","Achiridae","Trinectes","Trinectes maculatus",NA,"SPECIES","Trinectes maculatus (Bloch & Schneider, 1801)","Trinectes maculatus","","US","","New Jersey","PRESENT",NA,"28eb1a3f-1c15-4a95-931a-4af90ecb574d",39.232745,-75.032505,88,NA,NA,NA,NA,NA,"2017-06-02T10:17:42",2,6,2017,2408252,2408252,"HUMAN_OBSERVATION","iNaturalist","Observations","149423304",NA,"joethenaturalist",2023-02-22 19:39:22,"CC_BY_NC_4_0","joethenaturalist","joethenaturalist",NA,NA,2025-06-07 00:43:24.967,"StillImage","COORDINATE_ROUNDED;CONTINENT_DERIVED_FROM_COORDINATES;TAXON_MATCH_TAXON_ID_IGNORED"
3994255588,"50c9509d-22c7-4a22-a47d-8c48425ef4a7","https://www.inaturalist.org/observations/140883583","Animalia","Chordata",NA,"Pleuronectiformes","Achiridae","Trinectes","Trinectes maculatus",NA,"SPECIES","Trinectes maculatus (Bloch & Schneider, 1801)","Trinectes maculatus","","US","","Florida","PRESENT",NA,"28eb1a3f-1c15-4a95-931a-4af90ecb574d",29.109258,-83.053946,9,NA,NA,NA,NA,NA,"2022-11-02T11:23:59",2,11,2022,2408252,2408252,"HUMAN_OBSERVATION","iNaturalist","Observations","140883583",NA,"fredturt43",2022-11-28 21:37:35,"CC_BY_NC_4_0","lcmentz","lcmentz",NA,NA,2025-06-07 00:26:28.047,"StillImage","COORDINATE_ROUNDED;CONTINENT_DERIVED_FROM_COORDINATES;TAXON_MATCH_TAXON_ID_IGNORED"
3988466161,"50c9509d-22c7-4a22-a47d-8c48425ef4a7","https://www.inaturalist.org/observations/143646913","Animalia","Chordata",NA,"Pleuronectiformes","Achiridae","Trinectes","Trinectes maculatus",NA,"SPECIES","Trinectes maculatus (Bloch & Schneider, 1801)","Trinectes maculatus","","US","","New York","PRESENT",NA,"28eb1a3f-1c15-4a95-931a-4af90ecb574d",40.858357,-73.211683,65,NA,NA,NA,NA,NA,"2021-10-08T17:21:39",8,10,2021,2408252,2408252,"HUMAN_OBSERVATION","iNaturalist","Observations","143646913",NA,"Mitchel Buckner",2022-12-04 17:29:39,"CC_BY_NC_4_0","gabefinger","gabefinger",NA,NA,2025-06-07 00:43:08.6,"StillImage","COORDINATE_ROUNDED;CONTINENT_DERIVED_FROM_COORDINATES;TAXON_MATCH_TAXON_ID_IGNORED"
3985673106,"50c9509d-22c7-4a22-a47d-8c48425ef4a7","https://www.inaturalist.org/observations/142168370","Animalia","Chordata",NA,"Pleuronectiformes","Achiridae","Trinectes","Trinectes maculatus",NA,"SPECIES","Trinectes maculatus (Bloch & Schneider, 1801)","Trinectes maculatus","","US","","Florida","PRESENT",NA,"28eb1a3f-1c15-4a95-931a-4af90ecb574d",29.985378,-81.566437,3,NA,NA,NA,NA,NA,"2022-11-13T14:24:17",13,11,2022,2408252,2408252,"HUMAN_OBSERVATION","iNaturalist","Observations","142168370",NA,"Jacob Jones",2022-11-16 20:16:52,"CC_BY_NC_4_0","Jacob Jones","Jacob Jones",NA,NA,2025-06-07 00:02:00.834,"StillImage","COORDINATE_ROUNDED;CONTINENT_DERIVED_FROM_COORDINATES;TAXON_MATCH_TAXON_ID_IGNORED"
3963554720,"50c9509d-22c7-4a22-a47d-8c48425ef4a7","https://www.inaturalist.org/observations/140891855","Animalia","Chordata",NA,"Pleuronectiformes","Achiridae","Trinectes","Trinectes maculatus",NA,"SPECIES","Trinectes maculatus (Bloch & Schneider, 1801)","Trinectes maculatus","","US","","Florida","PRESENT",NA,"28eb1a3f-1c15-4a95-931a-4af90ecb574d",29.09745,-83.06508,35,NA,NA,NA,NA,NA,"2022-11-02T12:46:06",2,11,2022,2408252,2408252,"HUMAN_OBSERVATION","iNaturalist","Observations","140891855",NA,"apsetlow",2022-11-02 16:58:08,"CC_BY_NC_4_0","apsetlow","apsetlow",NA,NA,2025-06-07 00:04:59.456,"StillImage","COORDINATE_ROUNDED;CONTINENT_DERIVED_FROM_COORDINATES;TAXON_MATCH_TAXON_ID_IGNORED"
3963352697,"50c9509d-22c7-4a22-a47d-8c48425ef4a7","https://www.inaturalist.org/observations/140892451","Animalia","Chordata",NA,"Pleuronectiformes","Achiridae","Trinectes","Trinectes maculatus",NA,"SPECIES","Trinectes maculatus (Bloch & Schneider, 1801)","Trinectes maculatus","","US","","Florida","PRESENT",NA,"28eb1a3f-1c15-4a95-931a-4af90ecb574d",29.099732,-83.067165,910,NA,NA,NA,NA,NA,"2022-11-02T12:00:30",2,11,2022,2408252,2408252,"HUMAN_OBSERVATION","iNaturalist","Observations","140892451",NA,"iediehl",2022-11-02 17:33:41,"CC_BY_NC_4_0","iediehl","iediehl",NA,NA,2025-06-07 00:06:05.338,"StillImage","COORDINATE_ROUNDED;CONTINENT_DERIVED_FROM_COORDINATES;TAXON_MATCH_TAXON_ID_IGNORED"
3961492690,"50c9509d-22c7-4a22-a47d-8c48425ef4a7","https://www.inaturalist.org/observations/140885870","Animalia","Chordata",NA,"Pleuronectiformes","Achiridae","Trinectes","Trinectes maculatus",NA,"SPECIES","Trinectes maculatus (Bloch & Schneider, 1801)","Trinectes maculatus","","US","","Florida","PRESENT",NA,"28eb1a3f-1c15-4a95-931a-4af90ecb574d",29.098701,-83.065814,846,NA,NA,NA,NA,NA,"2022-11-02T11:48:08",2,11,2022,2408252,2408252,"HUMAN_OBSERVATION","iNaturalist","Observations","140885870",NA,"rebekahg",2022-11-02 15:48:54,"CC_BY_NC_4_0","rebekahg","rebekahg",NA,NA,2025-06-07 00:36:54.43,"StillImage","COORDINATE_ROUNDED;CONTINENT_DERIVED_FROM_COORDINATES;TAXON_MATCH_TAXON_ID_IGNORED"
3961322706,"50c9509d-22c7-4a22-a47d-8c48425ef4a7","https://www.inaturalist.org/observations/140885955","Animalia","Chordata",NA,"Pleuronectiformes","Achiridae","Trinectes","Trinectes maculatus",NA,"SPECIES","Trinectes maculatus (Bloch & Schneider, 1801)","Trinectes maculatus","","US","","Florida","PRESENT",NA,"28eb1a3f-1c15-4a95-931a-4af90ecb574d",29.09742,-83.065082,17,NA,NA,NA,NA,NA,"2022-11-02T11:49:58",2,11,2022,2408252,2408252,"HUMAN_OBSERVATION","iNaturalist","Observations","140885955",NA,"eawhitaker",2022-11-02 15:50:07,"CC_BY_NC_4_0","eawhitaker","eawhitaker",NA,NA,2025-06-07 00:25:08.975,"StillImage","COORDINATE_ROUNDED;CONTINENT_DERIVED_FROM_COORDINATES;TAXON_MATCH_TAXON_ID_IGNORED"
3947819905,"50c9509d-22c7-4a22-a47d-8c48425ef4a7","https://www.inaturalist.org/observations/139130358","Animalia","Chordata",NA,"Pleuronectiformes","Achiridae","Trinectes","Trinectes maculatus",NA,"SPECIES","Trinectes maculatus (Bloch & Schneider, 1801)","Trinectes maculatus","","US","","Mississippi","PRESENT",NA,"28eb1a3f-1c15-4a95-931a-4af90ecb574d",30.392524,-88.893275,122,NA,NA,NA,NA,NA,"2022-10-15T11:38",15,10,2022,2408252,2408252,"HUMAN_OBSERVATION","iNaturalist","Observations","139130358",NA,"haydnf",2022-10-17 16:39:33,"CC_BY_NC_4_0","haydnf","haydnf",NA,NA,2025-06-06 23:57:01.277,"StillImage","COORDINATE_ROUNDED;CONTINENT_DERIVED_FROM_COORDINATES;TAXON_MATCH_TAXON_ID_IGNORED"
3947201035,"50c9509d-22c7-4a22-a47d-8c48425ef4a7","https://www.inaturalist.org/observations/139261573","Animalia","Chordata",NA,"Pleuronectiformes","Achiridae","Trinectes","Trinectes maculatus",NA,"SPECIES","Trinectes maculatus (Bloch & Schneider, 1801)","Trinectes maculatus","","US","","South Carolina","PRESENT",NA,"28eb1a3f-1c15-4a95-931a-4af90ecb574d",33.562988,-79.004684,54,NA,NA,NA,NA,NA,"2022-10-18T15:36:40",18,10,2022,2408252,2408252,"HUMAN_OBSERVATION","iNaturalist","Observations","139261573",NA,"skarm14",2022-10-18 19:59:41,"CC_BY_NC_4_0","skarm14","skarm14",NA,NA,2025-06-07 02:43:06.086,"StillImage","COORDINATE_ROUNDED;CONTINENT_DERIVED_FROM_COORDINATES;TAXON_MATCH_TAXON_ID_IGNORED"
3947138082,"50c9509d-22c7-4a22-a47d-8c48425ef4a7","https://www.inaturalist.org/observations/139338788","Animalia","Chordata",NA,"Pleuronectiformes","Achiridae","Trinectes","Trinectes maculatus",NA,"SPECIES","Trinectes maculatus (Bloch & Schneider, 1801)","Trinectes maculatus","","US","","Virginia","PRESENT",NA,"28eb1a3f-1c15-4a95-931a-4af90ecb574d",37.976905,-76.461037,4,NA,NA,NA,NA,NA,"2022-08-15T14:20:56",15,8,2022,2408252,2408252,"HUMAN_OBSERVATION","iNaturalist","Observations","139338788",NA,"zosawyer",2022-10-19 15:53:29,"CC_BY_NC_4_0","zosawyer","zosawyer",NA,NA,2025-06-07 01:55:10.619,"StillImage","COORDINATE_ROUNDED;CONTINENT_DERIVED_FROM_COORDINATES;TAXON_MATCH_TAXON_ID_IGNORED"
3925109850,"50c9509d-22c7-4a22-a47d-8c48425ef4a7","https://www.inaturalist.org/observations/137651078","Animalia","Chordata",NA,"Pleuronectiformes","Achiridae","Trinectes","Trinectes maculatus",NA,"SPECIES","Trinectes maculatus (Bloch & Schneider, 1801)","Trinectes maculatus","","US","","South Carolina","PRESENT",NA,"28eb1a3f-1c15-4a95-931a-4af90ecb574d",32.558563,-80.454012,3,NA,NA,NA,NA,NA,"2022-10-05T12:14:23",5,10,2022,2408252,2408252,"HUMAN_OBSERVATION","iNaturalist","Observations","137651078",NA,"Fred",2022-10-05 16:44:38,"CC_BY_NC_4_0","Fred","Fred",NA,NA,2025-06-07 01:04:16.276,"StillImage","COORDINATE_ROUNDED;CONTINENT_DERIVED_FROM_COORDINATES;TAXON_MATCH_TAXON_ID_IGNORED"
3915610370,"50c9509d-22c7-4a22-a47d-8c48425ef4a7","https://www.inaturalist.org/observations/136113697","Animalia","Chordata",NA,"Pleuronectiformes","Achiridae","Trinectes","Trinectes maculatus",NA,"SPECIES","Trinectes maculatus (Bloch & Schneider, 1801)","Trinectes maculatus","","US","","Florida","PRESENT",NA,"28eb1a3f-1c15-4a95-931a-4af90ecb574d",30.001428,-84.476455,4,NA,NA,NA,NA,NA,"2022-09-22T21:31:54",22,9,2022,2408252,2408252,"HUMAN_OBSERVATION","iNaturalist","Observations","136113697",NA,"david_pounders117",2022-09-23 02:09:12,"CC_BY_NC_4_0","david_pounders117","david_pounders117",NA,NA,2025-06-07 00:55:03.625,"StillImage","COORDINATE_ROUNDED;CONTINENT_DERIVED_FROM_COORDINATES;TAXON_MATCH_TAXON_ID_IGNORED"
3912228346,"50c9509d-22c7-4a22-a47d-8c48425ef4a7","https://www.inaturalist.org/observations/135434905","Animalia","Chordata",NA,"Pleuronectiformes","Achiridae","Trinectes","Trinectes maculatus",NA,"SPECIES","Trinectes maculatus (Bloch & Schneider, 1801)","Trinectes maculatus","","US","","Maryland","PRESENT",NA,"28eb1a3f-1c15-4a95-931a-4af90ecb574d",38.764861,-76.693522,NA,NA,NA,NA,NA,NA,"2022-09-17T08:14:41",17,9,2022,2408252,2408252,"HUMAN_OBSERVATION","iNaturalist","Observations","135434905",NA,"hornbeamhound",2022-09-17 21:28:10,"CC_BY_NC_4_0","hornbeamhound","hornbeamhound",NA,NA,2025-06-07 02:40:36.352,"StillImage","COORDINATE_ROUNDED;CONTINENT_DERIVED_FROM_COORDINATES;TAXON_MATCH_TAXON_ID_IGNORED"
3903007600,"50c9509d-22c7-4a22-a47d-8c48425ef4a7","https://www.inaturalist.org/observations/126703999","Animalia","Chordata",NA,"Pleuronectiformes","Achiridae","Trinectes","Trinectes maculatus",NA,"SPECIES","Trinectes maculatus (Bloch & Schneider, 1801)","Trinectes maculatus","","US","","Florida","PRESENT",NA,"28eb1a3f-1c15-4a95-931a-4af90ecb574d",26.391578,-81.873804,1496,NA,NA,NA,NA,NA,"2020-12-25",25,12,2020,2408252,2408252,"HUMAN_OBSERVATION","iNaturalist","Observations","126703999",NA,"Squidpastry",2022-09-12 19:19:40,"CC_BY_NC_4_0","Scott","Scott",NA,NA,2025-06-07 01:01:39.98,"StillImage","COORDINATE_ROUNDED;CONTINENT_DERIVED_FROM_COORDINATES;TAXON_MATCH_TAXON_ID_IGNORED"
3902683442,"50c9509d-22c7-4a22-a47d-8c48425ef4a7","https://www.inaturalist.org/observations/131878577","Animalia","Chordata",NA,"Pleuronectiformes","Achiridae","Trinectes","Trinectes maculatus",NA,"SPECIES","Trinectes maculatus (Bloch & Schneider, 1801)","Trinectes maculatus","","US","","Florida","PRESENT",NA,"28eb1a3f-1c15-4a95-931a-4af90ecb574d",27.619055,-81.803047,4,NA,NA,NA,NA,NA,"2022-08-21T13:13:53",21,8,2022,2408252,2408252,"HUMAN_OBSERVATION","iNaturalist","Observations","131878577",NA,"Christian Weston Chandler creator of Sonichu",2022-08-22 12:59:58,"CC_BY_NC_4_0","brettbudach","brettbudach",NA,NA,2025-06-07 01:24:57.234,"StillImage","COORDINATE_ROUNDED;CONTINENT_DERIVED_FROM_COORDINATES;TAXON_MATCH_TAXON_ID_IGNORED"
3902105059,"50c9509d-22c7-4a22-a47d-8c48425ef4a7","https://www.inaturalist.org/observations/102004361","Animalia","Chordata",NA,"Pleuronectiformes","Achiridae","Trinectes","Trinectes maculatus",NA,"SPECIES","Trinectes maculatus (Bloch & Schneider, 1801)","Trinectes maculatus","","US","","Florida","PRESENT",NA,"28eb1a3f-1c15-4a95-931a-4af90ecb574d",29.676345,-85.219397,5,NA,NA,NA,NA,NA,"2021-10-23T17:04:56",23,10,2021,2408252,2408252,"HUMAN_OBSERVATION","iNaturalist","Observations","102004361",NA,"Squidpastry",2023-06-14 22:01:25,"CC_BY_NC_4_0","Susan Cerulean","Susan Cerulean",NA,NA,2025-06-07 01:30:31.013,"StillImage","COORDINATE_ROUNDED;CONTINENT_DERIVED_FROM_COORDINATES;TAXON_MATCH_TAXON_ID_IGNORED"
3892518521,"50c9509d-22c7-4a22-a47d-8c48425ef4a7","https://www.inaturalist.org/observations/130048227","Animalia","Chordata",NA,"Pleuronectiformes","Achiridae","Trinectes","Trinectes maculatus",NA,"SPECIES","Trinectes maculatus (Bloch & Schneider, 1801)","Trinectes maculatus","","US","","Mississippi","PRESENT",NA,"28eb1a3f-1c15-4a95-931a-4af90ecb574d",30.391191,-88.886251,61,NA,NA,NA,NA,NA,"2015-10-12T11:44",12,10,2015,2408252,2408252,"HUMAN_OBSERVATION","iNaturalist","Observations","130048227",NA,"Noah Daun",2022-08-14 16:21:06,"CC_BY_NC_4_0","haydnf","haydnf",NA,NA,2025-06-07 00:41:49.27,"StillImage","COORDINATE_ROUNDED;CONTINENT_DERIVED_FROM_COORDINATES;TAXON_MATCH_TAXON_ID_IGNORED"
3888921564,"50c9509d-22c7-4a22-a47d-8c48425ef4a7","https://www.inaturalist.org/observations/129942534","Animalia","Chordata",NA,"Pleuronectiformes","Achiridae","Trinectes","Trinectes maculatus",NA,"SPECIES","Trinectes maculatus (Bloch & Schneider, 1801)","Trinectes maculatus","","US","","Maryland","PRESENT",NA,"28eb1a3f-1c15-4a95-931a-4af90ecb574d",38.321373,-75.742286,178,NA,NA,NA,NA,NA,"2022-08-07T12:20:53",7,8,2022,2408252,2408252,"HUMAN_OBSERVATION","iNaturalist","Observations","129942534",NA,"rlyw",2022-08-08 05:31:16,"CC_BY_NC_4_0","rlyw","rlyw",NA,NA,2025-06-07 01:23:58.006,"StillImage","COORDINATE_ROUNDED;CONTINENT_DERIVED_FROM_COORDINATES;TAXON_MATCH_TAXON_ID_IGNORED"
3888807215,"50c9509d-22c7-4a22-a47d-8c48425ef4a7","https://www.inaturalist.org/observations/129995246","Animalia","Chordata",NA,"Pleuronectiformes","Achiridae","Trinectes","Trinectes maculatus",NA,"SPECIES","Trinectes maculatus (Bloch & Schneider, 1801)","Trinectes maculatus","","US","","Delaware","PRESENT",NA,"28eb1a3f-1c15-4a95-931a-4af90ecb574d",39.39587,-75.596302,88,NA,NA,NA,NA,NA,"2022-08-08T10:40:05",8,8,2022,2408252,2408252,"HUMAN_OBSERVATION","iNaturalist","Observations","129995246",NA,"aacimini",2022-08-08 16:28:00,"CC_BY_NC_4_0","aacimini","aacimini",NA,NA,2025-06-07 01:59:11.95,"StillImage","COORDINATE_ROUNDED;CONTINENT_DERIVED_FROM_COORDINATES;TAXON_MATCH_TAXON_ID_IGNORED"
3881846423,"50c9509d-22c7-4a22-a47d-8c48425ef4a7","https://www.inaturalist.org/observations/128904108","Animalia","Chordata",NA,"Pleuronectiformes","Achiridae","Trinectes","Trinectes maculatus",NA,"SPECIES","Trinectes maculatus (Bloch & Schneider, 1801)","Trinectes maculatus","","US","","Mississippi","PRESENT",NA,"28eb1a3f-1c15-4a95-931a-4af90ecb574d",30.258197,-89.413236,NA,NA,NA,NA,NA,NA,"2022-07-31T15:57:54",31,7,2022,2408252,2408252,"HUMAN_OBSERVATION","iNaturalist","Observations","128904108",NA,"bharmeyer",2022-08-01 00:43:12,"CC_BY_NC_4_0","bharmeyer","bharmeyer",NA,NA,2025-06-07 01:16:45.136,"StillImage","COORDINATE_ROUNDED;CONTINENT_DERIVED_FROM_COORDINATES;TAXON_MATCH_TAXON_ID_IGNORED"
3874203496,"50c9509d-22c7-4a22-a47d-8c48425ef4a7","https://www.inaturalist.org/observations/127134006","Animalia","Chordata",NA,"Pleuronectiformes","Achiridae","Trinectes","Trinectes maculatus",NA,"SPECIES","Trinectes maculatus (Bloch & Schneider, 1801)","Trinectes maculatus","","US","","Georgia","PRESENT",NA,"28eb1a3f-1c15-4a95-931a-4af90ecb574d",31.39958,-81.297997,3,NA,NA,NA,NA,NA,"2022-07-20T09:49:55",20,7,2022,2408252,2408252,"HUMAN_OBSERVATION","iNaturalist","Observations","127134006",NA,"kendra_paulson",2022-07-20 19:46:06,"CC_BY_NC_4_0","kendra_paulson","kendra_paulson",NA,NA,2025-06-06 23:59:33.781,"StillImage","COORDINATE_ROUNDED;CONTINENT_DERIVED_FROM_COORDINATES;TAXON_MATCH_TAXON_ID_IGNORED"
3874099990,"50c9509d-22c7-4a22-a47d-8c48425ef4a7","https://www.inaturalist.org/observations/126112943","Animalia","Chordata",NA,"Pleuronectiformes","Achiridae","Trinectes","Trinectes maculatus",NA,"SPECIES","Trinectes maculatus (Bloch & Schneider, 1801)","Trinectes maculatus","","US","","South Carolina","PRESENT",NA,"28eb1a3f-1c15-4a95-931a-4af90ecb574d",32.493362,-80.328863,13,NA,NA,NA,NA,NA,"2022-07-13T10:27:48",13,7,2022,2408252,2408252,"HUMAN_OBSERVATION","iNaturalist","Observations","126112943",NA,"Brianna Goodwin",2022-07-13 20:24:54,"CC_BY_NC_4_0","Brianna Goodwin","Brianna Goodwin",NA,NA,2025-06-07 01:26:08.184,"StillImage","COORDINATE_ROUNDED;CONTINENT_DERIVED_FROM_COORDINATES;TAXON_MATCH_TAXON_ID_IGNORED"
3873983540,"50c9509d-22c7-4a22-a47d-8c48425ef4a7","https://www.inaturalist.org/observations/126148220","Animalia","Chordata",NA,"Pleuronectiformes","Achiridae","Trinectes","Trinectes maculatus",NA,"SPECIES","Trinectes maculatus (Bloch & Schneider, 1801)","Trinectes maculatus","","US","","Maryland","PRESENT",NA,"28eb1a3f-1c15-4a95-931a-4af90ecb574d",38.62904,-76.677247,249,NA,NA,NA,NA,NA,"2022-07-13T11:21:34",13,7,2022,2408252,2408252,"HUMAN_OBSERVATION","iNaturalist","Observations","126148220",NA,"dryad-dancing",2022-07-14 01:37:44,"CC_BY_NC_4_0","dryad-dancing","dryad-dancing",NA,NA,2025-06-07 02:50:16.628,"StillImage","COORDINATE_ROUNDED;CONTINENT_DERIVED_FROM_COORDINATES;TAXON_MATCH_TAXON_ID_IGNORED"
3873733926,"50c9509d-22c7-4a22-a47d-8c48425ef4a7","https://www.inaturalist.org/observations/127096368","Animalia","Chordata",NA,"Pleuronectiformes","Achiridae","Trinectes","Trinectes maculatus",NA,"SPECIES","Trinectes maculatus (Bloch & Schneider, 1801)","Trinectes maculatus","","US","","Georgia","PRESENT",NA,"28eb1a3f-1c15-4a95-931a-4af90ecb574d",31.398937,-81.29767,3,NA,NA,NA,NA,NA,"2022-07-20T09:49:12",20,7,2022,2408252,2408252,"HUMAN_OBSERVATION","iNaturalist","Observations","127096368",NA,"shaela_nestor",2022-07-20 15:02:39,"CC_BY_NC_4_0","shaela_nestor","shaela_nestor",NA,NA,2025-06-07 00:52:42.064,"StillImage","COORDINATE_ROUNDED;CONTINENT_DERIVED_FROM_COORDINATES;TAXON_MATCH_TAXON_ID_IGNORED"
3860739236,"50c9509d-22c7-4a22-a47d-8c48425ef4a7","https://www.inaturalist.org/observations/124889552","Animalia","Chordata",NA,"Pleuronectiformes","Achiridae","Trinectes","Trinectes maculatus",NA,"SPECIES","Trinectes maculatus (Bloch & Schneider, 1801)","Trinectes maculatus","","US","","Alabama","PRESENT",NA,"28eb1a3f-1c15-4a95-931a-4af90ecb574d",30.259712,-88.20742,NA,NA,NA,NA,NA,NA,"2022-06-20T18:05",20,6,2022,2408252,2408252,"HUMAN_OBSERVATION","iNaturalist","Observations","124889552",NA,"Joel Haan",2022-07-05 18:36:39,"CC_BY_4_0","Michele Jones","Michele Jones",NA,NA,2025-06-07 01:33:35.323,"StillImage","COORDINATE_ROUNDED;CONTINENT_DERIVED_FROM_COORDINATES;TAXON_MATCH_TAXON_ID_IGNORED"
3860711385,"50c9509d-22c7-4a22-a47d-8c48425ef4a7","https://www.inaturalist.org/observations/123882680","Animalia","Chordata",NA,"Pleuronectiformes","Achiridae","Trinectes","Trinectes maculatus",NA,"SPECIES","Trinectes maculatus (Bloch & Schneider, 1801)","Trinectes maculatus","","US","","Florida","PRESENT",NA,"28eb1a3f-1c15-4a95-931a-4af90ecb574d",29.830064,-82.682706,23,NA,NA,NA,NA,NA,"2022-06-28T14:15:09",28,6,2022,2408252,2408252,"HUMAN_OBSERVATION","iNaturalist","Observations","123882680",NA,"Luke Smith",2022-06-28 20:52:43,"CC_BY_NC_4_0","Luke Smith","Luke Smith",NA,NA,2025-06-07 00:53:24.629,"StillImage","COORDINATE_ROUNDED;CONTINENT_DERIVED_FROM_COORDINATES;TAXON_MATCH_TAXON_ID_IGNORED"
3860525434,"50c9509d-22c7-4a22-a47d-8c48425ef4a7","https://www.inaturalist.org/observations/122566436","Animalia","Chordata",NA,"Pleuronectiformes","Achiridae","Trinectes","Trinectes maculatus",NA,"SPECIES","Trinectes maculatus (Bloch & Schneider, 1801)","Trinectes maculatus","","US","","Georgia","PRESENT",NA,"28eb1a3f-1c15-4a95-931a-4af90ecb574d",31.142256,-81.451766,122,NA,NA,NA,NA,NA,"2022-06-15T15:00",15,6,2022,2408252,2408252,"HUMAN_OBSERVATION","iNaturalist","Observations","122566436",NA,"zacsf",2022-06-19 23:05:42,"CC_BY_NC_4_0","zacsf","zacsf",NA,NA,2025-06-07 00:41:10.076,"StillImage","COORDINATE_ROUNDED;CONTINENT_DERIVED_FROM_COORDINATES;TAXON_MATCH_TAXON_ID_IGNORED"
3860406743,"50c9509d-22c7-4a22-a47d-8c48425ef4a7","https://www.inaturalist.org/observations/120607068","Animalia","Chordata",NA,"Pleuronectiformes","Achiridae","Trinectes","Trinectes maculatus",NA,"SPECIES","Trinectes maculatus (Bloch & Schneider, 1801)","Trinectes maculatus","","US","","New York","PRESENT",NA,"28eb1a3f-1c15-4a95-931a-4af90ecb574d",41.013554,-72.604829,2074,NA,NA,NA,NA,NA,"2022-06-06T03:58",6,6,2022,2408252,2408252,"HUMAN_OBSERVATION","iNaturalist","Observations","120607068",NA,"Amanda Dauman",2022-06-07 01:43:09,"CC_BY_NC_4_0","Amanda Dauman","Amanda Dauman",NA,NA,2025-06-07 02:39:28.08,"StillImage","COORDINATE_ROUNDED;CONTINENT_DERIVED_FROM_COORDINATES;TAXON_MATCH_TAXON_ID_IGNORED"
3859958455,"50c9509d-22c7-4a22-a47d-8c48425ef4a7","https://www.inaturalist.org/observations/125027387","Animalia","Chordata",NA,"Pleuronectiformes","Achiridae","Trinectes","Trinectes maculatus",NA,"SPECIES","Trinectes maculatus (Bloch & Schneider, 1801)","Trinectes maculatus","","US","","Maryland","PRESENT",NA,"28eb1a3f-1c15-4a95-931a-4af90ecb574d",38.957133,-76.456375,4,NA,NA,NA,NA,NA,"2022-05-17T18:16:04",17,5,2022,2408252,2408252,"HUMAN_OBSERVATION","iNaturalist","Observations","125027387",NA,"hsheffield",2022-07-06 14:39:23,"CC_BY_NC_4_0","hsheffield","hsheffield",NA,NA,2025-06-07 00:05:40.793,"StillImage","COORDINATE_ROUNDED;CONTINENT_DERIVED_FROM_COORDINATES;TAXON_MATCH_TAXON_ID_IGNORED"
3859912584,"50c9509d-22c7-4a22-a47d-8c48425ef4a7","https://www.inaturalist.org/observations/61750913","Animalia","Chordata",NA,"Pleuronectiformes","Achiridae","Trinectes","Trinectes maculatus",NA,"SPECIES","Trinectes maculatus (Bloch & Schneider, 1801)","Trinectes maculatus","","US","","North Carolina","PRESENT",NA,"28eb1a3f-1c15-4a95-931a-4af90ecb574d",35.506363,-77.004106,14,NA,NA,NA,NA,NA,"2020-08-16T14:37:35",16,8,2020,2408252,2408252,"HUMAN_OBSERVATION","iNaturalist","Observations","61750913",NA,"Ashwin Srinivasan",2020-10-08 18:48:07,"CC_BY_NC_4_0","bioandriod","bioandriod",NA,NA,2025-06-07 02:40:18.146,"StillImage","COORDINATE_ROUNDED;CONTINENT_DERIVED_FROM_COORDINATES;TAXON_MATCH_TAXON_ID_IGNORED"
3859855422,"50c9509d-22c7-4a22-a47d-8c48425ef4a7","https://www.inaturalist.org/observations/121420803","Animalia","Chordata",NA,"Pleuronectiformes","Achiridae","Trinectes","Trinectes maculatus",NA,"SPECIES","Trinectes maculatus (Bloch & Schneider, 1801)","Trinectes maculatus","","US","","Florida","PRESENT",NA,"28eb1a3f-1c15-4a95-931a-4af90ecb574d",30.02374,-81.327574,24,NA,NA,NA,NA,NA,"2022-06-11T09:51:12",11,6,2022,2408252,2408252,"HUMAN_OBSERVATION","iNaturalist","Observations","121420803",NA,"Nikhil Reddy",2022-06-12 15:07:44,"CC_BY_NC_4_0","Nikhil Reddy","Nikhil Reddy",NA,NA,2025-06-07 00:00:22.976,"StillImage","COORDINATE_ROUNDED;CONTINENT_DERIVED_FROM_COORDINATES;TAXON_MATCH_TAXON_ID_IGNORED"
3859763435,"50c9509d-22c7-4a22-a47d-8c48425ef4a7","https://www.inaturalist.org/observations/124891244","Animalia","Chordata",NA,"Pleuronectiformes","Achiridae","Trinectes","Trinectes maculatus",NA,"SPECIES","Trinectes maculatus (Bloch & Schneider, 1801)","Trinectes maculatus","","US","","Alabama","PRESENT",NA,"28eb1a3f-1c15-4a95-931a-4af90ecb574d",30.262428,-88.196442,NA,NA,NA,NA,NA,NA,"2022-06-20T18:38",20,6,2022,2408252,2408252,"HUMAN_OBSERVATION","iNaturalist","Observations","124891244",NA,"Joel Haan",2022-07-05 18:33:27,"CC_BY_4_0","Michele Jones","Michele Jones",NA,NA,2025-06-07 02:49:00.901,"StillImage","COORDINATE_ROUNDED;CONTINENT_DERIVED_FROM_COORDINATES;TAXON_MATCH_TAXON_ID_IGNORED"
3859756745,"50c9509d-22c7-4a22-a47d-8c48425ef4a7","https://www.inaturalist.org/observations/120690613","Animalia","Chordata",NA,"Pleuronectiformes","Achiridae","Trinectes","Trinectes maculatus",NA,"SPECIES","Trinectes maculatus (Bloch & Schneider, 1801)","Trinectes maculatus","","US","","Georgia","PRESENT",NA,"28eb1a3f-1c15-4a95-931a-4af90ecb574d",31.103181,-81.433237,11,NA,NA,NA,NA,NA,"2022-04-22T10:06:04",22,4,2022,2408252,2408252,"HUMAN_OBSERVATION","iNaturalist","Observations","120690613",NA,"jackjohngriffin",2022-06-07 16:59:41,"CC_BY_NC_4_0","jackjohngriffin","jackjohngriffin",NA,NA,2025-06-07 02:41:19.138,"StillImage","COORDINATE_ROUNDED;CONTINENT_DERIVED_FROM_COORDINATES;TAXON_MATCH_TAXON_ID_IGNORED"
3859125201,"50c9509d-22c7-4a22-a47d-8c48425ef4a7","https://www.inaturalist.org/observations/118783719","Animalia","Chordata",NA,"Pleuronectiformes","Achiridae","Trinectes","Trinectes maculatus",NA,"SPECIES","Trinectes maculatus (Bloch & Schneider, 1801)","Trinectes maculatus","","US","","South Carolina","PRESENT",NA,"28eb1a3f-1c15-4a95-931a-4af90ecb574d",33.654388,-79.153806,320,NA,NA,NA,NA,NA,"2022-05-25T13:28",25,5,2022,2408252,2408252,"HUMAN_OBSERVATION","iNaturalist","Observations","118783719",NA,"grahamcm",2022-05-26 14:22:33,"CC_BY_NC_4_0","grahamcm","grahamcm",NA,NA,2025-06-07 02:39:48.544,"StillImage","COORDINATE_ROUNDED;CONTINENT_DERIVED_FROM_COORDINATES;TAXON_MATCH_TAXON_ID_IGNORED"
3858911239,"50c9509d-22c7-4a22-a47d-8c48425ef4a7","https://www.inaturalist.org/observations/123524475","Animalia","Chordata",NA,"Pleuronectiformes","Achiridae","Trinectes","Trinectes maculatus",NA,"SPECIES","Trinectes maculatus (Bloch & Schneider, 1801)","Trinectes maculatus","","US","","Maryland","PRESENT",NA,"28eb1a3f-1c15-4a95-931a-4af90ecb574d",38.764842,-76.693458,8,NA,NA,NA,NA,NA,"2022-06-26T09:49:06",26,6,2022,2408252,2408252,"HUMAN_OBSERVATION","iNaturalist","Observations","123524475",NA,"Katy C.",2022-06-26 13:59:06,"CC_BY_NC_4_0","Katy C.","Katy C.",NA,NA,2025-06-07 00:41:00.903,"StillImage","COORDINATE_ROUNDED;CONTINENT_DERIVED_FROM_COORDINATES;TAXON_MATCH_TAXON_ID_IGNORED"
3858902641,"50c9509d-22c7-4a22-a47d-8c48425ef4a7","https://www.inaturalist.org/observations/124052956","Animalia","Chordata",NA,"Pleuronectiformes","Achiridae","Trinectes","Trinectes maculatus",NA,"SPECIES","Trinectes maculatus (Bloch & Schneider, 1801)","Trinectes maculatus","","US","","Mississippi","PRESENT",NA,"28eb1a3f-1c15-4a95-931a-4af90ecb574d",30.431749,-88.987933,77,NA,NA,NA,NA,NA,"2022-05-18T14:57",18,5,2022,2408252,2408252,"HUMAN_OBSERVATION","iNaturalist","Observations","124052956",NA,"Tia Offner",2022-06-30 01:38:05,"CC_BY_NC_4_0","Tia Offner","Tia Offner",NA,NA,2025-06-06 23:55:59.39,"StillImage","COORDINATE_ROUNDED;CONTINENT_DERIVED_FROM_COORDINATES;TAXON_MATCH_TAXON_ID_IGNORED"
3858404056,"50c9509d-22c7-4a22-a47d-8c48425ef4a7","https://www.inaturalist.org/observations/121027106","Animalia","Chordata",NA,"Pleuronectiformes","Achiridae","Trinectes","Trinectes maculatus",NA,"SPECIES","Trinectes maculatus (Bloch & Schneider, 1801)","Trinectes maculatus","","US","","South Carolina","PRESENT",NA,"28eb1a3f-1c15-4a95-931a-4af90ecb574d",33.456558,-79.904219,122,NA,NA,NA,NA,NA,"2022-06-08T11:37",8,6,2022,2408252,2408252,"HUMAN_OBSERVATION","iNaturalist","Observations","121027106",NA,"grahamcm",2022-06-09 23:48:12,"CC_BY_NC_4_0","grahamcm","grahamcm",NA,NA,2025-06-07 00:33:55.623,"StillImage","COORDINATE_ROUNDED;CONTINENT_DERIVED_FROM_COORDINATES;TAXON_MATCH_TAXON_ID_IGNORED"
3784734636,"50c9509d-22c7-4a22-a47d-8c48425ef4a7","https://www.inaturalist.org/observations/117061280","Animalia","Chordata",NA,"Pleuronectiformes","Achiridae","Trinectes","Trinectes maculatus",NA,"SPECIES","Trinectes maculatus (Bloch & Schneider, 1801)","Trinectes maculatus","","US","","Maryland","PRESENT",NA,"28eb1a3f-1c15-4a95-931a-4af90ecb574d",38.442735,-77.133915,294,NA,NA,NA,NA,NA,"2022-05-14T10:27:48",14,5,2022,2408252,2408252,"HUMAN_OBSERVATION","iNaturalist","Observations","117061280",NA,"Tim Emhoff",2022-05-15 00:19:24,"CC_BY_NC_4_0","Tim Emhoff","Tim Emhoff",NA,NA,2025-06-07 02:45:45.69,"StillImage","COORDINATE_ROUNDED;CONTINENT_DERIVED_FROM_COORDINATES;TAXON_MATCH_TAXON_ID_IGNORED"
3773492102,"50c9509d-22c7-4a22-a47d-8c48425ef4a7","https://www.inaturalist.org/observations/116345857","Animalia","Chordata",NA,"Pleuronectiformes","Achiridae","Trinectes","Trinectes maculatus",NA,"SPECIES","Trinectes maculatus (Bloch & Schneider, 1801)","Trinectes maculatus","","US","","Georgia","PRESENT",NA,"28eb1a3f-1c15-4a95-931a-4af90ecb574d",30.640936,-83.336717,10,NA,NA,NA,NA,NA,"2020-08-13T11:02",13,8,2020,2408252,2408252,"HUMAN_OBSERVATION","iNaturalist","Observations","116345857",NA,"IHUNTA",2022-05-09 22:53:24,"CC_BY_NC_4_0","IHUNTA","IHUNTA",NA,NA,2025-06-06 23:56:08.484,"StillImage","COORDINATE_ROUNDED;CONTINENT_DERIVED_FROM_COORDINATES;TAXON_MATCH_TAXON_ID_IGNORED"
3773489244,"50c9509d-22c7-4a22-a47d-8c48425ef4a7","https://www.inaturalist.org/observations/116479819","Animalia","Chordata",NA,"Pleuronectiformes","Achiridae","Trinectes","Trinectes maculatus",NA,"SPECIES","Trinectes maculatus (Bloch & Schneider, 1801)","Trinectes maculatus","","US","","North Carolina","PRESENT",NA,"28eb1a3f-1c15-4a95-931a-4af90ecb574d",36.151531,-75.748146,65,NA,NA,NA,NA,NA,"2022-05-10T18:00:50",10,5,2022,2408252,2408252,"HUMAN_OBSERVATION","iNaturalist","Observations","116479819",NA,"pmk00001",2022-05-10 22:10:34,"CC_BY_NC_4_0","Seth Gibbons","Seth Gibbons",NA,NA,2025-06-06 23:54:58.903,"StillImage","COORDINATE_ROUNDED;CONTINENT_DERIVED_FROM_COORDINATES;TAXON_MATCH_TAXON_ID_IGNORED"
3773275048,"50c9509d-22c7-4a22-a47d-8c48425ef4a7","https://www.inaturalist.org/observations/116567528","Animalia","Chordata",NA,"Pleuronectiformes","Achiridae","Trinectes","Trinectes maculatus",NA,"SPECIES","Trinectes maculatus (Bloch & Schneider, 1801)","Trinectes maculatus","","US","","Florida","PRESENT",NA,"28eb1a3f-1c15-4a95-931a-4af90ecb574d",29.833264,-82.679467,10,NA,NA,NA,NA,NA,"2021-01-15T11:37",15,1,2021,2408252,2408252,"HUMAN_OBSERVATION","iNaturalist","Observations","116567528",NA,"IHUNTA",2022-05-11 15:41:30,"CC_BY_NC_4_0","IHUNTA","IHUNTA",NA,NA,2025-06-07 00:32:50.107,"StillImage","COORDINATE_ROUNDED;CONTINENT_DERIVED_FROM_COORDINATES;TAXON_MATCH_TAXON_ID_IGNORED"
3772898009,"50c9509d-22c7-4a22-a47d-8c48425ef4a7","https://www.inaturalist.org/observations/115203531","Animalia","Chordata",NA,"Pleuronectiformes","Achiridae","Trinectes","Trinectes maculatus",NA,"SPECIES","Trinectes maculatus (Bloch & Schneider, 1801)","Trinectes maculatus","","US","","Florida","PRESENT",NA,"28eb1a3f-1c15-4a95-931a-4af90ecb574d",29.852863,-82.608117,4,NA,NA,NA,NA,NA,"2022-04-16T18:03:24",16,4,2022,2408252,2408252,"HUMAN_OBSERVATION","iNaturalist","Observations","115203531",NA,"Ben Cantrell",2022-05-04 14:59:12,"CC_BY_NC_4_0","Dylan Jacques-Fero","Dylan Jacques-Fero",NA,NA,2025-06-07 01:59:42.33,"StillImage","COORDINATE_ROUNDED;CONTINENT_DERIVED_FROM_COORDINATES;TAXON_MATCH_TAXON_ID_IGNORED"
3764221315,"50c9509d-22c7-4a22-a47d-8c48425ef4a7","https://www.inaturalist.org/observations/35534498","Animalia","Chordata",NA,"Pleuronectiformes","Achiridae","Trinectes","Trinectes maculatus",NA,"SPECIES","Trinectes maculatus (Bloch & Schneider, 1801)","Trinectes maculatus","","US","","Texas","PRESENT",NA,"28eb1a3f-1c15-4a95-931a-4af90ecb574d",30.345647,-94.078622,6963,NA,NA,NA,NA,NA,"2019-11-10T08:31:18",10,11,2019,2408252,2408252,"HUMAN_OBSERVATION","iNaturalist","Observations","35534498",NA,"prickly_sculpin",2020-12-03 09:35:13,"CC_BY_NC_4_0","nodwhite","nodwhite",NA,NA,2025-06-07 00:27:15.155,"StillImage","COORDINATE_ROUNDED;CONTINENT_DERIVED_FROM_COORDINATES;TAXON_MATCH_TAXON_ID_IGNORED"
3764167397,"50c9509d-22c7-4a22-a47d-8c48425ef4a7","https://www.inaturalist.org/observations/106577418","Animalia","Chordata",NA,"Pleuronectiformes","Achiridae","Trinectes","Trinectes maculatus",NA,"SPECIES","Trinectes maculatus (Bloch & Schneider, 1801)","Trinectes maculatus","","US","","Texas","PRESENT",NA,"28eb1a3f-1c15-4a95-931a-4af90ecb574d",29.573179,-95.071822,1429,NA,NA,NA,NA,NA,"2021-08-22T09:09:45Z",22,8,2021,2408252,2408252,"HUMAN_OBSERVATION","iNaturalist","Observations","106577418",NA,"pmk00001",2022-02-13 11:22:41,"CC_BY_NC_4_0","austinbwood","austinbwood",NA,NA,2025-06-07 00:35:45.332,"StillImage","COORDINATE_ROUNDED;CONTINENT_DERIVED_FROM_COORDINATES;TAXON_MATCH_TAXON_ID_IGNORED"
3712736313,"50c9509d-22c7-4a22-a47d-8c48425ef4a7","https://www.inaturalist.org/observations/37140473","Animalia","Chordata",NA,"Pleuronectiformes","Achiridae","Trinectes","Trinectes maculatus",NA,"SPECIES","Trinectes maculatus (Bloch & Schneider, 1801)","Trinectes maculatus","","US","","Florida","PRESENT",NA,"28eb1a3f-1c15-4a95-931a-4af90ecb574d",30.199219,-84.177908,32,NA,NA,NA,NA,NA,"2019-12-31T16:07:20",31,12,2019,2408252,2408252,"HUMAN_OBSERVATION","iNaturalist","Observations","37140473",NA,"",NA,"CC_BY_NC_4_0","Liz Childress","Liz Childress",NA,NA,2025-06-07 02:35:16.964,"StillImage","COORDINATE_ROUNDED;CONTINENT_DERIVED_FROM_COORDINATES;TAXON_MATCH_TAXON_ID_IGNORED"
3712638330,"50c9509d-22c7-4a22-a47d-8c48425ef4a7","https://www.inaturalist.org/observations/51390558","Animalia","Chordata",NA,"Pleuronectiformes","Achiridae","Trinectes","Trinectes maculatus",NA,"SPECIES","Trinectes maculatus (Bloch & Schneider, 1801)","Trinectes maculatus","","US","","Florida","PRESENT",NA,"28eb1a3f-1c15-4a95-931a-4af90ecb574d",29.588878,-82.937905,9,NA,NA,NA,NA,NA,"2020-06-29T14:48:22",29,6,2020,2408252,2408252,"HUMAN_OBSERVATION","iNaturalist","Observations","51390558",NA,"Jason O'Connor",2020-07-10 13:37:44,"CC_BY_NC_4_0","Liz Childress","Liz Childress",NA,NA,2025-06-07 00:34:17.139,"StillImage","COORDINATE_ROUNDED;CONTINENT_DERIVED_FROM_COORDINATES;TAXON_MATCH_TAXON_ID_IGNORED"
3499650545,"50c9509d-22c7-4a22-a47d-8c48425ef4a7","https://www.inaturalist.org/observations/106872540","Animalia","Chordata",NA,"Pleuronectiformes","Achiridae","Trinectes","Trinectes maculatus",NA,"SPECIES","Trinectes maculatus (Bloch & Schneider, 1801)","Trinectes maculatus","","US","","Mississippi","PRESENT",NA,"28eb1a3f-1c15-4a95-931a-4af90ecb574d",31.34403,-89.280075,6,NA,NA,NA,NA,NA,"2022-02-09T15:45:47",9,2,2022,2408252,2408252,"HUMAN_OBSERVATION","iNaturalist","Observations","106872540",NA,"""Jonathon """"Jonno"""" Osborne""",2022-02-16 19:29:02,"CC_BY_NC_4_0","""Jonathon """"Jonno"""" Osborne""","""Jonathon """"Jonno"""" Osborne""",NA,NA,2025-06-07 00:49:01.808,"StillImage","CONTINENT_DERIVED_FROM_COORDINATES;TAXON_MATCH_TAXON_ID_IGNORED"
3499492867,"50c9509d-22c7-4a22-a47d-8c48425ef4a7","https://www.inaturalist.org/observations/106646555","Animalia","Chordata",NA,"Pleuronectiformes","Achiridae","Trinectes","Trinectes maculatus",NA,"SPECIES","Trinectes maculatus (Bloch & Schneider, 1801)","Trinectes maculatus","","US","","Florida","PRESENT",NA,"28eb1a3f-1c15-4a95-931a-4af90ecb574d",29.834747,-82.696841,27,NA,NA,NA,NA,NA,"2022-02-12T15:30",12,2,2022,2408252,2408252,"HUMAN_OBSERVATION","iNaturalist","Observations","106646555",NA,"Annalise Pasztor",2022-02-13 01:36:54,"CC_BY_NC_4_0","Annalise Pasztor","Annalise Pasztor",NA,NA,2025-06-07 01:20:11.809,"","COORDINATE_ROUNDED;CONTINENT_DERIVED_FROM_COORDINATES;TAXON_MATCH_TAXON_ID_IGNORED"
3499479497,"50c9509d-22c7-4a22-a47d-8c48425ef4a7","https://www.inaturalist.org/observations/106591603","Animalia","Chordata",NA,"Pleuronectiformes","Achiridae","Trinectes","Trinectes maculatus",NA,"SPECIES","Trinectes maculatus (Bloch & Schneider, 1801)","Trinectes maculatus","","US","","Mississippi","PRESENT",NA,"28eb1a3f-1c15-4a95-931a-4af90ecb574d",31.861553,-88.688669,31,NA,NA,NA,NA,NA,"2022-02-10T12:24",10,2,2022,2408252,2408252,"HUMAN_OBSERVATION","iNaturalist","Observations","106591603",NA,"Noah Daun",2022-02-12 06:01:41,"CC_BY_NC_4_0","Noah Daun","Noah Daun",NA,NA,2025-06-07 01:53:27.416,"StillImage","COORDINATE_ROUNDED;CONTINENT_DERIVED_FROM_COORDINATES;TAXON_MATCH_TAXON_ID_IGNORED"
3499467066,"50c9509d-22c7-4a22-a47d-8c48425ef4a7","https://www.inaturalist.org/observations/106872567","Animalia","Chordata",NA,"Pleuronectiformes","Achiridae","Trinectes","Trinectes maculatus",NA,"SPECIES","Trinectes maculatus (Bloch & Schneider, 1801)","Trinectes maculatus","","US","","Mississippi","PRESENT",NA,"28eb1a3f-1c15-4a95-931a-4af90ecb574d",31.35188,-89.302963,5,NA,NA,NA,NA,NA,"2022-02-09T12:33:44",9,2,2022,2408252,2408252,"HUMAN_OBSERVATION","iNaturalist","Observations","106872567",NA,"""Jonathon """"Jonno"""" Osborne""",2022-02-16 19:29:46,"CC_BY_NC_4_0","""Jonathon """"Jonno"""" Osborne""","""Jonathon """"Jonno"""" Osborne""",NA,NA,2025-06-07 01:04:47.951,"StillImage","COORDINATE_ROUNDED;CONTINENT_DERIVED_FROM_COORDINATES;TAXON_MATCH_TAXON_ID_IGNORED"
3468689074,"50c9509d-22c7-4a22-a47d-8c48425ef4a7","https://www.inaturalist.org/observations/106379534","Animalia","Chordata",NA,"Pleuronectiformes","Achiridae","Trinectes","Trinectes maculatus",NA,"SPECIES","Trinectes maculatus (Bloch & Schneider, 1801)","Trinectes maculatus","","US","","Mississippi","PRESENT",NA,"28eb1a3f-1c15-4a95-931a-4af90ecb574d",31.850722,-88.688812,4,NA,NA,NA,NA,NA,"2022-01-31T13:59:38",31,1,2022,2408252,2408252,"HUMAN_OBSERVATION","iNaturalist","Observations","106379534",NA,"thesirenlord",2022-02-08 16:13:47,"CC_BY_NC_4_0","""Jonathon """"Jonno"""" Osborne""","""Jonathon """"Jonno"""" Osborne""",NA,NA,2025-06-07 00:53:52.683,"StillImage","COORDINATE_ROUNDED;CONTINENT_DERIVED_FROM_COORDINATES;TAXON_MATCH_TAXON_ID_IGNORED"
3466265754,"50c9509d-22c7-4a22-a47d-8c48425ef4a7","https://www.inaturalist.org/observations/106046413","Animalia","Chordata",NA,"Pleuronectiformes","Achiridae","Trinectes","Trinectes maculatus",NA,"SPECIES","Trinectes maculatus (Bloch & Schneider, 1801)","Trinectes maculatus","","US","","Florida","PRESENT",NA,"28eb1a3f-1c15-4a95-931a-4af90ecb574d",27.718124,-82.769068,2912,NA,NA,NA,NA,NA,"2021-07-30T12:09:35",30,7,2021,2408252,2408252,"HUMAN_OBSERVATION","iNaturalist","Observations","106046413",NA,"fredturt43",2022-02-03 12:25:34,"CC_BY_4_0","Max J. Ford","Max J. Ford",NA,NA,2025-06-06 23:56:09.221,"StillImage","COORDINATE_ROUNDED;CONTINENT_DERIVED_FROM_COORDINATES;TAXON_MATCH_TAXON_ID_IGNORED"
3466035776,"50c9509d-22c7-4a22-a47d-8c48425ef4a7","https://www.inaturalist.org/observations/94125348","Animalia","Chordata",NA,"Pleuronectiformes","Achiridae","Trinectes","Trinectes maculatus",NA,"SPECIES","Trinectes maculatus (Bloch & Schneider, 1801)","Trinectes maculatus","","US","","Florida","PRESENT",NA,"28eb1a3f-1c15-4a95-931a-4af90ecb574d",27.752617,-82.764267,12,NA,NA,NA,NA,NA,"2021-09-08T10:39:36",8,9,2021,2408252,2408252,"HUMAN_OBSERVATION","iNaturalist","Observations","94125348",NA,"Squidpastry",2022-01-10 06:15:45,"CC_BY_NC_4_0","dbythesea","dbythesea",NA,NA,2025-06-07 01:54:55.931,"StillImage","COORDINATE_ROUNDED;CONTINENT_DERIVED_FROM_COORDINATES;TAXON_MATCH_TAXON_ID_IGNORED"
3455404946,"50c9509d-22c7-4a22-a47d-8c48425ef4a7","https://www.inaturalist.org/observations/58667322","Animalia","Chordata",NA,"Pleuronectiformes","Achiridae","Trinectes","Trinectes maculatus",NA,"SPECIES","Trinectes maculatus (Bloch & Schneider, 1801)","Trinectes maculatus","","US","","Virginia","PRESENT",NA,"28eb1a3f-1c15-4a95-931a-4af90ecb574d",37.805948,-77.455069,32,NA,NA,NA,NA,NA,"2020-07-09T17:25:13",9,7,2020,2408252,2408252,"HUMAN_OBSERVATION","iNaturalist","Observations","58667322",NA,"Derek Wheaton",2021-03-08 14:07:07,"CC_BY_NC_4_0","balancingwillow","balancingwillow",NA,NA,2025-06-07 00:31:38.354,"StillImage","COORDINATE_ROUNDED;CONTINENT_DERIVED_FROM_COORDINATES;TAXON_MATCH_TAXON_ID_IGNORED"
3455210674,"50c9509d-22c7-4a22-a47d-8c48425ef4a7","https://www.inaturalist.org/observations/55489816","Animalia","Chordata",NA,"Pleuronectiformes","Achiridae","Trinectes","Trinectes maculatus",NA,"SPECIES","Trinectes maculatus (Bloch & Schneider, 1801)","Trinectes maculatus","","US","","North Carolina","PRESENT",NA,"28eb1a3f-1c15-4a95-931a-4af90ecb574d",35.923683,-75.650703,4,NA,NA,NA,NA,NA,"2020-08-05T06:38:30",5,8,2020,2408252,2408252,"HUMAN_OBSERVATION","iNaturalist","Observations","55489816",NA,"friedmummichog",2020-08-05 14:07:03,"CC_BY_NC_4_0","friedmummichog","friedmummichog",NA,NA,2025-06-07 01:29:58.283,"StillImage","COORDINATE_ROUNDED;CONTINENT_DERIVED_FROM_COORDINATES;TAXON_MATCH_TAXON_ID_IGNORED"
3426042649,"9e82c117-54f1-4750-a029-2dacc9ef5158","Station_262_Date_09MAY2006:07:56:00.000_Trinectes_maculatus","Animalia","Chordata",NA,"Pleuronectiformes","Achiridae","Trinectes","Trinectes maculatus",NA,"SPECIES","Trinectes maculatus (Bloch & Schneider, 1801)","Trinectes maculatus","(Bloch & Schneider, 1801)","US","Upper Laguna Madre Estuary","Texas","PRESENT",NA,"c3ad790a-d426-4ac1-8e32-da61f81f0117",27.206389,-97.421944,100,NA,NA,NA,1.5,1.5,"2006-05-09T07:56",9,5,2006,2408252,2408252,"HUMAN_OBSERVATION","TPWD","Upper Laguna Madre Gill Net","",NA,"",NA,"CC0_1_0","","",NA,NA,2025-02-06 21:47:09.43,"","CONTINENT_DERIVED_FROM_COORDINATES"
3415729867,"50c9509d-22c7-4a22-a47d-8c48425ef4a7","https://www.inaturalist.org/observations/101588261","Animalia","Chordata",NA,"Pleuronectiformes","Achiridae","Trinectes","Trinectes maculatus",NA,"SPECIES","Trinectes maculatus (Bloch & Schneider, 1801)","Trinectes maculatus","","US","","Alabama","PRESENT",NA,"28eb1a3f-1c15-4a95-931a-4af90ecb574d",30.268342,-88.056511,5,NA,NA,NA,NA,NA,"2021-11-20T12:16:22",20,11,2021,2408252,2408252,"HUMAN_OBSERVATION","iNaturalist","Observations","101588261",NA,"Tia Offner",2021-11-21 03:10:29,"CC_BY_NC_4_0","Tia Offner","Tia Offner",NA,NA,2025-06-07 00:36:30.441,"StillImage","COORDINATE_ROUNDED;CONTINENT_DERIVED_FROM_COORDINATES;TAXON_MATCH_TAXON_ID_IGNORED"
3407999788,"50c9509d-22c7-4a22-a47d-8c48425ef4a7","https://www.inaturalist.org/observations/99799835","Animalia","Chordata",NA,"Pleuronectiformes","Achiridae","Trinectes","Trinectes maculatus",NA,"SPECIES","Trinectes maculatus (Bloch & Schneider, 1801)","Trinectes maculatus","","US","","New Jersey","PRESENT",NA,"28eb1a3f-1c15-4a95-931a-4af90ecb574d",40.479313,-74.270048,212,NA,NA,NA,NA,NA,"2021-10-30T09:56:39",30,10,2021,2408252,2408252,"HUMAN_OBSERVATION","iNaturalist","Observations","99799835",NA,"John Keisers",2021-10-30 23:49:57,"CC_BY_NC_4_0","Julie Stella","Julie Stella",NA,NA,2025-06-07 00:01:03.911,"StillImage","COORDINATE_ROUNDED;CONTINENT_DERIVED_FROM_COORDINATES;TAXON_MATCH_TAXON_ID_IGNORED"
3406251032,"9dc24de5-be12-44f9-ab75-c4b62492e8da","Station_140_Date_16JUN2005:17:18:00.000_Trinectes_maculatus","Animalia","Chordata",NA,"Pleuronectiformes","Achiridae","Trinectes","Trinectes maculatus",NA,"SPECIES","Trinectes maculatus (Bloch & Schneider, 1801)","Trinectes maculatus","(Bloch & Schneider, 1801)","US","Upper Laguna Madre Estuary","Texas","PRESENT",NA,"c3ad790a-d426-4ac1-8e32-da61f81f0117",27.323611,-97.684167,100,NA,NA,NA,0.25,0.25,"2005-06-16T17:18",16,6,2005,2408252,2408252,"HUMAN_OBSERVATION","TPWD","Upper Laguna Madre Bag Seine","",NA,"",NA,"CC0_1_0","","",NA,NA,2025-02-06 21:46:35.497,"","CONTINENT_DERIVED_FROM_COORDINATES"
3406245887,"9dc24de5-be12-44f9-ab75-c4b62492e8da","Station_144_Date_13SEP2007:16:09:00.000_Trinectes_maculatus","Animalia","Chordata",NA,"Pleuronectiformes","Achiridae","Trinectes","Trinectes maculatus",NA,"SPECIES","Trinectes maculatus (Bloch & Schneider, 1801)","Trinectes maculatus","(Bloch & Schneider, 1801)","US","Upper Laguna Madre Estuary","Texas","PRESENT",NA,"c3ad790a-d426-4ac1-8e32-da61f81f0117",27.320556,-97.6325,100,NA,NA,NA,2,2,"2007-09-13T16:09",13,9,2007,2408252,2408252,"HUMAN_OBSERVATION","TPWD","Upper Laguna Madre Bag Seine","",NA,"",NA,"CC0_1_0","","",NA,NA,2025-02-06 21:46:35.45,"","CONTINENT_DERIVED_FROM_COORDINATES"
3406240107,"9dc24de5-be12-44f9-ab75-c4b62492e8da","Station_93_Date_03OCT2005:17:15:00.000_Trinectes_maculatus","Animalia","Chordata",NA,"Pleuronectiformes","Achiridae","Trinectes","Trinectes maculatus",NA,"SPECIES","Trinectes maculatus (Bloch & Schneider, 1801)","Trinectes maculatus","(Bloch & Schneider, 1801)","US","Upper Laguna Madre Estuary","Texas","PRESENT",NA,"c3ad790a-d426-4ac1-8e32-da61f81f0117",27.408333,-97.334444,100,NA,NA,NA,0.3,0.1,"2005-10-03T17:15",3,10,2005,2408252,2408252,"HUMAN_OBSERVATION","TPWD","Upper Laguna Madre Bag Seine","",NA,"",NA,"CC0_1_0","","",NA,NA,2025-02-06 21:46:35.172,"","CONTINENT_DERIVED_FROM_COORDINATES"
3406084189,"9dc24de5-be12-44f9-ab75-c4b62492e8da","Station_246_Date_16JUL2008:13:53:00.000_Trinectes_maculatus","Animalia","Chordata",NA,"Pleuronectiformes","Achiridae","Trinectes","Trinectes maculatus",NA,"SPECIES","Trinectes maculatus (Bloch & Schneider, 1801)","Trinectes maculatus","(Bloch & Schneider, 1801)","US","Upper Laguna Madre Estuary","Texas","PRESENT",NA,"c3ad790a-d426-4ac1-8e32-da61f81f0117",27.233889,-97.5125,100,NA,NA,NA,0.2,0.2,"2008-07-16T13:53",16,7,2008,2408252,2408252,"HUMAN_OBSERVATION","TPWD","Upper Laguna Madre Bag Seine","",NA,"",NA,"CC0_1_0","","",NA,NA,2025-02-06 21:46:35.82,"","CONTINENT_DERIVED_FROM_COORDINATES"
3406082132,"9dc24de5-be12-44f9-ab75-c4b62492e8da","Station_247_Date_13NOV2007:14:08:00.000_Trinectes_maculatus","Animalia","Chordata",NA,"Pleuronectiformes","Achiridae","Trinectes","Trinectes maculatus",NA,"SPECIES","Trinectes maculatus (Bloch & Schneider, 1801)","Trinectes maculatus","(Bloch & Schneider, 1801)","US","Upper Laguna Madre Estuary","Texas","PRESENT",NA,"c3ad790a-d426-4ac1-8e32-da61f81f0117",27.244722,-97.499167,100,NA,NA,NA,0.2,0.2,"2007-11-13T14:08",13,11,2007,2408252,2408252,"HUMAN_OBSERVATION","TPWD","Upper Laguna Madre Bag Seine","",NA,"",NA,"CC0_1_0","","",NA,NA,2025-02-06 21:46:36.02,"","CONTINENT_DERIVED_FROM_COORDINATES"
3406079483,"9dc24de5-be12-44f9-ab75-c4b62492e8da","Station_184_Date_07JUN2005:12:03:00.000_Trinectes_maculatus","Animalia","Chordata",NA,"Pleuronectiformes","Achiridae","Trinectes","Trinectes maculatus",NA,"SPECIES","Trinectes maculatus (Bloch & Schneider, 1801)","Trinectes maculatus","(Bloch & Schneider, 1801)","US","Upper Laguna Madre Estuary","Texas","PRESENT",NA,"c3ad790a-d426-4ac1-8e32-da61f81f0117",27.290556,-97.527778,100,NA,NA,NA,0.25,0.25,"2005-06-07T12:03",7,6,2005,2408252,2408252,"HUMAN_OBSERVATION","TPWD","Upper Laguna Madre Bag Seine","",NA,"",NA,"CC0_1_0","","",NA,NA,2025-02-06 21:46:34.342,"","CONTINENT_DERIVED_FROM_COORDINATES"
3406079271,"9dc24de5-be12-44f9-ab75-c4b62492e8da","Station_264_Date_18OCT2005:16:19:00.000_Trinectes_maculatus","Animalia","Chordata",NA,"Pleuronectiformes","Achiridae","Trinectes","Trinectes maculatus",NA,"SPECIES","Trinectes maculatus (Bloch & Schneider, 1801)","Trinectes maculatus","(Bloch & Schneider, 1801)","US","Upper Laguna Madre Estuary","Texas","PRESENT",NA,"c3ad790a-d426-4ac1-8e32-da61f81f0117",27.203889,-97.389722,100,NA,NA,NA,0.15,0.15,"2005-10-18T16:19",18,10,2005,2408252,2408252,"HUMAN_OBSERVATION","TPWD","Upper Laguna Madre Bag Seine","",NA,"",NA,"CC0_1_0","","",NA,NA,2025-02-06 21:46:36.055,"","CONTINENT_DERIVED_FROM_COORDINATES"
3406075141,"9dc24de5-be12-44f9-ab75-c4b62492e8da","Station_154_Date_12NOV2008:10:03:00.000_Trinectes_maculatus","Animalia","Chordata",NA,"Pleuronectiformes","Achiridae","Trinectes","Trinectes maculatus",NA,"SPECIES","Trinectes maculatus (Bloch & Schneider, 1801)","Trinectes maculatus","(Bloch & Schneider, 1801)","US","Upper Laguna Madre Estuary","Texas","PRESENT",NA,"c3ad790a-d426-4ac1-8e32-da61f81f0117",27.3125,-97.675556,100,NA,NA,NA,0.25,0.25,"2008-11-12T10:03",12,11,2008,2408252,2408252,"HUMAN_OBSERVATION","TPWD","Upper Laguna Madre Bag Seine","",NA,"",NA,"CC0_1_0","","",NA,NA,2025-02-06 21:46:35.482,"","CONTINENT_DERIVED_FROM_COORDINATES"
3406067343,"9dc24de5-be12-44f9-ab75-c4b62492e8da","Station_107_Date_09AUG2007:11:35:00.000_Trinectes_maculatus","Animalia","Chordata",NA,"Pleuronectiformes","Achiridae","Trinectes","Trinectes maculatus",NA,"SPECIES","Trinectes maculatus (Bloch & Schneider, 1801)","Trinectes maculatus","(Bloch & Schneider, 1801)","US","Upper Laguna Madre Estuary","Texas","PRESENT",NA,"c3ad790a-d426-4ac1-8e32-da61f81f0117",27.348056,-97.382778,100,NA,NA,NA,0.2,0.1,"2007-08-09T11:35",9,8,2007,2408252,2408252,"HUMAN_OBSERVATION","TPWD","Upper Laguna Madre Bag Seine","",NA,"",NA,"CC0_1_0","","",NA,NA,2025-02-06 21:46:35.265,"","CONTINENT_DERIVED_FROM_COORDINATES"
3406059069,"9dc24de5-be12-44f9-ab75-c4b62492e8da","Station_89_Date_05SEP2006:15:48:00.000_Trinectes_maculatus","Animalia","Chordata",NA,"Pleuronectiformes","Achiridae","Trinectes","Trinectes maculatus",NA,"SPECIES","Trinectes maculatus (Bloch & Schneider, 1801)","Trinectes maculatus","(Bloch & Schneider, 1801)","US","Upper Laguna Madre Estuary","Texas","PRESENT",NA,"c3ad790a-d426-4ac1-8e32-da61f81f0117",27.432778,-97.342222,100,NA,NA,NA,0.2,0.2,"2006-09-05T15:48",5,9,2006,2408252,2408252,"HUMAN_OBSERVATION","TPWD","Upper Laguna Madre Bag Seine","",NA,"",NA,"CC0_1_0","","",NA,NA,2025-02-06 21:46:35.33,"","CONTINENT_DERIVED_FROM_COORDINATES"
3399434337,"50c9509d-22c7-4a22-a47d-8c48425ef4a7","https://www.inaturalist.org/observations/99569337","Animalia","Chordata",NA,"Pleuronectiformes","Achiridae","Trinectes","Trinectes maculatus",NA,"SPECIES","Trinectes maculatus (Bloch & Schneider, 1801)","Trinectes maculatus","","US","","Delaware","PRESENT",NA,"28eb1a3f-1c15-4a95-931a-4af90ecb574d",38.818222,-75.142144,4,NA,NA,NA,NA,NA,"2021-10-07T10:49:08",7,10,2021,2408252,2408252,"HUMAN_OBSERVATION","iNaturalist","Observations","99569337",NA,"Tim Smoot",2021-10-27 19:46:11,"CC_BY_NC_4_0","Tim Smoot","Tim Smoot",NA,NA,2025-06-07 01:51:22.486,"StillImage","COORDINATE_ROUNDED;CONTINENT_DERIVED_FROM_COORDINATES;TAXON_MATCH_TAXON_ID_IGNORED"
3398764999,"50c9509d-22c7-4a22-a47d-8c48425ef4a7","https://www.inaturalist.org/observations/98290815","Animalia","Chordata",NA,"Pleuronectiformes","Achiridae","Trinectes","Trinectes maculatus",NA,"SPECIES","Trinectes maculatus (Bloch & Schneider, 1801)","Trinectes maculatus","","US","","New Jersey","PRESENT",NA,"28eb1a3f-1c15-4a95-931a-4af90ecb574d",39.517628,-74.495987,3,NA,NA,NA,NA,NA,"2021-10-15T12:48:21",15,10,2021,2408252,2408252,"HUMAN_OBSERVATION","iNaturalist","Observations","98290815",NA,"abbyliles",2021-10-15 17:00:11,"CC_BY_NC_4_0","abbyliles","abbyliles",NA,NA,2025-06-07 01:52:13.103,"StillImage","COORDINATE_ROUNDED;CONTINENT_DERIVED_FROM_COORDINATES;TAXON_MATCH_TAXON_ID_IGNORED"
3391308182,"50c9509d-22c7-4a22-a47d-8c48425ef4a7","https://www.inaturalist.org/observations/98105348","Animalia","Chordata",NA,"Pleuronectiformes","Achiridae","Trinectes","Trinectes maculatus",NA,"SPECIES","Trinectes maculatus (Bloch & Schneider, 1801)","Trinectes maculatus","","US","","New Jersey","PRESENT",NA,"28eb1a3f-1c15-4a95-931a-4af90ecb574d",39.525872,-74.311263,5,NA,NA,NA,NA,NA,"2021-10-04T14:32:13",4,10,2021,2408252,2408252,"HUMAN_OBSERVATION","iNaturalist","Observations","98105348",NA,"dan_iovino25",2021-10-13 14:57:25,"CC_BY_NC_4_0","dan_iovino25","dan_iovino25",NA,NA,2025-06-07 00:41:51.562,"StillImage","COORDINATE_ROUNDED;CONTINENT_DERIVED_FROM_COORDINATES;TAXON_MATCH_TAXON_ID_IGNORED"
3384942315,"50c9509d-22c7-4a22-a47d-8c48425ef4a7","https://www.inaturalist.org/observations/94293099","Animalia","Chordata",NA,"Pleuronectiformes","Achiridae","Trinectes","Trinectes maculatus",NA,"SPECIES","Trinectes maculatus (Bloch & Schneider, 1801)","Trinectes maculatus","","US","","Florida","PRESENT",NA,"28eb1a3f-1c15-4a95-931a-4af90ecb574d",29.833314,-82.67965,5,NA,NA,NA,NA,NA,"2021-01-15T11:42",15,1,2021,2408252,2408252,"HUMAN_OBSERVATION","iNaturalist","Observations","94293099",NA,"IHUNTA",2021-09-10 04:54:07,"CC_BY_NC_4_0","IHUNTA","IHUNTA",NA,NA,2025-06-07 00:15:00.57,"StillImage","COORDINATE_ROUNDED;CONTINENT_DERIVED_FROM_COORDINATES;TAXON_MATCH_TAXON_ID_IGNORED"
3384902942,"50c9509d-22c7-4a22-a47d-8c48425ef4a7","https://www.inaturalist.org/observations/95930375","Animalia","Chordata",NA,"Pleuronectiformes","Achiridae","Trinectes","Trinectes maculatus",NA,"SPECIES","Trinectes maculatus (Bloch & Schneider, 1801)","Trinectes maculatus","","US","","New Jersey","PRESENT",NA,"28eb1a3f-1c15-4a95-931a-4af90ecb574d",39.539822,-74.394272,5,NA,NA,NA,NA,NA,"2021-09-20T15:06:38",20,9,2021,2408252,2408252,"HUMAN_OBSERVATION","iNaturalist","Observations","95930375",NA,"dan_iovino25",2021-09-24 04:44:08,"CC_BY_NC_4_0","dan_iovino25","dan_iovino25",NA,NA,2025-06-07 03:13:41.815,"StillImage","COORDINATE_ROUNDED;CONTINENT_DERIVED_FROM_COORDINATES;TAXON_MATCH_TAXON_ID_IGNORED"
3384703194,"50c9509d-22c7-4a22-a47d-8c48425ef4a7","https://www.inaturalist.org/observations/95119559","Animalia","Chordata",NA,"Pleuronectiformes","Achiridae","Trinectes","Trinectes maculatus",NA,"SPECIES","Trinectes maculatus (Bloch & Schneider, 1801)","Trinectes maculatus","","US","","Florida","PRESENT",NA,"28eb1a3f-1c15-4a95-931a-4af90ecb574d",30.194852,-84.179242,22,NA,NA,NA,NA,NA,"2021-09-16T23:02:41",16,9,2021,2408252,2408252,"HUMAN_OBSERVATION","iNaturalist","Observations","95119559",NA,"casper_aqua",2021-09-17 06:12:57,"CC_BY_NC_4_0","casper_aqua","casper_aqua",NA,NA,2025-06-07 00:24:59.735,"StillImage","COORDINATE_ROUNDED;CONTINENT_DERIVED_FROM_COORDINATES;TAXON_MATCH_TAXON_ID_IGNORED"
3384447458,"50c9509d-22c7-4a22-a47d-8c48425ef4a7","https://www.inaturalist.org/observations/94446345","Animalia","Chordata",NA,"Pleuronectiformes","Achiridae","Trinectes","Trinectes maculatus",NA,"SPECIES","Trinectes maculatus (Bloch & Schneider, 1801)","Trinectes maculatus","","US","","Delaware","PRESENT",NA,"28eb1a3f-1c15-4a95-931a-4af90ecb574d",38.78653,-75.157836,5,NA,NA,NA,NA,NA,"2021-09-11T10:49:22",11,9,2021,2408252,2408252,"HUMAN_OBSERVATION","iNaturalist","Observations","94446345",NA,"friedmummichog",2021-09-11 15:25:25,"CC_BY_NC_4_0","friedmummichog","friedmummichog",NA,NA,2025-06-07 02:40:31.174,"StillImage","COORDINATE_ROUNDED;CONTINENT_DERIVED_FROM_COORDINATES;TAXON_MATCH_TAXON_ID_IGNORED"
3355356209,"50c9509d-22c7-4a22-a47d-8c48425ef4a7","https://www.inaturalist.org/observations/92942915","Animalia","Chordata",NA,"Pleuronectiformes","Achiridae","Trinectes","Trinectes maculatus",NA,"SPECIES","Trinectes maculatus (Bloch & Schneider, 1801)","Trinectes maculatus","","US","","Texas","PRESENT",NA,"28eb1a3f-1c15-4a95-931a-4af90ecb574d",29.078931,-96.56777,167,NA,NA,NA,NA,NA,"2021-08-26T13:32Z",26,8,2021,2408252,2408252,"HUMAN_OBSERVATION","iNaturalist","Observations","92942915",NA,"seymouraquabio",2021-08-29 18:34:09,"CC_BY_NC_4_0","seymouraquabio","seymouraquabio",NA,NA,2025-06-07 01:05:34.908,"StillImage","COORDINATE_ROUNDED;CONTINENT_DERIVED_FROM_COORDINATES;TAXON_MATCH_TAXON_ID_IGNORED"
3343725426,"50c9509d-22c7-4a22-a47d-8c48425ef4a7","https://www.inaturalist.org/observations/60818843","Animalia","Chordata",NA,"Pleuronectiformes","Achiridae","Trinectes","Trinectes maculatus",NA,"SPECIES","Trinectes maculatus (Bloch & Schneider, 1801)","Trinectes maculatus","","US","","Delaware","PRESENT",NA,"28eb1a3f-1c15-4a95-931a-4af90ecb574d",38.982533,-75.2807,NA,NA,NA,NA,NA,NA,"2020-06-04T16:12:48",4,6,2020,2408252,2408252,"HUMAN_OBSERVATION","iNaturalist","Observations","60818843",NA,"garrettpanthers",2020-09-26 13:42:52,"CC_BY_NC_4_0","garrettpanthers","garrettpanthers",NA,NA,2025-06-06 23:51:43.584,"StillImage","COORDINATE_ROUNDED;CONTINENT_DERIVED_FROM_COORDINATES;TAXON_MATCH_TAXON_ID_IGNORED"
3337448177,"50c9509d-22c7-4a22-a47d-8c48425ef4a7","https://www.inaturalist.org/observations/91001940","Animalia","Chordata",NA,"Pleuronectiformes","Achiridae","Trinectes","Trinectes maculatus",NA,"SPECIES","Trinectes maculatus (Bloch & Schneider, 1801)","Trinectes maculatus","","US","","North Carolina","PRESENT",NA,"28eb1a3f-1c15-4a95-931a-4af90ecb574d",35.474179,-76.925776,31,NA,NA,NA,NA,NA,"2021-08-09T22:58",9,8,2021,2408252,2408252,"HUMAN_OBSERVATION","iNaturalist","Observations","91001940",NA,"Robert Russo",2021-08-13 14:47:56,"CC_BY_NC_4_0","Robert Russo","Robert Russo",NA,NA,2025-06-07 02:42:27.662,"StillImage","COORDINATE_ROUNDED;CONTINENT_DERIVED_FROM_COORDINATES;TAXON_MATCH_TAXON_ID_IGNORED"
3337411004,"50c9509d-22c7-4a22-a47d-8c48425ef4a7","https://www.inaturalist.org/observations/90432231","Animalia","Chordata",NA,"Pleuronectiformes","Achiridae","Trinectes","Trinectes maculatus",NA,"SPECIES","Trinectes maculatus (Bloch & Schneider, 1801)","Trinectes maculatus","","US","","Virginia","PRESENT",NA,"28eb1a3f-1c15-4a95-931a-4af90ecb574d",37.386063,-76.682655,5,NA,NA,NA,NA,NA,"2021-08-08T14:06:24",8,8,2021,2408252,2408252,"HUMAN_OBSERVATION","iNaturalist","Observations","90432231",NA,"Blue_Ridge_Plants",2021-08-08 18:55:24,"CC_BY_NC_4_0","Blue_Ridge_Plants","Blue_Ridge_Plants",NA,NA,2025-06-06 23:54:00.286,"StillImage","COORDINATE_ROUNDED;CONTINENT_DERIVED_FROM_COORDINATES;TAXON_MATCH_TAXON_ID_IGNORED"
3335374261,"50c9509d-22c7-4a22-a47d-8c48425ef4a7","https://www.inaturalist.org/observations/89717625","Animalia","Chordata",NA,"Pleuronectiformes","Achiridae","Trinectes","Trinectes maculatus",NA,"SPECIES","Trinectes maculatus (Bloch & Schneider, 1801)","Trinectes maculatus","","US","","Maryland","PRESENT",NA,"28eb1a3f-1c15-4a95-931a-4af90ecb574d",38.868778,-76.502176,1791,NA,NA,NA,NA,NA,"2021-08-02T15:15",2,8,2021,2408252,2408252,"HUMAN_OBSERVATION","iNaturalist","Observations","89717625",NA,"Emilio Concari",2021-08-03 00:17:49,"CC_BY_NC_4_0","Emilio Concari","Emilio Concari",NA,NA,2025-06-07 00:47:00.609,"StillImage","COORDINATE_ROUNDED;CONTINENT_DERIVED_FROM_COORDINATES;TAXON_MATCH_TAXON_ID_IGNORED"
3335327220,"50c9509d-22c7-4a22-a47d-8c48425ef4a7","https://www.inaturalist.org/observations/89717618","Animalia","Chordata",NA,"Pleuronectiformes","Achiridae","Trinectes","Trinectes maculatus",NA,"SPECIES","Trinectes maculatus (Bloch & Schneider, 1801)","Trinectes maculatus","","US","","Maryland","PRESENT",NA,"28eb1a3f-1c15-4a95-931a-4af90ecb574d",38.877018,-76.530947,1691,NA,NA,NA,NA,NA,"2021-08-02T14:24",2,8,2021,2408252,2408252,"HUMAN_OBSERVATION","iNaturalist","Observations","89717618",NA,"Emilio Concari",2021-08-03 00:17:48,"CC_BY_NC_4_0","Emilio Concari","Emilio Concari",NA,NA,2025-06-07 00:41:01.848,"StillImage","COORDINATE_ROUNDED;CONTINENT_DERIVED_FROM_COORDINATES;TAXON_MATCH_TAXON_ID_IGNORED"
3333468549,"50c9509d-22c7-4a22-a47d-8c48425ef4a7","https://www.inaturalist.org/observations/89130603","Animalia","Chordata",NA,"Pleuronectiformes","Achiridae","Trinectes","Trinectes maculatus",NA,"SPECIES","Trinectes maculatus (Bloch & Schneider, 1801)","Trinectes maculatus","","US","","Florida","PRESENT",NA,"28eb1a3f-1c15-4a95-931a-4af90ecb574d",27.138845,-82.475928,44,NA,NA,NA,NA,NA,"2021-07-29T10:17",29,7,2021,2408252,2408252,"HUMAN_OBSERVATION","iNaturalist","Observations","89130603",NA,"Brice C.",2021-07-29 23:53:06,"CC_BY_NC_4_0","Brice C.","Brice C.",NA,NA,2025-06-07 00:44:34.197,"StillImage","COORDINATE_ROUNDED;CONTINENT_DERIVED_FROM_COORDINATES;TAXON_MATCH_TAXON_ID_IGNORED"
3333157163,"50c9509d-22c7-4a22-a47d-8c48425ef4a7","https://www.inaturalist.org/observations/88701458","Animalia","Chordata",NA,"Pleuronectiformes","Achiridae","Trinectes","Trinectes maculatus",NA,"SPECIES","Trinectes maculatus (Bloch & Schneider, 1801)","Trinectes maculatus","","US","","New Jersey","PRESENT",NA,"28eb1a3f-1c15-4a95-931a-4af90ecb574d",39.460815,-75.536301,NA,NA,NA,NA,NA,NA,"2021-07-26T07:36:36",26,7,2021,2408252,2408252,"HUMAN_OBSERVATION","iNaturalist","Observations","88701458",NA,"beth01930",2021-07-26 15:48:55,"CC_BY_NC_4_0","beth01930","beth01930",NA,NA,2025-06-07 00:28:15.745,"StillImage","COORDINATE_ROUNDED;CONTINENT_DERIVED_FROM_COORDINATES;TAXON_MATCH_TAXON_ID_IGNORED"
3321204707,"50c9509d-22c7-4a22-a47d-8c48425ef4a7","https://www.inaturalist.org/observations/84466019","Animalia","Chordata",NA,"Pleuronectiformes","Achiridae","Trinectes","Trinectes maculatus",NA,"SPECIES","Trinectes maculatus (Bloch & Schneider, 1801)","Trinectes maculatus","","US","","Maryland","PRESENT",NA,"28eb1a3f-1c15-4a95-931a-4af90ecb574d",38.614967,-76.512521,4,NA,NA,NA,NA,NA,"2021-06-25T06:12",25,6,2021,2408252,2408252,"HUMAN_OBSERVATION","iNaturalist","Observations","84466019",NA,"janekostenko",2021-06-25 20:21:49,"CC_BY_NC_4_0","janekostenko","janekostenko",NA,NA,2025-06-07 01:17:58.94,"StillImage","COORDINATE_ROUNDED;CONTINENT_DERIVED_FROM_COORDINATES;TAXON_MATCH_TAXON_ID_IGNORED"
3302271748,"50c9509d-22c7-4a22-a47d-8c48425ef4a7","https://www.inaturalist.org/observations/80972821","Animalia","Chordata",NA,"Pleuronectiformes","Achiridae","Trinectes","Trinectes maculatus",NA,"SPECIES","Trinectes maculatus (Bloch & Schneider, 1801)","Trinectes maculatus","","US","","Florida","PRESENT",NA,"28eb1a3f-1c15-4a95-931a-4af90ecb574d",29.644198,-82.943528,105,NA,NA,NA,NA,NA,"2021-05-22T11:47:15",22,5,2021,2408252,2408252,"HUMAN_OBSERVATION","iNaturalist","Observations","80972821",NA,"Michele",2021-05-31 00:43:33,"CC_BY_NC_4_0","Michele","Michele",NA,NA,2025-06-07 01:30:40.003,"StillImage","COORDINATE_ROUNDED;CONTINENT_DERIVED_FROM_COORDINATES;TAXON_MATCH_TAXON_ID_IGNORED"
3302199797,"50c9509d-22c7-4a22-a47d-8c48425ef4a7","https://www.inaturalist.org/observations/80427624","Animalia","Chordata",NA,"Pleuronectiformes","Achiridae","Trinectes","Trinectes maculatus",NA,"SPECIES","Trinectes maculatus (Bloch & Schneider, 1801)","Trinectes maculatus","","US","","Louisiana","PRESENT",NA,"28eb1a3f-1c15-4a95-931a-4af90ecb574d",29.627505,-91.93363,5,NA,NA,NA,NA,NA,"2021-05-24T09:01:50",24,5,2021,2408252,2408252,"HUMAN_OBSERVATION","iNaturalist","Observations","80427624",NA,"uconnbirdfish",2021-05-27 11:17:37,"CC_BY_NC_4_0","theaquaholic","theaquaholic",NA,NA,2025-06-07 01:23:23.139,"StillImage","CONTINENT_DERIVED_FROM_COORDINATES;TAXON_MATCH_TAXON_ID_IGNORED"
3302003287,"50c9509d-22c7-4a22-a47d-8c48425ef4a7","https://www.inaturalist.org/observations/80782622","Animalia","Chordata",NA,"Pleuronectiformes","Achiridae","Trinectes","Trinectes maculatus",NA,"SPECIES","Trinectes maculatus (Bloch & Schneider, 1801)","Trinectes maculatus","","US","","Florida","PRESENT",NA,"28eb1a3f-1c15-4a95-931a-4af90ecb574d",30.407049,-86.501655,146,NA,NA,NA,NA,NA,"2021-05-29T14:59:50Z",29,5,2021,2408252,2408252,"HUMAN_OBSERVATION","iNaturalist","Observations","80782622",NA,"Nereus",2021-05-29 20:24:42,"CC_BY_NC_4_0","jmcpeak111","jmcpeak111",NA,NA,2025-06-07 01:15:32.759,"StillImage","COORDINATE_ROUNDED;CONTINENT_DERIVED_FROM_COORDINATES;TAXON_MATCH_TAXON_ID_IGNORED"
3124654773,"50c9509d-22c7-4a22-a47d-8c48425ef4a7","https://www.inaturalist.org/observations/80425225","Animalia","Chordata",NA,"Pleuronectiformes","Achiridae","Trinectes","Trinectes maculatus",NA,"SPECIES","Trinectes maculatus (Bloch & Schneider, 1801)","Trinectes maculatus","","US","","Maryland","PRESENT",NA,"28eb1a3f-1c15-4a95-931a-4af90ecb574d",38.867356,-76.517465,61,NA,NA,NA,NA,NA,"2021-05-26",26,5,2021,2408252,2408252,"HUMAN_OBSERVATION","iNaturalist","Observations","80425225",NA,"sercfisheries",2021-05-27 00:01:36,"CC_BY_NC_4_0","sercfisheries","sercfisheries",NA,NA,2025-06-07 01:03:42.659,"StillImage","COORDINATE_ROUNDED;CONTINENT_DERIVED_FROM_COORDINATES;TAXON_MATCH_TAXON_ID_IGNORED"
3118485586,"50c9509d-22c7-4a22-a47d-8c48425ef4a7","https://www.inaturalist.org/observations/79436219","Animalia","Chordata",NA,"Pleuronectiformes","Achiridae","Trinectes","Trinectes maculatus",NA,"SPECIES","Trinectes maculatus (Bloch & Schneider, 1801)","Trinectes maculatus","","US","","North Carolina","PRESENT",NA,"28eb1a3f-1c15-4a95-931a-4af90ecb574d",35.960139,-77.799492,296,NA,NA,NA,NA,NA,"2021-05-19T14:56:32",19,5,2021,2408252,2408252,"HUMAN_OBSERVATION","iNaturalist","Observations","79436219",NA,"Ami Thompson",2021-05-19 22:48:26,"CC_BY_NC_4_0","Ami Thompson","Ami Thompson",NA,NA,2025-06-07 02:42:29.609,"StillImage","COORDINATE_ROUNDED;CONTINENT_DERIVED_FROM_COORDINATES;TAXON_MATCH_TAXON_ID_IGNORED"
3112622444,"50c9509d-22c7-4a22-a47d-8c48425ef4a7","https://www.inaturalist.org/observations/76549830","Animalia","Chordata",NA,"Pleuronectiformes","Achiridae","Trinectes","Trinectes maculatus",NA,"SPECIES","Trinectes maculatus (Bloch & Schneider, 1801)","Trinectes maculatus","","US","","Florida","PRESENT",NA,"28eb1a3f-1c15-4a95-931a-4af90ecb574d",29.826138,-82.648677,215,NA,NA,NA,NA,NA,"2021-05-01T13:29:32",1,5,2021,2408252,2408252,"HUMAN_OBSERVATION","iNaturalist","Observations","76549830",NA,"reddishegret",2021-05-02 14:48:39,"CC_BY_NC_4_0","reddishegret","reddishegret",NA,NA,2025-06-07 00:09:15.151,"StillImage","COORDINATE_ROUNDED;CONTINENT_DERIVED_FROM_COORDINATES;TAXON_MATCH_TAXON_ID_IGNORED"
3067814420,"50c9509d-22c7-4a22-a47d-8c48425ef4a7","https://www.inaturalist.org/observations/71820746","Animalia","Chordata",NA,"Pleuronectiformes","Achiridae","Trinectes","Trinectes maculatus",NA,"SPECIES","Trinectes maculatus (Bloch & Schneider, 1801)","Trinectes maculatus","","MX","","Veracruz","PRESENT",NA,"28eb1a3f-1c15-4a95-931a-4af90ecb574d",21.011721,-97.343532,5,NA,NA,NA,NA,NA,"2021-03-22T13:49:16",22,3,2021,2408252,2408252,"HUMAN_OBSERVATION","iNaturalist","Observations","71820746",NA,"uconnbirdfish",2021-03-22 23:08:31,"CC_BY_NC_4_0","Mauricio Hernández Sánchez","Mauricio Hernández Sánchez",NA,NA,2025-06-07 00:38:03.273,"","COORDINATE_ROUNDED;CONTINENT_DERIVED_FROM_COORDINATES;TAXON_MATCH_TAXON_ID_IGNORED"
3044752938,"50c9509d-22c7-4a22-a47d-8c48425ef4a7","https://www.inaturalist.org/observations/69457710","Animalia","Chordata",NA,"Pleuronectiformes","Achiridae","Trinectes","Trinectes maculatus",NA,"SPECIES","Trinectes maculatus (Bloch & Schneider, 1801)","Trinectes maculatus","","US","","Florida","PRESENT",NA,"28eb1a3f-1c15-4a95-931a-4af90ecb574d",30.339923,-83.991082,NA,NA,NA,NA,NA,NA,"2021-02-11T22:37",11,2,2021,2408252,2408252,"HUMAN_OBSERVATION","iNaturalist","Observations","69457710",NA,"Joshua Doby",2021-02-12 15:04:02,"CC_BY_NC_4_0","Joshua Doby","Joshua Doby",NA,NA,2025-06-07 00:45:11.862,"StillImage","COORDINATE_ROUNDED;CONTINENT_DERIVED_FROM_COORDINATES;TAXON_MATCH_TAXON_ID_IGNORED"
3044640936,"50c9509d-22c7-4a22-a47d-8c48425ef4a7","https://www.inaturalist.org/observations/69457709","Animalia","Chordata",NA,"Pleuronectiformes","Achiridae","Trinectes","Trinectes maculatus",NA,"SPECIES","Trinectes maculatus (Bloch & Schneider, 1801)","Trinectes maculatus","","US","","Florida","PRESENT",NA,"28eb1a3f-1c15-4a95-931a-4af90ecb574d",30.339922,-83.991157,NA,NA,NA,NA,NA,NA,"2021-02-11T22:36",11,2,2021,2408252,2408252,"HUMAN_OBSERVATION","iNaturalist","Observations","69457709",NA,"Joshua Doby",2021-02-12 15:04:01,"CC_BY_NC_4_0","Joshua Doby","Joshua Doby",NA,NA,2025-06-07 00:36:33.908,"StillImage","COORDINATE_ROUNDED;CONTINENT_DERIVED_FROM_COORDINATES;TAXON_MATCH_TAXON_ID_IGNORED"
3044631976,"50c9509d-22c7-4a22-a47d-8c48425ef4a7","https://www.inaturalist.org/observations/69465666","Animalia","Chordata",NA,"Pleuronectiformes","Achiridae","Trinectes","Trinectes maculatus",NA,"SPECIES","Trinectes maculatus (Bloch & Schneider, 1801)","Trinectes maculatus","","US","","Florida","PRESENT",NA,"28eb1a3f-1c15-4a95-931a-4af90ecb574d",30.339844,-83.991108,NA,NA,NA,NA,NA,NA,"2021-02-11T21:20:51",11,2,2021,2408252,2408252,"HUMAN_OBSERVATION","iNaturalist","Observations","69465666",NA,"Ben Cantrell",2021-02-12 21:41:05,"CC_BY_NC_4_0","mcgratse4","mcgratse4",NA,NA,2025-06-07 01:13:40.231,"StillImage","COORDINATE_ROUNDED;CONTINENT_DERIVED_FROM_COORDINATES;TAXON_MATCH_TAXON_ID_IGNORED"
3008571128,"50c9509d-22c7-4a22-a47d-8c48425ef4a7","https://www.inaturalist.org/observations/67018853","Animalia","Chordata",NA,"Pleuronectiformes","Achiridae","Trinectes","Trinectes maculatus",NA,"SPECIES","Trinectes maculatus (Bloch & Schneider, 1801)","Trinectes maculatus","","US","","Maryland","PRESENT",NA,"28eb1a3f-1c15-4a95-931a-4af90ecb574d",38.489278,-76.490538,NA,NA,NA,NA,NA,NA,"2019-07-26T10:38:50",26,7,2019,2408252,2408252,"HUMAN_OBSERVATION","iNaturalist","Observations","67018853",NA,"Kat",2020-12-24 20:43:30,"CC_BY_NC_4_0","Kat","Kat",NA,NA,2025-06-06 23:57:30.255,"StillImage","COORDINATE_ROUNDED;CONTINENT_DERIVED_FROM_COORDINATES;TAXON_MATCH_TAXON_ID_IGNORED"
2992874918,"50c9509d-22c7-4a22-a47d-8c48425ef4a7","https://www.inaturalist.org/observations/65909763","Animalia","Chordata",NA,"Pleuronectiformes","Achiridae","Trinectes","Trinectes maculatus",NA,"SPECIES","Trinectes maculatus (Bloch & Schneider, 1801)","Trinectes maculatus","","US","","Virginia","PRESENT",NA,"28eb1a3f-1c15-4a95-931a-4af90ecb574d",38.403195,-77.323212,2227,NA,NA,NA,NA,NA,"2020-07-23T15:48:33",23,7,2020,2408252,2408252,"HUMAN_OBSERVATION","iNaturalist","Observations","65909763",NA,"Matt Neilson",2020-12-01 15:11:04,"CC_BY_NC_4_0","al224","al224",NA,NA,2025-06-06 23:52:18.879,"StillImage","COORDINATE_ROUNDED;CONTINENT_DERIVED_FROM_COORDINATES;TAXON_MATCH_TAXON_ID_IGNORED"
2984458012,"50c9509d-22c7-4a22-a47d-8c48425ef4a7","https://www.inaturalist.org/observations/64737739","Animalia","Chordata",NA,"Pleuronectiformes","Achiridae","Trinectes","Trinectes maculatus",NA,"SPECIES","Trinectes maculatus (Bloch & Schneider, 1801)","Trinectes maculatus","","US","","Florida","PRESENT",NA,"28eb1a3f-1c15-4a95-931a-4af90ecb574d",29.833595,-82.679628,30,NA,NA,NA,NA,NA,"2020-09-07T13:34:45",7,9,2020,2408252,2408252,"HUMAN_OBSERVATION","iNaturalist","Observations","64737739",NA,"species_spotlight",2020-11-12 17:31:25,"CC_BY_NC_4_0","northflorida_multispecies","northflorida_multispecies",NA,NA,2025-06-07 00:39:04.68,"StillImage","COORDINATE_ROUNDED;CONTINENT_DERIVED_FROM_COORDINATES;TAXON_MATCH_TAXON_ID_IGNORED"
2963858787,"50c9509d-22c7-4a22-a47d-8c48425ef4a7","https://www.inaturalist.org/observations/63491903","Animalia","Chordata",NA,"Pleuronectiformes","Achiridae","Trinectes","Trinectes maculatus",NA,"SPECIES","Trinectes maculatus (Bloch & Schneider, 1801)","Trinectes maculatus","","US","","Florida","PRESENT",NA,"28eb1a3f-1c15-4a95-931a-4af90ecb574d",29.245333,-81.64412,4,NA,NA,NA,NA,NA,"2020-10-25T09:46:44",25,10,2020,2408252,2408252,"HUMAN_OBSERVATION","iNaturalist","Observations","63491903",NA,"Ryan Cooke",2020-10-26 12:36:23,"CC_BY_NC_4_0","katiemkennedy","katiemkennedy",NA,NA,2025-06-06 23:53:15.288,"StillImage","COORDINATE_ROUNDED;CONTINENT_DERIVED_FROM_COORDINATES;TAXON_MATCH_TAXON_ID_IGNORED"
2901818667,"50c9509d-22c7-4a22-a47d-8c48425ef4a7","https://www.inaturalist.org/observations/62744993","Animalia","Chordata",NA,"Pleuronectiformes","Achiridae","Trinectes","Trinectes maculatus",NA,"SPECIES","Trinectes maculatus (Bloch & Schneider, 1801)","Trinectes maculatus","","US","","Florida","PRESENT",NA,"28eb1a3f-1c15-4a95-931a-4af90ecb574d",28.016056,-80.600822,NA,NA,NA,NA,NA,NA,"2020-03-22T14:38:42",22,3,2020,2408252,2408252,"HUMAN_OBSERVATION","iNaturalist","Observations","62744993",NA,"Julie",2020-10-16 23:16:02,"CC_BY_NC_4_0","Julie","Julie",NA,NA,2025-06-06 23:53:13.295,"StillImage","COORDINATE_ROUNDED;CONTINENT_DERIVED_FROM_COORDINATES;TAXON_MATCH_TAXON_ID_IGNORED"
2901570827,"50c9509d-22c7-4a22-a47d-8c48425ef4a7","https://www.inaturalist.org/observations/62845786","Animalia","Chordata",NA,"Pleuronectiformes","Achiridae","Trinectes","Trinectes maculatus",NA,"SPECIES","Trinectes maculatus (Bloch & Schneider, 1801)","Trinectes maculatus","","US","","Florida","PRESENT",NA,"28eb1a3f-1c15-4a95-931a-4af90ecb574d",29.950395,-82.788125,16,NA,NA,NA,NA,NA,"2020-10-17T16:01:38",17,10,2020,2408252,2408252,"HUMAN_OBSERVATION","iNaturalist","Observations","62845786",NA,"Luke Smith",2020-10-18 00:58:21,"CC_BY_NC_4_0","Luke Smith","Luke Smith",NA,NA,2025-06-07 02:35:28.273,"StillImage","CONTINENT_DERIVED_FROM_COORDINATES;TAXON_MATCH_TAXON_ID_IGNORED"
2856766830,"50c9509d-22c7-4a22-a47d-8c48425ef4a7","https://www.inaturalist.org/observations/57288170","Animalia","Chordata",NA,"Pleuronectiformes","Achiridae","Trinectes","Trinectes maculatus",NA,"SPECIES","Trinectes maculatus (Bloch & Schneider, 1801)","Trinectes maculatus","","US","","Texas","PRESENT",NA,"28eb1a3f-1c15-4a95-931a-4af90ecb574d",30.781958,-94.141632,NA,NA,NA,NA,NA,NA,"2007-03-13T12:29",13,3,2007,2408252,2408252,"HUMAN_OBSERVATION","iNaturalist","Observations","57288170",NA,"ireland_fam",2020-08-23 01:28:48,"CC_BY_NC_4_0","ireland_fam","ireland_fam",NA,NA,2025-06-07 00:40:19.77,"StillImage","COORDINATE_ROUNDED;CONTINENT_DERIVED_FROM_COORDINATES;TAXON_MATCH_TAXON_ID_IGNORED"
2850968601,"50c9509d-22c7-4a22-a47d-8c48425ef4a7","https://www.inaturalist.org/observations/47317258","Animalia","Chordata",NA,"Pleuronectiformes","Achiridae","Trinectes","Trinectes maculatus",NA,"SPECIES","Trinectes maculatus (Bloch & Schneider, 1801)","Trinectes maculatus","","US","","Florida","PRESENT",NA,"28eb1a3f-1c15-4a95-931a-4af90ecb574d",27.290263,-82.245607,59,NA,NA,NA,NA,NA,"2020-05-25T15:11",25,5,2020,2408252,2408252,"HUMAN_OBSERVATION","iNaturalist","Observations","47317258",NA,"brysonz",2020-06-04 22:46:11,"CC_BY_NC_4_0","eferrell","eferrell",NA,NA,2025-06-06 23:54:14.734,"StillImage","COORDINATE_ROUNDED;CONTINENT_DERIVED_FROM_COORDINATES;TAXON_MATCH_TAXON_ID_IGNORED"
2823403388,"50c9509d-22c7-4a22-a47d-8c48425ef4a7","https://www.inaturalist.org/observations/53882766","Animalia","Chordata",NA,"Pleuronectiformes","Achiridae","Trinectes","Trinectes maculatus",NA,"SPECIES","Trinectes maculatus (Bloch & Schneider, 1801)","Trinectes maculatus","","US","","Florida","PRESENT",NA,"28eb1a3f-1c15-4a95-931a-4af90ecb574d",30.056388,-84.289616,16,NA,NA,NA,NA,NA,"2020-07-21T16:45:08",21,7,2020,2408252,2408252,"HUMAN_OBSERVATION","iNaturalist","Observations","53882766",NA,"Liodytes Aleni",2020-07-21 20:59:10,"CC_BY_NC_4_0","Liodytes Aleni","Liodytes Aleni",NA,NA,2025-06-07 01:51:38.236,"StillImage","COORDINATE_ROUNDED;CONTINENT_DERIVED_FROM_COORDINATES;TAXON_MATCH_TAXON_ID_IGNORED"
2823236692,"50c9509d-22c7-4a22-a47d-8c48425ef4a7","https://www.inaturalist.org/observations/53391559","Animalia","Chordata",NA,"Pleuronectiformes","Achiridae","Trinectes","Trinectes maculatus",NA,"SPECIES","Trinectes maculatus (Bloch & Schneider, 1801)","Trinectes maculatus","","MX","","Veracruz","PRESENT",NA,"28eb1a3f-1c15-4a95-931a-4af90ecb574d",20.065658,-96.667961,1953,NA,NA,NA,NA,NA,"2014-10-24",24,10,2014,2408252,2408252,"HUMAN_OBSERVATION","iNaturalist","Observations","53391559",NA,"ernestomendoza",2020-07-17 18:48:33,"CC_BY_NC_4_0","ernestomendoza","ernestomendoza",NA,NA,2025-06-07 00:43:32.377,"StillImage","COORDINATE_ROUNDED;CONTINENT_DERIVED_FROM_COORDINATES;TAXON_MATCH_TAXON_ID_IGNORED"
2822707465,"e0ae862b-d456-4cb2-900b-c4928b75a1f8","2073008888","Animalia","Chordata",NA,"Pleuronectiformes","Achiridae","Trinectes","Trinectes maculatus",NA,"SPECIES","Trinectes maculatus (Bloch & Schneider, 1801)","Trinectes maculatus","","US","","Maryland","PRESENT",NA,"c3ad790a-d426-4ac1-8e32-da61f81f0117",38.610001,-75.82,NA,NA,NA,NA,NA,NA,"2009",NA,NA,2009,2408252,2408252,"HUMAN_OBSERVATION","BISON","Multistate Aquatic Resources Information System - MARIS - Fish","83726",NA,"",NA,"CC_BY_4_0","","Maryland DNR, Inland Fisheries",NA,NA,2025-02-02 08:47:39.595,"","COORDINATE_ROUNDED;GEODETIC_DATUM_ASSUMED_WGS84;RECORDED_DATE_MISMATCH;TAXON_MATCH_TAXON_ID_IGNORED"
2822643906,"e0ae862b-d456-4cb2-900b-c4928b75a1f8","2073033758","Animalia","Chordata",NA,"Pleuronectiformes","Achiridae","Trinectes","Trinectes maculatus",NA,"SPECIES","Trinectes maculatus (Bloch & Schneider, 1801)","Trinectes maculatus","","US","","Maryland","PRESENT",NA,"c3ad790a-d426-4ac1-8e32-da61f81f0117",38.66,-75.769997,NA,NA,NA,NA,NA,NA,"2009",NA,NA,2009,2408252,2408252,"HUMAN_OBSERVATION","BISON","Multistate Aquatic Resources Information System - MARIS - Fish","78312",NA,"",NA,"CC_BY_4_0","","Maryland DNR, Inland Fisheries",NA,NA,2025-02-02 08:47:39.874,"","COORDINATE_ROUNDED;GEODETIC_DATUM_ASSUMED_WGS84;RECORDED_DATE_MISMATCH;TAXON_MATCH_TAXON_ID_IGNORED"
2822643785,"e0ae862b-d456-4cb2-900b-c4928b75a1f8","2073014614","Animalia","Chordata",NA,"Pleuronectiformes","Achiridae","Trinectes","Trinectes maculatus",NA,"SPECIES","Trinectes maculatus (Bloch & Schneider, 1801)","Trinectes maculatus","","US","","Maryland","PRESENT",NA,"c3ad790a-d426-4ac1-8e32-da61f81f0117",38.580002,-75.790001,NA,NA,NA,NA,NA,NA,"2010",NA,NA,2010,2408252,2408252,"HUMAN_OBSERVATION","BISON","Multistate Aquatic Resources Information System - MARIS - Fish","78349",NA,"",NA,"CC_BY_4_0","","Maryland DNR, Inland Fisheries",NA,NA,2025-02-02 08:47:39.762,"","COORDINATE_ROUNDED;GEODETIC_DATUM_ASSUMED_WGS84;RECORDED_DATE_MISMATCH;TAXON_MATCH_TAXON_ID_IGNORED"
2822611786,"e0ae862b-d456-4cb2-900b-c4928b75a1f8","2072590181","Animalia","Chordata",NA,"Pleuronectiformes","Achiridae","Trinectes","Trinectes maculatus",NA,"SPECIES","Trinectes maculatus (Bloch & Schneider, 1801)","Trinectes maculatus","","US","","Maryland","PRESENT",NA,"c3ad790a-d426-4ac1-8e32-da61f81f0117",38.73,-76.68,NA,NA,NA,NA,NA,NA,"2009",NA,NA,2009,2408252,2408252,"HUMAN_OBSERVATION","BISON","Multistate Aquatic Resources Information System - MARIS - Fish","74949",NA,"",NA,"CC_BY_4_0","","Maryland DNR, Inland Fisheries",NA,NA,2025-02-02 08:47:36.741,"","COORDINATE_ROUNDED;GEODETIC_DATUM_ASSUMED_WGS84;RECORDED_DATE_MISMATCH;TAXON_MATCH_TAXON_ID_IGNORED"
2822171255,"e0ae862b-d456-4cb2-900b-c4928b75a1f8","2073188896","Animalia","Chordata",NA,"Pleuronectiformes","Achiridae","Trinectes","Trinectes maculatus",NA,"SPECIES","Trinectes maculatus (Bloch & Schneider, 1801)","Trinectes maculatus","","US","","Maryland","PRESENT",NA,"c3ad790a-d426-4ac1-8e32-da61f81f0117",38.150002,-75.43,NA,NA,NA,NA,NA,NA,"2010",NA,NA,2010,2408252,2408252,"HUMAN_OBSERVATION","BISON","Multistate Aquatic Resources Information System - MARIS - Fish","83433",NA,"",NA,"CC_BY_4_0","","Maryland DNR, Inland Fisheries",NA,NA,2025-02-02 08:47:41.211,"","COORDINATE_ROUNDED;GEODETIC_DATUM_ASSUMED_WGS84;RECORDED_DATE_MISMATCH;TAXON_MATCH_TAXON_ID_IGNORED"
2822155496,"e0ae862b-d456-4cb2-900b-c4928b75a1f8","2073008915","Animalia","Chordata",NA,"Pleuronectiformes","Achiridae","Trinectes","Trinectes maculatus",NA,"SPECIES","Trinectes maculatus (Bloch & Schneider, 1801)","Trinectes maculatus","","US","","Maryland","PRESENT",NA,"c3ad790a-d426-4ac1-8e32-da61f81f0117",38.619999,-75.82,NA,NA,NA,NA,NA,NA,"2009",NA,NA,2009,2408252,2408252,"HUMAN_OBSERVATION","BISON","Multistate Aquatic Resources Information System - MARIS - Fish","78334",NA,"",NA,"CC_BY_4_0","","Maryland DNR, Inland Fisheries",NA,NA,2025-02-02 08:47:39.576,"","COORDINATE_ROUNDED;GEODETIC_DATUM_ASSUMED_WGS84;RECORDED_DATE_MISMATCH;TAXON_MATCH_TAXON_ID_IGNORED"
2818700224,"50c9509d-22c7-4a22-a47d-8c48425ef4a7","https://www.inaturalist.org/observations/53012972","Animalia","Chordata",NA,"Pleuronectiformes","Achiridae","Trinectes","Trinectes maculatus",NA,"SPECIES","Trinectes maculatus (Bloch & Schneider, 1801)","Trinectes maculatus","","US","","Florida","PRESENT",NA,"28eb1a3f-1c15-4a95-931a-4af90ecb574d",29.966211,-82.761619,NA,NA,NA,NA,NA,NA,"2020-07-13T13:01",13,7,2020,2408252,2408252,"HUMAN_OBSERVATION","iNaturalist","Observations","53012972",NA,"Joshua Doby",2020-07-14 02:36:13,"CC_BY_NC_4_0","Joshua Doby","Joshua Doby",NA,NA,2025-06-07 00:43:02.969,"StillImage","COORDINATE_ROUNDED;CONTINENT_DERIVED_FROM_COORDINATES;TAXON_MATCH_TAXON_ID_IGNORED"
2814247929,"50c9509d-22c7-4a22-a47d-8c48425ef4a7","https://www.inaturalist.org/observations/52221597","Animalia","Chordata",NA,"Pleuronectiformes","Achiridae","Trinectes","Trinectes maculatus",NA,"SPECIES","Trinectes maculatus (Bloch & Schneider, 1801)","Trinectes maculatus","","US","","Maryland","PRESENT",NA,"28eb1a3f-1c15-4a95-931a-4af90ecb574d",38.887822,-76.198503,NA,NA,NA,NA,NA,NA,"2018-09-07T22:39:41",7,9,2018,2408252,2408252,"HUMAN_OBSERVATION","iNaturalist","Observations","52221597",NA,"OWP",2020-07-07 02:36:50,"CC_BY_NC_4_0","OWP","OWP",NA,NA,2025-06-07 01:19:04.835,"StillImage","COORDINATE_ROUNDED;CONTINENT_DERIVED_FROM_COORDINATES;TAXON_MATCH_TAXON_ID_IGNORED"
2803052286,"50c9509d-22c7-4a22-a47d-8c48425ef4a7","https://www.inaturalist.org/observations/49795305","Animalia","Chordata",NA,"Pleuronectiformes","Achiridae","Trinectes","Trinectes maculatus",NA,"SPECIES","Trinectes maculatus (Bloch & Schneider, 1801)","Trinectes maculatus","","US","","Texas","PRESENT",NA,"28eb1a3f-1c15-4a95-931a-4af90ecb574d",27.828353,-97.139975,489,NA,NA,NA,NA,NA,"2020-06-15T19:36:25",15,6,2020,2408252,2408252,"HUMAN_OBSERVATION","iNaturalist","Observations","49795305",NA,"Jon McIntyre",2020-06-16 02:06:35,"CC_BY_NC_4_0","Jon McIntyre","Jon McIntyre",NA,NA,2025-06-07 00:21:11.408,"StillImage","COORDINATE_ROUNDED;CONTINENT_DERIVED_FROM_COORDINATES;TAXON_MATCH_TAXON_ID_IGNORED"
2802756490,"50c9509d-22c7-4a22-a47d-8c48425ef4a7","https://www.inaturalist.org/observations/49572492","Animalia","Chordata",NA,"Pleuronectiformes","Achiridae","Trinectes","Trinectes maculatus",NA,"SPECIES","Trinectes maculatus (Bloch & Schneider, 1801)","Trinectes maculatus","","US","","New York","PRESENT",NA,"28eb1a3f-1c15-4a95-931a-4af90ecb574d",41.428058,-73.968872,5,NA,NA,NA,NA,NA,"2020-06-12T12:44:55",12,6,2020,2408252,2408252,"HUMAN_OBSERVATION","iNaturalist","Observations","49572492",NA,"Sarah Martinez",2020-06-14 13:28:14,"CC_BY_NC_4_0","Sarah Martinez","Sarah Martinez",NA,NA,2025-06-07 00:50:35.312,"StillImage","COORDINATE_ROUNDED;CONTINENT_DERIVED_FROM_COORDINATES;TAXON_MATCH_TAXON_ID_IGNORED"
2650536753,"fe388907-e2b6-44be-a9cb-a80b3924284c","e8cbe786-b733-11ea-a9a7-a7e94413c0ba","Animalia","Chordata",NA,"Pleuronectiformes","Achiridae","Trinectes","Trinectes maculatus",NA,"SPECIES","Trinectes maculatus (Bloch & Schneider, 1801)","Trinectes maculatus","(Bloch & Schneider, 1801)","US","","","PRESENT",3,"c3ad790a-d426-4ac1-8e32-da61f81f0117",39.08,-74.70406,NA,NA,NA,NA,9.5,1.5,"2008-09-06T08:50Z",6,9,2008,2408252,2408252,"HUMAN_OBSERVATION","NOAA;NMFS;NEFSC","FALL NMFS NEFSC BOTTOM TRAWL SURVEY","2.00807e+21",NA,"",NA,"CC0_1_0","","",NA,NA,2025-02-02 11:20:11.984,"","GEODETIC_DATUM_ASSUMED_WGS84;CONTINENT_DERIVED_FROM_COORDINATES"
2650533565,"fe388907-e2b6-44be-a9cb-a80b3924284c","e8d556cf-b733-11ea-a9a7-a7e94413c0ba","Animalia","Chordata",NA,"Pleuronectiformes","Achiridae","Trinectes","Trinectes maculatus",NA,"SPECIES","Trinectes maculatus (Bloch & Schneider, 1801)","Trinectes maculatus","(Bloch & Schneider, 1801)","US","","","PRESENT",4,"c3ad790a-d426-4ac1-8e32-da61f81f0117",37.40925,-75.62895,NA,NA,NA,NA,9.5,0.5,"2008-09-12T15:46Z",12,9,2008,2408252,2408252,"HUMAN_OBSERVATION","NOAA;NMFS;NEFSC","FALL NMFS NEFSC BOTTOM TRAWL SURVEY","2.00807e+21",NA,"",NA,"CC0_1_0","","",NA,NA,2025-02-02 11:20:12.359,"","GEODETIC_DATUM_ASSUMED_WGS84;CONTINENT_DERIVED_FROM_COORDINATES"
2650493731,"fe388907-e2b6-44be-a9cb-a80b3924284c","e4c5d18f-b733-11ea-a9a7-a7e94413c0ba","Animalia","Chordata",NA,"Pleuronectiformes","Achiridae","Trinectes","Trinectes maculatus",NA,"SPECIES","Trinectes maculatus (Bloch & Schneider, 1801)","Trinectes maculatus","(Bloch & Schneider, 1801)","US","","","PRESENT",2,"c3ad790a-d426-4ac1-8e32-da61f81f0117",36.88982,-75.95615,NA,NA,NA,NA,8,1,"2008-03-21T09:34Z",21,3,2008,2408252,2408252,"HUMAN_OBSERVATION","NOAA;NMFS;NEFSC","SPRING NMFS NEFSC BOTTOM TRAWL SURVEY","2.00803e+21",NA,"",NA,"CC0_1_0","","",NA,NA,2025-02-02 11:20:05.428,"","GEODETIC_DATUM_ASSUMED_WGS84;CONTINENT_DERIVED_FROM_COORDINATES"
2650488959,"fe388907-e2b6-44be-a9cb-a80b3924284c","e3be978b-b733-11ea-a9a7-a7e94413c0ba","Animalia","Chordata",NA,"Pleuronectiformes","Achiridae","Trinectes","Trinectes maculatus",NA,"SPECIES","Trinectes maculatus (Bloch & Schneider, 1801)","Trinectes maculatus","(Bloch & Schneider, 1801)","US","","","PRESENT",2,"c3ad790a-d426-4ac1-8e32-da61f81f0117",38.62958,-75.04113,NA,NA,NA,NA,13.5,2.5,"2005-03-19T06:16Z",19,3,2005,2408252,2408252,"HUMAN_OBSERVATION","NOAA;NMFS;NEFSC","SPRING NMFS NEFSC BOTTOM TRAWL SURVEY","2.00503e+21",NA,"",NA,"CC0_1_0","","",NA,NA,2025-02-02 11:20:01.455,"","GEODETIC_DATUM_ASSUMED_WGS84;CONTINENT_DERIVED_FROM_COORDINATES"
2650471282,"fe388907-e2b6-44be-a9cb-a80b3924284c","e0ab5088-b733-11ea-a9a7-a7e94413c0ba","Animalia","Chordata",NA,"Pleuronectiformes","Achiridae","Trinectes","Trinectes maculatus",NA,"SPECIES","Trinectes maculatus (Bloch & Schneider, 1801)","Trinectes maculatus","(Bloch & Schneider, 1801)","US","","","PRESENT",34,"c3ad790a-d426-4ac1-8e32-da61f81f0117",38.97127,-74.78056,NA,NA,NA,NA,13.5,1.5,"2007-09-20T00:03Z",20,9,2007,2408252,2408252,"HUMAN_OBSERVATION","NOAA;NMFS;NEFSC","FALL NMFS NEFSC BOTTOM TRAWL SURVEY","2.00709e+21",NA,"",NA,"CC0_1_0","","",NA,NA,2025-02-02 11:19:52.583,"","GEODETIC_DATUM_ASSUMED_WGS84;CONTINENT_DERIVED_FROM_COORDINATES"
2650470999,"fe388907-e2b6-44be-a9cb-a80b3924284c","e063ca63-b733-11ea-a9a7-a7e94413c0ba","Animalia","Chordata",NA,"Pleuronectiformes","Achiridae","Trinectes","Trinectes maculatus",NA,"SPECIES","Trinectes maculatus (Bloch & Schneider, 1801)","Trinectes maculatus","(Bloch & Schneider, 1801)","US","","","PRESENT",20,"c3ad790a-d426-4ac1-8e32-da61f81f0117",39.19094,-74.63157,NA,NA,NA,NA,12.5,1.5,"2006-09-15T17:00Z",15,9,2006,2408252,2408252,"HUMAN_OBSERVATION","NOAA;NMFS;NEFSC","FALL NMFS NEFSC BOTTOM TRAWL SURVEY","2.0061e+21",NA,"",NA,"CC0_1_0","","",NA,NA,2025-02-02 11:19:50.276,"","GEODETIC_DATUM_ASSUMED_WGS84;CONTINENT_DERIVED_FROM_COORDINATES"
2650467866,"fe388907-e2b6-44be-a9cb-a80b3924284c","e071b72a-b733-11ea-a9a7-a7e94413c0ba","Animalia","Chordata",NA,"Pleuronectiformes","Achiridae","Trinectes","Trinectes maculatus",NA,"SPECIES","Trinectes maculatus (Bloch & Schneider, 1801)","Trinectes maculatus","(Bloch & Schneider, 1801)","US","","","PRESENT",4,"c3ad790a-d426-4ac1-8e32-da61f81f0117",38.90482,-74.89926,NA,NA,NA,NA,11.5,1.5,"2006-09-15T05:55Z",15,9,2006,2408252,2408252,"HUMAN_OBSERVATION","NOAA;NMFS;NEFSC","FALL NMFS NEFSC BOTTOM TRAWL SURVEY","2.0061e+21",NA,"",NA,"CC0_1_0","","",NA,NA,2025-02-02 11:19:50.752,"","GEODETIC_DATUM_ASSUMED_WGS84;CONTINENT_DERIVED_FROM_COORDINATES"
2650464216,"fe388907-e2b6-44be-a9cb-a80b3924284c","e0ba3ccd-b733-11ea-a9a7-a7e94413c0ba","Animalia","Chordata",NA,"Pleuronectiformes","Achiridae","Trinectes","Trinectes maculatus",NA,"SPECIES","Trinectes maculatus (Bloch & Schneider, 1801)","Trinectes maculatus","(Bloch & Schneider, 1801)","US","","","PRESENT",2,"c3ad790a-d426-4ac1-8e32-da61f81f0117",38.28658,-75.09168,NA,NA,NA,NA,11,1,"2007-09-06T13:49Z",6,9,2007,2408252,2408252,"HUMAN_OBSERVATION","NOAA;NMFS;NEFSC","FALL NMFS NEFSC BOTTOM TRAWL SURVEY","2.00709e+21",NA,"",NA,"CC0_1_0","","",NA,NA,2025-02-02 11:19:53.669,"","GEODETIC_DATUM_ASSUMED_WGS84;CONTINENT_DERIVED_FROM_COORDINATES"
2650463640,"fe388907-e2b6-44be-a9cb-a80b3924284c","e01382e5-b733-11ea-a9a7-a7e94413c0ba","Animalia","Chordata",NA,"Pleuronectiformes","Achiridae","Trinectes","Trinectes maculatus",NA,"SPECIES","Trinectes maculatus (Bloch & Schneider, 1801)","Trinectes maculatus","(Bloch & Schneider, 1801)","US","","","PRESENT",12,"c3ad790a-d426-4ac1-8e32-da61f81f0117",38.5991,-75.03857,NA,NA,NA,NA,12,1,"2005-09-26T07:18Z",26,9,2005,2408252,2408252,"HUMAN_OBSERVATION","NOAA;NMFS;NEFSC","FALL NMFS NEFSC BOTTOM TRAWL SURVEY","2.0051e+21",NA,"",NA,"CC0_1_0","","",NA,NA,2025-02-02 11:19:48.702,"","GEODETIC_DATUM_ASSUMED_WGS84;CONTINENT_DERIVED_FROM_COORDINATES"
2650456207,"fe388907-e2b6-44be-a9cb-a80b3924284c","e0b65b17-b733-11ea-a9a7-a7e94413c0ba","Animalia","Chordata",NA,"Pleuronectiformes","Achiridae","Trinectes","Trinectes maculatus",NA,"SPECIES","Trinectes maculatus (Bloch & Schneider, 1801)","Trinectes maculatus","(Bloch & Schneider, 1801)","US","","","PRESENT",4,"c3ad790a-d426-4ac1-8e32-da61f81f0117",36.93954,-76.00307,NA,NA,NA,NA,13.5,1.5,"2007-09-07T21:08Z",7,9,2007,2408252,2408252,"HUMAN_OBSERVATION","NOAA;NMFS;NEFSC","FALL NMFS NEFSC BOTTOM TRAWL SURVEY","2.00709e+21",NA,"",NA,"CC0_1_0","","",NA,NA,2025-02-02 11:19:53.407,"","GEODETIC_DATUM_ASSUMED_WGS84;CONTINENT_DERIVED_FROM_COORDINATES"
2650455074,"fe388907-e2b6-44be-a9cb-a80b3924284c","e0792b10-b733-11ea-a9a7-a7e94413c0ba","Animalia","Chordata",NA,"Pleuronectiformes","Achiridae","Trinectes","Trinectes maculatus",NA,"SPECIES","Trinectes maculatus (Bloch & Schneider, 1801)","Trinectes maculatus","(Bloch & Schneider, 1801)","US","","","PRESENT",1,"c3ad790a-d426-4ac1-8e32-da61f81f0117",37.01599,-76.05291,NA,NA,NA,NA,14.5,0.5,"2006-09-11T22:46Z",11,9,2006,2408252,2408252,"HUMAN_OBSERVATION","NOAA;NMFS;NEFSC","FALL NMFS NEFSC BOTTOM TRAWL SURVEY","2.0061e+21",NA,"",NA,"CC0_1_0","","",NA,NA,2025-02-02 11:19:50.979,"","GEODETIC_DATUM_ASSUMED_WGS84"
2650448001,"fe388907-e2b6-44be-a9cb-a80b3924284c","e06aca90-b733-11ea-a9a7-a7e94413c0ba","Animalia","Chordata",NA,"Pleuronectiformes","Achiridae","Trinectes","Trinectes maculatus",NA,"SPECIES","Trinectes maculatus (Bloch & Schneider, 1801)","Trinectes maculatus","(Bloch & Schneider, 1801)","US","","","PRESENT",2,"c3ad790a-d426-4ac1-8e32-da61f81f0117",37.60453,-75.5646,NA,NA,NA,NA,10.5,0.5,"2006-09-12T19:34Z",12,9,2006,2408252,2408252,"HUMAN_OBSERVATION","NOAA;NMFS;NEFSC","FALL NMFS NEFSC BOTTOM TRAWL SURVEY","2.0061e+21",NA,"",NA,"CC0_1_0","","",NA,NA,2025-02-02 11:19:50.652,"","GEODETIC_DATUM_ASSUMED_WGS84;CONTINENT_DERIVED_FROM_COORDINATES"
2650308588,"fe388907-e2b6-44be-a9cb-a80b3924284c","e8ad5058-b733-11ea-a9a7-a7e94413c0ba","Animalia","Chordata",NA,"Pleuronectiformes","Achiridae","Trinectes","Trinectes maculatus",NA,"SPECIES","Trinectes maculatus (Bloch & Schneider, 1801)","Trinectes maculatus","(Bloch & Schneider, 1801)","US","","","PRESENT",28,"c3ad790a-d426-4ac1-8e32-da61f81f0117",38.41693,-75.02151,NA,NA,NA,NA,13,1,"2008-09-07T06:29Z",7,9,2008,2408252,2408252,"HUMAN_OBSERVATION","NOAA;NMFS;NEFSC","FALL NMFS NEFSC BOTTOM TRAWL SURVEY","2.00807e+21",NA,"",NA,"CC0_1_0","","",NA,NA,2025-02-02 11:20:11.331,"","GEODETIC_DATUM_ASSUMED_WGS84;CONTINENT_DERIVED_FROM_COORDINATES"
2650304617,"fe388907-e2b6-44be-a9cb-a80b3924284c","e8981708-b733-11ea-a9a7-a7e94413c0ba","Animalia","Chordata",NA,"Pleuronectiformes","Achiridae","Trinectes","Trinectes maculatus",NA,"SPECIES","Trinectes maculatus (Bloch & Schneider, 1801)","Trinectes maculatus","(Bloch & Schneider, 1801)","US","","","PRESENT",1,"c3ad790a-d426-4ac1-8e32-da61f81f0117",38.71227,-75.06267,NA,NA,NA,NA,11,1,"2008-09-06T14:48Z",6,9,2008,2408252,2408252,"HUMAN_OBSERVATION","NOAA;NMFS;NEFSC","FALL NMFS NEFSC BOTTOM TRAWL SURVEY","2.00807e+21",NA,"",NA,"CC0_1_0","","",NA,NA,2025-02-02 11:20:10.836,"","GEODETIC_DATUM_ASSUMED_WGS84;CONTINENT_DERIVED_FROM_COORDINATES"
2650257097,"fe388907-e2b6-44be-a9cb-a80b3924284c","e4e4f256-b733-11ea-a9a7-a7e94413c0ba","Animalia","Chordata",NA,"Pleuronectiformes","Achiridae","Trinectes","Trinectes maculatus",NA,"SPECIES","Trinectes maculatus (Bloch & Schneider, 1801)","Trinectes maculatus","(Bloch & Schneider, 1801)","US","","","PRESENT",2,"c3ad790a-d426-4ac1-8e32-da61f81f0117",38.25368,-75.11015,NA,NA,NA,NA,10,3,"2008-03-25T22:31Z",25,3,2008,2408252,2408252,"HUMAN_OBSERVATION","NOAA;NMFS;NEFSC","SPRING NMFS NEFSC BOTTOM TRAWL SURVEY","2.00803e+21",NA,"",NA,"CC0_1_0","","",NA,NA,2025-02-02 11:20:05.98,"","GEODETIC_DATUM_ASSUMED_WGS84;CONTINENT_DERIVED_FROM_COORDINATES"
2650228308,"fe388907-e2b6-44be-a9cb-a80b3924284c","e0b8904a-b733-11ea-a9a7-a7e94413c0ba","Animalia","Chordata",NA,"Pleuronectiformes","Achiridae","Trinectes","Trinectes maculatus",NA,"SPECIES","Trinectes maculatus (Bloch & Schneider, 1801)","Trinectes maculatus","(Bloch & Schneider, 1801)","US","","","PRESENT",1,"c3ad790a-d426-4ac1-8e32-da61f81f0117",40.09996,-74.02811,NA,NA,NA,NA,9,1,"2007-09-18T18:09Z",18,9,2007,2408252,2408252,"HUMAN_OBSERVATION","NOAA;NMFS;NEFSC","FALL NMFS NEFSC BOTTOM TRAWL SURVEY","2.00709e+21",NA,"",NA,"CC0_1_0","","",NA,NA,2025-02-02 11:19:53.651,"","GEODETIC_DATUM_ASSUMED_WGS84;CONTINENT_DERIVED_FROM_COORDINATES"
2650223031,"fe388907-e2b6-44be-a9cb-a80b3924284c","e052d20b-b733-11ea-a9a7-a7e94413c0ba","Animalia","Chordata",NA,"Pleuronectiformes","Achiridae","Trinectes","Trinectes maculatus",NA,"SPECIES","Trinectes maculatus (Bloch & Schneider, 1801)","Trinectes maculatus","(Bloch & Schneider, 1801)","US","","","PRESENT",5,"c3ad790a-d426-4ac1-8e32-da61f81f0117",38.95654,-74.81991,NA,NA,NA,NA,11,1,"2006-09-15T07:54Z",15,9,2006,2408252,2408252,"HUMAN_OBSERVATION","NOAA;NMFS;NEFSC","FALL NMFS NEFSC BOTTOM TRAWL SURVEY","2.0061e+21",NA,"",NA,"CC0_1_0","","",NA,NA,2025-02-02 11:19:49.736,"","GEODETIC_DATUM_ASSUMED_WGS84;CONTINENT_DERIVED_FROM_COORDINATES"
2650220823,"fe388907-e2b6-44be-a9cb-a80b3924284c","e0194c56-b733-11ea-a9a7-a7e94413c0ba","Animalia","Chordata",NA,"Pleuronectiformes","Achiridae","Trinectes","Trinectes maculatus",NA,"SPECIES","Trinectes maculatus (Bloch & Schneider, 1801)","Trinectes maculatus","(Bloch & Schneider, 1801)","US","","","PRESENT",5,"c3ad790a-d426-4ac1-8e32-da61f81f0117",38.38307,-75.04123,NA,NA,NA,NA,13,1,"2005-09-26T05:17Z",26,9,2005,2408252,2408252,"HUMAN_OBSERVATION","NOAA;NMFS;NEFSC","FALL NMFS NEFSC BOTTOM TRAWL SURVEY","2.0051e+21",NA,"",NA,"CC0_1_0","","",NA,NA,2025-02-02 11:19:48.842,"","GEODETIC_DATUM_ASSUMED_WGS84;CONTINENT_DERIVED_FROM_COORDINATES"
2650220818,"fe388907-e2b6-44be-a9cb-a80b3924284c","e0183a98-b733-11ea-a9a7-a7e94413c0ba","Animalia","Chordata",NA,"Pleuronectiformes","Achiridae","Trinectes","Trinectes maculatus",NA,"SPECIES","Trinectes maculatus (Bloch & Schneider, 1801)","Trinectes maculatus","(Bloch & Schneider, 1801)","US","","","PRESENT",1,"c3ad790a-d426-4ac1-8e32-da61f81f0117",37.14388,-75.75267,NA,NA,NA,NA,12,1,"2005-09-25T02:37Z",25,9,2005,2408252,2408252,"HUMAN_OBSERVATION","NOAA;NMFS;NEFSC","FALL NMFS NEFSC BOTTOM TRAWL SURVEY","2.0051e+21",NA,"",NA,"CC0_1_0","","",NA,NA,2025-02-02 11:19:48.819,"","GEODETIC_DATUM_ASSUMED_WGS84"
2650220283,"fe388907-e2b6-44be-a9cb-a80b3924284c","e0b28d28-b733-11ea-a9a7-a7e94413c0ba","Animalia","Chordata",NA,"Pleuronectiformes","Achiridae","Trinectes","Trinectes maculatus",NA,"SPECIES","Trinectes maculatus (Bloch & Schneider, 1801)","Trinectes maculatus","(Bloch & Schneider, 1801)","US","","","PRESENT",17,"c3ad790a-d426-4ac1-8e32-da61f81f0117",38.86319,-75.05137,NA,NA,NA,NA,13.5,0.5,"2007-09-05T23:24Z",5,9,2007,2408252,2408252,"HUMAN_OBSERVATION","NOAA;NMFS;NEFSC","FALL NMFS NEFSC BOTTOM TRAWL SURVEY","2.00709e+21",NA,"",NA,"CC0_1_0","","",NA,NA,2025-02-02 11:19:53.359,"","GEODETIC_DATUM_ASSUMED_WGS84"
2650219703,"fe388907-e2b6-44be-a9cb-a80b3924284c","e015565f-b733-11ea-a9a7-a7e94413c0ba","Animalia","Chordata",NA,"Pleuronectiformes","Achiridae","Trinectes","Trinectes maculatus",NA,"SPECIES","Trinectes maculatus (Bloch & Schneider, 1801)","Trinectes maculatus","(Bloch & Schneider, 1801)","US","","","PRESENT",1,"c3ad790a-d426-4ac1-8e32-da61f81f0117",36.94492,-76.03678,NA,NA,NA,NA,16.5,1.5,"2005-09-24T23:10Z",24,9,2005,2408252,2408252,"HUMAN_OBSERVATION","NOAA;NMFS;NEFSC","FALL NMFS NEFSC BOTTOM TRAWL SURVEY","2.0051e+21",NA,"",NA,"CC0_1_0","","",NA,NA,2025-02-02 11:19:48.918,"","GEODETIC_DATUM_ASSUMED_WGS84;CONTINENT_DERIVED_FROM_COORDINATES"
2650219257,"fe388907-e2b6-44be-a9cb-a80b3924284c","e0acebbe-b733-11ea-a9a7-a7e94413c0ba","Animalia","Chordata",NA,"Pleuronectiformes","Achiridae","Trinectes","Trinectes maculatus",NA,"SPECIES","Trinectes maculatus (Bloch & Schneider, 1801)","Trinectes maculatus","(Bloch & Schneider, 1801)","US","","","PRESENT",1,"c3ad790a-d426-4ac1-8e32-da61f81f0117",39.05873,-74.70237,NA,NA,NA,NA,12.5,0.5,"2007-09-19T22:38Z",19,9,2007,2408252,2408252,"HUMAN_OBSERVATION","NOAA;NMFS;NEFSC","FALL NMFS NEFSC BOTTOM TRAWL SURVEY","2.00709e+21",NA,"",NA,"CC0_1_0","","",NA,NA,2025-02-02 11:19:53.025,"","GEODETIC_DATUM_ASSUMED_WGS84;CONTINENT_DERIVED_FROM_COORDINATES"
2650218694,"fe388907-e2b6-44be-a9cb-a80b3924284c","e014e198-b733-11ea-a9a7-a7e94413c0ba","Animalia","Chordata",NA,"Pleuronectiformes","Achiridae","Trinectes","Trinectes maculatus",NA,"SPECIES","Trinectes maculatus (Bloch & Schneider, 1801)","Trinectes maculatus","(Bloch & Schneider, 1801)","US","","","PRESENT",161,"c3ad790a-d426-4ac1-8e32-da61f81f0117",38.77502,-75.003,NA,NA,NA,NA,21,1,"2005-09-26T09:14Z",26,9,2005,2408252,2408252,"HUMAN_OBSERVATION","NOAA;NMFS;NEFSC","FALL NMFS NEFSC BOTTOM TRAWL SURVEY","2.0051e+21",NA,"",NA,"CC0_1_0","","",NA,NA,2025-02-02 11:19:48.729,"","GEODETIC_DATUM_ASSUMED_WGS84"
2650217037,"fe388907-e2b6-44be-a9cb-a80b3924284c","e078b62e-b733-11ea-a9a7-a7e94413c0ba","Animalia","Chordata",NA,"Pleuronectiformes","Achiridae","Trinectes","Trinectes maculatus",NA,"SPECIES","Trinectes maculatus (Bloch & Schneider, 1801)","Trinectes maculatus","(Bloch & Schneider, 1801)","US","","","PRESENT",7,"c3ad790a-d426-4ac1-8e32-da61f81f0117",38.38097,-75.04075,NA,NA,NA,NA,11.5,2.5,"2006-09-13T23:27Z",13,9,2006,2408252,2408252,"HUMAN_OBSERVATION","NOAA;NMFS;NEFSC","FALL NMFS NEFSC BOTTOM TRAWL SURVEY","2.0061e+21",NA,"",NA,"CC0_1_0","","",NA,NA,2025-02-02 11:19:50.941,"","GEODETIC_DATUM_ASSUMED_WGS84;CONTINENT_DERIVED_FROM_COORDINATES"
2650214820,"fe388907-e2b6-44be-a9cb-a80b3924284c","e070307c-b733-11ea-a9a7-a7e94413c0ba","Animalia","Chordata",NA,"Pleuronectiformes","Achiridae","Trinectes","Trinectes maculatus",NA,"SPECIES","Trinectes maculatus (Bloch & Schneider, 1801)","Trinectes maculatus","(Bloch & Schneider, 1801)","US","","","PRESENT",33,"c3ad790a-d426-4ac1-8e32-da61f81f0117",38.59089,-75.03744,NA,NA,NA,NA,11,2,"2006-09-14T07:41Z",14,9,2006,2408252,2408252,"HUMAN_OBSERVATION","NOAA;NMFS;NEFSC","FALL NMFS NEFSC BOTTOM TRAWL SURVEY","2.0061e+21",NA,"",NA,"CC0_1_0","","",NA,NA,2025-02-02 11:19:50.72,"","GEODETIC_DATUM_ASSUMED_WGS84;CONTINENT_DERIVED_FROM_COORDINATES"
2650214000,"fe388907-e2b6-44be-a9cb-a80b3924284c","e074c144-b733-11ea-a9a7-a7e94413c0ba","Animalia","Chordata",NA,"Pleuronectiformes","Achiridae","Trinectes","Trinectes maculatus",NA,"SPECIES","Trinectes maculatus (Bloch & Schneider, 1801)","Trinectes maculatus","(Bloch & Schneider, 1801)","US","","","PRESENT",26,"c3ad790a-d426-4ac1-8e32-da61f81f0117",38.64173,-74.94722,NA,NA,NA,NA,16,3,"2006-09-14T09:14Z",14,9,2006,2408252,2408252,"HUMAN_OBSERVATION","NOAA;NMFS;NEFSC","FALL NMFS NEFSC BOTTOM TRAWL SURVEY","2.0061e+21",NA,"",NA,"CC0_1_0","","",NA,NA,2025-02-02 11:19:50.856,"","GEODETIC_DATUM_ASSUMED_WGS84"
2634482268,"50c9509d-22c7-4a22-a47d-8c48425ef4a7","https://www.inaturalist.org/observations/47771926","Animalia","Chordata",NA,"Pleuronectiformes","Achiridae","Trinectes","Trinectes maculatus",NA,"SPECIES","Trinectes maculatus (Bloch & Schneider, 1801)","Trinectes maculatus","","US","","Alabama","PRESENT",NA,"28eb1a3f-1c15-4a95-931a-4af90ecb574d",30.4765,-87.926895,5,NA,NA,NA,NA,NA,"2020-05-29T12:44:53",29,5,2020,2408252,2408252,"HUMAN_OBSERVATION","iNaturalist","Observations","47771926",NA,"G Key",2020-05-29 20:36:30,"CC0_1_0","G Key","G Key",NA,NA,2025-06-07 01:07:14.783,"StillImage","CONTINENT_DERIVED_FROM_COORDINATES;TAXON_MATCH_TAXON_ID_IGNORED"
2609341161,"50c9509d-22c7-4a22-a47d-8c48425ef4a7","https://www.inaturalist.org/observations/42498621","Animalia","Chordata",NA,"Pleuronectiformes","Achiridae","Trinectes","Trinectes maculatus",NA,"SPECIES","Trinectes maculatus (Bloch & Schneider, 1801)","Trinectes maculatus","","US","","Maryland","PRESENT",NA,"28eb1a3f-1c15-4a95-931a-4af90ecb574d",38.738297,-76.554589,10,NA,NA,NA,NA,NA,"2017-10-02T18:06",2,10,2017,2408252,2408252,"HUMAN_OBSERVATION","iNaturalist","Observations","42498621",NA,"Matt Neilson",2020-04-18 19:45:28,"CC_BY_NC_4_0","eaglebeach","eaglebeach",NA,NA,2025-06-07 00:42:08.303,"StillImage","COORDINATE_ROUNDED;CONTINENT_DERIVED_FROM_COORDINATES;TAXON_MATCH_TAXON_ID_IGNORED"
2603315062,"50c9509d-22c7-4a22-a47d-8c48425ef4a7","https://www.inaturalist.org/observations/41883285","Animalia","Chordata",NA,"Pleuronectiformes","Achiridae","Trinectes","Trinectes maculatus",NA,"SPECIES","Trinectes maculatus (Bloch & Schneider, 1801)","Trinectes maculatus","","US","","Florida","PRESENT",NA,"28eb1a3f-1c15-4a95-931a-4af90ecb574d",29.025819,-80.926998,8690,NA,NA,NA,NA,NA,"2020-01-18T10:51",18,1,2020,2408252,2408252,"HUMAN_OBSERVATION","iNaturalist","Observations","41883285",NA,"qazelhazel",2020-04-11 22:06:14,"CC_BY_NC_4_0","qazelhazel","qazelhazel",NA,NA,2025-06-07 01:18:54.613,"StillImage","COORDINATE_ROUNDED;CONTINENT_DERIVED_FROM_COORDINATES;TAXON_MATCH_TAXON_ID_IGNORED"
2465173190,"50c9509d-22c7-4a22-a47d-8c48425ef4a7","https://www.inaturalist.org/observations/36167372","Animalia","Chordata",NA,"Pleuronectiformes","Achiridae","Trinectes","Trinectes maculatus",NA,"SPECIES","Trinectes maculatus (Bloch & Schneider, 1801)","Trinectes maculatus","","US","","Florida","PRESENT",NA,"28eb1a3f-1c15-4a95-931a-4af90ecb574d",25.587008,-80.745448,244,NA,NA,NA,NA,NA,"2019-11-26T11:42",26,11,2019,2408252,2408252,"HUMAN_OBSERVATION","iNaturalist","Observations","36167372",NA,"Matthew Pintar",2019-11-28 19:52:29,"CC_BY_4_0","Matthew Pintar","Matthew Pintar",NA,NA,2025-06-07 00:06:26.099,"StillImage","COORDINATE_ROUNDED;CONTINENT_DERIVED_FROM_COORDINATES;TAXON_MATCH_TAXON_ID_IGNORED"
2429564199,"50c9509d-22c7-4a22-a47d-8c48425ef4a7","https://www.inaturalist.org/observations/34279831","Animalia","Chordata",NA,"Pleuronectiformes","Achiridae","Trinectes","Trinectes maculatus",NA,"SPECIES","Trinectes maculatus (Bloch & Schneider, 1801)","Trinectes maculatus","","US","","Louisiana","PRESENT",NA,"28eb1a3f-1c15-4a95-931a-4af90ecb574d",30.491547,-91.024672,5,NA,NA,NA,NA,NA,"2019-10-12T14:02:43",12,10,2019,2408252,2408252,"HUMAN_OBSERVATION","iNaturalist","Observations","34279831",NA,"renkaw",2019-10-13 00:53:05,"CC_BY_NC_4_0","renkaw","renkaw",NA,NA,2025-06-07 00:58:04.519,"StillImage","COORDINATE_ROUNDED;CONTINENT_DERIVED_FROM_COORDINATES;TAXON_MATCH_TAXON_ID_IGNORED"
2423182493,"50c9509d-22c7-4a22-a47d-8c48425ef4a7","https://www.inaturalist.org/observations/33169851","Animalia","Chordata",NA,"Pleuronectiformes","Achiridae","Trinectes","Trinectes maculatus",NA,"SPECIES","Trinectes maculatus (Bloch & Schneider, 1801)","Trinectes maculatus","","US","","South Carolina","PRESENT",NA,"28eb1a3f-1c15-4a95-931a-4af90ecb574d",33.534246,-79.650841,816,NA,NA,NA,NA,NA,"2019-07-30T10:55:13",30,7,2019,2408252,2408252,"HUMAN_OBSERVATION","iNaturalist","Observations","33169851",NA,"leakyrotenonebarrel",2019-09-22 01:51:39,"CC_BY_NC_4_0","leakyrotenonebarrel","leakyrotenonebarrel",NA,NA,2025-06-07 01:05:07.233,"StillImage","COORDINATE_ROUNDED;CONTINENT_DERIVED_FROM_COORDINATES;TAXON_MATCH_TAXON_ID_IGNORED"
2397559877,"50c9509d-22c7-4a22-a47d-8c48425ef4a7","https://www.inaturalist.org/observations/31501368","Animalia","Chordata",NA,"Pleuronectiformes","Achiridae","Trinectes","Trinectes maculatus",NA,"SPECIES","Trinectes maculatus (Bloch & Schneider, 1801)","Trinectes maculatus","","US","","Maryland","PRESENT",NA,"28eb1a3f-1c15-4a95-931a-4af90ecb574d",39.25223,-76.579413,1723,NA,NA,NA,NA,NA,"2019-08-25T10:41:50",25,8,2019,2408252,2408252,"HUMAN_OBSERVATION","iNaturalist","Observations","31501368",NA,"laurabankey",2019-08-25 20:42:06,"CC_BY_NC_4_0","laurabankey","laurabankey",NA,NA,2025-06-07 00:39:12.711,"StillImage","COORDINATE_ROUNDED;CONTINENT_DERIVED_FROM_COORDINATES;TAXON_MATCH_TAXON_ID_IGNORED"
2366009815,"50c9509d-22c7-4a22-a47d-8c48425ef4a7","https://www.inaturalist.org/observations/15136945","Animalia","Chordata",NA,"Pleuronectiformes","Achiridae","Trinectes","Trinectes maculatus",NA,"SPECIES","Trinectes maculatus (Bloch & Schneider, 1801)","Trinectes maculatus","","US","","New York","PRESENT",NA,"28eb1a3f-1c15-4a95-931a-4af90ecb574d",40.564072,-73.873797,NA,NA,NA,NA,NA,NA,"2018-08-04T15:16",4,8,2018,2408252,2408252,"HUMAN_OBSERVATION","iNaturalist","Observations","15136945",NA,"Spencer Lott",2018-08-05 16:04:20,"CC_BY_4_0","Steven Bodzin","Steven Bodzin",NA,NA,2025-06-07 01:04:02.243,"StillImage","COORDINATE_ROUNDED;CONTINENT_DERIVED_FROM_COORDINATES;TAXON_MATCH_TAXON_ID_IGNORED"
2350357479,"50c9509d-22c7-4a22-a47d-8c48425ef4a7","https://www.inaturalist.org/observations/30552958","Animalia","Chordata",NA,"Pleuronectiformes","Achiridae","Trinectes","Trinectes maculatus",NA,"SPECIES","Trinectes maculatus (Bloch & Schneider, 1801)","Trinectes maculatus","","US","","New York","PRESENT",NA,"28eb1a3f-1c15-4a95-931a-4af90ecb574d",41.186012,-73.900003,5,NA,NA,NA,NA,NA,"2019-08-10T13:40:57",10,8,2019,2408252,2408252,"HUMAN_OBSERVATION","iNaturalist","Observations","30552958",NA,"seaport7",2019-08-10 19:06:08,"CC_BY_NC_4_0","seaport7","seaport7",NA,NA,2025-06-07 00:41:49.382,"StillImage","COORDINATE_ROUNDED;CONTINENT_DERIVED_FROM_COORDINATES;TAXON_MATCH_TAXON_ID_IGNORED"
2244305402,"50c9509d-22c7-4a22-a47d-8c48425ef4a7","https://www.inaturalist.org/observations/25535633","Animalia","Chordata",NA,"Pleuronectiformes","Achiridae","Trinectes","Trinectes maculatus",NA,"SPECIES","Trinectes maculatus (Bloch & Schneider, 1801)","Trinectes maculatus","","US","","South Carolina","PRESENT",NA,"28eb1a3f-1c15-4a95-931a-4af90ecb574d",33.946942,-78.825912,8,NA,NA,NA,NA,NA,"2019-05-21T09:55:46",21,5,2019,2408252,2408252,"HUMAN_OBSERVATION","iNaturalist","Observations","25535633",NA,"Greg Rothman",2019-05-22 01:03:07,"CC_BY_NC_4_0","Greg Rothman","Greg Rothman",NA,NA,2025-06-07 01:04:54.578,"StillImage","COORDINATE_ROUNDED;CONTINENT_DERIVED_FROM_COORDINATES;TAXON_MATCH_TAXON_ID_IGNORED"
2237516634,"50c9509d-22c7-4a22-a47d-8c48425ef4a7","https://www.inaturalist.org/observations/23011002","Animalia","Chordata",NA,"Pleuronectiformes","Achiridae","Trinectes","Trinectes maculatus",NA,"SPECIES","Trinectes maculatus (Bloch & Schneider, 1801)","Trinectes maculatus","","US","","South Carolina","PRESENT",NA,"28eb1a3f-1c15-4a95-931a-4af90ecb574d",32.748905,-79.90248,420,NA,NA,NA,NA,NA,"2019-04-18T14:22:25",18,4,2019,2408252,2408252,"HUMAN_OBSERVATION","iNaturalist","Observations","23011002",NA,"wardta",2019-04-24 19:01:13,"CC_BY_NC_4_0","wardta","wardta",NA,NA,2025-06-07 01:33:59.417,"StillImage","CONTINENT_DERIVED_FROM_COORDINATES;TAXON_MATCH_TAXON_ID_IGNORED"
2236924943,"50c9509d-22c7-4a22-a47d-8c48425ef4a7","https://www.inaturalist.org/observations/22676994","Animalia","Chordata",NA,"Pleuronectiformes","Achiridae","Trinectes","Trinectes maculatus",NA,"SPECIES","Trinectes maculatus (Bloch & Schneider, 1801)","Trinectes maculatus","","US","","South Carolina","PRESENT",NA,"28eb1a3f-1c15-4a95-931a-4af90ecb574d",32.756813,-79.900262,5,NA,NA,NA,NA,NA,"2019-04-18T14:22:47",18,4,2019,2408252,2408252,"HUMAN_OBSERVATION","iNaturalist","Observations","22676994",NA,"johnsontroya",2019-04-18 21:40:01,"CC_BY_NC_4_0","johnsontroya","johnsontroya",NA,NA,2025-06-07 00:06:09.257,"StillImage","COORDINATE_ROUNDED;CONTINENT_DERIVED_FROM_COORDINATES;TAXON_MATCH_TAXON_ID_IGNORED"
2236924233,"50c9509d-22c7-4a22-a47d-8c48425ef4a7","https://www.inaturalist.org/observations/22668636","Animalia","Chordata",NA,"Pleuronectiformes","Achiridae","Trinectes","Trinectes maculatus",NA,"SPECIES","Trinectes maculatus (Bloch & Schneider, 1801)","Trinectes maculatus","","US","","South Carolina","PRESENT",NA,"28eb1a3f-1c15-4a95-931a-4af90ecb574d",32.756829,-79.900279,5,NA,NA,NA,NA,NA,"2019-04-18T14:22:32",18,4,2019,2408252,2408252,"HUMAN_OBSERVATION","iNaturalist","Observations","22668636",NA,"thomas2904",2019-04-18 18:27:09,"CC_BY_NC_4_0","thomas2904","thomas2904",NA,NA,2025-06-07 01:43:25.25,"StillImage","COORDINATE_ROUNDED;CONTINENT_DERIVED_FROM_COORDINATES;TAXON_MATCH_TAXON_ID_IGNORED"
2236923581,"50c9509d-22c7-4a22-a47d-8c48425ef4a7","https://www.inaturalist.org/observations/22675177","Animalia","Chordata",NA,"Pleuronectiformes","Achiridae","Trinectes","Trinectes maculatus",NA,"SPECIES","Trinectes maculatus (Bloch & Schneider, 1801)","Trinectes maculatus","","US","","South Carolina","PRESENT",NA,"28eb1a3f-1c15-4a95-931a-4af90ecb574d",32.754922,-79.899612,5,NA,NA,NA,NA,NA,"2019-04-18T14:26:46",18,4,2019,2408252,2408252,"HUMAN_OBSERVATION","iNaturalist","Observations","22675177",NA,"landsb",2019-04-18 20:55:58,"CC_BY_NC_4_0","landsb","landsb",NA,NA,2025-06-06 23:50:23.928,"StillImage","COORDINATE_ROUNDED;CONTINENT_DERIVED_FROM_COORDINATES;TAXON_MATCH_TAXON_ID_IGNORED"
1986519247,"50c9509d-22c7-4a22-a47d-8c48425ef4a7","https://www.inaturalist.org/observations/19213081","Animalia","Chordata",NA,"Pleuronectiformes","Achiridae","Trinectes","Trinectes maculatus",NA,"SPECIES","Trinectes maculatus (Bloch & Schneider, 1801)","Trinectes maculatus","","US","","Virginia","PRESENT",NA,"28eb1a3f-1c15-4a95-931a-4af90ecb574d",38.076919,-76.719222,31,NA,NA,NA,NA,NA,"2006-12-24T12:00",24,12,2006,2408252,2408252,"HUMAN_OBSERVATION","iNaturalist","Observations","19213081",NA,"pmk00001",2018-12-25 15:36:23,"CC_BY_NC_4_0","pmk00001","pmk00001",NA,NA,2025-06-07 02:32:51.514,"StillImage","COORDINATE_ROUNDED;CONTINENT_DERIVED_FROM_COORDINATES;TAXON_MATCH_TAXON_ID_IGNORED"
1932326036,"50c9509d-22c7-4a22-a47d-8c48425ef4a7","https://www.inaturalist.org/observations/17710768","Animalia","Chordata",NA,"Pleuronectiformes","Achiridae","Trinectes","Trinectes maculatus",NA,"SPECIES","Trinectes maculatus (Bloch & Schneider, 1801)","Trinectes maculatus","","US","","Alabama","PRESENT",NA,"28eb1a3f-1c15-4a95-931a-4af90ecb574d",30.223797,-88.059814,10,NA,NA,NA,NA,NA,"2018-10-06T10:27:56",6,10,2018,2408252,2408252,"HUMAN_OBSERVATION","iNaturalist","Observations","17710768",NA,"jimdaniels",2018-10-21 15:34:50,"CC_BY_NC_4_0","jimdaniels","jimdaniels",NA,NA,2025-06-07 01:24:31.923,"StillImage","COORDINATE_ROUNDED;CONTINENT_DERIVED_FROM_COORDINATES;TAXON_MATCH_TAXON_ID_IGNORED"
1914214714,"50c9509d-22c7-4a22-a47d-8c48425ef4a7","https://www.inaturalist.org/observations/16817016","Animalia","Chordata",NA,"Pleuronectiformes","Achiridae","Trinectes","Trinectes maculatus",NA,"SPECIES","Trinectes maculatus (Bloch & Schneider, 1801)","Trinectes maculatus","","US","","New York","PRESENT",NA,"28eb1a3f-1c15-4a95-931a-4af90ecb574d",40.869367,-73.931983,10,NA,NA,NA,NA,NA,"2018-09-15T19:19:22",15,9,2018,2408252,2408252,"HUMAN_OBSERVATION","iNaturalist","Observations","16817016",NA,"ppark728",2018-09-23 01:51:41,"CC_BY_NC_4_0","ppark728","ppark728",NA,NA,2025-06-07 02:31:51.543,"StillImage","COORDINATE_ROUNDED;CONTINENT_DERIVED_FROM_COORDINATES;TAXON_MATCH_TAXON_ID_IGNORED"
1913678225,"50c9509d-22c7-4a22-a47d-8c48425ef4a7","https://www.inaturalist.org/observations/16572437","Animalia","Chordata",NA,"Pleuronectiformes","Achiridae","Trinectes","Trinectes maculatus",NA,"SPECIES","Trinectes maculatus (Bloch & Schneider, 1801)","Trinectes maculatus","","US","","New York","PRESENT",NA,"28eb1a3f-1c15-4a95-931a-4af90ecb574d",40.867382,-73.929312,10,NA,NA,NA,NA,NA,"2018-09-15T19:16:41",15,9,2018,2408252,2408252,"HUMAN_OBSERVATION","iNaturalist","Observations","16572437",NA,"Gianna Fraccalvieri",2018-09-16 00:39:33,"CC_BY_NC_4_0","Gianna Fraccalvieri","Gianna Fraccalvieri",NA,NA,2025-06-07 02:32:30.064,"StillImage","COORDINATE_ROUNDED;CONTINENT_DERIVED_FROM_COORDINATES;TAXON_MATCH_TAXON_ID_IGNORED"
1899761564,"50c9509d-22c7-4a22-a47d-8c48425ef4a7","https://www.inaturalist.org/observations/15833102","Animalia","Chordata",NA,"Pleuronectiformes","Achiridae","Trinectes","Trinectes maculatus",NA,"SPECIES","Trinectes maculatus (Bloch & Schneider, 1801)","Trinectes maculatus","","MX","","Veracruz","PRESENT",NA,"28eb1a3f-1c15-4a95-931a-4af90ecb574d",18.151574,-94.801735,61,NA,NA,NA,NA,NA,"2018-07-26T16:21",26,7,2018,2408252,2408252,"HUMAN_OBSERVATION","iNaturalist","Observations","15833102",NA,"awakida",2018-08-25 14:14:42,"CC_BY_NC_4_0","azimut","azimut",NA,NA,2025-06-07 01:10:28.053,"StillImage","COORDINATE_ROUNDED;CONTINENT_DERIVED_FROM_COORDINATES;TAXON_MATCH_TAXON_ID_IGNORED"
1890677355,"50c9509d-22c7-4a22-a47d-8c48425ef4a7","https://www.inaturalist.org/observations/15064777","Animalia","Chordata",NA,"Pleuronectiformes","Achiridae","Trinectes","Trinectes maculatus",NA,"SPECIES","Trinectes maculatus (Bloch & Schneider, 1801)","Trinectes maculatus","","US","","Florida","PRESENT",NA,"28eb1a3f-1c15-4a95-931a-4af90ecb574d",26.448316,-82.038729,2706,NA,NA,NA,NA,NA,"2018-08-02T04:18",2,8,2018,2408252,2408252,"HUMAN_OBSERVATION","iNaturalist","Observations","15064777",NA,"Pete Corradino",2018-08-03 12:32:28,"CC_BY_NC_4_0","Pete Corradino","Pete Corradino",NA,NA,2025-06-07 01:04:14.233,"StillImage","COORDINATE_ROUNDED;CONTINENT_DERIVED_FROM_COORDINATES;TAXON_MATCH_TAXON_ID_IGNORED"
1890045441,"50c9509d-22c7-4a22-a47d-8c48425ef4a7","https://www.inaturalist.org/observations/14804718","Animalia","Chordata",NA,"Pleuronectiformes","Achiridae","Trinectes","Trinectes maculatus",NA,"SPECIES","Trinectes maculatus (Bloch & Schneider, 1801)","Trinectes maculatus","","US","","Mississippi","PRESENT",NA,"28eb1a3f-1c15-4a95-931a-4af90ecb574d",30.42221,-88.557394,3799,NA,NA,NA,NA,NA,"2018-07-27T08:22",27,7,2018,2408252,2408252,"HUMAN_OBSERVATION","iNaturalist","Observations","14804718",NA,"Noah Daun",2018-07-27 22:51:33,"CC_BY_NC_4_0","Noah Daun","Noah Daun",NA,NA,2025-06-07 01:20:56.73,"StillImage","COORDINATE_ROUNDED;CONTINENT_DERIVED_FROM_COORDINATES;TAXON_MATCH_TAXON_ID_IGNORED"
1880580307,"50c9509d-22c7-4a22-a47d-8c48425ef4a7","https://www.inaturalist.org/observations/13820325","Animalia","Chordata",NA,"Pleuronectiformes","Achiridae","Trinectes","Trinectes maculatus",NA,"SPECIES","Trinectes maculatus (Bloch & Schneider, 1801)","Trinectes maculatus","","US","","Florida","PRESENT",NA,"28eb1a3f-1c15-4a95-931a-4af90ecb574d",29.836328,-82.699824,6,NA,NA,NA,NA,NA,"2018-06-25T15:07",25,6,2018,2408252,2408252,"HUMAN_OBSERVATION","iNaturalist","Observations","13820325",NA,"Brin",2018-06-27 02:09:13,"CC_BY_NC_4_0","Brin","Brin",NA,NA,2025-06-07 02:32:37.267,"StillImage","COORDINATE_ROUNDED;CONTINENT_DERIVED_FROM_COORDINATES;TAXON_MATCH_TAXON_ID_IGNORED"
1880488723,"50c9509d-22c7-4a22-a47d-8c48425ef4a7","https://www.inaturalist.org/observations/13479569","Animalia","Chordata",NA,"Pleuronectiformes","Achiridae","Trinectes","Trinectes maculatus",NA,"SPECIES","Trinectes maculatus (Bloch & Schneider, 1801)","Trinectes maculatus","","US","","South Carolina","PRESENT",NA,"28eb1a3f-1c15-4a95-931a-4af90ecb574d",32.649463,-79.983103,1193,NA,NA,NA,NA,NA,"2018-06-14T16:23",14,6,2018,2408252,2408252,"HUMAN_OBSERVATION","iNaturalist","Observations","13479569",NA,"Sharleen",2018-06-16 14:40:36,"CC_BY_NC_4_0","Sharleen","Sharleen",NA,NA,2025-06-07 01:37:48.651,"StillImage","COORDINATE_ROUNDED;CONTINENT_DERIVED_FROM_COORDINATES;TAXON_MATCH_TAXON_ID_IGNORED"
1848794909,"50c9509d-22c7-4a22-a47d-8c48425ef4a7","https://www.inaturalist.org/observations/13048788","Animalia","Chordata",NA,"Pleuronectiformes","Achiridae","Trinectes","Trinectes maculatus",NA,"SPECIES","Trinectes maculatus (Bloch & Schneider, 1801)","Trinectes maculatus","","US","","New Jersey","PRESENT",NA,"28eb1a3f-1c15-4a95-931a-4af90ecb574d",40.751513,-74.023247,50,NA,NA,NA,NA,NA,"2018-05-29T20:15:31",29,5,2018,2408252,2408252,"HUMAN_OBSERVATION","iNaturalist","Observations","13048788",NA,"resilience",2018-06-02 18:59:10,"CC_BY_NC_4_0","resilience","resilience",NA,NA,2025-06-07 00:45:24.123,"StillImage","COORDINATE_ROUNDED;CONTINENT_DERIVED_FROM_COORDINATES;TAXON_MATCH_TAXON_ID_IGNORED"
1847597687,"50c9509d-22c7-4a22-a47d-8c48425ef4a7","https://www.inaturalist.org/observations/12787015","Animalia","Chordata",NA,"Pleuronectiformes","Achiridae","Trinectes","Trinectes maculatus",NA,"SPECIES","Trinectes maculatus (Bloch & Schneider, 1801)","Trinectes maculatus","","US","","Mississippi","PRESENT",NA,"28eb1a3f-1c15-4a95-931a-4af90ecb574d",30.34325,-88.827896,977,NA,NA,NA,NA,NA,"2017-06-13T13:47",13,6,2017,2408252,2408252,"HUMAN_OBSERVATION","iNaturalist","Observations","12787015",NA,"Noah Daun",2018-05-25 01:43:49,"CC_BY_NC_4_0","Noah Daun","Noah Daun",NA,NA,2025-06-07 00:38:39.686,"StillImage","COORDINATE_ROUNDED;CONTINENT_DERIVED_FROM_COORDINATES;TAXON_MATCH_TAXON_ID_IGNORED"
1841205300,"50c9509d-22c7-4a22-a47d-8c48425ef4a7","https://www.inaturalist.org/observations/11533791","Animalia","Chordata",NA,"Pleuronectiformes","Achiridae","Trinectes","Trinectes maculatus",NA,"SPECIES","Trinectes maculatus (Bloch & Schneider, 1801)","Trinectes maculatus","","US","","Alabama","PRESENT",NA,"28eb1a3f-1c15-4a95-931a-4af90ecb574d",30.239368,-88.013149,5,NA,NA,NA,NA,NA,"2018-04-21",21,4,2018,2408252,2408252,"HUMAN_OBSERVATION","iNaturalist","Observations","11533791",NA,"Kristin A. Bakkegard",2018-04-27 20:11:09,"CC_BY_NC_4_0","Kristin A. Bakkegard","Kristin A. Bakkegard",NA,NA,2025-06-07 00:48:55.578,"StillImage","COORDINATE_ROUNDED;CONTINENT_DERIVED_FROM_COORDINATES;TAXON_MATCH_TAXON_ID_IGNORED"
1835221452,"aedcba44-1b8c-47e0-ab48-9370e779b6e1","e48cac9c-23e6-11e8-a64f-4f26032957e3","Animalia","Chordata",NA,"Pleuronectiformes","Achiridae","Trinectes","Trinectes maculatus",NA,"SPECIES","Trinectes maculatus (Bloch & Schneider, 1801)","Trinectes maculatus","(Bloch & Schneider, 1801)","US","13","","PRESENT",1,"c3ad790a-d426-4ac1-8e32-da61f81f0117",36.848,-75.932,NA,NA,NA,NA,31,0,"2013-04-25",25,4,2013,2408252,2408252,"HUMAN_OBSERVATION","","","",NA,"",NA,"CC0_1_0","","",NA,NA,2025-02-06 18:22:18.79,"","GEODETIC_DATUM_INVALID;GEODETIC_DATUM_ASSUMED_WGS84;COUNTRY_DERIVED_FROM_COORDINATES;CONTINENT_DERIVED_FROM_COORDINATES"
1835220952,"aedcba44-1b8c-47e0-ab48-9370e779b6e1","e48c71fd-23e6-11e8-a64f-4f26032957e3","Animalia","Chordata",NA,"Pleuronectiformes","Achiridae","Trinectes","Trinectes maculatus",NA,"SPECIES","Trinectes maculatus (Bloch & Schneider, 1801)","Trinectes maculatus","(Bloch & Schneider, 1801)","US","12","","PRESENT",8,"c3ad790a-d426-4ac1-8e32-da61f81f0117",37.537417,-75.587533,NA,NA,NA,NA,22,0,"2012-10-15",15,10,2012,2408252,2408252,"HUMAN_OBSERVATION","","","",NA,"",NA,"CC0_1_0","","",NA,NA,2025-02-06 18:22:17.85,"","COORDINATE_ROUNDED;GEODETIC_DATUM_INVALID;GEODETIC_DATUM_ASSUMED_WGS84;COUNTRY_DERIVED_FROM_COORDINATES;CONTINENT_DERIVED_FROM_COORDINATES"
1835220774,"aedcba44-1b8c-47e0-ab48-9370e779b6e1","e48caca0-23e6-11e8-a64f-4f26032957e3","Animalia","Chordata",NA,"Pleuronectiformes","Achiridae","Trinectes","Trinectes maculatus",NA,"SPECIES","Trinectes maculatus (Bloch & Schneider, 1801)","Trinectes maculatus","(Bloch & Schneider, 1801)","US","10","","PRESENT",2,"c3ad790a-d426-4ac1-8e32-da61f81f0117",38.109967,-75.157533,NA,NA,NA,NA,38,0,"2012-10-14",14,10,2012,2408252,2408252,"HUMAN_OBSERVATION","","","",NA,"",NA,"CC0_1_0","","",NA,NA,2025-02-06 18:22:17.35,"","COORDINATE_ROUNDED;GEODETIC_DATUM_INVALID;GEODETIC_DATUM_ASSUMED_WGS84;COUNTRY_DERIVED_FROM_COORDINATES;CONTINENT_DERIVED_FROM_COORDINATES"
1835220737,"aedcba44-1b8c-47e0-ab48-9370e779b6e1","e48cd3aa-23e6-11e8-a64f-4f26032957e3","Animalia","Chordata",NA,"Pleuronectiformes","Achiridae","Trinectes","Trinectes maculatus",NA,"SPECIES","Trinectes maculatus (Bloch & Schneider, 1801)","Trinectes maculatus","(Bloch & Schneider, 1801)","US","09","","PRESENT",1,"c3ad790a-d426-4ac1-8e32-da61f81f0117",38.668183,-74.980467,NA,NA,NA,NA,58,0,"2012-10-12",12,10,2012,2408252,2408252,"HUMAN_OBSERVATION","","","",NA,"",NA,"CC0_1_0","","",NA,NA,2025-02-06 18:22:19.403,"","COORDINATE_ROUNDED;GEODETIC_DATUM_INVALID;GEODETIC_DATUM_ASSUMED_WGS84;COUNTRY_DERIVED_FROM_COORDINATES"
1835219676,"aedcba44-1b8c-47e0-ab48-9370e779b6e1","e48c3752-23e6-11e8-a64f-4f26032957e3","Animalia","Chordata",NA,"Pleuronectiformes","Achiridae","Trinectes","Trinectes maculatus",NA,"SPECIES","Trinectes maculatus (Bloch & Schneider, 1801)","Trinectes maculatus","(Bloch & Schneider, 1801)","US","13","","PRESENT",3,"c3ad790a-d426-4ac1-8e32-da61f81f0117",36.993,-75.98,NA,NA,NA,NA,27,0,"2013-10-31",31,10,2013,2408252,2408252,"HUMAN_OBSERVATION","","","",NA,"",NA,"CC0_1_0","","",NA,NA,2025-02-06 18:22:17.999,"","GEODETIC_DATUM_INVALID;GEODETIC_DATUM_ASSUMED_WGS84;COUNTRY_DERIVED_FROM_COORDINATES"
1835219491,"aedcba44-1b8c-47e0-ab48-9370e779b6e1","e48c4ae4-23e6-11e8-a64f-4f26032957e3","Animalia","Chordata",NA,"Pleuronectiformes","Achiridae","Trinectes","Trinectes maculatus",NA,"SPECIES","Trinectes maculatus (Bloch & Schneider, 1801)","Trinectes maculatus","(Bloch & Schneider, 1801)","US","12","","PRESENT",2,"c3ad790a-d426-4ac1-8e32-da61f81f0117",37.245,-75.721,NA,NA,NA,NA,27,0,"2013-10-28",28,10,2013,2408252,2408252,"HUMAN_OBSERVATION","","","",NA,"",NA,"CC0_1_0","","",NA,NA,2025-02-06 18:22:17.807,"","GEODETIC_DATUM_INVALID;GEODETIC_DATUM_ASSUMED_WGS84;COUNTRY_DERIVED_FROM_COORDINATES"
1835219385,"aedcba44-1b8c-47e0-ab48-9370e779b6e1","e48c857b-23e6-11e8-a64f-4f26032957e3","Animalia","Chordata",NA,"Pleuronectiformes","Achiridae","Trinectes","Trinectes maculatus",NA,"SPECIES","Trinectes maculatus (Bloch & Schneider, 1801)","Trinectes maculatus","(Bloch & Schneider, 1801)","US","12","","PRESENT",2,"c3ad790a-d426-4ac1-8e32-da61f81f0117",37.321,-75.66,NA,NA,NA,NA,33,0,"2013-10-28",28,10,2013,2408252,2408252,"HUMAN_OBSERVATION","","","",NA,"",NA,"CC0_1_0","","",NA,NA,2025-02-06 18:22:18.297,"","GEODETIC_DATUM_INVALID;GEODETIC_DATUM_ASSUMED_WGS84;COUNTRY_DERIVED_FROM_COORDINATES"
1835219373,"aedcba44-1b8c-47e0-ab48-9370e779b6e1","e48c71fe-23e6-11e8-a64f-4f26032957e3","Animalia","Chordata",NA,"Pleuronectiformes","Achiridae","Trinectes","Trinectes maculatus",NA,"SPECIES","Trinectes maculatus (Bloch & Schneider, 1801)","Trinectes maculatus","(Bloch & Schneider, 1801)","US","12","","PRESENT",15,"c3ad790a-d426-4ac1-8e32-da61f81f0117",37.269,-75.727,NA,NA,NA,NA,20,0,"2013-10-28",28,10,2013,2408252,2408252,"HUMAN_OBSERVATION","","","",NA,"",NA,"CC0_1_0","","",NA,NA,2025-02-06 18:22:19.886,"","GEODETIC_DATUM_INVALID;GEODETIC_DATUM_ASSUMED_WGS84;COUNTRY_DERIVED_FROM_COORDINATES"
1835218970,"aedcba44-1b8c-47e0-ab48-9370e779b6e1","e48cd3b2-23e6-11e8-a64f-4f26032957e3","Animalia","Chordata",NA,"Pleuronectiformes","Achiridae","Trinectes","Trinectes maculatus",NA,"SPECIES","Trinectes maculatus (Bloch & Schneider, 1801)","Trinectes maculatus","(Bloch & Schneider, 1801)","US","09","","PRESENT",1,"c3ad790a-d426-4ac1-8e32-da61f81f0117",38.678,-75.018,NA,NA,NA,NA,48,0,"2013-10-20",20,10,2013,2408252,2408252,"HUMAN_OBSERVATION","","","",NA,"",NA,"CC0_1_0","","",NA,NA,2025-02-06 18:22:19.281,"","GEODETIC_DATUM_INVALID;GEODETIC_DATUM_ASSUMED_WGS84;COUNTRY_DERIVED_FROM_COORDINATES"
1835218895,"aedcba44-1b8c-47e0-ab48-9370e779b6e1","e48c1039-23e6-11e8-a64f-4f26032957e3","Animalia","Chordata",NA,"Pleuronectiformes","Achiridae","Trinectes","Trinectes maculatus",NA,"SPECIES","Trinectes maculatus (Bloch & Schneider, 1801)","Trinectes maculatus","(Bloch & Schneider, 1801)","US","09","","PRESENT",36,"c3ad790a-d426-4ac1-8e32-da61f81f0117",38.809,-74.981,NA,NA,NA,NA,37,0,"2013-10-21",21,10,2013,2408252,2408252,"HUMAN_OBSERVATION","","","",NA,"",NA,"CC0_1_0","","",NA,NA,2025-02-06 18:22:18.319,"","GEODETIC_DATUM_INVALID;GEODETIC_DATUM_ASSUMED_WGS84;COUNTRY_DERIVED_FROM_COORDINATES"
1835216971,"aedcba44-1b8c-47e0-ab48-9370e779b6e1","e48c71f8-23e6-11e8-a64f-4f26032957e3","Animalia","Chordata",NA,"Pleuronectiformes","Achiridae","Trinectes","Trinectes maculatus",NA,"SPECIES","Trinectes maculatus (Bloch & Schneider, 1801)","Trinectes maculatus","(Bloch & Schneider, 1801)","US","12","","PRESENT",5,"c3ad790a-d426-4ac1-8e32-da61f81f0117",37.284,-75.727,NA,NA,NA,NA,12,0,"2013-04-30",30,4,2013,2408252,2408252,"HUMAN_OBSERVATION","","","",NA,"",NA,"CC0_1_0","","",NA,NA,2025-02-06 18:22:17.156,"","GEODETIC_DATUM_INVALID;GEODETIC_DATUM_ASSUMED_WGS84;COUNTRY_DERIVED_FROM_COORDINATES;CONTINENT_DERIVED_FROM_COORDINATES"
1835216946,"aedcba44-1b8c-47e0-ab48-9370e779b6e1","e48bd5a0-23e6-11e8-a64f-4f26032957e3","Animalia","Chordata",NA,"Pleuronectiformes","Achiridae","Trinectes","Trinectes maculatus",NA,"SPECIES","Trinectes maculatus (Bloch & Schneider, 1801)","Trinectes maculatus","(Bloch & Schneider, 1801)","US","11","","PRESENT",1,"c3ad790a-d426-4ac1-8e32-da61f81f0117",37.78,-75.387,NA,NA,NA,NA,37,0,"2013-05-08",8,5,2013,2408252,2408252,"HUMAN_OBSERVATION","","","",NA,"",NA,"CC0_1_0","","",NA,NA,2025-02-06 18:22:19.977,"","GEODETIC_DATUM_INVALID;GEODETIC_DATUM_ASSUMED_WGS84;COUNTRY_DERIVED_FROM_COORDINATES"
1835216934,"aedcba44-1b8c-47e0-ab48-9370e779b6e1","e48c3754-23e6-11e8-a64f-4f26032957e3","Animalia","Chordata",NA,"Pleuronectiformes","Achiridae","Trinectes","Trinectes maculatus",NA,"SPECIES","Trinectes maculatus (Bloch & Schneider, 1801)","Trinectes maculatus","(Bloch & Schneider, 1801)","US","12","","PRESENT",1,"c3ad790a-d426-4ac1-8e32-da61f81f0117",37.303,-75.654,NA,NA,NA,NA,42,0,"2013-04-29",29,4,2013,2408252,2408252,"HUMAN_OBSERVATION","","","",NA,"",NA,"CC0_1_0","","",NA,NA,2025-02-06 18:22:18.275,"","GEODETIC_DATUM_INVALID;GEODETIC_DATUM_ASSUMED_WGS84;COUNTRY_DERIVED_FROM_COORDINATES"
1835216914,"aedcba44-1b8c-47e0-ab48-9370e779b6e1","e48cd3a9-23e6-11e8-a64f-4f26032957e3","Animalia","Chordata",NA,"Pleuronectiformes","Achiridae","Trinectes","Trinectes maculatus",NA,"SPECIES","Trinectes maculatus (Bloch & Schneider, 1801)","Trinectes maculatus","(Bloch & Schneider, 1801)","US","13","","PRESENT",3,"c3ad790a-d426-4ac1-8e32-da61f81f0117",37.11,-75.856,NA,NA,NA,NA,NA,NA,"2013-04-29",29,4,2013,2408252,2408252,"HUMAN_OBSERVATION","","","",NA,"",NA,"CC0_1_0","","",NA,NA,2025-02-06 18:22:20.028,"","GEODETIC_DATUM_INVALID;GEODETIC_DATUM_ASSUMED_WGS84;COUNTRY_DERIVED_FROM_COORDINATES;CONTINENT_DERIVED_FROM_COORDINATES"
1835216825,"aedcba44-1b8c-47e0-ab48-9370e779b6e1","e48cd3a8-23e6-11e8-a64f-4f26032957e3","Animalia","Chordata",NA,"Pleuronectiformes","Achiridae","Trinectes","Trinectes maculatus",NA,"SPECIES","Trinectes maculatus (Bloch & Schneider, 1801)","Trinectes maculatus","(Bloch & Schneider, 1801)","US","11","","PRESENT",1,"c3ad790a-d426-4ac1-8e32-da61f81f0117",37.703,-75.531,NA,NA,NA,NA,33,0,"2013-05-01",1,5,2013,2408252,2408252,"HUMAN_OBSERVATION","","","",NA,"",NA,"CC0_1_0","","",NA,NA,2025-02-06 18:22:20.156,"","GEODETIC_DATUM_INVALID;GEODETIC_DATUM_ASSUMED_WGS84;COUNTRY_DERIVED_FROM_COORDINATES;CONTINENT_DERIVED_FROM_COORDINATES"
1835216673,"aedcba44-1b8c-47e0-ab48-9370e779b6e1","e48cbf7c-23e6-11e8-a64f-4f26032957e3","Animalia","Chordata",NA,"Pleuronectiformes","Achiridae","Trinectes","Trinectes maculatus",NA,"SPECIES","Trinectes maculatus (Bloch & Schneider, 1801)","Trinectes maculatus","(Bloch & Schneider, 1801)","US","11","","PRESENT",1,"c3ad790a-d426-4ac1-8e32-da61f81f0117",37.815,-75.48,NA,NA,NA,NA,16,0,"2013-05-08",8,5,2013,2408252,2408252,"HUMAN_OBSERVATION","","","",NA,"",NA,"CC0_1_0","","",NA,NA,2025-02-06 18:22:17.299,"","GEODETIC_DATUM_INVALID;GEODETIC_DATUM_ASSUMED_WGS84;COUNTRY_DERIVED_FROM_COORDINATES;CONTINENT_DERIVED_FROM_COORDINATES"
1835216665,"aedcba44-1b8c-47e0-ab48-9370e779b6e1","e48c857d-23e6-11e8-a64f-4f26032957e3","Animalia","Chordata",NA,"Pleuronectiformes","Achiridae","Trinectes","Trinectes maculatus",NA,"SPECIES","Trinectes maculatus (Bloch & Schneider, 1801)","Trinectes maculatus","(Bloch & Schneider, 1801)","US","11","","PRESENT",15,"c3ad790a-d426-4ac1-8e32-da61f81f0117",37.805,-75.394,NA,NA,NA,NA,29,0,"2013-05-08",8,5,2013,2408252,2408252,"HUMAN_OBSERVATION","","","",NA,"",NA,"CC0_1_0","","",NA,NA,2025-02-06 18:22:18.189,"","GEODETIC_DATUM_INVALID;GEODETIC_DATUM_ASSUMED_WGS84;COUNTRY_DERIVED_FROM_COORDINATES"
1835216458,"aedcba44-1b8c-47e0-ab48-9370e779b6e1","e48c9918-23e6-11e8-a64f-4f26032957e3","Animalia","Chordata",NA,"Pleuronectiformes","Achiridae","Trinectes","Trinectes maculatus",NA,"SPECIES","Trinectes maculatus (Bloch & Schneider, 1801)","Trinectes maculatus","(Bloch & Schneider, 1801)","US","10","","PRESENT",1,"c3ad790a-d426-4ac1-8e32-da61f81f0117",38.434,-74.031,NA,NA,NA,NA,33,0,"2013-05-09",9,5,2013,2408252,2408252,"HUMAN_OBSERVATION","","","",NA,"",NA,"CC0_1_0","","",NA,NA,2025-02-06 18:22:19.245,"","GEODETIC_DATUM_INVALID;GEODETIC_DATUM_ASSUMED_WGS84;COUNTRY_DERIVED_FROM_COORDINATES"
1835216279,"aedcba44-1b8c-47e0-ab48-9370e779b6e1","e48c4ae1-23e6-11e8-a64f-4f26032957e3","Animalia","Chordata",NA,"Pleuronectiformes","Achiridae","Trinectes","Trinectes maculatus",NA,"SPECIES","Trinectes maculatus (Bloch & Schneider, 1801)","Trinectes maculatus","(Bloch & Schneider, 1801)","US","09","","PRESENT",3,"c3ad790a-d426-4ac1-8e32-da61f81f0117",38.689,-75.038,NA,NA,NA,NA,37,0,"2013-05-11",11,5,2013,2408252,2408252,"HUMAN_OBSERVATION","","","",NA,"",NA,"CC0_1_0","","",NA,NA,2025-02-06 18:22:18.61,"","GEODETIC_DATUM_INVALID;GEODETIC_DATUM_ASSUMED_WGS84;COUNTRY_DERIVED_FROM_COORDINATES;CONTINENT_DERIVED_FROM_COORDINATES"
1835214715,"aedcba44-1b8c-47e0-ab48-9370e779b6e1","e48c9914-23e6-11e8-a64f-4f26032957e3","Animalia","Chordata",NA,"Pleuronectiformes","Achiridae","Trinectes","Trinectes maculatus",NA,"SPECIES","Trinectes maculatus (Bloch & Schneider, 1801)","Trinectes maculatus","(Bloch & Schneider, 1801)","US","10","","PRESENT",60,"c3ad790a-d426-4ac1-8e32-da61f81f0117",38.446233,-74.989533,NA,NA,NA,NA,53,0,"2011-10-14",14,10,2011,2408252,2408252,"HUMAN_OBSERVATION","","","",NA,"",NA,"CC0_1_0","","",NA,NA,2025-02-06 18:22:19.663,"","COORDINATE_ROUNDED;GEODETIC_DATUM_INVALID;GEODETIC_DATUM_ASSUMED_WGS84;COUNTRY_DERIVED_FROM_COORDINATES"
1835214714,"aedcba44-1b8c-47e0-ab48-9370e779b6e1","e48cac9f-23e6-11e8-a64f-4f26032957e3","Animalia","Chordata",NA,"Pleuronectiformes","Achiridae","Trinectes","Trinectes maculatus",NA,"SPECIES","Trinectes maculatus (Bloch & Schneider, 1801)","Trinectes maculatus","(Bloch & Schneider, 1801)","US","11","","PRESENT",2,"c3ad790a-d426-4ac1-8e32-da61f81f0117",37.802217,-75.4175,NA,NA,NA,NA,31,0,"2011-10-15",15,10,2011,2408252,2408252,"HUMAN_OBSERVATION","","","",NA,"",NA,"CC0_1_0","","",NA,NA,2025-02-06 18:22:18.229,"","COORDINATE_ROUNDED;GEODETIC_DATUM_INVALID;GEODETIC_DATUM_ASSUMED_WGS84;COUNTRY_DERIVED_FROM_COORDINATES"
1835214213,"aedcba44-1b8c-47e0-ab48-9370e779b6e1","e48c23c6-23e6-11e8-a64f-4f26032957e3","Animalia","Chordata",NA,"Pleuronectiformes","Achiridae","Trinectes","Trinectes maculatus",NA,"SPECIES","Trinectes maculatus (Bloch & Schneider, 1801)","Trinectes maculatus","(Bloch & Schneider, 1801)","US","09","","PRESENT",6,"c3ad790a-d426-4ac1-8e32-da61f81f0117",38.6786,-75.021717,NA,NA,NA,NA,44,0,"2011-10-11",11,10,2011,2408252,2408252,"HUMAN_OBSERVATION","","","",NA,"",NA,"CC0_1_0","","",NA,NA,2025-02-06 18:22:19.747,"","COORDINATE_ROUNDED;GEODETIC_DATUM_INVALID;GEODETIC_DATUM_ASSUMED_WGS84;COUNTRY_DERIVED_FROM_COORDINATES;CONTINENT_DERIVED_FROM_COORDINATES"
1835214084,"aedcba44-1b8c-47e0-ab48-9370e779b6e1","e48c1031-23e6-11e8-a64f-4f26032957e3","Animalia","Chordata",NA,"Pleuronectiformes","Achiridae","Trinectes","Trinectes maculatus",NA,"SPECIES","Trinectes maculatus (Bloch & Schneider, 1801)","Trinectes maculatus","(Bloch & Schneider, 1801)","US","13","","PRESENT",2,"c3ad790a-d426-4ac1-8e32-da61f81f0117",36.979467,-75.93985,NA,NA,NA,NA,36,0,"2012-10-18",18,10,2012,2408252,2408252,"HUMAN_OBSERVATION","","","",NA,"",NA,"CC0_1_0","","",NA,NA,2025-02-06 18:22:18.009,"","COORDINATE_ROUNDED;GEODETIC_DATUM_INVALID;GEODETIC_DATUM_ASSUMED_WGS84;COUNTRY_DERIVED_FROM_COORDINATES"
1835213891,"aedcba44-1b8c-47e0-ab48-9370e779b6e1","e48c5e65-23e6-11e8-a64f-4f26032957e3","Animalia","Chordata",NA,"Pleuronectiformes","Achiridae","Trinectes","Trinectes maculatus",NA,"SPECIES","Trinectes maculatus (Bloch & Schneider, 1801)","Trinectes maculatus","(Bloch & Schneider, 1801)","US","12","","PRESENT",1,"c3ad790a-d426-4ac1-8e32-da61f81f0117",37.232067,-75.692917,NA,NA,NA,NA,36,0,"2012-10-17",17,10,2012,2408252,2408252,"HUMAN_OBSERVATION","","","",NA,"",NA,"CC0_1_0","","",NA,NA,2025-02-06 18:22:18.329,"","COORDINATE_ROUNDED;GEODETIC_DATUM_INVALID;GEODETIC_DATUM_ASSUMED_WGS84;COUNTRY_DERIVED_FROM_COORDINATES"
1835213847,"aedcba44-1b8c-47e0-ab48-9370e779b6e1","e48c1037-23e6-11e8-a64f-4f26032957e3","Animalia","Chordata",NA,"Pleuronectiformes","Achiridae","Trinectes","Trinectes maculatus",NA,"SPECIES","Trinectes maculatus (Bloch & Schneider, 1801)","Trinectes maculatus","(Bloch & Schneider, 1801)","US","12","","PRESENT",3,"c3ad790a-d426-4ac1-8e32-da61f81f0117",37.289583,-75.681017,NA,NA,NA,NA,37,0,"2012-10-16",16,10,2012,2408252,2408252,"HUMAN_OBSERVATION","","","",NA,"",NA,"CC0_1_0","","",NA,NA,2025-02-06 18:22:18.694,"","COORDINATE_ROUNDED;GEODETIC_DATUM_INVALID;GEODETIC_DATUM_ASSUMED_WGS84;COUNTRY_DERIVED_FROM_COORDINATES"
1835213821,"aedcba44-1b8c-47e0-ab48-9370e779b6e1","e48c23c4-23e6-11e8-a64f-4f26032957e3","Animalia","Chordata",NA,"Pleuronectiformes","Achiridae","Trinectes","Trinectes maculatus",NA,"SPECIES","Trinectes maculatus (Bloch & Schneider, 1801)","Trinectes maculatus","(Bloch & Schneider, 1801)","US","12","","PRESENT",4,"c3ad790a-d426-4ac1-8e32-da61f81f0117",37.43635,-75.62735,NA,NA,NA,NA,32,0,"2012-10-16",16,10,2012,2408252,2408252,"HUMAN_OBSERVATION","","","",NA,"",NA,"CC0_1_0","","",NA,NA,2025-02-06 18:22:19.977,"","COORDINATE_ROUNDED;GEODETIC_DATUM_INVALID;GEODETIC_DATUM_ASSUMED_WGS84;COUNTRY_DERIVED_FROM_COORDINATES;CONTINENT_DERIVED_FROM_COORDINATES"
1835213718,"aedcba44-1b8c-47e0-ab48-9370e779b6e1","e48c4ae0-23e6-11e8-a64f-4f26032957e3","Animalia","Chordata",NA,"Pleuronectiformes","Achiridae","Trinectes","Trinectes maculatus",NA,"SPECIES","Trinectes maculatus (Bloch & Schneider, 1801)","Trinectes maculatus","(Bloch & Schneider, 1801)","US","11","","PRESENT",2,"c3ad790a-d426-4ac1-8e32-da61f81f0117",37.630717,-75.5345,NA,NA,NA,NA,37,0,"2012-10-15",15,10,2012,2408252,2408252,"HUMAN_OBSERVATION","","","",NA,"",NA,"CC0_1_0","","",NA,NA,2025-02-06 18:22:18.697,"","COORDINATE_ROUNDED;GEODETIC_DATUM_INVALID;GEODETIC_DATUM_ASSUMED_WGS84;COUNTRY_DERIVED_FROM_COORDINATES"
1835213637,"aedcba44-1b8c-47e0-ab48-9370e779b6e1","e48c1032-23e6-11e8-a64f-4f26032957e3","Animalia","Chordata",NA,"Pleuronectiformes","Achiridae","Trinectes","Trinectes maculatus",NA,"SPECIES","Trinectes maculatus (Bloch & Schneider, 1801)","Trinectes maculatus","(Bloch & Schneider, 1801)","US","11","","PRESENT",18,"c3ad790a-d426-4ac1-8e32-da61f81f0117",37.565933,-75.56855,NA,NA,NA,NA,40,0,"2012-10-16",16,10,2012,2408252,2408252,"HUMAN_OBSERVATION","","","",NA,"",NA,"CC0_1_0","","",NA,NA,2025-02-06 18:22:19.469,"","COORDINATE_ROUNDED;GEODETIC_DATUM_INVALID;GEODETIC_DATUM_ASSUMED_WGS84;COUNTRY_DERIVED_FROM_COORDINATES;CONTINENT_DERIVED_FROM_COORDINATES"
1835213593,"aedcba44-1b8c-47e0-ab48-9370e779b6e1","e48c71fa-23e6-11e8-a64f-4f26032957e3","Animalia","Chordata",NA,"Pleuronectiformes","Achiridae","Trinectes","Trinectes maculatus",NA,"SPECIES","Trinectes maculatus (Bloch & Schneider, 1801)","Trinectes maculatus","(Bloch & Schneider, 1801)","US","11","","PRESENT",5,"c3ad790a-d426-4ac1-8e32-da61f81f0117",37.777933,-75.503967,NA,NA,NA,NA,26,0,"2012-10-15",15,10,2012,2408252,2408252,"HUMAN_OBSERVATION","","","",NA,"",NA,"CC0_1_0","","",NA,NA,2025-02-06 18:22:17.409,"","COORDINATE_ROUNDED;GEODETIC_DATUM_INVALID;GEODETIC_DATUM_ASSUMED_WGS84;COUNTRY_DERIVED_FROM_COORDINATES;CONTINENT_DERIVED_FROM_COORDINATES"
1835213534,"aedcba44-1b8c-47e0-ab48-9370e779b6e1","e48c23c5-23e6-11e8-a64f-4f26032957e3","Animalia","Chordata",NA,"Pleuronectiformes","Achiridae","Trinectes","Trinectes maculatus",NA,"SPECIES","Trinectes maculatus (Bloch & Schneider, 1801)","Trinectes maculatus","(Bloch & Schneider, 1801)","US","11","","PRESENT",1,"c3ad790a-d426-4ac1-8e32-da61f81f0117",37.81445,-75.463717,NA,NA,NA,NA,26,0,"2012-10-15",15,10,2012,2408252,2408252,"HUMAN_OBSERVATION","","","",NA,"",NA,"CC0_1_0","","",NA,NA,2025-02-06 18:22:19.189,"","COORDINATE_ROUNDED;GEODETIC_DATUM_INVALID;GEODETIC_DATUM_ASSUMED_WGS84;COUNTRY_DERIVED_FROM_COORDINATES;CONTINENT_DERIVED_FROM_COORDINATES"
1835213518,"aedcba44-1b8c-47e0-ab48-9370e779b6e1","e48be91e-23e6-11e8-a64f-4f26032957e3","Animalia","Chordata",NA,"Pleuronectiformes","Achiridae","Trinectes","Trinectes maculatus",NA,"SPECIES","Trinectes maculatus (Bloch & Schneider, 1801)","Trinectes maculatus","(Bloch & Schneider, 1801)","US","10","","PRESENT",7,"c3ad790a-d426-4ac1-8e32-da61f81f0117",38.336833,-75.034233,NA,NA,NA,NA,47,0,"2012-10-12",12,10,2012,2408252,2408252,"HUMAN_OBSERVATION","","","",NA,"",NA,"CC0_1_0","","",NA,NA,2025-02-06 18:22:19.806,"","COORDINATE_ROUNDED;GEODETIC_DATUM_INVALID;GEODETIC_DATUM_ASSUMED_WGS84;COUNTRY_DERIVED_FROM_COORDINATES;CONTINENT_DERIVED_FROM_COORDINATES"
1835213448,"aedcba44-1b8c-47e0-ab48-9370e779b6e1","e48c5e68-23e6-11e8-a64f-4f26032957e3","Animalia","Chordata",NA,"Pleuronectiformes","Achiridae","Trinectes","Trinectes maculatus",NA,"SPECIES","Trinectes maculatus (Bloch & Schneider, 1801)","Trinectes maculatus","(Bloch & Schneider, 1801)","US","11","","PRESENT",3,"c3ad790a-d426-4ac1-8e32-da61f81f0117",38.01845,-75.224733,NA,NA,NA,NA,28,0,"2012-10-14",14,10,2012,2408252,2408252,"HUMAN_OBSERVATION","","","",NA,"",NA,"CC0_1_0","","",NA,NA,2025-02-06 18:22:18.738,"","COORDINATE_ROUNDED;GEODETIC_DATUM_INVALID;GEODETIC_DATUM_ASSUMED_WGS84;COUNTRY_DERIVED_FROM_COORDINATES;CONTINENT_DERIVED_FROM_COORDINATES"
1835213440,"aedcba44-1b8c-47e0-ab48-9370e779b6e1","e48ce73a-23e6-11e8-a64f-4f26032957e3","Animalia","Chordata",NA,"Pleuronectiformes","Achiridae","Trinectes","Trinectes maculatus",NA,"SPECIES","Trinectes maculatus (Bloch & Schneider, 1801)","Trinectes maculatus","(Bloch & Schneider, 1801)","US","10","","PRESENT",2,"c3ad790a-d426-4ac1-8e32-da61f81f0117",38.311,-74.984967,NA,NA,NA,NA,55,0,"2012-10-13",13,10,2012,2408252,2408252,"HUMAN_OBSERVATION","","","",NA,"",NA,"CC0_1_0","","",NA,NA,2025-02-06 18:22:18.816,"","COORDINATE_ROUNDED;GEODETIC_DATUM_INVALID;GEODETIC_DATUM_ASSUMED_WGS84;COUNTRY_DERIVED_FROM_COORDINATES"
1835213363,"aedcba44-1b8c-47e0-ab48-9370e779b6e1","e48c4adf-23e6-11e8-a64f-4f26032957e3","Animalia","Chordata",NA,"Pleuronectiformes","Achiridae","Trinectes","Trinectes maculatus",NA,"SPECIES","Trinectes maculatus (Bloch & Schneider, 1801)","Trinectes maculatus","(Bloch & Schneider, 1801)","US","09","","PRESENT",1,"c3ad790a-d426-4ac1-8e32-da61f81f0117",38.693933,-74.993583,NA,NA,NA,NA,47,0,"2012-10-11",11,10,2012,2408252,2408252,"HUMAN_OBSERVATION","","","",NA,"",NA,"CC0_1_0","","",NA,NA,2025-02-06 18:22:18.124,"","COORDINATE_ROUNDED;GEODETIC_DATUM_INVALID;GEODETIC_DATUM_ASSUMED_WGS84;COUNTRY_DERIVED_FROM_COORDINATES"
1835213337,"aedcba44-1b8c-47e0-ab48-9370e779b6e1","e48be919-23e6-11e8-a64f-4f26032957e3","Animalia","Chordata",NA,"Pleuronectiformes","Achiridae","Trinectes","Trinectes maculatus",NA,"SPECIES","Trinectes maculatus (Bloch & Schneider, 1801)","Trinectes maculatus","(Bloch & Schneider, 1801)","US","10","","PRESENT",2,"c3ad790a-d426-4ac1-8e32-da61f81f0117",38.37085,-75.014083,NA,NA,NA,NA,50,0,"2012-10-11",11,10,2012,2408252,2408252,"HUMAN_OBSERVATION","","","",NA,"",NA,"CC0_1_0","","",NA,NA,2025-02-06 18:22:18.703,"","COORDINATE_ROUNDED;GEODETIC_DATUM_INVALID;GEODETIC_DATUM_ASSUMED_WGS84;COUNTRY_DERIVED_FROM_COORDINATES"
1835213100,"aedcba44-1b8c-47e0-ab48-9370e779b6e1","e48cac9d-23e6-11e8-a64f-4f26032957e3","Animalia","Chordata",NA,"Pleuronectiformes","Achiridae","Trinectes","Trinectes maculatus",NA,"SPECIES","Trinectes maculatus (Bloch & Schneider, 1801)","Trinectes maculatus","(Bloch & Schneider, 1801)","US","09","","PRESENT",1,"c3ad790a-d426-4ac1-8e32-da61f81f0117",38.626667,-74.9637,NA,NA,NA,NA,52,0,"2011-10-11",11,10,2011,2408252,2408252,"HUMAN_OBSERVATION","","","",NA,"",NA,"CC0_1_0","","",NA,NA,2025-02-06 18:22:18.2,"","COORDINATE_ROUNDED;GEODETIC_DATUM_INVALID;GEODETIC_DATUM_ASSUMED_WGS84;COUNTRY_DERIVED_FROM_COORDINATES"
1835211503,"aedcba44-1b8c-47e0-ab48-9370e779b6e1","e48c1038-23e6-11e8-a64f-4f26032957e3","Animalia","Chordata",NA,"Pleuronectiformes","Achiridae","Trinectes","Trinectes maculatus",NA,"SPECIES","Trinectes maculatus (Bloch & Schneider, 1801)","Trinectes maculatus","(Bloch & Schneider, 1801)","US","11","","PRESENT",1,"c3ad790a-d426-4ac1-8e32-da61f81f0117",37.702117,-75.51925,NA,NA,NA,NA,41,0,"2011-04-29",29,4,2011,2408252,2408252,"HUMAN_OBSERVATION","","","",NA,"",NA,"CC0_1_0","","",NA,NA,2025-02-06 18:22:17.602,"","COORDINATE_ROUNDED;GEODETIC_DATUM_INVALID;GEODETIC_DATUM_ASSUMED_WGS84;COUNTRY_DERIVED_FROM_COORDINATES"
1835210895,"aedcba44-1b8c-47e0-ab48-9370e779b6e1","e48bfcb4-23e6-11e8-a64f-4f26032957e3","Animalia","Chordata",NA,"Pleuronectiformes","Achiridae","Trinectes","Trinectes maculatus",NA,"SPECIES","Trinectes maculatus (Bloch & Schneider, 1801)","Trinectes maculatus","(Bloch & Schneider, 1801)","US","12","","PRESENT",3,"c3ad790a-d426-4ac1-8e32-da61f81f0117",37.238682,-75.752724,NA,NA,NA,NA,30,0,"2012-04-28",28,4,2012,2408252,2408252,"HUMAN_OBSERVATION","","","",NA,"",NA,"CC0_1_0","","",NA,NA,2025-02-06 18:22:18.069,"","COORDINATE_ROUNDED;GEODETIC_DATUM_INVALID;GEODETIC_DATUM_ASSUMED_WGS84;COUNTRY_DERIVED_FROM_COORDINATES;CONTINENT_DERIVED_FROM_COORDINATES"
1835210861,"aedcba44-1b8c-47e0-ab48-9370e779b6e1","e48c5e64-23e6-11e8-a64f-4f26032957e3","Animalia","Chordata",NA,"Pleuronectiformes","Achiridae","Trinectes","Trinectes maculatus",NA,"SPECIES","Trinectes maculatus (Bloch & Schneider, 1801)","Trinectes maculatus","(Bloch & Schneider, 1801)","US","12","","PRESENT",6,"c3ad790a-d426-4ac1-8e32-da61f81f0117",37.418331,-75.651787,NA,NA,NA,NA,13,0,"2012-05-01",1,5,2012,2408252,2408252,"HUMAN_OBSERVATION","","","",NA,"",NA,"CC0_1_0","","",NA,NA,2025-02-06 18:22:17.42,"","COORDINATE_ROUNDED;GEODETIC_DATUM_INVALID;GEODETIC_DATUM_ASSUMED_WGS84;COUNTRY_DERIVED_FROM_COORDINATES;CONTINENT_DERIVED_FROM_COORDINATES"
1835210580,"aedcba44-1b8c-47e0-ab48-9370e779b6e1","e48c5e6b-23e6-11e8-a64f-4f26032957e3","Animalia","Chordata",NA,"Pleuronectiformes","Achiridae","Trinectes","Trinectes maculatus",NA,"SPECIES","Trinectes maculatus (Bloch & Schneider, 1801)","Trinectes maculatus","(Bloch & Schneider, 1801)","US","11","","PRESENT",4,"c3ad790a-d426-4ac1-8e32-da61f81f0117",37.631229,-75.580437,NA,NA,NA,NA,18,0,"2012-05-01",1,5,2012,2408252,2408252,"HUMAN_OBSERVATION","","","",NA,"",NA,"CC0_1_0","","",NA,NA,2025-02-06 18:22:19.253,"","COORDINATE_ROUNDED;GEODETIC_DATUM_INVALID;GEODETIC_DATUM_ASSUMED_WGS84;COUNTRY_DERIVED_FROM_COORDINATES;CONTINENT_DERIVED_FROM_COORDINATES"
1835210325,"aedcba44-1b8c-47e0-ab48-9370e779b6e1","e48c5e66-23e6-11e8-a64f-4f26032957e3","Animalia","Chordata",NA,"Pleuronectiformes","Achiridae","Trinectes","Trinectes maculatus",NA,"SPECIES","Trinectes maculatus (Bloch & Schneider, 1801)","Trinectes maculatus","(Bloch & Schneider, 1801)","US","10","","PRESENT",1,"c3ad790a-d426-4ac1-8e32-da61f81f0117",38.356499,-75.03492,NA,NA,NA,NA,42,0,"2012-05-03",3,5,2012,2408252,2408252,"HUMAN_OBSERVATION","","","",NA,"",NA,"CC0_1_0","","",NA,NA,2025-02-06 18:22:18.966,"","COORDINATE_ROUNDED;GEODETIC_DATUM_INVALID;GEODETIC_DATUM_ASSUMED_WGS84;COUNTRY_DERIVED_FROM_COORDINATES;CONTINENT_DERIVED_FROM_COORDINATES"
1835209900,"aedcba44-1b8c-47e0-ab48-9370e779b6e1","e48c4add-23e6-11e8-a64f-4f26032957e3","Animalia","Chordata",NA,"Pleuronectiformes","Achiridae","Trinectes","Trinectes maculatus",NA,"SPECIES","Trinectes maculatus (Bloch & Schneider, 1801)","Trinectes maculatus","(Bloch & Schneider, 1801)","US","09","","PRESENT",23,"c3ad790a-d426-4ac1-8e32-da61f81f0117",38.718849,-75.059196,NA,NA,NA,NA,41,0,"2012-05-04",4,5,2012,2408252,2408252,"HUMAN_OBSERVATION","","","",NA,"",NA,"CC0_1_0","","",NA,NA,2025-02-06 18:22:18.374,"","COORDINATE_ROUNDED;GEODETIC_DATUM_INVALID;GEODETIC_DATUM_ASSUMED_WGS84;COUNTRY_DERIVED_FROM_COORDINATES;CONTINENT_DERIVED_FROM_COORDINATES"
1835208705,"aedcba44-1b8c-47e0-ab48-9370e779b6e1","e48c9917-23e6-11e8-a64f-4f26032957e3","Animalia","Chordata",NA,"Pleuronectiformes","Achiridae","Trinectes","Trinectes maculatus",NA,"SPECIES","Trinectes maculatus (Bloch & Schneider, 1801)","Trinectes maculatus","(Bloch & Schneider, 1801)","US","15","","PRESENT",1,"c3ad790a-d426-4ac1-8e32-da61f81f0117",35.8291,-75.535733,NA,NA,NA,NA,38,0,"2011-10-24",24,10,2011,2408252,2408252,"HUMAN_OBSERVATION","","","",NA,"",NA,"CC0_1_0","","",NA,NA,2025-02-06 18:22:17.839,"","COORDINATE_ROUNDED;GEODETIC_DATUM_INVALID;GEODETIC_DATUM_ASSUMED_WGS84;COUNTRY_DERIVED_FROM_COORDINATES;CONTINENT_DERIVED_FROM_COORDINATES"
1835208234,"aedcba44-1b8c-47e0-ab48-9370e779b6e1","e48cbf79-23e6-11e8-a64f-4f26032957e3","Animalia","Chordata",NA,"Pleuronectiformes","Achiridae","Trinectes","Trinectes maculatus",NA,"SPECIES","Trinectes maculatus (Bloch & Schneider, 1801)","Trinectes maculatus","(Bloch & Schneider, 1801)","US","11","","PRESENT",1,"c3ad790a-d426-4ac1-8e32-da61f81f0117",37.985633,-75.244867,NA,NA,NA,NA,21,0,"2010-10-20",20,10,2010,2408252,2408252,"HUMAN_OBSERVATION","","","",NA,"",NA,"CC0_1_0","","",NA,NA,2025-02-06 18:22:19.461,"","COORDINATE_ROUNDED;GEODETIC_DATUM_INVALID;GEODETIC_DATUM_ASSUMED_WGS84;COUNTRY_DERIVED_FROM_COORDINATES;CONTINENT_DERIVED_FROM_COORDINATES"
1835208168,"aedcba44-1b8c-47e0-ab48-9370e779b6e1","e48be91b-23e6-11e8-a64f-4f26032957e3","Animalia","Chordata",NA,"Pleuronectiformes","Achiridae","Trinectes","Trinectes maculatus",NA,"SPECIES","Trinectes maculatus (Bloch & Schneider, 1801)","Trinectes maculatus","(Bloch & Schneider, 1801)","US","13","","PRESENT",6,"c3ad790a-d426-4ac1-8e32-da61f81f0117",37.0348,-75.953767,NA,NA,NA,NA,26,0,"2011-10-22",22,10,2011,2408252,2408252,"HUMAN_OBSERVATION","","","",NA,"",NA,"CC0_1_0","","",NA,NA,2025-02-06 18:22:19.344,"","COORDINATE_ROUNDED;GEODETIC_DATUM_INVALID;GEODETIC_DATUM_ASSUMED_WGS84;COUNTRY_DERIVED_FROM_COORDINATES;CONTINENT_DERIVED_FROM_COORDINATES"
1835207922,"aedcba44-1b8c-47e0-ab48-9370e779b6e1","e48c7200-23e6-11e8-a64f-4f26032957e3","Animalia","Chordata",NA,"Pleuronectiformes","Achiridae","Trinectes","Trinectes maculatus",NA,"SPECIES","Trinectes maculatus (Bloch & Schneider, 1801)","Trinectes maculatus","(Bloch & Schneider, 1801)","US","12","","PRESENT",2,"c3ad790a-d426-4ac1-8e32-da61f81f0117",37.482,-75.60535,NA,NA,NA,NA,25,0,"2011-10-16",16,10,2011,2408252,2408252,"HUMAN_OBSERVATION","","","",NA,"",NA,"CC0_1_0","","",NA,NA,2025-02-06 18:22:18.224,"","COORDINATE_ROUNDED;GEODETIC_DATUM_INVALID;GEODETIC_DATUM_ASSUMED_WGS84;COUNTRY_DERIVED_FROM_COORDINATES;CONTINENT_DERIVED_FROM_COORDINATES"
1835207766,"aedcba44-1b8c-47e0-ab48-9370e779b6e1","e48bd5a1-23e6-11e8-a64f-4f26032957e3","Animalia","Chordata",NA,"Pleuronectiformes","Achiridae","Trinectes","Trinectes maculatus",NA,"SPECIES","Trinectes maculatus (Bloch & Schneider, 1801)","Trinectes maculatus","(Bloch & Schneider, 1801)","US","12","","PRESENT",2,"c3ad790a-d426-4ac1-8e32-da61f81f0117",37.236267,-75.75035,NA,NA,NA,NA,12,0,"2011-10-17",17,10,2011,2408252,2408252,"HUMAN_OBSERVATION","","","",NA,"",NA,"CC0_1_0","","",NA,NA,2025-02-06 18:22:19.833,"","COORDINATE_ROUNDED;GEODETIC_DATUM_INVALID;GEODETIC_DATUM_ASSUMED_WGS84;COUNTRY_DERIVED_FROM_COORDINATES;CONTINENT_DERIVED_FROM_COORDINATES"
1835207613,"aedcba44-1b8c-47e0-ab48-9370e779b6e1","e48cbf7d-23e6-11e8-a64f-4f26032957e3","Animalia","Chordata",NA,"Pleuronectiformes","Achiridae","Trinectes","Trinectes maculatus",NA,"SPECIES","Trinectes maculatus (Bloch & Schneider, 1801)","Trinectes maculatus","(Bloch & Schneider, 1801)","US","11","","PRESENT",3,"c3ad790a-d426-4ac1-8e32-da61f81f0117",37.645983,-75.550833,NA,NA,NA,NA,31,0,"2011-10-16",16,10,2011,2408252,2408252,"HUMAN_OBSERVATION","","","",NA,"",NA,"CC0_1_0","","",NA,NA,2025-02-06 18:22:18.104,"","COORDINATE_ROUNDED;GEODETIC_DATUM_INVALID;GEODETIC_DATUM_ASSUMED_WGS84;COUNTRY_DERIVED_FROM_COORDINATES;CONTINENT_DERIVED_FROM_COORDINATES"
1835207548,"aedcba44-1b8c-47e0-ab48-9370e779b6e1","e48c4ae5-23e6-11e8-a64f-4f26032957e3","Animalia","Chordata",NA,"Pleuronectiformes","Achiridae","Trinectes","Trinectes maculatus",NA,"SPECIES","Trinectes maculatus (Bloch & Schneider, 1801)","Trinectes maculatus","(Bloch & Schneider, 1801)","US","11","","PRESENT",14,"c3ad790a-d426-4ac1-8e32-da61f81f0117",37.606667,-75.57425,NA,NA,NA,NA,24,0,"2011-10-16",16,10,2011,2408252,2408252,"HUMAN_OBSERVATION","","","",NA,"",NA,"CC0_1_0","","",NA,NA,2025-02-06 18:22:19.473,"","COORDINATE_ROUNDED;GEODETIC_DATUM_INVALID;GEODETIC_DATUM_ASSUMED_WGS84;COUNTRY_DERIVED_FROM_COORDINATES;CONTINENT_DERIVED_FROM_COORDINATES"
1835207483,"aedcba44-1b8c-47e0-ab48-9370e779b6e1","e48caca2-23e6-11e8-a64f-4f26032957e3","Animalia","Chordata",NA,"Pleuronectiformes","Achiridae","Trinectes","Trinectes maculatus",NA,"SPECIES","Trinectes maculatus (Bloch & Schneider, 1801)","Trinectes maculatus","(Bloch & Schneider, 1801)","US","11","","PRESENT",15,"c3ad790a-d426-4ac1-8e32-da61f81f0117",37.762433,-75.50515,NA,NA,NA,NA,27,0,"2011-10-15",15,10,2011,2408252,2408252,"HUMAN_OBSERVATION","","","",NA,"",NA,"CC0_1_0","","",NA,NA,2025-02-06 18:22:19.34,"","COORDINATE_ROUNDED;GEODETIC_DATUM_INVALID;GEODETIC_DATUM_ASSUMED_WGS84;COUNTRY_DERIVED_FROM_COORDINATES;CONTINENT_DERIVED_FROM_COORDINATES"
1835207402,"aedcba44-1b8c-47e0-ab48-9370e779b6e1","e48ce73b-23e6-11e8-a64f-4f26032957e3","Animalia","Chordata",NA,"Pleuronectiformes","Achiridae","Trinectes","Trinectes maculatus",NA,"SPECIES","Trinectes maculatus (Bloch & Schneider, 1801)","Trinectes maculatus","(Bloch & Schneider, 1801)","US","10","","PRESENT",5,"c3ad790a-d426-4ac1-8e32-da61f81f0117",38.429733,-74.935667,NA,NA,NA,NA,43,0,"2011-10-13",13,10,2011,2408252,2408252,"HUMAN_OBSERVATION","","","",NA,"",NA,"CC0_1_0","","",NA,NA,2025-02-06 18:22:18.469,"","COORDINATE_ROUNDED;GEODETIC_DATUM_INVALID;GEODETIC_DATUM_ASSUMED_WGS84;COUNTRY_DERIVED_FROM_COORDINATES"
1835207293,"aedcba44-1b8c-47e0-ab48-9370e779b6e1","e48c103a-23e6-11e8-a64f-4f26032957e3","Animalia","Chordata",NA,"Pleuronectiformes","Achiridae","Trinectes","Trinectes maculatus",NA,"SPECIES","Trinectes maculatus (Bloch & Schneider, 1801)","Trinectes maculatus","(Bloch & Schneider, 1801)","US","10","","PRESENT",7,"c3ad790a-d426-4ac1-8e32-da61f81f0117",38.297967,-75.0117,NA,NA,NA,NA,57,0,"2011-10-14",14,10,2011,2408252,2408252,"HUMAN_OBSERVATION","","","",NA,"",NA,"CC0_1_0","","",NA,NA,2025-02-06 18:22:17.926,"","COORDINATE_ROUNDED;GEODETIC_DATUM_INVALID;GEODETIC_DATUM_ASSUMED_WGS84;COUNTRY_DERIVED_FROM_COORDINATES"
1835207252,"aedcba44-1b8c-47e0-ab48-9370e779b6e1","e48c1036-23e6-11e8-a64f-4f26032957e3","Animalia","Chordata",NA,"Pleuronectiformes","Achiridae","Trinectes","Trinectes maculatus",NA,"SPECIES","Trinectes maculatus (Bloch & Schneider, 1801)","Trinectes maculatus","(Bloch & Schneider, 1801)","US","10","","PRESENT",3,"c3ad790a-d426-4ac1-8e32-da61f81f0117",38.229583,-75.11495,NA,NA,NA,NA,39,0,"2011-10-14",14,10,2011,2408252,2408252,"HUMAN_OBSERVATION","","","",NA,"",NA,"CC0_1_0","","",NA,NA,2025-02-06 18:22:18.802,"","COORDINATE_ROUNDED;GEODETIC_DATUM_INVALID;GEODETIC_DATUM_ASSUMED_WGS84;COUNTRY_DERIVED_FROM_COORDINATES;CONTINENT_DERIVED_FROM_COORDINATES"
1835207178,"aedcba44-1b8c-47e0-ab48-9370e779b6e1","e48c857c-23e6-11e8-a64f-4f26032957e3","Animalia","Chordata",NA,"Pleuronectiformes","Achiridae","Trinectes","Trinectes maculatus",NA,"SPECIES","Trinectes maculatus (Bloch & Schneider, 1801)","Trinectes maculatus","(Bloch & Schneider, 1801)","US","09","","PRESENT",90,"c3ad790a-d426-4ac1-8e32-da61f81f0117",38.521883,-75.0267,NA,NA,NA,NA,35,0,"2011-10-09",9,10,2011,2408252,2408252,"HUMAN_OBSERVATION","","","",NA,"",NA,"CC0_1_0","","",NA,NA,2025-02-06 18:22:19.035,"","COORDINATE_ROUNDED;GEODETIC_DATUM_INVALID;GEODETIC_DATUM_ASSUMED_WGS84;COUNTRY_DERIVED_FROM_COORDINATES;CONTINENT_DERIVED_FROM_COORDINATES"
1835207155,"aedcba44-1b8c-47e0-ab48-9370e779b6e1","e48c991a-23e6-11e8-a64f-4f26032957e3","Animalia","Chordata",NA,"Pleuronectiformes","Achiridae","Trinectes","Trinectes maculatus",NA,"SPECIES","Trinectes maculatus (Bloch & Schneider, 1801)","Trinectes maculatus","(Bloch & Schneider, 1801)","US","09","","PRESENT",2,"c3ad790a-d426-4ac1-8e32-da61f81f0117",38.594933,-75.036333,NA,NA,NA,NA,35,0,"2011-10-11",11,10,2011,2408252,2408252,"HUMAN_OBSERVATION","","","",NA,"",NA,"CC0_1_0","","",NA,NA,2025-02-06 18:22:18.812,"","COORDINATE_ROUNDED;GEODETIC_DATUM_INVALID;GEODETIC_DATUM_ASSUMED_WGS84;COUNTRY_DERIVED_FROM_COORDINATES;CONTINENT_DERIVED_FROM_COORDINATES"
1835207149,"aedcba44-1b8c-47e0-ab48-9370e779b6e1","e48be91a-23e6-11e8-a64f-4f26032957e3","Animalia","Chordata",NA,"Pleuronectiformes","Achiridae","Trinectes","Trinectes maculatus",NA,"SPECIES","Trinectes maculatus (Bloch & Schneider, 1801)","Trinectes maculatus","(Bloch & Schneider, 1801)","US","09","","PRESENT",18,"c3ad790a-d426-4ac1-8e32-da61f81f0117",38.667883,-75.021667,NA,NA,NA,NA,44,0,"2011-10-11",11,10,2011,2408252,2408252,"HUMAN_OBSERVATION","","","",NA,"",NA,"CC0_1_0","","",NA,NA,2025-02-06 18:22:17.476,"","COORDINATE_ROUNDED;GEODETIC_DATUM_INVALID;GEODETIC_DATUM_ASSUMED_WGS84;COUNTRY_DERIVED_FROM_COORDINATES;CONTINENT_DERIVED_FROM_COORDINATES"
1835207117,"aedcba44-1b8c-47e0-ab48-9370e779b6e1","e48c374a-23e6-11e8-a64f-4f26032957e3","Animalia","Chordata",NA,"Pleuronectiformes","Achiridae","Trinectes","Trinectes maculatus",NA,"SPECIES","Trinectes maculatus (Bloch & Schneider, 1801)","Trinectes maculatus","(Bloch & Schneider, 1801)","US","09","","PRESENT",28,"c3ad790a-d426-4ac1-8e32-da61f81f0117",38.5533,-75.025333,NA,NA,NA,NA,31,0,"2011-10-11",11,10,2011,2408252,2408252,"HUMAN_OBSERVATION","","","",NA,"",NA,"CC0_1_0","","",NA,NA,2025-02-06 18:22:19.915,"","COORDINATE_ROUNDED;GEODETIC_DATUM_INVALID;GEODETIC_DATUM_ASSUMED_WGS84;COUNTRY_DERIVED_FROM_COORDINATES;CONTINENT_DERIVED_FROM_COORDINATES"
1835206921,"aedcba44-1b8c-47e0-ab48-9370e779b6e1","e48be916-23e6-11e8-a64f-4f26032957e3","Animalia","Chordata",NA,"Pleuronectiformes","Achiridae","Trinectes","Trinectes maculatus",NA,"SPECIES","Trinectes maculatus (Bloch & Schneider, 1801)","Trinectes maculatus","(Bloch & Schneider, 1801)","US","08","","PRESENT",2,"c3ad790a-d426-4ac1-8e32-da61f81f0117",38.95185,-74.768067,NA,NA,NA,NA,44,0,"2011-10-08",8,10,2011,2408252,2408252,"HUMAN_OBSERVATION","","","",NA,"",NA,"CC0_1_0","","",NA,NA,2025-02-06 18:22:18.871,"","COORDINATE_ROUNDED;GEODETIC_DATUM_INVALID;GEODETIC_DATUM_ASSUMED_WGS84;COUNTRY_DERIVED_FROM_COORDINATES;CONTINENT_DERIVED_FROM_COORDINATES"
1835206868,"aedcba44-1b8c-47e0-ab48-9370e779b6e1","e48cd3af-23e6-11e8-a64f-4f26032957e3","Animalia","Chordata",NA,"Pleuronectiformes","Achiridae","Trinectes","Trinectes maculatus",NA,"SPECIES","Trinectes maculatus (Bloch & Schneider, 1801)","Trinectes maculatus","(Bloch & Schneider, 1801)","US","07","","PRESENT",1,"c3ad790a-d426-4ac1-8e32-da61f81f0117",39.42885,-74.282,NA,NA,NA,NA,32,0,"2011-10-07",7,10,2011,2408252,2408252,"HUMAN_OBSERVATION","","","",NA,"",NA,"CC0_1_0","","",NA,NA,2025-02-06 18:22:18.802,"","COORDINATE_ROUNDED;GEODETIC_DATUM_INVALID;GEODETIC_DATUM_ASSUMED_WGS84;COUNTRY_DERIVED_FROM_COORDINATES;CONTINENT_DERIVED_FROM_COORDINATES"
1835206867,"aedcba44-1b8c-47e0-ab48-9370e779b6e1","e48c374b-23e6-11e8-a64f-4f26032957e3","Animalia","Chordata",NA,"Pleuronectiformes","Achiridae","Trinectes","Trinectes maculatus",NA,"SPECIES","Trinectes maculatus (Bloch & Schneider, 1801)","Trinectes maculatus","(Bloch & Schneider, 1801)","US","08","","PRESENT",31,"c3ad790a-d426-4ac1-8e32-da61f81f0117",39.114667,-74.67615,NA,NA,NA,NA,33,0,"2011-10-08",8,10,2011,2408252,2408252,"HUMAN_OBSERVATION","","","",NA,"",NA,"CC0_1_0","","",NA,NA,2025-02-06 18:22:19.267,"","COORDINATE_ROUNDED;GEODETIC_DATUM_INVALID;GEODETIC_DATUM_ASSUMED_WGS84;COUNTRY_DERIVED_FROM_COORDINATES;CONTINENT_DERIVED_FROM_COORDINATES"
1835206742,"aedcba44-1b8c-47e0-ab48-9370e779b6e1","e48be918-23e6-11e8-a64f-4f26032957e3","Animalia","Chordata",NA,"Pleuronectiformes","Achiridae","Trinectes","Trinectes maculatus",NA,"SPECIES","Trinectes maculatus (Bloch & Schneider, 1801)","Trinectes maculatus","(Bloch & Schneider, 1801)","US","07","","PRESENT",1,"c3ad790a-d426-4ac1-8e32-da61f81f0117",39.3198,-74.446283,NA,NA,NA,NA,22,0,"2011-10-07",7,10,2011,2408252,2408252,"HUMAN_OBSERVATION","","","",NA,"",NA,"CC0_1_0","","",NA,NA,2025-02-06 18:22:17.357,"","COORDINATE_ROUNDED;GEODETIC_DATUM_INVALID;GEODETIC_DATUM_ASSUMED_WGS84;COUNTRY_DERIVED_FROM_COORDINATES;CONTINENT_DERIVED_FROM_COORDINATES"
1835206539,"aedcba44-1b8c-47e0-ab48-9370e779b6e1","e48c5e6a-23e6-11e8-a64f-4f26032957e3","Animalia","Chordata",NA,"Pleuronectiformes","Achiridae","Trinectes","Trinectes maculatus",NA,"SPECIES","Trinectes maculatus (Bloch & Schneider, 1801)","Trinectes maculatus","(Bloch & Schneider, 1801)","US","07","","PRESENT",14,"c3ad790a-d426-4ac1-8e32-da61f81f0117",39.255717,-74.552917,NA,NA,NA,NA,26,0,"2010-10-11",11,10,2010,2408252,2408252,"HUMAN_OBSERVATION","","","",NA,"",NA,"CC0_1_0","","",NA,NA,2025-02-06 18:22:18.046,"","COORDINATE_ROUNDED;GEODETIC_DATUM_INVALID;GEODETIC_DATUM_ASSUMED_WGS84;COUNTRY_DERIVED_FROM_COORDINATES;CONTINENT_DERIVED_FROM_COORDINATES"
1835205158,"aedcba44-1b8c-47e0-ab48-9370e779b6e1","e48cd3b0-23e6-11e8-a64f-4f26032957e3","Animalia","Chordata",NA,"Pleuronectiformes","Achiridae","Trinectes","Trinectes maculatus",NA,"SPECIES","Trinectes maculatus (Bloch & Schneider, 1801)","Trinectes maculatus","(Bloch & Schneider, 1801)","US","13","","PRESENT",1,"c3ad790a-d426-4ac1-8e32-da61f81f0117",37.12785,-75.785067,NA,NA,NA,NA,28,0,"2011-04-26",26,4,2011,2408252,2408252,"HUMAN_OBSERVATION","","","",NA,"",NA,"CC0_1_0","","",NA,NA,2025-02-06 18:22:18.039,"","COORDINATE_ROUNDED;GEODETIC_DATUM_INVALID;GEODETIC_DATUM_ASSUMED_WGS84;COUNTRY_DERIVED_FROM_COORDINATES"
1835204815,"aedcba44-1b8c-47e0-ab48-9370e779b6e1","e48c8574-23e6-11e8-a64f-4f26032957e3","Animalia","Chordata",NA,"Pleuronectiformes","Achiridae","Trinectes","Trinectes maculatus",NA,"SPECIES","Trinectes maculatus (Bloch & Schneider, 1801)","Trinectes maculatus","(Bloch & Schneider, 1801)","US","11","","PRESENT",2,"c3ad790a-d426-4ac1-8e32-da61f81f0117",37.943433,-75.2773,NA,NA,NA,NA,26,0,"2011-04-30",30,4,2011,2408252,2408252,"HUMAN_OBSERVATION","","","",NA,"",NA,"CC0_1_0","","",NA,NA,2025-02-06 18:22:19.729,"","COORDINATE_ROUNDED;GEODETIC_DATUM_INVALID;GEODETIC_DATUM_ASSUMED_WGS84;COUNTRY_DERIVED_FROM_COORDINATES;CONTINENT_DERIVED_FROM_COORDINATES"
1835204805,"aedcba44-1b8c-47e0-ab48-9370e779b6e1","e48c4adc-23e6-11e8-a64f-4f26032957e3","Animalia","Chordata",NA,"Pleuronectiformes","Achiridae","Trinectes","Trinectes maculatus",NA,"SPECIES","Trinectes maculatus (Bloch & Schneider, 1801)","Trinectes maculatus","(Bloch & Schneider, 1801)","US","11","","PRESENT",2,"c3ad790a-d426-4ac1-8e32-da61f81f0117",37.626633,-75.5506,NA,NA,NA,NA,33,0,"2011-04-29",29,4,2011,2408252,2408252,"HUMAN_OBSERVATION","","","",NA,"",NA,"CC0_1_0","","",NA,NA,2025-02-06 18:22:19.039,"","COORDINATE_ROUNDED;GEODETIC_DATUM_INVALID;GEODETIC_DATUM_ASSUMED_WGS84;COUNTRY_DERIVED_FROM_COORDINATES;CONTINENT_DERIVED_FROM_COORDINATES"
1835204772,"aedcba44-1b8c-47e0-ab48-9370e779b6e1","e48cd3ad-23e6-11e8-a64f-4f26032957e3","Animalia","Chordata",NA,"Pleuronectiformes","Achiridae","Trinectes","Trinectes maculatus",NA,"SPECIES","Trinectes maculatus (Bloch & Schneider, 1801)","Trinectes maculatus","(Bloch & Schneider, 1801)","US","11","","PRESENT",2,"c3ad790a-d426-4ac1-8e32-da61f81f0117",37.751717,-75.5074,NA,NA,NA,NA,27,0,"2011-04-30",30,4,2011,2408252,2408252,"HUMAN_OBSERVATION","","","",NA,"",NA,"CC0_1_0","","",NA,NA,2025-02-06 18:22:19.229,"","COORDINATE_ROUNDED;GEODETIC_DATUM_INVALID;GEODETIC_DATUM_ASSUMED_WGS84;COUNTRY_DERIVED_FROM_COORDINATES;CONTINENT_DERIVED_FROM_COORDINATES"
1835204534,"aedcba44-1b8c-47e0-ab48-9370e779b6e1","e48c9913-23e6-11e8-a64f-4f26032957e3","Animalia","Chordata",NA,"Pleuronectiformes","Achiridae","Trinectes","Trinectes maculatus",NA,"SPECIES","Trinectes maculatus (Bloch & Schneider, 1801)","Trinectes maculatus","(Bloch & Schneider, 1801)","US","10","","PRESENT",1,"c3ad790a-d426-4ac1-8e32-da61f81f0117",38.1648,-75.15355,NA,NA,NA,NA,27,0,"2011-05-01",1,5,2011,2408252,2408252,"HUMAN_OBSERVATION","","","",NA,"",NA,"CC0_1_0","","",NA,NA,2025-02-06 18:22:20.098,"","COORDINATE_ROUNDED;GEODETIC_DATUM_INVALID;GEODETIC_DATUM_ASSUMED_WGS84;COUNTRY_DERIVED_FROM_COORDINATES;CONTINENT_DERIVED_FROM_COORDINATES"
1835204268,"aedcba44-1b8c-47e0-ab48-9370e779b6e1","e48c23cb-23e6-11e8-a64f-4f26032957e3","Animalia","Chordata",NA,"Pleuronectiformes","Achiridae","Trinectes","Trinectes maculatus",NA,"SPECIES","Trinectes maculatus (Bloch & Schneider, 1801)","Trinectes maculatus","(Bloch & Schneider, 1801)","US","09","","PRESENT",17,"c3ad790a-d426-4ac1-8e32-da61f81f0117",38.704917,-75.056517,NA,NA,NA,NA,35,0,"2011-05-02",2,5,2011,2408252,2408252,"HUMAN_OBSERVATION","","","",NA,"",NA,"CC0_1_0","","",NA,NA,2025-02-06 18:22:18.868,"","COORDINATE_ROUNDED;GEODETIC_DATUM_INVALID;GEODETIC_DATUM_ASSUMED_WGS84;COUNTRY_DERIVED_FROM_COORDINATES;CONTINENT_DERIVED_FROM_COORDINATES"
1835203980,"aedcba44-1b8c-47e0-ab48-9370e779b6e1","e48cbf76-23e6-11e8-a64f-4f26032957e3","Animalia","Chordata",NA,"Pleuronectiformes","Achiridae","Trinectes","Trinectes maculatus",NA,"SPECIES","Trinectes maculatus (Bloch & Schneider, 1801)","Trinectes maculatus","(Bloch & Schneider, 1801)","US","12","","PRESENT",4,"c3ad790a-d426-4ac1-8e32-da61f81f0117",37.197333,-75.729833,NA,NA,NA,NA,27,0,"2009-10-27",27,10,2009,2408252,2408252,"HUMAN_OBSERVATION","","","",NA,"",NA,"CC0_1_0","","",NA,NA,2025-02-06 18:22:17.72,"","COORDINATE_ROUNDED;GEODETIC_DATUM_INVALID;GEODETIC_DATUM_ASSUMED_WGS84;COUNTRY_DERIVED_FROM_COORDINATES"
1835203941,"aedcba44-1b8c-47e0-ab48-9370e779b6e1","e48c5e6d-23e6-11e8-a64f-4f26032957e3","Animalia","Chordata",NA,"Pleuronectiformes","Achiridae","Trinectes","Trinectes maculatus",NA,"SPECIES","Trinectes maculatus (Bloch & Schneider, 1801)","Trinectes maculatus","(Bloch & Schneider, 1801)","US","11","","PRESENT",1,"c3ad790a-d426-4ac1-8e32-da61f81f0117",37.744,-75.349667,NA,NA,NA,NA,48,0,"2009-10-21",21,10,2009,2408252,2408252,"HUMAN_OBSERVATION","","","",NA,"",NA,"CC0_1_0","","",NA,NA,2025-02-06 18:22:17.613,"","COORDINATE_ROUNDED;GEODETIC_DATUM_INVALID;GEODETIC_DATUM_ASSUMED_WGS84;COUNTRY_DERIVED_FROM_COORDINATES"
1835203905,"aedcba44-1b8c-47e0-ab48-9370e779b6e1","e48be920-23e6-11e8-a64f-4f26032957e3","Animalia","Chordata",NA,"Pleuronectiformes","Achiridae","Trinectes","Trinectes maculatus",NA,"SPECIES","Trinectes maculatus (Bloch & Schneider, 1801)","Trinectes maculatus","(Bloch & Schneider, 1801)","US","11","","PRESENT",6,"c3ad790a-d426-4ac1-8e32-da61f81f0117",37.829,-75.328833,NA,NA,NA,NA,32,0,"2009-10-21",21,10,2009,2408252,2408252,"HUMAN_OBSERVATION","","","",NA,"",NA,"CC0_1_0","","",NA,NA,2025-02-06 18:22:18.188,"","COORDINATE_ROUNDED;GEODETIC_DATUM_INVALID;GEODETIC_DATUM_ASSUMED_WGS84;COUNTRY_DERIVED_FROM_COORDINATES;CONTINENT_DERIVED_FROM_COORDINATES"
1835202883,"aedcba44-1b8c-47e0-ab48-9370e779b6e1","e48bd59f-23e6-11e8-a64f-4f26032957e3","Animalia","Chordata",NA,"Pleuronectiformes","Achiridae","Trinectes","Trinectes maculatus",NA,"SPECIES","Trinectes maculatus (Bloch & Schneider, 1801)","Trinectes maculatus","(Bloch & Schneider, 1801)","US","12","","PRESENT",4,"c3ad790a-d426-4ac1-8e32-da61f81f0117",37.1798,-75.7392,NA,NA,NA,NA,27,0,"2010-10-22",22,10,2010,2408252,2408252,"HUMAN_OBSERVATION","","","",NA,"",NA,"CC0_1_0","","",NA,NA,2025-02-06 18:22:19.986,"","COORDINATE_ROUNDED;GEODETIC_DATUM_INVALID;GEODETIC_DATUM_ASSUMED_WGS84;COUNTRY_DERIVED_FROM_COORDINATES"
1835202825,"aedcba44-1b8c-47e0-ab48-9370e779b6e1","e48c23cc-23e6-11e8-a64f-4f26032957e3","Animalia","Chordata",NA,"Pleuronectiformes","Achiridae","Trinectes","Trinectes maculatus",NA,"SPECIES","Trinectes maculatus (Bloch & Schneider, 1801)","Trinectes maculatus","(Bloch & Schneider, 1801)","US","13","","PRESENT",3,"c3ad790a-d426-4ac1-8e32-da61f81f0117",37.097333,-75.827333,NA,NA,NA,NA,22,0,"2010-10-22",22,10,2010,2408252,2408252,"HUMAN_OBSERVATION","","","",NA,"",NA,"CC0_1_0","","",NA,NA,2025-02-06 18:22:18.168,"","COORDINATE_ROUNDED;GEODETIC_DATUM_INVALID;GEODETIC_DATUM_ASSUMED_WGS84;COUNTRY_DERIVED_FROM_COORDINATES"
1835202717,"aedcba44-1b8c-47e0-ab48-9370e779b6e1","e48c3753-23e6-11e8-a64f-4f26032957e3","Animalia","Chordata",NA,"Pleuronectiformes","Achiridae","Trinectes","Trinectes maculatus",NA,"SPECIES","Trinectes maculatus (Bloch & Schneider, 1801)","Trinectes maculatus","(Bloch & Schneider, 1801)","US","12","","PRESENT",3,"c3ad790a-d426-4ac1-8e32-da61f81f0117",37.16365,-75.801333,NA,NA,NA,NA,15,0,"2010-10-22",22,10,2010,2408252,2408252,"HUMAN_OBSERVATION","","","",NA,"",NA,"CC0_1_0","","",NA,NA,2025-02-06 18:22:17.947,"","COORDINATE_ROUNDED;GEODETIC_DATUM_INVALID;GEODETIC_DATUM_ASSUMED_WGS84;COUNTRY_DERIVED_FROM_COORDINATES;CONTINENT_DERIVED_FROM_COORDINATES"
1835202703,"aedcba44-1b8c-47e0-ab48-9370e779b6e1","e48cbf7f-23e6-11e8-a64f-4f26032957e3","Animalia","Chordata",NA,"Pleuronectiformes","Achiridae","Trinectes","Trinectes maculatus",NA,"SPECIES","Trinectes maculatus (Bloch & Schneider, 1801)","Trinectes maculatus","(Bloch & Schneider, 1801)","US","12","","PRESENT",1,"c3ad790a-d426-4ac1-8e32-da61f81f0117",37.3253,-75.658033,NA,NA,NA,NA,32,0,"2010-10-22",22,10,2010,2408252,2408252,"HUMAN_OBSERVATION","","","",NA,"",NA,"CC0_1_0","","",NA,NA,2025-02-06 18:22:18.183,"","COORDINATE_ROUNDED;GEODETIC_DATUM_INVALID;GEODETIC_DATUM_ASSUMED_WGS84;COUNTRY_DERIVED_FROM_COORDINATES"
1835202594,"aedcba44-1b8c-47e0-ab48-9370e779b6e1","e48bfcbb-23e6-11e8-a64f-4f26032957e3","Animalia","Chordata",NA,"Pleuronectiformes","Achiridae","Trinectes","Trinectes maculatus",NA,"SPECIES","Trinectes maculatus (Bloch & Schneider, 1801)","Trinectes maculatus","(Bloch & Schneider, 1801)","US","12","","PRESENT",16,"c3ad790a-d426-4ac1-8e32-da61f81f0117",37.4999,-75.623983,NA,NA,NA,NA,18,0,"2010-10-21",21,10,2010,2408252,2408252,"HUMAN_OBSERVATION","","","",NA,"",NA,"CC0_1_0","","",NA,NA,2025-02-06 18:22:19.476,"","COORDINATE_ROUNDED;GEODETIC_DATUM_INVALID;GEODETIC_DATUM_ASSUMED_WGS84;COUNTRY_DERIVED_FROM_COORDINATES;CONTINENT_DERIVED_FROM_COORDINATES"
1835202571,"aedcba44-1b8c-47e0-ab48-9370e779b6e1","e48c23c9-23e6-11e8-a64f-4f26032957e3","Animalia","Chordata",NA,"Pleuronectiformes","Achiridae","Trinectes","Trinectes maculatus",NA,"SPECIES","Trinectes maculatus (Bloch & Schneider, 1801)","Trinectes maculatus","(Bloch & Schneider, 1801)","US","11","","PRESENT",9,"c3ad790a-d426-4ac1-8e32-da61f81f0117",37.880167,-75.3084,NA,NA,NA,NA,34,0,"2010-10-20",20,10,2010,2408252,2408252,"HUMAN_OBSERVATION","","","",NA,"",NA,"CC0_1_0","","",NA,NA,2025-02-06 18:22:18.973,"","COORDINATE_ROUNDED;GEODETIC_DATUM_INVALID;GEODETIC_DATUM_ASSUMED_WGS84;COUNTRY_DERIVED_FROM_COORDINATES;CONTINENT_DERIVED_FROM_COORDINATES"
1835202543,"aedcba44-1b8c-47e0-ab48-9370e779b6e1","e48ce73d-23e6-11e8-a64f-4f26032957e3","Animalia","Chordata",NA,"Pleuronectiformes","Achiridae","Trinectes","Trinectes maculatus",NA,"SPECIES","Trinectes maculatus (Bloch & Schneider, 1801)","Trinectes maculatus","(Bloch & Schneider, 1801)","US","11","","PRESENT",2,"c3ad790a-d426-4ac1-8e32-da61f81f0117",37.780667,-75.389483,NA,NA,NA,NA,38,0,"2010-10-21",21,10,2010,2408252,2408252,"HUMAN_OBSERVATION","","","",NA,"",NA,"CC0_1_0","","",NA,NA,2025-02-06 18:22:18.29,"","COORDINATE_ROUNDED;GEODETIC_DATUM_INVALID;GEODETIC_DATUM_ASSUMED_WGS84;COUNTRY_DERIVED_FROM_COORDINATES"
1835202512,"aedcba44-1b8c-47e0-ab48-9370e779b6e1","e48c1034-23e6-11e8-a64f-4f26032957e3","Animalia","Chordata",NA,"Pleuronectiformes","Achiridae","Trinectes","Trinectes maculatus",NA,"SPECIES","Trinectes maculatus (Bloch & Schneider, 1801)","Trinectes maculatus","(Bloch & Schneider, 1801)","US","11","","PRESENT",16,"c3ad790a-d426-4ac1-8e32-da61f81f0117",37.836483,-75.45655,NA,NA,NA,NA,20,0,"2010-10-21",21,10,2010,2408252,2408252,"HUMAN_OBSERVATION","","","",NA,"",NA,"CC0_1_0","","",NA,NA,2025-02-06 18:22:17.719,"","COORDINATE_ROUNDED;GEODETIC_DATUM_INVALID;GEODETIC_DATUM_ASSUMED_WGS84;COUNTRY_DERIVED_FROM_COORDINATES;CONTINENT_DERIVED_FROM_COORDINATES"
1835202429,"aedcba44-1b8c-47e0-ab48-9370e779b6e1","e48c374c-23e6-11e8-a64f-4f26032957e3","Animalia","Chordata",NA,"Pleuronectiformes","Achiridae","Trinectes","Trinectes maculatus",NA,"SPECIES","Trinectes maculatus (Bloch & Schneider, 1801)","Trinectes maculatus","(Bloch & Schneider, 1801)","US","11","","PRESENT",19,"c3ad790a-d426-4ac1-8e32-da61f81f0117",37.697683,-75.555167,NA,NA,NA,NA,20,0,"2010-10-21",21,10,2010,2408252,2408252,"HUMAN_OBSERVATION","","","",NA,"",NA,"CC0_1_0","","",NA,NA,2025-02-06 18:22:19.254,"","COORDINATE_ROUNDED;GEODETIC_DATUM_INVALID;GEODETIC_DATUM_ASSUMED_WGS84;COUNTRY_DERIVED_FROM_COORDINATES;CONTINENT_DERIVED_FROM_COORDINATES"
1835202156,"aedcba44-1b8c-47e0-ab48-9370e779b6e1","e48c9911-23e6-11e8-a64f-4f26032957e3","Animalia","Chordata",NA,"Pleuronectiformes","Achiridae","Trinectes","Trinectes maculatus",NA,"SPECIES","Trinectes maculatus (Bloch & Schneider, 1801)","Trinectes maculatus","(Bloch & Schneider, 1801)","US","10","","PRESENT",32,"c3ad790a-d426-4ac1-8e32-da61f81f0117",38.279683,-75.083667,NA,NA,NA,NA,34,0,"2010-10-19",19,10,2010,2408252,2408252,"HUMAN_OBSERVATION","","","",NA,"",NA,"CC0_1_0","","",NA,NA,2025-02-06 18:22:18.904,"","COORDINATE_ROUNDED;GEODETIC_DATUM_INVALID;GEODETIC_DATUM_ASSUMED_WGS84;COUNTRY_DERIVED_FROM_COORDINATES;CONTINENT_DERIVED_FROM_COORDINATES"
1835201910,"aedcba44-1b8c-47e0-ab48-9370e779b6e1","e48bfcb7-23e6-11e8-a64f-4f26032957e3","Animalia","Chordata",NA,"Pleuronectiformes","Achiridae","Trinectes","Trinectes maculatus",NA,"SPECIES","Trinectes maculatus (Bloch & Schneider, 1801)","Trinectes maculatus","(Bloch & Schneider, 1801)","US","09","","PRESENT",3,"c3ad790a-d426-4ac1-8e32-da61f81f0117",38.647017,-74.971917,NA,NA,NA,NA,55,0,"2010-10-19",19,10,2010,2408252,2408252,"HUMAN_OBSERVATION","","","",NA,"",NA,"CC0_1_0","","",NA,NA,2025-02-06 18:22:18.491,"","COORDINATE_ROUNDED;GEODETIC_DATUM_INVALID;GEODETIC_DATUM_ASSUMED_WGS84;COUNTRY_DERIVED_FROM_COORDINATES"
1835201780,"aedcba44-1b8c-47e0-ab48-9370e779b6e1","e48cd3ab-23e6-11e8-a64f-4f26032957e3","Animalia","Chordata",NA,"Pleuronectiformes","Achiridae","Trinectes","Trinectes maculatus",NA,"SPECIES","Trinectes maculatus (Bloch & Schneider, 1801)","Trinectes maculatus","(Bloch & Schneider, 1801)","US","09","","PRESENT",2,"c3ad790a-d426-4ac1-8e32-da61f81f0117",38.781967,-74.942333,NA,NA,NA,NA,55,0,"2010-10-13",13,10,2010,2408252,2408252,"HUMAN_OBSERVATION","","","",NA,"",NA,"CC0_1_0","","",NA,NA,2025-02-06 18:22:18.056,"","COORDINATE_ROUNDED;GEODETIC_DATUM_INVALID;GEODETIC_DATUM_ASSUMED_WGS84;COUNTRY_DERIVED_FROM_COORDINATES"
1835201723,"aedcba44-1b8c-47e0-ab48-9370e779b6e1","e48c71fc-23e6-11e8-a64f-4f26032957e3","Animalia","Chordata",NA,"Pleuronectiformes","Achiridae","Trinectes","Trinectes maculatus",NA,"SPECIES","Trinectes maculatus (Bloch & Schneider, 1801)","Trinectes maculatus","(Bloch & Schneider, 1801)","US","09","","PRESENT",6,"c3ad790a-d426-4ac1-8e32-da61f81f0117",38.705583,-75.054933,NA,NA,NA,NA,30,0,"2010-10-13",13,10,2010,2408252,2408252,"HUMAN_OBSERVATION","","","",NA,"",NA,"CC0_1_0","","",NA,NA,2025-02-06 18:22:19.43,"","COORDINATE_ROUNDED;GEODETIC_DATUM_INVALID;GEODETIC_DATUM_ASSUMED_WGS84;COUNTRY_DERIVED_FROM_COORDINATES;CONTINENT_DERIVED_FROM_COORDINATES"
1835201693,"aedcba44-1b8c-47e0-ab48-9370e779b6e1","e48c5e6e-23e6-11e8-a64f-4f26032957e3","Animalia","Chordata",NA,"Pleuronectiformes","Achiridae","Trinectes","Trinectes maculatus",NA,"SPECIES","Trinectes maculatus (Bloch & Schneider, 1801)","Trinectes maculatus","(Bloch & Schneider, 1801)","US","11","","PRESENT",2,"c3ad790a-d426-4ac1-8e32-da61f81f0117",37.766167,-75.505667,NA,NA,NA,NA,27,0,"2009-04-26",26,4,2009,2408252,2408252,"HUMAN_OBSERVATION","","","",NA,"",NA,"CC0_1_0","","",NA,NA,2025-02-06 18:22:20.055,"","COORDINATE_ROUNDED;GEODETIC_DATUM_INVALID;GEODETIC_DATUM_ASSUMED_WGS84;COUNTRY_DERIVED_FROM_COORDINATES;CONTINENT_DERIVED_FROM_COORDINATES"
1835201459,"aedcba44-1b8c-47e0-ab48-9370e779b6e1","e48cd3b1-23e6-11e8-a64f-4f26032957e3","Animalia","Chordata",NA,"Pleuronectiformes","Achiridae","Trinectes","Trinectes maculatus",NA,"SPECIES","Trinectes maculatus (Bloch & Schneider, 1801)","Trinectes maculatus","(Bloch & Schneider, 1801)","US","08","","PRESENT",4,"c3ad790a-d426-4ac1-8e32-da61f81f0117",38.948467,-74.76475,NA,NA,NA,NA,43,0,"2010-10-12",12,10,2010,2408252,2408252,"HUMAN_OBSERVATION","","","",NA,"",NA,"CC0_1_0","","",NA,NA,2025-02-06 18:22:17.786,"","COORDINATE_ROUNDED;GEODETIC_DATUM_INVALID;GEODETIC_DATUM_ASSUMED_WGS84;COUNTRY_DERIVED_FROM_COORDINATES"
1835201365,"aedcba44-1b8c-47e0-ab48-9370e779b6e1","e48cbf77-23e6-11e8-a64f-4f26032957e3","Animalia","Chordata",NA,"Pleuronectiformes","Achiridae","Trinectes","Trinectes maculatus",NA,"SPECIES","Trinectes maculatus (Bloch & Schneider, 1801)","Trinectes maculatus","(Bloch & Schneider, 1801)","US","08","","PRESENT",2,"c3ad790a-d426-4ac1-8e32-da61f81f0117",39.168133,-74.6202,NA,NA,NA,NA,41,0,"2010-10-12",12,10,2010,2408252,2408252,"HUMAN_OBSERVATION","","","",NA,"",NA,"CC0_1_0","","",NA,NA,2025-02-06 18:22:17.87,"","COORDINATE_ROUNDED;GEODETIC_DATUM_INVALID;GEODETIC_DATUM_ASSUMED_WGS84;COUNTRY_DERIVED_FROM_COORDINATES;CONTINENT_DERIVED_FROM_COORDINATES"
1835201361,"aedcba44-1b8c-47e0-ab48-9370e779b6e1","e48c71ff-23e6-11e8-a64f-4f26032957e3","Animalia","Chordata",NA,"Pleuronectiformes","Achiridae","Trinectes","Trinectes maculatus",NA,"SPECIES","Trinectes maculatus (Bloch & Schneider, 1801)","Trinectes maculatus","(Bloch & Schneider, 1801)","US","08","","PRESENT",4,"c3ad790a-d426-4ac1-8e32-da61f81f0117",38.942183,-74.829933,NA,NA,NA,NA,26,0,"2010-10-14",14,10,2010,2408252,2408252,"HUMAN_OBSERVATION","","","",NA,"",NA,"CC0_1_0","","",NA,NA,2025-02-06 18:22:19.866,"","COORDINATE_ROUNDED;GEODETIC_DATUM_INVALID;GEODETIC_DATUM_ASSUMED_WGS84;COUNTRY_DERIVED_FROM_COORDINATES;CONTINENT_DERIVED_FROM_COORDINATES"
1835201335,"aedcba44-1b8c-47e0-ab48-9370e779b6e1","e48c4ade-23e6-11e8-a64f-4f26032957e3","Animalia","Chordata",NA,"Pleuronectiformes","Achiridae","Trinectes","Trinectes maculatus",NA,"SPECIES","Trinectes maculatus (Bloch & Schneider, 1801)","Trinectes maculatus","(Bloch & Schneider, 1801)","US","08","","PRESENT",42,"c3ad790a-d426-4ac1-8e32-da61f81f0117",38.968283,-74.791417,NA,NA,NA,NA,36,0,"2010-10-13",13,10,2010,2408252,2408252,"HUMAN_OBSERVATION","","","",NA,"",NA,"CC0_1_0","","",NA,NA,2025-02-06 18:22:17.267,"","COORDINATE_ROUNDED;GEODETIC_DATUM_INVALID;GEODETIC_DATUM_ASSUMED_WGS84;COUNTRY_DERIVED_FROM_COORDINATES;CONTINENT_DERIVED_FROM_COORDINATES"
1835201298,"aedcba44-1b8c-47e0-ab48-9370e779b6e1","e48bfcba-23e6-11e8-a64f-4f26032957e3","Animalia","Chordata",NA,"Pleuronectiformes","Achiridae","Trinectes","Trinectes maculatus",NA,"SPECIES","Trinectes maculatus (Bloch & Schneider, 1801)","Trinectes maculatus","(Bloch & Schneider, 1801)","US","07","","PRESENT",26,"c3ad790a-d426-4ac1-8e32-da61f81f0117",39.285467,-74.496367,NA,NA,NA,NA,30,0,"2010-10-11",11,10,2010,2408252,2408252,"HUMAN_OBSERVATION","","","",NA,"",NA,"CC0_1_0","","",NA,NA,2025-02-06 18:22:18.203,"","COORDINATE_ROUNDED;GEODETIC_DATUM_INVALID;GEODETIC_DATUM_ASSUMED_WGS84;COUNTRY_DERIVED_FROM_COORDINATES;CONTINENT_DERIVED_FROM_COORDINATES"
1835199697,"aedcba44-1b8c-47e0-ab48-9370e779b6e1","e48c9919-23e6-11e8-a64f-4f26032957e3","Animalia","Chordata",NA,"Pleuronectiformes","Achiridae","Trinectes","Trinectes maculatus",NA,"SPECIES","Trinectes maculatus (Bloch & Schneider, 1801)","Trinectes maculatus","(Bloch & Schneider, 1801)","US","12","","PRESENT",2,"c3ad790a-d426-4ac1-8e32-da61f81f0117",37.428017,-75.6287,NA,NA,NA,NA,26,0,"2010-04-26",26,4,2010,2408252,2408252,"HUMAN_OBSERVATION","","","",NA,"",NA,"CC0_1_0","","",NA,NA,2025-02-06 18:22:19.277,"","COORDINATE_ROUNDED;GEODETIC_DATUM_INVALID;GEODETIC_DATUM_ASSUMED_WGS84;COUNTRY_DERIVED_FROM_COORDINATES;CONTINENT_DERIVED_FROM_COORDINATES"
1835199451,"aedcba44-1b8c-47e0-ab48-9370e779b6e1","e48c23c7-23e6-11e8-a64f-4f26032957e3","Animalia","Chordata",NA,"Pleuronectiformes","Achiridae","Trinectes","Trinectes maculatus",NA,"SPECIES","Trinectes maculatus (Bloch & Schneider, 1801)","Trinectes maculatus","(Bloch & Schneider, 1801)","US","11","","PRESENT",4,"c3ad790a-d426-4ac1-8e32-da61f81f0117",37.622833,-75.578067,NA,NA,NA,NA,28,0,"2010-04-27",27,4,2010,2408252,2408252,"HUMAN_OBSERVATION","","","",NA,"",NA,"CC0_1_0","","",NA,NA,2025-02-06 18:22:18.008,"","COORDINATE_ROUNDED;GEODETIC_DATUM_INVALID;GEODETIC_DATUM_ASSUMED_WGS84;COUNTRY_DERIVED_FROM_COORDINATES;CONTINENT_DERIVED_FROM_COORDINATES"
1835199427,"aedcba44-1b8c-47e0-ab48-9370e779b6e1","e48cbf80-23e6-11e8-a64f-4f26032957e3","Animalia","Chordata",NA,"Pleuronectiformes","Achiridae","Trinectes","Trinectes maculatus",NA,"SPECIES","Trinectes maculatus (Bloch & Schneider, 1801)","Trinectes maculatus","(Bloch & Schneider, 1801)","US","11","","PRESENT",2,"c3ad790a-d426-4ac1-8e32-da61f81f0117",37.694583,-75.540683,NA,NA,NA,NA,40,0,"2010-04-27",27,4,2010,2408252,2408252,"HUMAN_OBSERVATION","","","",NA,"",NA,"CC0_1_0","","",NA,NA,2025-02-06 18:22:18.448,"","COORDINATE_ROUNDED;GEODETIC_DATUM_INVALID;GEODETIC_DATUM_ASSUMED_WGS84;COUNTRY_DERIVED_FROM_COORDINATES;CONTINENT_DERIVED_FROM_COORDINATES"
1835199415,"aedcba44-1b8c-47e0-ab48-9370e779b6e1","e48c857e-23e6-11e8-a64f-4f26032957e3","Animalia","Chordata",NA,"Pleuronectiformes","Achiridae","Trinectes","Trinectes maculatus",NA,"SPECIES","Trinectes maculatus (Bloch & Schneider, 1801)","Trinectes maculatus","(Bloch & Schneider, 1801)","US","11","","PRESENT",5,"c3ad790a-d426-4ac1-8e32-da61f81f0117",37.632283,-75.582317,NA,NA,NA,NA,24,0,"2010-04-27",27,4,2010,2408252,2408252,"HUMAN_OBSERVATION","","","",NA,"",NA,"CC0_1_0","","",NA,NA,2025-02-06 18:22:18.815,"","COORDINATE_ROUNDED;GEODETIC_DATUM_INVALID;GEODETIC_DATUM_ASSUMED_WGS84;COUNTRY_DERIVED_FROM_COORDINATES;CONTINENT_DERIVED_FROM_COORDINATES"
1835199368,"aedcba44-1b8c-47e0-ab48-9370e779b6e1","e48c5e6c-23e6-11e8-a64f-4f26032957e3","Animalia","Chordata",NA,"Pleuronectiformes","Achiridae","Trinectes","Trinectes maculatus",NA,"SPECIES","Trinectes maculatus (Bloch & Schneider, 1801)","Trinectes maculatus","(Bloch & Schneider, 1801)","US","11","","PRESENT",1,"c3ad790a-d426-4ac1-8e32-da61f81f0117",37.7295,-75.52335,NA,NA,NA,NA,33,0,"2010-04-27",27,4,2010,2408252,2408252,"HUMAN_OBSERVATION","","","",NA,"",NA,"CC0_1_0","","",NA,NA,2025-02-06 18:22:19.307,"","COORDINATE_ROUNDED;GEODETIC_DATUM_INVALID;GEODETIC_DATUM_ASSUMED_WGS84;COUNTRY_DERIVED_FROM_COORDINATES;CONTINENT_DERIVED_FROM_COORDINATES"
1835199255,"aedcba44-1b8c-47e0-ab48-9370e779b6e1","e48c4ae6-23e6-11e8-a64f-4f26032957e3","Animalia","Chordata",NA,"Pleuronectiformes","Achiridae","Trinectes","Trinectes maculatus",NA,"SPECIES","Trinectes maculatus (Bloch & Schneider, 1801)","Trinectes maculatus","(Bloch & Schneider, 1801)","US","10","","PRESENT",11,"c3ad790a-d426-4ac1-8e32-da61f81f0117",38.34635,-75.06545,NA,NA,NA,NA,37,0,"2010-04-28",28,4,2010,2408252,2408252,"HUMAN_OBSERVATION","","","",NA,"",NA,"CC0_1_0","","",NA,NA,2025-02-06 18:22:19.381,"","GEODETIC_DATUM_INVALID;GEODETIC_DATUM_ASSUMED_WGS84;COUNTRY_DERIVED_FROM_COORDINATES;CONTINENT_DERIVED_FROM_COORDINATES"
1835198225,"aedcba44-1b8c-47e0-ab48-9370e779b6e1","e48caca1-23e6-11e8-a64f-4f26032957e3","Animalia","Chordata",NA,"Pleuronectiformes","Achiridae","Trinectes","Trinectes maculatus",NA,"SPECIES","Trinectes maculatus (Bloch & Schneider, 1801)","Trinectes maculatus","(Bloch & Schneider, 1801)","US","10","","PRESENT",58,"c3ad790a-d426-4ac1-8e32-da61f81f0117",38.406667,-75.040667,NA,NA,NA,NA,35,0,"2009-10-14",14,10,2009,2408252,2408252,"HUMAN_OBSERVATION","","","",NA,"",NA,"CC0_1_0","","",NA,NA,2025-02-06 18:22:19.398,"","COORDINATE_ROUNDED;GEODETIC_DATUM_INVALID;GEODETIC_DATUM_ASSUMED_WGS84;COUNTRY_DERIVED_FROM_COORDINATES;CONTINENT_DERIVED_FROM_COORDINATES"
1835198145,"aedcba44-1b8c-47e0-ab48-9370e779b6e1","e48bfcb3-23e6-11e8-a64f-4f26032957e3","Animalia","Chordata",NA,"Pleuronectiformes","Achiridae","Trinectes","Trinectes maculatus",NA,"SPECIES","Trinectes maculatus (Bloch & Schneider, 1801)","Trinectes maculatus","(Bloch & Schneider, 1801)","US","08","","PRESENT",6,"c3ad790a-d426-4ac1-8e32-da61f81f0117",38.965333,-74.803,NA,NA,NA,NA,20,0,"2009-10-12",12,10,2009,2408252,2408252,"HUMAN_OBSERVATION","","","",NA,"",NA,"CC0_1_0","","",NA,NA,2025-02-06 18:22:17.877,"","COORDINATE_ROUNDED;GEODETIC_DATUM_INVALID;GEODETIC_DATUM_ASSUMED_WGS84;COUNTRY_DERIVED_FROM_COORDINATES;CONTINENT_DERIVED_FROM_COORDINATES"
1835197135,"aedcba44-1b8c-47e0-ab48-9370e779b6e1","e48c23c3-23e6-11e8-a64f-4f26032957e3","Animalia","Chordata",NA,"Pleuronectiformes","Achiridae","Trinectes","Trinectes maculatus",NA,"SPECIES","Trinectes maculatus (Bloch & Schneider, 1801)","Trinectes maculatus","(Bloch & Schneider, 1801)","US","12","","PRESENT",5,"c3ad790a-d426-4ac1-8e32-da61f81f0117",37.220167,-75.703,NA,NA,NA,NA,32,0,"2009-10-27",27,10,2009,2408252,2408252,"HUMAN_OBSERVATION","","","",NA,"",NA,"CC0_1_0","","",NA,NA,2025-02-06 18:22:20.143,"","COORDINATE_ROUNDED;GEODETIC_DATUM_INVALID;GEODETIC_DATUM_ASSUMED_WGS84;COUNTRY_DERIVED_FROM_COORDINATES"
1835197009,"aedcba44-1b8c-47e0-ab48-9370e779b6e1","e48be91c-23e6-11e8-a64f-4f26032957e3","Animalia","Chordata",NA,"Pleuronectiformes","Achiridae","Trinectes","Trinectes maculatus",NA,"SPECIES","Trinectes maculatus (Bloch & Schneider, 1801)","Trinectes maculatus","(Bloch & Schneider, 1801)","US","13","","PRESENT",13,"c3ad790a-d426-4ac1-8e32-da61f81f0117",37.160833,-75.8025,NA,NA,NA,NA,15,0,"2009-10-27",27,10,2009,2408252,2408252,"HUMAN_OBSERVATION","","","",NA,"",NA,"CC0_1_0","","",NA,NA,2025-02-06 18:22:19.529,"","COORDINATE_ROUNDED;GEODETIC_DATUM_INVALID;GEODETIC_DATUM_ASSUMED_WGS84;COUNTRY_DERIVED_FROM_COORDINATES;CONTINENT_DERIVED_FROM_COORDINATES"
1835196978,"aedcba44-1b8c-47e0-ab48-9370e779b6e1","e48c1030-23e6-11e8-a64f-4f26032957e3","Animalia","Chordata",NA,"Pleuronectiformes","Achiridae","Trinectes","Trinectes maculatus",NA,"SPECIES","Trinectes maculatus (Bloch & Schneider, 1801)","Trinectes maculatus","(Bloch & Schneider, 1801)","US","12","","PRESENT",4,"c3ad790a-d426-4ac1-8e32-da61f81f0117",37.526333,-75.597,NA,NA,NA,NA,21,0,"2009-10-22",22,10,2009,2408252,2408252,"HUMAN_OBSERVATION","","","",NA,"",NA,"CC0_1_0","","",NA,NA,2025-02-06 18:22:17.573,"","COORDINATE_ROUNDED;GEODETIC_DATUM_INVALID;GEODETIC_DATUM_ASSUMED_WGS84;COUNTRY_DERIVED_FROM_COORDINATES;CONTINENT_DERIVED_FROM_COORDINATES"
1835196856,"aedcba44-1b8c-47e0-ab48-9370e779b6e1","e48bd5a2-23e6-11e8-a64f-4f26032957e3","Animalia","Chordata",NA,"Pleuronectiformes","Achiridae","Trinectes","Trinectes maculatus",NA,"SPECIES","Trinectes maculatus (Bloch & Schneider, 1801)","Trinectes maculatus","(Bloch & Schneider, 1801)","US","11","","PRESENT",38,"c3ad790a-d426-4ac1-8e32-da61f81f0117",37.554667,-75.581333,NA,NA,NA,NA,21,0,"2009-10-22",22,10,2009,2408252,2408252,"HUMAN_OBSERVATION","","","",NA,"",NA,"CC0_1_0","","",NA,NA,2025-02-06 18:22:17.885,"","COORDINATE_ROUNDED;GEODETIC_DATUM_INVALID;GEODETIC_DATUM_ASSUMED_WGS84;COUNTRY_DERIVED_FROM_COORDINATES;CONTINENT_DERIVED_FROM_COORDINATES"
1835196813,"aedcba44-1b8c-47e0-ab48-9370e779b6e1","e48c3751-23e6-11e8-a64f-4f26032957e3","Animalia","Chordata",NA,"Pleuronectiformes","Achiridae","Trinectes","Trinectes maculatus",NA,"SPECIES","Trinectes maculatus (Bloch & Schneider, 1801)","Trinectes maculatus","(Bloch & Schneider, 1801)","US","11","","PRESENT",8,"c3ad790a-d426-4ac1-8e32-da61f81f0117",37.8975,-75.306833,NA,NA,NA,NA,30,0,"2009-10-21",21,10,2009,2408252,2408252,"HUMAN_OBSERVATION","","","",NA,"",NA,"CC0_1_0","","",NA,NA,2025-02-06 18:22:18.975,"","COORDINATE_ROUNDED;GEODETIC_DATUM_INVALID;GEODETIC_DATUM_ASSUMED_WGS84;COUNTRY_DERIVED_FROM_COORDINATES;CONTINENT_DERIVED_FROM_COORDINATES"
1835196804,"aedcba44-1b8c-47e0-ab48-9370e779b6e1","e48c8577-23e6-11e8-a64f-4f26032957e3","Animalia","Chordata",NA,"Pleuronectiformes","Achiridae","Trinectes","Trinectes maculatus",NA,"SPECIES","Trinectes maculatus (Bloch & Schneider, 1801)","Trinectes maculatus","(Bloch & Schneider, 1801)","US","11","","PRESENT",31,"c3ad790a-d426-4ac1-8e32-da61f81f0117",37.573167,-75.567,NA,NA,NA,NA,30,0,"2009-10-22",22,10,2009,2408252,2408252,"HUMAN_OBSERVATION","","","",NA,"",NA,"CC0_1_0","","",NA,NA,2025-02-06 18:22:19.855,"","COORDINATE_ROUNDED;GEODETIC_DATUM_INVALID;GEODETIC_DATUM_ASSUMED_WGS84;COUNTRY_DERIVED_FROM_COORDINATES;CONTINENT_DERIVED_FROM_COORDINATES"
1835196744,"aedcba44-1b8c-47e0-ab48-9370e779b6e1","e48c5e67-23e6-11e8-a64f-4f26032957e3","Animalia","Chordata",NA,"Pleuronectiformes","Achiridae","Trinectes","Trinectes maculatus",NA,"SPECIES","Trinectes maculatus (Bloch & Schneider, 1801)","Trinectes maculatus","(Bloch & Schneider, 1801)","US","11","","PRESENT",23,"c3ad790a-d426-4ac1-8e32-da61f81f0117",37.8055,-75.482,NA,NA,NA,NA,25,0,"2009-10-21",21,10,2009,2408252,2408252,"HUMAN_OBSERVATION","","","",NA,"",NA,"CC0_1_0","","",NA,NA,2025-02-06 18:22:18.703,"","GEODETIC_DATUM_INVALID;GEODETIC_DATUM_ASSUMED_WGS84;COUNTRY_DERIVED_FROM_COORDINATES;CONTINENT_DERIVED_FROM_COORDINATES"
1835196697,"aedcba44-1b8c-47e0-ab48-9370e779b6e1","e48be91f-23e6-11e8-a64f-4f26032957e3","Animalia","Chordata",NA,"Pleuronectiformes","Achiridae","Trinectes","Trinectes maculatus",NA,"SPECIES","Trinectes maculatus (Bloch & Schneider, 1801)","Trinectes maculatus","(Bloch & Schneider, 1801)","US","12","","PRESENT",14,"c3ad790a-d426-4ac1-8e32-da61f81f0117",37.270833,-75.727167,NA,NA,NA,NA,20,0,"2008-10-13",13,10,2008,2408252,2408252,"HUMAN_OBSERVATION","","","",NA,"",NA,"CC0_1_0","","",NA,NA,2025-02-06 18:22:19.91,"","COORDINATE_ROUNDED;GEODETIC_DATUM_INVALID;GEODETIC_DATUM_ASSUMED_WGS84;COUNTRY_DERIVED_FROM_COORDINATES"
1835196479,"aedcba44-1b8c-47e0-ab48-9370e779b6e1","e48c1035-23e6-11e8-a64f-4f26032957e3","Animalia","Chordata",NA,"Pleuronectiformes","Achiridae","Trinectes","Trinectes maculatus",NA,"SPECIES","Trinectes maculatus (Bloch & Schneider, 1801)","Trinectes maculatus","(Bloch & Schneider, 1801)","US","09","","PRESENT",291,"c3ad790a-d426-4ac1-8e32-da61f81f0117",38.748833,-75.0185,NA,NA,NA,NA,63,0,"2009-10-14",14,10,2009,2408252,2408252,"HUMAN_OBSERVATION","","","",NA,"",NA,"CC0_1_0","","",NA,NA,2025-02-06 18:22:18.222,"","COORDINATE_ROUNDED;GEODETIC_DATUM_INVALID;GEODETIC_DATUM_ASSUMED_WGS84;COUNTRY_DERIVED_FROM_COORDINATES"
1835196399,"aedcba44-1b8c-47e0-ab48-9370e779b6e1","e48cd3ac-23e6-11e8-a64f-4f26032957e3","Animalia","Chordata",NA,"Pleuronectiformes","Achiridae","Trinectes","Trinectes maculatus",NA,"SPECIES","Trinectes maculatus (Bloch & Schneider, 1801)","Trinectes maculatus","(Bloch & Schneider, 1801)","US","10","","PRESENT",5,"c3ad790a-d426-4ac1-8e32-da61f81f0117",38.143,-75.1525,NA,NA,NA,NA,24,0,"2009-10-20",20,10,2009,2408252,2408252,"HUMAN_OBSERVATION","","","",NA,"",NA,"CC0_1_0","","",NA,NA,2025-02-06 18:22:18.216,"","GEODETIC_DATUM_INVALID;GEODETIC_DATUM_ASSUMED_WGS84;COUNTRY_DERIVED_FROM_COORDINATES;CONTINENT_DERIVED_FROM_COORDINATES"
1835196375,"aedcba44-1b8c-47e0-ab48-9370e779b6e1","e48bfcb9-23e6-11e8-a64f-4f26032957e3","Animalia","Chordata",NA,"Pleuronectiformes","Achiridae","Trinectes","Trinectes maculatus",NA,"SPECIES","Trinectes maculatus (Bloch & Schneider, 1801)","Trinectes maculatus","(Bloch & Schneider, 1801)","US","09","","PRESENT",17,"c3ad790a-d426-4ac1-8e32-da61f81f0117",38.6945,-74.963833,NA,NA,NA,NA,45,0,"2009-10-14",14,10,2009,2408252,2408252,"HUMAN_OBSERVATION","","","",NA,"",NA,"CC0_1_0","","",NA,NA,2025-02-06 18:22:18.774,"","COORDINATE_ROUNDED;GEODETIC_DATUM_INVALID;GEODETIC_DATUM_ASSUMED_WGS84;COUNTRY_DERIVED_FROM_COORDINATES"
1835196278,"aedcba44-1b8c-47e0-ab48-9370e779b6e1","e48cbf7a-23e6-11e8-a64f-4f26032957e3","Animalia","Chordata",NA,"Pleuronectiformes","Achiridae","Trinectes","Trinectes maculatus",NA,"SPECIES","Trinectes maculatus (Bloch & Schneider, 1801)","Trinectes maculatus","(Bloch & Schneider, 1801)","US","09","","PRESENT",5,"c3ad790a-d426-4ac1-8e32-da61f81f0117",38.716167,-75.0075,NA,NA,NA,NA,32,0,"2009-10-14",14,10,2009,2408252,2408252,"HUMAN_OBSERVATION","","","",NA,"",NA,"CC0_1_0","","",NA,NA,2025-02-06 18:22:18.709,"","COORDINATE_ROUNDED;GEODETIC_DATUM_INVALID;GEODETIC_DATUM_ASSUMED_WGS84;COUNTRY_DERIVED_FROM_COORDINATES"
1835196193,"aedcba44-1b8c-47e0-ab48-9370e779b6e1","e48c4ae2-23e6-11e8-a64f-4f26032957e3","Animalia","Chordata",NA,"Pleuronectiformes","Achiridae","Trinectes","Trinectes maculatus",NA,"SPECIES","Trinectes maculatus (Bloch & Schneider, 1801)","Trinectes maculatus","(Bloch & Schneider, 1801)","US","08","","PRESENT",2,"c3ad790a-d426-4ac1-8e32-da61f81f0117",38.971,-74.754167,NA,NA,NA,NA,28,0,"2009-10-12",12,10,2009,2408252,2408252,"HUMAN_OBSERVATION","","","",NA,"",NA,"CC0_1_0","","",NA,NA,2025-02-06 18:22:18.451,"","COORDINATE_ROUNDED;GEODETIC_DATUM_INVALID;GEODETIC_DATUM_ASSUMED_WGS84;COUNTRY_DERIVED_FROM_COORDINATES;CONTINENT_DERIVED_FROM_COORDINATES"
1835196085,"aedcba44-1b8c-47e0-ab48-9370e779b6e1","e48c374f-23e6-11e8-a64f-4f26032957e3","Animalia","Chordata",NA,"Pleuronectiformes","Achiridae","Trinectes","Trinectes maculatus",NA,"SPECIES","Trinectes maculatus (Bloch & Schneider, 1801)","Trinectes maculatus","(Bloch & Schneider, 1801)","US","11","","PRESENT",1,"c3ad790a-d426-4ac1-8e32-da61f81f0117",37.796833,-75.380833,NA,NA,NA,NA,40,0,"2008-10-12",12,10,2008,2408252,2408252,"HUMAN_OBSERVATION","","","",NA,"",NA,"CC0_1_0","","",NA,NA,2025-02-06 18:22:19.058,"","COORDINATE_ROUNDED;GEODETIC_DATUM_INVALID;GEODETIC_DATUM_ASSUMED_WGS84;COUNTRY_DERIVED_FROM_COORDINATES"
1835196034,"aedcba44-1b8c-47e0-ab48-9370e779b6e1","e48c23ca-23e6-11e8-a64f-4f26032957e3","Animalia","Chordata",NA,"Pleuronectiformes","Achiridae","Trinectes","Trinectes maculatus",NA,"SPECIES","Trinectes maculatus (Bloch & Schneider, 1801)","Trinectes maculatus","(Bloch & Schneider, 1801)","US","10","","PRESENT",2,"c3ad790a-d426-4ac1-8e32-da61f81f0117",38.308,-75.028833,NA,NA,NA,NA,40,0,"2008-10-11",11,10,2008,2408252,2408252,"HUMAN_OBSERVATION","","","",NA,"",NA,"CC0_1_0","","",NA,NA,2025-02-06 18:22:18.8,"","COORDINATE_ROUNDED;GEODETIC_DATUM_INVALID;GEODETIC_DATUM_ASSUMED_WGS84;COUNTRY_DERIVED_FROM_COORDINATES"
1835196021,"aedcba44-1b8c-47e0-ab48-9370e779b6e1","e48bfcb6-23e6-11e8-a64f-4f26032957e3","Animalia","Chordata",NA,"Pleuronectiformes","Achiridae","Trinectes","Trinectes maculatus",NA,"SPECIES","Trinectes maculatus (Bloch & Schneider, 1801)","Trinectes maculatus","(Bloch & Schneider, 1801)","US","11","","PRESENT",6,"c3ad790a-d426-4ac1-8e32-da61f81f0117",37.719167,-75.529333,NA,NA,NA,NA,28,0,"2008-10-13",13,10,2008,2408252,2408252,"HUMAN_OBSERVATION","","","",NA,"",NA,"CC0_1_0","","",NA,NA,2025-02-06 18:22:18.37,"","COORDINATE_ROUNDED;GEODETIC_DATUM_INVALID;GEODETIC_DATUM_ASSUMED_WGS84;COUNTRY_DERIVED_FROM_COORDINATES;CONTINENT_DERIVED_FROM_COORDINATES"
1835195667,"aedcba44-1b8c-47e0-ab48-9370e779b6e1","e48c9912-23e6-11e8-a64f-4f26032957e3","Animalia","Chordata",NA,"Pleuronectiformes","Achiridae","Trinectes","Trinectes maculatus",NA,"SPECIES","Trinectes maculatus (Bloch & Schneider, 1801)","Trinectes maculatus","(Bloch & Schneider, 1801)","US","09","","PRESENT",1,"c3ad790a-d426-4ac1-8e32-da61f81f0117",38.722167,-74.957833,NA,NA,NA,NA,53,0,"2008-10-09",9,10,2008,2408252,2408252,"HUMAN_OBSERVATION","","","",NA,"",NA,"CC0_1_0","","",NA,NA,2025-02-06 18:22:19.568,"","COORDINATE_ROUNDED;GEODETIC_DATUM_INVALID;GEODETIC_DATUM_ASSUMED_WGS84;COUNTRY_DERIVED_FROM_COORDINATES"
1835194905,"aedcba44-1b8c-47e0-ab48-9370e779b6e1","e48ce73c-23e6-11e8-a64f-4f26032957e3","Animalia","Chordata",NA,"Pleuronectiformes","Achiridae","Trinectes","Trinectes maculatus",NA,"SPECIES","Trinectes maculatus (Bloch & Schneider, 1801)","Trinectes maculatus","(Bloch & Schneider, 1801)","US","10","","PRESENT",15,"c3ad790a-d426-4ac1-8e32-da61f81f0117",38.221333,-75.126833,NA,NA,NA,NA,33,0,"2008-04-29",29,4,2008,2408252,2408252,"HUMAN_OBSERVATION","","","",NA,"",NA,"CC0_1_0","","",NA,NA,2025-02-06 18:22:19.129,"","COORDINATE_ROUNDED;GEODETIC_DATUM_INVALID;GEODETIC_DATUM_ASSUMED_WGS84;COUNTRY_DERIVED_FROM_COORDINATES;CONTINENT_DERIVED_FROM_COORDINATES"
1835194216,"aedcba44-1b8c-47e0-ab48-9370e779b6e1","e48c8575-23e6-11e8-a64f-4f26032957e3","Animalia","Chordata",NA,"Pleuronectiformes","Achiridae","Trinectes","Trinectes maculatus",NA,"SPECIES","Trinectes maculatus (Bloch & Schneider, 1801)","Trinectes maculatus","(Bloch & Schneider, 1801)","US","13","","PRESENT",1,"c3ad790a-d426-4ac1-8e32-da61f81f0117",37.079667,-75.805167,NA,NA,NA,NA,27,0,"2009-04-24",24,4,2009,2408252,2408252,"HUMAN_OBSERVATION","","","",NA,"",NA,"CC0_1_0","","",NA,NA,2025-02-06 18:22:17.561,"","COORDINATE_ROUNDED;GEODETIC_DATUM_INVALID;GEODETIC_DATUM_ASSUMED_WGS84;COUNTRY_DERIVED_FROM_COORDINATES"
1835194025,"aedcba44-1b8c-47e0-ab48-9370e779b6e1","e48cac99-23e6-11e8-a64f-4f26032957e3","Animalia","Chordata",NA,"Pleuronectiformes","Achiridae","Trinectes","Trinectes maculatus",NA,"SPECIES","Trinectes maculatus (Bloch & Schneider, 1801)","Trinectes maculatus","(Bloch & Schneider, 1801)","US","12","","PRESENT",6,"c3ad790a-d426-4ac1-8e32-da61f81f0117",37.225167,-75.753333,NA,NA,NA,NA,15,0,"2009-04-25",25,4,2009,2408252,2408252,"HUMAN_OBSERVATION","","","",NA,"",NA,"CC0_1_0","","",NA,NA,2025-02-06 18:22:18.079,"","COORDINATE_ROUNDED;GEODETIC_DATUM_INVALID;GEODETIC_DATUM_ASSUMED_WGS84;COUNTRY_DERIVED_FROM_COORDINATES;CONTINENT_DERIVED_FROM_COORDINATES"
1835193974,"aedcba44-1b8c-47e0-ab48-9370e779b6e1","e48c23c8-23e6-11e8-a64f-4f26032957e3","Animalia","Chordata",NA,"Pleuronectiformes","Achiridae","Trinectes","Trinectes maculatus",NA,"SPECIES","Trinectes maculatus (Bloch & Schneider, 1801)","Trinectes maculatus","(Bloch & Schneider, 1801)","US","12","","PRESENT",9,"c3ad790a-d426-4ac1-8e32-da61f81f0117",37.481833,-75.625667,NA,NA,NA,NA,17,0,"2009-04-25",25,4,2009,2408252,2408252,"HUMAN_OBSERVATION","","","",NA,"",NA,"CC0_1_0","","",NA,NA,2025-02-06 18:22:18.04,"","COORDINATE_ROUNDED;GEODETIC_DATUM_INVALID;GEODETIC_DATUM_ASSUMED_WGS84;COUNTRY_DERIVED_FROM_COORDINATES;CONTINENT_DERIVED_FROM_COORDINATES"
1835193816,"aedcba44-1b8c-47e0-ab48-9370e779b6e1","e48c71fb-23e6-11e8-a64f-4f26032957e3","Animalia","Chordata",NA,"Pleuronectiformes","Achiridae","Trinectes","Trinectes maculatus",NA,"SPECIES","Trinectes maculatus (Bloch & Schneider, 1801)","Trinectes maculatus","(Bloch & Schneider, 1801)","US","11","","PRESENT",9,"c3ad790a-d426-4ac1-8e32-da61f81f0117",37.778167,-75.503667,NA,NA,NA,NA,26,0,"2009-04-26",26,4,2009,2408252,2408252,"HUMAN_OBSERVATION","","","",NA,"",NA,"CC0_1_0","","",NA,NA,2025-02-06 18:22:19.421,"","COORDINATE_ROUNDED;GEODETIC_DATUM_INVALID;GEODETIC_DATUM_ASSUMED_WGS84;COUNTRY_DERIVED_FROM_COORDINATES;CONTINENT_DERIVED_FROM_COORDINATES"
1835193630,"aedcba44-1b8c-47e0-ab48-9370e779b6e1","e48bfcb2-23e6-11e8-a64f-4f26032957e3","Animalia","Chordata",NA,"Pleuronectiformes","Achiridae","Trinectes","Trinectes maculatus",NA,"SPECIES","Trinectes maculatus (Bloch & Schneider, 1801)","Trinectes maculatus","(Bloch & Schneider, 1801)","US","10","","PRESENT",6,"c3ad790a-d426-4ac1-8e32-da61f81f0117",38.347,-75.064833,NA,NA,NA,NA,26,0,"2009-04-28",28,4,2009,2408252,2408252,"HUMAN_OBSERVATION","","","",NA,"",NA,"CC0_1_0","","",NA,NA,2025-02-06 18:22:19.078,"","COORDINATE_ROUNDED;GEODETIC_DATUM_INVALID;GEODETIC_DATUM_ASSUMED_WGS84;COUNTRY_DERIVED_FROM_COORDINATES;CONTINENT_DERIVED_FROM_COORDINATES"
1835193403,"aedcba44-1b8c-47e0-ab48-9370e779b6e1","e48c8576-23e6-11e8-a64f-4f26032957e3","Animalia","Chordata",NA,"Pleuronectiformes","Achiridae","Trinectes","Trinectes maculatus",NA,"SPECIES","Trinectes maculatus (Bloch & Schneider, 1801)","Trinectes maculatus","(Bloch & Schneider, 1801)","US","09","","PRESENT",6,"c3ad790a-d426-4ac1-8e32-da61f81f0117",38.679667,-75.0515,NA,NA,NA,NA,22,0,"2009-04-30",30,4,2009,2408252,2408252,"HUMAN_OBSERVATION","","","",NA,"",NA,"CC0_1_0","","",NA,NA,2025-02-06 18:22:19.897,"","COORDINATE_ROUNDED;GEODETIC_DATUM_INVALID;GEODETIC_DATUM_ASSUMED_WGS84;COUNTRY_DERIVED_FROM_COORDINATES;CONTINENT_DERIVED_FROM_COORDINATES"
1835193265,"aedcba44-1b8c-47e0-ab48-9370e779b6e1","e48c71f6-23e6-11e8-a64f-4f26032957e3","Animalia","Chordata",NA,"Pleuronectiformes","Achiridae","Trinectes","Trinectes maculatus",NA,"SPECIES","Trinectes maculatus (Bloch & Schneider, 1801)","Trinectes maculatus","(Bloch & Schneider, 1801)","US","09","","PRESENT",19,"c3ad790a-d426-4ac1-8e32-da61f81f0117",38.717333,-75.056167,NA,NA,NA,NA,33,0,"2009-04-30",30,4,2009,2408252,2408252,"HUMAN_OBSERVATION","","","",NA,"",NA,"CC0_1_0","","",NA,NA,2025-02-06 18:22:19.201,"","COORDINATE_ROUNDED;GEODETIC_DATUM_INVALID;GEODETIC_DATUM_ASSUMED_WGS84;COUNTRY_DERIVED_FROM_COORDINATES;CONTINENT_DERIVED_FROM_COORDINATES"
1835191145,"aedcba44-1b8c-47e0-ab48-9370e779b6e1","e48c9916-23e6-11e8-a64f-4f26032957e3","Animalia","Chordata",NA,"Pleuronectiformes","Achiridae","Trinectes","Trinectes maculatus",NA,"SPECIES","Trinectes maculatus (Bloch & Schneider, 1801)","Trinectes maculatus","(Bloch & Schneider, 1801)","US","13","","PRESENT",6,"c3ad790a-d426-4ac1-8e32-da61f81f0117",37.1445,-75.804333,NA,NA,NA,NA,15,0,"2008-10-14",14,10,2008,2408252,2408252,"HUMAN_OBSERVATION","","","",NA,"",NA,"CC0_1_0","","",NA,NA,2025-02-06 18:22:17.891,"","COORDINATE_ROUNDED;GEODETIC_DATUM_INVALID;GEODETIC_DATUM_ASSUMED_WGS84;COUNTRY_DERIVED_FROM_COORDINATES;CONTINENT_DERIVED_FROM_COORDINATES"
1835191030,"aedcba44-1b8c-47e0-ab48-9370e779b6e1","e48c9910-23e6-11e8-a64f-4f26032957e3","Animalia","Chordata",NA,"Pleuronectiformes","Achiridae","Trinectes","Trinectes maculatus",NA,"SPECIES","Trinectes maculatus (Bloch & Schneider, 1801)","Trinectes maculatus","(Bloch & Schneider, 1801)","US","12","","PRESENT",6,"c3ad790a-d426-4ac1-8e32-da61f81f0117",37.227333,-75.747667,NA,NA,NA,NA,15,0,"2008-10-14",14,10,2008,2408252,2408252,"HUMAN_OBSERVATION","","","",NA,"",NA,"CC0_1_0","","",NA,NA,2025-02-06 18:22:19.62,"","COORDINATE_ROUNDED;GEODETIC_DATUM_INVALID;GEODETIC_DATUM_ASSUMED_WGS84;COUNTRY_DERIVED_FROM_COORDINATES"
1835191025,"aedcba44-1b8c-47e0-ab48-9370e779b6e1","e48c857a-23e6-11e8-a64f-4f26032957e3","Animalia","Chordata",NA,"Pleuronectiformes","Achiridae","Trinectes","Trinectes maculatus",NA,"SPECIES","Trinectes maculatus (Bloch & Schneider, 1801)","Trinectes maculatus","(Bloch & Schneider, 1801)","US","12","","PRESENT",2,"c3ad790a-d426-4ac1-8e32-da61f81f0117",37.1805,-75.730833,NA,NA,NA,NA,32,0,"2008-10-14",14,10,2008,2408252,2408252,"HUMAN_OBSERVATION","","","",NA,"",NA,"CC0_1_0","","",NA,NA,2025-02-06 18:22:17.882,"","COORDINATE_ROUNDED;GEODETIC_DATUM_INVALID;GEODETIC_DATUM_ASSUMED_WGS84;COUNTRY_DERIVED_FROM_COORDINATES"
1835191005,"aedcba44-1b8c-47e0-ab48-9370e779b6e1","e48c374d-23e6-11e8-a64f-4f26032957e3","Animalia","Chordata",NA,"Pleuronectiformes","Achiridae","Trinectes","Trinectes maculatus",NA,"SPECIES","Trinectes maculatus (Bloch & Schneider, 1801)","Trinectes maculatus","(Bloch & Schneider, 1801)","US","12","","PRESENT",12,"c3ad790a-d426-4ac1-8e32-da61f81f0117",37.2965,-75.711833,NA,NA,NA,NA,16,0,"2008-10-13",13,10,2008,2408252,2408252,"HUMAN_OBSERVATION","","","",NA,"",NA,"CC0_1_0","","",NA,NA,2025-02-06 18:22:18.092,"","COORDINATE_ROUNDED;GEODETIC_DATUM_INVALID;GEODETIC_DATUM_ASSUMED_WGS84;COUNTRY_DERIVED_FROM_COORDINATES;CONTINENT_DERIVED_FROM_COORDINATES"
1835190992,"aedcba44-1b8c-47e0-ab48-9370e779b6e1","e48c9915-23e6-11e8-a64f-4f26032957e3","Animalia","Chordata",NA,"Pleuronectiformes","Achiridae","Trinectes","Trinectes maculatus",NA,"SPECIES","Trinectes maculatus (Bloch & Schneider, 1801)","Trinectes maculatus","(Bloch & Schneider, 1801)","US","12","","PRESENT",1,"c3ad790a-d426-4ac1-8e32-da61f81f0117",37.203333,-75.76,NA,NA,NA,NA,22,0,"2008-10-14",14,10,2008,2408252,2408252,"HUMAN_OBSERVATION","","","",NA,"",NA,"CC0_1_0","","",NA,NA,2025-02-06 18:22:19.02,"","COORDINATE_ROUNDED;GEODETIC_DATUM_INVALID;GEODETIC_DATUM_ASSUMED_WGS84;COUNTRY_DERIVED_FROM_COORDINATES;CONTINENT_DERIVED_FROM_COORDINATES"
1835190746,"aedcba44-1b8c-47e0-ab48-9370e779b6e1","e48be91d-23e6-11e8-a64f-4f26032957e3","Animalia","Chordata",NA,"Pleuronectiformes","Achiridae","Trinectes","Trinectes maculatus",NA,"SPECIES","Trinectes maculatus (Bloch & Schneider, 1801)","Trinectes maculatus","(Bloch & Schneider, 1801)","US","11","","PRESENT",14,"c3ad790a-d426-4ac1-8e32-da61f81f0117",37.565333,-75.567667,NA,NA,NA,NA,32,0,"2008-10-13",13,10,2008,2408252,2408252,"HUMAN_OBSERVATION","","","",NA,"",NA,"CC0_1_0","","",NA,NA,2025-02-06 18:22:17.934,"","COORDINATE_ROUNDED;GEODETIC_DATUM_INVALID;GEODETIC_DATUM_ASSUMED_WGS84;COUNTRY_DERIVED_FROM_COORDINATES;CONTINENT_DERIVED_FROM_COORDINATES"
1835190744,"aedcba44-1b8c-47e0-ab48-9370e779b6e1","e48be917-23e6-11e8-a64f-4f26032957e3","Animalia","Chordata",NA,"Pleuronectiformes","Achiridae","Trinectes","Trinectes maculatus",NA,"SPECIES","Trinectes maculatus (Bloch & Schneider, 1801)","Trinectes maculatus","(Bloch & Schneider, 1801)","US","11","","PRESENT",1,"c3ad790a-d426-4ac1-8e32-da61f81f0117",37.8565,-75.316333,NA,NA,NA,NA,39,0,"2008-10-12",12,10,2008,2408252,2408252,"HUMAN_OBSERVATION","","","",NA,"",NA,"CC0_1_0","","",NA,NA,2025-02-06 18:22:18.368,"","COORDINATE_ROUNDED;GEODETIC_DATUM_INVALID;GEODETIC_DATUM_ASSUMED_WGS84;COUNTRY_DERIVED_FROM_COORDINATES;CONTINENT_DERIVED_FROM_COORDINATES"
1835190621,"aedcba44-1b8c-47e0-ab48-9370e779b6e1","e48bfcb8-23e6-11e8-a64f-4f26032957e3","Animalia","Chordata",NA,"Pleuronectiformes","Achiridae","Trinectes","Trinectes maculatus",NA,"SPECIES","Trinectes maculatus (Bloch & Schneider, 1801)","Trinectes maculatus","(Bloch & Schneider, 1801)","US","11","","PRESENT",4,"c3ad790a-d426-4ac1-8e32-da61f81f0117",37.780333,-75.5005,NA,NA,NA,NA,30,0,"2008-10-13",13,10,2008,2408252,2408252,"HUMAN_OBSERVATION","","","",NA,"",NA,"CC0_1_0","","",NA,NA,2025-02-06 18:22:18.711,"","COORDINATE_ROUNDED;GEODETIC_DATUM_INVALID;GEODETIC_DATUM_ASSUMED_WGS84;COUNTRY_DERIVED_FROM_COORDINATES;CONTINENT_DERIVED_FROM_COORDINATES"
1835190587,"aedcba44-1b8c-47e0-ab48-9370e779b6e1","e48c374e-23e6-11e8-a64f-4f26032957e3","Animalia","Chordata",NA,"Pleuronectiformes","Achiridae","Trinectes","Trinectes maculatus",NA,"SPECIES","Trinectes maculatus (Bloch & Schneider, 1801)","Trinectes maculatus","(Bloch & Schneider, 1801)","US","10","","PRESENT",1,"c3ad790a-d426-4ac1-8e32-da61f81f0117",38.048,-75.202667,NA,NA,NA,NA,31,0,"2008-10-12",12,10,2008,2408252,2408252,"HUMAN_OBSERVATION","","","",NA,"",NA,"CC0_1_0","","",NA,NA,2025-02-06 18:22:17.923,"","COORDINATE_ROUNDED;GEODETIC_DATUM_INVALID;GEODETIC_DATUM_ASSUMED_WGS84;COUNTRY_DERIVED_FROM_COORDINATES;CONTINENT_DERIVED_FROM_COORDINATES"
1835190580,"aedcba44-1b8c-47e0-ab48-9370e779b6e1","e48c5e69-23e6-11e8-a64f-4f26032957e3","Animalia","Chordata",NA,"Pleuronectiformes","Achiridae","Trinectes","Trinectes maculatus",NA,"SPECIES","Trinectes maculatus (Bloch & Schneider, 1801)","Trinectes maculatus","(Bloch & Schneider, 1801)","US","10","","PRESENT",10,"c3ad790a-d426-4ac1-8e32-da61f81f0117",38.3285,-75.037333,NA,NA,NA,NA,50,0,"2008-10-11",11,10,2008,2408252,2408252,"HUMAN_OBSERVATION","","","",NA,"",NA,"CC0_1_0","","",NA,NA,2025-02-06 18:22:18.618,"","COORDINATE_ROUNDED;GEODETIC_DATUM_INVALID;GEODETIC_DATUM_ASSUMED_WGS84;COUNTRY_DERIVED_FROM_COORDINATES;CONTINENT_DERIVED_FROM_COORDINATES"
1835190461,"aedcba44-1b8c-47e0-ab48-9370e779b6e1","e48cbf7e-23e6-11e8-a64f-4f26032957e3","Animalia","Chordata",NA,"Pleuronectiformes","Achiridae","Trinectes","Trinectes maculatus",NA,"SPECIES","Trinectes maculatus (Bloch & Schneider, 1801)","Trinectes maculatus","(Bloch & Schneider, 1801)","US","09","","PRESENT",49,"c3ad790a-d426-4ac1-8e32-da61f81f0117",38.790333,-74.971667,NA,NA,NA,NA,88,0,"2008-10-11",11,10,2008,2408252,2408252,"HUMAN_OBSERVATION","","","",NA,"",NA,"CC0_1_0","","",NA,NA,2025-02-06 18:22:18.892,"","COORDINATE_ROUNDED;GEODETIC_DATUM_INVALID;GEODETIC_DATUM_ASSUMED_WGS84;COUNTRY_DERIVED_FROM_COORDINATES"
1835190459,"aedcba44-1b8c-47e0-ab48-9370e779b6e1","e48c8579-23e6-11e8-a64f-4f26032957e3","Animalia","Chordata",NA,"Pleuronectiformes","Achiridae","Trinectes","Trinectes maculatus",NA,"SPECIES","Trinectes maculatus (Bloch & Schneider, 1801)","Trinectes maculatus","(Bloch & Schneider, 1801)","US","09","","PRESENT",7,"c3ad790a-d426-4ac1-8e32-da61f81f0117",38.653333,-74.984667,NA,NA,NA,NA,54,0,"2008-10-09",9,10,2008,2408252,2408252,"HUMAN_OBSERVATION","","","",NA,"",NA,"CC0_1_0","","",NA,NA,2025-02-06 18:22:19.774,"","COORDINATE_ROUNDED;GEODETIC_DATUM_INVALID;GEODETIC_DATUM_ASSUMED_WGS84;COUNTRY_DERIVED_FROM_COORDINATES"
1835190306,"aedcba44-1b8c-47e0-ab48-9370e779b6e1","e48c71f7-23e6-11e8-a64f-4f26032957e3","Animalia","Chordata",NA,"Pleuronectiformes","Achiridae","Trinectes","Trinectes maculatus",NA,"SPECIES","Trinectes maculatus (Bloch & Schneider, 1801)","Trinectes maculatus","(Bloch & Schneider, 1801)","US","09","","PRESENT",3,"c3ad790a-d426-4ac1-8e32-da61f81f0117",38.526667,-75.007167,NA,NA,NA,NA,38,0,"2008-10-09",9,10,2008,2408252,2408252,"HUMAN_OBSERVATION","","","",NA,"",NA,"CC0_1_0","","",NA,NA,2025-02-06 18:22:18.106,"","COORDINATE_ROUNDED;GEODETIC_DATUM_INVALID;GEODETIC_DATUM_ASSUMED_WGS84;COUNTRY_DERIVED_FROM_COORDINATES;CONTINENT_DERIVED_FROM_COORDINATES"
1835190052,"aedcba44-1b8c-47e0-ab48-9370e779b6e1","e48cac9a-23e6-11e8-a64f-4f26032957e3","Animalia","Chordata",NA,"Pleuronectiformes","Achiridae","Trinectes","Trinectes maculatus",NA,"SPECIES","Trinectes maculatus (Bloch & Schneider, 1801)","Trinectes maculatus","(Bloch & Schneider, 1801)","US","07","","PRESENT",1,"c3ad790a-d426-4ac1-8e32-da61f81f0117",39.308167,-74.486,NA,NA,NA,NA,25,0,"2008-10-07",7,10,2008,2408252,2408252,"HUMAN_OBSERVATION","","","",NA,"",NA,"CC0_1_0","","",NA,NA,2025-02-06 18:22:17.548,"","COORDINATE_ROUNDED;GEODETIC_DATUM_INVALID;GEODETIC_DATUM_ASSUMED_WGS84;COUNTRY_DERIVED_FROM_COORDINATES;CONTINENT_DERIVED_FROM_COORDINATES"
1835189462,"aedcba44-1b8c-47e0-ab48-9370e779b6e1","e48cac9e-23e6-11e8-a64f-4f26032957e3","Animalia","Chordata",NA,"Pleuronectiformes","Achiridae","Trinectes","Trinectes maculatus",NA,"SPECIES","Trinectes maculatus (Bloch & Schneider, 1801)","Trinectes maculatus","(Bloch & Schneider, 1801)","US","13","","PRESENT",1,"c3ad790a-d426-4ac1-8e32-da61f81f0117",37.063333,-75.884167,NA,NA,NA,NA,23,0,"2007-10-13",13,10,2007,2408252,2408252,"HUMAN_OBSERVATION","","","",NA,"",NA,"CC0_1_0","","",NA,NA,2025-02-06 18:22:16.711,"","COORDINATE_ROUNDED;GEODETIC_DATUM_INVALID;GEODETIC_DATUM_ASSUMED_WGS84;COUNTRY_DERIVED_FROM_COORDINATES"
1835189137,"aedcba44-1b8c-47e0-ab48-9370e779b6e1","e48c4ae3-23e6-11e8-a64f-4f26032957e3","Animalia","Chordata",NA,"Pleuronectiformes","Achiridae","Trinectes","Trinectes maculatus",NA,"SPECIES","Trinectes maculatus (Bloch & Schneider, 1801)","Trinectes maculatus","(Bloch & Schneider, 1801)","US","11","","PRESENT",2,"c3ad790a-d426-4ac1-8e32-da61f81f0117",37.773167,-75.4035,NA,NA,NA,NA,35,0,"2007-10-11",11,10,2007,2408252,2408252,"HUMAN_OBSERVATION","","","",NA,"",NA,"CC0_1_0","","",NA,NA,2025-02-06 18:22:17.843,"","COORDINATE_ROUNDED;GEODETIC_DATUM_INVALID;GEODETIC_DATUM_ASSUMED_WGS84;COUNTRY_DERIVED_FROM_COORDINATES"
1835187803,"aedcba44-1b8c-47e0-ab48-9370e779b6e1","e48cbf7b-23e6-11e8-a64f-4f26032957e3","Animalia","Chordata",NA,"Pleuronectiformes","Achiridae","Trinectes","Trinectes maculatus",NA,"SPECIES","Trinectes maculatus (Bloch & Schneider, 1801)","Trinectes maculatus","(Bloch & Schneider, 1801)","US","11","","PRESENT",1,"c3ad790a-d426-4ac1-8e32-da61f81f0117",37.831,-75.419167,NA,NA,NA,NA,25,0,"2008-04-29",29,4,2008,2408252,2408252,"HUMAN_OBSERVATION","","","",NA,"",NA,"CC0_1_0","","",NA,NA,2025-02-06 18:22:18.825,"","COORDINATE_ROUNDED;GEODETIC_DATUM_INVALID;GEODETIC_DATUM_ASSUMED_WGS84;COUNTRY_DERIVED_FROM_COORDINATES;CONTINENT_DERIVED_FROM_COORDINATES"
1835187575,"aedcba44-1b8c-47e0-ab48-9370e779b6e1","e48c1033-23e6-11e8-a64f-4f26032957e3","Animalia","Chordata",NA,"Pleuronectiformes","Achiridae","Trinectes","Trinectes maculatus",NA,"SPECIES","Trinectes maculatus (Bloch & Schneider, 1801)","Trinectes maculatus","(Bloch & Schneider, 1801)","US","09","","PRESENT",1,"c3ad790a-d426-4ac1-8e32-da61f81f0117",38.528167,-75.0105,NA,NA,NA,NA,40,0,"2008-04-30",30,4,2008,2408252,2408252,"HUMAN_OBSERVATION","","","",NA,"",NA,"CC0_1_0","","",NA,NA,2025-02-06 18:22:18.209,"","COORDINATE_ROUNDED;GEODETIC_DATUM_INVALID;GEODETIC_DATUM_ASSUMED_WGS84;COUNTRY_DERIVED_FROM_COORDINATES;CONTINENT_DERIVED_FROM_COORDINATES"
1835186859,"aedcba44-1b8c-47e0-ab48-9370e779b6e1","e48cac9b-23e6-11e8-a64f-4f26032957e3","Animalia","Chordata",NA,"Pleuronectiformes","Achiridae","Trinectes","Trinectes maculatus",NA,"SPECIES","Trinectes maculatus (Bloch & Schneider, 1801)","Trinectes maculatus","(Bloch & Schneider, 1801)","US","11","","PRESENT",1,"c3ad790a-d426-4ac1-8e32-da61f81f0117",37.6445,-75.5565,NA,NA,NA,NA,43,0,"2007-10-12",12,10,2007,2408252,2408252,"HUMAN_OBSERVATION","","","",NA,"",NA,"CC0_1_0","","",NA,NA,2025-02-06 18:22:18.761,"","GEODETIC_DATUM_INVALID;GEODETIC_DATUM_ASSUMED_WGS84;COUNTRY_DERIVED_FROM_COORDINATES;CONTINENT_DERIVED_FROM_COORDINATES"
1835186828,"aedcba44-1b8c-47e0-ab48-9370e779b6e1","e48c23c2-23e6-11e8-a64f-4f26032957e3","Animalia","Chordata",NA,"Pleuronectiformes","Achiridae","Trinectes","Trinectes maculatus",NA,"SPECIES","Trinectes maculatus (Bloch & Schneider, 1801)","Trinectes maculatus","(Bloch & Schneider, 1801)","US","10","","PRESENT",10,"c3ad790a-d426-4ac1-8e32-da61f81f0117",38.3785,-75.038333,NA,NA,NA,NA,35,0,"2007-10-09",9,10,2007,2408252,2408252,"HUMAN_OBSERVATION","","","",NA,"",NA,"CC0_1_0","","",NA,NA,2025-02-06 18:22:19.917,"","COORDINATE_ROUNDED;GEODETIC_DATUM_INVALID;GEODETIC_DATUM_ASSUMED_WGS84;COUNTRY_DERIVED_FROM_COORDINATES;CONTINENT_DERIVED_FROM_COORDINATES"
1835186162,"aedcba44-1b8c-47e0-ab48-9370e779b6e1","e48bfcbc-23e6-11e8-a64f-4f26032957e3","Animalia","Chordata",NA,"Pleuronectiformes","Achiridae","Trinectes","Trinectes maculatus",NA,"SPECIES","Trinectes maculatus (Bloch & Schneider, 1801)","Trinectes maculatus","(Bloch & Schneider, 1801)","US","08","","PRESENT",5,"c3ad790a-d426-4ac1-8e32-da61f81f0117",39.051833,-74.709833,NA,NA,NA,NA,34,0,"2007-10-06",6,10,2007,2408252,2408252,"HUMAN_OBSERVATION","","","",NA,"",NA,"CC0_1_0","","",NA,NA,2025-02-06 18:22:19.569,"","COORDINATE_ROUNDED;GEODETIC_DATUM_INVALID;GEODETIC_DATUM_ASSUMED_WGS84;COUNTRY_DERIVED_FROM_COORDINATES;CONTINENT_DERIVED_FROM_COORDINATES"
1835185853,"aedcba44-1b8c-47e0-ab48-9370e779b6e1","e48cd3ae-23e6-11e8-a64f-4f26032957e3","Animalia","Chordata",NA,"Pleuronectiformes","Achiridae","Trinectes","Trinectes maculatus",NA,"SPECIES","Trinectes maculatus (Bloch & Schneider, 1801)","Trinectes maculatus","(Bloch & Schneider, 1801)","US","07","","PRESENT",28,"c3ad790a-d426-4ac1-8e32-da61f81f0117",39.268667,-74.527333,NA,NA,NA,NA,43,0,"2007-10-05",5,10,2007,2408252,2408252,"HUMAN_OBSERVATION","","","",NA,"",NA,"CC0_1_0","","",NA,NA,2025-02-06 18:22:18.204,"","COORDINATE_ROUNDED;GEODETIC_DATUM_INVALID;GEODETIC_DATUM_ASSUMED_WGS84;COUNTRY_DERIVED_FROM_COORDINATES;CONTINENT_DERIVED_FROM_COORDINATES"
1835185440,"aedcba44-1b8c-47e0-ab48-9370e779b6e1","e48bfcb5-23e6-11e8-a64f-4f26032957e3","Animalia","Chordata",NA,"Pleuronectiformes","Achiridae","Trinectes","Trinectes maculatus",NA,"SPECIES","Trinectes maculatus (Bloch & Schneider, 1801)","Trinectes maculatus","(Bloch & Schneider, 1801)","US","11","","PRESENT",5,"c3ad790a-d426-4ac1-8e32-da61f81f0117",37.804333,-75.381167,NA,NA,NA,NA,NA,NA,"2007-10-11",11,10,2007,2408252,2408252,"HUMAN_OBSERVATION","","","",NA,"",NA,"CC0_1_0","","",NA,NA,2025-02-06 18:22:19.239,"","COORDINATE_ROUNDED;GEODETIC_DATUM_INVALID;GEODETIC_DATUM_ASSUMED_WGS84;COUNTRY_DERIVED_FROM_COORDINATES"
1835185364,"aedcba44-1b8c-47e0-ab48-9370e779b6e1","e48cbf78-23e6-11e8-a64f-4f26032957e3","Animalia","Chordata",NA,"Pleuronectiformes","Achiridae","Trinectes","Trinectes maculatus",NA,"SPECIES","Trinectes maculatus (Bloch & Schneider, 1801)","Trinectes maculatus","(Bloch & Schneider, 1801)","US","10","","PRESENT",5,"c3ad790a-d426-4ac1-8e32-da61f81f0117",38.424,-75.005333,NA,NA,NA,NA,47,0,"2007-10-09",9,10,2007,2408252,2408252,"HUMAN_OBSERVATION","","","",NA,"",NA,"CC0_1_0","","",NA,NA,2025-02-06 18:22:19.429,"","COORDINATE_ROUNDED;GEODETIC_DATUM_INVALID;GEODETIC_DATUM_ASSUMED_WGS84;COUNTRY_DERIVED_FROM_COORDINATES;CONTINENT_DERIVED_FROM_COORDINATES"
1835185308,"aedcba44-1b8c-47e0-ab48-9370e779b6e1","e48c3750-23e6-11e8-a64f-4f26032957e3","Animalia","Chordata",NA,"Pleuronectiformes","Achiridae","Trinectes","Trinectes maculatus",NA,"SPECIES","Trinectes maculatus (Bloch & Schneider, 1801)","Trinectes maculatus","(Bloch & Schneider, 1801)","US","10","","PRESENT",23,"c3ad790a-d426-4ac1-8e32-da61f81f0117",38.4005,-75.030667,NA,NA,NA,NA,35,0,"2007-10-09",9,10,2007,2408252,2408252,"HUMAN_OBSERVATION","","","",NA,"",NA,"CC0_1_0","","",NA,NA,2025-02-06 18:22:19.82,"","COORDINATE_ROUNDED;GEODETIC_DATUM_INVALID;GEODETIC_DATUM_ASSUMED_WGS84;COUNTRY_DERIVED_FROM_COORDINATES;CONTINENT_DERIVED_FROM_COORDINATES"
1835185211,"aedcba44-1b8c-47e0-ab48-9370e779b6e1","e48cac98-23e6-11e8-a64f-4f26032957e3","Animalia","Chordata",NA,"Pleuronectiformes","Achiridae","Trinectes","Trinectes maculatus",NA,"SPECIES","Trinectes maculatus (Bloch & Schneider, 1801)","Trinectes maculatus","(Bloch & Schneider, 1801)","US","09","","PRESENT",1,"c3ad790a-d426-4ac1-8e32-da61f81f0117",38.876833,-74.889667,NA,NA,NA,NA,24,0,"2007-10-07",7,10,2007,2408252,2408252,"HUMAN_OBSERVATION","","","",NA,"",NA,"CC0_1_0","","",NA,NA,2025-02-06 18:22:17.903,"","COORDINATE_ROUNDED;GEODETIC_DATUM_INVALID;GEODETIC_DATUM_ASSUMED_WGS84;COUNTRY_DERIVED_FROM_COORDINATES"
1835185194,"aedcba44-1b8c-47e0-ab48-9370e779b6e1","e48c8578-23e6-11e8-a64f-4f26032957e3","Animalia","Chordata",NA,"Pleuronectiformes","Achiridae","Trinectes","Trinectes maculatus",NA,"SPECIES","Trinectes maculatus (Bloch & Schneider, 1801)","Trinectes maculatus","(Bloch & Schneider, 1801)","US","09","","PRESENT",2,"c3ad790a-d426-4ac1-8e32-da61f81f0117",38.906,-74.852833,NA,NA,NA,NA,49,0,"2007-10-08",8,10,2007,2408252,2408252,"HUMAN_OBSERVATION","","","",NA,"",NA,"CC0_1_0","","",NA,NA,2025-02-06 18:22:19.862,"","COORDINATE_ROUNDED;GEODETIC_DATUM_INVALID;GEODETIC_DATUM_ASSUMED_WGS84;COUNTRY_DERIVED_FROM_COORDINATES;CONTINENT_DERIVED_FROM_COORDINATES"
1835185167,"aedcba44-1b8c-47e0-ab48-9370e779b6e1","e48c71f9-23e6-11e8-a64f-4f26032957e3","Animalia","Chordata",NA,"Pleuronectiformes","Achiridae","Trinectes","Trinectes maculatus",NA,"SPECIES","Trinectes maculatus (Bloch & Schneider, 1801)","Trinectes maculatus","(Bloch & Schneider, 1801)","US","08","","PRESENT",47,"c3ad790a-d426-4ac1-8e32-da61f81f0117",38.976333,-74.773167,NA,NA,NA,NA,50,0,"2007-10-07",7,10,2007,2408252,2408252,"HUMAN_OBSERVATION","","","",NA,"",NA,"CC0_1_0","","",NA,NA,2025-02-06 18:22:18.756,"","COORDINATE_ROUNDED;GEODETIC_DATUM_INVALID;GEODETIC_DATUM_ASSUMED_WGS84;COUNTRY_DERIVED_FROM_COORDINATES;CONTINENT_DERIVED_FROM_COORDINATES"
1586125424,"50c9509d-22c7-4a22-a47d-8c48425ef4a7","https://www.inaturalist.org/observations/7324360","Animalia","Chordata",NA,"Pleuronectiformes","Achiridae","Trinectes","Trinectes maculatus",NA,"SPECIES","Trinectes maculatus (Bloch & Schneider, 1801)","Trinectes maculatus","","US","","South Carolina","PRESENT",NA,"28eb1a3f-1c15-4a95-931a-4af90ecb574d",32.204695,-80.789684,3428,NA,NA,NA,NA,NA,"2017-08-02T11:52",2,8,2017,2408252,2408252,"HUMAN_OBSERVATION","iNaturalist","Observations","7324360",NA,"Sharleen",2017-08-02 21:57:07,"CC_BY_NC_4_0","Sharleen","Sharleen",NA,NA,2025-06-07 02:31:30.997,"StillImage","COORDINATE_ROUNDED;CONTINENT_DERIVED_FROM_COORDINATES;TAXON_MATCH_TAXON_ID_IGNORED"
1500354134,"50c9509d-22c7-4a22-a47d-8c48425ef4a7","https://www.inaturalist.org/observations/6096242","Animalia","Chordata",NA,"Pleuronectiformes","Achiridae","Trinectes","Trinectes maculatus",NA,"SPECIES","Trinectes maculatus (Bloch & Schneider, 1801)","Trinectes maculatus","","US","","Texas","PRESENT",NA,"28eb1a3f-1c15-4a95-931a-4af90ecb574d",27.938147,-97.775733,NA,NA,NA,NA,NA,NA,"2017-04-23T13:22:11",23,4,2017,2408252,2408252,"HUMAN_OBSERVATION","iNaturalist","Observations","6096242",NA,"Adam Cohen",2017-05-05 02:09:01,"CC_BY_4_0","Adam Cohen","Adam Cohen",NA,NA,2025-06-07 01:23:17.824,"StillImage","COORDINATE_ROUNDED;CONTINENT_DERIVED_FROM_COORDINATES;TAXON_MATCH_TAXON_ID_IGNORED"
1457598011,"50c9509d-22c7-4a22-a47d-8c48425ef4a7","https://www.inaturalist.org/observations/5539025","Animalia","Chordata",NA,"Pleuronectiformes","Achiridae","Trinectes","Trinectes maculatus",NA,"SPECIES","Trinectes maculatus (Bloch & Schneider, 1801)","Trinectes maculatus","","US","","Virginia","PRESENT",NA,"28eb1a3f-1c15-4a95-931a-4af90ecb574d",38.006722,-76.587142,15,NA,NA,NA,NA,NA,"2016-07-04T08:21",4,7,2016,2408252,2408252,"HUMAN_OBSERVATION","iNaturalist","Observations","5539025",NA,"pmk00001",2017-04-02 12:00:21,"CC_BY_NC_4_0","pmk00001","pmk00001",NA,NA,2025-06-07 00:05:00.151,"StillImage","COORDINATE_ROUNDED;CONTINENT_DERIVED_FROM_COORDINATES;TAXON_MATCH_TAXON_ID_IGNORED"
1453295489,"50c9509d-22c7-4a22-a47d-8c48425ef4a7","https://www.inaturalist.org/observations/4791930","Animalia","Chordata",NA,"Pleuronectiformes","Achiridae","Trinectes","Trinectes maculatus",NA,"SPECIES","Trinectes maculatus (Bloch & Schneider, 1801)","Trinectes maculatus","","MX","","Tamaulipas","PRESENT",NA,"28eb1a3f-1c15-4a95-931a-4af90ecb574d",24.028422,-98.313353,97,NA,NA,NA,NA,NA,"2016-12-10T18:34:06",10,12,2016,2408252,2408252,"HUMAN_OBSERVATION","iNaturalist","Observations","4791930",NA,"Adam Cohen",2016-12-19 15:01:04,"CC_BY_NC_4_0","Xanett Aguilar Izaguirre","Xanett Aguilar Izaguirre",NA,NA,2025-06-06 23:47:43.214,"StillImage","COORDINATE_ROUNDED;CONTINENT_DERIVED_FROM_COORDINATES;TAXON_MATCH_TAXON_ID_IGNORED"
1316078045,"aa1d8785-b68f-4000-8b5c-f3545b3132bc","1100024337","Animalia","Chordata",NA,"Pleuronectiformes","Achiridae","Trinectes","Trinectes maculatus",NA,"SPECIES","Trinectes maculatus (Bloch & Schneider, 1801)","Trinectes maculatus","","US","05","Va","PRESENT",3,"c3ad790a-d426-4ac1-8e32-da61f81f0117",37.360883,-76.080567,NA,NA,NA,NA,57,0,"2013-11-14T10:20:53",14,11,2013,2408252,2408252,"HUMAN_OBSERVATION","VIMS","ChesMMAP","",NA,"",2013-11-14,"CC0_1_0","","McOmber, E",NA,NA,2025-02-01 00:08:30.077,"","COORDINATE_ROUNDED;GEODETIC_DATUM_INVALID;GEODETIC_DATUM_ASSUMED_WGS84;OCCURRENCE_STATUS_UNPARSABLE;OCCURRENCE_STATUS_INFERRED_FROM_INDIVIDUAL_COUNT"
1316078042,"aa1d8785-b68f-4000-8b5c-f3545b3132bc","1100024345","Animalia","Chordata",NA,"Pleuronectiformes","Achiridae","Trinectes","Trinectes maculatus",NA,"SPECIES","Trinectes maculatus (Bloch & Schneider, 1801)","Trinectes maculatus","","US","05","Va","PRESENT",1,"c3ad790a-d426-4ac1-8e32-da61f81f0117",37.4231,-76.085317,NA,NA,NA,NA,76,0,"2013-11-14T14:42:25",14,11,2013,2408252,2408252,"HUMAN_OBSERVATION","VIMS","ChesMMAP","",NA,"",2013-11-14,"CC0_1_0","","McOmber, E",NA,NA,2025-02-01 00:08:30.103,"","COORDINATE_ROUNDED;GEODETIC_DATUM_INVALID;GEODETIC_DATUM_ASSUMED_WGS84;OCCURRENCE_STATUS_UNPARSABLE;OCCURRENCE_STATUS_INFERRED_FROM_INDIVIDUAL_COUNT"
1316078017,"aa1d8785-b68f-4000-8b5c-f3545b3132bc","1100024295","Animalia","Chordata",NA,"Pleuronectiformes","Achiridae","Trinectes","Trinectes maculatus",NA,"SPECIES","Trinectes maculatus (Bloch & Schneider, 1801)","Trinectes maculatus","","US","05","Va","PRESENT",1,"c3ad790a-d426-4ac1-8e32-da61f81f0117",37.2611,-76.1803,NA,NA,NA,NA,36,0,"2013-11-14T07:52:21",14,11,2013,2408252,2408252,"HUMAN_OBSERVATION","VIMS","ChesMMAP","",NA,"",2013-11-14,"CC0_1_0","","McOmber, E",NA,NA,2025-02-01 00:08:30.315,"","GEODETIC_DATUM_INVALID;GEODETIC_DATUM_ASSUMED_WGS84;OCCURRENCE_STATUS_UNPARSABLE;OCCURRENCE_STATUS_INFERRED_FROM_INDIVIDUAL_COUNT"
1316077855,"aa1d8785-b68f-4000-8b5c-f3545b3132bc","1100024139","Animalia","Chordata",NA,"Pleuronectiformes","Achiridae","Trinectes","Trinectes maculatus",NA,"SPECIES","Trinectes maculatus (Bloch & Schneider, 1801)","Trinectes maculatus","","US","04","Va","PRESENT",4,"c3ad790a-d426-4ac1-8e32-da61f81f0117",37.490467,-76.205483,NA,NA,NA,NA,27,0,"2013-11-14T17:03:56",14,11,2013,2408252,2408252,"HUMAN_OBSERVATION","VIMS","ChesMMAP","",NA,"",2013-11-14,"CC0_1_0","","McOmber, E",NA,NA,2025-02-01 00:08:30.651,"","COORDINATE_ROUNDED;GEODETIC_DATUM_INVALID;GEODETIC_DATUM_ASSUMED_WGS84;OCCURRENCE_STATUS_UNPARSABLE;OCCURRENCE_STATUS_INFERRED_FROM_INDIVIDUAL_COUNT"
1316077599,"aa1d8785-b68f-4000-8b5c-f3545b3132bc","1100023871","Animalia","Chordata",NA,"Pleuronectiformes","Achiridae","Trinectes","Trinectes maculatus",NA,"SPECIES","Trinectes maculatus (Bloch & Schneider, 1801)","Trinectes maculatus","","US","04","Va","PRESENT",1,"c3ad790a-d426-4ac1-8e32-da61f81f0117",37.676317,-76.095583,NA,NA,NA,NA,36,0,"2013-09-04T14:43:32",4,9,2013,2408252,2408252,"HUMAN_OBSERVATION","VIMS","ChesMMAP","",NA,"",2013-09-04,"CC0_1_0","","McOmber, E",NA,NA,2025-02-01 00:08:32.225,"","COORDINATE_ROUNDED;GEODETIC_DATUM_INVALID;GEODETIC_DATUM_ASSUMED_WGS84;OCCURRENCE_STATUS_UNPARSABLE;OCCURRENCE_STATUS_INFERRED_FROM_INDIVIDUAL_COUNT"
1316077598,"aa1d8785-b68f-4000-8b5c-f3545b3132bc","1100023895","Animalia","Chordata",NA,"Pleuronectiformes","Achiridae","Trinectes","Trinectes maculatus",NA,"SPECIES","Trinectes maculatus (Bloch & Schneider, 1801)","Trinectes maculatus","","US","04","Va","PRESENT",1,"c3ad790a-d426-4ac1-8e32-da61f81f0117",37.6557,-76.206433,NA,NA,NA,NA,35.6,0,"2013-09-08T11:10:04",8,9,2013,2408252,2408252,"HUMAN_OBSERVATION","VIMS","ChesMMAP","",NA,"",2013-09-08,"CC0_1_0","","McOmber, E",NA,NA,2025-02-01 00:08:32.194,"","COORDINATE_ROUNDED;GEODETIC_DATUM_INVALID;GEODETIC_DATUM_ASSUMED_WGS84;OCCURRENCE_STATUS_UNPARSABLE;OCCURRENCE_STATUS_INFERRED_FROM_INDIVIDUAL_COUNT"
1316077416,"aa1d8785-b68f-4000-8b5c-f3545b3132bc","1100023705","Animalia","Chordata",NA,"Pleuronectiformes","Achiridae","Trinectes","Trinectes maculatus",NA,"SPECIES","Trinectes maculatus (Bloch & Schneider, 1801)","Trinectes maculatus","","US","05","Va","PRESENT",1,"c3ad790a-d426-4ac1-8e32-da61f81f0117",37.326033,-76.093917,NA,NA,NA,NA,66,0,"2013-07-09T09:46:38",9,7,2013,2408252,2408252,"HUMAN_OBSERVATION","VIMS","ChesMMAP","",NA,"",2013-07-09,"CC0_1_0","","McOmber, E",NA,NA,2025-02-01 00:08:32.48,"","COORDINATE_ROUNDED;GEODETIC_DATUM_INVALID;GEODETIC_DATUM_ASSUMED_WGS84;OCCURRENCE_STATUS_UNPARSABLE;OCCURRENCE_STATUS_INFERRED_FROM_INDIVIDUAL_COUNT"
1316077365,"aa1d8785-b68f-4000-8b5c-f3545b3132bc","1100023666","Animalia","Chordata",NA,"Pleuronectiformes","Achiridae","Trinectes","Trinectes maculatus",NA,"SPECIES","Trinectes maculatus (Bloch & Schneider, 1801)","Trinectes maculatus","","US","05","Va","PRESENT",1,"c3ad790a-d426-4ac1-8e32-da61f81f0117",37.256617,-76.24865,NA,NA,NA,NA,29,0,"2013-07-08T09:21:20",8,7,2013,2408252,2408252,"HUMAN_OBSERVATION","VIMS","ChesMMAP","",NA,"",2013-07-08,"CC0_1_0","","McOmber, E",NA,NA,2025-02-01 00:08:32.692,"","COORDINATE_ROUNDED;GEODETIC_DATUM_INVALID;GEODETIC_DATUM_ASSUMED_WGS84;OCCURRENCE_STATUS_UNPARSABLE;OCCURRENCE_STATUS_INFERRED_FROM_INDIVIDUAL_COUNT"
1316077280,"aa1d8785-b68f-4000-8b5c-f3545b3132bc","1100023598","Animalia","Chordata",NA,"Pleuronectiformes","Achiridae","Trinectes","Trinectes maculatus",NA,"SPECIES","Trinectes maculatus (Bloch & Schneider, 1801)","Trinectes maculatus","","US","05","Va","PRESENT",1,"c3ad790a-d426-4ac1-8e32-da61f81f0117",37.22205,-76.22005,NA,NA,NA,NA,29.1,0,"2013-07-08T10:16:32",8,7,2013,2408252,2408252,"HUMAN_OBSERVATION","VIMS","ChesMMAP","",NA,"",2013-07-08,"CC0_1_0","","McOmber, E",NA,NA,2025-02-01 00:08:29.044,"","GEODETIC_DATUM_INVALID;GEODETIC_DATUM_ASSUMED_WGS84;OCCURRENCE_STATUS_UNPARSABLE;OCCURRENCE_STATUS_INFERRED_FROM_INDIVIDUAL_COUNT"
1316077261,"aa1d8785-b68f-4000-8b5c-f3545b3132bc","1100023550","Animalia","Chordata",NA,"Pleuronectiformes","Achiridae","Trinectes","Trinectes maculatus",NA,"SPECIES","Trinectes maculatus (Bloch & Schneider, 1801)","Trinectes maculatus","","US","05","Va","PRESENT",38,"c3ad790a-d426-4ac1-8e32-da61f81f0117",37.09345,-76.235417,NA,NA,NA,NA,21.3,0,"2013-07-08T12:28:32",8,7,2013,2408252,2408252,"HUMAN_OBSERVATION","VIMS","ChesMMAP","",NA,"",2013-07-08,"CC0_1_0","","McOmber, E",NA,NA,2025-02-01 00:08:28.974,"","COORDINATE_ROUNDED;GEODETIC_DATUM_INVALID;GEODETIC_DATUM_ASSUMED_WGS84;CONTINENT_DERIVED_FROM_COORDINATES;OCCURRENCE_STATUS_UNPARSABLE;OCCURRENCE_STATUS_INFERRED_FROM_INDIVIDUAL_COUNT"
1316077190,"aa1d8785-b68f-4000-8b5c-f3545b3132bc","1100023483","Animalia","Chordata",NA,"Pleuronectiformes","Achiridae","Trinectes","Trinectes maculatus",NA,"SPECIES","Trinectes maculatus (Bloch & Schneider, 1801)","Trinectes maculatus","","US","04","Va","PRESENT",1,"c3ad790a-d426-4ac1-8e32-da61f81f0117",37.7255,-76.144933,NA,NA,NA,NA,41,0,"2013-07-10T17:14:08",10,7,2013,2408252,2408252,"HUMAN_OBSERVATION","VIMS","ChesMMAP","",NA,"",2013-07-10,"CC0_1_0","","McOmber, E",NA,NA,2025-02-01 00:08:29.215,"","COORDINATE_ROUNDED;GEODETIC_DATUM_INVALID;GEODETIC_DATUM_ASSUMED_WGS84;OCCURRENCE_STATUS_UNPARSABLE;OCCURRENCE_STATUS_INFERRED_FROM_INDIVIDUAL_COUNT"
1316076868,"aa1d8785-b68f-4000-8b5c-f3545b3132bc","1100023118","Animalia","Chordata",NA,"Pleuronectiformes","Achiridae","Trinectes","Trinectes maculatus",NA,"SPECIES","Trinectes maculatus (Bloch & Schneider, 1801)","Trinectes maculatus","","US","04","Va","PRESENT",2,"c3ad790a-d426-4ac1-8e32-da61f81f0117",37.4568,-76.179017,NA,NA,NA,NA,31.9,0,"2013-06-05T15:19:14",5,6,2013,2408252,2408252,"HUMAN_OBSERVATION","VIMS","ChesMMAP","",NA,"",2013-06-05,"CC0_1_0","","McOmber, E",NA,NA,2025-02-01 00:08:29.87,"","COORDINATE_ROUNDED;GEODETIC_DATUM_INVALID;GEODETIC_DATUM_ASSUMED_WGS84;OCCURRENCE_STATUS_UNPARSABLE;OCCURRENCE_STATUS_INFERRED_FROM_INDIVIDUAL_COUNT"
1316076715,"aa1d8785-b68f-4000-8b5c-f3545b3132bc","1100023101","Animalia","Chordata",NA,"Pleuronectiformes","Achiridae","Trinectes","Trinectes maculatus",NA,"SPECIES","Trinectes maculatus (Bloch & Schneider, 1801)","Trinectes maculatus","","US","04","Va","PRESENT",1,"c3ad790a-d426-4ac1-8e32-da61f81f0117",37.49155,-76.143767,NA,NA,NA,NA,33.6,0,"2013-06-05T16:15:46",5,6,2013,2408252,2408252,"HUMAN_OBSERVATION","VIMS","ChesMMAP","",NA,"",2013-06-05,"CC0_1_0","","McOmber, E",NA,NA,2025-02-01 00:08:29.864,"","COORDINATE_ROUNDED;GEODETIC_DATUM_INVALID;GEODETIC_DATUM_ASSUMED_WGS84;OCCURRENCE_STATUS_UNPARSABLE;OCCURRENCE_STATUS_INFERRED_FROM_INDIVIDUAL_COUNT"
1316076593,"aa1d8785-b68f-4000-8b5c-f3545b3132bc","1100022786","Animalia","Chordata",NA,"Pleuronectiformes","Achiridae","Trinectes","Trinectes maculatus",NA,"SPECIES","Trinectes maculatus (Bloch & Schneider, 1801)","Trinectes maculatus","","US","05","Va","PRESENT",2,"c3ad790a-d426-4ac1-8e32-da61f81f0117",37.2902,-76.0956,NA,NA,NA,NA,76,0,"2012-11-10T14:42:27",10,11,2012,2408252,2408252,"HUMAN_OBSERVATION","VIMS","ChesMMAP","",NA,"",2012-11-10,"CC0_1_0","","Gregg",NA,NA,2025-02-01 00:08:31.581,"","COORDINATE_ROUNDED;GEODETIC_DATUM_INVALID;GEODETIC_DATUM_ASSUMED_WGS84;OCCURRENCE_STATUS_UNPARSABLE;OCCURRENCE_STATUS_INFERRED_FROM_INDIVIDUAL_COUNT"
1316076475,"aa1d8785-b68f-4000-8b5c-f3545b3132bc","1100022724","Animalia","Chordata",NA,"Pleuronectiformes","Achiridae","Trinectes","Trinectes maculatus",NA,"SPECIES","Trinectes maculatus (Bloch & Schneider, 1801)","Trinectes maculatus","","US","05","Va","PRESENT",1,"c3ad790a-d426-4ac1-8e32-da61f81f0117",37.077267,-76.090233,NA,NA,NA,NA,35,0,"2012-11-10T08:36:29",10,11,2012,2408252,2408252,"HUMAN_OBSERVATION","VIMS","ChesMMAP","",NA,"",2012-11-10,"CC0_1_0","","Gregg",NA,NA,2025-02-01 00:08:31.652,"","COORDINATE_ROUNDED;GEODETIC_DATUM_INVALID;GEODETIC_DATUM_ASSUMED_WGS84;OCCURRENCE_STATUS_UNPARSABLE;OCCURRENCE_STATUS_INFERRED_FROM_INDIVIDUAL_COUNT"
1316076429,"aa1d8785-b68f-4000-8b5c-f3545b3132bc","1100022686","Animalia","Chordata",NA,"Pleuronectiformes","Achiridae","Trinectes","Trinectes maculatus",NA,"SPECIES","Trinectes maculatus (Bloch & Schneider, 1801)","Trinectes maculatus","","US","05","Va","PRESENT",2,"c3ad790a-d426-4ac1-8e32-da61f81f0117",37.02585,-76.148983,NA,NA,NA,NA,29,0,"2012-11-09T14:32:25",9,11,2012,2408252,2408252,"HUMAN_OBSERVATION","VIMS","ChesMMAP","",NA,"",2012-11-09,"CC0_1_0","","Gregg",NA,NA,2025-02-01 00:08:31.862,"","COORDINATE_ROUNDED;GEODETIC_DATUM_INVALID;GEODETIC_DATUM_ASSUMED_WGS84;OCCURRENCE_STATUS_UNPARSABLE;OCCURRENCE_STATUS_INFERRED_FROM_INDIVIDUAL_COUNT"
1316076410,"aa1d8785-b68f-4000-8b5c-f3545b3132bc","1100022662","Animalia","Chordata",NA,"Pleuronectiformes","Achiridae","Trinectes","Trinectes maculatus",NA,"SPECIES","Trinectes maculatus (Bloch & Schneider, 1801)","Trinectes maculatus","","US","05","Va","PRESENT",2,"c3ad790a-d426-4ac1-8e32-da61f81f0117",37.0422,-76.001417,NA,NA,NA,NA,26,0,"2012-11-10T07:20:20",10,11,2012,2408252,2408252,"HUMAN_OBSERVATION","VIMS","ChesMMAP","",NA,"",2012-11-10,"CC0_1_0","","Gregg",NA,NA,2025-02-01 00:08:31.893,"","COORDINATE_ROUNDED;GEODETIC_DATUM_INVALID;GEODETIC_DATUM_ASSUMED_WGS84;OCCURRENCE_STATUS_UNPARSABLE;OCCURRENCE_STATUS_INFERRED_FROM_INDIVIDUAL_COUNT"
1316076335,"aa1d8785-b68f-4000-8b5c-f3545b3132bc","1100022627","Animalia","Chordata",NA,"Pleuronectiformes","Achiridae","Trinectes","Trinectes maculatus",NA,"SPECIES","Trinectes maculatus (Bloch & Schneider, 1801)","Trinectes maculatus","","US","04","Va","PRESENT",5,"c3ad790a-d426-4ac1-8e32-da61f81f0117",37.908683,-76.178,NA,NA,NA,NA,72,0,"2012-11-12T09:44:04",12,11,2012,2408252,2408252,"HUMAN_OBSERVATION","VIMS","ChesMMAP","",NA,"",2012-11-12,"CC0_1_0","","Gregg",NA,NA,2025-02-01 00:08:32.104,"","COORDINATE_ROUNDED;GEODETIC_DATUM_INVALID;GEODETIC_DATUM_ASSUMED_WGS84;OCCURRENCE_STATUS_UNPARSABLE;OCCURRENCE_STATUS_INFERRED_FROM_INDIVIDUAL_COUNT"
1316076172,"aa1d8785-b68f-4000-8b5c-f3545b3132bc","1100022463","Animalia","Chordata",NA,"Pleuronectiformes","Achiridae","Trinectes","Trinectes maculatus",NA,"SPECIES","Trinectes maculatus (Bloch & Schneider, 1801)","Trinectes maculatus","","US","02","Md","PRESENT",1,"c3ad790a-d426-4ac1-8e32-da61f81f0117",38.448217,-76.424483,NA,NA,NA,NA,39,0,"2012-11-15T16:38:01",15,11,2012,2408252,2408252,"HUMAN_OBSERVATION","VIMS","ChesMMAP","",NA,"",2012-11-15,"CC0_1_0","","Gregg",NA,NA,2025-02-01 00:08:32.444,"","COORDINATE_ROUNDED;GEODETIC_DATUM_INVALID;GEODETIC_DATUM_ASSUMED_WGS84;CONTINENT_DERIVED_FROM_COORDINATES;OCCURRENCE_STATUS_UNPARSABLE;OCCURRENCE_STATUS_INFERRED_FROM_INDIVIDUAL_COUNT"
1316076006,"aa1d8785-b68f-4000-8b5c-f3545b3132bc","1100022273","Animalia","Chordata",NA,"Pleuronectiformes","Achiridae","Trinectes","Trinectes maculatus",NA,"SPECIES","Trinectes maculatus (Bloch & Schneider, 1801)","Trinectes maculatus","","US","05","Va","PRESENT",1,"c3ad790a-d426-4ac1-8e32-da61f81f0117",37.356983,-76.23385,NA,NA,NA,NA,23,0,"2012-09-11T12:37:07",11,9,2012,2408252,2408252,"HUMAN_OBSERVATION","VIMS","ChesMMAP","",NA,"",2012-09-11,"CC0_1_0","","Mcomber",NA,NA,2025-02-01 00:08:29.044,"","COORDINATE_ROUNDED;GEODETIC_DATUM_INVALID;GEODETIC_DATUM_ASSUMED_WGS84;CONTINENT_DERIVED_FROM_COORDINATES;OCCURRENCE_STATUS_UNPARSABLE;OCCURRENCE_STATUS_INFERRED_FROM_INDIVIDUAL_COUNT"
1316075961,"aa1d8785-b68f-4000-8b5c-f3545b3132bc","1100022255","Animalia","Chordata",NA,"Pleuronectiformes","Achiridae","Trinectes","Trinectes maculatus",NA,"SPECIES","Trinectes maculatus (Bloch & Schneider, 1801)","Trinectes maculatus","","US","04","Va","PRESENT",1,"c3ad790a-d426-4ac1-8e32-da61f81f0117",37.8877,-76.170217,NA,NA,NA,NA,69,0,"2012-09-05T13:29:15",5,9,2012,2408252,2408252,"HUMAN_OBSERVATION","VIMS","ChesMMAP","",NA,"",2012-09-05,"CC0_1_0","","Mcomber",NA,NA,2025-02-01 00:08:29.041,"","COORDINATE_ROUNDED;GEODETIC_DATUM_INVALID;GEODETIC_DATUM_ASSUMED_WGS84;OCCURRENCE_STATUS_UNPARSABLE;OCCURRENCE_STATUS_INFERRED_FROM_INDIVIDUAL_COUNT"
1316075929,"aa1d8785-b68f-4000-8b5c-f3545b3132bc","1100022216","Animalia","Chordata",NA,"Pleuronectiformes","Achiridae","Trinectes","Trinectes maculatus",NA,"SPECIES","Trinectes maculatus (Bloch & Schneider, 1801)","Trinectes maculatus","","US","04","Va","PRESENT",3,"c3ad790a-d426-4ac1-8e32-da61f81f0117",37.570883,-76.182033,NA,NA,NA,NA,40,0,"2012-09-10T17:56:07",10,9,2012,2408252,2408252,"HUMAN_OBSERVATION","VIMS","ChesMMAP","",NA,"",2012-09-10,"CC0_1_0","","Mcomber",NA,NA,2025-02-01 00:08:28.972,"","COORDINATE_ROUNDED;GEODETIC_DATUM_INVALID;GEODETIC_DATUM_ASSUMED_WGS84;OCCURRENCE_STATUS_UNPARSABLE;OCCURRENCE_STATUS_INFERRED_FROM_INDIVIDUAL_COUNT"
1316075718,"aa1d8785-b68f-4000-8b5c-f3545b3132bc","1100021992","Animalia","Chordata",NA,"Pleuronectiformes","Achiridae","Trinectes","Trinectes maculatus",NA,"SPECIES","Trinectes maculatus (Bloch & Schneider, 1801)","Trinectes maculatus","","US","05","Va","PRESENT",2,"c3ad790a-d426-4ac1-8e32-da61f81f0117",37.343767,-76.1778,NA,NA,NA,NA,41,0,"2012-07-16T08:21:42",16,7,2012,2408252,2408252,"HUMAN_OBSERVATION","VIMS","ChesMMAP","",NA,"",2012-07-16,"CC0_1_0","","Mcomber",NA,NA,2025-02-01 00:08:26.812,"","COORDINATE_ROUNDED;GEODETIC_DATUM_INVALID;GEODETIC_DATUM_ASSUMED_WGS84;OCCURRENCE_STATUS_UNPARSABLE;OCCURRENCE_STATUS_INFERRED_FROM_INDIVIDUAL_COUNT"
1316075498,"aa1d8785-b68f-4000-8b5c-f3545b3132bc","1100021707","Animalia","Chordata",NA,"Pleuronectiformes","Achiridae","Trinectes","Trinectes maculatus",NA,"SPECIES","Trinectes maculatus (Bloch & Schneider, 1801)","Trinectes maculatus","","US","04","Va","PRESENT",1,"c3ad790a-d426-4ac1-8e32-da61f81f0117",37.858517,-76.206383,NA,NA,NA,NA,27,0,"2012-07-13T07:48:56",13,7,2012,2408252,2408252,"HUMAN_OBSERVATION","VIMS","ChesMMAP","",NA,"",2012-07-13,"CC0_1_0","","Mcomber",NA,NA,2025-02-01 00:08:31.251,"","COORDINATE_ROUNDED;GEODETIC_DATUM_INVALID;GEODETIC_DATUM_ASSUMED_WGS84;CONTINENT_DERIVED_FROM_COORDINATES;OCCURRENCE_STATUS_UNPARSABLE;OCCURRENCE_STATUS_INFERRED_FROM_INDIVIDUAL_COUNT"
1316075406,"aa1d8785-b68f-4000-8b5c-f3545b3132bc","1100021671","Animalia","Chordata",NA,"Pleuronectiformes","Achiridae","Trinectes","Trinectes maculatus",NA,"SPECIES","Trinectes maculatus (Bloch & Schneider, 1801)","Trinectes maculatus","","US","02","Md","PRESENT",1,"c3ad790a-d426-4ac1-8e32-da61f81f0117",38.603,-76.32385,NA,NA,NA,NA,23,0,"2012-07-14T08:08:05",14,7,2012,2408252,2408252,"HUMAN_OBSERVATION","VIMS","ChesMMAP","",NA,"",2012-07-14,"CC0_1_0","","Mcomber",NA,NA,2025-02-01 00:08:31.195,"","COORDINATE_ROUNDED;GEODETIC_DATUM_INVALID;GEODETIC_DATUM_ASSUMED_WGS84;CONTINENT_DERIVED_FROM_COORDINATES;OCCURRENCE_STATUS_UNPARSABLE;OCCURRENCE_STATUS_INFERRED_FROM_INDIVIDUAL_COUNT"
1316075307,"aa1d8785-b68f-4000-8b5c-f3545b3132bc","1100021530","Animalia","Chordata",NA,"Pleuronectiformes","Achiridae","Trinectes","Trinectes maculatus",NA,"SPECIES","Trinectes maculatus (Bloch & Schneider, 1801)","Trinectes maculatus","","US","05","Va","PRESENT",2,"c3ad790a-d426-4ac1-8e32-da61f81f0117",37.421322,-76.192497,NA,NA,NA,NA,25,0,"2012-06-02T13:49:47",2,6,2012,2408252,2408252,"HUMAN_OBSERVATION","VIMS","ChesMMAP","",NA,"",2012-06-02,"CC0_1_0","","Mcomber",NA,NA,2025-02-01 00:08:31.47,"","COORDINATE_ROUNDED;GEODETIC_DATUM_INVALID;GEODETIC_DATUM_ASSUMED_WGS84;OCCURRENCE_STATUS_UNPARSABLE;OCCURRENCE_STATUS_INFERRED_FROM_INDIVIDUAL_COUNT"
1316075229,"aa1d8785-b68f-4000-8b5c-f3545b3132bc","1100021506","Animalia","Chordata",NA,"Pleuronectiformes","Achiridae","Trinectes","Trinectes maculatus",NA,"SPECIES","Trinectes maculatus (Bloch & Schneider, 1801)","Trinectes maculatus","","US","05","Va","PRESENT",2,"c3ad790a-d426-4ac1-8e32-da61f81f0117",36.98,-76.169487,NA,NA,NA,NA,30,0,"2012-05-26T16:18:45",26,5,2012,2408252,2408252,"HUMAN_OBSERVATION","VIMS","ChesMMAP","",NA,"",2012-05-26,"CC0_1_0","","Mcomber",NA,NA,2025-02-01 00:08:31.33,"","COORDINATE_ROUNDED;GEODETIC_DATUM_INVALID;GEODETIC_DATUM_ASSUMED_WGS84;OCCURRENCE_STATUS_UNPARSABLE;OCCURRENCE_STATUS_INFERRED_FROM_INDIVIDUAL_COUNT"
1316075159,"aa1d8785-b68f-4000-8b5c-f3545b3132bc","1100021418","Animalia","Chordata",NA,"Pleuronectiformes","Achiridae","Trinectes","Trinectes maculatus",NA,"SPECIES","Trinectes maculatus (Bloch & Schneider, 1801)","Trinectes maculatus","","US","04","Va","PRESENT",1,"c3ad790a-d426-4ac1-8e32-da61f81f0117",37.55352,-76.029198,NA,NA,NA,NA,46,0,"2012-06-02T10:10:03",2,6,2012,2408252,2408252,"HUMAN_OBSERVATION","VIMS","ChesMMAP","",NA,"",2012-06-02,"CC0_1_0","","Mcomber",NA,NA,2025-02-01 00:08:31.78,"","COORDINATE_ROUNDED;GEODETIC_DATUM_INVALID;GEODETIC_DATUM_ASSUMED_WGS84;OCCURRENCE_STATUS_UNPARSABLE;OCCURRENCE_STATUS_INFERRED_FROM_INDIVIDUAL_COUNT"
1316075151,"aa1d8785-b68f-4000-8b5c-f3545b3132bc","1100021430","Animalia","Chordata",NA,"Pleuronectiformes","Achiridae","Trinectes","Trinectes maculatus",NA,"SPECIES","Trinectes maculatus (Bloch & Schneider, 1801)","Trinectes maculatus","","US","04","Va","PRESENT",1,"c3ad790a-d426-4ac1-8e32-da61f81f0117",37.670368,-76.22673,NA,NA,NA,NA,34,0,"2012-05-28T07:58:12",28,5,2012,2408252,2408252,"HUMAN_OBSERVATION","VIMS","ChesMMAP","",NA,"",2012-05-28,"CC0_1_0","","Mcomber",NA,NA,2025-02-01 00:08:31.754,"","COORDINATE_ROUNDED;GEODETIC_DATUM_INVALID;GEODETIC_DATUM_ASSUMED_WGS84;OCCURRENCE_STATUS_UNPARSABLE;OCCURRENCE_STATUS_INFERRED_FROM_INDIVIDUAL_COUNT"
1316075145,"aa1d8785-b68f-4000-8b5c-f3545b3132bc","1100021400","Animalia","Chordata",NA,"Pleuronectiformes","Achiridae","Trinectes","Trinectes maculatus",NA,"SPECIES","Trinectes maculatus (Bloch & Schneider, 1801)","Trinectes maculatus","","US","04","Va","PRESENT",4,"c3ad790a-d426-4ac1-8e32-da61f81f0117",37.656219,-76.199532,NA,NA,NA,NA,36,0,"2012-05-28T08:46:01",28,5,2012,2408252,2408252,"HUMAN_OBSERVATION","VIMS","ChesMMAP","",NA,"",2012-05-28,"CC0_1_0","","Mcomber",NA,NA,2025-02-01 00:08:31.776,"","COORDINATE_ROUNDED;GEODETIC_DATUM_INVALID;GEODETIC_DATUM_ASSUMED_WGS84;OCCURRENCE_STATUS_UNPARSABLE;OCCURRENCE_STATUS_INFERRED_FROM_INDIVIDUAL_COUNT"
1316075059,"aa1d8785-b68f-4000-8b5c-f3545b3132bc","1100021338","Animalia","Chordata",NA,"Pleuronectiformes","Achiridae","Trinectes","Trinectes maculatus",NA,"SPECIES","Trinectes maculatus (Bloch & Schneider, 1801)","Trinectes maculatus","","US","04","Va","PRESENT",1,"c3ad790a-d426-4ac1-8e32-da61f81f0117",37.72282,-76.0513,NA,NA,NA,NA,34,0,"2012-05-28T14:16:52",28,5,2012,2408252,2408252,"HUMAN_OBSERVATION","VIMS","ChesMMAP","",NA,"",2012-05-28,"CC0_1_0","","Mcomber",NA,NA,2025-02-01 00:08:31.885,"","COORDINATE_ROUNDED;GEODETIC_DATUM_INVALID;GEODETIC_DATUM_ASSUMED_WGS84;OCCURRENCE_STATUS_UNPARSABLE;OCCURRENCE_STATUS_INFERRED_FROM_INDIVIDUAL_COUNT"
1316075056,"aa1d8785-b68f-4000-8b5c-f3545b3132bc","1100021303","Animalia","Chordata",NA,"Pleuronectiformes","Achiridae","Trinectes","Trinectes maculatus",NA,"SPECIES","Trinectes maculatus (Bloch & Schneider, 1801)","Trinectes maculatus","","US","04","Va","PRESENT",7,"c3ad790a-d426-4ac1-8e32-da61f81f0117",37.57383,-76.220451,NA,NA,NA,NA,27,0,"2012-05-28T06:52:33",28,5,2012,2408252,2408252,"HUMAN_OBSERVATION","VIMS","ChesMMAP","",NA,"",2012-05-28,"CC0_1_0","","Mcomber",NA,NA,2025-02-01 00:08:32.01,"","COORDINATE_ROUNDED;GEODETIC_DATUM_INVALID;GEODETIC_DATUM_ASSUMED_WGS84;OCCURRENCE_STATUS_UNPARSABLE;OCCURRENCE_STATUS_INFERRED_FROM_INDIVIDUAL_COUNT"
1316075041,"aa1d8785-b68f-4000-8b5c-f3545b3132bc","1100021315","Animalia","Chordata",NA,"Pleuronectiformes","Achiridae","Trinectes","Trinectes maculatus",NA,"SPECIES","Trinectes maculatus (Bloch & Schneider, 1801)","Trinectes maculatus","","US","04","Va","PRESENT",1,"c3ad790a-d426-4ac1-8e32-da61f81f0117",37.6245,-75.954697,NA,NA,NA,NA,23,0,"2012-05-28T12:28:41",28,5,2012,2408252,2408252,"HUMAN_OBSERVATION","VIMS","ChesMMAP","",NA,"",2012-05-28,"CC0_1_0","","Mcomber",NA,NA,2025-02-01 00:08:32.031,"","COORDINATE_ROUNDED;GEODETIC_DATUM_INVALID;GEODETIC_DATUM_ASSUMED_WGS84;CONTINENT_DERIVED_FROM_COORDINATES;OCCURRENCE_STATUS_UNPARSABLE;OCCURRENCE_STATUS_INFERRED_FROM_INDIVIDUAL_COUNT"
1316074944,"aa1d8785-b68f-4000-8b5c-f3545b3132bc","1100021165","Animalia","Chordata",NA,"Pleuronectiformes","Achiridae","Trinectes","Trinectes maculatus",NA,"SPECIES","Trinectes maculatus (Bloch & Schneider, 1801)","Trinectes maculatus","","US","01","Md","PRESENT",1,"c3ad790a-d426-4ac1-8e32-da61f81f0117",39.218521,-76.352653,NA,NA,NA,NA,14,0,"2012-06-01T08:39:37",1,6,2012,2408252,2408252,"HUMAN_OBSERVATION","VIMS","ChesMMAP","",NA,"",2012-06-01,"CC0_1_0","","Mcomber",NA,NA,2025-02-01 00:08:32.51,"","COORDINATE_ROUNDED;GEODETIC_DATUM_INVALID;GEODETIC_DATUM_ASSUMED_WGS84;CONTINENT_DERIVED_FROM_COORDINATES;OCCURRENCE_STATUS_UNPARSABLE;OCCURRENCE_STATUS_INFERRED_FROM_INDIVIDUAL_COUNT"
1316074941,"aa1d8785-b68f-4000-8b5c-f3545b3132bc","1100021199","Animalia","Chordata",NA,"Pleuronectiformes","Achiridae","Trinectes","Trinectes maculatus",NA,"SPECIES","Trinectes maculatus (Bloch & Schneider, 1801)","Trinectes maculatus","","US","02","Md","PRESENT",1,"c3ad790a-d426-4ac1-8e32-da61f81f0117",38.823978,-76.465767,NA,NA,NA,NA,26,0,"2012-05-31T15:36:05",31,5,2012,2408252,2408252,"HUMAN_OBSERVATION","VIMS","ChesMMAP","",NA,"",2012-05-31,"CC0_1_0","","Mcomber",NA,NA,2025-02-01 00:08:32.508,"","COORDINATE_ROUNDED;GEODETIC_DATUM_INVALID;GEODETIC_DATUM_ASSUMED_WGS84;CONTINENT_DERIVED_FROM_COORDINATES;OCCURRENCE_STATUS_UNPARSABLE;OCCURRENCE_STATUS_INFERRED_FROM_INDIVIDUAL_COUNT"
1316074925,"aa1d8785-b68f-4000-8b5c-f3545b3132bc","1100021182","Animalia","Chordata",NA,"Pleuronectiformes","Achiridae","Trinectes","Trinectes maculatus",NA,"SPECIES","Trinectes maculatus (Bloch & Schneider, 1801)","Trinectes maculatus","","US","01","Md","PRESENT",1,"c3ad790a-d426-4ac1-8e32-da61f81f0117",39.225769,-76.335068,NA,NA,NA,NA,15,0,"2012-06-01T07:05:45",1,6,2012,2408252,2408252,"HUMAN_OBSERVATION","VIMS","ChesMMAP","",NA,"",2012-06-01,"CC0_1_0","","Mcomber",NA,NA,2025-02-01 00:08:32.518,"","COORDINATE_ROUNDED;GEODETIC_DATUM_INVALID;GEODETIC_DATUM_ASSUMED_WGS84;CONTINENT_DERIVED_FROM_COORDINATES;OCCURRENCE_STATUS_UNPARSABLE;OCCURRENCE_STATUS_INFERRED_FROM_INDIVIDUAL_COUNT"
1316074913,"aa1d8785-b68f-4000-8b5c-f3545b3132bc","1100021179","Animalia","Chordata",NA,"Pleuronectiformes","Achiridae","Trinectes","Trinectes maculatus",NA,"SPECIES","Trinectes maculatus (Bloch & Schneider, 1801)","Trinectes maculatus","","US","01","Md","PRESENT",1,"c3ad790a-d426-4ac1-8e32-da61f81f0117",39.212921,-76.363564,NA,NA,NA,NA,14,0,"2012-06-01T08:03:07",1,6,2012,2408252,2408252,"HUMAN_OBSERVATION","VIMS","ChesMMAP","",NA,"",2012-06-01,"CC0_1_0","","Mcomber",NA,NA,2025-02-01 00:08:32.517,"","COORDINATE_ROUNDED;GEODETIC_DATUM_INVALID;GEODETIC_DATUM_ASSUMED_WGS84;CONTINENT_DERIVED_FROM_COORDINATES;OCCURRENCE_STATUS_UNPARSABLE;OCCURRENCE_STATUS_INFERRED_FROM_INDIVIDUAL_COUNT"
1316074860,"aa1d8785-b68f-4000-8b5c-f3545b3132bc","1100021135","Animalia","Chordata",NA,"Pleuronectiformes","Achiridae","Trinectes","Trinectes maculatus",NA,"SPECIES","Trinectes maculatus (Bloch & Schneider, 1801)","Trinectes maculatus","","US","05","Va","PRESENT",1,"c3ad790a-d426-4ac1-8e32-da61f81f0117",37.2343,-76.33935,NA,NA,NA,NA,42,0,"2011-11-10T14:12:18",10,11,2011,2408252,2408252,"HUMAN_OBSERVATION","VIMS","ChesMMAP","",NA,"",2011-11-10,"CC0_1_0","","Mcomber",NA,NA,2025-02-01 00:08:32.444,"","COORDINATE_ROUNDED;GEODETIC_DATUM_INVALID;GEODETIC_DATUM_ASSUMED_WGS84;CONTINENT_DERIVED_FROM_COORDINATES;OCCURRENCE_STATUS_UNPARSABLE;OCCURRENCE_STATUS_INFERRED_FROM_INDIVIDUAL_COUNT"
1316074845,"aa1d8785-b68f-4000-8b5c-f3545b3132bc","1100021120","Animalia","Chordata",NA,"Pleuronectiformes","Achiridae","Trinectes","Trinectes maculatus",NA,"SPECIES","Trinectes maculatus (Bloch & Schneider, 1801)","Trinectes maculatus","","US","05","Va","PRESENT",1,"c3ad790a-d426-4ac1-8e32-da61f81f0117",37.292083,-76.195117,NA,NA,NA,NA,40,0,"2011-11-10T11:53:58",10,11,2011,2408252,2408252,"HUMAN_OBSERVATION","VIMS","ChesMMAP","",NA,"",2011-11-10,"CC0_1_0","","Mcomber",NA,NA,2025-02-01 00:08:32.425,"","COORDINATE_ROUNDED;GEODETIC_DATUM_INVALID;GEODETIC_DATUM_ASSUMED_WGS84;OCCURRENCE_STATUS_UNPARSABLE;OCCURRENCE_STATUS_INFERRED_FROM_INDIVIDUAL_COUNT"
1316074812,"aa1d8785-b68f-4000-8b5c-f3545b3132bc","1100021076","Animalia","Chordata",NA,"Pleuronectiformes","Achiridae","Trinectes","Trinectes maculatus",NA,"SPECIES","Trinectes maculatus (Bloch & Schneider, 1801)","Trinectes maculatus","","US","05","Va","PRESENT",1,"c3ad790a-d426-4ac1-8e32-da61f81f0117",37.403583,-76.11715,NA,NA,NA,NA,43,0,"2011-11-03T15:12:11",3,11,2011,2408252,2408252,"HUMAN_OBSERVATION","VIMS","ChesMMAP","",NA,"",2011-11-03,"CC0_1_0","","Mcomber",NA,NA,2025-02-01 00:08:32.822,"","COORDINATE_ROUNDED;GEODETIC_DATUM_INVALID;GEODETIC_DATUM_ASSUMED_WGS84;OCCURRENCE_STATUS_UNPARSABLE;OCCURRENCE_STATUS_INFERRED_FROM_INDIVIDUAL_COUNT"
1316074810,"aa1d8785-b68f-4000-8b5c-f3545b3132bc","1100021030","Animalia","Chordata",NA,"Pleuronectiformes","Achiridae","Trinectes","Trinectes maculatus",NA,"SPECIES","Trinectes maculatus (Bloch & Schneider, 1801)","Trinectes maculatus","","US","05","Va","PRESENT",2,"c3ad790a-d426-4ac1-8e32-da61f81f0117",37.12525,-76.08125,NA,NA,NA,NA,28,0,"2011-11-02T16:29:41",2,11,2011,2408252,2408252,"HUMAN_OBSERVATION","VIMS","ChesMMAP","",NA,"",2011-11-02,"CC0_1_0","","Mcomber",NA,NA,2025-02-01 00:08:32.611,"","GEODETIC_DATUM_INVALID;GEODETIC_DATUM_ASSUMED_WGS84;OCCURRENCE_STATUS_UNPARSABLE;OCCURRENCE_STATUS_INFERRED_FROM_INDIVIDUAL_COUNT"
1316074750,"aa1d8785-b68f-4000-8b5c-f3545b3132bc","1100020980","Animalia","Chordata",NA,"Pleuronectiformes","Achiridae","Trinectes","Trinectes maculatus",NA,"SPECIES","Trinectes maculatus (Bloch & Schneider, 1801)","Trinectes maculatus","","US","05","Va","PRESENT",1,"c3ad790a-d426-4ac1-8e32-da61f81f0117",37.107117,-76.21235,NA,NA,NA,NA,28,0,"2011-11-02T12:28:48",2,11,2011,2408252,2408252,"HUMAN_OBSERVATION","VIMS","ChesMMAP","",NA,"",2011-11-02,"CC0_1_0","","Mcomber",NA,NA,2025-02-01 00:08:26.361,"","COORDINATE_ROUNDED;GEODETIC_DATUM_INVALID;GEODETIC_DATUM_ASSUMED_WGS84;OCCURRENCE_STATUS_UNPARSABLE;OCCURRENCE_STATUS_INFERRED_FROM_INDIVIDUAL_COUNT"
1316074730,"aa1d8785-b68f-4000-8b5c-f3545b3132bc","1100021012","Animalia","Chordata",NA,"Pleuronectiformes","Achiridae","Trinectes","Trinectes maculatus",NA,"SPECIES","Trinectes maculatus (Bloch & Schneider, 1801)","Trinectes maculatus","","US","05","Va","PRESENT",5,"c3ad790a-d426-4ac1-8e32-da61f81f0117",37.108067,-76.015533,NA,NA,NA,NA,27,0,"2011-11-02T17:26:57",2,11,2011,2408252,2408252,"HUMAN_OBSERVATION","VIMS","ChesMMAP","",NA,"",2011-11-02,"CC0_1_0","","Mcomber",NA,NA,2025-02-01 00:08:32.697,"","COORDINATE_ROUNDED;GEODETIC_DATUM_INVALID;GEODETIC_DATUM_ASSUMED_WGS84;CONTINENT_DERIVED_FROM_COORDINATES;OCCURRENCE_STATUS_UNPARSABLE;OCCURRENCE_STATUS_INFERRED_FROM_INDIVIDUAL_COUNT"
1316074562,"aa1d8785-b68f-4000-8b5c-f3545b3132bc","1100020812","Animalia","Chordata",NA,"Pleuronectiformes","Achiridae","Trinectes","Trinectes maculatus",NA,"SPECIES","Trinectes maculatus (Bloch & Schneider, 1801)","Trinectes maculatus","","US","03","Md","PRESENT",2,"c3ad790a-d426-4ac1-8e32-da61f81f0117",38.238767,-76.26285,NA,NA,NA,NA,83,0,"2011-11-04T09:36:47",4,11,2011,2408252,2408252,"HUMAN_OBSERVATION","VIMS","ChesMMAP","",NA,"",2011-11-04,"CC0_1_0","","Mcomber",NA,NA,2025-02-01 00:08:26.605,"","COORDINATE_ROUNDED;GEODETIC_DATUM_INVALID;GEODETIC_DATUM_ASSUMED_WGS84;OCCURRENCE_STATUS_UNPARSABLE;OCCURRENCE_STATUS_INFERRED_FROM_INDIVIDUAL_COUNT"
1316074526,"aa1d8785-b68f-4000-8b5c-f3545b3132bc","1100020776","Animalia","Chordata",NA,"Pleuronectiformes","Achiridae","Trinectes","Trinectes maculatus",NA,"SPECIES","Trinectes maculatus (Bloch & Schneider, 1801)","Trinectes maculatus","","US","03","Md","PRESENT",2,"c3ad790a-d426-4ac1-8e32-da61f81f0117",38.270633,-76.343217,NA,NA,NA,NA,40,0,"2011-11-04T08:22:21",4,11,2011,2408252,2408252,"HUMAN_OBSERVATION","VIMS","ChesMMAP","",NA,"",2011-11-04,"CC0_1_0","","Mcomber",NA,NA,2025-02-01 00:08:26.471,"","COORDINATE_ROUNDED;GEODETIC_DATUM_INVALID;GEODETIC_DATUM_ASSUMED_WGS84;CONTINENT_DERIVED_FROM_COORDINATES;OCCURRENCE_STATUS_UNPARSABLE;OCCURRENCE_STATUS_INFERRED_FROM_INDIVIDUAL_COUNT"
1316074450,"aa1d8785-b68f-4000-8b5c-f3545b3132bc","1100020729","Animalia","Chordata",NA,"Pleuronectiformes","Achiridae","Trinectes","Trinectes maculatus",NA,"SPECIES","Trinectes maculatus (Bloch & Schneider, 1801)","Trinectes maculatus","","US","02","Md","PRESENT",1,"c3ad790a-d426-4ac1-8e32-da61f81f0117",38.72195,-76.471067,NA,NA,NA,NA,38,0,"2011-11-06T12:12:32",6,11,2011,2408252,2408252,"HUMAN_OBSERVATION","VIMS","ChesMMAP","",NA,"",2011-11-06,"CC0_1_0","","Mcomber",NA,NA,2025-02-01 00:08:27.059,"","COORDINATE_ROUNDED;GEODETIC_DATUM_INVALID;GEODETIC_DATUM_ASSUMED_WGS84;OCCURRENCE_STATUS_UNPARSABLE;OCCURRENCE_STATUS_INFERRED_FROM_INDIVIDUAL_COUNT"
1316074373,"aa1d8785-b68f-4000-8b5c-f3545b3132bc","1100020599","Animalia","Chordata",NA,"Pleuronectiformes","Achiridae","Trinectes","Trinectes maculatus",NA,"SPECIES","Trinectes maculatus (Bloch & Schneider, 1801)","Trinectes maculatus","","US","05","Va","PRESENT",1,"c3ad790a-d426-4ac1-8e32-da61f81f0117",37.241733,-76.104517,NA,NA,NA,NA,46,0,"2011-09-02T11:15:50",2,9,2011,2408252,2408252,"HUMAN_OBSERVATION","VIMS","ChesMMAP","",NA,"",2011-09-02,"CC0_1_0","","Mcomber",NA,NA,2025-02-01 00:08:27.062,"","COORDINATE_ROUNDED;GEODETIC_DATUM_INVALID;GEODETIC_DATUM_ASSUMED_WGS84;OCCURRENCE_STATUS_UNPARSABLE;OCCURRENCE_STATUS_INFERRED_FROM_INDIVIDUAL_COUNT"
1316074351,"aa1d8785-b68f-4000-8b5c-f3545b3132bc","1100020630","Animalia","Chordata",NA,"Pleuronectiformes","Achiridae","Trinectes","Trinectes maculatus",NA,"SPECIES","Trinectes maculatus (Bloch & Schneider, 1801)","Trinectes maculatus","","US","05","Va","PRESENT",1,"c3ad790a-d426-4ac1-8e32-da61f81f0117",37.25855,-76.079567,NA,NA,NA,NA,88,0,"2011-09-02T12:11:25",2,9,2011,2408252,2408252,"HUMAN_OBSERVATION","VIMS","ChesMMAP","",NA,"",2011-09-02,"CC0_1_0","","Mcomber",NA,NA,2025-02-01 00:08:26.854,"","COORDINATE_ROUNDED;GEODETIC_DATUM_INVALID;GEODETIC_DATUM_ASSUMED_WGS84;OCCURRENCE_STATUS_UNPARSABLE;OCCURRENCE_STATUS_INFERRED_FROM_INDIVIDUAL_COUNT"
1316074311,"aa1d8785-b68f-4000-8b5c-f3545b3132bc","1100020570","Animalia","Chordata",NA,"Pleuronectiformes","Achiridae","Trinectes","Trinectes maculatus",NA,"SPECIES","Trinectes maculatus (Bloch & Schneider, 1801)","Trinectes maculatus","","US","05","Va","PRESENT",3,"c3ad790a-d426-4ac1-8e32-da61f81f0117",37.174667,-76.197233,NA,NA,NA,NA,35,0,"2011-09-01T11:52:43",1,9,2011,2408252,2408252,"HUMAN_OBSERVATION","VIMS","ChesMMAP","",NA,"",2011-09-01,"CC0_1_0","","Mcomber",NA,NA,2025-02-01 00:08:27.184,"","COORDINATE_ROUNDED;GEODETIC_DATUM_INVALID;GEODETIC_DATUM_ASSUMED_WGS84;OCCURRENCE_STATUS_UNPARSABLE;OCCURRENCE_STATUS_INFERRED_FROM_INDIVIDUAL_COUNT"
1316074301,"aa1d8785-b68f-4000-8b5c-f3545b3132bc","1100020552","Animalia","Chordata",NA,"Pleuronectiformes","Achiridae","Trinectes","Trinectes maculatus",NA,"SPECIES","Trinectes maculatus (Bloch & Schneider, 1801)","Trinectes maculatus","","US","05","Va","PRESENT",2,"c3ad790a-d426-4ac1-8e32-da61f81f0117",37.2885,-76.157383,NA,NA,NA,NA,35,0,"2011-09-08T16:42:50",8,9,2011,2408252,2408252,"HUMAN_OBSERVATION","VIMS","ChesMMAP","",NA,"",2011-09-08,"CC0_1_0","","Mcomber",NA,NA,2025-02-01 00:08:27.221,"","COORDINATE_ROUNDED;GEODETIC_DATUM_INVALID;GEODETIC_DATUM_ASSUMED_WGS84;OCCURRENCE_STATUS_UNPARSABLE;OCCURRENCE_STATUS_INFERRED_FROM_INDIVIDUAL_COUNT"
1316074256,"aa1d8785-b68f-4000-8b5c-f3545b3132bc","1100020493","Animalia","Chordata",NA,"Pleuronectiformes","Achiridae","Trinectes","Trinectes maculatus",NA,"SPECIES","Trinectes maculatus (Bloch & Schneider, 1801)","Trinectes maculatus","","US","05","Va","PRESENT",1,"c3ad790a-d426-4ac1-8e32-da61f81f0117",37.2753,-76.275917,NA,NA,NA,NA,24,0,"2011-09-08T18:15:22",8,9,2011,2408252,2408252,"HUMAN_OBSERVATION","VIMS","ChesMMAP","",NA,"",2011-09-08,"CC0_1_0","","Mcomber",NA,NA,2025-02-01 00:08:30.702,"","COORDINATE_ROUNDED;GEODETIC_DATUM_INVALID;GEODETIC_DATUM_ASSUMED_WGS84;CONTINENT_DERIVED_FROM_COORDINATES;OCCURRENCE_STATUS_UNPARSABLE;OCCURRENCE_STATUS_INFERRED_FROM_INDIVIDUAL_COUNT"
1316074210,"aa1d8785-b68f-4000-8b5c-f3545b3132bc","1100020441","Animalia","Chordata",NA,"Pleuronectiformes","Achiridae","Trinectes","Trinectes maculatus",NA,"SPECIES","Trinectes maculatus (Bloch & Schneider, 1801)","Trinectes maculatus","","US","05","Va","PRESENT",1,"c3ad790a-d426-4ac1-8e32-da61f81f0117",37.12475,-76.240567,NA,NA,NA,NA,22,0,"2011-09-01T12:51:38",1,9,2011,2408252,2408252,"HUMAN_OBSERVATION","VIMS","ChesMMAP","",NA,"",2011-09-01,"CC0_1_0","","Mcomber",NA,NA,2025-02-01 00:08:30.891,"","COORDINATE_ROUNDED;GEODETIC_DATUM_INVALID;GEODETIC_DATUM_ASSUMED_WGS84;CONTINENT_DERIVED_FROM_COORDINATES;OCCURRENCE_STATUS_UNPARSABLE;OCCURRENCE_STATUS_INFERRED_FROM_INDIVIDUAL_COUNT"
1316074154,"aa1d8785-b68f-4000-8b5c-f3545b3132bc","1100020428","Animalia","Chordata",NA,"Pleuronectiformes","Achiridae","Trinectes","Trinectes maculatus",NA,"SPECIES","Trinectes maculatus (Bloch & Schneider, 1801)","Trinectes maculatus","","US","05","Va","PRESENT",1,"c3ad790a-d426-4ac1-8e32-da61f81f0117",37.108083,-76.24745,NA,NA,NA,NA,22,0,"2011-09-01T14:13:08",1,9,2011,2408252,2408252,"HUMAN_OBSERVATION","VIMS","ChesMMAP","",NA,"",2011-09-01,"CC0_1_0","","Mcomber",NA,NA,2025-02-01 00:08:30.752,"","COORDINATE_ROUNDED;GEODETIC_DATUM_INVALID;GEODETIC_DATUM_ASSUMED_WGS84;CONTINENT_DERIVED_FROM_COORDINATES;OCCURRENCE_STATUS_UNPARSABLE;OCCURRENCE_STATUS_INFERRED_FROM_INDIVIDUAL_COUNT"
1316074140,"aa1d8785-b68f-4000-8b5c-f3545b3132bc","1100020391","Animalia","Chordata",NA,"Pleuronectiformes","Achiridae","Trinectes","Trinectes maculatus",NA,"SPECIES","Trinectes maculatus (Bloch & Schneider, 1801)","Trinectes maculatus","","US","04","Va","PRESENT",2,"c3ad790a-d426-4ac1-8e32-da61f81f0117",37.70765,-76.013933,NA,NA,NA,NA,35,0,"2011-09-02T15:24:26",2,9,2011,2408252,2408252,"HUMAN_OBSERVATION","VIMS","ChesMMAP","",NA,"",2011-09-02,"CC0_1_0","","Mcomber",NA,NA,2025-02-01 00:08:30.966,"","COORDINATE_ROUNDED;GEODETIC_DATUM_INVALID;GEODETIC_DATUM_ASSUMED_WGS84;OCCURRENCE_STATUS_UNPARSABLE;OCCURRENCE_STATUS_INFERRED_FROM_INDIVIDUAL_COUNT"
1316074086,"aa1d8785-b68f-4000-8b5c-f3545b3132bc","1100020350","Animalia","Chordata",NA,"Pleuronectiformes","Achiridae","Trinectes","Trinectes maculatus",NA,"SPECIES","Trinectes maculatus (Bloch & Schneider, 1801)","Trinectes maculatus","","US","04","Va","PRESENT",24,"c3ad790a-d426-4ac1-8e32-da61f81f0117",37.540267,-76.145,NA,NA,NA,NA,40,0,"2011-09-08T10:20:46",8,9,2011,2408252,2408252,"HUMAN_OBSERVATION","VIMS","ChesMMAP","",NA,"",2011-09-08,"CC0_1_0","","Mcomber",NA,NA,2025-02-01 00:08:30.966,"","COORDINATE_ROUNDED;GEODETIC_DATUM_INVALID;GEODETIC_DATUM_ASSUMED_WGS84;OCCURRENCE_STATUS_UNPARSABLE;OCCURRENCE_STATUS_INFERRED_FROM_INDIVIDUAL_COUNT"
1316074080,"aa1d8785-b68f-4000-8b5c-f3545b3132bc","1100020359","Animalia","Chordata",NA,"Pleuronectiformes","Achiridae","Trinectes","Trinectes maculatus",NA,"SPECIES","Trinectes maculatus (Bloch & Schneider, 1801)","Trinectes maculatus","","US","04","Va","PRESENT",2,"c3ad790a-d426-4ac1-8e32-da61f81f0117",37.541967,-76.16875,NA,NA,NA,NA,36,0,"2011-09-08T09:30:31",8,9,2011,2408252,2408252,"HUMAN_OBSERVATION","VIMS","ChesMMAP","",NA,"",2011-09-08,"CC0_1_0","","Mcomber",NA,NA,2025-02-01 00:08:30.963,"","COORDINATE_ROUNDED;GEODETIC_DATUM_INVALID;GEODETIC_DATUM_ASSUMED_WGS84;OCCURRENCE_STATUS_UNPARSABLE;OCCURRENCE_STATUS_INFERRED_FROM_INDIVIDUAL_COUNT"
1316074006,"aa1d8785-b68f-4000-8b5c-f3545b3132bc","1100020277","Animalia","Chordata",NA,"Pleuronectiformes","Achiridae","Trinectes","Trinectes maculatus",NA,"SPECIES","Trinectes maculatus (Bloch & Schneider, 1801)","Trinectes maculatus","","US","04","Va","PRESENT",3,"c3ad790a-d426-4ac1-8e32-da61f81f0117",37.54155,-76.210867,NA,NA,NA,NA,30,0,"2011-09-08T08:34:59",8,9,2011,2408252,2408252,"HUMAN_OBSERVATION","VIMS","ChesMMAP","",NA,"",2011-09-08,"CC0_1_0","","Mcomber",NA,NA,2025-02-01 00:08:31.324,"","COORDINATE_ROUNDED;GEODETIC_DATUM_INVALID;GEODETIC_DATUM_ASSUMED_WGS84;OCCURRENCE_STATUS_UNPARSABLE;OCCURRENCE_STATUS_INFERRED_FROM_INDIVIDUAL_COUNT"
1316073994,"aa1d8785-b68f-4000-8b5c-f3545b3132bc","1100020269","Animalia","Chordata",NA,"Pleuronectiformes","Achiridae","Trinectes","Trinectes maculatus",NA,"SPECIES","Trinectes maculatus (Bloch & Schneider, 1801)","Trinectes maculatus","","US","04","Va","PRESENT",1,"c3ad790a-d426-4ac1-8e32-da61f81f0117",37.53025,-76.245783,NA,NA,NA,NA,29,0,"2011-09-08T07:54:20",8,9,2011,2408252,2408252,"HUMAN_OBSERVATION","VIMS","ChesMMAP","",NA,"",2011-09-08,"CC0_1_0","","Mcomber",NA,NA,2025-02-01 00:08:31.287,"","COORDINATE_ROUNDED;GEODETIC_DATUM_INVALID;GEODETIC_DATUM_ASSUMED_WGS84;CONTINENT_DERIVED_FROM_COORDINATES;OCCURRENCE_STATUS_UNPARSABLE;OCCURRENCE_STATUS_INFERRED_FROM_INDIVIDUAL_COUNT"
1316073878,"aa1d8785-b68f-4000-8b5c-f3545b3132bc","1100020103","Animalia","Chordata",NA,"Pleuronectiformes","Achiridae","Trinectes","Trinectes maculatus",NA,"SPECIES","Trinectes maculatus (Bloch & Schneider, 1801)","Trinectes maculatus","","US","05","Va","PRESENT",10,"c3ad790a-d426-4ac1-8e32-da61f81f0117",37.341183,-76.086,NA,NA,NA,NA,63,0,"2011-07-13T10:32:15",13,7,2011,2408252,2408252,"HUMAN_OBSERVATION","VIMS","ChesMMAP","",NA,"",2011-07-13,"CC0_1_0","","Gartland",NA,NA,2025-02-01 00:08:31.76,"","COORDINATE_ROUNDED;GEODETIC_DATUM_INVALID;GEODETIC_DATUM_ASSUMED_WGS84;OCCURRENCE_STATUS_UNPARSABLE;OCCURRENCE_STATUS_INFERRED_FROM_INDIVIDUAL_COUNT"
1316073850,"aa1d8785-b68f-4000-8b5c-f3545b3132bc","1100020125","Animalia","Chordata",NA,"Pleuronectiformes","Achiridae","Trinectes","Trinectes maculatus",NA,"SPECIES","Trinectes maculatus (Bloch & Schneider, 1801)","Trinectes maculatus","","US","01","Md","PRESENT",1,"c3ad790a-d426-4ac1-8e32-da61f81f0117",39.03325,-76.371367,NA,NA,NA,NA,53,0,"2011-09-05T12:11:39",5,9,2011,2408252,2408252,"HUMAN_OBSERVATION","VIMS","ChesMMAP","",NA,"",2011-09-05,"CC0_1_0","","Mcomber",NA,NA,2025-02-01 00:08:31.582,"","COORDINATE_ROUNDED;GEODETIC_DATUM_INVALID;GEODETIC_DATUM_ASSUMED_WGS84;CONTINENT_DERIVED_FROM_COORDINATES;OCCURRENCE_STATUS_UNPARSABLE;OCCURRENCE_STATUS_INFERRED_FROM_INDIVIDUAL_COUNT"
1316073811,"aa1d8785-b68f-4000-8b5c-f3545b3132bc","1100020090","Animalia","Chordata",NA,"Pleuronectiformes","Achiridae","Trinectes","Trinectes maculatus",NA,"SPECIES","Trinectes maculatus (Bloch & Schneider, 1801)","Trinectes maculatus","","US","05","Va","PRESENT",3,"c3ad790a-d426-4ac1-8e32-da61f81f0117",37.20965,-76.047483,NA,NA,NA,NA,76,0,"2011-07-13T09:12:24",13,7,2011,2408252,2408252,"HUMAN_OBSERVATION","VIMS","ChesMMAP","",NA,"",2011-07-13,"CC0_1_0","","Gartland",NA,NA,2025-02-01 00:08:32.146,"","COORDINATE_ROUNDED;GEODETIC_DATUM_INVALID;GEODETIC_DATUM_ASSUMED_WGS84;CONTINENT_DERIVED_FROM_COORDINATES;OCCURRENCE_STATUS_UNPARSABLE;OCCURRENCE_STATUS_INFERRED_FROM_INDIVIDUAL_COUNT"
1316073623,"aa1d8785-b68f-4000-8b5c-f3545b3132bc","1100019895","Animalia","Chordata",NA,"Pleuronectiformes","Achiridae","Trinectes","Trinectes maculatus",NA,"SPECIES","Trinectes maculatus (Bloch & Schneider, 1801)","Trinectes maculatus","","US","05","Va","PRESENT",2,"c3ad790a-d426-4ac1-8e32-da61f81f0117",37.239433,-76.321567,NA,NA,NA,NA,18,0,"2011-07-13T17:28:22",13,7,2011,2408252,2408252,"HUMAN_OBSERVATION","VIMS","ChesMMAP","",NA,"",2011-07-13,"CC0_1_0","","Gartland",NA,NA,2025-02-01 00:08:26.211,"","COORDINATE_ROUNDED;GEODETIC_DATUM_INVALID;GEODETIC_DATUM_ASSUMED_WGS84;CONTINENT_DERIVED_FROM_COORDINATES;OCCURRENCE_STATUS_UNPARSABLE;OCCURRENCE_STATUS_INFERRED_FROM_INDIVIDUAL_COUNT"
1316073609,"aa1d8785-b68f-4000-8b5c-f3545b3132bc","1100019861","Animalia","Chordata",NA,"Pleuronectiformes","Achiridae","Trinectes","Trinectes maculatus",NA,"SPECIES","Trinectes maculatus (Bloch & Schneider, 1801)","Trinectes maculatus","","US","04","Va","PRESENT",1,"c3ad790a-d426-4ac1-8e32-da61f81f0117",37.623767,-76.111717,NA,NA,NA,NA,39,0,"2011-07-07T07:54:27",7,7,2011,2408252,2408252,"HUMAN_OBSERVATION","VIMS","ChesMMAP","",NA,"",2011-07-07,"CC0_1_0","","Gartland",NA,NA,2025-02-01 00:08:26.754,"","COORDINATE_ROUNDED;GEODETIC_DATUM_INVALID;GEODETIC_DATUM_ASSUMED_WGS84;OCCURRENCE_STATUS_UNPARSABLE;OCCURRENCE_STATUS_INFERRED_FROM_INDIVIDUAL_COUNT"
1316073575,"aa1d8785-b68f-4000-8b5c-f3545b3132bc","1100019852","Animalia","Chordata",NA,"Pleuronectiformes","Achiridae","Trinectes","Trinectes maculatus",NA,"SPECIES","Trinectes maculatus (Bloch & Schneider, 1801)","Trinectes maculatus","","US","04","Va","PRESENT",2,"c3ad790a-d426-4ac1-8e32-da61f81f0117",37.57305,-76.029567,NA,NA,NA,NA,48,0,"2011-07-11T11:53:16",11,7,2011,2408252,2408252,"HUMAN_OBSERVATION","VIMS","ChesMMAP","",NA,"",2011-07-11,"CC0_1_0","","Gartland",NA,NA,2025-02-01 00:08:26.733,"","COORDINATE_ROUNDED;GEODETIC_DATUM_INVALID;GEODETIC_DATUM_ASSUMED_WGS84;OCCURRENCE_STATUS_UNPARSABLE;OCCURRENCE_STATUS_INFERRED_FROM_INDIVIDUAL_COUNT"
1316073553,"aa1d8785-b68f-4000-8b5c-f3545b3132bc","1100019838","Animalia","Chordata",NA,"Pleuronectiformes","Achiridae","Trinectes","Trinectes maculatus",NA,"SPECIES","Trinectes maculatus (Bloch & Schneider, 1801)","Trinectes maculatus","","US","04","Va","PRESENT",2,"c3ad790a-d426-4ac1-8e32-da61f81f0117",37.53945,-76.10095,NA,NA,NA,NA,38,0,"2011-07-11T13:33:06",11,7,2011,2408252,2408252,"HUMAN_OBSERVATION","VIMS","ChesMMAP","",NA,"",2011-07-11,"CC0_1_0","","Gartland",NA,NA,2025-02-01 00:08:26.628,"","COORDINATE_ROUNDED;GEODETIC_DATUM_INVALID;GEODETIC_DATUM_ASSUMED_WGS84;OCCURRENCE_STATUS_UNPARSABLE;OCCURRENCE_STATUS_INFERRED_FROM_INDIVIDUAL_COUNT"
1316073543,"aa1d8785-b68f-4000-8b5c-f3545b3132bc","1100019800","Animalia","Chordata",NA,"Pleuronectiformes","Achiridae","Trinectes","Trinectes maculatus",NA,"SPECIES","Trinectes maculatus (Bloch & Schneider, 1801)","Trinectes maculatus","","US","04","Va","PRESENT",1,"c3ad790a-d426-4ac1-8e32-da61f81f0117",37.557233,-76.075883,NA,NA,NA,NA,46,0,"2011-07-11T12:46:46",11,7,2011,2408252,2408252,"HUMAN_OBSERVATION","VIMS","ChesMMAP","",NA,"",2011-07-11,"CC0_1_0","","Gartland",NA,NA,2025-02-01 00:08:26.638,"","COORDINATE_ROUNDED;GEODETIC_DATUM_INVALID;GEODETIC_DATUM_ASSUMED_WGS84;OCCURRENCE_STATUS_UNPARSABLE;OCCURRENCE_STATUS_INFERRED_FROM_INDIVIDUAL_COUNT"
1316073512,"aa1d8785-b68f-4000-8b5c-f3545b3132bc","1100019753","Animalia","Chordata",NA,"Pleuronectiformes","Achiridae","Trinectes","Trinectes maculatus",NA,"SPECIES","Trinectes maculatus (Bloch & Schneider, 1801)","Trinectes maculatus","","US","04","Va","PRESENT",1,"c3ad790a-d426-4ac1-8e32-da61f81f0117",37.777283,-76.017967,NA,NA,NA,NA,15,0,"2011-07-07T14:02:29",7,7,2011,2408252,2408252,"HUMAN_OBSERVATION","VIMS","ChesMMAP","",NA,"",2011-07-07,"CC0_1_0","","Gartland",NA,NA,2025-02-01 00:08:27.019,"","COORDINATE_ROUNDED;GEODETIC_DATUM_INVALID;GEODETIC_DATUM_ASSUMED_WGS84;CONTINENT_DERIVED_FROM_COORDINATES;OCCURRENCE_STATUS_UNPARSABLE;OCCURRENCE_STATUS_INFERRED_FROM_INDIVIDUAL_COUNT"
1316073498,"aa1d8785-b68f-4000-8b5c-f3545b3132bc","1100019780","Animalia","Chordata",NA,"Pleuronectiformes","Achiridae","Trinectes","Trinectes maculatus",NA,"SPECIES","Trinectes maculatus (Bloch & Schneider, 1801)","Trinectes maculatus","","US","04","Va","PRESENT",1,"c3ad790a-d426-4ac1-8e32-da61f81f0117",37.8252,-76.218233,NA,NA,NA,NA,25,0,"2011-07-08T06:26:38",8,7,2011,2408252,2408252,"HUMAN_OBSERVATION","VIMS","ChesMMAP","",NA,"",2011-07-08,"CC0_1_0","","Gartland",NA,NA,2025-02-01 00:08:26.564,"","COORDINATE_ROUNDED;GEODETIC_DATUM_INVALID;GEODETIC_DATUM_ASSUMED_WGS84;CONTINENT_DERIVED_FROM_COORDINATES;OCCURRENCE_STATUS_UNPARSABLE;OCCURRENCE_STATUS_INFERRED_FROM_INDIVIDUAL_COUNT"
1316073495,"aa1d8785-b68f-4000-8b5c-f3545b3132bc","1100019732","Animalia","Chordata",NA,"Pleuronectiformes","Achiridae","Trinectes","Trinectes maculatus",NA,"SPECIES","Trinectes maculatus (Bloch & Schneider, 1801)","Trinectes maculatus","","US","03","Md","PRESENT",1,"c3ad790a-d426-4ac1-8e32-da61f81f0117",38.020167,-76.08405,NA,NA,NA,NA,22,0,"2011-07-10T17:34:01",10,7,2011,2408252,2408252,"HUMAN_OBSERVATION","VIMS","ChesMMAP","",NA,"",2011-07-10,"CC0_1_0","","Gartland",NA,NA,2025-02-01 00:08:27.047,"","COORDINATE_ROUNDED;GEODETIC_DATUM_INVALID;GEODETIC_DATUM_ASSUMED_WGS84;CONTINENT_DERIVED_FROM_COORDINATES;OCCURRENCE_STATUS_UNPARSABLE;OCCURRENCE_STATUS_INFERRED_FROM_INDIVIDUAL_COUNT"
1316073466,"aa1d8785-b68f-4000-8b5c-f3545b3132bc","1100019727","Animalia","Chordata",NA,"Pleuronectiformes","Achiridae","Trinectes","Trinectes maculatus",NA,"SPECIES","Trinectes maculatus (Bloch & Schneider, 1801)","Trinectes maculatus","","US","03","Md","PRESENT",1,"c3ad790a-d426-4ac1-8e32-da61f81f0117",38.10575,-76.128533,NA,NA,NA,NA,19,0,"2011-07-10T16:38:23",10,7,2011,2408252,2408252,"HUMAN_OBSERVATION","VIMS","ChesMMAP","",NA,"",2011-07-10,"CC0_1_0","","Gartland",NA,NA,2025-02-01 00:08:27.04,"","COORDINATE_ROUNDED;GEODETIC_DATUM_INVALID;GEODETIC_DATUM_ASSUMED_WGS84;CONTINENT_DERIVED_FROM_COORDINATES;OCCURRENCE_STATUS_UNPARSABLE;OCCURRENCE_STATUS_INFERRED_FROM_INDIVIDUAL_COUNT"
1316073459,"aa1d8785-b68f-4000-8b5c-f3545b3132bc","1100019715","Animalia","Chordata",NA,"Pleuronectiformes","Achiridae","Trinectes","Trinectes maculatus",NA,"SPECIES","Trinectes maculatus (Bloch & Schneider, 1801)","Trinectes maculatus","","US","02","Md","PRESENT",1,"c3ad790a-d426-4ac1-8e32-da61f81f0117",38.742633,-76.410683,NA,NA,NA,NA,29,0,"2011-07-09T13:26:26",9,7,2011,2408252,2408252,"HUMAN_OBSERVATION","VIMS","ChesMMAP","",NA,"",2011-07-09,"CC0_1_0","","Gartland",NA,NA,2025-02-01 00:08:26.978,"","COORDINATE_ROUNDED;GEODETIC_DATUM_INVALID;GEODETIC_DATUM_ASSUMED_WGS84;CONTINENT_DERIVED_FROM_COORDINATES;OCCURRENCE_STATUS_UNPARSABLE;OCCURRENCE_STATUS_INFERRED_FROM_INDIVIDUAL_COUNT"
1316073457,"aa1d8785-b68f-4000-8b5c-f3545b3132bc","1100019723","Animalia","Chordata",NA,"Pleuronectiformes","Achiridae","Trinectes","Trinectes maculatus",NA,"SPECIES","Trinectes maculatus (Bloch & Schneider, 1801)","Trinectes maculatus","","US","02","Md","PRESENT",1,"c3ad790a-d426-4ac1-8e32-da61f81f0117",38.5033,-76.490217,NA,NA,NA,NA,29,0,"2011-07-09T08:30:26",9,7,2011,2408252,2408252,"HUMAN_OBSERVATION","VIMS","ChesMMAP","",NA,"",2011-07-09,"CC0_1_0","","Gartland",NA,NA,2025-02-01 00:08:27.038,"","COORDINATE_ROUNDED;GEODETIC_DATUM_INVALID;GEODETIC_DATUM_ASSUMED_WGS84;CONTINENT_DERIVED_FROM_COORDINATES;OCCURRENCE_STATUS_UNPARSABLE;OCCURRENCE_STATUS_INFERRED_FROM_INDIVIDUAL_COUNT"
1316073282,"aa1d8785-b68f-4000-8b5c-f3545b3132bc","1100019543","Animalia","Chordata",NA,"Pleuronectiformes","Achiridae","Trinectes","Trinectes maculatus",NA,"SPECIES","Trinectes maculatus (Bloch & Schneider, 1801)","Trinectes maculatus","","US","04","Va","PRESENT",1,"c3ad790a-d426-4ac1-8e32-da61f81f0117",37.706917,-76.173617,NA,NA,NA,NA,53,0,"2011-05-28T14:27:42",28,5,2011,2408252,2408252,"HUMAN_OBSERVATION","VIMS","ChesMMAP","",NA,"",2011-05-28,"CC0_1_0","","Mcomber",NA,NA,2025-02-01 00:08:27.181,"","COORDINATE_ROUNDED;GEODETIC_DATUM_INVALID;GEODETIC_DATUM_ASSUMED_WGS84;OCCURRENCE_STATUS_UNPARSABLE;OCCURRENCE_STATUS_INFERRED_FROM_INDIVIDUAL_COUNT"
1316073278,"aa1d8785-b68f-4000-8b5c-f3545b3132bc","1100019550","Animalia","Chordata",NA,"Pleuronectiformes","Achiridae","Trinectes","Trinectes maculatus",NA,"SPECIES","Trinectes maculatus (Bloch & Schneider, 1801)","Trinectes maculatus","","US","05","Va","PRESENT",2,"c3ad790a-d426-4ac1-8e32-da61f81f0117",37.075033,-76.236483,NA,NA,NA,NA,19,0,"2011-05-26T12:53:24",26,5,2011,2408252,2408252,"HUMAN_OBSERVATION","VIMS","ChesMMAP","",NA,"",2011-05-26,"CC0_1_0","","Mcomber",NA,NA,2025-02-01 00:08:27.109,"","COORDINATE_ROUNDED;GEODETIC_DATUM_INVALID;GEODETIC_DATUM_ASSUMED_WGS84;CONTINENT_DERIVED_FROM_COORDINATES;OCCURRENCE_STATUS_UNPARSABLE;OCCURRENCE_STATUS_INFERRED_FROM_INDIVIDUAL_COUNT"
1316073268,"aa1d8785-b68f-4000-8b5c-f3545b3132bc","1100019531","Animalia","Chordata",NA,"Pleuronectiformes","Achiridae","Trinectes","Trinectes maculatus",NA,"SPECIES","Trinectes maculatus (Bloch & Schneider, 1801)","Trinectes maculatus","","US","04","Va","PRESENT",1,"c3ad790a-d426-4ac1-8e32-da61f81f0117",37.89105,-76.1761,NA,NA,NA,NA,50,0,"2011-05-29T08:58:45",29,5,2011,2408252,2408252,"HUMAN_OBSERVATION","VIMS","ChesMMAP","",NA,"",2011-05-29,"CC0_1_0","","Mcomber",NA,NA,2025-02-01 00:08:27.169,"","COORDINATE_ROUNDED;GEODETIC_DATUM_INVALID;GEODETIC_DATUM_ASSUMED_WGS84;OCCURRENCE_STATUS_UNPARSABLE;OCCURRENCE_STATUS_INFERRED_FROM_INDIVIDUAL_COUNT"
1316073253,"aa1d8785-b68f-4000-8b5c-f3545b3132bc","1100019507","Animalia","Chordata",NA,"Pleuronectiformes","Achiridae","Trinectes","Trinectes maculatus",NA,"SPECIES","Trinectes maculatus (Bloch & Schneider, 1801)","Trinectes maculatus","","US","04","Va","PRESENT",1,"c3ad790a-d426-4ac1-8e32-da61f81f0117",37.542233,-76.162033,NA,NA,NA,NA,38,0,"2011-05-28T11:16:18",28,5,2011,2408252,2408252,"HUMAN_OBSERVATION","VIMS","ChesMMAP","",NA,"",2011-05-28,"CC0_1_0","","Mcomber",NA,NA,2025-02-01 00:08:30.906,"","COORDINATE_ROUNDED;GEODETIC_DATUM_INVALID;GEODETIC_DATUM_ASSUMED_WGS84;OCCURRENCE_STATUS_UNPARSABLE;OCCURRENCE_STATUS_INFERRED_FROM_INDIVIDUAL_COUNT"
1316073191,"aa1d8785-b68f-4000-8b5c-f3545b3132bc","1100019480","Animalia","Chordata",NA,"Pleuronectiformes","Achiridae","Trinectes","Trinectes maculatus",NA,"SPECIES","Trinectes maculatus (Bloch & Schneider, 1801)","Trinectes maculatus","","US","04","Va","PRESENT",1,"c3ad790a-d426-4ac1-8e32-da61f81f0117",37.509617,-76.099417,NA,NA,NA,NA,40,0,"2011-05-27T17:43:05",27,5,2011,2408252,2408252,"HUMAN_OBSERVATION","VIMS","ChesMMAP","",NA,"",2011-05-27,"CC0_1_0","","Mcomber",NA,NA,2025-02-01 00:08:30.866,"","COORDINATE_ROUNDED;GEODETIC_DATUM_INVALID;GEODETIC_DATUM_ASSUMED_WGS84;OCCURRENCE_STATUS_UNPARSABLE;OCCURRENCE_STATUS_INFERRED_FROM_INDIVIDUAL_COUNT"
1316073126,"aa1d8785-b68f-4000-8b5c-f3545b3132bc","1100019338","Animalia","Chordata",NA,"Pleuronectiformes","Achiridae","Trinectes","Trinectes maculatus",NA,"SPECIES","Trinectes maculatus (Bloch & Schneider, 1801)","Trinectes maculatus","","US","01","Md","PRESENT",1,"c3ad790a-d426-4ac1-8e32-da61f81f0117",39.088183,-76.39925,NA,NA,NA,NA,21,0,"2011-05-30T20:21:32",30,5,2011,2408252,2408252,"HUMAN_OBSERVATION","VIMS","ChesMMAP","",NA,"",2011-05-30,"CC0_1_0","","Mcomber",NA,NA,2025-02-01 00:08:31.225,"","COORDINATE_ROUNDED;GEODETIC_DATUM_INVALID;GEODETIC_DATUM_ASSUMED_WGS84;CONTINENT_DERIVED_FROM_COORDINATES;OCCURRENCE_STATUS_UNPARSABLE;OCCURRENCE_STATUS_INFERRED_FROM_INDIVIDUAL_COUNT"
1316073076,"aa1d8785-b68f-4000-8b5c-f3545b3132bc","1100019314","Animalia","Chordata",NA,"Pleuronectiformes","Achiridae","Trinectes","Trinectes maculatus",NA,"SPECIES","Trinectes maculatus (Bloch & Schneider, 1801)","Trinectes maculatus","","US","05","Va","PRESENT",2,"c3ad790a-d426-4ac1-8e32-da61f81f0117",37.3748,-76.070983,NA,NA,NA,NA,53,0,"2011-03-28T19:11",28,3,2011,2408252,2408252,"HUMAN_OBSERVATION","VIMS","ChesMMAP","",NA,"",2011-03-28,"CC0_1_0","","Lange",NA,NA,2025-02-01 00:08:31.036,"","COORDINATE_ROUNDED;GEODETIC_DATUM_INVALID;GEODETIC_DATUM_ASSUMED_WGS84;OCCURRENCE_STATUS_UNPARSABLE;OCCURRENCE_STATUS_INFERRED_FROM_INDIVIDUAL_COUNT"
1316073029,"aa1d8785-b68f-4000-8b5c-f3545b3132bc","1100019270","Animalia","Chordata",NA,"Pleuronectiformes","Achiridae","Trinectes","Trinectes maculatus",NA,"SPECIES","Trinectes maculatus (Bloch & Schneider, 1801)","Trinectes maculatus","","US","05","Va","PRESENT",4,"c3ad790a-d426-4ac1-8e32-da61f81f0117",37.355633,-76.171217,NA,NA,NA,NA,48,0,"2011-03-22T10:38",22,3,2011,2408252,2408252,"HUMAN_OBSERVATION","VIMS","ChesMMAP","",NA,"",2011-03-22,"CC0_1_0","","Lange",NA,NA,2025-02-01 00:08:31.279,"","COORDINATE_ROUNDED;GEODETIC_DATUM_INVALID;GEODETIC_DATUM_ASSUMED_WGS84;OCCURRENCE_STATUS_UNPARSABLE;OCCURRENCE_STATUS_INFERRED_FROM_INDIVIDUAL_COUNT"
1316072943,"aa1d8785-b68f-4000-8b5c-f3545b3132bc","1100019182","Animalia","Chordata",NA,"Pleuronectiformes","Achiridae","Trinectes","Trinectes maculatus",NA,"SPECIES","Trinectes maculatus (Bloch & Schneider, 1801)","Trinectes maculatus","","US","04","Va","PRESENT",1,"c3ad790a-d426-4ac1-8e32-da61f81f0117",37.70555,-76.21545,NA,NA,NA,NA,47,0,"2011-03-23T08:28",23,3,2011,2408252,2408252,"HUMAN_OBSERVATION","VIMS","ChesMMAP","",NA,"",2011-03-23,"CC0_1_0","","Lange",NA,NA,2025-02-01 00:08:31.621,"","GEODETIC_DATUM_INVALID;GEODETIC_DATUM_ASSUMED_WGS84;OCCURRENCE_STATUS_UNPARSABLE;OCCURRENCE_STATUS_INFERRED_FROM_INDIVIDUAL_COUNT"
1316072934,"aa1d8785-b68f-4000-8b5c-f3545b3132bc","1100019153","Animalia","Chordata",NA,"Pleuronectiformes","Achiridae","Trinectes","Trinectes maculatus",NA,"SPECIES","Trinectes maculatus (Bloch & Schneider, 1801)","Trinectes maculatus","","US","04","Va","PRESENT",2,"c3ad790a-d426-4ac1-8e32-da61f81f0117",37.73925,-76.021783,NA,NA,NA,NA,49,0,"2011-03-22T19:12",22,3,2011,2408252,2408252,"HUMAN_OBSERVATION","VIMS","ChesMMAP","",NA,"",2011-03-22,"CC0_1_0","","Lange",NA,NA,2025-02-01 00:08:31.541,"","COORDINATE_ROUNDED;GEODETIC_DATUM_INVALID;GEODETIC_DATUM_ASSUMED_WGS84;OCCURRENCE_STATUS_UNPARSABLE;OCCURRENCE_STATUS_INFERRED_FROM_INDIVIDUAL_COUNT"
1316072931,"aa1d8785-b68f-4000-8b5c-f3545b3132bc","1100019155","Animalia","Chordata",NA,"Pleuronectiformes","Achiridae","Trinectes","Trinectes maculatus",NA,"SPECIES","Trinectes maculatus (Bloch & Schneider, 1801)","Trinectes maculatus","","US","04","Va","PRESENT",1,"c3ad790a-d426-4ac1-8e32-da61f81f0117",37.506783,-76.089267,NA,NA,NA,NA,43,0,"2011-03-22T13:13",22,3,2011,2408252,2408252,"HUMAN_OBSERVATION","VIMS","ChesMMAP","",NA,"",2011-03-22,"CC0_1_0","","Lange",NA,NA,2025-02-01 00:08:31.54,"","COORDINATE_ROUNDED;GEODETIC_DATUM_INVALID;GEODETIC_DATUM_ASSUMED_WGS84;OCCURRENCE_STATUS_UNPARSABLE;OCCURRENCE_STATUS_INFERRED_FROM_INDIVIDUAL_COUNT"
1316072868,"aa1d8785-b68f-4000-8b5c-f3545b3132bc","1100019114","Animalia","Chordata",NA,"Pleuronectiformes","Achiridae","Trinectes","Trinectes maculatus",NA,"SPECIES","Trinectes maculatus (Bloch & Schneider, 1801)","Trinectes maculatus","","US","03","Md","PRESENT",1,"c3ad790a-d426-4ac1-8e32-da61f81f0117",38.3528,-76.334033,NA,NA,NA,NA,65,0,"2011-03-25T07:36",25,3,2011,2408252,2408252,"HUMAN_OBSERVATION","VIMS","ChesMMAP","",NA,"",2011-03-25,"CC0_1_0","","Lange",NA,NA,2025-02-01 00:08:31.748,"","COORDINATE_ROUNDED;GEODETIC_DATUM_INVALID;GEODETIC_DATUM_ASSUMED_WGS84;OCCURRENCE_STATUS_UNPARSABLE;OCCURRENCE_STATUS_INFERRED_FROM_INDIVIDUAL_COUNT"
1316072866,"aa1d8785-b68f-4000-8b5c-f3545b3132bc","1100019175","Animalia","Chordata",NA,"Pleuronectiformes","Achiridae","Trinectes","Trinectes maculatus",NA,"SPECIES","Trinectes maculatus (Bloch & Schneider, 1801)","Trinectes maculatus","","US","04","Va","PRESENT",1,"c3ad790a-d426-4ac1-8e32-da61f81f0117",37.477317,-76.102917,NA,NA,NA,NA,40,0,"2011-03-22T12:28",22,3,2011,2408252,2408252,"HUMAN_OBSERVATION","VIMS","ChesMMAP","",NA,"",2011-03-22,"CC0_1_0","","Lange",NA,NA,2025-02-01 00:08:31.607,"","COORDINATE_ROUNDED;GEODETIC_DATUM_INVALID;GEODETIC_DATUM_ASSUMED_WGS84;OCCURRENCE_STATUS_UNPARSABLE;OCCURRENCE_STATUS_INFERRED_FROM_INDIVIDUAL_COUNT"
1316072846,"aa1d8785-b68f-4000-8b5c-f3545b3132bc","1100019086","Animalia","Chordata",NA,"Pleuronectiformes","Achiridae","Trinectes","Trinectes maculatus",NA,"SPECIES","Trinectes maculatus (Bloch & Schneider, 1801)","Trinectes maculatus","","US","02","Md","PRESENT",1,"c3ad790a-d426-4ac1-8e32-da61f81f0117",38.6867,-76.4406,NA,NA,NA,NA,44,0,"2011-03-25T11:57",25,3,2011,2408252,2408252,"HUMAN_OBSERVATION","VIMS","ChesMMAP","",NA,"",2011-03-25,"CC0_1_0","","Lange",NA,NA,2025-02-01 00:08:31.919,"","COORDINATE_ROUNDED;GEODETIC_DATUM_INVALID;GEODETIC_DATUM_ASSUMED_WGS84;OCCURRENCE_STATUS_UNPARSABLE;OCCURRENCE_STATUS_INFERRED_FROM_INDIVIDUAL_COUNT"
1316072793,"aa1d8785-b68f-4000-8b5c-f3545b3132bc","1100019031","Animalia","Chordata",NA,"Pleuronectiformes","Achiridae","Trinectes","Trinectes maculatus",NA,"SPECIES","Trinectes maculatus (Bloch & Schneider, 1801)","Trinectes maculatus","","US","05","Va","PRESENT",2,"c3ad790a-d426-4ac1-8e32-da61f81f0117",37.3594,-76.0808,NA,NA,NA,NA,60,0,"2010-11-03T09:54",3,11,2010,2408252,2408252,"HUMAN_OBSERVATION","VIMS","ChesMMAP","",NA,"",2010-11-03,"CC0_1_0","","Johnson",NA,NA,2025-02-01 00:08:31.852,"","COORDINATE_ROUNDED;GEODETIC_DATUM_INVALID;GEODETIC_DATUM_ASSUMED_WGS84;OCCURRENCE_STATUS_UNPARSABLE;OCCURRENCE_STATUS_INFERRED_FROM_INDIVIDUAL_COUNT"
1316072779,"aa1d8785-b68f-4000-8b5c-f3545b3132bc","1100019052","Animalia","Chordata",NA,"Pleuronectiformes","Achiridae","Trinectes","Trinectes maculatus",NA,"SPECIES","Trinectes maculatus (Bloch & Schneider, 1801)","Trinectes maculatus","","US","01","Md","PRESENT",1,"c3ad790a-d426-4ac1-8e32-da61f81f0117",39.227983,-76.337817,NA,NA,NA,NA,18,0,"2011-03-25T17:26",25,3,2011,2408252,2408252,"HUMAN_OBSERVATION","VIMS","ChesMMAP","",NA,"",2011-03-25,"CC0_1_0","","Lange",NA,NA,2025-02-01 00:08:31.93,"","COORDINATE_ROUNDED;GEODETIC_DATUM_INVALID;GEODETIC_DATUM_ASSUMED_WGS84;CONTINENT_DERIVED_FROM_COORDINATES;OCCURRENCE_STATUS_UNPARSABLE;OCCURRENCE_STATUS_INFERRED_FROM_INDIVIDUAL_COUNT"
1316072756,"aa1d8785-b68f-4000-8b5c-f3545b3132bc","1100019012","Animalia","Chordata",NA,"Pleuronectiformes","Achiridae","Trinectes","Trinectes maculatus",NA,"SPECIES","Trinectes maculatus (Bloch & Schneider, 1801)","Trinectes maculatus","","US","05","Va","PRESENT",5,"c3ad790a-d426-4ac1-8e32-da61f81f0117",37.206583,-76.046167,NA,NA,NA,NA,75,0,"2010-11-02T09:18",2,11,2010,2408252,2408252,"HUMAN_OBSERVATION","VIMS","ChesMMAP","",NA,"",2010-11-02,"CC0_1_0","","Johnson",NA,NA,2025-02-01 00:08:31.882,"","COORDINATE_ROUNDED;GEODETIC_DATUM_INVALID;GEODETIC_DATUM_ASSUMED_WGS84;CONTINENT_DERIVED_FROM_COORDINATES;OCCURRENCE_STATUS_UNPARSABLE;OCCURRENCE_STATUS_INFERRED_FROM_INDIVIDUAL_COUNT"
1316072744,"aa1d8785-b68f-4000-8b5c-f3545b3132bc","1100018956","Animalia","Chordata",NA,"Pleuronectiformes","Achiridae","Trinectes","Trinectes maculatus",NA,"SPECIES","Trinectes maculatus (Bloch & Schneider, 1801)","Trinectes maculatus","","US","05","Va","PRESENT",4,"c3ad790a-d426-4ac1-8e32-da61f81f0117",37.354433,-76.17335,NA,NA,NA,NA,41,0,"2010-11-13T12:48",13,11,2010,2408252,2408252,"HUMAN_OBSERVATION","VIMS","ChesMMAP","",NA,"",2010-11-13,"CC0_1_0","","Johnson",NA,NA,2025-02-01 00:08:25.399,"","COORDINATE_ROUNDED;GEODETIC_DATUM_INVALID;GEODETIC_DATUM_ASSUMED_WGS84;OCCURRENCE_STATUS_UNPARSABLE;OCCURRENCE_STATUS_INFERRED_FROM_INDIVIDUAL_COUNT"
1316072726,"aa1d8785-b68f-4000-8b5c-f3545b3132bc","1100018939","Animalia","Chordata",NA,"Pleuronectiformes","Achiridae","Trinectes","Trinectes maculatus",NA,"SPECIES","Trinectes maculatus (Bloch & Schneider, 1801)","Trinectes maculatus","","US","05","Va","PRESENT",8,"c3ad790a-d426-4ac1-8e32-da61f81f0117",37.358033,-76.103133,NA,NA,NA,NA,46,0,"2010-11-03T08:59",3,11,2010,2408252,2408252,"HUMAN_OBSERVATION","VIMS","ChesMMAP","",NA,"",2010-11-03,"CC0_1_0","","Johnson",NA,NA,2025-02-01 00:08:25.538,"","COORDINATE_ROUNDED;GEODETIC_DATUM_INVALID;GEODETIC_DATUM_ASSUMED_WGS84;OCCURRENCE_STATUS_UNPARSABLE;OCCURRENCE_STATUS_INFERRED_FROM_INDIVIDUAL_COUNT"
1316072660,"aa1d8785-b68f-4000-8b5c-f3545b3132bc","1100018901","Animalia","Chordata",NA,"Pleuronectiformes","Achiridae","Trinectes","Trinectes maculatus",NA,"SPECIES","Trinectes maculatus (Bloch & Schneider, 1801)","Trinectes maculatus","","US","05","Va","PRESENT",1,"c3ad790a-d426-4ac1-8e32-da61f81f0117",36.973383,-76.09085,NA,NA,NA,NA,31,0,"2010-11-02T13:58",2,11,2010,2408252,2408252,"HUMAN_OBSERVATION","VIMS","ChesMMAP","",NA,"",2010-11-02,"CC0_1_0","","Johnson",NA,NA,2025-02-01 00:08:25.523,"","COORDINATE_ROUNDED;GEODETIC_DATUM_INVALID;GEODETIC_DATUM_ASSUMED_WGS84;OCCURRENCE_STATUS_UNPARSABLE;OCCURRENCE_STATUS_INFERRED_FROM_INDIVIDUAL_COUNT"
1316072563,"aa1d8785-b68f-4000-8b5c-f3545b3132bc","1100018765","Animalia","Chordata",NA,"Pleuronectiformes","Achiridae","Trinectes","Trinectes maculatus",NA,"SPECIES","Trinectes maculatus (Bloch & Schneider, 1801)","Trinectes maculatus","","US","04","Va","PRESENT",25,"c3ad790a-d426-4ac1-8e32-da61f81f0117",37.74075,-76.201267,NA,NA,NA,NA,65,0,"2010-11-14T08:27",14,11,2010,2408252,2408252,"HUMAN_OBSERVATION","VIMS","ChesMMAP","",NA,"",2010-11-14,"CC0_1_0","","Johnson",NA,NA,2025-02-01 00:08:26.01,"","COORDINATE_ROUNDED;GEODETIC_DATUM_INVALID;GEODETIC_DATUM_ASSUMED_WGS84;OCCURRENCE_STATUS_UNPARSABLE;OCCURRENCE_STATUS_INFERRED_FROM_INDIVIDUAL_COUNT"
1316072529,"aa1d8785-b68f-4000-8b5c-f3545b3132bc","1100018740","Animalia","Chordata",NA,"Pleuronectiformes","Achiridae","Trinectes","Trinectes maculatus",NA,"SPECIES","Trinectes maculatus (Bloch & Schneider, 1801)","Trinectes maculatus","","US","04","Va","PRESENT",13,"c3ad790a-d426-4ac1-8e32-da61f81f0117",37.572433,-76.126,NA,NA,NA,NA,42,0,"2010-11-03T18:03",3,11,2010,2408252,2408252,"HUMAN_OBSERVATION","VIMS","ChesMMAP","",NA,"",2010-11-03,"CC0_1_0","","Johnson",NA,NA,2025-02-01 00:08:25.912,"","COORDINATE_ROUNDED;GEODETIC_DATUM_INVALID;GEODETIC_DATUM_ASSUMED_WGS84;OCCURRENCE_STATUS_UNPARSABLE;OCCURRENCE_STATUS_INFERRED_FROM_INDIVIDUAL_COUNT"
1316072478,"aa1d8785-b68f-4000-8b5c-f3545b3132bc","1100018706","Animalia","Chordata",NA,"Pleuronectiformes","Achiridae","Trinectes","Trinectes maculatus",NA,"SPECIES","Trinectes maculatus (Bloch & Schneider, 1801)","Trinectes maculatus","","US","04","Va","PRESENT",3,"c3ad790a-d426-4ac1-8e32-da61f81f0117",37.456933,-76.115433,NA,NA,NA,NA,38,0,"2010-11-03T11:29",3,11,2010,2408252,2408252,"HUMAN_OBSERVATION","VIMS","ChesMMAP","",NA,"",2010-11-03,"CC0_1_0","","Johnson",NA,NA,2025-02-01 00:08:26.023,"","COORDINATE_ROUNDED;GEODETIC_DATUM_INVALID;GEODETIC_DATUM_ASSUMED_WGS84;OCCURRENCE_STATUS_UNPARSABLE;OCCURRENCE_STATUS_INFERRED_FROM_INDIVIDUAL_COUNT"
1316072450,"aa1d8785-b68f-4000-8b5c-f3545b3132bc","1100018697","Animalia","Chordata",NA,"Pleuronectiformes","Achiridae","Trinectes","Trinectes maculatus",NA,"SPECIES","Trinectes maculatus (Bloch & Schneider, 1801)","Trinectes maculatus","","US","04","Va","PRESENT",1,"c3ad790a-d426-4ac1-8e32-da61f81f0117",37.572033,-76.098917,NA,NA,NA,NA,40,0,"2010-11-03T17:20",3,11,2010,2408252,2408252,"HUMAN_OBSERVATION","VIMS","ChesMMAP","",NA,"",2010-11-03,"CC0_1_0","","Johnson",NA,NA,2025-02-01 00:08:25.868,"","COORDINATE_ROUNDED;GEODETIC_DATUM_INVALID;GEODETIC_DATUM_ASSUMED_WGS84;OCCURRENCE_STATUS_UNPARSABLE;OCCURRENCE_STATUS_INFERRED_FROM_INDIVIDUAL_COUNT"
1316072434,"aa1d8785-b68f-4000-8b5c-f3545b3132bc","1100018649","Animalia","Chordata",NA,"Pleuronectiformes","Achiridae","Trinectes","Trinectes maculatus",NA,"SPECIES","Trinectes maculatus (Bloch & Schneider, 1801)","Trinectes maculatus","","US","04","Va","PRESENT",3,"c3ad790a-d426-4ac1-8e32-da61f81f0117",37.55865,-76.080267,NA,NA,NA,NA,39,0,"2010-11-03T15:41",3,11,2010,2408252,2408252,"HUMAN_OBSERVATION","VIMS","ChesMMAP","",NA,"",2010-11-03,"CC0_1_0","","Johnson",NA,NA,2025-02-01 00:08:26.407,"","COORDINATE_ROUNDED;GEODETIC_DATUM_INVALID;GEODETIC_DATUM_ASSUMED_WGS84;OCCURRENCE_STATUS_UNPARSABLE;OCCURRENCE_STATUS_INFERRED_FROM_INDIVIDUAL_COUNT"
1316072425,"aa1d8785-b68f-4000-8b5c-f3545b3132bc","1100018682","Animalia","Chordata",NA,"Pleuronectiformes","Achiridae","Trinectes","Trinectes maculatus",NA,"SPECIES","Trinectes maculatus (Bloch & Schneider, 1801)","Trinectes maculatus","","US","04","Va","PRESENT",10,"c3ad790a-d426-4ac1-8e32-da61f81f0117",37.42365,-76.09775,NA,NA,NA,NA,42,0,"2010-11-03T10:43",3,11,2010,2408252,2408252,"HUMAN_OBSERVATION","VIMS","ChesMMAP","",NA,"",2010-11-03,"CC0_1_0","","Johnson",NA,NA,2025-02-01 00:08:25.852,"","COORDINATE_ROUNDED;GEODETIC_DATUM_INVALID;GEODETIC_DATUM_ASSUMED_WGS84;OCCURRENCE_STATUS_UNPARSABLE;OCCURRENCE_STATUS_INFERRED_FROM_INDIVIDUAL_COUNT"
1316072394,"aa1d8785-b68f-4000-8b5c-f3545b3132bc","1100018659","Animalia","Chordata",NA,"Pleuronectiformes","Achiridae","Trinectes","Trinectes maculatus",NA,"SPECIES","Trinectes maculatus (Bloch & Schneider, 1801)","Trinectes maculatus","","US","04","Va","PRESENT",3,"c3ad790a-d426-4ac1-8e32-da61f81f0117",37.625917,-76.080917,NA,NA,NA,NA,41,0,"2010-11-04T07:22",4,11,2010,2408252,2408252,"HUMAN_OBSERVATION","VIMS","ChesMMAP","",NA,"",2010-11-04,"CC0_1_0","","Johnson",NA,NA,2025-02-01 00:08:26.334,"","COORDINATE_ROUNDED;GEODETIC_DATUM_INVALID;GEODETIC_DATUM_ASSUMED_WGS84;OCCURRENCE_STATUS_UNPARSABLE;OCCURRENCE_STATUS_INFERRED_FROM_INDIVIDUAL_COUNT"
1316072375,"aa1d8785-b68f-4000-8b5c-f3545b3132bc","1100018628","Animalia","Chordata",NA,"Pleuronectiformes","Achiridae","Trinectes","Trinectes maculatus",NA,"SPECIES","Trinectes maculatus (Bloch & Schneider, 1801)","Trinectes maculatus","","US","04","Va","PRESENT",1,"c3ad790a-d426-4ac1-8e32-da61f81f0117",37.572333,-76.060267,NA,NA,NA,NA,41,0,"2010-11-03T16:33",3,11,2010,2408252,2408252,"HUMAN_OBSERVATION","VIMS","ChesMMAP","",NA,"",2010-11-03,"CC0_1_0","","Johnson",NA,NA,2025-02-01 00:08:26.287,"","COORDINATE_ROUNDED;GEODETIC_DATUM_INVALID;GEODETIC_DATUM_ASSUMED_WGS84;OCCURRENCE_STATUS_UNPARSABLE;OCCURRENCE_STATUS_INFERRED_FROM_INDIVIDUAL_COUNT"
1316072361,"aa1d8785-b68f-4000-8b5c-f3545b3132bc","1100018620","Animalia","Chordata",NA,"Pleuronectiformes","Achiridae","Trinectes","Trinectes maculatus",NA,"SPECIES","Trinectes maculatus (Bloch & Schneider, 1801)","Trinectes maculatus","","US","04","Va","PRESENT",1,"c3ad790a-d426-4ac1-8e32-da61f81f0117",37.557317,-76.225667,NA,NA,NA,NA,30,0,"2010-11-13T17:27",13,11,2010,2408252,2408252,"HUMAN_OBSERVATION","VIMS","ChesMMAP","",NA,"",2010-11-13,"CC0_1_0","","Johnson",NA,NA,2025-02-01 00:08:26.285,"","COORDINATE_ROUNDED;GEODETIC_DATUM_INVALID;GEODETIC_DATUM_ASSUMED_WGS84;OCCURRENCE_STATUS_UNPARSABLE;OCCURRENCE_STATUS_INFERRED_FROM_INDIVIDUAL_COUNT"
1316072341,"aa1d8785-b68f-4000-8b5c-f3545b3132bc","1100018584","Animalia","Chordata",NA,"Pleuronectiformes","Achiridae","Trinectes","Trinectes maculatus",NA,"SPECIES","Trinectes maculatus (Bloch & Schneider, 1801)","Trinectes maculatus","","US","03","Md","PRESENT",5,"c3ad790a-d426-4ac1-8e32-da61f81f0117",38.33665,-76.30505,NA,NA,NA,NA,113,0,"2010-11-06T16:56",6,11,2010,2408252,2408252,"HUMAN_OBSERVATION","VIMS","ChesMMAP","",NA,"",2010-11-06,"CC0_1_0","","Johnson",NA,NA,2025-02-01 00:08:26.04,"","COORDINATE_ROUNDED;GEODETIC_DATUM_INVALID;GEODETIC_DATUM_ASSUMED_WGS84;CONTINENT_DERIVED_FROM_COORDINATES;OCCURRENCE_STATUS_UNPARSABLE;OCCURRENCE_STATUS_INFERRED_FROM_INDIVIDUAL_COUNT"
1316072308,"aa1d8785-b68f-4000-8b5c-f3545b3132bc","1100018547","Animalia","Chordata",NA,"Pleuronectiformes","Achiridae","Trinectes","Trinectes maculatus",NA,"SPECIES","Trinectes maculatus (Bloch & Schneider, 1801)","Trinectes maculatus","","US","03","Md","PRESENT",1,"c3ad790a-d426-4ac1-8e32-da61f81f0117",38.0068,-76.27305,NA,NA,NA,NA,39,0,"2010-11-15T10:56",15,11,2010,2408252,2408252,"HUMAN_OBSERVATION","VIMS","ChesMMAP","",NA,"",2010-11-15,"CC0_1_0","","Johnson",NA,NA,2025-02-01 00:08:26.69,"","COORDINATE_ROUNDED;GEODETIC_DATUM_INVALID;GEODETIC_DATUM_ASSUMED_WGS84;OCCURRENCE_STATUS_UNPARSABLE;OCCURRENCE_STATUS_INFERRED_FROM_INDIVIDUAL_COUNT"
1316071902,"aa1d8785-b68f-4000-8b5c-f3545b3132bc","1100018153","Animalia","Chordata",NA,"Pleuronectiformes","Achiridae","Trinectes","Trinectes maculatus",NA,"SPECIES","Trinectes maculatus (Bloch & Schneider, 1801)","Trinectes maculatus","","US","04","Va","PRESENT",2,"c3ad790a-d426-4ac1-8e32-da61f81f0117",37.4578,-76.074783,NA,NA,NA,NA,55,0,"2010-09-11T11:42",11,9,2010,2408252,2408252,"HUMAN_OBSERVATION","VIMS","ChesMMAP","",NA,"",2010-09-11,"CC0_1_0","","Johnson",NA,NA,2025-02-01 00:08:30.865,"","COORDINATE_ROUNDED;GEODETIC_DATUM_INVALID;GEODETIC_DATUM_ASSUMED_WGS84;OCCURRENCE_STATUS_UNPARSABLE;OCCURRENCE_STATUS_INFERRED_FROM_INDIVIDUAL_COUNT"
1316071816,"aa1d8785-b68f-4000-8b5c-f3545b3132bc","1100018065","Animalia","Chordata",NA,"Pleuronectiformes","Achiridae","Trinectes","Trinectes maculatus",NA,"SPECIES","Trinectes maculatus (Bloch & Schneider, 1801)","Trinectes maculatus","","US","04","Va","PRESENT",2,"c3ad790a-d426-4ac1-8e32-da61f81f0117",37.55725,-76.118883,NA,NA,NA,NA,39,0,"2010-09-06T13:10",6,9,2010,2408252,2408252,"HUMAN_OBSERVATION","VIMS","ChesMMAP","",NA,"",2010-09-06,"CC0_1_0","","Johnson",NA,NA,2025-02-01 00:08:30.953,"","COORDINATE_ROUNDED;GEODETIC_DATUM_INVALID;GEODETIC_DATUM_ASSUMED_WGS84;OCCURRENCE_STATUS_UNPARSABLE;OCCURRENCE_STATUS_INFERRED_FROM_INDIVIDUAL_COUNT"
1316071797,"aa1d8785-b68f-4000-8b5c-f3545b3132bc","1100018012","Animalia","Chordata",NA,"Pleuronectiformes","Achiridae","Trinectes","Trinectes maculatus",NA,"SPECIES","Trinectes maculatus (Bloch & Schneider, 1801)","Trinectes maculatus","","US","04","Va","PRESENT",1,"c3ad790a-d426-4ac1-8e32-da61f81f0117",37.50865,-76.075367,NA,NA,NA,NA,43,0,"2010-09-01T17:17",1,9,2010,2408252,2408252,"HUMAN_OBSERVATION","VIMS","ChesMMAP","",NA,"",2010-09-01,"CC0_1_0","","Johnson",NA,NA,2025-02-01 00:08:31.244,"","COORDINATE_ROUNDED;GEODETIC_DATUM_INVALID;GEODETIC_DATUM_ASSUMED_WGS84;OCCURRENCE_STATUS_UNPARSABLE;OCCURRENCE_STATUS_INFERRED_FROM_INDIVIDUAL_COUNT"
1316071785,"aa1d8785-b68f-4000-8b5c-f3545b3132bc","1100018033","Animalia","Chordata",NA,"Pleuronectiformes","Achiridae","Trinectes","Trinectes maculatus",NA,"SPECIES","Trinectes maculatus (Bloch & Schneider, 1801)","Trinectes maculatus","","US","04","Va","PRESENT",8,"c3ad790a-d426-4ac1-8e32-da61f81f0117",37.539933,-76.100417,NA,NA,NA,NA,37,0,"2010-09-06T13:57",6,9,2010,2408252,2408252,"HUMAN_OBSERVATION","VIMS","ChesMMAP","",NA,"",2010-09-06,"CC0_1_0","","Johnson",NA,NA,2025-02-01 00:08:31.206,"","COORDINATE_ROUNDED;GEODETIC_DATUM_INVALID;GEODETIC_DATUM_ASSUMED_WGS84;OCCURRENCE_STATUS_UNPARSABLE;OCCURRENCE_STATUS_INFERRED_FROM_INDIVIDUAL_COUNT"
1316071693,"aa1d8785-b68f-4000-8b5c-f3545b3132bc","1100017962","Animalia","Chordata",NA,"Pleuronectiformes","Achiridae","Trinectes","Trinectes maculatus",NA,"SPECIES","Trinectes maculatus (Bloch & Schneider, 1801)","Trinectes maculatus","","US","04","Va","PRESENT",1,"c3ad790a-d426-4ac1-8e32-da61f81f0117",37.490117,-76.2237,NA,NA,NA,NA,27,0,"2010-09-06T11:21",6,9,2010,2408252,2408252,"HUMAN_OBSERVATION","VIMS","ChesMMAP","",NA,"",2010-09-06,"CC0_1_0","","Johnson",NA,NA,2025-02-01 00:08:28.721,"","COORDINATE_ROUNDED;GEODETIC_DATUM_INVALID;GEODETIC_DATUM_ASSUMED_WGS84;CONTINENT_DERIVED_FROM_COORDINATES;OCCURRENCE_STATUS_UNPARSABLE;OCCURRENCE_STATUS_INFERRED_FROM_INDIVIDUAL_COUNT"
1316071496,"aa1d8785-b68f-4000-8b5c-f3545b3132bc","1100017760","Animalia","Chordata",NA,"Pleuronectiformes","Achiridae","Trinectes","Trinectes maculatus",NA,"SPECIES","Trinectes maculatus (Bloch & Schneider, 1801)","Trinectes maculatus","","US","05","Va","PRESENT",1,"c3ad790a-d426-4ac1-8e32-da61f81f0117",37.390133,-76.07755,NA,NA,NA,NA,70,0,"2010-07-07T09:01",7,7,2010,2408252,2408252,"HUMAN_OBSERVATION","VIMS","ChesMMAP","",NA,"",2010-07-07,"CC0_1_0","","Gartland",NA,NA,2025-02-01 00:08:25.2,"","COORDINATE_ROUNDED;GEODETIC_DATUM_INVALID;GEODETIC_DATUM_ASSUMED_WGS84;OCCURRENCE_STATUS_UNPARSABLE;OCCURRENCE_STATUS_INFERRED_FROM_INDIVIDUAL_COUNT"
1316071404,"aa1d8785-b68f-4000-8b5c-f3545b3132bc","1100017644","Animalia","Chordata",NA,"Pleuronectiformes","Achiridae","Trinectes","Trinectes maculatus",NA,"SPECIES","Trinectes maculatus (Bloch & Schneider, 1801)","Trinectes maculatus","","US","05","Va","PRESENT",1,"c3ad790a-d426-4ac1-8e32-da61f81f0117",37.1106,-76.142017,NA,NA,NA,NA,42,0,"2010-07-06T15:22",6,7,2010,2408252,2408252,"HUMAN_OBSERVATION","VIMS","ChesMMAP","",NA,"",2010-07-06,"CC0_1_0","","Gartland",NA,NA,2025-02-01 00:08:25.341,"","COORDINATE_ROUNDED;GEODETIC_DATUM_INVALID;GEODETIC_DATUM_ASSUMED_WGS84;OCCURRENCE_STATUS_UNPARSABLE;OCCURRENCE_STATUS_INFERRED_FROM_INDIVIDUAL_COUNT"
1316071361,"aa1d8785-b68f-4000-8b5c-f3545b3132bc","1100017619","Animalia","Chordata",NA,"Pleuronectiformes","Achiridae","Trinectes","Trinectes maculatus",NA,"SPECIES","Trinectes maculatus (Bloch & Schneider, 1801)","Trinectes maculatus","","US","05","Va","PRESENT",6,"c3ad790a-d426-4ac1-8e32-da61f81f0117",36.975217,-76.151367,NA,NA,NA,NA,30,0,"2010-07-06T14:09",6,7,2010,2408252,2408252,"HUMAN_OBSERVATION","VIMS","ChesMMAP","",NA,"",2010-07-06,"CC0_1_0","","Gartland",NA,NA,2025-02-01 00:08:25.553,"","COORDINATE_ROUNDED;GEODETIC_DATUM_INVALID;GEODETIC_DATUM_ASSUMED_WGS84;CONTINENT_DERIVED_FROM_COORDINATES;OCCURRENCE_STATUS_UNPARSABLE;OCCURRENCE_STATUS_INFERRED_FROM_INDIVIDUAL_COUNT"
1316071325,"aa1d8785-b68f-4000-8b5c-f3545b3132bc","1100017541","Animalia","Chordata",NA,"Pleuronectiformes","Achiridae","Trinectes","Trinectes maculatus",NA,"SPECIES","Trinectes maculatus (Bloch & Schneider, 1801)","Trinectes maculatus","","US","04","Va","PRESENT",8,"c3ad790a-d426-4ac1-8e32-da61f81f0117",37.426033,-76.088083,NA,NA,NA,NA,90,0,"2010-07-07T09:46",7,7,2010,2408252,2408252,"HUMAN_OBSERVATION","VIMS","ChesMMAP","",NA,"",2010-07-07,"CC0_1_0","","Gartland",NA,NA,2025-02-01 00:08:25.661,"","COORDINATE_ROUNDED;GEODETIC_DATUM_INVALID;GEODETIC_DATUM_ASSUMED_WGS84;OCCURRENCE_STATUS_UNPARSABLE;OCCURRENCE_STATUS_INFERRED_FROM_INDIVIDUAL_COUNT"
1316071320,"aa1d8785-b68f-4000-8b5c-f3545b3132bc","1100017557","Animalia","Chordata",NA,"Pleuronectiformes","Achiridae","Trinectes","Trinectes maculatus",NA,"SPECIES","Trinectes maculatus (Bloch & Schneider, 1801)","Trinectes maculatus","","US","05","Va","PRESENT",1,"c3ad790a-d426-4ac1-8e32-da61f81f0117",37.057417,-76.237417,NA,NA,NA,NA,17,0,"2010-07-06T08:18",6,7,2010,2408252,2408252,"HUMAN_OBSERVATION","VIMS","ChesMMAP","",NA,"",2010-07-06,"CC0_1_0","","Gartland",NA,NA,2025-02-01 00:08:25.735,"","COORDINATE_ROUNDED;GEODETIC_DATUM_INVALID;GEODETIC_DATUM_ASSUMED_WGS84;CONTINENT_DERIVED_FROM_COORDINATES;OCCURRENCE_STATUS_UNPARSABLE;OCCURRENCE_STATUS_INFERRED_FROM_INDIVIDUAL_COUNT"
1316071260,"aa1d8785-b68f-4000-8b5c-f3545b3132bc","1100017473","Animalia","Chordata",NA,"Pleuronectiformes","Achiridae","Trinectes","Trinectes maculatus",NA,"SPECIES","Trinectes maculatus (Bloch & Schneider, 1801)","Trinectes maculatus","","US","04","Va","PRESENT",8,"c3ad790a-d426-4ac1-8e32-da61f81f0117",37.50405,-76.083533,NA,NA,NA,NA,38,0,"2010-07-07T12:29",7,7,2010,2408252,2408252,"HUMAN_OBSERVATION","VIMS","ChesMMAP","",NA,"",2010-07-07,"CC0_1_0","","Gartland",NA,NA,2025-02-01 00:08:25.6,"","COORDINATE_ROUNDED;GEODETIC_DATUM_INVALID;GEODETIC_DATUM_ASSUMED_WGS84;OCCURRENCE_STATUS_UNPARSABLE;OCCURRENCE_STATUS_INFERRED_FROM_INDIVIDUAL_COUNT"
1316071176,"aa1d8785-b68f-4000-8b5c-f3545b3132bc","1100017367","Animalia","Chordata",NA,"Pleuronectiformes","Achiridae","Trinectes","Trinectes maculatus",NA,"SPECIES","Trinectes maculatus (Bloch & Schneider, 1801)","Trinectes maculatus","","US","05","Va","PRESENT",1,"c3ad790a-d426-4ac1-8e32-da61f81f0117",37.002833,-76.264667,NA,NA,NA,NA,35,0,"2010-05-22T12:45",22,5,2010,2408252,2408252,"HUMAN_OBSERVATION","VIMS","ChesMMAP","",NA,"",2010-05-22,"CC0_1_0","","Johnson",NA,NA,2025-02-01 00:08:25.873,"","COORDINATE_ROUNDED;GEODETIC_DATUM_INVALID;GEODETIC_DATUM_ASSUMED_WGS84;CONTINENT_DERIVED_FROM_COORDINATES;OCCURRENCE_STATUS_UNPARSABLE;OCCURRENCE_STATUS_INFERRED_FROM_INDIVIDUAL_COUNT"
1316071109,"aa1d8785-b68f-4000-8b5c-f3545b3132bc","1100017393","Animalia","Chordata",NA,"Pleuronectiformes","Achiridae","Trinectes","Trinectes maculatus",NA,"SPECIES","Trinectes maculatus (Bloch & Schneider, 1801)","Trinectes maculatus","","US","05","Va","PRESENT",2,"c3ad790a-d426-4ac1-8e32-da61f81f0117",37.2905,-76.098333,NA,NA,NA,NA,77,0,"2010-05-23T11:45",23,5,2010,2408252,2408252,"HUMAN_OBSERVATION","VIMS","ChesMMAP","",NA,"",2010-05-23,"CC0_1_0","","Johnson",NA,NA,2025-02-01 00:08:25.889,"","COORDINATE_ROUNDED;GEODETIC_DATUM_INVALID;GEODETIC_DATUM_ASSUMED_WGS84;OCCURRENCE_STATUS_UNPARSABLE;OCCURRENCE_STATUS_INFERRED_FROM_INDIVIDUAL_COUNT"
1316071068,"aa1d8785-b68f-4000-8b5c-f3545b3132bc","1100017295","Animalia","Chordata",NA,"Pleuronectiformes","Achiridae","Trinectes","Trinectes maculatus",NA,"SPECIES","Trinectes maculatus (Bloch & Schneider, 1801)","Trinectes maculatus","","US","05","Va","PRESENT",1,"c3ad790a-d426-4ac1-8e32-da61f81f0117",37.008,-76.0334,NA,NA,NA,NA,49,0,"2010-05-22T16:44",22,5,2010,2408252,2408252,"HUMAN_OBSERVATION","VIMS","ChesMMAP","",NA,"",2010-05-22,"CC0_1_0","","Johnson",NA,NA,2025-02-01 00:08:26.235,"","GEODETIC_DATUM_INVALID;GEODETIC_DATUM_ASSUMED_WGS84;OCCURRENCE_STATUS_UNPARSABLE;OCCURRENCE_STATUS_INFERRED_FROM_INDIVIDUAL_COUNT"
1316070995,"aa1d8785-b68f-4000-8b5c-f3545b3132bc","1100017234","Animalia","Chordata",NA,"Pleuronectiformes","Achiridae","Trinectes","Trinectes maculatus",NA,"SPECIES","Trinectes maculatus (Bloch & Schneider, 1801)","Trinectes maculatus","","US","05","Va","PRESENT",1,"c3ad790a-d426-4ac1-8e32-da61f81f0117",37.073917,-76.0726,NA,NA,NA,NA,25,0,"2010-05-23T07:36",23,5,2010,2408252,2408252,"HUMAN_OBSERVATION","VIMS","ChesMMAP","",NA,"",2010-05-23,"CC0_1_0","","Johnson",NA,NA,2025-02-01 00:08:26.209,"","COORDINATE_ROUNDED;GEODETIC_DATUM_INVALID;GEODETIC_DATUM_ASSUMED_WGS84;OCCURRENCE_STATUS_UNPARSABLE;OCCURRENCE_STATUS_INFERRED_FROM_INDIVIDUAL_COUNT"
1316070971,"aa1d8785-b68f-4000-8b5c-f3545b3132bc","1100017166","Animalia","Chordata",NA,"Pleuronectiformes","Achiridae","Trinectes","Trinectes maculatus",NA,"SPECIES","Trinectes maculatus (Bloch & Schneider, 1801)","Trinectes maculatus","","US","04","Va","PRESENT",2,"c3ad790a-d426-4ac1-8e32-da61f81f0117",37.472667,-76.1815,NA,NA,NA,NA,35,0,"2010-05-28T13:32",28,5,2010,2408252,2408252,"HUMAN_OBSERVATION","VIMS","ChesMMAP","",NA,"",2010-05-28,"CC0_1_0","","Johnson",NA,NA,2025-02-01 00:08:26.601,"","COORDINATE_ROUNDED;GEODETIC_DATUM_INVALID;GEODETIC_DATUM_ASSUMED_WGS84;OCCURRENCE_STATUS_UNPARSABLE;OCCURRENCE_STATUS_INFERRED_FROM_INDIVIDUAL_COUNT"
1316070953,"aa1d8785-b68f-4000-8b5c-f3545b3132bc","1100017211","Animalia","Chordata",NA,"Pleuronectiformes","Achiridae","Trinectes","Trinectes maculatus",NA,"SPECIES","Trinectes maculatus (Bloch & Schneider, 1801)","Trinectes maculatus","","US","04","Va","PRESENT",1,"c3ad790a-d426-4ac1-8e32-da61f81f0117",37.640717,-76.160383,NA,NA,NA,NA,44,0,"2010-05-24T12:11",24,5,2010,2408252,2408252,"HUMAN_OBSERVATION","VIMS","ChesMMAP","",NA,"",2010-05-24,"CC0_1_0","","Johnson",NA,NA,2025-02-01 00:08:26.684,"","COORDINATE_ROUNDED;GEODETIC_DATUM_INVALID;GEODETIC_DATUM_ASSUMED_WGS84;OCCURRENCE_STATUS_UNPARSABLE;OCCURRENCE_STATUS_INFERRED_FROM_INDIVIDUAL_COUNT"
1316070950,"aa1d8785-b68f-4000-8b5c-f3545b3132bc","1100017184","Animalia","Chordata",NA,"Pleuronectiformes","Achiridae","Trinectes","Trinectes maculatus",NA,"SPECIES","Trinectes maculatus (Bloch & Schneider, 1801)","Trinectes maculatus","","US","04","Va","PRESENT",2,"c3ad790a-d426-4ac1-8e32-da61f81f0117",37.688383,-76.2291,NA,NA,NA,NA,42,0,"2010-05-24T17:34",24,5,2010,2408252,2408252,"HUMAN_OBSERVATION","VIMS","ChesMMAP","",NA,"",2010-05-24,"CC0_1_0","","Johnson",NA,NA,2025-02-01 00:08:26.579,"","COORDINATE_ROUNDED;GEODETIC_DATUM_INVALID;GEODETIC_DATUM_ASSUMED_WGS84;OCCURRENCE_STATUS_UNPARSABLE;OCCURRENCE_STATUS_INFERRED_FROM_INDIVIDUAL_COUNT"
1316070858,"aa1d8785-b68f-4000-8b5c-f3545b3132bc","1100017091","Animalia","Chordata",NA,"Pleuronectiformes","Achiridae","Trinectes","Trinectes maculatus",NA,"SPECIES","Trinectes maculatus (Bloch & Schneider, 1801)","Trinectes maculatus","","US","04","Va","PRESENT",1,"c3ad790a-d426-4ac1-8e32-da61f81f0117",37.4761,-76.248283,NA,NA,NA,NA,17,0,"2010-05-23T18:43",23,5,2010,2408252,2408252,"HUMAN_OBSERVATION","VIMS","ChesMMAP","",NA,"",2010-05-23,"CC0_1_0","","Johnson",NA,NA,2025-02-01 00:08:26.761,"","COORDINATE_ROUNDED;GEODETIC_DATUM_INVALID;GEODETIC_DATUM_ASSUMED_WGS84;CONTINENT_DERIVED_FROM_COORDINATES;OCCURRENCE_STATUS_UNPARSABLE;OCCURRENCE_STATUS_INFERRED_FROM_INDIVIDUAL_COUNT"
1316070811,"aa1d8785-b68f-4000-8b5c-f3545b3132bc","1100017035","Animalia","Chordata",NA,"Pleuronectiformes","Achiridae","Trinectes","Trinectes maculatus",NA,"SPECIES","Trinectes maculatus (Bloch & Schneider, 1801)","Trinectes maculatus","","US","02","Md","PRESENT",4,"c3ad790a-d426-4ac1-8e32-da61f81f0117",38.689667,-76.5114,NA,NA,NA,NA,19,0,"2010-05-26T12:15",26,5,2010,2408252,2408252,"HUMAN_OBSERVATION","VIMS","ChesMMAP","",NA,"",2010-05-26,"CC0_1_0","","Johnson",NA,NA,2025-02-01 00:08:26.938,"","COORDINATE_ROUNDED;GEODETIC_DATUM_INVALID;GEODETIC_DATUM_ASSUMED_WGS84;CONTINENT_DERIVED_FROM_COORDINATES;OCCURRENCE_STATUS_UNPARSABLE;OCCURRENCE_STATUS_INFERRED_FROM_INDIVIDUAL_COUNT"
1316070804,"aa1d8785-b68f-4000-8b5c-f3545b3132bc","1100017054","Animalia","Chordata",NA,"Pleuronectiformes","Achiridae","Trinectes","Trinectes maculatus",NA,"SPECIES","Trinectes maculatus (Bloch & Schneider, 1801)","Trinectes maculatus","","US","03","Md","PRESENT",1,"c3ad790a-d426-4ac1-8e32-da61f81f0117",37.937333,-76.2365,NA,NA,NA,NA,39,0,"2010-05-25T11:11",25,5,2010,2408252,2408252,"HUMAN_OBSERVATION","VIMS","ChesMMAP","",NA,"",2010-05-25,"CC0_1_0","","Johnson",NA,NA,2025-02-01 00:08:26.909,"","COORDINATE_ROUNDED;GEODETIC_DATUM_INVALID;GEODETIC_DATUM_ASSUMED_WGS84;CONTINENT_DERIVED_FROM_COORDINATES;OCCURRENCE_STATUS_UNPARSABLE;OCCURRENCE_STATUS_INFERRED_FROM_INDIVIDUAL_COUNT"
1316070788,"aa1d8785-b68f-4000-8b5c-f3545b3132bc","1100017005","Animalia","Chordata",NA,"Pleuronectiformes","Achiridae","Trinectes","Trinectes maculatus",NA,"SPECIES","Trinectes maculatus (Bloch & Schneider, 1801)","Trinectes maculatus","","US","05","Va","PRESENT",1,"c3ad790a-d426-4ac1-8e32-da61f81f0117",37.289667,-76.0955,NA,NA,NA,NA,77,0,"2010-04-01T09:27",1,4,2010,2408252,2408252,"HUMAN_OBSERVATION","VIMS","ChesMMAP","",NA,"",2010-04-01,"CC0_1_0","","Johnson",NA,NA,2025-02-01 00:08:26.897,"","COORDINATE_ROUNDED;GEODETIC_DATUM_INVALID;GEODETIC_DATUM_ASSUMED_WGS84;OCCURRENCE_STATUS_UNPARSABLE;OCCURRENCE_STATUS_INFERRED_FROM_INDIVIDUAL_COUNT"
1316070739,"aa1d8785-b68f-4000-8b5c-f3545b3132bc","1100016924","Animalia","Chordata",NA,"Pleuronectiformes","Achiridae","Trinectes","Trinectes maculatus",NA,"SPECIES","Trinectes maculatus (Bloch & Schneider, 1801)","Trinectes maculatus","","US","05","Va","PRESENT",1,"c3ad790a-d426-4ac1-8e32-da61f81f0117",37.289,-76.123,NA,NA,NA,NA,43,0,"2010-04-01T08:34",1,4,2010,2408252,2408252,"HUMAN_OBSERVATION","VIMS","ChesMMAP","",NA,"",2010-04-01,"CC0_1_0","","Johnson",NA,NA,2025-02-01 00:08:27.949,"","GEODETIC_DATUM_INVALID;GEODETIC_DATUM_ASSUMED_WGS84;OCCURRENCE_STATUS_UNPARSABLE;OCCURRENCE_STATUS_INFERRED_FROM_INDIVIDUAL_COUNT"
1316070680,"aa1d8785-b68f-4000-8b5c-f3545b3132bc","1100016905","Animalia","Chordata",NA,"Pleuronectiformes","Achiridae","Trinectes","Trinectes maculatus",NA,"SPECIES","Trinectes maculatus (Bloch & Schneider, 1801)","Trinectes maculatus","","US","05","Va","PRESENT",2,"c3ad790a-d426-4ac1-8e32-da61f81f0117",37.276333,-76.258167,NA,NA,NA,NA,20,0,"2010-03-23T08:13",23,3,2010,2408252,2408252,"HUMAN_OBSERVATION","VIMS","ChesMMAP","",NA,"",2010-03-23,"CC0_1_0","","Johnson",NA,NA,2025-02-01 00:08:27.94,"","COORDINATE_ROUNDED;GEODETIC_DATUM_INVALID;GEODETIC_DATUM_ASSUMED_WGS84;CONTINENT_DERIVED_FROM_COORDINATES;OCCURRENCE_STATUS_UNPARSABLE;OCCURRENCE_STATUS_INFERRED_FROM_INDIVIDUAL_COUNT"
1316070634,"aa1d8785-b68f-4000-8b5c-f3545b3132bc","1100016836","Animalia","Chordata",NA,"Pleuronectiformes","Achiridae","Trinectes","Trinectes maculatus",NA,"SPECIES","Trinectes maculatus (Bloch & Schneider, 1801)","Trinectes maculatus","","US","04","Va","PRESENT",1,"c3ad790a-d426-4ac1-8e32-da61f81f0117",37.424167,-76.081167,NA,NA,NA,NA,56,0,"2010-03-23T15:01",23,3,2010,2408252,2408252,"HUMAN_OBSERVATION","VIMS","ChesMMAP","",NA,"",2010-03-23,"CC0_1_0","","Johnson",NA,NA,2025-02-01 00:08:28.245,"","COORDINATE_ROUNDED;GEODETIC_DATUM_INVALID;GEODETIC_DATUM_ASSUMED_WGS84;OCCURRENCE_STATUS_UNPARSABLE;OCCURRENCE_STATUS_INFERRED_FROM_INDIVIDUAL_COUNT"
1316070627,"aa1d8785-b68f-4000-8b5c-f3545b3132bc","1100016850","Animalia","Chordata",NA,"Pleuronectiformes","Achiridae","Trinectes","Trinectes maculatus",NA,"SPECIES","Trinectes maculatus (Bloch & Schneider, 1801)","Trinectes maculatus","","US","04","Va","PRESENT",1,"c3ad790a-d426-4ac1-8e32-da61f81f0117",37.892667,-76.150833,NA,NA,NA,NA,79,0,"2010-03-25T06:49",25,3,2010,2408252,2408252,"HUMAN_OBSERVATION","VIMS","ChesMMAP","",NA,"",2010-03-25,"CC0_1_0","","Johnson",NA,NA,2025-02-01 00:08:28.21,"","COORDINATE_ROUNDED;GEODETIC_DATUM_INVALID;GEODETIC_DATUM_ASSUMED_WGS84;OCCURRENCE_STATUS_UNPARSABLE;OCCURRENCE_STATUS_INFERRED_FROM_INDIVIDUAL_COUNT"
1316070598,"aa1d8785-b68f-4000-8b5c-f3545b3132bc","1100016861","Animalia","Chordata",NA,"Pleuronectiformes","Achiridae","Trinectes","Trinectes maculatus",NA,"SPECIES","Trinectes maculatus (Bloch & Schneider, 1801)","Trinectes maculatus","","US","05","Va","PRESENT",1,"c3ad790a-d426-4ac1-8e32-da61f81f0117",37.306833,-76.222167,NA,NA,NA,NA,29,0,"2010-04-01T15:35",1,4,2010,2408252,2408252,"HUMAN_OBSERVATION","VIMS","ChesMMAP","",NA,"",2010-04-01,"CC0_1_0","","Johnson",NA,NA,2025-02-01 00:08:28.278,"","COORDINATE_ROUNDED;GEODETIC_DATUM_INVALID;GEODETIC_DATUM_ASSUMED_WGS84;OCCURRENCE_STATUS_UNPARSABLE;OCCURRENCE_STATUS_INFERRED_FROM_INDIVIDUAL_COUNT"
1316070509,"aa1d8785-b68f-4000-8b5c-f3545b3132bc","1100016698","Animalia","Chordata",NA,"Pleuronectiformes","Achiridae","Trinectes","Trinectes maculatus",NA,"SPECIES","Trinectes maculatus (Bloch & Schneider, 1801)","Trinectes maculatus","","US","02","Md","PRESENT",1,"c3ad790a-d426-4ac1-8e32-da61f81f0117",38.6225,-76.411667,NA,NA,NA,NA,57,0,"2010-03-27T11:09",27,3,2010,2408252,2408252,"HUMAN_OBSERVATION","VIMS","ChesMMAP","",NA,"",2010-03-27,"CC0_1_0","","Johnson",NA,NA,2025-02-01 00:08:28.631,"","COORDINATE_ROUNDED;GEODETIC_DATUM_INVALID;GEODETIC_DATUM_ASSUMED_WGS84;OCCURRENCE_STATUS_UNPARSABLE;OCCURRENCE_STATUS_INFERRED_FROM_INDIVIDUAL_COUNT"
1316070501,"aa1d8785-b68f-4000-8b5c-f3545b3132bc","1100016733","Animalia","Chordata",NA,"Pleuronectiformes","Achiridae","Trinectes","Trinectes maculatus",NA,"SPECIES","Trinectes maculatus (Bloch & Schneider, 1801)","Trinectes maculatus","","US","04","Va","PRESENT",2,"c3ad790a-d426-4ac1-8e32-da61f81f0117",37.541667,-75.98,NA,NA,NA,NA,21,0,"2010-03-23T17:46",23,3,2010,2408252,2408252,"HUMAN_OBSERVATION","VIMS","ChesMMAP","",NA,"",2010-03-23,"CC0_1_0","","Johnson",NA,NA,2025-02-01 00:08:28.494,"","COORDINATE_ROUNDED;GEODETIC_DATUM_INVALID;GEODETIC_DATUM_ASSUMED_WGS84;CONTINENT_DERIVED_FROM_COORDINATES;OCCURRENCE_STATUS_UNPARSABLE;OCCURRENCE_STATUS_INFERRED_FROM_INDIVIDUAL_COUNT"
1316070434,"aa1d8785-b68f-4000-8b5c-f3545b3132bc","1100016641","Animalia","Chordata",NA,"Pleuronectiformes","Achiridae","Trinectes","Trinectes maculatus",NA,"SPECIES","Trinectes maculatus (Bloch & Schneider, 1801)","Trinectes maculatus","","US","05","Va","PRESENT",12,"c3ad790a-d426-4ac1-8e32-da61f81f0117",37.256667,-76.091167,NA,NA,NA,NA,52,0,"2009-11-09T12:19",9,11,2009,2408252,2408252,"HUMAN_OBSERVATION","VIMS","ChesMMAP","",NA,"",2009-11-09,"CC0_1_0","","JOHNSON",NA,NA,2025-02-01 00:08:28.713,"","COORDINATE_ROUNDED;GEODETIC_DATUM_INVALID;GEODETIC_DATUM_ASSUMED_WGS84;OCCURRENCE_STATUS_UNPARSABLE;OCCURRENCE_STATUS_INFERRED_FROM_INDIVIDUAL_COUNT"
1316070369,"aa1d8785-b68f-4000-8b5c-f3545b3132bc","1100016572","Animalia","Chordata",NA,"Pleuronectiformes","Achiridae","Trinectes","Trinectes maculatus",NA,"SPECIES","Trinectes maculatus (Bloch & Schneider, 1801)","Trinectes maculatus","","US","05","Va","PRESENT",1,"c3ad790a-d426-4ac1-8e32-da61f81f0117",37.424667,-76.150833,NA,NA,NA,NA,36,0,"2009-11-09T08:08",9,11,2009,2408252,2408252,"HUMAN_OBSERVATION","VIMS","ChesMMAP","",NA,"",2009-11-09,"CC0_1_0","","JOHNSON",NA,NA,2025-02-01 00:08:28.778,"","COORDINATE_ROUNDED;GEODETIC_DATUM_INVALID;GEODETIC_DATUM_ASSUMED_WGS84;OCCURRENCE_STATUS_UNPARSABLE;OCCURRENCE_STATUS_INFERRED_FROM_INDIVIDUAL_COUNT"
1316070161,"aa1d8785-b68f-4000-8b5c-f3545b3132bc","1100016340","Animalia","Chordata",NA,"Pleuronectiformes","Achiridae","Trinectes","Trinectes maculatus",NA,"SPECIES","Trinectes maculatus (Bloch & Schneider, 1801)","Trinectes maculatus","","US","04","Va","PRESENT",4,"c3ad790a-d426-4ac1-8e32-da61f81f0117",37.459833,-76.136,NA,NA,NA,NA,37,0,"2009-11-08T15:39",8,11,2009,2408252,2408252,"HUMAN_OBSERVATION","VIMS","ChesMMAP","",NA,"",2009-11-08,"CC0_1_0","","JOHNSON",NA,NA,2025-02-01 00:08:25.459,"","COORDINATE_ROUNDED;GEODETIC_DATUM_INVALID;GEODETIC_DATUM_ASSUMED_WGS84;OCCURRENCE_STATUS_UNPARSABLE;OCCURRENCE_STATUS_INFERRED_FROM_INDIVIDUAL_COUNT"
1316070143,"aa1d8785-b68f-4000-8b5c-f3545b3132bc","1100016348","Animalia","Chordata",NA,"Pleuronectiformes","Achiridae","Trinectes","Trinectes maculatus",NA,"SPECIES","Trinectes maculatus (Bloch & Schneider, 1801)","Trinectes maculatus","","US","04","Va","PRESENT",1,"c3ad790a-d426-4ac1-8e32-da61f81f0117",37.5075,-76.1595,NA,NA,NA,NA,34,0,"2009-11-08T16:24",8,11,2009,2408252,2408252,"HUMAN_OBSERVATION","VIMS","ChesMMAP","",NA,"",2009-11-08,"CC0_1_0","","JOHNSON",NA,NA,2025-02-01 00:08:25.455,"","GEODETIC_DATUM_INVALID;GEODETIC_DATUM_ASSUMED_WGS84;OCCURRENCE_STATUS_UNPARSABLE;OCCURRENCE_STATUS_INFERRED_FROM_INDIVIDUAL_COUNT"
1316070032,"aa1d8785-b68f-4000-8b5c-f3545b3132bc","1100016210","Animalia","Chordata",NA,"Pleuronectiformes","Achiridae","Trinectes","Trinectes maculatus",NA,"SPECIES","Trinectes maculatus (Bloch & Schneider, 1801)","Trinectes maculatus","","US","03","Md","PRESENT",1,"c3ad790a-d426-4ac1-8e32-da61f81f0117",37.973333,-76.273,NA,NA,NA,NA,40,0,"2009-11-07T08:15",7,11,2009,2408252,2408252,"HUMAN_OBSERVATION","VIMS","ChesMMAP","",NA,"",2009-11-07,"CC0_1_0","","JOHNSON",NA,NA,2025-02-01 00:08:25.663,"","COORDINATE_ROUNDED;GEODETIC_DATUM_INVALID;GEODETIC_DATUM_ASSUMED_WGS84;OCCURRENCE_STATUS_UNPARSABLE;OCCURRENCE_STATUS_INFERRED_FROM_INDIVIDUAL_COUNT"
1316069902,"aa1d8785-b68f-4000-8b5c-f3545b3132bc","1100016037","Animalia","Chordata",NA,"Pleuronectiformes","Achiridae","Trinectes","Trinectes maculatus",NA,"SPECIES","Trinectes maculatus (Bloch & Schneider, 1801)","Trinectes maculatus","","US","05","Va","PRESENT",1,"c3ad790a-d426-4ac1-8e32-da61f81f0117",37.343667,-76.059,NA,NA,NA,NA,47,0,"2009-09-07T12:04",7,9,2009,2408252,2408252,"HUMAN_OBSERVATION","VIMS","ChesMMAP","",NA,"",2009-09-07,"CC0_1_0","","JOHNSON",NA,NA,2025-02-01 00:08:25.798,"","COORDINATE_ROUNDED;GEODETIC_DATUM_INVALID;GEODETIC_DATUM_ASSUMED_WGS84;CONTINENT_DERIVED_FROM_COORDINATES;OCCURRENCE_STATUS_UNPARSABLE;OCCURRENCE_STATUS_INFERRED_FROM_INDIVIDUAL_COUNT"
1316069881,"aa1d8785-b68f-4000-8b5c-f3545b3132bc","1100016073","Animalia","Chordata",NA,"Pleuronectiformes","Achiridae","Trinectes","Trinectes maculatus",NA,"SPECIES","Trinectes maculatus (Bloch & Schneider, 1801)","Trinectes maculatus","","US","05","Va","PRESENT",1,"c3ad790a-d426-4ac1-8e32-da61f81f0117",37.0335,-76.062,NA,NA,NA,NA,59,0,"2009-09-12T09:15",12,9,2009,2408252,2408252,"HUMAN_OBSERVATION","VIMS","ChesMMAP","",NA,"",2009-09-12,"CC0_1_0","","JOHNSON",NA,NA,2025-02-01 00:08:25.878,"","GEODETIC_DATUM_INVALID;GEODETIC_DATUM_ASSUMED_WGS84;OCCURRENCE_STATUS_UNPARSABLE;OCCURRENCE_STATUS_INFERRED_FROM_INDIVIDUAL_COUNT"
1316069876,"aa1d8785-b68f-4000-8b5c-f3545b3132bc","1100016036","Animalia","Chordata",NA,"Pleuronectiformes","Achiridae","Trinectes","Trinectes maculatus",NA,"SPECIES","Trinectes maculatus (Bloch & Schneider, 1801)","Trinectes maculatus","","US","05","Va","PRESENT",4,"c3ad790a-d426-4ac1-8e32-da61f81f0117",37.241833,-76.383833,NA,NA,NA,NA,42,0,"2009-09-08T08:54",8,9,2009,2408252,2408252,"HUMAN_OBSERVATION","VIMS","ChesMMAP","",NA,"",2009-09-08,"CC0_1_0","","JOHNSON",NA,NA,2025-02-01 00:08:25.797,"","COORDINATE_ROUNDED;GEODETIC_DATUM_INVALID;GEODETIC_DATUM_ASSUMED_WGS84;CONTINENT_DERIVED_FROM_COORDINATES;OCCURRENCE_STATUS_UNPARSABLE;OCCURRENCE_STATUS_INFERRED_FROM_INDIVIDUAL_COUNT"
1316069875,"aa1d8785-b68f-4000-8b5c-f3545b3132bc","1100016017","Animalia","Chordata",NA,"Pleuronectiformes","Achiridae","Trinectes","Trinectes maculatus",NA,"SPECIES","Trinectes maculatus (Bloch & Schneider, 1801)","Trinectes maculatus","","US","05","Va","PRESENT",1,"c3ad790a-d426-4ac1-8e32-da61f81f0117",37.233,-76.342167,NA,NA,NA,NA,37,0,"2009-09-08T07:47",8,9,2009,2408252,2408252,"HUMAN_OBSERVATION","VIMS","ChesMMAP","",NA,"",2009-09-08,"CC0_1_0","","JOHNSON",NA,NA,2025-02-01 00:08:25.829,"","COORDINATE_ROUNDED;GEODETIC_DATUM_INVALID;GEODETIC_DATUM_ASSUMED_WGS84;CONTINENT_DERIVED_FROM_COORDINATES;OCCURRENCE_STATUS_UNPARSABLE;OCCURRENCE_STATUS_INFERRED_FROM_INDIVIDUAL_COUNT"
1316069863,"aa1d8785-b68f-4000-8b5c-f3545b3132bc","1100016080","Animalia","Chordata",NA,"Pleuronectiformes","Achiridae","Trinectes","Trinectes maculatus",NA,"SPECIES","Trinectes maculatus (Bloch & Schneider, 1801)","Trinectes maculatus","","US","05","Va","PRESENT",5,"c3ad790a-d426-4ac1-8e32-da61f81f0117",37.409167,-76.079167,NA,NA,NA,NA,73,0,"2009-09-07T09:30",7,9,2009,2408252,2408252,"HUMAN_OBSERVATION","VIMS","ChesMMAP","",NA,"",2009-09-07,"CC0_1_0","","JOHNSON",NA,NA,2025-02-01 00:08:25.893,"","COORDINATE_ROUNDED;GEODETIC_DATUM_INVALID;GEODETIC_DATUM_ASSUMED_WGS84;OCCURRENCE_STATUS_UNPARSABLE;OCCURRENCE_STATUS_INFERRED_FROM_INDIVIDUAL_COUNT"
1316069597,"aa1d8785-b68f-4000-8b5c-f3545b3132bc","1100015776","Animalia","Chordata",NA,"Pleuronectiformes","Achiridae","Trinectes","Trinectes maculatus",NA,"SPECIES","Trinectes maculatus (Bloch & Schneider, 1801)","Trinectes maculatus","","US","04","Va","PRESENT",1,"c3ad790a-d426-4ac1-8e32-da61f81f0117",37.725,-76.011833,NA,NA,NA,NA,33,0,"2009-09-05T09:51",5,9,2009,2408252,2408252,"HUMAN_OBSERVATION","VIMS","ChesMMAP","",NA,"",2009-09-05,"CC0_1_0","","JOHNSON",NA,NA,2025-02-01 00:08:27.892,"","COORDINATE_ROUNDED;GEODETIC_DATUM_INVALID;GEODETIC_DATUM_ASSUMED_WGS84;OCCURRENCE_STATUS_UNPARSABLE;OCCURRENCE_STATUS_INFERRED_FROM_INDIVIDUAL_COUNT"
1316069582,"aa1d8785-b68f-4000-8b5c-f3545b3132bc","1100015731","Animalia","Chordata",NA,"Pleuronectiformes","Achiridae","Trinectes","Trinectes maculatus",NA,"SPECIES","Trinectes maculatus (Bloch & Schneider, 1801)","Trinectes maculatus","","US","04","Va","PRESENT",3,"c3ad790a-d426-4ac1-8e32-da61f81f0117",37.673,-75.983833,NA,NA,NA,NA,34,0,"2009-09-05T10:45",5,9,2009,2408252,2408252,"HUMAN_OBSERVATION","VIMS","ChesMMAP","",NA,"",2009-09-05,"CC0_1_0","","JOHNSON",NA,NA,2025-02-01 00:08:27.823,"","COORDINATE_ROUNDED;GEODETIC_DATUM_INVALID;GEODETIC_DATUM_ASSUMED_WGS84;OCCURRENCE_STATUS_UNPARSABLE;OCCURRENCE_STATUS_INFERRED_FROM_INDIVIDUAL_COUNT"
1316069535,"aa1d8785-b68f-4000-8b5c-f3545b3132bc","1100015691","Animalia","Chordata",NA,"Pleuronectiformes","Achiridae","Trinectes","Trinectes maculatus",NA,"SPECIES","Trinectes maculatus (Bloch & Schneider, 1801)","Trinectes maculatus","","US","04","Va","PRESENT",4,"c3ad790a-d426-4ac1-8e32-da61f81f0117",37.472833,-76.160833,NA,NA,NA,NA,35,0,"2009-09-06T12:30",6,9,2009,2408252,2408252,"HUMAN_OBSERVATION","VIMS","ChesMMAP","",NA,"",2009-09-06,"CC0_1_0","","JOHNSON",NA,NA,2025-02-01 00:08:27.97,"","COORDINATE_ROUNDED;GEODETIC_DATUM_INVALID;GEODETIC_DATUM_ASSUMED_WGS84;OCCURRENCE_STATUS_UNPARSABLE;OCCURRENCE_STATUS_INFERRED_FROM_INDIVIDUAL_COUNT"
1316069439,"aa1d8785-b68f-4000-8b5c-f3545b3132bc","1100015654","Animalia","Chordata",NA,"Pleuronectiformes","Achiridae","Trinectes","Trinectes maculatus",NA,"SPECIES","Trinectes maculatus (Bloch & Schneider, 1801)","Trinectes maculatus","","US","04","Va","PRESENT",1,"c3ad790a-d426-4ac1-8e32-da61f81f0117",37.5725,-75.996833,NA,NA,NA,NA,43,0,"2009-09-06T09:23",6,9,2009,2408252,2408252,"HUMAN_OBSERVATION","VIMS","ChesMMAP","",NA,"",2009-09-06,"CC0_1_0","","JOHNSON",NA,NA,2025-02-01 00:08:28.074,"","COORDINATE_ROUNDED;GEODETIC_DATUM_INVALID;GEODETIC_DATUM_ASSUMED_WGS84;OCCURRENCE_STATUS_UNPARSABLE;OCCURRENCE_STATUS_INFERRED_FROM_INDIVIDUAL_COUNT"
1316069437,"aa1d8785-b68f-4000-8b5c-f3545b3132bc","1100015622","Animalia","Chordata",NA,"Pleuronectiformes","Achiridae","Trinectes","Trinectes maculatus",NA,"SPECIES","Trinectes maculatus (Bloch & Schneider, 1801)","Trinectes maculatus","","US","04","Va","PRESENT",5,"c3ad790a-d426-4ac1-8e32-da61f81f0117",37.509,-76.246333,NA,NA,NA,NA,26,0,"2009-09-06T14:18",6,9,2009,2408252,2408252,"HUMAN_OBSERVATION","VIMS","ChesMMAP","",NA,"",2009-09-06,"CC0_1_0","","JOHNSON",NA,NA,2025-02-01 00:08:28.056,"","COORDINATE_ROUNDED;GEODETIC_DATUM_INVALID;GEODETIC_DATUM_ASSUMED_WGS84;CONTINENT_DERIVED_FROM_COORDINATES;OCCURRENCE_STATUS_UNPARSABLE;OCCURRENCE_STATUS_INFERRED_FROM_INDIVIDUAL_COUNT"
1316069430,"aa1d8785-b68f-4000-8b5c-f3545b3132bc","1100015586","Animalia","Chordata",NA,"Pleuronectiformes","Achiridae","Trinectes","Trinectes maculatus",NA,"SPECIES","Trinectes maculatus (Bloch & Schneider, 1801)","Trinectes maculatus","","US","04","Va","PRESENT",5,"c3ad790a-d426-4ac1-8e32-da61f81f0117",37.4915,-76.224,NA,NA,NA,NA,28,0,"2009-09-06T13:33",6,9,2009,2408252,2408252,"HUMAN_OBSERVATION","VIMS","ChesMMAP","",NA,"",2009-09-06,"CC0_1_0","","JOHNSON",NA,NA,2025-02-01 00:08:28.136,"","GEODETIC_DATUM_INVALID;GEODETIC_DATUM_ASSUMED_WGS84;CONTINENT_DERIVED_FROM_COORDINATES;OCCURRENCE_STATUS_UNPARSABLE;OCCURRENCE_STATUS_INFERRED_FROM_INDIVIDUAL_COUNT"
1316069349,"aa1d8785-b68f-4000-8b5c-f3545b3132bc","1100015510","Animalia","Chordata",NA,"Pleuronectiformes","Achiridae","Trinectes","Trinectes maculatus",NA,"SPECIES","Trinectes maculatus (Bloch & Schneider, 1801)","Trinectes maculatus","","US","02","Md","PRESENT",1,"c3ad790a-d426-4ac1-8e32-da61f81f0117",38.872667,-76.451167,NA,NA,NA,NA,24,0,"2009-09-02T15:18",2,9,2009,2408252,2408252,"HUMAN_OBSERVATION","VIMS","ChesMMAP","",NA,"",2009-09-02,"CC0_1_0","","JOHNSON",NA,NA,2025-02-01 00:08:28.234,"","COORDINATE_ROUNDED;GEODETIC_DATUM_INVALID;GEODETIC_DATUM_ASSUMED_WGS84;CONTINENT_DERIVED_FROM_COORDINATES;OCCURRENCE_STATUS_UNPARSABLE;OCCURRENCE_STATUS_INFERRED_FROM_INDIVIDUAL_COUNT"
1316069296,"aa1d8785-b68f-4000-8b5c-f3545b3132bc","1100015446","Animalia","Chordata",NA,"Pleuronectiformes","Achiridae","Trinectes","Trinectes maculatus",NA,"SPECIES","Trinectes maculatus (Bloch & Schneider, 1801)","Trinectes maculatus","","US","05","Va","PRESENT",1,"c3ad790a-d426-4ac1-8e32-da61f81f0117",37.342333,-76.100167,NA,NA,NA,NA,57,0,"2009-07-15T15:01",15,7,2009,2408252,2408252,"HUMAN_OBSERVATION","VIMS","ChesMMAP","",NA,"",2009-07-15,"CC0_1_0","","JOHNSON",NA,NA,2025-02-01 00:08:28.39,"","COORDINATE_ROUNDED;GEODETIC_DATUM_INVALID;GEODETIC_DATUM_ASSUMED_WGS84;OCCURRENCE_STATUS_UNPARSABLE;OCCURRENCE_STATUS_INFERRED_FROM_INDIVIDUAL_COUNT"
1316069243,"aa1d8785-b68f-4000-8b5c-f3545b3132bc","1100015422","Animalia","Chordata",NA,"Pleuronectiformes","Achiridae","Trinectes","Trinectes maculatus",NA,"SPECIES","Trinectes maculatus (Bloch & Schneider, 1801)","Trinectes maculatus","","US","05","Va","PRESENT",1,"c3ad790a-d426-4ac1-8e32-da61f81f0117",37.258333,-76.105333,NA,NA,NA,NA,49,0,"2009-07-15T12:07",15,7,2009,2408252,2408252,"HUMAN_OBSERVATION","VIMS","ChesMMAP","",NA,"",2009-07-15,"CC0_1_0","","JOHNSON",NA,NA,2025-02-01 00:08:28.521,"","COORDINATE_ROUNDED;GEODETIC_DATUM_INVALID;GEODETIC_DATUM_ASSUMED_WGS84;OCCURRENCE_STATUS_UNPARSABLE;OCCURRENCE_STATUS_INFERRED_FROM_INDIVIDUAL_COUNT"
1316069241,"aa1d8785-b68f-4000-8b5c-f3545b3132bc","1100015453","Animalia","Chordata",NA,"Pleuronectiformes","Achiridae","Trinectes","Trinectes maculatus",NA,"SPECIES","Trinectes maculatus (Bloch & Schneider, 1801)","Trinectes maculatus","","US","05","Va","PRESENT",1,"c3ad790a-d426-4ac1-8e32-da61f81f0117",37.392333,-76.075333,NA,NA,NA,NA,68,0,"2009-07-15T16:54",15,7,2009,2408252,2408252,"HUMAN_OBSERVATION","VIMS","ChesMMAP","",NA,"",2009-07-15,"CC0_1_0","","JOHNSON",NA,NA,2025-02-01 00:08:28.384,"","COORDINATE_ROUNDED;GEODETIC_DATUM_INVALID;GEODETIC_DATUM_ASSUMED_WGS84;OCCURRENCE_STATUS_UNPARSABLE;OCCURRENCE_STATUS_INFERRED_FROM_INDIVIDUAL_COUNT"
1316069225,"aa1d8785-b68f-4000-8b5c-f3545b3132bc","1100015388","Animalia","Chordata",NA,"Pleuronectiformes","Achiridae","Trinectes","Trinectes maculatus",NA,"SPECIES","Trinectes maculatus (Bloch & Schneider, 1801)","Trinectes maculatus","","US","05","Va","PRESENT",1,"c3ad790a-d426-4ac1-8e32-da61f81f0117",37.092167,-76.156667,NA,NA,NA,NA,34,0,"2009-07-14T15:33",14,7,2009,2408252,2408252,"HUMAN_OBSERVATION","VIMS","ChesMMAP","",NA,"",2009-07-14,"CC0_1_0","","JOHNSON",NA,NA,2025-02-01 00:08:28.612,"","COORDINATE_ROUNDED;GEODETIC_DATUM_INVALID;GEODETIC_DATUM_ASSUMED_WGS84;OCCURRENCE_STATUS_UNPARSABLE;OCCURRENCE_STATUS_INFERRED_FROM_INDIVIDUAL_COUNT"
1316069204,"aa1d8785-b68f-4000-8b5c-f3545b3132bc","1100015328","Animalia","Chordata",NA,"Pleuronectiformes","Achiridae","Trinectes","Trinectes maculatus",NA,"SPECIES","Trinectes maculatus (Bloch & Schneider, 1801)","Trinectes maculatus","","US","05","Va","PRESENT",2,"c3ad790a-d426-4ac1-8e32-da61f81f0117",37.220667,-76.281333,NA,NA,NA,NA,28,0,"2009-07-14T07:47",14,7,2009,2408252,2408252,"HUMAN_OBSERVATION","VIMS","ChesMMAP","",NA,"",2009-07-14,"CC0_1_0","","JOHNSON",NA,NA,2025-02-01 00:08:28.562,"","COORDINATE_ROUNDED;GEODETIC_DATUM_INVALID;GEODETIC_DATUM_ASSUMED_WGS84;OCCURRENCE_STATUS_UNPARSABLE;OCCURRENCE_STATUS_INFERRED_FROM_INDIVIDUAL_COUNT"
1316069134,"aa1d8785-b68f-4000-8b5c-f3545b3132bc","1100015302","Animalia","Chordata",NA,"Pleuronectiformes","Achiridae","Trinectes","Trinectes maculatus",NA,"SPECIES","Trinectes maculatus (Bloch & Schneider, 1801)","Trinectes maculatus","","US","05","Va","PRESENT",17,"c3ad790a-d426-4ac1-8e32-da61f81f0117",37.092833,-76.204333,NA,NA,NA,NA,24,0,"2009-07-14T16:40",14,7,2009,2408252,2408252,"HUMAN_OBSERVATION","VIMS","ChesMMAP","",NA,"",2009-07-14,"CC0_1_0","","JOHNSON",NA,NA,2025-02-01 00:08:28.721,"","COORDINATE_ROUNDED;GEODETIC_DATUM_INVALID;GEODETIC_DATUM_ASSUMED_WGS84;OCCURRENCE_STATUS_UNPARSABLE;OCCURRENCE_STATUS_INFERRED_FROM_INDIVIDUAL_COUNT"
1316069041,"aa1d8785-b68f-4000-8b5c-f3545b3132bc","1100015179","Animalia","Chordata",NA,"Pleuronectiformes","Achiridae","Trinectes","Trinectes maculatus",NA,"SPECIES","Trinectes maculatus (Bloch & Schneider, 1801)","Trinectes maculatus","","US","04","Va","PRESENT",50,"c3ad790a-d426-4ac1-8e32-da61f81f0117",37.507167,-76.036333,NA,NA,NA,NA,53,0,"2009-07-20T15:06",20,7,2009,2408252,2408252,"HUMAN_OBSERVATION","VIMS","ChesMMAP","",NA,"",2009-07-20,"CC0_1_0","","JOHNSON",NA,NA,2025-02-01 00:08:28.723,"","COORDINATE_ROUNDED;GEODETIC_DATUM_INVALID;GEODETIC_DATUM_ASSUMED_WGS84;OCCURRENCE_STATUS_UNPARSABLE;OCCURRENCE_STATUS_INFERRED_FROM_INDIVIDUAL_COUNT"
1316069022,"aa1d8785-b68f-4000-8b5c-f3545b3132bc","1100015195","Animalia","Chordata",NA,"Pleuronectiformes","Achiridae","Trinectes","Trinectes maculatus",NA,"SPECIES","Trinectes maculatus (Bloch & Schneider, 1801)","Trinectes maculatus","","US","05","Va","PRESENT",1,"c3ad790a-d426-4ac1-8e32-da61f81f0117",37.128333,-76.037667,NA,NA,NA,NA,22,0,"2009-07-15T08:11",15,7,2009,2408252,2408252,"HUMAN_OBSERVATION","VIMS","ChesMMAP","",NA,"",2009-07-15,"CC0_1_0","","JOHNSON",NA,NA,2025-02-01 00:08:28.73,"","COORDINATE_ROUNDED;GEODETIC_DATUM_INVALID;GEODETIC_DATUM_ASSUMED_WGS84;OCCURRENCE_STATUS_UNPARSABLE;OCCURRENCE_STATUS_INFERRED_FROM_INDIVIDUAL_COUNT"
1316068999,"aa1d8785-b68f-4000-8b5c-f3545b3132bc","1100015153","Animalia","Chordata",NA,"Pleuronectiformes","Achiridae","Trinectes","Trinectes maculatus",NA,"SPECIES","Trinectes maculatus (Bloch & Schneider, 1801)","Trinectes maculatus","","US","04","Va","PRESENT",1,"c3ad790a-d426-4ac1-8e32-da61f81f0117",37.6725,-76.131833,NA,NA,NA,NA,41,0,"2009-07-16T11:14",16,7,2009,2408252,2408252,"HUMAN_OBSERVATION","VIMS","ChesMMAP","",NA,"",2009-07-16,"CC0_1_0","","JOHNSON",NA,NA,2025-02-01 00:08:25.245,"","COORDINATE_ROUNDED;GEODETIC_DATUM_INVALID;GEODETIC_DATUM_ASSUMED_WGS84;OCCURRENCE_STATUS_UNPARSABLE;OCCURRENCE_STATUS_INFERRED_FROM_INDIVIDUAL_COUNT"
1316068962,"aa1d8785-b68f-4000-8b5c-f3545b3132bc","1100015077","Animalia","Chordata",NA,"Pleuronectiformes","Achiridae","Trinectes","Trinectes maculatus",NA,"SPECIES","Trinectes maculatus (Bloch & Schneider, 1801)","Trinectes maculatus","","US","04","Va","PRESENT",4,"c3ad790a-d426-4ac1-8e32-da61f81f0117",37.437833,-76.098333,NA,NA,NA,NA,39,0,"2009-07-20T16:03",20,7,2009,2408252,2408252,"HUMAN_OBSERVATION","VIMS","ChesMMAP","",NA,"",2009-07-20,"CC0_1_0","","JOHNSON",NA,NA,2025-02-01 00:08:25.108,"","COORDINATE_ROUNDED;GEODETIC_DATUM_INVALID;GEODETIC_DATUM_ASSUMED_WGS84;OCCURRENCE_STATUS_UNPARSABLE;OCCURRENCE_STATUS_INFERRED_FROM_INDIVIDUAL_COUNT"
1316068928,"aa1d8785-b68f-4000-8b5c-f3545b3132bc","1100015089","Animalia","Chordata",NA,"Pleuronectiformes","Achiridae","Trinectes","Trinectes maculatus",NA,"SPECIES","Trinectes maculatus (Bloch & Schneider, 1801)","Trinectes maculatus","","US","04","Va","PRESENT",1,"c3ad790a-d426-4ac1-8e32-da61f81f0117",37.5405,-76.101667,NA,NA,NA,NA,37,0,"2009-07-20T14:06",20,7,2009,2408252,2408252,"HUMAN_OBSERVATION","VIMS","ChesMMAP","",NA,"",2009-07-20,"CC0_1_0","","JOHNSON",NA,NA,2025-02-01 00:08:25.096,"","COORDINATE_ROUNDED;GEODETIC_DATUM_INVALID;GEODETIC_DATUM_ASSUMED_WGS84;OCCURRENCE_STATUS_UNPARSABLE;OCCURRENCE_STATUS_INFERRED_FROM_INDIVIDUAL_COUNT"
1316068920,"aa1d8785-b68f-4000-8b5c-f3545b3132bc","1100015059","Animalia","Chordata",NA,"Pleuronectiformes","Achiridae","Trinectes","Trinectes maculatus",NA,"SPECIES","Trinectes maculatus (Bloch & Schneider, 1801)","Trinectes maculatus","","US","04","Va","PRESENT",1,"c3ad790a-d426-4ac1-8e32-da61f81f0117",37.484,-76.216833,NA,NA,NA,NA,29,0,"2009-07-16T15:37",16,7,2009,2408252,2408252,"HUMAN_OBSERVATION","VIMS","ChesMMAP","",NA,"",2009-07-16,"CC0_1_0","","JOHNSON",NA,NA,2025-02-01 00:08:25.08,"","COORDINATE_ROUNDED;GEODETIC_DATUM_INVALID;GEODETIC_DATUM_ASSUMED_WGS84;CONTINENT_DERIVED_FROM_COORDINATES;OCCURRENCE_STATUS_UNPARSABLE;OCCURRENCE_STATUS_INFERRED_FROM_INDIVIDUAL_COUNT"
1316068715,"aa1d8785-b68f-4000-8b5c-f3545b3132bc","1100014828","Animalia","Chordata",NA,"Pleuronectiformes","Achiridae","Trinectes","Trinectes maculatus",NA,"SPECIES","Trinectes maculatus (Bloch & Schneider, 1801)","Trinectes maculatus","","US","04","Va","PRESENT",1,"c3ad790a-d426-4ac1-8e32-da61f81f0117",37.5905,-76.188333,NA,NA,NA,NA,41,0,"2009-03-26T15:11",26,3,2009,2408252,2408252,"HUMAN_OBSERVATION","VIMS","ChesMMAP","",NA,"",2009-03-26,"CC0_1_0","","JOHNSON",NA,NA,2025-02-01 00:08:30.233,"","COORDINATE_ROUNDED;GEODETIC_DATUM_INVALID;GEODETIC_DATUM_ASSUMED_WGS84;OCCURRENCE_STATUS_UNPARSABLE;OCCURRENCE_STATUS_INFERRED_FROM_INDIVIDUAL_COUNT"
1316068701,"aa1d8785-b68f-4000-8b5c-f3545b3132bc","1100014841","Animalia","Chordata",NA,"Pleuronectiformes","Achiridae","Trinectes","Trinectes maculatus",NA,"SPECIES","Trinectes maculatus (Bloch & Schneider, 1801)","Trinectes maculatus","","US","04","Va","PRESENT",2,"c3ad790a-d426-4ac1-8e32-da61f81f0117",37.690667,-75.987333,NA,NA,NA,NA,64,0,"2009-03-22T13:15",22,3,2009,2408252,2408252,"HUMAN_OBSERVATION","VIMS","ChesMMAP","",NA,"",2009-03-22,"CC0_1_0","","JOHNSON",NA,NA,2025-02-01 00:08:30.276,"","COORDINATE_ROUNDED;GEODETIC_DATUM_INVALID;GEODETIC_DATUM_ASSUMED_WGS84;OCCURRENCE_STATUS_UNPARSABLE;OCCURRENCE_STATUS_INFERRED_FROM_INDIVIDUAL_COUNT"
1316068583,"aa1d8785-b68f-4000-8b5c-f3545b3132bc","1100014717","Animalia","Chordata",NA,"Pleuronectiformes","Achiridae","Trinectes","Trinectes maculatus",NA,"SPECIES","Trinectes maculatus (Bloch & Schneider, 1801)","Trinectes maculatus","","US","05","Va","PRESENT",1,"c3ad790a-d426-4ac1-8e32-da61f81f0117",37.308167,-76.095333,NA,NA,NA,NA,68,0,"2008-11-11T13:21",11,11,2008,2408252,2408252,"HUMAN_OBSERVATION","VIMS","ChesMMAP","",NA,"",2008-11-11,"CC0_1_0","","JOHNSON",NA,NA,2025-02-01 00:08:30.486,"","COORDINATE_ROUNDED;GEODETIC_DATUM_INVALID;GEODETIC_DATUM_ASSUMED_WGS84;OCCURRENCE_STATUS_UNPARSABLE;OCCURRENCE_STATUS_INFERRED_FROM_INDIVIDUAL_COUNT"
1316068561,"aa1d8785-b68f-4000-8b5c-f3545b3132bc","1100014697","Animalia","Chordata",NA,"Pleuronectiformes","Achiridae","Trinectes","Trinectes maculatus",NA,"SPECIES","Trinectes maculatus (Bloch & Schneider, 1801)","Trinectes maculatus","","US","05","Va","PRESENT",1,"c3ad790a-d426-4ac1-8e32-da61f81f0117",36.943167,-76.022667,NA,NA,NA,NA,57,0,"2008-11-10T12:46",10,11,2008,2408252,2408252,"HUMAN_OBSERVATION","VIMS","ChesMMAP","",NA,"",2008-11-10,"CC0_1_0","","JOHNSON",NA,NA,2025-02-01 00:08:27.587,"","COORDINATE_ROUNDED;GEODETIC_DATUM_INVALID;GEODETIC_DATUM_ASSUMED_WGS84;CONTINENT_DERIVED_FROM_COORDINATES;OCCURRENCE_STATUS_UNPARSABLE;OCCURRENCE_STATUS_INFERRED_FROM_INDIVIDUAL_COUNT"
1316068489,"aa1d8785-b68f-4000-8b5c-f3545b3132bc","1100014596","Animalia","Chordata",NA,"Pleuronectiformes","Achiridae","Trinectes","Trinectes maculatus",NA,"SPECIES","Trinectes maculatus (Bloch & Schneider, 1801)","Trinectes maculatus","","US","05","Va","PRESENT",1,"c3ad790a-d426-4ac1-8e32-da61f81f0117",37.392333,-76.1735,NA,NA,NA,NA,29,0,"2008-11-04T13:45",4,11,2008,2408252,2408252,"HUMAN_OBSERVATION","VIMS","ChesMMAP","",NA,"",2008-11-04,"CC0_1_0","","JOHNSON",NA,NA,2025-02-01 00:08:27.745,"","COORDINATE_ROUNDED;GEODETIC_DATUM_INVALID;GEODETIC_DATUM_ASSUMED_WGS84;OCCURRENCE_STATUS_UNPARSABLE;OCCURRENCE_STATUS_INFERRED_FROM_INDIVIDUAL_COUNT"
1316068399,"aa1d8785-b68f-4000-8b5c-f3545b3132bc","1100014539","Animalia","Chordata",NA,"Pleuronectiformes","Achiridae","Trinectes","Trinectes maculatus",NA,"SPECIES","Trinectes maculatus (Bloch & Schneider, 1801)","Trinectes maculatus","","US","04","Va","PRESENT",3,"c3ad790a-d426-4ac1-8e32-da61f81f0117",37.7745,-76.176,NA,NA,NA,NA,110,0,"2008-11-02T14:06",2,11,2008,2408252,2408252,"HUMAN_OBSERVATION","VIMS","ChesMMAP","",NA,"",2008-11-02,"CC0_1_0","","JOHNSON",NA,NA,2025-02-01 00:08:27.702,"","GEODETIC_DATUM_INVALID;GEODETIC_DATUM_ASSUMED_WGS84;OCCURRENCE_STATUS_UNPARSABLE;OCCURRENCE_STATUS_INFERRED_FROM_INDIVIDUAL_COUNT"
1316068376,"aa1d8785-b68f-4000-8b5c-f3545b3132bc","1100014516","Animalia","Chordata",NA,"Pleuronectiformes","Achiridae","Trinectes","Trinectes maculatus",NA,"SPECIES","Trinectes maculatus (Bloch & Schneider, 1801)","Trinectes maculatus","","US","04","Va","PRESENT",2,"c3ad790a-d426-4ac1-8e32-da61f81f0117",37.6905,-76.201667,NA,NA,NA,NA,44,0,"2008-11-02T16:48",2,11,2008,2408252,2408252,"HUMAN_OBSERVATION","VIMS","ChesMMAP","",NA,"",2008-11-02,"CC0_1_0","","JOHNSON",NA,NA,2025-02-01 00:08:27.674,"","COORDINATE_ROUNDED;GEODETIC_DATUM_INVALID;GEODETIC_DATUM_ASSUMED_WGS84;OCCURRENCE_STATUS_UNPARSABLE;OCCURRENCE_STATUS_INFERRED_FROM_INDIVIDUAL_COUNT"
1316068369,"aa1d8785-b68f-4000-8b5c-f3545b3132bc","1100014526","Animalia","Chordata",NA,"Pleuronectiformes","Achiridae","Trinectes","Trinectes maculatus",NA,"SPECIES","Trinectes maculatus (Bloch & Schneider, 1801)","Trinectes maculatus","","US","04","Va","PRESENT",9,"c3ad790a-d426-4ac1-8e32-da61f81f0117",37.638667,-76.043,NA,NA,NA,NA,80,0,"2008-11-03T12:56",3,11,2008,2408252,2408252,"HUMAN_OBSERVATION","VIMS","ChesMMAP","",NA,"",2008-11-03,"CC0_1_0","","JOHNSON",NA,NA,2025-02-01 00:08:27.667,"","COORDINATE_ROUNDED;GEODETIC_DATUM_INVALID;GEODETIC_DATUM_ASSUMED_WGS84;OCCURRENCE_STATUS_UNPARSABLE;OCCURRENCE_STATUS_INFERRED_FROM_INDIVIDUAL_COUNT"
1316068319,"aa1d8785-b68f-4000-8b5c-f3545b3132bc","1100014462","Animalia","Chordata",NA,"Pleuronectiformes","Achiridae","Trinectes","Trinectes maculatus",NA,"SPECIES","Trinectes maculatus (Bloch & Schneider, 1801)","Trinectes maculatus","","US","04","Va","PRESENT",1,"c3ad790a-d426-4ac1-8e32-da61f81f0117",37.471667,-76.186667,NA,NA,NA,NA,34,0,"2008-11-04T08:02",4,11,2008,2408252,2408252,"HUMAN_OBSERVATION","VIMS","ChesMMAP","",NA,"",2008-11-04,"CC0_1_0","","JOHNSON",NA,NA,2025-02-01 00:08:27.923,"","COORDINATE_ROUNDED;GEODETIC_DATUM_INVALID;GEODETIC_DATUM_ASSUMED_WGS84;OCCURRENCE_STATUS_UNPARSABLE;OCCURRENCE_STATUS_INFERRED_FROM_INDIVIDUAL_COUNT"
1316068162,"aa1d8785-b68f-4000-8b5c-f3545b3132bc","1100014265","Animalia","Chordata",NA,"Pleuronectiformes","Achiridae","Trinectes","Trinectes maculatus",NA,"SPECIES","Trinectes maculatus (Bloch & Schneider, 1801)","Trinectes maculatus","","US","02","Md","PRESENT",1,"c3ad790a-d426-4ac1-8e32-da61f81f0117",38.460833,-76.379833,NA,NA,NA,NA,91,0,"2008-10-30T08:30",30,10,2008,2408252,2408252,"HUMAN_OBSERVATION","VIMS","ChesMMAP","",NA,"",2008-10-30,"CC0_1_0","","JOHNSON",NA,NA,2025-02-01 00:08:28.183,"","COORDINATE_ROUNDED;GEODETIC_DATUM_INVALID;GEODETIC_DATUM_ASSUMED_WGS84;CONTINENT_DERIVED_FROM_COORDINATES;OCCURRENCE_STATUS_UNPARSABLE;OCCURRENCE_STATUS_INFERRED_FROM_INDIVIDUAL_COUNT"
1316068139,"aa1d8785-b68f-4000-8b5c-f3545b3132bc","1100014239","Animalia","Chordata",NA,"Pleuronectiformes","Achiridae","Trinectes","Trinectes maculatus",NA,"SPECIES","Trinectes maculatus (Bloch & Schneider, 1801)","Trinectes maculatus","","US","02","Md","PRESENT",1,"c3ad790a-d426-4ac1-8e32-da61f81f0117",38.591667,-76.452833,NA,NA,NA,NA,35,0,"2008-10-30T11:15",30,10,2008,2408252,2408252,"HUMAN_OBSERVATION","VIMS","ChesMMAP","",NA,"",2008-10-30,"CC0_1_0","","JOHNSON",NA,NA,2025-02-01 00:08:28.171,"","COORDINATE_ROUNDED;GEODETIC_DATUM_INVALID;GEODETIC_DATUM_ASSUMED_WGS84;OCCURRENCE_STATUS_UNPARSABLE;OCCURRENCE_STATUS_INFERRED_FROM_INDIVIDUAL_COUNT"
1316067978,"aa1d8785-b68f-4000-8b5c-f3545b3132bc","1100014131","Animalia","Chordata",NA,"Pleuronectiformes","Achiridae","Trinectes","Trinectes maculatus",NA,"SPECIES","Trinectes maculatus (Bloch & Schneider, 1801)","Trinectes maculatus","","US","05","Va","PRESENT",1,"c3ad790a-d426-4ac1-8e32-da61f81f0117",36.947333,-75.998833,NA,NA,NA,NA,73,0,"2008-09-03T09:08",3,9,2008,2408252,2408252,"HUMAN_OBSERVATION","VIMS","ChesMMAP","",NA,"",2008-09-03,"CC0_1_0","","JOHNSON",NA,NA,2025-02-01 00:08:28.331,"","COORDINATE_ROUNDED;GEODETIC_DATUM_INVALID;GEODETIC_DATUM_ASSUMED_WGS84;CONTINENT_DERIVED_FROM_COORDINATES;OCCURRENCE_STATUS_UNPARSABLE;OCCURRENCE_STATUS_INFERRED_FROM_INDIVIDUAL_COUNT"
1316067947,"aa1d8785-b68f-4000-8b5c-f3545b3132bc","1100014077","Animalia","Chordata",NA,"Pleuronectiformes","Achiridae","Trinectes","Trinectes maculatus",NA,"SPECIES","Trinectes maculatus (Bloch & Schneider, 1801)","Trinectes maculatus","","US","05","Va","PRESENT",1,"c3ad790a-d426-4ac1-8e32-da61f81f0117",37.3745,-76.1705,NA,NA,NA,NA,35,0,"2008-09-02T11:06",2,9,2008,2408252,2408252,"HUMAN_OBSERVATION","VIMS","ChesMMAP","",NA,"",2008-09-02,"CC0_1_0","","JOHNSON",NA,NA,2025-02-01 00:08:28.631,"","GEODETIC_DATUM_INVALID;GEODETIC_DATUM_ASSUMED_WGS84;OCCURRENCE_STATUS_UNPARSABLE;OCCURRENCE_STATUS_INFERRED_FROM_INDIVIDUAL_COUNT"
1316067791,"aa1d8785-b68f-4000-8b5c-f3545b3132bc","1100013881","Animalia","Chordata",NA,"Pleuronectiformes","Achiridae","Trinectes","Trinectes maculatus",NA,"SPECIES","Trinectes maculatus (Bloch & Schneider, 1801)","Trinectes maculatus","","US","04","Va","PRESENT",2,"c3ad790a-d426-4ac1-8e32-da61f81f0117",37.925167,-76.125667,NA,NA,NA,NA,41,0,"2008-09-08T15:45",8,9,2008,2408252,2408252,"HUMAN_OBSERVATION","VIMS","ChesMMAP","",NA,"",2008-09-08,"CC0_1_0","","JOHNSON",NA,NA,2025-02-01 00:08:29.558,"","COORDINATE_ROUNDED;GEODETIC_DATUM_INVALID;GEODETIC_DATUM_ASSUMED_WGS84;OCCURRENCE_STATUS_UNPARSABLE;OCCURRENCE_STATUS_INFERRED_FROM_INDIVIDUAL_COUNT"
1316067719,"aa1d8785-b68f-4000-8b5c-f3545b3132bc","1100013890","Animalia","Chordata",NA,"Pleuronectiformes","Achiridae","Trinectes","Trinectes maculatus",NA,"SPECIES","Trinectes maculatus (Bloch & Schneider, 1801)","Trinectes maculatus","","US","04","Va","PRESENT",2,"c3ad790a-d426-4ac1-8e32-da61f81f0117",37.598,-76.169333,NA,NA,NA,NA,41,0,"2008-09-08T11:14",8,9,2008,2408252,2408252,"HUMAN_OBSERVATION","VIMS","ChesMMAP","",NA,"",2008-09-08,"CC0_1_0","","JOHNSON",NA,NA,2025-02-01 00:08:29.611,"","COORDINATE_ROUNDED;GEODETIC_DATUM_INVALID;GEODETIC_DATUM_ASSUMED_WGS84;OCCURRENCE_STATUS_UNPARSABLE;OCCURRENCE_STATUS_INFERRED_FROM_INDIVIDUAL_COUNT"
1316067718,"aa1d8785-b68f-4000-8b5c-f3545b3132bc","1100013848","Animalia","Chordata",NA,"Pleuronectiformes","Achiridae","Trinectes","Trinectes maculatus",NA,"SPECIES","Trinectes maculatus (Bloch & Schneider, 1801)","Trinectes maculatus","","US","04","Va","PRESENT",2,"c3ad790a-d426-4ac1-8e32-da61f81f0117",37.539333,-76.178333,NA,NA,NA,NA,35,0,"2008-09-08T09:30",8,9,2008,2408252,2408252,"HUMAN_OBSERVATION","VIMS","ChesMMAP","",NA,"",2008-09-08,"CC0_1_0","","JOHNSON",NA,NA,2025-02-01 00:08:29.554,"","COORDINATE_ROUNDED;GEODETIC_DATUM_INVALID;GEODETIC_DATUM_ASSUMED_WGS84;OCCURRENCE_STATUS_UNPARSABLE;OCCURRENCE_STATUS_INFERRED_FROM_INDIVIDUAL_COUNT"
1316067708,"aa1d8785-b68f-4000-8b5c-f3545b3132bc","1100013841","Animalia","Chordata",NA,"Pleuronectiformes","Achiridae","Trinectes","Trinectes maculatus",NA,"SPECIES","Trinectes maculatus (Bloch & Schneider, 1801)","Trinectes maculatus","","US","04","Va","PRESENT",6,"c3ad790a-d426-4ac1-8e32-da61f81f0117",37.489833,-76.1795,NA,NA,NA,NA,34,0,"2008-09-08T08:26",8,9,2008,2408252,2408252,"HUMAN_OBSERVATION","VIMS","ChesMMAP","",NA,"",2008-09-08,"CC0_1_0","","JOHNSON",NA,NA,2025-02-01 00:08:29.558,"","COORDINATE_ROUNDED;GEODETIC_DATUM_INVALID;GEODETIC_DATUM_ASSUMED_WGS84;OCCURRENCE_STATUS_UNPARSABLE;OCCURRENCE_STATUS_INFERRED_FROM_INDIVIDUAL_COUNT"
1316067655,"aa1d8785-b68f-4000-8b5c-f3545b3132bc","1100013790","Animalia","Chordata",NA,"Pleuronectiformes","Achiridae","Trinectes","Trinectes maculatus",NA,"SPECIES","Trinectes maculatus (Bloch & Schneider, 1801)","Trinectes maculatus","","US","04","Va","PRESENT",1,"c3ad790a-d426-4ac1-8e32-da61f81f0117",37.475333,-76.082833,NA,NA,NA,NA,46,0,"2008-09-02T13:51",2,9,2008,2408252,2408252,"HUMAN_OBSERVATION","VIMS","ChesMMAP","",NA,"",2008-09-02,"CC0_1_0","","JOHNSON",NA,NA,2025-02-01 00:08:29.851,"","COORDINATE_ROUNDED;GEODETIC_DATUM_INVALID;GEODETIC_DATUM_ASSUMED_WGS84;OCCURRENCE_STATUS_UNPARSABLE;OCCURRENCE_STATUS_INFERRED_FROM_INDIVIDUAL_COUNT"
1316067461,"aa1d8785-b68f-4000-8b5c-f3545b3132bc","1100013604","Animalia","Chordata",NA,"Pleuronectiformes","Achiridae","Trinectes","Trinectes maculatus",NA,"SPECIES","Trinectes maculatus (Bloch & Schneider, 1801)","Trinectes maculatus","","US","05","Va","PRESENT",1,"c3ad790a-d426-4ac1-8e32-da61f81f0117",37.1925,-76.032,NA,NA,NA,NA,73,0,"2008-07-07T15:55",7,7,2008,2408252,2408252,"HUMAN_OBSERVATION","VIMS","ChesMMAP","",NA,"",2008-07-07,"CC0_1_0","","JOHNSON",NA,NA,2025-02-01 00:08:29.931,"","GEODETIC_DATUM_INVALID;GEODETIC_DATUM_ASSUMED_WGS84;CONTINENT_DERIVED_FROM_COORDINATES;OCCURRENCE_STATUS_UNPARSABLE;OCCURRENCE_STATUS_INFERRED_FROM_INDIVIDUAL_COUNT"
1316067442,"aa1d8785-b68f-4000-8b5c-f3545b3132bc","1100013617","Animalia","Chordata",NA,"Pleuronectiformes","Achiridae","Trinectes","Trinectes maculatus",NA,"SPECIES","Trinectes maculatus (Bloch & Schneider, 1801)","Trinectes maculatus","","US","05","Va","PRESENT",4,"c3ad790a-d426-4ac1-8e32-da61f81f0117",37.374833,-76.077,NA,NA,NA,NA,66,0,"2008-07-03T09:01",3,7,2008,2408252,2408252,"HUMAN_OBSERVATION","VIMS","ChesMMAP","",NA,"",2008-07-03,"CC0_1_0","","JOHNSON",NA,NA,2025-02-01 00:08:29.91,"","COORDINATE_ROUNDED;GEODETIC_DATUM_INVALID;GEODETIC_DATUM_ASSUMED_WGS84;OCCURRENCE_STATUS_UNPARSABLE;OCCURRENCE_STATUS_INFERRED_FROM_INDIVIDUAL_COUNT"
1316067378,"aa1d8785-b68f-4000-8b5c-f3545b3132bc","1100013528","Animalia","Chordata",NA,"Pleuronectiformes","Achiridae","Trinectes","Trinectes maculatus",NA,"SPECIES","Trinectes maculatus (Bloch & Schneider, 1801)","Trinectes maculatus","","US","05","Va","PRESENT",1,"c3ad790a-d426-4ac1-8e32-da61f81f0117",37.406,-76.094667,NA,NA,NA,NA,42,0,"2008-07-03T07:44",3,7,2008,2408252,2408252,"HUMAN_OBSERVATION","VIMS","ChesMMAP","",NA,"",2008-07-03,"CC0_1_0","","JOHNSON",NA,NA,2025-02-01 00:08:30.307,"","COORDINATE_ROUNDED;GEODETIC_DATUM_INVALID;GEODETIC_DATUM_ASSUMED_WGS84;OCCURRENCE_STATUS_UNPARSABLE;OCCURRENCE_STATUS_INFERRED_FROM_INDIVIDUAL_COUNT"
1316067267,"aa1d8785-b68f-4000-8b5c-f3545b3132bc","1100013430","Animalia","Chordata",NA,"Pleuronectiformes","Achiridae","Trinectes","Trinectes maculatus",NA,"SPECIES","Trinectes maculatus (Bloch & Schneider, 1801)","Trinectes maculatus","","US","04","Va","PRESENT",4,"c3ad790a-d426-4ac1-8e32-da61f81f0117",37.6735,-76.260333,NA,NA,NA,NA,35,0,"2008-07-02T06:24",2,7,2008,2408252,2408252,"HUMAN_OBSERVATION","VIMS","ChesMMAP","",NA,"",2008-07-02,"CC0_1_0","","JOHNSON",NA,NA,2025-02-01 00:08:30.568,"","COORDINATE_ROUNDED;GEODETIC_DATUM_INVALID;GEODETIC_DATUM_ASSUMED_WGS84;CONTINENT_DERIVED_FROM_COORDINATES;OCCURRENCE_STATUS_UNPARSABLE;OCCURRENCE_STATUS_INFERRED_FROM_INDIVIDUAL_COUNT"
1316067253,"aa1d8785-b68f-4000-8b5c-f3545b3132bc","1100013399","Animalia","Chordata",NA,"Pleuronectiformes","Achiridae","Trinectes","Trinectes maculatus",NA,"SPECIES","Trinectes maculatus (Bloch & Schneider, 1801)","Trinectes maculatus","","US","04","Va","PRESENT",4,"c3ad790a-d426-4ac1-8e32-da61f81f0117",37.486833,-76.082,NA,NA,NA,NA,43,0,"2008-07-02T15:12",2,7,2008,2408252,2408252,"HUMAN_OBSERVATION","VIMS","ChesMMAP","",NA,"",2008-07-02,"CC0_1_0","","JOHNSON",NA,NA,2025-02-01 00:08:27.438,"","COORDINATE_ROUNDED;GEODETIC_DATUM_INVALID;GEODETIC_DATUM_ASSUMED_WGS84;OCCURRENCE_STATUS_UNPARSABLE;OCCURRENCE_STATUS_INFERRED_FROM_INDIVIDUAL_COUNT"
1316067242,"aa1d8785-b68f-4000-8b5c-f3545b3132bc","1100013377","Animalia","Chordata",NA,"Pleuronectiformes","Achiridae","Trinectes","Trinectes maculatus",NA,"SPECIES","Trinectes maculatus (Bloch & Schneider, 1801)","Trinectes maculatus","","US","04","Va","PRESENT",5,"c3ad790a-d426-4ac1-8e32-da61f81f0117",37.724667,-76.033167,NA,NA,NA,NA,42,0,"2008-07-01T17:18",1,7,2008,2408252,2408252,"HUMAN_OBSERVATION","VIMS","ChesMMAP","",NA,"",2008-07-01,"CC0_1_0","","JOHNSON",NA,NA,2025-02-01 00:08:27.571,"","COORDINATE_ROUNDED;GEODETIC_DATUM_INVALID;GEODETIC_DATUM_ASSUMED_WGS84;OCCURRENCE_STATUS_UNPARSABLE;OCCURRENCE_STATUS_INFERRED_FROM_INDIVIDUAL_COUNT"
1316067054,"aa1d8785-b68f-4000-8b5c-f3545b3132bc","1100013220","Animalia","Chordata",NA,"Pleuronectiformes","Achiridae","Trinectes","Trinectes maculatus",NA,"SPECIES","Trinectes maculatus (Bloch & Schneider, 1801)","Trinectes maculatus","","US","05","Va","PRESENT",1,"c3ad790a-d426-4ac1-8e32-da61f81f0117",37.175333,-76.0245,NA,NA,NA,NA,31,0,"2008-05-26T12:47",26,5,2008,2408252,2408252,"HUMAN_OBSERVATION","VIMS","ChesMMAP","",NA,"",2008-05-26,"CC0_1_0","","JOHNSON",NA,NA,2025-02-01 00:08:27.677,"","COORDINATE_ROUNDED;GEODETIC_DATUM_INVALID;GEODETIC_DATUM_ASSUMED_WGS84;CONTINENT_DERIVED_FROM_COORDINATES;OCCURRENCE_STATUS_UNPARSABLE;OCCURRENCE_STATUS_INFERRED_FROM_INDIVIDUAL_COUNT"
1316067015,"aa1d8785-b68f-4000-8b5c-f3545b3132bc","1100013106","Animalia","Chordata",NA,"Pleuronectiformes","Achiridae","Trinectes","Trinectes maculatus",NA,"SPECIES","Trinectes maculatus (Bloch & Schneider, 1801)","Trinectes maculatus","","US","04","Va","PRESENT",1,"c3ad790a-d426-4ac1-8e32-da61f81f0117",37.794667,-76.2375,NA,NA,NA,NA,35,0,"2008-05-20T15:57",20,5,2008,2408252,2408252,"HUMAN_OBSERVATION","VIMS","ChesMMAP","",NA,"",2008-05-20,"CC0_1_0","","JOHNSON",NA,NA,2025-02-01 00:08:27.905,"","COORDINATE_ROUNDED;GEODETIC_DATUM_INVALID;GEODETIC_DATUM_ASSUMED_WGS84;CONTINENT_DERIVED_FROM_COORDINATES;OCCURRENCE_STATUS_UNPARSABLE;OCCURRENCE_STATUS_INFERRED_FROM_INDIVIDUAL_COUNT"
1316066985,"aa1d8785-b68f-4000-8b5c-f3545b3132bc","1100013149","Animalia","Chordata",NA,"Pleuronectiformes","Achiridae","Trinectes","Trinectes maculatus",NA,"SPECIES","Trinectes maculatus (Bloch & Schneider, 1801)","Trinectes maculatus","","US","04","Va","PRESENT",1,"c3ad790a-d426-4ac1-8e32-da61f81f0117",37.445,-76.0805,NA,NA,NA,NA,59,0,"2008-05-25T12:40",25,5,2008,2408252,2408252,"HUMAN_OBSERVATION","VIMS","ChesMMAP","",NA,"",2008-05-25,"CC0_1_0","","JOHNSON",NA,NA,2025-02-01 00:08:27.801,"","GEODETIC_DATUM_INVALID;GEODETIC_DATUM_ASSUMED_WGS84;OCCURRENCE_STATUS_UNPARSABLE;OCCURRENCE_STATUS_INFERRED_FROM_INDIVIDUAL_COUNT"
1316066984,"aa1d8785-b68f-4000-8b5c-f3545b3132bc","1100013082","Animalia","Chordata",NA,"Pleuronectiformes","Achiridae","Trinectes","Trinectes maculatus",NA,"SPECIES","Trinectes maculatus (Bloch & Schneider, 1801)","Trinectes maculatus","","US","04","Va","PRESENT",1,"c3ad790a-d426-4ac1-8e32-da61f81f0117",37.525167,-76.162333,NA,NA,NA,NA,35,0,"2008-05-24T17:22",24,5,2008,2408252,2408252,"HUMAN_OBSERVATION","VIMS","ChesMMAP","",NA,"",2008-05-24,"CC0_1_0","","JOHNSON",NA,NA,2025-02-01 00:08:28,"","COORDINATE_ROUNDED;GEODETIC_DATUM_INVALID;GEODETIC_DATUM_ASSUMED_WGS84;OCCURRENCE_STATUS_UNPARSABLE;OCCURRENCE_STATUS_INFERRED_FROM_INDIVIDUAL_COUNT"
1316066950,"aa1d8785-b68f-4000-8b5c-f3545b3132bc","1100013114","Animalia","Chordata",NA,"Pleuronectiformes","Achiridae","Trinectes","Trinectes maculatus",NA,"SPECIES","Trinectes maculatus (Bloch & Schneider, 1801)","Trinectes maculatus","","US","04","Va","PRESENT",1,"c3ad790a-d426-4ac1-8e32-da61f81f0117",37.689167,-76.2365,NA,NA,NA,NA,40,0,"2008-05-25T09:14",25,5,2008,2408252,2408252,"HUMAN_OBSERVATION","VIMS","ChesMMAP","",NA,"",2008-05-25,"CC0_1_0","","JOHNSON",NA,NA,2025-02-01 00:08:27.886,"","COORDINATE_ROUNDED;GEODETIC_DATUM_INVALID;GEODETIC_DATUM_ASSUMED_WGS84;OCCURRENCE_STATUS_UNPARSABLE;OCCURRENCE_STATUS_INFERRED_FROM_INDIVIDUAL_COUNT"
1316066838,"aa1d8785-b68f-4000-8b5c-f3545b3132bc","1100013009","Animalia","Chordata",NA,"Pleuronectiformes","Achiridae","Trinectes","Trinectes maculatus",NA,"SPECIES","Trinectes maculatus (Bloch & Schneider, 1801)","Trinectes maculatus","","US","03","Md","PRESENT",7,"c3ad790a-d426-4ac1-8e32-da61f81f0117",37.9875,-76.199833,NA,NA,NA,NA,77,0,"2008-05-23T16:38",23,5,2008,2408252,2408252,"HUMAN_OBSERVATION","VIMS","ChesMMAP","",NA,"",2008-05-23,"CC0_1_0","","JOHNSON",NA,NA,2025-02-01 00:08:28.12,"","COORDINATE_ROUNDED;GEODETIC_DATUM_INVALID;GEODETIC_DATUM_ASSUMED_WGS84;OCCURRENCE_STATUS_UNPARSABLE;OCCURRENCE_STATUS_INFERRED_FROM_INDIVIDUAL_COUNT"
1316066791,"aa1d8785-b68f-4000-8b5c-f3545b3132bc","1100012919","Animalia","Chordata",NA,"Pleuronectiformes","Achiridae","Trinectes","Trinectes maculatus",NA,"SPECIES","Trinectes maculatus (Bloch & Schneider, 1801)","Trinectes maculatus","","US","05","Va","PRESENT",3,"c3ad790a-d426-4ac1-8e32-da61f81f0117",37.291333,-76.102833,NA,NA,NA,NA,76,0,"2008-03-25T12:15",25,3,2008,2408252,2408252,"HUMAN_OBSERVATION","VIMS","ChesMMAP","",NA,"",2008-03-25,"CC0_1_0","","JOHNSON",NA,NA,2025-02-01 00:08:32.718,"","COORDINATE_ROUNDED;GEODETIC_DATUM_INVALID;GEODETIC_DATUM_ASSUMED_WGS84;OCCURRENCE_STATUS_UNPARSABLE;OCCURRENCE_STATUS_INFERRED_FROM_INDIVIDUAL_COUNT"
1316066762,"aa1d8785-b68f-4000-8b5c-f3545b3132bc","1100012910","Animalia","Chordata",NA,"Pleuronectiformes","Achiridae","Trinectes","Trinectes maculatus",NA,"SPECIES","Trinectes maculatus (Bloch & Schneider, 1801)","Trinectes maculatus","","US","05","Va","PRESENT",21,"c3ad790a-d426-4ac1-8e32-da61f81f0117",37.259667,-76.093,NA,NA,NA,NA,60,0,"2008-03-25T11:28",25,3,2008,2408252,2408252,"HUMAN_OBSERVATION","VIMS","ChesMMAP","",NA,"",2008-03-25,"CC0_1_0","","JOHNSON",NA,NA,2025-02-01 00:08:32.72,"","COORDINATE_ROUNDED;GEODETIC_DATUM_INVALID;GEODETIC_DATUM_ASSUMED_WGS84;OCCURRENCE_STATUS_UNPARSABLE;OCCURRENCE_STATUS_INFERRED_FROM_INDIVIDUAL_COUNT"
1316066730,"aa1d8785-b68f-4000-8b5c-f3545b3132bc","1100012898","Animalia","Chordata",NA,"Pleuronectiformes","Achiridae","Trinectes","Trinectes maculatus",NA,"SPECIES","Trinectes maculatus (Bloch & Schneider, 1801)","Trinectes maculatus","","US","05","Va","PRESENT",1,"c3ad790a-d426-4ac1-8e32-da61f81f0117",37.372667,-76.078,NA,NA,NA,NA,65,0,"2008-03-25T08:40",25,3,2008,2408252,2408252,"HUMAN_OBSERVATION","VIMS","ChesMMAP","",NA,"",2008-03-25,"CC0_1_0","","JOHNSON",NA,NA,2025-02-01 00:08:28.965,"","COORDINATE_ROUNDED;GEODETIC_DATUM_INVALID;GEODETIC_DATUM_ASSUMED_WGS84;OCCURRENCE_STATUS_UNPARSABLE;OCCURRENCE_STATUS_INFERRED_FROM_INDIVIDUAL_COUNT"
1316066639,"aa1d8785-b68f-4000-8b5c-f3545b3132bc","1100012778","Animalia","Chordata",NA,"Pleuronectiformes","Achiridae","Trinectes","Trinectes maculatus",NA,"SPECIES","Trinectes maculatus (Bloch & Schneider, 1801)","Trinectes maculatus","","US","04","Va","PRESENT",1,"c3ad790a-d426-4ac1-8e32-da61f81f0117",37.707,-76.220833,NA,NA,NA,NA,49,0,"2008-03-23T18:08",23,3,2008,2408252,2408252,"HUMAN_OBSERVATION","VIMS","ChesMMAP","",NA,"",2008-03-23,"CC0_1_0","","JOHNSON",NA,NA,2025-02-01 00:08:29.123,"","COORDINATE_ROUNDED;GEODETIC_DATUM_INVALID;GEODETIC_DATUM_ASSUMED_WGS84;OCCURRENCE_STATUS_UNPARSABLE;OCCURRENCE_STATUS_INFERRED_FROM_INDIVIDUAL_COUNT"
1316066624,"aa1d8785-b68f-4000-8b5c-f3545b3132bc","1100012768","Animalia","Chordata",NA,"Pleuronectiformes","Achiridae","Trinectes","Trinectes maculatus",NA,"SPECIES","Trinectes maculatus (Bloch & Schneider, 1801)","Trinectes maculatus","","US","04","Va","PRESENT",1,"c3ad790a-d426-4ac1-8e32-da61f81f0117",37.792833,-76.199333,NA,NA,NA,NA,54,0,"2008-03-18T08:12",18,3,2008,2408252,2408252,"HUMAN_OBSERVATION","VIMS","ChesMMAP","",NA,"",2008-03-18,"CC0_1_0","","JOHNSON",NA,NA,2025-02-01 00:08:29.084,"","COORDINATE_ROUNDED;GEODETIC_DATUM_INVALID;GEODETIC_DATUM_ASSUMED_WGS84;OCCURRENCE_STATUS_UNPARSABLE;OCCURRENCE_STATUS_INFERRED_FROM_INDIVIDUAL_COUNT"
1316066588,"aa1d8785-b68f-4000-8b5c-f3545b3132bc","1100012790","Animalia","Chordata",NA,"Pleuronectiformes","Achiridae","Trinectes","Trinectes maculatus",NA,"SPECIES","Trinectes maculatus (Bloch & Schneider, 1801)","Trinectes maculatus","","US","04","Va","PRESENT",1,"c3ad790a-d426-4ac1-8e32-da61f81f0117",37.673,-76.260167,NA,NA,NA,NA,35,0,"2008-03-23T18:48",23,3,2008,2408252,2408252,"HUMAN_OBSERVATION","VIMS","ChesMMAP","",NA,"",2008-03-23,"CC0_1_0","","JOHNSON",NA,NA,2025-02-01 00:08:29.103,"","COORDINATE_ROUNDED;GEODETIC_DATUM_INVALID;GEODETIC_DATUM_ASSUMED_WGS84;CONTINENT_DERIVED_FROM_COORDINATES;OCCURRENCE_STATUS_UNPARSABLE;OCCURRENCE_STATUS_INFERRED_FROM_INDIVIDUAL_COUNT"
1316066576,"aa1d8785-b68f-4000-8b5c-f3545b3132bc","1100012700","Animalia","Chordata",NA,"Pleuronectiformes","Achiridae","Trinectes","Trinectes maculatus",NA,"SPECIES","Trinectes maculatus (Bloch & Schneider, 1801)","Trinectes maculatus","","US","03","Md","PRESENT",1,"c3ad790a-d426-4ac1-8e32-da61f81f0117",37.994667,-76.203333,NA,NA,NA,NA,85,0,"2008-03-18T12:08",18,3,2008,2408252,2408252,"HUMAN_OBSERVATION","VIMS","ChesMMAP","",NA,"",2008-03-18,"CC0_1_0","","JOHNSON",NA,NA,2025-02-01 00:08:29.16,"","COORDINATE_ROUNDED;GEODETIC_DATUM_INVALID;GEODETIC_DATUM_ASSUMED_WGS84;OCCURRENCE_STATUS_UNPARSABLE;OCCURRENCE_STATUS_INFERRED_FROM_INDIVIDUAL_COUNT"
1316066492,"aa1d8785-b68f-4000-8b5c-f3545b3132bc","1100012595","Animalia","Chordata",NA,"Pleuronectiformes","Achiridae","Trinectes","Trinectes maculatus",NA,"SPECIES","Trinectes maculatus (Bloch & Schneider, 1801)","Trinectes maculatus","","US","05","Va","PRESENT",2,"c3ad790a-d426-4ac1-8e32-da61f81f0117",37.0355,-76.063333,NA,NA,NA,NA,60,0,"2007-11-12T14:31",12,11,2007,2408252,2408252,"HUMAN_OBSERVATION","VIMS","ChesMMAP","",NA,"",2007-11-12,"CC0_1_0","","GARTLAND",NA,NA,2025-02-01 00:08:29.681,"","COORDINATE_ROUNDED;GEODETIC_DATUM_INVALID;GEODETIC_DATUM_ASSUMED_WGS84;OCCURRENCE_STATUS_UNPARSABLE;OCCURRENCE_STATUS_INFERRED_FROM_INDIVIDUAL_COUNT"
1316066345,"aa1d8785-b68f-4000-8b5c-f3545b3132bc","1100012520","Animalia","Chordata",NA,"Pleuronectiformes","Achiridae","Trinectes","Trinectes maculatus",NA,"SPECIES","Trinectes maculatus (Bloch & Schneider, 1801)","Trinectes maculatus","","US","05","Va","PRESENT",1,"c3ad790a-d426-4ac1-8e32-da61f81f0117",37.143167,-76.1185,NA,NA,NA,NA,37,0,"2007-11-08T17:03",8,11,2007,2408252,2408252,"HUMAN_OBSERVATION","VIMS","ChesMMAP","",NA,"",2007-11-08,"CC0_1_0","","GARTLAND",NA,NA,2025-02-01 00:08:29.539,"","COORDINATE_ROUNDED;GEODETIC_DATUM_INVALID;GEODETIC_DATUM_ASSUMED_WGS84;OCCURRENCE_STATUS_UNPARSABLE;OCCURRENCE_STATUS_INFERRED_FROM_INDIVIDUAL_COUNT"
1316066283,"aa1d8785-b68f-4000-8b5c-f3545b3132bc","1100012425","Animalia","Chordata",NA,"Pleuronectiformes","Achiridae","Trinectes","Trinectes maculatus",NA,"SPECIES","Trinectes maculatus (Bloch & Schneider, 1801)","Trinectes maculatus","","US","05","Va","PRESENT",1,"c3ad790a-d426-4ac1-8e32-da61f81f0117",37.072833,-76.035,NA,NA,NA,NA,17,0,"2007-11-12T12:40",12,11,2007,2408252,2408252,"HUMAN_OBSERVATION","VIMS","ChesMMAP","",NA,"",2007-11-12,"CC0_1_0","","GARTLAND",NA,NA,2025-02-01 00:08:29.755,"","COORDINATE_ROUNDED;GEODETIC_DATUM_INVALID;GEODETIC_DATUM_ASSUMED_WGS84;OCCURRENCE_STATUS_UNPARSABLE;OCCURRENCE_STATUS_INFERRED_FROM_INDIVIDUAL_COUNT"
1316066224,"aa1d8785-b68f-4000-8b5c-f3545b3132bc","1100012401","Animalia","Chordata",NA,"Pleuronectiformes","Achiridae","Trinectes","Trinectes maculatus",NA,"SPECIES","Trinectes maculatus (Bloch & Schneider, 1801)","Trinectes maculatus","","US","05","Va","PRESENT",9,"c3ad790a-d426-4ac1-8e32-da61f81f0117",37.122333,-75.989833,NA,NA,NA,NA,23,0,"2007-11-09T06:25",9,11,2007,2408252,2408252,"HUMAN_OBSERVATION","VIMS","ChesMMAP","",NA,"",2007-11-09,"CC0_1_0","","GARTLAND",NA,NA,2025-02-01 00:08:29.74,"","COORDINATE_ROUNDED;GEODETIC_DATUM_INVALID;GEODETIC_DATUM_ASSUMED_WGS84;CONTINENT_DERIVED_FROM_COORDINATES;OCCURRENCE_STATUS_UNPARSABLE;OCCURRENCE_STATUS_INFERRED_FROM_INDIVIDUAL_COUNT"
1316066205,"aa1d8785-b68f-4000-8b5c-f3545b3132bc","1100012396","Animalia","Chordata",NA,"Pleuronectiformes","Achiridae","Trinectes","Trinectes maculatus",NA,"SPECIES","Trinectes maculatus (Bloch & Schneider, 1801)","Trinectes maculatus","","US","04","Va","PRESENT",4,"c3ad790a-d426-4ac1-8e32-da61f81f0117",37.727833,-76.201833,NA,NA,NA,NA,60,0,"2007-10-30T17:20",30,10,2007,2408252,2408252,"HUMAN_OBSERVATION","VIMS","ChesMMAP","",NA,"",2007-10-30,"CC0_1_0","","GARTLAND",NA,NA,2025-02-01 00:08:30.174,"","COORDINATE_ROUNDED;GEODETIC_DATUM_INVALID;GEODETIC_DATUM_ASSUMED_WGS84;OCCURRENCE_STATUS_UNPARSABLE;OCCURRENCE_STATUS_INFERRED_FROM_INDIVIDUAL_COUNT"
1316066100,"aa1d8785-b68f-4000-8b5c-f3545b3132bc","1100012238","Animalia","Chordata",NA,"Pleuronectiformes","Achiridae","Trinectes","Trinectes maculatus",NA,"SPECIES","Trinectes maculatus (Bloch & Schneider, 1801)","Trinectes maculatus","","US","04","Va","PRESENT",1,"c3ad790a-d426-4ac1-8e32-da61f81f0117",37.6755,-76.080833,NA,NA,NA,NA,39,0,"2007-11-05T11:56",5,11,2007,2408252,2408252,"HUMAN_OBSERVATION","VIMS","ChesMMAP","",NA,"",2007-11-05,"CC0_1_0","","GARTLAND",NA,NA,2025-02-01 00:08:30.379,"","COORDINATE_ROUNDED;GEODETIC_DATUM_INVALID;GEODETIC_DATUM_ASSUMED_WGS84;OCCURRENCE_STATUS_UNPARSABLE;OCCURRENCE_STATUS_INFERRED_FROM_INDIVIDUAL_COUNT"
1316065782,"aa1d8785-b68f-4000-8b5c-f3545b3132bc","1100011895","Animalia","Chordata",NA,"Pleuronectiformes","Achiridae","Trinectes","Trinectes maculatus",NA,"SPECIES","Trinectes maculatus (Bloch & Schneider, 1801)","Trinectes maculatus","","US","05","Va","PRESENT",39,"c3ad790a-d426-4ac1-8e32-da61f81f0117",37.28,-76.106833,NA,NA,NA,NA,68,0,"2007-07-09T16:12",9,7,2007,2408252,2408252,"HUMAN_OBSERVATION","VIMS","ChesMMAP","",NA,"",2007-07-09,"CC0_1_0","","GARTLAND",NA,NA,2025-02-01 00:08:32.177,"","COORDINATE_ROUNDED;GEODETIC_DATUM_INVALID;GEODETIC_DATUM_ASSUMED_WGS84;OCCURRENCE_STATUS_UNPARSABLE;OCCURRENCE_STATUS_INFERRED_FROM_INDIVIDUAL_COUNT"
1316065759,"aa1d8785-b68f-4000-8b5c-f3545b3132bc","1100011889","Animalia","Chordata",NA,"Pleuronectiformes","Achiridae","Trinectes","Trinectes maculatus",NA,"SPECIES","Trinectes maculatus (Bloch & Schneider, 1801)","Trinectes maculatus","","US","05","Va","PRESENT",1,"c3ad790a-d426-4ac1-8e32-da61f81f0117",37.261833,-76.0785,NA,NA,NA,NA,70,0,"2007-07-09T17:30",9,7,2007,2408252,2408252,"HUMAN_OBSERVATION","VIMS","ChesMMAP","",NA,"",2007-07-09,"CC0_1_0","","GARTLAND",NA,NA,2025-02-01 00:08:32.195,"","COORDINATE_ROUNDED;GEODETIC_DATUM_INVALID;GEODETIC_DATUM_ASSUMED_WGS84;OCCURRENCE_STATUS_UNPARSABLE;OCCURRENCE_STATUS_INFERRED_FROM_INDIVIDUAL_COUNT"
1316065746,"aa1d8785-b68f-4000-8b5c-f3545b3132bc","1100011917","Animalia","Chordata",NA,"Pleuronectiformes","Achiridae","Trinectes","Trinectes maculatus",NA,"SPECIES","Trinectes maculatus (Bloch & Schneider, 1801)","Trinectes maculatus","","US","05","Va","PRESENT",7,"c3ad790a-d426-4ac1-8e32-da61f81f0117",37.339833,-76.080667,NA,NA,NA,NA,59,0,"2007-07-09T13:02",9,7,2007,2408252,2408252,"HUMAN_OBSERVATION","VIMS","ChesMMAP","",NA,"",2007-07-09,"CC0_1_0","","GARTLAND",NA,NA,2025-02-01 00:08:32.308,"","COORDINATE_ROUNDED;GEODETIC_DATUM_INVALID;GEODETIC_DATUM_ASSUMED_WGS84;OCCURRENCE_STATUS_UNPARSABLE;OCCURRENCE_STATUS_INFERRED_FROM_INDIVIDUAL_COUNT"
1316065697,"aa1d8785-b68f-4000-8b5c-f3545b3132bc","1100011860","Animalia","Chordata",NA,"Pleuronectiformes","Achiridae","Trinectes","Trinectes maculatus",NA,"SPECIES","Trinectes maculatus (Bloch & Schneider, 1801)","Trinectes maculatus","","US","05","Va","PRESENT",14,"c3ad790a-d426-4ac1-8e32-da61f81f0117",37.354667,-76.054667,NA,NA,NA,NA,44,0,"2007-07-09T11:55",9,7,2007,2408252,2408252,"HUMAN_OBSERVATION","VIMS","ChesMMAP","",NA,"",2007-07-09,"CC0_1_0","","GARTLAND",NA,NA,2025-02-01 00:08:32.307,"","COORDINATE_ROUNDED;GEODETIC_DATUM_INVALID;GEODETIC_DATUM_ASSUMED_WGS84;CONTINENT_DERIVED_FROM_COORDINATES;OCCURRENCE_STATUS_UNPARSABLE;OCCURRENCE_STATUS_INFERRED_FROM_INDIVIDUAL_COUNT"
1316065683,"aa1d8785-b68f-4000-8b5c-f3545b3132bc","1100011804","Animalia","Chordata",NA,"Pleuronectiformes","Achiridae","Trinectes","Trinectes maculatus",NA,"SPECIES","Trinectes maculatus (Bloch & Schneider, 1801)","Trinectes maculatus","","US","05","Va","PRESENT",6,"c3ad790a-d426-4ac1-8e32-da61f81f0117",37.405333,-76.030833,NA,NA,NA,NA,40,0,"2007-07-09T09:55",9,7,2007,2408252,2408252,"HUMAN_OBSERVATION","VIMS","ChesMMAP","",NA,"",2007-07-09,"CC0_1_0","","GARTLAND",NA,NA,2025-02-01 00:08:32.257,"","COORDINATE_ROUNDED;GEODETIC_DATUM_INVALID;GEODETIC_DATUM_ASSUMED_WGS84;CONTINENT_DERIVED_FROM_COORDINATES;OCCURRENCE_STATUS_UNPARSABLE;OCCURRENCE_STATUS_INFERRED_FROM_INDIVIDUAL_COUNT"
1316065644,"aa1d8785-b68f-4000-8b5c-f3545b3132bc","1100011785","Animalia","Chordata",NA,"Pleuronectiformes","Achiridae","Trinectes","Trinectes maculatus",NA,"SPECIES","Trinectes maculatus (Bloch & Schneider, 1801)","Trinectes maculatus","","US","05","Va","PRESENT",1,"c3ad790a-d426-4ac1-8e32-da61f81f0117",37.2405,-76.220667,NA,NA,NA,NA,29,0,"2007-07-02T14:58",2,7,2007,2408252,2408252,"HUMAN_OBSERVATION","VIMS","ChesMMAP","",NA,"",2007-07-02,"CC0_1_0","","GARTLAND",NA,NA,2025-02-01 00:08:32.374,"","COORDINATE_ROUNDED;GEODETIC_DATUM_INVALID;GEODETIC_DATUM_ASSUMED_WGS84;OCCURRENCE_STATUS_UNPARSABLE;OCCURRENCE_STATUS_INFERRED_FROM_INDIVIDUAL_COUNT"
1316065597,"aa1d8785-b68f-4000-8b5c-f3545b3132bc","1100011745","Animalia","Chordata",NA,"Pleuronectiformes","Achiridae","Trinectes","Trinectes maculatus",NA,"SPECIES","Trinectes maculatus (Bloch & Schneider, 1801)","Trinectes maculatus","","US","05","Va","PRESENT",1,"c3ad790a-d426-4ac1-8e32-da61f81f0117",37.4055,-76.015167,NA,NA,NA,NA,20,0,"2007-07-09T11:02",9,7,2007,2408252,2408252,"HUMAN_OBSERVATION","VIMS","ChesMMAP","",NA,"",2007-07-09,"CC0_1_0","","GARTLAND",NA,NA,2025-02-01 00:08:32.5,"","COORDINATE_ROUNDED;GEODETIC_DATUM_INVALID;GEODETIC_DATUM_ASSUMED_WGS84;CONTINENT_DERIVED_FROM_COORDINATES;OCCURRENCE_STATUS_UNPARSABLE;OCCURRENCE_STATUS_INFERRED_FROM_INDIVIDUAL_COUNT"
1316065562,"aa1d8785-b68f-4000-8b5c-f3545b3132bc","1100011692","Animalia","Chordata",NA,"Pleuronectiformes","Achiridae","Trinectes","Trinectes maculatus",NA,"SPECIES","Trinectes maculatus (Bloch & Schneider, 1801)","Trinectes maculatus","","US","04","Va","PRESENT",23,"c3ad790a-d426-4ac1-8e32-da61f81f0117",37.4895,-76.038333,NA,NA,NA,NA,55,0,"2007-07-03T11:38",3,7,2007,2408252,2408252,"HUMAN_OBSERVATION","VIMS","ChesMMAP","",NA,"",2007-07-03,"CC0_1_0","","GARTLAND",NA,NA,2025-02-01 00:08:32.621,"","COORDINATE_ROUNDED;GEODETIC_DATUM_INVALID;GEODETIC_DATUM_ASSUMED_WGS84;OCCURRENCE_STATUS_UNPARSABLE;OCCURRENCE_STATUS_INFERRED_FROM_INDIVIDUAL_COUNT"
1316065524,"aa1d8785-b68f-4000-8b5c-f3545b3132bc","1100011703","Animalia","Chordata",NA,"Pleuronectiformes","Achiridae","Trinectes","Trinectes maculatus",NA,"SPECIES","Trinectes maculatus (Bloch & Schneider, 1801)","Trinectes maculatus","","US","04","Va","PRESENT",3,"c3ad790a-d426-4ac1-8e32-da61f81f0117",37.508667,-76.0555,NA,NA,NA,NA,55,0,"2007-07-03T10:43",3,7,2007,2408252,2408252,"HUMAN_OBSERVATION","VIMS","ChesMMAP","",NA,"",2007-07-03,"CC0_1_0","","GARTLAND",NA,NA,2025-02-01 00:08:32.454,"","COORDINATE_ROUNDED;GEODETIC_DATUM_INVALID;GEODETIC_DATUM_ASSUMED_WGS84;OCCURRENCE_STATUS_UNPARSABLE;OCCURRENCE_STATUS_INFERRED_FROM_INDIVIDUAL_COUNT"
1316065429,"aa1d8785-b68f-4000-8b5c-f3545b3132bc","1100011593","Animalia","Chordata",NA,"Pleuronectiformes","Achiridae","Trinectes","Trinectes maculatus",NA,"SPECIES","Trinectes maculatus (Bloch & Schneider, 1801)","Trinectes maculatus","","US","04","Va","PRESENT",1,"c3ad790a-d426-4ac1-8e32-da61f81f0117",37.540833,-76.059167,NA,NA,NA,NA,42,0,"2007-07-09T08:35",9,7,2007,2408252,2408252,"HUMAN_OBSERVATION","VIMS","ChesMMAP","",NA,"",2007-07-09,"CC0_1_0","","GARTLAND",NA,NA,2025-02-01 00:08:28.979,"","COORDINATE_ROUNDED;GEODETIC_DATUM_INVALID;GEODETIC_DATUM_ASSUMED_WGS84;OCCURRENCE_STATUS_UNPARSABLE;OCCURRENCE_STATUS_INFERRED_FROM_INDIVIDUAL_COUNT"
1316065400,"aa1d8785-b68f-4000-8b5c-f3545b3132bc","1100011525","Animalia","Chordata",NA,"Pleuronectiformes","Achiridae","Trinectes","Trinectes maculatus",NA,"SPECIES","Trinectes maculatus (Bloch & Schneider, 1801)","Trinectes maculatus","","US","04","Va","PRESENT",1,"c3ad790a-d426-4ac1-8e32-da61f81f0117",37.561333,-75.965667,NA,NA,NA,NA,14,0,"2007-07-03T12:44",3,7,2007,2408252,2408252,"HUMAN_OBSERVATION","VIMS","ChesMMAP","",NA,"",2007-07-03,"CC0_1_0","","GARTLAND",NA,NA,2025-02-01 00:08:28.916,"","COORDINATE_ROUNDED;GEODETIC_DATUM_INVALID;GEODETIC_DATUM_ASSUMED_WGS84;CONTINENT_DERIVED_FROM_COORDINATES;OCCURRENCE_STATUS_UNPARSABLE;OCCURRENCE_STATUS_INFERRED_FROM_INDIVIDUAL_COUNT"
1316065382,"aa1d8785-b68f-4000-8b5c-f3545b3132bc","1100011544","Animalia","Chordata",NA,"Pleuronectiformes","Achiridae","Trinectes","Trinectes maculatus",NA,"SPECIES","Trinectes maculatus (Bloch & Schneider, 1801)","Trinectes maculatus","","US","04","Va","PRESENT",1,"c3ad790a-d426-4ac1-8e32-da61f81f0117",37.611333,-75.9585,NA,NA,NA,NA,27,0,"2007-07-03T14:11",3,7,2007,2408252,2408252,"HUMAN_OBSERVATION","VIMS","ChesMMAP","",NA,"",2007-07-03,"CC0_1_0","","GARTLAND",NA,NA,2025-02-01 00:08:28.943,"","COORDINATE_ROUNDED;GEODETIC_DATUM_INVALID;GEODETIC_DATUM_ASSUMED_WGS84;CONTINENT_DERIVED_FROM_COORDINATES;OCCURRENCE_STATUS_UNPARSABLE;OCCURRENCE_STATUS_INFERRED_FROM_INDIVIDUAL_COUNT"
1316065337,"aa1d8785-b68f-4000-8b5c-f3545b3132bc","1100011454","Animalia","Chordata",NA,"Pleuronectiformes","Achiridae","Trinectes","Trinectes maculatus",NA,"SPECIES","Trinectes maculatus (Bloch & Schneider, 1801)","Trinectes maculatus","","US","02","Md","PRESENT",3,"c3ad790a-d426-4ac1-8e32-da61f81f0117",38.555833,-76.498833,NA,NA,NA,NA,30,0,"2007-07-06T10:27",6,7,2007,2408252,2408252,"HUMAN_OBSERVATION","VIMS","ChesMMAP","",NA,"",2007-07-06,"CC0_1_0","","GARTLAND",NA,NA,2025-02-01 00:08:29.113,"","COORDINATE_ROUNDED;GEODETIC_DATUM_INVALID;GEODETIC_DATUM_ASSUMED_WGS84;CONTINENT_DERIVED_FROM_COORDINATES;OCCURRENCE_STATUS_UNPARSABLE;OCCURRENCE_STATUS_INFERRED_FROM_INDIVIDUAL_COUNT"
1316065243,"aa1d8785-b68f-4000-8b5c-f3545b3132bc","1100011403","Animalia","Chordata",NA,"Pleuronectiformes","Achiridae","Trinectes","Trinectes maculatus",NA,"SPECIES","Trinectes maculatus (Bloch & Schneider, 1801)","Trinectes maculatus","","US","05","Va","PRESENT",2,"c3ad790a-d426-4ac1-8e32-da61f81f0117",37.322667,-76.097667,NA,NA,NA,NA,65,0,"2007-05-22T08:46",22,5,2007,2408252,2408252,"HUMAN_OBSERVATION","VIMS","ChesMMAP","",NA,"",2007-05-22,"CC0_1_0","","GARTLAND",NA,NA,2025-02-01 00:08:29.079,"","COORDINATE_ROUNDED;GEODETIC_DATUM_INVALID;GEODETIC_DATUM_ASSUMED_WGS84;OCCURRENCE_STATUS_UNPARSABLE;OCCURRENCE_STATUS_INFERRED_FROM_INDIVIDUAL_COUNT"
1316065239,"aa1d8785-b68f-4000-8b5c-f3545b3132bc","1100011384","Animalia","Chordata",NA,"Pleuronectiformes","Achiridae","Trinectes","Trinectes maculatus",NA,"SPECIES","Trinectes maculatus (Bloch & Schneider, 1801)","Trinectes maculatus","","US","05","Va","PRESENT",1,"c3ad790a-d426-4ac1-8e32-da61f81f0117",37.337667,-76.086667,NA,NA,NA,NA,62,0,"2007-05-09T15:09",9,5,2007,2408252,2408252,"HUMAN_OBSERVATION","VIMS","ChesMMAP","",NA,"",2007-05-09,"CC0_1_0","","GARTLAND",NA,NA,2025-02-01 00:08:29.422,"","COORDINATE_ROUNDED;GEODETIC_DATUM_INVALID;GEODETIC_DATUM_ASSUMED_WGS84;OCCURRENCE_STATUS_UNPARSABLE;OCCURRENCE_STATUS_INFERRED_FROM_INDIVIDUAL_COUNT"
1316065141,"aa1d8785-b68f-4000-8b5c-f3545b3132bc","1100011287","Animalia","Chordata",NA,"Pleuronectiformes","Achiridae","Trinectes","Trinectes maculatus",NA,"SPECIES","Trinectes maculatus (Bloch & Schneider, 1801)","Trinectes maculatus","","US","05","Va","PRESENT",1,"c3ad790a-d426-4ac1-8e32-da61f81f0117",37.3565,-76.221,NA,NA,NA,NA,25,0,"2007-05-09T10:16",9,5,2007,2408252,2408252,"HUMAN_OBSERVATION","VIMS","ChesMMAP","",NA,"",2007-05-09,"CC0_1_0","","GARTLAND",NA,NA,2025-02-01 00:08:29.683,"","GEODETIC_DATUM_INVALID;GEODETIC_DATUM_ASSUMED_WGS84;CONTINENT_DERIVED_FROM_COORDINATES;OCCURRENCE_STATUS_UNPARSABLE;OCCURRENCE_STATUS_INFERRED_FROM_INDIVIDUAL_COUNT"
1316065139,"aa1d8785-b68f-4000-8b5c-f3545b3132bc","1100011300","Animalia","Chordata",NA,"Pleuronectiformes","Achiridae","Trinectes","Trinectes maculatus",NA,"SPECIES","Trinectes maculatus (Bloch & Schneider, 1801)","Trinectes maculatus","","US","05","Va","PRESENT",2,"c3ad790a-d426-4ac1-8e32-da61f81f0117",37.2865,-76.276833,NA,NA,NA,NA,22,0,"2007-05-09T07:41",9,5,2007,2408252,2408252,"HUMAN_OBSERVATION","VIMS","ChesMMAP","",NA,"",2007-05-09,"CC0_1_0","","GARTLAND",NA,NA,2025-02-01 00:08:29.299,"","COORDINATE_ROUNDED;GEODETIC_DATUM_INVALID;GEODETIC_DATUM_ASSUMED_WGS84;CONTINENT_DERIVED_FROM_COORDINATES;OCCURRENCE_STATUS_UNPARSABLE;OCCURRENCE_STATUS_INFERRED_FROM_INDIVIDUAL_COUNT"
1316065082,"aa1d8785-b68f-4000-8b5c-f3545b3132bc","1100011241","Animalia","Chordata",NA,"Pleuronectiformes","Achiridae","Trinectes","Trinectes maculatus",NA,"SPECIES","Trinectes maculatus (Bloch & Schneider, 1801)","Trinectes maculatus","","US","04","Va","PRESENT",12,"c3ad790a-d426-4ac1-8e32-da61f81f0117",37.880167,-76.164667,NA,NA,NA,NA,127,0,"2007-05-11T09:44",11,5,2007,2408252,2408252,"HUMAN_OBSERVATION","VIMS","ChesMMAP","",NA,"",2007-05-11,"CC0_1_0","","GARTLAND",NA,NA,2025-02-01 00:08:29.602,"","COORDINATE_ROUNDED;GEODETIC_DATUM_INVALID;GEODETIC_DATUM_ASSUMED_WGS84;OCCURRENCE_STATUS_UNPARSABLE;OCCURRENCE_STATUS_INFERRED_FROM_INDIVIDUAL_COUNT"
1316065050,"aa1d8785-b68f-4000-8b5c-f3545b3132bc","1100011183","Animalia","Chordata",NA,"Pleuronectiformes","Achiridae","Trinectes","Trinectes maculatus",NA,"SPECIES","Trinectes maculatus (Bloch & Schneider, 1801)","Trinectes maculatus","","US","04","Va","PRESENT",1,"c3ad790a-d426-4ac1-8e32-da61f81f0117",37.659833,-76.092833,NA,NA,NA,NA,38,0,"2007-05-23T07:35",23,5,2007,2408252,2408252,"HUMAN_OBSERVATION","VIMS","ChesMMAP","",NA,"",2007-05-23,"CC0_1_0","","GARTLAND",NA,NA,2025-02-01 00:08:29.873,"","COORDINATE_ROUNDED;GEODETIC_DATUM_INVALID;GEODETIC_DATUM_ASSUMED_WGS84;OCCURRENCE_STATUS_UNPARSABLE;OCCURRENCE_STATUS_INFERRED_FROM_INDIVIDUAL_COUNT"
1316065022,"aa1d8785-b68f-4000-8b5c-f3545b3132bc","1100011172","Animalia","Chordata",NA,"Pleuronectiformes","Achiridae","Trinectes","Trinectes maculatus",NA,"SPECIES","Trinectes maculatus (Bloch & Schneider, 1801)","Trinectes maculatus","","US","04","Va","PRESENT",1,"c3ad790a-d426-4ac1-8e32-da61f81f0117",37.576333,-76.082,NA,NA,NA,NA,40,0,"2007-05-22T15:21",22,5,2007,2408252,2408252,"HUMAN_OBSERVATION","VIMS","ChesMMAP","",NA,"",2007-05-22,"CC0_1_0","","GARTLAND",NA,NA,2025-02-01 00:08:29.876,"","COORDINATE_ROUNDED;GEODETIC_DATUM_INVALID;GEODETIC_DATUM_ASSUMED_WGS84;OCCURRENCE_STATUS_UNPARSABLE;OCCURRENCE_STATUS_INFERRED_FROM_INDIVIDUAL_COUNT"
1316065011,"aa1d8785-b68f-4000-8b5c-f3545b3132bc","1100011155","Animalia","Chordata",NA,"Pleuronectiformes","Achiridae","Trinectes","Trinectes maculatus",NA,"SPECIES","Trinectes maculatus (Bloch & Schneider, 1801)","Trinectes maculatus","","US","04","Va","PRESENT",1,"c3ad790a-d426-4ac1-8e32-da61f81f0117",37.640833,-76.0865,NA,NA,NA,NA,40,0,"2007-05-23T10:48",23,5,2007,2408252,2408252,"HUMAN_OBSERVATION","VIMS","ChesMMAP","",NA,"",2007-05-23,"CC0_1_0","","GARTLAND",NA,NA,2025-02-01 00:08:29.866,"","COORDINATE_ROUNDED;GEODETIC_DATUM_INVALID;GEODETIC_DATUM_ASSUMED_WGS84;OCCURRENCE_STATUS_UNPARSABLE;OCCURRENCE_STATUS_INFERRED_FROM_INDIVIDUAL_COUNT"
1316064985,"aa1d8785-b68f-4000-8b5c-f3545b3132bc","1100011106","Animalia","Chordata",NA,"Pleuronectiformes","Achiridae","Trinectes","Trinectes maculatus",NA,"SPECIES","Trinectes maculatus (Bloch & Schneider, 1801)","Trinectes maculatus","","US","04","Va","PRESENT",1,"c3ad790a-d426-4ac1-8e32-da61f81f0117",37.792667,-76.248833,NA,NA,NA,NA,24,0,"2007-05-10T18:04",10,5,2007,2408252,2408252,"HUMAN_OBSERVATION","VIMS","ChesMMAP","",NA,"",2007-05-10,"CC0_1_0","","GARTLAND",NA,NA,2025-02-01 00:08:29.817,"","COORDINATE_ROUNDED;GEODETIC_DATUM_INVALID;GEODETIC_DATUM_ASSUMED_WGS84;CONTINENT_DERIVED_FROM_COORDINATES;OCCURRENCE_STATUS_UNPARSABLE;OCCURRENCE_STATUS_INFERRED_FROM_INDIVIDUAL_COUNT"
1316064943,"aa1d8785-b68f-4000-8b5c-f3545b3132bc","1100011094","Animalia","Chordata",NA,"Pleuronectiformes","Achiridae","Trinectes","Trinectes maculatus",NA,"SPECIES","Trinectes maculatus (Bloch & Schneider, 1801)","Trinectes maculatus","","US","04","Va","PRESENT",4,"c3ad790a-d426-4ac1-8e32-da61f81f0117",37.5275,-76.212167,NA,NA,NA,NA,26,0,"2007-05-22T17:06",22,5,2007,2408252,2408252,"HUMAN_OBSERVATION","VIMS","ChesMMAP","",NA,"",2007-05-22,"CC0_1_0","","GARTLAND",NA,NA,2025-02-01 00:08:30.07,"","COORDINATE_ROUNDED;GEODETIC_DATUM_INVALID;GEODETIC_DATUM_ASSUMED_WGS84;OCCURRENCE_STATUS_UNPARSABLE;OCCURRENCE_STATUS_INFERRED_FROM_INDIVIDUAL_COUNT"
1316064927,"aa1d8785-b68f-4000-8b5c-f3545b3132bc","1100011128","Animalia","Chordata",NA,"Pleuronectiformes","Achiridae","Trinectes","Trinectes maculatus",NA,"SPECIES","Trinectes maculatus (Bloch & Schneider, 1801)","Trinectes maculatus","","US","04","Va","PRESENT",2,"c3ad790a-d426-4ac1-8e32-da61f81f0117",37.536667,-76.206,NA,NA,NA,NA,30,0,"2007-05-10T13:40",10,5,2007,2408252,2408252,"HUMAN_OBSERVATION","VIMS","ChesMMAP","",NA,"",2007-05-10,"CC0_1_0","","GARTLAND",NA,NA,2025-02-01 00:08:29.86,"","COORDINATE_ROUNDED;GEODETIC_DATUM_INVALID;GEODETIC_DATUM_ASSUMED_WGS84;OCCURRENCE_STATUS_UNPARSABLE;OCCURRENCE_STATUS_INFERRED_FROM_INDIVIDUAL_COUNT"
1316064851,"aa1d8785-b68f-4000-8b5c-f3545b3132bc","1100010988","Animalia","Chordata",NA,"Pleuronectiformes","Achiridae","Trinectes","Trinectes maculatus",NA,"SPECIES","Trinectes maculatus (Bloch & Schneider, 1801)","Trinectes maculatus","","US","01","Md","PRESENT",1,"c3ad790a-d426-4ac1-8e32-da61f81f0117",39.072833,-76.411167,NA,NA,NA,NA,18,0,"2007-05-14T11:54",14,5,2007,2408252,2408252,"HUMAN_OBSERVATION","VIMS","ChesMMAP","",NA,"",2007-05-14,"CC0_1_0","","GARTLAND",NA,NA,2025-02-01 00:08:31.141,"","COORDINATE_ROUNDED;GEODETIC_DATUM_INVALID;GEODETIC_DATUM_ASSUMED_WGS84;CONTINENT_DERIVED_FROM_COORDINATES;OCCURRENCE_STATUS_UNPARSABLE;OCCURRENCE_STATUS_INFERRED_FROM_INDIVIDUAL_COUNT"
1316064841,"aa1d8785-b68f-4000-8b5c-f3545b3132bc","1100010976","Animalia","Chordata",NA,"Pleuronectiformes","Achiridae","Trinectes","Trinectes maculatus",NA,"SPECIES","Trinectes maculatus (Bloch & Schneider, 1801)","Trinectes maculatus","","US","05","Va","PRESENT",1,"c3ad790a-d426-4ac1-8e32-da61f81f0117",37.325333,-76.094,NA,NA,NA,NA,61,0,"2007-03-14T10:42",14,3,2007,2408252,2408252,"HUMAN_OBSERVATION","VIMS","ChesMMAP","",NA,"",2007-03-14,"CC0_1_0","","GARTLAND",NA,NA,2025-02-01 00:08:31.165,"","COORDINATE_ROUNDED;GEODETIC_DATUM_INVALID;GEODETIC_DATUM_ASSUMED_WGS84;OCCURRENCE_STATUS_UNPARSABLE;OCCURRENCE_STATUS_INFERRED_FROM_INDIVIDUAL_COUNT"
1316064802,"aa1d8785-b68f-4000-8b5c-f3545b3132bc","1100010936","Animalia","Chordata",NA,"Pleuronectiformes","Achiridae","Trinectes","Trinectes maculatus",NA,"SPECIES","Trinectes maculatus (Bloch & Schneider, 1801)","Trinectes maculatus","","US","05","Va","PRESENT",1,"c3ad790a-d426-4ac1-8e32-da61f81f0117",37.396667,-76.173,NA,NA,NA,NA,27,0,"2007-03-19T10:06",19,3,2007,2408252,2408252,"HUMAN_OBSERVATION","VIMS","ChesMMAP","",NA,"",2007-03-19,"CC0_1_0","","GARTLAND",NA,NA,2025-02-01 00:08:31.52,"","COORDINATE_ROUNDED;GEODETIC_DATUM_INVALID;GEODETIC_DATUM_ASSUMED_WGS84;OCCURRENCE_STATUS_UNPARSABLE;OCCURRENCE_STATUS_INFERRED_FROM_INDIVIDUAL_COUNT"
1316064780,"aa1d8785-b68f-4000-8b5c-f3545b3132bc","1100010917","Animalia","Chordata",NA,"Pleuronectiformes","Achiridae","Trinectes","Trinectes maculatus",NA,"SPECIES","Trinectes maculatus (Bloch & Schneider, 1801)","Trinectes maculatus","","US","04","Va","PRESENT",1,"c3ad790a-d426-4ac1-8e32-da61f81f0117",37.746,-76.189667,NA,NA,NA,NA,98,0,"2007-03-15T08:02",15,3,2007,2408252,2408252,"HUMAN_OBSERVATION","VIMS","ChesMMAP","",NA,"",2007-03-15,"CC0_1_0","","GARTLAND",NA,NA,2025-02-01 00:08:31.501,"","COORDINATE_ROUNDED;GEODETIC_DATUM_INVALID;GEODETIC_DATUM_ASSUMED_WGS84;OCCURRENCE_STATUS_UNPARSABLE;OCCURRENCE_STATUS_INFERRED_FROM_INDIVIDUAL_COUNT"
1316064771,"aa1d8785-b68f-4000-8b5c-f3545b3132bc","1100010905","Animalia","Chordata",NA,"Pleuronectiformes","Achiridae","Trinectes","Trinectes maculatus",NA,"SPECIES","Trinectes maculatus (Bloch & Schneider, 1801)","Trinectes maculatus","","US","04","Va","PRESENT",1,"c3ad790a-d426-4ac1-8e32-da61f81f0117",37.4375,-76.087333,NA,NA,NA,NA,58,0,"2007-03-14T14:27",14,3,2007,2408252,2408252,"HUMAN_OBSERVATION","VIMS","ChesMMAP","",NA,"",2007-03-14,"CC0_1_0","","GARTLAND",NA,NA,2025-02-01 00:08:31.479,"","COORDINATE_ROUNDED;GEODETIC_DATUM_INVALID;GEODETIC_DATUM_ASSUMED_WGS84;OCCURRENCE_STATUS_UNPARSABLE;OCCURRENCE_STATUS_INFERRED_FROM_INDIVIDUAL_COUNT"
1316064630,"aa1d8785-b68f-4000-8b5c-f3545b3132bc","1100010786","Animalia","Chordata",NA,"Pleuronectiformes","Achiridae","Trinectes","Trinectes maculatus",NA,"SPECIES","Trinectes maculatus (Bloch & Schneider, 1801)","Trinectes maculatus","","US","05","Va","PRESENT",2,"c3ad790a-d426-4ac1-8e32-da61f81f0117",37.2725,-76.094167,NA,NA,NA,NA,89,0,"2006-10-31T11:04",31,10,2006,2408252,2408252,"HUMAN_OBSERVATION","VIMS","ChesMMAP","",NA,"",2006-10-31,"CC0_1_0","","GARTLAND",NA,NA,2025-02-01 00:08:31.778,"","COORDINATE_ROUNDED;GEODETIC_DATUM_INVALID;GEODETIC_DATUM_ASSUMED_WGS84;OCCURRENCE_STATUS_UNPARSABLE;OCCURRENCE_STATUS_INFERRED_FROM_INDIVIDUAL_COUNT"
1316064597,"aa1d8785-b68f-4000-8b5c-f3545b3132bc","1100010741","Animalia","Chordata",NA,"Pleuronectiformes","Achiridae","Trinectes","Trinectes maculatus",NA,"SPECIES","Trinectes maculatus (Bloch & Schneider, 1801)","Trinectes maculatus","","US","05","Va","PRESENT",1,"c3ad790a-d426-4ac1-8e32-da61f81f0117",37.2735,-76.086667,NA,NA,NA,NA,80,0,"2006-10-31T12:50",31,10,2006,2408252,2408252,"HUMAN_OBSERVATION","VIMS","ChesMMAP","",NA,"",2006-10-31,"CC0_1_0","","GARTLAND",NA,NA,2025-02-01 00:08:31.675,"","COORDINATE_ROUNDED;GEODETIC_DATUM_INVALID;GEODETIC_DATUM_ASSUMED_WGS84;OCCURRENCE_STATUS_UNPARSABLE;OCCURRENCE_STATUS_INFERRED_FROM_INDIVIDUAL_COUNT"
1316064528,"aa1d8785-b68f-4000-8b5c-f3545b3132bc","1100010631","Animalia","Chordata",NA,"Pleuronectiformes","Achiridae","Trinectes","Trinectes maculatus",NA,"SPECIES","Trinectes maculatus (Bloch & Schneider, 1801)","Trinectes maculatus","","US","05","Va","PRESENT",1,"c3ad790a-d426-4ac1-8e32-da61f81f0117",37.278833,-76.227333,NA,NA,NA,NA,27,0,"2006-10-31T17:16",31,10,2006,2408252,2408252,"HUMAN_OBSERVATION","VIMS","ChesMMAP","",NA,"",2006-10-31,"CC0_1_0","","GARTLAND",NA,NA,2025-02-01 00:08:32.06,"","COORDINATE_ROUNDED;GEODETIC_DATUM_INVALID;GEODETIC_DATUM_ASSUMED_WGS84;OCCURRENCE_STATUS_UNPARSABLE;OCCURRENCE_STATUS_INFERRED_FROM_INDIVIDUAL_COUNT"
1316064522,"aa1d8785-b68f-4000-8b5c-f3545b3132bc","1100010648","Animalia","Chordata",NA,"Pleuronectiformes","Achiridae","Trinectes","Trinectes maculatus",NA,"SPECIES","Trinectes maculatus (Bloch & Schneider, 1801)","Trinectes maculatus","","US","05","Va","PRESENT",1,"c3ad790a-d426-4ac1-8e32-da61f81f0117",36.980333,-76.0125,NA,NA,NA,NA,39,0,"2006-10-30T12:29",30,10,2006,2408252,2408252,"HUMAN_OBSERVATION","VIMS","ChesMMAP","",NA,"",2006-10-30,"CC0_1_0","","GARTLAND",NA,NA,2025-02-01 00:08:32.016,"","COORDINATE_ROUNDED;GEODETIC_DATUM_INVALID;GEODETIC_DATUM_ASSUMED_WGS84;CONTINENT_DERIVED_FROM_COORDINATES;OCCURRENCE_STATUS_UNPARSABLE;OCCURRENCE_STATUS_INFERRED_FROM_INDIVIDUAL_COUNT"
1316064356,"aa1d8785-b68f-4000-8b5c-f3545b3132bc","1100010497","Animalia","Chordata",NA,"Pleuronectiformes","Achiridae","Trinectes","Trinectes maculatus",NA,"SPECIES","Trinectes maculatus (Bloch & Schneider, 1801)","Trinectes maculatus","","US","04","Va","PRESENT",1,"c3ad790a-d426-4ac1-8e32-da61f81f0117",37.622167,-76.074167,NA,NA,NA,NA,42,0,"2006-11-06T12:30",6,11,2006,2408252,2408252,"HUMAN_OBSERVATION","VIMS","ChesMMAP","",NA,"",2006-11-06,"CC0_1_0","","GARTLAND",NA,NA,2025-02-01 00:08:32.448,"","COORDINATE_ROUNDED;GEODETIC_DATUM_INVALID;GEODETIC_DATUM_ASSUMED_WGS84;OCCURRENCE_STATUS_UNPARSABLE;OCCURRENCE_STATUS_INFERRED_FROM_INDIVIDUAL_COUNT"
1316064228,"aa1d8785-b68f-4000-8b5c-f3545b3132bc","1100010413","Animalia","Chordata",NA,"Pleuronectiformes","Achiridae","Trinectes","Trinectes maculatus",NA,"SPECIES","Trinectes maculatus (Bloch & Schneider, 1801)","Trinectes maculatus","","US","03","Md","PRESENT",3,"c3ad790a-d426-4ac1-8e32-da61f81f0117",37.942,-76.188833,NA,NA,NA,NA,75,0,"2006-11-01T12:49",1,11,2006,2408252,2408252,"HUMAN_OBSERVATION","VIMS","ChesMMAP","",NA,"",2006-11-01,"CC0_1_0","","GARTLAND",NA,NA,2025-02-01 00:08:32.501,"","COORDINATE_ROUNDED;GEODETIC_DATUM_INVALID;GEODETIC_DATUM_ASSUMED_WGS84;OCCURRENCE_STATUS_UNPARSABLE;OCCURRENCE_STATUS_INFERRED_FROM_INDIVIDUAL_COUNT"
1316064102,"aa1d8785-b68f-4000-8b5c-f3545b3132bc","1100010211","Animalia","Chordata",NA,"Pleuronectiformes","Achiridae","Trinectes","Trinectes maculatus",NA,"SPECIES","Trinectes maculatus (Bloch & Schneider, 1801)","Trinectes maculatus","","US","01","Md","PRESENT",1,"c3ad790a-d426-4ac1-8e32-da61f81f0117",39.197833,-76.3205,NA,NA,NA,NA,15,0,"2006-11-04T09:44",4,11,2006,2408252,2408252,"HUMAN_OBSERVATION","VIMS","ChesMMAP","",NA,"",2006-11-04,"CC0_1_0","","GARTLAND",NA,NA,2025-02-01 00:08:28.946,"","COORDINATE_ROUNDED;GEODETIC_DATUM_INVALID;GEODETIC_DATUM_ASSUMED_WGS84;OCCURRENCE_STATUS_UNPARSABLE;OCCURRENCE_STATUS_INFERRED_FROM_INDIVIDUAL_COUNT"
1316064057,"aa1d8785-b68f-4000-8b5c-f3545b3132bc","1100010179","Animalia","Chordata",NA,"Pleuronectiformes","Achiridae","Trinectes","Trinectes maculatus",NA,"SPECIES","Trinectes maculatus (Bloch & Schneider, 1801)","Trinectes maculatus","","US","05","Va","PRESENT",1,"c3ad790a-d426-4ac1-8e32-da61f81f0117",37.238167,-76.3565,NA,NA,NA,NA,39,0,"2006-08-30T07:24",30,8,2006,2408252,2408252,"HUMAN_OBSERVATION","VIMS","ChesMMAP","",NA,"",2006-08-30,"CC0_1_0","","GARTLAND",NA,NA,2025-02-01 00:08:29.216,"","COORDINATE_ROUNDED;GEODETIC_DATUM_INVALID;GEODETIC_DATUM_ASSUMED_WGS84;CONTINENT_DERIVED_FROM_COORDINATES;OCCURRENCE_STATUS_UNPARSABLE;OCCURRENCE_STATUS_INFERRED_FROM_INDIVIDUAL_COUNT"
1316064042,"aa1d8785-b68f-4000-8b5c-f3545b3132bc","1100010177","Animalia","Chordata",NA,"Pleuronectiformes","Achiridae","Trinectes","Trinectes maculatus",NA,"SPECIES","Trinectes maculatus (Bloch & Schneider, 1801)","Trinectes maculatus","","US","05","Va","PRESENT",1,"c3ad790a-d426-4ac1-8e32-da61f81f0117",37.207667,-76.292667,NA,NA,NA,NA,33,0,"2006-08-30T08:25",30,8,2006,2408252,2408252,"HUMAN_OBSERVATION","VIMS","ChesMMAP","",NA,"",2006-08-30,"CC0_1_0","","GARTLAND",NA,NA,2025-02-01 00:08:29.218,"","COORDINATE_ROUNDED;GEODETIC_DATUM_INVALID;GEODETIC_DATUM_ASSUMED_WGS84;OCCURRENCE_STATUS_UNPARSABLE;OCCURRENCE_STATUS_INFERRED_FROM_INDIVIDUAL_COUNT"
1316064012,"aa1d8785-b68f-4000-8b5c-f3545b3132bc","1100010104","Animalia","Chordata",NA,"Pleuronectiformes","Achiridae","Trinectes","Trinectes maculatus",NA,"SPECIES","Trinectes maculatus (Bloch & Schneider, 1801)","Trinectes maculatus","","US","05","Va","PRESENT",2,"c3ad790a-d426-4ac1-8e32-da61f81f0117",36.969167,-76.052667,NA,NA,NA,NA,37,0,"2006-09-13T10:25",13,9,2006,2408252,2408252,"HUMAN_OBSERVATION","VIMS","ChesMMAP","",NA,"",2006-09-13,"CC0_1_0","","GARTLAND",NA,NA,2025-02-01 00:08:29.091,"","COORDINATE_ROUNDED;GEODETIC_DATUM_INVALID;GEODETIC_DATUM_ASSUMED_WGS84;CONTINENT_DERIVED_FROM_COORDINATES;OCCURRENCE_STATUS_UNPARSABLE;OCCURRENCE_STATUS_INFERRED_FROM_INDIVIDUAL_COUNT"
1316063895,"aa1d8785-b68f-4000-8b5c-f3545b3132bc","1100010060","Animalia","Chordata",NA,"Pleuronectiformes","Achiridae","Trinectes","Trinectes maculatus",NA,"SPECIES","Trinectes maculatus (Bloch & Schneider, 1801)","Trinectes maculatus","","US","05","Va","PRESENT",3,"c3ad790a-d426-4ac1-8e32-da61f81f0117",36.9885,-76.1915,NA,NA,NA,NA,33,0,"2006-08-30T11:36",30,8,2006,2408252,2408252,"HUMAN_OBSERVATION","VIMS","ChesMMAP","",NA,"",2006-08-30,"CC0_1_0","","GARTLAND",NA,NA,2025-02-01 00:08:29.472,"","GEODETIC_DATUM_INVALID;GEODETIC_DATUM_ASSUMED_WGS84;OCCURRENCE_STATUS_UNPARSABLE;OCCURRENCE_STATUS_INFERRED_FROM_INDIVIDUAL_COUNT"
1316063863,"aa1d8785-b68f-4000-8b5c-f3545b3132bc","1100009999","Animalia","Chordata",NA,"Pleuronectiformes","Achiridae","Trinectes","Trinectes maculatus",NA,"SPECIES","Trinectes maculatus (Bloch & Schneider, 1801)","Trinectes maculatus","","US","05","Va","PRESENT",2,"c3ad790a-d426-4ac1-8e32-da61f81f0117",37.089667,-76.236333,NA,NA,NA,NA,23,0,"2006-08-30T10:29",30,8,2006,2408252,2408252,"HUMAN_OBSERVATION","VIMS","ChesMMAP","",NA,"",2006-08-30,"CC0_1_0","","GARTLAND",NA,NA,2025-02-01 00:08:31.139,"","COORDINATE_ROUNDED;GEODETIC_DATUM_INVALID;GEODETIC_DATUM_ASSUMED_WGS84;CONTINENT_DERIVED_FROM_COORDINATES;OCCURRENCE_STATUS_UNPARSABLE;OCCURRENCE_STATUS_INFERRED_FROM_INDIVIDUAL_COUNT"
1316063807,"aa1d8785-b68f-4000-8b5c-f3545b3132bc","1100009973","Animalia","Chordata",NA,"Pleuronectiformes","Achiridae","Trinectes","Trinectes maculatus",NA,"SPECIES","Trinectes maculatus (Bloch & Schneider, 1801)","Trinectes maculatus","","US","04","Va","PRESENT",1,"c3ad790a-d426-4ac1-8e32-da61f81f0117",37.838333,-76.184,NA,NA,NA,NA,55,0,"2006-09-06T09:56",6,9,2006,2408252,2408252,"HUMAN_OBSERVATION","VIMS","ChesMMAP","",NA,"",2006-09-06,"CC0_1_0","","GARTLAND",NA,NA,2025-02-01 00:08:31.054,"","COORDINATE_ROUNDED;GEODETIC_DATUM_INVALID;GEODETIC_DATUM_ASSUMED_WGS84;OCCURRENCE_STATUS_UNPARSABLE;OCCURRENCE_STATUS_INFERRED_FROM_INDIVIDUAL_COUNT"
1316063797,"aa1d8785-b68f-4000-8b5c-f3545b3132bc","1100009949","Animalia","Chordata",NA,"Pleuronectiformes","Achiridae","Trinectes","Trinectes maculatus",NA,"SPECIES","Trinectes maculatus (Bloch & Schneider, 1801)","Trinectes maculatus","","US","04","Va","PRESENT",2,"c3ad790a-d426-4ac1-8e32-da61f81f0117",37.657667,-76.238333,NA,NA,NA,NA,36,0,"2006-09-10T06:34",10,9,2006,2408252,2408252,"HUMAN_OBSERVATION","VIMS","ChesMMAP","",NA,"",2006-09-10,"CC0_1_0","","GARTLAND",NA,NA,2025-02-01 00:08:31.523,"","COORDINATE_ROUNDED;GEODETIC_DATUM_INVALID;GEODETIC_DATUM_ASSUMED_WGS84;OCCURRENCE_STATUS_UNPARSABLE;OCCURRENCE_STATUS_INFERRED_FROM_INDIVIDUAL_COUNT"
1316063780,"aa1d8785-b68f-4000-8b5c-f3545b3132bc","1100009920","Animalia","Chordata",NA,"Pleuronectiformes","Achiridae","Trinectes","Trinectes maculatus",NA,"SPECIES","Trinectes maculatus (Bloch & Schneider, 1801)","Trinectes maculatus","","US","04","Va","PRESENT",1,"c3ad790a-d426-4ac1-8e32-da61f81f0117",37.544333,-76.162667,NA,NA,NA,NA,37,0,"2006-09-10T14:55",10,9,2006,2408252,2408252,"HUMAN_OBSERVATION","VIMS","ChesMMAP","",NA,"",2006-09-10,"CC0_1_0","","GARTLAND",NA,NA,2025-02-01 00:08:31.478,"","COORDINATE_ROUNDED;GEODETIC_DATUM_INVALID;GEODETIC_DATUM_ASSUMED_WGS84;OCCURRENCE_STATUS_UNPARSABLE;OCCURRENCE_STATUS_INFERRED_FROM_INDIVIDUAL_COUNT"
1316063709,"aa1d8785-b68f-4000-8b5c-f3545b3132bc","1100009771","Animalia","Chordata",NA,"Pleuronectiformes","Achiridae","Trinectes","Trinectes maculatus",NA,"SPECIES","Trinectes maculatus (Bloch & Schneider, 1801)","Trinectes maculatus","","US","03","Md","PRESENT",1,"c3ad790a-d426-4ac1-8e32-da61f81f0117",38.185833,-76.286333,NA,NA,NA,NA,42,0,"2006-09-09T10:21",9,9,2006,2408252,2408252,"HUMAN_OBSERVATION","VIMS","ChesMMAP","",NA,"",2006-09-09,"CC0_1_0","","GARTLAND",NA,NA,2025-02-01 00:08:31.756,"","COORDINATE_ROUNDED;GEODETIC_DATUM_INVALID;GEODETIC_DATUM_ASSUMED_WGS84;OCCURRENCE_STATUS_UNPARSABLE;OCCURRENCE_STATUS_INFERRED_FROM_INDIVIDUAL_COUNT"
1316063702,"aa1d8785-b68f-4000-8b5c-f3545b3132bc","1100009861","Animalia","Chordata",NA,"Pleuronectiformes","Achiridae","Trinectes","Trinectes maculatus",NA,"SPECIES","Trinectes maculatus (Bloch & Schneider, 1801)","Trinectes maculatus","","US","04","Va","PRESENT",1,"c3ad790a-d426-4ac1-8e32-da61f81f0117",37.5415,-76.223667,NA,NA,NA,NA,27,0,"2006-09-10T15:52",10,9,2006,2408252,2408252,"HUMAN_OBSERVATION","VIMS","ChesMMAP","",NA,"",2006-09-10,"CC0_1_0","","GARTLAND",NA,NA,2025-02-01 00:08:31.332,"","COORDINATE_ROUNDED;GEODETIC_DATUM_INVALID;GEODETIC_DATUM_ASSUMED_WGS84;OCCURRENCE_STATUS_UNPARSABLE;OCCURRENCE_STATUS_INFERRED_FROM_INDIVIDUAL_COUNT"
1316063670,"aa1d8785-b68f-4000-8b5c-f3545b3132bc","1100009798","Animalia","Chordata",NA,"Pleuronectiformes","Achiridae","Trinectes","Trinectes maculatus",NA,"SPECIES","Trinectes maculatus (Bloch & Schneider, 1801)","Trinectes maculatus","","US","04","Va","PRESENT",1,"c3ad790a-d426-4ac1-8e32-da61f81f0117",37.669833,-76.290667,NA,NA,NA,NA,20,0,"2006-09-09T19:07",9,9,2006,2408252,2408252,"HUMAN_OBSERVATION","VIMS","ChesMMAP","",NA,"",2006-09-09,"CC0_1_0","","GARTLAND",NA,NA,2025-02-01 00:08:31.787,"","COORDINATE_ROUNDED;GEODETIC_DATUM_INVALID;GEODETIC_DATUM_ASSUMED_WGS84;CONTINENT_DERIVED_FROM_COORDINATES;OCCURRENCE_STATUS_UNPARSABLE;OCCURRENCE_STATUS_INFERRED_FROM_INDIVIDUAL_COUNT"
1316063538,"aa1d8785-b68f-4000-8b5c-f3545b3132bc","1100009635","Animalia","Chordata",NA,"Pleuronectiformes","Achiridae","Trinectes","Trinectes maculatus",NA,"SPECIES","Trinectes maculatus (Bloch & Schneider, 1801)","Trinectes maculatus","","US","01","Md","PRESENT",1,"c3ad790a-d426-4ac1-8e32-da61f81f0117",39.209167,-76.316167,NA,NA,NA,NA,17,0,"2006-09-08T08:50",8,9,2006,2408252,2408252,"HUMAN_OBSERVATION","VIMS","ChesMMAP","",NA,"",2006-09-08,"CC0_1_0","","GARTLAND",NA,NA,2025-02-01 00:08:31.979,"","COORDINATE_ROUNDED;GEODETIC_DATUM_INVALID;GEODETIC_DATUM_ASSUMED_WGS84;OCCURRENCE_STATUS_UNPARSABLE;OCCURRENCE_STATUS_INFERRED_FROM_INDIVIDUAL_COUNT"
1316063506,"aa1d8785-b68f-4000-8b5c-f3545b3132bc","1100009619","Animalia","Chordata",NA,"Pleuronectiformes","Achiridae","Trinectes","Trinectes maculatus",NA,"SPECIES","Trinectes maculatus (Bloch & Schneider, 1801)","Trinectes maculatus","","US","01","Md","PRESENT",2,"c3ad790a-d426-4ac1-8e32-da61f81f0117",39.1055,-76.366833,NA,NA,NA,NA,20,0,"2006-09-08T07:51",8,9,2006,2408252,2408252,"HUMAN_OBSERVATION","VIMS","ChesMMAP","",NA,"",2006-09-08,"CC0_1_0","","GARTLAND",NA,NA,2025-02-01 00:08:31.951,"","COORDINATE_ROUNDED;GEODETIC_DATUM_INVALID;GEODETIC_DATUM_ASSUMED_WGS84;OCCURRENCE_STATUS_UNPARSABLE;OCCURRENCE_STATUS_INFERRED_FROM_INDIVIDUAL_COUNT"
1316063463,"aa1d8785-b68f-4000-8b5c-f3545b3132bc","1100009607","Animalia","Chordata",NA,"Pleuronectiformes","Achiridae","Trinectes","Trinectes maculatus",NA,"SPECIES","Trinectes maculatus (Bloch & Schneider, 1801)","Trinectes maculatus","","US","05","Va","PRESENT",5,"c3ad790a-d426-4ac1-8e32-da61f81f0117",37.393667,-76.078833,NA,NA,NA,NA,69,0,"2006-07-13T12:37",13,7,2006,2408252,2408252,"HUMAN_OBSERVATION","VIMS","ChesMMAP","",NA,"",2006-07-13,"CC0_1_0","","GARTLAND",NA,NA,2025-02-01 00:08:31.962,"","COORDINATE_ROUNDED;GEODETIC_DATUM_INVALID;GEODETIC_DATUM_ASSUMED_WGS84;OCCURRENCE_STATUS_UNPARSABLE;OCCURRENCE_STATUS_INFERRED_FROM_INDIVIDUAL_COUNT"
1316063440,"aa1d8785-b68f-4000-8b5c-f3545b3132bc","1100009579","Animalia","Chordata",NA,"Pleuronectiformes","Achiridae","Trinectes","Trinectes maculatus",NA,"SPECIES","Trinectes maculatus (Bloch & Schneider, 1801)","Trinectes maculatus","","US","05","Va","PRESENT",1,"c3ad790a-d426-4ac1-8e32-da61f81f0117",36.9635,-75.999833,NA,NA,NA,NA,60,0,"2006-06-30T11:34",30,6,2006,2408252,2408252,"HUMAN_OBSERVATION","VIMS","ChesMMAP","",NA,"",2006-06-30,"CC0_1_0","","GARTLAND",NA,NA,2025-02-01 00:08:32.189,"","COORDINATE_ROUNDED;GEODETIC_DATUM_INVALID;GEODETIC_DATUM_ASSUMED_WGS84;CONTINENT_DERIVED_FROM_COORDINATES;OCCURRENCE_STATUS_UNPARSABLE;OCCURRENCE_STATUS_INFERRED_FROM_INDIVIDUAL_COUNT"
1316063425,"aa1d8785-b68f-4000-8b5c-f3545b3132bc","1100009592","Animalia","Chordata",NA,"Pleuronectiformes","Achiridae","Trinectes","Trinectes maculatus",NA,"SPECIES","Trinectes maculatus (Bloch & Schneider, 1801)","Trinectes maculatus","","US","05","Va","PRESENT",1,"c3ad790a-d426-4ac1-8e32-da61f81f0117",37.343,-76.087333,NA,NA,NA,NA,59,0,"2006-07-13T13:47",13,7,2006,2408252,2408252,"HUMAN_OBSERVATION","VIMS","ChesMMAP","",NA,"",2006-07-13,"CC0_1_0","","GARTLAND",NA,NA,2025-02-01 00:08:32.218,"","COORDINATE_ROUNDED;GEODETIC_DATUM_INVALID;GEODETIC_DATUM_ASSUMED_WGS84;OCCURRENCE_STATUS_UNPARSABLE;OCCURRENCE_STATUS_INFERRED_FROM_INDIVIDUAL_COUNT"
1316063423,"aa1d8785-b68f-4000-8b5c-f3545b3132bc","1100009543","Animalia","Chordata",NA,"Pleuronectiformes","Achiridae","Trinectes","Trinectes maculatus",NA,"SPECIES","Trinectes maculatus (Bloch & Schneider, 1801)","Trinectes maculatus","","US","05","Va","PRESENT",2,"c3ad790a-d426-4ac1-8e32-da61f81f0117",37.4085,-76.137,NA,NA,NA,NA,39,0,"2006-06-28T10:03",28,6,2006,2408252,2408252,"HUMAN_OBSERVATION","VIMS","ChesMMAP","",NA,"",2006-06-28,"CC0_1_0","","GARTLAND",NA,NA,2025-02-01 00:08:32.269,"","GEODETIC_DATUM_INVALID;GEODETIC_DATUM_ASSUMED_WGS84;OCCURRENCE_STATUS_UNPARSABLE;OCCURRENCE_STATUS_INFERRED_FROM_INDIVIDUAL_COUNT"
1316063417,"aa1d8785-b68f-4000-8b5c-f3545b3132bc","1100009552","Animalia","Chordata",NA,"Pleuronectiformes","Achiridae","Trinectes","Trinectes maculatus",NA,"SPECIES","Trinectes maculatus (Bloch & Schneider, 1801)","Trinectes maculatus","","US","05","Va","PRESENT",1,"c3ad790a-d426-4ac1-8e32-da61f81f0117",37.091167,-76.171833,NA,NA,NA,NA,33,0,"2006-06-30T14:47",30,6,2006,2408252,2408252,"HUMAN_OBSERVATION","VIMS","ChesMMAP","",NA,"",2006-06-30,"CC0_1_0","","GARTLAND",NA,NA,2025-02-01 00:08:32.302,"","COORDINATE_ROUNDED;GEODETIC_DATUM_INVALID;GEODETIC_DATUM_ASSUMED_WGS84;OCCURRENCE_STATUS_UNPARSABLE;OCCURRENCE_STATUS_INFERRED_FROM_INDIVIDUAL_COUNT"
1316063360,"aa1d8785-b68f-4000-8b5c-f3545b3132bc","1100009502","Animalia","Chordata",NA,"Pleuronectiformes","Achiridae","Trinectes","Trinectes maculatus",NA,"SPECIES","Trinectes maculatus (Bloch & Schneider, 1801)","Trinectes maculatus","","US","05","Va","PRESENT",1,"c3ad790a-d426-4ac1-8e32-da61f81f0117",37.006667,-76.049667,NA,NA,NA,NA,43,0,"2006-06-30T10:21",30,6,2006,2408252,2408252,"HUMAN_OBSERVATION","VIMS","ChesMMAP","",NA,"",2006-06-30,"CC0_1_0","","GARTLAND",NA,NA,2025-02-01 00:08:32.249,"","COORDINATE_ROUNDED;GEODETIC_DATUM_INVALID;GEODETIC_DATUM_ASSUMED_WGS84;OCCURRENCE_STATUS_UNPARSABLE;OCCURRENCE_STATUS_INFERRED_FROM_INDIVIDUAL_COUNT"
1316063284,"aa1d8785-b68f-4000-8b5c-f3545b3132bc","1100009459","Animalia","Chordata",NA,"Pleuronectiformes","Achiridae","Trinectes","Trinectes maculatus",NA,"SPECIES","Trinectes maculatus (Bloch & Schneider, 1801)","Trinectes maculatus","","US","05","Va","PRESENT",9,"c3ad790a-d426-4ac1-8e32-da61f81f0117",36.976,-76.150167,NA,NA,NA,NA,30,0,"2006-06-30T13:25",30,6,2006,2408252,2408252,"HUMAN_OBSERVATION","VIMS","ChesMMAP","",NA,"",2006-06-30,"CC0_1_0","","GARTLAND",NA,NA,2025-02-01 00:08:32.338,"","COORDINATE_ROUNDED;GEODETIC_DATUM_INVALID;GEODETIC_DATUM_ASSUMED_WGS84;OCCURRENCE_STATUS_UNPARSABLE;OCCURRENCE_STATUS_INFERRED_FROM_INDIVIDUAL_COUNT"
1316063258,"aa1d8785-b68f-4000-8b5c-f3545b3132bc","1100009387","Animalia","Chordata",NA,"Pleuronectiformes","Achiridae","Trinectes","Trinectes maculatus",NA,"SPECIES","Trinectes maculatus (Bloch & Schneider, 1801)","Trinectes maculatus","","US","04","Va","PRESENT",3,"c3ad790a-d426-4ac1-8e32-da61f81f0117",37.4755,-76.0765,NA,NA,NA,NA,46,0,"2006-06-29T18:55",29,6,2006,2408252,2408252,"HUMAN_OBSERVATION","VIMS","ChesMMAP","",NA,"",2006-06-29,"CC0_1_0","","GARTLAND",NA,NA,2025-02-01 00:08:32.602,"","GEODETIC_DATUM_INVALID;GEODETIC_DATUM_ASSUMED_WGS84;OCCURRENCE_STATUS_UNPARSABLE;OCCURRENCE_STATUS_INFERRED_FROM_INDIVIDUAL_COUNT"
1316063021,"aa1d8785-b68f-4000-8b5c-f3545b3132bc","1100009134","Animalia","Chordata",NA,"Pleuronectiformes","Achiridae","Trinectes","Trinectes maculatus",NA,"SPECIES","Trinectes maculatus (Bloch & Schneider, 1801)","Trinectes maculatus","","US","05","Va","PRESENT",2,"c3ad790a-d426-4ac1-8e32-da61f81f0117",37.329,-76.094167,NA,NA,NA,NA,61,0,"2006-05-25T12:06",25,5,2006,2408252,2408252,"HUMAN_OBSERVATION","VIMS","ChesMMAP","",NA,"",2006-05-25,"CC0_1_0","","GARTLAND",NA,NA,2025-02-01 00:08:29.118,"","COORDINATE_ROUNDED;GEODETIC_DATUM_INVALID;GEODETIC_DATUM_ASSUMED_WGS84;OCCURRENCE_STATUS_UNPARSABLE;OCCURRENCE_STATUS_INFERRED_FROM_INDIVIDUAL_COUNT"
1316062969,"aa1d8785-b68f-4000-8b5c-f3545b3132bc","1100009069","Animalia","Chordata",NA,"Pleuronectiformes","Achiridae","Trinectes","Trinectes maculatus",NA,"SPECIES","Trinectes maculatus (Bloch & Schneider, 1801)","Trinectes maculatus","","US","05","Va","PRESENT",1,"c3ad790a-d426-4ac1-8e32-da61f81f0117",37.0085,-76.0645,NA,NA,NA,NA,35,0,"2006-05-16T08:23",16,5,2006,2408252,2408252,"HUMAN_OBSERVATION","VIMS","ChesMMAP","",NA,"",2006-05-16,"CC0_1_0","","GARTLAND",NA,NA,2025-02-01 00:08:29.421,"","GEODETIC_DATUM_INVALID;GEODETIC_DATUM_ASSUMED_WGS84;OCCURRENCE_STATUS_UNPARSABLE;OCCURRENCE_STATUS_INFERRED_FROM_INDIVIDUAL_COUNT"
1316062873,"aa1d8785-b68f-4000-8b5c-f3545b3132bc","1100008988","Animalia","Chordata",NA,"Pleuronectiformes","Achiridae","Trinectes","Trinectes maculatus",NA,"SPECIES","Trinectes maculatus (Bloch & Schneider, 1801)","Trinectes maculatus","","US","04","Va","PRESENT",9,"c3ad790a-d426-4ac1-8e32-da61f81f0117",37.887333,-76.1385,NA,NA,NA,NA,67,0,"2006-05-17T15:03",17,5,2006,2408252,2408252,"HUMAN_OBSERVATION","VIMS","ChesMMAP","",NA,"",2006-05-17,"CC0_1_0","","GARTLAND",NA,NA,2025-02-01 00:08:27.314,"","COORDINATE_ROUNDED;GEODETIC_DATUM_INVALID;GEODETIC_DATUM_ASSUMED_WGS84;OCCURRENCE_STATUS_UNPARSABLE;OCCURRENCE_STATUS_INFERRED_FROM_INDIVIDUAL_COUNT"
1316062762,"aa1d8785-b68f-4000-8b5c-f3545b3132bc","1100008914","Animalia","Chordata",NA,"Pleuronectiformes","Achiridae","Trinectes","Trinectes maculatus",NA,"SPECIES","Trinectes maculatus (Bloch & Schneider, 1801)","Trinectes maculatus","","US","04","Va","PRESENT",1,"c3ad790a-d426-4ac1-8e32-da61f81f0117",37.543667,-76.2515,NA,NA,NA,NA,26,0,"2006-05-17T06:50",17,5,2006,2408252,2408252,"HUMAN_OBSERVATION","VIMS","ChesMMAP","",NA,"",2006-05-17,"CC0_1_0","","GARTLAND",NA,NA,2025-02-01 00:08:27.253,"","COORDINATE_ROUNDED;GEODETIC_DATUM_INVALID;GEODETIC_DATUM_ASSUMED_WGS84;CONTINENT_DERIVED_FROM_COORDINATES;OCCURRENCE_STATUS_UNPARSABLE;OCCURRENCE_STATUS_INFERRED_FROM_INDIVIDUAL_COUNT"
1316062754,"aa1d8785-b68f-4000-8b5c-f3545b3132bc","1100008890","Animalia","Chordata",NA,"Pleuronectiformes","Achiridae","Trinectes","Trinectes maculatus",NA,"SPECIES","Trinectes maculatus (Bloch & Schneider, 1801)","Trinectes maculatus","","US","04","Va","PRESENT",1,"c3ad790a-d426-4ac1-8e32-da61f81f0117",37.590833,-76.230333,NA,NA,NA,NA,25,0,"2006-05-17T08:06",17,5,2006,2408252,2408252,"HUMAN_OBSERVATION","VIMS","ChesMMAP","",NA,"",2006-05-17,"CC0_1_0","","GARTLAND",NA,NA,2025-02-01 00:08:27.081,"","COORDINATE_ROUNDED;GEODETIC_DATUM_INVALID;GEODETIC_DATUM_ASSUMED_WGS84;OCCURRENCE_STATUS_UNPARSABLE;OCCURRENCE_STATUS_INFERRED_FROM_INDIVIDUAL_COUNT"
1316062690,"aa1d8785-b68f-4000-8b5c-f3545b3132bc","1100008784","Animalia","Chordata",NA,"Pleuronectiformes","Achiridae","Trinectes","Trinectes maculatus",NA,"SPECIES","Trinectes maculatus (Bloch & Schneider, 1801)","Trinectes maculatus","","US","05","Va","PRESENT",1,"c3ad790a-d426-4ac1-8e32-da61f81f0117",37.325333,-76.084667,NA,NA,NA,NA,65,0,"2006-03-30T10:51",30,3,2006,2408252,2408252,"HUMAN_OBSERVATION","VIMS","ChesMMAP","",NA,"",2006-03-30,"CC0_1_0","","GARTLAND",NA,NA,2025-02-01 00:08:30.794,"","COORDINATE_ROUNDED;GEODETIC_DATUM_INVALID;GEODETIC_DATUM_ASSUMED_WGS84;OCCURRENCE_STATUS_UNPARSABLE;OCCURRENCE_STATUS_INFERRED_FROM_INDIVIDUAL_COUNT"
1316062546,"aa1d8785-b68f-4000-8b5c-f3545b3132bc","1100008705","Animalia","Chordata",NA,"Pleuronectiformes","Achiridae","Trinectes","Trinectes maculatus",NA,"SPECIES","Trinectes maculatus (Bloch & Schneider, 1801)","Trinectes maculatus","","US","05","Va","PRESENT",1,"c3ad790a-d426-4ac1-8e32-da61f81f0117",37.423667,-76.205333,NA,NA,NA,NA,21,0,"2006-03-23T09:24",23,3,2006,2408252,2408252,"HUMAN_OBSERVATION","VIMS","ChesMMAP","",NA,"",2006-03-23,"CC0_1_0","","GARTLAND",NA,NA,2025-02-01 00:08:31.247,"","COORDINATE_ROUNDED;GEODETIC_DATUM_INVALID;GEODETIC_DATUM_ASSUMED_WGS84;CONTINENT_DERIVED_FROM_COORDINATES;OCCURRENCE_STATUS_UNPARSABLE;OCCURRENCE_STATUS_INFERRED_FROM_INDIVIDUAL_COUNT"
1316062515,"aa1d8785-b68f-4000-8b5c-f3545b3132bc","1100008608","Animalia","Chordata",NA,"Pleuronectiformes","Achiridae","Trinectes","Trinectes maculatus",NA,"SPECIES","Trinectes maculatus (Bloch & Schneider, 1801)","Trinectes maculatus","","US","03","Md","PRESENT",1,"c3ad790a-d426-4ac1-8e32-da61f81f0117",38.321833,-76.2915,NA,NA,NA,NA,112,0,"2006-03-24T18:07",24,3,2006,2408252,2408252,"HUMAN_OBSERVATION","VIMS","ChesMMAP","",NA,"",2006-03-24,"CC0_1_0","","GARTLAND",NA,NA,2025-02-01 00:08:31.494,"","COORDINATE_ROUNDED;GEODETIC_DATUM_INVALID;GEODETIC_DATUM_ASSUMED_WGS84;CONTINENT_DERIVED_FROM_COORDINATES;OCCURRENCE_STATUS_UNPARSABLE;OCCURRENCE_STATUS_INFERRED_FROM_INDIVIDUAL_COUNT"
1316062423,"aa1d8785-b68f-4000-8b5c-f3545b3132bc","1100008519","Animalia","Chordata",NA,"Pleuronectiformes","Achiridae","Trinectes","Trinectes maculatus",NA,"SPECIES","Trinectes maculatus (Bloch & Schneider, 1801)","Trinectes maculatus","","US","05","Va","PRESENT",1,"c3ad790a-d426-4ac1-8e32-da61f81f0117",37.273667,-76.086833,NA,NA,NA,NA,78,0,"2005-11-09T11:37",9,11,2005,2408252,2408252,"HUMAN_OBSERVATION","VIMS","ChesMMAP","",NA,"",2005-11-09,"CC0_1_0","","GARTLAND",NA,NA,2025-02-01 00:08:31.356,"","COORDINATE_ROUNDED;GEODETIC_DATUM_INVALID;GEODETIC_DATUM_ASSUMED_WGS84;OCCURRENCE_STATUS_UNPARSABLE;OCCURRENCE_STATUS_INFERRED_FROM_INDIVIDUAL_COUNT"
1316062377,"aa1d8785-b68f-4000-8b5c-f3545b3132bc","1100008505","Animalia","Chordata",NA,"Pleuronectiformes","Achiridae","Trinectes","Trinectes maculatus",NA,"SPECIES","Trinectes maculatus (Bloch & Schneider, 1801)","Trinectes maculatus","","US","05","Va","PRESENT",1,"c3ad790a-d426-4ac1-8e32-da61f81f0117",37.036167,-76.0645,NA,NA,NA,NA,55,0,"2005-10-31T14:52",31,10,2005,2408252,2408252,"HUMAN_OBSERVATION","VIMS","ChesMMAP","",NA,"",2005-10-31,"CC0_1_0","","GARTLAND",NA,NA,2025-02-01 00:08:31.815,"","COORDINATE_ROUNDED;GEODETIC_DATUM_INVALID;GEODETIC_DATUM_ASSUMED_WGS84;OCCURRENCE_STATUS_UNPARSABLE;OCCURRENCE_STATUS_INFERRED_FROM_INDIVIDUAL_COUNT"
1316062341,"aa1d8785-b68f-4000-8b5c-f3545b3132bc","1100008451","Animalia","Chordata",NA,"Pleuronectiformes","Achiridae","Trinectes","Trinectes maculatus",NA,"SPECIES","Trinectes maculatus (Bloch & Schneider, 1801)","Trinectes maculatus","","US","05","Va","PRESENT",1,"c3ad790a-d426-4ac1-8e32-da61f81f0117",37.409167,-76.162,NA,NA,NA,NA,44,0,"2005-11-09T07:58",9,11,2005,2408252,2408252,"HUMAN_OBSERVATION","VIMS","ChesMMAP","",NA,"",2005-11-09,"CC0_1_0","","GARTLAND",NA,NA,2025-02-01 00:08:31.737,"","COORDINATE_ROUNDED;GEODETIC_DATUM_INVALID;GEODETIC_DATUM_ASSUMED_WGS84;OCCURRENCE_STATUS_UNPARSABLE;OCCURRENCE_STATUS_INFERRED_FROM_INDIVIDUAL_COUNT"
1316062296,"aa1d8785-b68f-4000-8b5c-f3545b3132bc","1100008365","Animalia","Chordata",NA,"Pleuronectiformes","Achiridae","Trinectes","Trinectes maculatus",NA,"SPECIES","Trinectes maculatus (Bloch & Schneider, 1801)","Trinectes maculatus","","US","05","Va","PRESENT",5,"c3ad790a-d426-4ac1-8e32-da61f81f0117",37.110667,-76.015333,NA,NA,NA,NA,26,0,"2005-11-01T06:46",1,11,2005,2408252,2408252,"HUMAN_OBSERVATION","VIMS","ChesMMAP","",NA,"",2005-11-01,"CC0_1_0","","GARTLAND",NA,NA,2025-02-01 00:08:31.862,"","COORDINATE_ROUNDED;GEODETIC_DATUM_INVALID;GEODETIC_DATUM_ASSUMED_WGS84;CONTINENT_DERIVED_FROM_COORDINATES;OCCURRENCE_STATUS_UNPARSABLE;OCCURRENCE_STATUS_INFERRED_FROM_INDIVIDUAL_COUNT"
1316062137,"aa1d8785-b68f-4000-8b5c-f3545b3132bc","1100008290","Animalia","Chordata",NA,"Pleuronectiformes","Achiridae","Trinectes","Trinectes maculatus",NA,"SPECIES","Trinectes maculatus (Bloch & Schneider, 1801)","Trinectes maculatus","","US","04","Va","PRESENT",4,"c3ad790a-d426-4ac1-8e32-da61f81f0117",37.862167,-76.171833,NA,NA,NA,NA,59,0,"2005-11-07T14:07",7,11,2005,2408252,2408252,"HUMAN_OBSERVATION","VIMS","ChesMMAP","",NA,"",2005-11-07,"CC0_1_0","","GARTLAND",NA,NA,2025-02-01 00:08:32.23,"","COORDINATE_ROUNDED;GEODETIC_DATUM_INVALID;GEODETIC_DATUM_ASSUMED_WGS84;OCCURRENCE_STATUS_UNPARSABLE;OCCURRENCE_STATUS_INFERRED_FROM_INDIVIDUAL_COUNT"
1316062120,"aa1d8785-b68f-4000-8b5c-f3545b3132bc","1100008277","Animalia","Chordata",NA,"Pleuronectiformes","Achiridae","Trinectes","Trinectes maculatus",NA,"SPECIES","Trinectes maculatus (Bloch & Schneider, 1801)","Trinectes maculatus","","US","04","Va","PRESENT",12,"c3ad790a-d426-4ac1-8e32-da61f81f0117",37.427167,-76.087833,NA,NA,NA,NA,75,0,"2005-11-08T14:27",8,11,2005,2408252,2408252,"HUMAN_OBSERVATION","VIMS","ChesMMAP","",NA,"",2005-11-08,"CC0_1_0","","GARTLAND",NA,NA,2025-02-01 00:08:32.202,"","COORDINATE_ROUNDED;GEODETIC_DATUM_INVALID;GEODETIC_DATUM_ASSUMED_WGS84;OCCURRENCE_STATUS_UNPARSABLE;OCCURRENCE_STATUS_INFERRED_FROM_INDIVIDUAL_COUNT"
1316062064,"aa1d8785-b68f-4000-8b5c-f3545b3132bc","1100008191","Animalia","Chordata",NA,"Pleuronectiformes","Achiridae","Trinectes","Trinectes maculatus",NA,"SPECIES","Trinectes maculatus (Bloch & Schneider, 1801)","Trinectes maculatus","","US","04","Va","PRESENT",1,"c3ad790a-d426-4ac1-8e32-da61f81f0117",37.455667,-76.139667,NA,NA,NA,NA,38,0,"2005-11-08T16:53",8,11,2005,2408252,2408252,"HUMAN_OBSERVATION","VIMS","ChesMMAP","",NA,"",2005-11-08,"CC0_1_0","","GARTLAND",NA,NA,2025-02-01 00:08:32.417,"","COORDINATE_ROUNDED;GEODETIC_DATUM_INVALID;GEODETIC_DATUM_ASSUMED_WGS84;OCCURRENCE_STATUS_UNPARSABLE;OCCURRENCE_STATUS_INFERRED_FROM_INDIVIDUAL_COUNT"
1316061931,"aa1d8785-b68f-4000-8b5c-f3545b3132bc","1100008064","Animalia","Chordata",NA,"Pleuronectiformes","Achiridae","Trinectes","Trinectes maculatus",NA,"SPECIES","Trinectes maculatus (Bloch & Schneider, 1801)","Trinectes maculatus","","US","03","Md","PRESENT",2,"c3ad790a-d426-4ac1-8e32-da61f81f0117",38.376333,-76.343,NA,NA,NA,NA,65,0,"2005-11-03T14:57",3,11,2005,2408252,2408252,"HUMAN_OBSERVATION","VIMS","ChesMMAP","",NA,"",2005-11-03,"CC0_1_0","","GARTLAND",NA,NA,2025-02-01 00:08:32.696,"","COORDINATE_ROUNDED;GEODETIC_DATUM_INVALID;GEODETIC_DATUM_ASSUMED_WGS84;CONTINENT_DERIVED_FROM_COORDINATES;OCCURRENCE_STATUS_UNPARSABLE;OCCURRENCE_STATUS_INFERRED_FROM_INDIVIDUAL_COUNT"
1316061929,"aa1d8785-b68f-4000-8b5c-f3545b3132bc","1100008020","Animalia","Chordata",NA,"Pleuronectiformes","Achiridae","Trinectes","Trinectes maculatus",NA,"SPECIES","Trinectes maculatus (Bloch & Schneider, 1801)","Trinectes maculatus","","US","03","Md","PRESENT",1,"c3ad790a-d426-4ac1-8e32-da61f81f0117",38.309333,-76.360333,NA,NA,NA,NA,40,0,"2005-11-05T17:03",5,11,2005,2408252,2408252,"HUMAN_OBSERVATION","VIMS","ChesMMAP","",NA,"",2005-11-05,"CC0_1_0","","GARTLAND",NA,NA,2025-02-01 00:08:32.585,"","COORDINATE_ROUNDED;GEODETIC_DATUM_INVALID;GEODETIC_DATUM_ASSUMED_WGS84;CONTINENT_DERIVED_FROM_COORDINATES;OCCURRENCE_STATUS_UNPARSABLE;OCCURRENCE_STATUS_INFERRED_FROM_INDIVIDUAL_COUNT"
1316061756,"aa1d8785-b68f-4000-8b5c-f3545b3132bc","1100007785","Animalia","Chordata",NA,"Pleuronectiformes","Achiridae","Trinectes","Trinectes maculatus",NA,"SPECIES","Trinectes maculatus (Bloch & Schneider, 1801)","Trinectes maculatus","","US","05","Va","PRESENT",3,"c3ad790a-d426-4ac1-8e32-da61f81f0117",37.3575,-76.078667,NA,NA,NA,NA,63,0,"2005-09-18T14:46",18,9,2005,2408252,2408252,"HUMAN_OBSERVATION","VIMS","ChesMMAP","",NA,"",2005-09-18,"CC0_1_0","","GARTLAND",NA,NA,2025-02-01 00:08:27.043,"","COORDINATE_ROUNDED;GEODETIC_DATUM_INVALID;GEODETIC_DATUM_ASSUMED_WGS84;OCCURRENCE_STATUS_UNPARSABLE;OCCURRENCE_STATUS_INFERRED_FROM_INDIVIDUAL_COUNT"
1316061667,"aa1d8785-b68f-4000-8b5c-f3545b3132bc","1100007779","Animalia","Chordata",NA,"Pleuronectiformes","Achiridae","Trinectes","Trinectes maculatus",NA,"SPECIES","Trinectes maculatus (Bloch & Schneider, 1801)","Trinectes maculatus","","US","05","Va","PRESENT",2,"c3ad790a-d426-4ac1-8e32-da61f81f0117",37.2755,-76.094667,NA,NA,NA,NA,86,0,"2005-09-18T12:31",18,9,2005,2408252,2408252,"HUMAN_OBSERVATION","VIMS","ChesMMAP","",NA,"",2005-09-18,"CC0_1_0","","GARTLAND",NA,NA,2025-02-01 00:08:27.044,"","COORDINATE_ROUNDED;GEODETIC_DATUM_INVALID;GEODETIC_DATUM_ASSUMED_WGS84;OCCURRENCE_STATUS_UNPARSABLE;OCCURRENCE_STATUS_INFERRED_FROM_INDIVIDUAL_COUNT"
1316061575,"aa1d8785-b68f-4000-8b5c-f3545b3132bc","1100007661","Animalia","Chordata",NA,"Pleuronectiformes","Achiridae","Trinectes","Trinectes maculatus",NA,"SPECIES","Trinectes maculatus (Bloch & Schneider, 1801)","Trinectes maculatus","","US","05","Va","PRESENT",1,"c3ad790a-d426-4ac1-8e32-da61f81f0117",36.985667,-76.197333,NA,NA,NA,NA,28,0,"2005-09-17T17:35",17,9,2005,2408252,2408252,"HUMAN_OBSERVATION","VIMS","ChesMMAP","",NA,"",2005-09-17,"CC0_1_0","","GARTLAND",NA,NA,2025-02-01 00:08:27.311,"","COORDINATE_ROUNDED;GEODETIC_DATUM_INVALID;GEODETIC_DATUM_ASSUMED_WGS84;OCCURRENCE_STATUS_UNPARSABLE;OCCURRENCE_STATUS_INFERRED_FROM_INDIVIDUAL_COUNT"
1316061483,"aa1d8785-b68f-4000-8b5c-f3545b3132bc","1100007612","Animalia","Chordata",NA,"Pleuronectiformes","Achiridae","Trinectes","Trinectes maculatus",NA,"SPECIES","Trinectes maculatus (Bloch & Schneider, 1801)","Trinectes maculatus","","US","05","Va","PRESENT",2,"c3ad790a-d426-4ac1-8e32-da61f81f0117",37.1225,-76.034,NA,NA,NA,NA,23,0,"2005-09-18T11:12",18,9,2005,2408252,2408252,"HUMAN_OBSERVATION","VIMS","ChesMMAP","",NA,"",2005-09-18,"CC0_1_0","","GARTLAND",NA,NA,2025-02-01 00:08:27.263,"","GEODETIC_DATUM_INVALID;GEODETIC_DATUM_ASSUMED_WGS84;OCCURRENCE_STATUS_UNPARSABLE;OCCURRENCE_STATUS_INFERRED_FROM_INDIVIDUAL_COUNT"
1316061480,"aa1d8785-b68f-4000-8b5c-f3545b3132bc","1100007577","Animalia","Chordata",NA,"Pleuronectiformes","Achiridae","Trinectes","Trinectes maculatus",NA,"SPECIES","Trinectes maculatus (Bloch & Schneider, 1801)","Trinectes maculatus","","US","04","Va","PRESENT",1,"c3ad790a-d426-4ac1-8e32-da61f81f0117",37.705833,-76.198833,NA,NA,NA,NA,53,0,"2005-09-09T12:29",9,9,2005,2408252,2408252,"HUMAN_OBSERVATION","VIMS","ChesMMAP","",NA,"",2005-09-09,"CC0_1_0","","GARTLAND",NA,NA,2025-02-01 00:08:27.176,"","COORDINATE_ROUNDED;GEODETIC_DATUM_INVALID;GEODETIC_DATUM_ASSUMED_WGS84;OCCURRENCE_STATUS_UNPARSABLE;OCCURRENCE_STATUS_INFERRED_FROM_INDIVIDUAL_COUNT"
1316061415,"aa1d8785-b68f-4000-8b5c-f3545b3132bc","1100007513","Animalia","Chordata",NA,"Pleuronectiformes","Achiridae","Trinectes","Trinectes maculatus",NA,"SPECIES","Trinectes maculatus (Bloch & Schneider, 1801)","Trinectes maculatus","","US","04","Va","PRESENT",2,"c3ad790a-d426-4ac1-8e32-da61f81f0117",37.491667,-76.164667,NA,NA,NA,NA,34,0,"2005-09-08T17:01",8,9,2005,2408252,2408252,"HUMAN_OBSERVATION","VIMS","ChesMMAP","",NA,"",2005-09-08,"CC0_1_0","","GARTLAND",NA,NA,2025-02-01 00:08:30.911,"","COORDINATE_ROUNDED;GEODETIC_DATUM_INVALID;GEODETIC_DATUM_ASSUMED_WGS84;OCCURRENCE_STATUS_UNPARSABLE;OCCURRENCE_STATUS_INFERRED_FROM_INDIVIDUAL_COUNT"
1316061193,"aa1d8785-b68f-4000-8b5c-f3545b3132bc","1100007265","Animalia","Chordata",NA,"Pleuronectiformes","Achiridae","Trinectes","Trinectes maculatus",NA,"SPECIES","Trinectes maculatus (Bloch & Schneider, 1801)","Trinectes maculatus","","US","05","Va","PRESENT",5,"c3ad790a-d426-4ac1-8e32-da61f81f0117",37.281667,-76.099167,NA,NA,NA,NA,83,0,"2005-07-05T11:58",5,7,2005,2408252,2408252,"HUMAN_OBSERVATION","VIMS","ChesMMAP","",NA,"",2005-07-05,"CC0_1_0","","GARTLAND",NA,NA,2025-02-01 00:08:31.455,"","COORDINATE_ROUNDED;GEODETIC_DATUM_INVALID;GEODETIC_DATUM_ASSUMED_WGS84;OCCURRENCE_STATUS_UNPARSABLE;OCCURRENCE_STATUS_INFERRED_FROM_INDIVIDUAL_COUNT"
1316061167,"aa1d8785-b68f-4000-8b5c-f3545b3132bc","1100007254","Animalia","Chordata",NA,"Pleuronectiformes","Achiridae","Trinectes","Trinectes maculatus",NA,"SPECIES","Trinectes maculatus (Bloch & Schneider, 1801)","Trinectes maculatus","","US","05","Va","PRESENT",2,"c3ad790a-d426-4ac1-8e32-da61f81f0117",37.235667,-76.064333,NA,NA,NA,NA,90,0,"2005-07-05T14:03",5,7,2005,2408252,2408252,"HUMAN_OBSERVATION","VIMS","ChesMMAP","",NA,"",2005-07-05,"CC0_1_0","","GARTLAND",NA,NA,2025-02-01 00:08:31.469,"","COORDINATE_ROUNDED;GEODETIC_DATUM_INVALID;GEODETIC_DATUM_ASSUMED_WGS84;CONTINENT_DERIVED_FROM_COORDINATES;OCCURRENCE_STATUS_UNPARSABLE;OCCURRENCE_STATUS_INFERRED_FROM_INDIVIDUAL_COUNT"
1316061101,"aa1d8785-b68f-4000-8b5c-f3545b3132bc","1100007175","Animalia","Chordata",NA,"Pleuronectiformes","Achiridae","Trinectes","Trinectes maculatus",NA,"SPECIES","Trinectes maculatus (Bloch & Schneider, 1801)","Trinectes maculatus","","US","05","Va","PRESENT",1,"c3ad790a-d426-4ac1-8e32-da61f81f0117",37.347167,-76.205833,NA,NA,NA,NA,26,0,"2005-07-05T10:45",5,7,2005,2408252,2408252,"HUMAN_OBSERVATION","VIMS","ChesMMAP","",NA,"",2005-07-05,"CC0_1_0","","GARTLAND",NA,NA,2025-02-01 00:08:31.581,"","COORDINATE_ROUNDED;GEODETIC_DATUM_INVALID;GEODETIC_DATUM_ASSUMED_WGS84;OCCURRENCE_STATUS_UNPARSABLE;OCCURRENCE_STATUS_INFERRED_FROM_INDIVIDUAL_COUNT"
1316060959,"aa1d8785-b68f-4000-8b5c-f3545b3132bc","1100007055","Animalia","Chordata",NA,"Pleuronectiformes","Achiridae","Trinectes","Trinectes maculatus",NA,"SPECIES","Trinectes maculatus (Bloch & Schneider, 1801)","Trinectes maculatus","","US","04","Va","PRESENT",1,"c3ad790a-d426-4ac1-8e32-da61f81f0117",37.524667,-76.1585,NA,NA,NA,NA,35,0,"2005-07-06T17:35",6,7,2005,2408252,2408252,"HUMAN_OBSERVATION","VIMS","ChesMMAP","",NA,"",2005-07-06,"CC0_1_0","","GARTLAND",NA,NA,2025-02-01 00:08:31.89,"","COORDINATE_ROUNDED;GEODETIC_DATUM_INVALID;GEODETIC_DATUM_ASSUMED_WGS84;OCCURRENCE_STATUS_UNPARSABLE;OCCURRENCE_STATUS_INFERRED_FROM_INDIVIDUAL_COUNT"
1316060927,"aa1d8785-b68f-4000-8b5c-f3545b3132bc","1100007022","Animalia","Chordata",NA,"Pleuronectiformes","Achiridae","Trinectes","Trinectes maculatus",NA,"SPECIES","Trinectes maculatus (Bloch & Schneider, 1801)","Trinectes maculatus","","US","04","Va","PRESENT",1,"c3ad790a-d426-4ac1-8e32-da61f81f0117",37.521,-76.003167,NA,NA,NA,NA,37,0,"2005-07-06T15:04",6,7,2005,2408252,2408252,"HUMAN_OBSERVATION","VIMS","ChesMMAP","",NA,"",2005-07-06,"CC0_1_0","","GARTLAND",NA,NA,2025-02-01 00:08:32.086,"","COORDINATE_ROUNDED;GEODETIC_DATUM_INVALID;GEODETIC_DATUM_ASSUMED_WGS84;CONTINENT_DERIVED_FROM_COORDINATES;OCCURRENCE_STATUS_UNPARSABLE;OCCURRENCE_STATUS_INFERRED_FROM_INDIVIDUAL_COUNT"
1316060565,"aa1d8785-b68f-4000-8b5c-f3545b3132bc","1100006685","Animalia","Chordata",NA,"Pleuronectiformes","Achiridae","Trinectes","Trinectes maculatus",NA,"SPECIES","Trinectes maculatus (Bloch & Schneider, 1801)","Trinectes maculatus","","US","04","Va","PRESENT",1,"c3ad790a-d426-4ac1-8e32-da61f81f0117",37.861167,-76.137333,NA,NA,NA,NA,65,0,"2005-05-03T17:33",3,5,2005,2408252,2408252,"HUMAN_OBSERVATION","VIMS","ChesMMAP","",NA,"",2005-05-03,"CC0_1_0","","GARTLAND",NA,NA,2025-02-01 00:08:26.423,"","COORDINATE_ROUNDED;GEODETIC_DATUM_INVALID;GEODETIC_DATUM_ASSUMED_WGS84;OCCURRENCE_STATUS_UNPARSABLE;OCCURRENCE_STATUS_INFERRED_FROM_INDIVIDUAL_COUNT"
1316060434,"aa1d8785-b68f-4000-8b5c-f3545b3132bc","1100006474","Animalia","Chordata",NA,"Pleuronectiformes","Achiridae","Trinectes","Trinectes maculatus",NA,"SPECIES","Trinectes maculatus (Bloch & Schneider, 1801)","Trinectes maculatus","","US","02","Md","PRESENT",1,"c3ad790a-d426-4ac1-8e32-da61f81f0117",38.672167,-76.508,NA,NA,NA,NA,29,0,"2005-05-05T15:21",5,5,2005,2408252,2408252,"HUMAN_OBSERVATION","VIMS","ChesMMAP","",NA,"",2005-05-05,"CC0_1_0","","GARTLAND",NA,NA,2025-02-01 00:08:26.474,"","COORDINATE_ROUNDED;GEODETIC_DATUM_INVALID;GEODETIC_DATUM_ASSUMED_WGS84;CONTINENT_DERIVED_FROM_COORDINATES;OCCURRENCE_STATUS_UNPARSABLE;OCCURRENCE_STATUS_INFERRED_FROM_INDIVIDUAL_COUNT"
1316060333,"aa1d8785-b68f-4000-8b5c-f3545b3132bc","1100006435","Animalia","Chordata",NA,"Pleuronectiformes","Achiridae","Trinectes","Trinectes maculatus",NA,"SPECIES","Trinectes maculatus (Bloch & Schneider, 1801)","Trinectes maculatus","","US","05","Va","PRESENT",4,"c3ad790a-d426-4ac1-8e32-da61f81f0117",37.277833,-76.097667,NA,NA,NA,NA,90,0,"2005-03-16T14:27",16,3,2005,2408252,2408252,"HUMAN_OBSERVATION","VIMS","ChesMMAP","",NA,"",2005-03-16,"CC0_1_0","","GARTLAND",NA,NA,2025-02-01 00:08:27.056,"","COORDINATE_ROUNDED;GEODETIC_DATUM_INVALID;GEODETIC_DATUM_ASSUMED_WGS84;OCCURRENCE_STATUS_UNPARSABLE;OCCURRENCE_STATUS_INFERRED_FROM_INDIVIDUAL_COUNT"
1316060329,"aa1d8785-b68f-4000-8b5c-f3545b3132bc","1100006429","Animalia","Chordata",NA,"Pleuronectiformes","Achiridae","Trinectes","Trinectes maculatus",NA,"SPECIES","Trinectes maculatus (Bloch & Schneider, 1801)","Trinectes maculatus","","US","05","Va","PRESENT",1,"c3ad790a-d426-4ac1-8e32-da61f81f0117",37.022833,-76.051,NA,NA,NA,NA,57,0,"2005-03-24T18:03",24,3,2005,2408252,2408252,"HUMAN_OBSERVATION","VIMS","ChesMMAP","",NA,"",2005-03-24,"CC0_1_0","","GARTLAND",NA,NA,2025-02-01 00:08:27.016,"","COORDINATE_ROUNDED;GEODETIC_DATUM_INVALID;GEODETIC_DATUM_ASSUMED_WGS84;OCCURRENCE_STATUS_UNPARSABLE;OCCURRENCE_STATUS_INFERRED_FROM_INDIVIDUAL_COUNT"
1316060324,"aa1d8785-b68f-4000-8b5c-f3545b3132bc","1100006367","Animalia","Chordata",NA,"Pleuronectiformes","Achiridae","Trinectes","Trinectes maculatus",NA,"SPECIES","Trinectes maculatus (Bloch & Schneider, 1801)","Trinectes maculatus","","US","05","Va","PRESENT",1,"c3ad790a-d426-4ac1-8e32-da61f81f0117",37.2585,-76.219167,NA,NA,NA,NA,23,0,"2005-03-16T08:55",16,3,2005,2408252,2408252,"HUMAN_OBSERVATION","VIMS","ChesMMAP","",NA,"",2005-03-16,"CC0_1_0","","GARTLAND",NA,NA,2025-02-01 00:08:26.892,"","COORDINATE_ROUNDED;GEODETIC_DATUM_INVALID;GEODETIC_DATUM_ASSUMED_WGS84;OCCURRENCE_STATUS_UNPARSABLE;OCCURRENCE_STATUS_INFERRED_FROM_INDIVIDUAL_COUNT"
1316060315,"aa1d8785-b68f-4000-8b5c-f3545b3132bc","1100006385","Animalia","Chordata",NA,"Pleuronectiformes","Achiridae","Trinectes","Trinectes maculatus",NA,"SPECIES","Trinectes maculatus (Bloch & Schneider, 1801)","Trinectes maculatus","","US","05","Va","PRESENT",1,"c3ad790a-d426-4ac1-8e32-da61f81f0117",37.240167,-76.185333,NA,NA,NA,NA,38,0,"2005-03-16T11:33",16,3,2005,2408252,2408252,"HUMAN_OBSERVATION","VIMS","ChesMMAP","",NA,"",2005-03-16,"CC0_1_0","","GARTLAND",NA,NA,2025-02-01 00:08:26.916,"","COORDINATE_ROUNDED;GEODETIC_DATUM_INVALID;GEODETIC_DATUM_ASSUMED_WGS84;OCCURRENCE_STATUS_UNPARSABLE;OCCURRENCE_STATUS_INFERRED_FROM_INDIVIDUAL_COUNT"
1316060259,"aa1d8785-b68f-4000-8b5c-f3545b3132bc","1100006377","Animalia","Chordata",NA,"Pleuronectiformes","Achiridae","Trinectes","Trinectes maculatus",NA,"SPECIES","Trinectes maculatus (Bloch & Schneider, 1801)","Trinectes maculatus","","US","05","Va","PRESENT",1,"c3ad790a-d426-4ac1-8e32-da61f81f0117",37.374167,-76.120333,NA,NA,NA,NA,37,0,"2005-03-16T16:54",16,3,2005,2408252,2408252,"HUMAN_OBSERVATION","VIMS","ChesMMAP","",NA,"",2005-03-16,"CC0_1_0","","GARTLAND",NA,NA,2025-02-01 00:08:26.851,"","COORDINATE_ROUNDED;GEODETIC_DATUM_INVALID;GEODETIC_DATUM_ASSUMED_WGS84;OCCURRENCE_STATUS_UNPARSABLE;OCCURRENCE_STATUS_INFERRED_FROM_INDIVIDUAL_COUNT"
1316060253,"aa1d8785-b68f-4000-8b5c-f3545b3132bc","1100006332","Animalia","Chordata",NA,"Pleuronectiformes","Achiridae","Trinectes","Trinectes maculatus",NA,"SPECIES","Trinectes maculatus (Bloch & Schneider, 1801)","Trinectes maculatus","","US","04","Va","PRESENT",1,"c3ad790a-d426-4ac1-8e32-da61f81f0117",37.442167,-76.057333,NA,NA,NA,NA,50,0,"2005-03-17T13:22",17,3,2005,2408252,2408252,"HUMAN_OBSERVATION","VIMS","ChesMMAP","",NA,"",2005-03-17,"CC0_1_0","","GARTLAND",NA,NA,2025-02-01 00:08:27.311,"","COORDINATE_ROUNDED;GEODETIC_DATUM_INVALID;GEODETIC_DATUM_ASSUMED_WGS84;OCCURRENCE_STATUS_UNPARSABLE;OCCURRENCE_STATUS_INFERRED_FROM_INDIVIDUAL_COUNT"
1316060242,"aa1d8785-b68f-4000-8b5c-f3545b3132bc","1100006281","Animalia","Chordata",NA,"Pleuronectiformes","Achiridae","Trinectes","Trinectes maculatus",NA,"SPECIES","Trinectes maculatus (Bloch & Schneider, 1801)","Trinectes maculatus","","US","03","Md","PRESENT",1,"c3ad790a-d426-4ac1-8e32-da61f81f0117",38.091833,-76.221167,NA,NA,NA,NA,70,0,"2005-03-22T12:55",22,3,2005,2408252,2408252,"HUMAN_OBSERVATION","VIMS","ChesMMAP","",NA,"",2005-03-22,"CC0_1_0","","GARTLAND",NA,NA,2025-02-01 00:08:27.23,"","COORDINATE_ROUNDED;GEODETIC_DATUM_INVALID;GEODETIC_DATUM_ASSUMED_WGS84;OCCURRENCE_STATUS_UNPARSABLE;OCCURRENCE_STATUS_INFERRED_FROM_INDIVIDUAL_COUNT"
1314148312,"1d39953f-5c1a-4dad-8524-70191eb4fe6c","1100688822","Animalia","Chordata",NA,"Pleuronectiformes","Achiridae","Trinectes","Trinectes maculatus",NA,"SPECIES","Trinectes maculatus (Bloch & Schneider, 1801)","Trinectes maculatus","","US","MSC Marker #25 and #26;10/80 - present","Alabama","PRESENT",1,"c3ad790a-d426-4ac1-8e32-da61f81f0117",30.2633,-88.0367,370,NA,NA,NA,NA,NA,"2005-01-03",3,1,2005,2408252,2408252,"HUMAN_OBSERVATION","NMFS","CAGES Alabama","",NA,"ADCNR/GCRL",2005-01-03,"CC0_1_0","","ADCNR/GCRL",NA,NA,2025-02-01 01:21:47.645,"","GEODETIC_DATUM_INVALID;GEODETIC_DATUM_ASSUMED_WGS84;CONTINENT_DERIVED_FROM_COORDINATES"
1314139132,"1d39953f-5c1a-4dad-8524-70191eb4fe6c","1100697946","Animalia","Chordata",NA,"Pleuronectiformes","Achiridae","Trinectes","Trinectes maculatus",NA,"SPECIES","Trinectes maculatus (Bloch & Schneider, 1801)","Trinectes maculatus","","US","Paradise Inn;10/83 - present","Alabama","PRESENT",1,"c3ad790a-d426-4ac1-8e32-da61f81f0117",30.2467,-88.13,370,NA,NA,NA,NA,NA,"2005-04-04",4,4,2005,2408252,2408252,"HUMAN_OBSERVATION","NMFS","CAGES Alabama","",NA,"ADCNR/GCRL",2005-04-04,"CC0_1_0","","ADCNR/GCRL",NA,NA,2025-02-01 01:21:45.957,"","GEODETIC_DATUM_INVALID;GEODETIC_DATUM_ASSUMED_WGS84;CONTINENT_DERIVED_FROM_COORDINATES"
1314138824,"1d39953f-5c1a-4dad-8524-70191eb4fe6c","1100698838","Animalia","Chordata",NA,"Pleuronectiformes","Achiridae","Trinectes","Trinectes maculatus",NA,"SPECIES","Trinectes maculatus (Bloch & Schneider, 1801)","Trinectes maculatus","","US","Battleship; 06/04 - present","Alabama","PRESENT",1,"c3ad790a-d426-4ac1-8e32-da61f81f0117",30.6797,-88.017,370,NA,NA,NA,NA,NA,"2005-04-05",5,4,2005,2408252,2408252,"HUMAN_OBSERVATION","NMFS","CAGES Alabama","",NA,"ADCNR/GCRL",2005-04-05,"CC0_1_0","","ADCNR/GCRL",NA,NA,2025-02-01 01:21:47.764,"","GEODETIC_DATUM_INVALID;GEODETIC_DATUM_ASSUMED_WGS84;CONTINENT_DERIVED_FROM_COORDINATES"
1314138813,"1d39953f-5c1a-4dad-8524-70191eb4fe6c","1100698354","Animalia","Chordata",NA,"Pleuronectiformes","Achiridae","Trinectes","Trinectes maculatus",NA,"SPECIES","Trinectes maculatus (Bloch & Schneider, 1801)","Trinectes maculatus","","US","MSC Marker # 57;10/81 - present","Alabama","PRESENT",1,"c3ad790a-d426-4ac1-8e32-da61f81f0117",30.505,-88.02,370,NA,NA,NA,NA,NA,"2005-04-05",5,4,2005,2408252,2408252,"HUMAN_OBSERVATION","NMFS","CAGES Alabama","",NA,"ADCNR/GCRL",2005-04-05,"CC0_1_0","","ADCNR/GCRL",NA,NA,2025-02-01 01:21:47.586,"","GEODETIC_DATUM_INVALID;GEODETIC_DATUM_ASSUMED_WGS84;CONTINENT_DERIVED_FROM_COORDINATES"
1314138210,"1d39953f-5c1a-4dad-8524-70191eb4fe6c","1100698899","Animalia","Chordata",NA,"Pleuronectiformes","Achiridae","Trinectes","Trinectes maculatus",NA,"SPECIES","Trinectes maculatus (Bloch & Schneider, 1801)","Trinectes maculatus","","US","Two Milesest of Reg. 2 ñ 8 Ragged Point;10/98 - present","Alabama","PRESENT",1,"c3ad790a-d426-4ac1-8e32-da61f81f0117",30.597,-87.96,370,NA,NA,NA,NA,NA,"2005-04-05",5,4,2005,2408252,2408252,"HUMAN_OBSERVATION","NMFS","CAGES Alabama","",NA,"ADCNR/GCRL",2005-04-05,"CC0_1_0","","ADCNR/GCRL",NA,NA,2025-02-01 01:21:47.768,"","GEODETIC_DATUM_INVALID;GEODETIC_DATUM_ASSUMED_WGS84;CONTINENT_DERIVED_FROM_COORDINATES"
1314137361,"1d39953f-5c1a-4dad-8524-70191eb4fe6c","1100699719","Animalia","Chordata",NA,"Pleuronectiformes","Achiridae","Trinectes","Trinectes maculatus",NA,"SPECIES","Trinectes maculatus (Bloch & Schneider, 1801)","Trinectes maculatus","","US","Weeks Bay;10/80 - present","Alabama","PRESENT",1,"c3ad790a-d426-4ac1-8e32-da61f81f0117",30.3933,-87.8283,370,NA,NA,NA,NA,NA,"2005-04-20",20,4,2005,2408252,2408252,"HUMAN_OBSERVATION","NMFS","CAGES Alabama","",NA,"ADCNR/GCRL",2005-04-20,"CC0_1_0","","ADCNR/GCRL",NA,NA,2025-02-01 01:21:45.978,"","GEODETIC_DATUM_INVALID;GEODETIC_DATUM_ASSUMED_WGS84;CONTINENT_DERIVED_FROM_COORDINATES"
1314134735,"1d39953f-5c1a-4dad-8524-70191eb4fe6c","1100702486","Animalia","Chordata",NA,"Pleuronectiformes","Achiridae","Trinectes","Trinectes maculatus",NA,"SPECIES","Trinectes maculatus (Bloch & Schneider, 1801)","Trinectes maculatus","","US","Dog River Basin;10/81 - present","Alabama","PRESENT",1,"c3ad790a-d426-4ac1-8e32-da61f81f0117",30.5817,-88.06,370,NA,NA,NA,NA,NA,"2005-05-06",6,5,2005,2408252,2408252,"HUMAN_OBSERVATION","NMFS","CAGES Alabama","",NA,"ADCNR/GCRL",2005-05-06,"CC0_1_0","","ADCNR/GCRL",NA,NA,2025-02-01 01:21:47.812,"","GEODETIC_DATUM_INVALID;GEODETIC_DATUM_ASSUMED_WGS84;CONTINENT_DERIVED_FROM_COORDINATES"
1314131465,"1d39953f-5c1a-4dad-8524-70191eb4fe6c","1100705593","Animalia","Chordata",NA,"Pleuronectiformes","Achiridae","Trinectes","Trinectes maculatus",NA,"SPECIES","Trinectes maculatus (Bloch & Schneider, 1801)","Trinectes maculatus","","US","GIWW #135;10/80 - present","Alabama","PRESENT",1,"c3ad790a-d426-4ac1-8e32-da61f81f0117",30.275,-87.8767,370,NA,NA,NA,NA,NA,"2005-06-09",9,6,2005,2408252,2408252,"HUMAN_OBSERVATION","NMFS","CAGES Alabama","",NA,"ADCNR/GCRL",2005-06-09,"CC0_1_0","","ADCNR/GCRL",NA,NA,2025-02-01 01:21:47.851,"","GEODETIC_DATUM_INVALID;GEODETIC_DATUM_ASSUMED_WGS84;CONTINENT_DERIVED_FROM_COORDINATES"
1314130779,"1d39953f-5c1a-4dad-8524-70191eb4fe6c","1100706250","Animalia","Chordata",NA,"Pleuronectiformes","Achiridae","Trinectes","Trinectes maculatus",NA,"SPECIES","Trinectes maculatus (Bloch & Schneider, 1801)","Trinectes maculatus","","US","North of Great Point Clear Channel Reg. 34 - 1;10/98 - present","Alabama","PRESENT",1,"c3ad790a-d426-4ac1-8e32-da61f81f0117",30.488,-87.943,370,NA,NA,NA,NA,NA,"2005-06-09",9,6,2005,2408252,2408252,"HUMAN_OBSERVATION","NMFS","CAGES Alabama","",NA,"ADCNR/GCRL",2005-06-09,"CC0_1_0","","ADCNR/GCRL",NA,NA,2025-02-01 01:21:47.678,"","GEODETIC_DATUM_INVALID;GEODETIC_DATUM_ASSUMED_WGS84;CONTINENT_DERIVED_FROM_COORDINATES"
1314130305,"1d39953f-5c1a-4dad-8524-70191eb4fe6c","1100706806","Animalia","Chordata",NA,"Pleuronectiformes","Achiridae","Trinectes","Trinectes maculatus",NA,"SPECIES","Trinectes maculatus (Bloch & Schneider, 1801)","Trinectes maculatus","","US","Mobile Pass;02/82 - present","Alabama","PRESENT",1,"c3ad790a-d426-4ac1-8e32-da61f81f0117",30.1617,-88.0533,370,NA,NA,NA,NA,NA,"2005-06-14",14,6,2005,2408252,2408252,"HUMAN_OBSERVATION","NMFS","CAGES Alabama","",NA,"ADCNR/GCRL",2005-06-14,"CC0_1_0","","ADCNR/GCRL",NA,NA,2025-02-01 01:21:47.861,"","GEODETIC_DATUM_INVALID;GEODETIC_DATUM_ASSUMED_WGS84"
1314129816,"1d39953f-5c1a-4dad-8524-70191eb4fe6c","1100707592","Animalia","Chordata",NA,"Pleuronectiformes","Achiridae","Trinectes","Trinectes maculatus",NA,"SPECIES","Trinectes maculatus (Bloch & Schneider, 1801)","Trinectes maculatus","","US","Upper Mobile Bay Reg. 2 ñ 2 South of Mouth Apalachee R;10/98 - present","Alabama","PRESENT",1,"c3ad790a-d426-4ac1-8e32-da61f81f0117",30.643,-87.951,370,NA,NA,NA,NA,NA,"2005-06-17",17,6,2005,2408252,2408252,"HUMAN_OBSERVATION","NMFS","CAGES Alabama","",NA,"ADCNR/GCRL",2005-06-17,"CC0_1_0","","ADCNR/GCRL",NA,NA,2025-02-01 01:21:47.701,"","GEODETIC_DATUM_INVALID;GEODETIC_DATUM_ASSUMED_WGS84;CONTINENT_DERIVED_FROM_COORDINATES"
1314127885,"1d39953f-5c1a-4dad-8524-70191eb4fe6c","1100709048","Animalia","Chordata",NA,"Pleuronectiformes","Achiridae","Trinectes","Trinectes maculatus",NA,"SPECIES","Trinectes maculatus (Bloch & Schneider, 1801)","Trinectes maculatus","","US","Heron Bay;10/80 - present","Alabama","PRESENT",1,"c3ad790a-d426-4ac1-8e32-da61f81f0117",30.325,-88.15,370,NA,NA,NA,NA,NA,"2005-07-07",7,7,2005,2408252,2408252,"HUMAN_OBSERVATION","NMFS","CAGES Alabama","",NA,"ADCNR/GCRL",2005-07-07,"CC0_1_0","","ADCNR/GCRL",NA,NA,2025-02-01 01:21:45.933,"","GEODETIC_DATUM_INVALID;GEODETIC_DATUM_ASSUMED_WGS84;CONTINENT_DERIVED_FROM_COORDINATES"
1314126255,"1d39953f-5c1a-4dad-8524-70191eb4fe6c","1100711029","Animalia","Chordata",NA,"Pleuronectiformes","Achiridae","Trinectes","Trinectes maculatus",NA,"SPECIES","Trinectes maculatus (Bloch & Schneider, 1801)","Trinectes maculatus","","US","Garrows Bend;04/02 - present","Alabama","PRESENT",1,"c3ad790a-d426-4ac1-8e32-da61f81f0117",30.6547,-88.0533,370,NA,NA,NA,NA,NA,"2005-07-20",20,7,2005,2408252,2408252,"HUMAN_OBSERVATION","NMFS","CAGES Alabama","",NA,"ADCNR/GCRL",2005-07-20,"CC0_1_0","","ADCNR/GCRL",NA,NA,2025-02-01 01:21:47.737,"","GEODETIC_DATUM_INVALID;GEODETIC_DATUM_ASSUMED_WGS84;CONTINENT_DERIVED_FROM_COORDINATES"
1314124445,"1d39953f-5c1a-4dad-8524-70191eb4fe6c","1100713136","Animalia","Chordata",NA,"Pleuronectiformes","Achiridae","Trinectes","Trinectes maculatus",NA,"SPECIES","Trinectes maculatus (Bloch & Schneider, 1801)","Trinectes maculatus","","US","Bon Secour River;10/80 - present","Alabama","PRESENT",1,"c3ad790a-d426-4ac1-8e32-da61f81f0117",30.2933,-87.7483,370,NA,NA,NA,NA,NA,"2005-08-17",17,8,2005,2408252,2408252,"HUMAN_OBSERVATION","NMFS","CAGES Alabama","",NA,"ADCNR/GCRL",2005-08-17,"CC0_1_0","","ADCNR/GCRL",NA,NA,2025-02-01 01:21:46.091,"","GEODETIC_DATUM_INVALID;GEODETIC_DATUM_ASSUMED_WGS84;CONTINENT_DERIVED_FROM_COORDINATES"
1314057110,"1d39953f-5c1a-4dad-8524-70191eb4fe6c","1100780627","Animalia","Chordata",NA,"Pleuronectiformes","Achiridae","Trinectes","Trinectes maculatus",NA,"SPECIES","Trinectes maculatus (Bloch & Schneider, 1801)","Trinectes maculatus","","US","Mid-Perdido Bay;04/87 - present","Alabama","PRESENT",1,"c3ad790a-d426-4ac1-8e32-da61f81f0117",30.3683,-87.4467,370,NA,NA,NA,NA,NA,"2007-07-30",30,7,2007,2408252,2408252,"HUMAN_OBSERVATION","NMFS","CAGES Alabama","",NA,"ADCNR/GCRL",2007-07-30,"CC0_1_0","","ADCNR/GCRL",NA,NA,2025-02-01 01:21:48.545,"","GEODETIC_DATUM_INVALID;GEODETIC_DATUM_ASSUMED_WGS84;CONTINENT_DERIVED_FROM_COORDINATES"
1314046934,"1d39953f-5c1a-4dad-8524-70191eb4fe6c","1100790445","Animalia","Chordata",NA,"Pleuronectiformes","Achiridae","Trinectes","Trinectes maculatus",NA,"SPECIES","Trinectes maculatus (Bloch & Schneider, 1801)","Trinectes maculatus","","US","Grassy Point;04/87 - present","Alabama","PRESENT",1,"c3ad790a-d426-4ac1-8e32-da61f81f0117",30.4167,-87.3983,370,NA,NA,NA,NA,NA,"2007-10-26",26,10,2007,2408252,2408252,"HUMAN_OBSERVATION","NMFS","CAGES Alabama","",NA,"ADCNR/GCRL",2007-10-26,"CC0_1_0","","ADCNR/GCRL",NA,NA,2025-02-01 01:21:48.88,"","GEODETIC_DATUM_INVALID;GEODETIC_DATUM_ASSUMED_WGS84;CONTINENT_DERIVED_FROM_COORDINATES"
1306581269,"50c9509d-22c7-4a22-a47d-8c48425ef4a7","http://www.inaturalist.org/observations/4028223","Animalia","Chordata",NA,"Pleuronectiformes","Achiridae","Trinectes","Trinectes maculatus",NA,"SPECIES","Trinectes maculatus (Bloch & Schneider, 1801)","Trinectes maculatus","","US","","South Carolina","PRESENT",NA,"28eb1a3f-1c15-4a95-931a-4af90ecb574d",32.577988,-80.179664,31,NA,NA,NA,NA,NA,"2016-09-03T11:09:29",3,9,2016,2408252,2408252,"HUMAN_OBSERVATION","iNaturalist","Observations","4028223",NA,"David Gardner",2016-09-04 00:00:54,"CC_BY_NC_4_0","David Gardner","David Gardner",NA,NA,2025-06-07 00:24:45.035,"StillImage","COORDINATE_ROUNDED;CONTINENT_DERIVED_FROM_COORDINATES;TAXON_MATCH_TAXON_ID_IGNORED"
1273848080,"50c9509d-22c7-4a22-a47d-8c48425ef4a7","http://www.inaturalist.org/observations/3475026","Animalia","Chordata",NA,"Pleuronectiformes","Achiridae","Trinectes","Trinectes maculatus",NA,"SPECIES","Trinectes maculatus (Bloch & Schneider, 1801)","Trinectes maculatus","","US","","Louisiana","PRESENT",NA,"28eb1a3f-1c15-4a95-931a-4af90ecb574d",30.335319,-90.045568,344,NA,NA,NA,NA,NA,"2016-06-09T01:54:15",9,6,2016,2408252,2408252,"HUMAN_OBSERVATION","iNaturalist","Observations","3475026",NA,"Matthew Herron",2016-06-18 02:39:15,"CC_BY_NC_4_0","Matthew Herron","Matthew Herron",NA,NA,2025-06-07 00:35:21.263,"StillImage","COORDINATE_ROUNDED;CONTINENT_DERIVED_FROM_COORDINATES;TAXON_MATCH_TAXON_ID_IGNORED"
1271466057,"3cdabf9a-99da-4383-b6cc-10afee5fb854","1101553975","Animalia","Chordata",NA,"Pleuronectiformes","Achiridae","Trinectes","Trinectes maculatus",NA,"SPECIES","Trinectes maculatus (Bloch & Schneider, 1801)","Trinectes maculatus","(Bloch and Schneider, 1801)","US","Oyster grid.cell=17 sweep=1","Florida","PRESENT",1,"c3ad790a-d426-4ac1-8e32-da61f81f0117",25.32905,-81.076033,15,NA,NA,NA,2.04,0,"2005-10-10T11:37",10,10,2005,2408252,2408252,"HUMAN_OBSERVATION","USGS","Fall05",NA,NA,NA,NA,"CC0_1_0","","USGS",NA,NA,2025-01-31 19:47:04.34,"","GEODETIC_DATUM_INVALID;GEODETIC_DATUM_ASSUMED_WGS84;FOOTPRINT_WKT_INVALID;CONTINENT_DERIVED_FROM_COORDINATES;IDENTIFIED_DATE_INVALID;TYPE_STATUS_INVALID"
1271441336,"3cdabf9a-99da-4383-b6cc-10afee5fb854","1117644497","Animalia","Chordata",NA,"Pleuronectiformes","Achiridae","Trinectes","Trinectes maculatus",NA,"SPECIES","Trinectes maculatus (Bloch & Schneider, 1801)","Trinectes maculatus","(Bloch and Schneider, 1801)","US","N_Black_Pt grid.cell=27 sweep=4","Florida","PRESENT",1,"c3ad790a-d426-4ac1-8e32-da61f81f0117",25.61614,-80.30048,15,NA,NA,NA,1.76,0,"2007-09-12T10:00",12,9,2007,2408252,2408252,"HUMAN_OBSERVATION","USGS","Fall07",NA,NA,NA,NA,"CC0_1_0","","USGS",NA,NA,2025-01-31 19:47:12.57,"","GEODETIC_DATUM_INVALID;GEODETIC_DATUM_ASSUMED_WGS84;FOOTPRINT_WKT_INVALID;CONTINENT_DERIVED_FROM_COORDINATES;IDENTIFIED_DATE_INVALID;TYPE_STATUS_INVALID"
1271436064,"3cdabf9a-99da-4383-b6cc-10afee5fb854","1116644871","Animalia","Chordata",NA,"Pleuronectiformes","Achiridae","Trinectes","Trinectes maculatus",NA,"SPECIES","Trinectes maculatus (Bloch & Schneider, 1801)","Trinectes maculatus","(Bloch and Schneider, 1801)","US","Whitewater grid.cell=13 sweep=1","Florida","PRESENT",1,"c3ad790a-d426-4ac1-8e32-da61f81f0117",25.28289,-80.94652,15,NA,NA,NA,1.31,0,"2009-10-15T10:45",15,10,2009,2408252,2408252,"HUMAN_OBSERVATION","USGS","Fall09",NA,NA,NA,NA,"CC0_1_0","","USGS",NA,NA,2025-01-31 19:47:05.04,"","GEODETIC_DATUM_INVALID;GEODETIC_DATUM_ASSUMED_WGS84;FOOTPRINT_WKT_INVALID;CONTINENT_DERIVED_FROM_COORDINATES;IDENTIFIED_DATE_INVALID;TYPE_STATUS_INVALID"
1270991120,"cc7cd3f8-1ff5-4273-ad34-f89351392925","1115435916","Animalia","Chordata",NA,"Pleuronectiformes","Achiridae","Trinectes","Trinectes maculatus",NA,"SPECIES","Trinectes maculatus (Bloch & Schneider, 1801)","Trinectes maculatus","","US","Upper Laguna Madre Estuary","Texas","PRESENT",NA,"c3ad790a-d426-4ac1-8e32-da61f81f0117",27.274167,-97.691667,100,NA,NA,NA,0.9,0,"2008-04-23T13:44",23,4,2008,2408252,2408252,"HUMAN_OBSERVATION","TPWD","Upper Laguna Madre Trawl","",NA,"",NA,"CC0_1_0","","TPWD",NA,NA,2025-02-01 01:05:26.284,"","GEODETIC_DATUM_INVALID;GEODETIC_DATUM_ASSUMED_WGS84;CONTINENT_DERIVED_FROM_COORDINATES;OCCURRENCE_STATUS_UNPARSABLE"
1270991102,"cc7cd3f8-1ff5-4273-ad34-f89351392925","1115435910","Animalia","Chordata",NA,"Pleuronectiformes","Achiridae","Trinectes","Trinectes maculatus",NA,"SPECIES","Trinectes maculatus (Bloch & Schneider, 1801)","Trinectes maculatus","","US","Upper Laguna Madre Estuary","Texas","PRESENT",NA,"c3ad790a-d426-4ac1-8e32-da61f81f0117",27.29,-97.625,100,NA,NA,NA,1.4,0,"2008-05-28T13:58",28,5,2008,2408252,2408252,"HUMAN_OBSERVATION","TPWD","Upper Laguna Madre Trawl","",NA,"",NA,"CC0_1_0","","TPWD",NA,NA,2025-02-01 01:05:26.284,"","GEODETIC_DATUM_INVALID;GEODETIC_DATUM_ASSUMED_WGS84;CONTINENT_DERIVED_FROM_COORDINATES;OCCURRENCE_STATUS_UNPARSABLE"
1270990979,"cc7cd3f8-1ff5-4273-ad34-f89351392925","1115435848","Animalia","Chordata",NA,"Pleuronectiformes","Achiridae","Trinectes","Trinectes maculatus",NA,"SPECIES","Trinectes maculatus (Bloch & Schneider, 1801)","Trinectes maculatus","","US","Upper Laguna Madre Estuary","Texas","PRESENT",NA,"c3ad790a-d426-4ac1-8e32-da61f81f0117",27.322778,-97.643889,100,NA,NA,NA,1.6,0,"2008-01-22T14:57",22,1,2008,2408252,2408252,"HUMAN_OBSERVATION","TPWD","Upper Laguna Madre Trawl","",NA,"",NA,"CC0_1_0","","TPWD",NA,NA,2025-02-01 01:05:26.322,"","GEODETIC_DATUM_INVALID;GEODETIC_DATUM_ASSUMED_WGS84;CONTINENT_DERIVED_FROM_COORDINATES;OCCURRENCE_STATUS_UNPARSABLE"
1270990974,"cc7cd3f8-1ff5-4273-ad34-f89351392925","1115435780","Animalia","Chordata",NA,"Pleuronectiformes","Achiridae","Trinectes","Trinectes maculatus",NA,"SPECIES","Trinectes maculatus (Bloch & Schneider, 1801)","Trinectes maculatus","","US","Upper Laguna Madre Estuary","Texas","PRESENT",NA,"c3ad790a-d426-4ac1-8e32-da61f81f0117",27.341667,-97.675,100,NA,NA,NA,2.1,0,"2005-11-03T14:11",3,11,2005,2408252,2408252,"HUMAN_OBSERVATION","TPWD","Upper Laguna Madre Trawl","",NA,"",NA,"CC0_1_0","","TPWD",NA,NA,2025-02-01 01:05:25.8,"","GEODETIC_DATUM_INVALID;GEODETIC_DATUM_ASSUMED_WGS84;CONTINENT_DERIVED_FROM_COORDINATES;OCCURRENCE_STATUS_UNPARSABLE"
1270990637,"cc7cd3f8-1ff5-4273-ad34-f89351392925","1115435434","Animalia","Chordata",NA,"Pleuronectiformes","Achiridae","Trinectes","Trinectes maculatus",NA,"SPECIES","Trinectes maculatus (Bloch & Schneider, 1801)","Trinectes maculatus","","US","Upper Laguna Madre Estuary","Texas","PRESENT",NA,"c3ad790a-d426-4ac1-8e32-da61f81f0117",27.258611,-97.558333,100,NA,NA,NA,2.6,0,"2005-07-05T13:25",5,7,2005,2408252,2408252,"HUMAN_OBSERVATION","TPWD","Upper Laguna Madre Trawl","",NA,"",NA,"CC0_1_0","","TPWD",NA,NA,2025-02-01 01:05:25.693,"","GEODETIC_DATUM_INVALID;GEODETIC_DATUM_ASSUMED_WGS84;CONTINENT_DERIVED_FROM_COORDINATES;OCCURRENCE_STATUS_UNPARSABLE"
1270990559,"cc7cd3f8-1ff5-4273-ad34-f89351392925","1115435369","Animalia","Chordata",NA,"Pleuronectiformes","Achiridae","Trinectes","Trinectes maculatus",NA,"SPECIES","Trinectes maculatus (Bloch & Schneider, 1801)","Trinectes maculatus","","US","Upper Laguna Madre Estuary","Texas","PRESENT",NA,"c3ad790a-d426-4ac1-8e32-da61f81f0117",27.258333,-97.591667,100,NA,NA,NA,3.1,0,"2007-07-12T13:34",12,7,2007,2408252,2408252,"HUMAN_OBSERVATION","TPWD","Upper Laguna Madre Trawl","",NA,"",NA,"CC0_1_0","","TPWD",NA,NA,2025-02-01 01:05:26.068,"","GEODETIC_DATUM_INVALID;GEODETIC_DATUM_ASSUMED_WGS84;CONTINENT_DERIVED_FROM_COORDINATES;OCCURRENCE_STATUS_UNPARSABLE"
1270990369,"cc7cd3f8-1ff5-4273-ad34-f89351392925","1115435132","Animalia","Chordata",NA,"Pleuronectiformes","Achiridae","Trinectes","Trinectes maculatus",NA,"SPECIES","Trinectes maculatus (Bloch & Schneider, 1801)","Trinectes maculatus","","US","Upper Laguna Madre Estuary","Texas","PRESENT",NA,"c3ad790a-d426-4ac1-8e32-da61f81f0117",27.275,-97.560556,100,NA,NA,NA,2.2,0,"2008-03-05T13:56",5,3,2008,2408252,2408252,"HUMAN_OBSERVATION","TPWD","Upper Laguna Madre Trawl","",NA,"",NA,"CC0_1_0","","TPWD",NA,NA,2025-02-01 01:05:25.976,"","GEODETIC_DATUM_INVALID;GEODETIC_DATUM_ASSUMED_WGS84;CONTINENT_DERIVED_FROM_COORDINATES;OCCURRENCE_STATUS_UNPARSABLE"
1270990311,"cc7cd3f8-1ff5-4273-ad34-f89351392925","1115435043","Animalia","Chordata",NA,"Pleuronectiformes","Achiridae","Trinectes","Trinectes maculatus",NA,"SPECIES","Trinectes maculatus (Bloch & Schneider, 1801)","Trinectes maculatus","","US","Upper Laguna Madre Estuary","Texas","PRESENT",NA,"c3ad790a-d426-4ac1-8e32-da61f81f0117",27.273611,-97.591944,100,NA,NA,NA,3,0,"2007-07-11T11:23",11,7,2007,2408252,2408252,"HUMAN_OBSERVATION","TPWD","Upper Laguna Madre Trawl","",NA,"",NA,"CC0_1_0","","TPWD",NA,NA,2025-02-01 01:05:26.011,"","GEODETIC_DATUM_INVALID;GEODETIC_DATUM_ASSUMED_WGS84;CONTINENT_DERIVED_FROM_COORDINATES;OCCURRENCE_STATUS_UNPARSABLE"
1270990270,"cc7cd3f8-1ff5-4273-ad34-f89351392925","1115435091","Animalia","Chordata",NA,"Pleuronectiformes","Achiridae","Trinectes","Trinectes maculatus",NA,"SPECIES","Trinectes maculatus (Bloch & Schneider, 1801)","Trinectes maculatus","","US","Upper Laguna Madre Estuary","Texas","PRESENT",NA,"c3ad790a-d426-4ac1-8e32-da61f81f0117",27.275278,-97.575,100,NA,NA,NA,2.5,0,"2005-01-18T12:46",18,1,2005,2408252,2408252,"HUMAN_OBSERVATION","TPWD","Upper Laguna Madre Trawl","",NA,"",NA,"CC0_1_0","","TPWD",NA,NA,2025-02-01 01:05:26.037,"","GEODETIC_DATUM_INVALID;GEODETIC_DATUM_ASSUMED_WGS84;CONTINENT_DERIVED_FROM_COORDINATES;OCCURRENCE_STATUS_UNPARSABLE"
1270990258,"cc7cd3f8-1ff5-4273-ad34-f89351392925","1115435093","Animalia","Chordata",NA,"Pleuronectiformes","Achiridae","Trinectes","Trinectes maculatus",NA,"SPECIES","Trinectes maculatus (Bloch & Schneider, 1801)","Trinectes maculatus","","US","Upper Laguna Madre Estuary","Texas","PRESENT",NA,"c3ad790a-d426-4ac1-8e32-da61f81f0117",27.277222,-97.568333,100,NA,NA,NA,2.6,0,"2008-05-28T14:42",28,5,2008,2408252,2408252,"HUMAN_OBSERVATION","TPWD","Upper Laguna Madre Trawl","",NA,"",NA,"CC0_1_0","","TPWD",NA,NA,2025-02-01 01:05:26.036,"","GEODETIC_DATUM_INVALID;GEODETIC_DATUM_ASSUMED_WGS84;CONTINENT_DERIVED_FROM_COORDINATES;OCCURRENCE_STATUS_UNPARSABLE"
1270990256,"cc7cd3f8-1ff5-4273-ad34-f89351392925","1115435045","Animalia","Chordata",NA,"Pleuronectiformes","Achiridae","Trinectes","Trinectes maculatus",NA,"SPECIES","Trinectes maculatus (Bloch & Schneider, 1801)","Trinectes maculatus","","US","Upper Laguna Madre Estuary","Texas","PRESENT",NA,"c3ad790a-d426-4ac1-8e32-da61f81f0117",27.275,-97.591111,100,NA,NA,NA,2.7,0,"2008-08-25T11:33",25,8,2008,2408252,2408252,"HUMAN_OBSERVATION","TPWD","Upper Laguna Madre Trawl","",NA,"",NA,"CC0_1_0","","TPWD",NA,NA,2025-02-01 01:05:26.011,"","GEODETIC_DATUM_INVALID;GEODETIC_DATUM_ASSUMED_WGS84;CONTINENT_DERIVED_FROM_COORDINATES;OCCURRENCE_STATUS_UNPARSABLE"
1270990219,"cc7cd3f8-1ff5-4273-ad34-f89351392925","1115435134","Animalia","Chordata",NA,"Pleuronectiformes","Achiridae","Trinectes","Trinectes maculatus",NA,"SPECIES","Trinectes maculatus (Bloch & Schneider, 1801)","Trinectes maculatus","","US","Upper Laguna Madre Estuary","Texas","PRESENT",NA,"c3ad790a-d426-4ac1-8e32-da61f81f0117",27.275278,-97.558611,100,NA,NA,NA,2.6,0,"2005-09-19T15:42",19,9,2005,2408252,2408252,"HUMAN_OBSERVATION","TPWD","Upper Laguna Madre Trawl","",NA,"",NA,"CC0_1_0","","TPWD",NA,NA,2025-02-01 01:05:25.977,"","GEODETIC_DATUM_INVALID;GEODETIC_DATUM_ASSUMED_WGS84;CONTINENT_DERIVED_FROM_COORDINATES;OCCURRENCE_STATUS_UNPARSABLE"
1270990215,"cc7cd3f8-1ff5-4273-ad34-f89351392925","1115435040","Animalia","Chordata",NA,"Pleuronectiformes","Achiridae","Trinectes","Trinectes maculatus",NA,"SPECIES","Trinectes maculatus (Bloch & Schneider, 1801)","Trinectes maculatus","","US","Upper Laguna Madre Estuary","Texas","PRESENT",NA,"c3ad790a-d426-4ac1-8e32-da61f81f0117",27.2775,-97.610556,100,NA,NA,NA,2,0,"2007-12-10T12:07",10,12,2007,2408252,2408252,"HUMAN_OBSERVATION","TPWD","Upper Laguna Madre Trawl","",NA,"",NA,"CC0_1_0","","TPWD",NA,NA,2025-02-01 01:05:26.01,"","GEODETIC_DATUM_INVALID;GEODETIC_DATUM_ASSUMED_WGS84;CONTINENT_DERIVED_FROM_COORDINATES;OCCURRENCE_STATUS_UNPARSABLE"
1270990125,"cc7cd3f8-1ff5-4273-ad34-f89351392925","1115434972","Animalia","Chordata",NA,"Pleuronectiformes","Achiridae","Trinectes","Trinectes maculatus",NA,"SPECIES","Trinectes maculatus (Bloch & Schneider, 1801)","Trinectes maculatus","","US","Upper Laguna Madre Estuary","Texas","PRESENT",NA,"c3ad790a-d426-4ac1-8e32-da61f81f0117",27.291667,-97.425,100,NA,NA,NA,2.4,0,"2005-04-26T14:41",26,4,2005,2408252,2408252,"HUMAN_OBSERVATION","TPWD","Upper Laguna Madre Trawl","",NA,"",NA,"CC0_1_0","","TPWD",NA,NA,2025-02-01 01:05:26.17,"","GEODETIC_DATUM_INVALID;GEODETIC_DATUM_ASSUMED_WGS84;CONTINENT_DERIVED_FROM_COORDINATES;OCCURRENCE_STATUS_UNPARSABLE"
1270990010,"cc7cd3f8-1ff5-4273-ad34-f89351392925","1115434795","Animalia","Chordata",NA,"Pleuronectiformes","Achiridae","Trinectes","Trinectes maculatus",NA,"SPECIES","Trinectes maculatus (Bloch & Schneider, 1801)","Trinectes maculatus","","US","Upper Laguna Madre Estuary","Texas","PRESENT",NA,"c3ad790a-d426-4ac1-8e32-da61f81f0117",27.291389,-97.64,100,NA,NA,NA,2.5,0,"2008-04-23T14:50",23,4,2008,2408252,2408252,"HUMAN_OBSERVATION","TPWD","Upper Laguna Madre Trawl","",NA,"",NA,"CC0_1_0","","TPWD",NA,NA,2025-02-01 01:05:26.42,"","GEODETIC_DATUM_INVALID;GEODETIC_DATUM_ASSUMED_WGS84;CONTINENT_DERIVED_FROM_COORDINATES;OCCURRENCE_STATUS_UNPARSABLE"
1270989980,"cc7cd3f8-1ff5-4273-ad34-f89351392925","1115434816","Animalia","Chordata",NA,"Pleuronectiformes","Achiridae","Trinectes","Trinectes maculatus",NA,"SPECIES","Trinectes maculatus (Bloch & Schneider, 1801)","Trinectes maculatus","","US","Upper Laguna Madre Estuary","Texas","PRESENT",NA,"c3ad790a-d426-4ac1-8e32-da61f81f0117",27.288056,-97.624444,100,NA,NA,NA,0.9,0,"2008-09-05T13:00",5,9,2008,2408252,2408252,"HUMAN_OBSERVATION","TPWD","Upper Laguna Madre Trawl","",NA,"",NA,"CC0_1_0","","TPWD",NA,NA,2025-02-01 01:05:26.431,"","GEODETIC_DATUM_INVALID;GEODETIC_DATUM_ASSUMED_WGS84;CONTINENT_DERIVED_FROM_COORDINATES;OCCURRENCE_STATUS_UNPARSABLE"
1270989717,"cc7cd3f8-1ff5-4273-ad34-f89351392925","1115434566","Animalia","Chordata",NA,"Pleuronectiformes","Achiridae","Trinectes","Trinectes maculatus",NA,"SPECIES","Trinectes maculatus (Bloch & Schneider, 1801)","Trinectes maculatus","","US","Upper Laguna Madre Estuary","Texas","PRESENT",NA,"c3ad790a-d426-4ac1-8e32-da61f81f0117",27.341667,-97.525,100,NA,NA,NA,2.2,0,"2008-05-28T15:31",28,5,2008,2408252,2408252,"HUMAN_OBSERVATION","TPWD","Upper Laguna Madre Trawl","",NA,"",NA,"CC0_1_0","","TPWD",NA,NA,2025-02-01 01:05:26.342,"","GEODETIC_DATUM_INVALID;GEODETIC_DATUM_ASSUMED_WGS84;CONTINENT_DERIVED_FROM_COORDINATES;OCCURRENCE_STATUS_UNPARSABLE"
1270873296,"b902eee0-ecf4-4269-8af0-0e67d753b89a","1113710633","Animalia","Chordata",NA,"Pleuronectiformes","Achiridae","Trinectes","Trinectes maculatus",NA,"SPECIES","Trinectes maculatus (Bloch & Schneider, 1801)","Trinectes maculatus","","US","Sabine-Neches Estuary","Texas","PRESENT",NA,"c3ad790a-d426-4ac1-8e32-da61f81f0117",29.768333,-93.894444,100,NA,NA,NA,7.3,0,"2005-01-25T11:28",25,1,2005,2408252,2408252,"HUMAN_OBSERVATION","TPWD","Sabine Lake Bay Trawl","5095",NA,"",NA,"CC0_1_0","","TPWD",NA,NA,2025-02-01 00:34:19.886,"","GEODETIC_DATUM_INVALID;GEODETIC_DATUM_ASSUMED_WGS84;CONTINENT_DERIVED_FROM_COORDINATES;OCCURRENCE_STATUS_UNPARSABLE"
1270873285,"b902eee0-ecf4-4269-8af0-0e67d753b89a","1113710479","Animalia","Chordata",NA,"Pleuronectiformes","Achiridae","Trinectes","Trinectes maculatus",NA,"SPECIES","Trinectes maculatus (Bloch & Schneider, 1801)","Trinectes maculatus","","US","Sabine-Neches Estuary","Texas","PRESENT",NA,"c3ad790a-d426-4ac1-8e32-da61f81f0117",29.768889,-93.895556,100,NA,NA,NA,9.7,0,"2006-11-20T13:39",20,11,2006,2408252,2408252,"HUMAN_OBSERVATION","TPWD","Sabine Lake Bay Trawl","4558",NA,"",NA,"CC0_1_0","","TPWD",NA,NA,2025-02-01 00:34:19.975,"","GEODETIC_DATUM_INVALID;GEODETIC_DATUM_ASSUMED_WGS84;CONTINENT_DERIVED_FROM_COORDINATES;OCCURRENCE_STATUS_UNPARSABLE"
1270873278,"b902eee0-ecf4-4269-8af0-0e67d753b89a","1113710704","Animalia","Chordata",NA,"Pleuronectiformes","Achiridae","Trinectes","Trinectes maculatus",NA,"SPECIES","Trinectes maculatus (Bloch & Schneider, 1801)","Trinectes maculatus","","US","Sabine-Neches Estuary","Texas","PRESENT",NA,"c3ad790a-d426-4ac1-8e32-da61f81f0117",29.829444,-93.873889,100,NA,NA,NA,1.8,0,"2005-11-28T12:18",28,11,2005,2408252,2408252,"HUMAN_OBSERVATION","TPWD","Sabine Lake Bay Trawl","5322",NA,"",NA,"CC0_1_0","","TPWD",NA,NA,2025-02-01 00:34:19.766,"","GEODETIC_DATUM_INVALID;GEODETIC_DATUM_ASSUMED_WGS84;CONTINENT_DERIVED_FROM_COORDINATES;OCCURRENCE_STATUS_UNPARSABLE"
1270873264,"b902eee0-ecf4-4269-8af0-0e67d753b89a","1113709638","Animalia","Chordata",NA,"Pleuronectiformes","Achiridae","Trinectes","Trinectes maculatus",NA,"SPECIES","Trinectes maculatus (Bloch & Schneider, 1801)","Trinectes maculatus","","US","Sabine-Neches Estuary","Texas","PRESENT",NA,"c3ad790a-d426-4ac1-8e32-da61f81f0117",29.771944,-93.897222,100,NA,NA,NA,7.95,2.45,"2007-04-16T09:14",16,4,2007,2408252,2408252,"HUMAN_OBSERVATION","TPWD","Sabine Lake Bay Trawl","3041",NA,"",NA,"CC0_1_0","","TPWD",NA,NA,2025-02-01 00:34:19.885,"","GEODETIC_DATUM_INVALID;GEODETIC_DATUM_ASSUMED_WGS84;CONTINENT_DERIVED_FROM_COORDINATES;DEPTH_MIN_MAX_SWAPPED;OCCURRENCE_STATUS_UNPARSABLE"
1270873248,"b902eee0-ecf4-4269-8af0-0e67d753b89a","1113710192","Animalia","Chordata",NA,"Pleuronectiformes","Achiridae","Trinectes","Trinectes maculatus",NA,"SPECIES","Trinectes maculatus (Bloch & Schneider, 1801)","Trinectes maculatus","","US","Sabine-Neches Estuary","Texas","PRESENT",NA,"c3ad790a-d426-4ac1-8e32-da61f81f0117",29.7725,-93.897778,100,NA,NA,NA,8.25,3.35,"2008-12-18T14:11",18,12,2008,2408252,2408252,"HUMAN_OBSERVATION","TPWD","Sabine Lake Bay Trawl","3979",NA,"",NA,"CC0_1_0","","TPWD",NA,NA,2025-02-01 00:34:19.444,"","GEODETIC_DATUM_INVALID;GEODETIC_DATUM_ASSUMED_WGS84;CONTINENT_DERIVED_FROM_COORDINATES;DEPTH_MIN_MAX_SWAPPED;OCCURRENCE_STATUS_UNPARSABLE"
1270873243,"b902eee0-ecf4-4269-8af0-0e67d753b89a","1113709423","Animalia","Chordata",NA,"Pleuronectiformes","Achiridae","Trinectes","Trinectes maculatus",NA,"SPECIES","Trinectes maculatus (Bloch & Schneider, 1801)","Trinectes maculatus","","US","Sabine-Neches Estuary","Texas","PRESENT",NA,"c3ad790a-d426-4ac1-8e32-da61f81f0117",29.825,-93.913056,100,NA,NA,NA,2.1,0,"2005-09-07T09:47",7,9,2005,2408252,2408252,"HUMAN_OBSERVATION","TPWD","Sabine Lake Bay Trawl","2121",NA,"",NA,"CC0_1_0","","TPWD",NA,NA,2025-02-01 00:34:19.124,"","GEODETIC_DATUM_INVALID;GEODETIC_DATUM_ASSUMED_WGS84;CONTINENT_DERIVED_FROM_COORDINATES;OCCURRENCE_STATUS_UNPARSABLE"
1270873240,"b902eee0-ecf4-4269-8af0-0e67d753b89a","1113709301","Animalia","Chordata",NA,"Pleuronectiformes","Achiridae","Trinectes","Trinectes maculatus",NA,"SPECIES","Trinectes maculatus (Bloch & Schneider, 1801)","Trinectes maculatus","","US","Sabine-Neches Estuary","Texas","PRESENT",NA,"c3ad790a-d426-4ac1-8e32-da61f81f0117",29.948333,-93.763889,100,NA,NA,NA,1.8,0,"2005-04-07T11:18",7,4,2005,2408252,2408252,"HUMAN_OBSERVATION","TPWD","Sabine Lake Bay Trawl","1852",NA,"",NA,"CC0_1_0","","TPWD",NA,NA,2025-02-01 00:34:19.34,"","GEODETIC_DATUM_INVALID;GEODETIC_DATUM_ASSUMED_WGS84;CONTINENT_DERIVED_FROM_COORDINATES;OCCURRENCE_STATUS_UNPARSABLE"
1227754842,"50c9509d-22c7-4a22-a47d-8c48425ef4a7","http://www.inaturalist.org/observations/2485249","Animalia","Chordata",NA,"Pleuronectiformes","Achiridae","Trinectes","Trinectes maculatus",NA,"SPECIES","Trinectes maculatus (Bloch & Schneider, 1801)","Trinectes maculatus","","US","","South Carolina","PRESENT",NA,"28eb1a3f-1c15-4a95-931a-4af90ecb574d",32.563881,-80.181445,24,NA,NA,NA,NA,NA,"2015-12-17T11:03:06",17,12,2015,2408252,2408252,"HUMAN_OBSERVATION","iNaturalist","Observations","2485249",NA,"David Gardner",2015-12-17 19:14:19,"CC_BY_NC_4_0","David Gardner","David Gardner",NA,NA,2025-06-07 00:45:09.38,"StillImage","COORDINATE_ROUNDED;CONTINENT_DERIVED_FROM_COORDINATES;TAXON_MATCH_TAXON_ID_IGNORED"
1135344229,"50c9509d-22c7-4a22-a47d-8c48425ef4a7","http://www.inaturalist.org/observations/751562","Animalia","Chordata",NA,"Pleuronectiformes","Achiridae","Trinectes","Trinectes maculatus",NA,"SPECIES","Trinectes maculatus (Bloch & Schneider, 1801)","Trinectes maculatus","","US","","Alabama","PRESENT",NA,"28eb1a3f-1c15-4a95-931a-4af90ecb574d",30.256102,-88.05027,564,NA,NA,NA,NA,NA,"2014-06-23T15:48:16",23,6,2014,2408252,2408252,"HUMAN_OBSERVATION","iNaturalist","Observations","751562",NA,"clcscience",2014-06-24 02:37:51,"CC_BY_NC_4_0","clcscience","clcscience",NA,NA,2025-06-07 02:30:45.107,"StillImage","CONTINENT_DERIVED_FROM_COORDINATES;TAXON_MATCH_TAXON_ID_IGNORED"
