"gbifID","datasetKey","occurrenceID","kingdom","phylum","class","order","family","genus","species","infraspecificEpithet","taxonRank","scientificName","verbatimScientificName","verbatimScientificNameAuthorship","countryCode","locality","stateProvince","occurrenceStatus","individualCount","publishingOrgKey","decimalLatitude","decimalLongitude","coordinateUncertaintyInMeters","coordinatePrecision","elevation","elevationAccuracy","depth","depthAccuracy","eventDate","day","month","year","taxonKey","speciesKey","basisOfRecord","institutionCode","collectionCode","catalogNumber","recordNumber","identifiedBy","dateIdentified","license","rightsHolder","recordedBy","typeStatus","establishmentMeans","lastInterpreted","mediaType","issue"
5104262795,"50c9509d-22c7-4a22-a47d-8c48425ef4a7","https://www.inaturalist.org/observations/151038964","Animalia","Chordata",NA,"Perciformes","Gobiidae","Ctenogobius","Ctenogobius boleosoma",NA,"SPECIES","Ctenogobius boleosoma (Jordan & Gilbert, 1882)","Ctenogobius boleosoma","","BR","","Espírito Santo","PRESENT",NA,"28eb1a3f-1c15-4a95-931a-4af90ecb574d",-20.271985,-40.254246,NA,NA,NA,NA,NA,NA,"2023-03-07T10:04",7,3,2023,2375376,2375376,"HUMAN_OBSERVATION","iNaturalist","Observations","151038964","","Lucas Rodrigues",2025-03-17 01:41:27,"CC_BY_NC_4_0","Leonardo Merçon","Leonardo Merçon",NA,NA,2025-06-07 00:37:48.493,"StillImage","COORDINATE_ROUNDED;CONTINENT_DERIVED_FROM_COORDINATES;TAXON_MATCH_TAXON_ID_IGNORED"
4987581738,"50c9509d-22c7-4a22-a47d-8c48425ef4a7","https://www.inaturalist.org/observations/161507477","Animalia","Chordata",NA,"Perciformes","Gobiidae","Ctenogobius","Ctenogobius boleosoma",NA,"SPECIES","Ctenogobius boleosoma (Jordan & Gilbert, 1882)","Ctenogobius boleosoma","","US","","Texas","PRESENT",NA,"28eb1a3f-1c15-4a95-931a-4af90ecb574d",29.334307,-94.750004,NA,NA,NA,NA,NA,NA,"2023-05-13T17:37:48",13,5,2023,2375376,2375376,"HUMAN_OBSERVATION","iNaturalist","Observations","161507477","","Mitchel Buckner",2023-05-13 23:31:17,"CC_BY_NC_4_0","Mitchel Buckner","Mitchel Buckner",NA,NA,2025-06-07 00:52:34.313,"StillImage","COORDINATE_ROUNDED;CONTINENT_DERIVED_FROM_COORDINATES;TAXON_MATCH_TAXON_ID_IGNORED"
4978534337,"50c9509d-22c7-4a22-a47d-8c48425ef4a7","https://www.inaturalist.org/observations/236991474","Animalia","Chordata",NA,"Perciformes","Gobiidae","Ctenogobius","Ctenogobius boleosoma",NA,"SPECIES","Ctenogobius boleosoma (Jordan & Gilbert, 1882)","Ctenogobius boleosoma","","US","","New York","PRESENT",NA,"28eb1a3f-1c15-4a95-931a-4af90ecb574d",40.842095,-72.49872,4,NA,NA,NA,NA,NA,"2024-08-20T14:21:44",20,8,2024,2375376,2375376,"HUMAN_OBSERVATION","iNaturalist","Observations","236991474","","Zakqary Roy",2024-08-20 21:38:42,"CC_BY_4_0","David LaMagna","David LaMagna",NA,NA,2025-06-07 03:03:42.857,"StillImage","CONTINENT_DERIVED_FROM_COORDINATES;TAXON_MATCH_TAXON_ID_IGNORED"
4973796682,"50c9509d-22c7-4a22-a47d-8c48425ef4a7","https://www.inaturalist.org/observations/8950361","Animalia","Chordata",NA,"Perciformes","Gobiidae","Ctenogobius","Ctenogobius boleosoma",NA,"SPECIES","Ctenogobius boleosoma (Jordan & Gilbert, 1882)","Ctenogobius boleosoma","","US","","Texas","PRESENT",NA,"28eb1a3f-1c15-4a95-931a-4af90ecb574d",27.64145,-97.202545,5,NA,NA,NA,NA,NA,"2017-11-23T15:23:09",23,11,2017,2375376,2375376,"HUMAN_OBSERVATION","iNaturalist","Observations","8950361","","Anthony Gill",2017-11-28 05:36:27,"CC_BY_4_0","Adam Cohen","Adam Cohen",NA,NA,2025-06-07 00:04:42.622,"StillImage","CONTINENT_DERIVED_FROM_COORDINATES;TAXON_MATCH_TAXON_ID_IGNORED"
4949895724,"50c9509d-22c7-4a22-a47d-8c48425ef4a7","https://www.inaturalist.org/observations/228676276","Animalia","Chordata",NA,"Perciformes","Gobiidae","Ctenogobius","Ctenogobius boleosoma",NA,"SPECIES","Ctenogobius boleosoma (Jordan & Gilbert, 1882)","Ctenogobius boleosoma","","US","","North Carolina","PRESENT",NA,"28eb1a3f-1c15-4a95-931a-4af90ecb574d",35.768287,-75.527527,122,NA,NA,NA,NA,NA,"2024-07-11T04:46",11,7,2024,2375376,2375376,"HUMAN_OBSERVATION","iNaturalist","Observations","228676276","","Zakqary Roy",2024-07-11 18:33:32,"CC_BY_4_0","Zakqary Roy","Zakqary Roy",NA,NA,2025-06-07 00:59:28.243,"StillImage","COORDINATE_ROUNDED;CONTINENT_DERIVED_FROM_COORDINATES;TAXON_MATCH_TAXON_ID_IGNORED"
4945871722,"50c9509d-22c7-4a22-a47d-8c48425ef4a7","https://www.inaturalist.org/observations/239779563","Animalia","Chordata",NA,"Perciformes","Gobiidae","Ctenogobius","Ctenogobius boleosoma",NA,"SPECIES","Ctenogobius boleosoma (Jordan & Gilbert, 1882)","Ctenogobius boleosoma","","US","","New York","PRESENT",NA,"28eb1a3f-1c15-4a95-931a-4af90ecb574d",40.840832,-72.498854,NA,NA,NA,NA,NA,NA,"2024-09-03T23:50:41",3,9,2024,2375376,2375376,"HUMAN_OBSERVATION","iNaturalist","Observations","239779563","","Alexis Desmarais",2024-09-04 12:45:53,"CC_BY_NC_4_0","Alexis Desmarais","Alexis Desmarais",NA,NA,2025-06-07 02:14:35.821,"StillImage","COORDINATE_ROUNDED;CONTINENT_DERIVED_FROM_COORDINATES;TAXON_MATCH_TAXON_ID_IGNORED"
4935976356,"50c9509d-22c7-4a22-a47d-8c48425ef4a7","https://www.inaturalist.org/observations/237673357","Animalia","Chordata",NA,"Perciformes","Gobiidae","Ctenogobius","Ctenogobius boleosoma",NA,"SPECIES","Ctenogobius boleosoma (Jordan & Gilbert, 1882)","Ctenogobius boleosoma","","PR","","Luquillo","PRESENT",NA,"28eb1a3f-1c15-4a95-931a-4af90ecb574d",18.381187,-65.736275,22,NA,NA,NA,NA,NA,"2024-08-14T19:53:10",14,8,2024,2375376,2375376,"HUMAN_OBSERVATION","iNaturalist","Observations","237673357","","Charlie Mellor",2024-08-24 16:50:19,"CC_BY_NC_4_0","Charlie Mellor","Charlie Mellor",NA,NA,2025-06-07 00:51:22.193,"StillImage","COORDINATE_ROUNDED;CONTINENT_DERIVED_FROM_COORDINATES;TAXON_MATCH_TAXON_ID_IGNORED"
4908514003,"50c9509d-22c7-4a22-a47d-8c48425ef4a7","https://www.inaturalist.org/observations/228218483","Animalia","Chordata",NA,"Perciformes","Gobiidae","Ctenogobius","Ctenogobius boleosoma",NA,"SPECIES","Ctenogobius boleosoma (Jordan & Gilbert, 1882)","Ctenogobius boleosoma","","US","","North Carolina","PRESENT",NA,"28eb1a3f-1c15-4a95-931a-4af90ecb574d",35.767708,-75.526245,4,NA,NA,NA,NA,NA,"2024-07-09T04:48:12",9,7,2024,2375376,2375376,"HUMAN_OBSERVATION","iNaturalist","Observations","228218483","","Zakqary Roy",2024-07-09 12:06:42,"CC_BY_4_0","Zakqary Roy","Zakqary Roy",NA,NA,2025-06-07 00:56:49.612,"StillImage","COORDINATE_ROUNDED;CONTINENT_DERIVED_FROM_COORDINATES;TAXON_MATCH_TAXON_ID_IGNORED"
4870037666,"038f4398-50d3-4643-86f3-a0dceba96125","Invemar:ExpedicionBIOTukakas:Observ_PEC_42:EBTP23-43","Animalia","Chordata",NA,"Perciformes","Gobiidae","Ctenogobius","Ctenogobius boleosoma",NA,"SPECIES","Ctenogobius boleosoma (Jordan & Gilbert, 1882)","Ctenogobius boleosoma","(Jordan & Gilbert, 1882)","CO","Canal de acceso a la bahía Tukakas. Área 4 - Praderas de pastos marinos","La Guajira","PRESENT",1,"f072f648-b8a4-47a0-9e1c-89d790645b5a",11.91322,-71.29018,30,NA,NA,NA,1.1,0.4,"2023-04-28",28,4,2023,2375376,2375376,"HUMAN_OBSERVATION","Instituto de Investigaciones Marinas y Costeras José Benito Vives de Andreis (INVEMAR)","","","42 | EBTP23-43","Arturo Acero Pizarro;Natalia Rivas Escobar;Alejandro Rodriguez Sanchez",2023-04-28,"CC_BY_NC_4_0","INVEMAR","Natalia Rivas Escobar",NA,NA,2025-01-31 17:08:53.793,"",""
4855867348,"157ed25f-beb2-4ceb-aebc-98f66fa5ed0d","BR_TOTALENERGIES_EBS_Margem_Equatorial_Blocos CE-M-661_CE-M-715_CE-M-717_CE-M-665_Bacia do Ceara_Ictioplancton_Estacao  11_rede_500_2015:10","Animalia","Chordata",NA,"Perciformes","Gobiidae","Ctenogobius","Ctenogobius boleosoma",NA,"SPECIES","Ctenogobius boleosoma (Jordan & Gilbert, 1882)","Ctenogobius boleosoma","(Jordan & Gilbert, 1882)","BR","Bacia do Ceará","Ceará","PRESENT",NA,"728e3362-3063-4a43-a6cf-71d61b50025b",-2.649672,-38.721933,NA,NA,NA,NA,NA,NA,"2015-01-29",29,1,2015,2375376,2375376,"HUMAN_OBSERVATION","TEEPBR","","","","Sergio Bonecker",NA,"CC_BY_NC_4_0","TotalEnergies EP Brasil","Paula Castellões",NA,NA,2025-01-31 17:56:08.408,"","GEODETIC_DATUM_INVALID;GEODETIC_DATUM_ASSUMED_WGS84;CONTINENT_COORDINATE_MISMATCH"
4600109609,"50c9509d-22c7-4a22-a47d-8c48425ef4a7","https://www.inaturalist.org/observations/203880365","Animalia","Chordata",NA,"Perciformes","Gobiidae","Ctenogobius","Ctenogobius boleosoma",NA,"SPECIES","Ctenogobius boleosoma (Jordan & Gilbert, 1882)","Ctenogobius boleosoma","","US","","Florida","PRESENT",NA,"28eb1a3f-1c15-4a95-931a-4af90ecb574d",30.307111,-86.081929,2321,NA,NA,NA,NA,NA,"2024-03-24T20:00:29",24,3,2024,2375376,2375376,"HUMAN_OBSERVATION","iNaturalist","Observations","203880365","","eecm",2024-03-25 12:51:47,"CC_BY_NC_4_0","eecm","eecm",NA,NA,2025-06-07 02:00:40.672,"","COORDINATE_ROUNDED;CONTINENT_DERIVED_FROM_COORDINATES;TAXON_MATCH_TAXON_ID_IGNORED"
4596969387,"50c9509d-22c7-4a22-a47d-8c48425ef4a7","https://www.inaturalist.org/observations/201912827","Animalia","Chordata",NA,"Perciformes","Gobiidae","Ctenogobius","Ctenogobius boleosoma",NA,"SPECIES","Ctenogobius boleosoma (Jordan & Gilbert, 1882)","Ctenogobius boleosoma","","US","","Florida","PRESENT",NA,"28eb1a3f-1c15-4a95-931a-4af90ecb574d",30.392669,-81.608108,488,NA,NA,NA,NA,NA,"2024-03-04T21:21",4,3,2024,2375376,2375376,"HUMAN_OBSERVATION","iNaturalist","Observations","201912827","","FishListen",2024-03-10 13:24:37,"CC_BY_NC_4_0","FishListen","FishListen",NA,NA,2025-06-07 00:46:53.061,"StillImage","COORDINATE_ROUNDED;CONTINENT_DERIVED_FROM_COORDINATES;TAXON_MATCH_TAXON_ID_IGNORED"
4525253252,"50c9509d-22c7-4a22-a47d-8c48425ef4a7","https://www.inaturalist.org/observations/199673672","Animalia","Chordata",NA,"Perciformes","Gobiidae","Ctenogobius","Ctenogobius boleosoma",NA,"SPECIES","Ctenogobius boleosoma (Jordan & Gilbert, 1882)","Ctenogobius boleosoma","","PR","","Toa Baja","PRESENT",NA,"28eb1a3f-1c15-4a95-931a-4af90ecb574d",18.460855,-66.18874,22,NA,NA,NA,NA,NA,"2024-02-17T21:36:10",17,2,2024,2375376,2375376,"HUMAN_OBSERVATION","iNaturalist","Observations","199673672","","IHUNTA",2024-02-18 14:14:56,"CC_BY_NC_4_0","IHUNTA","IHUNTA",NA,NA,2025-06-07 00:54:14.761,"StillImage","COORDINATE_ROUNDED;CONTINENT_DERIVED_FROM_COORDINATES;TAXON_MATCH_TAXON_ID_IGNORED"
4522522200,"50c9509d-22c7-4a22-a47d-8c48425ef4a7","https://www.inaturalist.org/observations/181737641","Animalia","Chordata",NA,"Perciformes","Gobiidae","Ctenogobius","Ctenogobius boleosoma",NA,"SPECIES","Ctenogobius boleosoma (Jordan & Gilbert, 1882)","Ctenogobius boleosoma","","US","","Florida","PRESENT",NA,"28eb1a3f-1c15-4a95-931a-4af90ecb574d",30.5084,-81.454274,23,NA,NA,NA,NA,NA,"2023-09-03T17:59:47",3,9,2023,2375376,2375376,"HUMAN_OBSERVATION","iNaturalist","Observations","181737641","","Nikhil Reddy",2023-09-07 01:50:18,"CC_BY_NC_4_0","Nikhil Reddy","Nikhil Reddy",NA,NA,2025-06-07 00:57:05.337,"StillImage","COORDINATE_ROUNDED;CONTINENT_DERIVED_FROM_COORDINATES;TAXON_MATCH_TAXON_ID_IGNORED"
4522500994,"50c9509d-22c7-4a22-a47d-8c48425ef4a7","https://www.inaturalist.org/observations/190705801","Animalia","Chordata",NA,"Perciformes","Gobiidae","Ctenogobius","Ctenogobius boleosoma",NA,"SPECIES","Ctenogobius boleosoma (Jordan & Gilbert, 1882)","Ctenogobius boleosoma","","US","","Texas","PRESENT",NA,"28eb1a3f-1c15-4a95-931a-4af90ecb574d",26.095499,-97.168353,14,NA,NA,NA,NA,NA,"2023-11-10T23:15:29",10,11,2023,2375376,2375376,"HUMAN_OBSERVATION","iNaturalist","Observations","190705801","","Mitchel Buckner",2024-02-13 21:14:09,"CC_BY_4_0","Adrian Torres B.","Adrian Torres B.",NA,NA,2025-06-07 02:46:35.061,"StillImage","COORDINATE_ROUNDED;CONTINENT_DERIVED_FROM_COORDINATES;TAXON_MATCH_TAXON_ID_IGNORED"
4507481093,"abf90c1a-fd3e-4fda-be8b-827bbe361148","BR_TOTALENERGIES_EBS_LPA-FIELD_SANTOS-BASIN_Ictioplancton_Estacao 1_rede_500_2018:6","Animalia","Chordata",NA,"Perciformes","Gobiidae","Ctenogobius","Ctenogobius boleosoma",NA,"SPECIES","Ctenogobius boleosoma (Jordan & Gilbert, 1882)","Ctenogobius boleosoma","","BR","Bacia de Santos","São Paulo","PRESENT",NA,"728e3362-3063-4a43-a6cf-71d61b50025b",-25.6365,-43.5418,NA,NA,NA,NA,NA,NA,"2018-07-01",1,7,2018,2375376,2375376,"HUMAN_OBSERVATION","TEEPBR","","","","Sergio Bonecker",NA,"CC_BY_NC_4_0","TotalEnergies EP Brasil","Paula Castellões",NA,NA,2025-02-01 00:11:32.734,"","GEODETIC_DATUM_INVALID;GEODETIC_DATUM_ASSUMED_WGS84;CONTINENT_COORDINATE_MISMATCH"
4436361906,"50c9509d-22c7-4a22-a47d-8c48425ef4a7","https://www.inaturalist.org/observations/189604259","Animalia","Chordata",NA,"Perciformes","Gobiidae","Ctenogobius","Ctenogobius boleosoma",NA,"SPECIES","Ctenogobius boleosoma (Jordan & Gilbert, 1882)","Ctenogobius boleosoma","","US","","Texas","PRESENT",NA,"28eb1a3f-1c15-4a95-931a-4af90ecb574d",29.231784,-94.922893,50,NA,NA,NA,NA,NA,"2023-10-28T14:01:27",28,10,2023,2375376,2375376,"HUMAN_OBSERVATION","iNaturalist","Observations","189604259","","eisenbachd1110",2023-10-31 21:27:26,"CC_BY_NC_4_0","eisenbachd1110","eisenbachd1110",NA,NA,2025-06-07 02:05:24.52,"StillImage","COORDINATE_ROUNDED;CONTINENT_DERIVED_FROM_COORDINATES;TAXON_MATCH_TAXON_ID_IGNORED"
4413674634,"50c9509d-22c7-4a22-a47d-8c48425ef4a7","https://www.inaturalist.org/observations/182656573","Animalia","Chordata",NA,"Perciformes","Gobiidae","Ctenogobius","Ctenogobius boleosoma",NA,"SPECIES","Ctenogobius boleosoma (Jordan & Gilbert, 1882)","Ctenogobius boleosoma","","US","","New York","PRESENT",NA,"28eb1a3f-1c15-4a95-931a-4af90ecb574d",40.843961,-72.511192,51,NA,NA,NA,NA,NA,"2023-09-09T00:28:16",9,9,2023,2375376,2375376,"HUMAN_OBSERVATION","iNaturalist","Observations","182656573","","michael_zambardino",2023-09-10 16:27:37,"CC_BY_NC_4_0","michael_zambardino","michael_zambardino",NA,NA,2025-06-07 01:15:14.17,"StillImage","COORDINATE_ROUNDED;CONTINENT_DERIVED_FROM_COORDINATES;TAXON_MATCH_TAXON_ID_IGNORED"
4413416319,"50c9509d-22c7-4a22-a47d-8c48425ef4a7","https://www.inaturalist.org/observations/25649147","Animalia","Chordata",NA,"Perciformes","Gobiidae","Ctenogobius","Ctenogobius boleosoma",NA,"SPECIES","Ctenogobius boleosoma (Jordan & Gilbert, 1882)","Ctenogobius boleosoma","","BR","","Bahia","PRESENT",NA,"28eb1a3f-1c15-4a95-931a-4af90ecb574d",-13.935128,-38.927314,31,NA,NA,NA,NA,NA,"2019-05-20",20,5,2019,2375376,2375376,"HUMAN_OBSERVATION","iNaturalist","Observations","25649147","","Raphael Macieira",2020-02-27 18:41:48,"CC_BY_NC_4_0","Régis Rafael Hryçai","Régis Rafael Hryçai",NA,NA,2025-06-06 23:50:39.613,"","COORDINATE_ROUNDED;CONTINENT_DERIVED_FROM_COORDINATES;TAXON_MATCH_TAXON_ID_IGNORED"
4405479710,"50c9509d-22c7-4a22-a47d-8c48425ef4a7","https://www.inaturalist.org/observations/180197647","Animalia","Chordata",NA,"Perciformes","Gobiidae","Ctenogobius","Ctenogobius boleosoma",NA,"SPECIES","Ctenogobius boleosoma (Jordan & Gilbert, 1882)","Ctenogobius boleosoma","","US","","Massachusetts","PRESENT",NA,"28eb1a3f-1c15-4a95-931a-4af90ecb574d",41.516573,-71.006658,22,NA,NA,NA,NA,NA,"2023-08-24T09:30",24,8,2023,2375376,2375376,"HUMAN_OBSERVATION","iNaturalist","Observations","180197647","","Spencer Lott",2023-08-26 00:06:18,"CC_BY_NC_4_0","Spencer Lott","Spencer Lott",NA,NA,2025-06-07 00:49:50.144,"StillImage","COORDINATE_ROUNDED;CONTINENT_DERIVED_FROM_COORDINATES;TAXON_MATCH_TAXON_ID_IGNORED"
4145459600,"50c9509d-22c7-4a22-a47d-8c48425ef4a7","https://www.inaturalist.org/observations/170107870","Animalia","Chordata",NA,"Perciformes","Gobiidae","Ctenogobius","Ctenogobius boleosoma",NA,"SPECIES","Ctenogobius boleosoma (Jordan & Gilbert, 1882)","Ctenogobius boleosoma","","US","","Texas","PRESENT",NA,"28eb1a3f-1c15-4a95-931a-4af90ecb574d",28.489738,-96.450972,3,NA,NA,NA,NA,NA,"2023-06-28T09:04:15",28,6,2023,2375376,2375376,"HUMAN_OBSERVATION","iNaturalist","Observations","170107870","","Mitchel Buckner",2023-06-29 17:23:18,"CC_BY_NC_4_0","johnwilliams","johnwilliams",NA,NA,2025-06-06 23:58:34.022,"StillImage","COORDINATE_ROUNDED;CONTINENT_DERIVED_FROM_COORDINATES;TAXON_MATCH_TAXON_ID_IGNORED"
4107359354,"d651a91d-52c1-45b3-a781-75a8ca846e4f","OBC-IAvH:ECORESERVAS:SANTANTERO:PECES:ESPECIMENPRESERVADO:I2D-BIO_2023_018:52","Animalia","Chordata",NA,"Perciformes","Gobiidae","Ctenogobius","Ctenogobius boleosoma",NA,"SPECIES","Ctenogobius boleosoma (Jordan & Gilbert, 1882)","Ctenogobius boleosoma","(Jordan & Gilbert 1882)","CO","""Colombia, Córdoba, San Antero, Vereda Porvenir - sector Carbonera, Desembocadura Quebrada Carbonera - zona de manglar, lat: 9°24' 40,920"""" N, long: 75°42' 53,520"""" W, 9m. Punto fuera de la ecoreserva.""","Córdoba","PRESENT",NA,"c3da1f49-b2c8-4751-b72f-28855546ec4c",9.4114,-75.7149,NA,NA,9,0,NA,NA,"2022-09-21",21,9,2022,2375376,2375376,"HUMAN_OBSERVATION","Oleoducto Bicentenario de Colombia S.A.S. (OBC)","Colección de Peces del Instituto de Investigación de Recursos Biológicos Alexander von Humboldt (IAvH-P)","IAvH-P-30366","P19_A","Susana Bernal Sierra",2022-11-16,"CC_BY_NC_4_0","","Yuliana Chala Velásquez;Magda Susana Bernal",NA,NA,2025-02-01 01:21:57.379,"",""
4091597385,"50c9509d-22c7-4a22-a47d-8c48425ef4a7","https://www.inaturalist.org/observations/94070358","Animalia","Chordata",NA,"Perciformes","Gobiidae","Ctenogobius","Ctenogobius boleosoma",NA,"SPECIES","Ctenogobius boleosoma (Jordan & Gilbert, 1882)","Ctenogobius boleosoma","","US","","Massachusetts","PRESENT",NA,"28eb1a3f-1c15-4a95-931a-4af90ecb574d",41.513228,-70.997086,8,NA,NA,NA,NA,NA,"2021-09-07T16:43",7,9,2021,2375376,2375376,"HUMAN_OBSERVATION","iNaturalist","Observations","94070358","","Mitchel Buckner",2022-04-23 19:22:03,"CC_BY_NC_4_0","Derek Garvey","Derek Garvey",NA,NA,2025-06-07 01:04:33.524,"StillImage","COORDINATE_ROUNDED;CONTINENT_DERIVED_FROM_COORDINATES;TAXON_MATCH_TAXON_ID_IGNORED"
4075918731,"50c9509d-22c7-4a22-a47d-8c48425ef4a7","https://www.inaturalist.org/observations/152458872","Animalia","Chordata",NA,"Perciformes","Gobiidae","Ctenogobius","Ctenogobius boleosoma",NA,"SPECIES","Ctenogobius boleosoma (Jordan & Gilbert, 1882)","Ctenogobius boleosoma","","US","","North Carolina","PRESENT",NA,"28eb1a3f-1c15-4a95-931a-4af90ecb574d",33.927988,-78.059394,4,NA,NA,NA,NA,NA,"2023-03-26T20:55:12",26,3,2023,2375376,2375376,"HUMAN_OBSERVATION","iNaturalist","Observations","152458872","","Cole Tiemann",2023-03-27 02:13:19,"CC_BY_NC_4_0","Cole Tiemann","Cole Tiemann",NA,NA,2025-06-07 01:10:43.069,"StillImage","COORDINATE_ROUNDED;CONTINENT_DERIVED_FROM_COORDINATES;TAXON_MATCH_TAXON_ID_IGNORED"
4046620366,"50c9509d-22c7-4a22-a47d-8c48425ef4a7","https://www.inaturalist.org/observations/149868075","Animalia","Chordata",NA,"Perciformes","Gobiidae","Ctenogobius","Ctenogobius boleosoma",NA,"SPECIES","Ctenogobius boleosoma (Jordan & Gilbert, 1882)","Ctenogobius boleosoma","","US","","North Carolina","PRESENT",NA,"28eb1a3f-1c15-4a95-931a-4af90ecb574d",33.92807,-78.059355,4,NA,NA,NA,NA,NA,"2023-02-27T18:38:07",27,2,2023,2375376,2375376,"HUMAN_OBSERVATION","iNaturalist","Observations","149868075","","Cole Tiemann",2023-02-28 00:56:12,"CC_BY_NC_4_0","Cole Tiemann","Cole Tiemann",NA,NA,2025-06-07 00:49:49.35,"StillImage","COORDINATE_ROUNDED;CONTINENT_DERIVED_FROM_COORDINATES;TAXON_MATCH_TAXON_ID_IGNORED"
4009745638,"50c9509d-22c7-4a22-a47d-8c48425ef4a7","https://www.inaturalist.org/observations/142112056","Animalia","Chordata",NA,"Perciformes","Gobiidae","Ctenogobius","Ctenogobius boleosoma",NA,"SPECIES","Ctenogobius boleosoma (Jordan & Gilbert, 1882)","Ctenogobius boleosoma","","US","","North Carolina","PRESENT",NA,"28eb1a3f-1c15-4a95-931a-4af90ecb574d",35.794205,-75.547945,8,NA,NA,NA,NA,NA,"2022-11-14T19:28:13",14,11,2022,2375376,2375376,"HUMAN_OBSERVATION","iNaturalist","Observations","142112056","","Cole Tiemann",2022-11-16 01:40:28,"CC_BY_NC_4_0","Cole Tiemann","Cole Tiemann",NA,NA,2025-06-07 01:05:36.008,"StillImage","CONTINENT_DERIVED_FROM_COORDINATES;TAXON_MATCH_TAXON_ID_IGNORED"
3988507744,"50c9509d-22c7-4a22-a47d-8c48425ef4a7","https://www.inaturalist.org/observations/143320917","Animalia","Chordata",NA,"Perciformes","Gobiidae","Ctenogobius","Ctenogobius boleosoma",NA,"SPECIES","Ctenogobius boleosoma (Jordan & Gilbert, 1882)","Ctenogobius boleosoma","","US","","North Carolina","PRESENT",NA,"28eb1a3f-1c15-4a95-931a-4af90ecb574d",33.92758,-78.059136,4,NA,NA,NA,NA,NA,"2022-11-29T20:21:41",29,11,2022,2375376,2375376,"HUMAN_OBSERVATION","iNaturalist","Observations","143320917","","Cole Tiemann",2022-11-30 02:32:48,"CC_BY_NC_4_0","Cole Tiemann","Cole Tiemann",NA,NA,2025-06-07 02:40:12.333,"StillImage","COORDINATE_ROUNDED;CONTINENT_DERIVED_FROM_COORDINATES;TAXON_MATCH_TAXON_ID_IGNORED"
3986085295,"50c9509d-22c7-4a22-a47d-8c48425ef4a7","https://www.inaturalist.org/observations/142340675","Animalia","Chordata",NA,"Perciformes","Gobiidae","Ctenogobius","Ctenogobius boleosoma",NA,"SPECIES","Ctenogobius boleosoma (Jordan & Gilbert, 1882)","Ctenogobius boleosoma","","US","","North Carolina","PRESENT",NA,"28eb1a3f-1c15-4a95-931a-4af90ecb574d",33.927363,-78.059114,4,NA,NA,NA,NA,NA,"2022-11-18T21:04:10",18,11,2022,2375376,2375376,"HUMAN_OBSERVATION","iNaturalist","Observations","142340675","","Cole Tiemann",2022-11-19 04:19:36,"CC_BY_NC_4_0","Cole Tiemann","Cole Tiemann",NA,NA,2025-06-07 01:31:14.214,"StillImage","COORDINATE_ROUNDED;CONTINENT_DERIVED_FROM_COORDINATES;TAXON_MATCH_TAXON_ID_IGNORED"
3860812417,"50c9509d-22c7-4a22-a47d-8c48425ef4a7","https://www.inaturalist.org/observations/125100972","Animalia","Chordata",NA,"Perciformes","Gobiidae","Ctenogobius","Ctenogobius boleosoma",NA,"SPECIES","Ctenogobius boleosoma (Jordan & Gilbert, 1882)","Ctenogobius boleosoma","","US","","Florida","PRESENT",NA,"28eb1a3f-1c15-4a95-931a-4af90ecb574d",30.402097,-86.606712,10,NA,NA,NA,NA,NA,"2022-03-19T23:48:09",19,3,2022,2375376,2375376,"HUMAN_OBSERVATION","iNaturalist","Observations","125100972","","IHUNTA",2022-07-07 00:05:37,"CC_BY_NC_4_0","IHUNTA","IHUNTA",NA,NA,2025-06-07 01:41:50.53,"StillImage","COORDINATE_ROUNDED;CONTINENT_DERIVED_FROM_COORDINATES;TAXON_MATCH_TAXON_ID_IGNORED"
3773464254,"50c9509d-22c7-4a22-a47d-8c48425ef4a7","https://www.inaturalist.org/observations/116568739","Animalia","Chordata",NA,"Perciformes","Gobiidae","Ctenogobius","Ctenogobius boleosoma",NA,"SPECIES","Ctenogobius boleosoma (Jordan & Gilbert, 1882)","Ctenogobius boleosoma","","US","","Florida","PRESENT",NA,"28eb1a3f-1c15-4a95-931a-4af90ecb574d",29.145572,-80.982253,4,NA,NA,NA,NA,NA,"2022-02-09T23:46",9,2,2022,2375376,2375376,"HUMAN_OBSERVATION","iNaturalist","Observations","116568739","","IHUNTA",2022-05-11 15:51:38,"CC_BY_NC_4_0","IHUNTA","IHUNTA",NA,NA,2025-06-07 00:46:09.224,"StillImage","COORDINATE_ROUNDED;CONTINENT_DERIVED_FROM_COORDINATES;TAXON_MATCH_TAXON_ID_IGNORED"
3773017175,"50c9509d-22c7-4a22-a47d-8c48425ef4a7","https://www.inaturalist.org/observations/116622313","Animalia","Chordata",NA,"Perciformes","Gobiidae","Ctenogobius","Ctenogobius boleosoma",NA,"SPECIES","Ctenogobius boleosoma (Jordan & Gilbert, 1882)","Ctenogobius boleosoma","","US","","North Carolina","PRESENT",NA,"28eb1a3f-1c15-4a95-931a-4af90ecb574d",35.794297,-75.548247,5,NA,NA,NA,NA,NA,"2021-10-10T20:56",10,10,2021,2375376,2375376,"HUMAN_OBSERVATION","iNaturalist","Observations","116622313","","IHUNTA",2022-05-11 23:04:24,"CC_BY_NC_4_0","IHUNTA","IHUNTA",NA,NA,2025-06-07 00:02:08.657,"StillImage","COORDINATE_ROUNDED;CONTINENT_DERIVED_FROM_COORDINATES;TAXON_MATCH_TAXON_ID_IGNORED"
3760390721,"50c9509d-22c7-4a22-a47d-8c48425ef4a7","https://www.inaturalist.org/observations/111262703","Animalia","Chordata",NA,"Perciformes","Gobiidae","Ctenogobius","Ctenogobius boleosoma",NA,"SPECIES","Ctenogobius boleosoma (Jordan & Gilbert, 1882)","Ctenogobius boleosoma","","US","","North Carolina","PRESENT",NA,"28eb1a3f-1c15-4a95-931a-4af90ecb574d",35.770644,-75.528244,4,NA,NA,NA,NA,NA,"2021-10-08T21:52",8,10,2021,2375376,2375376,"HUMAN_OBSERVATION","iNaturalist","Observations","111262703","","IHUNTA",2022-04-13 00:46:52,"CC_BY_NC_4_0","IHUNTA","IHUNTA",NA,NA,2025-06-07 00:24:15.573,"StillImage","COORDINATE_ROUNDED;CONTINENT_DERIVED_FROM_COORDINATES;TAXON_MATCH_TAXON_ID_IGNORED"
3757657373,"a4a260a5-eb00-42f0-a6e9-8f468c51db2b","PNALR_DMS_Ago_2005_06am_Ch_9","Animalia","Chordata",NA,"Perciformes","Gobiidae","Ctenogobius","Ctenogobius boleosoma",NA,"SPECIES","Ctenogobius boleosoma (Jordan & Gilbert, 1882)","Ctenogobius boleosoma","(Jordan & Gilbert, 1882)","VE","Dos Mosquises Sur","","PRESENT",NA,"1e9400fa-ce73-4737-9eaa-f25df148945c",11.795239,-66.890275,NA,NA,NA,NA,2,NA,"2005-08-18",18,8,2005,2375376,2375376,"HUMAN_OBSERVATION","UCV","","","","Adriana Lopez Ordaz",NA,"CC_BY_NC_4_0","","",NA,NA,2025-02-06 18:19:29.56,"","COORDINATE_ROUNDED"
3408031293,"50c9509d-22c7-4a22-a47d-8c48425ef4a7","https://www.inaturalist.org/observations/100276964","Animalia","Chordata",NA,"Perciformes","Gobiidae","Ctenogobius","Ctenogobius boleosoma",NA,"SPECIES","Ctenogobius boleosoma (Jordan & Gilbert, 1882)","Ctenogobius boleosoma","","US","","North Carolina","PRESENT",NA,"28eb1a3f-1c15-4a95-931a-4af90ecb574d",34.718931,-76.716622,7,NA,NA,NA,NA,NA,"2021-10-30T23:03",30,10,2021,2375376,2375376,"HUMAN_OBSERVATION","iNaturalist","Observations","100276964","","IHUNTA",2021-11-05 00:40:32,"CC_BY_NC_4_0","IHUNTA","IHUNTA",NA,NA,2025-06-07 00:53:40.233,"StillImage","COORDINATE_ROUNDED;CONTINENT_DERIVED_FROM_COORDINATES;TAXON_MATCH_TAXON_ID_IGNORED"
3406305674,"9dc24de5-be12-44f9-ab75-c4b62492e8da","Station_273_Date_11JUL2008:14:19:00.000_Ctenogobius_boleosoma","Animalia","Chordata",NA,"Perciformes","Gobiidae","Ctenogobius","Ctenogobius boleosoma",NA,"SPECIES","Ctenogobius boleosoma (Jordan & Gilbert, 1882)","Ctenogobius boleosoma","(Jordan & Gilbert, 1882)","US","Upper Laguna Madre Estuary","Texas","PRESENT",NA,"c3ad790a-d426-4ac1-8e32-da61f81f0117",27.171389,-97.400833,100,NA,NA,NA,0.15,0.15,"2008-07-11T14:19",11,7,2008,2375376,2375376,"HUMAN_OBSERVATION","TPWD","Upper Laguna Madre Bag Seine","","","",NA,"CC0_1_0","","",NA,NA,2025-02-06 21:46:37.097,"","CONTINENT_DERIVED_FROM_COORDINATES"
3406296623,"9dc24de5-be12-44f9-ab75-c4b62492e8da","Station_48_Date_26APR2006:11:43:00.000_Ctenogobius_boleosoma","Animalia","Chordata",NA,"Perciformes","Gobiidae","Ctenogobius","Ctenogobius boleosoma",NA,"SPECIES","Ctenogobius boleosoma (Jordan & Gilbert, 1882)","Ctenogobius boleosoma","(Jordan & Gilbert, 1882)","US","Upper Laguna Madre Estuary","Texas","PRESENT",NA,"c3ad790a-d426-4ac1-8e32-da61f81f0117",27.572778,-97.270556,100,NA,NA,NA,0.15,0.15,"2006-04-26T11:43",26,4,2006,2375376,2375376,"HUMAN_OBSERVATION","TPWD","Upper Laguna Madre Bag Seine","","","",NA,"CC0_1_0","","",NA,NA,2025-02-06 21:46:36.542,"","CONTINENT_DERIVED_FROM_COORDINATES"
3406292723,"9dc24de5-be12-44f9-ab75-c4b62492e8da","Station_42_Date_26APR2006:11:18:00.000_Ctenogobius_boleosoma","Animalia","Chordata",NA,"Perciformes","Gobiidae","Ctenogobius","Ctenogobius boleosoma",NA,"SPECIES","Ctenogobius boleosoma (Jordan & Gilbert, 1882)","Ctenogobius boleosoma","(Jordan & Gilbert, 1882)","US","Upper Laguna Madre Estuary","Texas","PRESENT",NA,"c3ad790a-d426-4ac1-8e32-da61f81f0117",27.598333,-97.257222,100,NA,NA,NA,0.15,0.15,"2006-04-26T11:18",26,4,2006,2375376,2375376,"HUMAN_OBSERVATION","TPWD","Upper Laguna Madre Bag Seine","","","",NA,"CC0_1_0","","",NA,NA,2025-02-06 21:46:34.878,"","CONTINENT_DERIVED_FROM_COORDINATES"
3406124954,"9dc24de5-be12-44f9-ab75-c4b62492e8da","Station_275_Date_18APR2006:12:15:00.000_Ctenogobius_boleosoma","Animalia","Chordata",NA,"Perciformes","Gobiidae","Ctenogobius","Ctenogobius boleosoma",NA,"SPECIES","Ctenogobius boleosoma (Jordan & Gilbert, 1882)","Ctenogobius boleosoma","(Jordan & Gilbert, 1882)","US","Upper Laguna Madre Estuary","Texas","PRESENT",NA,"c3ad790a-d426-4ac1-8e32-da61f81f0117",27.152222,-97.437222,100,NA,NA,NA,0.25,0.25,"2006-04-18T12:15",18,4,2006,2375376,2375376,"HUMAN_OBSERVATION","TPWD","Upper Laguna Madre Bag Seine","","","",NA,"CC0_1_0","","",NA,NA,2025-02-06 21:46:36.835,"","CONTINENT_DERIVED_FROM_COORDINATES"
3406113713,"9dc24de5-be12-44f9-ab75-c4b62492e8da","Station_53_Date_26APR2006:12:26:00.000_Ctenogobius_boleosoma","Animalia","Chordata",NA,"Perciformes","Gobiidae","Ctenogobius","Ctenogobius boleosoma",NA,"SPECIES","Ctenogobius boleosoma (Jordan & Gilbert, 1882)","Ctenogobius boleosoma","(Jordan & Gilbert, 1882)","US","Upper Laguna Madre Estuary","Texas","PRESENT",NA,"c3ad790a-d426-4ac1-8e32-da61f81f0117",27.553889,-97.285,100,NA,NA,NA,0.15,0.15,"2006-04-26T12:26",26,4,2006,2375376,2375376,"HUMAN_OBSERVATION","TPWD","Upper Laguna Madre Bag Seine","","","",NA,"CC0_1_0","","",NA,NA,2025-02-06 21:46:36.549,"","CONTINENT_DERIVED_FROM_COORDINATES"
3406106570,"9dc24de5-be12-44f9-ab75-c4b62492e8da","Station_28_Date_29OCT2007:16:13:00.000_Ctenogobius_boleosoma","Animalia","Chordata",NA,"Perciformes","Gobiidae","Ctenogobius","Ctenogobius boleosoma",NA,"SPECIES","Ctenogobius boleosoma (Jordan & Gilbert, 1882)","Ctenogobius boleosoma","(Jordan & Gilbert, 1882)","US","Upper Laguna Madre Estuary","Texas","PRESENT",NA,"c3ad790a-d426-4ac1-8e32-da61f81f0117",27.633056,-97.243611,100,NA,NA,NA,0.7,0.3,"2007-10-29T16:13",29,10,2007,2375376,2375376,"HUMAN_OBSERVATION","TPWD","Upper Laguna Madre Bag Seine","","","",NA,"CC0_1_0","","",NA,NA,2025-02-06 21:46:36.516,"","CONTINENT_DERIVED_FROM_COORDINATES"
3405947819,"95b694cd-e9db-4831-b6a9-0a6d433d92c1","Station_236_Date_20SEP2007:09:44:00.000_Ctenogobius_boleosoma","Animalia","Chordata",NA,"Perciformes","Gobiidae","Ctenogobius","Ctenogobius boleosoma",NA,"SPECIES","Ctenogobius boleosoma (Jordan & Gilbert, 1882)","Ctenogobius boleosoma","(Jordan & Gilbert, 1882)","US","Guadalupe Estuary","Texas","PRESENT",NA,"c3ad790a-d426-4ac1-8e32-da61f81f0117",28.366944,-96.471111,100,NA,NA,NA,0.45,0.15,"2007-09-20T09:44",20,9,2007,2375376,2375376,"HUMAN_OBSERVATION","TPWD","San Antonio Bay Bag Seine","","","",NA,"CC0_1_0","","",NA,NA,2025-02-06 21:26:41.345,"","CONTINENT_DERIVED_FROM_COORDINATES"
3405947433,"95b694cd-e9db-4831-b6a9-0a6d433d92c1","Station_159_Date_04AUG2008:14:39:00.000_Ctenogobius_boleosoma","Animalia","Chordata",NA,"Perciformes","Gobiidae","Ctenogobius","Ctenogobius boleosoma",NA,"SPECIES","Ctenogobius boleosoma (Jordan & Gilbert, 1882)","Ctenogobius boleosoma","(Jordan & Gilbert, 1882)","US","Guadalupe Estuary","Texas","PRESENT",NA,"c3ad790a-d426-4ac1-8e32-da61f81f0117",28.238333,-96.659167,100,NA,NA,NA,NA,NA,"2008-08-04T14:39",4,8,2008,2375376,2375376,"HUMAN_OBSERVATION","TPWD","San Antonio Bay Bag Seine","","","",NA,"CC0_1_0","","",NA,NA,2025-02-06 21:26:41.257,"","CONTINENT_DERIVED_FROM_COORDINATES"
3405947325,"95b694cd-e9db-4831-b6a9-0a6d433d92c1","Station_114_Date_20APR2005:16:08:00.000_Ctenogobius_boleosoma","Animalia","Chordata",NA,"Perciformes","Gobiidae","Ctenogobius","Ctenogobius boleosoma",NA,"SPECIES","Ctenogobius boleosoma (Jordan & Gilbert, 1882)","Ctenogobius boleosoma","(Jordan & Gilbert, 1882)","US","Guadalupe Estuary","Texas","PRESENT",NA,"c3ad790a-d426-4ac1-8e32-da61f81f0117",28.295833,-96.579167,100,NA,NA,NA,0.35,0.15,"2005-04-20T16:08",20,4,2005,2375376,2375376,"HUMAN_OBSERVATION","TPWD","San Antonio Bay Bag Seine","","","",NA,"CC0_1_0","","",NA,NA,2025-02-06 21:26:41.226,"","CONTINENT_DERIVED_FROM_COORDINATES"
3405946715,"95b694cd-e9db-4831-b6a9-0a6d433d92c1","Station_259_Date_18OCT2006:10:52:00.000_Ctenogobius_boleosoma","Animalia","Chordata",NA,"Perciformes","Gobiidae","Ctenogobius","Ctenogobius boleosoma",NA,"SPECIES","Ctenogobius boleosoma (Jordan & Gilbert, 1882)","Ctenogobius boleosoma","(Jordan & Gilbert, 1882)","US","Guadalupe Estuary","Texas","PRESENT",NA,"c3ad790a-d426-4ac1-8e32-da61f81f0117",28.346389,-96.590833,100,NA,NA,NA,0.45,0.05,"2006-10-18T10:52",18,10,2006,2375376,2375376,"HUMAN_OBSERVATION","TPWD","San Antonio Bay Bag Seine","","","",NA,"CC0_1_0","","",NA,NA,2025-02-06 21:26:41.402,"","CONTINENT_DERIVED_FROM_COORDINATES"
3405946692,"95b694cd-e9db-4831-b6a9-0a6d433d92c1","Station_254_Date_20JUL2006:13:52:00.000_Ctenogobius_boleosoma","Animalia","Chordata",NA,"Perciformes","Gobiidae","Ctenogobius","Ctenogobius boleosoma",NA,"SPECIES","Ctenogobius boleosoma (Jordan & Gilbert, 1882)","Ctenogobius boleosoma","(Jordan & Gilbert, 1882)","US","Guadalupe Estuary","Texas","PRESENT",NA,"c3ad790a-d426-4ac1-8e32-da61f81f0117",28.359167,-96.4375,100,NA,NA,NA,0.45,0.05,"2006-07-20T13:52",20,7,2006,2375376,2375376,"HUMAN_OBSERVATION","TPWD","San Antonio Bay Bag Seine","","","",NA,"CC0_1_0","","",NA,NA,2025-02-06 21:26:41.397,"","CONTINENT_DERIVED_FROM_COORDINATES"
3405946598,"95b694cd-e9db-4831-b6a9-0a6d433d92c1","Station_234_Date_18DEC2006:14:37:00.000_Ctenogobius_boleosoma","Animalia","Chordata",NA,"Perciformes","Gobiidae","Ctenogobius","Ctenogobius boleosoma",NA,"SPECIES","Ctenogobius boleosoma (Jordan & Gilbert, 1882)","Ctenogobius boleosoma","(Jordan & Gilbert, 1882)","US","Guadalupe Estuary","Texas","PRESENT",NA,"c3ad790a-d426-4ac1-8e32-da61f81f0117",28.381111,-96.516389,100,NA,NA,NA,0.2,0.1,"2006-12-18T14:37",18,12,2006,2375376,2375376,"HUMAN_OBSERVATION","TPWD","San Antonio Bay Bag Seine","","","",NA,"CC0_1_0","","",NA,NA,2025-02-06 21:26:41.377,"","CONTINENT_DERIVED_FROM_COORDINATES"
3405945986,"95b694cd-e9db-4831-b6a9-0a6d433d92c1","Station_228_Date_23OCT2007:12:56:00.000_Ctenogobius_boleosoma","Animalia","Chordata",NA,"Perciformes","Gobiidae","Ctenogobius","Ctenogobius boleosoma",NA,"SPECIES","Ctenogobius boleosoma (Jordan & Gilbert, 1882)","Ctenogobius boleosoma","(Jordan & Gilbert, 1882)","US","Guadalupe Estuary","Texas","PRESENT",NA,"c3ad790a-d426-4ac1-8e32-da61f81f0117",28.389167,-96.427778,100,NA,NA,NA,0.45,0.15,"2007-10-23T12:56",23,10,2007,2375376,2375376,"HUMAN_OBSERVATION","TPWD","San Antonio Bay Bag Seine","","","",NA,"CC0_1_0","","",NA,NA,2025-02-06 21:26:40.304,"","CONTINENT_DERIVED_FROM_COORDINATES"
3405945622,"95b694cd-e9db-4831-b6a9-0a6d433d92c1","Station_133_Date_07NOV2005:14:14:00.000_Ctenogobius_boleosoma","Animalia","Chordata",NA,"Perciformes","Gobiidae","Ctenogobius","Ctenogobius boleosoma",NA,"SPECIES","Ctenogobius boleosoma (Jordan & Gilbert, 1882)","Ctenogobius boleosoma","(Jordan & Gilbert, 1882)","US","Guadalupe Estuary","Texas","PRESENT",NA,"c3ad790a-d426-4ac1-8e32-da61f81f0117",28.121944,-96.813056,100,NA,NA,NA,0.25,0.05,"2005-11-07T14:14",7,11,2005,2375376,2375376,"HUMAN_OBSERVATION","TPWD","San Antonio Bay Bag Seine","","","",NA,"CC0_1_0","","",NA,NA,2025-02-06 21:26:40.255,"","CONTINENT_DERIVED_FROM_COORDINATES"
3405943913,"95b694cd-e9db-4831-b6a9-0a6d433d92c1","Station_286_Date_22MAY2006:18:04:00.000_Ctenogobius_boleosoma","Animalia","Chordata",NA,"Perciformes","Gobiidae","Ctenogobius","Ctenogobius boleosoma",NA,"SPECIES","Ctenogobius boleosoma (Jordan & Gilbert, 1882)","Ctenogobius boleosoma","(Jordan & Gilbert, 1882)","US","Guadalupe Estuary","Texas","PRESENT",NA,"c3ad790a-d426-4ac1-8e32-da61f81f0117",28.304167,-96.529167,100,NA,NA,NA,0.35,0.05,"2006-05-22T18:04",22,5,2006,2375376,2375376,"HUMAN_OBSERVATION","TPWD","San Antonio Bay Bag Seine","","","",NA,"CC0_1_0","","",NA,NA,2025-02-06 21:26:40.24,"","CONTINENT_DERIVED_FROM_COORDINATES"
3405941976,"95b694cd-e9db-4831-b6a9-0a6d433d92c1","Station_275_Date_26SEP2005:14:54:00.000_Ctenogobius_boleosoma","Animalia","Chordata",NA,"Perciformes","Gobiidae","Ctenogobius","Ctenogobius boleosoma",NA,"SPECIES","Ctenogobius boleosoma (Jordan & Gilbert, 1882)","Ctenogobius boleosoma","(Jordan & Gilbert, 1882)","US","Guadalupe Estuary","Texas","PRESENT",NA,"c3ad790a-d426-4ac1-8e32-da61f81f0117",28.319167,-96.536111,100,NA,NA,NA,0.45,0.05,"2005-09-26T14:54",26,9,2005,2375376,2375376,"HUMAN_OBSERVATION","TPWD","San Antonio Bay Bag Seine","","","",NA,"CC0_1_0","","",NA,NA,2025-02-06 21:26:41.491,"","CONTINENT_DERIVED_FROM_COORDINATES"
3405938816,"95b694cd-e9db-4831-b6a9-0a6d433d92c1","Station_285_Date_04AUG2008:11:11:00.000_Ctenogobius_boleosoma","Animalia","Chordata",NA,"Perciformes","Gobiidae","Ctenogobius","Ctenogobius boleosoma",NA,"SPECIES","Ctenogobius boleosoma (Jordan & Gilbert, 1882)","Ctenogobius boleosoma","(Jordan & Gilbert, 1882)","US","Guadalupe Estuary","Texas","PRESENT",NA,"c3ad790a-d426-4ac1-8e32-da61f81f0117",28.309722,-96.545833,100,NA,NA,NA,0.25,0.15,"2008-08-04T11:11",4,8,2008,2375376,2375376,"HUMAN_OBSERVATION","TPWD","San Antonio Bay Bag Seine","","","",NA,"CC0_1_0","","",NA,NA,2025-02-06 21:26:41.505,"","CONTINENT_DERIVED_FROM_COORDINATES"
3405938809,"95b694cd-e9db-4831-b6a9-0a6d433d92c1","Station_284_Date_06NOV2006:10:33:00.000_Ctenogobius_boleosoma","Animalia","Chordata",NA,"Perciformes","Gobiidae","Ctenogobius","Ctenogobius boleosoma",NA,"SPECIES","Ctenogobius boleosoma (Jordan & Gilbert, 1882)","Ctenogobius boleosoma","(Jordan & Gilbert, 1882)","US","Guadalupe Estuary","Texas","PRESENT",NA,"c3ad790a-d426-4ac1-8e32-da61f81f0117",28.301111,-96.565,100,NA,NA,NA,0.5,0.1,"2006-11-06T10:33",6,11,2006,2375376,2375376,"HUMAN_OBSERVATION","TPWD","San Antonio Bay Bag Seine","","","",NA,"CC0_1_0","","",NA,NA,2025-02-06 21:26:41.503,"","CONTINENT_DERIVED_FROM_COORDINATES"
3405938791,"95b694cd-e9db-4831-b6a9-0a6d433d92c1","Station_280_Date_18OCT2006:15:03:00.000_Ctenogobius_boleosoma","Animalia","Chordata",NA,"Perciformes","Gobiidae","Ctenogobius","Ctenogobius boleosoma",NA,"SPECIES","Ctenogobius boleosoma (Jordan & Gilbert, 1882)","Ctenogobius boleosoma","(Jordan & Gilbert, 1882)","US","Guadalupe Estuary","Texas","PRESENT",NA,"c3ad790a-d426-4ac1-8e32-da61f81f0117",28.331944,-96.466389,100,NA,NA,NA,0.5,0.1,"2006-10-18T15:03",18,10,2006,2375376,2375376,"HUMAN_OBSERVATION","TPWD","San Antonio Bay Bag Seine","","","",NA,"CC0_1_0","","",NA,NA,2025-02-06 21:26:41.499,"","CONTINENT_DERIVED_FROM_COORDINATES"
3405938564,"95b694cd-e9db-4831-b6a9-0a6d433d92c1","Station_231_Date_21APR2008:13:13:00.000_Ctenogobius_boleosoma","Animalia","Chordata",NA,"Perciformes","Gobiidae","Ctenogobius","Ctenogobius boleosoma",NA,"SPECIES","Ctenogobius boleosoma (Jordan & Gilbert, 1882)","Ctenogobius boleosoma","(Jordan & Gilbert, 1882)","US","Guadalupe Estuary","Texas","PRESENT",NA,"c3ad790a-d426-4ac1-8e32-da61f81f0117",28.370833,-96.566389,100,NA,NA,NA,0.3,0.3,"2008-04-21T13:13",21,4,2008,2375376,2375376,"HUMAN_OBSERVATION","TPWD","San Antonio Bay Bag Seine","","","",NA,"CC0_1_0","","",NA,NA,2025-02-06 21:26:41.452,"","CONTINENT_DERIVED_FROM_COORDINATES"
3405937275,"95b694cd-e9db-4831-b6a9-0a6d433d92c1","Station_99_Date_01MAR2005:11:15:00.000_Ctenogobius_boleosoma","Animalia","Chordata",NA,"Perciformes","Gobiidae","Ctenogobius","Ctenogobius boleosoma",NA,"SPECIES","Ctenogobius boleosoma (Jordan & Gilbert, 1882)","Ctenogobius boleosoma","(Jordan & Gilbert, 1882)","US","Guadalupe Estuary","Texas","PRESENT",NA,"c3ad790a-d426-4ac1-8e32-da61f81f0117",28.308611,-96.623056,100,NA,NA,NA,0.1,0.1,"2005-03-01T11:15",1,3,2005,2375376,2375376,"HUMAN_OBSERVATION","TPWD","San Antonio Bay Bag Seine","","","",NA,"CC0_1_0","","",NA,NA,2025-02-06 21:26:41.217,"","CONTINENT_DERIVED_FROM_COORDINATES"
3405934519,"95b694cd-e9db-4831-b6a9-0a6d433d92c1","Station_213_Date_21AUG2006:09:33:00.000_Ctenogobius_boleosoma","Animalia","Chordata",NA,"Perciformes","Gobiidae","Ctenogobius","Ctenogobius boleosoma",NA,"SPECIES","Ctenogobius boleosoma (Jordan & Gilbert, 1882)","Ctenogobius boleosoma","(Jordan & Gilbert, 1882)","US","Guadalupe Estuary","Texas","PRESENT",NA,"c3ad790a-d426-4ac1-8e32-da61f81f0117",28.422778,-96.407778,100,NA,NA,NA,0.4,0.1,"2006-08-21T09:33",21,8,2006,2375376,2375376,"HUMAN_OBSERVATION","TPWD","San Antonio Bay Bag Seine","","","",NA,"CC0_1_0","","",NA,NA,2025-02-06 21:26:40.189,"","CONTINENT_DERIVED_FROM_COORDINATES"
3405933565,"95b694cd-e9db-4831-b6a9-0a6d433d92c1","Station_23_Date_04OCT2005:11:49:00.000_Ctenogobius_boleosoma","Animalia","Chordata",NA,"Perciformes","Gobiidae","Ctenogobius","Ctenogobius boleosoma",NA,"SPECIES","Ctenogobius boleosoma (Jordan & Gilbert, 1882)","Ctenogobius boleosoma","(Jordan & Gilbert, 1882)","US","Guadalupe Estuary","Texas","PRESENT",NA,"c3ad790a-d426-4ac1-8e32-da61f81f0117",28.429722,-96.831667,100,NA,NA,NA,1,0,"2005-10-04T11:49",4,10,2005,2375376,2375376,"HUMAN_OBSERVATION","TPWD","San Antonio Bay Bag Seine","","","",NA,"CC0_1_0","","",NA,NA,2025-02-06 21:26:40.055,"","CONTINENT_DERIVED_FROM_COORDINATES"
3405930501,"95b694cd-e9db-4831-b6a9-0a6d433d92c1","Station_211_Date_23OCT2007:14:39:00.000_Ctenogobius_boleosoma","Animalia","Chordata",NA,"Perciformes","Gobiidae","Ctenogobius","Ctenogobius boleosoma",NA,"SPECIES","Ctenogobius boleosoma (Jordan & Gilbert, 1882)","Ctenogobius boleosoma","(Jordan & Gilbert, 1882)","US","Guadalupe Estuary","Texas","PRESENT",NA,"c3ad790a-d426-4ac1-8e32-da61f81f0117",28.419444,-96.449722,100,NA,NA,NA,0.15,0.05,"2007-10-23T14:39",23,10,2007,2375376,2375376,"HUMAN_OBSERVATION","TPWD","San Antonio Bay Bag Seine","","","",NA,"CC0_1_0","","",NA,NA,2025-02-06 21:26:40.286,"","CONTINENT_DERIVED_FROM_COORDINATES"
3405929073,"95b694cd-e9db-4831-b6a9-0a6d433d92c1","Station_96_Date_01MAR2005:10:14:00.000_Ctenogobius_boleosoma","Animalia","Chordata",NA,"Perciformes","Gobiidae","Ctenogobius","Ctenogobius boleosoma",NA,"SPECIES","Ctenogobius boleosoma (Jordan & Gilbert, 1882)","Ctenogobius boleosoma","(Jordan & Gilbert, 1882)","US","Guadalupe Estuary","Texas","PRESENT",NA,"c3ad790a-d426-4ac1-8e32-da61f81f0117",28.315,-96.681389,100,NA,NA,NA,0.15,0.15,"2005-03-01T10:14",1,3,2005,2375376,2375376,"HUMAN_OBSERVATION","TPWD","San Antonio Bay Bag Seine","","","",NA,"CC0_1_0","","",NA,NA,2025-02-06 21:26:41.331,"","CONTINENT_DERIVED_FROM_COORDINATES"
3405920022,"95b694cd-e9db-4831-b6a9-0a6d433d92c1","Station_56_Date_09MAY2005:17:10:00.000_Ctenogobius_boleosoma","Animalia","Chordata",NA,"Perciformes","Gobiidae","Ctenogobius","Ctenogobius boleosoma",NA,"SPECIES","Ctenogobius boleosoma (Jordan & Gilbert, 1882)","Ctenogobius boleosoma","(Jordan & Gilbert, 1882)","US","Guadalupe Estuary","Texas","PRESENT",NA,"c3ad790a-d426-4ac1-8e32-da61f81f0117",28.174722,-96.848611,100,NA,NA,NA,0.5,0.2,"2005-05-09T17:10",9,5,2005,2375376,2375376,"HUMAN_OBSERVATION","TPWD","San Antonio Bay Bag Seine","","","",NA,"CC0_1_0","","",NA,NA,2025-02-06 21:26:41.214,"","CONTINENT_DERIVED_FROM_COORDINATES"
3405773849,"95b694cd-e9db-4831-b6a9-0a6d433d92c1","Station_278_Date_29SEP2008:10:32:00.000_Ctenogobius_boleosoma","Animalia","Chordata",NA,"Perciformes","Gobiidae","Ctenogobius","Ctenogobius boleosoma",NA,"SPECIES","Ctenogobius boleosoma (Jordan & Gilbert, 1882)","Ctenogobius boleosoma","(Jordan & Gilbert, 1882)","US","Guadalupe Estuary","Texas","PRESENT",NA,"c3ad790a-d426-4ac1-8e32-da61f81f0117",28.327778,-96.486111,100,NA,NA,NA,0.1,0.1,"2008-09-29T10:32",29,9,2008,2375376,2375376,"HUMAN_OBSERVATION","TPWD","San Antonio Bay Bag Seine","","","",NA,"CC0_1_0","","",NA,NA,2025-02-06 21:26:41.381,"","CONTINENT_DERIVED_FROM_COORDINATES"
3405773775,"95b694cd-e9db-4831-b6a9-0a6d433d92c1","Station_254_Date_23OCT2007:12:11:00.000_Ctenogobius_boleosoma","Animalia","Chordata",NA,"Perciformes","Gobiidae","Ctenogobius","Ctenogobius boleosoma",NA,"SPECIES","Ctenogobius boleosoma (Jordan & Gilbert, 1882)","Ctenogobius boleosoma","(Jordan & Gilbert, 1882)","US","Guadalupe Estuary","Texas","PRESENT",NA,"c3ad790a-d426-4ac1-8e32-da61f81f0117",28.356944,-96.438611,100,NA,NA,NA,0.45,0.05,"2007-10-23T12:11",23,10,2007,2375376,2375376,"HUMAN_OBSERVATION","TPWD","San Antonio Bay Bag Seine","","","",NA,"CC0_1_0","","",NA,NA,2025-02-06 21:26:41.364,"","CONTINENT_DERIVED_FROM_COORDINATES"
3405773542,"95b694cd-e9db-4831-b6a9-0a6d433d92c1","Station_213_Date_21APR2008:09:27:00.000_Ctenogobius_boleosoma","Animalia","Chordata",NA,"Perciformes","Gobiidae","Ctenogobius","Ctenogobius boleosoma",NA,"SPECIES","Ctenogobius boleosoma (Jordan & Gilbert, 1882)","Ctenogobius boleosoma","(Jordan & Gilbert, 1882)","US","Guadalupe Estuary","Texas","PRESENT",NA,"c3ad790a-d426-4ac1-8e32-da61f81f0117",28.428611,-96.412222,100,NA,NA,NA,0.6,0.1,"2008-04-21T09:27",21,4,2008,2375376,2375376,"HUMAN_OBSERVATION","TPWD","San Antonio Bay Bag Seine","","","",NA,"CC0_1_0","","",NA,NA,2025-02-06 21:26:41.307,"","CONTINENT_DERIVED_FROM_COORDINATES"
3405773505,"95b694cd-e9db-4831-b6a9-0a6d433d92c1","Station_208_Date_17JUN2008:16:20:00.000_Ctenogobius_boleosoma","Animalia","Chordata",NA,"Perciformes","Gobiidae","Ctenogobius","Ctenogobius boleosoma",NA,"SPECIES","Ctenogobius boleosoma (Jordan & Gilbert, 1882)","Ctenogobius boleosoma","(Jordan & Gilbert, 1882)","US","Guadalupe Estuary","Texas","PRESENT",NA,"c3ad790a-d426-4ac1-8e32-da61f81f0117",28.436389,-96.417222,100,NA,NA,NA,0.2,0.2,"2008-06-17T16:20",17,6,2008,2375376,2375376,"HUMAN_OBSERVATION","TPWD","San Antonio Bay Bag Seine","","","",NA,"CC0_1_0","","",NA,NA,2025-02-06 21:26:41.299,"","CONTINENT_DERIVED_FROM_COORDINATES"
3405772787,"95b694cd-e9db-4831-b6a9-0a6d433d92c1","Station_233_Date_17JUL2008:09:35:00.000_Ctenogobius_boleosoma","Animalia","Chordata",NA,"Perciformes","Gobiidae","Ctenogobius","Ctenogobius boleosoma",NA,"SPECIES","Ctenogobius boleosoma (Jordan & Gilbert, 1882)","Ctenogobius boleosoma","(Jordan & Gilbert, 1882)","US","Guadalupe Estuary","Texas","PRESENT",NA,"c3ad790a-d426-4ac1-8e32-da61f81f0117",28.376111,-96.528333,100,NA,NA,NA,0.35,0.05,"2008-07-17T09:35",17,7,2008,2375376,2375376,"HUMAN_OBSERVATION","TPWD","San Antonio Bay Bag Seine","","","",NA,"CC0_1_0","","",NA,NA,2025-02-06 21:26:41.375,"","CONTINENT_DERIVED_FROM_COORDINATES"
3405772620,"95b694cd-e9db-4831-b6a9-0a6d433d92c1","Station_207_Date_29JAN2007:15:00:00.000_Ctenogobius_boleosoma","Animalia","Chordata",NA,"Perciformes","Gobiidae","Ctenogobius","Ctenogobius boleosoma",NA,"SPECIES","Ctenogobius boleosoma (Jordan & Gilbert, 1882)","Ctenogobius boleosoma","(Jordan & Gilbert, 1882)","US","Guadalupe Estuary","Texas","PRESENT",NA,"c3ad790a-d426-4ac1-8e32-da61f81f0117",28.082222,-96.845556,100,NA,NA,NA,0.3,0.3,"2007-01-29T15:00",29,1,2007,2375376,2375376,"HUMAN_OBSERVATION","TPWD","San Antonio Bay Bag Seine","","","",NA,"CC0_1_0","","",NA,NA,2025-02-06 21:26:41.338,"","CONTINENT_DERIVED_FROM_COORDINATES"
3405772531,"95b694cd-e9db-4831-b6a9-0a6d433d92c1","Station_186_Date_05APR2006:12:13:00.000_Ctenogobius_boleosoma","Animalia","Chordata",NA,"Perciformes","Gobiidae","Ctenogobius","Ctenogobius boleosoma",NA,"SPECIES","Ctenogobius boleosoma (Jordan & Gilbert, 1882)","Ctenogobius boleosoma","(Jordan & Gilbert, 1882)","US","Guadalupe Estuary","Texas","PRESENT",NA,"c3ad790a-d426-4ac1-8e32-da61f81f0117",28.195278,-96.834167,100,NA,NA,NA,0.5,0.5,"2006-04-05T12:13",5,4,2006,2375376,2375376,"HUMAN_OBSERVATION","TPWD","San Antonio Bay Bag Seine","","","",NA,"CC0_1_0","","",NA,NA,2025-02-06 21:26:41.31,"","CONTINENT_DERIVED_FROM_COORDINATES"
3405772516,"95b694cd-e9db-4831-b6a9-0a6d433d92c1","Station_182_Date_26JUN2006:12:52:00.000_Ctenogobius_boleosoma","Animalia","Chordata",NA,"Perciformes","Gobiidae","Ctenogobius","Ctenogobius boleosoma",NA,"SPECIES","Ctenogobius boleosoma (Jordan & Gilbert, 1882)","Ctenogobius boleosoma","(Jordan & Gilbert, 1882)","US","Guadalupe Estuary","Texas","PRESENT",NA,"c3ad790a-d426-4ac1-8e32-da61f81f0117",28.096111,-96.838889,100,NA,NA,NA,0.25,0.05,"2006-06-26T12:52",26,6,2006,2375376,2375376,"HUMAN_OBSERVATION","TPWD","San Antonio Bay Bag Seine","","","",NA,"CC0_1_0","","",NA,NA,2025-02-06 21:26:41.306,"","CONTINENT_DERIVED_FROM_COORDINATES"
3405771487,"95b694cd-e9db-4831-b6a9-0a6d433d92c1","Station_192_Date_27OCT2005:11:42:00.000_Ctenogobius_boleosoma","Animalia","Chordata",NA,"Perciformes","Gobiidae","Ctenogobius","Ctenogobius boleosoma",NA,"SPECIES","Ctenogobius boleosoma (Jordan & Gilbert, 1882)","Ctenogobius boleosoma","(Jordan & Gilbert, 1882)","US","Guadalupe Estuary","Texas","PRESENT",NA,"c3ad790a-d426-4ac1-8e32-da61f81f0117",28.188889,-96.749722,100,NA,NA,NA,0.3,0.2,"2005-10-27T11:42",27,10,2005,2375376,2375376,"HUMAN_OBSERVATION","TPWD","San Antonio Bay Bag Seine","","","",NA,"CC0_1_0","","",NA,NA,2025-02-06 21:26:40.279,"","CONTINENT_DERIVED_FROM_COORDINATES"
3405769614,"95b694cd-e9db-4831-b6a9-0a6d433d92c1","Station_208_Date_27MAY2008:08:44:00.000_Ctenogobius_boleosoma","Animalia","Chordata",NA,"Perciformes","Gobiidae","Ctenogobius","Ctenogobius boleosoma",NA,"SPECIES","Ctenogobius boleosoma (Jordan & Gilbert, 1882)","Ctenogobius boleosoma","(Jordan & Gilbert, 1882)","US","Guadalupe Estuary","Texas","PRESENT",NA,"c3ad790a-d426-4ac1-8e32-da61f81f0117",28.433333,-96.427778,100,NA,NA,NA,0.25,0.15,"2008-05-27T08:44",27,5,2008,2375376,2375376,"HUMAN_OBSERVATION","TPWD","San Antonio Bay Bag Seine","","","",NA,"CC0_1_0","","",NA,NA,2025-02-06 21:26:41.413,"","CONTINENT_DERIVED_FROM_COORDINATES"
3405769525,"95b694cd-e9db-4831-b6a9-0a6d433d92c1","Station_189_Date_07NOV2005:12:57:00.000_Ctenogobius_boleosoma","Animalia","Chordata",NA,"Perciformes","Gobiidae","Ctenogobius","Ctenogobius boleosoma",NA,"SPECIES","Ctenogobius boleosoma (Jordan & Gilbert, 1882)","Ctenogobius boleosoma","(Jordan & Gilbert, 1882)","US","Guadalupe Estuary","Texas","PRESENT",NA,"c3ad790a-d426-4ac1-8e32-da61f81f0117",28.188333,-96.792778,100,NA,NA,NA,0.3,0.1,"2005-11-07T12:57",7,11,2005,2375376,2375376,"HUMAN_OBSERVATION","TPWD","San Antonio Bay Bag Seine","","","",NA,"CC0_1_0","","",NA,NA,2025-02-06 21:26:41.396,"","CONTINENT_DERIVED_FROM_COORDINATES"
3405768989,"95b694cd-e9db-4831-b6a9-0a6d433d92c1","Station_286_Date_20APR2005:13:07:00.000_Ctenogobius_boleosoma","Animalia","Chordata",NA,"Perciformes","Gobiidae","Ctenogobius","Ctenogobius boleosoma",NA,"SPECIES","Ctenogobius boleosoma (Jordan & Gilbert, 1882)","Ctenogobius boleosoma","(Jordan & Gilbert, 1882)","US","Guadalupe Estuary","Texas","PRESENT",NA,"c3ad790a-d426-4ac1-8e32-da61f81f0117",28.306944,-96.527778,100,NA,NA,NA,0.3,0,"2005-04-20T13:07",20,4,2005,2375376,2375376,"HUMAN_OBSERVATION","TPWD","San Antonio Bay Bag Seine","","","",NA,"CC0_1_0","","",NA,NA,2025-02-06 21:26:40.24,"","CONTINENT_DERIVED_FROM_COORDINATES"
3405768793,"95b694cd-e9db-4831-b6a9-0a6d433d92c1","Station_239_Date_18DEC2006:12:47:00.000_Ctenogobius_boleosoma","Animalia","Chordata",NA,"Perciformes","Gobiidae","Ctenogobius","Ctenogobius boleosoma",NA,"SPECIES","Ctenogobius boleosoma (Jordan & Gilbert, 1882)","Ctenogobius boleosoma","(Jordan & Gilbert, 1882)","US","Guadalupe Estuary","Texas","PRESENT",NA,"c3ad790a-d426-4ac1-8e32-da61f81f0117",28.381944,-96.430556,100,NA,NA,NA,0.3,0.1,"2006-12-18T12:47",18,12,2006,2375376,2375376,"HUMAN_OBSERVATION","TPWD","San Antonio Bay Bag Seine","","","",NA,"CC0_1_0","","",NA,NA,2025-02-06 21:26:40.209,"","CONTINENT_DERIVED_FROM_COORDINATES"
3405768496,"95b694cd-e9db-4831-b6a9-0a6d433d92c1","Station_187_Date_06JUN2007:14:46:00.000_Ctenogobius_boleosoma","Animalia","Chordata",NA,"Perciformes","Gobiidae","Ctenogobius","Ctenogobius boleosoma",NA,"SPECIES","Ctenogobius boleosoma (Jordan & Gilbert, 1882)","Ctenogobius boleosoma","(Jordan & Gilbert, 1882)","US","Guadalupe Estuary","Texas","PRESENT",NA,"c3ad790a-d426-4ac1-8e32-da61f81f0117",28.192778,-96.831944,100,NA,NA,NA,0.25,0.15,"2007-06-06T14:46",6,6,2007,2375376,2375376,"HUMAN_OBSERVATION","TPWD","San Antonio Bay Bag Seine","","","",NA,"CC0_1_0","","",NA,NA,2025-02-06 21:26:40.173,"","CONTINENT_DERIVED_FROM_COORDINATES"
3405767763,"95b694cd-e9db-4831-b6a9-0a6d433d92c1","Station_227_Date_20SEP2007:11:34:00.000_Ctenogobius_boleosoma","Animalia","Chordata",NA,"Perciformes","Gobiidae","Ctenogobius","Ctenogobius boleosoma",NA,"SPECIES","Ctenogobius boleosoma (Jordan & Gilbert, 1882)","Ctenogobius boleosoma","(Jordan & Gilbert, 1882)","US","Guadalupe Estuary","Texas","PRESENT",NA,"c3ad790a-d426-4ac1-8e32-da61f81f0117",28.396944,-96.436667,100,NA,NA,NA,0.5,0.2,"2007-09-20T11:34",20,9,2007,2375376,2375376,"HUMAN_OBSERVATION","TPWD","San Antonio Bay Bag Seine","","","",NA,"CC0_1_0","","",NA,NA,2025-02-06 21:26:41.447,"","CONTINENT_DERIVED_FROM_COORDINATES"
3405767679,"95b694cd-e9db-4831-b6a9-0a6d433d92c1","Station_215_Date_23OCT2006:11:17:00.000_Ctenogobius_boleosoma","Animalia","Chordata",NA,"Perciformes","Gobiidae","Ctenogobius","Ctenogobius boleosoma",NA,"SPECIES","Ctenogobius boleosoma (Jordan & Gilbert, 1882)","Ctenogobius boleosoma","(Jordan & Gilbert, 1882)","US","Guadalupe Estuary","Texas","PRESENT",NA,"c3ad790a-d426-4ac1-8e32-da61f81f0117",28.401944,-96.498611,100,NA,NA,NA,0.35,0.35,"2006-10-23T11:17",23,10,2006,2375376,2375376,"HUMAN_OBSERVATION","TPWD","San Antonio Bay Bag Seine","","","",NA,"CC0_1_0","","",NA,NA,2025-02-06 21:26:41.428,"","CONTINENT_DERIVED_FROM_COORDINATES"
3405767638,"95b694cd-e9db-4831-b6a9-0a6d433d92c1","Station_210_Date_27OCT2008:15:10:00.000_Ctenogobius_boleosoma","Animalia","Chordata",NA,"Perciformes","Gobiidae","Ctenogobius","Ctenogobius boleosoma",NA,"SPECIES","Ctenogobius boleosoma (Jordan & Gilbert, 1882)","Ctenogobius boleosoma","(Jordan & Gilbert, 1882)","US","Guadalupe Estuary","Texas","PRESENT",NA,"c3ad790a-d426-4ac1-8e32-da61f81f0117",28.416944,-96.465556,100,NA,NA,NA,0.3,0.2,"2008-10-27T15:10",27,10,2008,2375376,2375376,"HUMAN_OBSERVATION","TPWD","San Antonio Bay Bag Seine","","","",NA,"CC0_1_0","","",NA,NA,2025-02-06 21:26:41.415,"","CONTINENT_DERIVED_FROM_COORDINATES"
3405767623,"95b694cd-e9db-4831-b6a9-0a6d433d92c1","Station_208_Date_22MAY2006:09:56:00.000_Ctenogobius_boleosoma","Animalia","Chordata",NA,"Perciformes","Gobiidae","Ctenogobius","Ctenogobius boleosoma",NA,"SPECIES","Ctenogobius boleosoma (Jordan & Gilbert, 1882)","Ctenogobius boleosoma","(Jordan & Gilbert, 1882)","US","Guadalupe Estuary","Texas","PRESENT",NA,"c3ad790a-d426-4ac1-8e32-da61f81f0117",28.435278,-96.419722,100,NA,NA,NA,0.3,0.3,"2006-05-22T09:56",22,5,2006,2375376,2375376,"HUMAN_OBSERVATION","TPWD","San Antonio Bay Bag Seine","","","",NA,"CC0_1_0","","",NA,NA,2025-02-06 21:26:41.413,"","CONTINENT_DERIVED_FROM_COORDINATES"
3405767357,"95b694cd-e9db-4831-b6a9-0a6d433d92c1","Station_130_Date_12JUL2005:11:17:00.000_Ctenogobius_boleosoma","Animalia","Chordata",NA,"Perciformes","Gobiidae","Ctenogobius","Ctenogobius boleosoma",NA,"SPECIES","Ctenogobius boleosoma (Jordan & Gilbert, 1882)","Ctenogobius boleosoma","(Jordan & Gilbert, 1882)","US","Guadalupe Estuary","Texas","PRESENT",NA,"c3ad790a-d426-4ac1-8e32-da61f81f0117",28.120833,-96.857222,100,NA,NA,NA,0.25,0.05,"2005-07-12T11:17",12,7,2005,2375376,2375376,"HUMAN_OBSERVATION","TPWD","San Antonio Bay Bag Seine","","","",NA,"CC0_1_0","","",NA,NA,2025-02-06 21:26:41.353,"","CONTINENT_DERIVED_FROM_COORDINATES"
3405765675,"95b694cd-e9db-4831-b6a9-0a6d433d92c1","Station_233_Date_18DEC2006:14:16:00.000_Ctenogobius_boleosoma","Animalia","Chordata",NA,"Perciformes","Gobiidae","Ctenogobius","Ctenogobius boleosoma",NA,"SPECIES","Ctenogobius boleosoma (Jordan & Gilbert, 1882)","Ctenogobius boleosoma","(Jordan & Gilbert, 1882)","US","Guadalupe Estuary","Texas","PRESENT",NA,"c3ad790a-d426-4ac1-8e32-da61f81f0117",28.377778,-96.523056,100,NA,NA,NA,0.3,0.1,"2006-12-18T14:16",18,12,2006,2375376,2375376,"HUMAN_OBSERVATION","TPWD","San Antonio Bay Bag Seine","","","",NA,"CC0_1_0","","",NA,NA,2025-02-06 21:26:40.308,"","CONTINENT_DERIVED_FROM_COORDINATES"
3405765643,"95b694cd-e9db-4831-b6a9-0a6d433d92c1","Station_228_Date_23OCT2006:12:38:00.000_Ctenogobius_boleosoma","Animalia","Chordata",NA,"Perciformes","Gobiidae","Ctenogobius","Ctenogobius boleosoma",NA,"SPECIES","Ctenogobius boleosoma (Jordan & Gilbert, 1882)","Ctenogobius boleosoma","(Jordan & Gilbert, 1882)","US","Guadalupe Estuary","Texas","PRESENT",NA,"c3ad790a-d426-4ac1-8e32-da61f81f0117",28.398611,-96.433056,100,NA,NA,NA,0.45,0.05,"2006-10-23T12:38",23,10,2006,2375376,2375376,"HUMAN_OBSERVATION","TPWD","San Antonio Bay Bag Seine","","","",NA,"CC0_1_0","","",NA,NA,2025-02-06 21:26:40.304,"","CONTINENT_DERIVED_FROM_COORDINATES"
3405765541,"95b694cd-e9db-4831-b6a9-0a6d433d92c1","Station_213_Date_22MAY2006:10:49:00.000_Ctenogobius_boleosoma","Animalia","Chordata",NA,"Perciformes","Gobiidae","Ctenogobius","Ctenogobius boleosoma",NA,"SPECIES","Ctenogobius boleosoma (Jordan & Gilbert, 1882)","Ctenogobius boleosoma","(Jordan & Gilbert, 1882)","US","Guadalupe Estuary","Texas","PRESENT",NA,"c3ad790a-d426-4ac1-8e32-da61f81f0117",28.425,-96.411111,100,NA,NA,NA,0.25,0.05,"2006-05-22T10:49",22,5,2006,2375376,2375376,"HUMAN_OBSERVATION","TPWD","San Antonio Bay Bag Seine","","","",NA,"CC0_1_0","","",NA,NA,2025-02-06 21:26:40.288,"","CONTINENT_DERIVED_FROM_COORDINATES"
3405765506,"95b694cd-e9db-4831-b6a9-0a6d433d92c1","Station_207_Date_26JUN2006:13:47:00.000_Ctenogobius_boleosoma","Animalia","Chordata",NA,"Perciformes","Gobiidae","Ctenogobius","Ctenogobius boleosoma",NA,"SPECIES","Ctenogobius boleosoma (Jordan & Gilbert, 1882)","Ctenogobius boleosoma","(Jordan & Gilbert, 1882)","US","Guadalupe Estuary","Texas","PRESENT",NA,"c3ad790a-d426-4ac1-8e32-da61f81f0117",28.081944,-96.844167,100,NA,NA,NA,0.25,0.15,"2006-06-26T13:47",26,6,2006,2375376,2375376,"HUMAN_OBSERVATION","TPWD","San Antonio Bay Bag Seine","","","",NA,"CC0_1_0","","",NA,NA,2025-02-06 21:26:40.283,"","CONTINENT_DERIVED_FROM_COORDINATES"
3405765361,"95b694cd-e9db-4831-b6a9-0a6d433d92c1","Station_172_Date_06SEP2006:11:47:00.000_Ctenogobius_boleosoma","Animalia","Chordata",NA,"Perciformes","Gobiidae","Ctenogobius","Ctenogobius boleosoma",NA,"SPECIES","Ctenogobius boleosoma (Jordan & Gilbert, 1882)","Ctenogobius boleosoma","(Jordan & Gilbert, 1882)","US","Guadalupe Estuary","Texas","PRESENT",NA,"c3ad790a-d426-4ac1-8e32-da61f81f0117",28.221389,-96.680833,100,NA,NA,NA,0.4,0.1,"2006-09-06T11:47",6,9,2006,2375376,2375376,"HUMAN_OBSERVATION","TPWD","San Antonio Bay Bag Seine","","","",NA,"CC0_1_0","","",NA,NA,2025-02-06 21:26:40.267,"","CONTINENT_DERIVED_FROM_COORDINATES"
3405761789,"95b694cd-e9db-4831-b6a9-0a6d433d92c1","Station_282_Date_04SEP2007:10:41:00.000_Ctenogobius_boleosoma","Animalia","Chordata",NA,"Perciformes","Gobiidae","Ctenogobius","Ctenogobius boleosoma",NA,"SPECIES","Ctenogobius boleosoma (Jordan & Gilbert, 1882)","Ctenogobius boleosoma","(Jordan & Gilbert, 1882)","US","Guadalupe Estuary","Texas","PRESENT",NA,"c3ad790a-d426-4ac1-8e32-da61f81f0117",28.3,-96.586111,100,NA,NA,NA,0.5,0,"2007-09-04T10:41",4,9,2007,2375376,2375376,"HUMAN_OBSERVATION","TPWD","San Antonio Bay Bag Seine","","","",NA,"CC0_1_0","","",NA,NA,2025-02-06 21:26:41.386,"","CONTINENT_DERIVED_FROM_COORDINATES"
3405761601,"95b694cd-e9db-4831-b6a9-0a6d433d92c1","Station_238_Date_23OCT2006:13:43:00.000_Ctenogobius_boleosoma","Animalia","Chordata",NA,"Perciformes","Gobiidae","Ctenogobius","Ctenogobius boleosoma",NA,"SPECIES","Ctenogobius boleosoma (Jordan & Gilbert, 1882)","Ctenogobius boleosoma","(Jordan & Gilbert, 1882)","US","Guadalupe Estuary","Texas","PRESENT",NA,"c3ad790a-d426-4ac1-8e32-da61f81f0117",28.381944,-96.448611,100,NA,NA,NA,0.4,0,"2006-10-23T13:43",23,10,2006,2375376,2375376,"HUMAN_OBSERVATION","TPWD","San Antonio Bay Bag Seine","","","",NA,"CC0_1_0","","",NA,NA,2025-02-06 21:26:41.347,"","CONTINENT_DERIVED_FROM_COORDINATES"
3405761548,"95b694cd-e9db-4831-b6a9-0a6d433d92c1","Station_231_Date_28NOV2005:11:18:00.000_Ctenogobius_boleosoma","Animalia","Chordata",NA,"Perciformes","Gobiidae","Ctenogobius","Ctenogobius boleosoma",NA,"SPECIES","Ctenogobius boleosoma (Jordan & Gilbert, 1882)","Ctenogobius boleosoma","(Jordan & Gilbert, 1882)","US","Guadalupe Estuary","Texas","PRESENT",NA,"c3ad790a-d426-4ac1-8e32-da61f81f0117",28.373611,-96.561111,100,NA,NA,NA,0.15,0.15,"2005-11-28T11:18",28,11,2005,2375376,2375376,"HUMAN_OBSERVATION","TPWD","San Antonio Bay Bag Seine","","","",NA,"CC0_1_0","","",NA,NA,2025-02-06 21:26:41.337,"","CONTINENT_DERIVED_FROM_COORDINATES"
3405760945,"95b694cd-e9db-4831-b6a9-0a6d433d92c1","Station_34_Date_05MAR2007:12:03:00.000_Ctenogobius_boleosoma","Animalia","Chordata",NA,"Perciformes","Gobiidae","Ctenogobius","Ctenogobius boleosoma",NA,"SPECIES","Ctenogobius boleosoma (Jordan & Gilbert, 1882)","Ctenogobius boleosoma","(Jordan & Gilbert, 1882)","US","Guadalupe Estuary","Texas","PRESENT",NA,"c3ad790a-d426-4ac1-8e32-da61f81f0117",28.405,-96.776944,100,NA,NA,NA,0.6,0.1,"2007-03-05T12:03",5,3,2007,2375376,2375376,"HUMAN_OBSERVATION","TPWD","San Antonio Bay Bag Seine","","","",NA,"CC0_1_0","","",NA,NA,2025-02-06 21:26:40.209,"","CONTINENT_DERIVED_FROM_COORDINATES"
3405619534,"f46c93f2-123d-4dc3-a06e-b2faecfda2ce","Station_193_Date_19MAR2007:12:43:00.000_Ctenogobius_boleosoma","Animalia","Chordata",NA,"Perciformes","Gobiidae","Ctenogobius","Ctenogobius boleosoma",NA,"SPECIES","Ctenogobius boleosoma (Jordan & Gilbert, 1882)","Ctenogobius boleosoma","(Jordan & Gilbert, 1882)","US","Sabine-Neches Estuary","Texas","PRESENT",NA,"c3ad790a-d426-4ac1-8e32-da61f81f0117",29.7475,-93.888611,100,NA,NA,NA,0.2,0.2,"2007-03-19T12:43",19,3,2007,2375376,2375376,"HUMAN_OBSERVATION","TPWD","Sabine Lake Bag Seine","","","",NA,"CC0_1_0","","",NA,NA,2025-02-07 00:17:10.739,"","CONTINENT_DERIVED_FROM_COORDINATES"
3404643060,"2473e9c3-624f-4cd6-bfc6-b476913790b5","Station_338_Date_16NOV2006:14:15:00.000_Ctenogobius_boleosoma","Animalia","Chordata",NA,"Perciformes","Gobiidae","Ctenogobius","Ctenogobius boleosoma",NA,"SPECIES","Ctenogobius boleosoma (Jordan & Gilbert, 1882)","Ctenogobius boleosoma","(Jordan & Gilbert, 1882)","US","Mission-Aransas Estuary","Texas","PRESENT",NA,"c3ad790a-d426-4ac1-8e32-da61f81f0117",27.869722,-97.077778,100,NA,NA,NA,0.3,0.3,"2006-11-16T14:15",16,11,2006,2375376,2375376,"HUMAN_OBSERVATION","TPWD","Aransas Bay Bag Seine","","","",NA,"CC0_1_0","","",NA,NA,2025-02-06 18:23:35.147,"","CONTINENT_DERIVED_FROM_COORDINATES"
3404642796,"2473e9c3-624f-4cd6-bfc6-b476913790b5","Station_262_Date_15MAR2007:10:43:00.000_Ctenogobius_boleosoma","Animalia","Chordata",NA,"Perciformes","Gobiidae","Ctenogobius","Ctenogobius boleosoma",NA,"SPECIES","Ctenogobius boleosoma (Jordan & Gilbert, 1882)","Ctenogobius boleosoma","(Jordan & Gilbert, 1882)","US","Mission-Aransas Estuary","Texas","PRESENT",NA,"c3ad790a-d426-4ac1-8e32-da61f81f0117",28.015833,-97.0525,100,NA,NA,NA,0.3,0.3,"2007-03-15T10:43",15,3,2007,2375376,2375376,"HUMAN_OBSERVATION","TPWD","Aransas Bay Bag Seine","","","",NA,"CC0_1_0","","",NA,NA,2025-02-06 18:23:35.08,"","CONTINENT_DERIVED_FROM_COORDINATES"
3404642012,"2473e9c3-624f-4cd6-bfc6-b476913790b5","Station_315_Date_12APR2006:15:47:00.000_Ctenogobius_boleosoma","Animalia","Chordata",NA,"Perciformes","Gobiidae","Ctenogobius","Ctenogobius boleosoma",NA,"SPECIES","Ctenogobius boleosoma (Jordan & Gilbert, 1882)","Ctenogobius boleosoma","(Jordan & Gilbert, 1882)","US","Mission-Aransas Estuary","Texas","PRESENT",NA,"c3ad790a-d426-4ac1-8e32-da61f81f0117",27.931389,-97.045556,100,NA,NA,NA,0.15,0.15,"2006-04-12T15:47",12,4,2006,2375376,2375376,"HUMAN_OBSERVATION","TPWD","Aransas Bay Bag Seine","","","",NA,"CC0_1_0","","",NA,NA,2025-02-06 18:23:36.028,"","CONTINENT_DERIVED_FROM_COORDINATES"
3404641731,"2473e9c3-624f-4cd6-bfc6-b476913790b5","Station_241_Date_07MAY2008:18:11:00.000_Ctenogobius_boleosoma","Animalia","Chordata",NA,"Perciformes","Gobiidae","Ctenogobius","Ctenogobius boleosoma",NA,"SPECIES","Ctenogobius boleosoma (Jordan & Gilbert, 1882)","Ctenogobius boleosoma","(Jordan & Gilbert, 1882)","US","Mission-Aransas Estuary","Texas","PRESENT",NA,"c3ad790a-d426-4ac1-8e32-da61f81f0117",28.037222,-96.953611,100,NA,NA,NA,0.4,0.1,"2008-05-07T18:11",7,5,2008,2375376,2375376,"HUMAN_OBSERVATION","TPWD","Aransas Bay Bag Seine","","","",NA,"CC0_1_0","","",NA,NA,2025-02-06 18:23:35.964,"","CONTINENT_DERIVED_FROM_COORDINATES"
3404641445,"2473e9c3-624f-4cd6-bfc6-b476913790b5","Station_122_Date_08JUL2008:13:42:00.000_Ctenogobius_boleosoma","Animalia","Chordata",NA,"Perciformes","Gobiidae","Ctenogobius","Ctenogobius boleosoma",NA,"SPECIES","Ctenogobius boleosoma (Jordan & Gilbert, 1882)","Ctenogobius boleosoma","(Jordan & Gilbert, 1882)","US","Mission-Aransas Estuary","Texas","PRESENT",NA,"c3ad790a-d426-4ac1-8e32-da61f81f0117",28.125833,-96.984167,100,NA,NA,NA,0.3,0.1,"2008-07-08T13:42",8,7,2008,2375376,2375376,"HUMAN_OBSERVATION","TPWD","Aransas Bay Bag Seine","","","",NA,"CC0_1_0","","",NA,NA,2025-02-06 18:23:35.885,"","CONTINENT_DERIVED_FROM_COORDINATES"
3404640720,"2473e9c3-624f-4cd6-bfc6-b476913790b5","Station_273_Date_11JUL2007:13:01:00.000_Ctenogobius_boleosoma","Animalia","Chordata",NA,"Perciformes","Gobiidae","Ctenogobius","Ctenogobius boleosoma",NA,"SPECIES","Ctenogobius boleosoma (Jordan & Gilbert, 1882)","Ctenogobius boleosoma","(Jordan & Gilbert, 1882)","US","Mission-Aransas Estuary","Texas","PRESENT",NA,"c3ad790a-d426-4ac1-8e32-da61f81f0117",27.999167,-97.147222,100,NA,NA,NA,0.35,0.25,"2007-07-11T13:01",11,7,2007,2375376,2375376,"HUMAN_OBSERVATION","TPWD","Aransas Bay Bag Seine","","","",NA,"CC0_1_0","","",NA,NA,2025-02-06 18:23:33.886,"","CONTINENT_DERIVED_FROM_COORDINATES"
3404639124,"2473e9c3-624f-4cd6-bfc6-b476913790b5","Station_340_Date_07FEB2006:14:47:00.000_Ctenogobius_boleosoma","Animalia","Chordata",NA,"Perciformes","Gobiidae","Ctenogobius","Ctenogobius boleosoma",NA,"SPECIES","Ctenogobius boleosoma (Jordan & Gilbert, 1882)","Ctenogobius boleosoma","(Jordan & Gilbert, 1882)","US","Mission-Aransas Estuary","Texas","PRESENT",NA,"c3ad790a-d426-4ac1-8e32-da61f81f0117",27.882222,-97.049444,100,NA,NA,NA,0.35,0.35,"2006-02-07T14:47",7,2,2006,2375376,2375376,"HUMAN_OBSERVATION","TPWD","Aransas Bay Bag Seine","","","",NA,"CC0_1_0","","",NA,NA,2025-02-06 18:23:35.163,"","CONTINENT_DERIVED_FROM_COORDINATES"
3404632222,"2473e9c3-624f-4cd6-bfc6-b476913790b5","Station_66_Date_25FEB2005:09:56:00.000_Ctenogobius_boleosoma","Animalia","Chordata",NA,"Perciformes","Gobiidae","Ctenogobius","Ctenogobius boleosoma",NA,"SPECIES","Ctenogobius boleosoma (Jordan & Gilbert, 1882)","Ctenogobius boleosoma","(Jordan & Gilbert, 1882)","US","Mission-Aransas Estuary","Texas","PRESENT",NA,"c3ad790a-d426-4ac1-8e32-da61f81f0117",27.880556,-97.101111,100,NA,NA,NA,0.15,0.15,"2005-02-25T09:56",25,2,2005,2375376,2375376,"HUMAN_OBSERVATION","TPWD","Aransas Bay Bag Seine","","","",NA,"CC0_1_0","","",NA,NA,2025-02-06 18:23:35.826,"","CONTINENT_DERIVED_FROM_COORDINATES"
3404627593,"2473e9c3-624f-4cd6-bfc6-b476913790b5","Station_23_Date_22JUN2005:11:59:00.000_Ctenogobius_boleosoma","Animalia","Chordata",NA,"Perciformes","Gobiidae","Ctenogobius","Ctenogobius boleosoma",NA,"SPECIES","Ctenogobius boleosoma (Jordan & Gilbert, 1882)","Ctenogobius boleosoma","(Jordan & Gilbert, 1882)","US","Mission-Aransas Estuary","Texas","PRESENT",NA,"c3ad790a-d426-4ac1-8e32-da61f81f0117",28.208889,-96.959167,100,NA,NA,NA,0.25,0.05,"2005-06-22T11:59",22,6,2005,2375376,2375376,"HUMAN_OBSERVATION","TPWD","Aransas Bay Bag Seine","","","",NA,"CC0_1_0","","",NA,NA,2025-02-06 18:23:35.048,"","CONTINENT_DERIVED_FROM_COORDINATES"
3404610960,"2473e9c3-624f-4cd6-bfc6-b476913790b5","Station_308_Date_23MAY2007:18:29:00.000_Ctenogobius_boleosoma","Animalia","Chordata",NA,"Perciformes","Gobiidae","Ctenogobius","Ctenogobius boleosoma",NA,"SPECIES","Ctenogobius boleosoma (Jordan & Gilbert, 1882)","Ctenogobius boleosoma","(Jordan & Gilbert, 1882)","US","Mission-Aransas Estuary","Texas","PRESENT",NA,"c3ad790a-d426-4ac1-8e32-da61f81f0117",27.934444,-97.001111,100,NA,NA,NA,0.65,0.15,"2007-05-23T18:29",23,5,2007,2375376,2375376,"HUMAN_OBSERVATION","TPWD","Aransas Bay Bag Seine","","","",NA,"CC0_1_0","","",NA,NA,2025-02-06 18:23:35.112,"","CONTINENT_DERIVED_FROM_COORDINATES"
3404610915,"2473e9c3-624f-4cd6-bfc6-b476913790b5","Station_291_Date_13APR2008:17:36:00.000_Ctenogobius_boleosoma","Animalia","Chordata",NA,"Perciformes","Gobiidae","Ctenogobius","Ctenogobius boleosoma",NA,"SPECIES","Ctenogobius boleosoma (Jordan & Gilbert, 1882)","Ctenogobius boleosoma","(Jordan & Gilbert, 1882)","US","Mission-Aransas Estuary","Texas","PRESENT",NA,"c3ad790a-d426-4ac1-8e32-da61f81f0117",27.977222,-96.975556,100,NA,NA,NA,0.4,0.2,"2008-04-13T17:36",13,4,2008,2375376,2375376,"HUMAN_OBSERVATION","TPWD","Aransas Bay Bag Seine","","","",NA,"CC0_1_0","","",NA,NA,2025-02-06 18:23:35.098,"","CONTINENT_DERIVED_FROM_COORDINATES"
3404610409,"2473e9c3-624f-4cd6-bfc6-b476913790b5","Station_99_Date_01MAY2006:15:32:00.000_Ctenogobius_boleosoma","Animalia","Chordata",NA,"Perciformes","Gobiidae","Ctenogobius","Ctenogobius boleosoma",NA,"SPECIES","Ctenogobius boleosoma (Jordan & Gilbert, 1882)","Ctenogobius boleosoma","(Jordan & Gilbert, 1882)","US","Mission-Aransas Estuary","Texas","PRESENT",NA,"c3ad790a-d426-4ac1-8e32-da61f81f0117",28.146389,-96.9475,100,NA,NA,NA,0.2,0.1,"2006-05-01T15:32",1,5,2006,2375376,2375376,"HUMAN_OBSERVATION","TPWD","Aransas Bay Bag Seine","","","",NA,"CC0_1_0","","",NA,NA,2025-02-06 18:23:34.967,"","CONTINENT_DERIVED_FROM_COORDINATES"
3404608075,"2473e9c3-624f-4cd6-bfc6-b476913790b5","Station_325_Date_23MAY2007:17:29:00.000_Ctenogobius_boleosoma","Animalia","Chordata",NA,"Perciformes","Gobiidae","Ctenogobius","Ctenogobius boleosoma",NA,"SPECIES","Ctenogobius boleosoma (Jordan & Gilbert, 1882)","Ctenogobius boleosoma","(Jordan & Gilbert, 1882)","US","Mission-Aransas Estuary","Texas","PRESENT",NA,"c3ad790a-d426-4ac1-8e32-da61f81f0117",27.913889,-97.031389,100,NA,NA,NA,0.5,0,"2007-05-23T17:29",23,5,2007,2375376,2375376,"HUMAN_OBSERVATION","TPWD","Aransas Bay Bag Seine","","","",NA,"CC0_1_0","","",NA,NA,2025-02-06 18:23:33.909,"","CONTINENT_DERIVED_FROM_COORDINATES"
3404606625,"2473e9c3-624f-4cd6-bfc6-b476913790b5","Station_271_Date_01AUG2006:07:48:00.000_Ctenogobius_boleosoma","Animalia","Chordata",NA,"Perciformes","Gobiidae","Ctenogobius","Ctenogobius boleosoma",NA,"SPECIES","Ctenogobius boleosoma (Jordan & Gilbert, 1882)","Ctenogobius boleosoma","(Jordan & Gilbert, 1882)","US","Mission-Aransas Estuary","Texas","PRESENT",NA,"c3ad790a-d426-4ac1-8e32-da61f81f0117",27.995,-97.174444,100,NA,NA,NA,0.3,0.1,"2006-08-01T07:48",1,8,2006,2375376,2375376,"HUMAN_OBSERVATION","TPWD","Aransas Bay Bag Seine","","","",NA,"CC0_1_0","","",NA,NA,2025-02-06 18:23:35.985,"","CONTINENT_DERIVED_FROM_COORDINATES"
3404603928,"2473e9c3-624f-4cd6-bfc6-b476913790b5","Station_320_Date_13APR2005:10:57:00.000_Ctenogobius_boleosoma","Animalia","Chordata",NA,"Perciformes","Gobiidae","Ctenogobius","Ctenogobius boleosoma",NA,"SPECIES","Ctenogobius boleosoma (Jordan & Gilbert, 1882)","Ctenogobius boleosoma","(Jordan & Gilbert, 1882)","US","Mission-Aransas Estuary","Texas","PRESENT",NA,"c3ad790a-d426-4ac1-8e32-da61f81f0117",27.903611,-97.1025,100,NA,NA,NA,0.35,0.05,"2005-04-13T10:57",13,4,2005,2375376,2375376,"HUMAN_OBSERVATION","TPWD","Aransas Bay Bag Seine","","","",NA,"CC0_1_0","","",NA,NA,2025-02-06 18:23:35.145,"","CONTINENT_DERIVED_FROM_COORDINATES"
3404603914,"2473e9c3-624f-4cd6-bfc6-b476913790b5","Station_317_Date_29NOV2005:13:26:00.000_Ctenogobius_boleosoma","Animalia","Chordata",NA,"Perciformes","Gobiidae","Ctenogobius","Ctenogobius boleosoma",NA,"SPECIES","Ctenogobius boleosoma (Jordan & Gilbert, 1882)","Ctenogobius boleosoma","(Jordan & Gilbert, 1882)","US","Mission-Aransas Estuary","Texas","PRESENT",NA,"c3ad790a-d426-4ac1-8e32-da61f81f0117",27.9325,-97.0025,100,NA,NA,NA,0.3,0.1,"2005-11-29T13:26",29,11,2005,2375376,2375376,"HUMAN_OBSERVATION","TPWD","Aransas Bay Bag Seine","","","",NA,"CC0_1_0","","",NA,NA,2025-02-06 18:23:35.143,"","CONTINENT_DERIVED_FROM_COORDINATES"
3404603872,"2473e9c3-624f-4cd6-bfc6-b476913790b5","Station_310_Date_29NOV2005:11:10:00.000_Ctenogobius_boleosoma","Animalia","Chordata",NA,"Perciformes","Gobiidae","Ctenogobius","Ctenogobius boleosoma",NA,"SPECIES","Ctenogobius boleosoma (Jordan & Gilbert, 1882)","Ctenogobius boleosoma","(Jordan & Gilbert, 1882)","US","Mission-Aransas Estuary","Texas","PRESENT",NA,"c3ad790a-d426-4ac1-8e32-da61f81f0117",27.925278,-97.119167,100,NA,NA,NA,0.3,0.1,"2005-11-29T11:10",29,11,2005,2375376,2375376,"HUMAN_OBSERVATION","TPWD","Aransas Bay Bag Seine","","","",NA,"CC0_1_0","","",NA,NA,2025-02-06 18:23:35.135,"","CONTINENT_DERIVED_FROM_COORDINATES"
3404597059,"2473e9c3-624f-4cd6-bfc6-b476913790b5","Station_77_Date_18FEB2005:12:53:00.000_Ctenogobius_boleosoma","Animalia","Chordata",NA,"Perciformes","Gobiidae","Ctenogobius","Ctenogobius boleosoma",NA,"SPECIES","Ctenogobius boleosoma (Jordan & Gilbert, 1882)","Ctenogobius boleosoma","(Jordan & Gilbert, 1882)","US","Mission-Aransas Estuary","Texas","PRESENT",NA,"c3ad790a-d426-4ac1-8e32-da61f81f0117",27.859167,-97.165556,100,NA,NA,NA,0.15,0.15,"2005-02-18T12:53",18,2,2005,2375376,2375376,"HUMAN_OBSERVATION","TPWD","Aransas Bay Bag Seine","","","",NA,"CC0_1_0","","",NA,NA,2025-02-06 18:23:35.84,"","CONTINENT_DERIVED_FROM_COORDINATES"
3404596945,"2473e9c3-624f-4cd6-bfc6-b476913790b5","Station_63_Date_20NOV2006:12:36:00.000_Ctenogobius_boleosoma","Animalia","Chordata",NA,"Perciformes","Gobiidae","Ctenogobius","Ctenogobius boleosoma",NA,"SPECIES","Ctenogobius boleosoma (Jordan & Gilbert, 1882)","Ctenogobius boleosoma","(Jordan & Gilbert, 1882)","US","Mission-Aransas Estuary","Texas","PRESENT",NA,"c3ad790a-d426-4ac1-8e32-da61f81f0117",27.870278,-97.158611,100,NA,NA,NA,0.4,0.4,"2006-11-20T12:36",20,11,2006,2375376,2375376,"HUMAN_OBSERVATION","TPWD","Aransas Bay Bag Seine","","","",NA,"CC0_1_0","","",NA,NA,2025-02-06 18:23:35.809,"","CONTINENT_DERIVED_FROM_COORDINATES"
3404596196,"2473e9c3-624f-4cd6-bfc6-b476913790b5","Station_88_Date_14FEB2005:11:04:00.000_Ctenogobius_boleosoma","Animalia","Chordata",NA,"Perciformes","Gobiidae","Ctenogobius","Ctenogobius boleosoma",NA,"SPECIES","Ctenogobius boleosoma (Jordan & Gilbert, 1882)","Ctenogobius boleosoma","(Jordan & Gilbert, 1882)","US","Mission-Aransas Estuary","Texas","PRESENT",NA,"c3ad790a-d426-4ac1-8e32-da61f81f0117",28.146111,-97.128333,100,NA,NA,NA,0.3,0.1,"2005-02-14T11:04",14,2,2005,2375376,2375376,"HUMAN_OBSERVATION","TPWD","Aransas Bay Bag Seine","","","",NA,"CC0_1_0","","",NA,NA,2025-02-06 18:23:34.953,"","CONTINENT_DERIVED_FROM_COORDINATES"
3404463132,"2473e9c3-624f-4cd6-bfc6-b476913790b5","Station_342_Date_16NOV2006:13:51:00.000_Ctenogobius_boleosoma","Animalia","Chordata",NA,"Perciformes","Gobiidae","Ctenogobius","Ctenogobius boleosoma",NA,"SPECIES","Ctenogobius boleosoma (Jordan & Gilbert, 1882)","Ctenogobius boleosoma","(Jordan & Gilbert, 1882)","US","Mission-Aransas Estuary","Texas","PRESENT",NA,"c3ad790a-d426-4ac1-8e32-da61f81f0117",27.866111,-97.08,100,NA,NA,NA,0.25,0.25,"2006-11-16T13:51",16,11,2006,2375376,2375376,"HUMAN_OBSERVATION","TPWD","Aransas Bay Bag Seine","","","",NA,"CC0_1_0","","",NA,NA,2025-02-06 18:23:36.051,"","CONTINENT_DERIVED_FROM_COORDINATES"
3404461103,"2473e9c3-624f-4cd6-bfc6-b476913790b5","Station_338_Date_29NOV2005:14:38:00.000_Ctenogobius_boleosoma","Animalia","Chordata",NA,"Perciformes","Gobiidae","Ctenogobius","Ctenogobius boleosoma",NA,"SPECIES","Ctenogobius boleosoma (Jordan & Gilbert, 1882)","Ctenogobius boleosoma","(Jordan & Gilbert, 1882)","US","Mission-Aransas Estuary","Texas","PRESENT",NA,"c3ad790a-d426-4ac1-8e32-da61f81f0117",27.867222,-97.081667,100,NA,NA,NA,0.4,0.1,"2005-11-29T14:38",29,11,2005,2375376,2375376,"HUMAN_OBSERVATION","TPWD","Aransas Bay Bag Seine","","","",NA,"CC0_1_0","","",NA,NA,2025-02-06 18:23:35.469,"","CONTINENT_DERIVED_FROM_COORDINATES"
3404459929,"2473e9c3-624f-4cd6-bfc6-b476913790b5","Station_332_Date_07FEB2006:14:13:00.000_Ctenogobius_boleosoma","Animalia","Chordata",NA,"Perciformes","Gobiidae","Ctenogobius","Ctenogobius boleosoma",NA,"SPECIES","Ctenogobius boleosoma (Jordan & Gilbert, 1882)","Ctenogobius boleosoma","(Jordan & Gilbert, 1882)","US","Mission-Aransas Estuary","Texas","PRESENT",NA,"c3ad790a-d426-4ac1-8e32-da61f81f0117",27.886944,-97.050833,100,NA,NA,NA,0.05,0.05,"2006-02-07T14:13",7,2,2006,2375376,2375376,"HUMAN_OBSERVATION","TPWD","Aransas Bay Bag Seine","","","",NA,"CC0_1_0","","",NA,NA,2025-02-06 18:23:33.911,"","CONTINENT_DERIVED_FROM_COORDINATES"
3404458921,"2473e9c3-624f-4cd6-bfc6-b476913790b5","Station_306_Date_29NOV2005:12:26:00.000_Ctenogobius_boleosoma","Animalia","Chordata",NA,"Perciformes","Gobiidae","Ctenogobius","Ctenogobius boleosoma",NA,"SPECIES","Ctenogobius boleosoma (Jordan & Gilbert, 1882)","Ctenogobius boleosoma","(Jordan & Gilbert, 1882)","US","Mission-Aransas Estuary","Texas","PRESENT",NA,"c3ad790a-d426-4ac1-8e32-da61f81f0117",27.94,-97.038056,100,NA,NA,NA,0.1,0.1,"2005-11-29T12:26",29,11,2005,2375376,2375376,"HUMAN_OBSERVATION","TPWD","Aransas Bay Bag Seine","","","",NA,"CC0_1_0","","",NA,NA,2025-02-06 18:23:35.11,"","CONTINENT_DERIVED_FROM_COORDINATES"
3404453111,"2473e9c3-624f-4cd6-bfc6-b476913790b5","Station_49_Date_18MAY2005:15:46:00.000_Ctenogobius_boleosoma","Animalia","Chordata",NA,"Perciformes","Gobiidae","Ctenogobius","Ctenogobius boleosoma",NA,"SPECIES","Ctenogobius boleosoma (Jordan & Gilbert, 1882)","Ctenogobius boleosoma","(Jordan & Gilbert, 1882)","US","Mission-Aransas Estuary","Texas","PRESENT",NA,"c3ad790a-d426-4ac1-8e32-da61f81f0117",28.171111,-96.968889,100,NA,NA,NA,0.5,0.1,"2005-05-18T15:46",18,5,2005,2375376,2375376,"HUMAN_OBSERVATION","TPWD","Aransas Bay Bag Seine","","","",NA,"CC0_1_0","","",NA,NA,2025-02-06 18:23:35.794,"","CONTINENT_DERIVED_FROM_COORDINATES"
3404452152,"2473e9c3-624f-4cd6-bfc6-b476913790b5","Station_93_Date_17SEP2007:18:04:00.000_Ctenogobius_boleosoma","Animalia","Chordata",NA,"Perciformes","Gobiidae","Ctenogobius","Ctenogobius boleosoma",NA,"SPECIES","Ctenogobius boleosoma (Jordan & Gilbert, 1882)","Ctenogobius boleosoma","(Jordan & Gilbert, 1882)","US","Mission-Aransas Estuary","Texas","PRESENT",NA,"c3ad790a-d426-4ac1-8e32-da61f81f0117",27.847778,-97.159444,100,NA,NA,NA,0.3,0.3,"2007-09-17T18:04",17,9,2007,2375376,2375376,"HUMAN_OBSERVATION","TPWD","Aransas Bay Bag Seine","","","",NA,"CC0_1_0","","",NA,NA,2025-02-06 18:23:34.957,"","CONTINENT_DERIVED_FROM_COORDINATES"
3404448978,"2473e9c3-624f-4cd6-bfc6-b476913790b5","Station_303_Date_14JAN2005:14:02:00.000_Ctenogobius_boleosoma","Animalia","Chordata",NA,"Perciformes","Gobiidae","Ctenogobius","Ctenogobius boleosoma",NA,"SPECIES","Ctenogobius boleosoma (Jordan & Gilbert, 1882)","Ctenogobius boleosoma","(Jordan & Gilbert, 1882)","US","Mission-Aransas Estuary","Texas","PRESENT",NA,"c3ad790a-d426-4ac1-8e32-da61f81f0117",27.934167,-97.086389,100,NA,NA,NA,0.15,0.05,"2005-01-14T14:02",14,1,2005,2375376,2375376,"HUMAN_OBSERVATION","TPWD","Aransas Bay Bag Seine","","","",NA,"CC0_1_0","","",NA,NA,2025-02-06 18:23:35.124,"","CONTINENT_DERIVED_FROM_COORDINATES"
3404447866,"2473e9c3-624f-4cd6-bfc6-b476913790b5","Station_309_Date_21DEC2005:12:45:00.000_Ctenogobius_boleosoma","Animalia","Chordata",NA,"Perciformes","Gobiidae","Ctenogobius","Ctenogobius boleosoma",NA,"SPECIES","Ctenogobius boleosoma (Jordan & Gilbert, 1882)","Ctenogobius boleosoma","(Jordan & Gilbert, 1882)","US","Mission-Aransas Estuary","Texas","PRESENT",NA,"c3ad790a-d426-4ac1-8e32-da61f81f0117",27.946667,-96.995278,100,NA,NA,NA,0.15,0.15,"2005-12-21T12:45",21,12,2005,2375376,2375376,"HUMAN_OBSERVATION","TPWD","Aransas Bay Bag Seine","","","",NA,"CC0_1_0","","",NA,NA,2025-02-06 18:23:35.44,"","CONTINENT_DERIVED_FROM_COORDINATES"
3404445850,"2473e9c3-624f-4cd6-bfc6-b476913790b5","Station_328_Date_16NOV2006:14:46:00.000_Ctenogobius_boleosoma","Animalia","Chordata",NA,"Perciformes","Gobiidae","Ctenogobius","Ctenogobius boleosoma",NA,"SPECIES","Ctenogobius boleosoma (Jordan & Gilbert, 1882)","Ctenogobius boleosoma","(Jordan & Gilbert, 1882)","US","Mission-Aransas Estuary","Texas","PRESENT",NA,"c3ad790a-d426-4ac1-8e32-da61f81f0117",27.898889,-97.132778,100,NA,NA,NA,0.3,0.3,"2006-11-16T14:46",16,11,2006,2375376,2375376,"HUMAN_OBSERVATION","TPWD","Aransas Bay Bag Seine","","","",NA,"CC0_1_0","","",NA,NA,2025-02-06 18:23:33.91,"","CONTINENT_DERIVED_FROM_COORDINATES"
3404445828,"2473e9c3-624f-4cd6-bfc6-b476913790b5","Station_321_Date_22FEB2005:13:08:00.000_Ctenogobius_boleosoma","Animalia","Chordata",NA,"Perciformes","Gobiidae","Ctenogobius","Ctenogobius boleosoma",NA,"SPECIES","Ctenogobius boleosoma (Jordan & Gilbert, 1882)","Ctenogobius boleosoma","(Jordan & Gilbert, 1882)","US","Mission-Aransas Estuary","Texas","PRESENT",NA,"c3ad790a-d426-4ac1-8e32-da61f81f0117",27.9025,-97.099167,100,NA,NA,NA,0.2,0.2,"2005-02-22T13:08",22,2,2005,2375376,2375376,"HUMAN_OBSERVATION","TPWD","Aransas Bay Bag Seine","","","",NA,"CC0_1_0","","",NA,NA,2025-02-06 18:23:33.907,"","CONTINENT_DERIVED_FROM_COORDINATES"
3404444520,"2473e9c3-624f-4cd6-bfc6-b476913790b5","Station_214_Date_18APR2006:17:14:00.000_Ctenogobius_boleosoma","Animalia","Chordata",NA,"Perciformes","Gobiidae","Ctenogobius","Ctenogobius boleosoma",NA,"SPECIES","Ctenogobius boleosoma (Jordan & Gilbert, 1882)","Ctenogobius boleosoma","(Jordan & Gilbert, 1882)","US","Mission-Aransas Estuary","Texas","PRESENT",NA,"c3ad790a-d426-4ac1-8e32-da61f81f0117",28.055,-97.136944,100,NA,NA,NA,0.3,0.2,"2006-04-18T17:14",18,4,2006,2375376,2375376,"HUMAN_OBSERVATION","TPWD","Aransas Bay Bag Seine","","","",NA,"CC0_1_0","","",NA,NA,2025-02-06 18:23:35.943,"","CONTINENT_DERIVED_FROM_COORDINATES"
3404444020,"2473e9c3-624f-4cd6-bfc6-b476913790b5","Station_317_Date_13SEP2006:17:43:00.000_Ctenogobius_boleosoma","Animalia","Chordata",NA,"Perciformes","Gobiidae","Ctenogobius","Ctenogobius boleosoma",NA,"SPECIES","Ctenogobius boleosoma (Jordan & Gilbert, 1882)","Ctenogobius boleosoma","(Jordan & Gilbert, 1882)","US","Mission-Aransas Estuary","Texas","PRESENT",NA,"c3ad790a-d426-4ac1-8e32-da61f81f0117",27.921111,-97.014167,100,NA,NA,NA,0.3,0.1,"2006-09-13T17:43",13,9,2006,2375376,2375376,"HUMAN_OBSERVATION","TPWD","Aransas Bay Bag Seine","","","",NA,"CC0_1_0","","",NA,NA,2025-02-06 18:23:35.13,"","CONTINENT_DERIVED_FROM_COORDINATES"
3404443748,"2473e9c3-624f-4cd6-bfc6-b476913790b5","Station_247_Date_03NOV2005:08:33:00.000_Ctenogobius_boleosoma","Animalia","Chordata",NA,"Perciformes","Gobiidae","Ctenogobius","Ctenogobius boleosoma",NA,"SPECIES","Ctenogobius boleosoma (Jordan & Gilbert, 1882)","Ctenogobius boleosoma","(Jordan & Gilbert, 1882)","US","Mission-Aransas Estuary","Texas","PRESENT",NA,"c3ad790a-d426-4ac1-8e32-da61f81f0117",28.025278,-97.142222,100,NA,NA,NA,0.3,0.3,"2005-11-03T08:33",3,11,2005,2375376,2375376,"HUMAN_OBSERVATION","TPWD","Aransas Bay Bag Seine","","","",NA,"CC0_1_0","","",NA,NA,2025-02-06 18:23:35.065,"","CONTINENT_DERIVED_FROM_COORDINATES"
3404440144,"2473e9c3-624f-4cd6-bfc6-b476913790b5","Station_50_Date_18MAY2005:14:35:00.000_Ctenogobius_boleosoma","Animalia","Chordata",NA,"Perciformes","Gobiidae","Ctenogobius","Ctenogobius boleosoma",NA,"SPECIES","Ctenogobius boleosoma (Jordan & Gilbert, 1882)","Ctenogobius boleosoma","(Jordan & Gilbert, 1882)","US","Mission-Aransas Estuary","Texas","PRESENT",NA,"c3ad790a-d426-4ac1-8e32-da61f81f0117",28.168056,-96.951944,100,NA,NA,NA,0.5,0.1,"2005-05-18T14:35",18,5,2005,2375376,2375376,"HUMAN_OBSERVATION","TPWD","Aransas Bay Bag Seine","","","",NA,"CC0_1_0","","",NA,NA,2025-02-06 18:23:34.901,"","CONTINENT_DERIVED_FROM_COORDINATES"
3404438177,"2473e9c3-624f-4cd6-bfc6-b476913790b5","Station_82_Date_19DEC2006:09:33:00.000_Ctenogobius_boleosoma","Animalia","Chordata",NA,"Perciformes","Gobiidae","Ctenogobius","Ctenogobius boleosoma",NA,"SPECIES","Ctenogobius boleosoma (Jordan & Gilbert, 1882)","Ctenogobius boleosoma","(Jordan & Gilbert, 1882)","US","Mission-Aransas Estuary","Texas","PRESENT",NA,"c3ad790a-d426-4ac1-8e32-da61f81f0117",27.860556,-97.082778,100,NA,NA,NA,0.25,0.25,"2006-12-19T09:33",19,12,2006,2375376,2375376,"HUMAN_OBSERVATION","TPWD","Aransas Bay Bag Seine","","","",NA,"CC0_1_0","","",NA,NA,2025-02-06 18:23:35.259,"","CONTINENT_DERIVED_FROM_COORDINATES"
3404438139,"2473e9c3-624f-4cd6-bfc6-b476913790b5","Station_78_Date_03APR2007:11:43:00.000_Ctenogobius_boleosoma","Animalia","Chordata",NA,"Perciformes","Gobiidae","Ctenogobius","Ctenogobius boleosoma",NA,"SPECIES","Ctenogobius boleosoma (Jordan & Gilbert, 1882)","Ctenogobius boleosoma","(Jordan & Gilbert, 1882)","US","Mission-Aransas Estuary","Texas","PRESENT",NA,"c3ad790a-d426-4ac1-8e32-da61f81f0117",27.865,-97.136111,100,NA,NA,NA,0.3,0.1,"2007-04-03T11:43",3,4,2007,2375376,2375376,"HUMAN_OBSERVATION","TPWD","Aransas Bay Bag Seine","","","",NA,"CC0_1_0","","",NA,NA,2025-02-06 18:23:35.249,"","CONTINENT_DERIVED_FROM_COORDINATES"
3404435141,"2473e9c3-624f-4cd6-bfc6-b476913790b5","Station_64_Date_13JUL2005:09:28:00.000_Ctenogobius_boleosoma","Animalia","Chordata",NA,"Perciformes","Gobiidae","Ctenogobius","Ctenogobius boleosoma",NA,"SPECIES","Ctenogobius boleosoma (Jordan & Gilbert, 1882)","Ctenogobius boleosoma","(Jordan & Gilbert, 1882)","US","Mission-Aransas Estuary","Texas","PRESENT",NA,"c3ad790a-d426-4ac1-8e32-da61f81f0117",27.878611,-97.146667,100,NA,NA,NA,0.55,0.35,"2005-07-13T09:28",13,7,2005,2375376,2375376,"HUMAN_OBSERVATION","TPWD","Aransas Bay Bag Seine","","","",NA,"CC0_1_0","","",NA,NA,2025-02-06 18:23:34.914,"","CONTINENT_DERIVED_FROM_COORDINATES"
3404434191,"2473e9c3-624f-4cd6-bfc6-b476913790b5","Station_93_Date_09MAY2005:17:57:00.000_Ctenogobius_boleosoma","Animalia","Chordata",NA,"Perciformes","Gobiidae","Ctenogobius","Ctenogobius boleosoma",NA,"SPECIES","Ctenogobius boleosoma (Jordan & Gilbert, 1882)","Ctenogobius boleosoma","(Jordan & Gilbert, 1882)","US","Mission-Aransas Estuary","Texas","PRESENT",NA,"c3ad790a-d426-4ac1-8e32-da61f81f0117",27.841944,-97.162778,100,NA,NA,NA,0.25,0.15,"2005-05-09T17:57",9,5,2005,2375376,2375376,"HUMAN_OBSERVATION","TPWD","Aransas Bay Bag Seine","","","",NA,"CC0_1_0","","",NA,NA,2025-02-06 18:23:35.859,"","CONTINENT_DERIVED_FROM_COORDINATES"
3391307333,"50c9509d-22c7-4a22-a47d-8c48425ef4a7","https://www.inaturalist.org/observations/33494753","Animalia","Chordata",NA,"Perciformes","Gobiidae","Ctenogobius","Ctenogobius boleosoma",NA,"SPECIES","Ctenogobius boleosoma (Jordan & Gilbert, 1882)","Ctenogobius boleosoma","","US","","Florida","PRESENT",NA,"28eb1a3f-1c15-4a95-931a-4af90ecb574d",29.916792,-81.298605,5,NA,NA,NA,NA,NA,"2019-09-27T13:55:22",27,9,2019,2375376,2375376,"HUMAN_OBSERVATION","iNaturalist","Observations","33494753","","joey_debella",2019-09-27 19:28:58,"CC_BY_NC_4_0","joey_debella","joey_debella",NA,NA,2025-06-07 00:48:20.868,"StillImage","COORDINATE_ROUNDED;CONTINENT_DERIVED_FROM_COORDINATES;TAXON_MATCH_TAXON_ID_IGNORED"
2006093722,"50c9509d-22c7-4a22-a47d-8c48425ef4a7","https://www.inaturalist.org/observations/20819562","Animalia","Chordata",NA,"Perciformes","Gobiidae","Ctenogobius","Ctenogobius boleosoma",NA,"SPECIES","Ctenogobius boleosoma (Jordan & Gilbert, 1882)","Ctenogobius boleosoma","","US","","Texas","PRESENT",NA,"28eb1a3f-1c15-4a95-931a-4af90ecb574d",27.631969,-97.232742,15,NA,NA,NA,NA,NA,"2019-02-25T11:50",25,2,2019,2375376,2375376,"HUMAN_OBSERVATION","iNaturalist","Observations","20819562","","Sam Kieschnick",2019-02-28 02:08:48,"CC_BY_4_0","Sam Kieschnick","Sam Kieschnick",NA,NA,2025-06-07 01:27:34.915,"StillImage","COORDINATE_ROUNDED;CONTINENT_DERIVED_FROM_COORDINATES;TAXON_MATCH_TAXON_ID_IGNORED"
1949976526,"50c9509d-22c7-4a22-a47d-8c48425ef4a7","https://www.inaturalist.org/observations/10273840","Animalia","Chordata",NA,"Perciformes","Gobiidae","Ctenogobius","Ctenogobius boleosoma",NA,"SPECIES","Ctenogobius boleosoma (Jordan & Gilbert, 1882)","Ctenogobius boleosoma","","US","","Texas","PRESENT",NA,"28eb1a3f-1c15-4a95-931a-4af90ecb574d",28.503324,-96.485181,91,NA,NA,NA,NA,NA,"2017-06-28",28,6,2017,2375376,2375376,"HUMAN_OBSERVATION","iNaturalist","Observations","10273840","","""Robert J. """"Bob"""" Nuelle, Jr. AICEZS""",2018-03-17 16:18:24,"CC_BY_NC_4_0","""Robert J. """"Bob"""" Nuelle, Jr. AICEZS""","""Robert J. """"Bob"""" Nuelle, Jr. AICEZS""",NA,NA,2025-06-06 23:49:40.664,"StillImage","CONTINENT_DERIVED_FROM_COORDINATES;TAXON_MATCH_TAXON_ID_IGNORED"
1314145974,"1d39953f-5c1a-4dad-8524-70191eb4fe6c","1100690978","Animalia","Chordata",NA,"Perciformes","Gobiidae","Ctenogobius","Ctenogobius boleosoma",NA,"SPECIES","Gobionellus boleosoma (Jordan & Gilbert, 1882)","Gobionellus boleosoma","","US","Weeks Bay;10/80 - present","Alabama","PRESENT",1,"c3ad790a-d426-4ac1-8e32-da61f81f0117",30.3933,-87.8283,370,NA,NA,NA,NA,NA,"2005-01-11",11,1,2005,2375377,2375376,"HUMAN_OBSERVATION","NMFS","CAGES Alabama","","","ADCNR/GCRL",2005-01-11,"CC0_1_0","","ADCNR/GCRL",NA,NA,2025-02-01 01:21:47.67,"","GEODETIC_DATUM_INVALID;GEODETIC_DATUM_ASSUMED_WGS84;CONTINENT_DERIVED_FROM_COORDINATES"
1314145712,"1d39953f-5c1a-4dad-8524-70191eb4fe6c","1100691325","Animalia","Chordata",NA,"Perciformes","Gobiidae","Ctenogobius","Ctenogobius boleosoma",NA,"SPECIES","Gobionellus boleosoma (Jordan & Gilbert, 1882)","Gobionellus boleosoma","","US","East End Little Lagoon;02/92 - present","Alabama","PRESENT",1,"c3ad790a-d426-4ac1-8e32-da61f81f0117",30.2367,-87.7367,370,NA,NA,NA,NA,NA,"2005-01-12",12,1,2005,2375377,2375376,"HUMAN_OBSERVATION","NMFS","CAGES Alabama","","","ADCNR/GCRL",2005-01-12,"CC0_1_0","","ADCNR/GCRL",NA,NA,2025-02-01 01:21:45.905,"","GEODETIC_DATUM_INVALID;GEODETIC_DATUM_ASSUMED_WGS84;CONTINENT_DERIVED_FROM_COORDINATES"
1314145446,"1d39953f-5c1a-4dad-8524-70191eb4fe6c","1100691486","Animalia","Chordata",NA,"Perciformes","Gobiidae","Ctenogobius","Ctenogobius boleosoma",NA,"SPECIES","Gobionellus boleosoma (Jordan & Gilbert, 1882)","Gobionellus boleosoma","","US","West End Little Lagoon;02/92 - present","Alabama","PRESENT",1,"c3ad790a-d426-4ac1-8e32-da61f81f0117",30.22,-87.7567,370,NA,NA,NA,NA,NA,"2005-01-12",12,1,2005,2375377,2375376,"HUMAN_OBSERVATION","NMFS","CAGES Alabama","","","ADCNR/GCRL",2005-01-12,"CC0_1_0","","ADCNR/GCRL",NA,NA,2025-02-01 01:21:47.675,"","GEODETIC_DATUM_INVALID;GEODETIC_DATUM_ASSUMED_WGS84;CONTINENT_DERIVED_FROM_COORDINATES"
1314144804,"1d39953f-5c1a-4dad-8524-70191eb4fe6c","1100692115","Animalia","Chordata",NA,"Perciformes","Gobiidae","Ctenogobius","Ctenogobius boleosoma",NA,"SPECIES","Gobionellus boleosoma (Jordan & Gilbert, 1882)","Gobionellus boleosoma","","US","Mid-Perdido Bay;04/87 - present","Alabama","PRESENT",1,"c3ad790a-d426-4ac1-8e32-da61f81f0117",30.3683,-87.4467,370,NA,NA,NA,NA,NA,"2005-01-19",19,1,2005,2375377,2375376,"HUMAN_OBSERVATION","NMFS","CAGES Alabama","","","ADCNR/GCRL",2005-01-19,"CC0_1_0","","ADCNR/GCRL",NA,NA,2025-02-01 01:21:47.682,"","GEODETIC_DATUM_INVALID;GEODETIC_DATUM_ASSUMED_WGS84;CONTINENT_DERIVED_FROM_COORDINATES"
1314144630,"1d39953f-5c1a-4dad-8524-70191eb4fe6c","1100692318","Animalia","Chordata",NA,"Perciformes","Gobiidae","Ctenogobius","Ctenogobius boleosoma",NA,"SPECIES","Gobionellus boleosoma (Jordan & Gilbert, 1882)","Gobionellus boleosoma","","US","Grassy Point;04/87 - present","Alabama","PRESENT",1,"c3ad790a-d426-4ac1-8e32-da61f81f0117",30.4167,-87.3983,370,NA,NA,NA,NA,NA,"2005-01-19",19,1,2005,2375377,2375376,"HUMAN_OBSERVATION","NMFS","CAGES Alabama","","","ADCNR/GCRL",2005-01-19,"CC0_1_0","","ADCNR/GCRL",NA,NA,2025-02-01 01:21:47.685,"","GEODETIC_DATUM_INVALID;GEODETIC_DATUM_ASSUMED_WGS84;CONTINENT_DERIVED_FROM_COORDINATES"
1314144258,"1d39953f-5c1a-4dad-8524-70191eb4fe6c","1100693294","Animalia","Chordata",NA,"Perciformes","Gobiidae","Ctenogobius","Ctenogobius boleosoma",NA,"SPECIES","Gobionellus boleosoma (Jordan & Gilbert, 1882)","Gobionellus boleosoma","","US","Upper Mobile Bay Reg. 2 ñ 2 South of Mouth Apalachee R;10/98 - present","Alabama","PRESENT",1,"c3ad790a-d426-4ac1-8e32-da61f81f0117",30.643,-87.951,370,NA,NA,NA,NA,NA,"2005-02-16",16,2,2005,2375377,2375376,"HUMAN_OBSERVATION","NMFS","CAGES Alabama","","","ADCNR/GCRL",2005-02-16,"CC0_1_0","","ADCNR/GCRL",NA,NA,2025-02-01 01:21:45.806,"","GEODETIC_DATUM_INVALID;GEODETIC_DATUM_ASSUMED_WGS84;CONTINENT_DERIVED_FROM_COORDINATES"
1314137122,"1d39953f-5c1a-4dad-8524-70191eb4fe6c","1100700211","Animalia","Chordata",NA,"Perciformes","Gobiidae","Ctenogobius","Ctenogobius boleosoma",NA,"SPECIES","Gobionellus boleosoma (Jordan & Gilbert, 1882)","Gobionellus boleosoma","","US","Oil Rig Site;08/81 - present","Alabama","PRESENT",1,"c3ad790a-d426-4ac1-8e32-da61f81f0117",30.2583,-88.0267,370,NA,NA,NA,NA,NA,"2005-04-20",20,4,2005,2375377,2375376,"HUMAN_OBSERVATION","NMFS","CAGES Alabama","","","ADCNR/GCRL",2005-04-20,"CC0_1_0","","ADCNR/GCRL",NA,NA,2025-02-01 01:21:45.982,"","GEODETIC_DATUM_INVALID;GEODETIC_DATUM_ASSUMED_WGS84;CONTINENT_DERIVED_FROM_COORDINATES"
1314133677,"1d39953f-5c1a-4dad-8524-70191eb4fe6c","1100703244","Animalia","Chordata",NA,"Perciformes","Gobiidae","Ctenogobius","Ctenogobius boleosoma",NA,"SPECIES","Gobionellus boleosoma (Jordan & Gilbert, 1882)","Gobionellus boleosoma","","US","MSC Marker # 57;10/81 - present","Alabama","PRESENT",1,"c3ad790a-d426-4ac1-8e32-da61f81f0117",30.505,-88.02,370,NA,NA,NA,NA,NA,"2005-05-12",12,5,2005,2375377,2375376,"HUMAN_OBSERVATION","NMFS","CAGES Alabama","","","ADCNR/GCRL",2005-05-12,"CC0_1_0","","ADCNR/GCRL",NA,NA,2025-02-01 01:21:47.646,"","GEODETIC_DATUM_INVALID;GEODETIC_DATUM_ASSUMED_WGS84;CONTINENT_DERIVED_FROM_COORDINATES"
1314117215,"1d39953f-5c1a-4dad-8524-70191eb4fe6c","1100719917","Animalia","Chordata",NA,"Perciformes","Gobiidae","Ctenogobius","Ctenogobius boleosoma",NA,"SPECIES","Gobionellus boleosoma (Jordan & Gilbert, 1882)","Gobionellus boleosoma","","US","Two Milesest of Reg. 2 ñ 8 Ragged Point;10/98 - present","Alabama","PRESENT",1,"c3ad790a-d426-4ac1-8e32-da61f81f0117",30.597,-87.96,370,NA,NA,NA,NA,NA,"2005-11-14",14,11,2005,2375377,2375376,"HUMAN_OBSERVATION","NMFS","CAGES Alabama","","","ADCNR/GCRL",2005-11-14,"CC0_1_0","","ADCNR/GCRL",NA,NA,2025-02-01 01:21:48.028,"","GEODETIC_DATUM_INVALID;GEODETIC_DATUM_ASSUMED_WGS84;CONTINENT_DERIVED_FROM_COORDINATES"
1314110351,"1d39953f-5c1a-4dad-8524-70191eb4fe6c","1100726294","Animalia","Chordata",NA,"Perciformes","Gobiidae","Ctenogobius","Ctenogobius boleosoma",NA,"SPECIES","Gobionellus boleosoma (Jordan & Gilbert, 1882)","Gobionellus boleosoma","","US","Heron Bay;10/80 - present","Alabama","PRESENT",1,"c3ad790a-d426-4ac1-8e32-da61f81f0117",30.325,-88.15,370,NA,NA,NA,NA,NA,"2006-02-14",14,2,2006,2375377,2375376,"HUMAN_OBSERVATION","NMFS","CAGES Alabama","","","ADCNR/GCRL",2006-02-14,"CC0_1_0","","ADCNR/GCRL",NA,NA,2025-02-01 01:21:47.917,"","GEODETIC_DATUM_INVALID;GEODETIC_DATUM_ASSUMED_WGS84;CONTINENT_DERIVED_FROM_COORDINATES"
1314106263,"1d39953f-5c1a-4dad-8524-70191eb4fe6c","1100730856","Animalia","Chordata",NA,"Perciformes","Gobiidae","Ctenogobius","Ctenogobius boleosoma",NA,"SPECIES","Gobionellus boleosoma (Jordan & Gilbert, 1882)","Gobionellus boleosoma","","US","MSC Marker #25 and #26;10/80 - present","Alabama","PRESENT",1,"c3ad790a-d426-4ac1-8e32-da61f81f0117",30.2633,-88.0367,370,NA,NA,NA,NA,NA,"2006-03-23",23,3,2006,2375377,2375376,"HUMAN_OBSERVATION","NMFS","CAGES Alabama","","","ADCNR/GCRL",2006-03-23,"CC0_1_0","","ADCNR/GCRL",NA,NA,2025-02-01 01:21:48.158,"","GEODETIC_DATUM_INVALID;GEODETIC_DATUM_ASSUMED_WGS84;CONTINENT_DERIVED_FROM_COORDINATES"
1314104353,"1d39953f-5c1a-4dad-8524-70191eb4fe6c","1100733034","Animalia","Chordata",NA,"Perciformes","Gobiidae","Ctenogobius","Ctenogobius boleosoma",NA,"SPECIES","Gobionellus boleosoma (Jordan & Gilbert, 1882)","Gobionellus boleosoma","","US","Garrows Bend;04/02 - present","Alabama","PRESENT",1,"c3ad790a-d426-4ac1-8e32-da61f81f0117",30.6547,-88.0533,370,NA,NA,NA,NA,NA,"2006-04-14",14,4,2006,2375377,2375376,"HUMAN_OBSERVATION","NMFS","CAGES Alabama","","","ADCNR/GCRL",2006-04-14,"CC0_1_0","","ADCNR/GCRL",NA,NA,2025-02-01 01:21:47.989,"","GEODETIC_DATUM_INVALID;GEODETIC_DATUM_ASSUMED_WGS84;CONTINENT_DERIVED_FROM_COORDINATES"
1314082847,"1d39953f-5c1a-4dad-8524-70191eb4fe6c","1100753728","Animalia","Chordata",NA,"Perciformes","Gobiidae","Ctenogobius","Ctenogobius boleosoma",NA,"SPECIES","Gobionellus boleosoma (Jordan & Gilbert, 1882)","Gobionellus boleosoma","","US","East Fowl River  Channel;10/81 - present","Alabama","PRESENT",1,"c3ad790a-d426-4ac1-8e32-da61f81f0117",30.45,-88.095,370,NA,NA,NA,NA,NA,"2006-11-08",8,11,2006,2375377,2375376,"HUMAN_OBSERVATION","NMFS","CAGES Alabama","","","ADCNR/GCRL",2006-11-08,"CC0_1_0","","ADCNR/GCRL",NA,NA,2025-02-01 01:21:48.429,"","GEODETIC_DATUM_INVALID;GEODETIC_DATUM_ASSUMED_WGS84;CONTINENT_DERIVED_FROM_COORDINATES"
1314079394,"1d39953f-5c1a-4dad-8524-70191eb4fe6c","1100757839","Animalia","Chordata",NA,"Perciformes","Gobiidae","Ctenogobius","Ctenogobius boleosoma",NA,"SPECIES","Gobionellus boleosoma (Jordan & Gilbert, 1882)","Gobionellus boleosoma","","US","Bon Secour River;10/80 - present","Alabama","PRESENT",1,"c3ad790a-d426-4ac1-8e32-da61f81f0117",30.2933,-87.7483,370,NA,NA,NA,NA,NA,"2006-12-20",20,12,2006,2375377,2375376,"HUMAN_OBSERVATION","NMFS","CAGES Alabama","","","ADCNR/GCRL",2006-12-20,"CC0_1_0","","ADCNR/GCRL",NA,NA,2025-02-01 01:21:48.483,"","GEODETIC_DATUM_INVALID;GEODETIC_DATUM_ASSUMED_WGS84;CONTINENT_DERIVED_FROM_COORDINATES"
1314067971,"1d39953f-5c1a-4dad-8524-70191eb4fe6c","1100769860","Animalia","Chordata",NA,"Perciformes","Gobiidae","Ctenogobius","Ctenogobius boleosoma",NA,"SPECIES","Gobionellus boleosoma (Jordan & Gilbert, 1882)","Gobionellus boleosoma","","US","Middle Lagoon;02/92 - present","Alabama","PRESENT",1,"c3ad790a-d426-4ac1-8e32-da61f81f0117",30.235,-87.7467,370,NA,NA,NA,NA,NA,"2007-04-25",25,4,2007,2375377,2375376,"HUMAN_OBSERVATION","NMFS","CAGES Alabama","","","ADCNR/GCRL",2007-04-25,"CC0_1_0","","ADCNR/GCRL",NA,NA,2025-02-01 01:21:46.593,"","GEODETIC_DATUM_INVALID;GEODETIC_DATUM_ASSUMED_WGS84;CONTINENT_DERIVED_FROM_COORDINATES"
1271886850,"fcdd34e6-43cf-4fbb-a2a9-07163619b872","1114493969","Animalia","Chordata",NA,"Perciformes","Gobiidae","Ctenogobius","Ctenogobius boleosoma",NA,"SPECIES","Ctenogobius boleosoma (Jordan & Gilbert, 1882)","Ctenogobius boleosoma","","US","Guadalupe Estuary","Texas","PRESENT",NA,"c3ad790a-d426-4ac1-8e32-da61f81f0117",28.345,-96.441389,100,NA,NA,NA,1.75,0.05,"2006-06-22T11:39",22,6,2006,2375376,2375376,"HUMAN_OBSERVATION","TPWD","San Antonio Bay Trawl","","","",NA,"CC0_1_0","","TPWD",NA,NA,2025-02-01 02:26:55.907,"","GEODETIC_DATUM_INVALID;GEODETIC_DATUM_ASSUMED_WGS84;CONTINENT_DERIVED_FROM_COORDINATES;DEPTH_MIN_MAX_SWAPPED;OCCURRENCE_STATUS_UNPARSABLE"
1271886779,"fcdd34e6-43cf-4fbb-a2a9-07163619b872","1114497957","Animalia","Chordata",NA,"Perciformes","Gobiidae","Ctenogobius","Ctenogobius boleosoma",NA,"SPECIES","Ctenogobius boleosoma (Jordan & Gilbert, 1882)","Ctenogobius boleosoma","","US","Guadalupe Estuary","Texas","PRESENT",NA,"c3ad790a-d426-4ac1-8e32-da61f81f0117",28.259167,-96.658333,100,NA,NA,NA,2,0,"2006-07-19T14:10",19,7,2006,2375376,2375376,"HUMAN_OBSERVATION","TPWD","San Antonio Bay Trawl","","","",NA,"CC0_1_0","","TPWD",NA,NA,2025-02-01 02:26:55.037,"","GEODETIC_DATUM_INVALID;GEODETIC_DATUM_ASSUMED_WGS84;CONTINENT_DERIVED_FROM_COORDINATES;OCCURRENCE_STATUS_UNPARSABLE"
1271469799,"3cdabf9a-99da-4383-b6cc-10afee5fb854","1102174891","Animalia","Chordata",NA,"Perciformes","Gobiidae","Ctenogobius","Ctenogobius boleosoma",NA,"SPECIES","Ctenogobius boleosoma (Jordan & Gilbert, 1882)","Ctenogobius boleosoma","(Jordan and Gilbert, 1882)","US","Whitewater grid.cell=4 sweep=5","Florida","PRESENT",1,"c3ad790a-d426-4ac1-8e32-da61f81f0117",25.277033,-80.983066,15,NA,NA,NA,1.76,0,"2006-10-19T11:01",19,10,2006,2375376,2375376,"HUMAN_OBSERVATION","USGS","Fall06",NA,"",NA,NA,"CC0_1_0","","USGS",NA,NA,2025-01-31 19:47:08.106,"","GEODETIC_DATUM_INVALID;GEODETIC_DATUM_ASSUMED_WGS84;FOOTPRINT_WKT_INVALID;CONTINENT_DERIVED_FROM_COORDINATES;IDENTIFIED_DATE_INVALID;TYPE_STATUS_INVALID"
1271469773,"3cdabf9a-99da-4383-b6cc-10afee5fb854","1102174218","Animalia","Chordata",NA,"Perciformes","Gobiidae","Ctenogobius","Ctenogobius boleosoma",NA,"SPECIES","Ctenogobius boleosoma (Jordan & Gilbert, 1882)","Ctenogobius boleosoma","(Jordan and Gilbert, 1882)","US","N_Black_Pt grid.cell=8 sweep=2","Florida","PRESENT",1,"c3ad790a-d426-4ac1-8e32-da61f81f0117",25.559433,-80.307516,15,NA,NA,NA,0.81,0,"2006-09-20T13:27",20,9,2006,2375376,2375376,"HUMAN_OBSERVATION","USGS","Fall06",NA,"",NA,NA,"CC0_1_0","","USGS",NA,NA,2025-01-31 19:47:05.54,"","GEODETIC_DATUM_INVALID;GEODETIC_DATUM_ASSUMED_WGS84;FOOTPRINT_WKT_INVALID;CONTINENT_DERIVED_FROM_COORDINATES;IDENTIFIED_DATE_INVALID;TYPE_STATUS_INVALID"
1271469740,"3cdabf9a-99da-4383-b6cc-10afee5fb854","1102173835","Animalia","Chordata",NA,"Perciformes","Gobiidae","Ctenogobius","Ctenogobius boleosoma",NA,"SPECIES","Ctenogobius boleosoma (Jordan & Gilbert, 1882)","Ctenogobius boleosoma","(Jordan and Gilbert, 1882)","US","Whitewater grid.cell=20 sweep=1","Florida","PRESENT",1,"c3ad790a-d426-4ac1-8e32-da61f81f0117",25.296766,-80.98935,15,NA,NA,NA,1.98,0,"2006-10-19T13:53",19,10,2006,2375376,2375376,"HUMAN_OBSERVATION","USGS","Fall06",NA,"",NA,NA,"CC0_1_0","","USGS",NA,NA,2025-01-31 19:46:57.312,"","GEODETIC_DATUM_INVALID;GEODETIC_DATUM_ASSUMED_WGS84;FOOTPRINT_WKT_INVALID;CONTINENT_DERIVED_FROM_COORDINATES;IDENTIFIED_DATE_INVALID;TYPE_STATUS_INVALID"
1271469727,"3cdabf9a-99da-4383-b6cc-10afee5fb854","1102173091","Animalia","Chordata",NA,"Perciformes","Gobiidae","Ctenogobius","Ctenogobius boleosoma",NA,"SPECIES","Ctenogobius boleosoma (Jordan & Gilbert, 1882)","Ctenogobius boleosoma","(Jordan and Gilbert, 1882)","US","Whitewater grid.cell=10 sweep=4","Florida","PRESENT",1,"c3ad790a-d426-4ac1-8e32-da61f81f0117",25.283933,-80.975583,15,NA,NA,NA,1.77,0,"2006-10-19T11:34",19,10,2006,2375376,2375376,"HUMAN_OBSERVATION","USGS","Fall06",NA,"",NA,NA,"CC0_1_0","","USGS",NA,NA,2025-01-31 19:46:54.727,"","GEODETIC_DATUM_INVALID;GEODETIC_DATUM_ASSUMED_WGS84;FOOTPRINT_WKT_INVALID;CONTINENT_DERIVED_FROM_COORDINATES;IDENTIFIED_DATE_INVALID;TYPE_STATUS_INVALID"
1271469717,"3cdabf9a-99da-4383-b6cc-10afee5fb854","1102173694","Animalia","Chordata",NA,"Perciformes","Gobiidae","Ctenogobius","Ctenogobius boleosoma",NA,"SPECIES","Ctenogobius boleosoma (Jordan & Gilbert, 1882)","Ctenogobius boleosoma","(Jordan and Gilbert, 1882)","US","Whitewater grid.cell=26 sweep=2","Florida","PRESENT",1,"c3ad790a-d426-4ac1-8e32-da61f81f0117",25.30885,-80.97895,15,NA,NA,NA,1.8,0,"2006-10-19T11:19",19,10,2006,2375376,2375376,"HUMAN_OBSERVATION","USGS","Fall06",NA,"",NA,NA,"CC0_1_0","","USGS",NA,NA,2025-01-31 19:46:58.144,"","GEODETIC_DATUM_INVALID;GEODETIC_DATUM_ASSUMED_WGS84;FOOTPRINT_WKT_INVALID;CONTINENT_DERIVED_FROM_COORDINATES;IDENTIFIED_DATE_INVALID;TYPE_STATUS_INVALID"
1271469701,"3cdabf9a-99da-4383-b6cc-10afee5fb854","1102173179","Animalia","Chordata",NA,"Perciformes","Gobiidae","Ctenogobius","Ctenogobius boleosoma",NA,"SPECIES","Ctenogobius boleosoma (Jordan & Gilbert, 1882)","Ctenogobius boleosoma","(Jordan and Gilbert, 1882)","US","Whitewater grid.cell=14 sweep=2","Florida","PRESENT",1,"c3ad790a-d426-4ac1-8e32-da61f81f0117",25.293416,-80.987933,15,NA,NA,NA,1.98,0,"2006-10-19T13:34",19,10,2006,2375376,2375376,"HUMAN_OBSERVATION","USGS","Fall06",NA,"",NA,NA,"CC0_1_0","","USGS",NA,NA,2025-01-31 19:46:56.513,"","GEODETIC_DATUM_INVALID;GEODETIC_DATUM_ASSUMED_WGS84;FOOTPRINT_WKT_INVALID;CONTINENT_DERIVED_FROM_COORDINATES;IDENTIFIED_DATE_INVALID;TYPE_STATUS_INVALID"
1271469697,"3cdabf9a-99da-4383-b6cc-10afee5fb854","1102173595","Animalia","Chordata",NA,"Perciformes","Gobiidae","Ctenogobius","Ctenogobius boleosoma",NA,"SPECIES","Ctenogobius boleosoma (Jordan & Gilbert, 1882)","Ctenogobius boleosoma","(Jordan and Gilbert, 1882)","US","Whitewater grid.cell=16 sweep=2","Florida","PRESENT",1,"c3ad790a-d426-4ac1-8e32-da61f81f0117",25.288183,-80.975933,15,NA,NA,NA,1.6,0,"2006-10-19T12:35",19,10,2006,2375376,2375376,"HUMAN_OBSERVATION","USGS","Fall06",NA,"",NA,NA,"CC0_1_0","","USGS",NA,NA,2025-01-31 19:46:57.939,"","GEODETIC_DATUM_INVALID;GEODETIC_DATUM_ASSUMED_WGS84;FOOTPRINT_WKT_INVALID;CONTINENT_DERIVED_FROM_COORDINATES;IDENTIFIED_DATE_INVALID;TYPE_STATUS_INVALID"
1271469696,"3cdabf9a-99da-4383-b6cc-10afee5fb854","1102172997","Animalia","Chordata",NA,"Perciformes","Gobiidae","Ctenogobius","Ctenogobius boleosoma",NA,"SPECIES","Ctenogobius boleosoma (Jordan & Gilbert, 1882)","Ctenogobius boleosoma","(Jordan and Gilbert, 1882)","US","Whitewater grid.cell=27 sweep=3","Florida","PRESENT",1,"c3ad790a-d426-4ac1-8e32-da61f81f0117",25.302483,-80.970533,15,NA,NA,NA,1.9,0,"2006-10-19T11:33",19,10,2006,2375376,2375376,"HUMAN_OBSERVATION","USGS","Fall06",NA,"",NA,NA,"CC0_1_0","","USGS",NA,NA,2025-01-31 19:47:08.913,"","GEODETIC_DATUM_INVALID;GEODETIC_DATUM_ASSUMED_WGS84;FOOTPRINT_WKT_INVALID;CONTINENT_DERIVED_FROM_COORDINATES;IDENTIFIED_DATE_INVALID;TYPE_STATUS_INVALID"
1271469672,"3cdabf9a-99da-4383-b6cc-10afee5fb854","1102173500","Animalia","Chordata",NA,"Perciformes","Gobiidae","Ctenogobius","Ctenogobius boleosoma",NA,"SPECIES","Ctenogobius boleosoma (Jordan & Gilbert, 1882)","Ctenogobius boleosoma","(Jordan and Gilbert, 1882)","US","Eagle grid.cell=19 sweep=5","Florida","PRESENT",1,"c3ad790a-d426-4ac1-8e32-da61f81f0117",25.14198,-80.61597,15,NA,NA,NA,1.96,0,"2006-09-25T11:53",25,9,2006,2375376,2375376,"HUMAN_OBSERVATION","USGS","Fall06",NA,"",NA,NA,"CC0_1_0","","USGS",NA,NA,2025-01-31 19:46:57.705,"","GEODETIC_DATUM_INVALID;GEODETIC_DATUM_ASSUMED_WGS84;FOOTPRINT_WKT_INVALID;CONTINENT_DERIVED_FROM_COORDINATES;IDENTIFIED_DATE_INVALID;TYPE_STATUS_INVALID"
1271469662,"3cdabf9a-99da-4383-b6cc-10afee5fb854","1102172889","Animalia","Chordata",NA,"Perciformes","Gobiidae","Ctenogobius","Ctenogobius boleosoma",NA,"SPECIES","Ctenogobius boleosoma (Jordan & Gilbert, 1882)","Ctenogobius boleosoma","(Jordan and Gilbert, 1882)","US","Eagle grid.cell=26 sweep=4","Florida","PRESENT",1,"c3ad790a-d426-4ac1-8e32-da61f81f0117",25.15808,-80.60125,15,NA,NA,NA,1.77,0,"2006-09-25T12:51",25,9,2006,2375376,2375376,"HUMAN_OBSERVATION","USGS","Fall06",NA,"",NA,NA,"CC0_1_0","","USGS",NA,NA,2025-01-31 19:47:08.503,"","GEODETIC_DATUM_INVALID;GEODETIC_DATUM_ASSUMED_WGS84;FOOTPRINT_WKT_INVALID;CONTINENT_DERIVED_FROM_COORDINATES;IDENTIFIED_DATE_INVALID;TYPE_STATUS_INVALID"
1271469638,"3cdabf9a-99da-4383-b6cc-10afee5fb854","1102172597","Animalia","Chordata",NA,"Perciformes","Gobiidae","Ctenogobius","Ctenogobius boleosoma",NA,"SPECIES","Ctenogobius boleosoma (Jordan & Gilbert, 1882)","Ctenogobius boleosoma","(Jordan and Gilbert, 1882)","US","Eagle grid.cell=23 sweep=4","Florida","PRESENT",1,"c3ad790a-d426-4ac1-8e32-da61f81f0117",25.14562,-80.61298,15,NA,NA,NA,1.97,0,"2006-09-25T12:06",25,9,2006,2375376,2375376,"HUMAN_OBSERVATION","USGS","Fall06",NA,"",NA,NA,"CC0_1_0","","USGS",NA,NA,2025-01-31 19:47:07.759,"","GEODETIC_DATUM_INVALID;GEODETIC_DATUM_ASSUMED_WGS84;FOOTPRINT_WKT_INVALID;CONTINENT_DERIVED_FROM_COORDINATES;IDENTIFIED_DATE_INVALID;TYPE_STATUS_INVALID"
1271463735,"3cdabf9a-99da-4383-b6cc-10afee5fb854","1101175272","Animalia","Chordata",NA,"Perciformes","Gobiidae","Ctenogobius","Ctenogobius boleosoma",NA,"SPECIES","Ctenogobius boleosoma (Jordan & Gilbert, 1882)","Ctenogobius boleosoma","(Jordan and Gilbert, 1882)","US","Duck grid.cell=24 sweep=1","Florida","PRESENT",1,"c3ad790a-d426-4ac1-8e32-da61f81f0117",25.199616,-80.474133,15,NA,NA,NA,1.41,0,"2005-09-26T10:52",26,9,2005,2375376,2375376,"HUMAN_OBSERVATION","USGS","Fall05",NA,"",NA,NA,"CC0_1_0","","USGS",NA,NA,2025-01-31 19:46:55.539,"","GEODETIC_DATUM_INVALID;GEODETIC_DATUM_ASSUMED_WGS84;FOOTPRINT_WKT_INVALID;CONTINENT_DERIVED_FROM_COORDINATES;IDENTIFIED_DATE_INVALID;TYPE_STATUS_INVALID"
1271463714,"3cdabf9a-99da-4383-b6cc-10afee5fb854","1101174306","Animalia","Chordata",NA,"Perciformes","Gobiidae","Ctenogobius","Ctenogobius boleosoma",NA,"SPECIES","Ctenogobius boleosoma (Jordan & Gilbert, 1882)","Ctenogobius boleosoma","(Jordan and Gilbert, 1882)","US","Duck grid.cell=18 sweep=1","Florida","PRESENT",1,"c3ad790a-d426-4ac1-8e32-da61f81f0117",25.18625,-80.44765,15,NA,NA,NA,1.61,0,"2005-09-26T10:07",26,9,2005,2375376,2375376,"HUMAN_OBSERVATION","USGS","Fall05",NA,"",NA,NA,"CC0_1_0","","USGS",NA,NA,2025-01-31 19:47:05.74,"","GEODETIC_DATUM_INVALID;GEODETIC_DATUM_ASSUMED_WGS84;FOOTPRINT_WKT_INVALID;CONTINENT_DERIVED_FROM_COORDINATES;IDENTIFIED_DATE_INVALID;TYPE_STATUS_INVALID"
1271463631,"3cdabf9a-99da-4383-b6cc-10afee5fb854","1101173277","Animalia","Chordata",NA,"Perciformes","Gobiidae","Ctenogobius","Ctenogobius boleosoma",NA,"SPECIES","Ctenogobius boleosoma (Jordan & Gilbert, 1882)","Ctenogobius boleosoma","(Jordan and Gilbert, 1882)","US","Port_of_Miami grid.cell=9 sweep=5","Florida","PRESENT",1,"c3ad790a-d426-4ac1-8e32-da61f81f0117",25.75415,-80.188617,15,NA,NA,NA,3,0,"2005-10-18T11:19",18,10,2005,2375376,2375376,"HUMAN_OBSERVATION","USGS","Fall05",NA,"",NA,NA,"CC0_1_0","","USGS",NA,NA,2025-01-31 19:46:54.838,"","GEODETIC_DATUM_INVALID;GEODETIC_DATUM_ASSUMED_WGS84;FOOTPRINT_WKT_INVALID;CONTINENT_DERIVED_FROM_COORDINATES;IDENTIFIED_DATE_INVALID;TYPE_STATUS_INVALID"
1271461600,"3cdabf9a-99da-4383-b6cc-10afee5fb854","1121320375","Animalia","Chordata",NA,"Perciformes","Gobiidae","Ctenogobius","Ctenogobius boleosoma",NA,"SPECIES","Ctenogobius boleosoma (Jordan & Gilbert, 1882)","Ctenogobius boleosoma","(Jordan and Gilbert, 1882)","US","Port_of_Miami grid.cell=15 sweep=2","Florida","PRESENT",1,"c3ad790a-d426-4ac1-8e32-da61f81f0117",25.75824,-80.15314,15,NA,NA,NA,0.9,0,"2011-09-08T09:17",8,9,2011,2375376,2375376,"HUMAN_OBSERVATION","USGS","Fall11",NA,"",NA,NA,"CC0_1_0","","USGS",NA,NA,2025-01-31 19:47:09.817,"","GEODETIC_DATUM_INVALID;GEODETIC_DATUM_ASSUMED_WGS84;FOOTPRINT_WKT_INVALID;CONTINENT_DERIVED_FROM_COORDINATES;IDENTIFIED_DATE_INVALID;TYPE_STATUS_INVALID"
1271461503,"3cdabf9a-99da-4383-b6cc-10afee5fb854","1121320181","Animalia","Chordata",NA,"Perciformes","Gobiidae","Ctenogobius","Ctenogobius boleosoma",NA,"SPECIES","Ctenogobius boleosoma (Jordan & Gilbert, 1882)","Ctenogobius boleosoma","(Jordan and Gilbert, 1882)","US","Port_of_Miami grid.cell=20 sweep=1","Florida","PRESENT",1,"c3ad790a-d426-4ac1-8e32-da61f81f0117",25.76221,-80.15948,15,NA,NA,NA,1.48,0,"2011-09-08T10:31",8,9,2011,2375376,2375376,"HUMAN_OBSERVATION","USGS","Fall11",NA,"",NA,NA,"CC0_1_0","","USGS",NA,NA,2025-01-31 19:47:09.244,"","GEODETIC_DATUM_INVALID;GEODETIC_DATUM_ASSUMED_WGS84;FOOTPRINT_WKT_INVALID;CONTINENT_DERIVED_FROM_COORDINATES;IDENTIFIED_DATE_INVALID;TYPE_STATUS_INVALID"
1271460939,"3cdabf9a-99da-4383-b6cc-10afee5fb854","1121322619","Animalia","Chordata",NA,"Perciformes","Gobiidae","Ctenogobius","Ctenogobius boleosoma",NA,"SPECIES","Ctenogobius boleosoma (Jordan & Gilbert, 1882)","Ctenogobius boleosoma","(Jordan and Gilbert, 1882)","US","Port_of_Miami grid.cell=19 sweep=2","Florida","PRESENT",1,"c3ad790a-d426-4ac1-8e32-da61f81f0117",25.76032,-80.16606,15,NA,NA,NA,2.42,0,"2011-09-08T11:24",8,9,2011,2375376,2375376,"HUMAN_OBSERVATION","USGS","Fall11",NA,"",NA,NA,"CC0_1_0","","USGS",NA,NA,2025-01-31 19:47:08.149,"","GEODETIC_DATUM_INVALID;GEODETIC_DATUM_ASSUMED_WGS84;FOOTPRINT_WKT_INVALID;CONTINENT_DERIVED_FROM_COORDINATES;IDENTIFIED_DATE_INVALID;TYPE_STATUS_INVALID"
1271460897,"3cdabf9a-99da-4383-b6cc-10afee5fb854","1121322436","Animalia","Chordata",NA,"Perciformes","Gobiidae","Ctenogobius","Ctenogobius boleosoma",NA,"SPECIES","Ctenogobius boleosoma (Jordan & Gilbert, 1882)","Ctenogobius boleosoma","(Jordan and Gilbert, 1882)","US","Port_of_Miami grid.cell=11 sweep=4","Florida","PRESENT",1,"c3ad790a-d426-4ac1-8e32-da61f81f0117",25.75414,-80.17954,15,NA,NA,NA,2.33,0,"2011-09-08T07:41",8,9,2011,2375376,2375376,"HUMAN_OBSERVATION","USGS","Fall11",NA,"",NA,NA,"CC0_1_0","","USGS",NA,NA,2025-01-31 19:47:07.437,"","GEODETIC_DATUM_INVALID;GEODETIC_DATUM_ASSUMED_WGS84;FOOTPRINT_WKT_INVALID;CONTINENT_DERIVED_FROM_COORDINATES;IDENTIFIED_DATE_INVALID;TYPE_STATUS_INVALID"
1271460880,"3cdabf9a-99da-4383-b6cc-10afee5fb854","1121322382","Animalia","Chordata",NA,"Perciformes","Gobiidae","Ctenogobius","Ctenogobius boleosoma",NA,"SPECIES","Ctenogobius boleosoma (Jordan & Gilbert, 1882)","Ctenogobius boleosoma","(Jordan and Gilbert, 1882)","US","Port_of_Miami grid.cell=12 sweep=2","Florida","PRESENT",1,"c3ad790a-d426-4ac1-8e32-da61f81f0117",25.75338,-80.17056,15,NA,NA,NA,2.67,0,"2011-09-08T12:27",8,9,2011,2375376,2375376,"HUMAN_OBSERVATION","USGS","Fall11",NA,"",NA,NA,"CC0_1_0","","USGS",NA,NA,2025-01-31 19:47:07.815,"","GEODETIC_DATUM_INVALID;GEODETIC_DATUM_ASSUMED_WGS84;FOOTPRINT_WKT_INVALID;CONTINENT_DERIVED_FROM_COORDINATES;IDENTIFIED_DATE_INVALID;TYPE_STATUS_INVALID"
1271460847,"3cdabf9a-99da-4383-b6cc-10afee5fb854","1121322023","Animalia","Chordata",NA,"Perciformes","Gobiidae","Ctenogobius","Ctenogobius boleosoma",NA,"SPECIES","Ctenogobius boleosoma (Jordan & Gilbert, 1882)","Ctenogobius boleosoma","(Jordan and Gilbert, 1882)","US","Port_of_Miami grid.cell=30 sweep=2","Florida","PRESENT",1,"c3ad790a-d426-4ac1-8e32-da61f81f0117",25.76436,-80.15335,15,NA,NA,NA,2.33,0,"2011-09-08T10:00",8,9,2011,2375376,2375376,"HUMAN_OBSERVATION","USGS","Fall11",NA,"",NA,NA,"CC0_1_0","","USGS",NA,NA,2025-01-31 19:47:11.811,"","GEODETIC_DATUM_INVALID;GEODETIC_DATUM_ASSUMED_WGS84;FOOTPRINT_WKT_INVALID;CONTINENT_DERIVED_FROM_COORDINATES;IDENTIFIED_DATE_INVALID;TYPE_STATUS_INVALID"
1271460810,"3cdabf9a-99da-4383-b6cc-10afee5fb854","1121321157","Animalia","Chordata",NA,"Perciformes","Gobiidae","Ctenogobius","Ctenogobius boleosoma",NA,"SPECIES","Ctenogobius boleosoma (Jordan & Gilbert, 1882)","Ctenogobius boleosoma","(Jordan and Gilbert, 1882)","US","Port_of_Miami grid.cell=8 sweep=2","Florida","PRESENT",1,"c3ad790a-d426-4ac1-8e32-da61f81f0117",25.75327,-80.19229,15,NA,NA,NA,2.06,0,"2011-09-08T11:04",8,9,2011,2375376,2375376,"HUMAN_OBSERVATION","USGS","Fall11",NA,"",NA,NA,"CC0_1_0","","USGS",NA,NA,2025-01-31 19:46:57.254,"","GEODETIC_DATUM_INVALID;GEODETIC_DATUM_ASSUMED_WGS84;FOOTPRINT_WKT_INVALID;CONTINENT_DERIVED_FROM_COORDINATES;IDENTIFIED_DATE_INVALID;TYPE_STATUS_INVALID"
1271460776,"3cdabf9a-99da-4383-b6cc-10afee5fb854","1121321045","Animalia","Chordata",NA,"Perciformes","Gobiidae","Ctenogobius","Ctenogobius boleosoma",NA,"SPECIES","Ctenogobius boleosoma (Jordan & Gilbert, 1882)","Ctenogobius boleosoma","(Jordan and Gilbert, 1882)","US","Port_of_Miami grid.cell=22 sweep=4","Florida","PRESENT",1,"c3ad790a-d426-4ac1-8e32-da61f81f0117",25.75936,-80.15099,15,NA,NA,NA,2.64,0,"2011-09-08T09:36",8,9,2011,2375376,2375376,"HUMAN_OBSERVATION","USGS","Fall11",NA,"",NA,NA,"CC0_1_0","","USGS",NA,NA,2025-01-31 19:46:57.611,"","GEODETIC_DATUM_INVALID;GEODETIC_DATUM_ASSUMED_WGS84;FOOTPRINT_WKT_INVALID;CONTINENT_DERIVED_FROM_COORDINATES;IDENTIFIED_DATE_INVALID;TYPE_STATUS_INVALID"
1271460708,"3cdabf9a-99da-4383-b6cc-10afee5fb854","1121320630","Animalia","Chordata",NA,"Perciformes","Gobiidae","Ctenogobius","Ctenogobius boleosoma",NA,"SPECIES","Ctenogobius boleosoma (Jordan & Gilbert, 1882)","Ctenogobius boleosoma","(Jordan and Gilbert, 1882)","US","Port_of_Miami grid.cell=21 sweep=1","Florida","PRESENT",1,"c3ad790a-d426-4ac1-8e32-da61f81f0117",25.75824,-80.15468,15,NA,NA,NA,0.82,0,"2011-09-08T09:01",8,9,2011,2375376,2375376,"HUMAN_OBSERVATION","USGS","Fall11",NA,"",NA,NA,"CC0_1_0","","USGS",NA,NA,2025-01-31 19:47:05.65,"","GEODETIC_DATUM_INVALID;GEODETIC_DATUM_ASSUMED_WGS84;FOOTPRINT_WKT_INVALID;CONTINENT_DERIVED_FROM_COORDINATES;IDENTIFIED_DATE_INVALID;TYPE_STATUS_INVALID"
1271443557,"3cdabf9a-99da-4383-b6cc-10afee5fb854","1118267040","Animalia","Chordata",NA,"Perciformes","Gobiidae","Ctenogobius","Ctenogobius boleosoma",NA,"SPECIES","Ctenogobius boleosoma (Jordan & Gilbert, 1882)","Ctenogobius boleosoma","(Jordan and Gilbert, 1882)","US","Port_of_Miami grid.cell=12 sweep=1","Florida","PRESENT",1,"c3ad790a-d426-4ac1-8e32-da61f81f0117",25.75246,-80.17085,15,NA,NA,NA,2.89,0,"2008-09-04T09:01",4,9,2008,2375376,2375376,"HUMAN_OBSERVATION","USGS","Fall08",NA,"",NA,NA,"CC0_1_0","","USGS",NA,NA,2025-01-31 19:47:05.441,"","GEODETIC_DATUM_INVALID;GEODETIC_DATUM_ASSUMED_WGS84;FOOTPRINT_WKT_INVALID;CONTINENT_DERIVED_FROM_COORDINATES;IDENTIFIED_DATE_INVALID;TYPE_STATUS_INVALID"
1271443549,"3cdabf9a-99da-4383-b6cc-10afee5fb854","1118266912","Animalia","Chordata",NA,"Perciformes","Gobiidae","Ctenogobius","Ctenogobius boleosoma",NA,"SPECIES","Ctenogobius boleosoma (Jordan & Gilbert, 1882)","Ctenogobius boleosoma","(Jordan and Gilbert, 1882)","US","Port_of_Miami grid.cell=25 sweep=5","Florida","PRESENT",1,"c3ad790a-d426-4ac1-8e32-da61f81f0117",25.76508,-80.16991,15,NA,NA,NA,2.7,0,"2008-09-04T09:39",4,9,2008,2375376,2375376,"HUMAN_OBSERVATION","USGS","Fall08",NA,"",NA,NA,"CC0_1_0","","USGS",NA,NA,2025-01-31 19:47:14.051,"","GEODETIC_DATUM_INVALID;GEODETIC_DATUM_ASSUMED_WGS84;FOOTPRINT_WKT_INVALID;CONTINENT_DERIVED_FROM_COORDINATES;IDENTIFIED_DATE_INVALID;TYPE_STATUS_INVALID"
1271443541,"3cdabf9a-99da-4383-b6cc-10afee5fb854","1118266624","Animalia","Chordata",NA,"Perciformes","Gobiidae","Ctenogobius","Ctenogobius boleosoma",NA,"SPECIES","Ctenogobius boleosoma (Jordan & Gilbert, 1882)","Ctenogobius boleosoma","(Jordan and Gilbert, 1882)","US","Port_of_Miami grid.cell=26 sweep=3","Florida","PRESENT",1,"c3ad790a-d426-4ac1-8e32-da61f81f0117",25.76322,-80.16548,15,NA,NA,NA,2.89,0,"2008-09-04T10:11",4,9,2008,2375376,2375376,"HUMAN_OBSERVATION","USGS","Fall08",NA,"",NA,NA,"CC0_1_0","","USGS",NA,NA,2025-01-31 19:47:13.175,"","GEODETIC_DATUM_INVALID;GEODETIC_DATUM_ASSUMED_WGS84;FOOTPRINT_WKT_INVALID;CONTINENT_DERIVED_FROM_COORDINATES;IDENTIFIED_DATE_INVALID;TYPE_STATUS_INVALID"
1271443535,"3cdabf9a-99da-4383-b6cc-10afee5fb854","1118266534","Animalia","Chordata",NA,"Perciformes","Gobiidae","Ctenogobius","Ctenogobius boleosoma",NA,"SPECIES","Ctenogobius boleosoma (Jordan & Gilbert, 1882)","Ctenogobius boleosoma","(Jordan and Gilbert, 1882)","US","Port_of_Miami grid.cell=13 sweep=3","Florida","PRESENT",1,"c3ad790a-d426-4ac1-8e32-da61f81f0117",25.75568,-80.16313,15,NA,NA,NA,2.34,0,"2008-09-04T12:26",4,9,2008,2375376,2375376,"HUMAN_OBSERVATION","USGS","Fall08",NA,"",NA,NA,"CC0_1_0","","USGS",NA,NA,2025-01-31 19:47:12.937,"","GEODETIC_DATUM_INVALID;GEODETIC_DATUM_ASSUMED_WGS84;FOOTPRINT_WKT_INVALID;CONTINENT_DERIVED_FROM_COORDINATES;IDENTIFIED_DATE_INVALID;TYPE_STATUS_INVALID"
1271443532,"3cdabf9a-99da-4383-b6cc-10afee5fb854","1118266509","Animalia","Chordata",NA,"Perciformes","Gobiidae","Ctenogobius","Ctenogobius boleosoma",NA,"SPECIES","Ctenogobius boleosoma (Jordan & Gilbert, 1882)","Ctenogobius boleosoma","(Jordan and Gilbert, 1882)","US","Port_of_Miami grid.cell=5 sweep=5","Florida","PRESENT",1,"c3ad790a-d426-4ac1-8e32-da61f81f0117",25.74813,-80.17237,15,NA,NA,NA,3.04,0,"2008-09-04T08:05",4,9,2008,2375376,2375376,"HUMAN_OBSERVATION","USGS","Fall08",NA,"",NA,NA,"CC0_1_0","","USGS",NA,NA,2025-01-31 19:47:12.872,"","GEODETIC_DATUM_INVALID;GEODETIC_DATUM_ASSUMED_WGS84;FOOTPRINT_WKT_INVALID;CONTINENT_DERIVED_FROM_COORDINATES;IDENTIFIED_DATE_INVALID;TYPE_STATUS_INVALID"
1271443511,"3cdabf9a-99da-4383-b6cc-10afee5fb854","1118265229","Animalia","Chordata",NA,"Perciformes","Gobiidae","Ctenogobius","Ctenogobius boleosoma",NA,"SPECIES","Ctenogobius boleosoma (Jordan & Gilbert, 1882)","Ctenogobius boleosoma","(Jordan and Gilbert, 1882)","US","Port_of_Miami grid.cell=21 sweep=3","Florida","PRESENT",1,"c3ad790a-d426-4ac1-8e32-da61f81f0117",25.75957,-80.15692,15,NA,NA,NA,1.98,0,"2008-09-04T11:28",4,9,2008,2375376,2375376,"HUMAN_OBSERVATION","USGS","Fall08",NA,"",NA,NA,"CC0_1_0","","USGS",NA,NA,2025-01-31 19:47:02.909,"","GEODETIC_DATUM_INVALID;GEODETIC_DATUM_ASSUMED_WGS84;FOOTPRINT_WKT_INVALID;CONTINENT_DERIVED_FROM_COORDINATES;IDENTIFIED_DATE_INVALID;TYPE_STATUS_INVALID"
1271443508,"3cdabf9a-99da-4383-b6cc-10afee5fb854","1118265002","Animalia","Chordata",NA,"Perciformes","Gobiidae","Ctenogobius","Ctenogobius boleosoma",NA,"SPECIES","Ctenogobius boleosoma (Jordan & Gilbert, 1882)","Ctenogobius boleosoma","(Jordan and Gilbert, 1882)","US","Port_of_Miami grid.cell=15 sweep=3","Florida","PRESENT",1,"c3ad790a-d426-4ac1-8e32-da61f81f0117",25.75401,-80.15397,15,NA,NA,NA,1.22,0,"2008-09-04T11:49",4,9,2008,2375376,2375376,"HUMAN_OBSERVATION","USGS","Fall08",NA,"",NA,NA,"CC0_1_0","","USGS",NA,NA,2025-01-31 19:47:04.81,"","GEODETIC_DATUM_INVALID;GEODETIC_DATUM_ASSUMED_WGS84;FOOTPRINT_WKT_INVALID;CONTINENT_DERIVED_FROM_COORDINATES;IDENTIFIED_DATE_INVALID;TYPE_STATUS_INVALID"
1271441470,"3cdabf9a-99da-4383-b6cc-10afee5fb854","1117767050","Animalia","Chordata",NA,"Perciformes","Gobiidae","Ctenogobius","Ctenogobius boleosoma",NA,"SPECIES","Ctenogobius boleosoma (Jordan & Gilbert, 1882)","Ctenogobius boleosoma","(Jordan and Gilbert, 1882)","US","Manatee grid.cell=23 sweep=1","Florida","PRESENT",1,"c3ad790a-d426-4ac1-8e32-da61f81f0117",25.25481,-80.41312,15,NA,NA,NA,1.8,0,"2008-04-28T12:35",28,4,2008,2375376,2375376,"HUMAN_OBSERVATION","USGS","Spring08",NA,"",NA,NA,"CC0_1_0","","USGS",NA,NA,2025-01-31 19:47:08.633,"","GEODETIC_DATUM_INVALID;GEODETIC_DATUM_ASSUMED_WGS84;FOOTPRINT_WKT_INVALID;CONTINENT_DERIVED_FROM_COORDINATES;IDENTIFIED_DATE_INVALID;TYPE_STATUS_INVALID"
1271441461,"3cdabf9a-99da-4383-b6cc-10afee5fb854","1117766821","Animalia","Chordata",NA,"Perciformes","Gobiidae","Ctenogobius","Ctenogobius boleosoma",NA,"SPECIES","Ctenogobius boleosoma (Jordan & Gilbert, 1882)","Ctenogobius boleosoma","(Jordan and Gilbert, 1882)","US","Port_of_Miami grid.cell=29 sweep=1","Florida","PRESENT",1,"c3ad790a-d426-4ac1-8e32-da61f81f0117",25.76937,-80.17231,15,NA,NA,NA,2.78,0,"2008-04-22T13:00",22,4,2008,2375376,2375376,"HUMAN_OBSERVATION","USGS","Spring08",NA,"",NA,NA,"CC0_1_0","","USGS",NA,NA,2025-01-31 19:47:12.11,"","GEODETIC_DATUM_INVALID;GEODETIC_DATUM_ASSUMED_WGS84;FOOTPRINT_WKT_INVALID;CONTINENT_DERIVED_FROM_COORDINATES;IDENTIFIED_DATE_INVALID;TYPE_STATUS_INVALID"
1271441458,"3cdabf9a-99da-4383-b6cc-10afee5fb854","1117766633","Animalia","Chordata",NA,"Perciformes","Gobiidae","Ctenogobius","Ctenogobius boleosoma",NA,"SPECIES","Ctenogobius boleosoma (Jordan & Gilbert, 1882)","Ctenogobius boleosoma","(Jordan and Gilbert, 1882)","US","Port_of_Miami grid.cell=21 sweep=4","Florida","PRESENT",1,"c3ad790a-d426-4ac1-8e32-da61f81f0117",25.76203,-80.15672,15,NA,NA,NA,2.12,0,"2008-04-22T11:20",22,4,2008,2375376,2375376,"HUMAN_OBSERVATION","USGS","Spring08",NA,"",NA,NA,"CC0_1_0","","USGS",NA,NA,2025-01-31 19:47:12.06,"","GEODETIC_DATUM_INVALID;GEODETIC_DATUM_ASSUMED_WGS84;FOOTPRINT_WKT_INVALID;CONTINENT_DERIVED_FROM_COORDINATES;IDENTIFIED_DATE_INVALID;TYPE_STATUS_INVALID"
1271441455,"3cdabf9a-99da-4383-b6cc-10afee5fb854","1117766333","Animalia","Chordata",NA,"Perciformes","Gobiidae","Ctenogobius","Ctenogobius boleosoma",NA,"SPECIES","Ctenogobius boleosoma (Jordan & Gilbert, 1882)","Ctenogobius boleosoma","(Jordan and Gilbert, 1882)","US","Manatee grid.cell=3 sweep=1","Florida","PRESENT",1,"c3ad790a-d426-4ac1-8e32-da61f81f0117",25.22917,-80.42974,15,NA,NA,NA,1.43,0,"2008-04-29T10:12",29,4,2008,2375376,2375376,"HUMAN_OBSERVATION","USGS","Spring08",NA,"",NA,NA,"CC0_1_0","","USGS",NA,NA,2025-01-31 19:47:10.903,"","GEODETIC_DATUM_INVALID;GEODETIC_DATUM_ASSUMED_WGS84;FOOTPRINT_WKT_INVALID;CONTINENT_DERIVED_FROM_COORDINATES;IDENTIFIED_DATE_INVALID;TYPE_STATUS_INVALID"
1271441452,"3cdabf9a-99da-4383-b6cc-10afee5fb854","1117766312","Animalia","Chordata",NA,"Perciformes","Gobiidae","Ctenogobius","Ctenogobius boleosoma",NA,"SPECIES","Ctenogobius boleosoma (Jordan & Gilbert, 1882)","Ctenogobius boleosoma","(Jordan and Gilbert, 1882)","US","Port_of_Miami grid.cell=6 sweep=3","Florida","PRESENT",1,"c3ad790a-d426-4ac1-8e32-da61f81f0117",25.75227,-80.1688,15,NA,NA,NA,2.02,0,"2008-04-22T08:49",22,4,2008,2375376,2375376,"HUMAN_OBSERVATION","USGS","Spring08",NA,"",NA,NA,"CC0_1_0","","USGS",NA,NA,2025-01-31 19:47:10.957,"","GEODETIC_DATUM_INVALID;GEODETIC_DATUM_ASSUMED_WGS84;FOOTPRINT_WKT_INVALID;CONTINENT_DERIVED_FROM_COORDINATES;IDENTIFIED_DATE_INVALID;TYPE_STATUS_INVALID"
1271441449,"3cdabf9a-99da-4383-b6cc-10afee5fb854","1117766303","Animalia","Chordata",NA,"Perciformes","Gobiidae","Ctenogobius","Ctenogobius boleosoma",NA,"SPECIES","Ctenogobius boleosoma (Jordan & Gilbert, 1882)","Ctenogobius boleosoma","(Jordan and Gilbert, 1882)","US","Card grid.cell=20 sweep=3","Florida","PRESENT",1,"c3ad790a-d426-4ac1-8e32-da61f81f0117",25.35392,-80.26014,15,NA,NA,NA,0.98,0,"2008-04-30T10:21",30,4,2008,2375376,2375376,"HUMAN_OBSERVATION","USGS","Spring08",NA,"",NA,NA,"CC0_1_0","","USGS",NA,NA,2025-01-31 19:47:10.92,"","GEODETIC_DATUM_INVALID;GEODETIC_DATUM_ASSUMED_WGS84;FOOTPRINT_WKT_INVALID;CONTINENT_DERIVED_FROM_COORDINATES;IDENTIFIED_DATE_INVALID;TYPE_STATUS_INVALID"
1271441446,"3cdabf9a-99da-4383-b6cc-10afee5fb854","1117765762","Animalia","Chordata",NA,"Perciformes","Gobiidae","Ctenogobius","Ctenogobius boleosoma",NA,"SPECIES","Ctenogobius boleosoma (Jordan & Gilbert, 1882)","Ctenogobius boleosoma","(Jordan and Gilbert, 1882)","US","Port_of_Miami grid.cell=13 sweep=1","Florida","PRESENT",1,"c3ad790a-d426-4ac1-8e32-da61f81f0117",25.75707,-80.16485,15,NA,NA,NA,2.64,0,"2008-04-22T09:48",22,4,2008,2375376,2375376,"HUMAN_OBSERVATION","USGS","Spring08",NA,"",NA,NA,"CC0_1_0","","USGS",NA,NA,2025-01-31 19:47:03.406,"","GEODETIC_DATUM_INVALID;GEODETIC_DATUM_ASSUMED_WGS84;FOOTPRINT_WKT_INVALID;CONTINENT_DERIVED_FROM_COORDINATES;IDENTIFIED_DATE_INVALID;TYPE_STATUS_INVALID"
1271441440,"3cdabf9a-99da-4383-b6cc-10afee5fb854","1117765514","Animalia","Chordata",NA,"Perciformes","Gobiidae","Ctenogobius","Ctenogobius boleosoma",NA,"SPECIES","Ctenogobius boleosoma (Jordan & Gilbert, 1882)","Ctenogobius boleosoma","(Jordan and Gilbert, 1882)","US","Port_of_Miami grid.cell=15 sweep=2","Florida","PRESENT",1,"c3ad790a-d426-4ac1-8e32-da61f81f0117",25.75846,-80.15237,15,NA,NA,NA,1.6,0,"2008-04-22T10:28",22,4,2008,2375376,2375376,"HUMAN_OBSERVATION","USGS","Spring08",NA,"",NA,NA,"CC0_1_0","","USGS",NA,NA,2025-01-31 19:47:02.141,"","GEODETIC_DATUM_INVALID;GEODETIC_DATUM_ASSUMED_WGS84;FOOTPRINT_WKT_INVALID;CONTINENT_DERIVED_FROM_COORDINATES;IDENTIFIED_DATE_INVALID;TYPE_STATUS_INVALID"
1271438827,"3cdabf9a-99da-4383-b6cc-10afee5fb854","1117267005","Animalia","Chordata",NA,"Perciformes","Gobiidae","Ctenogobius","Ctenogobius boleosoma",NA,"SPECIES","Ctenogobius boleosoma (Jordan & Gilbert, 1882)","Ctenogobius boleosoma","(Jordan and Gilbert, 1882)","US","Port_of_Miami grid.cell=15 sweep=1","Florida","PRESENT",1,"c3ad790a-d426-4ac1-8e32-da61f81f0117",25.7574,-80.1524,15,NA,NA,NA,0.53,0,"2007-09-05T12:02",5,9,2007,2375376,2375376,"HUMAN_OBSERVATION","USGS","Fall07",NA,"",NA,NA,"CC0_1_0","","USGS",NA,NA,2025-01-31 19:47:06.067,"","GEODETIC_DATUM_INVALID;GEODETIC_DATUM_ASSUMED_WGS84;FOOTPRINT_WKT_INVALID;CONTINENT_DERIVED_FROM_COORDINATES;IDENTIFIED_DATE_INVALID;TYPE_STATUS_INVALID"
1271438814,"3cdabf9a-99da-4383-b6cc-10afee5fb854","1117266603","Animalia","Chordata",NA,"Perciformes","Gobiidae","Ctenogobius","Ctenogobius boleosoma",NA,"SPECIES","Ctenogobius boleosoma (Jordan & Gilbert, 1882)","Ctenogobius boleosoma","(Jordan and Gilbert, 1882)","US","Port_of_Miami grid.cell=22 sweep=5","Florida","PRESENT",1,"c3ad790a-d426-4ac1-8e32-da61f81f0117",25.7605,-80.14922,15,NA,NA,NA,1.24,0,"2007-09-05T11:40",5,9,2007,2375376,2375376,"HUMAN_OBSERVATION","USGS","Fall07",NA,"",NA,NA,"CC0_1_0","","USGS",NA,NA,2025-01-31 19:47:03.103,"","GEODETIC_DATUM_INVALID;GEODETIC_DATUM_ASSUMED_WGS84;FOOTPRINT_WKT_INVALID;CONTINENT_DERIVED_FROM_COORDINATES;IDENTIFIED_DATE_INVALID;TYPE_STATUS_INVALID"
1271438812,"3cdabf9a-99da-4383-b6cc-10afee5fb854","1117266398","Animalia","Chordata",NA,"Perciformes","Gobiidae","Ctenogobius","Ctenogobius boleosoma",NA,"SPECIES","Ctenogobius boleosoma (Jordan & Gilbert, 1882)","Ctenogobius boleosoma","(Jordan and Gilbert, 1882)","US","Card grid.cell=2 sweep=1","Florida","PRESENT",1,"c3ad790a-d426-4ac1-8e32-da61f81f0117",25.31907,-80.32618,15,NA,NA,NA,4.06,0,"2007-09-07T12:16",7,9,2007,2375376,2375376,"HUMAN_OBSERVATION","USGS","Fall07",NA,"",NA,NA,"CC0_1_0","","USGS",NA,NA,2025-01-31 19:47:04.572,"","GEODETIC_DATUM_INVALID;GEODETIC_DATUM_ASSUMED_WGS84;FOOTPRINT_WKT_INVALID;CONTINENT_DERIVED_FROM_COORDINATES;IDENTIFIED_DATE_INVALID;TYPE_STATUS_INVALID"
1271438806,"3cdabf9a-99da-4383-b6cc-10afee5fb854","1117265808","Animalia","Chordata",NA,"Perciformes","Gobiidae","Ctenogobius","Ctenogobius boleosoma",NA,"SPECIES","Ctenogobius boleosoma (Jordan & Gilbert, 1882)","Ctenogobius boleosoma","(Jordan and Gilbert, 1882)","US","Port_of_Miami grid.cell=13 sweep=1","Florida","PRESENT",1,"c3ad790a-d426-4ac1-8e32-da61f81f0117",25.75824,-80.16473,15,NA,NA,NA,2.61,0,"2007-09-05T14:28",5,9,2007,2375376,2375376,"HUMAN_OBSERVATION","USGS","Fall07",NA,"",NA,NA,"CC0_1_0","","USGS",NA,NA,2025-01-31 19:47:11.552,"","GEODETIC_DATUM_INVALID;GEODETIC_DATUM_ASSUMED_WGS84;FOOTPRINT_WKT_INVALID;CONTINENT_DERIVED_FROM_COORDINATES;IDENTIFIED_DATE_INVALID;TYPE_STATUS_INVALID"
1271438797,"3cdabf9a-99da-4383-b6cc-10afee5fb854","1117265605","Animalia","Chordata",NA,"Perciformes","Gobiidae","Ctenogobius","Ctenogobius boleosoma",NA,"SPECIES","Ctenogobius boleosoma (Jordan & Gilbert, 1882)","Ctenogobius boleosoma","(Jordan and Gilbert, 1882)","US","N_Biscayne grid.cell=6 sweep=1","Florida","PRESENT",1,"c3ad790a-d426-4ac1-8e32-da61f81f0117",25.81936,-80.14572,15,NA,NA,NA,1.74,0,"2008-04-21T10:53",21,4,2008,2375376,2375376,"HUMAN_OBSERVATION","USGS","Spring08",NA,"",NA,NA,"CC0_1_0","","USGS",NA,NA,2025-01-31 19:47:12.835,"","GEODETIC_DATUM_INVALID;GEODETIC_DATUM_ASSUMED_WGS84;FOOTPRINT_WKT_INVALID;CONTINENT_DERIVED_FROM_COORDINATES;IDENTIFIED_DATE_INVALID;TYPE_STATUS_INVALID"
1271438791,"3cdabf9a-99da-4383-b6cc-10afee5fb854","1117265000","Animalia","Chordata",NA,"Perciformes","Gobiidae","Ctenogobius","Ctenogobius boleosoma",NA,"SPECIES","Ctenogobius boleosoma (Jordan & Gilbert, 1882)","Ctenogobius boleosoma","(Jordan and Gilbert, 1882)","US","Card grid.cell=20 sweep=5","Florida","PRESENT",1,"c3ad790a-d426-4ac1-8e32-da61f81f0117",25.35174,-80.26373,15,NA,NA,NA,1.1,0,"2007-09-07T10:04",7,9,2007,2375376,2375376,"HUMAN_OBSERVATION","USGS","Fall07",NA,"",NA,NA,"CC0_1_0","","USGS",NA,NA,2025-01-31 19:47:14.517,"","GEODETIC_DATUM_INVALID;GEODETIC_DATUM_ASSUMED_WGS84;FOOTPRINT_WKT_INVALID;CONTINENT_DERIVED_FROM_COORDINATES;IDENTIFIED_DATE_INVALID;TYPE_STATUS_INVALID"
1271438788,"3cdabf9a-99da-4383-b6cc-10afee5fb854","1117264947","Animalia","Chordata",NA,"Perciformes","Gobiidae","Ctenogobius","Ctenogobius boleosoma",NA,"SPECIES","Ctenogobius boleosoma (Jordan & Gilbert, 1882)","Ctenogobius boleosoma","(Jordan and Gilbert, 1882)","US","Port_of_Miami grid.cell=19 sweep=2","Florida","PRESENT",1,"c3ad790a-d426-4ac1-8e32-da61f81f0117",25.7588,-80.16498,15,NA,NA,NA,2.19,0,"2007-09-05T14:51",5,9,2007,2375376,2375376,"HUMAN_OBSERVATION","USGS","Fall07",NA,"",NA,NA,"CC0_1_0","","USGS",NA,NA,2025-01-31 19:46:59.749,"","GEODETIC_DATUM_INVALID;GEODETIC_DATUM_ASSUMED_WGS84;FOOTPRINT_WKT_INVALID;CONTINENT_DERIVED_FROM_COORDINATES;IDENTIFIED_DATE_INVALID;TYPE_STATUS_INVALID"
1271438782,"3cdabf9a-99da-4383-b6cc-10afee5fb854","1117264421","Animalia","Chordata",NA,"Perciformes","Gobiidae","Ctenogobius","Ctenogobius boleosoma",NA,"SPECIES","Ctenogobius boleosoma (Jordan & Gilbert, 1882)","Ctenogobius boleosoma","(Jordan and Gilbert, 1882)","US","Port_of_Miami grid.cell=26 sweep=2","Florida","PRESENT",1,"c3ad790a-d426-4ac1-8e32-da61f81f0117",25.76367,-80.16682,15,NA,NA,NA,2.52,0,"2007-09-05T10:38",5,9,2007,2375376,2375376,"HUMAN_OBSERVATION","USGS","Fall07",NA,"",NA,NA,"CC0_1_0","","USGS",NA,NA,2025-01-31 19:47:01.725,"","GEODETIC_DATUM_INVALID;GEODETIC_DATUM_ASSUMED_WGS84;FOOTPRINT_WKT_INVALID;CONTINENT_DERIVED_FROM_COORDINATES;IDENTIFIED_DATE_INVALID;TYPE_STATUS_INVALID"
1271436242,"3cdabf9a-99da-4383-b6cc-10afee5fb854","1116766848","Animalia","Chordata",NA,"Perciformes","Gobiidae","Ctenogobius","Ctenogobius boleosoma",NA,"SPECIES","Ctenogobius boleosoma (Jordan & Gilbert, 1882)","Ctenogobius boleosoma","(Jordan and Gilbert, 1882)","US","Port_of_Miami grid.cell=9 sweep=1","Florida","PRESENT",1,"c3ad790a-d426-4ac1-8e32-da61f81f0117",25.75557,-80.18736,15,NA,NA,NA,2.28,0,"2007-04-03T15:36",3,4,2007,2375376,2375376,"HUMAN_OBSERVATION","USGS","Spring07",NA,"",NA,NA,"CC0_1_0","","USGS",NA,NA,2025-01-31 19:47:03.928,"","GEODETIC_DATUM_INVALID;GEODETIC_DATUM_ASSUMED_WGS84;FOOTPRINT_WKT_INVALID;CONTINENT_DERIVED_FROM_COORDINATES;IDENTIFIED_DATE_INVALID;TYPE_STATUS_INVALID"
1271436240,"3cdabf9a-99da-4383-b6cc-10afee5fb854","1116765829","Animalia","Chordata",NA,"Perciformes","Gobiidae","Ctenogobius","Ctenogobius boleosoma",NA,"SPECIES","Ctenogobius boleosoma (Jordan & Gilbert, 1882)","Ctenogobius boleosoma","(Jordan and Gilbert, 1882)","US","Port_of_Miami grid.cell=18 sweep=2","Florida","PRESENT",1,"c3ad790a-d426-4ac1-8e32-da61f81f0117",25.76247,-80.17299,15,NA,NA,NA,2.2,0,"2007-04-03T16:31",3,4,2007,2375376,2375376,"HUMAN_OBSERVATION","USGS","Spring07",NA,"",NA,NA,"CC0_1_0","","USGS",NA,NA,2025-01-31 19:47:13.056,"","GEODETIC_DATUM_INVALID;GEODETIC_DATUM_ASSUMED_WGS84;FOOTPRINT_WKT_INVALID;CONTINENT_DERIVED_FROM_COORDINATES;IDENTIFIED_DATE_INVALID;TYPE_STATUS_INVALID"
1271436238,"3cdabf9a-99da-4383-b6cc-10afee5fb854","1116765015","Animalia","Chordata",NA,"Perciformes","Gobiidae","Ctenogobius","Ctenogobius boleosoma",NA,"SPECIES","Ctenogobius boleosoma (Jordan & Gilbert, 1882)","Ctenogobius boleosoma","(Jordan and Gilbert, 1882)","US","Port_of_Miami grid.cell=30 sweep=5","Florida","PRESENT",1,"c3ad790a-d426-4ac1-8e32-da61f81f0117",25.76743,-80.17065,15,NA,NA,NA,2.05,0,"2007-04-03T15:49",3,4,2007,2375376,2375376,"HUMAN_OBSERVATION","USGS","Spring07",NA,"",NA,NA,"CC0_1_0","","USGS",NA,NA,2025-01-31 19:47:10.212,"","GEODETIC_DATUM_INVALID;GEODETIC_DATUM_ASSUMED_WGS84;FOOTPRINT_WKT_INVALID;CONTINENT_DERIVED_FROM_COORDINATES;IDENTIFIED_DATE_INVALID;TYPE_STATUS_INVALID"
1271436236,"3cdabf9a-99da-4383-b6cc-10afee5fb854","1116764349","Animalia","Chordata",NA,"Perciformes","Gobiidae","Ctenogobius","Ctenogobius boleosoma",NA,"SPECIES","Ctenogobius boleosoma (Jordan & Gilbert, 1882)","Ctenogobius boleosoma","(Jordan and Gilbert, 1882)","US","Port_of_Miami grid.cell=14 sweep=3","Florida","PRESENT",1,"c3ad790a-d426-4ac1-8e32-da61f81f0117",25.75603,-80.15706,15,NA,NA,NA,0.83,0,"2007-04-03T11:36",3,4,2007,2375376,2375376,"HUMAN_OBSERVATION","USGS","Spring07",NA,"",NA,NA,"CC0_1_0","","USGS",NA,NA,2025-01-31 19:47:03.735,"","GEODETIC_DATUM_INVALID;GEODETIC_DATUM_ASSUMED_WGS84;FOOTPRINT_WKT_INVALID;CONTINENT_DERIVED_FROM_COORDINATES;IDENTIFIED_DATE_INVALID;TYPE_STATUS_INVALID"
1271431179,"3cdabf9a-99da-4383-b6cc-10afee5fb854","1116266636","Animalia","Chordata",NA,"Perciformes","Gobiidae","Ctenogobius","Ctenogobius boleosoma",NA,"SPECIES","Ctenogobius boleosoma (Jordan & Gilbert, 1882)","Ctenogobius boleosoma","(Jordan and Gilbert, 1882)","US","Oyster grid.cell=24 sweep=1","Florida","PRESENT",1,"c3ad790a-d426-4ac1-8e32-da61f81f0117",25.335966,-81.081816,15,NA,NA,NA,1.69,0,"2005-04-29T12:02",29,4,2005,2375376,2375376,"HUMAN_OBSERVATION","USGS","Spring05",NA,"",NA,NA,"CC0_1_0","","USGS",NA,NA,2025-01-31 19:46:56.61,"","GEODETIC_DATUM_INVALID;GEODETIC_DATUM_ASSUMED_WGS84;FOOTPRINT_WKT_INVALID;CONTINENT_DERIVED_FROM_COORDINATES;IDENTIFIED_DATE_INVALID;TYPE_STATUS_INVALID"
1271358123,"8fc950e3-53c4-4fad-a9b0-1b13b31bd87b","1115701229","Animalia","Chordata",NA,"Perciformes","Gobiidae","Ctenogobius","Ctenogobius boleosoma",NA,"SPECIES","Ctenogobius boleosoma (Jordan & Gilbert, 1882)","Ctenogobius boleosoma","(Jordan and Gilbert, 1882)","VI","Salt River at St. Croix 80, 1 mi N of St. Croix 75","Saint Croix","PRESENT",1,"c3ad790a-d426-4ac1-8e32-da61f81f0117",17.77,-64.76,10,NA,NA,NA,1,0,"2011-05-25",25,5,2011,2375376,2375376,"HUMAN_OBSERVATION","USGS","1265","181003","","",NA,"CC0_1_0","","HL Jelks and WF Smith-Vaniz",NA,NA,2025-01-31 23:17:33.253,"","GEODETIC_DATUM_INVALID;GEODETIC_DATUM_ASSUMED_WGS84;CONTINENT_DERIVED_FROM_COORDINATES"
1271357236,"8fc950e3-53c4-4fad-a9b0-1b13b31bd87b","1115703460","Animalia","Chordata",NA,"Perciformes","Gobiidae","Ctenogobius","Ctenogobius boleosoma",NA,"SPECIES","Ctenogobius boleosoma (Jordan & Gilbert, 1882)","Ctenogobius boleosoma","(Jordan and Gilbert, 1882)","VI","Great Pond Bay at SE end of Great Pond","Saint Croix","PRESENT",4,"c3ad790a-d426-4ac1-8e32-da61f81f0117",17.7237,-64.6504,10,NA,NA,NA,1.5,0,"2012-01-28",28,1,2012,2375376,2375376,"HUMAN_OBSERVATION","USGS","1265","183118","","",NA,"CC0_1_0","","WF Smith-Vaniz and HL Jelks.",NA,NA,2025-01-31 23:17:33.298,"","GEODETIC_DATUM_INVALID;GEODETIC_DATUM_ASSUMED_WGS84;CONTINENT_DERIVED_FROM_COORDINATES"
1270938159,"cc7cd3f8-1ff5-4273-ad34-f89351392925","1115383081","Animalia","Chordata",NA,"Perciformes","Gobiidae","Ctenogobius","Ctenogobius boleosoma",NA,"SPECIES","Ctenogobius boleosoma (Jordan & Gilbert, 1882)","Ctenogobius boleosoma","","US","Upper Laguna Madre Estuary","Texas","PRESENT",NA,"c3ad790a-d426-4ac1-8e32-da61f81f0117",27.591667,-97.291667,100,NA,NA,NA,0.5,0,"2006-08-07T10:31",7,8,2006,2375376,2375376,"HUMAN_OBSERVATION","TPWD","Upper Laguna Madre Trawl","","","",NA,"CC0_1_0","","TPWD",NA,NA,2025-02-01 01:05:26.163,"","GEODETIC_DATUM_INVALID;GEODETIC_DATUM_ASSUMED_WGS84;CONTINENT_DERIVED_FROM_COORDINATES;OCCURRENCE_STATUS_UNPARSABLE"
