"gbifID","datasetKey","occurrenceID","kingdom","phylum","class","order","family","genus","species","infraspecificEpithet","taxonRank","scientificName","verbatimScientificName","verbatimScientificNameAuthorship","countryCode","locality","stateProvince","occurrenceStatus","individualCount","publishingOrgKey","decimalLatitude","decimalLongitude","coordinateUncertaintyInMeters","coordinatePrecision","elevation","elevationAccuracy","depth","depthAccuracy","eventDate","day","month","year","taxonKey","speciesKey","basisOfRecord","institutionCode","collectionCode","catalogNumber","recordNumber","identifiedBy","dateIdentified","license","rightsHolder","recordedBy","typeStatus","establishmentMeans","lastInterpreted","mediaType","issue"
857002666,"66f6192f-6cc0-45fd-a2d1-e76f5ae3eab2","diveboard:17266_205039_0","Animalia","Chordata",NA,"Perciformes","Gerreidae","Eucinostomus","Eucinostomus melanopterus",NA,"SPECIES","Eucinostomus melanopterus (Bleeker, 1863)","Eucinostomus melanopterus (Bleeker, 1863)","","NL","","","PRESENT",NA,"1989b627-2a61-44db-83e4-392efc5da0a9",51.7347,3.84472,100,NA,0,0,4,4,"2012-06-03T12:05Z",3,6,2012,2369483,2369483,"HUMAN_OBSERVATION","Diveboard","Diveboard","diveboard:17266_205039_0","","Sarah Verzele",2012-06-03,"CC_BY_NC_4_0","Diveboard","Sarah Verzele","",NA,2025-01-31 21:31:27.842,"","COORDINATE_REPROJECTION_SUSPICIOUS;CONTINENT_DERIVED_FROM_COORDINATES;TAXON_MATCH_TAXON_ID_IGNORED"
5088030765,"50c9509d-22c7-4a22-a47d-8c48425ef4a7","https://www.inaturalist.org/observations/265341760","Animalia","Chordata",NA,"Perciformes","Gerreidae","Eucinostomus","Eucinostomus melanopterus",NA,"SPECIES","Eucinostomus melanopterus (Bleeker, 1863)","Eucinostomus melanopterus","","US","","Florida","PRESENT",NA,"28eb1a3f-1c15-4a95-931a-4af90ecb574d",24.94136,-80.605014,9,NA,NA,NA,NA,NA,"2015-08-11T09:33",11,8,2015,2369483,2369483,"HUMAN_OBSERVATION","iNaturalist","Observations","265341760","","zachs",2025-03-15 01:01:02,"CC_BY_NC_4_0","Andy Alexandrov","Andy Alexandrov","",NA,2025-06-07 02:04:05.108,"","COORDINATE_ROUNDED;CONTINENT_DERIVED_FROM_COORDINATES;TAXON_MATCH_TAXON_ID_IGNORED"
5087430973,"50c9509d-22c7-4a22-a47d-8c48425ef4a7","https://www.inaturalist.org/observations/263832171","Animalia","Chordata",NA,"Perciformes","Gerreidae","Eucinostomus","Eucinostomus melanopterus",NA,"SPECIES","Eucinostomus melanopterus (Bleeker, 1863)","Eucinostomus melanopterus","","US","","Florida","PRESENT",NA,"28eb1a3f-1c15-4a95-931a-4af90ecb574d",25.125496,-80.40483,34,NA,NA,NA,NA,NA,"2025-03-03T20:24:10",3,3,2025,2369483,2369483,"HUMAN_OBSERVATION","iNaturalist","Observations","263832171","","zachs",2025-03-04 12:28:28,"CC_BY_NC_4_0","eashby","eashby","",NA,2025-06-07 02:48:20.676,"StillImage","COORDINATE_ROUNDED;CONTINENT_DERIVED_FROM_COORDINATES;TAXON_MATCH_TAXON_ID_IGNORED"
5086999788,"50c9509d-22c7-4a22-a47d-8c48425ef4a7","https://www.inaturalist.org/observations/204811840","Animalia","Chordata",NA,"Perciformes","Gerreidae","Eucinostomus","Eucinostomus melanopterus",NA,"SPECIES","Eucinostomus melanopterus (Bleeker, 1863)","Eucinostomus melanopterus","","PR","","Culebra","PRESENT",NA,"28eb1a3f-1c15-4a95-931a-4af90ecb574d",18.33368,-65.322162,22,NA,NA,NA,NA,NA,"2024-03-17T15:15",17,3,2024,2369483,2369483,"HUMAN_OBSERVATION","iNaturalist","Observations","204811840","","caleb_melville",2024-03-31 21:16:26,"CC_BY_NC_4_0","caleb_melville","caleb_melville","",NA,2025-06-07 01:59:49.259,"StillImage","COORDINATE_ROUNDED;CONTINENT_DERIVED_FROM_COORDINATES;TAXON_MATCH_TAXON_ID_IGNORED"
5063948199,"50c9509d-22c7-4a22-a47d-8c48425ef4a7","https://www.inaturalist.org/observations/260983336","Animalia","Chordata",NA,"Perciformes","Gerreidae","Eucinostomus","Eucinostomus melanopterus",NA,"SPECIES","Eucinostomus melanopterus (Bleeker, 1863)","Eucinostomus melanopterus","","CV","","Sal","PRESENT",NA,"28eb1a3f-1c15-4a95-931a-4af90ecb574d",16.761573,-22.892139,31,NA,NA,NA,NA,NA,"2025-01-17T10:22",17,1,2025,2369483,2369483,"HUMAN_OBSERVATION","iNaturalist","Observations","260983336","","Juan Carballo",2025-02-08 10:23:54,"CC_BY_NC_4_0","Juan Carballo","Juan Carballo","",NA,2025-06-07 01:43:43.76,"StillImage","COORDINATE_ROUNDED;CONTINENT_DERIVED_FROM_COORDINATES;TAXON_MATCH_TAXON_ID_IGNORED"
5062985954,"50c9509d-22c7-4a22-a47d-8c48425ef4a7","https://www.inaturalist.org/observations/258509382","Animalia","Chordata",NA,"Perciformes","Gerreidae","Eucinostomus","Eucinostomus melanopterus",NA,"SPECIES","Eucinostomus melanopterus (Bleeker, 1863)","Eucinostomus melanopterus","","US","","Florida","PRESENT",NA,"28eb1a3f-1c15-4a95-931a-4af90ecb574d",26.260082,-80.083445,284,NA,NA,NA,NA,NA,"2021-06-19T09:56:55",19,6,2021,2369483,2369483,"HUMAN_OBSERVATION","iNaturalist","Observations","258509382","","zachs",2025-01-15 00:03:57,"CC_BY_NC_4_0","zachs","zachs","",NA,2025-06-07 02:49:03.934,"StillImage","COORDINATE_ROUNDED;CONTINENT_DERIVED_FROM_COORDINATES;TAXON_MATCH_TAXON_ID_IGNORED"
5062937029,"50c9509d-22c7-4a22-a47d-8c48425ef4a7","https://www.inaturalist.org/observations/254938526","Animalia","Chordata",NA,"Perciformes","Gerreidae","Eucinostomus","Eucinostomus melanopterus",NA,"SPECIES","Eucinostomus melanopterus (Bleeker, 1863)","Eucinostomus melanopterus","","BR","","Santa Catarina","PRESENT",NA,"28eb1a3f-1c15-4a95-931a-4af90ecb574d",-27.541102,-48.461035,399,NA,NA,NA,NA,NA,"2024-12-07T01:44",7,12,2024,2369483,2369483,"HUMAN_OBSERVATION","iNaturalist","Observations","254938526","","Nicola Crockford",2024-12-12 23:23:35,"CC_BY_NC_4_0","Nicola Crockford","Nicola Crockford","",NA,2025-06-07 01:14:24.155,"StillImage","COORDINATE_ROUNDED;CONTINENT_DERIVED_FROM_COORDINATES;TAXON_MATCH_TAXON_ID_IGNORED"
5036862277,"50c9509d-22c7-4a22-a47d-8c48425ef4a7","https://www.inaturalist.org/observations/257763274","Animalia","Chordata",NA,"Perciformes","Gerreidae","Eucinostomus","Eucinostomus melanopterus",NA,"SPECIES","Eucinostomus melanopterus (Bleeker, 1863)","Eucinostomus melanopterus","","BS","","South Eleuthera","PRESENT",NA,"28eb1a3f-1c15-4a95-931a-4af90ecb574d",24.831785,-76.33024,NA,NA,NA,NA,NA,NA,"2025-01-07T21:05:14",7,1,2025,2369483,2369483,"HUMAN_OBSERVATION","iNaturalist","Observations","257763274","","Di Boonman",2025-01-08 02:51:31,"CC_BY_NC_4_0","Di Boonman","Di Boonman","",NA,2025-06-07 01:13:18.476,"StillImage","COORDINATE_ROUNDED;CONTINENT_DERIVED_FROM_COORDINATES;TAXON_MATCH_TAXON_ID_IGNORED"
4987843258,"50c9509d-22c7-4a22-a47d-8c48425ef4a7","https://www.inaturalist.org/observations/185653807","Animalia","Chordata",NA,"Perciformes","Gerreidae","Eucinostomus","Eucinostomus melanopterus",NA,"SPECIES","Eucinostomus melanopterus (Bleeker, 1863)","Eucinostomus melanopterus","","US","","Texas","PRESENT",NA,"28eb1a3f-1c15-4a95-931a-4af90ecb574d",29.334236,-94.749935,NA,NA,NA,NA,NA,NA,"2023-09-30T15:42:43",30,9,2023,2369483,2369483,"HUMAN_OBSERVATION","iNaturalist","Observations","185653807","","Mitchel Buckner",2023-09-30 23:14:21,"CC_BY_NC_4_0","Mitchel Buckner","Mitchel Buckner","",NA,2025-06-07 00:55:47.202,"StillImage","COORDINATE_ROUNDED;CONTINENT_DERIVED_FROM_COORDINATES;TAXON_MATCH_TAXON_ID_IGNORED"
4987682707,"50c9509d-22c7-4a22-a47d-8c48425ef4a7","https://www.inaturalist.org/observations/185654113","Animalia","Chordata",NA,"Perciformes","Gerreidae","Eucinostomus","Eucinostomus melanopterus",NA,"SPECIES","Eucinostomus melanopterus (Bleeker, 1863)","Eucinostomus melanopterus","","US","","Texas","PRESENT",NA,"28eb1a3f-1c15-4a95-931a-4af90ecb574d",29.334278,-94.750107,NA,NA,NA,NA,NA,NA,"2023-09-30T16:04:08",30,9,2023,2369483,2369483,"HUMAN_OBSERVATION","iNaturalist","Observations","185654113","","Mitchel Buckner",2023-09-30 23:16:31,"CC_BY_NC_4_0","Mitchel Buckner","Mitchel Buckner","",NA,2025-06-07 01:23:31.194,"StillImage","COORDINATE_ROUNDED;CONTINENT_DERIVED_FROM_COORDINATES;TAXON_MATCH_TAXON_ID_IGNORED"
4987673421,"50c9509d-22c7-4a22-a47d-8c48425ef4a7","https://www.inaturalist.org/observations/253219933","Animalia","Chordata",NA,"Perciformes","Gerreidae","Eucinostomus","Eucinostomus melanopterus",NA,"SPECIES","Eucinostomus melanopterus (Bleeker, 1863)","Eucinostomus melanopterus","","US","","Virginia","PRESENT",NA,"28eb1a3f-1c15-4a95-931a-4af90ecb574d",36.823883,-75.982368,170,NA,NA,NA,NA,NA,"2024-11-26T16:41:26",26,11,2024,2369483,2369483,"HUMAN_OBSERVATION","iNaturalist","Observations","253219933","","zachs",2024-11-26 22:33:41,"CC_BY_NC_4_0","zachs","zachs","",NA,2025-06-07 00:39:20.801,"StillImage","COORDINATE_ROUNDED;CONTINENT_DERIVED_FROM_COORDINATES;TAXON_MATCH_TAXON_ID_IGNORED"
4987473571,"50c9509d-22c7-4a22-a47d-8c48425ef4a7","https://www.inaturalist.org/observations/185653888","Animalia","Chordata",NA,"Perciformes","Gerreidae","Eucinostomus","Eucinostomus melanopterus",NA,"SPECIES","Eucinostomus melanopterus (Bleeker, 1863)","Eucinostomus melanopterus","","US","","Texas","PRESENT",NA,"28eb1a3f-1c15-4a95-931a-4af90ecb574d",29.334235,-94.749938,NA,NA,NA,NA,NA,NA,"2023-09-30T15:44:42",30,9,2023,2369483,2369483,"HUMAN_OBSERVATION","iNaturalist","Observations","185653888","","Mitchel Buckner",2023-09-30 23:14:55,"CC_BY_NC_4_0","Mitchel Buckner","Mitchel Buckner","",NA,2025-06-07 00:12:27.575,"StillImage","COORDINATE_ROUNDED;CONTINENT_DERIVED_FROM_COORDINATES;TAXON_MATCH_TAXON_ID_IGNORED"
4987471245,"50c9509d-22c7-4a22-a47d-8c48425ef4a7","https://www.inaturalist.org/observations/138154811","Animalia","Chordata",NA,"Perciformes","Gerreidae","Eucinostomus","Eucinostomus melanopterus",NA,"SPECIES","Eucinostomus melanopterus (Bleeker, 1863)","Eucinostomus melanopterus","","US","","Texas","PRESENT",NA,"28eb1a3f-1c15-4a95-931a-4af90ecb574d",29.334237,-94.750181,NA,NA,NA,NA,NA,NA,"2022-10-09T13:10:54",9,10,2022,2369483,2369483,"HUMAN_OBSERVATION","iNaturalist","Observations","138154811","","Mitchel Buckner",2022-10-09 18:49:26,"CC_BY_NC_4_0","Mitchel Buckner","Mitchel Buckner","",NA,2025-06-06 23:57:25.294,"StillImage","COORDINATE_ROUNDED;CONTINENT_DERIVED_FROM_COORDINATES;TAXON_MATCH_TAXON_ID_IGNORED"
4987446292,"50c9509d-22c7-4a22-a47d-8c48425ef4a7","https://www.inaturalist.org/observations/253001547","Animalia","Chordata",NA,"Perciformes","Gerreidae","Eucinostomus","Eucinostomus melanopterus",NA,"SPECIES","Eucinostomus melanopterus (Bleeker, 1863)","Eucinostomus melanopterus","","US","","Florida","PRESENT",NA,"28eb1a3f-1c15-4a95-931a-4af90ecb574d",30.404662,-81.403137,4,NA,NA,NA,NA,NA,"2024-11-24T21:35:16",24,11,2024,2369483,2369483,"HUMAN_OBSERVATION","iNaturalist","Observations","253001547","","Cal O",2024-11-25 03:56:28,"CC_BY_NC_4_0","Cal O","Cal O","",NA,2025-06-07 01:26:12.338,"StillImage","COORDINATE_ROUNDED;CONTINENT_DERIVED_FROM_COORDINATES;TAXON_MATCH_TAXON_ID_IGNORED"
4982332828,"50c9509d-22c7-4a22-a47d-8c48425ef4a7","https://www.inaturalist.org/observations/252015696","Animalia","Chordata",NA,"Perciformes","Gerreidae","Eucinostomus","Eucinostomus melanopterus",NA,"SPECIES","Eucinostomus melanopterus (Bleeker, 1863)","Eucinostomus melanopterus","","VC","","Saint George","PRESENT",NA,"28eb1a3f-1c15-4a95-931a-4af90ecb574d",13.127841,-61.190844,18,NA,NA,NA,NA,NA,"2024-11-16T18:31:06",16,11,2024,2369483,2369483,"HUMAN_OBSERVATION","iNaturalist","Observations","252015696","","zachs",2024-11-17 16:54:15,"CC_BY_NC_4_0","hydradon","hydradon","",NA,2025-06-07 02:01:54.238,"StillImage","COORDINATE_ROUNDED;CONTINENT_DERIVED_FROM_COORDINATES;TAXON_MATCH_TAXON_ID_IGNORED"
4982141138,"50c9509d-22c7-4a22-a47d-8c48425ef4a7","https://www.inaturalist.org/observations/251686319","Animalia","Chordata",NA,"Perciformes","Gerreidae","Eucinostomus","Eucinostomus melanopterus",NA,"SPECIES","Eucinostomus melanopterus (Bleeker, 1863)","Eucinostomus melanopterus","","CR","","Limón","PRESENT",NA,"28eb1a3f-1c15-4a95-931a-4af90ecb574d",9.658137,-82.756,61,NA,NA,NA,NA,NA,"2024-11-10",10,11,2024,2369483,2369483,"HUMAN_OBSERVATION","iNaturalist","Observations","251686319","","Sue",2024-11-14 20:22:50,"CC_BY_NC_4_0","mdoliveira","mdoliveira","",NA,2025-06-07 01:44:06.742,"StillImage","COORDINATE_ROUNDED;CONTINENT_DERIVED_FROM_COORDINATES;TAXON_MATCH_TAXON_ID_IGNORED"
4974086737,"50c9509d-22c7-4a22-a47d-8c48425ef4a7","https://www.inaturalist.org/observations/248435122","Animalia","Chordata",NA,"Perciformes","Gerreidae","Eucinostomus","Eucinostomus melanopterus",NA,"SPECIES","Eucinostomus melanopterus (Bleeker, 1863)","Eucinostomus melanopterus","","PR","","Yabucoa","PRESENT",NA,"28eb1a3f-1c15-4a95-931a-4af90ecb574d",18.050682,-65.830738,22,NA,NA,NA,NA,NA,"2024-10-17T17:14:14",17,10,2024,2369483,2369483,"HUMAN_OBSERVATION","iNaturalist","Observations","248435122","","IHUNTA",2024-10-21 12:01:46,"CC_BY_NC_4_0","IHUNTA","IHUNTA","",NA,2025-06-07 03:12:35.594,"StillImage","COORDINATE_ROUNDED;CONTINENT_DERIVED_FROM_COORDINATES;TAXON_MATCH_TAXON_ID_IGNORED"
4973875837,"50c9509d-22c7-4a22-a47d-8c48425ef4a7","https://www.inaturalist.org/observations/247153581","Animalia","Chordata",NA,"Perciformes","Gerreidae","Eucinostomus","Eucinostomus melanopterus",NA,"SPECIES","Eucinostomus melanopterus (Bleeker, 1863)","Eucinostomus melanopterus","","US","","Texas","PRESENT",NA,"28eb1a3f-1c15-4a95-931a-4af90ecb574d",27.649092,-97.194755,68,NA,NA,NA,NA,NA,"2024-10-13T10:57:18",13,10,2024,2369483,2369483,"HUMAN_OBSERVATION","iNaturalist","Observations","247153581","","certified_bug_enjoyer",2024-10-13 17:25:47,"CC_BY_NC_4_0","certified_bug_enjoyer","certified_bug_enjoyer","",NA,2025-06-07 00:39:22.461,"StillImage","COORDINATE_ROUNDED;CONTINENT_DERIVED_FROM_COORDINATES;TAXON_MATCH_TAXON_ID_IGNORED"
4958336649,"bf2e3583-b3c3-417a-a2fe-b257bff001cc","2023ICERH2137","Animalia","Chordata",NA,"Perciformes","Gerreidae","Eucinostomus","Eucinostomus melanopterus",NA,"SPECIES","Eucinostomus melanopterus (Bleeker, 1863)","Eucinostomus melanopterus","","CR","Caño California","","PRESENT",2,"0553362c-9393-411f-bec2-116d0c343c4c",10.336457,-83.418959,5000,NA,NA,NA,NA,NA,"2023-07-19",19,7,2023,2369483,2369483,"HUMAN_OBSERVATION","","","","","",NA,"CC_BY_NC_4_0","","Franklin Zamora Esquivel; Jorge Leiva Navarro","",NA,2025-02-01 00:43:43.456,"","COORDINATE_ROUNDED;GEODETIC_DATUM_ASSUMED_WGS84;COUNTRY_DERIVED_FROM_COORDINATES;CONTINENT_DERIVED_FROM_COORDINATES;OCCURRENCE_STATUS_INFERRED_FROM_INDIVIDUAL_COUNT"
4958336595,"bf2e3583-b3c3-417a-a2fe-b257bff001cc","2023ICERH2169","Animalia","Chordata",NA,"Perciformes","Gerreidae","Eucinostomus","Eucinostomus melanopterus",NA,"SPECIES","Eucinostomus melanopterus (Bleeker, 1863)","Eucinostomus melanopterus","","CR","Boca Parismina","","PRESENT",1,"0553362c-9393-411f-bec2-116d0c343c4c",10.30712,-83.350219,5000,NA,NA,NA,NA,NA,"2023-07-19",19,7,2023,2369483,2369483,"HUMAN_OBSERVATION","","","","","",NA,"CC_BY_NC_4_0","","Franklin Zamora Esquivel; Jorge Leiva Navarro","",NA,2025-02-01 00:43:43.452,"","COORDINATE_ROUNDED;GEODETIC_DATUM_ASSUMED_WGS84;COUNTRY_DERIVED_FROM_COORDINATES;CONTINENT_DERIVED_FROM_COORDINATES;OCCURRENCE_STATUS_INFERRED_FROM_INDIVIDUAL_COUNT"
4958333692,"bf2e3583-b3c3-417a-a2fe-b257bff001cc","2023ICERH2017","Animalia","Chordata",NA,"Perciformes","Gerreidae","Eucinostomus","Eucinostomus melanopterus",NA,"SPECIES","Eucinostomus melanopterus (Bleeker, 1863)","Eucinostomus melanopterus","","CR","Jalova","","PRESENT",2,"0553362c-9393-411f-bec2-116d0c343c4c",10.364515,-83.406419,5000,NA,NA,NA,NA,NA,"2023-02-02",2,2,2023,2369483,2369483,"HUMAN_OBSERVATION","","","","","",NA,"CC_BY_NC_4_0","","Franklin Zamora Esquivel; Jorge Leiva Navarro","",NA,2025-02-01 00:43:43.062,"","COORDINATE_ROUNDED;GEODETIC_DATUM_ASSUMED_WGS84;COUNTRY_DERIVED_FROM_COORDINATES;CONTINENT_DERIVED_FROM_COORDINATES;OCCURRENCE_STATUS_INFERRED_FROM_INDIVIDUAL_COUNT"
4954456235,"50c9509d-22c7-4a22-a47d-8c48425ef4a7","https://www.inaturalist.org/observations/246541173","Animalia","Chordata",NA,"Perciformes","Gerreidae","Eucinostomus","Eucinostomus melanopterus",NA,"SPECIES","Eucinostomus melanopterus (Bleeker, 1863)","Eucinostomus melanopterus","","US","","Texas","PRESENT",NA,"28eb1a3f-1c15-4a95-931a-4af90ecb574d",27.785542,-97.393115,NA,NA,NA,NA,NA,NA,"2024-10-09T16:32:03",9,10,2024,2369483,2369483,"HUMAN_OBSERVATION","iNaturalist","Observations","246541173","","seymouraquabio",2024-10-09 22:25:39,"CC_BY_NC_4_0","seymouraquabio","seymouraquabio","",NA,2025-06-07 00:39:13.592,"StillImage","COORDINATE_ROUNDED;CONTINENT_DERIVED_FROM_COORDINATES;TAXON_MATCH_TAXON_ID_IGNORED"
4952167208,"50c9509d-22c7-4a22-a47d-8c48425ef4a7","https://www.inaturalist.org/observations/245869557","Animalia","Chordata",NA,"Perciformes","Gerreidae","Eucinostomus","Eucinostomus melanopterus",NA,"SPECIES","Eucinostomus melanopterus (Bleeker, 1863)","Eucinostomus melanopterus","","US","","New York","PRESENT",NA,"28eb1a3f-1c15-4a95-931a-4af90ecb574d",40.854032,-72.490785,1024,NA,NA,NA,NA,NA,"2024-09-13T22:19",13,9,2024,2369483,2369483,"HUMAN_OBSERVATION","iNaturalist","Observations","245869557","","Brendan Fogarty",2024-10-06 21:31:56,"CC_BY_NC_4_0","Brendan Fogarty","Brendan Fogarty","",NA,2025-06-07 02:05:15.574,"StillImage","COORDINATE_ROUNDED;CONTINENT_DERIVED_FROM_COORDINATES;TAXON_MATCH_TAXON_ID_IGNORED"
4946712197,"50c9509d-22c7-4a22-a47d-8c48425ef4a7","https://www.inaturalist.org/observations/242012389","Animalia","Chordata",NA,"Perciformes","Gerreidae","Eucinostomus","Eucinostomus melanopterus",NA,"SPECIES","Eucinostomus melanopterus (Bleeker, 1863)","Eucinostomus melanopterus","","US","","North Carolina","PRESENT",NA,"28eb1a3f-1c15-4a95-931a-4af90ecb574d",35.193556,-75.725848,488,NA,NA,NA,NA,NA,"2024-08-30T15:29",30,8,2024,2369483,2369483,"HUMAN_OBSERVATION","iNaturalist","Observations","242012389","","Dootin",2024-09-16 02:12:50,"CC_BY_NC_4_0","Dootin","Dootin","",NA,2025-06-07 01:30:49.898,"StillImage","COORDINATE_ROUNDED;CONTINENT_DERIVED_FROM_COORDINATES;TAXON_MATCH_TAXON_ID_IGNORED"
4946377233,"50c9509d-22c7-4a22-a47d-8c48425ef4a7","https://www.inaturalist.org/observations/239697039","Animalia","Chordata",NA,"Perciformes","Gerreidae","Eucinostomus","Eucinostomus melanopterus",NA,"SPECIES","Eucinostomus melanopterus (Bleeker, 1863)","Eucinostomus melanopterus","","PA","","Kuna Yala","PRESENT",NA,"28eb1a3f-1c15-4a95-931a-4af90ecb574d",9.576434,-78.853644,733,NA,NA,NA,NA,NA,"2024-09-02T14:42",2,9,2024,2369483,2369483,"HUMAN_OBSERVATION","iNaturalist","Observations","239697039","","Sheldon Logan",2024-09-03 22:30:18,"CC_BY_NC_4_0","Sheldon Logan","Sheldon Logan","",NA,2025-06-07 01:11:36.018,"StillImage","COORDINATE_ROUNDED;CONTINENT_DERIVED_FROM_COORDINATES;TAXON_MATCH_TAXON_ID_IGNORED"
4946071290,"50c9509d-22c7-4a22-a47d-8c48425ef4a7","https://www.inaturalist.org/observations/239715397","Animalia","Chordata",NA,"Perciformes","Gerreidae","Eucinostomus","Eucinostomus melanopterus",NA,"SPECIES","Eucinostomus melanopterus (Bleeker, 1863)","Eucinostomus melanopterus","","PA","","Kuna Yala","PRESENT",NA,"28eb1a3f-1c15-4a95-931a-4af90ecb574d",9.577629,-78.854884,161,NA,NA,NA,NA,NA,"2024-09-02T14:42",2,9,2024,2369483,2369483,"HUMAN_OBSERVATION","iNaturalist","Observations","239715397","","Jay Brasher",2024-09-06 02:05:17,"CC_BY_NC_4_0","Sheldon Logan","Sheldon Logan","",NA,2025-06-07 02:09:32.315,"StillImage","COORDINATE_ROUNDED;CONTINENT_DERIVED_FROM_COORDINATES;TAXON_MATCH_TAXON_ID_IGNORED"
4937035431,"50c9509d-22c7-4a22-a47d-8c48425ef4a7","https://www.inaturalist.org/observations/238688295","Animalia","Chordata",NA,"Perciformes","Gerreidae","Eucinostomus","Eucinostomus melanopterus",NA,"SPECIES","Eucinostomus melanopterus (Bleeker, 1863)","Eucinostomus melanopterus","","DO","","La Altagracia","PRESENT",NA,"28eb1a3f-1c15-4a95-931a-4af90ecb574d",18.688659,-68.416236,582,NA,NA,NA,NA,NA,"2024-08-29T15:51",29,8,2024,2369483,2369483,"HUMAN_OBSERVATION","iNaturalist","Observations","238688295","","zachs",2024-08-30 00:02:07,"CC_BY_NC_4_0","haidar0","haidar0","",NA,2025-06-07 00:21:04.449,"StillImage","COORDINATE_ROUNDED;CONTINENT_DERIVED_FROM_COORDINATES;TAXON_MATCH_TAXON_ID_IGNORED"
4901371502,"50c9509d-22c7-4a22-a47d-8c48425ef4a7","https://www.inaturalist.org/observations/33599704","Animalia","Chordata",NA,"Perciformes","Gerreidae","Eucinostomus","Eucinostomus melanopterus",NA,"SPECIES","Eucinostomus melanopterus (Bleeker, 1863)","Eucinostomus melanopterus","","US","","Florida","PRESENT",NA,"28eb1a3f-1c15-4a95-931a-4af90ecb574d",29.915882,-81.298921,554,NA,NA,NA,NA,NA,"2019-09-29T13:11:41",29,9,2019,2369483,2369483,"HUMAN_OBSERVATION","iNaturalist","Observations","33599704","","fredturt43",2020-08-18 15:37:27,"CC_BY_NC_4_0","dcoriell","dcoriell","",NA,2025-06-07 00:58:33.5,"StillImage","COORDINATE_ROUNDED;CONTINENT_DERIVED_FROM_COORDINATES;TAXON_MATCH_TAXON_ID_IGNORED"
4891958055,"50c9509d-22c7-4a22-a47d-8c48425ef4a7","https://www.inaturalist.org/observations/220604080","Animalia","Chordata",NA,"Perciformes","Gerreidae","Eucinostomus","Eucinostomus melanopterus",NA,"SPECIES","Eucinostomus melanopterus (Bleeker, 1863)","Eucinostomus melanopterus","","US","","Florida","PRESENT",NA,"28eb1a3f-1c15-4a95-931a-4af90ecb574d",25.150242,-80.394368,15,NA,NA,NA,NA,NA,"2024-06-04T18:23",4,6,2024,2369483,2369483,"HUMAN_OBSERVATION","iNaturalist","Observations","220604080","","uconnbirdfish",2024-06-05 14:31:49,"CC_BY_4_0","Kent Miller","Kent Miller","",NA,2025-06-07 01:46:09.651,"StillImage","COORDINATE_ROUNDED;CONTINENT_DERIVED_FROM_COORDINATES;TAXON_MATCH_TAXON_ID_IGNORED"
4875570346,"50c9509d-22c7-4a22-a47d-8c48425ef4a7","https://www.inaturalist.org/observations/219534204","Animalia","Chordata",NA,"Perciformes","Gerreidae","Eucinostomus","Eucinostomus melanopterus",NA,"SPECIES","Eucinostomus melanopterus (Bleeker, 1863)","Eucinostomus melanopterus","","TT","","Diego Martin","PRESENT",NA,"28eb1a3f-1c15-4a95-931a-4af90ecb574d",10.662191,-61.649494,31,NA,NA,NA,NA,NA,"2024-05-31T12:14",31,5,2024,2369483,2369483,"HUMAN_OBSERVATION","iNaturalist","Observations","219534204","","Mark Hulme",2024-05-31 14:33:43,"CC_BY_NC_4_0","Mark Hulme","Mark Hulme","",NA,2025-06-07 01:58:46.158,"StillImage","COORDINATE_ROUNDED;CONTINENT_DERIVED_FROM_COORDINATES;TAXON_MATCH_TAXON_ID_IGNORED"
4866281573,"2e48d298-76bf-40c4-bb7a-af01508498fd","BR:ReefSYN:SISBIOTA-MAR-UVC:BrazilianCoast:farol_da_barra_farol_da_barra_2012_occ33040","Animalia","Chordata",NA,"Perciformes","Gerreidae","Eucinostomus","Eucinostomus melanopterus",NA,"SPECIES","Eucinostomus melanopterus (Bleeker, 1863)","","","BR","farol_da_barra","","PRESENT",NA,"b81896a3-05ab-4011-a360-1aededb554a3",-13.008333,-38.530833,NA,NA,NA,NA,1.5,NA,"2012",NA,NA,2012,2369483,2369483,"HUMAN_OBSERVATION","","","","","",NA,"CC_BY_4_0","","Anderson Batista","",NA,2025-01-31 19:04:37.954,"","GEODETIC_DATUM_INVALID;GEODETIC_DATUM_ASSUMED_WGS84;CONTINENT_DERIVED_FROM_COORDINATES;RECORDED_DATE_MISMATCH;SCIENTIFIC_NAME_AND_ID_INCONSISTENT;TAXON_MATCH_NAME_AND_ID_AMBIGUOUS"
4866273550,"2e48d298-76bf-40c4-bb7a-af01508498fd","BR:ReefSYN:SISBIOTA-MAR-UVC:BrazilianCoast:dentao_dentao_2015_occ32912","Animalia","Chordata",NA,"Perciformes","Gerreidae","Eucinostomus","Eucinostomus melanopterus",NA,"SPECIES","Eucinostomus melanopterus (Bleeker, 1863)","","","BR","dentao","","PRESENT",NA,"b81896a3-05ab-4011-a360-1aededb554a3",-12.83345,-38.5253,NA,NA,NA,NA,8.2,NA,"2015",NA,NA,2015,2369483,2369483,"HUMAN_OBSERVATION","","","","","",NA,"CC_BY_4_0","","Diego R Barneche","",NA,2025-01-31 19:04:35.841,"","GEODETIC_DATUM_INVALID;GEODETIC_DATUM_ASSUMED_WGS84;CONTINENT_DERIVED_FROM_COORDINATES;RECORDED_DATE_MISMATCH;SCIENTIFIC_NAME_AND_ID_INCONSISTENT;TAXON_MATCH_NAME_AND_ID_AMBIGUOUS"
4866269276,"2e48d298-76bf-40c4-bb7a-af01508498fd","BR:ReefSYN:SISBIOTA-MAR-UVC:BrazilianCoast:ilha_das_cabras_ilha_das_cabras_2013_occ50569","Animalia","Chordata",NA,"Perciformes","Gerreidae","Eucinostomus","Eucinostomus melanopterus",NA,"SPECIES","Eucinostomus melanopterus (Bleeker, 1863)","","","BR","ilha_das_cabras","","PRESENT",NA,"b81896a3-05ab-4011-a360-1aededb554a3",-23.830333,-45.393889,NA,NA,NA,NA,7,NA,"2013",NA,NA,2013,2369483,2369483,"HUMAN_OBSERVATION","","","","","",NA,"CC_BY_4_0","","Anderson Batista","",NA,2025-01-31 19:04:34.753,"","GEODETIC_DATUM_INVALID;GEODETIC_DATUM_ASSUMED_WGS84;CONTINENT_DERIVED_FROM_COORDINATES;RECORDED_DATE_MISMATCH;SCIENTIFIC_NAME_AND_ID_INCONSISTENT;TAXON_MATCH_NAME_AND_ID_AMBIGUOUS"
4866223591,"2e48d298-76bf-40c4-bb7a-af01508498fd","BR:ReefSYN:SISBIOTA-MAR-UVC:BrazilianCoast:ilha_do_meio_ilha_do_meio_2012_occ32520","Animalia","Chordata",NA,"Perciformes","Gerreidae","Eucinostomus","Eucinostomus melanopterus",NA,"SPECIES","Eucinostomus melanopterus (Bleeker, 1863)","","","BR","ilha_do_meio","","PRESENT",NA,"b81896a3-05ab-4011-a360-1aededb554a3",-8.761792,-35.087711,NA,NA,NA,NA,1,NA,"2012",NA,NA,2012,2369483,2369483,"HUMAN_OBSERVATION","","","","","",NA,"CC_BY_4_0","","Anderson Batista","",NA,2025-01-31 19:04:24.037,"","GEODETIC_DATUM_INVALID;GEODETIC_DATUM_ASSUMED_WGS84;CONTINENT_DERIVED_FROM_COORDINATES;RECORDED_DATE_MISMATCH;SCIENTIFIC_NAME_AND_ID_INCONSISTENT;TAXON_MATCH_NAME_AND_ID_AMBIGUOUS"
4848043914,"e5c183ea-9aab-4fd1-a07b-3fbe18fcbe4c","banc-darguin-ccmar-2023:occurrence:9f1056bfaeb724097922b2ee0b58d10a","Animalia","Chordata",NA,"Perciformes","Gerreidae","Eucinostomus","Eucinostomus melanopterus",NA,"SPECIES","Eucinostomus melanopterus (Bleeker, 1863)","Eucinostomus melanopterus","","MR","Banc d'Arguin National Park","","PRESENT",NA,"b94c4428-77c1-47e0-a8c2-2b08228d8dd8",19.895183,-16.529017,NA,NA,NA,NA,NA,NA,"2023-12-07",7,12,2023,2369483,2369483,"HUMAN_OBSERVATION","","","","","",NA,"CC0_1_0","","","",NA,2025-02-27 20:42:12.968,"","CONTINENT_DERIVED_FROM_COORDINATES"
4848043784,"e5c183ea-9aab-4fd1-a07b-3fbe18fcbe4c","banc-darguin-ccmar-2023:occurrence:88ed3bd1ad176b763d31db6748ac4ec4","Animalia","Chordata",NA,"Perciformes","Gerreidae","Eucinostomus","Eucinostomus melanopterus",NA,"SPECIES","Eucinostomus melanopterus (Bleeker, 1863)","Eucinostomus melanopterus","","MR","Banc d'Arguin National Park","","PRESENT",NA,"b94c4428-77c1-47e0-a8c2-2b08228d8dd8",20.035833,-16.375833,NA,NA,NA,NA,NA,NA,"2022-12-03",3,12,2022,2369483,2369483,"HUMAN_OBSERVATION","","","","","",NA,"CC0_1_0","","","",NA,2025-02-27 20:42:12.458,"","COORDINATE_ROUNDED"
4848043415,"e5c183ea-9aab-4fd1-a07b-3fbe18fcbe4c","banc-darguin-ccmar-2023:occurrence:8074f83c86e8838473c48d1a4ae19633","Animalia","Chordata",NA,"Perciformes","Gerreidae","Eucinostomus","Eucinostomus melanopterus",NA,"SPECIES","Eucinostomus melanopterus (Bleeker, 1863)","Eucinostomus melanopterus","","MR","Banc d'Arguin National Park","","PRESENT",NA,"b94c4428-77c1-47e0-a8c2-2b08228d8dd8",20.110278,-16.478333,NA,NA,NA,NA,NA,NA,"2022-12-03",3,12,2022,2369483,2369483,"HUMAN_OBSERVATION","","","","","",NA,"CC0_1_0","","","",NA,2025-02-27 20:42:12.911,"","COORDINATE_ROUNDED"
4848043405,"e5c183ea-9aab-4fd1-a07b-3fbe18fcbe4c","banc-darguin-ccmar-2023:occurrence:aa536c2688dfe6a486d53256fdffa9ec","Animalia","Chordata",NA,"Perciformes","Gerreidae","Eucinostomus","Eucinostomus melanopterus",NA,"SPECIES","Eucinostomus melanopterus (Bleeker, 1863)","Eucinostomus melanopterus","","MR","Banc d'Arguin National Park","","PRESENT",NA,"b94c4428-77c1-47e0-a8c2-2b08228d8dd8",20.129167,-16.480833,NA,NA,NA,NA,NA,NA,"2022-12-03",3,12,2022,2369483,2369483,"HUMAN_OBSERVATION","","","","","",NA,"CC0_1_0","","","",NA,2025-02-27 20:42:12.91,"","COORDINATE_ROUNDED"
4848042945,"e5c183ea-9aab-4fd1-a07b-3fbe18fcbe4c","banc-darguin-ccmar-2023:occurrence:8f477a395a529556e790138231b86cbb","Animalia","Chordata",NA,"Perciformes","Gerreidae","Eucinostomus","Eucinostomus melanopterus",NA,"SPECIES","Eucinostomus melanopterus (Bleeker, 1863)","Eucinostomus melanopterus","","MR","Banc d'Arguin National Park","","PRESENT",NA,"b94c4428-77c1-47e0-a8c2-2b08228d8dd8",19.573889,-16.504722,NA,NA,NA,NA,NA,NA,"2022-12-04",4,12,2022,2369483,2369483,"HUMAN_OBSERVATION","","","","","",NA,"CC0_1_0","","","",NA,2025-02-27 20:42:12.808,"","COORDINATE_ROUNDED"
4848042708,"e5c183ea-9aab-4fd1-a07b-3fbe18fcbe4c","banc-darguin-ccmar-2023:occurrence:095603f467a9d926017d670e12b75afd","Animalia","Chordata",NA,"Perciformes","Gerreidae","Eucinostomus","Eucinostomus melanopterus",NA,"SPECIES","Eucinostomus melanopterus (Bleeker, 1863)","Eucinostomus melanopterus","","MR","Banc d'Arguin National Park","","PRESENT",NA,"b94c4428-77c1-47e0-a8c2-2b08228d8dd8",20.080556,-16.445278,NA,NA,NA,NA,NA,NA,"2022-12-03",3,12,2022,2369483,2369483,"HUMAN_OBSERVATION","","","","","",NA,"CC0_1_0","","","",NA,2025-02-27 20:42:12.043,"","COORDINATE_ROUNDED"
4848041894,"e5c183ea-9aab-4fd1-a07b-3fbe18fcbe4c","banc-darguin-ccmar-2023:occurrence:e77deecfca69155283c8e15c555a558a","Animalia","Chordata",NA,"Perciformes","Gerreidae","Eucinostomus","Eucinostomus melanopterus",NA,"SPECIES","Eucinostomus melanopterus (Bleeker, 1863)","Eucinostomus melanopterus","","MR","Banc d'Arguin National Park","","PRESENT",NA,"b94c4428-77c1-47e0-a8c2-2b08228d8dd8",19.865583,-16.374767,NA,NA,NA,NA,NA,NA,"2023-12-08",8,12,2023,2369483,2369483,"HUMAN_OBSERVATION","","","","","",NA,"CC0_1_0","","","",NA,2025-02-27 20:42:11.495,"","CONTINENT_DERIVED_FROM_COORDINATES"
4848041561,"e5c183ea-9aab-4fd1-a07b-3fbe18fcbe4c","banc-darguin-ccmar-2023:occurrence:b0b87be2dba479b2f8355f0a78f1a913","Animalia","Chordata",NA,"Perciformes","Gerreidae","Eucinostomus","Eucinostomus melanopterus",NA,"SPECIES","Eucinostomus melanopterus (Bleeker, 1863)","Eucinostomus melanopterus","","MR","Banc d'Arguin National Park","","PRESENT",NA,"b94c4428-77c1-47e0-a8c2-2b08228d8dd8",20.099167,-16.461667,NA,NA,NA,NA,NA,NA,"2022-12-03",3,12,2022,2369483,2369483,"HUMAN_OBSERVATION","","","","","",NA,"CC0_1_0","","","",NA,2025-02-27 20:42:11.331,"","COORDINATE_ROUNDED"
4600173547,"50c9509d-22c7-4a22-a47d-8c48425ef4a7","https://www.inaturalist.org/observations/203498549","Animalia","Chordata",NA,"Perciformes","Gerreidae","Eucinostomus","Eucinostomus melanopterus",NA,"SPECIES","Eucinostomus melanopterus (Bleeker, 1863)","Eucinostomus melanopterus","","MQ","","Le Marin","PRESENT",NA,"28eb1a3f-1c15-4a95-931a-4af90ecb574d",14.431806,-60.826656,4,NA,NA,NA,NA,NA,"2024-03-21T18:23",21,3,2024,2369483,2369483,"HUMAN_OBSERVATION","iNaturalist","Observations","203498549","","Pauline Walsh Jacobson",2024-03-23 19:17:52,"CC_BY_NC_4_0","Daniel PINELLI","Daniel PINELLI","",NA,2025-06-07 00:01:39.784,"StillImage","COORDINATE_ROUNDED;CONTINENT_DERIVED_FROM_COORDINATES;TAXON_MATCH_TAXON_ID_IGNORED"
4597258610,"50c9509d-22c7-4a22-a47d-8c48425ef4a7","https://www.inaturalist.org/observations/197889001","Animalia","Chordata",NA,"Perciformes","Gerreidae","Eucinostomus","Eucinostomus melanopterus",NA,"SPECIES","Eucinostomus melanopterus (Bleeker, 1863)","Eucinostomus melanopterus","","US","","Louisiana","PRESENT",NA,"28eb1a3f-1c15-4a95-931a-4af90ecb574d",29.062862,-90.828797,6794,NA,NA,NA,NA,NA,"2022-10-05T11:54:12",5,10,2022,2369483,2369483,"HUMAN_OBSERVATION","iNaturalist","Observations","197889001","","Dylan Landry",2024-01-29 14:04:33,"CC_BY_NC_4_0","Dylan Landry","Dylan Landry","",NA,2025-06-07 01:54:38.229,"StillImage","COORDINATE_ROUNDED;CONTINENT_DERIVED_FROM_COORDINATES;TAXON_MATCH_TAXON_ID_IGNORED"
4525231207,"50c9509d-22c7-4a22-a47d-8c48425ef4a7","https://www.inaturalist.org/observations/199673417","Animalia","Chordata",NA,"Perciformes","Gerreidae","Eucinostomus","Eucinostomus melanopterus",NA,"SPECIES","Eucinostomus melanopterus (Bleeker, 1863)","Eucinostomus melanopterus","","PR","","Barceloneta","PRESENT",NA,"28eb1a3f-1c15-4a95-931a-4af90ecb574d",18.479776,-66.535024,22,NA,NA,NA,NA,NA,"2024-02-17T17:35:12",17,2,2024,2369483,2369483,"HUMAN_OBSERVATION","iNaturalist","Observations","199673417","","IHUNTA",2024-02-18 14:12:05,"CC_BY_NC_4_0","IHUNTA","IHUNTA","",NA,2025-06-07 01:57:53.843,"StillImage","COORDINATE_ROUNDED;CONTINENT_DERIVED_FROM_COORDINATES;TAXON_MATCH_TAXON_ID_IGNORED"
4522624514,"50c9509d-22c7-4a22-a47d-8c48425ef4a7","https://www.inaturalist.org/observations/198606380","Animalia","Chordata",NA,"Perciformes","Gerreidae","Eucinostomus","Eucinostomus melanopterus",NA,"SPECIES","Eucinostomus melanopterus (Bleeker, 1863)","Eucinostomus melanopterus","","AG","","Saint Philip","PRESENT",NA,"28eb1a3f-1c15-4a95-931a-4af90ecb574d",17.067239,-61.669585,61,NA,NA,NA,NA,NA,"2024-01-30T07:56",30,1,2024,2369483,2369483,"HUMAN_OBSERVATION","iNaturalist","Observations","198606380","","imcote",2024-02-06 23:32:23,"CC_BY_NC_4_0","imcote","imcote","",NA,2025-06-07 00:50:48.794,"StillImage","COORDINATE_ROUNDED;CONTINENT_DERIVED_FROM_COORDINATES;TAXON_MATCH_TAXON_ID_IGNORED"
4458697700,"50c9509d-22c7-4a22-a47d-8c48425ef4a7","https://www.inaturalist.org/observations/192860184","Animalia","Chordata",NA,"Perciformes","Gerreidae","Eucinostomus","Eucinostomus melanopterus",NA,"SPECIES","Eucinostomus melanopterus (Bleeker, 1863)","Eucinostomus melanopterus","","US","","Florida","PRESENT",NA,"28eb1a3f-1c15-4a95-931a-4af90ecb574d",28.408291,-80.587526,NA,NA,NA,NA,NA,NA,"2023-06-15T13:29:14",15,6,2023,2369483,2369483,"HUMAN_OBSERVATION","iNaturalist","Observations","192860184","","bgmooaz123",2023-12-02 21:59:24,"CC_BY_NC_4_0","bgmooaz123","bgmooaz123","",NA,2025-06-07 00:03:38.004,"StillImage","COORDINATE_ROUNDED;CONTINENT_DERIVED_FROM_COORDINATES;TAXON_MATCH_TAXON_ID_IGNORED"
4430422113,"50c9509d-22c7-4a22-a47d-8c48425ef4a7","https://www.inaturalist.org/observations/146158794","Animalia","Chordata",NA,"Perciformes","Gerreidae","Eucinostomus","Eucinostomus melanopterus",NA,"SPECIES","Eucinostomus melanopterus (Bleeker, 1863)","Eucinostomus melanopterus","","MR","","Dakhlet Nouadhibou","PRESENT",NA,"28eb1a3f-1c15-4a95-931a-4af90ecb574d",19.868395,-16.300259,501,NA,NA,NA,NA,NA,"2022-11-26T08:50:24Z",26,11,2022,2369483,2369483,"HUMAN_OBSERVATION","iNaturalist","Observations","146158794","","Emanuele Santarelli",2023-01-09 14:04:49,"CC_BY_NC_4_0","Ester Serrao","Ester Serrao","",NA,2025-06-07 01:32:20.12,"StillImage","COORDINATE_ROUNDED;CONTINENT_DERIVED_FROM_COORDINATES;TAXON_MATCH_TAXON_ID_IGNORED"
4430409316,"50c9509d-22c7-4a22-a47d-8c48425ef4a7","https://www.inaturalist.org/observations/10065794","Animalia","Chordata",NA,"Perciformes","Gerreidae","Eucinostomus","Eucinostomus melanopterus",NA,"SPECIES","Eucinostomus melanopterus (Bleeker, 1863)","Eucinostomus melanopterus","","US","","Texas","PRESENT",NA,"28eb1a3f-1c15-4a95-931a-4af90ecb574d",28.479672,-96.552255,30,NA,NA,NA,NA,NA,"2017-10-21",21,10,2017,2369483,2369483,"HUMAN_OBSERVATION","iNaturalist","Observations","10065794","","""Robert J. """"Bob"""" Nuelle, Jr. AICEZS""",2018-03-03 09:17:31,"CC_BY_NC_4_0","""Robert J. """"Bob"""" Nuelle, Jr. AICEZS""","""Robert J. """"Bob"""" Nuelle, Jr. AICEZS""","",NA,2025-06-07 00:28:59.822,"StillImage","CONTINENT_DERIVED_FROM_COORDINATES;TAXON_MATCH_TAXON_ID_IGNORED"
4430393655,"50c9509d-22c7-4a22-a47d-8c48425ef4a7","https://www.inaturalist.org/observations/93980726","Animalia","Chordata",NA,"Perciformes","Gerreidae","Eucinostomus","Eucinostomus melanopterus",NA,"SPECIES","Eucinostomus melanopterus (Bleeker, 1863)","Eucinostomus melanopterus","","CM","","Sud-Ouest","PRESENT",NA,"28eb1a3f-1c15-4a95-931a-4af90ecb574d",4.065896,9.024117,10,NA,NA,NA,NA,NA,"2021-08-23",23,8,2021,2369483,2369483,"HUMAN_OBSERVATION","iNaturalist","Observations","93980726","","Emanuele Santarelli",2021-09-09 20:19:06,"CC_BY_NC_4_0","Siren Sighting Network_AMMCO","Siren Sighting Network_AMMCO","",NA,2025-06-06 23:59:59.614,"","COORDINATE_ROUNDED;CONTINENT_DERIVED_FROM_COORDINATES;TAXON_MATCH_TAXON_ID_IGNORED"
4430386186,"50c9509d-22c7-4a22-a47d-8c48425ef4a7","https://www.inaturalist.org/observations/151435591","Animalia","Chordata",NA,"Perciformes","Gerreidae","Eucinostomus","Eucinostomus melanopterus",NA,"SPECIES","Eucinostomus melanopterus (Bleeker, 1863)","Eucinostomus melanopterus","","CU","","Guantánamo","PRESENT",NA,"28eb1a3f-1c15-4a95-931a-4af90ecb574d",20.299919,-74.295024,5,NA,NA,NA,NA,NA,"2023-03-13T10:52:48",13,3,2023,2369483,2369483,"HUMAN_OBSERVATION","iNaturalist","Observations","151435591","","Jay Brasher",2023-03-18 02:11:10,"CC_BY_4_0","Jacek Pietruszewski","Jacek Pietruszewski","",NA,2025-06-07 00:51:39.273,"StillImage","COORDINATE_ROUNDED;CONTINENT_DERIVED_FROM_COORDINATES;TAXON_MATCH_TAXON_ID_IGNORED"
4430385315,"50c9509d-22c7-4a22-a47d-8c48425ef4a7","https://www.inaturalist.org/observations/10273620","Animalia","Chordata",NA,"Perciformes","Gerreidae","Eucinostomus","Eucinostomus melanopterus",NA,"SPECIES","Eucinostomus melanopterus (Bleeker, 1863)","Eucinostomus melanopterus","","US","","Texas","PRESENT",NA,"28eb1a3f-1c15-4a95-931a-4af90ecb574d",28.503324,-96.485181,91,NA,NA,NA,NA,NA,"2016-11-04",4,11,2016,2369483,2369483,"HUMAN_OBSERVATION","iNaturalist","Observations","10273620","","""Robert J. """"Bob"""" Nuelle, Jr. AICEZS""",2018-03-17 16:16:51,"CC_BY_NC_4_0","""Robert J. """"Bob"""" Nuelle, Jr. AICEZS""","""Robert J. """"Bob"""" Nuelle, Jr. AICEZS""","",NA,2025-06-06 23:49:24.875,"StillImage","CONTINENT_DERIVED_FROM_COORDINATES;TAXON_MATCH_TAXON_ID_IGNORED"
4426801476,"045ddc91-b632-4805-a6e2-917f596c703c","banc_darguin-compain-2021:occurrence:7389623c82b67ff7371f69ce71ad897c","Animalia","Chordata",NA,"Perciformes","Gerreidae","Eucinostomus","Eucinostomus melanopterus",NA,"SPECIES","Eucinostomus melanopterus (Bleeker, 1863)","Eucinostomus melanopterus","","MR","Banc d'Arguin: Mamghar (baie saint jean) vegetation","","PRESENT",NA,"b94c4428-77c1-47e0-a8c2-2b08228d8dd8",19.419167,-16.373056,50,NA,NA,NA,NA,NA,"2020-12-01/2020-12-31",NA,12,2020,2369483,2369483,"HUMAN_OBSERVATION","","","","","",NA,"CC0_1_0","","","",NA,2025-01-31 17:10:57.881,"","CONTINENT_DERIVED_FROM_COORDINATES"
4426801452,"045ddc91-b632-4805-a6e2-917f596c703c","banc_darguin-compain-2021:occurrence:bce9ee683cd36cc3f5e2d18c5eaf5f5d","Animalia","Chordata",NA,"Perciformes","Gerreidae","Eucinostomus","Eucinostomus melanopterus",NA,"SPECIES","Eucinostomus melanopterus (Bleeker, 1863)","Eucinostomus melanopterus","","MR","Banc d'Arguin: Mamghar (mangrove) sand","","PRESENT",NA,"b94c4428-77c1-47e0-a8c2-2b08228d8dd8",19.371111,-16.531111,50,NA,NA,NA,NA,NA,"2020-12-01/2020-12-31",NA,12,2020,2369483,2369483,"HUMAN_OBSERVATION","","","","","",NA,"CC0_1_0","","","",NA,2025-01-31 17:10:57.834,"","CONTINENT_DERIVED_FROM_COORDINATES"
4426801390,"045ddc91-b632-4805-a6e2-917f596c703c","banc_darguin-compain-2021:occurrence:8056c06cba7b1a18a6b22bb9b2918170","Animalia","Chordata",NA,"Perciformes","Gerreidae","Eucinostomus","Eucinostomus melanopterus",NA,"SPECIES","Eucinostomus melanopterus (Bleeker, 1863)","Eucinostomus melanopterus","","MR","Banc d'Arguin: Kiji Vegetation","","PRESENT",NA,"b94c4428-77c1-47e0-a8c2-2b08228d8dd8",19.721944,-16.501389,50,NA,NA,NA,NA,NA,"2020-12-01/2020-12-31",NA,12,2020,2369483,2369483,"HUMAN_OBSERVATION","","","","","",NA,"CC0_1_0","","","",NA,2025-01-31 17:10:57.715,"","CONTINENT_DERIVED_FROM_COORDINATES"
4426801362,"045ddc91-b632-4805-a6e2-917f596c703c","banc_darguin-compain-2021:occurrence:ccabf06e90082773458c2f519c1f05a5","Animalia","Chordata",NA,"Perciformes","Gerreidae","Eucinostomus","Eucinostomus melanopterus",NA,"SPECIES","Eucinostomus melanopterus (Bleeker, 1863)","Eucinostomus melanopterus","","MR","Banc d'Arguin: Nair Vegetation","","PRESENT",NA,"b94c4428-77c1-47e0-a8c2-2b08228d8dd8",19.868611,-16.391389,50,NA,NA,NA,NA,NA,"2020-12-01/2020-12-31",NA,12,2020,2369483,2369483,"HUMAN_OBSERVATION","","","","","",NA,"CC0_1_0","","","",NA,2025-01-31 17:10:57.641,"","CONTINENT_DERIVED_FROM_COORDINATES"
4426801352,"045ddc91-b632-4805-a6e2-917f596c703c","banc_darguin-compain-2021:occurrence:c9fdba7570352f0b6aeb28c5130b5900","Animalia","Chordata",NA,"Perciformes","Gerreidae","Eucinostomus","Eucinostomus melanopterus",NA,"SPECIES","Eucinostomus melanopterus (Bleeker, 1863)","Eucinostomus melanopterus","","MR","Banc d'Arguin: Iwik (center) vegetation","","PRESENT",NA,"b94c4428-77c1-47e0-a8c2-2b08228d8dd8",19.883333,-16.292778,50,NA,NA,NA,NA,NA,"2020-04-01/2020-04-30",NA,4,2020,2369483,2369483,"HUMAN_OBSERVATION","","","","","",NA,"CC0_1_0","","","",NA,2025-01-31 17:10:57.619,"","CONTINENT_DERIVED_FROM_COORDINATES"
4424416741,"50c9509d-22c7-4a22-a47d-8c48425ef4a7","https://www.inaturalist.org/observations/186422189","Animalia","Chordata",NA,"Perciformes","Gerreidae","Eucinostomus","Eucinostomus melanopterus",NA,"SPECIES","Eucinostomus melanopterus (Bleeker, 1863)","Eucinostomus melanopterus","","US","","Texas","PRESENT",NA,"28eb1a3f-1c15-4a95-931a-4af90ecb574d",26.095352,-97.168179,8,NA,NA,NA,NA,NA,"2023-10-05T22:57",5,10,2023,2369483,2369483,"HUMAN_OBSERVATION","iNaturalist","Observations","186422189","","Adrian Torres B.",2023-10-06 16:31:10,"CC_BY_4_0","Adrian Torres B.","Adrian Torres B.","",NA,2025-06-07 01:55:21.957,"StillImage","COORDINATE_ROUNDED;CONTINENT_DERIVED_FROM_COORDINATES;TAXON_MATCH_TAXON_ID_IGNORED"
4414094531,"50c9509d-22c7-4a22-a47d-8c48425ef4a7","https://www.inaturalist.org/observations/183916159","Animalia","Chordata",NA,"Perciformes","Gerreidae","Eucinostomus","Eucinostomus melanopterus",NA,"SPECIES","Eucinostomus melanopterus (Bleeker, 1863)","Eucinostomus melanopterus","","US","","Maryland","PRESENT",NA,"28eb1a3f-1c15-4a95-931a-4af90ecb574d",38.286753,-75.137276,477,NA,NA,NA,NA,NA,"2023-09-17T01:15",17,9,2023,2369483,2369483,"HUMAN_OBSERVATION","iNaturalist","Observations","183916159","","Emilio Concari",2023-09-18 23:22:19,"CC_BY_NC_4_0","Emilio Concari","Emilio Concari","",NA,2025-06-07 01:22:27.174,"StillImage","COORDINATE_ROUNDED;CONTINENT_DERIVED_FROM_COORDINATES;TAXON_MATCH_TAXON_ID_IGNORED"
4171873280,"50c9509d-22c7-4a22-a47d-8c48425ef4a7","https://www.inaturalist.org/observations/176362378","Animalia","Chordata",NA,"Perciformes","Gerreidae","Eucinostomus","Eucinostomus melanopterus",NA,"SPECIES","Eucinostomus melanopterus (Bleeker, 1863)","Eucinostomus melanopterus","","US","","Texas","PRESENT",NA,"28eb1a3f-1c15-4a95-931a-4af90ecb574d",26.095773,-97.168459,543,NA,NA,NA,NA,NA,"2023-07-20T00:01:20",20,7,2023,2369483,2369483,"HUMAN_OBSERVATION","iNaturalist","Observations","176362378","","Adrian Torres B.",2023-08-03 00:40:46,"CC_BY_4_0","Adrian Torres B.","Adrian Torres B.","",NA,2025-06-07 00:44:53.519,"StillImage","COORDINATE_ROUNDED;CONTINENT_DERIVED_FROM_COORDINATES;TAXON_MATCH_TAXON_ID_IGNORED"
4137987002,"50c9509d-22c7-4a22-a47d-8c48425ef4a7","https://www.inaturalist.org/observations/168295825","Animalia","Chordata",NA,"Perciformes","Gerreidae","Eucinostomus","Eucinostomus melanopterus",NA,"SPECIES","Eucinostomus melanopterus (Bleeker, 1863)","Eucinostomus melanopterus","","MQ","","Fort-de-France","PRESENT",NA,"28eb1a3f-1c15-4a95-931a-4af90ecb574d",14.594451,-61.018146,31,NA,NA,NA,NA,NA,"2017-07-26T20:11",26,7,2017,2369483,2369483,"HUMAN_OBSERVATION","iNaturalist","Observations","168295825","","Thomas Menut",2023-06-19 14:14:35,"CC_BY_NC_4_0","Thomas Menut","Thomas Menut","",NA,2025-06-06 23:57:49.964,"StillImage","COORDINATE_ROUNDED;CONTINENT_DERIVED_FROM_COORDINATES;TAXON_MATCH_TAXON_ID_IGNORED"
4102790374,"50c9509d-22c7-4a22-a47d-8c48425ef4a7","https://www.inaturalist.org/observations/157519909","Animalia","Chordata",NA,"Perciformes","Gerreidae","Eucinostomus","Eucinostomus melanopterus",NA,"SPECIES","Eucinostomus melanopterus (Bleeker, 1863)","Eucinostomus melanopterus","","ST","","São Tomé","PRESENT",NA,"28eb1a3f-1c15-4a95-931a-4af90ecb574d",0.407578,6.609922,137,NA,NA,NA,NA,NA,"2022-03-19T20:47Z",19,3,2022,2369483,2369483,"HUMAN_OBSERVATION","iNaturalist","Observations","157519909","","Thomas Menut",2023-04-29 10:43:12,"CC_BY_NC_4_0","Thomas Menut","Thomas Menut","",NA,2025-06-07 01:35:52.731,"StillImage","COORDINATE_ROUNDED;CONTINENT_DERIVED_FROM_COORDINATES;TAXON_MATCH_TAXON_ID_IGNORED"
4080631952,"50c9509d-22c7-4a22-a47d-8c48425ef4a7","https://www.inaturalist.org/observations/153801032","Animalia","Chordata",NA,"Perciformes","Gerreidae","Eucinostomus","Eucinostomus melanopterus",NA,"SPECIES","Eucinostomus melanopterus (Bleeker, 1863)","Eucinostomus melanopterus","","BR","","São Paulo","PRESENT",NA,"28eb1a3f-1c15-4a95-931a-4af90ecb574d",-24.187459,-46.791805,163,NA,NA,NA,NA,NA,"2023-02-01T09:27:44",1,2,2023,2369483,2369483,"HUMAN_OBSERVATION","iNaturalist","Observations","153801032","","Felipe C. Balbino Santos",2023-04-07 12:45:44,"CC_BY_NC_4_0","Felipe C. Balbino Santos","Felipe C. Balbino Santos","",NA,2025-06-06 23:59:15.613,"StillImage","COORDINATE_ROUNDED;CONTINENT_DERIVED_FROM_COORDINATES;TAXON_MATCH_TAXON_ID_IGNORED"
4075714973,"50c9509d-22c7-4a22-a47d-8c48425ef4a7","https://www.inaturalist.org/observations/151734328","Animalia","Chordata",NA,"Perciformes","Gerreidae","Eucinostomus","Eucinostomus melanopterus",NA,"SPECIES","Eucinostomus melanopterus (Bleeker, 1863)","Eucinostomus melanopterus","","US","","Florida","PRESENT",NA,"28eb1a3f-1c15-4a95-931a-4af90ecb574d",25.666565,-80.155494,2,NA,NA,NA,NA,NA,"2007-09-04T06:14",4,9,2007,2369483,2369483,"HUMAN_OBSERVATION","iNaturalist","Observations","151734328","","Livan",2023-03-20 15:29:48,"CC_BY_NC_4_0","Livan","Livan","",NA,2025-06-07 00:24:43.679,"StillImage","COORDINATE_ROUNDED;CONTINENT_DERIVED_FROM_COORDINATES;TAXON_MATCH_TAXON_ID_IGNORED"
4029145700,"50c9509d-22c7-4a22-a47d-8c48425ef4a7","https://www.inaturalist.org/observations/147860130","Animalia","Chordata",NA,"Perciformes","Gerreidae","Eucinostomus","Eucinostomus melanopterus",NA,"SPECIES","Eucinostomus melanopterus (Bleeker, 1863)","Eucinostomus melanopterus","","MQ","","Le Marin","PRESENT",NA,"28eb1a3f-1c15-4a95-931a-4af90ecb574d",14.525573,-61.092555,93,NA,NA,NA,NA,NA,"2023-01-15T16:18",15,1,2023,2369483,2369483,"HUMAN_OBSERVATION","iNaturalist","Observations","147860130","","Sue",2023-02-02 19:16:24,"CC_BY_NC_4_0","Erika Mitchell","Erika Mitchell","",NA,2025-06-07 02:53:55.178,"StillImage","COORDINATE_ROUNDED;CONTINENT_DERIVED_FROM_COORDINATES;TAXON_MATCH_TAXON_ID_IGNORED"
4029133893,"50c9509d-22c7-4a22-a47d-8c48425ef4a7","https://www.inaturalist.org/observations/147615707","Animalia","Chordata",NA,"Perciformes","Gerreidae","Eucinostomus","Eucinostomus melanopterus",NA,"SPECIES","Eucinostomus melanopterus (Bleeker, 1863)","Eucinostomus melanopterus","","ST","","São Tomé","PRESENT",NA,"28eb1a3f-1c15-4a95-931a-4af90ecb574d",0.106683,6.637072,4,NA,NA,NA,NA,NA,"2023-01-24T16:42:38Z",24,1,2023,2369483,2369483,"HUMAN_OBSERVATION","iNaturalist","Observations","147615707","","Emanuele Santarelli",2023-01-30 10:51:40,"CC_BY_NC_4_0","Ester Serrao","Ester Serrao","",NA,2025-06-07 00:44:19.408,"StillImage","COORDINATE_ROUNDED;CONTINENT_DERIVED_FROM_COORDINATES;TAXON_MATCH_TAXON_ID_IGNORED"
4029049013,"50c9509d-22c7-4a22-a47d-8c48425ef4a7","https://www.inaturalist.org/observations/147615852","Animalia","Chordata",NA,"Perciformes","Gerreidae","Eucinostomus","Eucinostomus melanopterus",NA,"SPECIES","Eucinostomus melanopterus (Bleeker, 1863)","Eucinostomus melanopterus","","ST","","São Tomé","PRESENT",NA,"28eb1a3f-1c15-4a95-931a-4af90ecb574d",0.10675,6.636547,4,NA,NA,NA,NA,NA,"2023-01-24T16:24:49Z",24,1,2023,2369483,2369483,"HUMAN_OBSERVATION","iNaturalist","Observations","147615852","","Ricardo Lima",2023-01-30 10:49:35,"CC_BY_NC_4_0","Ester Serrao","Ester Serrao","",NA,2025-06-07 01:08:28.793,"StillImage","COORDINATE_ROUNDED;CONTINENT_DERIVED_FROM_COORDINATES;TAXON_MATCH_TAXON_ID_IGNORED"
4028964158,"50c9509d-22c7-4a22-a47d-8c48425ef4a7","https://www.inaturalist.org/observations/147615843","Animalia","Chordata",NA,"Perciformes","Gerreidae","Eucinostomus","Eucinostomus melanopterus",NA,"SPECIES","Eucinostomus melanopterus (Bleeker, 1863)","Eucinostomus melanopterus","","ST","","São Tomé","PRESENT",NA,"28eb1a3f-1c15-4a95-931a-4af90ecb574d",0.10675,6.636533,4,NA,NA,NA,NA,NA,"2023-01-24T16:25:01Z",24,1,2023,2369483,2369483,"HUMAN_OBSERVATION","iNaturalist","Observations","147615843","","Emanuele Santarelli",2023-01-30 10:51:47,"CC_BY_NC_4_0","Ester Serrao","Ester Serrao","",NA,2025-06-07 00:59:10.628,"StillImage","COORDINATE_ROUNDED;CONTINENT_DERIVED_FROM_COORDINATES;TAXON_MATCH_TAXON_ID_IGNORED"
4022403907,"1c6b8a9f-5bd9-4358-9915-b7643779b03e","CNFDOB005715","Animalia","Chordata",NA,"Perciformes","Gerreidae","Eucinostomus","Eucinostomus melanopterus",NA,"SPECIES","Eucinostomus melanopterus (Bleeker, 1863)","Eucinostomus melanopterus","Bleeker, 1863","CI","Dabou","Dabou","PRESENT",NA,"a3250342-34a5-4101-8831-d1a136483952",5.247153,-4.443605,NA,NA,NA,NA,NA,NA,"2014-02-01",1,2,2014,2369483,2369483,"HUMAN_OBSERVATION","UFHB","UCJ","","","",NA,"CC_BY_4_0","","","",NA,2025-01-31 18:13:20.537,"","GEODETIC_DATUM_ASSUMED_WGS84;COORDINATE_PRECISION_INVALID"
4022403906,"1c6b8a9f-5bd9-4358-9915-b7643779b03e","CNFDOB005716","Animalia","Chordata",NA,"Perciformes","Gerreidae","Eucinostomus","Eucinostomus melanopterus",NA,"SPECIES","Eucinostomus melanopterus (Bleeker, 1863)","Eucinostomus melanopterus","Bleeker, 1863","CI","Jacqueville","Jacqueville","PRESENT",NA,"a3250342-34a5-4101-8831-d1a136483952",5.280355,-4.299935,NA,NA,NA,NA,NA,NA,"2014-02-01",1,2,2014,2369483,2369483,"HUMAN_OBSERVATION","UFHB","UCJ","","","",NA,"CC_BY_4_0","","","",NA,2025-01-31 18:13:20.536,"","GEODETIC_DATUM_ASSUMED_WGS84;COORDINATE_PRECISION_INVALID"
4022403790,"1c6b8a9f-5bd9-4358-9915-b7643779b03e","CNFDOB006531","Animalia","Chordata",NA,"Perciformes","Gerreidae","Eucinostomus","Eucinostomus melanopterus",NA,"SPECIES","Gerres melanopterus Bleeker, 1863","Gerres melanopterus","Bleeker, 1863","CI","Sogon","District d'Abidjan","PRESENT",NA,"a3250342-34a5-4101-8831-d1a136483952",5.220833,-3.813333,NA,NA,NA,NA,NA,NA,"2015-02-01",1,2,2015,2369486,2369483,"HUMAN_OBSERVATION","UFHB","UCJ","","","",NA,"CC_BY_4_0","","CNF-UFHB","",NA,2025-01-31 18:13:20.503,"","COORDINATE_ROUNDED;GEODETIC_DATUM_ASSUMED_WGS84"
4022402716,"1c6b8a9f-5bd9-4358-9915-b7643779b03e","CNFDOB006084","Animalia","Chordata",NA,"Perciformes","Gerreidae","Eucinostomus","Eucinostomus melanopterus",NA,"SPECIES","Eucinostomus melanopterus (Bleeker, 1863)","Eucinostomus melanopterus","Bleeker, 1863","CI","","Sud-est de la Côte d'Ivoire","PRESENT",NA,"a3250342-34a5-4101-8831-d1a136483952",5.15,-2.916667,NA,NA,NA,NA,NA,NA,"2014-07-01",1,7,2014,2369483,2369483,"HUMAN_OBSERVATION","UJLOG","UCJ","","","",NA,"CC_BY_4_0","","","",NA,2025-01-31 18:13:20.145,"","COORDINATE_ROUNDED;GEODETIC_DATUM_ASSUMED_WGS84"
4022402715,"1c6b8a9f-5bd9-4358-9915-b7643779b03e","CNFDOB006085","Animalia","Chordata",NA,"Perciformes","Gerreidae","Eucinostomus","Eucinostomus melanopterus",NA,"SPECIES","Eucinostomus melanopterus (Bleeker, 1863)","Eucinostomus melanopterus","Bleeker, 1863","CI","","Sud-est de la Côte d'Ivoire","PRESENT",NA,"a3250342-34a5-4101-8831-d1a136483952",5.131667,-3.0825,NA,NA,NA,NA,NA,NA,"2014-07-01",1,7,2014,2369483,2369483,"HUMAN_OBSERVATION","UJLOG","UCJ","","","",NA,"CC_BY_4_0","","","",NA,2025-01-31 18:13:20.145,"","COORDINATE_ROUNDED;GEODETIC_DATUM_ASSUMED_WGS84"
4022402713,"1c6b8a9f-5bd9-4358-9915-b7643779b03e","CNFDOB006083","Animalia","Chordata",NA,"Perciformes","Gerreidae","Eucinostomus","Eucinostomus melanopterus",NA,"SPECIES","Eucinostomus melanopterus (Bleeker, 1863)","Eucinostomus melanopterus","Bleeker, 1863","CI","Aby","Aboisso","PRESENT",NA,"a3250342-34a5-4101-8831-d1a136483952",5.3,-3.166667,NA,NA,NA,NA,NA,NA,"2014-07-01",1,7,2014,2369483,2369483,"HUMAN_OBSERVATION","UJLOG","UCJ","","","",NA,"CC_BY_4_0","","","",NA,2025-01-31 18:13:20.145,"","COORDINATE_ROUNDED;GEODETIC_DATUM_ASSUMED_WGS84"
4022402482,"1c6b8a9f-5bd9-4358-9915-b7643779b03e","CNFDOB005127","Animalia","Chordata",NA,"Perciformes","Gerreidae","Eucinostomus","Eucinostomus melanopterus",NA,"SPECIES","Gerres melanopterus Bleeker, 1863","Gerres melanopterus","Bleeker, 1863","CI","Côte d'Ivoire","Côte d'Ivoire","PRESENT",NA,"a3250342-34a5-4101-8831-d1a136483952",7.15,-5.59,NA,NA,NA,NA,NA,NA,"2008-10-01",1,10,2008,2369486,2369483,"HUMAN_OBSERVATION","UFHB","UCJ","","","",NA,"CC_BY_4_0","","","",NA,2025-01-31 18:13:20.061,"","GEODETIC_DATUM_ASSUMED_WGS84"
4018241189,"50c9509d-22c7-4a22-a47d-8c48425ef4a7","https://www.inaturalist.org/observations/146522536","Animalia","Chordata",NA,"Perciformes","Gerreidae","Eucinostomus","Eucinostomus melanopterus",NA,"SPECIES","Eucinostomus melanopterus (Bleeker, 1863)","Eucinostomus melanopterus","","US","","Florida","PRESENT",NA,"28eb1a3f-1c15-4a95-931a-4af90ecb574d",26.893329,-80.055546,22,NA,NA,NA,NA,NA,"2022-02-03T16:32:19",3,2,2022,2369483,2369483,"HUMAN_OBSERVATION","iNaturalist","Observations","146522536","","IHUNTA",2023-01-14 11:09:37,"CC_BY_NC_4_0","IHUNTA","IHUNTA","",NA,2025-06-07 00:20:30.81,"StillImage","COORDINATE_ROUNDED;CONTINENT_DERIVED_FROM_COORDINATES;TAXON_MATCH_TAXON_ID_IGNORED"
3986267304,"50c9509d-22c7-4a22-a47d-8c48425ef4a7","https://www.inaturalist.org/observations/142281915","Animalia","Chordata",NA,"Perciformes","Gerreidae","Eucinostomus","Eucinostomus melanopterus",NA,"SPECIES","Eucinostomus melanopterus (Bleeker, 1863)","Eucinostomus melanopterus","","MR","","Inchiri","PRESENT",NA,"28eb1a3f-1c15-4a95-931a-4af90ecb574d",19.397344,-16.506592,1552,NA,NA,NA,NA,NA,"2020-12-13T09:07:16Z",13,12,2020,2369483,2369483,"HUMAN_OBSERVATION","iNaturalist","Observations","142281915","","Emanuele Santarelli",2022-11-18 23:35:12,"CC_BY_NC_4_0","Ester Serrao","Ester Serrao","",NA,2025-06-07 00:26:40.799,"StillImage","COORDINATE_ROUNDED;CONTINENT_DERIVED_FROM_COORDINATES;TAXON_MATCH_TAXON_ID_IGNORED"
3986079117,"50c9509d-22c7-4a22-a47d-8c48425ef4a7","https://www.inaturalist.org/observations/142181053","Animalia","Chordata",NA,"Perciformes","Gerreidae","Eucinostomus","Eucinostomus melanopterus",NA,"SPECIES","Eucinostomus melanopterus (Bleeker, 1863)","Eucinostomus melanopterus","","JM","","Saint Ann","PRESENT",NA,"28eb1a3f-1c15-4a95-931a-4af90ecb574d",18.434661,-77.167963,110,NA,NA,NA,NA,NA,"2022-11-16T13:10",16,11,2022,2369483,2369483,"HUMAN_OBSERVATION","iNaturalist","Observations","142181053","","Sheldon Logan",2022-11-16 23:52:13,"CC_BY_NC_4_0","Sheldon Logan","Sheldon Logan","",NA,2025-06-07 00:56:38.318,"StillImage","COORDINATE_ROUNDED;CONTINENT_DERIVED_FROM_COORDINATES;TAXON_MATCH_TAXON_ID_IGNORED"
3985749295,"50c9509d-22c7-4a22-a47d-8c48425ef4a7","https://www.inaturalist.org/observations/142281901","Animalia","Chordata",NA,"Perciformes","Gerreidae","Eucinostomus","Eucinostomus melanopterus",NA,"SPECIES","Eucinostomus melanopterus (Bleeker, 1863)","Eucinostomus melanopterus","","MR","","Inchiri","PRESENT",NA,"28eb1a3f-1c15-4a95-931a-4af90ecb574d",19.376226,-16.449142,2159,NA,NA,NA,NA,NA,"2020-12-12T23:03:07Z",12,12,2020,2369483,2369483,"HUMAN_OBSERVATION","iNaturalist","Observations","142281901","","Emanuele Santarelli",2022-11-18 23:35:01,"CC_BY_NC_4_0","Ester Serrao","Ester Serrao","",NA,2025-06-07 00:14:19.269,"StillImage","COORDINATE_ROUNDED;CONTINENT_DERIVED_FROM_COORDINATES;TAXON_MATCH_TAXON_ID_IGNORED"
3985633210,"50c9509d-22c7-4a22-a47d-8c48425ef4a7","https://www.inaturalist.org/observations/142281911","Animalia","Chordata",NA,"Perciformes","Gerreidae","Eucinostomus","Eucinostomus melanopterus",NA,"SPECIES","Eucinostomus melanopterus (Bleeker, 1863)","Eucinostomus melanopterus","","MR","","Inchiri","PRESENT",NA,"28eb1a3f-1c15-4a95-931a-4af90ecb574d",19.400642,-16.413531,2631,NA,NA,NA,NA,NA,"2020-12-12T23:01:08Z",12,12,2020,2369483,2369483,"HUMAN_OBSERVATION","iNaturalist","Observations","142281911","","Emanuele Santarelli",2022-11-18 23:35:05,"CC_BY_NC_4_0","Ester Serrao","Ester Serrao","",NA,2025-06-07 00:27:12.403,"StillImage","COORDINATE_ROUNDED;CONTINENT_DERIVED_FROM_COORDINATES;TAXON_MATCH_TAXON_ID_IGNORED"
3903492192,"50c9509d-22c7-4a22-a47d-8c48425ef4a7","https://www.inaturalist.org/observations/133831785","Animalia","Chordata",NA,"Perciformes","Gerreidae","Eucinostomus","Eucinostomus melanopterus",NA,"SPECIES","Eucinostomus melanopterus (Bleeker, 1863)","Eucinostomus melanopterus","","JM","","Saint Ann","PRESENT",NA,"28eb1a3f-1c15-4a95-931a-4af90ecb574d",18.434466,-77.166734,244,NA,NA,NA,NA,NA,"2022-09-05T08:38",5,9,2022,2369483,2369483,"HUMAN_OBSERVATION","iNaturalist","Observations","133831785","","Sheldon Logan",2022-09-05 21:54:27,"CC_BY_NC_4_0","Sheldon Logan","Sheldon Logan","",NA,2025-06-07 00:35:58.383,"StillImage","COORDINATE_ROUNDED;CONTINENT_DERIVED_FROM_COORDINATES;TAXON_MATCH_TAXON_ID_IGNORED"
3903479689,"50c9509d-22c7-4a22-a47d-8c48425ef4a7","https://www.inaturalist.org/observations/134012011","Animalia","Chordata",NA,"Perciformes","Gerreidae","Eucinostomus","Eucinostomus melanopterus",NA,"SPECIES","Eucinostomus melanopterus (Bleeker, 1863)","Eucinostomus melanopterus","","GA","","Estuaire","PRESENT",NA,"28eb1a3f-1c15-4a95-931a-4af90ecb574d",0.560555,9.308349,19,NA,NA,NA,NA,NA,"2017-11-24T23:39",24,11,2017,2369483,2369483,"HUMAN_OBSERVATION","iNaturalist","Observations","134012011","","Thomas Menut",2022-09-07 07:47:18,"CC_BY_NC_4_0","Thomas Menut","Thomas Menut","",NA,2025-06-07 00:42:10.459,"StillImage","COORDINATE_ROUNDED;CONTINENT_DERIVED_FROM_COORDINATES;TAXON_MATCH_TAXON_ID_IGNORED"
3873830449,"50c9509d-22c7-4a22-a47d-8c48425ef4a7","https://www.inaturalist.org/observations/126149723","Animalia","Chordata",NA,"Perciformes","Gerreidae","Eucinostomus","Eucinostomus melanopterus",NA,"SPECIES","Eucinostomus melanopterus (Bleeker, 1863)","Eucinostomus melanopterus","","GA","","Ogooué-Maritime","PRESENT",NA,"28eb1a3f-1c15-4a95-931a-4af90ecb574d",-2.256017,9.585633,32,NA,NA,NA,NA,NA,"2022-07-07T15:42:58",7,7,2022,2369483,2369483,"HUMAN_OBSERVATION","iNaturalist","Observations","126149723","","Emanuele Santarelli",2022-07-15 09:28:41,"CC_BY_NC_4_0","joe_cutler","joe_cutler","",NA,2025-06-07 02:47:05.317,"StillImage","COORDINATE_ROUNDED;CONTINENT_DERIVED_FROM_COORDINATES;TAXON_MATCH_TAXON_ID_IGNORED"
3872970625,"50c9509d-22c7-4a22-a47d-8c48425ef4a7","https://www.inaturalist.org/observations/116774588","Animalia","Chordata",NA,"Perciformes","Gerreidae","Eucinostomus","Eucinostomus melanopterus",NA,"SPECIES","Eucinostomus melanopterus (Bleeker, 1863)","Eucinostomus melanopterus","","SN","","Fatick","PRESENT",NA,"28eb1a3f-1c15-4a95-931a-4af90ecb574d",13.774175,-16.645345,4,NA,NA,NA,NA,NA,"2022-05-07T12:04:54Z",7,5,2022,2369483,2369483,"HUMAN_OBSERVATION","iNaturalist","Observations","116774588","","Emanuele Santarelli",2022-05-14 20:00:25,"CC_BY_NC_4_0","Ester Serrao","Ester Serrao","",NA,2025-06-07 01:20:05.503,"StillImage","CONTINENT_DERIVED_FROM_COORDINATES;TAXON_MATCH_TAXON_ID_IGNORED"
3872864670,"50c9509d-22c7-4a22-a47d-8c48425ef4a7","https://www.inaturalist.org/observations/121217679","Animalia","Chordata",NA,"Perciformes","Gerreidae","Eucinostomus","Eucinostomus melanopterus",NA,"SPECIES","Eucinostomus melanopterus (Bleeker, 1863)","Eucinostomus melanopterus","","SN","","Fatick","PRESENT",NA,"28eb1a3f-1c15-4a95-931a-4af90ecb574d",13.773447,-16.646063,4,NA,NA,NA,NA,NA,"2022-05-07T11:08:18Z",7,5,2022,2369483,2369483,"HUMAN_OBSERVATION","iNaturalist","Observations","121217679","","Emanuele Santarelli",2022-06-11 18:05:20,"CC_BY_NC_4_0","Ester Serrao","Ester Serrao","",NA,2025-06-07 01:54:14.271,"StillImage","COORDINATE_ROUNDED;CONTINENT_DERIVED_FROM_COORDINATES;TAXON_MATCH_TAXON_ID_IGNORED"
3863890095,"f83035bf-bcc7-45b1-87e6-ccd7d9922eed","NG:NCB:UL_SS_Coastal_Animals:0000731","Animalia","Chordata",NA,"Perciformes","Gerreidae","Eucinostomus","Eucinostomus melanopterus",NA,"SPECIES","Eucinostomus melanopterus (Bleeker, 1863)","Eucinostomus melanopterus (Bleeker, 1863)","(Bleeker, 1863)","NG","Andoni river sytem","Rivers","PRESENT",1,"bdee9e20-df5e-4ef8-a012-53d2e83010e4",4.4727,7.3826,NA,NA,NA,NA,NA,NA,"2013-01",NA,1,2013,2369483,2369483,"HUMAN_OBSERVATION","UNILAG","","","","Professor Francis D.Sikoki",NA,"CC_BY_4_0","","Professor Francis D.Sikoki","",NA,2025-02-01 02:18:40.554,"","GEODETIC_DATUM_ASSUMED_WGS84;OCCURRENCE_STATUS_INFERRED_FROM_INDIVIDUAL_COUNT"
3863887443,"47f75ea9-ad74-47ab-919a-b8c8d4f1fce3","NG:NCB:UL_SW_Coastal_Animals:0001619","Animalia","Chordata",NA,"Perciformes","Gerreidae","Eucinostomus","Eucinostomus melanopterus",NA,"SPECIES","Gerres melanopterus Bleeker, 1863","Gerres melanopterus Bleeker, 1863","(Bleeker, 1863)","NG","South west","Lagos","PRESENT",19,"bdee9e20-df5e-4ef8-a012-53d2e83010e4",6.399563,3.404522,NA,NA,NA,NA,NA,NA,"2006",NA,NA,2006,2369486,2369483,"HUMAN_OBSERVATION","","","","","Ayoola, S.O.;Kuton, M.P.",NA,"CC_BY_4_0","","Ayoola, S.O.;Kuton, M.P.","",NA,2025-01-31 20:11:19.044,"","COORDINATE_ROUNDED;GEODETIC_DATUM_ASSUMED_WGS84;OCCURRENCE_STATUS_INFERRED_FROM_INDIVIDUAL_COUNT"
3859261182,"50c9509d-22c7-4a22-a47d-8c48425ef4a7","https://www.inaturalist.org/observations/117807753","Animalia","Chordata",NA,"Perciformes","Gerreidae","Eucinostomus","Eucinostomus melanopterus",NA,"SPECIES","Eucinostomus melanopterus (Bleeker, 1863)","Eucinostomus melanopterus","","US","","Florida","PRESENT",NA,"28eb1a3f-1c15-4a95-931a-4af90ecb574d",26.89332,-80.055917,6,NA,NA,NA,NA,NA,"2022-05-19T19:28:33",19,5,2022,2369483,2369483,"HUMAN_OBSERVATION","iNaturalist","Observations","117807753","","Peter Wilson",2022-05-20 01:34:06,"CC_BY_NC_4_0","Peter Wilson","Peter Wilson","",NA,2025-06-07 01:33:08.555,"StillImage","COORDINATE_ROUNDED;CONTINENT_DERIVED_FROM_COORDINATES;TAXON_MATCH_TAXON_ID_IGNORED"
3842296474,"dbe6b75a-f18c-4b38-838c-046f1a7d430d","10ca5fc5-4a9f-4b40-8fe8-5319ce4479f8","Animalia","Chordata",NA,"Perciformes","Gerreidae","Eucinostomus","Eucinostomus melanopterus",NA,"SPECIES","Eucinostomus melanopterus (Bleeker, 1863)","Eucinostomus melanopterus (Bleeker, 1863)","","GP","","","PRESENT",NA,"1928bdf0-f5d2-11dc-8c12-b8a03c50a862",16.05111,-61.73798,5000,NA,-2.5,2.5,NA,NA,"2017-06-01/2017-08-31",NA,NA,2017,2369483,2369483,"HUMAN_OBSERVATION","","","","","NSP",NA,"CC_BY_4_0","","Bouchon Claude, Bouchon-Navaro Yolande, Samantha de Lavigne, Sébastien Cordonnier (NSP)","",NA,2025-02-01 01:31:01.991,"","COUNTRY_MISMATCH;CONTINENT_DERIVED_FROM_COORDINATES;TAXON_MATCH_TAXON_ID_IGNORED"
3842291476,"ce7c32b5-1263-4e9d-a88e-ab5a4ef3f98d","10ca5fc5-4a9f-4b40-8fe8-5319ce4479f8","Animalia","Chordata",NA,"Perciformes","Gerreidae","Eucinostomus","Eucinostomus melanopterus",NA,"SPECIES","Eucinostomus melanopterus (Bleeker, 1863)","Eucinostomus melanopterus (Bleeker, 1863)","","GP","","","PRESENT",NA,"1928bdf0-f5d2-11dc-8c12-b8a03c50a862",16.05111,-61.73798,5000,NA,-2.5,2.5,NA,NA,"2017-06-01/2017-08-31",NA,NA,2017,2369483,2369483,"HUMAN_OBSERVATION","","","","","NSP",NA,"CC_BY_4_0","","Bouchon Claude, Bouchon-Navaro Yolande, Samantha de Lavigne, Sébastien Cordonnier (NSP)","",NA,2025-02-01 01:08:59.066,"","COUNTRY_MISMATCH;CONTINENT_DERIVED_FROM_COORDINATES;TAXON_MATCH_TAXON_ID_IGNORED"
3842289476,"8d39acea-20e0-4986-8f84-d5cd528cf5d6","10ca5fc5-4a9f-4b40-8fe8-5319ce4479f8","Animalia","Chordata",NA,"Perciformes","Gerreidae","Eucinostomus","Eucinostomus melanopterus",NA,"SPECIES","Eucinostomus melanopterus (Bleeker, 1863)","Eucinostomus melanopterus (Bleeker, 1863)","","GP","","","PRESENT",NA,"1928bdf0-f5d2-11dc-8c12-b8a03c50a862",16.05111,-61.73798,5000,NA,-2.5,2.5,NA,NA,"2017-06-01/2017-08-31",NA,NA,2017,2369483,2369483,"HUMAN_OBSERVATION","","","","","NSP",NA,"CC_BY_4_0","","Bouchon Claude, Bouchon-Navaro Yolande, Samantha de Lavigne, Sébastien Cordonnier (NSP)","",NA,2025-01-31 23:11:42.901,"","COUNTRY_MISMATCH;CONTINENT_DERIVED_FROM_COORDINATES;TAXON_MATCH_TAXON_ID_IGNORED"
3842284474,"c2ccaa11-02ba-4cf2-8184-9721468c5c97","10ca5fc5-4a9f-4b40-8fe8-5319ce4479f8","Animalia","Chordata",NA,"Perciformes","Gerreidae","Eucinostomus","Eucinostomus melanopterus",NA,"SPECIES","Eucinostomus melanopterus (Bleeker, 1863)","Eucinostomus melanopterus (Bleeker, 1863)","","GP","","","PRESENT",NA,"1928bdf0-f5d2-11dc-8c12-b8a03c50a862",16.05111,-61.73798,5000,NA,-2.5,2.5,NA,NA,"2017-06-01/2017-08-31",NA,NA,2017,2369483,2369483,"HUMAN_OBSERVATION","","","","","NSP",NA,"CC_BY_4_0","","Bouchon Claude, Bouchon-Navaro Yolande, Samantha de Lavigne, Sébastien Cordonnier (NSP)","",NA,2025-02-01 00:49:13.327,"","COUNTRY_MISMATCH;CONTINENT_DERIVED_FROM_COORDINATES;TAXON_MATCH_TAXON_ID_IGNORED"
3813127942,"47f75ea9-ad74-47ab-919a-b8c8d4f1fce3","NG:NCB:UL_SW_Coastal_Animals:0000259","Animalia","Chordata",NA,"Perciformes","Gerreidae","Eucinostomus","Eucinostomus melanopterus",NA,"SPECIES","Eucinostomus melanopterus (Bleeker, 1863)","Eucinostomus melanopterus Bleeker","(Bleeker, 1863)","NG","Majidun Creek","Lagos","PRESENT",NA,"bdee9e20-df5e-4ef8-a012-53d2e83010e4",6.623837,3.468511,NA,NA,NA,NA,NA,NA,"2010",NA,NA,2010,2369483,2369483,"HUMAN_OBSERVATION","","","","","Esenowo IK;Ugwumba AA.",NA,"CC_BY_4_0","","Esenowo IK;Ugwumba AA.","",NA,2025-01-31 20:11:18.991,"","COORDINATE_ROUNDED;GEODETIC_DATUM_ASSUMED_WGS84"
3772931049,"50c9509d-22c7-4a22-a47d-8c48425ef4a7","https://www.inaturalist.org/observations/116345048","Animalia","Chordata",NA,"Perciformes","Gerreidae","Eucinostomus","Eucinostomus melanopterus",NA,"SPECIES","Eucinostomus melanopterus (Bleeker, 1863)","Eucinostomus melanopterus","","US","","Florida","PRESENT",NA,"28eb1a3f-1c15-4a95-931a-4af90ecb574d",27.067485,-80.11472,31,NA,NA,NA,NA,NA,"2022-05-07T10:17",7,5,2022,2369483,2369483,"HUMAN_OBSERVATION","iNaturalist","Observations","116345048","","Dominick Porcelli",2022-05-09 22:47:31,"CC_BY_NC_4_0","Dominick Porcelli","Dominick Porcelli","",NA,2025-06-07 02:45:34.739,"StillImage","COORDINATE_ROUNDED;CONTINENT_DERIVED_FROM_COORDINATES;TAXON_MATCH_TAXON_ID_IGNORED"
3764179026,"50c9509d-22c7-4a22-a47d-8c48425ef4a7","https://www.inaturalist.org/observations/112951921","Animalia","Chordata",NA,"Perciformes","Gerreidae","Eucinostomus","Eucinostomus melanopterus",NA,"SPECIES","Eucinostomus melanopterus (Bleeker, 1863)","Eucinostomus melanopterus","","CV","","São Miguel","PRESENT",NA,"28eb1a3f-1c15-4a95-931a-4af90ecb574d",15.206728,-23.600978,244,NA,NA,NA,NA,NA,"2015-10-26T18:34",26,10,2015,2369483,2369483,"HUMAN_OBSERVATION","iNaturalist","Observations","112951921","","Thomas Menut",2022-04-26 11:00:33,"CC_BY_NC_4_0","Thomas Menut","Thomas Menut","",NA,2025-06-07 01:30:58.108,"StillImage","COORDINATE_ROUNDED;CONTINENT_DERIVED_FROM_COORDINATES;TAXON_MATCH_TAXON_ID_IGNORED"
3759993339,"50c9509d-22c7-4a22-a47d-8c48425ef4a7","https://www.inaturalist.org/observations/110876661","Animalia","Chordata",NA,"Perciformes","Gerreidae","Eucinostomus","Eucinostomus melanopterus",NA,"SPECIES","Eucinostomus melanopterus (Bleeker, 1863)","Eucinostomus melanopterus","","US","","Florida","PRESENT",NA,"28eb1a3f-1c15-4a95-931a-4af90ecb574d",27.185682,-80.159177,357,NA,NA,NA,NA,NA,"2022-04-09T15:03:45",9,4,2022,2369483,2369483,"HUMAN_OBSERVATION","iNaturalist","Observations","110876661","","Christian Weston Chandler creator of Sonichu",2022-04-10 12:38:18,"CC_BY_NC_4_0","gslicer","gslicer","",NA,2025-06-07 00:23:01.193,"StillImage","COORDINATE_ROUNDED;CONTINENT_DERIVED_FROM_COORDINATES;TAXON_MATCH_TAXON_ID_IGNORED"
3747183184,"50c9509d-22c7-4a22-a47d-8c48425ef4a7","https://www.inaturalist.org/observations/109312707","Animalia","Chordata",NA,"Perciformes","Gerreidae","Eucinostomus","Eucinostomus melanopterus",NA,"SPECIES","Eucinostomus melanopterus (Bleeker, 1863)","Eucinostomus melanopterus","","ST","","São Tomé","PRESENT",NA,"28eb1a3f-1c15-4a95-931a-4af90ecb574d",0.40677,6.610882,15,NA,NA,NA,NA,NA,"2022-03-19T19:48",19,3,2022,2369483,2369483,"HUMAN_OBSERVATION","iNaturalist","Observations","109312707","","Xavier Rufray",2022-03-23 19:53:00,"CC_BY_NC_4_0","Xavier Rufray","Xavier Rufray","",NA,2025-06-07 01:48:16.645,"StillImage","COORDINATE_ROUNDED;CONTINENT_DERIVED_FROM_COORDINATES;TAXON_MATCH_TAXON_ID_IGNORED"
3743355452,"50c9509d-22c7-4a22-a47d-8c48425ef4a7","https://www.inaturalist.org/observations/108836471","Animalia","Chordata",NA,"Perciformes","Gerreidae","Eucinostomus","Eucinostomus melanopterus",NA,"SPECIES","Eucinostomus melanopterus (Bleeker, 1863)","Eucinostomus melanopterus","","JM","","Saint Ann","PRESENT",NA,"28eb1a3f-1c15-4a95-931a-4af90ecb574d",18.442322,-77.181358,244,NA,NA,NA,NA,NA,"2022-03-17T07:13",17,3,2022,2369483,2369483,"HUMAN_OBSERVATION","iNaturalist","Observations","108836471","","uconnbirdfish",2022-03-18 13:35:44,"CC_BY_NC_4_0","Sheldon Logan","Sheldon Logan","",NA,2025-06-07 01:57:18.421,"StillImage","COORDINATE_ROUNDED;CONTINENT_DERIVED_FROM_COORDINATES;TAXON_MATCH_TAXON_ID_IGNORED"
3698215614,"50c9509d-22c7-4a22-a47d-8c48425ef4a7","https://www.inaturalist.org/observations/107122847","Animalia","Chordata",NA,"Perciformes","Gerreidae","Eucinostomus","Eucinostomus melanopterus",NA,"SPECIES","Eucinostomus melanopterus (Bleeker, 1863)","Eucinostomus melanopterus","","US","","Florida","PRESENT",NA,"28eb1a3f-1c15-4a95-931a-4af90ecb574d",26.951785,-80.079243,6,NA,NA,NA,NA,NA,"2022-02-20T11:15:14",20,2,2022,2369483,2369483,"HUMAN_OBSERVATION","iNaturalist","Observations","107122847","","fredturt43",2022-02-20 18:59:29,"CC0_1_0","Theo Summer","Theo Summer","",NA,2025-06-07 02:37:37.052,"StillImage","COORDINATE_ROUNDED;CONTINENT_DERIVED_FROM_COORDINATES;TAXON_MATCH_TAXON_ID_IGNORED"
3455913601,"50c9509d-22c7-4a22-a47d-8c48425ef4a7","https://www.inaturalist.org/observations/104581643","Animalia","Chordata",NA,"Perciformes","Gerreidae","Eucinostomus","Eucinostomus melanopterus",NA,"SPECIES","Eucinostomus melanopterus (Bleeker, 1863)","Eucinostomus melanopterus","","CI","","Bas-Sassandra","PRESENT",NA,"28eb1a3f-1c15-4a95-931a-4af90ecb574d",4.786261,-6.646834,64,NA,NA,NA,NA,NA,"2021-05-29T13:41:40Z",29,5,2021,2369483,2369483,"HUMAN_OBSERVATION","iNaturalist","Observations","104581643","","David Kouman",2022-01-08 16:26:20,"CC_BY_NC_4_0","David Kouman","David Kouman","",NA,2025-06-07 01:23:04.342,"StillImage","COORDINATE_ROUNDED;CONTINENT_DERIVED_FROM_COORDINATES;TAXON_MATCH_TAXON_ID_IGNORED"
3447055363,"e5e8bc78-652e-4f13-81fb-58866002f82b","SanEsteban_IslaLarga_2007_Emelanopterus","Animalia","Chordata",NA,"Perciformes","Gerreidae","Eucinostomus","Eucinostomus melanopterus",NA,"SPECIES","Eucinostomus melanopterus (Bleeker, 1863)","Eucinostomus melanopterus","(Bleeker, 1863)","VE","Isla Larga, PN San Esteban","","PRESENT",NA,"1e9400fa-ce73-4737-9eaa-f25df148945c",10.486,-67.945,NA,NA,NA,NA,6.5,5.5,"2007",NA,NA,2007,2369483,2369483,"HUMAN_OBSERVATION","BiomacUC","","","","Jose Rodriguez",NA,"CC_BY_4_0","","Jose Rodriguez","",NA,2025-02-01 01:47:47.795,"",""
3419996392,"17aaf1d7-cc78-4a60-a60c-9d219e883ee7","PNMorrocoy_Boca_Seca_jun2014_T2_230","Animalia","Chordata",NA,"Perciformes","Gerreidae","Eucinostomus","Eucinostomus melanopterus",NA,"SPECIES","Eucinostomus melanopterus (Bleeker, 1863)","Eucinostomus melanopterus","","VE","","","PRESENT",NA,"1e9400fa-ce73-4737-9eaa-f25df148945c",10.832166,-68.238566,NA,NA,NA,NA,1,NA,"2014-06-17",17,6,2014,2369483,2369483,"HUMAN_OBSERVATION","Postgrado Ecología UCV","","","","Adriana López",NA,"CC_BY_4_0","","","",NA,2025-02-06 17:40:33.42,"","COORDINATE_ROUNDED"
3416230995,"50c9509d-22c7-4a22-a47d-8c48425ef4a7","https://www.inaturalist.org/observations/101877687","Animalia","Chordata",NA,"Perciformes","Gerreidae","Eucinostomus","Eucinostomus melanopterus",NA,"SPECIES","Eucinostomus melanopterus (Bleeker, 1863)","Eucinostomus melanopterus","","US","","Florida","PRESENT",NA,"28eb1a3f-1c15-4a95-931a-4af90ecb574d",24.825685,-80.813228,28,NA,NA,NA,NA,NA,"2021-11-16",16,11,2021,2369483,2369483,"HUMAN_OBSERVATION","iNaturalist","Observations","101877687","","Robby Deans",2021-11-25 13:05:46,"CC_BY_NC_4_0","Robby Deans","Robby Deans","",NA,2025-06-07 01:09:54.446,"StillImage","COORDINATE_ROUNDED;CONTINENT_DERIVED_FROM_COORDINATES;TAXON_MATCH_TAXON_ID_IGNORED"
3406332399,"9dc24de5-be12-44f9-ab75-c4b62492e8da","Station_123_Date_26SEP2006:12:07:00.000_Eucinostomus_melanopterus","Animalia","Chordata",NA,"Perciformes","Gerreidae","Eucinostomus","Eucinostomus melanopterus",NA,"SPECIES","Eucinostomus melanopterus (Bleeker, 1863)","Eucinostomus melanopterus","(Bleeker, 1863)","US","Upper Laguna Madre Estuary","Texas","PRESENT",NA,"c3ad790a-d426-4ac1-8e32-da61f81f0117",27.368333,-97.483056,100,NA,NA,NA,0.2,0.2,"2006-09-26T12:07",26,9,2006,2369483,2369483,"HUMAN_OBSERVATION","TPWD","Upper Laguna Madre Bag Seine","","","",NA,"CC0_1_0","","","",NA,2025-02-06 21:46:37.878,"","CONTINENT_DERIVED_FROM_COORDINATES"
3406329422,"9dc24de5-be12-44f9-ab75-c4b62492e8da","Station_98_Date_05NOV2008:11:27:00.000_Eucinostomus_melanopterus","Animalia","Chordata",NA,"Perciformes","Gerreidae","Eucinostomus","Eucinostomus melanopterus",NA,"SPECIES","Eucinostomus melanopterus (Bleeker, 1863)","Eucinostomus melanopterus","(Bleeker, 1863)","US","Upper Laguna Madre Estuary","Texas","PRESENT",NA,"c3ad790a-d426-4ac1-8e32-da61f81f0117",27.371111,-97.388611,100,NA,NA,NA,0.25,0.25,"2008-11-05T11:27",5,11,2008,2369483,2369483,"HUMAN_OBSERVATION","TPWD","Upper Laguna Madre Bag Seine","","","",NA,"CC0_1_0","","","",NA,2025-02-06 21:46:35.546,"","CONTINENT_DERIVED_FROM_COORDINATES"
3406326666,"9dc24de5-be12-44f9-ab75-c4b62492e8da","Station_264_Date_18OCT2005:16:19:00.000_Eucinostomus_melanopterus","Animalia","Chordata",NA,"Perciformes","Gerreidae","Eucinostomus","Eucinostomus melanopterus",NA,"SPECIES","Eucinostomus melanopterus (Bleeker, 1863)","Eucinostomus melanopterus","(Bleeker, 1863)","US","Upper Laguna Madre Estuary","Texas","PRESENT",NA,"c3ad790a-d426-4ac1-8e32-da61f81f0117",27.203889,-97.389722,100,NA,NA,NA,0.15,0.15,"2005-10-18T16:19",18,10,2005,2369483,2369483,"HUMAN_OBSERVATION","TPWD","Upper Laguna Madre Bag Seine","","","",NA,"CC0_1_0","","","",NA,2025-02-06 21:46:37.923,"","CONTINENT_DERIVED_FROM_COORDINATES"
3406325654,"9dc24de5-be12-44f9-ab75-c4b62492e8da","Station_267_Date_02DEC2008:14:52:00.000_Eucinostomus_melanopterus","Animalia","Chordata",NA,"Perciformes","Gerreidae","Eucinostomus","Eucinostomus melanopterus",NA,"SPECIES","Eucinostomus melanopterus (Bleeker, 1863)","Eucinostomus melanopterus","(Bleeker, 1863)","US","Upper Laguna Madre Estuary","Texas","PRESENT",NA,"c3ad790a-d426-4ac1-8e32-da61f81f0117",27.1975,-97.425,100,NA,NA,NA,0.2,0.2,"2008-12-02T14:52",2,12,2008,2369483,2369483,"HUMAN_OBSERVATION","TPWD","Upper Laguna Madre Bag Seine","","","",NA,"CC0_1_0","","","",NA,2025-02-06 21:46:37.528,"","CONTINENT_DERIVED_FROM_COORDINATES"
3406324342,"9dc24de5-be12-44f9-ab75-c4b62492e8da","Station_86_Date_03OCT2007:16:25:00.000_Eucinostomus_melanopterus","Animalia","Chordata",NA,"Perciformes","Gerreidae","Eucinostomus","Eucinostomus melanopterus",NA,"SPECIES","Eucinostomus melanopterus (Bleeker, 1863)","Eucinostomus melanopterus","(Bleeker, 1863)","US","Upper Laguna Madre Estuary","Texas","PRESENT",NA,"c3ad790a-d426-4ac1-8e32-da61f81f0117",27.439167,-97.3275,100,NA,NA,NA,0.5,0.1,"2007-10-03T16:25",3,10,2007,2369483,2369483,"HUMAN_OBSERVATION","TPWD","Upper Laguna Madre Bag Seine","","","",NA,"CC0_1_0","","","",NA,2025-02-06 21:46:37.639,"","CONTINENT_DERIVED_FROM_COORDINATES"
3406153497,"9dc24de5-be12-44f9-ab75-c4b62492e8da","Station_33_Date_16SEP2008:17:58:00.000_Eucinostomus_melanopterus","Animalia","Chordata",NA,"Perciformes","Gerreidae","Eucinostomus","Eucinostomus melanopterus",NA,"SPECIES","Eucinostomus melanopterus (Bleeker, 1863)","Eucinostomus melanopterus","(Bleeker, 1863)","US","Upper Laguna Madre Estuary","Texas","PRESENT",NA,"c3ad790a-d426-4ac1-8e32-da61f81f0117",27.6025,-97.29,100,NA,NA,NA,0.5,0.2,"2008-09-16T17:58",16,9,2008,2369483,2369483,"HUMAN_OBSERVATION","TPWD","Upper Laguna Madre Bag Seine","","","",NA,"CC0_1_0","","","",NA,2025-02-06 21:46:37.543,"","CONTINENT_DERIVED_FROM_COORDINATES"
3406152681,"9dc24de5-be12-44f9-ab75-c4b62492e8da","Station_279_Date_06DEC2005:14:25:00.000_Eucinostomus_melanopterus","Animalia","Chordata",NA,"Perciformes","Gerreidae","Eucinostomus","Eucinostomus melanopterus",NA,"SPECIES","Eucinostomus melanopterus (Bleeker, 1863)","Eucinostomus melanopterus","(Bleeker, 1863)","US","Upper Laguna Madre Estuary","Texas","PRESENT",NA,"c3ad790a-d426-4ac1-8e32-da61f81f0117",27.145556,-97.438611,100,NA,NA,NA,0.2,0.2,"2005-12-06T14:25",6,12,2005,2369483,2369483,"HUMAN_OBSERVATION","TPWD","Upper Laguna Madre Bag Seine","","","",NA,"CC0_1_0","","","",NA,2025-02-06 21:46:37.714,"","CONTINENT_DERIVED_FROM_COORDINATES"
3406152379,"9dc24de5-be12-44f9-ab75-c4b62492e8da","Station_81_Date_09NOV2006:11:01:00.000_Eucinostomus_melanopterus","Animalia","Chordata",NA,"Perciformes","Gerreidae","Eucinostomus","Eucinostomus melanopterus",NA,"SPECIES","Eucinostomus melanopterus (Bleeker, 1863)","Eucinostomus melanopterus","(Bleeker, 1863)","US","Upper Laguna Madre Estuary","Texas","PRESENT",NA,"c3ad790a-d426-4ac1-8e32-da61f81f0117",27.46,-97.326944,100,NA,NA,NA,0.15,0.15,"2006-11-09T11:01",9,11,2006,2369483,2369483,"HUMAN_OBSERVATION","TPWD","Upper Laguna Madre Bag Seine","","","",NA,"CC0_1_0","","","",NA,2025-02-06 21:46:37.637,"","CONTINENT_DERIVED_FROM_COORDINATES"
3406150831,"9dc24de5-be12-44f9-ab75-c4b62492e8da","Station_273_Date_02OCT2006:17:27:00.000_Eucinostomus_melanopterus","Animalia","Chordata",NA,"Perciformes","Gerreidae","Eucinostomus","Eucinostomus melanopterus",NA,"SPECIES","Eucinostomus melanopterus (Bleeker, 1863)","Eucinostomus melanopterus","(Bleeker, 1863)","US","Upper Laguna Madre Estuary","Texas","PRESENT",NA,"c3ad790a-d426-4ac1-8e32-da61f81f0117",27.172778,-97.401389,100,NA,NA,NA,0.15,0.15,"2006-10-02T17:27",2,10,2006,2369483,2369483,"HUMAN_OBSERVATION","TPWD","Upper Laguna Madre Bag Seine","","","",NA,"CC0_1_0","","","",NA,2025-02-06 21:46:37.528,"","CONTINENT_DERIVED_FROM_COORDINATES"
3406149456,"9dc24de5-be12-44f9-ab75-c4b62492e8da","Station_247_Date_13OCT2008:17:08:00.000_Eucinostomus_melanopterus","Animalia","Chordata",NA,"Perciformes","Gerreidae","Eucinostomus","Eucinostomus melanopterus",NA,"SPECIES","Eucinostomus melanopterus (Bleeker, 1863)","Eucinostomus melanopterus","(Bleeker, 1863)","US","Upper Laguna Madre Estuary","Texas","PRESENT",NA,"c3ad790a-d426-4ac1-8e32-da61f81f0117",27.249444,-97.487222,100,NA,NA,NA,0.25,0.25,"2008-10-13T17:08",13,10,2008,2369483,2369483,"HUMAN_OBSERVATION","TPWD","Upper Laguna Madre Bag Seine","","","",NA,"CC0_1_0","","","",NA,2025-02-06 21:46:35.587,"","CONTINENT_DERIVED_FROM_COORDINATES"
3406142666,"9dc24de5-be12-44f9-ab75-c4b62492e8da","Station_233_Date_06NOV2006:16:59:00.000_Eucinostomus_melanopterus","Animalia","Chordata",NA,"Perciformes","Gerreidae","Eucinostomus","Eucinostomus melanopterus",NA,"SPECIES","Eucinostomus melanopterus (Bleeker, 1863)","Eucinostomus melanopterus","(Bleeker, 1863)","US","Upper Laguna Madre Estuary","Texas","PRESENT",NA,"c3ad790a-d426-4ac1-8e32-da61f81f0117",27.263056,-97.436944,100,NA,NA,NA,0.3,0.1,"2006-11-06T16:59",6,11,2006,2369483,2369483,"HUMAN_OBSERVATION","TPWD","Upper Laguna Madre Bag Seine","","","",NA,"CC0_1_0","","","",NA,2025-02-06 21:46:37.518,"","CONTINENT_DERIVED_FROM_COORDINATES"
3406138178,"9dc24de5-be12-44f9-ab75-c4b62492e8da","Station_98_Date_18JUL2006:10:18:00.000_Eucinostomus_melanopterus","Animalia","Chordata",NA,"Perciformes","Gerreidae","Eucinostomus","Eucinostomus melanopterus",NA,"SPECIES","Eucinostomus melanopterus (Bleeker, 1863)","Eucinostomus melanopterus","(Bleeker, 1863)","US","Upper Laguna Madre Estuary","Texas","PRESENT",NA,"c3ad790a-d426-4ac1-8e32-da61f81f0117",27.373889,-97.386389,100,NA,NA,NA,0.35,0.05,"2006-07-18T10:18",18,7,2006,2369483,2369483,"HUMAN_OBSERVATION","TPWD","Upper Laguna Madre Bag Seine","","","",NA,"CC0_1_0","","","",NA,2025-02-06 21:46:37.645,"","CONTINENT_DERIVED_FROM_COORDINATES"
3406137618,"9dc24de5-be12-44f9-ab75-c4b62492e8da","Station_12_Date_07NOV2007:16:17:00.000_Eucinostomus_melanopterus","Animalia","Chordata",NA,"Perciformes","Gerreidae","Eucinostomus","Eucinostomus melanopterus",NA,"SPECIES","Eucinostomus melanopterus (Bleeker, 1863)","Eucinostomus melanopterus","(Bleeker, 1863)","US","Upper Laguna Madre Estuary","Texas","PRESENT",NA,"c3ad790a-d426-4ac1-8e32-da61f81f0117",27.6575,-97.274444,100,NA,NA,NA,0.35,0.25,"2007-11-07T16:17",7,11,2007,2369483,2369483,"HUMAN_OBSERVATION","TPWD","Upper Laguna Madre Bag Seine","","","",NA,"CC0_1_0","","","",NA,2025-02-06 21:46:37.484,"","CONTINENT_DERIVED_FROM_COORDINATES"
3404152856,"836204c6-f8ca-49f3-be9a-afbae64ae72c","Station_362_Date_14JUN2005:17:54:00.000_Eucinostomus_melanopterus","Animalia","Chordata",NA,"Perciformes","Gerreidae","Eucinostomus","Eucinostomus melanopterus",NA,"SPECIES","Eucinostomus melanopterus (Bleeker, 1863)","Eucinostomus melanopterus","(Bleeker, 1863)","US","Lower Laguna Madre Estuary","Texas","PRESENT",NA,"c3ad790a-d426-4ac1-8e32-da61f81f0117",26.065833,-97.163333,100,NA,NA,NA,0.2,0.2,"2005-06-14T17:54",14,6,2005,2369483,2369483,"HUMAN_OBSERVATION","TPWD","Lower Laguna Madre Bag Seine","","","",NA,"CC0_1_0","","","",NA,2025-02-06 20:42:41.873,"","CONTINENT_DERIVED_FROM_COORDINATES"
3404152655,"836204c6-f8ca-49f3-be9a-afbae64ae72c","Station_218_Date_08OCT2008:16:09:00.000_Eucinostomus_melanopterus","Animalia","Chordata",NA,"Perciformes","Gerreidae","Eucinostomus","Eucinostomus melanopterus",NA,"SPECIES","Eucinostomus melanopterus (Bleeker, 1863)","Eucinostomus melanopterus","(Bleeker, 1863)","US","Lower Laguna Madre Estuary","Texas","PRESENT",NA,"c3ad790a-d426-4ac1-8e32-da61f81f0117",26.303611,-97.2975,100,NA,NA,NA,0.15,0.15,"2008-10-08T16:09",8,10,2008,2369483,2369483,"HUMAN_OBSERVATION","TPWD","Lower Laguna Madre Bag Seine","","","",NA,"CC0_1_0","","","",NA,2025-02-06 20:42:41.815,"","CONTINENT_DERIVED_FROM_COORDINATES"
3404151759,"836204c6-f8ca-49f3-be9a-afbae64ae72c","Station_235_Date_03OCT2005:17:08:00.000_Eucinostomus_melanopterus","Animalia","Chordata",NA,"Perciformes","Gerreidae","Eucinostomus","Eucinostomus melanopterus",NA,"SPECIES","Eucinostomus melanopterus (Bleeker, 1863)","Eucinostomus melanopterus","(Bleeker, 1863)","US","Lower Laguna Madre Estuary","Texas","PRESENT",NA,"c3ad790a-d426-4ac1-8e32-da61f81f0117",26.279722,-97.279722,100,NA,NA,NA,0.2,0.2,"2005-10-03T17:08",3,10,2005,2369483,2369483,"HUMAN_OBSERVATION","TPWD","Lower Laguna Madre Bag Seine","","","",NA,"CC0_1_0","","","",NA,2025-02-06 20:42:39.948,"","CONTINENT_DERIVED_FROM_COORDINATES"
3404151720,"836204c6-f8ca-49f3-be9a-afbae64ae72c","Station_207_Date_03OCT2005:16:33:00.000_Eucinostomus_melanopterus","Animalia","Chordata",NA,"Perciformes","Gerreidae","Eucinostomus","Eucinostomus melanopterus",NA,"SPECIES","Eucinostomus melanopterus (Bleeker, 1863)","Eucinostomus melanopterus","(Bleeker, 1863)","US","Lower Laguna Madre Estuary","Texas","PRESENT",NA,"c3ad790a-d426-4ac1-8e32-da61f81f0117",26.319722,-97.308889,100,NA,NA,NA,0.2,0.2,"2005-10-03T16:33",3,10,2005,2369483,2369483,"HUMAN_OBSERVATION","TPWD","Lower Laguna Madre Bag Seine","","","",NA,"CC0_1_0","","","",NA,2025-02-06 20:42:39.935,"","CONTINENT_DERIVED_FROM_COORDINATES"
3404151658,"836204c6-f8ca-49f3-be9a-afbae64ae72c","Station_129_Date_25AUG2008:10:58:00.000_Eucinostomus_melanopterus","Animalia","Chordata",NA,"Perciformes","Gerreidae","Eucinostomus","Eucinostomus melanopterus",NA,"SPECIES","Eucinostomus melanopterus (Bleeker, 1863)","Eucinostomus melanopterus","(Bleeker, 1863)","US","Lower Laguna Madre Estuary","Texas","PRESENT",NA,"c3ad790a-d426-4ac1-8e32-da61f81f0117",26.479722,-97.379444,100,NA,NA,NA,0.15,0.15,"2008-08-25T10:58",25,8,2008,2369483,2369483,"HUMAN_OBSERVATION","TPWD","Lower Laguna Madre Bag Seine","","","",NA,"CC0_1_0","","","",NA,2025-02-06 20:42:39.927,"","CONTINENT_DERIVED_FROM_COORDINATES"
3404151568,"836204c6-f8ca-49f3-be9a-afbae64ae72c","Station_73_Date_03OCT2006:16:18:00.000_Eucinostomus_melanopterus","Animalia","Chordata",NA,"Perciformes","Gerreidae","Eucinostomus","Eucinostomus melanopterus",NA,"SPECIES","Eucinostomus melanopterus (Bleeker, 1863)","Eucinostomus melanopterus","(Bleeker, 1863)","US","Lower Laguna Madre Estuary","Texas","PRESENT",NA,"c3ad790a-d426-4ac1-8e32-da61f81f0117",26.599167,-97.439722,100,NA,NA,NA,0.2,0.2,"2006-10-03T16:18",3,10,2006,2369483,2369483,"HUMAN_OBSERVATION","TPWD","Lower Laguna Madre Bag Seine","","","",NA,"CC0_1_0","","","",NA,2025-02-06 20:42:39.916,"","CONTINENT_DERIVED_FROM_COORDINATES"
3404150637,"836204c6-f8ca-49f3-be9a-afbae64ae72c","Station_361_Date_11SEP2007:10:16:00.000_Eucinostomus_melanopterus","Animalia","Chordata",NA,"Perciformes","Gerreidae","Eucinostomus","Eucinostomus melanopterus",NA,"SPECIES","Eucinostomus melanopterus (Bleeker, 1863)","Eucinostomus melanopterus","(Bleeker, 1863)","US","Lower Laguna Madre Estuary","Texas","PRESENT",NA,"c3ad790a-d426-4ac1-8e32-da61f81f0117",26.058333,-97.173611,100,NA,NA,NA,0.15,0.15,"2007-09-11T10:16",11,9,2007,2369483,2369483,"HUMAN_OBSERVATION","TPWD","Lower Laguna Madre Bag Seine","","","",NA,"CC0_1_0","","","",NA,2025-02-06 20:42:42.206,"","CONTINENT_DERIVED_FROM_COORDINATES"
3404150624,"836204c6-f8ca-49f3-be9a-afbae64ae72c","Station_349_Date_01NOV2005:14:58:00.000_Eucinostomus_melanopterus","Animalia","Chordata",NA,"Perciformes","Gerreidae","Eucinostomus","Eucinostomus melanopterus",NA,"SPECIES","Eucinostomus melanopterus (Bleeker, 1863)","Eucinostomus melanopterus","(Bleeker, 1863)","US","Lower Laguna Madre Estuary","Texas","PRESENT",NA,"c3ad790a-d426-4ac1-8e32-da61f81f0117",26.07,-97.164444,100,NA,NA,NA,0.15,0.15,"2005-11-01T14:58",1,11,2005,2369483,2369483,"HUMAN_OBSERVATION","TPWD","Lower Laguna Madre Bag Seine","","","",NA,"CC0_1_0","","","",NA,2025-02-06 20:42:42.203,"","CONTINENT_DERIVED_FROM_COORDINATES"
3404150610,"836204c6-f8ca-49f3-be9a-afbae64ae72c","Station_347_Date_12NOV2007:13:13:00.000_Eucinostomus_melanopterus","Animalia","Chordata",NA,"Perciformes","Gerreidae","Eucinostomus","Eucinostomus melanopterus",NA,"SPECIES","Eucinostomus melanopterus (Bleeker, 1863)","Eucinostomus melanopterus","(Bleeker, 1863)","US","Lower Laguna Madre Estuary","Texas","PRESENT",NA,"c3ad790a-d426-4ac1-8e32-da61f81f0117",26.072778,-97.196389,100,NA,NA,NA,0.2,0.2,"2007-11-12T13:13",12,11,2007,2369483,2369483,"HUMAN_OBSERVATION","TPWD","Lower Laguna Madre Bag Seine","","","",NA,"CC0_1_0","","","",NA,2025-02-06 20:42:42.201,"","CONTINENT_DERIVED_FROM_COORDINATES"
3404150587,"836204c6-f8ca-49f3-be9a-afbae64ae72c","Station_335_Date_20NOV2007:12:01:00.000_Eucinostomus_melanopterus","Animalia","Chordata",NA,"Perciformes","Gerreidae","Eucinostomus","Eucinostomus melanopterus",NA,"SPECIES","Eucinostomus melanopterus (Bleeker, 1863)","Eucinostomus melanopterus","(Bleeker, 1863)","US","Lower Laguna Madre Estuary","Texas","PRESENT",NA,"c3ad790a-d426-4ac1-8e32-da61f81f0117",26.085833,-97.17,100,NA,NA,NA,0.15,0.15,"2007-11-20T12:01",20,11,2007,2369483,2369483,"HUMAN_OBSERVATION","TPWD","Lower Laguna Madre Bag Seine","","","",NA,"CC0_1_0","","","",NA,2025-02-06 20:42:42.197,"","CONTINENT_DERIVED_FROM_COORDINATES"
3404150573,"836204c6-f8ca-49f3-be9a-afbae64ae72c","Station_328_Date_06OCT2008:17:31:00.000_Eucinostomus_melanopterus","Animalia","Chordata",NA,"Perciformes","Gerreidae","Eucinostomus","Eucinostomus melanopterus",NA,"SPECIES","Eucinostomus melanopterus (Bleeker, 1863)","Eucinostomus melanopterus","(Bleeker, 1863)","US","Lower Laguna Madre Estuary","Texas","PRESENT",NA,"c3ad790a-d426-4ac1-8e32-da61f81f0117",26.096111,-97.284444,100,NA,NA,NA,0.25,0.15,"2008-10-06T17:31",6,10,2008,2369483,2369483,"HUMAN_OBSERVATION","TPWD","Lower Laguna Madre Bag Seine","","","",NA,"CC0_1_0","","","",NA,2025-02-06 20:42:42.193,"","CONTINENT_DERIVED_FROM_COORDINATES"
3404150339,"836204c6-f8ca-49f3-be9a-afbae64ae72c","Station_104_Date_09DEC2008:11:23:00.000_Eucinostomus_melanopterus","Animalia","Chordata",NA,"Perciformes","Gerreidae","Eucinostomus","Eucinostomus melanopterus",NA,"SPECIES","Eucinostomus melanopterus (Bleeker, 1863)","Eucinostomus melanopterus","(Bleeker, 1863)","US","Lower Laguna Madre Estuary","Texas","PRESENT",NA,"c3ad790a-d426-4ac1-8e32-da61f81f0117",26.520556,-97.417222,100,NA,NA,NA,0.15,0.15,"2008-12-09T11:23",9,12,2008,2369483,2369483,"HUMAN_OBSERVATION","TPWD","Lower Laguna Madre Bag Seine","","","",NA,"CC0_1_0","","","",NA,2025-02-06 20:42:42.144,"","CONTINENT_DERIVED_FROM_COORDINATES"
3404149579,"836204c6-f8ca-49f3-be9a-afbae64ae72c","Station_348_Date_20NOV2007:10:53:00.000_Eucinostomus_melanopterus","Animalia","Chordata",NA,"Perciformes","Gerreidae","Eucinostomus","Eucinostomus melanopterus",NA,"SPECIES","Eucinostomus melanopterus (Bleeker, 1863)","Eucinostomus melanopterus","(Bleeker, 1863)","US","Lower Laguna Madre Estuary","Texas","PRESENT",NA,"c3ad790a-d426-4ac1-8e32-da61f81f0117",26.078889,-97.169167,100,NA,NA,NA,0.15,0.15,"2007-11-20T10:53",20,11,2007,2369483,2369483,"HUMAN_OBSERVATION","TPWD","Lower Laguna Madre Bag Seine","","","",NA,"CC0_1_0","","","",NA,2025-02-06 20:42:41.694,"","CONTINENT_DERIVED_FROM_COORDINATES"
3404149534,"836204c6-f8ca-49f3-be9a-afbae64ae72c","Station_329_Date_21AUG2006:12:43:00.000_Eucinostomus_melanopterus","Animalia","Chordata",NA,"Perciformes","Gerreidae","Eucinostomus","Eucinostomus melanopterus",NA,"SPECIES","Eucinostomus melanopterus (Bleeker, 1863)","Eucinostomus melanopterus","(Bleeker, 1863)","US","Lower Laguna Madre Estuary","Texas","PRESENT",NA,"c3ad790a-d426-4ac1-8e32-da61f81f0117",26.092222,-97.279722,100,NA,NA,NA,0.15,0.15,"2006-08-21T12:43",21,8,2006,2369483,2369483,"HUMAN_OBSERVATION","TPWD","Lower Laguna Madre Bag Seine","","","",NA,"CC0_1_0","","","",NA,2025-02-06 20:42:41.686,"","CONTINENT_DERIVED_FROM_COORDINATES"
3404149327,"836204c6-f8ca-49f3-be9a-afbae64ae72c","Station_129_Date_24SEP2008:17:40:00.000_Eucinostomus_melanopterus","Animalia","Chordata",NA,"Perciformes","Gerreidae","Eucinostomus","Eucinostomus melanopterus",NA,"SPECIES","Eucinostomus melanopterus (Bleeker, 1863)","Eucinostomus melanopterus","(Bleeker, 1863)","US","Lower Laguna Madre Estuary","Texas","PRESENT",NA,"c3ad790a-d426-4ac1-8e32-da61f81f0117",26.473056,-97.378889,100,NA,NA,NA,0.3,0.2,"2008-09-24T17:40",24,9,2008,2369483,2369483,"HUMAN_OBSERVATION","TPWD","Lower Laguna Madre Bag Seine","","","",NA,"CC0_1_0","","","",NA,2025-02-06 20:42:41.634,"","CONTINENT_DERIVED_FROM_COORDINATES"
3404148601,"836204c6-f8ca-49f3-be9a-afbae64ae72c","Station_292_Date_04NOV2008:16:28:00.000_Eucinostomus_melanopterus","Animalia","Chordata",NA,"Perciformes","Gerreidae","Eucinostomus","Eucinostomus melanopterus",NA,"SPECIES","Eucinostomus melanopterus (Bleeker, 1863)","Eucinostomus melanopterus","(Bleeker, 1863)","US","Lower Laguna Madre Estuary","Texas","PRESENT",NA,"c3ad790a-d426-4ac1-8e32-da61f81f0117",26.154167,-97.298056,100,NA,NA,NA,0.15,0.15,"2008-11-04T16:28",4,11,2008,2369483,2369483,"HUMAN_OBSERVATION","TPWD","Lower Laguna Madre Bag Seine","","","",NA,"CC0_1_0","","","",NA,2025-02-06 20:42:40.282,"","CONTINENT_DERIVED_FROM_COORDINATES"
3404148533,"836204c6-f8ca-49f3-be9a-afbae64ae72c","Station_218_Date_25AUG2008:14:03:00.000_Eucinostomus_melanopterus","Animalia","Chordata",NA,"Perciformes","Gerreidae","Eucinostomus","Eucinostomus melanopterus",NA,"SPECIES","Eucinostomus melanopterus (Bleeker, 1863)","Eucinostomus melanopterus","(Bleeker, 1863)","US","Lower Laguna Madre Estuary","Texas","PRESENT",NA,"c3ad790a-d426-4ac1-8e32-da61f81f0117",26.304722,-97.296389,100,NA,NA,NA,0.15,0.15,"2008-08-25T14:03",25,8,2008,2369483,2369483,"HUMAN_OBSERVATION","TPWD","Lower Laguna Madre Bag Seine","","","",NA,"CC0_1_0","","","",NA,2025-02-06 20:42:40.266,"","CONTINENT_DERIVED_FROM_COORDINATES"
3404148522,"836204c6-f8ca-49f3-be9a-afbae64ae72c","Station_217_Date_09SEP2008:10:34:00.000_Eucinostomus_melanopterus","Animalia","Chordata",NA,"Perciformes","Gerreidae","Eucinostomus","Eucinostomus melanopterus",NA,"SPECIES","Eucinostomus melanopterus (Bleeker, 1863)","Eucinostomus melanopterus","(Bleeker, 1863)","US","Lower Laguna Madre Estuary","Texas","PRESENT",NA,"c3ad790a-d426-4ac1-8e32-da61f81f0117",26.308889,-97.304167,100,NA,NA,NA,0.35,0.15,"2008-09-09T10:34",9,9,2008,2369483,2369483,"HUMAN_OBSERVATION","TPWD","Lower Laguna Madre Bag Seine","","","",NA,"CC0_1_0","","","",NA,2025-02-06 20:42:40.265,"","CONTINENT_DERIVED_FROM_COORDINATES"
3404148342,"836204c6-f8ca-49f3-be9a-afbae64ae72c","Station_53_Date_07NOV2006:16:03:00.000_Eucinostomus_melanopterus","Animalia","Chordata",NA,"Perciformes","Gerreidae","Eucinostomus","Eucinostomus melanopterus",NA,"SPECIES","Eucinostomus melanopterus (Bleeker, 1863)","Eucinostomus melanopterus","(Bleeker, 1863)","US","Lower Laguna Madre Estuary","Texas","PRESENT",NA,"c3ad790a-d426-4ac1-8e32-da61f81f0117",26.643889,-97.450278,100,NA,NA,NA,0.15,0.15,"2006-11-07T16:03",7,11,2006,2369483,2369483,"HUMAN_OBSERVATION","TPWD","Lower Laguna Madre Bag Seine","","","",NA,"CC0_1_0","","","",NA,2025-02-06 20:42:40.241,"","CONTINENT_DERIVED_FROM_COORDINATES"
3404148270,"836204c6-f8ca-49f3-be9a-afbae64ae72c","Station_53_Date_22AUG2006:11:32:00.000_Eucinostomus_melanopterus","Animalia","Chordata",NA,"Perciformes","Gerreidae","Eucinostomus","Eucinostomus melanopterus",NA,"SPECIES","Eucinostomus melanopterus (Bleeker, 1863)","Eucinostomus melanopterus","(Bleeker, 1863)","US","Lower Laguna Madre Estuary","Texas","PRESENT",NA,"c3ad790a-d426-4ac1-8e32-da61f81f0117",26.649167,-97.465833,100,NA,NA,NA,0.1,0.1,"2006-08-22T11:32",22,8,2006,2369483,2369483,"HUMAN_OBSERVATION","TPWD","Lower Laguna Madre Bag Seine","","","",NA,"CC0_1_0","","","",NA,2025-02-06 20:42:42.131,"","CONTINENT_DERIVED_FROM_COORDINATES"
3404147579,"836204c6-f8ca-49f3-be9a-afbae64ae72c","Station_3_Date_09JUL2008:11:42:00.000_Eucinostomus_melanopterus","Animalia","Chordata",NA,"Perciformes","Gerreidae","Eucinostomus","Eucinostomus melanopterus",NA,"SPECIES","Eucinostomus melanopterus (Bleeker, 1863)","Eucinostomus melanopterus","(Bleeker, 1863)","US","Lower Laguna Madre Estuary","Texas","PRESENT",NA,"c3ad790a-d426-4ac1-8e32-da61f81f0117",26.808333,-97.479722,100,NA,NA,NA,0.15,0.15,"2008-07-09T11:42",9,7,2008,2369483,2369483,"HUMAN_OBSERVATION","TPWD","Lower Laguna Madre Bag Seine","","","",NA,"CC0_1_0","","","",NA,2025-02-06 20:42:41.978,"","CONTINENT_DERIVED_FROM_COORDINATES"
3404147577,"836204c6-f8ca-49f3-be9a-afbae64ae72c","Station_3_Date_03OCT2006:17:30:00.000_Eucinostomus_melanopterus","Animalia","Chordata",NA,"Perciformes","Gerreidae","Eucinostomus","Eucinostomus melanopterus",NA,"SPECIES","Eucinostomus melanopterus (Bleeker, 1863)","Eucinostomus melanopterus","(Bleeker, 1863)","US","Lower Laguna Madre Estuary","Texas","PRESENT",NA,"c3ad790a-d426-4ac1-8e32-da61f81f0117",26.801111,-97.477222,100,NA,NA,NA,0.15,0.15,"2006-10-03T17:30",3,10,2006,2369483,2369483,"HUMAN_OBSERVATION","TPWD","Lower Laguna Madre Bag Seine","","","",NA,"CC0_1_0","","","",NA,2025-02-06 20:42:41.978,"","CONTINENT_DERIVED_FROM_COORDINATES"
3404147101,"836204c6-f8ca-49f3-be9a-afbae64ae72c","Station_20_Date_21OCT2008:17:18:00.000_Eucinostomus_melanopterus","Animalia","Chordata",NA,"Perciformes","Gerreidae","Eucinostomus","Eucinostomus melanopterus",NA,"SPECIES","Eucinostomus melanopterus (Bleeker, 1863)","Eucinostomus melanopterus","(Bleeker, 1863)","US","Lower Laguna Madre Estuary","Texas","PRESENT",NA,"c3ad790a-d426-4ac1-8e32-da61f81f0117",26.740278,-97.468611,100,NA,NA,NA,0.25,0.25,"2008-10-21T17:18",21,10,2008,2369483,2369483,"HUMAN_OBSERVATION","TPWD","Lower Laguna Madre Bag Seine","","","",NA,"CC0_1_0","","","",NA,2025-02-06 20:42:41.667,"","CONTINENT_DERIVED_FROM_COORDINATES"
3404145885,"836204c6-f8ca-49f3-be9a-afbae64ae72c","Station_6_Date_03OCT2006:17:07:00.000_Eucinostomus_melanopterus","Animalia","Chordata",NA,"Perciformes","Gerreidae","Eucinostomus","Eucinostomus melanopterus",NA,"SPECIES","Eucinostomus melanopterus (Bleeker, 1863)","Eucinostomus melanopterus","(Bleeker, 1863)","US","Lower Laguna Madre Estuary","Texas","PRESENT",NA,"c3ad790a-d426-4ac1-8e32-da61f81f0117",26.788611,-97.475833,100,NA,NA,NA,0.15,0.15,"2006-10-03T17:07",3,10,2006,2369483,2369483,"HUMAN_OBSERVATION","TPWD","Lower Laguna Madre Bag Seine","","","",NA,"CC0_1_0","","","",NA,2025-02-06 20:42:39.821,"","CONTINENT_DERIVED_FROM_COORDINATES"
3404144219,"836204c6-f8ca-49f3-be9a-afbae64ae72c","Station_32_Date_16AUG2007:11:28:00.000_Eucinostomus_melanopterus","Animalia","Chordata",NA,"Perciformes","Gerreidae","Eucinostomus","Eucinostomus melanopterus",NA,"SPECIES","Eucinostomus melanopterus (Bleeker, 1863)","Eucinostomus melanopterus","(Bleeker, 1863)","US","Lower Laguna Madre Estuary","Texas","PRESENT",NA,"c3ad790a-d426-4ac1-8e32-da61f81f0117",26.700278,-97.465278,100,NA,NA,NA,0.1,0.1,"2007-08-16T11:28",16,8,2007,2369483,2369483,"HUMAN_OBSERVATION","TPWD","Lower Laguna Madre Bag Seine","","","",NA,"CC0_1_0","","","",NA,2025-02-06 20:42:40.223,"","CONTINENT_DERIVED_FROM_COORDINATES"
3404143864,"836204c6-f8ca-49f3-be9a-afbae64ae72c","Station_15_Date_26SEP2006:14:25:00.000_Eucinostomus_melanopterus","Animalia","Chordata",NA,"Perciformes","Gerreidae","Eucinostomus","Eucinostomus melanopterus",NA,"SPECIES","Eucinostomus melanopterus (Bleeker, 1863)","Eucinostomus melanopterus","(Bleeker, 1863)","US","Lower Laguna Madre Estuary","Texas","PRESENT",NA,"c3ad790a-d426-4ac1-8e32-da61f81f0117",26.760278,-97.471389,100,NA,NA,NA,0.15,0.15,"2006-09-26T14:25",26,9,2006,2369483,2369483,"HUMAN_OBSERVATION","TPWD","Lower Laguna Madre Bag Seine","","","",NA,"CC0_1_0","","","",NA,2025-02-06 20:42:40.169,"","CONTINENT_DERIVED_FROM_COORDINATES"
3404142545,"836204c6-f8ca-49f3-be9a-afbae64ae72c","Station_270_Date_23OCT2006:16:25:00.000_Eucinostomus_melanopterus","Animalia","Chordata",NA,"Perciformes","Gerreidae","Eucinostomus","Eucinostomus melanopterus",NA,"SPECIES","Eucinostomus melanopterus (Bleeker, 1863)","Eucinostomus melanopterus","(Bleeker, 1863)","US","Lower Laguna Madre Estuary","Texas","PRESENT",NA,"c3ad790a-d426-4ac1-8e32-da61f81f0117",26.201667,-97.264722,100,NA,NA,NA,0.1,0.1,"2006-10-23T16:25",23,10,2006,2369483,2369483,"HUMAN_OBSERVATION","TPWD","Lower Laguna Madre Bag Seine","","","",NA,"CC0_1_0","","","",NA,2025-02-06 20:42:41.828,"","CONTINENT_DERIVED_FROM_COORDINATES"
3404142424,"836204c6-f8ca-49f3-be9a-afbae64ae72c","Station_177_Date_07AUG2007:10:30:00.000_Eucinostomus_melanopterus","Animalia","Chordata",NA,"Perciformes","Gerreidae","Eucinostomus","Eucinostomus melanopterus",NA,"SPECIES","Eucinostomus melanopterus (Bleeker, 1863)","Eucinostomus melanopterus","(Bleeker, 1863)","US","Lower Laguna Madre Estuary","Texas","PRESENT",NA,"c3ad790a-d426-4ac1-8e32-da61f81f0117",26.376111,-97.334722,100,NA,NA,NA,0.1,0.1,"2007-08-07T10:30",7,8,2007,2369483,2369483,"HUMAN_OBSERVATION","TPWD","Lower Laguna Madre Bag Seine","","","",NA,"CC0_1_0","","","",NA,2025-02-06 20:42:41.804,"","CONTINENT_DERIVED_FROM_COORDINATES"
3404142412,"836204c6-f8ca-49f3-be9a-afbae64ae72c","Station_168_Date_04SEP2007:10:30:00.000_Eucinostomus_melanopterus","Animalia","Chordata",NA,"Perciformes","Gerreidae","Eucinostomus","Eucinostomus melanopterus",NA,"SPECIES","Eucinostomus melanopterus (Bleeker, 1863)","Eucinostomus melanopterus","(Bleeker, 1863)","US","Lower Laguna Madre Estuary","Texas","PRESENT",NA,"c3ad790a-d426-4ac1-8e32-da61f81f0117",26.391667,-97.340556,100,NA,NA,NA,0.25,0.15,"2007-09-04T10:30",4,9,2007,2369483,2369483,"HUMAN_OBSERVATION","TPWD","Lower Laguna Madre Bag Seine","","","",NA,"CC0_1_0","","","",NA,2025-02-06 20:42:41.802,"","CONTINENT_DERIVED_FROM_COORDINATES"
3404142343,"836204c6-f8ca-49f3-be9a-afbae64ae72c","Station_104_Date_05AUG2008:12:59:00.000_Eucinostomus_melanopterus","Animalia","Chordata",NA,"Perciformes","Gerreidae","Eucinostomus","Eucinostomus melanopterus",NA,"SPECIES","Eucinostomus melanopterus (Bleeker, 1863)","Eucinostomus melanopterus","(Bleeker, 1863)","US","Lower Laguna Madre Estuary","Texas","PRESENT",NA,"c3ad790a-d426-4ac1-8e32-da61f81f0117",26.531111,-97.420278,100,NA,NA,NA,0.2,0.2,"2008-08-05T12:59",5,8,2008,2369483,2369483,"HUMAN_OBSERVATION","TPWD","Lower Laguna Madre Bag Seine","","","",NA,"CC0_1_0","","","",NA,2025-02-06 20:42:41.786,"","CONTINENT_DERIVED_FROM_COORDINATES"
3404141598,"836204c6-f8ca-49f3-be9a-afbae64ae72c","Station_243_Date_24JUL2007:12:23:00.000_Eucinostomus_melanopterus","Animalia","Chordata",NA,"Perciformes","Gerreidae","Eucinostomus","Eucinostomus melanopterus",NA,"SPECIES","Eucinostomus melanopterus (Bleeker, 1863)","Eucinostomus melanopterus","(Bleeker, 1863)","US","Lower Laguna Madre Estuary","Texas","PRESENT",NA,"c3ad790a-d426-4ac1-8e32-da61f81f0117",26.254722,-97.281944,100,NA,NA,NA,0.1,0.1,"2007-07-24T12:23",24,7,2007,2369483,2369483,"HUMAN_OBSERVATION","TPWD","Lower Laguna Madre Bag Seine","","","",NA,"CC0_1_0","","","",NA,2025-02-06 20:42:39.95,"","CONTINENT_DERIVED_FROM_COORDINATES"
3404139739,"836204c6-f8ca-49f3-be9a-afbae64ae72c","Station_362_Date_06SEP2006:13:38:00.000_Eucinostomus_melanopterus","Animalia","Chordata",NA,"Perciformes","Gerreidae","Eucinostomus","Eucinostomus melanopterus",NA,"SPECIES","Eucinostomus melanopterus (Bleeker, 1863)","Eucinostomus melanopterus","(Bleeker, 1863)","US","Lower Laguna Madre Estuary","Texas","PRESENT",NA,"c3ad790a-d426-4ac1-8e32-da61f81f0117",26.063333,-97.161667,100,NA,NA,NA,0.4,0.4,"2006-09-06T13:38",6,9,2006,2369483,2369483,"HUMAN_OBSERVATION","TPWD","Lower Laguna Madre Bag Seine","","","",NA,"CC0_1_0","","","",NA,2025-02-06 20:42:42.207,"","CONTINENT_DERIVED_FROM_COORDINATES"
3404139738,"836204c6-f8ca-49f3-be9a-afbae64ae72c","Station_362_Date_04AUG2008:13:15:00.000_Eucinostomus_melanopterus","Animalia","Chordata",NA,"Perciformes","Gerreidae","Eucinostomus","Eucinostomus melanopterus",NA,"SPECIES","Eucinostomus melanopterus (Bleeker, 1863)","Eucinostomus melanopterus","(Bleeker, 1863)","US","Lower Laguna Madre Estuary","Texas","PRESENT",NA,"c3ad790a-d426-4ac1-8e32-da61f81f0117",26.063611,-97.165278,100,NA,NA,NA,0.25,0.25,"2008-08-04T13:15",4,8,2008,2369483,2369483,"HUMAN_OBSERVATION","TPWD","Lower Laguna Madre Bag Seine","","","",NA,"CC0_1_0","","","",NA,2025-02-06 20:42:42.206,"","CONTINENT_DERIVED_FROM_COORDINATES"
3404139425,"836204c6-f8ca-49f3-be9a-afbae64ae72c","Station_74_Date_21AUG2007:11:41:00.000_Eucinostomus_melanopterus","Animalia","Chordata",NA,"Perciformes","Gerreidae","Eucinostomus","Eucinostomus melanopterus",NA,"SPECIES","Eucinostomus melanopterus (Bleeker, 1863)","Eucinostomus melanopterus","(Bleeker, 1863)","US","Lower Laguna Madre Estuary","Texas","PRESENT",NA,"c3ad790a-d426-4ac1-8e32-da61f81f0117",26.583889,-97.432222,100,NA,NA,NA,0.15,0.15,"2007-08-21T11:41",21,8,2007,2369483,2369483,"HUMAN_OBSERVATION","TPWD","Lower Laguna Madre Bag Seine","","","",NA,"CC0_1_0","","","",NA,2025-02-06 20:42:42.136,"","CONTINENT_DERIVED_FROM_COORDINATES"
3404137844,"836204c6-f8ca-49f3-be9a-afbae64ae72c","Station_385_Date_02OCT2006:12:08:00.000_Eucinostomus_melanopterus","Animalia","Chordata",NA,"Perciformes","Gerreidae","Eucinostomus","Eucinostomus melanopterus",NA,"SPECIES","Eucinostomus melanopterus (Bleeker, 1863)","Eucinostomus melanopterus","(Bleeker, 1863)","US","Lower Laguna Madre Estuary","Texas","PRESENT",NA,"c3ad790a-d426-4ac1-8e32-da61f81f0117",26.017222,-97.187778,100,NA,NA,NA,0.25,0.15,"2006-10-02T12:08",2,10,2006,2369483,2369483,"HUMAN_OBSERVATION","TPWD","Lower Laguna Madre Bag Seine","","","",NA,"CC0_1_0","","","",NA,2025-02-06 20:42:41.702,"","CONTINENT_DERIVED_FROM_COORDINATES"
3404137813,"836204c6-f8ca-49f3-be9a-afbae64ae72c","Station_349_Date_04JAN2007:12:31:00.000_Eucinostomus_melanopterus","Animalia","Chordata",NA,"Perciformes","Gerreidae","Eucinostomus","Eucinostomus melanopterus",NA,"SPECIES","Eucinostomus melanopterus (Bleeker, 1863)","Eucinostomus melanopterus","(Bleeker, 1863)","US","Lower Laguna Madre Estuary","Texas","PRESENT",NA,"c3ad790a-d426-4ac1-8e32-da61f81f0117",26.07,-97.163333,100,NA,NA,NA,0.2,0.2,"2007-01-04T12:31",4,1,2007,2369483,2369483,"HUMAN_OBSERVATION","TPWD","Lower Laguna Madre Bag Seine","","","",NA,"CC0_1_0","","","",NA,2025-02-06 20:42:41.695,"","CONTINENT_DERIVED_FROM_COORDINATES"
3404137791,"836204c6-f8ca-49f3-be9a-afbae64ae72c","Station_335_Date_16OCT2006:11:43:00.000_Eucinostomus_melanopterus","Animalia","Chordata",NA,"Perciformes","Gerreidae","Eucinostomus","Eucinostomus melanopterus",NA,"SPECIES","Eucinostomus melanopterus (Bleeker, 1863)","Eucinostomus melanopterus","(Bleeker, 1863)","US","Lower Laguna Madre Estuary","Texas","PRESENT",NA,"c3ad790a-d426-4ac1-8e32-da61f81f0117",26.085556,-97.169722,100,NA,NA,NA,0.2,0.2,"2006-10-16T11:43",16,10,2006,2369483,2369483,"HUMAN_OBSERVATION","TPWD","Lower Laguna Madre Bag Seine","","","",NA,"CC0_1_0","","","",NA,2025-02-06 20:42:41.689,"","CONTINENT_DERIVED_FROM_COORDINATES"
3404137727,"836204c6-f8ca-49f3-be9a-afbae64ae72c","Station_307_Date_01NOV2005:15:33:00.000_Eucinostomus_melanopterus","Animalia","Chordata",NA,"Perciformes","Gerreidae","Eucinostomus","Eucinostomus melanopterus",NA,"SPECIES","Eucinostomus melanopterus (Bleeker, 1863)","Eucinostomus melanopterus","(Bleeker, 1863)","US","Lower Laguna Madre Estuary","Texas","PRESENT",NA,"c3ad790a-d426-4ac1-8e32-da61f81f0117",26.145,-97.178333,100,NA,NA,NA,0.2,0.1,"2005-11-01T15:33",1,11,2005,2369483,2369483,"HUMAN_OBSERVATION","TPWD","Lower Laguna Madre Bag Seine","","","",NA,"CC0_1_0","","","",NA,2025-02-06 20:42:41.676,"","CONTINENT_DERIVED_FROM_COORDINATES"
3404137634,"836204c6-f8ca-49f3-be9a-afbae64ae72c","Station_225_Date_13SEP2006:12:25:00.000_Eucinostomus_melanopterus","Animalia","Chordata",NA,"Perciformes","Gerreidae","Eucinostomus","Eucinostomus melanopterus",NA,"SPECIES","Eucinostomus melanopterus (Bleeker, 1863)","Eucinostomus melanopterus","(Bleeker, 1863)","US","Lower Laguna Madre Estuary","Texas","PRESENT",NA,"c3ad790a-d426-4ac1-8e32-da61f81f0117",26.296389,-97.293889,100,NA,NA,NA,0.1,0.1,"2006-09-13T12:25",13,9,2006,2369483,2369483,"HUMAN_OBSERVATION","TPWD","Lower Laguna Madre Bag Seine","","","",NA,"CC0_1_0","","","",NA,2025-02-06 20:42:41.655,"","CONTINENT_DERIVED_FROM_COORDINATES"
3404137605,"836204c6-f8ca-49f3-be9a-afbae64ae72c","Station_207_Date_04SEP2007:11:07:00.000_Eucinostomus_melanopterus","Animalia","Chordata",NA,"Perciformes","Gerreidae","Eucinostomus","Eucinostomus melanopterus",NA,"SPECIES","Eucinostomus melanopterus (Bleeker, 1863)","Eucinostomus melanopterus","(Bleeker, 1863)","US","Lower Laguna Madre Estuary","Texas","PRESENT",NA,"c3ad790a-d426-4ac1-8e32-da61f81f0117",26.325,-97.313056,100,NA,NA,NA,0.35,0.15,"2007-09-04T11:07",4,9,2007,2369483,2369483,"HUMAN_OBSERVATION","TPWD","Lower Laguna Madre Bag Seine","","","",NA,"CC0_1_0","","","",NA,2025-02-06 20:42:41.648,"","CONTINENT_DERIVED_FROM_COORDINATES"
3404137491,"836204c6-f8ca-49f3-be9a-afbae64ae72c","Station_90_Date_29NOV2005:11:44:00.000_Eucinostomus_melanopterus","Animalia","Chordata",NA,"Perciformes","Gerreidae","Eucinostomus","Eucinostomus melanopterus",NA,"SPECIES","Eucinostomus melanopterus (Bleeker, 1863)","Eucinostomus melanopterus","(Bleeker, 1863)","US","Lower Laguna Madre Estuary","Texas","PRESENT",NA,"c3ad790a-d426-4ac1-8e32-da61f81f0117",26.559444,-97.3675,100,NA,NA,NA,0.3,0.3,"2005-11-29T11:44",29,11,2005,2369483,2369483,"HUMAN_OBSERVATION","TPWD","Lower Laguna Madre Bag Seine","","","",NA,"CC0_1_0","","","",NA,2025-02-06 20:42:41.623,"","CONTINENT_DERIVED_FROM_COORDINATES"
3404137419,"836204c6-f8ca-49f3-be9a-afbae64ae72c","Station_42_Date_10SEP2007:17:20:00.000_Eucinostomus_melanopterus","Animalia","Chordata",NA,"Perciformes","Gerreidae","Eucinostomus","Eucinostomus melanopterus",NA,"SPECIES","Eucinostomus melanopterus (Bleeker, 1863)","Eucinostomus melanopterus","(Bleeker, 1863)","US","Lower Laguna Madre Estuary","Texas","PRESENT",NA,"c3ad790a-d426-4ac1-8e32-da61f81f0117",26.6825,-97.46,100,NA,NA,NA,0.15,0.15,"2007-09-10T17:20",10,9,2007,2369483,2369483,"HUMAN_OBSERVATION","TPWD","Lower Laguna Madre Bag Seine","","","",NA,"CC0_1_0","","","",NA,2025-02-06 20:42:41.6,"","CONTINENT_DERIVED_FROM_COORDINATES"
3404133721,"836204c6-f8ca-49f3-be9a-afbae64ae72c","Station_349_Date_06AUG2007:10:54:00.000_Eucinostomus_melanopterus","Animalia","Chordata",NA,"Perciformes","Gerreidae","Eucinostomus","Eucinostomus melanopterus",NA,"SPECIES","Eucinostomus melanopterus (Bleeker, 1863)","Eucinostomus melanopterus","(Bleeker, 1863)","US","Lower Laguna Madre Estuary","Texas","PRESENT",NA,"c3ad790a-d426-4ac1-8e32-da61f81f0117",26.070833,-97.163889,100,NA,NA,NA,0.1,0.1,"2007-08-06T10:54",6,8,2007,2369483,2369483,"HUMAN_OBSERVATION","TPWD","Lower Laguna Madre Bag Seine","","","",NA,"CC0_1_0","","","",NA,2025-02-06 20:42:40.297,"","CONTINENT_DERIVED_FROM_COORDINATES"
3404133677,"836204c6-f8ca-49f3-be9a-afbae64ae72c","Station_328_Date_17JUL2006:13:28:00.000_Eucinostomus_melanopterus","Animalia","Chordata",NA,"Perciformes","Gerreidae","Eucinostomus","Eucinostomus melanopterus",NA,"SPECIES","Eucinostomus melanopterus (Bleeker, 1863)","Eucinostomus melanopterus","(Bleeker, 1863)","US","Lower Laguna Madre Estuary","Texas","PRESENT",NA,"c3ad790a-d426-4ac1-8e32-da61f81f0117",26.096389,-97.283889,100,NA,NA,NA,0.1,0.1,"2006-07-17T13:28",17,7,2006,2369483,2369483,"HUMAN_OBSERVATION","TPWD","Lower Laguna Madre Bag Seine","","","",NA,"CC0_1_0","","","",NA,2025-02-06 20:42:40.291,"","CONTINENT_DERIVED_FROM_COORDINATES"
3404133648,"836204c6-f8ca-49f3-be9a-afbae64ae72c","Station_309_Date_19SEP2005:17:07:00.000_Eucinostomus_melanopterus","Animalia","Chordata",NA,"Perciformes","Gerreidae","Eucinostomus","Eucinostomus melanopterus",NA,"SPECIES","Eucinostomus melanopterus (Bleeker, 1863)","Eucinostomus melanopterus","(Bleeker, 1863)","US","Lower Laguna Madre Estuary","Texas","PRESENT",NA,"c3ad790a-d426-4ac1-8e32-da61f81f0117",26.130556,-97.288889,100,NA,NA,NA,0.1,0.1,"2005-09-19T17:07",19,9,2005,2369483,2369483,"HUMAN_OBSERVATION","TPWD","Lower Laguna Madre Bag Seine","","","",NA,"CC0_1_0","","","",NA,2025-02-06 20:42:40.287,"","CONTINENT_DERIVED_FROM_COORDINATES"
3404133572,"836204c6-f8ca-49f3-be9a-afbae64ae72c","Station_243_Date_21NOV2005:14:34:00.000_Eucinostomus_melanopterus","Animalia","Chordata",NA,"Perciformes","Gerreidae","Eucinostomus","Eucinostomus melanopterus",NA,"SPECIES","Eucinostomus melanopterus (Bleeker, 1863)","Eucinostomus melanopterus","(Bleeker, 1863)","US","Lower Laguna Madre Estuary","Texas","PRESENT",NA,"c3ad790a-d426-4ac1-8e32-da61f81f0117",26.256111,-97.2825,100,NA,NA,NA,0.15,0.15,"2005-11-21T14:34",21,11,2005,2369483,2369483,"HUMAN_OBSERVATION","TPWD","Lower Laguna Madre Bag Seine","","","",NA,"CC0_1_0","","","",NA,2025-02-06 20:42:40.277,"","CONTINENT_DERIVED_FROM_COORDINATES"
3404133473,"836204c6-f8ca-49f3-be9a-afbae64ae72c","Station_146_Date_03OCT2005:16:13:00.000_Eucinostomus_melanopterus","Animalia","Chordata",NA,"Perciformes","Gerreidae","Eucinostomus","Eucinostomus melanopterus",NA,"SPECIES","Eucinostomus melanopterus (Bleeker, 1863)","Eucinostomus melanopterus","(Bleeker, 1863)","US","Lower Laguna Madre Estuary","Texas","PRESENT",NA,"c3ad790a-d426-4ac1-8e32-da61f81f0117",26.446389,-97.364444,100,NA,NA,NA,0.2,0.2,"2005-10-03T16:13",3,10,2005,2369483,2369483,"HUMAN_OBSERVATION","TPWD","Lower Laguna Madre Bag Seine","","","",NA,"CC0_1_0","","","",NA,2025-02-06 20:42:40.257,"","CONTINENT_DERIVED_FROM_COORDINATES"
3404133403,"836204c6-f8ca-49f3-be9a-afbae64ae72c","Station_88_Date_19JUL2007:11:23:00.000_Eucinostomus_melanopterus","Animalia","Chordata",NA,"Perciformes","Gerreidae","Eucinostomus","Eucinostomus melanopterus",NA,"SPECIES","Eucinostomus melanopterus (Bleeker, 1863)","Eucinostomus melanopterus","(Bleeker, 1863)","US","Lower Laguna Madre Estuary","Texas","PRESENT",NA,"c3ad790a-d426-4ac1-8e32-da61f81f0117",26.562778,-97.400278,100,NA,NA,NA,0.3,0.2,"2007-07-19T11:23",19,7,2007,2369483,2369483,"HUMAN_OBSERVATION","TPWD","Lower Laguna Madre Bag Seine","","","",NA,"CC0_1_0","","","",NA,2025-02-06 20:42:40.248,"","CONTINENT_DERIVED_FROM_COORDINATES"
3404132979,"836204c6-f8ca-49f3-be9a-afbae64ae72c","Station_25_Date_18DEC2006:11:58:00.000_Eucinostomus_melanopterus","Animalia","Chordata",NA,"Perciformes","Gerreidae","Eucinostomus","Eucinostomus melanopterus",NA,"SPECIES","Eucinostomus melanopterus (Bleeker, 1863)","Eucinostomus melanopterus","(Bleeker, 1863)","US","Lower Laguna Madre Estuary","Texas","PRESENT",NA,"c3ad790a-d426-4ac1-8e32-da61f81f0117",26.7225,-97.466667,100,NA,NA,NA,0.15,0.15,"2006-12-18T11:58",18,12,2006,2369483,2369483,"HUMAN_OBSERVATION","TPWD","Lower Laguna Madre Bag Seine","","","",NA,"CC0_1_0","","","",NA,2025-02-06 20:42:41.688,"","CONTINENT_DERIVED_FROM_COORDINATES"
3404132573,"836204c6-f8ca-49f3-be9a-afbae64ae72c","Station_3_Date_08NOV2006:13:19:00.000_Eucinostomus_melanopterus","Animalia","Chordata",NA,"Perciformes","Gerreidae","Eucinostomus","Eucinostomus melanopterus",NA,"SPECIES","Eucinostomus melanopterus (Bleeker, 1863)","Eucinostomus melanopterus","(Bleeker, 1863)","US","Lower Laguna Madre Estuary","Texas","PRESENT",NA,"c3ad790a-d426-4ac1-8e32-da61f81f0117",26.8,-97.477222,100,NA,NA,NA,0.3,0.2,"2006-11-08T13:19",8,11,2006,2369483,2369483,"HUMAN_OBSERVATION","TPWD","Lower Laguna Madre Bag Seine","","","",NA,"CC0_1_0","","","",NA,2025-02-06 20:42:41.582,"","CONTINENT_DERIVED_FROM_COORDINATES"
3403991662,"836204c6-f8ca-49f3-be9a-afbae64ae72c","Station_301_Date_27AUG2008:09:47:00.000_Eucinostomus_melanopterus","Animalia","Chordata",NA,"Perciformes","Gerreidae","Eucinostomus","Eucinostomus melanopterus",NA,"SPECIES","Eucinostomus melanopterus (Bleeker, 1863)","Eucinostomus melanopterus","(Bleeker, 1863)","US","Lower Laguna Madre Estuary","Texas","PRESENT",NA,"c3ad790a-d426-4ac1-8e32-da61f81f0117",26.145278,-97.276944,100,NA,NA,NA,0.15,0.15,"2008-08-27T09:47",27,8,2008,2369483,2369483,"HUMAN_OBSERVATION","TPWD","Lower Laguna Madre Bag Seine","","","",NA,"CC0_1_0","","","",NA,2025-02-06 20:42:42.185,"","CONTINENT_DERIVED_FROM_COORDINATES"
3403991661,"836204c6-f8ca-49f3-be9a-afbae64ae72c","Station_301_Date_21AUG2006:11:24:00.000_Eucinostomus_melanopterus","Animalia","Chordata",NA,"Perciformes","Gerreidae","Eucinostomus","Eucinostomus melanopterus",NA,"SPECIES","Eucinostomus melanopterus (Bleeker, 1863)","Eucinostomus melanopterus","(Bleeker, 1863)","US","Lower Laguna Madre Estuary","Texas","PRESENT",NA,"c3ad790a-d426-4ac1-8e32-da61f81f0117",26.144167,-97.278056,100,NA,NA,NA,0.2,0.2,"2006-08-21T11:24",21,8,2006,2369483,2369483,"HUMAN_OBSERVATION","TPWD","Lower Laguna Madre Bag Seine","","","",NA,"CC0_1_0","","","",NA,2025-02-06 20:42:42.185,"","CONTINENT_DERIVED_FROM_COORDINATES"
3403991534,"836204c6-f8ca-49f3-be9a-afbae64ae72c","Station_198_Date_18OCT2006:10:55:00.000_Eucinostomus_melanopterus","Animalia","Chordata",NA,"Perciformes","Gerreidae","Eucinostomus","Eucinostomus melanopterus",NA,"SPECIES","Eucinostomus melanopterus (Bleeker, 1863)","Eucinostomus melanopterus","(Bleeker, 1863)","US","Lower Laguna Madre Estuary","Texas","PRESENT",NA,"c3ad790a-d426-4ac1-8e32-da61f81f0117",26.344444,-97.321944,100,NA,NA,NA,0.3,0.1,"2006-10-18T10:55",18,10,2006,2369483,2369483,"HUMAN_OBSERVATION","TPWD","Lower Laguna Madre Bag Seine","","","",NA,"CC0_1_0","","","",NA,2025-02-06 20:42:42.163,"","CONTINENT_DERIVED_FROM_COORDINATES"
3403991529,"836204c6-f8ca-49f3-be9a-afbae64ae72c","Station_198_Date_03NOV2008:15:28:00.000_Eucinostomus_melanopterus","Animalia","Chordata",NA,"Perciformes","Gerreidae","Eucinostomus","Eucinostomus melanopterus",NA,"SPECIES","Eucinostomus melanopterus (Bleeker, 1863)","Eucinostomus melanopterus","(Bleeker, 1863)","US","Lower Laguna Madre Estuary","Texas","PRESENT",NA,"c3ad790a-d426-4ac1-8e32-da61f81f0117",26.343056,-97.319722,100,NA,NA,NA,0.15,0.15,"2008-11-03T15:28",3,11,2008,2369483,2369483,"HUMAN_OBSERVATION","TPWD","Lower Laguna Madre Bag Seine","","","",NA,"CC0_1_0","","","",NA,2025-02-06 20:42:42.162,"","CONTINENT_DERIVED_FROM_COORDINATES"
3403991486,"836204c6-f8ca-49f3-be9a-afbae64ae72c","Station_154_Date_16JUL2008:12:49:00.000_Eucinostomus_melanopterus","Animalia","Chordata",NA,"Perciformes","Gerreidae","Eucinostomus","Eucinostomus melanopterus",NA,"SPECIES","Eucinostomus melanopterus (Bleeker, 1863)","Eucinostomus melanopterus","(Bleeker, 1863)","US","Lower Laguna Madre Estuary","Texas","PRESENT",NA,"c3ad790a-d426-4ac1-8e32-da61f81f0117",26.421111,-97.354167,100,NA,NA,NA,0.25,0.15,"2008-07-16T12:49",16,7,2008,2369483,2369483,"HUMAN_OBSERVATION","TPWD","Lower Laguna Madre Bag Seine","","","",NA,"CC0_1_0","","","",NA,2025-02-06 20:42:42.155,"","CONTINENT_DERIVED_FROM_COORDINATES"
3403991386,"836204c6-f8ca-49f3-be9a-afbae64ae72c","Station_74_Date_21SEP2006:13:43:00.000_Eucinostomus_melanopterus","Animalia","Chordata",NA,"Perciformes","Gerreidae","Eucinostomus","Eucinostomus melanopterus",NA,"SPECIES","Eucinostomus melanopterus (Bleeker, 1863)","Eucinostomus melanopterus","(Bleeker, 1863)","US","Lower Laguna Madre Estuary","Texas","PRESENT",NA,"c3ad790a-d426-4ac1-8e32-da61f81f0117",26.584722,-97.432778,100,NA,NA,NA,0.25,0.25,"2006-09-21T13:43",21,9,2006,2369483,2369483,"HUMAN_OBSERVATION","TPWD","Lower Laguna Madre Bag Seine","","","",NA,"CC0_1_0","","","",NA,2025-02-06 20:42:42.136,"","CONTINENT_DERIVED_FROM_COORDINATES"
3403991359,"836204c6-f8ca-49f3-be9a-afbae64ae72c","Station_53_Date_26SEP2005:14:43:00.000_Eucinostomus_melanopterus","Animalia","Chordata",NA,"Perciformes","Gerreidae","Eucinostomus","Eucinostomus melanopterus",NA,"SPECIES","Eucinostomus melanopterus (Bleeker, 1863)","Eucinostomus melanopterus","(Bleeker, 1863)","US","Lower Laguna Madre Estuary","Texas","PRESENT",NA,"c3ad790a-d426-4ac1-8e32-da61f81f0117",26.649444,-97.450278,100,NA,NA,NA,0.3,0.3,"2005-09-26T14:43",26,9,2005,2369483,2369483,"HUMAN_OBSERVATION","TPWD","Lower Laguna Madre Bag Seine","","","",NA,"CC0_1_0","","","",NA,2025-02-06 20:42:42.131,"","CONTINENT_DERIVED_FROM_COORDINATES"
3403990485,"836204c6-f8ca-49f3-be9a-afbae64ae72c","Station_188_Date_01SEP2005:10:39:00.000_Eucinostomus_melanopterus","Animalia","Chordata",NA,"Perciformes","Gerreidae","Eucinostomus","Eucinostomus melanopterus",NA,"SPECIES","Eucinostomus melanopterus (Bleeker, 1863)","Eucinostomus melanopterus","(Bleeker, 1863)","US","Lower Laguna Madre Estuary","Texas","PRESENT",NA,"c3ad790a-d426-4ac1-8e32-da61f81f0117",26.361667,-97.32,100,NA,NA,NA,0.2,0.2,"2005-09-01T10:39",1,9,2005,2369483,2369483,"HUMAN_OBSERVATION","TPWD","Lower Laguna Madre Bag Seine","","","",NA,"CC0_1_0","","","",NA,2025-02-06 20:42:41.644,"","CONTINENT_DERIVED_FROM_COORDINATES"
3403989715,"836204c6-f8ca-49f3-be9a-afbae64ae72c","Station_374_Date_02OCT2006:11:42:00.000_Eucinostomus_melanopterus","Animalia","Chordata",NA,"Perciformes","Gerreidae","Eucinostomus","Eucinostomus melanopterus",NA,"SPECIES","Eucinostomus melanopterus (Bleeker, 1863)","Eucinostomus melanopterus","(Bleeker, 1863)","US","Lower Laguna Madre Estuary","Texas","PRESENT",NA,"c3ad790a-d426-4ac1-8e32-da61f81f0117",26.049722,-97.181944,100,NA,NA,NA,0.15,0.15,"2006-10-02T11:42",2,10,2006,2369483,2369483,"HUMAN_OBSERVATION","TPWD","Lower Laguna Madre Bag Seine","","","",NA,"CC0_1_0","","","",NA,2025-02-06 20:42:41.874,"","CONTINENT_DERIVED_FROM_COORDINATES"
3403989697,"836204c6-f8ca-49f3-be9a-afbae64ae72c","Station_360_Date_17NOV2008:16:01:00.000_Eucinostomus_melanopterus","Animalia","Chordata",NA,"Perciformes","Gerreidae","Eucinostomus","Eucinostomus melanopterus",NA,"SPECIES","Eucinostomus melanopterus (Bleeker, 1863)","Eucinostomus melanopterus","(Bleeker, 1863)","US","Lower Laguna Madre Estuary","Texas","PRESENT",NA,"c3ad790a-d426-4ac1-8e32-da61f81f0117",26.054167,-97.193611,100,NA,NA,NA,0.15,0.15,"2008-11-17T16:01",17,11,2008,2369483,2369483,"HUMAN_OBSERVATION","TPWD","Lower Laguna Madre Bag Seine","","","",NA,"CC0_1_0","","","",NA,2025-02-06 20:42:41.87,"","CONTINENT_DERIVED_FROM_COORDINATES"
3403989688,"836204c6-f8ca-49f3-be9a-afbae64ae72c","Station_348_Date_11SEP2007:10:29:00.000_Eucinostomus_melanopterus","Animalia","Chordata",NA,"Perciformes","Gerreidae","Eucinostomus","Eucinostomus melanopterus",NA,"SPECIES","Eucinostomus melanopterus (Bleeker, 1863)","Eucinostomus melanopterus","(Bleeker, 1863)","US","Lower Laguna Madre Estuary","Texas","PRESENT",NA,"c3ad790a-d426-4ac1-8e32-da61f81f0117",26.081111,-97.171111,100,NA,NA,NA,0.1,0.1,"2007-09-11T10:29",11,9,2007,2369483,2369483,"HUMAN_OBSERVATION","TPWD","Lower Laguna Madre Bag Seine","","","",NA,"CC0_1_0","","","",NA,2025-02-06 20:42:41.867,"","CONTINENT_DERIVED_FROM_COORDINATES"
3403989574,"836204c6-f8ca-49f3-be9a-afbae64ae72c","Station_282_Date_23OCT2006:17:10:00.000_Eucinostomus_melanopterus","Animalia","Chordata",NA,"Perciformes","Gerreidae","Eucinostomus","Eucinostomus melanopterus",NA,"SPECIES","Eucinostomus melanopterus (Bleeker, 1863)","Eucinostomus melanopterus","(Bleeker, 1863)","US","Lower Laguna Madre Estuary","Texas","PRESENT",NA,"c3ad790a-d426-4ac1-8e32-da61f81f0117",26.173611,-97.302778,100,NA,NA,NA,0.15,0.15,"2006-10-23T17:10",23,10,2006,2369483,2369483,"HUMAN_OBSERVATION","TPWD","Lower Laguna Madre Bag Seine","","","",NA,"CC0_1_0","","","",NA,2025-02-06 20:42:41.833,"","CONTINENT_DERIVED_FROM_COORDINATES"
3403989518,"836204c6-f8ca-49f3-be9a-afbae64ae72c","Station_224_Date_25AUG2008:14:27:00.000_Eucinostomus_melanopterus","Animalia","Chordata",NA,"Perciformes","Gerreidae","Eucinostomus","Eucinostomus melanopterus",NA,"SPECIES","Eucinostomus melanopterus (Bleeker, 1863)","Eucinostomus melanopterus","(Bleeker, 1863)","US","Lower Laguna Madre Estuary","Texas","PRESENT",NA,"c3ad790a-d426-4ac1-8e32-da61f81f0117",26.298056,-97.300556,100,NA,NA,NA,0.2,0.2,"2008-08-25T14:27",25,8,2008,2369483,2369483,"HUMAN_OBSERVATION","TPWD","Lower Laguna Madre Bag Seine","","","",NA,"CC0_1_0","","","",NA,2025-02-06 20:42:41.818,"","CONTINENT_DERIVED_FROM_COORDINATES"
3403989516,"836204c6-f8ca-49f3-be9a-afbae64ae72c","Station_224_Date_16JUL2008:11:02:00.000_Eucinostomus_melanopterus","Animalia","Chordata",NA,"Perciformes","Gerreidae","Eucinostomus","Eucinostomus melanopterus",NA,"SPECIES","Eucinostomus melanopterus (Bleeker, 1863)","Eucinostomus melanopterus","(Bleeker, 1863)","US","Lower Laguna Madre Estuary","Texas","PRESENT",NA,"c3ad790a-d426-4ac1-8e32-da61f81f0117",26.297222,-97.300833,100,NA,NA,NA,0.1,0.1,"2008-07-16T11:02",16,7,2008,2369483,2369483,"HUMAN_OBSERVATION","TPWD","Lower Laguna Madre Bag Seine","","","",NA,"CC0_1_0","","","",NA,2025-02-06 20:42:41.817,"","CONTINENT_DERIVED_FROM_COORDINATES"
3403989406,"836204c6-f8ca-49f3-be9a-afbae64ae72c","Station_88_Date_07NOV2006:15:10:00.000_Eucinostomus_melanopterus","Animalia","Chordata",NA,"Perciformes","Gerreidae","Eucinostomus","Eucinostomus melanopterus",NA,"SPECIES","Eucinostomus melanopterus (Bleeker, 1863)","Eucinostomus melanopterus","(Bleeker, 1863)","US","Lower Laguna Madre Estuary","Texas","PRESENT",NA,"c3ad790a-d426-4ac1-8e32-da61f81f0117",26.563056,-97.400278,100,NA,NA,NA,0.2,0.2,"2006-11-07T15:10",7,11,2006,2369483,2369483,"HUMAN_OBSERVATION","TPWD","Lower Laguna Madre Bag Seine","","","",NA,"CC0_1_0","","","",NA,2025-02-06 20:42:41.781,"","CONTINENT_DERIVED_FROM_COORDINATES"
3403988805,"836204c6-f8ca-49f3-be9a-afbae64ae72c","Station_348_Date_06AUG2007:12:35:00.000_Eucinostomus_melanopterus","Animalia","Chordata",NA,"Perciformes","Gerreidae","Eucinostomus","Eucinostomus melanopterus",NA,"SPECIES","Eucinostomus melanopterus (Bleeker, 1863)","Eucinostomus melanopterus","(Bleeker, 1863)","US","Lower Laguna Madre Estuary","Texas","PRESENT",NA,"c3ad790a-d426-4ac1-8e32-da61f81f0117",26.081111,-97.170833,100,NA,NA,NA,0.05,0.05,"2007-08-06T12:35",6,8,2007,2369483,2369483,"HUMAN_OBSERVATION","TPWD","Lower Laguna Madre Bag Seine","","","",NA,"CC0_1_0","","","",NA,2025-02-06 20:42:39.968,"","CONTINENT_DERIVED_FROM_COORDINATES"
3403988709,"836204c6-f8ca-49f3-be9a-afbae64ae72c","Station_292_Date_08SEP2008:11:43:00.000_Eucinostomus_melanopterus","Animalia","Chordata",NA,"Perciformes","Gerreidae","Eucinostomus","Eucinostomus melanopterus",NA,"SPECIES","Eucinostomus melanopterus (Bleeker, 1863)","Eucinostomus melanopterus","(Bleeker, 1863)","US","Lower Laguna Madre Estuary","Texas","PRESENT",NA,"c3ad790a-d426-4ac1-8e32-da61f81f0117",26.158056,-97.297222,100,NA,NA,NA,0.2,0.2,"2008-09-08T11:43",8,9,2008,2369483,2369483,"HUMAN_OBSERVATION","TPWD","Lower Laguna Madre Bag Seine","","","",NA,"CC0_1_0","","","",NA,2025-02-06 20:42:39.956,"","CONTINENT_DERIVED_FROM_COORDINATES"
3403988536,"836204c6-f8ca-49f3-be9a-afbae64ae72c","Station_112_Date_22AUG2006:12:59:00.000_Eucinostomus_melanopterus","Animalia","Chordata",NA,"Perciformes","Gerreidae","Eucinostomus","Eucinostomus melanopterus",NA,"SPECIES","Eucinostomus melanopterus (Bleeker, 1863)","Eucinostomus melanopterus","(Bleeker, 1863)","US","Lower Laguna Madre Estuary","Texas","PRESENT",NA,"c3ad790a-d426-4ac1-8e32-da61f81f0117",26.515833,-97.416111,100,NA,NA,NA,0.15,0.15,"2006-08-22T12:59",22,8,2006,2369483,2369483,"HUMAN_OBSERVATION","TPWD","Lower Laguna Madre Bag Seine","","","",NA,"CC0_1_0","","","",NA,2025-02-06 20:42:39.924,"","CONTINENT_DERIVED_FROM_COORDINATES"
3403988474,"836204c6-f8ca-49f3-be9a-afbae64ae72c","Station_60_Date_07NOV2006:16:28:00.000_Eucinostomus_melanopterus","Animalia","Chordata",NA,"Perciformes","Gerreidae","Eucinostomus","Eucinostomus melanopterus",NA,"SPECIES","Eucinostomus melanopterus (Bleeker, 1863)","Eucinostomus melanopterus","(Bleeker, 1863)","US","Lower Laguna Madre Estuary","Texas","PRESENT",NA,"c3ad790a-d426-4ac1-8e32-da61f81f0117",26.622222,-97.446389,100,NA,NA,NA,0.25,0.15,"2006-11-07T16:28",7,11,2006,2369483,2369483,"HUMAN_OBSERVATION","TPWD","Lower Laguna Madre Bag Seine","","","",NA,"CC0_1_0","","","",NA,2025-02-06 20:42:39.915,"","CONTINENT_DERIVED_FROM_COORDINATES"
3403987806,"836204c6-f8ca-49f3-be9a-afbae64ae72c","Station_360_Date_03SEP2008:12:53:00.000_Eucinostomus_melanopterus","Animalia","Chordata",NA,"Perciformes","Gerreidae","Eucinostomus","Eucinostomus melanopterus",NA,"SPECIES","Eucinostomus melanopterus (Bleeker, 1863)","Eucinostomus melanopterus","(Bleeker, 1863)","US","Lower Laguna Madre Estuary","Texas","PRESENT",NA,"c3ad790a-d426-4ac1-8e32-da61f81f0117",26.050278,-97.195833,100,NA,NA,NA,0.2,0.2,"2008-09-03T12:53",3,9,2008,2369483,2369483,"HUMAN_OBSERVATION","TPWD","Lower Laguna Madre Bag Seine","","","",NA,"CC0_1_0","","","",NA,2025-02-06 20:42:39.97,"","CONTINENT_DERIVED_FROM_COORDINATES"
3403987791,"836204c6-f8ca-49f3-be9a-afbae64ae72c","Station_347_Date_06AUG2007:11:41:00.000_Eucinostomus_melanopterus","Animalia","Chordata",NA,"Perciformes","Gerreidae","Eucinostomus","Eucinostomus melanopterus",NA,"SPECIES","Eucinostomus melanopterus (Bleeker, 1863)","Eucinostomus melanopterus","(Bleeker, 1863)","US","Lower Laguna Madre Estuary","Texas","PRESENT",NA,"c3ad790a-d426-4ac1-8e32-da61f81f0117",26.072222,-97.195833,100,NA,NA,NA,0.05,0.05,"2007-08-06T11:41",6,8,2007,2369483,2369483,"HUMAN_OBSERVATION","TPWD","Lower Laguna Madre Bag Seine","","","",NA,"CC0_1_0","","","",NA,2025-02-06 20:42:39.968,"","CONTINENT_DERIVED_FROM_COORDINATES"
3403987713,"836204c6-f8ca-49f3-be9a-afbae64ae72c","Station_301_Date_25JUN2008:10:13:00.000_Eucinostomus_melanopterus","Animalia","Chordata",NA,"Perciformes","Gerreidae","Eucinostomus","Eucinostomus melanopterus",NA,"SPECIES","Eucinostomus melanopterus (Bleeker, 1863)","Eucinostomus melanopterus","(Bleeker, 1863)","US","Lower Laguna Madre Estuary","Texas","PRESENT",NA,"c3ad790a-d426-4ac1-8e32-da61f81f0117",26.143611,-97.277222,100,NA,NA,NA,0.15,0.15,"2008-06-25T10:13",25,6,2008,2369483,2369483,"HUMAN_OBSERVATION","TPWD","Lower Laguna Madre Bag Seine","","","",NA,"CC0_1_0","","","",NA,2025-02-06 20:42:39.958,"","CONTINENT_DERIVED_FROM_COORDINATES"
3403987676,"836204c6-f8ca-49f3-be9a-afbae64ae72c","Station_282_Date_17JUL2008:11:08:00.000_Eucinostomus_melanopterus","Animalia","Chordata",NA,"Perciformes","Gerreidae","Eucinostomus","Eucinostomus melanopterus",NA,"SPECIES","Eucinostomus melanopterus (Bleeker, 1863)","Eucinostomus melanopterus","(Bleeker, 1863)","US","Lower Laguna Madre Estuary","Texas","PRESENT",NA,"c3ad790a-d426-4ac1-8e32-da61f81f0117",26.172222,-97.3025,100,NA,NA,NA,0.15,0.15,"2008-07-17T11:08",17,7,2008,2369483,2369483,"HUMAN_OBSERVATION","TPWD","Lower Laguna Madre Bag Seine","","","",NA,"CC0_1_0","","","",NA,2025-02-06 20:42:39.954,"","CONTINENT_DERIVED_FROM_COORDINATES"
3403987583,"836204c6-f8ca-49f3-be9a-afbae64ae72c","Station_178_Date_09SEP2008:12:45:00.000_Eucinostomus_melanopterus","Animalia","Chordata",NA,"Perciformes","Gerreidae","Eucinostomus","Eucinostomus melanopterus",NA,"SPECIES","Eucinostomus melanopterus (Bleeker, 1863)","Eucinostomus melanopterus","(Bleeker, 1863)","US","Lower Laguna Madre Estuary","Texas","PRESENT",NA,"c3ad790a-d426-4ac1-8e32-da61f81f0117",26.366944,-97.323611,100,NA,NA,NA,0.2,0.2,"2008-09-09T12:45",9,9,2008,2369483,2369483,"HUMAN_OBSERVATION","TPWD","Lower Laguna Madre Bag Seine","","","",NA,"CC0_1_0","","","",NA,2025-02-06 20:42:39.933,"","CONTINENT_DERIVED_FROM_COORDINATES"
3403987571,"836204c6-f8ca-49f3-be9a-afbae64ae72c","Station_169_Date_25AUG2008:14:53:00.000_Eucinostomus_melanopterus","Animalia","Chordata",NA,"Perciformes","Gerreidae","Eucinostomus","Eucinostomus melanopterus",NA,"SPECIES","Eucinostomus melanopterus (Bleeker, 1863)","Eucinostomus melanopterus","(Bleeker, 1863)","US","Lower Laguna Madre Estuary","Texas","PRESENT",NA,"c3ad790a-d426-4ac1-8e32-da61f81f0117",26.395,-97.325556,100,NA,NA,NA,0.1,0.1,"2008-08-25T14:53",25,8,2008,2369483,2369483,"HUMAN_OBSERVATION","TPWD","Lower Laguna Madre Bag Seine","","","",NA,"CC0_1_0","","","",NA,2025-02-06 20:42:39.931,"","CONTINENT_DERIVED_FROM_COORDINATES"
3403987453,"836204c6-f8ca-49f3-be9a-afbae64ae72c","Station_87_Date_21OCT2008:15:53:00.000_Eucinostomus_melanopterus","Animalia","Chordata",NA,"Perciformes","Gerreidae","Eucinostomus","Eucinostomus melanopterus",NA,"SPECIES","Eucinostomus melanopterus (Bleeker, 1863)","Eucinostomus melanopterus","(Bleeker, 1863)","US","Lower Laguna Madre Estuary","Texas","PRESENT",NA,"c3ad790a-d426-4ac1-8e32-da61f81f0117",26.559167,-97.424167,100,NA,NA,NA,0.2,0.2,"2008-10-21T15:53",21,10,2008,2369483,2369483,"HUMAN_OBSERVATION","TPWD","Lower Laguna Madre Bag Seine","","","",NA,"CC0_1_0","","","",NA,2025-02-06 20:42:39.918,"","CONTINENT_DERIVED_FROM_COORDINATES"
3403987433,"836204c6-f8ca-49f3-be9a-afbae64ae72c","Station_60_Date_19AUG2008:10:35:00.000_Eucinostomus_melanopterus","Animalia","Chordata",NA,"Perciformes","Gerreidae","Eucinostomus","Eucinostomus melanopterus",NA,"SPECIES","Eucinostomus melanopterus (Bleeker, 1863)","Eucinostomus melanopterus","(Bleeker, 1863)","US","Lower Laguna Madre Estuary","Texas","PRESENT",NA,"c3ad790a-d426-4ac1-8e32-da61f81f0117",26.620556,-97.446389,100,NA,NA,NA,0.2,0.2,"2008-08-19T10:35",19,8,2008,2369483,2369483,"HUMAN_OBSERVATION","TPWD","Lower Laguna Madre Bag Seine","","","",NA,"CC0_1_0","","","",NA,2025-02-06 20:42:39.915,"","CONTINENT_DERIVED_FROM_COORDINATES"
3403986729,"836204c6-f8ca-49f3-be9a-afbae64ae72c","Station_348_Date_10JUL2007:13:41:00.000_Eucinostomus_melanopterus","Animalia","Chordata",NA,"Perciformes","Gerreidae","Eucinostomus","Eucinostomus melanopterus",NA,"SPECIES","Eucinostomus melanopterus (Bleeker, 1863)","Eucinostomus melanopterus","(Bleeker, 1863)","US","Lower Laguna Madre Estuary","Texas","PRESENT",NA,"c3ad790a-d426-4ac1-8e32-da61f81f0117",26.078611,-97.168889,100,NA,NA,NA,0.25,0.15,"2007-07-10T13:41",10,7,2007,2369483,2369483,"HUMAN_OBSERVATION","TPWD","Lower Laguna Madre Bag Seine","","","",NA,"CC0_1_0","","","",NA,2025-02-06 20:42:41.867,"","CONTINENT_DERIVED_FROM_COORDINATES"
3403986707,"836204c6-f8ca-49f3-be9a-afbae64ae72c","Station_344_Date_15OCT2008:17:39:00.000_Eucinostomus_melanopterus","Animalia","Chordata",NA,"Perciformes","Gerreidae","Eucinostomus","Eucinostomus melanopterus",NA,"SPECIES","Eucinostomus melanopterus (Bleeker, 1863)","Eucinostomus melanopterus","(Bleeker, 1863)","US","Lower Laguna Madre Estuary","Texas","PRESENT",NA,"c3ad790a-d426-4ac1-8e32-da61f81f0117",26.079722,-97.243611,100,NA,NA,NA,0.25,0.15,"2008-10-15T17:39",15,10,2008,2369483,2369483,"HUMAN_OBSERVATION","TPWD","Lower Laguna Madre Bag Seine","","","",NA,"CC0_1_0","","","",NA,2025-02-06 20:42:41.863,"","CONTINENT_DERIVED_FROM_COORDINATES"
3403985769,"836204c6-f8ca-49f3-be9a-afbae64ae72c","Station_373_Date_02OCT2006:11:26:00.000_Eucinostomus_melanopterus","Animalia","Chordata",NA,"Perciformes","Gerreidae","Eucinostomus","Eucinostomus melanopterus",NA,"SPECIES","Eucinostomus melanopterus (Bleeker, 1863)","Eucinostomus melanopterus","(Bleeker, 1863)","US","Lower Laguna Madre Estuary","Texas","PRESENT",NA,"c3ad790a-d426-4ac1-8e32-da61f81f0117",26.048333,-97.192778,100,NA,NA,NA,0.15,0.15,"2006-10-02T11:26",2,10,2006,2369483,2369483,"HUMAN_OBSERVATION","TPWD","Lower Laguna Madre Bag Seine","","","",NA,"CC0_1_0","","","",NA,2025-02-06 20:42:41.699,"","CONTINENT_DERIVED_FROM_COORDINATES"
3403985746,"836204c6-f8ca-49f3-be9a-afbae64ae72c","Station_348_Date_06SEP2005:13:09:00.000_Eucinostomus_melanopterus","Animalia","Chordata",NA,"Perciformes","Gerreidae","Eucinostomus","Eucinostomus melanopterus",NA,"SPECIES","Eucinostomus melanopterus (Bleeker, 1863)","Eucinostomus melanopterus","(Bleeker, 1863)","US","Lower Laguna Madre Estuary","Texas","PRESENT",NA,"c3ad790a-d426-4ac1-8e32-da61f81f0117",26.079167,-97.170278,100,NA,NA,NA,0.15,0.15,"2005-09-06T13:09",6,9,2005,2369483,2369483,"HUMAN_OBSERVATION","TPWD","Lower Laguna Madre Bag Seine","","","",NA,"CC0_1_0","","","",NA,2025-02-06 20:42:41.694,"","CONTINENT_DERIVED_FROM_COORDINATES"
3403985708,"836204c6-f8ca-49f3-be9a-afbae64ae72c","Station_328_Date_25JUN2008:09:47:00.000_Eucinostomus_melanopterus","Animalia","Chordata",NA,"Perciformes","Gerreidae","Eucinostomus","Eucinostomus melanopterus",NA,"SPECIES","Eucinostomus melanopterus (Bleeker, 1863)","Eucinostomus melanopterus","(Bleeker, 1863)","US","Lower Laguna Madre Estuary","Texas","PRESENT",NA,"c3ad790a-d426-4ac1-8e32-da61f81f0117",26.097778,-97.285556,100,NA,NA,NA,0.1,0.1,"2008-06-25T09:47",25,6,2008,2369483,2369483,"HUMAN_OBSERVATION","TPWD","Lower Laguna Madre Bag Seine","","","",NA,"CC0_1_0","","","",NA,2025-02-06 20:42:41.685,"","CONTINENT_DERIVED_FROM_COORDINATES"
3403985617,"836204c6-f8ca-49f3-be9a-afbae64ae72c","Station_261_Date_19SEP2005:15:58:00.000_Eucinostomus_melanopterus","Animalia","Chordata",NA,"Perciformes","Gerreidae","Eucinostomus","Eucinostomus melanopterus",NA,"SPECIES","Eucinostomus melanopterus (Bleeker, 1863)","Eucinostomus melanopterus","(Bleeker, 1863)","US","Lower Laguna Madre Estuary","Texas","PRESENT",NA,"c3ad790a-d426-4ac1-8e32-da61f81f0117",26.231111,-97.274167,100,NA,NA,NA,0.15,0.15,"2005-09-19T15:58",19,9,2005,2369483,2369483,"HUMAN_OBSERVATION","TPWD","Lower Laguna Madre Bag Seine","","","",NA,"CC0_1_0","","","",NA,2025-02-06 20:42:41.663,"","CONTINENT_DERIVED_FROM_COORDINATES"
3403985419,"836204c6-f8ca-49f3-be9a-afbae64ae72c","Station_88_Date_17DEC2007:10:57:00.000_Eucinostomus_melanopterus","Animalia","Chordata",NA,"Perciformes","Gerreidae","Eucinostomus","Eucinostomus melanopterus",NA,"SPECIES","Eucinostomus melanopterus (Bleeker, 1863)","Eucinostomus melanopterus","(Bleeker, 1863)","US","Lower Laguna Madre Estuary","Texas","PRESENT",NA,"c3ad790a-d426-4ac1-8e32-da61f81f0117",26.564444,-97.401944,100,NA,NA,NA,0.15,0.15,"2007-12-17T10:57",17,12,2007,2369483,2369483,"HUMAN_OBSERVATION","TPWD","Lower Laguna Madre Bag Seine","","","",NA,"CC0_1_0","","","",NA,2025-02-06 20:42:41.619,"","CONTINENT_DERIVED_FROM_COORDINATES"
3403985399,"836204c6-f8ca-49f3-be9a-afbae64ae72c","Station_73_Date_19AUG2008:11:07:00.000_Eucinostomus_melanopterus","Animalia","Chordata",NA,"Perciformes","Gerreidae","Eucinostomus","Eucinostomus melanopterus",NA,"SPECIES","Eucinostomus melanopterus (Bleeker, 1863)","Eucinostomus melanopterus","(Bleeker, 1863)","US","Lower Laguna Madre Estuary","Texas","PRESENT",NA,"c3ad790a-d426-4ac1-8e32-da61f81f0117",26.594444,-97.436111,100,NA,NA,NA,0.15,0.15,"2008-08-19T11:07",19,8,2008,2369483,2369483,"HUMAN_OBSERVATION","TPWD","Lower Laguna Madre Bag Seine","","","",NA,"CC0_1_0","","","",NA,2025-02-06 20:42:41.615,"","CONTINENT_DERIVED_FROM_COORDINATES"
3403985361,"836204c6-f8ca-49f3-be9a-afbae64ae72c","Station_42_Date_08NOV2006:11:38:00.000_Eucinostomus_melanopterus","Animalia","Chordata",NA,"Perciformes","Gerreidae","Eucinostomus","Eucinostomus melanopterus",NA,"SPECIES","Eucinostomus melanopterus (Bleeker, 1863)","Eucinostomus melanopterus","(Bleeker, 1863)","US","Lower Laguna Madre Estuary","Texas","PRESENT",NA,"c3ad790a-d426-4ac1-8e32-da61f81f0117",26.675833,-97.457222,100,NA,NA,NA,0.35,0.25,"2006-11-08T11:38",8,11,2006,2369483,2369483,"HUMAN_OBSERVATION","TPWD","Lower Laguna Madre Bag Seine","","","",NA,"CC0_1_0","","","",NA,2025-02-06 20:42:41.6,"","CONTINENT_DERIVED_FROM_COORDINATES"
3403984649,"836204c6-f8ca-49f3-be9a-afbae64ae72c","Station_282_Date_20NOV2006:13:31:00.000_Eucinostomus_melanopterus","Animalia","Chordata",NA,"Perciformes","Gerreidae","Eucinostomus","Eucinostomus melanopterus",NA,"SPECIES","Eucinostomus melanopterus (Bleeker, 1863)","Eucinostomus melanopterus","(Bleeker, 1863)","US","Lower Laguna Madre Estuary","Texas","PRESENT",NA,"c3ad790a-d426-4ac1-8e32-da61f81f0117",26.173611,-97.301944,100,NA,NA,NA,0.1,0.1,"2006-11-20T13:31",20,11,2006,2369483,2369483,"HUMAN_OBSERVATION","TPWD","Lower Laguna Madre Bag Seine","","","",NA,"CC0_1_0","","","",NA,2025-02-06 20:42:40.281,"","CONTINENT_DERIVED_FROM_COORDINATES"
3403984601,"836204c6-f8ca-49f3-be9a-afbae64ae72c","Station_234_Date_07AUG2007:11:16:00.000_Eucinostomus_melanopterus","Animalia","Chordata",NA,"Perciformes","Gerreidae","Eucinostomus","Eucinostomus melanopterus",NA,"SPECIES","Eucinostomus melanopterus (Bleeker, 1863)","Eucinostomus melanopterus","(Bleeker, 1863)","US","Lower Laguna Madre Estuary","Texas","PRESENT",NA,"c3ad790a-d426-4ac1-8e32-da61f81f0117",26.281944,-97.286944,100,NA,NA,NA,0.15,0.15,"2007-08-07T11:16",7,8,2007,2369483,2369483,"HUMAN_OBSERVATION","TPWD","Lower Laguna Madre Bag Seine","","","",NA,"CC0_1_0","","","",NA,2025-02-06 20:42:40.268,"","CONTINENT_DERIVED_FROM_COORDINATES"
3403984547,"836204c6-f8ca-49f3-be9a-afbae64ae72c","Station_178_Date_04OCT2006:14:08:00.000_Eucinostomus_melanopterus","Animalia","Chordata",NA,"Perciformes","Gerreidae","Eucinostomus","Eucinostomus melanopterus",NA,"SPECIES","Eucinostomus melanopterus (Bleeker, 1863)","Eucinostomus melanopterus","(Bleeker, 1863)","US","Lower Laguna Madre Estuary","Texas","PRESENT",NA,"c3ad790a-d426-4ac1-8e32-da61f81f0117",26.367778,-97.329722,100,NA,NA,NA,0.15,0.15,"2006-10-04T14:08",4,10,2006,2369483,2369483,"HUMAN_OBSERVATION","TPWD","Lower Laguna Madre Bag Seine","","","",NA,"CC0_1_0","","","",NA,2025-02-06 20:42:40.261,"","CONTINENT_DERIVED_FROM_COORDINATES"
3403984538,"836204c6-f8ca-49f3-be9a-afbae64ae72c","Station_177_Date_02AUG2006:13:34:00.000_Eucinostomus_melanopterus","Animalia","Chordata",NA,"Perciformes","Gerreidae","Eucinostomus","Eucinostomus melanopterus",NA,"SPECIES","Eucinostomus melanopterus (Bleeker, 1863)","Eucinostomus melanopterus","(Bleeker, 1863)","US","Lower Laguna Madre Estuary","Texas","PRESENT",NA,"c3ad790a-d426-4ac1-8e32-da61f81f0117",26.376944,-97.335278,100,NA,NA,NA,0.2,0.1,"2006-08-02T13:34",2,8,2006,2369483,2369483,"HUMAN_OBSERVATION","TPWD","Lower Laguna Madre Bag Seine","","","",NA,"CC0_1_0","","","",NA,2025-02-06 20:42:40.26,"","CONTINENT_DERIVED_FROM_COORDINATES"
3403984399,"836204c6-f8ca-49f3-be9a-afbae64ae72c","Station_53_Date_21SEP2006:12:33:00.000_Eucinostomus_melanopterus","Animalia","Chordata",NA,"Perciformes","Gerreidae","Eucinostomus","Eucinostomus melanopterus",NA,"SPECIES","Eucinostomus melanopterus (Bleeker, 1863)","Eucinostomus melanopterus","(Bleeker, 1863)","US","Lower Laguna Madre Estuary","Texas","PRESENT",NA,"c3ad790a-d426-4ac1-8e32-da61f81f0117",26.649167,-97.45,100,NA,NA,NA,0.2,0.2,"2006-09-21T12:33",21,9,2006,2369483,2369483,"HUMAN_OBSERVATION","TPWD","Lower Laguna Madre Bag Seine","","","",NA,"CC0_1_0","","","",NA,2025-02-06 20:42:40.242,"","CONTINENT_DERIVED_FROM_COORDINATES"
3403983614,"836204c6-f8ca-49f3-be9a-afbae64ae72c","Station_335_Date_22MAY2006:11:45:00.000_Eucinostomus_melanopterus","Animalia","Chordata",NA,"Perciformes","Gerreidae","Eucinostomus","Eucinostomus melanopterus",NA,"SPECIES","Eucinostomus melanopterus (Bleeker, 1863)","Eucinostomus melanopterus","(Bleeker, 1863)","US","Lower Laguna Madre Estuary","Texas","PRESENT",NA,"c3ad790a-d426-4ac1-8e32-da61f81f0117",26.085,-97.170278,100,NA,NA,NA,0.1,0.1,"2006-05-22T11:45",22,5,2006,2369483,2369483,"HUMAN_OBSERVATION","TPWD","Lower Laguna Madre Bag Seine","","","",NA,"CC0_1_0","","","",NA,2025-02-06 20:42:42.197,"","CONTINENT_DERIVED_FROM_COORDINATES"
3403983524,"836204c6-f8ca-49f3-be9a-afbae64ae72c","Station_289_Date_11NOV2008:09:24:00.000_Eucinostomus_melanopterus","Animalia","Chordata",NA,"Perciformes","Gerreidae","Eucinostomus","Eucinostomus melanopterus",NA,"SPECIES","Eucinostomus melanopterus (Bleeker, 1863)","Eucinostomus melanopterus","(Bleeker, 1863)","US","Lower Laguna Madre Estuary","Texas","PRESENT",NA,"c3ad790a-d426-4ac1-8e32-da61f81f0117",26.181944,-97.185278,100,NA,NA,NA,0.15,0.15,"2008-11-11T09:24",11,11,2008,2369483,2369483,"HUMAN_OBSERVATION","TPWD","Lower Laguna Madre Bag Seine","","","",NA,"CC0_1_0","","","",NA,2025-02-06 20:42:42.181,"","CONTINENT_DERIVED_FROM_COORDINATES"
3403983512,"836204c6-f8ca-49f3-be9a-afbae64ae72c","Station_270_Date_11SEP2006:17:33:00.000_Eucinostomus_melanopterus","Animalia","Chordata",NA,"Perciformes","Gerreidae","Eucinostomus","Eucinostomus melanopterus",NA,"SPECIES","Eucinostomus melanopterus (Bleeker, 1863)","Eucinostomus melanopterus","(Bleeker, 1863)","US","Lower Laguna Madre Estuary","Texas","PRESENT",NA,"c3ad790a-d426-4ac1-8e32-da61f81f0117",26.201667,-97.265278,100,NA,NA,NA,0.15,0.15,"2006-09-11T17:33",11,9,2006,2369483,2369483,"HUMAN_OBSERVATION","TPWD","Lower Laguna Madre Bag Seine","","","",NA,"CC0_1_0","","","",NA,2025-02-06 20:42:42.177,"","CONTINENT_DERIVED_FROM_COORDINATES"
3403983472,"836204c6-f8ca-49f3-be9a-afbae64ae72c","Station_217_Date_11DEC2006:12:37:00.000_Eucinostomus_melanopterus","Animalia","Chordata",NA,"Perciformes","Gerreidae","Eucinostomus","Eucinostomus melanopterus",NA,"SPECIES","Eucinostomus melanopterus (Bleeker, 1863)","Eucinostomus melanopterus","(Bleeker, 1863)","US","Lower Laguna Madre Estuary","Texas","PRESENT",NA,"c3ad790a-d426-4ac1-8e32-da61f81f0117",26.309167,-97.304444,100,NA,NA,NA,0.15,0.15,"2006-12-11T12:37",11,12,2006,2369483,2369483,"HUMAN_OBSERVATION","TPWD","Lower Laguna Madre Bag Seine","","","",NA,"CC0_1_0","","","",NA,2025-02-06 20:42:42.166,"","CONTINENT_DERIVED_FROM_COORDINATES"
3403983409,"836204c6-f8ca-49f3-be9a-afbae64ae72c","Station_154_Date_08OCT2008:15:10:00.000_Eucinostomus_melanopterus","Animalia","Chordata",NA,"Perciformes","Gerreidae","Eucinostomus","Eucinostomus melanopterus",NA,"SPECIES","Eucinostomus melanopterus (Bleeker, 1863)","Eucinostomus melanopterus","(Bleeker, 1863)","US","Lower Laguna Madre Estuary","Texas","PRESENT",NA,"c3ad790a-d426-4ac1-8e32-da61f81f0117",26.43,-97.3575,100,NA,NA,NA,0.15,0.15,"2008-10-08T15:10",8,10,2008,2369483,2369483,"HUMAN_OBSERVATION","TPWD","Lower Laguna Madre Bag Seine","","","",NA,"CC0_1_0","","","",NA,2025-02-06 20:42:42.155,"","CONTINENT_DERIVED_FROM_COORDINATES"
3403983011,"836204c6-f8ca-49f3-be9a-afbae64ae72c","Station_25_Date_11AUG2008:11:49:00.000_Eucinostomus_melanopterus","Animalia","Chordata",NA,"Perciformes","Gerreidae","Eucinostomus","Eucinostomus melanopterus",NA,"SPECIES","Eucinostomus melanopterus (Bleeker, 1863)","Eucinostomus melanopterus","(Bleeker, 1863)","US","Lower Laguna Madre Estuary","Texas","PRESENT",NA,"c3ad790a-d426-4ac1-8e32-da61f81f0117",26.726389,-97.467222,100,NA,NA,NA,0.15,0.15,"2008-08-11T11:49",11,8,2008,2369483,2369483,"HUMAN_OBSERVATION","TPWD","Lower Laguna Madre Bag Seine","","","",NA,"CC0_1_0","","","",NA,2025-02-06 20:42:42.065,"","CONTINENT_DERIVED_FROM_COORDINATES"
3403981126,"836204c6-f8ca-49f3-be9a-afbae64ae72c","Station_28_Date_11AUG2008:12:14:00.000_Eucinostomus_melanopterus","Animalia","Chordata",NA,"Perciformes","Gerreidae","Eucinostomus","Eucinostomus melanopterus",NA,"SPECIES","Eucinostomus melanopterus (Bleeker, 1863)","Eucinostomus melanopterus","(Bleeker, 1863)","US","Lower Laguna Madre Estuary","Texas","PRESENT",NA,"c3ad790a-d426-4ac1-8e32-da61f81f0117",26.722222,-97.428333,100,NA,NA,NA,0.1,0.1,"2008-08-11T12:14",11,8,2008,2369483,2369483,"HUMAN_OBSERVATION","TPWD","Lower Laguna Madre Bag Seine","","","",NA,"CC0_1_0","","","",NA,2025-02-06 20:42:41.702,"","CONTINENT_DERIVED_FROM_COORDINATES"
3403980728,"836204c6-f8ca-49f3-be9a-afbae64ae72c","Station_6_Date_08NOV2006:12:48:00.000_Eucinostomus_melanopterus","Animalia","Chordata",NA,"Perciformes","Gerreidae","Eucinostomus","Eucinostomus melanopterus",NA,"SPECIES","Eucinostomus melanopterus (Bleeker, 1863)","Eucinostomus melanopterus","(Bleeker, 1863)","US","Lower Laguna Madre Estuary","Texas","PRESENT",NA,"c3ad790a-d426-4ac1-8e32-da61f81f0117",26.788056,-97.476111,100,NA,NA,NA,0.25,0.15,"2006-11-08T12:48",8,11,2006,2369483,2369483,"HUMAN_OBSERVATION","TPWD","Lower Laguna Madre Bag Seine","","","",NA,"CC0_1_0","","","",NA,2025-02-06 20:42:41.595,"","CONTINENT_DERIVED_FROM_COORDINATES"
3403976096,"836204c6-f8ca-49f3-be9a-afbae64ae72c","Station_28_Date_20OCT2008:17:55:00.000_Eucinostomus_melanopterus","Animalia","Chordata",NA,"Perciformes","Gerreidae","Eucinostomus","Eucinostomus melanopterus",NA,"SPECIES","Eucinostomus melanopterus (Bleeker, 1863)","Eucinostomus melanopterus","(Bleeker, 1863)","US","Lower Laguna Madre Estuary","Texas","PRESENT",NA,"c3ad790a-d426-4ac1-8e32-da61f81f0117",26.723056,-97.417222,100,NA,NA,NA,0.2,0.2,"2008-10-20T17:55",20,10,2008,2369483,2369483,"HUMAN_OBSERVATION","TPWD","Lower Laguna Madre Bag Seine","","","",NA,"CC0_1_0","","","",NA,2025-02-06 20:42:41.544,"","CONTINENT_DERIVED_FROM_COORDINATES"
3403974740,"836204c6-f8ca-49f3-be9a-afbae64ae72c","Station_6_Date_20NOV2007:12:26:00.000_Eucinostomus_melanopterus","Animalia","Chordata",NA,"Perciformes","Gerreidae","Eucinostomus","Eucinostomus melanopterus",NA,"SPECIES","Eucinostomus melanopterus (Bleeker, 1863)","Eucinostomus melanopterus","(Bleeker, 1863)","US","Lower Laguna Madre Estuary","Texas","PRESENT",NA,"c3ad790a-d426-4ac1-8e32-da61f81f0117",26.797222,-97.476944,100,NA,NA,NA,0.15,0.15,"2007-11-20T12:26",20,11,2007,2369483,2369483,"HUMAN_OBSERVATION","TPWD","Lower Laguna Madre Bag Seine","","","",NA,"CC0_1_0","","","",NA,2025-02-06 20:42:40.144,"","CONTINENT_DERIVED_FROM_COORDINATES"
3384851735,"50c9509d-22c7-4a22-a47d-8c48425ef4a7","https://www.inaturalist.org/observations/95614291","Animalia","Chordata",NA,"Perciformes","Gerreidae","Eucinostomus","Eucinostomus melanopterus",NA,"SPECIES","Eucinostomus melanopterus (Bleeker, 1863)","Eucinostomus melanopterus","","US","","Florida","PRESENT",NA,"28eb1a3f-1c15-4a95-931a-4af90ecb574d",25.469801,-80.338015,360,NA,NA,NA,NA,NA,"2019-03-09T12:20:34",9,3,2019,2369483,2369483,"HUMAN_OBSERVATION","iNaturalist","Observations","95614291","","Christian Weston Chandler creator of Sonichu",2021-09-21 02:12:01,"CC_BY_NC_4_0","Christian Weston Chandler creator of Sonichu","Christian Weston Chandler creator of Sonichu","",NA,2025-06-07 00:44:25.946,"StillImage","COORDINATE_ROUNDED;CONTINENT_DERIVED_FROM_COORDINATES;TAXON_MATCH_TAXON_ID_IGNORED"
3335358396,"50c9509d-22c7-4a22-a47d-8c48425ef4a7","https://www.inaturalist.org/observations/75739811","Animalia","Chordata",NA,"Perciformes","Gerreidae","Eucinostomus","Eucinostomus melanopterus",NA,"SPECIES","Eucinostomus melanopterus (Bleeker, 1863)","Eucinostomus melanopterus","","US","","Florida","PRESENT",NA,"28eb1a3f-1c15-4a95-931a-4af90ecb574d",24.790498,-80.889656,93,NA,NA,NA,NA,NA,"2021-04-29T13:58",29,4,2021,2369483,2369483,"HUMAN_OBSERVATION","iNaturalist","Observations","75739811","","Kent Miller",2021-05-04 17:52:01,"CC_BY_4_0","Kent Miller","Kent Miller","",NA,2025-06-07 02:38:01.205,"StillImage","COORDINATE_ROUNDED;CONTINENT_DERIVED_FROM_COORDINATES;TAXON_MATCH_TAXON_ID_IGNORED"
3068100368,"50c9509d-22c7-4a22-a47d-8c48425ef4a7","https://www.inaturalist.org/observations/68326934","Animalia","Chordata",NA,"Perciformes","Gerreidae","Eucinostomus","Eucinostomus melanopterus",NA,"SPECIES","Eucinostomus melanopterus (Bleeker, 1863)","Eucinostomus melanopterus","","NI","","Atlántico Sur","PRESENT",NA,"28eb1a3f-1c15-4a95-931a-4af90ecb574d",11.508611,-83.774513,122,NA,NA,NA,NA,NA,"2013-11-07T12:51",7,11,2013,2369483,2369483,"HUMAN_OBSERVATION","iNaturalist","Observations","68326934","","fredturt43",2021-03-22 14:25:31,"CC_BY_NC_4_0","Eric van den Berghe","Eric van den Berghe","",NA,2025-06-06 23:57:31.11,"StillImage","COORDINATE_ROUNDED;CONTINENT_DERIVED_FROM_COORDINATES;TAXON_MATCH_TAXON_ID_IGNORED"
2983282439,"ab737ce0-2dab-427d-8806-f4654de1ec50","UNIVALLE:Seaflower-Peces2019:135","Animalia","Chordata",NA,"Perciformes","Gerreidae","Eucinostomus","Eucinostomus melanopterus",NA,"SPECIES","Eucinostomus melanopterus (Bleeker, 1863)","Eucinostomus melanopterus","(Bleeker, 1863)","CO","Providencia y Santa catalina","Archipiélago de San Andrés, Providencia y Santa Catalina","PRESENT",NA,"85be57ed-f187-49c9-b7ff-eaa622e06217",13.362722,-81.405056,NA,NA,18.5,18.5,12.25,10.75,"2019-09-22/2019-10-01",NA,NA,2019,2369483,2369483,"HUMAN_OBSERVATION","Universidad del Valle (UniValle)","","","135","Jose Tavera;Arturo Acero",2019-09-22,"CC_BY_NC_4_0","","Jose Tavera I Arturo Acero I Nacor Bolaños","",NA,2025-02-01 00:10:34.777,"","CONTINENT_COORDINATE_MISMATCH"
2980819530,"50c9509d-22c7-4a22-a47d-8c48425ef4a7","https://www.inaturalist.org/observations/62897823","Animalia","Chordata",NA,"Perciformes","Gerreidae","Eucinostomus","Eucinostomus melanopterus",NA,"SPECIES","Eucinostomus melanopterus (Bleeker, 1863)","Eucinostomus melanopterus","","GA","","Ogooué-Maritime","PRESENT",NA,"28eb1a3f-1c15-4a95-931a-4af90ecb574d",-0.989292,8.94418,19,NA,NA,NA,NA,NA,"2020-10-06T17:03:21",6,10,2020,2369483,2369483,"HUMAN_OBSERVATION","iNaturalist","Observations","62897823","","Emanuele Santarelli",2020-10-19 07:27:54,"CC_BY_NC_4_0","joe_cutler","joe_cutler","",NA,2025-06-07 01:42:17.682,"StillImage","COORDINATE_ROUNDED;CONTINENT_DERIVED_FROM_COORDINATES;TAXON_MATCH_TAXON_ID_IGNORED"
2979732376,"6ab92616-e7f9-47a9-8dd6-d7d129fafd08","UNAL-UNIVALLE:Seaflower-ICProvidencia2019:BI:Pec135","Animalia","Chordata",NA,"Perciformes","Gerreidae","Eucinostomus","Eucinostomus melanopterus",NA,"SPECIES","Eucinostomus melanopterus (Bleeker, 1863)","Eucinostomus melanopterus","(Bleeker, 1863)","CO","Providencia y Santa Catalina","Archipiélago de San Andrés, Providencia y Santa Catalina","PRESENT",NA,"eac88d99-9f6c-4031-8fc4-8088f0e0dfe7",13.3635,-81.3535,NA,NA,18.5,18.5,NA,NA,"2019-09-22",22,9,2019,2369483,2369483,"HUMAN_OBSERVATION","Universidad Nacional de Colombia (UNAL)","","","Pec135","Arturo Acero-Pizarro;José-Julian Tavera;Alejandra Puentes Sayo;Natalia Rivas Escobar",NA,"CC_BY_NC_4_0","Universidad Nacional de Colombia | Universidad del Valle","Arturo Acero-Pizarro;José-Julian Tavera;Alejandra Puentes Sayo;Natalia Rivas Escobar","",NA,2025-01-31 21:42:10.223,"","CONTINENT_COORDINATE_MISMATCH"
2634235831,"50c9509d-22c7-4a22-a47d-8c48425ef4a7","https://www.inaturalist.org/observations/46820476","Animalia","Chordata",NA,"Perciformes","Gerreidae","Eucinostomus","Eucinostomus melanopterus",NA,"SPECIES","Eucinostomus melanopterus (Bleeker, 1863)","Eucinostomus melanopterus","","CU","","Matanzas","PRESENT",NA,"28eb1a3f-1c15-4a95-931a-4af90ecb574d",22.279387,-81.197252,28,NA,NA,NA,NA,NA,"2018-10-28T02:55",28,10,2018,2369483,2369483,"HUMAN_OBSERVATION","iNaturalist","Observations","46820476","","Thomas Menut",2020-05-22 08:50:16,"CC_BY_NC_4_0","Thomas Menut","Thomas Menut","",NA,2025-06-06 23:54:07.967,"StillImage","COORDINATE_ROUNDED;CONTINENT_DERIVED_FROM_COORDINATES;TAXON_MATCH_TAXON_ID_IGNORED"
2529307113,"50c9509d-22c7-4a22-a47d-8c48425ef4a7","https://www.inaturalist.org/observations/30099428","Animalia","Chordata",NA,"Perciformes","Gerreidae","Eucinostomus","Eucinostomus melanopterus",NA,"SPECIES","Eucinostomus melanopterus (Bleeker, 1863)","Eucinostomus melanopterus","","JM","","Saint Ann","PRESENT",NA,"28eb1a3f-1c15-4a95-931a-4af90ecb574d",18.460075,-77.35175,NA,NA,NA,NA,NA,NA,"2018-02-18T16:57:48",18,2,2018,2369483,2369483,"HUMAN_OBSERVATION","iNaturalist","Observations","30099428","","mwbirdco",2019-08-03 13:35:23,"CC_BY_NC_4_0","mwbirdco","mwbirdco","",NA,2025-06-07 00:32:59.413,"StillImage","CONTINENT_DERIVED_FROM_COORDINATES;TAXON_MATCH_TAXON_ID_IGNORED"
2517943023,"50c9509d-22c7-4a22-a47d-8c48425ef4a7","https://www.inaturalist.org/observations/15391322","Animalia","Chordata",NA,"Perciformes","Gerreidae","Eucinostomus","Eucinostomus melanopterus",NA,"SPECIES","Eucinostomus melanopterus (Bleeker, 1863)","Eucinostomus melanopterus","","MX","","Veracruz","PRESENT",NA,"28eb1a3f-1c15-4a95-931a-4af90ecb574d",19.588459,-96.379939,1,NA,NA,NA,NA,NA,"2018-06-28T09:51",28,6,2018,2369483,2369483,"HUMAN_OBSERVATION","iNaturalist","Observations","15391322","","pmk00001",2018-11-28 14:32:33,"CC_BY_4_0","Tereso Hernández Morales","Tereso Hernández Morales","",NA,2025-06-07 00:25:40.374,"StillImage","COORDINATE_ROUNDED;CONTINENT_DERIVED_FROM_COORDINATES;TAXON_MATCH_TAXON_ID_IGNORED"
2517943021,"50c9509d-22c7-4a22-a47d-8c48425ef4a7","https://www.inaturalist.org/observations/15391898","Animalia","Chordata",NA,"Perciformes","Gerreidae","Eucinostomus","Eucinostomus melanopterus",NA,"SPECIES","Eucinostomus melanopterus (Bleeker, 1863)","Eucinostomus melanopterus","","MX","","Veracruz","PRESENT",NA,"28eb1a3f-1c15-4a95-931a-4af90ecb574d",19.588422,-96.379934,1,NA,NA,NA,NA,NA,"2018-06-28T09:54",28,6,2018,2369483,2369483,"HUMAN_OBSERVATION","iNaturalist","Observations","15391898","","pmk00001",2018-11-28 14:29:38,"CC_BY_4_0","Tereso Hernández Morales","Tereso Hernández Morales","",NA,2025-06-07 02:32:20.198,"StillImage","COORDINATE_ROUNDED;CONTINENT_DERIVED_FROM_COORDINATES;TAXON_MATCH_TAXON_ID_IGNORED"
2517943019,"50c9509d-22c7-4a22-a47d-8c48425ef4a7","https://www.inaturalist.org/observations/15391321","Animalia","Chordata",NA,"Perciformes","Gerreidae","Eucinostomus","Eucinostomus melanopterus",NA,"SPECIES","Eucinostomus melanopterus (Bleeker, 1863)","Eucinostomus melanopterus","","MX","","Veracruz","PRESENT",NA,"28eb1a3f-1c15-4a95-931a-4af90ecb574d",19.588453,-96.379938,8,NA,NA,NA,NA,NA,"2018-06-28T09:51",28,6,2018,2369483,2369483,"HUMAN_OBSERVATION","iNaturalist","Observations","15391321","","pmk00001",2018-11-28 14:32:47,"CC_BY_4_0","Tereso Hernández Morales","Tereso Hernández Morales","",NA,2025-06-07 00:25:48.557,"StillImage","COORDINATE_ROUNDED;CONTINENT_DERIVED_FROM_COORDINATES;TAXON_MATCH_TAXON_ID_IGNORED"
2465041321,"2ba30ed2-6f82-480c-a892-4c8749508324","2019_AN_0980","Animalia","Chordata",NA,"Perciformes","Gerreidae","Eucinostomus","Eucinostomus melanopterus",NA,"SPECIES","Gerres melanopterus Bleeker, 1863","Gerres melanopterus (Bleeker, 1863)","","BJ","PN Pendjari","Atakora","PRESENT",NA,"633602e8-4c6f-4619-b433-c4968da3ed08",10.9333,1.1166,NA,NA,NA,NA,NA,NA,"2005",NA,NA,2005,2369486,2369483,"HUMAN_OBSERVATION","LEA","Faune du Bénin","LEA_2019_AN0980","","",NA,"CC_BY_4_0","","","",NA,2025-01-31 18:53:37.658,"","GEODETIC_DATUM_ASSUMED_WGS84"
2350356379,"50c9509d-22c7-4a22-a47d-8c48425ef4a7","https://www.inaturalist.org/observations/30540768","Animalia","Chordata",NA,"Perciformes","Gerreidae","Eucinostomus","Eucinostomus melanopterus",NA,"SPECIES","Eucinostomus melanopterus (Bleeker, 1863)","Eucinostomus melanopterus","","US","","Alabama","PRESENT",NA,"28eb1a3f-1c15-4a95-931a-4af90ecb574d",30.232187,-88.114569,5,NA,NA,NA,NA,NA,"2019-08-09T15:45:17",9,8,2019,2369483,2369483,"HUMAN_OBSERVATION","iNaturalist","Observations","30540768","","G Key",2019-08-10 14:48:49,"CC0_1_0","G Key","G Key","",NA,2025-06-07 00:32:54.258,"StillImage","COORDINATE_ROUNDED;CONTINENT_DERIVED_FROM_COORDINATES;TAXON_MATCH_TAXON_ID_IGNORED"
2147523347,"4d3215ae-45aa-4391-9bac-599ead810450","MAG:ARR-CENSOS-PECES-887","Animalia","Chordata",NA,"Perciformes","Gerreidae","Eucinostomus","Eucinostomus melanopterus",NA,"SPECIES","Eucinostomus melanopterus (Bleeker, 1863)","Eucinostomus melanopterus","(Bleeker, 1863)","CO","Bahía de Gaira","Magdalena","PRESENT",NA,"9a21807b-b9c5-4071-b393-764f3cd58abc",11.21917,-74.24058,NA,NA,NA,NA,NA,NA,"2018-05-23",23,5,2018,2369483,2369483,"HUMAN_OBSERVATION","MoAm SAS","","","","",NA,"CC_BY_NC_4_0","MoAm SAS | CORPAMAG","","",NA,2025-01-31 20:23:26.051,"",""
2028452873,"50c9509d-22c7-4a22-a47d-8c48425ef4a7","https://www.inaturalist.org/observations/21264114","Animalia","Chordata",NA,"Perciformes","Gerreidae","Eucinostomus","Eucinostomus melanopterus",NA,"SPECIES","Eucinostomus melanopterus (Bleeker, 1863)","Eucinostomus melanopterus","","BS","","South Eleuthera","PRESENT",NA,"28eb1a3f-1c15-4a95-931a-4af90ecb574d",24.816773,-76.313017,8,NA,NA,NA,NA,NA,"2018-07-10",10,7,2018,2369483,2369483,"HUMAN_OBSERVATION","iNaturalist","Observations","21264114","","Derek Garvey",2019-03-15 19:02:34,"CC_BY_NC_4_0","Derek Garvey","Derek Garvey","",NA,2025-06-07 01:21:27.251,"StillImage","COORDINATE_ROUNDED;CONTINENT_DERIVED_FROM_COORDINATES;TAXON_MATCH_TAXON_ID_IGNORED"
1948733986,"50c9509d-22c7-4a22-a47d-8c48425ef4a7","https://www.inaturalist.org/observations/15391888","Animalia","Chordata",NA,"Perciformes","Gerreidae","Eucinostomus","Eucinostomus melanopterus",NA,"SPECIES","Eucinostomus melanopterus (Bleeker, 1863)","Eucinostomus melanopterus","","MX","","Veracruz","PRESENT",NA,"28eb1a3f-1c15-4a95-931a-4af90ecb574d",19.588416,-96.37993,1,NA,NA,NA,NA,NA,"2018-06-28T09:50",28,6,2018,2369483,2369483,"HUMAN_OBSERVATION","iNaturalist","Observations","15391888","","pmk00001",2018-08-13 17:52:40,"CC_BY_4_0","Tereso Hernández Morales","Tereso Hernández Morales","",NA,2025-06-06 23:49:19.603,"StillImage","COORDINATE_ROUNDED;CONTINENT_DERIVED_FROM_COORDINATES;TAXON_MATCH_TAXON_ID_IGNORED"
1948733895,"50c9509d-22c7-4a22-a47d-8c48425ef4a7","https://www.inaturalist.org/observations/15391323","Animalia","Chordata",NA,"Perciformes","Gerreidae","Eucinostomus","Eucinostomus melanopterus",NA,"SPECIES","Eucinostomus melanopterus (Bleeker, 1863)","Eucinostomus melanopterus","","MX","","Veracruz","PRESENT",NA,"28eb1a3f-1c15-4a95-931a-4af90ecb574d",19.588463,-96.379944,1,NA,NA,NA,NA,NA,"2018-06-28T09:51",28,6,2018,2369483,2369483,"HUMAN_OBSERVATION","iNaturalist","Observations","15391323","","pmk00001",2018-08-13 17:54:36,"CC_BY_4_0","Tereso Hernández Morales","Tereso Hernández Morales","",NA,2025-06-07 00:30:05.535,"StillImage","COORDINATE_ROUNDED;CONTINENT_DERIVED_FROM_COORDINATES;TAXON_MATCH_TAXON_ID_IGNORED"
1948733894,"50c9509d-22c7-4a22-a47d-8c48425ef4a7","https://www.inaturalist.org/observations/15390791","Animalia","Chordata",NA,"Perciformes","Gerreidae","Eucinostomus","Eucinostomus melanopterus",NA,"SPECIES","Eucinostomus melanopterus (Bleeker, 1863)","Eucinostomus melanopterus","","MX","","Veracruz","PRESENT",NA,"28eb1a3f-1c15-4a95-931a-4af90ecb574d",19.588502,-96.379986,1,NA,NA,NA,NA,NA,"2018-06-28T09:54",28,6,2018,2369483,2369483,"HUMAN_OBSERVATION","iNaturalist","Observations","15390791","","pmk00001",2018-08-13 17:55:11,"CC_BY_4_0","Tereso Hernández Morales","Tereso Hernández Morales","",NA,2025-06-07 01:12:10.128,"StillImage","COORDINATE_ROUNDED;CONTINENT_DERIVED_FROM_COORDINATES;TAXON_MATCH_TAXON_ID_IGNORED"
1895319224,"fdf166f4-f045-476e-8b16-529b83ced33a","2943047902ec3ad88ffcc9e6495ec8b5","Animalia","Chordata",NA,"Perciformes","Gerreidae","Eucinostomus","Eucinostomus melanopterus",NA,"SPECIES","Eucinostomus melanopterus (Bleeker, 1863)","Eucinostomus melanopterus","(Bleeker, 1863)","MX","Arrecife Lobos, planicie arrecifal","","PRESENT",1,"ff90b050-c256-11db-b71b-b8a03c50a862",21.473139,-97.227028,70,NA,0,0,0.5,0.5,"2007-04-22",22,4,2007,2369483,2369483,"HUMAN_OBSERVATION","FCBA-UV","","NO APLICA","","González Gándara C.; Argüelles Jiménez J.; De la Cruz Francisco V.",NA,"CC_BY_4_0","Comisión Nacional para el Conocimiento y Uso de la Biodiversidad (CONABIO)","González Gándara C.; Argüelles Jiménez J.; De la Cruz Francisco V.","NotAType",NA,2025-04-09 06:53:18.488,"","COORDINATE_ROUNDED;GEODETIC_DATUM_ASSUMED_WGS84;CONTINENT_DERIVED_FROM_COORDINATES;TAXON_MATCH_SCIENTIFIC_NAME_ID_IGNORED;TAXON_MATCH_TAXON_ID_IGNORED;DEPTH_MIN_MAX_SWAPPED;OCCURRENCE_STATUS_INFERRED_FROM_INDIVIDUAL_COUNT"
1895319099,"fdf166f4-f045-476e-8b16-529b83ced33a","8cf26ecb570bd374316b30069c74d532","Animalia","Chordata",NA,"Perciformes","Gerreidae","Eucinostomus","Eucinostomus melanopterus",NA,"SPECIES","Eucinostomus melanopterus (Bleeker, 1863)","Eucinostomus melanopterus","(Bleeker, 1863)","MX","Arrecife Lobos, planicie arrecifal","","PRESENT",1,"ff90b050-c256-11db-b71b-b8a03c50a862",21.473222,-97.22775,70,NA,0,0,0.5,0.5,"2007-04-21",21,4,2007,2369483,2369483,"HUMAN_OBSERVATION","FCBA-UV","","NO APLICA","","González Gándara C.; Argüelles Jiménez J.; De la Cruz Francisco V.",NA,"CC_BY_4_0","Comisión Nacional para el Conocimiento y Uso de la Biodiversidad (CONABIO)","González Gándara C.; Argüelles Jiménez J.; De la Cruz Francisco V.","NotAType",NA,2025-04-09 06:53:18.669,"","COORDINATE_ROUNDED;GEODETIC_DATUM_ASSUMED_WGS84;CONTINENT_DERIVED_FROM_COORDINATES;TAXON_MATCH_SCIENTIFIC_NAME_ID_IGNORED;TAXON_MATCH_TAXON_ID_IGNORED;DEPTH_MIN_MAX_SWAPPED;OCCURRENCE_STATUS_INFERRED_FROM_INDIVIDUAL_COUNT"
1847411463,"50c9509d-22c7-4a22-a47d-8c48425ef4a7","https://www.inaturalist.org/observations/10455876","Animalia","Chordata",NA,"Perciformes","Gerreidae","Eucinostomus","Eucinostomus melanopterus",NA,"SPECIES","Eucinostomus melanopterus (Bleeker, 1863)","Eucinostomus melanopterus","","GD","","Saint George","PRESENT",NA,"28eb1a3f-1c15-4a95-931a-4af90ecb574d",12.022408,-61.766421,22,NA,NA,NA,NA,NA,"2018-03-16T17:29:01",16,3,2018,2369483,2369483,"HUMAN_OBSERVATION","iNaturalist","Observations","10455876","","Spencer Lott",2018-03-27 21:40:42,"CC_BY_NC_4_0","Spencer Lott","Spencer Lott","",NA,2025-06-07 00:45:14.096,"StillImage","COORDINATE_ROUNDED;CONTINENT_DERIVED_FROM_COORDINATES;TAXON_MATCH_TAXON_ID_IGNORED"
1836575387,"50c9509d-22c7-4a22-a47d-8c48425ef4a7","https://www.inaturalist.org/observations/10083968","Animalia","Chordata",NA,"Perciformes","Gerreidae","Eucinostomus","Eucinostomus melanopterus",NA,"SPECIES","Eucinostomus melanopterus (Bleeker, 1863)","Eucinostomus melanopterus","","US","","Texas","PRESENT",NA,"28eb1a3f-1c15-4a95-931a-4af90ecb574d",28.494657,-96.502946,55,NA,NA,NA,NA,NA,"2016-11-04",4,11,2016,2369483,2369483,"HUMAN_OBSERVATION","iNaturalist","Observations","10083968","","Jon McIntyre",2018-03-04 20:43:33,"CC_BY_NC_4_0","""Robert J. """"Bob"""" Nuelle, Jr. AICEZS""","""Robert J. """"Bob"""" Nuelle, Jr. AICEZS""","",NA,2025-06-07 02:31:52.352,"StillImage","CONTINENT_DERIVED_FROM_COORDINATES;TAXON_MATCH_TAXON_ID_IGNORED"
1829415054,"11348e7a-b7ce-44ce-8112-1b18828f029d","MarineGEO_RLS_CBC4_2015-09-18T14:26:00_eme_2_5_Zach Foltz","Animalia","Chordata",NA,"Perciformes","Gerreidae","Eucinostomus","Eucinostomus melanopterus",NA,"SPECIES","Eucinostomus melanopterus (Bleeker, 1863)","Eucinostomus melanopterus","(Bleeker, 1863)","BZ","","","PRESENT",NA,"c3ad790a-d426-4ac1-8e32-da61f81f0117",16.80807,-88.14677,50,NA,NA,NA,2,0,"2015-09-18T14:26",18,9,2015,2369483,2369483,"HUMAN_OBSERVATION","","","","","",NA,"CC0_1_0","","","",NA,2025-01-31 17:43:57.855,"","GEODETIC_DATUM_ASSUMED_WGS84;COUNTRY_DERIVED_FROM_COORDINATES;CONTINENT_DERIVED_FROM_COORDINATES"
1829414646,"11348e7a-b7ce-44ce-8112-1b18828f029d","MarineGEO_RLS_CBC15_2015-09-22T09:30:00_eme_2_5_Zach Foltz","Animalia","Chordata",NA,"Perciformes","Gerreidae","Eucinostomus","Eucinostomus melanopterus",NA,"SPECIES","Eucinostomus melanopterus (Bleeker, 1863)","Eucinostomus melanopterus","(Bleeker, 1863)","BZ","","","PRESENT",NA,"c3ad790a-d426-4ac1-8e32-da61f81f0117",16.878533,-88.092642,50,NA,NA,NA,2,0,"2015-09-22T09:30",22,9,2015,2369483,2369483,"HUMAN_OBSERVATION","","","","","",NA,"CC0_1_0","","","",NA,2025-01-31 17:43:57.842,"","GEODETIC_DATUM_ASSUMED_WGS84;COUNTRY_DERIVED_FROM_COORDINATES;CONTINENT_DERIVED_FROM_COORDINATES"
1829414174,"11348e7a-b7ce-44ce-8112-1b18828f029d","MarineGEO_RLS_CBC10_2015-09-20T10:00:00_eme_2_5_Zach Foltz","Animalia","Chordata",NA,"Perciformes","Gerreidae","Eucinostomus","Eucinostomus melanopterus",NA,"SPECIES","Eucinostomus melanopterus (Bleeker, 1863)","Eucinostomus melanopterus","(Bleeker, 1863)","BZ","","","PRESENT",NA,"c3ad790a-d426-4ac1-8e32-da61f81f0117",16.828775,-88.104778,50,NA,NA,NA,1,0,"2015-09-20T10:00",20,9,2015,2369483,2369483,"HUMAN_OBSERVATION","","","","","",NA,"CC0_1_0","","","",NA,2025-01-31 17:43:57.965,"","GEODETIC_DATUM_ASSUMED_WGS84;COUNTRY_DERIVED_FROM_COORDINATES;CONTINENT_DERIVED_FROM_COORDINATES"
1806332320,"50c9509d-22c7-4a22-a47d-8c48425ef4a7","https://www.inaturalist.org/observations/9398728","Animalia","Chordata",NA,"Perciformes","Gerreidae","Eucinostomus","Eucinostomus melanopterus",NA,"SPECIES","Eucinostomus melanopterus (Bleeker, 1863)","Eucinostomus melanopterus","","US","","Texas","PRESENT",NA,"28eb1a3f-1c15-4a95-931a-4af90ecb574d",27.620695,-97.222686,7,NA,NA,NA,NA,NA,"2018-01-07T17:40:09",7,1,2018,2369483,2369483,"HUMAN_OBSERVATION","iNaturalist","Observations","9398728","","Jon McIntyre",2018-01-07 23:55:13,"CC_BY_NC_4_0","Jon McIntyre","Jon McIntyre","",NA,2025-06-07 00:43:07.1,"StillImage","CONTINENT_DERIVED_FROM_COORDINATES;TAXON_MATCH_TAXON_ID_IGNORED"
1699379342,"50c9509d-22c7-4a22-a47d-8c48425ef4a7","https://www.inaturalist.org/observations/8605198","Animalia","Chordata",NA,"Perciformes","Gerreidae","Eucinostomus","Eucinostomus melanopterus",NA,"SPECIES","Eucinostomus melanopterus (Bleeker, 1863)","Eucinostomus melanopterus","","US","","Texas","PRESENT",NA,"28eb1a3f-1c15-4a95-931a-4af90ecb574d",27.737633,-97.136838,22,NA,NA,NA,NA,NA,"2017-10-29T14:22:49",29,10,2017,2369483,2369483,"HUMAN_OBSERVATION","iNaturalist","Observations","8605198","","Jon McIntyre",2017-10-29 21:19:43,"CC_BY_NC_4_0","Jon McIntyre","Jon McIntyre","",NA,2025-06-07 00:38:24.411,"StillImage","COORDINATE_ROUNDED;CONTINENT_DERIVED_FROM_COORDINATES;TAXON_MATCH_TAXON_ID_IGNORED"
1699370154,"50c9509d-22c7-4a22-a47d-8c48425ef4a7","https://www.inaturalist.org/observations/8575942","Animalia","Chordata",NA,"Perciformes","Gerreidae","Eucinostomus","Eucinostomus melanopterus",NA,"SPECIES","Eucinostomus melanopterus (Bleeker, 1863)","Eucinostomus melanopterus","","US","","Texas","PRESENT",NA,"28eb1a3f-1c15-4a95-931a-4af90ecb574d",27.625084,-97.208856,22,NA,NA,NA,NA,NA,"2017-10-27T09:27:49",27,10,2017,2369483,2369483,"HUMAN_OBSERVATION","iNaturalist","Observations","8575942","","Jon McIntyre",2017-10-27 15:36:12,"CC_BY_NC_4_0","Jon McIntyre","Jon McIntyre","",NA,2025-06-07 02:31:36.859,"StillImage","COORDINATE_ROUNDED;CONTINENT_DERIVED_FROM_COORDINATES;TAXON_MATCH_TAXON_ID_IGNORED"
1453258679,"50c9509d-22c7-4a22-a47d-8c48425ef4a7","http://www.inaturalist.org/observations/4679521","Animalia","Chordata",NA,"Perciformes","Gerreidae","Eucinostomus","Eucinostomus melanopterus",NA,"SPECIES","Eucinostomus melanopterus (Bleeker, 1863)","Eucinostomus melanopterus","","US","","Texas","PRESENT",NA,"28eb1a3f-1c15-4a95-931a-4af90ecb574d",27.62759,-97.21694,22,NA,NA,NA,NA,NA,"2016-12-02T10:01:43",2,12,2016,2369483,2369483,"HUMAN_OBSERVATION","iNaturalist","Observations","4679521","","Jon McIntyre",2016-12-02 16:50:42,"CC_BY_NC_4_0","Jon McIntyre","Jon McIntyre","",NA,2025-06-07 00:13:58.212,"StillImage","COORDINATE_ROUNDED;CONTINENT_DERIVED_FROM_COORDINATES;TAXON_MATCH_TAXON_ID_IGNORED"
1426042096,"41f549a6-c7ae-4460-8b2b-3333b1a036cd","SN_SineSaloum_S3BS5_52_5_GME","Animalia","Chordata",NA,"Perciformes","Gerreidae","Eucinostomus","Eucinostomus melanopterus",NA,"SPECIES","Eucinostomus melanopterus (Bleeker, 1863)","Eucinostomus melanopterus","(Bleeker, 1863)","SN","","","PRESENT",4,"3b5161b7-9831-4444-9822-a60df4df107d",13.8347,-16.4042,NA,NA,0,NA,3.5,NA,"2007-10-26",26,10,2007,2369483,2369483,"HUMAN_OBSERVATION","IRD","PPEAO_Pechexp","PPEAO_Pechexp_27095","","TITO DE MORAIS Luis, SADIO Oumar",2007-10-26,"CC_BY_NC_4_0","","TITO DE MORAIS Luis, SADIO Oumar","",NA,2025-01-31 19:58:48.261,"","GEODETIC_DATUM_ASSUMED_WGS84;OCCURRENCE_STATUS_INFERRED_FROM_INDIVIDUAL_COUNT"
1426042088,"41f549a6-c7ae-4460-8b2b-3333b1a036cd","SN_SineSaloum_S3BS2_52_2_GME","Animalia","Chordata",NA,"Perciformes","Gerreidae","Eucinostomus","Eucinostomus melanopterus",NA,"SPECIES","Eucinostomus melanopterus (Bleeker, 1863)","Eucinostomus melanopterus","(Bleeker, 1863)","SN","","","PRESENT",1,"3b5161b7-9831-4444-9822-a60df4df107d",13.8558,-16.4337,NA,NA,0,NA,4.4,NA,"2007-10-26",26,10,2007,2369483,2369483,"HUMAN_OBSERVATION","IRD","PPEAO_Pechexp","PPEAO_Pechexp_27077","","TITO DE MORAIS Luis, SADIO Oumar",2007-10-26,"CC_BY_NC_4_0","","TITO DE MORAIS Luis, SADIO Oumar","",NA,2025-01-31 19:58:50.103,"","GEODETIC_DATUM_ASSUMED_WGS84;OCCURRENCE_STATUS_INFERRED_FROM_INDIVIDUAL_COUNT"
1426042083,"41f549a6-c7ae-4460-8b2b-3333b1a036cd","SN_SineSaloum_S3BS4_52_4_GME","Animalia","Chordata",NA,"Perciformes","Gerreidae","Eucinostomus","Eucinostomus melanopterus",NA,"SPECIES","Eucinostomus melanopterus (Bleeker, 1863)","Eucinostomus melanopterus","(Bleeker, 1863)","SN","","","PRESENT",3,"3b5161b7-9831-4444-9822-a60df4df107d",13.8337,-16.4142,NA,NA,0,NA,2,NA,"2007-10-26",26,10,2007,2369483,2369483,"HUMAN_OBSERVATION","IRD","PPEAO_Pechexp","PPEAO_Pechexp_27087","","TITO DE MORAIS Luis, SADIO Oumar",2007-10-26,"CC_BY_NC_4_0","","TITO DE MORAIS Luis, SADIO Oumar","",NA,2025-01-31 19:58:45.261,"","GEODETIC_DATUM_ASSUMED_WGS84;OCCURRENCE_STATUS_INFERRED_FROM_INDIVIDUAL_COUNT"
1426042081,"41f549a6-c7ae-4460-8b2b-3333b1a036cd","SN_SineSaloum_S3BS3_52_3_GME","Animalia","Chordata",NA,"Perciformes","Gerreidae","Eucinostomus","Eucinostomus melanopterus",NA,"SPECIES","Eucinostomus melanopterus (Bleeker, 1863)","Eucinostomus melanopterus","(Bleeker, 1863)","SN","","","PRESENT",4,"3b5161b7-9831-4444-9822-a60df4df107d",13.8478,-16.4245,NA,NA,0,NA,3,NA,"2007-10-26",26,10,2007,2369483,2369483,"HUMAN_OBSERVATION","IRD","PPEAO_Pechexp","PPEAO_Pechexp_27081","","TITO DE MORAIS Luis, SADIO Oumar",2007-10-26,"CC_BY_NC_4_0","","TITO DE MORAIS Luis, SADIO Oumar","",NA,2025-01-31 19:58:48.838,"","GEODETIC_DATUM_ASSUMED_WGS84;OCCURRENCE_STATUS_INFERRED_FROM_INDIVIDUAL_COUNT"
1426042066,"41f549a6-c7ae-4460-8b2b-3333b1a036cd","SN_SineSaloum_S3B13_51_5_GME","Animalia","Chordata",NA,"Perciformes","Gerreidae","Eucinostomus","Eucinostomus melanopterus",NA,"SPECIES","Eucinostomus melanopterus (Bleeker, 1863)","Eucinostomus melanopterus","(Bleeker, 1863)","SN","","","PRESENT",72,"3b5161b7-9831-4444-9822-a60df4df107d",13.8423,-16.461,NA,NA,0,NA,6,NA,"2007-05-10",10,5,2007,2369483,2369483,"HUMAN_OBSERVATION","IRD","PPEAO_Pechexp","PPEAO_Pechexp_27050","","TITO DE MORAIS Luis, SADIO Oumar",NA,"CC_BY_NC_4_0","","TITO DE MORAIS Luis, SADIO Oumar","",NA,2025-01-31 19:58:48.169,"","GEODETIC_DATUM_ASSUMED_WGS84;RECORDED_DATE_INVALID;IDENTIFIED_DATE_INVALID;OCCURRENCE_STATUS_INFERRED_FROM_INDIVIDUAL_COUNT"
1426042056,"41f549a6-c7ae-4460-8b2b-3333b1a036cd","SN_SineSaloum_S3B14_51_6_GME","Animalia","Chordata",NA,"Perciformes","Gerreidae","Eucinostomus","Eucinostomus melanopterus",NA,"SPECIES","Eucinostomus melanopterus (Bleeker, 1863)","Eucinostomus melanopterus","(Bleeker, 1863)","SN","","","PRESENT",62,"3b5161b7-9831-4444-9822-a60df4df107d",13.8362,-16.4565,NA,NA,0,NA,4.2,NA,"2007-05-10",10,5,2007,2369483,2369483,"HUMAN_OBSERVATION","IRD","PPEAO_Pechexp","PPEAO_Pechexp_27059","","TITO DE MORAIS Luis, SADIO Oumar",NA,"CC_BY_NC_4_0","","TITO DE MORAIS Luis, SADIO Oumar","",NA,2025-01-31 19:58:47.019,"","GEODETIC_DATUM_ASSUMED_WGS84;RECORDED_DATE_INVALID;IDENTIFIED_DATE_INVALID;OCCURRENCE_STATUS_INFERRED_FROM_INDIVIDUAL_COUNT"
1426042029,"41f549a6-c7ae-4460-8b2b-3333b1a036cd","SN_SineSaloum_S3B09_42_39_GME","Animalia","Chordata",NA,"Perciformes","Gerreidae","Eucinostomus","Eucinostomus melanopterus",NA,"SPECIES","Eucinostomus melanopterus (Bleeker, 1863)","Eucinostomus melanopterus","(Bleeker, 1863)","SN","","","PRESENT",106,"3b5161b7-9831-4444-9822-a60df4df107d",13.819,-16.4748,NA,NA,0,NA,4.3,NA,"2006-05-20",20,5,2006,2369483,2369483,"HUMAN_OBSERVATION","IRD","PPEAO_Pechexp","PPEAO_Pechexp_26989","","ALBARET Jean-Jacques, TITO DE MORAIS Luis, RAFFRAY Jean, SADIO Oumar",2006-05-20,"CC_BY_NC_4_0","","ALBARET Jean-Jacques, TITO DE MORAIS Luis, RAFFRAY Jean, SADIO Oumar","",NA,2025-01-31 19:58:46.857,"","GEODETIC_DATUM_ASSUMED_WGS84;OCCURRENCE_STATUS_INFERRED_FROM_INDIVIDUAL_COUNT"
1426042025,"41f549a6-c7ae-4460-8b2b-3333b1a036cd","SN_SineSaloum_S3B11_51_3_GME","Animalia","Chordata",NA,"Perciformes","Gerreidae","Eucinostomus","Eucinostomus melanopterus",NA,"SPECIES","Eucinostomus melanopterus (Bleeker, 1863)","Eucinostomus melanopterus","(Bleeker, 1863)","SN","","","PRESENT",94,"3b5161b7-9831-4444-9822-a60df4df107d",13.8365,-16.4662,NA,NA,0,NA,3.1,NA,"2007-05-10",10,5,2007,2369483,2369483,"HUMAN_OBSERVATION","IRD","PPEAO_Pechexp","PPEAO_Pechexp_27021","","TITO DE MORAIS Luis, SADIO Oumar",NA,"CC_BY_NC_4_0","","TITO DE MORAIS Luis, SADIO Oumar","",NA,2025-01-31 19:58:51.252,"","GEODETIC_DATUM_ASSUMED_WGS84;RECORDED_DATE_INVALID;IDENTIFIED_DATE_INVALID;OCCURRENCE_STATUS_INFERRED_FROM_INDIVIDUAL_COUNT"
1426042011,"41f549a6-c7ae-4460-8b2b-3333b1a036cd","SN_SineSaloum_S3B12_51_4_GME","Animalia","Chordata",NA,"Perciformes","Gerreidae","Eucinostomus","Eucinostomus melanopterus",NA,"SPECIES","Eucinostomus melanopterus (Bleeker, 1863)","Eucinostomus melanopterus","(Bleeker, 1863)","SN","","","PRESENT",142,"3b5161b7-9831-4444-9822-a60df4df107d",13.8383,-16.4683,NA,NA,0,NA,3.2,NA,"2007-05-10",10,5,2007,2369483,2369483,"HUMAN_OBSERVATION","IRD","PPEAO_Pechexp","PPEAO_Pechexp_27037","","TITO DE MORAIS Luis, SADIO Oumar",NA,"CC_BY_NC_4_0","","TITO DE MORAIS Luis, SADIO Oumar","",NA,2025-01-31 19:58:44.325,"","GEODETIC_DATUM_ASSUMED_WGS84;RECORDED_DATE_INVALID;IDENTIFIED_DATE_INVALID;OCCURRENCE_STATUS_INFERRED_FROM_INDIVIDUAL_COUNT"
1426042002,"41f549a6-c7ae-4460-8b2b-3333b1a036cd","SN_SineSaloum_S3B07_42_37_GME","Animalia","Chordata",NA,"Perciformes","Gerreidae","Eucinostomus","Eucinostomus melanopterus",NA,"SPECIES","Eucinostomus melanopterus (Bleeker, 1863)","Eucinostomus melanopterus","(Bleeker, 1863)","SN","","","PRESENT",2,"3b5161b7-9831-4444-9822-a60df4df107d",13.8227,-16.496,NA,NA,0,NA,4.9,NA,"2006-05-20",20,5,2006,2369483,2369483,"HUMAN_OBSERVATION","IRD","PPEAO_Pechexp","PPEAO_Pechexp_26966","","ALBARET Jean-Jacques, TITO DE MORAIS Luis, RAFFRAY Jean, SADIO Oumar",2006-05-20,"CC_BY_NC_4_0","","ALBARET Jean-Jacques, TITO DE MORAIS Luis, RAFFRAY Jean, SADIO Oumar","",NA,2025-01-31 19:58:46.935,"","GEODETIC_DATUM_ASSUMED_WGS84;OCCURRENCE_STATUS_INFERRED_FROM_INDIVIDUAL_COUNT"
1426041991,"41f549a6-c7ae-4460-8b2b-3333b1a036cd","SN_SineSaloum_S3B08_42_38_GME","Animalia","Chordata",NA,"Perciformes","Gerreidae","Eucinostomus","Eucinostomus melanopterus",NA,"SPECIES","Eucinostomus melanopterus (Bleeker, 1863)","Eucinostomus melanopterus","(Bleeker, 1863)","SN","","","PRESENT",17,"3b5161b7-9831-4444-9822-a60df4df107d",13.8353,-16.4943,NA,NA,0,NA,5.6,NA,"2006-05-20",20,5,2006,2369483,2369483,"HUMAN_OBSERVATION","IRD","PPEAO_Pechexp","PPEAO_Pechexp_26977","","ALBARET Jean-Jacques, TITO DE MORAIS Luis, RAFFRAY Jean, SADIO Oumar",2006-05-20,"CC_BY_NC_4_0","","ALBARET Jean-Jacques, TITO DE MORAIS Luis, RAFFRAY Jean, SADIO Oumar","",NA,2025-01-31 19:58:52.203,"","GEODETIC_DATUM_ASSUMED_WGS84;OCCURRENCE_STATUS_INFERRED_FROM_INDIVIDUAL_COUNT"
1426041990,"41f549a6-c7ae-4460-8b2b-3333b1a036cd","SN_SineSaloum_S3B10_51_1_GME","Animalia","Chordata",NA,"Perciformes","Gerreidae","Eucinostomus","Eucinostomus melanopterus",NA,"SPECIES","Eucinostomus melanopterus (Bleeker, 1863)","Eucinostomus melanopterus","(Bleeker, 1863)","SN","","","PRESENT",166,"3b5161b7-9831-4444-9822-a60df4df107d",13.84,-16.462,NA,NA,0,NA,3.7,NA,"2007-05-10",10,5,2007,2369483,2369483,"HUMAN_OBSERVATION","IRD","PPEAO_Pechexp","PPEAO_Pechexp_26996","","TITO DE MORAIS Luis, SADIO Oumar",NA,"CC_BY_NC_4_0","","TITO DE MORAIS Luis, SADIO Oumar","",NA,2025-01-31 19:58:46.715,"","GEODETIC_DATUM_ASSUMED_WGS84;RECORDED_DATE_INVALID;IDENTIFIED_DATE_INVALID;OCCURRENCE_STATUS_INFERRED_FROM_INDIVIDUAL_COUNT"
1426041988,"41f549a6-c7ae-4460-8b2b-3333b1a036cd","SN_SineSaloum_S3B03_51_2_GME","Animalia","Chordata",NA,"Perciformes","Gerreidae","Eucinostomus","Eucinostomus melanopterus",NA,"SPECIES","Eucinostomus melanopterus (Bleeker, 1863)","Eucinostomus melanopterus","(Bleeker, 1863)","SN","","","PRESENT",137,"3b5161b7-9831-4444-9822-a60df4df107d",13.8352,-16.4675,NA,NA,0,NA,5.7,NA,"2007-05-10",10,5,2007,2369483,2369483,"HUMAN_OBSERVATION","IRD","PPEAO_Pechexp","PPEAO_Pechexp_27011","","TITO DE MORAIS Luis, SADIO Oumar",NA,"CC_BY_NC_4_0","","TITO DE MORAIS Luis, SADIO Oumar","",NA,2025-01-31 19:58:46.713,"","GEODETIC_DATUM_ASSUMED_WGS84;RECORDED_DATE_INVALID;IDENTIFIED_DATE_INVALID;OCCURRENCE_STATUS_INFERRED_FROM_INDIVIDUAL_COUNT"
1426041981,"41f549a6-c7ae-4460-8b2b-3333b1a036cd","SN_SineSaloum_S6DN5_42_33_GME","Animalia","Chordata",NA,"Perciformes","Gerreidae","Eucinostomus","Eucinostomus melanopterus",NA,"SPECIES","Eucinostomus melanopterus (Bleeker, 1863)","Eucinostomus melanopterus","(Bleeker, 1863)","SN","","","PRESENT",6,"3b5161b7-9831-4444-9822-a60df4df107d",13.961,-16.6288,NA,NA,0,NA,7.4,NA,"2006-05-19",19,5,2006,2369483,2369483,"HUMAN_OBSERVATION","IRD","PPEAO_Pechexp","PPEAO_Pechexp_26941","","ALBARET Jean-Jacques, TITO DE MORAIS Luis, RAFFRAY Jean, SADIO Oumar",2006-05-19,"CC_BY_NC_4_0","","ALBARET Jean-Jacques, TITO DE MORAIS Luis, RAFFRAY Jean, SADIO Oumar","",NA,2025-01-31 19:58:44.629,"","GEODETIC_DATUM_ASSUMED_WGS84;OCCURRENCE_STATUS_INFERRED_FROM_INDIVIDUAL_COUNT"
1426041961,"41f549a6-c7ae-4460-8b2b-3333b1a036cd","SN_SineSaloum_S6DN9_42_36_GME","Animalia","Chordata",NA,"Perciformes","Gerreidae","Eucinostomus","Eucinostomus melanopterus",NA,"SPECIES","Eucinostomus melanopterus (Bleeker, 1863)","Eucinostomus melanopterus","(Bleeker, 1863)","SN","","","PRESENT",22,"3b5161b7-9831-4444-9822-a60df4df107d",13.951,-16.5893,NA,NA,0,NA,4.1,NA,"2006-05-20",20,5,2006,2369483,2369483,"HUMAN_OBSERVATION","IRD","PPEAO_Pechexp","PPEAO_Pechexp_26963","","ALBARET Jean-Jacques, TITO DE MORAIS Luis, RAFFRAY Jean, SADIO Oumar",2006-05-20,"CC_BY_NC_4_0","","ALBARET Jean-Jacques, TITO DE MORAIS Luis, RAFFRAY Jean, SADIO Oumar","",NA,2025-01-31 19:58:46.206,"","GEODETIC_DATUM_ASSUMED_WGS84;OCCURRENCE_STATUS_INFERRED_FROM_INDIVIDUAL_COUNT"
1426041950,"41f549a6-c7ae-4460-8b2b-3333b1a036cd","SN_SineSaloum_S6DN8_42_35_GME","Animalia","Chordata",NA,"Perciformes","Gerreidae","Eucinostomus","Eucinostomus melanopterus",NA,"SPECIES","Eucinostomus melanopterus (Bleeker, 1863)","Eucinostomus melanopterus","(Bleeker, 1863)","SN","","","PRESENT",16,"3b5161b7-9831-4444-9822-a60df4df107d",13.9452,-16.5968,NA,NA,0,NA,4,NA,"2006-05-20",20,5,2006,2369483,2369483,"HUMAN_OBSERVATION","IRD","PPEAO_Pechexp","PPEAO_Pechexp_26954","","ALBARET Jean-Jacques, TITO DE MORAIS Luis, RAFFRAY Jean, SADIO Oumar",2006-05-20,"CC_BY_NC_4_0","","ALBARET Jean-Jacques, TITO DE MORAIS Luis, RAFFRAY Jean, SADIO Oumar","",NA,2025-01-31 19:58:51.652,"","GEODETIC_DATUM_ASSUMED_WGS84;OCCURRENCE_STATUS_INFERRED_FROM_INDIVIDUAL_COUNT"
1426041947,"41f549a6-c7ae-4460-8b2b-3333b1a036cd","SN_SineSaloum_S6DN7_42_34_GME","Animalia","Chordata",NA,"Perciformes","Gerreidae","Eucinostomus","Eucinostomus melanopterus",NA,"SPECIES","Eucinostomus melanopterus (Bleeker, 1863)","Eucinostomus melanopterus","(Bleeker, 1863)","SN","","","PRESENT",68,"3b5161b7-9831-4444-9822-a60df4df107d",13.9412,-16.6223,NA,NA,0,NA,5.2,NA,"2006-05-20",20,5,2006,2369483,2369483,"HUMAN_OBSERVATION","IRD","PPEAO_Pechexp","PPEAO_Pechexp_26945","","ALBARET Jean-Jacques, TITO DE MORAIS Luis, RAFFRAY Jean, SADIO Oumar",2006-05-20,"CC_BY_NC_4_0","","ALBARET Jean-Jacques, TITO DE MORAIS Luis, RAFFRAY Jean, SADIO Oumar","",NA,2025-01-31 19:58:47.038,"","GEODETIC_DATUM_ASSUMED_WGS84;OCCURRENCE_STATUS_INFERRED_FROM_INDIVIDUAL_COUNT"
1426041944,"41f549a6-c7ae-4460-8b2b-3333b1a036cd","SN_SineSaloum_S6DN3_42_30_GME","Animalia","Chordata",NA,"Perciformes","Gerreidae","Eucinostomus","Eucinostomus melanopterus",NA,"SPECIES","Eucinostomus melanopterus (Bleeker, 1863)","Eucinostomus melanopterus","(Bleeker, 1863)","SN","","","PRESENT",24,"3b5161b7-9831-4444-9822-a60df4df107d",13.957,-16.6217,NA,NA,0,NA,8.3,NA,"2006-05-19",19,5,2006,2369483,2369483,"HUMAN_OBSERVATION","IRD","PPEAO_Pechexp","PPEAO_Pechexp_26928","","ALBARET Jean-Jacques, TITO DE MORAIS Luis, RAFFRAY Jean, SADIO Oumar",2006-05-19,"CC_BY_NC_4_0","","ALBARET Jean-Jacques, TITO DE MORAIS Luis, RAFFRAY Jean, SADIO Oumar","",NA,2025-01-31 19:58:48.251,"","GEODETIC_DATUM_ASSUMED_WGS84;OCCURRENCE_STATUS_INFERRED_FROM_INDIVIDUAL_COUNT"
1426041939,"41f549a6-c7ae-4460-8b2b-3333b1a036cd","SN_SineSaloum_S6DN4_42_31_GME","Animalia","Chordata",NA,"Perciformes","Gerreidae","Eucinostomus","Eucinostomus melanopterus",NA,"SPECIES","Eucinostomus melanopterus (Bleeker, 1863)","Eucinostomus melanopterus","(Bleeker, 1863)","SN","","","PRESENT",13,"3b5161b7-9831-4444-9822-a60df4df107d",13.9592,-16.6178,NA,NA,0,NA,5.6,NA,"2006-05-19",19,5,2006,2369483,2369483,"HUMAN_OBSERVATION","IRD","PPEAO_Pechexp","PPEAO_Pechexp_26933","","ALBARET Jean-Jacques, TITO DE MORAIS Luis, RAFFRAY Jean, SADIO Oumar",2006-05-19,"CC_BY_NC_4_0","","ALBARET Jean-Jacques, TITO DE MORAIS Luis, RAFFRAY Jean, SADIO Oumar","",NA,2025-01-31 19:58:46.357,"","GEODETIC_DATUM_ASSUMED_WGS84;OCCURRENCE_STATUS_INFERRED_FROM_INDIVIDUAL_COUNT"
1426041932,"41f549a6-c7ae-4460-8b2b-3333b1a036cd","SN_SineSaloum_S6DN6_42_32_GME","Animalia","Chordata",NA,"Perciformes","Gerreidae","Eucinostomus","Eucinostomus melanopterus",NA,"SPECIES","Eucinostomus melanopterus (Bleeker, 1863)","Eucinostomus melanopterus","(Bleeker, 1863)","SN","","","PRESENT",45,"3b5161b7-9831-4444-9822-a60df4df107d",13.9478,-16.6323,NA,NA,0,NA,3.7,NA,"2006-05-19",19,5,2006,2369483,2369483,"HUMAN_OBSERVATION","IRD","PPEAO_Pechexp","PPEAO_Pechexp_26940","","ALBARET Jean-Jacques, TITO DE MORAIS Luis, RAFFRAY Jean, SADIO Oumar",2006-05-19,"CC_BY_NC_4_0","","ALBARET Jean-Jacques, TITO DE MORAIS Luis, RAFFRAY Jean, SADIO Oumar","",NA,2025-01-31 19:58:44.648,"","GEODETIC_DATUM_ASSUMED_WGS84;OCCURRENCE_STATUS_INFERRED_FROM_INDIVIDUAL_COUNT"
1426041920,"41f549a6-c7ae-4460-8b2b-3333b1a036cd","SN_SineSaloum_S7ND6_42_26_GME","Animalia","Chordata",NA,"Perciformes","Gerreidae","Eucinostomus","Eucinostomus melanopterus",NA,"SPECIES","Eucinostomus melanopterus (Bleeker, 1863)","Eucinostomus melanopterus","(Bleeker, 1863)","SN","","","PRESENT",1,"3b5161b7-9831-4444-9822-a60df4df107d",14.0872,-16.5473,NA,NA,0,NA,5.6,NA,"2006-05-18",18,5,2006,2369483,2369483,"HUMAN_OBSERVATION","IRD","PPEAO_Pechexp","PPEAO_Pechexp_26901","","ALBARET Jean-Jacques, TITO DE MORAIS Luis, RAFFRAY Jean, SADIO Oumar",2006-05-18,"CC_BY_NC_4_0","","ALBARET Jean-Jacques, TITO DE MORAIS Luis, RAFFRAY Jean, SADIO Oumar","",NA,2025-01-31 19:58:50.153,"","GEODETIC_DATUM_ASSUMED_WGS84;OCCURRENCE_STATUS_INFERRED_FROM_INDIVIDUAL_COUNT"
1426041919,"41f549a6-c7ae-4460-8b2b-3333b1a036cd","SN_SineSaloum_S7ND7_42_27_GME","Animalia","Chordata",NA,"Perciformes","Gerreidae","Eucinostomus","Eucinostomus melanopterus",NA,"SPECIES","Eucinostomus melanopterus (Bleeker, 1863)","Eucinostomus melanopterus","(Bleeker, 1863)","SN","","","PRESENT",2,"3b5161b7-9831-4444-9822-a60df4df107d",14.0278,-16.5932,NA,NA,0,NA,10.8,NA,"2006-05-19",19,5,2006,2369483,2369483,"HUMAN_OBSERVATION","IRD","PPEAO_Pechexp","PPEAO_Pechexp_26908","","ALBARET Jean-Jacques, TITO DE MORAIS Luis, RAFFRAY Jean, SADIO Oumar",2006-05-19,"CC_BY_NC_4_0","","ALBARET Jean-Jacques, TITO DE MORAIS Luis, RAFFRAY Jean, SADIO Oumar","",NA,2025-01-31 19:58:47.922,"","GEODETIC_DATUM_ASSUMED_WGS84;OCCURRENCE_STATUS_INFERRED_FROM_INDIVIDUAL_COUNT"
1426041900,"41f549a6-c7ae-4460-8b2b-3333b1a036cd","SN_SineSaloum_S6DN2_42_29_GME","Animalia","Chordata",NA,"Perciformes","Gerreidae","Eucinostomus","Eucinostomus melanopterus",NA,"SPECIES","Eucinostomus melanopterus (Bleeker, 1863)","Eucinostomus melanopterus","(Bleeker, 1863)","SN","","","PRESENT",1,"3b5161b7-9831-4444-9822-a60df4df107d",13.9652,-16.6325,NA,NA,0,NA,4,NA,"2006-05-19",19,5,2006,2369483,2369483,"HUMAN_OBSERVATION","IRD","PPEAO_Pechexp","PPEAO_Pechexp_26918","","ALBARET Jean-Jacques, TITO DE MORAIS Luis, RAFFRAY Jean, SADIO Oumar",2006-05-19,"CC_BY_NC_4_0","","ALBARET Jean-Jacques, TITO DE MORAIS Luis, RAFFRAY Jean, SADIO Oumar","",NA,2025-01-31 19:58:49.602,"","GEODETIC_DATUM_ASSUMED_WGS84;OCCURRENCE_STATUS_INFERRED_FROM_INDIVIDUAL_COUNT"
1426041897,"41f549a6-c7ae-4460-8b2b-3333b1a036cd","SN_SineSaloum_S7ND4_42_23_GME","Animalia","Chordata",NA,"Perciformes","Gerreidae","Eucinostomus","Eucinostomus melanopterus",NA,"SPECIES","Eucinostomus melanopterus (Bleeker, 1863)","Eucinostomus melanopterus","(Bleeker, 1863)","SN","","","PRESENT",4,"3b5161b7-9831-4444-9822-a60df4df107d",14.053,-16.5657,NA,NA,0,NA,6,NA,"2006-05-18",18,5,2006,2369483,2369483,"HUMAN_OBSERVATION","IRD","PPEAO_Pechexp","PPEAO_Pechexp_26879","","ALBARET Jean-Jacques, TITO DE MORAIS Luis, RAFFRAY Jean, SADIO Oumar",2006-05-18,"CC_BY_NC_4_0","","ALBARET Jean-Jacques, TITO DE MORAIS Luis, RAFFRAY Jean, SADIO Oumar","",NA,2025-01-31 19:58:45.739,"","GEODETIC_DATUM_ASSUMED_WGS84;OCCURRENCE_STATUS_INFERRED_FROM_INDIVIDUAL_COUNT"
1426041887,"41f549a6-c7ae-4460-8b2b-3333b1a036cd","SN_SineSaloum_S6DN1_42_28_GME","Animalia","Chordata",NA,"Perciformes","Gerreidae","Eucinostomus","Eucinostomus melanopterus",NA,"SPECIES","Eucinostomus melanopterus (Bleeker, 1863)","Eucinostomus melanopterus","(Bleeker, 1863)","SN","","","PRESENT",5,"3b5161b7-9831-4444-9822-a60df4df107d",13.9718,-16.6262,NA,NA,0,NA,4.9,NA,"2006-05-19",19,5,2006,2369483,2369483,"HUMAN_OBSERVATION","IRD","PPEAO_Pechexp","PPEAO_Pechexp_26914","","ALBARET Jean-Jacques, TITO DE MORAIS Luis, RAFFRAY Jean, SADIO Oumar",2006-05-19,"CC_BY_NC_4_0","","ALBARET Jean-Jacques, TITO DE MORAIS Luis, RAFFRAY Jean, SADIO Oumar","",NA,2025-01-31 19:58:46.506,"","GEODETIC_DATUM_ASSUMED_WGS84;OCCURRENCE_STATUS_INFERRED_FROM_INDIVIDUAL_COUNT"
1426041878,"41f549a6-c7ae-4460-8b2b-3333b1a036cd","SN_SineSaloum_S7ND1_42_20_GME","Animalia","Chordata",NA,"Perciformes","Gerreidae","Eucinostomus","Eucinostomus melanopterus",NA,"SPECIES","Eucinostomus melanopterus (Bleeker, 1863)","Eucinostomus melanopterus","(Bleeker, 1863)","SN","","","PRESENT",10,"3b5161b7-9831-4444-9822-a60df4df107d",14.1028,-16.5632,NA,NA,0,NA,4.9,NA,"2006-05-18",18,5,2006,2369483,2369483,"HUMAN_OBSERVATION","IRD","PPEAO_Pechexp","PPEAO_Pechexp_26858","","ALBARET Jean-Jacques, TITO DE MORAIS Luis, RAFFRAY Jean, SADIO Oumar",2006-05-18,"CC_BY_NC_4_0","","ALBARET Jean-Jacques, TITO DE MORAIS Luis, RAFFRAY Jean, SADIO Oumar","",NA,2025-01-31 19:58:51.002,"","GEODETIC_DATUM_ASSUMED_WGS84;OCCURRENCE_STATUS_INFERRED_FROM_INDIVIDUAL_COUNT"
1426041873,"41f549a6-c7ae-4460-8b2b-3333b1a036cd","SN_SineSaloum_S8BD5_42_19_GME","Animalia","Chordata",NA,"Perciformes","Gerreidae","Eucinostomus","Eucinostomus melanopterus",NA,"SPECIES","Eucinostomus melanopterus (Bleeker, 1863)","Eucinostomus melanopterus","(Bleeker, 1863)","SN","","","PRESENT",18,"3b5161b7-9831-4444-9822-a60df4df107d",14.1698,-16.4282,NA,NA,0,NA,4.8,NA,"2006-05-17",17,5,2006,2369483,2369483,"HUMAN_OBSERVATION","IRD","PPEAO_Pechexp","PPEAO_Pechexp_26851","","ALBARET Jean-Jacques, TITO DE MORAIS Luis, RAFFRAY Jean, SADIO Oumar",2006-05-17,"CC_BY_NC_4_0","","ALBARET Jean-Jacques, TITO DE MORAIS Luis, RAFFRAY Jean, SADIO Oumar","",NA,2025-01-31 19:58:46.977,"","GEODETIC_DATUM_ASSUMED_WGS84;OCCURRENCE_STATUS_INFERRED_FROM_INDIVIDUAL_COUNT"
1426041869,"41f549a6-c7ae-4460-8b2b-3333b1a036cd","SN_SineSaloum_S7ND5_42_25_GME","Animalia","Chordata",NA,"Perciformes","Gerreidae","Eucinostomus","Eucinostomus melanopterus",NA,"SPECIES","Eucinostomus melanopterus (Bleeker, 1863)","Eucinostomus melanopterus","(Bleeker, 1863)","SN","","","PRESENT",27,"3b5161b7-9831-4444-9822-a60df4df107d",14.0718,-16.5518,NA,NA,0,NA,2.1,NA,"2006-05-18",18,5,2006,2369483,2369483,"HUMAN_OBSERVATION","IRD","PPEAO_Pechexp","PPEAO_Pechexp_26896","","ALBARET Jean-Jacques, TITO DE MORAIS Luis, RAFFRAY Jean, SADIO Oumar",2006-05-18,"CC_BY_NC_4_0","","ALBARET Jean-Jacques, TITO DE MORAIS Luis, RAFFRAY Jean, SADIO Oumar","",NA,2025-01-31 19:58:45.432,"","GEODETIC_DATUM_ASSUMED_WGS84;OCCURRENCE_STATUS_INFERRED_FROM_INDIVIDUAL_COUNT"
1426041861,"41f549a6-c7ae-4460-8b2b-3333b1a036cd","SN_SineSaloum_S7ND3_42_22_GME","Animalia","Chordata",NA,"Perciformes","Gerreidae","Eucinostomus","Eucinostomus melanopterus",NA,"SPECIES","Eucinostomus melanopterus (Bleeker, 1863)","Eucinostomus melanopterus","(Bleeker, 1863)","SN","","","PRESENT",46,"3b5161b7-9831-4444-9822-a60df4df107d",14.122,-16.5563,NA,NA,0,NA,2.7,NA,"2006-05-18",18,5,2006,2369483,2369483,"HUMAN_OBSERVATION","IRD","PPEAO_Pechexp","PPEAO_Pechexp_26871","","ALBARET Jean-Jacques, TITO DE MORAIS Luis, RAFFRAY Jean, SADIO Oumar",2006-05-18,"CC_BY_NC_4_0","","ALBARET Jean-Jacques, TITO DE MORAIS Luis, RAFFRAY Jean, SADIO Oumar","",NA,2025-01-31 19:58:48.27,"","GEODETIC_DATUM_ASSUMED_WGS84;OCCURRENCE_STATUS_INFERRED_FROM_INDIVIDUAL_COUNT"
1426041844,"41f549a6-c7ae-4460-8b2b-3333b1a036cd","SN_SineSaloum_S7ND2_42_21_GME","Animalia","Chordata",NA,"Perciformes","Gerreidae","Eucinostomus","Eucinostomus melanopterus",NA,"SPECIES","Eucinostomus melanopterus (Bleeker, 1863)","Eucinostomus melanopterus","(Bleeker, 1863)","SN","","","PRESENT",1,"3b5161b7-9831-4444-9822-a60df4df107d",14.109,-16.5613,NA,NA,0,NA,6.7,NA,"2006-05-18",18,5,2006,2369483,2369483,"HUMAN_OBSERVATION","IRD","PPEAO_Pechexp","PPEAO_Pechexp_26863","","ALBARET Jean-Jacques, TITO DE MORAIS Luis, RAFFRAY Jean, SADIO Oumar",2006-05-18,"CC_BY_NC_4_0","","ALBARET Jean-Jacques, TITO DE MORAIS Luis, RAFFRAY Jean, SADIO Oumar","",NA,2025-01-31 19:58:47.815,"","GEODETIC_DATUM_ASSUMED_WGS84;OCCURRENCE_STATUS_INFERRED_FROM_INDIVIDUAL_COUNT"
1426041826,"41f549a6-c7ae-4460-8b2b-3333b1a036cd","SN_SineSaloum_S8BD3_42_17_GME","Animalia","Chordata",NA,"Perciformes","Gerreidae","Eucinostomus","Eucinostomus melanopterus",NA,"SPECIES","Eucinostomus melanopterus (Bleeker, 1863)","Eucinostomus melanopterus","(Bleeker, 1863)","SN","","","PRESENT",4,"3b5161b7-9831-4444-9822-a60df4df107d",14.1647,-16.4202,NA,NA,0,NA,4.8,NA,"2006-05-17",17,5,2006,2369483,2369483,"HUMAN_OBSERVATION","IRD","PPEAO_Pechexp","PPEAO_Pechexp_26838","","ALBARET Jean-Jacques, TITO DE MORAIS Luis, RAFFRAY Jean, SADIO Oumar",2006-05-17,"CC_BY_NC_4_0","","ALBARET Jean-Jacques, TITO DE MORAIS Luis, RAFFRAY Jean, SADIO Oumar","",NA,2025-01-31 19:58:44.309,"","GEODETIC_DATUM_ASSUMED_WGS84;OCCURRENCE_STATUS_INFERRED_FROM_INDIVIDUAL_COUNT"
1426041806,"41f549a6-c7ae-4460-8b2b-3333b1a036cd","SN_SineSaloum_S8BD2_42_16_GME","Animalia","Chordata",NA,"Perciformes","Gerreidae","Eucinostomus","Eucinostomus melanopterus",NA,"SPECIES","Eucinostomus melanopterus (Bleeker, 1863)","Eucinostomus melanopterus","(Bleeker, 1863)","SN","","","PRESENT",16,"3b5161b7-9831-4444-9822-a60df4df107d",14.1482,-16.388,NA,NA,0,NA,4.1,NA,"2006-05-17",17,5,2006,2369483,2369483,"HUMAN_OBSERVATION","IRD","PPEAO_Pechexp","PPEAO_Pechexp_26835","","ALBARET Jean-Jacques, TITO DE MORAIS Luis, RAFFRAY Jean, SADIO Oumar",2006-05-17,"CC_BY_NC_4_0","","ALBARET Jean-Jacques, TITO DE MORAIS Luis, RAFFRAY Jean, SADIO Oumar","",NA,2025-01-31 19:58:45.864,"","GEODETIC_DATUM_ASSUMED_WGS84;OCCURRENCE_STATUS_INFERRED_FROM_INDIVIDUAL_COUNT"
1426041779,"41f549a6-c7ae-4460-8b2b-3333b1a036cd","SN_SineSaloum_S3B06_42_6_GME","Animalia","Chordata",NA,"Perciformes","Gerreidae","Eucinostomus","Eucinostomus melanopterus",NA,"SPECIES","Eucinostomus melanopterus (Bleeker, 1863)","Eucinostomus melanopterus","(Bleeker, 1863)","SN","","","PRESENT",62,"3b5161b7-9831-4444-9822-a60df4df107d",13.846,-16.4908,NA,NA,0,NA,4.7,NA,"2006-05-14",14,5,2006,2369483,2369483,"HUMAN_OBSERVATION","IRD","PPEAO_Pechexp","PPEAO_Pechexp_26797","","ALBARET Jean-Jacques, TITO DE MORAIS Luis, RAFFRAY Jean, SADIO Oumar",2006-05-14,"CC_BY_NC_4_0","","ALBARET Jean-Jacques, TITO DE MORAIS Luis, RAFFRAY Jean, SADIO Oumar","",NA,2025-01-31 19:58:49.903,"","GEODETIC_DATUM_ASSUMED_WGS84;OCCURRENCE_STATUS_INFERRED_FROM_INDIVIDUAL_COUNT"
1426041769,"41f549a6-c7ae-4460-8b2b-3333b1a036cd","SN_SineSaloum_S3B05_42_5_GME","Animalia","Chordata",NA,"Perciformes","Gerreidae","Eucinostomus","Eucinostomus melanopterus",NA,"SPECIES","Eucinostomus melanopterus (Bleeker, 1863)","Eucinostomus melanopterus","(Bleeker, 1863)","SN","","","PRESENT",2,"3b5161b7-9831-4444-9822-a60df4df107d",13.8452,-16.492,NA,NA,0,NA,9.6,NA,"2006-05-14",14,5,2006,2369483,2369483,"HUMAN_OBSERVATION","IRD","PPEAO_Pechexp","PPEAO_Pechexp_26780","","ALBARET Jean-Jacques, TITO DE MORAIS Luis, RAFFRAY Jean, SADIO Oumar",2006-05-14,"CC_BY_NC_4_0","","ALBARET Jean-Jacques, TITO DE MORAIS Luis, RAFFRAY Jean, SADIO Oumar","",NA,2025-01-31 19:58:49.141,"","GEODETIC_DATUM_ASSUMED_WGS84;OCCURRENCE_STATUS_INFERRED_FROM_INDIVIDUAL_COUNT"
1426041750,"41f549a6-c7ae-4460-8b2b-3333b1a036cd","SN_SineSaloum_S3B01_42_1_GME","Animalia","Chordata",NA,"Perciformes","Gerreidae","Eucinostomus","Eucinostomus melanopterus",NA,"SPECIES","Eucinostomus melanopterus (Bleeker, 1863)","Eucinostomus melanopterus","(Bleeker, 1863)","SN","","","PRESENT",24,"3b5161b7-9831-4444-9822-a60df4df107d",13.8498,-16.495,NA,NA,0,NA,3.9,NA,"2006-05-14",14,5,2006,2369483,2369483,"HUMAN_OBSERVATION","IRD","PPEAO_Pechexp","PPEAO_Pechexp_26749","","ALBARET Jean-Jacques, TITO DE MORAIS Luis, RAFFRAY Jean, SADIO Oumar",2006-05-14,"CC_BY_NC_4_0","","ALBARET Jean-Jacques, TITO DE MORAIS Luis, RAFFRAY Jean, SADIO Oumar","",NA,2025-01-31 19:58:46.814,"","GEODETIC_DATUM_ASSUMED_WGS84;OCCURRENCE_STATUS_INFERRED_FROM_INDIVIDUAL_COUNT"
1426041611,"41f549a6-c7ae-4460-8b2b-3333b1a036cd","SN_SineSaloum_S8BD4_41_19_GME","Animalia","Chordata",NA,"Perciformes","Gerreidae","Eucinostomus","Eucinostomus melanopterus",NA,"SPECIES","Eucinostomus melanopterus (Bleeker, 1863)","Eucinostomus melanopterus","(Bleeker, 1863)","SN","","","PRESENT",38,"3b5161b7-9831-4444-9822-a60df4df107d",14.1675,-16.4227,NA,NA,0,NA,2.5,NA,"2005-10-09",9,10,2005,2369483,2369483,"HUMAN_OBSERVATION","IRD","PPEAO_Pechexp","PPEAO_Pechexp_26593","","ALBARET Jean-Jacques, TITO DE MORAIS Luis, RAFFRAY Jean, SADIO Oumar",NA,"CC_BY_NC_4_0","","ALBARET Jean-Jacques, TITO DE MORAIS Luis, RAFFRAY Jean, SADIO Oumar","",NA,2025-01-31 19:58:47.897,"","GEODETIC_DATUM_ASSUMED_WGS84;RECORDED_DATE_INVALID;IDENTIFIED_DATE_INVALID;OCCURRENCE_STATUS_INFERRED_FROM_INDIVIDUAL_COUNT"
1426041589,"41f549a6-c7ae-4460-8b2b-3333b1a036cd","SN_SineSaloum_S8KM3_41_15_GME","Animalia","Chordata",NA,"Perciformes","Gerreidae","Eucinostomus","Eucinostomus melanopterus",NA,"SPECIES","Eucinostomus melanopterus (Bleeker, 1863)","Eucinostomus melanopterus","(Bleeker, 1863)","SN","","","PRESENT",12,"3b5161b7-9831-4444-9822-a60df4df107d",14.1118,-16.0573,NA,NA,0,NA,3.5,NA,"2005-10-08",8,10,2005,2369483,2369483,"HUMAN_OBSERVATION","IRD","PPEAO_Pechexp","PPEAO_Pechexp_26565","","ALBARET Jean-Jacques, TITO DE MORAIS Luis, RAFFRAY Jean, SADIO Oumar",NA,"CC_BY_NC_4_0","","ALBARET Jean-Jacques, TITO DE MORAIS Luis, RAFFRAY Jean, SADIO Oumar","",NA,2025-01-31 19:58:47.133,"","GEODETIC_DATUM_ASSUMED_WGS84;RECORDED_DATE_INVALID;IDENTIFIED_DATE_INVALID;OCCURRENCE_STATUS_INFERRED_FROM_INDIVIDUAL_COUNT"
1426041575,"41f549a6-c7ae-4460-8b2b-3333b1a036cd","SN_SineSaloum_S8BD1_41_16_GME","Animalia","Chordata",NA,"Perciformes","Gerreidae","Eucinostomus","Eucinostomus melanopterus",NA,"SPECIES","Eucinostomus melanopterus (Bleeker, 1863)","Eucinostomus melanopterus","(Bleeker, 1863)","SN","","","PRESENT",72,"3b5161b7-9831-4444-9822-a60df4df107d",14.148,-16.3833,NA,NA,0,NA,6.6,NA,"2005-10-09",9,10,2005,2369483,2369483,"HUMAN_OBSERVATION","IRD","PPEAO_Pechexp","PPEAO_Pechexp_26576","","ALBARET Jean-Jacques, TITO DE MORAIS Luis, RAFFRAY Jean, SADIO Oumar",NA,"CC_BY_NC_4_0","","ALBARET Jean-Jacques, TITO DE MORAIS Luis, RAFFRAY Jean, SADIO Oumar","",NA,2025-01-31 19:58:47.35,"","GEODETIC_DATUM_ASSUMED_WGS84;RECORDED_DATE_INVALID;IDENTIFIED_DATE_INVALID;OCCURRENCE_STATUS_INFERRED_FROM_INDIVIDUAL_COUNT"
1426041561,"41f549a6-c7ae-4460-8b2b-3333b1a036cd","SN_SineSaloum_S8KM1_41_13_GME","Animalia","Chordata",NA,"Perciformes","Gerreidae","Eucinostomus","Eucinostomus melanopterus",NA,"SPECIES","Eucinostomus melanopterus (Bleeker, 1863)","Eucinostomus melanopterus","(Bleeker, 1863)","SN","","","PRESENT",7,"3b5161b7-9831-4444-9822-a60df4df107d",14.1042,-15.98,NA,NA,0,NA,3.1,NA,"2005-10-08",8,10,2005,2369483,2369483,"HUMAN_OBSERVATION","IRD","PPEAO_Pechexp","PPEAO_Pechexp_26544","","ALBARET Jean-Jacques, TITO DE MORAIS Luis, RAFFRAY Jean, SADIO Oumar",NA,"CC_BY_NC_4_0","","ALBARET Jean-Jacques, TITO DE MORAIS Luis, RAFFRAY Jean, SADIO Oumar","",NA,2025-01-31 19:58:44.775,"","GEODETIC_DATUM_ASSUMED_WGS84;RECORDED_DATE_INVALID;IDENTIFIED_DATE_INVALID;OCCURRENCE_STATUS_INFERRED_FROM_INDIVIDUAL_COUNT"
1426041514,"41f549a6-c7ae-4460-8b2b-3333b1a036cd","SN_SineSaloum_S8KV4_41_11_GME","Animalia","Chordata",NA,"Perciformes","Gerreidae","Eucinostomus","Eucinostomus melanopterus",NA,"SPECIES","Eucinostomus melanopterus (Bleeker, 1863)","Eucinostomus melanopterus","(Bleeker, 1863)","SN","","","PRESENT",4,"3b5161b7-9831-4444-9822-a60df4df107d",14.1168,-16.1068,NA,NA,0,NA,5.1,NA,"2005-10-08",8,10,2005,2369483,2369483,"HUMAN_OBSERVATION","IRD","PPEAO_Pechexp","PPEAO_Pechexp_26520","","ALBARET Jean-Jacques, TITO DE MORAIS Luis, RAFFRAY Jean, SADIO Oumar",NA,"CC_BY_NC_4_0","","ALBARET Jean-Jacques, TITO DE MORAIS Luis, RAFFRAY Jean, SADIO Oumar","",NA,2025-01-31 19:58:46.418,"","GEODETIC_DATUM_ASSUMED_WGS84;RECORDED_DATE_INVALID;IDENTIFIED_DATE_INVALID;OCCURRENCE_STATUS_INFERRED_FROM_INDIVIDUAL_COUNT"
1426041511,"41f549a6-c7ae-4460-8b2b-3333b1a036cd","SN_SineSaloum_S8KV5_41_12_GME","Animalia","Chordata",NA,"Perciformes","Gerreidae","Eucinostomus","Eucinostomus melanopterus",NA,"SPECIES","Eucinostomus melanopterus (Bleeker, 1863)","Eucinostomus melanopterus","(Bleeker, 1863)","SN","","","PRESENT",1,"3b5161b7-9831-4444-9822-a60df4df107d",14.1187,-16.1258,NA,NA,0,NA,4.5,NA,"2005-10-08",8,10,2005,2369483,2369483,"HUMAN_OBSERVATION","IRD","PPEAO_Pechexp","PPEAO_Pechexp_26537","","ALBARET Jean-Jacques, TITO DE MORAIS Luis, RAFFRAY Jean, SADIO Oumar",NA,"CC_BY_NC_4_0","","ALBARET Jean-Jacques, TITO DE MORAIS Luis, RAFFRAY Jean, SADIO Oumar","",NA,2025-01-31 19:58:51.441,"","GEODETIC_DATUM_ASSUMED_WGS84;RECORDED_DATE_INVALID;IDENTIFIED_DATE_INVALID;OCCURRENCE_STATUS_INFERRED_FROM_INDIVIDUAL_COUNT"
1426041502,"41f549a6-c7ae-4460-8b2b-3333b1a036cd","SN_SineSaloum_S8KV3_41_10_GME","Animalia","Chordata",NA,"Perciformes","Gerreidae","Eucinostomus","Eucinostomus melanopterus",NA,"SPECIES","Eucinostomus melanopterus (Bleeker, 1863)","Eucinostomus melanopterus","(Bleeker, 1863)","SN","","","PRESENT",1,"3b5161b7-9831-4444-9822-a60df4df107d",14.1183,-16.1108,NA,NA,0,NA,7.3,NA,"2005-10-08",8,10,2005,2369483,2369483,"HUMAN_OBSERVATION","IRD","PPEAO_Pechexp","PPEAO_Pechexp_26510","","ALBARET Jean-Jacques, TITO DE MORAIS Luis, RAFFRAY Jean, SADIO Oumar",NA,"CC_BY_NC_4_0","","ALBARET Jean-Jacques, TITO DE MORAIS Luis, RAFFRAY Jean, SADIO Oumar","",NA,2025-01-31 19:58:47.957,"","GEODETIC_DATUM_ASSUMED_WGS84;RECORDED_DATE_INVALID;IDENTIFIED_DATE_INVALID;OCCURRENCE_STATUS_INFERRED_FROM_INDIVIDUAL_COUNT"
1426041469,"41f549a6-c7ae-4460-8b2b-3333b1a036cd","SN_SineSaloum_S3B04_41_5_GME","Animalia","Chordata",NA,"Perciformes","Gerreidae","Eucinostomus","Eucinostomus melanopterus",NA,"SPECIES","Eucinostomus melanopterus (Bleeker, 1863)","Eucinostomus melanopterus","(Bleeker, 1863)","SN","","","PRESENT",1,"3b5161b7-9831-4444-9822-a60df4df107d",13.8477,-16.474,NA,NA,0,NA,8.4,NA,"2005-10-06",6,10,2005,2369483,2369483,"HUMAN_OBSERVATION","IRD","PPEAO_Pechexp","PPEAO_Pechexp_26453","","ALBARET Jean-Jacques, TITO DE MORAIS Luis, RAFFRAY Jean, SADIO Oumar",NA,"CC_BY_NC_4_0","","ALBARET Jean-Jacques, TITO DE MORAIS Luis, RAFFRAY Jean, SADIO Oumar","",NA,2025-01-31 19:58:47.668,"","GEODETIC_DATUM_ASSUMED_WGS84;RECORDED_DATE_INVALID;IDENTIFIED_DATE_INVALID;OCCURRENCE_STATUS_INFERRED_FROM_INDIVIDUAL_COUNT"
1426041381,"41f549a6-c7ae-4460-8b2b-3333b1a036cd","SN_SineSaloum_S3B02_41_2_GME","Animalia","Chordata",NA,"Perciformes","Gerreidae","Eucinostomus","Eucinostomus melanopterus",NA,"SPECIES","Eucinostomus melanopterus (Bleeker, 1863)","Eucinostomus melanopterus","(Bleeker, 1863)","SN","","","PRESENT",36,"3b5161b7-9831-4444-9822-a60df4df107d",13.8385,-16.4932,NA,NA,0,NA,3.5,NA,"2005-10-05",5,10,2005,2369483,2369483,"HUMAN_OBSERVATION","IRD","PPEAO_Pechexp","PPEAO_Pechexp_26405","","ALBARET Jean-Jacques, TITO DE MORAIS Luis, RAFFRAY Jean, SADIO Oumar",NA,"CC_BY_NC_4_0","","ALBARET Jean-Jacques, TITO DE MORAIS Luis, RAFFRAY Jean, SADIO Oumar","",NA,2025-01-31 19:58:47.155,"","GEODETIC_DATUM_ASSUMED_WGS84;RECORDED_DATE_INVALID;IDENTIFIED_DATE_INVALID;OCCURRENCE_STATUS_INFERRED_FROM_INDIVIDUAL_COUNT"
1426037145,"41f549a6-c7ae-4460-8b2b-3333b1a036cd","SN_BolongBamboung_SAN03_30_17_GME","Animalia","Chordata",NA,"Perciformes","Gerreidae","Eucinostomus","Eucinostomus melanopterus",NA,"SPECIES","Eucinostomus melanopterus (Bleeker, 1863)","Eucinostomus melanopterus","(Bleeker, 1863)","SN","","","PRESENT",3,"3b5161b7-9831-4444-9822-a60df4df107d",13.853,-16.4367,NA,NA,0,NA,3.3,NA,"2012-10-16",16,10,2012,2369483,2369483,"HUMAN_OBSERVATION","IRD","PPEAO_Pechexp","PPEAO_Pechexp_22118","","ALBARET Jean-Jacques, TITO DE MORAIS Luis, SADIO Oumar, RAFFRAY Jean",2012-10-16,"CC_BY_NC_4_0","","ALBARET Jean-Jacques, TITO DE MORAIS Luis, SADIO Oumar, RAFFRAY Jean","",NA,2025-01-31 19:58:51.047,"","GEODETIC_DATUM_ASSUMED_WGS84;OCCURRENCE_STATUS_INFERRED_FROM_INDIVIDUAL_COUNT"
1426037136,"41f549a6-c7ae-4460-8b2b-3333b1a036cd","SN_BolongBamboung_SAN04_30_18_GME","Animalia","Chordata",NA,"Perciformes","Gerreidae","Eucinostomus","Eucinostomus melanopterus",NA,"SPECIES","Eucinostomus melanopterus (Bleeker, 1863)","Eucinostomus melanopterus","(Bleeker, 1863)","SN","","","PRESENT",17,"3b5161b7-9831-4444-9822-a60df4df107d",13.8425,-16.42,NA,NA,0,NA,2,NA,"2012-10-16",16,10,2012,2369483,2369483,"HUMAN_OBSERVATION","IRD","PPEAO_Pechexp","PPEAO_Pechexp_22137","","ALBARET Jean-Jacques, TITO DE MORAIS Luis, SADIO Oumar, RAFFRAY Jean",2012-10-16,"CC_BY_NC_4_0","","ALBARET Jean-Jacques, TITO DE MORAIS Luis, SADIO Oumar, RAFFRAY Jean","",NA,2025-01-31 19:58:47.837,"","GEODETIC_DATUM_ASSUMED_WGS84;OCCURRENCE_STATUS_INFERRED_FROM_INDIVIDUAL_COUNT"
1426037131,"41f549a6-c7ae-4460-8b2b-3333b1a036cd","SN_BolongBamboung_SAN06_30_20_GME","Animalia","Chordata",NA,"Perciformes","Gerreidae","Eucinostomus","Eucinostomus melanopterus",NA,"SPECIES","Eucinostomus melanopterus (Bleeker, 1863)","Eucinostomus melanopterus","(Bleeker, 1863)","SN","","","PRESENT",6,"3b5161b7-9831-4444-9822-a60df4df107d",13.8343,-16.408,NA,NA,0,NA,2.6,NA,"2012-10-16",16,10,2012,2369483,2369483,"HUMAN_OBSERVATION","IRD","PPEAO_Pechexp","PPEAO_Pechexp_22170","","ALBARET Jean-Jacques, TITO DE MORAIS Luis, SADIO Oumar, RAFFRAY Jean",2012-10-16,"CC_BY_NC_4_0","","ALBARET Jean-Jacques, TITO DE MORAIS Luis, SADIO Oumar, RAFFRAY Jean","",NA,2025-01-31 19:58:50.243,"","GEODETIC_DATUM_ASSUMED_WGS84;OCCURRENCE_STATUS_INFERRED_FROM_INDIVIDUAL_COUNT"
1426037122,"41f549a6-c7ae-4460-8b2b-3333b1a036cd","SN_BolongBamboung_SAN02_30_16_GME","Animalia","Chordata",NA,"Perciformes","Gerreidae","Eucinostomus","Eucinostomus melanopterus",NA,"SPECIES","Eucinostomus melanopterus (Bleeker, 1863)","Eucinostomus melanopterus","(Bleeker, 1863)","SN","","","PRESENT",7,"3b5161b7-9831-4444-9822-a60df4df107d",13.8533,-16.4423,NA,NA,0,NA,4,NA,"2012-10-16",16,10,2012,2369483,2369483,"HUMAN_OBSERVATION","IRD","PPEAO_Pechexp","PPEAO_Pechexp_22115","","ALBARET Jean-Jacques, TITO DE MORAIS Luis, SADIO Oumar, RAFFRAY Jean",2012-10-16,"CC_BY_NC_4_0","","ALBARET Jean-Jacques, TITO DE MORAIS Luis, SADIO Oumar, RAFFRAY Jean","",NA,2025-01-31 19:58:49.663,"","GEODETIC_DATUM_ASSUMED_WGS84;OCCURRENCE_STATUS_INFERRED_FROM_INDIVIDUAL_COUNT"
1426037099,"41f549a6-c7ae-4460-8b2b-3333b1a036cd","SN_BolongBamboung_DBS04_30_14_GME","Animalia","Chordata",NA,"Perciformes","Gerreidae","Eucinostomus","Eucinostomus melanopterus",NA,"SPECIES","Eucinostomus melanopterus (Bleeker, 1863)","Eucinostomus melanopterus","(Bleeker, 1863)","SN","","","PRESENT",6,"3b5161b7-9831-4444-9822-a60df4df107d",13.8557,-16.49,NA,NA,0,NA,9.3,NA,"2012-10-15",15,10,2012,2369483,2369483,"HUMAN_OBSERVATION","IRD","PPEAO_Pechexp","PPEAO_Pechexp_22091","","ALBARET Jean-Jacques, TITO DE MORAIS Luis, SADIO Oumar, RAFFRAY Jean",2012-10-15,"CC_BY_NC_4_0","","ALBARET Jean-Jacques, TITO DE MORAIS Luis, SADIO Oumar, RAFFRAY Jean","",NA,2025-01-31 19:58:44.203,"","GEODETIC_DATUM_ASSUMED_WGS84;OCCURRENCE_STATUS_INFERRED_FROM_INDIVIDUAL_COUNT"
1426037077,"41f549a6-c7ae-4460-8b2b-3333b1a036cd","SN_BolongBamboung_DBS02_30_12_GME","Animalia","Chordata",NA,"Perciformes","Gerreidae","Eucinostomus","Eucinostomus melanopterus",NA,"SPECIES","Eucinostomus melanopterus (Bleeker, 1863)","Eucinostomus melanopterus","(Bleeker, 1863)","SN","","","PRESENT",5,"3b5161b7-9831-4444-9822-a60df4df107d",13.8395,-16.5333,NA,NA,0,NA,7.9,NA,"2012-10-15",15,10,2012,2369483,2369483,"HUMAN_OBSERVATION","IRD","PPEAO_Pechexp","PPEAO_Pechexp_22055","","ALBARET Jean-Jacques, TITO DE MORAIS Luis, SADIO Oumar, RAFFRAY Jean",2012-10-15,"CC_BY_NC_4_0","","ALBARET Jean-Jacques, TITO DE MORAIS Luis, SADIO Oumar, RAFFRAY Jean","",NA,2025-01-31 19:58:48.275,"","GEODETIC_DATUM_ASSUMED_WGS84;OCCURRENCE_STATUS_INFERRED_FROM_INDIVIDUAL_COUNT"
1426037013,"41f549a6-c7ae-4460-8b2b-3333b1a036cd","SN_BolongBamboung_DBS01_30_11_GME","Animalia","Chordata",NA,"Perciformes","Gerreidae","Eucinostomus","Eucinostomus melanopterus",NA,"SPECIES","Eucinostomus melanopterus (Bleeker, 1863)","Eucinostomus melanopterus","(Bleeker, 1863)","SN","","","PRESENT",3,"3b5161b7-9831-4444-9822-a60df4df107d",13.8427,-16.5525,NA,NA,0,NA,5.2,NA,"2012-10-15",15,10,2012,2369483,2369483,"HUMAN_OBSERVATION","IRD","PPEAO_Pechexp","PPEAO_Pechexp_22035","","ALBARET Jean-Jacques, TITO DE MORAIS Luis, SADIO Oumar, RAFFRAY Jean",2012-10-15,"CC_BY_NC_4_0","","ALBARET Jean-Jacques, TITO DE MORAIS Luis, SADIO Oumar, RAFFRAY Jean","",NA,2025-01-31 19:58:52.263,"","GEODETIC_DATUM_ASSUMED_WGS84;OCCURRENCE_STATUS_INFERRED_FROM_INDIVIDUAL_COUNT"
1426037007,"41f549a6-c7ae-4460-8b2b-3333b1a036cd","SN_BolongBamboung_AMP01_30_6_GME","Animalia","Chordata",NA,"Perciformes","Gerreidae","Eucinostomus","Eucinostomus melanopterus",NA,"SPECIES","Eucinostomus melanopterus (Bleeker, 1863)","Eucinostomus melanopterus","(Bleeker, 1863)","SN","","","PRESENT",2,"3b5161b7-9831-4444-9822-a60df4df107d",13.7717,-16.5212,NA,NA,0,NA,2,NA,"2012-10-13",13,10,2012,2369483,2369483,"HUMAN_OBSERVATION","IRD","PPEAO_Pechexp","PPEAO_Pechexp_22005","","ALBARET Jean-Jacques, TITO DE MORAIS Luis, SADIO Oumar, RAFFRAY Jean",2012-10-13,"CC_BY_NC_4_0","","ALBARET Jean-Jacques, TITO DE MORAIS Luis, SADIO Oumar, RAFFRAY Jean","",NA,2025-01-31 19:58:50.403,"","GEODETIC_DATUM_ASSUMED_WGS84;OCCURRENCE_STATUS_INFERRED_FROM_INDIVIDUAL_COUNT"
1426037001,"41f549a6-c7ae-4460-8b2b-3333b1a036cd","SN_BolongBamboung_AMP05_30_4_GME","Animalia","Chordata",NA,"Perciformes","Gerreidae","Eucinostomus","Eucinostomus melanopterus",NA,"SPECIES","Eucinostomus melanopterus (Bleeker, 1863)","Eucinostomus melanopterus","(Bleeker, 1863)","SN","","","PRESENT",4,"3b5161b7-9831-4444-9822-a60df4df107d",13.8158,-16.5132,NA,NA,0,NA,7.9,NA,"2012-10-13",13,10,2012,2369483,2369483,"HUMAN_OBSERVATION","IRD","PPEAO_Pechexp","PPEAO_Pechexp_21987","","ALBARET Jean-Jacques, TITO DE MORAIS Luis, SADIO Oumar, RAFFRAY Jean",2012-10-13,"CC_BY_NC_4_0","","ALBARET Jean-Jacques, TITO DE MORAIS Luis, SADIO Oumar, RAFFRAY Jean","",NA,2025-01-31 19:58:47.563,"","GEODETIC_DATUM_ASSUMED_WGS84;OCCURRENCE_STATUS_INFERRED_FROM_INDIVIDUAL_COUNT"
1426036958,"41f549a6-c7ae-4460-8b2b-3333b1a036cd","SN_BolongBamboung_SAN05_29_19_GME","Animalia","Chordata",NA,"Perciformes","Gerreidae","Eucinostomus","Eucinostomus melanopterus",NA,"SPECIES","Eucinostomus melanopterus (Bleeker, 1863)","Eucinostomus melanopterus","(Bleeker, 1863)","SN","","","PRESENT",1,"3b5161b7-9831-4444-9822-a60df4df107d",13.8375,-16.4178,NA,NA,0,NA,1,NA,"2012-06-15",15,6,2012,2369483,2369483,"HUMAN_OBSERVATION","IRD","PPEAO_Pechexp","PPEAO_Pechexp_21919","","ALBARET Jean-Jacques, TITO DE MORAIS Luis, SADIO Oumar, RAFFRAY Jean",2012-06-15,"CC_BY_NC_4_0","","ALBARET Jean-Jacques, TITO DE MORAIS Luis, SADIO Oumar, RAFFRAY Jean","",NA,2025-01-31 19:58:50.708,"","GEODETIC_DATUM_ASSUMED_WGS84;OCCURRENCE_STATUS_INFERRED_FROM_INDIVIDUAL_COUNT"
1426036953,"41f549a6-c7ae-4460-8b2b-3333b1a036cd","SN_BolongBamboung_AMP12_30_1_GME","Animalia","Chordata",NA,"Perciformes","Gerreidae","Eucinostomus","Eucinostomus melanopterus",NA,"SPECIES","Eucinostomus melanopterus (Bleeker, 1863)","Eucinostomus melanopterus","(Bleeker, 1863)","SN","","","PRESENT",38,"3b5161b7-9831-4444-9822-a60df4df107d",13.837,-16.5655,NA,NA,0,NA,11.3,NA,"2012-10-13",13,10,2012,2369483,2369483,"HUMAN_OBSERVATION","IRD","PPEAO_Pechexp","PPEAO_Pechexp_21943","","ALBARET Jean-Jacques, TITO DE MORAIS Luis, SADIO Oumar, RAFFRAY Jean",2012-10-13,"CC_BY_NC_4_0","","ALBARET Jean-Jacques, TITO DE MORAIS Luis, SADIO Oumar, RAFFRAY Jean","",NA,2025-01-31 19:58:49.411,"","GEODETIC_DATUM_ASSUMED_WGS84;OCCURRENCE_STATUS_INFERRED_FROM_INDIVIDUAL_COUNT"
1426036863,"41f549a6-c7ae-4460-8b2b-3333b1a036cd","SN_BolongBamboung_SAN01_29_15_GME","Animalia","Chordata",NA,"Perciformes","Gerreidae","Eucinostomus","Eucinostomus melanopterus",NA,"SPECIES","Eucinostomus melanopterus (Bleeker, 1863)","Eucinostomus melanopterus","(Bleeker, 1863)","SN","","","PRESENT",8,"3b5161b7-9831-4444-9822-a60df4df107d",13.8517,-16.4598,NA,NA,0,NA,6,NA,"2012-06-15",15,6,2012,2369483,2369483,"HUMAN_OBSERVATION","IRD","PPEAO_Pechexp","PPEAO_Pechexp_21884","","ALBARET Jean-Jacques, TITO DE MORAIS Luis, SADIO Oumar, RAFFRAY Jean",2012-06-15,"CC_BY_NC_4_0","","ALBARET Jean-Jacques, TITO DE MORAIS Luis, SADIO Oumar, RAFFRAY Jean","",NA,2025-01-31 19:58:47.014,"","GEODETIC_DATUM_ASSUMED_WGS84;OCCURRENCE_STATUS_INFERRED_FROM_INDIVIDUAL_COUNT"
1426036834,"41f549a6-c7ae-4460-8b2b-3333b1a036cd","SN_BolongBamboung_DBS06_29_8_GME","Animalia","Chordata",NA,"Perciformes","Gerreidae","Eucinostomus","Eucinostomus melanopterus",NA,"SPECIES","Eucinostomus melanopterus (Bleeker, 1863)","Eucinostomus melanopterus","(Bleeker, 1863)","SN","","","PRESENT",14,"3b5161b7-9831-4444-9822-a60df4df107d",13.8198,-16.587,NA,NA,0,NA,13.8,NA,"2012-06-13",13,6,2012,2369483,2369483,"HUMAN_OBSERVATION","IRD","PPEAO_Pechexp","PPEAO_Pechexp_21847","","ALBARET Jean-Jacques, TITO DE MORAIS Luis, SADIO Oumar, RAFFRAY Jean",2012-06-13,"CC_BY_NC_4_0","","ALBARET Jean-Jacques, TITO DE MORAIS Luis, SADIO Oumar, RAFFRAY Jean","",NA,2025-01-31 19:58:44.648,"","GEODETIC_DATUM_ASSUMED_WGS84;OCCURRENCE_STATUS_INFERRED_FROM_INDIVIDUAL_COUNT"
1426036825,"41f549a6-c7ae-4460-8b2b-3333b1a036cd","SN_BolongBamboung_AMP03_29_5_GME","Animalia","Chordata",NA,"Perciformes","Gerreidae","Eucinostomus","Eucinostomus melanopterus",NA,"SPECIES","Eucinostomus melanopterus (Bleeker, 1863)","Eucinostomus melanopterus","(Bleeker, 1863)","SN","","","PRESENT",17,"3b5161b7-9831-4444-9822-a60df4df107d",13.7978,-16.5048,NA,NA,0,NA,5,NA,"2012-06-12",12,6,2012,2369483,2369483,"HUMAN_OBSERVATION","IRD","PPEAO_Pechexp","PPEAO_Pechexp_21833","","ALBARET Jean-Jacques, TITO DE MORAIS Luis, SADIO Oumar, RAFFRAY Jean",NA,"CC_BY_NC_4_0","","ALBARET Jean-Jacques, TITO DE MORAIS Luis, SADIO Oumar, RAFFRAY Jean","",NA,2025-01-31 19:58:50.949,"","GEODETIC_DATUM_ASSUMED_WGS84;RECORDED_DATE_INVALID;IDENTIFIED_DATE_INVALID;OCCURRENCE_STATUS_INFERRED_FROM_INDIVIDUAL_COUNT"
1426036797,"41f549a6-c7ae-4460-8b2b-3333b1a036cd","SN_BolongBamboung_AMP10_29_2_GME","Animalia","Chordata",NA,"Perciformes","Gerreidae","Eucinostomus","Eucinostomus melanopterus",NA,"SPECIES","Eucinostomus melanopterus (Bleeker, 1863)","Eucinostomus melanopterus","(Bleeker, 1863)","SN","","","PRESENT",19,"3b5161b7-9831-4444-9822-a60df4df107d",13.8323,-16.5492,NA,NA,0,NA,2.2,NA,"2012-06-12",12,6,2012,2369483,2369483,"HUMAN_OBSERVATION","IRD","PPEAO_Pechexp","PPEAO_Pechexp_21819","","ALBARET Jean-Jacques, TITO DE MORAIS Luis, SADIO Oumar, RAFFRAY Jean",NA,"CC_BY_NC_4_0","","ALBARET Jean-Jacques, TITO DE MORAIS Luis, SADIO Oumar, RAFFRAY Jean","",NA,2025-01-31 19:58:44.433,"","GEODETIC_DATUM_ASSUMED_WGS84;RECORDED_DATE_INVALID;IDENTIFIED_DATE_INVALID;OCCURRENCE_STATUS_INFERRED_FROM_INDIVIDUAL_COUNT"
1426036763,"41f549a6-c7ae-4460-8b2b-3333b1a036cd","SN_BolongBamboung_DBS03_28_13_GME","Animalia","Chordata",NA,"Perciformes","Gerreidae","Eucinostomus","Eucinostomus melanopterus",NA,"SPECIES","Eucinostomus melanopterus (Bleeker, 1863)","Eucinostomus melanopterus","(Bleeker, 1863)","SN","","","PRESENT",7,"3b5161b7-9831-4444-9822-a60df4df107d",13.8528,-16.5207,NA,NA,0,NA,8.4,NA,"2012-03-22",22,3,2012,2369483,2369483,"HUMAN_OBSERVATION","IRD","PPEAO_Pechexp","PPEAO_Pechexp_21754","","ALBARET Jean-Jacques, TITO DE MORAIS Luis, SADIO Oumar, RAFFRAY Jean",2012-03-22,"CC_BY_NC_4_0","","ALBARET Jean-Jacques, TITO DE MORAIS Luis, SADIO Oumar, RAFFRAY Jean","",NA,2025-01-31 19:58:44.613,"","GEODETIC_DATUM_ASSUMED_WGS84;OCCURRENCE_STATUS_INFERRED_FROM_INDIVIDUAL_COUNT"
1426036743,"41f549a6-c7ae-4460-8b2b-3333b1a036cd","SN_BolongBamboung_DBS08_28_10_GME","Animalia","Chordata",NA,"Perciformes","Gerreidae","Eucinostomus","Eucinostomus melanopterus",NA,"SPECIES","Eucinostomus melanopterus (Bleeker, 1863)","Eucinostomus melanopterus","(Bleeker, 1863)","SN","","","PRESENT",3,"3b5161b7-9831-4444-9822-a60df4df107d",13.8137,-16.5982,NA,NA,0,NA,10.5,NA,"2012-03-21",21,3,2012,2369483,2369483,"HUMAN_OBSERVATION","IRD","PPEAO_Pechexp","PPEAO_Pechexp_21718","","ALBARET Jean-Jacques, TITO DE MORAIS Luis, SADIO Oumar, RAFFRAY Jean",2012-03-21,"CC_BY_NC_4_0","","ALBARET Jean-Jacques, TITO DE MORAIS Luis, SADIO Oumar, RAFFRAY Jean","",NA,2025-01-31 19:58:47.053,"","GEODETIC_DATUM_ASSUMED_WGS84;OCCURRENCE_STATUS_INFERRED_FROM_INDIVIDUAL_COUNT"
1426036713,"41f549a6-c7ae-4460-8b2b-3333b1a036cd","SN_BolongBamboung_DBS07_28_9_GME","Animalia","Chordata",NA,"Perciformes","Gerreidae","Eucinostomus","Eucinostomus melanopterus",NA,"SPECIES","Eucinostomus melanopterus (Bleeker, 1863)","Eucinostomus melanopterus","(Bleeker, 1863)","SN","","","PRESENT",1,"3b5161b7-9831-4444-9822-a60df4df107d",13.815,-16.5835,NA,NA,0,NA,7.7,NA,"2012-03-21",21,3,2012,2369483,2369483,"HUMAN_OBSERVATION","IRD","PPEAO_Pechexp","PPEAO_Pechexp_21713","","ALBARET Jean-Jacques, TITO DE MORAIS Luis, SADIO Oumar, RAFFRAY Jean",2012-03-21,"CC_BY_NC_4_0","","ALBARET Jean-Jacques, TITO DE MORAIS Luis, SADIO Oumar, RAFFRAY Jean","",NA,2025-01-31 19:58:48.464,"","GEODETIC_DATUM_ASSUMED_WGS84;OCCURRENCE_STATUS_INFERRED_FROM_INDIVIDUAL_COUNT"
1426036425,"41f549a6-c7ae-4460-8b2b-3333b1a036cd","SN_BolongBamboung_AMP08_26_3_GME","Animalia","Chordata",NA,"Perciformes","Gerreidae","Eucinostomus","Eucinostomus melanopterus",NA,"SPECIES","Eucinostomus melanopterus (Bleeker, 1863)","Eucinostomus melanopterus","(Bleeker, 1863)","SN","","","PRESENT",2,"3b5161b7-9831-4444-9822-a60df4df107d",13.8187,-16.5283,NA,NA,0,NA,8.5,NA,"2011-06-15",15,6,2011,2369483,2369483,"HUMAN_OBSERVATION","IRD","PPEAO_Pechexp","PPEAO_Pechexp_21424","","ALBARET Jean-Jacques, TITO DE MORAIS Luis, SADIO Oumar, RAFFRAY Jean",2011-06-15,"CC_BY_NC_4_0","","ALBARET Jean-Jacques, TITO DE MORAIS Luis, SADIO Oumar, RAFFRAY Jean","",NA,2025-01-31 19:58:46.511,"","GEODETIC_DATUM_ASSUMED_WGS84;OCCURRENCE_STATUS_INFERRED_FROM_INDIVIDUAL_COUNT"
1426034912,"41f549a6-c7ae-4460-8b2b-3333b1a036cd","SN_BolongBamboung_AMP06_15_7_GME","Animalia","Chordata",NA,"Perciformes","Gerreidae","Eucinostomus","Eucinostomus melanopterus",NA,"SPECIES","Eucinostomus melanopterus (Bleeker, 1863)","Eucinostomus melanopterus","(Bleeker, 1863)","SN","","","PRESENT",22,"3b5161b7-9831-4444-9822-a60df4df107d",13.8193,-16.5133,NA,NA,0,NA,6.9,NA,"2007-10-25",25,10,2007,2369483,2369483,"HUMAN_OBSERVATION","IRD","PPEAO_Pechexp","PPEAO_Pechexp_19911","","ALBARET Jean-Jacques, TITO DE MORAIS Luis, SADIO Oumar, RAFFRAY Jean",2007-10-25,"CC_BY_NC_4_0","","ALBARET Jean-Jacques, TITO DE MORAIS Luis, SADIO Oumar, RAFFRAY Jean","",NA,2025-01-31 19:58:48.373,"","GEODETIC_DATUM_ASSUMED_WGS84;OCCURRENCE_STATUS_INFERRED_FROM_INDIVIDUAL_COUNT"
1426034910,"41f549a6-c7ae-4460-8b2b-3333b1a036cd","SN_BolongBamboung_AMP07_15_6_GME","Animalia","Chordata",NA,"Perciformes","Gerreidae","Eucinostomus","Eucinostomus melanopterus",NA,"SPECIES","Eucinostomus melanopterus (Bleeker, 1863)","Eucinostomus melanopterus","(Bleeker, 1863)","SN","","","PRESENT",3,"3b5161b7-9831-4444-9822-a60df4df107d",13.8273,-16.5193,NA,NA,0,NA,6.8,NA,"2007-10-24",24,10,2007,2369483,2369483,"HUMAN_OBSERVATION","IRD","PPEAO_Pechexp","PPEAO_Pechexp_19901","","ALBARET Jean-Jacques, TITO DE MORAIS Luis, SADIO Oumar, RAFFRAY Jean",2007-10-24,"CC_BY_NC_4_0","","ALBARET Jean-Jacques, TITO DE MORAIS Luis, SADIO Oumar, RAFFRAY Jean","",NA,2025-01-31 19:58:47.433,"","GEODETIC_DATUM_ASSUMED_WGS84;OCCURRENCE_STATUS_INFERRED_FROM_INDIVIDUAL_COUNT"
1426034882,"41f549a6-c7ae-4460-8b2b-3333b1a036cd","SN_BolongBamboung_AMP09_15_4_GME","Animalia","Chordata",NA,"Perciformes","Gerreidae","Eucinostomus","Eucinostomus melanopterus",NA,"SPECIES","Eucinostomus melanopterus (Bleeker, 1863)","Eucinostomus melanopterus","(Bleeker, 1863)","SN","","","PRESENT",17,"3b5161b7-9831-4444-9822-a60df4df107d",13.827,-16.5352,NA,NA,0,NA,4.03,NA,"2007-10-24",24,10,2007,2369483,2369483,"HUMAN_OBSERVATION","IRD","PPEAO_Pechexp","PPEAO_Pechexp_19876","","ALBARET Jean-Jacques, TITO DE MORAIS Luis, SADIO Oumar, RAFFRAY Jean",2007-10-24,"CC_BY_NC_4_0","","ALBARET Jean-Jacques, TITO DE MORAIS Luis, SADIO Oumar, RAFFRAY Jean","",NA,2025-01-31 19:58:51.659,"","GEODETIC_DATUM_ASSUMED_WGS84;OCCURRENCE_STATUS_INFERRED_FROM_INDIVIDUAL_COUNT"
1426034845,"41f549a6-c7ae-4460-8b2b-3333b1a036cd","SN_BolongBamboung_AMP11_15_2_GME","Animalia","Chordata",NA,"Perciformes","Gerreidae","Eucinostomus","Eucinostomus melanopterus",NA,"SPECIES","Eucinostomus melanopterus (Bleeker, 1863)","Eucinostomus melanopterus","(Bleeker, 1863)","SN","","","PRESENT",9,"3b5161b7-9831-4444-9822-a60df4df107d",13.8358,-16.5585,NA,NA,0,NA,4.3,NA,"2007-10-24",24,10,2007,2369483,2369483,"HUMAN_OBSERVATION","IRD","PPEAO_Pechexp","PPEAO_Pechexp_19836","","ALBARET Jean-Jacques, TITO DE MORAIS Luis, SADIO Oumar, RAFFRAY Jean",2007-10-24,"CC_BY_NC_4_0","","ALBARET Jean-Jacques, TITO DE MORAIS Luis, SADIO Oumar, RAFFRAY Jean","",NA,2025-01-31 19:58:52.504,"","GEODETIC_DATUM_ASSUMED_WGS84;OCCURRENCE_STATUS_INFERRED_FROM_INDIVIDUAL_COUNT"
1426034806,"41f549a6-c7ae-4460-8b2b-3333b1a036cd","SN_BolongBamboung_AMP02_14_11_GME","Animalia","Chordata",NA,"Perciformes","Gerreidae","Eucinostomus","Eucinostomus melanopterus",NA,"SPECIES","Eucinostomus melanopterus (Bleeker, 1863)","Eucinostomus melanopterus","(Bleeker, 1863)","SN","","","PRESENT",1,"3b5161b7-9831-4444-9822-a60df4df107d",13.7885,-16.5158,NA,NA,0,NA,7,NA,"2007-05-09",9,5,2007,2369483,2369483,"HUMAN_OBSERVATION","IRD","PPEAO_Pechexp","PPEAO_Pechexp_19805","","ALBARET Jean-Jacques, TITO DE MORAIS Luis, SADIO Oumar, RAFFRAY Jean",NA,"CC_BY_NC_4_0","","ALBARET Jean-Jacques, TITO DE MORAIS Luis, SADIO Oumar, RAFFRAY Jean","",NA,2025-01-31 19:58:49.712,"","GEODETIC_DATUM_ASSUMED_WGS84;RECORDED_DATE_INVALID;IDENTIFIED_DATE_INVALID;OCCURRENCE_STATUS_INFERRED_FROM_INDIVIDUAL_COUNT"
1426034415,"41f549a6-c7ae-4460-8b2b-3333b1a036cd","SN_BolongBamboung_AMP04_9_9_GME","Animalia","Chordata",NA,"Perciformes","Gerreidae","Eucinostomus","Eucinostomus melanopterus",NA,"SPECIES","Eucinostomus melanopterus (Bleeker, 1863)","Eucinostomus melanopterus","(Bleeker, 1863)","SN","","","PRESENT",3,"3b5161b7-9831-4444-9822-a60df4df107d",13.8142,-16.5098,NA,NA,0,NA,5.3,NA,"2005-10-26",26,10,2005,2369483,2369483,"HUMAN_OBSERVATION","IRD","PPEAO_Pechexp","PPEAO_Pechexp_19428","","ALBARET Jean-Jacques, TITO DE MORAIS Luis, SADIO Oumar, RAFFRAY Jean",2005-10-26,"CC_BY_NC_4_0","","ALBARET Jean-Jacques, TITO DE MORAIS Luis, SADIO Oumar, RAFFRAY Jean","",NA,2025-01-31 19:58:45.71,"","GEODETIC_DATUM_ASSUMED_WGS84;OCCURRENCE_STATUS_INFERRED_FROM_INDIVIDUAL_COUNT"
1426033556,"41f549a6-c7ae-4460-8b2b-3333b1a036cd","MR_Bancd'ArguinParcNationaldu_BA132_3_26_GME","Animalia","Chordata",NA,"Perciformes","Gerreidae","Eucinostomus","Eucinostomus melanopterus",NA,"SPECIES","Eucinostomus melanopterus (Bleeker, 1863)","Eucinostomus melanopterus","(Bleeker, 1863)","MR","","","PRESENT",3,"3b5161b7-9831-4444-9822-a60df4df107d",19.5,-16.5333,NA,NA,0,NA,5,NA,"2010-05-26",26,5,2010,2369483,2369483,"HUMAN_OBSERVATION","IRD","PPEAO_Pechexp","PPEAO_Pechexp_18552","","TITO DE MORAIS Luis, LAE Raymond",2010-05-26,"CC_BY_NC_4_0","","TITO DE MORAIS Luis, LAE Raymond","",NA,2025-01-31 19:58:44.334,"","GEODETIC_DATUM_ASSUMED_WGS84;CONTINENT_COORDINATE_MISMATCH;OCCURRENCE_STATUS_INFERRED_FROM_INDIVIDUAL_COUNT"
1426033540,"41f549a6-c7ae-4460-8b2b-3333b1a036cd","MR_Bancd'ArguinParcNationaldu_BA131_3_25_GME","Animalia","Chordata",NA,"Perciformes","Gerreidae","Eucinostomus","Eucinostomus melanopterus",NA,"SPECIES","Eucinostomus melanopterus (Bleeker, 1863)","Eucinostomus melanopterus","(Bleeker, 1863)","MR","","","PRESENT",2,"3b5161b7-9831-4444-9822-a60df4df107d",19.4333,-16.6,NA,NA,0,NA,4,NA,"2010-05-26",26,5,2010,2369483,2369483,"HUMAN_OBSERVATION","IRD","PPEAO_Pechexp","PPEAO_Pechexp_18547","","TITO DE MORAIS Luis, LAE Raymond",2010-05-26,"CC_BY_NC_4_0","","TITO DE MORAIS Luis, LAE Raymond","",NA,2025-01-31 19:58:48.714,"","GEODETIC_DATUM_ASSUMED_WGS84;CONTINENT_COORDINATE_MISMATCH;OCCURRENCE_STATUS_INFERRED_FROM_INDIVIDUAL_COUNT"
1426033492,"41f549a6-c7ae-4460-8b2b-3333b1a036cd","MR_Bancd'ArguinParcNationaldu_BA120_3_16_GME","Animalia","Chordata",NA,"Perciformes","Gerreidae","Eucinostomus","Eucinostomus melanopterus",NA,"SPECIES","Eucinostomus melanopterus (Bleeker, 1863)","Eucinostomus melanopterus","(Bleeker, 1863)","MR","","","PRESENT",1,"3b5161b7-9831-4444-9822-a60df4df107d",20.0838,-16.415,NA,NA,0,NA,14,NA,"2010-05-24",24,5,2010,2369483,2369483,"HUMAN_OBSERVATION","IRD","PPEAO_Pechexp","PPEAO_Pechexp_18496","","TITO DE MORAIS Luis, LAE Raymond",2010-05-24,"CC_BY_NC_4_0","","TITO DE MORAIS Luis, LAE Raymond","",NA,2025-01-31 19:58:45.65,"","GEODETIC_DATUM_ASSUMED_WGS84;CONTINENT_COORDINATE_MISMATCH;OCCURRENCE_STATUS_INFERRED_FROM_INDIVIDUAL_COUNT"
1426033475,"41f549a6-c7ae-4460-8b2b-3333b1a036cd","MR_Bancd'ArguinParcNationaldu_BA134_3_15_GME","Animalia","Chordata",NA,"Perciformes","Gerreidae","Eucinostomus","Eucinostomus melanopterus",NA,"SPECIES","Eucinostomus melanopterus (Bleeker, 1863)","Eucinostomus melanopterus","(Bleeker, 1863)","MR","","","PRESENT",1,"3b5161b7-9831-4444-9822-a60df4df107d",19.9,-16.3333,NA,NA,0,NA,4,NA,"2010-05-24",24,5,2010,2369483,2369483,"HUMAN_OBSERVATION","IRD","PPEAO_Pechexp","PPEAO_Pechexp_18488","","TITO DE MORAIS Luis, LAE Raymond",2010-05-24,"CC_BY_NC_4_0","","TITO DE MORAIS Luis, LAE Raymond","",NA,2025-01-31 19:58:44.224,"","GEODETIC_DATUM_ASSUMED_WGS84;OCCURRENCE_STATUS_INFERRED_FROM_INDIVIDUAL_COUNT"
1426033435,"41f549a6-c7ae-4460-8b2b-3333b1a036cd","MR_Bancd'ArguinParcNationaldu_BA209_3_9_GME","Animalia","Chordata",NA,"Perciformes","Gerreidae","Eucinostomus","Eucinostomus melanopterus",NA,"SPECIES","Eucinostomus melanopterus (Bleeker, 1863)","Eucinostomus melanopterus","(Bleeker, 1863)","MR","","","PRESENT",1,"3b5161b7-9831-4444-9822-a60df4df107d",20.4142,-16.7855,NA,NA,0,NA,9,NA,"2010-05-23",23,5,2010,2369483,2369483,"HUMAN_OBSERVATION","IRD","PPEAO_Pechexp","PPEAO_Pechexp_18432","","TITO DE MORAIS Luis, LAE Raymond",2010-05-23,"CC_BY_NC_4_0","","TITO DE MORAIS Luis, LAE Raymond","",NA,2025-01-31 19:58:50.709,"","GEODETIC_DATUM_ASSUMED_WGS84;CONTINENT_COORDINATE_MISMATCH;OCCURRENCE_STATUS_INFERRED_FROM_INDIVIDUAL_COUNT"
1426031622,"41f549a6-c7ae-4460-8b2b-3333b1a036cd","GW_IlesUrok_FOR02_4_97_GME","Animalia","Chordata",NA,"Perciformes","Gerreidae","Eucinostomus","Eucinostomus melanopterus",NA,"SPECIES","Eucinostomus melanopterus (Bleeker, 1863)","Eucinostomus melanopterus","(Bleeker, 1863)","GW","","","PRESENT",1,"3b5161b7-9831-4444-9822-a60df4df107d",11.506,-15.8898,NA,NA,0,NA,8.3,NA,"2013-05-22",22,5,2013,2369483,2369483,"HUMAN_OBSERVATION","IRD","PPEAO_Pechexp","PPEAO_Pechexp_16611","","SADIO Oumar, ECOUTIN Jean-Marc",2013-05-22,"CC_BY_NC_4_0","","SADIO Oumar, ECOUTIN Jean-Marc","",NA,2025-01-31 19:58:44.852,"","GEODETIC_DATUM_ASSUMED_WGS84;OCCURRENCE_STATUS_INFERRED_FROM_INDIVIDUAL_COUNT"
1426031579,"41f549a6-c7ae-4460-8b2b-3333b1a036cd","GW_IlesUrok_ANC03_4_73_GME","Animalia","Chordata",NA,"Perciformes","Gerreidae","Eucinostomus","Eucinostomus melanopterus",NA,"SPECIES","Eucinostomus melanopterus (Bleeker, 1863)","Eucinostomus melanopterus","(Bleeker, 1863)","GW","","","PRESENT",1,"3b5161b7-9831-4444-9822-a60df4df107d",11.3917,-15.975,NA,NA,0,NA,5.9,NA,"2013-05-21",21,5,2013,2369483,2369483,"HUMAN_OBSERVATION","IRD","PPEAO_Pechexp","PPEAO_Pechexp_16589","","SADIO Oumar, ECOUTIN Jean-Marc",2013-05-21,"CC_BY_NC_4_0","","SADIO Oumar, ECOUTIN Jean-Marc","",NA,2025-01-31 19:58:49.739,"","GEODETIC_DATUM_ASSUMED_WGS84;OCCURRENCE_STATUS_INFERRED_FROM_INDIVIDUAL_COUNT"
1426031573,"41f549a6-c7ae-4460-8b2b-3333b1a036cd","GW_IlesUrok_ANC02_4_55_GME","Animalia","Chordata",NA,"Perciformes","Gerreidae","Eucinostomus","Eucinostomus melanopterus",NA,"SPECIES","Eucinostomus melanopterus (Bleeker, 1863)","Eucinostomus melanopterus","(Bleeker, 1863)","GW","","","PRESENT",3,"3b5161b7-9831-4444-9822-a60df4df107d",11.4292,-15.9792,NA,NA,0,NA,3.3,NA,"2013-05-21",21,5,2013,2369483,2369483,"HUMAN_OBSERVATION","IRD","PPEAO_Pechexp","PPEAO_Pechexp_16566","","SADIO Oumar, ECOUTIN Jean-Marc",2013-05-21,"CC_BY_NC_4_0","","SADIO Oumar, ECOUTIN Jean-Marc","",NA,2025-01-31 19:58:48.917,"","GEODETIC_DATUM_ASSUMED_WGS84;OCCURRENCE_STATUS_INFERRED_FROM_INDIVIDUAL_COUNT"
1426031550,"41f549a6-c7ae-4460-8b2b-3333b1a036cd","GW_IlesUrok_BAR01_4_1_GME","Animalia","Chordata",NA,"Perciformes","Gerreidae","Eucinostomus","Eucinostomus melanopterus",NA,"SPECIES","Eucinostomus melanopterus (Bleeker, 1863)","Eucinostomus melanopterus","(Bleeker, 1863)","GW","","","PRESENT",1,"3b5161b7-9831-4444-9822-a60df4df107d",11.5387,-15.9538,NA,NA,0,NA,3.6,NA,"2013-05-19",19,5,2013,2369483,2369483,"HUMAN_OBSERVATION","IRD","PPEAO_Pechexp","PPEAO_Pechexp_16506","","SADIO Oumar, ECOUTIN Jean-Marc",2013-05-19,"CC_BY_NC_4_0","","SADIO Oumar, ECOUTIN Jean-Marc","",NA,2025-01-31 19:58:46.406,"","GEODETIC_DATUM_ASSUMED_WGS84;OCCURRENCE_STATUS_INFERRED_FROM_INDIVIDUAL_COUNT"
1426031547,"41f549a6-c7ae-4460-8b2b-3333b1a036cd","GW_IlesUrok_ACO01_4_37_GME","Animalia","Chordata",NA,"Perciformes","Gerreidae","Eucinostomus","Eucinostomus melanopterus",NA,"SPECIES","Eucinostomus melanopterus (Bleeker, 1863)","Eucinostomus melanopterus","(Bleeker, 1863)","GW","","","PRESENT",1,"3b5161b7-9831-4444-9822-a60df4df107d",11.5175,-15.911,NA,NA,0,NA,6.1,NA,"2013-05-20",20,5,2013,2369483,2369483,"HUMAN_OBSERVATION","IRD","PPEAO_Pechexp","PPEAO_Pechexp_16543","","SADIO Oumar, ECOUTIN Jean-Marc",2013-05-20,"CC_BY_NC_4_0","","SADIO Oumar, ECOUTIN Jean-Marc","",NA,2025-01-31 19:58:47.645,"","GEODETIC_DATUM_ASSUMED_WGS84;OCCURRENCE_STATUS_INFERRED_FROM_INDIVIDUAL_COUNT"
1305135647,"50c9509d-22c7-4a22-a47d-8c48425ef4a7","http://www.inaturalist.org/observations/3885463","Animalia","Chordata",NA,"Perciformes","Gerreidae","Eucinostomus","Eucinostomus melanopterus",NA,"SPECIES","Eucinostomus melanopterus (Bleeker, 1863)","Eucinostomus melanopterus","","US","","Texas","PRESENT",NA,"28eb1a3f-1c15-4a95-931a-4af90ecb574d",27.627668,-97.217017,23,NA,NA,NA,NA,NA,"2016-08-14T13:48:19",14,8,2016,2369483,2369483,"HUMAN_OBSERVATION","iNaturalist","Observations","3885463","","Jon McIntyre",2016-08-14 19:03:38,"CC_BY_NC_4_0","Jon McIntyre","Jon McIntyre","",NA,2025-06-07 01:40:44.806,"StillImage","COORDINATE_ROUNDED;CONTINENT_DERIVED_FROM_COORDINATES;TAXON_MATCH_TAXON_ID_IGNORED"
1291139152,"50c9509d-22c7-4a22-a47d-8c48425ef4a7","http://www.inaturalist.org/observations/3719246","Animalia","Chordata",NA,"Perciformes","Gerreidae","Eucinostomus","Eucinostomus melanopterus",NA,"SPECIES","Eucinostomus melanopterus (Bleeker, 1863)","Eucinostomus melanopterus","","US","","Texas","PRESENT",NA,"28eb1a3f-1c15-4a95-931a-4af90ecb574d",27.620756,-97.222906,23,NA,NA,NA,NA,NA,"2016-05-09T11:57:50",9,5,2016,2369483,2369483,"HUMAN_OBSERVATION","iNaturalist","Observations","3719246","","Jon McIntyre",2016-07-22 04:34:04,"CC_BY_NC_4_0","Jon McIntyre","Jon McIntyre","",NA,2025-06-07 02:30:45.759,"StillImage","COORDINATE_ROUNDED;CONTINENT_DERIVED_FROM_COORDINATES;TAXON_MATCH_TAXON_ID_IGNORED"
1271319289,"99cac79f-b9bf-42e5-88bd-68c30a595437","1112264976","Animalia","Chordata",NA,"Perciformes","Gerreidae","Eucinostomus","Eucinostomus melanopterus",NA,"SPECIES","Eucinostomus melanopterus (Bleeker, 1863)","Eucinostomus melanopterus","","US","Lower Laguna Madre Estuary","Texas","PRESENT",NA,"c3ad790a-d426-4ac1-8e32-da61f81f0117",26.623889,-97.4425,100,NA,NA,NA,1.3,0,"2006-10-04T16:44",4,10,2006,2369483,2369483,"HUMAN_OBSERVATION","TPWD","Lower Laguna Madre Trawl","","","",NA,"CC0_1_0","","TPWD","",NA,2025-01-31 23:41:24.665,"","GEODETIC_DATUM_INVALID;GEODETIC_DATUM_ASSUMED_WGS84;CONTINENT_DERIVED_FROM_COORDINATES;OCCURRENCE_STATUS_UNPARSABLE"
1271319261,"99cac79f-b9bf-42e5-88bd-68c30a595437","1112263099","Animalia","Chordata",NA,"Perciformes","Gerreidae","Eucinostomus","Eucinostomus melanopterus",NA,"SPECIES","Eucinostomus melanopterus (Bleeker, 1863)","Eucinostomus melanopterus","","US","Lower Laguna Madre Estuary","Texas","PRESENT",NA,"c3ad790a-d426-4ac1-8e32-da61f81f0117",26.174722,-97.224722,100,NA,NA,NA,1.4,0,"2006-05-15T17:49",15,5,2006,2369483,2369483,"HUMAN_OBSERVATION","TPWD","Lower Laguna Madre Trawl","","","",NA,"CC0_1_0","","TPWD","",NA,2025-01-31 23:41:23.806,"","GEODETIC_DATUM_INVALID;GEODETIC_DATUM_ASSUMED_WGS84;CONTINENT_DERIVED_FROM_COORDINATES;OCCURRENCE_STATUS_UNPARSABLE"
1271319260,"99cac79f-b9bf-42e5-88bd-68c30a595437","1112264258","Animalia","Chordata",NA,"Perciformes","Gerreidae","Eucinostomus","Eucinostomus melanopterus",NA,"SPECIES","Eucinostomus melanopterus (Bleeker, 1863)","Eucinostomus melanopterus","","US","Lower Laguna Madre Estuary","Texas","PRESENT",NA,"c3ad790a-d426-4ac1-8e32-da61f81f0117",26.058333,-97.191667,100,NA,NA,NA,1.2,0,"2008-07-01T11:36",1,7,2008,2369483,2369483,"HUMAN_OBSERVATION","TPWD","Lower Laguna Madre Trawl","","","",NA,"CC0_1_0","","TPWD","",NA,2025-01-31 23:41:23.799,"","GEODETIC_DATUM_INVALID;GEODETIC_DATUM_ASSUMED_WGS84;CONTINENT_DERIVED_FROM_COORDINATES;OCCURRENCE_STATUS_UNPARSABLE"
1271319256,"99cac79f-b9bf-42e5-88bd-68c30a595437","1112263950","Animalia","Chordata",NA,"Perciformes","Gerreidae","Eucinostomus","Eucinostomus melanopterus",NA,"SPECIES","Eucinostomus melanopterus (Bleeker, 1863)","Eucinostomus melanopterus","","US","Lower Laguna Madre Estuary","Texas","PRESENT",NA,"c3ad790a-d426-4ac1-8e32-da61f81f0117",26.109167,-97.176667,100,NA,NA,NA,1.2,0,"2007-08-28T11:11",28,8,2007,2369483,2369483,"HUMAN_OBSERVATION","TPWD","Lower Laguna Madre Trawl","","","",NA,"CC0_1_0","","TPWD","",NA,2025-01-31 23:41:24.726,"","GEODETIC_DATUM_INVALID;GEODETIC_DATUM_ASSUMED_WGS84;CONTINENT_DERIVED_FROM_COORDINATES;OCCURRENCE_STATUS_UNPARSABLE"
