"gbifID","datasetKey","occurrenceID","kingdom","phylum","class","order","family","genus","species","infraspecificEpithet","taxonRank","scientificName","verbatimScientificName","verbatimScientificNameAuthorship","countryCode","locality","stateProvince","occurrenceStatus","individualCount","publishingOrgKey","decimalLatitude","decimalLongitude","coordinateUncertaintyInMeters","coordinatePrecision","elevation","elevationAccuracy","depth","depthAccuracy","eventDate","day","month","year","taxonKey","speciesKey","basisOfRecord","institutionCode","collectionCode","catalogNumber","recordNumber","identifiedBy","dateIdentified","license","rightsHolder","recordedBy","typeStatus","establishmentMeans","lastInterpreted","mediaType","issue"
5177216973,"50c9509d-22c7-4a22-a47d-8c48425ef4a7","https://www.inaturalist.org/observations/285103185","Animalia","Chordata",NA,"Cyprinodontiformes","Fundulidae","Fundulus","Fundulus grandis",NA,"SPECIES","Fundulus grandis Baird & Girard, 1853","Fundulus grandis","","US","","Texas","PRESENT",NA,"28eb1a3f-1c15-4a95-931a-4af90ecb574d",26.22745,-97.42611,NA,NA,NA,NA,NA,NA,"2025-05-24T14:57",24,5,2025,5203686,5203686,"HUMAN_OBSERVATION","iNaturalist","Observations","285103185",NA,"Michael Orgill",2025-05-29 16:40:02,"CC_BY_NC_4_0","Michael Orgill","Michael Orgill",NA,NA,2025-06-07 00:14:32.421,"StillImage","CONTINENT_DERIVED_FROM_COORDINATES;TAXON_MATCH_TAXON_ID_IGNORED"
5177192506,"50c9509d-22c7-4a22-a47d-8c48425ef4a7","https://www.inaturalist.org/observations/285106467","Animalia","Chordata",NA,"Cyprinodontiformes","Fundulidae","Fundulus","Fundulus grandis",NA,"SPECIES","Fundulus grandis Baird & Girard, 1853","Fundulus grandis","","US","","Texas","PRESENT",NA,"28eb1a3f-1c15-4a95-931a-4af90ecb574d",26.22757,-97.42629,NA,NA,NA,NA,NA,NA,"2025-05-24T15:03",24,5,2025,5203686,5203686,"HUMAN_OBSERVATION","iNaturalist","Observations","285106467",NA,"Michael Orgill",2025-05-29 16:50:03,"CC_BY_NC_4_0","Michael Orgill","Michael Orgill",NA,NA,2025-06-07 00:42:13.695,"StillImage","CONTINENT_DERIVED_FROM_COORDINATES;TAXON_MATCH_TAXON_ID_IGNORED"
5177186183,"50c9509d-22c7-4a22-a47d-8c48425ef4a7","https://www.inaturalist.org/observations/285772205","Animalia","Chordata",NA,"Cyprinodontiformes","Fundulidae","Fundulus","Fundulus grandis",NA,"SPECIES","Fundulus grandis Baird & Girard, 1853","Fundulus grandis","","US","","Texas","PRESENT",NA,"28eb1a3f-1c15-4a95-931a-4af90ecb574d",27.668672,-97.382947,33,NA,NA,NA,NA,NA,"2025-04-30T18:29:36",30,4,2025,5203686,5203686,"HUMAN_OBSERVATION","iNaturalist","Observations","285772205",NA,"Hazel Allen",2025-05-31 22:17:56,"CC_BY_NC_4_0","Hazel Allen","Hazel Allen",NA,NA,2025-06-07 03:17:35.202,"StillImage","COORDINATE_ROUNDED;CONTINENT_DERIVED_FROM_COORDINATES;TAXON_MATCH_TAXON_ID_IGNORED"
5177151967,"50c9509d-22c7-4a22-a47d-8c48425ef4a7","https://www.inaturalist.org/observations/285124416","Animalia","Chordata",NA,"Cyprinodontiformes","Fundulidae","Fundulus","Fundulus grandis",NA,"SPECIES","Fundulus grandis Baird & Girard, 1853","Fundulus grandis","","US","","Texas","PRESENT",NA,"28eb1a3f-1c15-4a95-931a-4af90ecb574d",26.2271,-97.4259,NA,NA,NA,NA,NA,NA,"2025-05-24T15:26",24,5,2025,5203686,5203686,"HUMAN_OBSERVATION","iNaturalist","Observations","285124416",NA,"Michael Orgill",2025-05-29 17:55:51,"CC_BY_NC_4_0","Michael Orgill","Michael Orgill",NA,NA,2025-06-07 01:59:10.074,"StillImage","CONTINENT_DERIVED_FROM_COORDINATES;TAXON_MATCH_TAXON_ID_IGNORED"
5176610145,"50c9509d-22c7-4a22-a47d-8c48425ef4a7","https://www.inaturalist.org/observations/285389689","Animalia","Chordata",NA,"Cyprinodontiformes","Fundulidae","Fundulus","Fundulus grandis",NA,"SPECIES","Fundulus grandis Baird & Girard, 1853","Fundulus grandis","","US","","Texas","PRESENT",NA,"28eb1a3f-1c15-4a95-931a-4af90ecb574d",28.763994,-96.572126,2,NA,NA,NA,NA,NA,"2025-05-30T12:41:19",30,5,2025,5203686,5203686,"HUMAN_OBSERVATION","iNaturalist","Observations","285389689",NA,"Michael Price",2025-05-30 17:41:39,"CC_BY_NC_4_0","Michael Price","Michael Price",NA,NA,2025-06-07 01:54:51.551,"StillImage","COORDINATE_ROUNDED;CONTINENT_DERIVED_FROM_COORDINATES;TAXON_MATCH_TAXON_ID_IGNORED"
5176558267,"50c9509d-22c7-4a22-a47d-8c48425ef4a7","https://www.inaturalist.org/observations/285141488","Animalia","Chordata",NA,"Cyprinodontiformes","Fundulidae","Fundulus","Fundulus grandis",NA,"SPECIES","Fundulus grandis Baird & Girard, 1853","Fundulus grandis","","US","","Texas","PRESENT",NA,"28eb1a3f-1c15-4a95-931a-4af90ecb574d",26.21474,-97.42583,NA,NA,NA,NA,NA,NA,"2025-05-24T16:26",24,5,2025,5203686,5203686,"HUMAN_OBSERVATION","iNaturalist","Observations","285141488",NA,"Michael Orgill",2025-05-29 18:57:42,"CC_BY_NC_4_0","Michael Orgill","Michael Orgill",NA,NA,2025-06-07 00:22:36.914,"StillImage","CONTINENT_DERIVED_FROM_COORDINATES;TAXON_MATCH_TAXON_ID_IGNORED"
5176534492,"50c9509d-22c7-4a22-a47d-8c48425ef4a7","https://www.inaturalist.org/observations/285609830","Animalia","Chordata",NA,"Cyprinodontiformes","Fundulidae","Fundulus","Fundulus grandis",NA,"SPECIES","Fundulus grandis Baird & Girard, 1853","Fundulus grandis","","US","","Florida","PRESENT",NA,"28eb1a3f-1c15-4a95-931a-4af90ecb574d",26.059408,-80.11239,20,NA,NA,NA,NA,NA,"2025-05-31T08:49:03",31,5,2025,5203686,5203686,"HUMAN_OBSERVATION","iNaturalist","Observations","285609830",NA,"Kai Murphy",2025-05-31 13:12:33,"CC_BY_NC_4_0","Kai Murphy","Kai Murphy",NA,NA,2025-06-07 01:08:56.338,"StillImage","COORDINATE_ROUNDED;CONTINENT_DERIVED_FROM_COORDINATES;TAXON_MATCH_TAXON_ID_IGNORED"
5168439969,"50c9509d-22c7-4a22-a47d-8c48425ef4a7","https://www.inaturalist.org/observations/284426148","Animalia","Chordata",NA,"Cyprinodontiformes","Fundulidae","Fundulus","Fundulus grandis",NA,"SPECIES","Fundulus grandis Baird & Girard, 1853","Fundulus grandis","","US","","Texas","PRESENT",NA,"28eb1a3f-1c15-4a95-931a-4af90ecb574d",26.22747,-97.42643,NA,NA,NA,NA,NA,NA,"2025-05-24T14:50",24,5,2025,5203686,5203686,"HUMAN_OBSERVATION","iNaturalist","Observations","284426148",NA,"Michael Orgill",2025-05-27 00:36:40,"CC_BY_NC_4_0","Michael Orgill","Michael Orgill",NA,NA,2025-06-07 03:08:44.015,"StillImage","CONTINENT_DERIVED_FROM_COORDINATES;TAXON_MATCH_TAXON_ID_IGNORED"
5168234123,"50c9509d-22c7-4a22-a47d-8c48425ef4a7","https://www.inaturalist.org/observations/282239785","Animalia","Chordata",NA,"Cyprinodontiformes","Fundulidae","Fundulus","Fundulus grandis",NA,"SPECIES","Fundulus grandis Baird & Girard, 1853","Fundulus grandis","","US","","Florida","PRESENT",NA,"28eb1a3f-1c15-4a95-931a-4af90ecb574d",27.792489,-82.418178,117,NA,NA,NA,NA,NA,"2025-05-17T12:45",17,5,2025,5203686,5203686,"HUMAN_OBSERVATION","iNaturalist","Observations","282239785",NA,"Bill Pranty",2025-05-18 23:53:58,"CC_BY_NC_4_0","Bill Pranty","Bill Pranty",NA,NA,2025-06-07 01:16:39.409,"StillImage","COORDINATE_ROUNDED;CONTINENT_DERIVED_FROM_COORDINATES;TAXON_MATCH_TAXON_ID_IGNORED"
5168126174,"50c9509d-22c7-4a22-a47d-8c48425ef4a7","https://www.inaturalist.org/observations/284175714","Animalia","Chordata",NA,"Cyprinodontiformes","Fundulidae","Fundulus","Fundulus grandis",NA,"SPECIES","Fundulus grandis Baird & Girard, 1853","Fundulus grandis","","US","","Florida","PRESENT",NA,"28eb1a3f-1c15-4a95-931a-4af90ecb574d",27.536158,-82.627623,666,NA,NA,NA,NA,NA,"2015-01-25",25,1,2015,5203686,5203686,"HUMAN_OBSERVATION","iNaturalist","Observations","284175714",NA,"jknuth",2025-05-26 04:40:29,"CC_BY_NC_4_0","jknuth","jknuth",NA,NA,2025-06-07 01:54:47.702,"StillImage","COORDINATE_ROUNDED;CONTINENT_DERIVED_FROM_COORDINATES;TAXON_MATCH_TAXON_ID_IGNORED"
5167958585,"50c9509d-22c7-4a22-a47d-8c48425ef4a7","https://www.inaturalist.org/observations/284164301","Animalia","Chordata",NA,"Cyprinodontiformes","Fundulidae","Fundulus","Fundulus grandis",NA,"SPECIES","Fundulus grandis Baird & Girard, 1853","Fundulus grandis","","US","","Texas","PRESENT",NA,"28eb1a3f-1c15-4a95-931a-4af90ecb574d",26.22765,-97.4269,NA,NA,NA,NA,NA,NA,"2025-05-24T14:44",24,5,2025,5203686,5203686,"HUMAN_OBSERVATION","iNaturalist","Observations","284164301",NA,"Michael Orgill",2025-05-26 03:27:17,"CC_BY_NC_4_0","Michael Orgill","Michael Orgill",NA,NA,2025-06-07 01:54:41.803,"StillImage","CONTINENT_DERIVED_FROM_COORDINATES;TAXON_MATCH_TAXON_ID_IGNORED"
5167957518,"50c9509d-22c7-4a22-a47d-8c48425ef4a7","https://www.inaturalist.org/observations/162993666","Animalia","Chordata",NA,"Cyprinodontiformes","Fundulidae","Fundulus","Fundulus grandis",NA,"SPECIES","Fundulus grandis Baird & Girard, 1853","Fundulus grandis","","US","","Florida","PRESENT",NA,"28eb1a3f-1c15-4a95-931a-4af90ecb574d",27.806825,-82.757653,5,NA,NA,NA,NA,NA,"2023-05-21T15:11:32",21,5,2023,5203686,5203686,"HUMAN_OBSERVATION","iNaturalist","Observations","162993666",NA,"rivulid25",2025-05-23 22:45:35,"CC_BY_NC_4_0","zara_nature_nerd","zara_nature_nerd",NA,NA,2025-06-07 00:50:09.382,"StillImage","COORDINATE_ROUNDED;CONTINENT_DERIVED_FROM_COORDINATES;TAXON_MATCH_TAXON_ID_IGNORED"
5167882655,"50c9509d-22c7-4a22-a47d-8c48425ef4a7","https://www.inaturalist.org/observations/281922990","Animalia","Chordata",NA,"Cyprinodontiformes","Fundulidae","Fundulus","Fundulus grandis",NA,"SPECIES","Fundulus grandis Baird & Girard, 1853","Fundulus grandis","","US","","Texas","PRESENT",NA,"28eb1a3f-1c15-4a95-931a-4af90ecb574d",29.734893,-94.985398,154,NA,NA,NA,NA,NA,"2025-05-17T18:28:48",17,5,2025,5203686,5203686,"HUMAN_OBSERVATION","iNaturalist","Observations","281922990",NA,"austinbwood",2025-05-17 23:28:55,"CC_BY_NC_4_0","austinbwood","austinbwood",NA,NA,2025-06-07 00:03:52.748,"StillImage","COORDINATE_ROUNDED;CONTINENT_DERIVED_FROM_COORDINATES;TAXON_MATCH_TAXON_ID_IGNORED"
5167463779,"50c9509d-22c7-4a22-a47d-8c48425ef4a7","https://www.inaturalist.org/observations/284440721","Animalia","Chordata",NA,"Cyprinodontiformes","Fundulidae","Fundulus","Fundulus grandis",NA,"SPECIES","Fundulus grandis Baird & Girard, 1853","Fundulus grandis","","US","","Texas","PRESENT",NA,"28eb1a3f-1c15-4a95-931a-4af90ecb574d",26.22743,-97.42629,NA,NA,NA,NA,NA,NA,"2025-05-24T14:55",24,5,2025,5203686,5203686,"HUMAN_OBSERVATION","iNaturalist","Observations","284440721",NA,"Michael Orgill",2025-05-27 01:44:13,"CC_BY_NC_4_0","Michael Orgill","Michael Orgill",NA,NA,2025-06-07 01:59:51.318,"StillImage","CONTINENT_DERIVED_FROM_COORDINATES;TAXON_MATCH_TAXON_ID_IGNORED"
5167021375,"50c9509d-22c7-4a22-a47d-8c48425ef4a7","https://www.inaturalist.org/observations/282148875","Animalia","Chordata",NA,"Cyprinodontiformes","Fundulidae","Fundulus","Fundulus grandis",NA,"SPECIES","Fundulus grandis Baird & Girard, 1853","Fundulus grandis","","US","","Florida","PRESENT",NA,"28eb1a3f-1c15-4a95-931a-4af90ecb574d",29.116089,-83.078369,3,NA,NA,NA,NA,NA,"2025-05-18T14:01:43",18,5,2025,5203686,5203686,"HUMAN_OBSERVATION","iNaturalist","Observations","282148875",NA,"nathan2v",2025-05-18 18:32:46,"CC_BY_NC_4_0","nathan2v","nathan2v",NA,NA,2025-06-07 01:04:27.863,"StillImage","COORDINATE_ROUNDED;CONTINENT_DERIVED_FROM_COORDINATES;TAXON_MATCH_TAXON_ID_IGNORED"
5166966419,"50c9509d-22c7-4a22-a47d-8c48425ef4a7","https://www.inaturalist.org/observations/282126153","Animalia","Chordata",NA,"Cyprinodontiformes","Fundulidae","Fundulus","Fundulus grandis",NA,"SPECIES","Fundulus grandis Baird & Girard, 1853","Fundulus grandis","","US","","Texas","PRESENT",NA,"28eb1a3f-1c15-4a95-931a-4af90ecb574d",32.891288,-98.468887,9,NA,NA,NA,NA,NA,"2025-05-18T11:39:19",18,5,2025,5203686,5203686,"HUMAN_OBSERVATION","iNaturalist","Observations","282126153",NA,"Analisa Shields-Estrada",2025-05-18 17:19:29,"CC_BY_NC_4_0","Analisa Shields-Estrada","Analisa Shields-Estrada",NA,NA,2025-06-07 00:09:38.322,"StillImage","COORDINATE_ROUNDED;CONTINENT_DERIVED_FROM_COORDINATES;TAXON_MATCH_TAXON_ID_IGNORED"
5166798986,"50c9509d-22c7-4a22-a47d-8c48425ef4a7","https://www.inaturalist.org/observations/275280582","Animalia","Chordata",NA,"Cyprinodontiformes","Fundulidae","Fundulus","Fundulus grandis",NA,"SPECIES","Fundulus grandis Baird & Girard, 1853","Fundulus grandis","","US","","Florida","PRESENT",NA,"28eb1a3f-1c15-4a95-931a-4af90ecb574d",27.50321,-82.491363,NA,NA,NA,NA,NA,NA,"2025-04-27T14:39",27,4,2025,5203686,5203686,"HUMAN_OBSERVATION","iNaturalist","Observations","275280582",NA,"Steve Collins",2025-04-28 02:14:24,"CC_BY_4_0","Steve Collins","Steve Collins",NA,NA,2025-06-07 00:24:03.564,"","COORDINATE_ROUNDED;CONTINENT_DERIVED_FROM_COORDINATES;TAXON_MATCH_TAXON_ID_IGNORED"
5154558772,"50c9509d-22c7-4a22-a47d-8c48425ef4a7","https://www.inaturalist.org/observations/275337096","Animalia","Chordata",NA,"Cyprinodontiformes","Fundulidae","Fundulus","Fundulus grandis",NA,"SPECIES","Fundulus grandis Baird & Girard, 1853","Fundulus grandis","","US","","Texas","PRESENT",NA,"28eb1a3f-1c15-4a95-931a-4af90ecb574d",27.827178,-97.079437,4,NA,NA,NA,NA,NA,"2025-04-25T16:08",25,4,2025,5203686,5203686,"HUMAN_OBSERVATION","iNaturalist","Observations","275337096",NA,"Justin Quintanilla",2025-05-02 16:55:45,"CC_BY_NC_4_0","Jeff McIntyre","Jeff McIntyre",NA,NA,2025-06-07 01:27:47.764,"StillImage","COORDINATE_ROUNDED;CONTINENT_DERIVED_FROM_COORDINATES;TAXON_MATCH_TAXON_ID_IGNORED"
5154431971,"50c9509d-22c7-4a22-a47d-8c48425ef4a7","https://www.inaturalist.org/observations/277725257","Animalia","Chordata",NA,"Cyprinodontiformes","Fundulidae","Fundulus","Fundulus grandis",NA,"SPECIES","Fundulus grandis Baird & Girard, 1853","Fundulus grandis","","US","","Texas","PRESENT",NA,"28eb1a3f-1c15-4a95-931a-4af90ecb574d",27.827175,-97.079468,NA,NA,NA,NA,NA,NA,"2025-04-25T18:25:54",25,4,2025,5203686,5203686,"HUMAN_OBSERVATION","iNaturalist","Observations","277725257",NA,"Justin Quintanilla",2025-05-02 14:33:49,"CC_BY_NC_4_0","Justin Quintanilla","Justin Quintanilla",NA,NA,2025-06-07 01:33:53.349,"","COORDINATE_ROUNDED;CONTINENT_DERIVED_FROM_COORDINATES;TAXON_MATCH_TAXON_ID_IGNORED"
5153461768,"50c9509d-22c7-4a22-a47d-8c48425ef4a7","https://www.inaturalist.org/observations/278275840","Animalia","Chordata",NA,"Cyprinodontiformes","Fundulidae","Fundulus","Fundulus grandis",NA,"SPECIES","Fundulus grandis Baird & Girard, 1853","Fundulus grandis","","US","","Louisiana","PRESENT",NA,"28eb1a3f-1c15-4a95-931a-4af90ecb574d",29.824434,-93.334903,61,NA,NA,NA,NA,NA,"2020-06-18T17:13",18,6,2020,5203686,5203686,"HUMAN_OBSERVATION","iNaturalist","Observations","278275840",NA,"Jess Williams",2025-05-04 03:24:09,"CC_BY_NC_4_0","Jess Williams","Jess Williams",NA,NA,2025-06-07 03:06:18.315,"StillImage","COORDINATE_ROUNDED;CONTINENT_DERIVED_FROM_COORDINATES;TAXON_MATCH_TAXON_ID_IGNORED"
5153387335,"50c9509d-22c7-4a22-a47d-8c48425ef4a7","https://www.inaturalist.org/observations/76144829","Animalia","Chordata",NA,"Cyprinodontiformes","Fundulidae","Fundulus","Fundulus grandis",NA,"SPECIES","Fundulus grandis Baird & Girard, 1853","Fundulus grandis","","US","","Texas","PRESENT",NA,"28eb1a3f-1c15-4a95-931a-4af90ecb574d",29.460923,-94.951626,8,NA,NA,NA,NA,NA,"2021-05-01T09:22:42",1,5,2021,5203686,5203686,"HUMAN_OBSERVATION","iNaturalist","Observations","76144829",NA,"Michael Tobler",2021-05-01 21:41:01,"CC_BY_NC_4_0","Aaron Tjelmeland","Aaron Tjelmeland",NA,NA,2025-06-07 00:49:22.283,"StillImage","COORDINATE_ROUNDED;CONTINENT_DERIVED_FROM_COORDINATES;TAXON_MATCH_TAXON_ID_IGNORED"
5140850778,"50c9509d-22c7-4a22-a47d-8c48425ef4a7","https://www.inaturalist.org/observations/276285463","Animalia","Chordata",NA,"Cyprinodontiformes","Fundulidae","Fundulus","Fundulus grandis",NA,"SPECIES","Fundulus grandis Baird & Girard, 1853","Fundulus grandis","","US","","Florida","PRESENT",NA,"28eb1a3f-1c15-4a95-931a-4af90ecb574d",27.712605,-82.690413,5,NA,NA,NA,NA,NA,"2025-04-28T20:46:51",28,4,2025,5203686,5203686,"HUMAN_OBSERVATION","iNaturalist","Observations","276285463",NA,"shawnphoenix",2025-04-29 01:19:45,"CC_BY_NC_4_0","shawnphoenix","shawnphoenix",NA,NA,2025-06-07 03:17:58.175,"StillImage","COORDINATE_ROUNDED;CONTINENT_DERIVED_FROM_COORDINATES;TAXON_MATCH_TAXON_ID_IGNORED"
5140768336,"50c9509d-22c7-4a22-a47d-8c48425ef4a7","https://www.inaturalist.org/observations/275337097","Animalia","Chordata",NA,"Cyprinodontiformes","Fundulidae","Fundulus","Fundulus grandis",NA,"SPECIES","Fundulus grandis Baird & Girard, 1853","Fundulus grandis","","US","","Texas","PRESENT",NA,"28eb1a3f-1c15-4a95-931a-4af90ecb574d",27.827178,-97.079435,4,NA,NA,NA,NA,NA,"2025-04-25T16:08",25,4,2025,5203686,5203686,"HUMAN_OBSERVATION","iNaturalist","Observations","275337097",NA,"Jeff McIntyre",2025-04-28 03:56:33,"CC_BY_NC_4_0","Jeff McIntyre","Jeff McIntyre",NA,NA,2025-06-07 01:30:05.108,"StillImage","COORDINATE_ROUNDED;CONTINENT_DERIVED_FROM_COORDINATES;TAXON_MATCH_TAXON_ID_IGNORED"
5140039185,"50c9509d-22c7-4a22-a47d-8c48425ef4a7","https://www.inaturalist.org/observations/272501977","Animalia","Chordata",NA,"Cyprinodontiformes","Fundulidae","Fundulus","Fundulus grandis",NA,"SPECIES","Fundulus grandis Baird & Girard, 1853","Fundulus grandis","","US","","Florida","PRESENT",NA,"28eb1a3f-1c15-4a95-931a-4af90ecb574d",27.712558,-82.690452,10,NA,NA,NA,NA,NA,"2025-04-22T11:39:49",22,4,2025,5203686,5203686,"HUMAN_OBSERVATION","iNaturalist","Observations","272501977",NA,"lefua",2025-04-23 18:46:50,"CC_BY_NC_4_0","lefua","lefua",NA,NA,2025-06-07 02:08:43.361,"StillImage","COORDINATE_ROUNDED;CONTINENT_DERIVED_FROM_COORDINATES;TAXON_MATCH_TAXON_ID_IGNORED"
5134773639,"50c9509d-22c7-4a22-a47d-8c48425ef4a7","https://www.inaturalist.org/observations/271955283","Animalia","Chordata",NA,"Cyprinodontiformes","Fundulidae","Fundulus","Fundulus grandis",NA,"SPECIES","Fundulus grandis Baird & Girard, 1853","Fundulus grandis","","US","","Florida","PRESENT",NA,"28eb1a3f-1c15-4a95-931a-4af90ecb574d",27.71233,-82.690439,24,NA,NA,NA,NA,NA,"2025-04-20T23:39:29",20,4,2025,5203686,5203686,"HUMAN_OBSERVATION","iNaturalist","Observations","271955283",NA,"lefua",2025-04-21 13:06:58,"CC_BY_NC_4_0","lefua","lefua",NA,NA,2025-06-07 00:03:01.48,"StillImage","COORDINATE_ROUNDED;CONTINENT_DERIVED_FROM_COORDINATES;TAXON_MATCH_TAXON_ID_IGNORED"
5133613425,"50c9509d-22c7-4a22-a47d-8c48425ef4a7","https://www.inaturalist.org/observations/270300850","Animalia","Chordata",NA,"Cyprinodontiformes","Fundulidae","Fundulus","Fundulus grandis",NA,"SPECIES","Fundulus grandis Baird & Girard, 1853","Fundulus grandis","","US","","Texas","PRESENT",NA,"28eb1a3f-1c15-4a95-931a-4af90ecb574d",29.333033,-94.749693,19,NA,NA,NA,NA,NA,"2025-04-13T15:22:40",13,4,2025,5203686,5203686,"HUMAN_OBSERVATION","iNaturalist","Observations","270300850",NA,"Mitchel Buckner",2025-04-13 22:17:35,"CC_BY_NC_4_0","Mitchel Buckner","Mitchel Buckner",NA,NA,2025-06-07 01:14:26.132,"StillImage","COORDINATE_ROUNDED;CONTINENT_DERIVED_FROM_COORDINATES;TAXON_MATCH_TAXON_ID_IGNORED"
5133558325,"50c9509d-22c7-4a22-a47d-8c48425ef4a7","https://www.inaturalist.org/observations/246208890","Animalia","Chordata",NA,"Cyprinodontiformes","Fundulidae","Fundulus","Fundulus grandis",NA,"SPECIES","Fundulus grandis Baird & Girard, 1853","Fundulus grandis","","US","","New Mexico","PRESENT",NA,"28eb1a3f-1c15-4a95-931a-4af90ecb574d",32.512795,-104.327645,4,NA,NA,NA,NA,NA,"2024-10-05T17:05:56",5,10,2024,5203686,5203686,"HUMAN_OBSERVATION","iNaturalist","Observations","246208890",NA,"ssummo58",2024-10-07 19:37:26,"CC_BY_NC_4_0","ssummo58","ssummo58",NA,NA,2025-06-07 01:25:11.937,"StillImage","CONTINENT_DERIVED_FROM_COORDINATES;TAXON_MATCH_TAXON_ID_IGNORED"
5133536722,"50c9509d-22c7-4a22-a47d-8c48425ef4a7","https://www.inaturalist.org/observations/270300919","Animalia","Chordata",NA,"Cyprinodontiformes","Fundulidae","Fundulus","Fundulus grandis",NA,"SPECIES","Fundulus grandis Baird & Girard, 1853","Fundulus grandis","","US","","Texas","PRESENT",NA,"28eb1a3f-1c15-4a95-931a-4af90ecb574d",29.332952,-94.749662,23,NA,NA,NA,NA,NA,"2025-04-13T15:24:58",13,4,2025,5203686,5203686,"HUMAN_OBSERVATION","iNaturalist","Observations","270300919",NA,"Mitchel Buckner",2025-04-13 22:17:51,"CC_BY_NC_4_0","Mitchel Buckner","Mitchel Buckner",NA,NA,2025-06-07 00:36:21.629,"StillImage","COORDINATE_ROUNDED;CONTINENT_DERIVED_FROM_COORDINATES;TAXON_MATCH_TAXON_ID_IGNORED"
5133502551,"50c9509d-22c7-4a22-a47d-8c48425ef4a7","https://www.inaturalist.org/observations/270301462","Animalia","Chordata",NA,"Cyprinodontiformes","Fundulidae","Fundulus","Fundulus grandis",NA,"SPECIES","Fundulus grandis Baird & Girard, 1853","Fundulus grandis","","US","","Texas","PRESENT",NA,"28eb1a3f-1c15-4a95-931a-4af90ecb574d",29.33266,-94.749738,8,NA,NA,NA,NA,NA,"2025-04-13T16:14:52",13,4,2025,5203686,5203686,"HUMAN_OBSERVATION","iNaturalist","Observations","270301462",NA,"Mitchel Buckner",2025-04-13 22:20:14,"CC_BY_NC_4_0","Mitchel Buckner","Mitchel Buckner",NA,NA,2025-06-07 00:09:27.79,"StillImage","COORDINATE_ROUNDED;CONTINENT_DERIVED_FROM_COORDINATES;TAXON_MATCH_TAXON_ID_IGNORED"
5133361932,"50c9509d-22c7-4a22-a47d-8c48425ef4a7","https://www.inaturalist.org/observations/269973566","Animalia","Chordata",NA,"Cyprinodontiformes","Fundulidae","Fundulus","Fundulus grandis",NA,"SPECIES","Fundulus grandis Baird & Girard, 1853","Fundulus grandis","","US","","Texas","PRESENT",NA,"28eb1a3f-1c15-4a95-931a-4af90ecb574d",27.827256,-97.079657,2,NA,NA,NA,NA,NA,"2025-04-11T08:24",11,4,2025,5203686,5203686,"HUMAN_OBSERVATION","iNaturalist","Observations","269973566",NA,"Jon McIntyre",2025-04-12 14:45:10,"CC_BY_NC_4_0","Jon McIntyre","Jon McIntyre",NA,NA,2025-06-07 02:04:43.029,"StillImage","COORDINATE_ROUNDED;CONTINENT_DERIVED_FROM_COORDINATES;TAXON_MATCH_TAXON_ID_IGNORED"
5108365926,"50c9509d-22c7-4a22-a47d-8c48425ef4a7","https://www.inaturalist.org/observations/267553863","Animalia","Chordata",NA,"Cyprinodontiformes","Fundulidae","Fundulus","Fundulus grandis",NA,"SPECIES","Fundulus grandis Baird & Girard, 1853","Fundulus grandis","","US","","Texas","PRESENT",NA,"28eb1a3f-1c15-4a95-931a-4af90ecb574d",29.291262,-94.844405,3,NA,NA,NA,NA,NA,"2025-03-29T13:18:11",29,3,2025,5203686,5203686,"HUMAN_OBSERVATION","iNaturalist","Observations","267553863",NA,"hansoes",2025-03-29 18:26:15,"CC_BY_NC_4_0","hansoes","hansoes",NA,NA,2025-06-07 01:24:44.493,"StillImage","COORDINATE_ROUNDED;CONTINENT_DERIVED_FROM_COORDINATES;TAXON_MATCH_TAXON_ID_IGNORED"
5108304230,"50c9509d-22c7-4a22-a47d-8c48425ef4a7","https://www.inaturalist.org/observations/267396112","Animalia","Chordata",NA,"Cyprinodontiformes","Fundulidae","Fundulus","Fundulus grandis",NA,"SPECIES","Fundulus grandis Baird & Girard, 1853","Fundulus grandis","","US","","Texas","PRESENT",NA,"28eb1a3f-1c15-4a95-931a-4af90ecb574d",27.737594,-97.136939,5,NA,NA,NA,NA,NA,"2025-03-28T14:50:22",28,3,2025,5203686,5203686,"HUMAN_OBSERVATION","iNaturalist","Observations","267396112",NA,"cass_b",2025-03-28 19:58:47,"CC_BY_NC_4_0","cass_b","cass_b",NA,NA,2025-06-07 00:41:32.727,"StillImage","COORDINATE_ROUNDED;CONTINENT_DERIVED_FROM_COORDINATES;TAXON_MATCH_TAXON_ID_IGNORED"
5108014111,"50c9509d-22c7-4a22-a47d-8c48425ef4a7","https://www.inaturalist.org/observations/226025004","Animalia","Chordata",NA,"Cyprinodontiformes","Fundulidae","Fundulus","Fundulus grandis",NA,"SPECIES","Fundulus grandis Baird & Girard, 1853","Fundulus grandis","","US","","Florida","PRESENT",NA,"28eb1a3f-1c15-4a95-931a-4af90ecb574d",25.946761,-81.744588,23,NA,NA,NA,NA,NA,"2024-06-29T14:33:16",29,6,2024,5203686,5203686,"HUMAN_OBSERVATION","iNaturalist","Observations","226025004",NA,"Logan Hallstrom",2024-06-29 20:39:56,"CC_BY_NC_4_0","Logan Hallstrom","Logan Hallstrom",NA,NA,2025-06-07 01:05:29.03,"StillImage","COORDINATE_ROUNDED;CONTINENT_DERIVED_FROM_COORDINATES;TAXON_MATCH_TAXON_ID_IGNORED"
5104589586,"50c9509d-22c7-4a22-a47d-8c48425ef4a7","https://www.inaturalist.org/observations/266645714","Animalia","Chordata",NA,"Cyprinodontiformes","Fundulidae","Fundulus","Fundulus grandis",NA,"SPECIES","Fundulus grandis Baird & Girard, 1853","Fundulus grandis","","US","","Louisiana","PRESENT",NA,"28eb1a3f-1c15-4a95-931a-4af90ecb574d",30.025353,-90.120006,13,NA,NA,NA,NA,NA,"2025-03-23T16:43:18",23,3,2025,5203686,5203686,"HUMAN_OBSERVATION","iNaturalist","Observations","266645714",NA,"Kai Murphy",2025-03-23 22:00:02,"CC_BY_NC_4_0","Kai Murphy","Kai Murphy",NA,NA,2025-06-07 00:59:29.126,"StillImage","COORDINATE_ROUNDED;CONTINENT_DERIVED_FROM_COORDINATES;TAXON_MATCH_TAXON_ID_IGNORED"
5104587476,"50c9509d-22c7-4a22-a47d-8c48425ef4a7","https://www.inaturalist.org/observations/266645823","Animalia","Chordata",NA,"Cyprinodontiformes","Fundulidae","Fundulus","Fundulus grandis",NA,"SPECIES","Fundulus grandis Baird & Girard, 1853","Fundulus grandis","","US","","Louisiana","PRESENT",NA,"28eb1a3f-1c15-4a95-931a-4af90ecb574d",30.025344,-90.120012,9,NA,NA,NA,NA,NA,"2025-03-23T16:51:02",23,3,2025,5203686,5203686,"HUMAN_OBSERVATION","iNaturalist","Observations","266645823",NA,"Kai Murphy",2025-03-23 22:00:52,"CC_BY_NC_4_0","Kai Murphy","Kai Murphy",NA,NA,2025-06-07 01:07:27.498,"StillImage","COORDINATE_ROUNDED;CONTINENT_DERIVED_FROM_COORDINATES;TAXON_MATCH_TAXON_ID_IGNORED"
5104578798,"50c9509d-22c7-4a22-a47d-8c48425ef4a7","https://www.inaturalist.org/observations/266677184","Animalia","Chordata",NA,"Cyprinodontiformes","Fundulidae","Fundulus","Fundulus grandis",NA,"SPECIES","Fundulus grandis Baird & Girard, 1853","Fundulus grandis","","US","","Alabama","PRESENT",NA,"28eb1a3f-1c15-4a95-931a-4af90ecb574d",30.248887,-88.074844,4,NA,NA,NA,NA,NA,"2025-03-23T16:45:03",23,3,2025,5203686,5203686,"HUMAN_OBSERVATION","iNaturalist","Observations","266677184",NA,"ebobcollins",2025-03-24 00:33:54,"CC_BY_NC_4_0","ebobcollins","ebobcollins",NA,NA,2025-06-07 03:00:03.777,"StillImage","COORDINATE_ROUNDED;CONTINENT_DERIVED_FROM_COORDINATES;TAXON_MATCH_TAXON_ID_IGNORED"
5104576739,"50c9509d-22c7-4a22-a47d-8c48425ef4a7","https://www.inaturalist.org/observations/266677256","Animalia","Chordata",NA,"Cyprinodontiformes","Fundulidae","Fundulus","Fundulus grandis",NA,"SPECIES","Fundulus grandis Baird & Girard, 1853","Fundulus grandis","","US","","Alabama","PRESENT",NA,"28eb1a3f-1c15-4a95-931a-4af90ecb574d",30.248775,-88.075936,250,NA,NA,NA,NA,NA,"2025-03-23T16:57:44",23,3,2025,5203686,5203686,"HUMAN_OBSERVATION","iNaturalist","Observations","266677256",NA,"ebobcollins",2025-03-24 00:34:26,"CC_BY_NC_4_0","ebobcollins","ebobcollins",NA,NA,2025-06-07 02:03:55.107,"StillImage","COORDINATE_ROUNDED;CONTINENT_DERIVED_FROM_COORDINATES;TAXON_MATCH_TAXON_ID_IGNORED"
5104333379,"50c9509d-22c7-4a22-a47d-8c48425ef4a7","https://www.inaturalist.org/observations/264664727","Animalia","Chordata",NA,"Cyprinodontiformes","Fundulidae","Fundulus","Fundulus grandis",NA,"SPECIES","Fundulus grandis Baird & Girard, 1853","Fundulus grandis","","US","","Florida","PRESENT",NA,"28eb1a3f-1c15-4a95-931a-4af90ecb574d",26.176861,-80.897446,20,NA,NA,NA,NA,NA,"2025-03-09T08:09:56",9,3,2025,5203686,5203686,"HUMAN_OBSERVATION","iNaturalist","Observations","264664727",NA,"Maxfield JonasKrueger",2025-03-10 15:21:48,"CC_BY_NC_4_0","charlowarlo","charlowarlo",NA,NA,2025-06-07 02:12:16.884,"StillImage","COORDINATE_ROUNDED;CONTINENT_DERIVED_FROM_COORDINATES;TAXON_MATCH_TAXON_ID_IGNORED"
5087879458,"50c9509d-22c7-4a22-a47d-8c48425ef4a7","https://www.inaturalist.org/observations/265098189","Animalia","Chordata",NA,"Cyprinodontiformes","Fundulidae","Fundulus","Fundulus grandis",NA,"SPECIES","Fundulus grandis Baird & Girard, 1853","Fundulus grandis","","US","","Alabama","PRESENT",NA,"28eb1a3f-1c15-4a95-931a-4af90ecb574d",30.256655,-87.679275,4,NA,NA,NA,NA,NA,"2025-03-12T16:55:02",12,3,2025,5203686,5203686,"HUMAN_OBSERVATION","iNaturalist","Observations","265098189",NA,"Jacob Hann",2025-03-12 21:57:35,"CC_BY_NC_4_0","Jacob Hann","Jacob Hann",NA,NA,2025-06-07 00:41:26.767,"StillImage","CONTINENT_DERIVED_FROM_COORDINATES;TAXON_MATCH_TAXON_ID_IGNORED"
5087596842,"50c9509d-22c7-4a22-a47d-8c48425ef4a7","https://www.inaturalist.org/observations/263796042","Animalia","Chordata",NA,"Cyprinodontiformes","Fundulidae","Fundulus","Fundulus grandis",NA,"SPECIES","Fundulus grandis Baird & Girard, 1853","Fundulus grandis","","US","","Texas","PRESENT",NA,"28eb1a3f-1c15-4a95-931a-4af90ecb574d",26.138974,-97.174451,4,NA,NA,NA,NA,NA,"2025-01-28T12:22",28,1,2025,5203686,5203686,"HUMAN_OBSERVATION","iNaturalist","Observations","263796042",NA,"Maxfield JonasKrueger",2025-03-03 22:12:08,"CC_BY_NC_4_0","Kayla Echols","Kayla Echols",NA,NA,2025-06-07 00:29:28.279,"StillImage","COORDINATE_ROUNDED;CONTINENT_DERIVED_FROM_COORDINATES;TAXON_MATCH_TAXON_ID_IGNORED"
5087378995,"50c9509d-22c7-4a22-a47d-8c48425ef4a7","https://www.inaturalist.org/observations/263642767","Animalia","Chordata",NA,"Cyprinodontiformes","Fundulidae","Fundulus","Fundulus grandis",NA,"SPECIES","Fundulus grandis Baird & Girard, 1853","Fundulus grandis","","US","","Texas","PRESENT",NA,"28eb1a3f-1c15-4a95-931a-4af90ecb574d",27.761155,-97.128197,4,NA,NA,NA,NA,NA,"2025-03-02T10:26:53",2,3,2025,5203686,5203686,"HUMAN_OBSERVATION","iNaturalist","Observations","263642767",NA,"Chris Bentley",2025-03-03 01:33:25,"CC_BY_NC_4_0","Erik Atwell","Erik Atwell",NA,NA,2025-06-07 00:24:28.247,"StillImage","COORDINATE_ROUNDED;CONTINENT_DERIVED_FROM_COORDINATES;TAXON_MATCH_TAXON_ID_IGNORED"
5069980420,"50c9509d-22c7-4a22-a47d-8c48425ef4a7","https://www.inaturalist.org/observations/261582024","Animalia","Chordata",NA,"Cyprinodontiformes","Fundulidae","Fundulus","Fundulus grandis",NA,"SPECIES","Fundulus grandis Baird & Girard, 1853","Fundulus grandis","","US","","Mississippi","PRESENT",NA,"28eb1a3f-1c15-4a95-931a-4af90ecb574d",30.423077,-88.942283,468,NA,NA,NA,NA,NA,"2025-02-13T18:04:10",13,2,2025,5203686,5203686,"HUMAN_OBSERVATION","iNaturalist","Observations","261582024",NA,"Steven Wang",2025-02-14 00:24:46,"CC_BY_NC_4_0","leslieazwell","leslieazwell",NA,NA,2025-06-07 01:57:16.515,"StillImage","COORDINATE_ROUNDED;CONTINENT_DERIVED_FROM_COORDINATES;TAXON_MATCH_TAXON_ID_IGNORED"
5069936606,"50c9509d-22c7-4a22-a47d-8c48425ef4a7","https://www.inaturalist.org/observations/261771738","Animalia","Chordata",NA,"Cyprinodontiformes","Fundulidae","Fundulus","Fundulus grandis",NA,"SPECIES","Fundulus grandis Baird & Girard, 1853","Fundulus grandis","","US","","Texas","PRESENT",NA,"28eb1a3f-1c15-4a95-931a-4af90ecb574d",26.328738,-97.389386,2,NA,NA,NA,NA,NA,"2005-03-17T12:54",17,3,2005,5203686,5203686,"HUMAN_OBSERVATION","iNaturalist","Observations","261771738",NA,"Richard Kazmaier",2025-02-15 21:59:10,"CC_BY_NC_4_0","Richard Kazmaier","Richard Kazmaier",NA,NA,2025-06-07 02:00:41.659,"StillImage","COORDINATE_ROUNDED;CONTINENT_DERIVED_FROM_COORDINATES;TAXON_MATCH_TAXON_ID_IGNORED"
5064049863,"50c9509d-22c7-4a22-a47d-8c48425ef4a7","https://www.inaturalist.org/observations/261299387","Animalia","Chordata",NA,"Cyprinodontiformes","Fundulidae","Fundulus","Fundulus grandis",NA,"SPECIES","Fundulus grandis Baird & Girard, 1853","Fundulus grandis","","US","","Mississippi","PRESENT",NA,"28eb1a3f-1c15-4a95-931a-4af90ecb574d",30.425723,-88.88368,8,NA,NA,NA,NA,NA,"2020-07-04T10:26",4,7,2020,5203686,5203686,"HUMAN_OBSERVATION","iNaturalist","Observations","261299387",NA,"Noah Daun",2025-02-11 00:39:40,"CC_BY_NC_4_0","Noah Daun","Noah Daun",NA,NA,2025-06-07 01:00:53.345,"StillImage","COORDINATE_ROUNDED;CONTINENT_DERIVED_FROM_COORDINATES;TAXON_MATCH_TAXON_ID_IGNORED"
5063968132,"50c9509d-22c7-4a22-a47d-8c48425ef4a7","https://www.inaturalist.org/observations/260993782","Animalia","Chordata",NA,"Cyprinodontiformes","Fundulidae","Fundulus","Fundulus grandis",NA,"SPECIES","Fundulus grandis Baird & Girard, 1853","Fundulus grandis","","US","","Texas","PRESENT",NA,"28eb1a3f-1c15-4a95-931a-4af90ecb574d",28.70534,-96.209439,38,NA,NA,NA,NA,NA,"2025-02-07T15:06",7,2,2025,5203686,5203686,"HUMAN_OBSERVATION","iNaturalist","Observations","260993782",NA,"Michael Scherer",2025-02-08 13:14:39,"CC_BY_NC_4_0","Michael Scherer","Michael Scherer",NA,NA,2025-06-07 00:16:09.062,"StillImage","COORDINATE_ROUNDED;CONTINENT_DERIVED_FROM_COORDINATES;TAXON_MATCH_TAXON_ID_IGNORED"
5063888942,"50c9509d-22c7-4a22-a47d-8c48425ef4a7","https://www.inaturalist.org/observations/260751284","Animalia","Chordata",NA,"Cyprinodontiformes","Fundulidae","Fundulus","Fundulus grandis",NA,"SPECIES","Fundulus grandis Baird & Girard, 1853","Fundulus grandis","","US","","Florida","PRESENT",NA,"28eb1a3f-1c15-4a95-931a-4af90ecb574d",27.709411,-82.6402,5,NA,NA,NA,NA,NA,"2025-02-02T16:55",2,2,2025,5203686,5203686,"HUMAN_OBSERVATION","iNaturalist","Observations","260751284",NA,"sisor",2025-02-05 22:46:48,"CC_BY_NC_4_0","sisor","sisor",NA,NA,2025-06-07 01:28:38.492,"StillImage","COORDINATE_ROUNDED;CONTINENT_DERIVED_FROM_COORDINATES;TAXON_MATCH_TAXON_ID_IGNORED"
5063440923,"50c9509d-22c7-4a22-a47d-8c48425ef4a7","https://www.inaturalist.org/observations/259688986","Animalia","Chordata",NA,"Cyprinodontiformes","Fundulidae","Fundulus","Fundulus grandis",NA,"SPECIES","Fundulus grandis Baird & Girard, 1853","Fundulus grandis","","US","","Florida","PRESENT",NA,"28eb1a3f-1c15-4a95-931a-4af90ecb574d",26.368813,-80.074783,20,NA,NA,NA,NA,NA,"2025-01-26T14:31:25",26,1,2025,5203686,5203686,"HUMAN_OBSERVATION","iNaturalist","Observations","259688986",NA,"Kai Murphy",2025-01-26 21:05:04,"CC_BY_NC_4_0","Kai Murphy","Kai Murphy",NA,NA,2025-06-07 03:02:23.809,"StillImage","COORDINATE_ROUNDED;CONTINENT_DERIVED_FROM_COORDINATES;TAXON_MATCH_TAXON_ID_IGNORED"
5062982520,"50c9509d-22c7-4a22-a47d-8c48425ef4a7","https://www.inaturalist.org/observations/257764630","Animalia","Chordata",NA,"Cyprinodontiformes","Fundulidae","Fundulus","Fundulus grandis",NA,"SPECIES","Fundulus grandis Baird & Girard, 1853","Fundulus grandis","","US","","Florida","PRESENT",NA,"28eb1a3f-1c15-4a95-931a-4af90ecb574d",28.892217,-82.622419,NA,NA,NA,NA,NA,NA,"2025-01-05T14:15:36",5,1,2025,5203686,5203686,"HUMAN_OBSERVATION","iNaturalist","Observations","257764630",NA,"Maxfield JonasKrueger",2025-01-08 15:51:28,"CC_BY_NC_4_0","Ashley Hamersma","Ashley Hamersma",NA,NA,2025-06-07 00:41:29.745,"StillImage","COORDINATE_ROUNDED;CONTINENT_DERIVED_FROM_COORDINATES;TAXON_MATCH_TAXON_ID_IGNORED"
5062975598,"50c9509d-22c7-4a22-a47d-8c48425ef4a7","https://www.inaturalist.org/observations/257546791","Animalia","Chordata",NA,"Cyprinodontiformes","Fundulidae","Fundulus","Fundulus grandis",NA,"SPECIES","Fundulus grandis Baird & Girard, 1853","Fundulus grandis","","US","","Florida","PRESENT",NA,"28eb1a3f-1c15-4a95-931a-4af90ecb574d",28.897115,-82.645329,447,NA,NA,NA,NA,NA,"2025-01-02T15:58",2,1,2025,5203686,5203686,"HUMAN_OBSERVATION","iNaturalist","Observations","257546791",NA,"Maxfield JonasKrueger",2025-01-06 15:56:50,"CC_BY_NC_4_0","Ben Zerante","Ben Zerante",NA,NA,2025-06-07 01:29:40.643,"StillImage","COORDINATE_ROUNDED;CONTINENT_DERIVED_FROM_COORDINATES;TAXON_MATCH_TAXON_ID_IGNORED"
5008404698,"50c9509d-22c7-4a22-a47d-8c48425ef4a7","https://www.inaturalist.org/observations/256137186","Animalia","Chordata",NA,"Cyprinodontiformes","Fundulidae","Fundulus","Fundulus grandis",NA,"SPECIES","Fundulus grandis Baird & Girard, 1853","Fundulus grandis","","US","","Texas","PRESENT",NA,"28eb1a3f-1c15-4a95-931a-4af90ecb574d",28.128534,-96.985666,NA,NA,NA,NA,NA,NA,"2024-12-24T20:00:15",24,12,2024,5203686,5203686,"HUMAN_OBSERVATION","iNaturalist","Observations","256137186",NA,"Mitchel Buckner",2024-12-25 05:41:00,"CC_BY_NC_4_0","Alex M","Alex M",NA,NA,2025-06-07 00:47:10.404,"StillImage","COORDINATE_ROUNDED;CONTINENT_DERIVED_FROM_COORDINATES;TAXON_MATCH_TAXON_ID_IGNORED"
5008363385,"50c9509d-22c7-4a22-a47d-8c48425ef4a7","https://www.inaturalist.org/observations/255734007","Animalia","Chordata",NA,"Cyprinodontiformes","Fundulidae","Fundulus","Fundulus grandis",NA,"SPECIES","Fundulus grandis Baird & Girard, 1853","Fundulus grandis","","US","","Florida","PRESENT",NA,"28eb1a3f-1c15-4a95-931a-4af90ecb574d",24.813579,-80.821814,NA,NA,NA,NA,NA,NA,"2024-12-20T15:47:21",20,12,2024,5203686,5203686,"HUMAN_OBSERVATION","iNaturalist","Observations","255734007",NA,"Ted Weber",2024-12-21 03:03:47,"CC_BY_NC_4_0","Ted Weber","Ted Weber",NA,NA,2025-06-07 02:16:12.152,"StillImage","COORDINATE_ROUNDED;CONTINENT_DERIVED_FROM_COORDINATES;TAXON_MATCH_TAXON_ID_IGNORED"
5008292285,"50c9509d-22c7-4a22-a47d-8c48425ef4a7","https://www.inaturalist.org/observations/254889447","Animalia","Chordata",NA,"Cyprinodontiformes","Fundulidae","Fundulus","Fundulus grandis",NA,"SPECIES","Fundulus grandis Baird & Girard, 1853","Fundulus grandis","","US","","Florida","PRESENT",NA,"28eb1a3f-1c15-4a95-931a-4af90ecb574d",27.450366,-82.497141,2,NA,NA,NA,NA,NA,"2024-07-13T08:16",13,7,2024,5203686,5203686,"HUMAN_OBSERVATION","iNaturalist","Observations","254889447",NA,"sisor",2024-12-12 11:02:53,"CC_BY_NC_4_0","sisor","sisor",NA,NA,2025-06-07 01:48:57.723,"StillImage","COORDINATE_ROUNDED;CONTINENT_DERIVED_FROM_COORDINATES;TAXON_MATCH_TAXON_ID_IGNORED"
5008188236,"50c9509d-22c7-4a22-a47d-8c48425ef4a7","https://www.inaturalist.org/observations/256600782","Animalia","Chordata",NA,"Cyprinodontiformes","Fundulidae","Fundulus","Fundulus grandis",NA,"SPECIES","Fundulus grandis Baird & Girard, 1853","Fundulus grandis","","US","","Florida","PRESENT",NA,"28eb1a3f-1c15-4a95-931a-4af90ecb574d",24.813631,-80.821674,2,NA,NA,NA,NA,NA,"2024-12-24T07:20",24,12,2024,5203686,5203686,"HUMAN_OBSERVATION","iNaturalist","Observations","256600782",NA,"pica_nuttalli",2024-12-29 08:06:41,"CC_BY_NC_4_0","pica_nuttalli","pica_nuttalli",NA,NA,2025-06-07 00:39:57.093,"StillImage","COORDINATE_ROUNDED;CONTINENT_DERIVED_FROM_COORDINATES;TAXON_MATCH_TAXON_ID_IGNORED"
5008059179,"50c9509d-22c7-4a22-a47d-8c48425ef4a7","https://www.inaturalist.org/observations/256186316","Animalia","Chordata",NA,"Cyprinodontiformes","Fundulidae","Fundulus","Fundulus grandis",NA,"SPECIES","Fundulus grandis Baird & Girard, 1853","Fundulus grandis","","US","","Florida","PRESENT",NA,"28eb1a3f-1c15-4a95-931a-4af90ecb574d",27.844794,-82.839736,NA,NA,NA,NA,NA,NA,"2024-12-25T12:15:28",25,12,2024,5203686,5203686,"HUMAN_OBSERVATION","iNaturalist","Observations","256186316",NA,"Fizzishin",2024-12-25 17:25:46,"CC_BY_4_0","Fizzishin","Fizzishin",NA,NA,2025-06-07 01:43:15.643,"StillImage","COORDINATE_ROUNDED;CONTINENT_DERIVED_FROM_COORDINATES;TAXON_MATCH_TAXON_ID_IGNORED"
5007709214,"50c9509d-22c7-4a22-a47d-8c48425ef4a7","https://www.inaturalist.org/observations/257041688","Animalia","Chordata",NA,"Cyprinodontiformes","Fundulidae","Fundulus","Fundulus grandis",NA,"SPECIES","Fundulus grandis Baird & Girard, 1853","Fundulus grandis","","US","","Florida","PRESENT",NA,"28eb1a3f-1c15-4a95-931a-4af90ecb574d",28.176682,-82.789101,414,NA,NA,NA,NA,NA,"2025-01-01T14:09:08",1,1,2025,5203686,5203686,"HUMAN_OBSERVATION","iNaturalist","Observations","257041688",NA,"zachs",2025-01-01 20:58:43,"CC_BY_NC_4_0","zachs","zachs",NA,NA,2025-06-07 01:51:49.091,"StillImage","COORDINATE_ROUNDED;CONTINENT_DERIVED_FROM_COORDINATES;TAXON_MATCH_TAXON_ID_IGNORED"
5007592985,"50c9509d-22c7-4a22-a47d-8c48425ef4a7","https://www.inaturalist.org/observations/256186276","Animalia","Chordata",NA,"Cyprinodontiformes","Fundulidae","Fundulus","Fundulus grandis",NA,"SPECIES","Fundulus grandis Baird & Girard, 1853","Fundulus grandis","","US","","Florida","PRESENT",NA,"28eb1a3f-1c15-4a95-931a-4af90ecb574d",27.844976,-82.83979,6,NA,NA,NA,NA,NA,"2024-12-25T12:08:43",25,12,2024,5203686,5203686,"HUMAN_OBSERVATION","iNaturalist","Observations","256186276",NA,"Fizzishin",2024-12-25 17:25:19,"CC_BY_4_0","Fizzishin","Fizzishin",NA,NA,2025-06-07 03:09:40.123,"StillImage","COORDINATE_ROUNDED;CONTINENT_DERIVED_FROM_COORDINATES;TAXON_MATCH_TAXON_ID_IGNORED"
5007142606,"50c9509d-22c7-4a22-a47d-8c48425ef4a7","https://www.inaturalist.org/observations/256188131","Animalia","Chordata",NA,"Cyprinodontiformes","Fundulidae","Fundulus","Fundulus grandis",NA,"SPECIES","Fundulus grandis Baird & Girard, 1853","Fundulus grandis","","US","","Florida","PRESENT",NA,"28eb1a3f-1c15-4a95-931a-4af90ecb574d",27.844975,-82.839789,NA,NA,NA,NA,NA,NA,"2024-12-25T12:39:02",25,12,2024,5203686,5203686,"HUMAN_OBSERVATION","iNaturalist","Observations","256188131",NA,"Fizzishin",2024-12-25 17:51:14,"CC_BY_4_0","Fizzishin","Fizzishin",NA,NA,2025-06-07 03:13:57.622,"StillImage","COORDINATE_ROUNDED;CONTINENT_DERIVED_FROM_COORDINATES;TAXON_MATCH_TAXON_ID_IGNORED"
5007121379,"50c9509d-22c7-4a22-a47d-8c48425ef4a7","https://www.inaturalist.org/observations/256189277","Animalia","Chordata",NA,"Cyprinodontiformes","Fundulidae","Fundulus","Fundulus grandis",NA,"SPECIES","Fundulus grandis Baird & Girard, 1853","Fundulus grandis","","US","","Florida","PRESENT",NA,"28eb1a3f-1c15-4a95-931a-4af90ecb574d",27.844967,-82.839856,NA,NA,NA,NA,NA,NA,"2024-12-25T12:54:43",25,12,2024,5203686,5203686,"HUMAN_OBSERVATION","iNaturalist","Observations","256189277",NA,"Fizzishin",2024-12-25 18:07:12,"CC_BY_4_0","Fizzishin","Fizzishin",NA,NA,2025-06-07 01:02:46.303,"StillImage","COORDINATE_ROUNDED;CONTINENT_DERIVED_FROM_COORDINATES;TAXON_MATCH_TAXON_ID_IGNORED"
4993992004,"50c9509d-22c7-4a22-a47d-8c48425ef4a7","https://www.inaturalist.org/observations/253801501","Animalia","Chordata",NA,"Cyprinodontiformes","Fundulidae","Fundulus","Fundulus grandis",NA,"SPECIES","Fundulus grandis Baird & Girard, 1853","Fundulus grandis","","US","","Florida","PRESENT",NA,"28eb1a3f-1c15-4a95-931a-4af90ecb574d",27.496519,-82.668789,4,NA,NA,NA,NA,NA,"2023-05-26T11:40",26,5,2023,5203686,5203686,"HUMAN_OBSERVATION","iNaturalist","Observations","253801501",NA,"sisor",2024-12-01 21:49:03,"CC_BY_NC_4_0","sisor","sisor",NA,NA,2025-06-07 02:04:05.244,"StillImage","COORDINATE_ROUNDED;CONTINENT_DERIVED_FROM_COORDINATES;TAXON_MATCH_TAXON_ID_IGNORED"
4987840251,"50c9509d-22c7-4a22-a47d-8c48425ef4a7","https://www.inaturalist.org/observations/252420363","Animalia","Chordata",NA,"Cyprinodontiformes","Fundulidae","Fundulus","Fundulus grandis",NA,"SPECIES","Fundulus grandis Baird & Girard, 1853","Fundulus grandis","","US","","Texas","PRESENT",NA,"28eb1a3f-1c15-4a95-931a-4af90ecb574d",29.751115,-95.050656,1136,NA,NA,NA,NA,NA,"2024-11-20T13:48:37",20,11,2024,5203686,5203686,"HUMAN_OBSERVATION","iNaturalist","Observations","252420363",NA,"austinbwood",2024-11-20 19:50:56,"CC_BY_NC_4_0","austinbwood","austinbwood",NA,NA,2025-06-07 01:03:06.983,"StillImage","COORDINATE_ROUNDED;CONTINENT_DERIVED_FROM_COORDINATES;TAXON_MATCH_TAXON_ID_IGNORED"
4987833695,"50c9509d-22c7-4a22-a47d-8c48425ef4a7","https://www.inaturalist.org/observations/138154879","Animalia","Chordata",NA,"Cyprinodontiformes","Fundulidae","Fundulus","Fundulus grandis",NA,"SPECIES","Fundulus grandis Baird & Girard, 1853","Fundulus grandis","","US","","Texas","PRESENT",NA,"28eb1a3f-1c15-4a95-931a-4af90ecb574d",29.334265,-94.749959,NA,NA,NA,NA,NA,NA,"2022-10-09T13:25:48",9,10,2022,5203686,5203686,"HUMAN_OBSERVATION","iNaturalist","Observations","138154879",NA,"Mitchel Buckner",2022-10-09 18:49:52,"CC_BY_NC_4_0","Mitchel Buckner","Mitchel Buckner",NA,NA,2025-06-07 00:37:45.841,"StillImage","COORDINATE_ROUNDED;CONTINENT_DERIVED_FROM_COORDINATES;TAXON_MATCH_TAXON_ID_IGNORED"
4987833674,"50c9509d-22c7-4a22-a47d-8c48425ef4a7","https://www.inaturalist.org/observations/129776260","Animalia","Chordata",NA,"Cyprinodontiformes","Fundulidae","Fundulus","Fundulus grandis",NA,"SPECIES","Fundulus grandis Baird & Girard, 1853","Fundulus grandis","","US","","Texas","PRESENT",NA,"28eb1a3f-1c15-4a95-931a-4af90ecb574d",29.197203,-94.966317,NA,NA,NA,NA,NA,NA,"2022-08-06T20:01:33",6,8,2022,5203686,5203686,"HUMAN_OBSERVATION","iNaturalist","Observations","129776260",NA,"Mitchel Buckner",2022-08-07 04:03:40,"CC_BY_NC_4_0","Mitchel Buckner","Mitchel Buckner",NA,NA,2025-06-07 00:04:31.942,"StillImage","COORDINATE_ROUNDED;CONTINENT_DERIVED_FROM_COORDINATES;TAXON_MATCH_TAXON_ID_IGNORED"
4987767508,"50c9509d-22c7-4a22-a47d-8c48425ef4a7","https://www.inaturalist.org/observations/138154795","Animalia","Chordata",NA,"Cyprinodontiformes","Fundulidae","Fundulus","Fundulus grandis",NA,"SPECIES","Fundulus grandis Baird & Girard, 1853","Fundulus grandis","","US","","Texas","PRESENT",NA,"28eb1a3f-1c15-4a95-931a-4af90ecb574d",29.334129,-94.75004,NA,NA,NA,NA,NA,NA,"2022-10-09T13:04:57",9,10,2022,5203686,5203686,"HUMAN_OBSERVATION","iNaturalist","Observations","138154795",NA,"Mitchel Buckner",2022-10-09 18:49:16,"CC_BY_NC_4_0","Mitchel Buckner","Mitchel Buckner",NA,NA,2025-06-07 00:58:46.244,"StillImage","COORDINATE_ROUNDED;CONTINENT_DERIVED_FROM_COORDINATES;TAXON_MATCH_TAXON_ID_IGNORED"
4987691810,"50c9509d-22c7-4a22-a47d-8c48425ef4a7","https://www.inaturalist.org/observations/129776230","Animalia","Chordata",NA,"Cyprinodontiformes","Fundulidae","Fundulus","Fundulus grandis",NA,"SPECIES","Fundulus grandis Baird & Girard, 1853","Fundulus grandis","","US","","Texas","PRESENT",NA,"28eb1a3f-1c15-4a95-931a-4af90ecb574d",29.197198,-94.966314,NA,NA,NA,NA,NA,NA,"2022-08-06T19:58:52",6,8,2022,5203686,5203686,"HUMAN_OBSERVATION","iNaturalist","Observations","129776230",NA,"Mitchel Buckner",2022-08-07 04:03:17,"CC_BY_NC_4_0","Mitchel Buckner","Mitchel Buckner",NA,NA,2025-06-07 01:45:09.034,"StillImage","COORDINATE_ROUNDED;CONTINENT_DERIVED_FROM_COORDINATES;TAXON_MATCH_TAXON_ID_IGNORED"
4987691749,"50c9509d-22c7-4a22-a47d-8c48425ef4a7","https://www.inaturalist.org/observations/102339791","Animalia","Chordata",NA,"Cyprinodontiformes","Fundulidae","Fundulus","Fundulus grandis",NA,"SPECIES","Fundulus grandis Baird & Girard, 1853","Fundulus grandis","","US","","Texas","PRESENT",NA,"28eb1a3f-1c15-4a95-931a-4af90ecb574d",29.269485,-94.846535,33,NA,NA,NA,NA,NA,"2019-11-23",23,11,2019,5203686,5203686,"HUMAN_OBSERVATION","iNaturalist","Observations","102339791",NA,"uconnbirdfish",2021-12-03 01:49:15,"CC_BY_NC_4_0","Mitchel Buckner","Mitchel Buckner",NA,NA,2025-06-07 00:46:31.614,"StillImage","COORDINATE_ROUNDED;CONTINENT_DERIVED_FROM_COORDINATES;TAXON_MATCH_TAXON_ID_IGNORED"
4987665057,"50c9509d-22c7-4a22-a47d-8c48425ef4a7","https://www.inaturalist.org/observations/161507422","Animalia","Chordata",NA,"Cyprinodontiformes","Fundulidae","Fundulus","Fundulus grandis",NA,"SPECIES","Fundulus grandis Baird & Girard, 1853","Fundulus grandis","","US","","Texas","PRESENT",NA,"28eb1a3f-1c15-4a95-931a-4af90ecb574d",29.334268,-94.749996,NA,NA,NA,NA,NA,NA,"2023-05-13T17:33:54",13,5,2023,5203686,5203686,"HUMAN_OBSERVATION","iNaturalist","Observations","161507422",NA,"Mitchel Buckner",2023-05-13 23:31:04,"CC_BY_NC_4_0","Mitchel Buckner","Mitchel Buckner",NA,NA,2025-06-07 02:41:41.58,"StillImage","COORDINATE_ROUNDED;CONTINENT_DERIVED_FROM_COORDINATES;TAXON_MATCH_TAXON_ID_IGNORED"
4987593770,"50c9509d-22c7-4a22-a47d-8c48425ef4a7","https://www.inaturalist.org/observations/129776177","Animalia","Chordata",NA,"Cyprinodontiformes","Fundulidae","Fundulus","Fundulus grandis",NA,"SPECIES","Fundulus grandis Baird & Girard, 1853","Fundulus grandis","","US","","Texas","PRESENT",NA,"28eb1a3f-1c15-4a95-931a-4af90ecb574d",29.197187,-94.966308,NA,NA,NA,NA,NA,NA,"2022-08-06T19:57:06",6,8,2022,5203686,5203686,"HUMAN_OBSERVATION","iNaturalist","Observations","129776177",NA,"Mitchel Buckner",2022-08-07 04:02:21,"CC_BY_NC_4_0","Mitchel Buckner","Mitchel Buckner",NA,NA,2025-06-07 00:05:27.848,"StillImage","COORDINATE_ROUNDED;CONTINENT_DERIVED_FROM_COORDINATES;TAXON_MATCH_TAXON_ID_IGNORED"
4987529706,"50c9509d-22c7-4a22-a47d-8c48425ef4a7","https://www.inaturalist.org/observations/252509590","Animalia","Chordata",NA,"Cyprinodontiformes","Fundulidae","Fundulus","Fundulus grandis",NA,"SPECIES","Fundulus grandis Baird & Girard, 1853","Fundulus grandis","","US","","Florida","PRESENT",NA,"28eb1a3f-1c15-4a95-931a-4af90ecb574d",29.135478,-83.031661,4,NA,NA,NA,NA,NA,"2023-04-20T15:28:40",20,4,2023,5203686,5203686,"HUMAN_OBSERVATION","iNaturalist","Observations","252509590",NA,"finndoherty01",2024-11-21 16:53:57,"CC_BY_NC_4_0","finndoherty01","finndoherty01",NA,NA,2025-06-07 00:36:32.235,"StillImage","COORDINATE_ROUNDED;CONTINENT_DERIVED_FROM_COORDINATES;TAXON_MATCH_TAXON_ID_IGNORED"
4987519567,"50c9509d-22c7-4a22-a47d-8c48425ef4a7","https://www.inaturalist.org/observations/138134038","Animalia","Chordata",NA,"Cyprinodontiformes","Fundulidae","Fundulus","Fundulus grandis",NA,"SPECIES","Fundulus grandis Baird & Girard, 1853","Fundulus grandis","","US","","Texas","PRESENT",NA,"28eb1a3f-1c15-4a95-931a-4af90ecb574d",29.258349,-94.913508,NA,NA,NA,NA,NA,NA,"2022-10-08T19:49:08",8,10,2022,5203686,5203686,"HUMAN_OBSERVATION","iNaturalist","Observations","138134038",NA,"Mitchel Buckner",2022-10-09 16:24:36,"CC_BY_NC_4_0","Mitchel Buckner","Mitchel Buckner",NA,NA,2025-06-07 02:46:09.772,"StillImage","COORDINATE_ROUNDED;CONTINENT_DERIVED_FROM_COORDINATES;TAXON_MATCH_TAXON_ID_IGNORED"
4987519066,"50c9509d-22c7-4a22-a47d-8c48425ef4a7","https://www.inaturalist.org/observations/129776170","Animalia","Chordata",NA,"Cyprinodontiformes","Fundulidae","Fundulus","Fundulus grandis",NA,"SPECIES","Fundulus grandis Baird & Girard, 1853","Fundulus grandis","","US","","Texas","PRESENT",NA,"28eb1a3f-1c15-4a95-931a-4af90ecb574d",29.197193,-94.966333,NA,NA,NA,NA,NA,NA,"2022-08-06T19:56:36",6,8,2022,5203686,5203686,"HUMAN_OBSERVATION","iNaturalist","Observations","129776170",NA,"Mitchel Buckner",2022-08-07 04:02:13,"CC_BY_NC_4_0","Mitchel Buckner","Mitchel Buckner",NA,NA,2025-06-07 00:03:56.432,"StillImage","COORDINATE_ROUNDED;CONTINENT_DERIVED_FROM_COORDINATES;TAXON_MATCH_TAXON_ID_IGNORED"
4987401509,"50c9509d-22c7-4a22-a47d-8c48425ef4a7","https://www.inaturalist.org/observations/129776149","Animalia","Chordata",NA,"Cyprinodontiformes","Fundulidae","Fundulus","Fundulus grandis",NA,"SPECIES","Fundulus grandis Baird & Girard, 1853","Fundulus grandis","","US","","Texas","PRESENT",NA,"28eb1a3f-1c15-4a95-931a-4af90ecb574d",29.197263,-94.966244,NA,NA,NA,NA,NA,NA,"2022-08-06T17:28:31",6,8,2022,5203686,5203686,"HUMAN_OBSERVATION","iNaturalist","Observations","129776149",NA,"Mitchel Buckner",2022-08-07 04:01:55,"CC_BY_NC_4_0","Mitchel Buckner","Mitchel Buckner",NA,NA,2025-06-07 01:59:49.422,"StillImage","COORDINATE_ROUNDED;CONTINENT_DERIVED_FROM_COORDINATES;TAXON_MATCH_TAXON_ID_IGNORED"
4987396332,"50c9509d-22c7-4a22-a47d-8c48425ef4a7","https://www.inaturalist.org/observations/129776224","Animalia","Chordata",NA,"Cyprinodontiformes","Fundulidae","Fundulus","Fundulus grandis",NA,"SPECIES","Fundulus grandis Baird & Girard, 1853","Fundulus grandis","","US","","Texas","PRESENT",NA,"28eb1a3f-1c15-4a95-931a-4af90ecb574d",29.197189,-94.966306,NA,NA,NA,NA,NA,NA,"2022-08-06T19:57:56",6,8,2022,5203686,5203686,"HUMAN_OBSERVATION","iNaturalist","Observations","129776224",NA,"Mitchel Buckner",2022-08-07 04:03:09,"CC_BY_NC_4_0","Mitchel Buckner","Mitchel Buckner",NA,NA,2025-06-07 00:03:02.581,"StillImage","CONTINENT_DERIVED_FROM_COORDINATES;TAXON_MATCH_TAXON_ID_IGNORED"
4987388995,"50c9509d-22c7-4a22-a47d-8c48425ef4a7","https://www.inaturalist.org/observations/138154701","Animalia","Chordata",NA,"Cyprinodontiformes","Fundulidae","Fundulus","Fundulus grandis",NA,"SPECIES","Fundulus grandis Baird & Girard, 1853","Fundulus grandis","","US","","Texas","PRESENT",NA,"28eb1a3f-1c15-4a95-931a-4af90ecb574d",29.334202,-94.750235,NA,NA,NA,NA,NA,NA,"2022-10-09T12:59:18",9,10,2022,5203686,5203686,"HUMAN_OBSERVATION","iNaturalist","Observations","138154701",NA,"Mitchel Buckner",2022-10-09 18:48:39,"CC_BY_NC_4_0","Mitchel Buckner","Mitchel Buckner",NA,NA,2025-06-07 01:54:29.005,"StillImage","CONTINENT_DERIVED_FROM_COORDINATES;TAXON_MATCH_TAXON_ID_IGNORED"
4982177466,"50c9509d-22c7-4a22-a47d-8c48425ef4a7","https://www.inaturalist.org/observations/226931894","Animalia","Chordata",NA,"Cyprinodontiformes","Fundulidae","Fundulus","Fundulus grandis",NA,"SPECIES","Fundulus grandis Baird & Girard, 1853","Fundulus grandis","","US","","Louisiana","PRESENT",NA,"28eb1a3f-1c15-4a95-931a-4af90ecb574d",30.205006,-93.255607,5223,NA,NA,NA,NA,NA,"2024-06-19T14:10",19,6,2024,5203686,5203686,"HUMAN_OBSERVATION","iNaturalist","Observations","226931894",NA,"Maxfield JonasKrueger",2024-07-03 17:31:39,"CC_BY_NC_4_0","Maxfield JonasKrueger","Maxfield JonasKrueger",NA,NA,2025-06-07 00:59:53.678,"StillImage","COORDINATE_ROUNDED;CONTINENT_DERIVED_FROM_COORDINATES;TAXON_MATCH_TAXON_ID_IGNORED"
4982096966,"50c9509d-22c7-4a22-a47d-8c48425ef4a7","https://www.inaturalist.org/observations/252165264","Animalia","Chordata",NA,"Cyprinodontiformes","Fundulidae","Fundulus","Fundulus grandis",NA,"SPECIES","Fundulus grandis Baird & Girard, 1853","Fundulus grandis","","US","","Texas","PRESENT",NA,"28eb1a3f-1c15-4a95-931a-4af90ecb574d",27.82757,-97.079156,8,NA,NA,NA,NA,NA,"2024-11-17T11:45:38",17,11,2024,5203686,5203686,"HUMAN_OBSERVATION","iNaturalist","Observations","252165264",NA,"jack4rogers",2024-11-18 15:58:00,"CC_BY_NC_4_0","jack4rogers","jack4rogers",NA,NA,2025-06-07 01:33:51.253,"StillImage","COORDINATE_ROUNDED;CONTINENT_DERIVED_FROM_COORDINATES;TAXON_MATCH_TAXON_ID_IGNORED"
4981962166,"50c9509d-22c7-4a22-a47d-8c48425ef4a7","https://www.inaturalist.org/observations/252235060","Animalia","Chordata",NA,"Cyprinodontiformes","Fundulidae","Fundulus","Fundulus grandis",NA,"SPECIES","Fundulus grandis Baird & Girard, 1853","Fundulus grandis","","US","","Florida","PRESENT",NA,"28eb1a3f-1c15-4a95-931a-4af90ecb574d",27.861077,-80.449452,31,NA,NA,NA,NA,NA,"2022-12-30T14:49",30,12,2022,5203686,5203686,"HUMAN_OBSERVATION","iNaturalist","Observations","252235060",NA,"James-LaFontaine",2024-11-19 03:56:21,"CC_BY_4_0","James-LaFontaine","James-LaFontaine",NA,NA,2025-06-07 01:09:21.304,"StillImage","COORDINATE_ROUNDED;CONTINENT_DERIVED_FROM_COORDINATES;TAXON_MATCH_TAXON_ID_IGNORED"
4980668565,"50c9509d-22c7-4a22-a47d-8c48425ef4a7","https://www.inaturalist.org/observations/251436590","Animalia","Chordata",NA,"Cyprinodontiformes","Fundulidae","Fundulus","Fundulus grandis",NA,"SPECIES","Fundulus grandis Baird & Girard, 1853","Fundulus grandis","","US","","Florida","PRESENT",NA,"28eb1a3f-1c15-4a95-931a-4af90ecb574d",25.14231,-80.923413,NA,NA,NA,NA,NA,NA,"2024-11-11T07:59:50",11,11,2024,5203686,5203686,"HUMAN_OBSERVATION","iNaturalist","Observations","251436590",NA,"sizuper",2024-11-12 15:08:42,"CC_BY_NC_4_0","Drew","Drew",NA,NA,2025-06-07 02:00:26.5,"StillImage","COORDINATE_ROUNDED;CONTINENT_DERIVED_FROM_COORDINATES;TAXON_MATCH_TAXON_ID_IGNORED"
4980553407,"50c9509d-22c7-4a22-a47d-8c48425ef4a7","https://www.inaturalist.org/observations/251372665","Animalia","Chordata",NA,"Cyprinodontiformes","Fundulidae","Fundulus","Fundulus grandis",NA,"SPECIES","Fundulus grandis Baird & Girard, 1853","Fundulus grandis","","US","","Mississippi","PRESENT",NA,"28eb1a3f-1c15-4a95-931a-4af90ecb574d",30.414441,-88.953306,4,NA,NA,NA,NA,NA,"2020-08-20T10:56",20,8,2020,5203686,5203686,"HUMAN_OBSERVATION","iNaturalist","Observations","251372665",NA,"Noah Daun",2024-11-11 22:58:08,"CC_BY_NC_4_0","Noah Daun","Noah Daun",NA,NA,2025-06-07 01:21:15.022,"StillImage","COORDINATE_ROUNDED;CONTINENT_DERIVED_FROM_COORDINATES;TAXON_MATCH_TAXON_ID_IGNORED"
4978463302,"50c9509d-22c7-4a22-a47d-8c48425ef4a7","https://www.inaturalist.org/observations/250386572","Animalia","Chordata",NA,"Cyprinodontiformes","Fundulidae","Fundulus","Fundulus grandis",NA,"SPECIES","Fundulus grandis Baird & Girard, 1853","Fundulus grandis","","US","","Florida","PRESENT",NA,"28eb1a3f-1c15-4a95-931a-4af90ecb574d",30.329781,-86.175185,31,NA,NA,NA,NA,NA,"2020-10-02T11:19",2,10,2020,5203686,5203686,"HUMAN_OBSERVATION","iNaturalist","Observations","250386572",NA,"Noah Daun",2024-11-04 02:35:54,"CC_BY_NC_4_0","Noah Daun","Noah Daun",NA,NA,2025-06-07 00:16:38.901,"StillImage","COORDINATE_ROUNDED;CONTINENT_DERIVED_FROM_COORDINATES;TAXON_MATCH_TAXON_ID_IGNORED"
4976504100,"50c9509d-22c7-4a22-a47d-8c48425ef4a7","https://www.inaturalist.org/observations/249089301","Animalia","Chordata",NA,"Cyprinodontiformes","Fundulidae","Fundulus","Fundulus grandis",NA,"SPECIES","Fundulus grandis Baird & Girard, 1853","Fundulus grandis","","US","","Florida","PRESENT",NA,"28eb1a3f-1c15-4a95-931a-4af90ecb574d",27.61549,-82.730249,100,NA,NA,NA,NA,NA,"2015-07-02T19:00",2,7,2015,5203686,5203686,"HUMAN_OBSERVATION","iNaturalist","Observations","249089301",NA,"Noah Daun",2024-10-25 23:45:49,"CC_BY_NC_4_0","Noah Daun","Noah Daun",NA,NA,2025-06-07 02:07:16.993,"StillImage","COORDINATE_ROUNDED;CONTINENT_DERIVED_FROM_COORDINATES;TAXON_MATCH_TAXON_ID_IGNORED"
4976482279,"50c9509d-22c7-4a22-a47d-8c48425ef4a7","https://www.inaturalist.org/observations/249089289","Animalia","Chordata",NA,"Cyprinodontiformes","Fundulidae","Fundulus","Fundulus grandis",NA,"SPECIES","Fundulus grandis Baird & Girard, 1853","Fundulus grandis","","US","","Florida","PRESENT",NA,"28eb1a3f-1c15-4a95-931a-4af90ecb574d",28.073461,-82.833739,669,NA,NA,NA,NA,NA,"2015-06-28T03:13",28,6,2015,5203686,5203686,"HUMAN_OBSERVATION","iNaturalist","Observations","249089289",NA,"Noah Daun",2024-10-25 23:45:46,"CC_BY_NC_4_0","Noah Daun","Noah Daun",NA,NA,2025-06-07 01:05:12.044,"StillImage","COORDINATE_ROUNDED;CONTINENT_DERIVED_FROM_COORDINATES;TAXON_MATCH_TAXON_ID_IGNORED"
4976302564,"50c9509d-22c7-4a22-a47d-8c48425ef4a7","https://www.inaturalist.org/observations/249558859","Animalia","Chordata",NA,"Cyprinodontiformes","Fundulidae","Fundulus","Fundulus grandis",NA,"SPECIES","Fundulus grandis Baird & Girard, 1853","Fundulus grandis","","US","","Florida","PRESENT",NA,"28eb1a3f-1c15-4a95-931a-4af90ecb574d",25.945967,-81.741234,6,NA,NA,NA,NA,NA,"2024-09-21T15:53",21,9,2024,5203686,5203686,"HUMAN_OBSERVATION","iNaturalist","Observations","249558859",NA,"zachs",2024-10-29 10:12:14,"CC_BY_NC_4_0","arthurlk11","arthurlk11",NA,NA,2025-06-07 00:07:07.88,"StillImage","COORDINATE_ROUNDED;CONTINENT_DERIVED_FROM_COORDINATES;TAXON_MATCH_TAXON_ID_IGNORED"
4974095294,"50c9509d-22c7-4a22-a47d-8c48425ef4a7","https://www.inaturalist.org/observations/248536841","Animalia","Chordata",NA,"Cyprinodontiformes","Fundulidae","Fundulus","Fundulus grandis",NA,"SPECIES","Fundulus grandis Baird & Girard, 1853","Fundulus grandis","","US","","Florida","PRESENT",NA,"28eb1a3f-1c15-4a95-931a-4af90ecb574d",26.502968,-82.184934,171,NA,NA,NA,NA,NA,"2022-09-03T23:31",3,9,2022,5203686,5203686,"HUMAN_OBSERVATION","iNaturalist","Observations","248536841",NA,"Dootin",2024-10-22 01:09:43,"CC_BY_NC_4_0","Dootin","Dootin",NA,NA,2025-06-07 01:00:49.064,"StillImage","COORDINATE_ROUNDED;CONTINENT_DERIVED_FROM_COORDINATES;TAXON_MATCH_TAXON_ID_IGNORED"
4954626757,"50c9509d-22c7-4a22-a47d-8c48425ef4a7","https://www.inaturalist.org/observations/247137914","Animalia","Chordata",NA,"Cyprinodontiformes","Fundulidae","Fundulus","Fundulus grandis",NA,"SPECIES","Fundulus grandis Baird & Girard, 1853","Fundulus grandis","","US","","Texas","PRESENT",NA,"28eb1a3f-1c15-4a95-931a-4af90ecb574d",27.82792,-97.080044,112,NA,NA,NA,NA,NA,"2014-07-12T07:34",12,7,2014,5203686,5203686,"HUMAN_OBSERVATION","iNaturalist","Observations","247137914",NA,"rook70031",2024-10-13 16:04:53,"CC_BY_NC_4_0","rook70031","rook70031",NA,NA,2025-06-07 00:05:50.985,"StillImage","COORDINATE_ROUNDED;CONTINENT_DERIVED_FROM_COORDINATES;TAXON_MATCH_TAXON_ID_IGNORED"
4954499464,"50c9509d-22c7-4a22-a47d-8c48425ef4a7","https://www.inaturalist.org/observations/247347830","Animalia","Chordata",NA,"Cyprinodontiformes","Fundulidae","Fundulus","Fundulus grandis",NA,"SPECIES","Fundulus grandis Baird & Girard, 1853","Fundulus grandis","","US","","Florida","PRESENT",NA,"28eb1a3f-1c15-4a95-931a-4af90ecb574d",29.664106,-84.859817,9514,NA,NA,NA,NA,NA,"2018-06-16T11:20",16,6,2018,5203686,5203686,"HUMAN_OBSERVATION","iNaturalist","Observations","247347830",NA,"JeffreyGammon",2024-10-14 18:13:15,"CC_BY_NC_4_0","JeffreyGammon","JeffreyGammon",NA,NA,2025-06-07 01:00:41.962,"StillImage","COORDINATE_ROUNDED;CONTINENT_DERIVED_FROM_COORDINATES;TAXON_MATCH_TAXON_ID_IGNORED"
4954473269,"50c9509d-22c7-4a22-a47d-8c48425ef4a7","https://www.inaturalist.org/observations/245678147","Animalia","Chordata",NA,"Cyprinodontiformes","Fundulidae","Fundulus","Fundulus grandis",NA,"SPECIES","Fundulus grandis Baird & Girard, 1853","Fundulus grandis","","US","","New Mexico","PRESENT",NA,"28eb1a3f-1c15-4a95-931a-4af90ecb574d",32.49312,-104.237062,4,NA,NA,NA,NA,NA,"2024-10-04T20:22:33",4,10,2024,5203686,5203686,"HUMAN_OBSERVATION","iNaturalist","Observations","245678147",NA,"Steven Wang",2024-10-14 00:26:55,"CC_BY_NC_4_0","William Abney","William Abney",NA,NA,2025-06-07 01:32:25.542,"StillImage","COORDINATE_ROUNDED;CONTINENT_DERIVED_FROM_COORDINATES;TAXON_MATCH_TAXON_ID_IGNORED"
4954388695,"50c9509d-22c7-4a22-a47d-8c48425ef4a7","https://www.inaturalist.org/observations/245678339","Animalia","Chordata",NA,"Cyprinodontiformes","Fundulidae","Fundulus","Fundulus grandis",NA,"SPECIES","Fundulus grandis Baird & Girard, 1853","Fundulus grandis","","US","","New Mexico","PRESENT",NA,"28eb1a3f-1c15-4a95-931a-4af90ecb574d",32.492937,-104.239578,4,NA,NA,NA,NA,NA,"2024-10-04T20:04:11",4,10,2024,5203686,5203686,"HUMAN_OBSERVATION","iNaturalist","Observations","245678339",NA,"William Abney",2024-10-05 03:06:45,"CC_BY_NC_4_0","William Abney","William Abney",NA,NA,2025-06-07 01:19:25.568,"StillImage","COORDINATE_ROUNDED;CONTINENT_DERIVED_FROM_COORDINATES;TAXON_MATCH_TAXON_ID_IGNORED"
4952850713,"50c9509d-22c7-4a22-a47d-8c48425ef4a7","https://www.inaturalist.org/observations/245678366","Animalia","Chordata",NA,"Cyprinodontiformes","Fundulidae","Fundulus","Fundulus grandis",NA,"SPECIES","Fundulus grandis Baird & Girard, 1853","Fundulus grandis","","US","","New Mexico","PRESENT",NA,"28eb1a3f-1c15-4a95-931a-4af90ecb574d",32.494087,-104.244155,4,NA,NA,NA,NA,NA,"2024-10-04T19:41:52",4,10,2024,5203686,5203686,"HUMAN_OBSERVATION","iNaturalist","Observations","245678366",NA,"Ilja Fescenko",2024-10-05 04:24:41,"CC_BY_NC_4_0","William Abney","William Abney",NA,NA,2025-06-07 01:54:35.028,"StillImage","COORDINATE_ROUNDED;CONTINENT_DERIVED_FROM_COORDINATES;TAXON_MATCH_TAXON_ID_IGNORED"
4952340578,"50c9509d-22c7-4a22-a47d-8c48425ef4a7","https://www.inaturalist.org/observations/143534348","Animalia","Chordata",NA,"Cyprinodontiformes","Fundulidae","Fundulus","Fundulus grandis",NA,"SPECIES","Fundulus grandis Baird & Girard, 1853","Fundulus grandis","","US","","Texas","PRESENT",NA,"28eb1a3f-1c15-4a95-931a-4af90ecb574d",27.893889,-97.123333,NA,NA,NA,NA,NA,NA,"2022-12-02T11:30",2,12,2022,5203686,5203686,"HUMAN_OBSERVATION","iNaturalist","Observations","143534348",NA,"Alessandro Franchini",2022-12-03 01:54:03,"CC_BY_4_0","Alessandro Franchini","Alessandro Franchini",NA,NA,2025-06-07 00:43:01.653,"StillImage","COORDINATE_ROUNDED;CONTINENT_DERIVED_FROM_COORDINATES;TAXON_MATCH_TAXON_ID_IGNORED"
4952281763,"50c9509d-22c7-4a22-a47d-8c48425ef4a7","https://www.inaturalist.org/observations/245309731","Animalia","Chordata",NA,"Cyprinodontiformes","Fundulidae","Fundulus","Fundulus grandis",NA,"SPECIES","Fundulus grandis Baird & Girard, 1853","Fundulus grandis","","US","","Texas","PRESENT",NA,"28eb1a3f-1c15-4a95-931a-4af90ecb574d",29.654474,-94.691667,15,NA,NA,NA,NA,NA,"2024-10-02T13:15",2,10,2024,5203686,5203686,"HUMAN_OBSERVATION","iNaturalist","Observations","245309731",NA,"Michael Scherer",2024-10-02 22:29:01,"CC_BY_NC_4_0","Michael Scherer","Michael Scherer",NA,NA,2025-06-07 00:55:21.835,"StillImage","COORDINATE_ROUNDED;CONTINENT_DERIVED_FROM_COORDINATES;TAXON_MATCH_TAXON_ID_IGNORED"
4950489811,"50c9509d-22c7-4a22-a47d-8c48425ef4a7","https://www.inaturalist.org/observations/243503285","Animalia","Chordata",NA,"Cyprinodontiformes","Fundulidae","Fundulus","Fundulus grandis",NA,"SPECIES","Fundulus grandis Baird & Girard, 1853","Fundulus grandis","","US","","Texas","PRESENT",NA,"28eb1a3f-1c15-4a95-931a-4af90ecb574d",29.333962,-94.751188,4,NA,NA,NA,NA,NA,"2024-09-22T13:03:58",22,9,2024,5203686,5203686,"HUMAN_OBSERVATION","iNaturalist","Observations","243503285",NA,"zachs",2024-09-23 14:30:52,"CC_BY_4_0","Dan Johnson","Dan Johnson",NA,NA,2025-06-07 02:04:34.677,"StillImage","COORDINATE_ROUNDED;CONTINENT_DERIVED_FROM_COORDINATES;TAXON_MATCH_TAXON_ID_IGNORED"
4950432464,"50c9509d-22c7-4a22-a47d-8c48425ef4a7","https://www.inaturalist.org/observations/243503253","Animalia","Chordata",NA,"Cyprinodontiformes","Fundulidae","Fundulus","Fundulus grandis",NA,"SPECIES","Fundulus grandis Baird & Girard, 1853","Fundulus grandis","","US","","Texas","PRESENT",NA,"28eb1a3f-1c15-4a95-931a-4af90ecb574d",29.333953,-94.751188,4,NA,NA,NA,NA,NA,"2024-09-22T13:04:34",22,9,2024,5203686,5203686,"HUMAN_OBSERVATION","iNaturalist","Observations","243503253",NA,"zachs",2024-09-23 14:31:18,"CC_BY_4_0","Dan Johnson","Dan Johnson",NA,NA,2025-06-07 01:48:37.176,"StillImage","COORDINATE_ROUNDED;CONTINENT_DERIVED_FROM_COORDINATES;TAXON_MATCH_TAXON_ID_IGNORED"
4950156772,"50c9509d-22c7-4a22-a47d-8c48425ef4a7","https://www.inaturalist.org/observations/243664399","Animalia","Chordata",NA,"Cyprinodontiformes","Fundulidae","Fundulus","Fundulus grandis",NA,"SPECIES","Fundulus grandis Baird & Girard, 1853","Fundulus grandis","","US","","Mississippi","PRESENT",NA,"28eb1a3f-1c15-4a95-931a-4af90ecb574d",30.424149,-88.965677,NA,NA,NA,NA,NA,NA,"2024-09-21T12:19:27",21,9,2024,5203686,5203686,"HUMAN_OBSERVATION","iNaturalist","Observations","243664399",NA,"Janet Wright",2024-09-23 20:36:33,"CC_BY_NC_4_0","psyche1898","psyche1898",NA,NA,2025-06-07 03:10:51.013,"StillImage","COORDINATE_ROUNDED;CONTINENT_DERIVED_FROM_COORDINATES;TAXON_MATCH_TAXON_ID_IGNORED"
4946680445,"50c9509d-22c7-4a22-a47d-8c48425ef4a7","https://www.inaturalist.org/observations/241042526","Animalia","Chordata",NA,"Cyprinodontiformes","Fundulidae","Fundulus","Fundulus grandis",NA,"SPECIES","Fundulus grandis Baird & Girard, 1853","Fundulus grandis","","US","","Florida","PRESENT",NA,"28eb1a3f-1c15-4a95-931a-4af90ecb574d",27.641063,-82.741124,34,NA,NA,NA,NA,NA,"2024-09-09T11:25",9,9,2024,5203686,5203686,"HUMAN_OBSERVATION","iNaturalist","Observations","241042526",NA,"Squidpastry",2024-09-11 02:04:05,"CC_BY_NC_4_0","Squidpastry","Squidpastry",NA,NA,2025-06-07 00:25:26.661,"StillImage","COORDINATE_ROUNDED;CONTINENT_DERIVED_FROM_COORDINATES;TAXON_MATCH_TAXON_ID_IGNORED"
4946196852,"50c9509d-22c7-4a22-a47d-8c48425ef4a7","https://www.inaturalist.org/observations/241393155","Animalia","Chordata",NA,"Cyprinodontiformes","Fundulidae","Fundulus","Fundulus grandis",NA,"SPECIES","Fundulus grandis Baird & Girard, 1853","Fundulus grandis","","US","","Texas","PRESENT",NA,"28eb1a3f-1c15-4a95-931a-4af90ecb574d",32.895326,-98.529273,5,NA,NA,NA,NA,NA,"2024-09-12T21:14:28",12,9,2024,5203686,5203686,"HUMAN_OBSERVATION","iNaturalist","Observations","241393155",NA,"Wes Neely",2024-09-13 02:14:34,"CC_BY_4_0","Wes Neely","Wes Neely",NA,NA,2025-06-07 01:46:12.28,"","COORDINATE_ROUNDED;CONTINENT_DERIVED_FROM_COORDINATES;TAXON_MATCH_TAXON_ID_IGNORED"
4946178906,"50c9509d-22c7-4a22-a47d-8c48425ef4a7","https://www.inaturalist.org/observations/240782318","Animalia","Chordata",NA,"Cyprinodontiformes","Fundulidae","Fundulus","Fundulus grandis",NA,"SPECIES","Fundulus grandis Baird & Girard, 1853","Fundulus grandis","","US","","Texas","PRESENT",NA,"28eb1a3f-1c15-4a95-931a-4af90ecb574d",32.891697,-98.469147,8,NA,NA,NA,NA,NA,"2024-09-08T21:59:34",8,9,2024,5203686,5203686,"HUMAN_OBSERVATION","iNaturalist","Observations","240782318",NA,"Wes Neely",2024-09-09 17:04:21,"CC_BY_4_0","Wes Neely","Wes Neely",NA,NA,2025-06-07 01:23:28.025,"","COORDINATE_ROUNDED;CONTINENT_DERIVED_FROM_COORDINATES;TAXON_MATCH_TAXON_ID_IGNORED"
4945618775,"50c9509d-22c7-4a22-a47d-8c48425ef4a7","https://www.inaturalist.org/observations/241793169","Animalia","Chordata",NA,"Cyprinodontiformes","Fundulidae","Fundulus","Fundulus grandis",NA,"SPECIES","Fundulus grandis Baird & Girard, 1853","Fundulus grandis","","US","","Florida","PRESENT",NA,"28eb1a3f-1c15-4a95-931a-4af90ecb574d",26.400003,-81.87027,6,NA,NA,NA,NA,NA,"2024-09-14T19:17:18",14,9,2024,5203686,5203686,"HUMAN_OBSERVATION","iNaturalist","Observations","241793169",NA,"shmavin",2024-09-15 03:25:54,"CC_BY_NC_4_0","shmavin","shmavin",NA,NA,2025-06-07 02:14:18.175,"StillImage","COORDINATE_ROUNDED;CONTINENT_DERIVED_FROM_COORDINATES;TAXON_MATCH_TAXON_ID_IGNORED"
4945583354,"50c9509d-22c7-4a22-a47d-8c48425ef4a7","https://www.inaturalist.org/observations/241793139","Animalia","Chordata",NA,"Cyprinodontiformes","Fundulidae","Fundulus","Fundulus grandis",NA,"SPECIES","Fundulus grandis Baird & Girard, 1853","Fundulus grandis","","US","","Florida","PRESENT",NA,"28eb1a3f-1c15-4a95-931a-4af90ecb574d",26.399972,-81.87033,4,NA,NA,NA,NA,NA,"2024-09-14T19:06:53",14,9,2024,5203686,5203686,"HUMAN_OBSERVATION","iNaturalist","Observations","241793139",NA,"shmavin",2024-09-15 03:25:37,"CC_BY_NC_4_0","shmavin","shmavin",NA,NA,2025-06-07 02:00:17.356,"StillImage","COORDINATE_ROUNDED;CONTINENT_DERIVED_FROM_COORDINATES;TAXON_MATCH_TAXON_ID_IGNORED"
4936752892,"50c9509d-22c7-4a22-a47d-8c48425ef4a7","https://www.inaturalist.org/observations/238327477","Animalia","Chordata",NA,"Cyprinodontiformes","Fundulidae","Fundulus","Fundulus grandis",NA,"SPECIES","Fundulus grandis Baird & Girard, 1853","Fundulus grandis","","US","","Louisiana","PRESENT",NA,"28eb1a3f-1c15-4a95-931a-4af90ecb574d",29.456074,-89.67938,369,NA,NA,NA,NA,NA,"2024-07-23T14:11:33",23,7,2024,5203686,5203686,"HUMAN_OBSERVATION","iNaturalist","Observations","238327477",NA,"hambell",2024-08-27 22:52:58,"CC_BY_NC_4_0","hambell","hambell",NA,NA,2025-06-07 01:44:51.625,"StillImage","COORDINATE_ROUNDED;CONTINENT_DERIVED_FROM_COORDINATES;TAXON_MATCH_TAXON_ID_IGNORED"
4922012305,"50c9509d-22c7-4a22-a47d-8c48425ef4a7","https://www.inaturalist.org/observations/233358736","Animalia","Chordata",NA,"Cyprinodontiformes","Fundulidae","Fundulus","Fundulus grandis",NA,"SPECIES","Fundulus grandis Baird & Girard, 1853","Fundulus grandis","","US","","Florida","PRESENT",NA,"28eb1a3f-1c15-4a95-931a-4af90ecb574d",27.45036,-82.497148,2,NA,NA,NA,NA,NA,"2024-07-13T08:28",13,7,2024,5203686,5203686,"HUMAN_OBSERVATION","iNaturalist","Observations","233358736",NA,"sisor",2024-08-02 21:03:38,"CC_BY_NC_4_0","sisor","sisor",NA,NA,2025-06-07 00:14:16.068,"StillImage","COORDINATE_ROUNDED;CONTINENT_DERIVED_FROM_COORDINATES;TAXON_MATCH_TAXON_ID_IGNORED"
4921920567,"50c9509d-22c7-4a22-a47d-8c48425ef4a7","https://www.inaturalist.org/observations/233138877","Animalia","Chordata",NA,"Cyprinodontiformes","Fundulidae","Fundulus","Fundulus grandis",NA,"SPECIES","Fundulus grandis Baird & Girard, 1853","Fundulus grandis","","US","","Alabama","PRESENT",NA,"28eb1a3f-1c15-4a95-931a-4af90ecb574d",30.682326,-88.007193,28,NA,NA,NA,NA,NA,"2024-07-30T13:38",30,7,2024,5203686,5203686,"HUMAN_OBSERVATION","iNaturalist","Observations","233138877",NA,"David Vander Pluym",2024-08-01 18:38:53,"CC_BY_NC_4_0","David Vander Pluym","David Vander Pluym",NA,NA,2025-06-07 00:18:28.045,"StillImage","COORDINATE_ROUNDED;CONTINENT_DERIVED_FROM_COORDINATES;TAXON_MATCH_TAXON_ID_IGNORED"
4910879223,"50c9509d-22c7-4a22-a47d-8c48425ef4a7","https://www.inaturalist.org/observations/222071772","Animalia","Chordata",NA,"Cyprinodontiformes","Fundulidae","Fundulus","Fundulus grandis",NA,"SPECIES","Fundulus grandis Baird & Girard, 1853","Fundulus grandis","","US","","Florida","PRESENT",NA,"28eb1a3f-1c15-4a95-931a-4af90ecb574d",30.443794,-86.879015,25,NA,NA,NA,NA,NA,"2024-06-11T12:03:16",11,6,2024,5203686,5203686,"HUMAN_OBSERVATION","iNaturalist","Observations","222071772",NA,"pickle_juice",2024-06-11 17:36:07,"CC_BY_NC_4_0","pickle_juice","pickle_juice",NA,NA,2025-06-07 00:26:44.322,"StillImage","COORDINATE_ROUNDED;CONTINENT_DERIVED_FROM_COORDINATES;TAXON_MATCH_TAXON_ID_IGNORED"
4910801320,"50c9509d-22c7-4a22-a47d-8c48425ef4a7","https://www.inaturalist.org/observations/230485652","Animalia","Chordata",NA,"Cyprinodontiformes","Fundulidae","Fundulus","Fundulus grandis",NA,"SPECIES","Fundulus grandis Baird & Girard, 1853","Fundulus grandis","","US","","Louisiana","PRESENT",NA,"28eb1a3f-1c15-4a95-931a-4af90ecb574d",29.916653,-91.928275,6,NA,NA,NA,NA,NA,"2024-07-19T17:21:45",19,7,2024,5203686,5203686,"HUMAN_OBSERVATION","iNaturalist","Observations","230485652",NA,"Herbert Leavitt",2024-07-20 12:54:52,"CC_BY_NC_4_0","Herbert Leavitt","Herbert Leavitt",NA,NA,2025-06-07 01:18:17.122,"StillImage","COORDINATE_ROUNDED;CONTINENT_DERIVED_FROM_COORDINATES;TAXON_MATCH_TAXON_ID_IGNORED"
4908984529,"50c9509d-22c7-4a22-a47d-8c48425ef4a7","https://www.inaturalist.org/observations/229374875","Animalia","Chordata",NA,"Cyprinodontiformes","Fundulidae","Fundulus","Fundulus grandis",NA,"SPECIES","Fundulus grandis Baird & Girard, 1853","Fundulus grandis","","US","","Florida","PRESENT",NA,"28eb1a3f-1c15-4a95-931a-4af90ecb574d",30.366375,-87.418699,NA,NA,NA,NA,NA,NA,"2024-07-14T17:10:32",14,7,2024,5203686,5203686,"HUMAN_OBSERVATION","iNaturalist","Observations","229374875",NA,"Robert Pitts",2024-07-14 22:40:28,"CC_BY_NC_4_0","Robert Pitts","Robert Pitts",NA,NA,2025-06-07 00:59:26.538,"StillImage","COORDINATE_ROUNDED;CONTINENT_DERIVED_FROM_COORDINATES;TAXON_MATCH_TAXON_ID_IGNORED"
4908372994,"50c9509d-22c7-4a22-a47d-8c48425ef4a7","https://www.inaturalist.org/observations/204463124","Animalia","Chordata",NA,"Cyprinodontiformes","Fundulidae","Fundulus","Fundulus grandis",NA,"SPECIES","Fundulus grandis Baird & Girard, 1853","Fundulus grandis","","US","","Florida","PRESENT",NA,"28eb1a3f-1c15-4a95-931a-4af90ecb574d",27.641884,-82.741816,4,NA,NA,NA,NA,NA,"2023-11-13T11:19:14",13,11,2023,5203686,5203686,"HUMAN_OBSERVATION","iNaturalist","Observations","204463124",NA,"fredturt43",2024-04-06 17:46:33,"CC0_1_0","Jeffrey A Ewick","Jeffrey A Ewick",NA,NA,2025-06-07 01:10:17.426,"StillImage","COORDINATE_ROUNDED;CONTINENT_DERIVED_FROM_COORDINATES;TAXON_MATCH_TAXON_ID_IGNORED"
4907985897,"50c9509d-22c7-4a22-a47d-8c48425ef4a7","https://www.inaturalist.org/observations/225647798","Animalia","Chordata",NA,"Cyprinodontiformes","Fundulidae","Fundulus","Fundulus grandis",NA,"SPECIES","Fundulus grandis Baird & Girard, 1853","Fundulus grandis","","US","","Florida","PRESENT",NA,"28eb1a3f-1c15-4a95-931a-4af90ecb574d",26.211005,-81.812613,4,NA,NA,NA,NA,NA,"2024-06-27T21:05:39",27,6,2024,5203686,5203686,"HUMAN_OBSERVATION","iNaturalist","Observations","225647798",NA,"Logan Hallstrom",2024-06-29 20:55:14,"CC_BY_NC_4_0","Logan Hallstrom","Logan Hallstrom",NA,NA,2025-06-07 01:42:08.015,"StillImage","COORDINATE_ROUNDED;CONTINENT_DERIVED_FROM_COORDINATES;TAXON_MATCH_TAXON_ID_IGNORED"
4904279192,"50c9509d-22c7-4a22-a47d-8c48425ef4a7","https://www.inaturalist.org/observations/225828512","Animalia","Chordata",NA,"Cyprinodontiformes","Fundulidae","Fundulus","Fundulus grandis",NA,"SPECIES","Fundulus grandis Baird & Girard, 1853","Fundulus grandis","","US","","Florida","PRESENT",NA,"28eb1a3f-1c15-4a95-931a-4af90ecb574d",26.211005,-81.812378,323,NA,NA,NA,NA,NA,"2024-06-28T16:08:42",28,6,2024,5203686,5203686,"HUMAN_OBSERVATION","iNaturalist","Observations","225828512",NA,"zachs",2024-06-29 13:35:39,"CC_BY_NC_4_0","Logan Hallstrom","Logan Hallstrom",NA,NA,2025-06-07 00:43:40.458,"StillImage","COORDINATE_ROUNDED;CONTINENT_DERIVED_FROM_COORDINATES;TAXON_MATCH_TAXON_ID_IGNORED"
4903905760,"50c9509d-22c7-4a22-a47d-8c48425ef4a7","https://www.inaturalist.org/observations/225951764","Animalia","Chordata",NA,"Cyprinodontiformes","Fundulidae","Fundulus","Fundulus grandis",NA,"SPECIES","Fundulus grandis Baird & Girard, 1853","Fundulus grandis","","US","","Florida","PRESENT",NA,"28eb1a3f-1c15-4a95-931a-4af90ecb574d",30.353313,-87.42873,NA,NA,NA,NA,NA,NA,"2024-06-29T09:16:08",29,6,2024,5203686,5203686,"HUMAN_OBSERVATION","iNaturalist","Observations","225951764",NA,"Robert Pitts",2024-06-29 15:39:06,"CC_BY_NC_4_0","Robert Pitts","Robert Pitts",NA,NA,2025-06-07 00:36:29.264,"StillImage","COORDINATE_ROUNDED;CONTINENT_DERIVED_FROM_COORDINATES;TAXON_MATCH_TAXON_ID_IGNORED"
4903815724,"50c9509d-22c7-4a22-a47d-8c48425ef4a7","https://www.inaturalist.org/observations/225538849","Animalia","Chordata",NA,"Cyprinodontiformes","Fundulidae","Fundulus","Fundulus grandis",NA,"SPECIES","Fundulus grandis Baird & Girard, 1853","Fundulus grandis","","US","","Texas","PRESENT",NA,"28eb1a3f-1c15-4a95-931a-4af90ecb574d",26.138386,-97.175338,4,NA,NA,NA,NA,NA,"2024-06-27T11:27:56",27,6,2024,5203686,5203686,"HUMAN_OBSERVATION","iNaturalist","Observations","225538849",NA,"Remy Vargas",2024-06-27 16:30:54,"CC_BY_NC_4_0","Remy Vargas","Remy Vargas",NA,NA,2025-06-07 00:41:38.503,"StillImage","COORDINATE_ROUNDED;CONTINENT_DERIVED_FROM_COORDINATES;TAXON_MATCH_TAXON_ID_IGNORED"
4901849081,"50c9509d-22c7-4a22-a47d-8c48425ef4a7","https://www.inaturalist.org/observations/222140812","Animalia","Chordata",NA,"Cyprinodontiformes","Fundulidae","Fundulus","Fundulus grandis",NA,"SPECIES","Fundulus grandis Baird & Girard, 1853","Fundulus grandis","","US","","Texas","PRESENT",NA,"28eb1a3f-1c15-4a95-931a-4af90ecb574d",27.64932,-97.194467,43,NA,NA,NA,NA,NA,"2024-06-11T15:03:12",11,6,2024,5203686,5203686,"HUMAN_OBSERVATION","iNaturalist","Observations","222140812",NA,"Jon McIntyre",2024-06-11 23:56:00,"CC_BY_NC_4_0","Jon McIntyre","Jon McIntyre",NA,NA,2025-06-07 01:46:15.107,"StillImage","COORDINATE_ROUNDED;CONTINENT_DERIVED_FROM_COORDINATES;TAXON_MATCH_TAXON_ID_IGNORED"
4901318795,"50c9509d-22c7-4a22-a47d-8c48425ef4a7","https://www.inaturalist.org/observations/222738168","Animalia","Chordata",NA,"Cyprinodontiformes","Fundulidae","Fundulus","Fundulus grandis",NA,"SPECIES","Fundulus grandis Baird & Girard, 1853","Fundulus grandis","","US","","Louisiana","PRESENT",NA,"28eb1a3f-1c15-4a95-931a-4af90ecb574d",29.921005,-93.380495,8,NA,NA,NA,NA,NA,"2019-11-30T16:41:34",30,11,2019,5203686,5203686,"HUMAN_OBSERVATION","iNaturalist","Observations","222738168",NA,"Micah Shively",2024-06-14 22:39:03,"CC_BY_NC_4_0","Micah Shively","Micah Shively",NA,NA,2025-06-07 00:09:48.13,"StillImage","CONTINENT_DERIVED_FROM_COORDINATES;TAXON_MATCH_TAXON_ID_IGNORED"
4901017316,"50c9509d-22c7-4a22-a47d-8c48425ef4a7","https://www.inaturalist.org/observations/222943956","Animalia","Chordata",NA,"Cyprinodontiformes","Fundulidae","Fundulus","Fundulus grandis",NA,"SPECIES","Fundulus grandis Baird & Girard, 1853","Fundulus grandis","","US","","Texas","PRESENT",NA,"28eb1a3f-1c15-4a95-931a-4af90ecb574d",26.137465,-97.174287,216,NA,NA,NA,NA,NA,"2024-06-15",15,6,2024,5203686,5203686,"HUMAN_OBSERVATION","iNaturalist","Observations","222943956",NA,"Chris Bentley",2024-06-15 20:38:51,"CC_BY_NC_4_0","Chris Bentley","Chris Bentley",NA,NA,2025-06-07 02:02:14.157,"StillImage","COORDINATE_ROUNDED;CONTINENT_DERIVED_FROM_COORDINATES;TAXON_MATCH_TAXON_ID_IGNORED"
4901001707,"50c9509d-22c7-4a22-a47d-8c48425ef4a7","https://www.inaturalist.org/observations/223644291","Animalia","Chordata",NA,"Cyprinodontiformes","Fundulidae","Fundulus","Fundulus grandis",NA,"SPECIES","Fundulus grandis Baird & Girard, 1853","Fundulus grandis","","US","","Texas","PRESENT",NA,"28eb1a3f-1c15-4a95-931a-4af90ecb574d",30.988462,-103.706416,8,NA,NA,NA,NA,NA,"2024-06-13T12:04",13,6,2024,5203686,5203686,"HUMAN_OBSERVATION","iNaturalist","Observations","223644291",NA,"pmk00001",2024-06-19 17:16:17,"CC_BY_NC_4_0","Todd Fitzgerald","Todd Fitzgerald",NA,NA,2025-06-07 02:08:33.442,"StillImage","COORDINATE_ROUNDED;CONTINENT_DERIVED_FROM_COORDINATES;TAXON_MATCH_TAXON_ID_IGNORED"
4891970098,"50c9509d-22c7-4a22-a47d-8c48425ef4a7","https://www.inaturalist.org/observations/220577258","Animalia","Chordata",NA,"Cyprinodontiformes","Fundulidae","Fundulus","Fundulus grandis",NA,"SPECIES","Fundulus grandis Baird & Girard, 1853","Fundulus grandis","","US","","New Mexico","PRESENT",NA,"28eb1a3f-1c15-4a95-931a-4af90ecb574d",32.240722,-104.047905,74,NA,NA,NA,NA,NA,"2024-06-04T12:12:39",4,6,2024,5203686,5203686,"HUMAN_OBSERVATION","iNaturalist","Observations","220577258",NA,"ssummo58",2024-06-04 23:43:18,"CC_BY_NC_4_0","ssummo58","ssummo58",NA,NA,2025-06-07 02:02:34.364,"StillImage","COORDINATE_ROUNDED;CONTINENT_DERIVED_FROM_COORDINATES;TAXON_MATCH_TAXON_ID_IGNORED"
4891743507,"50c9509d-22c7-4a22-a47d-8c48425ef4a7","https://www.inaturalist.org/observations/220577219","Animalia","Chordata",NA,"Cyprinodontiformes","Fundulidae","Fundulus","Fundulus grandis",NA,"SPECIES","Fundulus grandis Baird & Girard, 1853","Fundulus grandis","","US","","New Mexico","PRESENT",NA,"28eb1a3f-1c15-4a95-931a-4af90ecb574d",32.241106,-104.047223,87,NA,NA,NA,NA,NA,"2024-06-04T12:18:29",4,6,2024,5203686,5203686,"HUMAN_OBSERVATION","iNaturalist","Observations","220577219",NA,"ssummo58",2024-06-04 23:43:01,"CC_BY_NC_4_0","ssummo58","ssummo58",NA,NA,2025-06-07 01:24:38.65,"StillImage","COORDINATE_ROUNDED;CONTINENT_DERIVED_FROM_COORDINATES;TAXON_MATCH_TAXON_ID_IGNORED"
4891673187,"50c9509d-22c7-4a22-a47d-8c48425ef4a7","https://www.inaturalist.org/observations/221409163","Animalia","Chordata",NA,"Cyprinodontiformes","Fundulidae","Fundulus","Fundulus grandis",NA,"SPECIES","Fundulus grandis Baird & Girard, 1853","Fundulus grandis","","US","","New Mexico","PRESENT",NA,"28eb1a3f-1c15-4a95-931a-4af90ecb574d",32.157292,-104.021483,2,NA,NA,NA,NA,NA,"2024-06-08T13:32:38",8,6,2024,5203686,5203686,"HUMAN_OBSERVATION","iNaturalist","Observations","221409163",NA,"ssummo58",2024-06-08 21:09:00,"CC_BY_NC_4_0","ssummo58","ssummo58",NA,NA,2025-06-07 00:00:41.441,"StillImage","COORDINATE_ROUNDED;CONTINENT_DERIVED_FROM_COORDINATES;TAXON_MATCH_TAXON_ID_IGNORED"
4875444759,"50c9509d-22c7-4a22-a47d-8c48425ef4a7","https://www.inaturalist.org/observations/219196410","Animalia","Chordata",NA,"Cyprinodontiformes","Fundulidae","Fundulus","Fundulus grandis",NA,"SPECIES","Fundulus grandis Baird & Girard, 1853","Fundulus grandis","","US","","Florida","PRESENT",NA,"28eb1a3f-1c15-4a95-931a-4af90ecb574d",28.255198,-82.751052,80,NA,NA,NA,NA,NA,"2020-07-04T13:00",4,7,2020,5203686,5203686,"HUMAN_OBSERVATION","iNaturalist","Observations","219196410",NA,"Mitchel Buckner",2024-05-29 21:48:14,"CC_BY_NC_4_0","jhav30main","jhav30main",NA,NA,2025-06-07 02:45:11.13,"StillImage","COORDINATE_ROUNDED;CONTINENT_DERIVED_FROM_COORDINATES;TAXON_MATCH_TAXON_ID_IGNORED"
4872157667,"50c9509d-22c7-4a22-a47d-8c48425ef4a7","https://www.inaturalist.org/observations/218209981","Animalia","Chordata",NA,"Cyprinodontiformes","Fundulidae","Fundulus","Fundulus grandis",NA,"SPECIES","Fundulus grandis Baird & Girard, 1853","Fundulus grandis","","US","","Texas","PRESENT",NA,"28eb1a3f-1c15-4a95-931a-4af90ecb574d",30.980695,-101.974215,1118,NA,NA,NA,NA,NA,"2024-05-25T13:23:14",25,5,2024,5203686,5203686,"HUMAN_OBSERVATION","iNaturalist","Observations","218209981",NA,"pillowdoge",2024-05-25 20:51:48,"CC_BY_NC_4_0","pillowdoge","pillowdoge",NA,NA,2025-06-07 01:25:35.466,"StillImage","COORDINATE_ROUNDED;CONTINENT_DERIVED_FROM_COORDINATES;TAXON_MATCH_TAXON_ID_IGNORED"
4872150563,"50c9509d-22c7-4a22-a47d-8c48425ef4a7","https://www.inaturalist.org/observations/218209431","Animalia","Chordata",NA,"Cyprinodontiformes","Fundulidae","Fundulus","Fundulus grandis",NA,"SPECIES","Fundulus grandis Baird & Girard, 1853","Fundulus grandis","","US","","Texas","PRESENT",NA,"28eb1a3f-1c15-4a95-931a-4af90ecb574d",30.980416,-101.974828,231,NA,NA,NA,NA,NA,"2024-05-25T13:07:02",25,5,2024,5203686,5203686,"HUMAN_OBSERVATION","iNaturalist","Observations","218209431",NA,"pillowdoge",2024-05-25 20:51:09,"CC_BY_NC_4_0","pillowdoge","pillowdoge",NA,NA,2025-06-07 03:05:42.715,"StillImage","COORDINATE_ROUNDED;CONTINENT_DERIVED_FROM_COORDINATES;TAXON_MATCH_TAXON_ID_IGNORED"
4867966138,"50c9509d-22c7-4a22-a47d-8c48425ef4a7","https://www.inaturalist.org/observations/215820778","Animalia","Chordata",NA,"Cyprinodontiformes","Fundulidae","Fundulus","Fundulus grandis",NA,"SPECIES","Fundulus grandis Baird & Girard, 1853","Fundulus grandis","","US","","Louisiana","PRESENT",NA,"28eb1a3f-1c15-4a95-931a-4af90ecb574d",29.455938,-90.480562,4,NA,NA,NA,NA,NA,"2024-05-05T14:04:52",5,5,2024,5203686,5203686,"HUMAN_OBSERVATION","iNaturalist","Observations","215820778",NA,"Bradford",2024-05-15 00:52:28,"CC_BY_NC_4_0","Bradford","Bradford",NA,NA,2025-06-07 01:55:09.188,"StillImage","COORDINATE_ROUNDED;CONTINENT_DERIVED_FROM_COORDINATES;TAXON_MATCH_TAXON_ID_IGNORED"
4867584210,"50c9509d-22c7-4a22-a47d-8c48425ef4a7","https://www.inaturalist.org/observations/217207244","Animalia","Chordata",NA,"Cyprinodontiformes","Fundulidae","Fundulus","Fundulus grandis",NA,"SPECIES","Fundulus grandis Baird & Girard, 1853","Fundulus grandis","","US","","Alabama","PRESENT",NA,"28eb1a3f-1c15-4a95-931a-4af90ecb574d",30.2502,-88.076736,4,NA,NA,NA,NA,NA,"2024-05-20T20:26:55",20,5,2024,5203686,5203686,"HUMAN_OBSERVATION","iNaturalist","Observations","217207244",NA,"Ava",2024-05-21 02:23:39,"CC_BY_NC_4_0","Ava","Ava",NA,NA,2025-06-07 03:03:17.268,"StillImage","COORDINATE_ROUNDED;CONTINENT_DERIVED_FROM_COORDINATES;TAXON_MATCH_TAXON_ID_IGNORED"
4863944895,"50c9509d-22c7-4a22-a47d-8c48425ef4a7","https://www.inaturalist.org/observations/214944579","Animalia","Chordata",NA,"Cyprinodontiformes","Fundulidae","Fundulus","Fundulus grandis",NA,"SPECIES","Fundulus grandis Baird & Girard, 1853","Fundulus grandis","","US","","Florida","PRESENT",NA,"28eb1a3f-1c15-4a95-931a-4af90ecb574d",30.074725,-84.180887,9,NA,NA,NA,NA,NA,"2024-05-10T13:27:46",10,5,2024,5203686,5203686,"HUMAN_OBSERVATION","iNaturalist","Observations","214944579",NA,"user_not__found",2024-05-11 06:40:24,"CC_BY_NC_4_0","user_not__found","user_not__found",NA,NA,2025-06-07 00:35:12.059,"StillImage","COORDINATE_ROUNDED;CONTINENT_DERIVED_FROM_COORDINATES;TAXON_MATCH_TAXON_ID_IGNORED"
4853088494,"50c9509d-22c7-4a22-a47d-8c48425ef4a7","https://www.inaturalist.org/observations/208332154","Animalia","Chordata",NA,"Cyprinodontiformes","Fundulidae","Fundulus","Fundulus grandis",NA,"SPECIES","Fundulus grandis Baird & Girard, 1853","Fundulus grandis","","US","","Louisiana","PRESENT",NA,"28eb1a3f-1c15-4a95-931a-4af90ecb574d",29.252049,-89.970939,57,NA,NA,NA,NA,NA,"2024-04-20T11:30",20,4,2024,5203686,5203686,"HUMAN_OBSERVATION","iNaturalist","Observations","208332154",NA,"brycenator",2024-04-20 19:19:11,"CC_BY_NC_4_0","brycenator","brycenator",NA,NA,2025-06-07 02:54:06.648,"StillImage","COORDINATE_ROUNDED;CONTINENT_DERIVED_FROM_COORDINATES;TAXON_MATCH_TAXON_ID_IGNORED"
4853047210,"50c9509d-22c7-4a22-a47d-8c48425ef4a7","https://www.inaturalist.org/observations/209097821","Animalia","Chordata",NA,"Cyprinodontiformes","Fundulidae","Fundulus","Fundulus grandis",NA,"SPECIES","Fundulus grandis Baird & Girard, 1853","Fundulus grandis","","US","","Florida","PRESENT",NA,"28eb1a3f-1c15-4a95-931a-4af90ecb574d",30.398235,-86.229618,10,NA,NA,NA,NA,NA,"2024-04-24T10:58",24,4,2024,5203686,5203686,"HUMAN_OBSERVATION","iNaturalist","Observations","209097821",NA,"junebug-j",2024-04-24 16:30:26,"CC_BY_NC_4_0","junebug-j","junebug-j",NA,NA,2025-06-07 02:46:27.943,"StillImage","COORDINATE_ROUNDED;CONTINENT_DERIVED_FROM_COORDINATES;TAXON_MATCH_TAXON_ID_IGNORED"
4852919882,"50c9509d-22c7-4a22-a47d-8c48425ef4a7","https://www.inaturalist.org/observations/207926435","Animalia","Chordata",NA,"Cyprinodontiformes","Fundulidae","Fundulus","Fundulus grandis",NA,"SPECIES","Fundulus grandis Baird & Girard, 1853","Fundulus grandis","","US","","Louisiana","PRESENT",NA,"28eb1a3f-1c15-4a95-931a-4af90ecb574d",29.253928,-90.663903,10,NA,NA,NA,NA,NA,"2024-04-06T19:30:01",6,4,2024,5203686,5203686,"HUMAN_OBSERVATION","iNaturalist","Observations","207926435",NA,"Herbert Leavitt",2024-04-18 14:34:17,"CC_BY_NC_4_0","Herbert Leavitt","Herbert Leavitt",NA,NA,2025-06-07 00:35:04.265,"StillImage","COORDINATE_ROUNDED;CONTINENT_DERIVED_FROM_COORDINATES;TAXON_MATCH_TAXON_ID_IGNORED"
4847044938,"50c9509d-22c7-4a22-a47d-8c48425ef4a7","https://www.inaturalist.org/observations/148516710","Animalia","Chordata",NA,"Cyprinodontiformes","Fundulidae","Fundulus","Fundulus grandis",NA,"SPECIES","Fundulus grandis Baird & Girard, 1853","Fundulus grandis","","US","","Florida","PRESENT",NA,"28eb1a3f-1c15-4a95-931a-4af90ecb574d",27.385528,-82.565314,NA,NA,NA,NA,NA,NA,"2023-02-10T16:42:49",10,2,2023,5203686,5203686,"HUMAN_OBSERVATION","iNaturalist","Observations","148516710",NA,"Deniz Wilson",2023-02-11 14:06:46,"CC0_1_0","Deniz Wilson","Deniz Wilson",NA,NA,2025-06-07 01:42:58.563,"StillImage","COORDINATE_ROUNDED;CONTINENT_DERIVED_FROM_COORDINATES;TAXON_MATCH_TAXON_ID_IGNORED"
4846947810,"50c9509d-22c7-4a22-a47d-8c48425ef4a7","https://www.inaturalist.org/observations/207236755","Animalia","Chordata",NA,"Cyprinodontiformes","Fundulidae","Fundulus","Fundulus grandis",NA,"SPECIES","Fundulus grandis Baird & Girard, 1853","Fundulus grandis","","US","","Florida","PRESENT",NA,"28eb1a3f-1c15-4a95-931a-4af90ecb574d",27.635016,-82.718123,209,NA,NA,NA,NA,NA,"2016-03-21T02:46",21,3,2016,5203686,5203686,"HUMAN_OBSERVATION","iNaturalist","Observations","207236755",NA,"Noah Daun",2024-04-14 19:22:49,"CC_BY_NC_4_0","Noah Daun","Noah Daun",NA,NA,2025-06-07 01:48:41.024,"StillImage","COORDINATE_ROUNDED;CONTINENT_DERIVED_FROM_COORDINATES;TAXON_MATCH_TAXON_ID_IGNORED"
4607649573,"50c9509d-22c7-4a22-a47d-8c48425ef4a7","https://www.inaturalist.org/observations/206368847","Animalia","Chordata",NA,"Cyprinodontiformes","Fundulidae","Fundulus","Fundulus grandis",NA,"SPECIES","Fundulus grandis Baird & Girard, 1853","Fundulus grandis","","US","","Texas","PRESENT",NA,"28eb1a3f-1c15-4a95-931a-4af90ecb574d",29.684108,-94.032398,2,NA,NA,NA,NA,NA,"2024-04-02T17:05",2,4,2024,5203686,5203686,"HUMAN_OBSERVATION","iNaturalist","Observations","206368847",NA,"Cole McIntyre",2024-04-10 04:34:29,"CC_BY_NC_4_0","Cole McIntyre","Cole McIntyre",NA,NA,2025-06-07 01:57:24.623,"StillImage","COORDINATE_ROUNDED;CONTINENT_DERIVED_FROM_COORDINATES;TAXON_MATCH_TAXON_ID_IGNORED"
4607592689,"50c9509d-22c7-4a22-a47d-8c48425ef4a7","https://www.inaturalist.org/observations/205180908","Animalia","Chordata",NA,"Cyprinodontiformes","Fundulidae","Fundulus","Fundulus grandis",NA,"SPECIES","Fundulus grandis Baird & Girard, 1853","Fundulus grandis","","US","","Florida","PRESENT",NA,"28eb1a3f-1c15-4a95-931a-4af90ecb574d",30.412107,-86.492839,15,NA,NA,NA,NA,NA,"2024-04-02T10:33",2,4,2024,5203686,5203686,"HUMAN_OBSERVATION","iNaturalist","Observations","205180908",NA,"jasonrl",2024-04-03 02:09:05,"CC_BY_NC_4_0","jasonrl","jasonrl",NA,NA,2025-06-07 00:15:46.833,"StillImage","COORDINATE_ROUNDED;CONTINENT_DERIVED_FROM_COORDINATES;TAXON_MATCH_TAXON_ID_IGNORED"
4607501443,"50c9509d-22c7-4a22-a47d-8c48425ef4a7","https://www.inaturalist.org/observations/205313471","Animalia","Chordata",NA,"Cyprinodontiformes","Fundulidae","Fundulus","Fundulus grandis",NA,"SPECIES","Fundulus grandis Baird & Girard, 1853","Fundulus grandis","","US","","Texas","PRESENT",NA,"28eb1a3f-1c15-4a95-931a-4af90ecb574d",29.684311,-94.032801,23,NA,NA,NA,NA,NA,"2024-04-02T18:07:45",2,4,2024,5203686,5203686,"HUMAN_OBSERVATION","iNaturalist","Observations","205313471",NA,"Jon McIntyre",2024-04-04 01:08:38,"CC_BY_NC_4_0","Jon McIntyre","Jon McIntyre",NA,NA,2025-06-07 02:00:31.566,"StillImage","COORDINATE_ROUNDED;CONTINENT_DERIVED_FROM_COORDINATES;TAXON_MATCH_TAXON_ID_IGNORED"
4607082757,"50c9509d-22c7-4a22-a47d-8c48425ef4a7","https://www.inaturalist.org/observations/205312167","Animalia","Chordata",NA,"Cyprinodontiformes","Fundulidae","Fundulus","Fundulus grandis",NA,"SPECIES","Fundulus grandis Baird & Girard, 1853","Fundulus grandis","","US","","Texas","PRESENT",NA,"28eb1a3f-1c15-4a95-931a-4af90ecb574d",29.684153,-94.032394,23,NA,NA,NA,NA,NA,"2024-04-02T17:23:56",2,4,2024,5203686,5203686,"HUMAN_OBSERVATION","iNaturalist","Observations","205312167",NA,"Jon McIntyre",2024-04-04 00:57:44,"CC_BY_NC_4_0","Jon McIntyre","Jon McIntyre",NA,NA,2025-06-07 01:45:05.282,"StillImage","COORDINATE_ROUNDED;CONTINENT_DERIVED_FROM_COORDINATES;TAXON_MATCH_TAXON_ID_IGNORED"
4607074468,"50c9509d-22c7-4a22-a47d-8c48425ef4a7","https://www.inaturalist.org/observations/205312302","Animalia","Chordata",NA,"Cyprinodontiformes","Fundulidae","Fundulus","Fundulus grandis",NA,"SPECIES","Fundulus grandis Baird & Girard, 1853","Fundulus grandis","","US","","Texas","PRESENT",NA,"28eb1a3f-1c15-4a95-931a-4af90ecb574d",29.684156,-94.032396,23,NA,NA,NA,NA,NA,"2024-04-02T17:25:21",2,4,2024,5203686,5203686,"HUMAN_OBSERVATION","iNaturalist","Observations","205312302",NA,"Jon McIntyre",2024-04-04 00:59:16,"CC_BY_NC_4_0","Jon McIntyre","Jon McIntyre",NA,NA,2025-06-07 00:39:07.185,"StillImage","COORDINATE_ROUNDED;CONTINENT_DERIVED_FROM_COORDINATES;TAXON_MATCH_TAXON_ID_IGNORED"
4607011914,"50c9509d-22c7-4a22-a47d-8c48425ef4a7","https://www.inaturalist.org/observations/205312064","Animalia","Chordata",NA,"Cyprinodontiformes","Fundulidae","Fundulus","Fundulus grandis",NA,"SPECIES","Fundulus grandis Baird & Girard, 1853","Fundulus grandis","","US","","Texas","PRESENT",NA,"28eb1a3f-1c15-4a95-931a-4af90ecb574d",29.684161,-94.03238,23,NA,NA,NA,NA,NA,"2024-04-02T17:17",2,4,2024,5203686,5203686,"HUMAN_OBSERVATION","iNaturalist","Observations","205312064",NA,"Jon McIntyre",2024-04-04 00:57:01,"CC_BY_NC_4_0","Jon McIntyre","Jon McIntyre",NA,NA,2025-06-07 01:48:14.936,"StillImage","COORDINATE_ROUNDED;CONTINENT_DERIVED_FROM_COORDINATES;TAXON_MATCH_TAXON_ID_IGNORED"
4606921252,"50c9509d-22c7-4a22-a47d-8c48425ef4a7","https://www.inaturalist.org/observations/205242982","Animalia","Chordata",NA,"Cyprinodontiformes","Fundulidae","Fundulus","Fundulus grandis",NA,"SPECIES","Fundulus grandis Baird & Girard, 1853","Fundulus grandis","","US","","Florida","PRESENT",NA,"28eb1a3f-1c15-4a95-931a-4af90ecb574d",26.474875,-82.148893,4,NA,NA,NA,NA,NA,"2024-03-07T13:05",7,3,2024,5203686,5203686,"HUMAN_OBSERVATION","iNaturalist","Observations","205242982",NA,"David Hochadel",2024-04-03 15:31:42,"CC_BY_NC_4_0","David Hochadel","David Hochadel",NA,NA,2025-06-07 01:37:51.614,"StillImage","COORDINATE_ROUNDED;CONTINENT_DERIVED_FROM_COORDINATES;TAXON_MATCH_TAXON_ID_IGNORED"
4600037447,"50c9509d-22c7-4a22-a47d-8c48425ef4a7","https://www.inaturalist.org/observations/55950100","Animalia","Chordata",NA,"Cyprinodontiformes","Fundulidae","Fundulus","Fundulus grandis",NA,"SPECIES","Fundulus grandis Baird & Girard, 1853","Fundulus grandis","","US","","Texas","PRESENT",NA,"28eb1a3f-1c15-4a95-931a-4af90ecb574d",28.86656,-95.58747,2,NA,NA,NA,NA,NA,"2020-08-07T12:00",7,8,2020,5203686,5203686,"HUMAN_OBSERVATION","iNaturalist","Observations","55950100",NA,"Mitchel Buckner",2024-03-21 02:38:10,"CC_BY_4_0","Wendy McCrady","Wendy McCrady",NA,NA,2025-06-07 00:41:52.041,"StillImage","COORDINATE_ROUNDED;CONTINENT_DERIVED_FROM_COORDINATES;TAXON_MATCH_TAXON_ID_IGNORED"
4599998785,"50c9509d-22c7-4a22-a47d-8c48425ef4a7","https://www.inaturalist.org/observations/203192079","Animalia","Chordata",NA,"Cyprinodontiformes","Fundulidae","Fundulus","Fundulus grandis",NA,"SPECIES","Fundulus grandis Baird & Girard, 1853","Fundulus grandis","","US","","Florida","PRESENT",NA,"28eb1a3f-1c15-4a95-931a-4af90ecb574d",27.802112,-82.774576,128,NA,NA,NA,NA,NA,"2024-03-19T16:49",19,3,2024,5203686,5203686,"HUMAN_OBSERVATION","iNaturalist","Observations","203192079",NA,"Squidpastry",2024-03-20 03:38:27,"CC_BY_NC_4_0","Squidpastry","Squidpastry",NA,NA,2025-06-07 00:13:53.069,"StillImage","COORDINATE_ROUNDED;CONTINENT_DERIVED_FROM_COORDINATES;TAXON_MATCH_TAXON_ID_IGNORED"
4599974631,"50c9509d-22c7-4a22-a47d-8c48425ef4a7","https://www.inaturalist.org/observations/203880894","Animalia","Chordata",NA,"Cyprinodontiformes","Fundulidae","Fundulus","Fundulus grandis",NA,"SPECIES","Fundulus grandis Baird & Girard, 1853","Fundulus grandis","","US","","Florida","PRESENT",NA,"28eb1a3f-1c15-4a95-931a-4af90ecb574d",30.304904,-86.084403,1449,NA,NA,NA,NA,NA,"2024-03-24T20:52:34",24,3,2024,5203686,5203686,"HUMAN_OBSERVATION","iNaturalist","Observations","203880894",NA,"eecm",2024-03-25 12:57:08,"CC_BY_NC_4_0","eecm","eecm",NA,NA,2025-06-07 02:53:06.756,"","COORDINATE_ROUNDED;CONTINENT_DERIVED_FROM_COORDINATES;TAXON_MATCH_TAXON_ID_IGNORED"
4599917853,"50c9509d-22c7-4a22-a47d-8c48425ef4a7","https://www.inaturalist.org/observations/203570730","Animalia","Chordata",NA,"Cyprinodontiformes","Fundulidae","Fundulus","Fundulus grandis",NA,"SPECIES","Fundulus grandis Baird & Girard, 1853","Fundulus grandis","","US","","Louisiana","PRESENT",NA,"28eb1a3f-1c15-4a95-931a-4af90ecb574d",29.974716,-90.211022,431,NA,NA,NA,NA,NA,"2024-03-21T15:52:37",21,3,2024,5203686,5203686,"HUMAN_OBSERVATION","iNaturalist","Observations","203570730",NA,"kirkdiet",2024-03-23 10:08:53,"CC_BY_NC_4_0","kirkdiet","kirkdiet",NA,NA,2025-06-07 00:54:39.019,"StillImage","COORDINATE_ROUNDED;CONTINENT_DERIVED_FROM_COORDINATES;TAXON_MATCH_TAXON_ID_IGNORED"
4599841936,"50c9509d-22c7-4a22-a47d-8c48425ef4a7","https://www.inaturalist.org/observations/203258111","Animalia","Chordata",NA,"Cyprinodontiformes","Fundulidae","Fundulus","Fundulus grandis",NA,"SPECIES","Fundulus grandis Baird & Girard, 1853","Fundulus grandis","","US","","Florida","PRESENT",NA,"28eb1a3f-1c15-4a95-931a-4af90ecb574d",27.308939,-82.574948,735,NA,NA,NA,NA,NA,"2024-03-13T15:15",13,3,2024,5203686,5203686,"HUMAN_OBSERVATION","iNaturalist","Observations","203258111",NA,"sydneyh523",2024-03-20 18:27:54,"CC_BY_NC_4_0","sydneyh523","sydneyh523",NA,NA,2025-06-07 00:37:02.289,"StillImage","COORDINATE_ROUNDED;CONTINENT_DERIVED_FROM_COORDINATES;TAXON_MATCH_TAXON_ID_IGNORED"
4599817765,"50c9509d-22c7-4a22-a47d-8c48425ef4a7","https://www.inaturalist.org/observations/203570584","Animalia","Chordata",NA,"Cyprinodontiformes","Fundulidae","Fundulus","Fundulus grandis",NA,"SPECIES","Fundulus grandis Baird & Girard, 1853","Fundulus grandis","","US","","Louisiana","PRESENT",NA,"28eb1a3f-1c15-4a95-931a-4af90ecb574d",29.975253,-90.211194,515,NA,NA,NA,NA,NA,"2024-03-21T16:02:36",21,3,2024,5203686,5203686,"HUMAN_OBSERVATION","iNaturalist","Observations","203570584",NA,"kirkdiet",2024-03-23 10:06:45,"CC_BY_NC_4_0","kirkdiet","kirkdiet",NA,NA,2025-06-07 01:53:06.319,"StillImage","COORDINATE_ROUNDED;CONTINENT_DERIVED_FROM_COORDINATES;TAXON_MATCH_TAXON_ID_IGNORED"
4597340841,"50c9509d-22c7-4a22-a47d-8c48425ef4a7","https://www.inaturalist.org/observations/201729904","Animalia","Chordata",NA,"Cyprinodontiformes","Fundulidae","Fundulus","Fundulus grandis",NA,"SPECIES","Fundulus grandis Baird & Girard, 1853","Fundulus grandis","","US","","Florida","PRESENT",NA,"28eb1a3f-1c15-4a95-931a-4af90ecb574d",30.402997,-86.231583,4,NA,NA,NA,NA,NA,"2024-03-08T17:21:17",8,3,2024,5203686,5203686,"HUMAN_OBSERVATION","iNaturalist","Observations","201729904",NA,"Gwyneth",2024-03-08 23:36:14,"CC_BY_NC_4_0","Gwyneth","Gwyneth",NA,NA,2025-06-07 01:22:24.399,"StillImage","COORDINATE_ROUNDED;CONTINENT_DERIVED_FROM_COORDINATES;TAXON_MATCH_TAXON_ID_IGNORED"
4597296214,"50c9509d-22c7-4a22-a47d-8c48425ef4a7","https://www.inaturalist.org/observations/201521295","Animalia","Chordata",NA,"Cyprinodontiformes","Fundulidae","Fundulus","Fundulus grandis",NA,"SPECIES","Fundulus grandis Baird & Girard, 1853","Fundulus grandis","","US","","Florida","PRESENT",NA,"28eb1a3f-1c15-4a95-931a-4af90ecb574d",30.403155,-86.23143,26,NA,NA,NA,NA,NA,"2024-03-06T16:59:01",6,3,2024,5203686,5203686,"HUMAN_OBSERVATION","iNaturalist","Observations","201521295",NA,"Ava",2024-03-06 23:01:24,"CC_BY_NC_4_0","Ava","Ava",NA,NA,2025-06-07 01:08:11.474,"StillImage","CONTINENT_DERIVED_FROM_COORDINATES;TAXON_MATCH_TAXON_ID_IGNORED"
4597288092,"50c9509d-22c7-4a22-a47d-8c48425ef4a7","https://www.inaturalist.org/observations/201483943","Animalia","Chordata",NA,"Cyprinodontiformes","Fundulidae","Fundulus","Fundulus grandis",NA,"SPECIES","Fundulus grandis Baird & Girard, 1853","Fundulus grandis","","US","","Florida","PRESENT",NA,"28eb1a3f-1c15-4a95-931a-4af90ecb574d",30.403088,-86.231003,35,NA,NA,NA,NA,NA,"2024-03-06T09:55:17",6,3,2024,5203686,5203686,"HUMAN_OBSERVATION","iNaturalist","Observations","201483943",NA,"Ava",2024-03-06 16:04:26,"CC_BY_NC_4_0","Ava","Ava",NA,NA,2025-06-07 02:46:15.536,"StillImage","COORDINATE_ROUNDED;CONTINENT_DERIVED_FROM_COORDINATES;TAXON_MATCH_TAXON_ID_IGNORED"
4597287100,"50c9509d-22c7-4a22-a47d-8c48425ef4a7","https://www.inaturalist.org/observations/201483118","Animalia","Chordata",NA,"Cyprinodontiformes","Fundulidae","Fundulus","Fundulus grandis",NA,"SPECIES","Fundulus grandis Baird & Girard, 1853","Fundulus grandis","","US","","Florida","PRESENT",NA,"28eb1a3f-1c15-4a95-931a-4af90ecb574d",30.40308,-86.231387,15,NA,NA,NA,NA,NA,"2024-03-06T09:54:30",6,3,2024,5203686,5203686,"HUMAN_OBSERVATION","iNaturalist","Observations","201483118",NA,"Ava",2024-03-06 15:58:50,"CC_BY_NC_4_0","Ava","Ava",NA,NA,2025-06-07 00:01:24.519,"StillImage","COORDINATE_ROUNDED;CONTINENT_DERIVED_FROM_COORDINATES;TAXON_MATCH_TAXON_ID_IGNORED"
4597266395,"50c9509d-22c7-4a22-a47d-8c48425ef4a7","https://www.inaturalist.org/observations/201543287","Animalia","Chordata",NA,"Cyprinodontiformes","Fundulidae","Fundulus","Fundulus grandis",NA,"SPECIES","Fundulus grandis Baird & Girard, 1853","Fundulus grandis","","US","","Florida","PRESENT",NA,"28eb1a3f-1c15-4a95-931a-4af90ecb574d",30.419272,-86.228005,66,NA,NA,NA,NA,NA,"2024-03-06T21:39:56",6,3,2024,5203686,5203686,"HUMAN_OBSERVATION","iNaturalist","Observations","201543287",NA,"Ava",2024-03-07 03:53:06,"CC_BY_NC_4_0","Ava","Ava",NA,NA,2025-06-07 01:22:41.33,"StillImage","COORDINATE_ROUNDED;CONTINENT_DERIVED_FROM_COORDINATES;TAXON_MATCH_TAXON_ID_IGNORED"
4597265169,"50c9509d-22c7-4a22-a47d-8c48425ef4a7","https://www.inaturalist.org/observations/201483016","Animalia","Chordata",NA,"Cyprinodontiformes","Fundulidae","Fundulus","Fundulus grandis",NA,"SPECIES","Fundulus grandis Baird & Girard, 1853","Fundulus grandis","","US","","Florida","PRESENT",NA,"28eb1a3f-1c15-4a95-931a-4af90ecb574d",30.403212,-86.231378,35,NA,NA,NA,NA,NA,"2024-03-06T09:53:38",6,3,2024,5203686,5203686,"HUMAN_OBSERVATION","iNaturalist","Observations","201483016",NA,"Ava",2024-03-06 15:58:06,"CC_BY_NC_4_0","Ava","Ava",NA,NA,2025-06-07 02:51:10.918,"StillImage","COORDINATE_ROUNDED;CONTINENT_DERIVED_FROM_COORDINATES;TAXON_MATCH_TAXON_ID_IGNORED"
4596829755,"50c9509d-22c7-4a22-a47d-8c48425ef4a7","https://www.inaturalist.org/observations/199077074","Animalia","Chordata",NA,"Cyprinodontiformes","Fundulidae","Fundulus","Fundulus grandis",NA,"SPECIES","Fundulus grandis Baird & Girard, 1853","Fundulus grandis","","US","","Florida","PRESENT",NA,"28eb1a3f-1c15-4a95-931a-4af90ecb574d",25.888055,-81.262039,132,NA,NA,NA,NA,NA,"2024-02-10T10:54",10,2,2024,5203686,5203686,"HUMAN_OBSERVATION","iNaturalist","Observations","199077074",NA,"Mitchel Buckner",2024-02-12 17:52:05,"CC_BY_NC_4_0","Sydney Gerig","Sydney Gerig",NA,NA,2025-06-07 00:33:25.469,"StillImage","CONTINENT_DERIVED_FROM_COORDINATES;TAXON_MATCH_TAXON_ID_IGNORED"
4596765915,"50c9509d-22c7-4a22-a47d-8c48425ef4a7","https://www.inaturalist.org/observations/139680059","Animalia","Chordata",NA,"Cyprinodontiformes","Fundulidae","Fundulus","Fundulus grandis",NA,"SPECIES","Fundulus grandis Baird & Girard, 1853","Fundulus grandis","","US","","Louisiana","PRESENT",NA,"28eb1a3f-1c15-4a95-931a-4af90ecb574d",29.223346,-90.69315,NA,NA,NA,NA,NA,NA,"2022-10-22T16:12:06",22,10,2022,5203686,5203686,"HUMAN_OBSERVATION","iNaturalist","Observations","139680059",NA,"Mitchel Buckner",2024-03-09 17:33:07,"CC_BY_NC_4_0","R.C. Hoover","R.C. Hoover",NA,NA,2025-06-07 00:34:34.092,"StillImage","COORDINATE_ROUNDED;CONTINENT_DERIVED_FROM_COORDINATES;TAXON_MATCH_TAXON_ID_IGNORED"
4535692497,"50c9509d-22c7-4a22-a47d-8c48425ef4a7","https://www.inaturalist.org/observations/200726486","Animalia","Chordata",NA,"Cyprinodontiformes","Fundulidae","Fundulus","Fundulus grandis",NA,"SPECIES","Fundulus grandis Baird & Girard, 1853","Fundulus grandis","","US","","Florida","PRESENT",NA,"28eb1a3f-1c15-4a95-931a-4af90ecb574d",24.697486,-81.318517,4,NA,NA,NA,NA,NA,"2024-02-22T12:39",22,2,2024,5203686,5203686,"HUMAN_OBSERVATION","iNaturalist","Observations","200726486",NA,"John Aufderheide",2024-02-28 15:46:04,"CC_BY_NC_4_0","John Aufderheide","John Aufderheide",NA,NA,2025-06-07 01:59:29.231,"StillImage","COORDINATE_ROUNDED;CONTINENT_DERIVED_FROM_COORDINATES;TAXON_MATCH_TAXON_ID_IGNORED"
4528406487,"50c9509d-22c7-4a22-a47d-8c48425ef4a7","https://www.inaturalist.org/observations/200647071","Animalia","Chordata",NA,"Cyprinodontiformes","Fundulidae","Fundulus","Fundulus grandis",NA,"SPECIES","Fundulus grandis Baird & Girard, 1853","Fundulus grandis","","US","","Texas","PRESENT",NA,"28eb1a3f-1c15-4a95-931a-4af90ecb574d",29.313388,-94.821158,4,NA,NA,NA,NA,NA,"2024-02-27T12:52:48",27,2,2024,5203686,5203686,"HUMAN_OBSERVATION","iNaturalist","Observations","200647071",NA,"Maxfield JonasKrueger",2024-02-27 20:02:29,"CC_BY_NC_4_0","jcowdog","jcowdog",NA,NA,2025-06-07 01:31:50.326,"StillImage","COORDINATE_ROUNDED;CONTINENT_DERIVED_FROM_COORDINATES;TAXON_MATCH_TAXON_ID_IGNORED"
4528358439,"50c9509d-22c7-4a22-a47d-8c48425ef4a7","https://www.inaturalist.org/observations/200649213","Animalia","Chordata",NA,"Cyprinodontiformes","Fundulidae","Fundulus","Fundulus grandis",NA,"SPECIES","Fundulus grandis Baird & Girard, 1853","Fundulus grandis","","US","","Florida","PRESENT",NA,"28eb1a3f-1c15-4a95-931a-4af90ecb574d",30.087675,-84.169375,625,NA,NA,NA,NA,NA,"2024-02-23T14:32:20",23,2,2024,5203686,5203686,"HUMAN_OBSERVATION","iNaturalist","Observations","200649213",NA,"Sultana “Salty” Duke",2024-02-27 20:08:24,"CC_BY_NC_4_0","Sultana “Salty” Duke","Sultana “Salty” Duke",NA,NA,2025-06-07 01:18:10.839,"StillImage","COORDINATE_ROUNDED;CONTINENT_DERIVED_FROM_COORDINATES;TAXON_MATCH_TAXON_ID_IGNORED"
4528136463,"50c9509d-22c7-4a22-a47d-8c48425ef4a7","https://www.inaturalist.org/observations/200646919","Animalia","Chordata",NA,"Cyprinodontiformes","Fundulidae","Fundulus","Fundulus grandis",NA,"SPECIES","Fundulus grandis Baird & Girard, 1853","Fundulus grandis","","US","","Texas","PRESENT",NA,"28eb1a3f-1c15-4a95-931a-4af90ecb574d",29.313463,-94.821205,3,NA,NA,NA,NA,NA,"2024-02-27T12:54:45",27,2,2024,5203686,5203686,"HUMAN_OBSERVATION","iNaturalist","Observations","200646919",NA,"jcowdog",2024-02-27 19:40:24,"CC_BY_NC_4_0","jcowdog","jcowdog",NA,NA,2025-06-07 00:39:21.398,"StillImage","COORDINATE_ROUNDED;CONTINENT_DERIVED_FROM_COORDINATES;TAXON_MATCH_TAXON_ID_IGNORED"
4528122441,"50c9509d-22c7-4a22-a47d-8c48425ef4a7","https://www.inaturalist.org/observations/200646871","Animalia","Chordata",NA,"Cyprinodontiformes","Fundulidae","Fundulus","Fundulus grandis",NA,"SPECIES","Fundulus grandis Baird & Girard, 1853","Fundulus grandis","","US","","Texas","PRESENT",NA,"28eb1a3f-1c15-4a95-931a-4af90ecb574d",29.313912,-94.82125,3,NA,NA,NA,NA,NA,"2024-02-27T13:04:43",27,2,2024,5203686,5203686,"HUMAN_OBSERVATION","iNaturalist","Observations","200646871",NA,"jcowdog",2024-02-27 19:40:08,"CC_BY_NC_4_0","jcowdog","jcowdog",NA,NA,2025-06-07 01:51:38.759,"StillImage","COORDINATE_ROUNDED;CONTINENT_DERIVED_FROM_COORDINATES;TAXON_MATCH_TAXON_ID_IGNORED"
4519343711,"50c9509d-22c7-4a22-a47d-8c48425ef4a7","https://www.inaturalist.org/observations/198602204","Animalia","Chordata",NA,"Cyprinodontiformes","Fundulidae","Fundulus","Fundulus grandis",NA,"SPECIES","Fundulus grandis Baird & Girard, 1853","Fundulus grandis","","US","","Alabama","PRESENT",NA,"28eb1a3f-1c15-4a95-931a-4af90ecb574d",30.250445,-88.201775,4,NA,NA,NA,NA,NA,"2024-02-06T14:53:05",6,2,2024,5203686,5203686,"HUMAN_OBSERVATION","iNaturalist","Observations","198602204",NA,"Ava",2024-02-06 22:29:28,"CC_BY_NC_4_0","Ava","Ava",NA,NA,2025-06-07 01:54:19.223,"StillImage","CONTINENT_DERIVED_FROM_COORDINATES;TAXON_MATCH_TAXON_ID_IGNORED"
4516283628,"50c9509d-22c7-4a22-a47d-8c48425ef4a7","https://www.inaturalist.org/observations/197464773","Animalia","Chordata",NA,"Cyprinodontiformes","Fundulidae","Fundulus","Fundulus grandis",NA,"SPECIES","Fundulus grandis Baird & Girard, 1853","Fundulus grandis","","US","","Florida","PRESENT",NA,"28eb1a3f-1c15-4a95-931a-4af90ecb574d",27.969512,-82.479416,27,NA,NA,NA,NA,NA,"2024-01-24T09:13:44",24,1,2024,5203686,5203686,"HUMAN_OBSERVATION","iNaturalist","Observations","197464773",NA,"Maxfield JonasKrueger",2024-01-24 16:56:52,"CC_BY_NC_4_0","kurtleverett","kurtleverett",NA,NA,2025-06-07 01:54:31.641,"StillImage","COORDINATE_ROUNDED;CONTINENT_DERIVED_FROM_COORDINATES;TAXON_MATCH_TAXON_ID_IGNORED"
4512370549,"50c9509d-22c7-4a22-a47d-8c48425ef4a7","https://www.inaturalist.org/observations/196730302","Animalia","Chordata",NA,"Cyprinodontiformes","Fundulidae","Fundulus","Fundulus grandis",NA,"SPECIES","Fundulus grandis Baird & Girard, 1853","Fundulus grandis","","US","","Texas","PRESENT",NA,"28eb1a3f-1c15-4a95-931a-4af90ecb574d",27.7556,-97.126739,4,NA,NA,NA,NA,NA,"2024-01-13T20:39:19",13,1,2024,5203686,5203686,"HUMAN_OBSERVATION","iNaturalist","Observations","196730302",NA,"Stephanie Tran",2024-01-15 04:22:18,"CC_BY_4_0","Stephanie Tran","Stephanie Tran",NA,NA,2025-06-07 00:33:07.748,"StillImage","COORDINATE_ROUNDED;CONTINENT_DERIVED_FROM_COORDINATES;TAXON_MATCH_TAXON_ID_IGNORED"
4512345079,"50c9509d-22c7-4a22-a47d-8c48425ef4a7","https://www.inaturalist.org/observations/196730043","Animalia","Chordata",NA,"Cyprinodontiformes","Fundulidae","Fundulus","Fundulus grandis",NA,"SPECIES","Fundulus grandis Baird & Girard, 1853","Fundulus grandis","","US","","Texas","PRESENT",NA,"28eb1a3f-1c15-4a95-931a-4af90ecb574d",27.755587,-97.126839,4,NA,NA,NA,NA,NA,"2024-01-13T20:34:21",13,1,2024,5203686,5203686,"HUMAN_OBSERVATION","iNaturalist","Observations","196730043",NA,"Stephanie Tran",2024-01-15 04:19:35,"CC_BY_4_0","Stephanie Tran","Stephanie Tran",NA,NA,2025-06-07 00:58:54.815,"StillImage","COORDINATE_ROUNDED;CONTINENT_DERIVED_FROM_COORDINATES;TAXON_MATCH_TAXON_ID_IGNORED"
4512195894,"50c9509d-22c7-4a22-a47d-8c48425ef4a7","https://www.inaturalist.org/observations/196367057","Animalia","Chordata",NA,"Cyprinodontiformes","Fundulidae","Fundulus","Fundulus grandis",NA,"SPECIES","Fundulus grandis Baird & Girard, 1853","Fundulus grandis","","US","","Florida","PRESENT",NA,"28eb1a3f-1c15-4a95-931a-4af90ecb574d",29.830855,-84.684631,61,NA,NA,NA,NA,NA,"2024-01-09T08:24",9,1,2024,5203686,5203686,"HUMAN_OBSERVATION","iNaturalist","Observations","196367057",NA,"Jared Gorrell",2024-01-11 18:44:27,"CC_BY_NC_4_0","Jared Gorrell","Jared Gorrell",NA,NA,2025-06-07 01:50:47.084,"StillImage","COORDINATE_ROUNDED;CONTINENT_DERIVED_FROM_COORDINATES;TAXON_MATCH_TAXON_ID_IGNORED"
4510076156,"50c9509d-22c7-4a22-a47d-8c48425ef4a7","https://www.inaturalist.org/observations/195791924","Animalia","Chordata",NA,"Cyprinodontiformes","Fundulidae","Fundulus","Fundulus grandis",NA,"SPECIES","Fundulus grandis Baird & Girard, 1853","Fundulus grandis","","US","","Florida","PRESENT",NA,"28eb1a3f-1c15-4a95-931a-4af90ecb574d",27.711755,-82.683792,4,NA,NA,NA,NA,NA,"2024-01-04T18:20:44",4,1,2024,5203686,5203686,"HUMAN_OBSERVATION","iNaturalist","Observations","195791924",NA,"Bichir",2024-01-04 23:54:37,"CC_BY_4_0","Nick Tobler (Cowturtle)","Nick Tobler (Cowturtle)",NA,NA,2025-06-07 00:45:19.201,"StillImage","COORDINATE_ROUNDED;CONTINENT_DERIVED_FROM_COORDINATES;TAXON_MATCH_TAXON_ID_IGNORED"
4510064672,"50c9509d-22c7-4a22-a47d-8c48425ef4a7","https://www.inaturalist.org/observations/195641966","Animalia","Chordata",NA,"Cyprinodontiformes","Fundulidae","Fundulus","Fundulus grandis",NA,"SPECIES","Fundulus grandis Baird & Girard, 1853","Fundulus grandis","","US","","Texas","PRESENT",NA,"28eb1a3f-1c15-4a95-931a-4af90ecb574d",26.095382,-97.168117,7,NA,NA,NA,NA,NA,"2024-01-01T02:41:40",1,1,2024,5203686,5203686,"HUMAN_OBSERVATION","iNaturalist","Observations","195641966",NA,"Adrian Torres B.",2024-01-03 07:01:51,"CC_BY_4_0","Adrian Torres B.","Adrian Torres B.",NA,NA,2025-06-07 01:33:51.514,"StillImage","COORDINATE_ROUNDED;CONTINENT_DERIVED_FROM_COORDINATES;TAXON_MATCH_TAXON_ID_IGNORED"
4507938818,"50c9509d-22c7-4a22-a47d-8c48425ef4a7","https://www.inaturalist.org/observations/195383553","Animalia","Chordata",NA,"Cyprinodontiformes","Fundulidae","Fundulus","Fundulus grandis",NA,"SPECIES","Fundulus grandis Baird & Girard, 1853","Fundulus grandis","","US","","Texas","PRESENT",NA,"28eb1a3f-1c15-4a95-931a-4af90ecb574d",27.893795,-97.1231,4,NA,NA,NA,NA,NA,"2023-11-30T11:36:31",30,11,2023,5203686,5203686,"HUMAN_OBSERVATION","iNaturalist","Observations","195383553",NA,"Eric Gren",2023-12-31 17:25:10,"CC_BY_NC_4_0","Eric Gren","Eric Gren",NA,NA,2025-06-07 01:06:49.578,"StillImage","CONTINENT_DERIVED_FROM_COORDINATES;TAXON_MATCH_TAXON_ID_IGNORED"
4507904594,"50c9509d-22c7-4a22-a47d-8c48425ef4a7","https://www.inaturalist.org/observations/195298233","Animalia","Chordata",NA,"Cyprinodontiformes","Fundulidae","Fundulus","Fundulus grandis",NA,"SPECIES","Fundulus grandis Baird & Girard, 1853","Fundulus grandis","","US","","Texas","PRESENT",NA,"28eb1a3f-1c15-4a95-931a-4af90ecb574d",28.21609,-96.987811,23,NA,NA,NA,NA,NA,"2023-12-29T08:24:41",29,12,2023,5203686,5203686,"HUMAN_OBSERVATION","iNaturalist","Observations","195298233",NA,"Jon McIntyre",2023-12-30 20:36:56,"CC_BY_NC_4_0","Jon McIntyre","Jon McIntyre",NA,NA,2025-06-07 01:29:01.42,"StillImage","COORDINATE_ROUNDED;CONTINENT_DERIVED_FROM_COORDINATES;TAXON_MATCH_TAXON_ID_IGNORED"
4507734590,"50c9509d-22c7-4a22-a47d-8c48425ef4a7","https://www.inaturalist.org/observations/195301278","Animalia","Chordata",NA,"Cyprinodontiformes","Fundulidae","Fundulus","Fundulus grandis",NA,"SPECIES","Fundulus grandis Baird & Girard, 1853","Fundulus grandis","","US","","Texas","PRESENT",NA,"28eb1a3f-1c15-4a95-931a-4af90ecb574d",28.004058,-97.062092,23,NA,NA,NA,NA,NA,"2023-12-29T16:36",29,12,2023,5203686,5203686,"HUMAN_OBSERVATION","iNaturalist","Observations","195301278",NA,"Jon McIntyre",2023-12-30 21:04:38,"CC_BY_NC_4_0","Jon McIntyre","Jon McIntyre",NA,NA,2025-06-07 01:04:00.197,"StillImage","COORDINATE_ROUNDED;CONTINENT_DERIVED_FROM_COORDINATES;TAXON_MATCH_TAXON_ID_IGNORED"
4506408530,"50c9509d-22c7-4a22-a47d-8c48425ef4a7","https://www.inaturalist.org/observations/98058511","Animalia","Chordata",NA,"Cyprinodontiformes","Fundulidae","Fundulus","Fundulus grandis",NA,"SPECIES","Fundulus grandis Baird & Girard, 1853","Fundulus grandis","","US","","Florida","PRESENT",NA,"28eb1a3f-1c15-4a95-931a-4af90ecb574d",28.026405,-82.658819,NA,NA,NA,NA,NA,NA,"2021-10-12T18:25",12,10,2021,5203686,5203686,"HUMAN_OBSERVATION","iNaturalist","Observations","98058511",NA,"Bill Hubick",2021-10-12 23:51:20,"CC_BY_NC_4_0","Bill Hubick","Bill Hubick",NA,NA,2025-06-07 00:38:26.017,"","COORDINATE_ROUNDED;CONTINENT_DERIVED_FROM_COORDINATES;TAXON_MATCH_TAXON_ID_IGNORED"
4506209529,"50c9509d-22c7-4a22-a47d-8c48425ef4a7","https://www.inaturalist.org/observations/98151992","Animalia","Chordata",NA,"Cyprinodontiformes","Fundulidae","Fundulus","Fundulus grandis",NA,"SPECIES","Fundulus grandis Baird & Girard, 1853","Fundulus grandis","","US","","Florida","PRESENT",NA,"28eb1a3f-1c15-4a95-931a-4af90ecb574d",28.027924,-82.661354,NA,NA,NA,NA,NA,NA,"2021-10-13T19:11:55",13,10,2021,5203686,5203686,"HUMAN_OBSERVATION","iNaturalist","Observations","98151992",NA,"Bill Hubick",2021-10-13 23:48:49,"CC_BY_NC_4_0","Bill Hubick","Bill Hubick",NA,NA,2025-06-07 00:48:14.256,"","COORDINATE_ROUNDED;CONTINENT_DERIVED_FROM_COORDINATES;TAXON_MATCH_TAXON_ID_IGNORED"
4506199546,"50c9509d-22c7-4a22-a47d-8c48425ef4a7","https://www.inaturalist.org/observations/98053143","Animalia","Chordata",NA,"Cyprinodontiformes","Fundulidae","Fundulus","Fundulus grandis",NA,"SPECIES","Fundulus grandis Baird & Girard, 1853","Fundulus grandis","","US","","Florida","PRESENT",NA,"28eb1a3f-1c15-4a95-931a-4af90ecb574d",28.026413,-82.65881,3,NA,NA,NA,NA,NA,"2021-10-12T18:15:19",12,10,2021,5203686,5203686,"HUMAN_OBSERVATION","iNaturalist","Observations","98053143",NA,"Bill Hubick",2021-10-12 22:43:12,"CC_BY_NC_4_0","Bill Hubick","Bill Hubick",NA,NA,2025-06-07 02:47:37.406,"","COORDINATE_ROUNDED;CONTINENT_DERIVED_FROM_COORDINATES;TAXON_MATCH_TAXON_ID_IGNORED"
4458574013,"50c9509d-22c7-4a22-a47d-8c48425ef4a7","https://www.inaturalist.org/observations/174025970","Animalia","Chordata",NA,"Cyprinodontiformes","Fundulidae","Fundulus","Fundulus grandis",NA,"SPECIES","Fundulus grandis Baird & Girard, 1853","Fundulus grandis","","US","","Florida","PRESENT",NA,"28eb1a3f-1c15-4a95-931a-4af90ecb574d",28.006085,-82.466464,22,NA,NA,NA,NA,NA,"2023-07-20T20:27:08",20,7,2023,5203686,5203686,"HUMAN_OBSERVATION","iNaturalist","Observations","174025970",NA,"Maxfield JonasKrueger",2023-07-21 16:54:28,"CC_BY_NC_4_0","mjl_mjl","mjl_mjl",NA,NA,2025-06-07 00:47:18.343,"StillImage","COORDINATE_ROUNDED;CONTINENT_DERIVED_FROM_COORDINATES;TAXON_MATCH_TAXON_ID_IGNORED"
4458533609,"50c9509d-22c7-4a22-a47d-8c48425ef4a7","https://www.inaturalist.org/observations/111054348","Animalia","Chordata",NA,"Cyprinodontiformes","Fundulidae","Fundulus","Fundulus grandis",NA,"SPECIES","Fundulus grandis Baird & Girard, 1853","Fundulus grandis","","US","","Florida","PRESENT",NA,"28eb1a3f-1c15-4a95-931a-4af90ecb574d",27.645205,-82.741813,NA,NA,NA,NA,NA,NA,"2022-04-10T14:02",10,4,2022,5203686,5203686,"HUMAN_OBSERVATION","iNaturalist","Observations","111054348",NA,"fredturt43",2022-06-13 22:41:13,"CC_BY_4_0","Steve Collins","Steve Collins",NA,NA,2025-06-07 00:46:15.208,"","COORDINATE_ROUNDED;CONTINENT_DERIVED_FROM_COORDINATES;TAXON_MATCH_TAXON_ID_IGNORED"
4421040355,"50c9509d-22c7-4a22-a47d-8c48425ef4a7","https://www.inaturalist.org/observations/75973430","Animalia","Chordata",NA,"Cyprinodontiformes","Fundulidae","Fundulus","Fundulus grandis",NA,"SPECIES","Fundulus grandis Baird & Girard, 1853","Fundulus grandis","","US","","Florida","PRESENT",NA,"28eb1a3f-1c15-4a95-931a-4af90ecb574d",25.95056,-81.748806,61,NA,NA,NA,NA,NA,"2021-04-22T07:44",22,4,2021,5203686,5203686,"HUMAN_OBSERVATION","iNaturalist","Observations","75973430",NA,"Nick Tepper",2021-04-30 23:44:48,"CC_BY_NC_4_0","Nick Tepper","Nick Tepper",NA,NA,2025-06-06 23:56:13.174,"StillImage","COORDINATE_ROUNDED;CONTINENT_DERIVED_FROM_COORDINATES;TAXON_MATCH_TAXON_ID_IGNORED"
4417021788,"50c9509d-22c7-4a22-a47d-8c48425ef4a7","https://www.inaturalist.org/observations/184600008","Animalia","Chordata",NA,"Cyprinodontiformes","Fundulidae","Fundulus","Fundulus grandis",NA,"SPECIES","Fundulus grandis Baird & Girard, 1853","Fundulus grandis","","US","","Florida","PRESENT",NA,"28eb1a3f-1c15-4a95-931a-4af90ecb574d",27.80218,-82.774637,NA,NA,NA,NA,NA,NA,"2023-09-21T18:44",21,9,2023,5203686,5203686,"HUMAN_OBSERVATION","iNaturalist","Observations","184600008",NA,"Squidpastry",2023-09-23 22:02:15,"CC_BY_NC_4_0","Squidpastry","Squidpastry",NA,NA,2025-06-07 01:56:36.2,"StillImage","COORDINATE_ROUNDED;CONTINENT_DERIVED_FROM_COORDINATES;TAXON_MATCH_TAXON_ID_IGNORED"
4417012529,"50c9509d-22c7-4a22-a47d-8c48425ef4a7","https://www.inaturalist.org/observations/184600001","Animalia","Chordata",NA,"Cyprinodontiformes","Fundulidae","Fundulus","Fundulus grandis",NA,"SPECIES","Fundulus grandis Baird & Girard, 1853","Fundulus grandis","","US","","Florida","PRESENT",NA,"28eb1a3f-1c15-4a95-931a-4af90ecb574d",27.801948,-82.775005,NA,NA,NA,NA,NA,NA,"2023-09-21T18:43",21,9,2023,5203686,5203686,"HUMAN_OBSERVATION","iNaturalist","Observations","184600001",NA,"Squidpastry",2023-09-23 22:02:14,"CC_BY_NC_4_0","Squidpastry","Squidpastry",NA,NA,2025-06-07 01:43:41.131,"StillImage","COORDINATE_ROUNDED;CONTINENT_DERIVED_FROM_COORDINATES;TAXON_MATCH_TAXON_ID_IGNORED"
4413881952,"50c9509d-22c7-4a22-a47d-8c48425ef4a7","https://www.inaturalist.org/observations/182275775","Animalia","Chordata",NA,"Cyprinodontiformes","Fundulidae","Fundulus","Fundulus grandis",NA,"SPECIES","Fundulus grandis Baird & Girard, 1853","Fundulus grandis","","US","","Florida","PRESENT",NA,"28eb1a3f-1c15-4a95-931a-4af90ecb574d",27.801808,-82.773998,NA,NA,NA,NA,NA,NA,"2023-09-07T17:36",7,9,2023,5203686,5203686,"HUMAN_OBSERVATION","iNaturalist","Observations","182275775",NA,"Squidpastry",2023-09-08 03:09:52,"CC_BY_NC_4_0","Squidpastry","Squidpastry",NA,NA,2025-06-07 00:49:27.43,"StillImage","COORDINATE_ROUNDED;CONTINENT_DERIVED_FROM_COORDINATES;TAXON_MATCH_TAXON_ID_IGNORED"
4413854848,"50c9509d-22c7-4a22-a47d-8c48425ef4a7","https://www.inaturalist.org/observations/182275776","Animalia","Chordata",NA,"Cyprinodontiformes","Fundulidae","Fundulus","Fundulus grandis",NA,"SPECIES","Fundulus grandis Baird & Girard, 1853","Fundulus grandis","","US","","Florida","PRESENT",NA,"28eb1a3f-1c15-4a95-931a-4af90ecb574d",27.801738,-82.774005,NA,NA,NA,NA,NA,NA,"2023-09-07T17:37",7,9,2023,5203686,5203686,"HUMAN_OBSERVATION","iNaturalist","Observations","182275776",NA,"Squidpastry",2023-09-08 03:09:52,"CC_BY_NC_4_0","Squidpastry","Squidpastry",NA,NA,2025-06-07 00:49:21.403,"StillImage","COORDINATE_ROUNDED;CONTINENT_DERIVED_FROM_COORDINATES;TAXON_MATCH_TAXON_ID_IGNORED"
4413778957,"50c9509d-22c7-4a22-a47d-8c48425ef4a7","https://www.inaturalist.org/observations/182275818","Animalia","Chordata",NA,"Cyprinodontiformes","Fundulidae","Fundulus","Fundulus grandis",NA,"SPECIES","Fundulus grandis Baird & Girard, 1853","Fundulus grandis","","US","","Florida","PRESENT",NA,"28eb1a3f-1c15-4a95-931a-4af90ecb574d",27.801648,-82.774092,NA,NA,NA,NA,NA,NA,"2023-09-07T19:34",7,9,2023,5203686,5203686,"HUMAN_OBSERVATION","iNaturalist","Observations","182275818",NA,"Squidpastry",2023-09-08 03:10:04,"CC_BY_NC_4_0","Squidpastry","Squidpastry",NA,NA,2025-06-07 02:00:26.61,"StillImage","COORDINATE_ROUNDED;CONTINENT_DERIVED_FROM_COORDINATES;TAXON_MATCH_TAXON_ID_IGNORED"
4413576227,"50c9509d-22c7-4a22-a47d-8c48425ef4a7","https://www.inaturalist.org/observations/182275749","Animalia","Chordata",NA,"Cyprinodontiformes","Fundulidae","Fundulus","Fundulus grandis",NA,"SPECIES","Fundulus grandis Baird & Girard, 1853","Fundulus grandis","","US","","Florida","PRESENT",NA,"28eb1a3f-1c15-4a95-931a-4af90ecb574d",27.801753,-82.774234,69,NA,NA,NA,NA,NA,"2023-09-07T17:57",7,9,2023,5203686,5203686,"HUMAN_OBSERVATION","iNaturalist","Observations","182275749",NA,"Squidpastry",2023-09-08 03:09:44,"CC_BY_NC_4_0","Squidpastry","Squidpastry",NA,NA,2025-06-07 02:52:22.081,"StillImage","COORDINATE_ROUNDED;CONTINENT_DERIVED_FROM_COORDINATES;TAXON_MATCH_TAXON_ID_IGNORED"
4407411989,"50c9509d-22c7-4a22-a47d-8c48425ef4a7","https://www.inaturalist.org/observations/181443830","Animalia","Chordata",NA,"Cyprinodontiformes","Fundulidae","Fundulus","Fundulus grandis",NA,"SPECIES","Fundulus grandis Baird & Girard, 1853","Fundulus grandis","","US","","Texas","PRESENT",NA,"28eb1a3f-1c15-4a95-931a-4af90ecb574d",26.22897,-97.347313,209,NA,NA,NA,NA,NA,"2022-05-28",28,5,2022,5203686,5203686,"HUMAN_OBSERVATION","iNaturalist","Observations","181443830",NA,"Chris Bentley",2023-09-02 20:23:14,"CC_BY_NC_4_0","Chris Bentley","Chris Bentley",NA,NA,2025-06-07 00:10:41.703,"StillImage","COORDINATE_ROUNDED;CONTINENT_DERIVED_FROM_COORDINATES;TAXON_MATCH_TAXON_ID_IGNORED"
4400333409,"50c9509d-22c7-4a22-a47d-8c48425ef4a7","https://www.inaturalist.org/observations/179463684","Animalia","Chordata",NA,"Cyprinodontiformes","Fundulidae","Fundulus","Fundulus grandis",NA,"SPECIES","Fundulus grandis Baird & Girard, 1853","Fundulus grandis","","US","","Florida","PRESENT",NA,"28eb1a3f-1c15-4a95-931a-4af90ecb574d",26.381245,-81.866792,4,NA,NA,NA,NA,NA,"2023-08-19T11:18:33",19,8,2023,5203686,5203686,"HUMAN_OBSERVATION","iNaturalist","Observations","179463684",NA,"Liszak Kristály",2023-08-21 02:25:42,"CC_BY_NC_4_0","Liszak Kristály","Liszak Kristály",NA,NA,2025-06-07 00:11:01.5,"StillImage","COORDINATE_ROUNDED;CONTINENT_DERIVED_FROM_COORDINATES;TAXON_MATCH_TAXON_ID_IGNORED"
4399991732,"50c9509d-22c7-4a22-a47d-8c48425ef4a7","https://www.inaturalist.org/observations/179283706","Animalia","Chordata",NA,"Cyprinodontiformes","Fundulidae","Fundulus","Fundulus grandis",NA,"SPECIES","Fundulus grandis Baird & Girard, 1853","Fundulus grandis","","US","","Florida","PRESENT",NA,"28eb1a3f-1c15-4a95-931a-4af90ecb574d",26.381167,-81.866839,22,NA,NA,NA,NA,NA,"2023-08-19T11:45:29",19,8,2023,5203686,5203686,"HUMAN_OBSERVATION","iNaturalist","Observations","179283706",NA,"Liszak Kristály",2023-08-20 04:33:06,"CC_BY_NC_4_0","Liszak Kristály","Liszak Kristály",NA,NA,2025-06-06 23:59:02.004,"StillImage","COORDINATE_ROUNDED;CONTINENT_DERIVED_FROM_COORDINATES;TAXON_MATCH_TAXON_ID_IGNORED"
4399876525,"50c9509d-22c7-4a22-a47d-8c48425ef4a7","https://www.inaturalist.org/observations/179463799","Animalia","Chordata",NA,"Cyprinodontiformes","Fundulidae","Fundulus","Fundulus grandis",NA,"SPECIES","Fundulus grandis Baird & Girard, 1853","Fundulus grandis","","US","","Florida","PRESENT",NA,"28eb1a3f-1c15-4a95-931a-4af90ecb574d",26.381262,-81.866805,4,NA,NA,NA,NA,NA,"2023-08-19T11:15:51",19,8,2023,5203686,5203686,"HUMAN_OBSERVATION","iNaturalist","Observations","179463799",NA,"Liszak Kristály",2023-08-21 02:26:05,"CC_BY_NC_4_0","Liszak Kristály","Liszak Kristály",NA,NA,2025-06-07 00:05:48.268,"StillImage","COORDINATE_ROUNDED;CONTINENT_DERIVED_FROM_COORDINATES;TAXON_MATCH_TAXON_ID_IGNORED"
4177278858,"50c9509d-22c7-4a22-a47d-8c48425ef4a7","https://www.inaturalist.org/observations/177706508","Animalia","Chordata",NA,"Cyprinodontiformes","Fundulidae","Fundulus","Fundulus grandis",NA,"SPECIES","Fundulus grandis Baird & Girard, 1853","Fundulus grandis","","US","","Texas","PRESENT",NA,"28eb1a3f-1c15-4a95-931a-4af90ecb574d",29.334187,-94.750122,5,NA,NA,NA,NA,NA,"2023-08-10T11:58:57",10,8,2023,5203686,5203686,"HUMAN_OBSERVATION","iNaturalist","Observations","177706508",NA,"nindustla",2023-08-10 18:39:23,"CC_BY_NC_4_0","nindustla","nindustla",NA,NA,2025-06-07 02:12:27.566,"StillImage","COORDINATE_ROUNDED;CONTINENT_DERIVED_FROM_COORDINATES;TAXON_MATCH_TAXON_ID_IGNORED"
4172191822,"50c9509d-22c7-4a22-a47d-8c48425ef4a7","https://www.inaturalist.org/observations/176368143","Animalia","Chordata",NA,"Cyprinodontiformes","Fundulidae","Fundulus","Fundulus grandis",NA,"SPECIES","Fundulus grandis Baird & Girard, 1853","Fundulus grandis","","US","","Texas","PRESENT",NA,"28eb1a3f-1c15-4a95-931a-4af90ecb574d",29.137711,-95.0496,4,NA,NA,NA,NA,NA,"2023-08-02T18:25:05",2,8,2023,5203686,5203686,"HUMAN_OBSERVATION","iNaturalist","Observations","176368143",NA,"williampaulwhite17",2023-08-03 01:32:01,"CC_BY_NC_4_0","williampaulwhite17","williampaulwhite17",NA,NA,2025-06-07 01:11:32.882,"StillImage","COORDINATE_ROUNDED;CONTINENT_DERIVED_FROM_COORDINATES;TAXON_MATCH_TAXON_ID_IGNORED"
4171815969,"50c9509d-22c7-4a22-a47d-8c48425ef4a7","https://www.inaturalist.org/observations/176628510","Animalia","Chordata",NA,"Cyprinodontiformes","Fundulidae","Fundulus","Fundulus grandis",NA,"SPECIES","Fundulus grandis Baird & Girard, 1853","Fundulus grandis","","US","","Texas","PRESENT",NA,"28eb1a3f-1c15-4a95-931a-4af90ecb574d",26.137589,-97.174422,84,NA,NA,NA,NA,NA,"2023-08-04T10:27:38",4,8,2023,5203686,5203686,"HUMAN_OBSERVATION","iNaturalist","Observations","176628510",NA,"Javi Gonzalez",2023-08-04 17:19:29,"CC_BY_NC_4_0","Javi Gonzalez","Javi Gonzalez",NA,NA,2025-06-07 01:03:25.546,"StillImage","COORDINATE_ROUNDED;CONTINENT_DERIVED_FROM_COORDINATES;TAXON_MATCH_TAXON_ID_IGNORED"
4171472267,"50c9509d-22c7-4a22-a47d-8c48425ef4a7","https://www.inaturalist.org/observations/176190120","Animalia","Chordata",NA,"Cyprinodontiformes","Fundulidae","Fundulus","Fundulus grandis",NA,"SPECIES","Fundulus grandis Baird & Girard, 1853","Fundulus grandis","","US","","Florida","PRESENT",NA,"28eb1a3f-1c15-4a95-931a-4af90ecb574d",30.327733,-86.16265,7,NA,NA,NA,NA,NA,"2023-07-31T19:24:26",31,7,2023,5203686,5203686,"HUMAN_OBSERVATION","iNaturalist","Observations","176190120",NA,"Ava",2023-08-01 23:04:34,"CC_BY_NC_4_0","Ava","Ava",NA,NA,2025-06-07 01:42:16.423,"StillImage","COORDINATE_ROUNDED;CONTINENT_DERIVED_FROM_COORDINATES;TAXON_MATCH_TAXON_ID_IGNORED"
4171381070,"50c9509d-22c7-4a22-a47d-8c48425ef4a7","https://www.inaturalist.org/observations/176173409","Animalia","Chordata",NA,"Cyprinodontiformes","Fundulidae","Fundulus","Fundulus grandis",NA,"SPECIES","Fundulus grandis Baird & Girard, 1853","Fundulus grandis","","US","","Texas","PRESENT",NA,"28eb1a3f-1c15-4a95-931a-4af90ecb574d",29.137747,-95.049614,12,NA,NA,NA,NA,NA,"2023-08-01T15:53:03",1,8,2023,5203686,5203686,"HUMAN_OBSERVATION","iNaturalist","Observations","176173409",NA,"Maxfield JonasKrueger",2023-08-01 21:06:28,"CC_BY_NC_4_0","williampaulwhite17","williampaulwhite17",NA,NA,2025-06-06 23:58:11.446,"StillImage","COORDINATE_ROUNDED;CONTINENT_DERIVED_FROM_COORDINATES;TAXON_MATCH_TAXON_ID_IGNORED"
4165492078,"50c9509d-22c7-4a22-a47d-8c48425ef4a7","https://www.inaturalist.org/observations/173863517","Animalia","Chordata",NA,"Cyprinodontiformes","Fundulidae","Fundulus","Fundulus grandis",NA,"SPECIES","Fundulus grandis Baird & Girard, 1853","Fundulus grandis","","US","","Texas","PRESENT",NA,"28eb1a3f-1c15-4a95-931a-4af90ecb574d",27.468048,-97.312182,58,NA,NA,NA,NA,NA,"2023-07-17T14:12",17,7,2023,5203686,5203686,"HUMAN_OBSERVATION","iNaturalist","Observations","173863517",NA,"Jon McIntyre",2023-07-20 00:42:07,"CC_BY_NC_4_0","Jon McIntyre","Jon McIntyre",NA,NA,2025-06-07 00:47:32.961,"StillImage","CONTINENT_DERIVED_FROM_COORDINATES;TAXON_MATCH_TAXON_ID_IGNORED"
4162466606,"50c9509d-22c7-4a22-a47d-8c48425ef4a7","https://www.inaturalist.org/observations/173148021","Animalia","Chordata",NA,"Cyprinodontiformes","Fundulidae","Fundulus","Fundulus grandis",NA,"SPECIES","Fundulus grandis Baird & Girard, 1853","Fundulus grandis","","US","","Florida","PRESENT",NA,"28eb1a3f-1c15-4a95-931a-4af90ecb574d",29.214188,-83.050225,4,NA,NA,NA,NA,NA,"2023-07-15T20:18:57",15,7,2023,5203686,5203686,"HUMAN_OBSERVATION","iNaturalist","Observations","173148021",NA,"lord walky",2023-07-16 04:08:33,"CC_BY_NC_4_0","lord walky","lord walky",NA,NA,2025-06-07 00:24:45.669,"StillImage","COORDINATE_ROUNDED;CONTINENT_DERIVED_FROM_COORDINATES;TAXON_MATCH_TAXON_ID_IGNORED"
4162270266,"50c9509d-22c7-4a22-a47d-8c48425ef4a7","https://www.inaturalist.org/observations/172623629","Animalia","Chordata",NA,"Cyprinodontiformes","Fundulidae","Fundulus","Fundulus grandis",NA,"SPECIES","Fundulus grandis Baird & Girard, 1853","Fundulus grandis","","US","","Florida","PRESENT",NA,"28eb1a3f-1c15-4a95-931a-4af90ecb574d",27.801941,-82.77425,121,NA,NA,NA,NA,NA,"2023-07-12T18:40",12,7,2023,5203686,5203686,"HUMAN_OBSERVATION","iNaturalist","Observations","172623629",NA,"Squidpastry",2023-07-13 04:09:47,"CC_BY_NC_4_0","Squidpastry","Squidpastry",NA,NA,2025-06-07 00:41:08.12,"StillImage","COORDINATE_ROUNDED;CONTINENT_DERIVED_FROM_COORDINATES;TAXON_MATCH_TAXON_ID_IGNORED"
4162009691,"50c9509d-22c7-4a22-a47d-8c48425ef4a7","https://www.inaturalist.org/observations/172616596","Animalia","Chordata",NA,"Cyprinodontiformes","Fundulidae","Fundulus","Fundulus grandis",NA,"SPECIES","Fundulus grandis Baird & Girard, 1853","Fundulus grandis","","US","","Texas","PRESENT",NA,"28eb1a3f-1c15-4a95-931a-4af90ecb574d",27.827597,-97.079415,2,NA,NA,NA,NA,NA,"2023-07-11T12:46",11,7,2023,5203686,5203686,"HUMAN_OBSERVATION","iNaturalist","Observations","172616596",NA,"Jon McIntyre",2023-07-13 03:11:40,"CC_BY_NC_4_0","Jon McIntyre","Jon McIntyre",NA,NA,2025-06-07 01:50:31.307,"StillImage","COORDINATE_ROUNDED;CONTINENT_DERIVED_FROM_COORDINATES;TAXON_MATCH_TAXON_ID_IGNORED"
4153879390,"50c9509d-22c7-4a22-a47d-8c48425ef4a7","https://www.inaturalist.org/observations/171332941","Animalia","Chordata",NA,"Cyprinodontiformes","Fundulidae","Fundulus","Fundulus grandis",NA,"SPECIES","Fundulus grandis Baird & Girard, 1853","Fundulus grandis","","US","","Florida","PRESENT",NA,"28eb1a3f-1c15-4a95-931a-4af90ecb574d",30.351376,-86.247281,NA,NA,NA,NA,NA,NA,"2023-07-05T22:58:42",5,7,2023,5203686,5203686,"HUMAN_OBSERVATION","iNaturalist","Observations","171332941",NA,"Casas",2023-07-06 05:21:07,"CC_BY_NC_4_0","Casas","Casas",NA,NA,2025-06-07 01:38:50.898,"StillImage","COORDINATE_ROUNDED;CONTINENT_DERIVED_FROM_COORDINATES;TAXON_MATCH_TAXON_ID_IGNORED"
4138486064,"50c9509d-22c7-4a22-a47d-8c48425ef4a7","https://www.inaturalist.org/observations/167901620","Animalia","Chordata",NA,"Cyprinodontiformes","Fundulidae","Fundulus","Fundulus grandis",NA,"SPECIES","Fundulus grandis Baird & Girard, 1853","Fundulus grandis","","US","","Texas","PRESENT",NA,"28eb1a3f-1c15-4a95-931a-4af90ecb574d",27.466922,-97.859628,333,NA,NA,NA,NA,NA,"2023-06-17T10:07:40",17,6,2023,5203686,5203686,"HUMAN_OBSERVATION","iNaturalist","Observations","167901620",NA,"ariannamontes",2023-06-17 16:13:15,"CC_BY_NC_4_0","ariannamontes","ariannamontes",NA,NA,2025-06-07 00:58:23.339,"StillImage","COORDINATE_ROUNDED;CONTINENT_DERIVED_FROM_COORDINATES;TAXON_MATCH_TAXON_ID_IGNORED"
4137726830,"50c9509d-22c7-4a22-a47d-8c48425ef4a7","https://www.inaturalist.org/observations/168071857","Animalia","Chordata",NA,"Cyprinodontiformes","Fundulidae","Fundulus","Fundulus grandis",NA,"SPECIES","Fundulus grandis Baird & Girard, 1853","Fundulus grandis","","US","","Florida","PRESENT",NA,"28eb1a3f-1c15-4a95-931a-4af90ecb574d",27.453251,-82.688506,4,NA,NA,NA,NA,NA,"2023-06-17T14:02",17,6,2023,5203686,5203686,"HUMAN_OBSERVATION","iNaturalist","Observations","168071857",NA,"Jessica Rae",2023-06-18 22:14:07,"CC_BY_NC_4_0","Jessica Rae","Jessica Rae",NA,NA,2025-06-06 23:58:28.917,"StillImage","COORDINATE_ROUNDED;CONTINENT_DERIVED_FROM_COORDINATES;TAXON_MATCH_TAXON_ID_IGNORED"
4133600684,"50c9509d-22c7-4a22-a47d-8c48425ef4a7","https://www.inaturalist.org/observations/164435529","Animalia","Chordata",NA,"Cyprinodontiformes","Fundulidae","Fundulus","Fundulus grandis",NA,"SPECIES","Fundulus grandis Baird & Girard, 1853","Fundulus grandis","","US","","Florida","PRESENT",NA,"28eb1a3f-1c15-4a95-931a-4af90ecb574d",28.005782,-82.466471,22,NA,NA,NA,NA,NA,"2023-05-29T11:23:16",29,5,2023,5203686,5203686,"HUMAN_OBSERVATION","iNaturalist","Observations","164435529",NA,"Maxfield JonasKrueger",2023-05-29 15:50:28,"CC_BY_NC_4_0","mjl_mjl","mjl_mjl",NA,NA,2025-06-07 00:48:16.95,"StillImage","COORDINATE_ROUNDED;CONTINENT_DERIVED_FROM_COORDINATES;TAXON_MATCH_TAXON_ID_IGNORED"
4129896873,"50c9509d-22c7-4a22-a47d-8c48425ef4a7","https://www.inaturalist.org/observations/164733244","Animalia","Chordata",NA,"Cyprinodontiformes","Fundulidae","Fundulus","Fundulus grandis",NA,"SPECIES","Fundulus grandis Baird & Girard, 1853","Fundulus grandis","","US","","Texas","PRESENT",NA,"28eb1a3f-1c15-4a95-931a-4af90ecb574d",28.076771,-97.223114,20,NA,NA,NA,NA,NA,"2023-05-30T20:22",30,5,2023,5203686,5203686,"HUMAN_OBSERVATION","iNaturalist","Observations","164733244",NA,"Michael Scherer",2023-05-31 01:25:24,"CC_BY_NC_4_0","Michael Scherer","Michael Scherer",NA,NA,2025-06-07 01:12:52.028,"StillImage","COORDINATE_ROUNDED;CONTINENT_DERIVED_FROM_COORDINATES;TAXON_MATCH_TAXON_ID_IGNORED"
4127206411,"50c9509d-22c7-4a22-a47d-8c48425ef4a7","https://www.inaturalist.org/observations/163884530","Animalia","Chordata",NA,"Cyprinodontiformes","Fundulidae","Fundulus","Fundulus grandis",NA,"SPECIES","Fundulus grandis Baird & Girard, 1853","Fundulus grandis","","US","","Texas","PRESENT",NA,"28eb1a3f-1c15-4a95-931a-4af90ecb574d",27.53428,-99.439125,47,NA,NA,NA,NA,NA,"2023-05-26T12:47:01",26,5,2023,5203686,5203686,"HUMAN_OBSERVATION","iNaturalist","Observations","163884530",NA,"fish_dealer",2023-05-26 21:44:33,"CC_BY_NC_4_0","fish_dealer","fish_dealer",NA,NA,2025-06-07 00:08:19.236,"StillImage","CONTINENT_DERIVED_FROM_COORDINATES;TAXON_MATCH_TAXON_ID_IGNORED"
4127097089,"50c9509d-22c7-4a22-a47d-8c48425ef4a7","https://www.inaturalist.org/observations/163879599","Animalia","Chordata",NA,"Cyprinodontiformes","Fundulidae","Fundulus","Fundulus grandis",NA,"SPECIES","Fundulus grandis Baird & Girard, 1853","Fundulus grandis","","US","","Florida","PRESENT",NA,"28eb1a3f-1c15-4a95-931a-4af90ecb574d",27.496487,-82.668801,3,NA,NA,NA,NA,NA,"2023-05-26T11:37",26,5,2023,5203686,5203686,"HUMAN_OBSERVATION","iNaturalist","Observations","163879599",NA,"sisor",2023-05-26 21:12:30,"CC_BY_NC_4_0","sisor","sisor",NA,NA,2025-06-07 02:50:16.971,"StillImage","COORDINATE_ROUNDED;CONTINENT_DERIVED_FROM_COORDINATES;TAXON_MATCH_TAXON_ID_IGNORED"
4121365957,"50c9509d-22c7-4a22-a47d-8c48425ef4a7","https://www.inaturalist.org/observations/163035006","Animalia","Chordata",NA,"Cyprinodontiformes","Fundulidae","Fundulus","Fundulus grandis",NA,"SPECIES","Fundulus grandis Baird & Girard, 1853","Fundulus grandis","","US","","Texas","PRESENT",NA,"28eb1a3f-1c15-4a95-931a-4af90ecb574d",29.33428,-94.75,5,NA,NA,NA,NA,NA,"2023-05-13T17:56:30",13,5,2023,5203686,5203686,"HUMAN_OBSERVATION","iNaturalist","Observations","163035006",NA,"nindustla",2023-05-22 01:02:49,"CC_BY_NC_4_0","nindustla","nindustla",NA,NA,2025-06-07 01:11:51.537,"StillImage","CONTINENT_DERIVED_FROM_COORDINATES;TAXON_MATCH_TAXON_ID_IGNORED"
4121283267,"50c9509d-22c7-4a22-a47d-8c48425ef4a7","https://www.inaturalist.org/observations/163034962","Animalia","Chordata",NA,"Cyprinodontiformes","Fundulidae","Fundulus","Fundulus grandis",NA,"SPECIES","Fundulus grandis Baird & Girard, 1853","Fundulus grandis","","US","","Texas","PRESENT",NA,"28eb1a3f-1c15-4a95-931a-4af90ecb574d",29.33428,-94.749978,415,NA,NA,NA,NA,NA,"2023-05-13T17:41:50",13,5,2023,5203686,5203686,"HUMAN_OBSERVATION","iNaturalist","Observations","163034962",NA,"nindustla",2023-05-22 01:02:28,"CC_BY_NC_4_0","nindustla","nindustla",NA,NA,2025-06-07 02:02:14.639,"StillImage","COORDINATE_ROUNDED;CONTINENT_DERIVED_FROM_COORDINATES;TAXON_MATCH_TAXON_ID_IGNORED"
4120914828,"50c9509d-22c7-4a22-a47d-8c48425ef4a7","https://www.inaturalist.org/observations/162043412","Animalia","Chordata",NA,"Cyprinodontiformes","Fundulidae","Fundulus","Fundulus grandis",NA,"SPECIES","Fundulus grandis Baird & Girard, 1853","Fundulus grandis","","US","","Texas","PRESENT",NA,"28eb1a3f-1c15-4a95-931a-4af90ecb574d",29.684278,-94.032844,23,NA,NA,NA,NA,NA,"2023-05-15T16:01:54",15,5,2023,5203686,5203686,"HUMAN_OBSERVATION","iNaturalist","Observations","162043412",NA,"Jon McIntyre",2023-05-16 22:00:29,"CC_BY_NC_4_0","Jon McIntyre","Jon McIntyre",NA,NA,2025-06-07 00:59:38.332,"StillImage","COORDINATE_ROUNDED;CONTINENT_DERIVED_FROM_COORDINATES;TAXON_MATCH_TAXON_ID_IGNORED"
4116666515,"50c9509d-22c7-4a22-a47d-8c48425ef4a7","https://www.inaturalist.org/observations/162043172","Animalia","Chordata",NA,"Cyprinodontiformes","Fundulidae","Fundulus","Fundulus grandis",NA,"SPECIES","Fundulus grandis Baird & Girard, 1853","Fundulus grandis","","US","","Texas","PRESENT",NA,"28eb1a3f-1c15-4a95-931a-4af90ecb574d",29.684282,-94.032821,23,NA,NA,NA,NA,NA,"2023-05-15T16:00:31",15,5,2023,5203686,5203686,"HUMAN_OBSERVATION","iNaturalist","Observations","162043172",NA,"Jon McIntyre",2023-05-16 21:59:09,"CC_BY_NC_4_0","Jon McIntyre","Jon McIntyre",NA,NA,2025-06-07 01:55:26.515,"StillImage","COORDINATE_ROUNDED;CONTINENT_DERIVED_FROM_COORDINATES;TAXON_MATCH_TAXON_ID_IGNORED"
4116587921,"50c9509d-22c7-4a22-a47d-8c48425ef4a7","https://www.inaturalist.org/observations/162043038","Animalia","Chordata",NA,"Cyprinodontiformes","Fundulidae","Fundulus","Fundulus grandis",NA,"SPECIES","Fundulus grandis Baird & Girard, 1853","Fundulus grandis","","US","","Texas","PRESENT",NA,"28eb1a3f-1c15-4a95-931a-4af90ecb574d",29.684284,-94.032818,23,NA,NA,NA,NA,NA,"2023-05-15T15:59:26",15,5,2023,5203686,5203686,"HUMAN_OBSERVATION","iNaturalist","Observations","162043038",NA,"Jon McIntyre",2023-05-16 21:57:48,"CC_BY_NC_4_0","Jon McIntyre","Jon McIntyre",NA,NA,2025-06-07 01:25:37.89,"StillImage","COORDINATE_ROUNDED;CONTINENT_DERIVED_FROM_COORDINATES;TAXON_MATCH_TAXON_ID_IGNORED"
4112115296,"50c9509d-22c7-4a22-a47d-8c48425ef4a7","https://www.inaturalist.org/observations/159758200","Animalia","Chordata",NA,"Cyprinodontiformes","Fundulidae","Fundulus","Fundulus grandis",NA,"SPECIES","Fundulus grandis Baird & Girard, 1853","Fundulus grandis","","US","","Alabama","PRESENT",NA,"28eb1a3f-1c15-4a95-931a-4af90ecb574d",30.243479,-88.113422,968,NA,NA,NA,NA,NA,"2023-05-04T18:36:36",4,5,2023,5203686,5203686,"HUMAN_OBSERVATION","iNaturalist","Observations","159758200",NA,"Ava",2023-05-04 23:37:56,"CC_BY_NC_4_0","Ava","Ava",NA,NA,2025-06-07 01:50:34.042,"StillImage","COORDINATE_ROUNDED;CONTINENT_DERIVED_FROM_COORDINATES;TAXON_MATCH_TAXON_ID_IGNORED"
4112063711,"50c9509d-22c7-4a22-a47d-8c48425ef4a7","https://www.inaturalist.org/observations/158866457","Animalia","Chordata",NA,"Cyprinodontiformes","Fundulidae","Fundulus","Fundulus grandis",NA,"SPECIES","Fundulus grandis Baird & Girard, 1853","Fundulus grandis","","US","","Texas","PRESENT",NA,"28eb1a3f-1c15-4a95-931a-4af90ecb574d",29.325197,-94.822595,4,NA,NA,NA,NA,NA,"2023-05-01T15:59:08",1,5,2023,5203686,5203686,"HUMAN_OBSERVATION","iNaturalist","Observations","158866457",NA,"Maxfield JonasKrueger",2023-05-02 03:13:00,"CC_BY_NC_4_0","ascantrell1","ascantrell1",NA,NA,2025-06-07 00:09:16.187,"StillImage","COORDINATE_ROUNDED;CONTINENT_DERIVED_FROM_COORDINATES;TAXON_MATCH_TAXON_ID_IGNORED"
4111863430,"50c9509d-22c7-4a22-a47d-8c48425ef4a7","https://www.inaturalist.org/observations/159916241","Animalia","Chordata",NA,"Cyprinodontiformes","Fundulidae","Fundulus","Fundulus grandis",NA,"SPECIES","Fundulus grandis Baird & Girard, 1853","Fundulus grandis","","US","","Florida","PRESENT",NA,"28eb1a3f-1c15-4a95-931a-4af90ecb574d",27.384787,-82.56517,4,NA,NA,NA,NA,NA,"2023-05-03T19:52:55",3,5,2023,5203686,5203686,"HUMAN_OBSERVATION","iNaturalist","Observations","159916241",NA,"hannahjordyn",2023-05-05 19:04:57,"CC_BY_NC_4_0","hannahjordyn","hannahjordyn",NA,NA,2025-06-07 00:01:26.817,"StillImage","COORDINATE_ROUNDED;CONTINENT_DERIVED_FROM_COORDINATES;TAXON_MATCH_TAXON_ID_IGNORED"
4105521337,"ba5b0f3a-73dd-459f-a7f1-9abc327aed00","5dc0b474-4fa7-4a5e-9412-53288bcfc468","Animalia","Chordata",NA,"Cyprinodontiformes","Fundulidae","Fundulus","Fundulus grandis",NA,"SPECIES","Fundulus grandis Baird & Girard, 1853","Fundulus grandis","","US","PECOS RIVER AT FM 1776 SW OF MONAHANS CAMS 709","Texas","PRESENT",8,"3c6ad080-bdbe-11da-ac59-b8a03c50a862",31.366112,-103.004448,45,NA,NA,NA,NA,NA,"2011-01-26",26,1,2011,5203686,5203686,"HUMAN_OBSERVATION","University of Texas Biodiversity Collections (UTBC)","Ichthyology Collection","FOTX-TCEQ_SourceID_12677154(donor-dup2)",NA,"",NA,"CC0_1_0","","",NA,NA,2025-03-05 22:10:38.194,"","OCCURRENCE_STATUS_INFERRED_FROM_INDIVIDUAL_COUNT"
4105514411,"ba5b0f3a-73dd-459f-a7f1-9abc327aed00","b43d320a-f246-4254-b05e-a6516ad485d7","Animalia","Chordata",NA,"Cyprinodontiformes","Fundulidae","Fundulus","Fundulus grandis",NA,"SPECIES","Fundulus grandis Baird & Girard, 1853","Fundulus grandis","","US","PECOS RIVER AT FM 652 BRIDGE NE OF ORLA","Texas","PRESENT",8,"3c6ad080-bdbe-11da-ac59-b8a03c50a862",31.872499,-103.831108,45,NA,NA,NA,NA,NA,"2010-12-07",7,12,2010,5203686,5203686,"HUMAN_OBSERVATION","University of Texas Biodiversity Collections (UTBC)","Ichthyology Collection","FOTX-TCEQ_SourceID_14484281(donor-dup2)",NA,"",NA,"CC0_1_0","","",NA,NA,2025-03-05 22:10:49.136,"","OCCURRENCE_STATUS_INFERRED_FROM_INDIVIDUAL_COUNT"
4105499183,"ba5b0f3a-73dd-459f-a7f1-9abc327aed00","a1278ee1-fd80-43d9-be41-3cf805c8e247","Animalia","Chordata",NA,"Cyprinodontiformes","Fundulidae","Fundulus","Fundulus grandis",NA,"SPECIES","Fundulus grandis Baird & Girard, 1853","Fundulus grandis","","US","Waterbody_Name: Pecos River | Location: 1.6 mi upstream of SH 290 southeast of Sheffield","Texas","PRESENT",254,"3c6ad080-bdbe-11da-ac59-b8a03c50a862",30.680695,-101.775833,45,NA,NA,NA,NA,NA,"2010-12-09",9,12,2010,5203686,5203686,"HUMAN_OBSERVATION","University of Texas Biodiversity Collections (UTBC)","Ichthyology Collection","FOTX-TPWD_SourceID_TXRS09-017CB-120910(donor-dup5)",NA,"",NA,"CC0_1_0","","Leroy Kleinsasser",NA,NA,2025-03-05 22:10:46.597,"","OCCURRENCE_STATUS_INFERRED_FROM_INDIVIDUAL_COUNT"
4105496726,"ba5b0f3a-73dd-459f-a7f1-9abc327aed00","9d6adbff-9f09-447d-9bf2-59d787ce7c86","Animalia","Chordata",NA,"Cyprinodontiformes","Fundulidae","Fundulus","Fundulus grandis",NA,"SPECIES","Fundulus grandis Baird & Girard, 1853","Fundulus grandis","","US","Twin Buttes","Texas","PRESENT",NA,"3c6ad080-bdbe-11da-ac59-b8a03c50a862",31.36083,-100.52658,45,NA,NA,NA,NA,NA,"2006-08-26",26,8,2006,5203686,5203686,"HUMAN_OBSERVATION","University of Texas Biodiversity Collections (UTBC)","Ichthyology Collection","FOTX-TPWD-anglers_SourceID_10176",NA,"",NA,"CC0_1_0","","",NA,NA,2025-03-05 22:09:35.391,"",""
4105467744,"ba5b0f3a-73dd-459f-a7f1-9abc327aed00","f690f742-0e6c-4aea-b2d2-06c2120a6bc1","Animalia","Chordata",NA,"Cyprinodontiformes","Fundulidae","Fundulus","Fundulus grandis",NA,"SPECIES","Fundulus grandis Baird & Girard, 1853","Fundulus grandis","","US","PECOS RIVER AT US 67 NE OF GIRVIN","Texas","PRESENT",5,"3c6ad080-bdbe-11da-ac59-b8a03c50a862",31.078611,-102.359444,45,NA,NA,NA,NA,NA,"2011-01-26",26,1,2011,5203686,5203686,"HUMAN_OBSERVATION","University of Texas Biodiversity Collections (UTBC)","Ichthyology Collection","FOTX-TCEQ_SourceID_12677166(donor-dup2)",NA,"",NA,"CC0_1_0","","",NA,NA,2025-03-05 22:10:57.488,"","OCCURRENCE_STATUS_INFERRED_FROM_INDIVIDUAL_COUNT"
4105459453,"ba5b0f3a-73dd-459f-a7f1-9abc327aed00","f31be6b5-13a7-4b28-b286-a856305142ef","Animalia","Chordata",NA,"Cyprinodontiformes","Fundulidae","Fundulus","Fundulus grandis",NA,"SPECIES","Fundulus grandis Baird & Girard, 1853","Fundulus grandis","","US","Waterbody_Name: Pecos River | Location: FM 652 Orla","Texas","PRESENT",1,"3c6ad080-bdbe-11da-ac59-b8a03c50a862",31.872484,-103.831574,45,NA,NA,NA,NA,NA,"2011-01-25",25,1,2011,5203686,5203686,"HUMAN_OBSERVATION","University of Texas Biodiversity Collections (UTBC)","Ichthyology Collection","FOTX-TPWD_SourceID_TXRS09-001CB-012511(donor-dup3)",NA,"",NA,"CC0_1_0","","Leroy Kleinsasser",NA,NA,2025-03-05 22:10:56.7,"","OCCURRENCE_STATUS_INFERRED_FROM_INDIVIDUAL_COUNT"
4105449694,"ba5b0f3a-73dd-459f-a7f1-9abc327aed00","2b946a76-eaf3-458c-b0aa-604b7ab5724b","Animalia","Chordata",NA,"Cyprinodontiformes","Fundulidae","Fundulus","Fundulus grandis",NA,"SPECIES","Fundulus grandis Baird & Girard, 1853","Fundulus grandis","","US","Mouth of Aransas River and associated marshes and creeks","Texas","PRESENT",698,"3c6ad080-bdbe-11da-ac59-b8a03c50a862",28.074,-97.2582,7300,NA,NA,NA,NA,NA,"2010-04-19",19,4,2010,5203686,5203686,"HUMAN_OBSERVATION","University of Texas Biodiversity Collections (UTBC)","Ichthyology Collection","FOTX-TPWD-inland-fishkills_7205",NA,"",NA,"CC0_1_0","","",NA,NA,2025-03-05 22:10:30.376,"","OCCURRENCE_STATUS_INFERRED_FROM_INDIVIDUAL_COUNT"
4105425954,"ba5b0f3a-73dd-459f-a7f1-9abc327aed00","b799f3c4-6a67-4faa-be4d-ddef314ced93","Animalia","Chordata",NA,"Cyprinodontiformes","Fundulidae","Fundulus","Fundulus grandis",NA,"SPECIES","Fundulus grandis Baird & Girard, 1853","Fundulus grandis","","US","Lower Pecos-Red Bluff Reservoir (HUC 8)","New Mexico","PRESENT",NA,"3c6ad080-bdbe-11da-ac59-b8a03c50a862",32.063956,-103.491211,45,NA,NA,NA,NA,NA,"2013-06-01/2013-06-30",NA,6,2013,5203686,5203686,"HUMAN_OBSERVATION","University of Texas Biodiversity Collections (UTBC)","Ichthyology Collection","FOTX-USGS_SourceID_1321961",NA,"",NA,"CC0_1_0","","",NA,NA,2025-03-05 22:10:49.678,"",""
4105369016,"ba5b0f3a-73dd-459f-a7f1-9abc327aed00","a56d398b-e5b4-427d-a867-98869b1824f1","Animalia","Chordata",NA,"Cyprinodontiformes","Fundulidae","Fundulus","Fundulus grandis",NA,"SPECIES","Fundulus grandis Baird & Girard, 1853","Fundulus grandis","","US","Waterbody_Name: Pecos River | Location: US 67 Girvin","Texas","PRESENT",61,"3c6ad080-bdbe-11da-ac59-b8a03c50a862",31.079021,-102.360414,45,NA,NA,NA,NA,NA,"2010-12-08",8,12,2010,5203686,5203686,"HUMAN_OBSERVATION","University of Texas Biodiversity Collections (UTBC)","Ichthyology Collection","FOTX-TPWD_SourceID_TXRS09-006CB-120810(donor-dup2)",NA,"",NA,"CC0_1_0","","Leroy Kleinsasser",NA,NA,2025-03-05 22:10:47.343,"","OCCURRENCE_STATUS_INFERRED_FROM_INDIVIDUAL_COUNT"
4105355630,"ba5b0f3a-73dd-459f-a7f1-9abc327aed00","0be4e864-203a-4ca0-bc1b-493eb51d0ee9","Animalia","Chordata",NA,"Cyprinodontiformes","Fundulidae","Fundulus","Fundulus grandis",NA,"SPECIES","Fundulus grandis Baird & Girard, 1853","Fundulus grandis","","US","Below the confluence with the Black River in New Mexico.","New Mexico","PRESENT",NA,"3c6ad080-bdbe-11da-ac59-b8a03c50a862",32.24183,-104.04687,45,NA,NA,NA,NA,NA,"2013-06-01/2013-06-30",NA,6,2013,5203686,5203686,"HUMAN_OBSERVATION","University of Texas Biodiversity Collections (UTBC)","Ichthyology Collection","FOTX-USGS_SourceID_1321959",NA,"",NA,"CC0_1_0","","",NA,NA,2025-03-05 22:10:23.105,"",""
4105326833,"ba5b0f3a-73dd-459f-a7f1-9abc327aed00","995c6b8f-702c-462b-8a05-855006fc830f","Animalia","Chordata",NA,"Cyprinodontiformes","Fundulidae","Fundulus","Fundulus grandis",NA,"SPECIES","Fundulus grandis Baird & Girard, 1853","Fundulus grandis","","US","BRAZOS RIVER DOWNSTREAM OF ALLIED ROCK MINE AT 5500 LAZY BEND RD 165 M NORTH AND 190 M WEST OF THE END OF N LAZY BEND ESTATES RD","Texas","PRESENT",1,"3c6ad080-bdbe-11da-ac59-b8a03c50a862",32.635105,-98.003098,45,NA,NA,NA,NA,NA,"2005-05-20",20,5,2005,5203686,5203686,"HUMAN_OBSERVATION","University of Texas Biodiversity Collections (UTBC)","Ichthyology Collection","FOTX-TCEQ_SourceID_BR45128(donor-dup6)",NA,"",NA,"CC0_1_0","","",NA,NA,2025-03-05 22:09:34.191,"","OCCURRENCE_STATUS_INFERRED_FROM_INDIVIDUAL_COUNT"
4105307980,"ba5b0f3a-73dd-459f-a7f1-9abc327aed00","2c47f5d7-cd95-454c-bf77-9beff6716f36","Animalia","Chordata",NA,"Cyprinodontiformes","Fundulidae","Fundulus","Fundulus grandis",NA,"SPECIES","Fundulus grandis Baird & Girard, 1853","Fundulus grandis","","US","PECOS RIVER 1.6 MI UPSTREAM OF SH 290 BRIDGE SE OF SHEFFIELD","Texas","PRESENT",3,"3c6ad080-bdbe-11da-ac59-b8a03c50a862",30.681389,-101.775833,45,NA,NA,NA,NA,NA,"2011-01-27",27,1,2011,5203686,5203686,"HUMAN_OBSERVATION","University of Texas Biodiversity Collections (UTBC)","Ichthyology Collection","FOTX-TCEQ_SourceID_14484308(donor-dup3)",NA,"",NA,"CC0_1_0","","",NA,NA,2025-03-05 22:10:30.54,"","OCCURRENCE_STATUS_INFERRED_FROM_INDIVIDUAL_COUNT"
4105297959,"ba5b0f3a-73dd-459f-a7f1-9abc327aed00","299cc0b8-19bd-4f57-9142-b7be259dd1b3","Animalia","Chordata",NA,"Cyprinodontiformes","Fundulidae","Fundulus","Fundulus grandis",NA,"SPECIES","Fundulus grandis Baird & Girard, 1853","Fundulus grandis","","US","Waterbody_Name: Pecos River | Location: FM 1776","Texas","PRESENT",46,"3c6ad080-bdbe-11da-ac59-b8a03c50a862",31.366418,-103.004818,45,NA,NA,NA,NA,NA,"2010-12-08",8,12,2010,5203686,5203686,"HUMAN_OBSERVATION","University of Texas Biodiversity Collections (UTBC)","Ichthyology Collection","FOTX-TPWD_SourceID_TXRS09-004CB-120810(donor-dup2)",NA,"",NA,"CC0_1_0","","Leroy Kleinsasser",NA,NA,2025-03-05 22:10:30.004,"","OCCURRENCE_STATUS_INFERRED_FROM_INDIVIDUAL_COUNT"
4105193713,"ba5b0f3a-73dd-459f-a7f1-9abc327aed00","da080fd6-6b93-4cb4-b5da-d650b0ba2a63","Animalia","Chordata",NA,"Cyprinodontiformes","Fundulidae","Fundulus","Fundulus grandis",NA,"SPECIES","Fundulus grandis Baird & Girard, 1853","Fundulus grandis","","US","BRAZOS RIVER SOUTH BANK 1.74 KM DOWNSTREAM OF US 281 IN PALO PINTO COUNTY","Texas","PRESENT",11,"3c6ad080-bdbe-11da-ac59-b8a03c50a862",32.632699,-98.085403,45,NA,NA,NA,NA,NA,"2005-05-19",19,5,2005,5203686,5203686,"HUMAN_OBSERVATION","University of Texas Biodiversity Collections (UTBC)","Ichthyology Collection","FOTX-TCEQ_SourceID_BR45123(donor-dup3)",NA,"",NA,"CC0_1_0","","",NA,NA,2025-03-05 22:10:53.348,"","OCCURRENCE_STATUS_INFERRED_FROM_INDIVIDUAL_COUNT"
4105161539,"ba5b0f3a-73dd-459f-a7f1-9abc327aed00","6ccda3bb-a413-48d9-8f30-6b9db127c0c7","Animalia","Chordata",NA,"Cyprinodontiformes","Fundulidae","Fundulus","Fundulus grandis",NA,"SPECIES","Fundulus grandis Baird & Girard, 1853","Fundulus grandis","","US","Balmorhea","Texas","PRESENT",NA,"3c6ad080-bdbe-11da-ac59-b8a03c50a862",30.9697,-103.72601,45,NA,NA,NA,NA,NA,"2009-07-26",26,7,2009,5203686,5203686,"HUMAN_OBSERVATION","University of Texas Biodiversity Collections (UTBC)","Ichthyology Collection","FOTX-TPWD-anglers_SourceID_12982",NA,"",NA,"CC0_1_0","","",NA,NA,2025-03-05 22:10:40.057,"",""
4104935711,"ba5b0f3a-73dd-459f-a7f1-9abc327aed00","fd93f80b-b589-4922-a8bf-c1f9d27d69d4","Animalia","Chordata",NA,"Cyprinodontiformes","Fundulidae","Fundulus","Fundulus grandis",NA,"SPECIES","Fundulus grandis Baird & Girard, 1853","Fundulus grandis","","US","O. H. Ivie","Texas","PRESENT",NA,"3c6ad080-bdbe-11da-ac59-b8a03c50a862",31.50129,-99.66634,45,NA,NA,NA,NA,NA,"2012-05-13",13,5,2012,5203686,5203686,"HUMAN_OBSERVATION","University of Texas Biodiversity Collections (UTBC)","Ichthyology Collection","FOTX-TPWD-anglers_SourceID_15785",NA,"",NA,"CC0_1_0","","",NA,NA,2025-03-05 22:10:58.357,"",""
4104916414,"ba5b0f3a-73dd-459f-a7f1-9abc327aed00","91e5202c-9e14-4787-b875-32b2ec7666c4","Animalia","Chordata",NA,"Cyprinodontiformes","Fundulidae","Fundulus","Fundulus grandis",NA,"SPECIES","Fundulus grandis Baird & Girard, 1853","Fundulus grandis","","US","Lake Penchant; Lake Penchant southwest of Houma, Louisiana","Louisiana","PRESENT",NA,"3c6ad080-bdbe-11da-ac59-b8a03c50a862",29.442222,-90.913056,45,NA,NA,NA,NA,NA,"2006-03-29",29,3,2006,5203686,5203686,"HUMAN_OBSERVATION","University of Texas Biodiversity Collections (UTBC)","Ichthyology Collection","FOTX-LDEQ-fish-data_SourceID_1609341",NA,"",NA,"CC0_1_0","","",NA,NA,2025-03-05 22:10:44.793,"","COORDINATE_ROUNDED"
4096443700,"50c9509d-22c7-4a22-a47d-8c48425ef4a7","https://www.inaturalist.org/observations/155462448","Animalia","Chordata",NA,"Cyprinodontiformes","Fundulidae","Fundulus","Fundulus grandis",NA,"SPECIES","Fundulus grandis Baird & Girard, 1853","Fundulus grandis","","US","","Florida","PRESENT",NA,"28eb1a3f-1c15-4a95-931a-4af90ecb574d",26.47452,-81.968075,399,NA,NA,NA,NA,NA,"2023-04-13T09:55:47",13,4,2023,5203686,5203686,"HUMAN_OBSERVATION","iNaturalist","Observations","155462448",NA,"notopteridae",2023-04-19 15:24:39,"CC_BY_NC_4_0","crabait","crabait",NA,NA,2025-06-07 02:48:26.469,"StillImage","COORDINATE_ROUNDED;CONTINENT_DERIVED_FROM_COORDINATES;TAXON_MATCH_TAXON_ID_IGNORED"
4091665390,"50c9509d-22c7-4a22-a47d-8c48425ef4a7","https://www.inaturalist.org/observations/155138012","Animalia","Chordata",NA,"Cyprinodontiformes","Fundulidae","Fundulus","Fundulus grandis",NA,"SPECIES","Fundulus grandis Baird & Girard, 1853","Fundulus grandis","","US","","Florida","PRESENT",NA,"28eb1a3f-1c15-4a95-931a-4af90ecb574d",28.033046,-82.781167,271,NA,NA,NA,NA,NA,"2023-04-15T08:00",15,4,2023,5203686,5203686,"HUMAN_OBSERVATION","iNaturalist","Observations","155138012",NA,"Bill Pranty",2023-04-16 12:55:16,"CC_BY_NC_4_0","Bill Pranty","Bill Pranty",NA,NA,2025-06-07 00:07:30.132,"StillImage","COORDINATE_ROUNDED;CONTINENT_DERIVED_FROM_COORDINATES;TAXON_MATCH_TAXON_ID_IGNORED"
4091502493,"50c9509d-22c7-4a22-a47d-8c48425ef4a7","https://www.inaturalist.org/observations/155283728","Animalia","Chordata",NA,"Cyprinodontiformes","Fundulidae","Fundulus","Fundulus grandis",NA,"SPECIES","Fundulus grandis Baird & Girard, 1853","Fundulus grandis","","US","","Florida","PRESENT",NA,"28eb1a3f-1c15-4a95-931a-4af90ecb574d",29.170972,-83.026845,156,NA,NA,NA,NA,NA,"2023-04-17T00:47:33",17,4,2023,5203686,5203686,"HUMAN_OBSERVATION","iNaturalist","Observations","155283728",NA,"Matt Neilson",2023-04-17 13:48:21,"CC_BY_NC_4_0","Andrew Kunik","Andrew Kunik",NA,NA,2025-06-07 02:40:14.155,"","COORDINATE_ROUNDED;CONTINENT_DERIVED_FROM_COORDINATES;TAXON_MATCH_TAXON_ID_IGNORED"
4080986274,"50c9509d-22c7-4a22-a47d-8c48425ef4a7","https://www.inaturalist.org/observations/154074228","Animalia","Chordata",NA,"Cyprinodontiformes","Fundulidae","Fundulus","Fundulus grandis",NA,"SPECIES","Fundulus grandis Baird & Girard, 1853","Fundulus grandis","","US","","Texas","PRESENT",NA,"28eb1a3f-1c15-4a95-931a-4af90ecb574d",27.827517,-97.079759,251,NA,NA,NA,NA,NA,"2014-07-12T07:34",12,7,2014,5203686,5203686,"HUMAN_OBSERVATION","iNaturalist","Observations","154074228",NA,"rook70031",2023-04-09 09:56:51,"CC_BY_NC_4_0","rook70031","rook70031",NA,NA,2025-06-07 01:30:05.549,"StillImage","COORDINATE_ROUNDED;CONTINENT_DERIVED_FROM_COORDINATES;TAXON_MATCH_TAXON_ID_IGNORED"
4080969084,"50c9509d-22c7-4a22-a47d-8c48425ef4a7","https://www.inaturalist.org/observations/153870697","Animalia","Chordata",NA,"Cyprinodontiformes","Fundulidae","Fundulus","Fundulus grandis",NA,"SPECIES","Fundulus grandis Baird & Girard, 1853","Fundulus grandis","","US","","Alabama","PRESENT",NA,"28eb1a3f-1c15-4a95-931a-4af90ecb574d",30.243365,-87.738407,217,NA,NA,NA,NA,NA,"2023-04-02T11:00",2,4,2023,5203686,5203686,"HUMAN_OBSERVATION","iNaturalist","Observations","153870697",NA,"Cal O",2023-04-07 23:27:59,"CC_BY_NC_4_0","Cal O","Cal O",NA,NA,2025-06-07 00:58:57.005,"StillImage","COORDINATE_ROUNDED;CONTINENT_DERIVED_FROM_COORDINATES;TAXON_MATCH_TAXON_ID_IGNORED"
4076287837,"50c9509d-22c7-4a22-a47d-8c48425ef4a7","https://www.inaturalist.org/observations/148023884","Animalia","Chordata",NA,"Cyprinodontiformes","Fundulidae","Fundulus","Fundulus grandis",NA,"SPECIES","Fundulus grandis Baird & Girard, 1853","Fundulus grandis","","US","","Florida","PRESENT",NA,"28eb1a3f-1c15-4a95-931a-4af90ecb574d",30.309063,-87.414939,188,NA,NA,NA,NA,NA,"2023-02-04T08:37:35",4,2,2023,5203686,5203686,"HUMAN_OBSERVATION","iNaturalist","Observations","148023884",NA,"Em",2023-02-04 15:45:10,"CC_BY_NC_4_0","Em","Em",NA,NA,2025-06-07 01:26:09.39,"StillImage","COORDINATE_ROUNDED;CONTINENT_DERIVED_FROM_COORDINATES;TAXON_MATCH_TAXON_ID_IGNORED"
4075845293,"50c9509d-22c7-4a22-a47d-8c48425ef4a7","https://www.inaturalist.org/observations/152940308","Animalia","Chordata",NA,"Cyprinodontiformes","Fundulidae","Fundulus","Fundulus grandis",NA,"SPECIES","Fundulus grandis Baird & Girard, 1853","Fundulus grandis","","US","","Texas","PRESENT",NA,"28eb1a3f-1c15-4a95-931a-4af90ecb574d",28.332795,-96.464137,5,NA,NA,NA,NA,NA,"2023-03-25T21:12:16",25,3,2023,5203686,5203686,"HUMAN_OBSERVATION","iNaturalist","Observations","152940308",NA,"sandeno",2023-03-31 15:52:26,"CC_BY_NC_4_0","sandeno","sandeno",NA,NA,2025-06-07 00:06:48.095,"StillImage","COORDINATE_ROUNDED;CONTINENT_DERIVED_FROM_COORDINATES;TAXON_MATCH_TAXON_ID_IGNORED"
4075594801,"50c9509d-22c7-4a22-a47d-8c48425ef4a7","https://www.inaturalist.org/observations/139877632","Animalia","Chordata",NA,"Cyprinodontiformes","Fundulidae","Fundulus","Fundulus grandis",NA,"SPECIES","Fundulus grandis Baird & Girard, 1853","Fundulus grandis","","US","","Florida","PRESENT",NA,"28eb1a3f-1c15-4a95-931a-4af90ecb574d",25.19374,-80.356913,2,NA,NA,NA,NA,NA,"2022-10-24T09:18",24,10,2022,5203686,5203686,"HUMAN_OBSERVATION","iNaturalist","Observations","139877632",NA,"Isaac Lord",2022-10-24 16:00:19,"CC_BY_NC_4_0","Isaac Lord","Isaac Lord",NA,NA,2025-06-07 01:49:12.085,"StillImage","COORDINATE_ROUNDED;CONTINENT_DERIVED_FROM_COORDINATES;TAXON_MATCH_TAXON_ID_IGNORED"
4075555244,"50c9509d-22c7-4a22-a47d-8c48425ef4a7","https://www.inaturalist.org/observations/152093494","Animalia","Chordata",NA,"Cyprinodontiformes","Fundulidae","Fundulus","Fundulus grandis",NA,"SPECIES","Fundulus grandis Baird & Girard, 1853","Fundulus grandis","","US","","Mississippi","PRESENT",NA,"28eb1a3f-1c15-4a95-931a-4af90ecb574d",30.395886,-88.858741,2,NA,NA,NA,NA,NA,"2023-03-23T17:58",23,3,2023,5203686,5203686,"HUMAN_OBSERVATION","iNaturalist","Observations","152093494",NA,"Dakota Parish",2023-03-24 01:54:44,"CC_BY_4_0","Dakota Parish","Dakota Parish",NA,NA,2025-06-07 00:24:28.28,"StillImage","COORDINATE_ROUNDED;CONTINENT_DERIVED_FROM_COORDINATES;TAXON_MATCH_TAXON_ID_IGNORED"
4067651813,"50c9509d-22c7-4a22-a47d-8c48425ef4a7","https://www.inaturalist.org/observations/151174257","Animalia","Chordata",NA,"Cyprinodontiformes","Fundulidae","Fundulus","Fundulus grandis",NA,"SPECIES","Fundulus grandis Baird & Girard, 1853","Fundulus grandis","","US","","Florida","PRESENT",NA,"28eb1a3f-1c15-4a95-931a-4af90ecb574d",30.40465,-81.402704,8,NA,NA,NA,NA,NA,"2023-03-14T15:15",14,3,2023,5203686,5203686,"HUMAN_OBSERVATION","iNaturalist","Observations","151174257",NA,"Zakqary Roy",2023-03-15 01:18:28,"CC_BY_4_0","Zakqary Roy","Zakqary Roy",NA,NA,2025-06-07 00:07:08.446,"StillImage","COORDINATE_ROUNDED;CONTINENT_DERIVED_FROM_COORDINATES;TAXON_MATCH_TAXON_ID_IGNORED"
4055038841,"50c9509d-22c7-4a22-a47d-8c48425ef4a7","https://www.inaturalist.org/observations/150092588","Animalia","Chordata",NA,"Cyprinodontiformes","Fundulidae","Fundulus","Fundulus grandis",NA,"SPECIES","Fundulus grandis Baird & Girard, 1853","Fundulus grandis","","US","","Texas","PRESENT",NA,"28eb1a3f-1c15-4a95-931a-4af90ecb574d",27.894252,-97.122295,239,NA,NA,NA,NA,NA,"2022-12-02T11:30:51",2,12,2022,5203686,5203686,"HUMAN_OBSERVATION","iNaturalist","Observations","150092588",NA,"Eric Gren",2023-03-02 23:56:02,"CC_BY_NC_4_0","Eric Gren","Eric Gren",NA,NA,2025-06-07 01:02:13.37,"StillImage","COORDINATE_ROUNDED;CONTINENT_DERIVED_FROM_COORDINATES;TAXON_MATCH_TAXON_ID_IGNORED"
4054787974,"50c9509d-22c7-4a22-a47d-8c48425ef4a7","https://www.inaturalist.org/observations/150230097","Animalia","Chordata",NA,"Cyprinodontiformes","Fundulidae","Fundulus","Fundulus grandis",NA,"SPECIES","Fundulus grandis Baird & Girard, 1853","Fundulus grandis","","US","","Florida","PRESENT",NA,"28eb1a3f-1c15-4a95-931a-4af90ecb574d",27.361243,-82.555066,4,NA,NA,NA,NA,NA,"2023-02-16T13:07",16,2,2023,5203686,5203686,"HUMAN_OBSERVATION","iNaturalist","Observations","150230097",NA,"johnjinjonny",2023-03-04 18:28:51,"CC_BY_NC_4_0","johnjinjonny","johnjinjonny",NA,NA,2025-06-07 01:13:13.28,"StillImage","COORDINATE_ROUNDED;CONTINENT_DERIVED_FROM_COORDINATES;TAXON_MATCH_TAXON_ID_IGNORED"
4046301961,"50c9509d-22c7-4a22-a47d-8c48425ef4a7","https://www.inaturalist.org/observations/149587055","Animalia","Chordata",NA,"Cyprinodontiformes","Fundulidae","Fundulus","Fundulus grandis",NA,"SPECIES","Fundulus grandis Baird & Girard, 1853","Fundulus grandis","","US","","Texas","PRESENT",NA,"28eb1a3f-1c15-4a95-931a-4af90ecb574d",27.708905,-97.335892,3,NA,NA,NA,NA,NA,"2023-02-23T15:26:48",23,2,2023,5203686,5203686,"HUMAN_OBSERVATION","iNaturalist","Observations","149587055",NA,"Maxfield JonasKrueger",2023-02-24 22:25:10,"CC0_1_0","Nick Loveland","Nick Loveland",NA,NA,2025-06-07 00:07:52.285,"StillImage","COORDINATE_ROUNDED;CONTINENT_DERIVED_FROM_COORDINATES;TAXON_MATCH_TAXON_ID_IGNORED"
4046292188,"50c9509d-22c7-4a22-a47d-8c48425ef4a7","https://www.inaturalist.org/observations/149747945","Animalia","Chordata",NA,"Cyprinodontiformes","Fundulidae","Fundulus","Fundulus grandis",NA,"SPECIES","Fundulus grandis Baird & Girard, 1853","Fundulus grandis","","US","","Texas","PRESENT",NA,"28eb1a3f-1c15-4a95-931a-4af90ecb574d",28.027428,-97.045917,4,NA,NA,NA,NA,NA,"2023-02-25T15:34",25,2,2023,5203686,5203686,"HUMAN_OBSERVATION","iNaturalist","Observations","149747945",NA,"Michael Orgill",2023-02-26 18:42:08,"CC_BY_NC_4_0","Michael Orgill","Michael Orgill",NA,NA,2025-06-07 00:21:11.363,"StillImage","COORDINATE_ROUNDED;CONTINENT_DERIVED_FROM_COORDINATES;TAXON_MATCH_TAXON_ID_IGNORED"
4039520304,"50c9509d-22c7-4a22-a47d-8c48425ef4a7","https://www.inaturalist.org/observations/149178886","Animalia","Chordata",NA,"Cyprinodontiformes","Fundulidae","Fundulus","Fundulus grandis",NA,"SPECIES","Fundulus grandis Baird & Girard, 1853","Fundulus grandis","","US","","Texas","PRESENT",NA,"28eb1a3f-1c15-4a95-931a-4af90ecb574d",29.759145,-95.042947,5,NA,NA,NA,NA,NA,"2023-02-13T13:59:42",13,2,2023,5203686,5203686,"HUMAN_OBSERVATION","iNaturalist","Observations","149178886",NA,"nindustla",2023-02-19 22:49:08,"CC_BY_NC_4_0","nindustla","nindustla",NA,NA,2025-06-07 00:01:33.298,"StillImage","COORDINATE_ROUNDED;CONTINENT_DERIVED_FROM_COORDINATES;TAXON_MATCH_TAXON_ID_IGNORED"
4039317708,"50c9509d-22c7-4a22-a47d-8c48425ef4a7","https://www.inaturalist.org/observations/138872496","Animalia","Chordata",NA,"Cyprinodontiformes","Fundulidae","Fundulus","Fundulus grandis",NA,"SPECIES","Fundulus grandis Baird & Girard, 1853","Fundulus grandis","","US","","Florida","PRESENT",NA,"28eb1a3f-1c15-4a95-931a-4af90ecb574d",27.302247,-82.567952,544,NA,NA,NA,NA,NA,"2022-10-15T08:21",15,10,2022,5203686,5203686,"HUMAN_OBSERVATION","iNaturalist","Observations","138872496",NA,"fredturt43",2022-11-27 19:59:35,"CC_BY_NC_4_0","Hunter Groce","Hunter Groce",NA,NA,2025-06-07 02:51:26.621,"StillImage","COORDINATE_ROUNDED;CONTINENT_DERIVED_FROM_COORDINATES;TAXON_MATCH_TAXON_ID_IGNORED"
4028882368,"50c9509d-22c7-4a22-a47d-8c48425ef4a7","https://www.inaturalist.org/observations/27238555","Animalia","Chordata",NA,"Cyprinodontiformes","Fundulidae","Fundulus","Fundulus grandis",NA,"SPECIES","Fundulus grandis Baird & Girard, 1853","Fundulus grandis","","US","","Florida","PRESENT",NA,"28eb1a3f-1c15-4a95-931a-4af90ecb574d",26.476883,-82.148856,29,NA,NA,NA,NA,NA,"2019-04-08T11:14:03",8,4,2019,5203686,5203686,"HUMAN_OBSERVATION","iNaturalist","Observations","27238555",NA,"fredturt43",2020-08-19 22:59:11,"CC_BY_NC_4_0","Matthew Salkiewicz","Matthew Salkiewicz",NA,NA,2025-06-07 00:17:00.762,"StillImage","CONTINENT_DERIVED_FROM_COORDINATES;TAXON_MATCH_TAXON_ID_IGNORED"
4028694325,"50c9509d-22c7-4a22-a47d-8c48425ef4a7","https://www.inaturalist.org/observations/10083921","Animalia","Chordata",NA,"Cyprinodontiformes","Fundulidae","Fundulus","Fundulus grandis",NA,"SPECIES","Fundulus grandis Baird & Girard, 1853","Fundulus grandis","","US","","Texas","PRESENT",NA,"28eb1a3f-1c15-4a95-931a-4af90ecb574d",28.494657,-96.502946,55,NA,NA,NA,NA,NA,"2017-04-26",26,4,2017,5203686,5203686,"HUMAN_OBSERVATION","iNaturalist","Observations","10083921",NA,"""Robert J. """"Bob"""" Nuelle, Jr. AICEZS""",2018-03-04 14:54:40,"CC_BY_NC_4_0","""Robert J. """"Bob"""" Nuelle, Jr. AICEZS""","""Robert J. """"Bob"""" Nuelle, Jr. AICEZS""",NA,NA,2025-06-07 01:24:21.029,"StillImage","CONTINENT_DERIVED_FROM_COORDINATES;TAXON_MATCH_TAXON_ID_IGNORED"
4028681920,"50c9509d-22c7-4a22-a47d-8c48425ef4a7","https://www.inaturalist.org/observations/127435541","Animalia","Chordata",NA,"Cyprinodontiformes","Fundulidae","Fundulus","Fundulus grandis",NA,"SPECIES","Fundulus grandis Baird & Girard, 1853","Fundulus grandis","","US","","Louisiana","PRESENT",NA,"28eb1a3f-1c15-4a95-931a-4af90ecb574d",29.720939,-92.730817,NA,NA,NA,NA,NA,NA,"2022-07-22T14:41:19",22,7,2022,5203686,5203686,"HUMAN_OBSERVATION","iNaturalist","Observations","127435541",NA,"Robert Dobbs",2022-07-23 13:09:23,"CC_BY_NC_4_0","Robert Dobbs","Robert Dobbs",NA,NA,2025-06-07 01:16:22.34,"StillImage","COORDINATE_ROUNDED;CONTINENT_DERIVED_FROM_COORDINATES;TAXON_MATCH_TAXON_ID_IGNORED"
4028681625,"50c9509d-22c7-4a22-a47d-8c48425ef4a7","https://www.inaturalist.org/observations/97552612","Animalia","Chordata",NA,"Cyprinodontiformes","Fundulidae","Fundulus","Fundulus grandis",NA,"SPECIES","Fundulus grandis Baird & Girard, 1853","Fundulus grandis","","US","","Florida","PRESENT",NA,"28eb1a3f-1c15-4a95-931a-4af90ecb574d",27.743757,-82.464348,4,NA,NA,NA,NA,NA,"2021-10-08T11:42:17",8,10,2021,5203686,5203686,"HUMAN_OBSERVATION","iNaturalist","Observations","97552612",NA,"pmk00001",2021-11-06 21:45:39,"CC_BY_NC_4_0","badgeroddshots","badgeroddshots",NA,NA,2025-06-07 01:37:14.041,"StillImage","COORDINATE_ROUNDED;CONTINENT_DERIVED_FROM_COORDINATES;TAXON_MATCH_TAXON_ID_IGNORED"
4028673090,"50c9509d-22c7-4a22-a47d-8c48425ef4a7","https://www.inaturalist.org/observations/137824874","Animalia","Chordata",NA,"Cyprinodontiformes","Fundulidae","Fundulus","Fundulus grandis",NA,"SPECIES","Fundulus grandis Baird & Girard, 1853","Fundulus grandis","","US","","Florida","PRESENT",NA,"28eb1a3f-1c15-4a95-931a-4af90ecb574d",27.711805,-82.690273,191,NA,NA,NA,NA,NA,"2022-10-05T14:08:46",5,10,2022,5203686,5203686,"HUMAN_OBSERVATION","iNaturalist","Observations","137824874",NA,"fredturt43",2022-11-09 15:57:11,"CC_BY_NC_4_0","Sofie","Sofie",NA,NA,2025-06-07 01:56:55.181,"StillImage","COORDINATE_ROUNDED;CONTINENT_DERIVED_FROM_COORDINATES;TAXON_MATCH_TAXON_ID_IGNORED"
4028671923,"50c9509d-22c7-4a22-a47d-8c48425ef4a7","https://www.inaturalist.org/observations/138989670","Animalia","Chordata",NA,"Cyprinodontiformes","Fundulidae","Fundulus","Fundulus grandis",NA,"SPECIES","Fundulus grandis Baird & Girard, 1853","Fundulus grandis","","US","","Louisiana","PRESENT",NA,"28eb1a3f-1c15-4a95-931a-4af90ecb574d",30.0946,-93.36022,NA,NA,NA,NA,NA,NA,"2022-09-27T16:13",27,9,2022,5203686,5203686,"HUMAN_OBSERVATION","iNaturalist","Observations","138989670",NA,"crichardson2",2022-10-16 16:27:31,"CC_BY_NC_4_0","crichardson2","crichardson2",NA,NA,2025-06-07 00:30:52.576,"StillImage","CONTINENT_DERIVED_FROM_COORDINATES;TAXON_MATCH_TAXON_ID_IGNORED"
4028596637,"50c9509d-22c7-4a22-a47d-8c48425ef4a7","https://www.inaturalist.org/observations/107426279","Animalia","Chordata",NA,"Cyprinodontiformes","Fundulidae","Fundulus","Fundulus grandis",NA,"SPECIES","Fundulus grandis Baird & Girard, 1853","Fundulus grandis","","US","","Alabama","PRESENT",NA,"28eb1a3f-1c15-4a95-931a-4af90ecb574d",30.580701,-88.083644,266,NA,NA,NA,NA,NA,"2022-02-25T10:59:20",25,2,2022,5203686,5203686,"HUMAN_OBSERVATION","iNaturalist","Observations","107426279",NA,"Robert Lamb",2022-02-25 22:25:44,"CC_BY_NC_4_0","Robert Lamb","Robert Lamb",NA,NA,2025-06-07 01:20:31.983,"StillImage","COORDINATE_ROUNDED;CONTINENT_DERIVED_FROM_COORDINATES;TAXON_MATCH_TAXON_ID_IGNORED"
4014975090,"50c9509d-22c7-4a22-a47d-8c48425ef4a7","https://www.inaturalist.org/observations/145995907","Animalia","Chordata",NA,"Cyprinodontiformes","Fundulidae","Fundulus","Fundulus grandis",NA,"SPECIES","Fundulus grandis Baird & Girard, 1853","Fundulus grandis","","US","","Florida","PRESENT",NA,"28eb1a3f-1c15-4a95-931a-4af90ecb574d",25.279542,-80.342833,4,NA,NA,NA,NA,NA,"2023-01-06T16:46:41",6,1,2023,5203686,5203686,"HUMAN_OBSERVATION","iNaturalist","Observations","145995907",NA,"ddeatienza",2023-01-06 23:04:56,"CC_BY_NC_4_0","ddeatienza","ddeatienza",NA,NA,2025-06-07 00:38:56.847,"StillImage","COORDINATE_ROUNDED;CONTINENT_DERIVED_FROM_COORDINATES;TAXON_MATCH_TAXON_ID_IGNORED"
4011809002,"50c9509d-22c7-4a22-a47d-8c48425ef4a7","https://www.inaturalist.org/observations/145420002","Animalia","Chordata",NA,"Cyprinodontiformes","Fundulidae","Fundulus","Fundulus grandis",NA,"SPECIES","Fundulus grandis Baird & Girard, 1853","Fundulus grandis","","US","","Texas","PRESENT",NA,"28eb1a3f-1c15-4a95-931a-4af90ecb574d",27.834456,-97.044644,NA,NA,NA,NA,NA,NA,"2022-12-29T01:54",29,12,2022,5203686,5203686,"HUMAN_OBSERVATION","iNaturalist","Observations","145420002",NA,"Jon McIntyre",2022-12-30 16:38:42,"CC_BY_4_0","Michelle W.","Michelle W.",NA,NA,2025-06-07 01:42:06.317,"StillImage","COORDINATE_ROUNDED;CONTINENT_DERIVED_FROM_COORDINATES;TAXON_MATCH_TAXON_ID_IGNORED"
4011523460,"50c9509d-22c7-4a22-a47d-8c48425ef4a7","https://www.inaturalist.org/observations/120154893","Animalia","Chordata",NA,"Cyprinodontiformes","Fundulidae","Fundulus","Fundulus grandis",NA,"SPECIES","Fundulus grandis Baird & Girard, 1853","Fundulus grandis","","US","","Florida","PRESENT",NA,"28eb1a3f-1c15-4a95-931a-4af90ecb574d",27.05694,-82.441555,265,NA,NA,NA,NA,NA,"2022-06-04T08:46:47",4,6,2022,5203686,5203686,"HUMAN_OBSERVATION","iNaturalist","Observations","120154893",NA,"Hunter Groce",2022-06-04 13:59:00,"CC_BY_NC_4_0","Hunter Groce","Hunter Groce",NA,NA,2025-06-07 01:34:39.426,"StillImage","COORDINATE_ROUNDED;CONTINENT_DERIVED_FROM_COORDINATES;TAXON_MATCH_TAXON_ID_IGNORED"
4009805588,"50c9509d-22c7-4a22-a47d-8c48425ef4a7","https://www.inaturalist.org/observations/141800226","Animalia","Chordata",NA,"Cyprinodontiformes","Fundulidae","Fundulus","Fundulus grandis",NA,"SPECIES","Fundulus grandis Baird & Girard, 1853","Fundulus grandis","","US","","Florida","PRESENT",NA,"28eb1a3f-1c15-4a95-931a-4af90ecb574d",25.283976,-80.330587,41,NA,NA,NA,NA,NA,"2021-08-12T10:37",12,8,2021,5203686,5203686,"HUMAN_OBSERVATION","iNaturalist","Observations","141800226",NA,"fredturt43",2022-11-15 14:30:27,"CC_BY_NC_4_0","ddeatienza","ddeatienza",NA,NA,2025-06-07 01:27:59.947,"StillImage","COORDINATE_ROUNDED;CONTINENT_DERIVED_FROM_COORDINATES;TAXON_MATCH_TAXON_ID_IGNORED"
4006719768,"50c9509d-22c7-4a22-a47d-8c48425ef4a7","https://www.inaturalist.org/observations/144399350","Animalia","Chordata",NA,"Cyprinodontiformes","Fundulidae","Fundulus","Fundulus grandis",NA,"SPECIES","Fundulus grandis Baird & Girard, 1853","Fundulus grandis","","US","","Florida","PRESENT",NA,"28eb1a3f-1c15-4a95-931a-4af90ecb574d",30.140006,-85.727315,244,NA,NA,NA,NA,NA,"2021-07-17T14:03",17,7,2021,5203686,5203686,"HUMAN_OBSERVATION","iNaturalist","Observations","144399350",NA,"Mitchel Buckner",2022-12-15 05:43:17,"CC_BY_NC_4_0","Levi Smith","Levi Smith",NA,NA,2025-06-07 01:12:56.8,"StillImage","COORDINATE_ROUNDED;CONTINENT_DERIVED_FROM_COORDINATES;TAXON_MATCH_TAXON_ID_IGNORED"
4006719096,"50c9509d-22c7-4a22-a47d-8c48425ef4a7","https://www.inaturalist.org/observations/144627108","Animalia","Chordata",NA,"Cyprinodontiformes","Fundulidae","Fundulus","Fundulus grandis",NA,"SPECIES","Fundulus grandis Baird & Girard, 1853","Fundulus grandis","","US","","Florida","PRESENT",NA,"28eb1a3f-1c15-4a95-931a-4af90ecb574d",27.124293,-82.422636,47,NA,NA,NA,NA,NA,"2022-12-18T16:49:21",18,12,2022,5203686,5203686,"HUMAN_OBSERVATION","iNaturalist","Observations","144627108",NA,"Matt Neilson",2022-12-19 18:47:27,"CC_BY_NC_4_0","Triton","Triton",NA,NA,2025-06-07 00:49:35.514,"StillImage","COORDINATE_ROUNDED;CONTINENT_DERIVED_FROM_COORDINATES;TAXON_MATCH_TAXON_ID_IGNORED"
3994171129,"50c9509d-22c7-4a22-a47d-8c48425ef4a7","https://www.inaturalist.org/observations/144160938","Animalia","Chordata",NA,"Cyprinodontiformes","Fundulidae","Fundulus","Fundulus grandis",NA,"SPECIES","Fundulus grandis Baird & Girard, 1853","Fundulus grandis","","US","","Florida","PRESENT",NA,"28eb1a3f-1c15-4a95-931a-4af90ecb574d",30.31309,-87.424996,13,NA,NA,NA,NA,NA,"2022-12-11T10:09:20",11,12,2022,5203686,5203686,"HUMAN_OBSERVATION","iNaturalist","Observations","144160938",NA,"Em",2022-12-11 16:54:58,"CC_BY_NC_4_0","Em","Em",NA,NA,2025-06-07 01:27:33.446,"StillImage","COORDINATE_ROUNDED;CONTINENT_DERIVED_FROM_COORDINATES;TAXON_MATCH_TAXON_ID_IGNORED"
3988636972,"50c9509d-22c7-4a22-a47d-8c48425ef4a7","https://www.inaturalist.org/observations/143518207","Animalia","Chordata",NA,"Cyprinodontiformes","Fundulidae","Fundulus","Fundulus grandis",NA,"SPECIES","Fundulus grandis Baird & Girard, 1853","Fundulus grandis","","US","","Florida","PRESENT",NA,"28eb1a3f-1c15-4a95-931a-4af90ecb574d",29.916616,-84.505855,NA,NA,NA,NA,NA,NA,"2019-03-16T16:43",16,3,2019,5203686,5203686,"HUMAN_OBSERVATION","iNaturalist","Observations","143518207",NA,"Maxfield JonasKrueger",2022-12-02 21:13:19,"CC_BY_NC_4_0","Maxfield JonasKrueger","Maxfield JonasKrueger",NA,NA,2025-06-07 00:42:52.596,"StillImage","COORDINATE_ROUNDED;CONTINENT_DERIVED_FROM_COORDINATES;TAXON_MATCH_TAXON_ID_IGNORED"
3988548885,"50c9509d-22c7-4a22-a47d-8c48425ef4a7","https://www.inaturalist.org/observations/143464364","Animalia","Chordata",NA,"Cyprinodontiformes","Fundulidae","Fundulus","Fundulus grandis",NA,"SPECIES","Fundulus grandis Baird & Girard, 1853","Fundulus grandis","","US","","Florida","PRESENT",NA,"28eb1a3f-1c15-4a95-931a-4af90ecb574d",30.311668,-87.421992,23,NA,NA,NA,NA,NA,"2022-12-01T18:52:52",1,12,2022,5203686,5203686,"HUMAN_OBSERVATION","iNaturalist","Observations","143464364",NA,"Em",2022-12-02 00:55:30,"CC_BY_NC_4_0","Em","Em",NA,NA,2025-06-07 00:46:34.384,"StillImage","COORDINATE_ROUNDED;CONTINENT_DERIVED_FROM_COORDINATES;TAXON_MATCH_TAXON_ID_IGNORED"
3988479064,"50c9509d-22c7-4a22-a47d-8c48425ef4a7","https://www.inaturalist.org/observations/143611244","Animalia","Chordata",NA,"Cyprinodontiformes","Fundulidae","Fundulus","Fundulus grandis",NA,"SPECIES","Fundulus grandis Baird & Girard, 1853","Fundulus grandis","","US","","Florida","PRESENT",NA,"28eb1a3f-1c15-4a95-931a-4af90ecb574d",29.714972,-81.238677,1884,NA,NA,NA,NA,NA,"2022-12-03T16:56",3,12,2022,5203686,5203686,"HUMAN_OBSERVATION","iNaturalist","Observations","143611244",NA,"alyssar22",2022-12-04 02:25:03,"CC_BY_NC_4_0","alyssar22","alyssar22",NA,NA,2025-06-07 00:06:05.098,"StillImage","COORDINATE_ROUNDED;CONTINENT_DERIVED_FROM_COORDINATES;TAXON_MATCH_TAXON_ID_IGNORED"
3986155939,"50c9509d-22c7-4a22-a47d-8c48425ef4a7","https://www.inaturalist.org/observations/141599772","Animalia","Chordata",NA,"Cyprinodontiformes","Fundulidae","Fundulus","Fundulus grandis",NA,"SPECIES","Fundulus grandis Baird & Girard, 1853","Fundulus grandis","","US","","Mississippi","PRESENT",NA,"28eb1a3f-1c15-4a95-931a-4af90ecb574d",30.36172,-88.763528,NA,NA,NA,NA,NA,NA,"2022-11-04T10:53",4,11,2022,5203686,5203686,"HUMAN_OBSERVATION","iNaturalist","Observations","141599772",NA,"pmk00001",2022-11-10 09:56:06,"CC_BY_NC_4_0","pmk00001","pmk00001",NA,NA,2025-06-07 00:44:56.5,"StillImage","COORDINATE_ROUNDED;CONTINENT_DERIVED_FROM_COORDINATES;TAXON_MATCH_TAXON_ID_IGNORED"
3985929756,"50c9509d-22c7-4a22-a47d-8c48425ef4a7","https://www.inaturalist.org/observations/142635812","Animalia","Chordata",NA,"Cyprinodontiformes","Fundulidae","Fundulus","Fundulus grandis",NA,"SPECIES","Fundulus grandis Baird & Girard, 1853","Fundulus grandis","","US","","Texas","PRESENT",NA,"28eb1a3f-1c15-4a95-931a-4af90ecb574d",29.214128,-94.953505,47,NA,NA,NA,NA,NA,"2022-11-12T10:31:58",12,11,2022,5203686,5203686,"HUMAN_OBSERVATION","iNaturalist","Observations","142635812",NA,"Mitchel Buckner",2022-11-22 23:52:33,"CC_BY_NC_4_0","amandamlopas","amandamlopas",NA,NA,2025-06-07 01:50:20.886,"StillImage","COORDINATE_ROUNDED;CONTINENT_DERIVED_FROM_COORDINATES;TAXON_MATCH_TAXON_ID_IGNORED"
3985626057,"50c9509d-22c7-4a22-a47d-8c48425ef4a7","https://www.inaturalist.org/observations/142084772","Animalia","Chordata",NA,"Cyprinodontiformes","Fundulidae","Fundulus","Fundulus grandis",NA,"SPECIES","Fundulus grandis Baird & Girard, 1853","Fundulus grandis","","US","","Florida","PRESENT",NA,"28eb1a3f-1c15-4a95-931a-4af90ecb574d",27.712372,-82.690475,5,NA,NA,NA,NA,NA,"2022-10-28T15:59:21",28,10,2022,5203686,5203686,"HUMAN_OBSERVATION","iNaturalist","Observations","142084772",NA,"marssharkk",2022-11-15 18:39:28,"CC_BY_NC_4_0","marssharkk","marssharkk",NA,NA,2025-06-07 01:40:22.751,"StillImage","COORDINATE_ROUNDED;CONTINENT_DERIVED_FROM_COORDINATES;TAXON_MATCH_TAXON_ID_IGNORED"
3985620962,"50c9509d-22c7-4a22-a47d-8c48425ef4a7","https://www.inaturalist.org/observations/141599607","Animalia","Chordata",NA,"Cyprinodontiformes","Fundulidae","Fundulus","Fundulus grandis",NA,"SPECIES","Fundulus grandis Baird & Girard, 1853","Fundulus grandis","","US","","Mississippi","PRESENT",NA,"28eb1a3f-1c15-4a95-931a-4af90ecb574d",30.361927,-88.763234,NA,NA,NA,NA,NA,NA,"2022-11-04T10:35",4,11,2022,5203686,5203686,"HUMAN_OBSERVATION","iNaturalist","Observations","141599607",NA,"pmk00001",2022-11-10 09:50:34,"CC_BY_NC_4_0","pmk00001","pmk00001",NA,NA,2025-06-07 00:04:44.38,"StillImage","COORDINATE_ROUNDED;CONTINENT_DERIVED_FROM_COORDINATES;TAXON_MATCH_TAXON_ID_IGNORED"
3966797311,"50c9509d-22c7-4a22-a47d-8c48425ef4a7","https://www.inaturalist.org/observations/142010690","Animalia","Chordata",NA,"Cyprinodontiformes","Fundulidae","Fundulus","Fundulus grandis",NA,"SPECIES","Fundulus grandis Baird & Girard, 1853","Fundulus grandis","","US","","Louisiana","PRESENT",NA,"28eb1a3f-1c15-4a95-931a-4af90ecb574d",30.236175,-93.22864,23,NA,NA,NA,NA,NA,"2022-11-13T17:10",13,11,2022,5203686,5203686,"HUMAN_OBSERVATION","iNaturalist","Observations","142010690",NA,"juliasaloom",2022-11-14 19:59:00,"CC_BY_NC_4_0","juliasaloom","juliasaloom",NA,NA,2025-06-07 01:13:48.807,"StillImage","COORDINATE_ROUNDED;CONTINENT_DERIVED_FROM_COORDINATES;TAXON_MATCH_TAXON_ID_IGNORED"
3966497575,"50c9509d-22c7-4a22-a47d-8c48425ef4a7","https://www.inaturalist.org/observations/139739152","Animalia","Chordata",NA,"Cyprinodontiformes","Fundulidae","Fundulus","Fundulus grandis",NA,"SPECIES","Fundulus grandis Baird & Girard, 1853","Fundulus grandis","","US","","Florida","PRESENT",NA,"28eb1a3f-1c15-4a95-931a-4af90ecb574d",27.946657,-82.462372,23,NA,NA,NA,NA,NA,"2022-10-22T11:19",22,10,2022,5203686,5203686,"HUMAN_OBSERVATION","iNaturalist","Observations","139739152",NA,"Alexis Desmarais",2022-10-24 16:22:39,"CC_BY_NC_4_0","adaniaf","adaniaf",NA,NA,2025-06-07 00:01:45.133,"StillImage","COORDINATE_ROUNDED;CONTINENT_DERIVED_FROM_COORDINATES;TAXON_MATCH_TAXON_ID_IGNORED"
3966444340,"50c9509d-22c7-4a22-a47d-8c48425ef4a7","https://www.inaturalist.org/observations/142050969","Animalia","Chordata",NA,"Cyprinodontiformes","Fundulidae","Fundulus","Fundulus grandis",NA,"SPECIES","Fundulus grandis Baird & Girard, 1853","Fundulus grandis","","US","","Florida","PRESENT",NA,"28eb1a3f-1c15-4a95-931a-4af90ecb574d",30.127567,-84.150178,10,NA,NA,NA,NA,NA,"2022-11-14T14:25:43",14,11,2022,5203686,5203686,"HUMAN_OBSERVATION","iNaturalist","Observations","142050969",NA,"Peter Wilson",2022-11-15 06:43:54,"CC_BY_NC_4_0","Peter Wilson","Peter Wilson",NA,NA,2025-06-07 00:37:57.414,"StillImage","COORDINATE_ROUNDED;CONTINENT_DERIVED_FROM_COORDINATES;TAXON_MATCH_TAXON_ID_IGNORED"
3966369062,"50c9509d-22c7-4a22-a47d-8c48425ef4a7","https://www.inaturalist.org/observations/141794894","Animalia","Chordata",NA,"Cyprinodontiformes","Fundulidae","Fundulus","Fundulus grandis",NA,"SPECIES","Fundulus grandis Baird & Girard, 1853","Fundulus grandis","","US","","Texas","PRESENT",NA,"28eb1a3f-1c15-4a95-931a-4af90ecb574d",29.213787,-94.95375,4,NA,NA,NA,NA,NA,"2022-11-12T10:33:30",12,11,2022,5203686,5203686,"HUMAN_OBSERVATION","iNaturalist","Observations","141794894",NA,"ryerye_01",2022-11-12 16:35:10,"CC_BY_NC_4_0","ryerye_01","ryerye_01",NA,NA,2025-06-07 00:48:57.635,"StillImage","COORDINATE_ROUNDED;CONTINENT_DERIVED_FROM_COORDINATES;TAXON_MATCH_TAXON_ID_IGNORED"
3963718360,"50c9509d-22c7-4a22-a47d-8c48425ef4a7","https://www.inaturalist.org/observations/141419069","Animalia","Chordata",NA,"Cyprinodontiformes","Fundulidae","Fundulus","Fundulus grandis",NA,"SPECIES","Fundulus grandis Baird & Girard, 1853","Fundulus grandis","","US","","Florida","PRESENT",NA,"28eb1a3f-1c15-4a95-931a-4af90ecb574d",26.471961,-82.140086,10,NA,NA,NA,NA,NA,"2021-12-30T12:36",30,12,2021,5203686,5203686,"HUMAN_OBSERVATION","iNaturalist","Observations","141419069",NA,"Emily Hjalmarson",2022-11-08 14:19:49,"CC_BY_NC_4_0","Emily Hjalmarson","Emily Hjalmarson",NA,NA,2025-06-07 00:28:23.876,"StillImage","COORDINATE_ROUNDED;CONTINENT_DERIVED_FROM_COORDINATES;TAXON_MATCH_TAXON_ID_IGNORED"
3963419309,"50c9509d-22c7-4a22-a47d-8c48425ef4a7","https://www.inaturalist.org/observations/14336491","Animalia","Chordata",NA,"Cyprinodontiformes","Fundulidae","Fundulus","Fundulus grandis",NA,"SPECIES","Fundulus grandis Baird & Girard, 1853","Fundulus grandis","","US","","Florida","PRESENT",NA,"28eb1a3f-1c15-4a95-931a-4af90ecb574d",26.042018,-80.123833,885,NA,NA,NA,NA,NA,"2018-07-13T17:08:53",13,7,2018,5203686,5203686,"HUMAN_OBSERVATION","iNaturalist","Observations","14336491",NA,"ddeatienza",2022-08-16 21:27:09,"CC0_1_0","Diego Blanco","Diego Blanco",NA,NA,2025-06-07 02:31:13.23,"StillImage","COORDINATE_ROUNDED;CONTINENT_DERIVED_FROM_COORDINATES;TAXON_MATCH_TAXON_ID_IGNORED"
3947609172,"50c9509d-22c7-4a22-a47d-8c48425ef4a7","https://www.inaturalist.org/observations/139482644","Animalia","Chordata",NA,"Cyprinodontiformes","Fundulidae","Fundulus","Fundulus grandis",NA,"SPECIES","Fundulus grandis Baird & Girard, 1853","Fundulus grandis","","US","","Florida","PRESENT",NA,"28eb1a3f-1c15-4a95-931a-4af90ecb574d",25.215398,-80.336523,977,NA,NA,NA,NA,NA,"2022-10-20T11:53",20,10,2022,5203686,5203686,"HUMAN_OBSERVATION","iNaturalist","Observations","139482644",NA,"Isaac Lord",2022-10-21 00:56:54,"CC_BY_NC_4_0","Isaac Lord","Isaac Lord",NA,NA,2025-06-07 02:39:33.467,"StillImage","COORDINATE_ROUNDED;CONTINENT_DERIVED_FROM_COORDINATES;TAXON_MATCH_TAXON_ID_IGNORED"
3947538196,"50c9509d-22c7-4a22-a47d-8c48425ef4a7","https://www.inaturalist.org/observations/138570224","Animalia","Chordata",NA,"Cyprinodontiformes","Fundulidae","Fundulus","Fundulus grandis",NA,"SPECIES","Fundulus grandis Baird & Girard, 1853","Fundulus grandis","","US","","Florida","PRESENT",NA,"28eb1a3f-1c15-4a95-931a-4af90ecb574d",30.379412,-86.890128,5,NA,NA,NA,NA,NA,"2022-10-12T18:50:18",12,10,2022,5203686,5203686,"HUMAN_OBSERVATION","iNaturalist","Observations","138570224",NA,"scorpiondra",2022-10-13 01:40:11,"CC_BY_NC_4_0","scorpiondra","scorpiondra",NA,NA,2025-06-06 23:58:42.385,"StillImage","COORDINATE_ROUNDED;CONTINENT_DERIVED_FROM_COORDINATES;TAXON_MATCH_TAXON_ID_IGNORED"
3947276503,"50c9509d-22c7-4a22-a47d-8c48425ef4a7","https://www.inaturalist.org/observations/138875540","Animalia","Chordata",NA,"Cyprinodontiformes","Fundulidae","Fundulus","Fundulus grandis",NA,"SPECIES","Fundulus grandis Baird & Girard, 1853","Fundulus grandis","","US","","Mississippi","PRESENT",NA,"28eb1a3f-1c15-4a95-931a-4af90ecb574d",30.377549,-89.044783,NA,NA,NA,NA,NA,NA,"2022-10-15T12:41:36",15,10,2022,5203686,5203686,"HUMAN_OBSERVATION","iNaturalist","Observations","138875540",NA,"Dakota Parish",2022-10-15 18:57:12,"CC_BY_4_0","Dakota Parish","Dakota Parish",NA,NA,2025-06-07 01:40:21.998,"StillImage","COORDINATE_ROUNDED;CONTINENT_DERIVED_FROM_COORDINATES;TAXON_MATCH_TAXON_ID_IGNORED"
3947197327,"50c9509d-22c7-4a22-a47d-8c48425ef4a7","https://www.inaturalist.org/observations/138664039","Animalia","Chordata",NA,"Cyprinodontiformes","Fundulidae","Fundulus","Fundulus grandis",NA,"SPECIES","Fundulus grandis Baird & Girard, 1853","Fundulus grandis","","US","","Texas","PRESENT",NA,"28eb1a3f-1c15-4a95-931a-4af90ecb574d",27.885501,-97.112969,4243,NA,NA,NA,NA,NA,"2022-10-13T02:41:28",13,10,2022,5203686,5203686,"HUMAN_OBSERVATION","iNaturalist","Observations","138664039",NA,"James Driscoll",2022-10-13 23:18:56,"CC_BY_NC_4_0","James Driscoll","James Driscoll",NA,NA,2025-06-07 00:52:09.374,"StillImage","COORDINATE_ROUNDED;CONTINENT_DERIVED_FROM_COORDINATES;TAXON_MATCH_TAXON_ID_IGNORED"
3925018081,"50c9509d-22c7-4a22-a47d-8c48425ef4a7","https://www.inaturalist.org/observations/137888855","Animalia","Chordata",NA,"Cyprinodontiformes","Fundulidae","Fundulus","Fundulus grandis",NA,"SPECIES","Fundulus grandis Baird & Girard, 1853","Fundulus grandis","","US","","Texas","PRESENT",NA,"28eb1a3f-1c15-4a95-931a-4af90ecb574d",30.565987,-98.323303,4,NA,NA,NA,NA,NA,"2022-10-07T09:52:45",7,10,2022,5203686,5203686,"HUMAN_OBSERVATION","iNaturalist","Observations","137888855",NA,"seymouraquabio",2022-10-07 18:48:37,"CC_BY_NC_4_0","seymouraquabio","seymouraquabio",NA,NA,2025-06-07 00:05:14.732,"StillImage","COORDINATE_ROUNDED;CONTINENT_DERIVED_FROM_COORDINATES;TAXON_MATCH_TAXON_ID_IGNORED"
3923425458,"50c9509d-22c7-4a22-a47d-8c48425ef4a7","https://www.inaturalist.org/observations/109722840","Animalia","Chordata",NA,"Cyprinodontiformes","Fundulidae","Fundulus","Fundulus grandis",NA,"SPECIES","Fundulus grandis Baird & Girard, 1853","Fundulus grandis","","US","","Florida","PRESENT",NA,"28eb1a3f-1c15-4a95-931a-4af90ecb574d",25.18082,-80.361362,NA,NA,NA,NA,NA,NA,"2022-03-27T11:04",27,3,2022,5203686,5203686,"HUMAN_OBSERVATION","iNaturalist","Observations","109722840",NA,"David Jeffrey Ringer",2022-04-11 03:32:44,"CC_BY_NC_4_0","David Jeffrey Ringer","David Jeffrey Ringer",NA,NA,2025-06-07 00:43:36.784,"StillImage","COORDINATE_ROUNDED;CONTINENT_DERIVED_FROM_COORDINATES;TAXON_MATCH_TAXON_ID_IGNORED"
3912200216,"50c9509d-22c7-4a22-a47d-8c48425ef4a7","https://www.inaturalist.org/observations/135161574","Animalia","Chordata",NA,"Cyprinodontiformes","Fundulidae","Fundulus","Fundulus grandis",NA,"SPECIES","Fundulus grandis Baird & Girard, 1853","Fundulus grandis","","US","","Texas","PRESENT",NA,"28eb1a3f-1c15-4a95-931a-4af90ecb574d",27.827158,-97.07969,2,NA,NA,NA,NA,NA,"2022-09-15T11:10",15,9,2022,5203686,5203686,"HUMAN_OBSERVATION","iNaturalist","Observations","135161574",NA,"Jon McIntyre",2022-09-15 19:53:14,"CC_BY_NC_4_0","Jon McIntyre","Jon McIntyre",NA,NA,2025-06-07 00:17:40.59,"StillImage","COORDINATE_ROUNDED;CONTINENT_DERIVED_FROM_COORDINATES;TAXON_MATCH_TAXON_ID_IGNORED"
3902228681,"50c9509d-22c7-4a22-a47d-8c48425ef4a7","https://www.inaturalist.org/observations/131160204","Animalia","Chordata",NA,"Cyprinodontiformes","Fundulidae","Fundulus","Fundulus grandis",NA,"SPECIES","Fundulus grandis Baird & Girard, 1853","Fundulus grandis","","US","","Louisiana","PRESENT",NA,"28eb1a3f-1c15-4a95-931a-4af90ecb574d",29.770805,-93.014228,NA,NA,NA,NA,NA,NA,"2022-08-15T15:24:23",15,8,2022,5203686,5203686,"HUMAN_OBSERVATION","iNaturalist","Observations","131160204",NA,"R.C. Hoover",2022-08-17 04:04:39,"CC_BY_NC_4_0","R.C. Hoover","R.C. Hoover",NA,NA,2025-06-07 00:15:59.615,"StillImage","COORDINATE_ROUNDED;CONTINENT_DERIVED_FROM_COORDINATES;TAXON_MATCH_TAXON_ID_IGNORED"
3902004579,"50c9509d-22c7-4a22-a47d-8c48425ef4a7","https://www.inaturalist.org/observations/109260176","Animalia","Chordata",NA,"Cyprinodontiformes","Fundulidae","Fundulus","Fundulus grandis",NA,"SPECIES","Fundulus grandis Baird & Girard, 1853","Fundulus grandis","","US","","Mississippi","PRESENT",NA,"28eb1a3f-1c15-4a95-931a-4af90ecb574d",30.431241,-88.987635,1061,NA,NA,NA,NA,NA,"2022-03-17T12:04:18",17,3,2022,5203686,5203686,"HUMAN_OBSERVATION","iNaturalist","Observations","109260176",NA,"Tia Offner",2022-03-30 22:30:16,"CC_BY_NC_4_0","Tia Offner","Tia Offner",NA,NA,2025-06-07 00:36:33.186,"StillImage","COORDINATE_ROUNDED;CONTINENT_DERIVED_FROM_COORDINATES;TAXON_MATCH_TAXON_ID_IGNORED"
3892274476,"50c9509d-22c7-4a22-a47d-8c48425ef4a7","https://www.inaturalist.org/observations/129203984","Animalia","Chordata",NA,"Cyprinodontiformes","Fundulidae","Fundulus","Fundulus grandis",NA,"SPECIES","Fundulus grandis Baird & Girard, 1853","Fundulus grandis","","US","","Texas","PRESENT",NA,"28eb1a3f-1c15-4a95-931a-4af90ecb574d",29.212909,-94.952991,34,NA,NA,NA,NA,NA,"2022-08-02T17:33",2,8,2022,5203686,5203686,"HUMAN_OBSERVATION","iNaturalist","Observations","129203984",NA,"Michael Scherer",2022-08-02 22:34:35,"CC_BY_NC_4_0","Michael Scherer","Michael Scherer",NA,NA,2025-06-07 00:00:39.07,"StillImage","COORDINATE_ROUNDED;CONTINENT_DERIVED_FROM_COORDINATES;TAXON_MATCH_TAXON_ID_IGNORED"
3889195861,"50c9509d-22c7-4a22-a47d-8c48425ef4a7","https://www.inaturalist.org/observations/129457130","Animalia","Chordata",NA,"Cyprinodontiformes","Fundulidae","Fundulus","Fundulus grandis",NA,"SPECIES","Fundulus grandis Baird & Girard, 1853","Fundulus grandis","","US","","Texas","PRESENT",NA,"28eb1a3f-1c15-4a95-931a-4af90ecb574d",27.837138,-97.051275,22,NA,NA,NA,NA,NA,"2022-08-04T15:21:33",4,8,2022,5203686,5203686,"HUMAN_OBSERVATION","iNaturalist","Observations","129457130",NA,"Joel Haan",2022-08-04 20:55:49,"CC_BY_NC_4_0","Andrew Orgill","Andrew Orgill",NA,NA,2025-06-07 01:27:45.956,"","COORDINATE_ROUNDED;CONTINENT_DERIVED_FROM_COORDINATES;TAXON_MATCH_TAXON_ID_IGNORED"
3889160012,"50c9509d-22c7-4a22-a47d-8c48425ef4a7","https://www.inaturalist.org/observations/129457081","Animalia","Chordata",NA,"Cyprinodontiformes","Fundulidae","Fundulus","Fundulus grandis",NA,"SPECIES","Fundulus grandis Baird & Girard, 1853","Fundulus grandis","","US","","Texas","PRESENT",NA,"28eb1a3f-1c15-4a95-931a-4af90ecb574d",27.837142,-97.051259,22,NA,NA,NA,NA,NA,"2022-08-04T15:21:19",4,8,2022,5203686,5203686,"HUMAN_OBSERVATION","iNaturalist","Observations","129457081",NA,"Joel Haan",2022-08-04 20:56:08,"CC_BY_NC_4_0","Andrew Orgill","Andrew Orgill",NA,NA,2025-06-07 02:47:46.952,"","COORDINATE_ROUNDED;CONTINENT_DERIVED_FROM_COORDINATES;TAXON_MATCH_TAXON_ID_IGNORED"
3889150803,"50c9509d-22c7-4a22-a47d-8c48425ef4a7","https://www.inaturalist.org/observations/129467529","Animalia","Chordata",NA,"Cyprinodontiformes","Fundulidae","Fundulus","Fundulus grandis",NA,"SPECIES","Fundulus grandis Baird & Girard, 1853","Fundulus grandis","","US","","Texas","PRESENT",NA,"28eb1a3f-1c15-4a95-931a-4af90ecb574d",27.837158,-97.05075,5,NA,NA,NA,NA,NA,"2022-08-04T16:49:09",4,8,2022,5203686,5203686,"HUMAN_OBSERVATION","iNaturalist","Observations","129467529",NA,"Andrew Orgill",2022-08-04 21:54:47,"CC_BY_NC_4_0","Andrew Orgill","Andrew Orgill",NA,NA,2025-06-07 01:04:03.743,"","COORDINATE_ROUNDED;CONTINENT_DERIVED_FROM_COORDINATES;TAXON_MATCH_TAXON_ID_IGNORED"
3888854858,"50c9509d-22c7-4a22-a47d-8c48425ef4a7","https://www.inaturalist.org/observations/129467635","Animalia","Chordata",NA,"Cyprinodontiformes","Fundulidae","Fundulus","Fundulus grandis",NA,"SPECIES","Fundulus grandis Baird & Girard, 1853","Fundulus grandis","","US","","Texas","PRESENT",NA,"28eb1a3f-1c15-4a95-931a-4af90ecb574d",27.837172,-97.05075,4,NA,NA,NA,NA,NA,"2022-08-04T16:49:25",4,8,2022,5203686,5203686,"HUMAN_OBSERVATION","iNaturalist","Observations","129467635",NA,"Andrew Orgill",2022-08-04 21:55:44,"CC_BY_NC_4_0","Andrew Orgill","Andrew Orgill",NA,NA,2025-06-07 01:16:41.883,"","COORDINATE_ROUNDED;CONTINENT_DERIVED_FROM_COORDINATES;TAXON_MATCH_TAXON_ID_IGNORED"
3881681870,"50c9509d-22c7-4a22-a47d-8c48425ef4a7","https://www.inaturalist.org/observations/128341910","Animalia","Chordata",NA,"Cyprinodontiformes","Fundulidae","Fundulus","Fundulus grandis",NA,"SPECIES","Fundulus grandis Baird & Girard, 1853","Fundulus grandis","","US","","Mississippi","PRESENT",NA,"28eb1a3f-1c15-4a95-931a-4af90ecb574d",30.41245,-88.403862,4,NA,NA,NA,NA,NA,"2022-07-28T12:52:53",28,7,2022,5203686,5203686,"HUMAN_OBSERVATION","iNaturalist","Observations","128341910",NA,"Emmett Carstens",2022-07-28 19:03:13,"CC_BY_NC_4_0","Emmett Carstens","Emmett Carstens",NA,NA,2025-06-06 23:56:32.511,"StillImage","COORDINATE_ROUNDED;CONTINENT_DERIVED_FROM_COORDINATES;TAXON_MATCH_TAXON_ID_IGNORED"
3881352934,"50c9509d-22c7-4a22-a47d-8c48425ef4a7","https://www.inaturalist.org/observations/128342194","Animalia","Chordata",NA,"Cyprinodontiformes","Fundulidae","Fundulus","Fundulus grandis",NA,"SPECIES","Fundulus grandis Baird & Girard, 1853","Fundulus grandis","","US","","Mississippi","PRESENT",NA,"28eb1a3f-1c15-4a95-931a-4af90ecb574d",30.4124,-88.403878,7,NA,NA,NA,NA,NA,"2022-07-28T12:54",28,7,2022,5203686,5203686,"HUMAN_OBSERVATION","iNaturalist","Observations","128342194",NA,"Emmett Carstens",2022-07-28 19:05:10,"CC_BY_NC_4_0","Emmett Carstens","Emmett Carstens",NA,NA,2025-06-07 01:27:33.236,"StillImage","COORDINATE_ROUNDED;CONTINENT_DERIVED_FROM_COORDINATES;TAXON_MATCH_TAXON_ID_IGNORED"
3874170220,"50c9509d-22c7-4a22-a47d-8c48425ef4a7","https://www.inaturalist.org/observations/126709055","Animalia","Chordata",NA,"Cyprinodontiformes","Fundulidae","Fundulus","Fundulus grandis",NA,"SPECIES","Fundulus grandis Baird & Girard, 1853","Fundulus grandis","","US","","Florida","PRESENT",NA,"28eb1a3f-1c15-4a95-931a-4af90ecb574d",27.801159,-82.770533,5,NA,NA,NA,NA,NA,"2022-07-17T16:42:26",17,7,2022,5203686,5203686,"HUMAN_OBSERVATION","iNaturalist","Observations","126709055",NA,"Abby K",2022-07-17 20:50:01,"CC_BY_NC_4_0","Abby K","Abby K",NA,NA,2025-06-07 01:09:19.304,"StillImage","COORDINATE_ROUNDED;CONTINENT_DERIVED_FROM_COORDINATES;TAXON_MATCH_TAXON_ID_IGNORED"
3874084011,"50c9509d-22c7-4a22-a47d-8c48425ef4a7","https://www.inaturalist.org/observations/127301999","Animalia","Chordata",NA,"Cyprinodontiformes","Fundulidae","Fundulus","Fundulus grandis",NA,"SPECIES","Fundulus grandis Baird & Girard, 1853","Fundulus grandis","","US","","Alabama","PRESENT",NA,"28eb1a3f-1c15-4a95-931a-4af90ecb574d",30.291913,-87.554688,5,NA,NA,NA,NA,NA,"2022-07-19T10:48:40",19,7,2022,5203686,5203686,"HUMAN_OBSERVATION","iNaturalist","Observations","127301999",NA,"Jesseholifield",2022-07-22 01:09:39,"CC_BY_NC_4_0","Jesseholifield","Jesseholifield",NA,NA,2025-06-07 01:06:27.539,"StillImage","COORDINATE_ROUNDED;CONTINENT_DERIVED_FROM_COORDINATES;TAXON_MATCH_TAXON_ID_IGNORED"
3874048911,"50c9509d-22c7-4a22-a47d-8c48425ef4a7","https://www.inaturalist.org/observations/127435718","Animalia","Chordata",NA,"Cyprinodontiformes","Fundulidae","Fundulus","Fundulus grandis",NA,"SPECIES","Fundulus grandis Baird & Girard, 1853","Fundulus grandis","","US","","Louisiana","PRESENT",NA,"28eb1a3f-1c15-4a95-931a-4af90ecb574d",29.720972,-92.730824,NA,NA,NA,NA,NA,NA,"2022-07-22T14:51:53",22,7,2022,5203686,5203686,"HUMAN_OBSERVATION","iNaturalist","Observations","127435718",NA,"Robert Dobbs",2022-07-23 00:21:21,"CC_BY_NC_4_0","Robert Dobbs","Robert Dobbs",NA,NA,2025-06-07 00:37:20.965,"StillImage","COORDINATE_ROUNDED;CONTINENT_DERIVED_FROM_COORDINATES;TAXON_MATCH_TAXON_ID_IGNORED"
3873468877,"50c9509d-22c7-4a22-a47d-8c48425ef4a7","https://www.inaturalist.org/observations/125124217","Animalia","Chordata",NA,"Cyprinodontiformes","Fundulidae","Fundulus","Fundulus grandis",NA,"SPECIES","Fundulus grandis Baird & Girard, 1853","Fundulus grandis","","US","","Mississippi","PRESENT",NA,"28eb1a3f-1c15-4a95-931a-4af90ecb574d",30.35018,-89.134964,4,NA,NA,NA,NA,NA,"2022-07-06T21:57:49",6,7,2022,5203686,5203686,"HUMAN_OBSERVATION","iNaturalist","Observations","125124217",NA,"Tia Offner",2022-07-07 04:19:10,"CC_BY_NC_4_0","Tia Offner","Tia Offner",NA,NA,2025-06-07 01:18:43.639,"StillImage","COORDINATE_ROUNDED;CONTINENT_DERIVED_FROM_COORDINATES;TAXON_MATCH_TAXON_ID_IGNORED"
3872869442,"50c9509d-22c7-4a22-a47d-8c48425ef4a7","https://www.inaturalist.org/observations/68038778","Animalia","Chordata",NA,"Cyprinodontiformes","Fundulidae","Fundulus","Fundulus grandis",NA,"SPECIES","Fundulus grandis Baird & Girard, 1853","Fundulus grandis","","US","","Florida","PRESENT",NA,"28eb1a3f-1c15-4a95-931a-4af90ecb574d",26.461462,-82.132828,5,NA,NA,NA,NA,NA,"2021-01-13T10:07:48",13,1,2021,5203686,5203686,"HUMAN_OBSERVATION","iNaturalist","Observations","68038778",NA,"Eric C. Maxwell",2022-07-08 14:35:15,"CC_BY_NC_4_0","Larry Chen","Larry Chen",NA,NA,2025-06-07 00:34:55.174,"StillImage","COORDINATE_ROUNDED;CONTINENT_DERIVED_FROM_COORDINATES;TAXON_MATCH_TAXON_ID_IGNORED"
3872869212,"50c9509d-22c7-4a22-a47d-8c48425ef4a7","https://www.inaturalist.org/observations/125251546","Animalia","Chordata",NA,"Cyprinodontiformes","Fundulidae","Fundulus","Fundulus grandis",NA,"SPECIES","Fundulus grandis Baird & Girard, 1853","Fundulus grandis","","US","","Mississippi","PRESENT",NA,"28eb1a3f-1c15-4a95-931a-4af90ecb574d",30.374328,-88.707619,4,NA,NA,NA,NA,NA,"2022-07-07T16:22",7,7,2022,5203686,5203686,"HUMAN_OBSERVATION","iNaturalist","Observations","125251546",NA,"Janet Wright",2022-07-08 02:12:34,"CC_BY_NC_4_0","Janet Wright","Janet Wright",NA,NA,2025-06-07 01:24:45.672,"StillImage","COORDINATE_ROUNDED;CONTINENT_DERIVED_FROM_COORDINATES;TAXON_MATCH_TAXON_ID_IGNORED"
3860564973,"50c9509d-22c7-4a22-a47d-8c48425ef4a7","https://www.inaturalist.org/observations/123175548","Animalia","Chordata",NA,"Cyprinodontiformes","Fundulidae","Fundulus","Fundulus grandis",NA,"SPECIES","Fundulus grandis Baird & Girard, 1853","Fundulus grandis","","US","","Texas","PRESENT",NA,"28eb1a3f-1c15-4a95-931a-4af90ecb574d",29.211967,-94.953138,4,NA,NA,NA,NA,NA,"2022-06-23T21:07:07",23,6,2022,5203686,5203686,"HUMAN_OBSERVATION","iNaturalist","Observations","123175548",NA,"Sam Dragon-Moore",2022-06-24 03:08:46,"CC_BY_NC_4_0","Sam Dragon-Moore","Sam Dragon-Moore",NA,NA,2025-06-06 23:57:16.398,"StillImage","COORDINATE_ROUNDED;CONTINENT_DERIVED_FROM_COORDINATES;TAXON_MATCH_TAXON_ID_IGNORED"
3860512349,"50c9509d-22c7-4a22-a47d-8c48425ef4a7","https://www.inaturalist.org/observations/121297024","Animalia","Chordata",NA,"Cyprinodontiformes","Fundulidae","Fundulus","Fundulus grandis",NA,"SPECIES","Fundulus grandis Baird & Girard, 1853","Fundulus grandis","","US","","Florida","PRESENT",NA,"28eb1a3f-1c15-4a95-931a-4af90ecb574d",29.138577,-83.035121,3092,NA,NA,NA,NA,NA,"2022-06-07T14:03:02",7,6,2022,5203686,5203686,"HUMAN_OBSERVATION","iNaturalist","Observations","121297024",NA,"floridafishingkw",2022-06-11 20:22:16,"CC_BY_NC_4_0","floridafishingkw","floridafishingkw",NA,NA,2025-06-07 01:02:33.797,"StillImage","COORDINATE_ROUNDED;CONTINENT_DERIVED_FROM_COORDINATES;TAXON_MATCH_TAXON_ID_IGNORED"
3860090465,"50c9509d-22c7-4a22-a47d-8c48425ef4a7","https://www.inaturalist.org/observations/44501332","Animalia","Chordata",NA,"Cyprinodontiformes","Fundulidae","Fundulus","Fundulus grandis",NA,"SPECIES","Fundulus grandis Baird & Girard, 1853","Fundulus grandis","","US","","Texas","PRESENT",NA,"28eb1a3f-1c15-4a95-931a-4af90ecb574d",30.464812,-98.078354,3886,NA,NA,NA,NA,NA,"2020-05-01T13:16:45Z",1,5,2020,5203686,5203686,"HUMAN_OBSERVATION","iNaturalist","Observations","44501332",NA,"Ty Smith",2020-08-28 19:35:46,"CC_BY_NC_4_0","pirate4ever","pirate4ever",NA,NA,2025-06-07 00:54:29.302,"StillImage","COORDINATE_ROUNDED;CONTINENT_DERIVED_FROM_COORDINATES;TAXON_MATCH_TAXON_ID_IGNORED"
3860087989,"50c9509d-22c7-4a22-a47d-8c48425ef4a7","https://www.inaturalist.org/observations/123309112","Animalia","Chordata",NA,"Cyprinodontiformes","Fundulidae","Fundulus","Fundulus grandis",NA,"SPECIES","Fundulus grandis Baird & Girard, 1853","Fundulus grandis","","US","","Mississippi","PRESENT",NA,"28eb1a3f-1c15-4a95-931a-4af90ecb574d",30.430436,-88.987264,378,NA,NA,NA,NA,NA,"2022-05-17T15:15",17,5,2022,5203686,5203686,"HUMAN_OBSERVATION","iNaturalist","Observations","123309112",NA,"Tia Offner",2022-06-25 02:34:02,"CC_BY_NC_4_0","Tia Offner","Tia Offner",NA,NA,2025-06-07 02:43:20.235,"StillImage","COORDINATE_ROUNDED;CONTINENT_DERIVED_FROM_COORDINATES;TAXON_MATCH_TAXON_ID_IGNORED"
3860060090,"50c9509d-22c7-4a22-a47d-8c48425ef4a7","https://www.inaturalist.org/observations/123313474","Animalia","Chordata",NA,"Cyprinodontiformes","Fundulidae","Fundulus","Fundulus grandis",NA,"SPECIES","Fundulus grandis Baird & Girard, 1853","Fundulus grandis","","US","","Texas","PRESENT",NA,"28eb1a3f-1c15-4a95-931a-4af90ecb574d",29.213101,-94.953163,76,NA,NA,NA,NA,NA,"2022-06-24T21:05",24,6,2022,5203686,5203686,"HUMAN_OBSERVATION","iNaturalist","Observations","123313474",NA,"Sam Dragon-Moore",2022-06-25 03:24:32,"CC_BY_NC_4_0","Sam Dragon-Moore","Sam Dragon-Moore",NA,NA,2025-06-07 00:18:06.725,"StillImage","COORDINATE_ROUNDED;CONTINENT_DERIVED_FROM_COORDINATES;TAXON_MATCH_TAXON_ID_IGNORED"
3860003853,"50c9509d-22c7-4a22-a47d-8c48425ef4a7","https://www.inaturalist.org/observations/123007754","Animalia","Chordata",NA,"Cyprinodontiformes","Fundulidae","Fundulus","Fundulus grandis",NA,"SPECIES","Fundulus grandis Baird & Girard, 1853","Fundulus grandis","","US","","Florida","PRESENT",NA,"28eb1a3f-1c15-4a95-931a-4af90ecb574d",30.244436,-81.410117,22,NA,NA,NA,NA,NA,"2022-06-22T16:01:44",22,6,2022,5203686,5203686,"HUMAN_OBSERVATION","iNaturalist","Observations","123007754",NA,"",NA,"CC_BY_NC_4_0","tobrook","tobrook",NA,NA,2025-06-07 02:49:54.614,"StillImage","COORDINATE_ROUNDED;CONTINENT_DERIVED_FROM_COORDINATES;TAXON_MATCH_TAXON_ID_IGNORED"
3859867276,"50c9509d-22c7-4a22-a47d-8c48425ef4a7","https://www.inaturalist.org/observations/123607514","Animalia","Chordata",NA,"Cyprinodontiformes","Fundulidae","Fundulus","Fundulus grandis",NA,"SPECIES","Fundulus grandis Baird & Girard, 1853","Fundulus grandis","","US","","Florida","PRESENT",NA,"28eb1a3f-1c15-4a95-931a-4af90ecb574d",27.641544,-82.741501,323,NA,NA,NA,NA,NA,"2022-06-17T18:18",17,6,2022,5203686,5203686,"HUMAN_OBSERVATION","iNaturalist","Observations","123607514",NA,"JeffreyGammon",2022-06-26 22:20:18,"CC_BY_NC_4_0","JeffreyGammon","JeffreyGammon",NA,NA,2025-06-07 00:18:55.133,"StillImage","COORDINATE_ROUNDED;CONTINENT_DERIVED_FROM_COORDINATES;TAXON_MATCH_TAXON_ID_IGNORED"
3859705942,"50c9509d-22c7-4a22-a47d-8c48425ef4a7","https://www.inaturalist.org/observations/110132919","Animalia","Chordata",NA,"Cyprinodontiformes","Fundulidae","Fundulus","Fundulus grandis",NA,"SPECIES","Fundulus grandis Baird & Girard, 1853","Fundulus grandis","","US","","Texas","PRESENT",NA,"28eb1a3f-1c15-4a95-931a-4af90ecb574d",29.313395,-94.821236,4,NA,NA,NA,NA,NA,"2022-04-01T18:28:39Z",1,4,2022,5203686,5203686,"HUMAN_OBSERVATION","iNaturalist","Observations","110132919",NA,"Jon McIntyre",2022-04-30 21:25:41,"CC_BY_NC_4_0","maddiesmenagerie","maddiesmenagerie",NA,NA,2025-06-07 02:36:50.023,"StillImage","COORDINATE_ROUNDED;CONTINENT_DERIVED_FROM_COORDINATES;TAXON_MATCH_TAXON_ID_IGNORED"
3859634055,"50c9509d-22c7-4a22-a47d-8c48425ef4a7","https://www.inaturalist.org/observations/123313450","Animalia","Chordata",NA,"Cyprinodontiformes","Fundulidae","Fundulus","Fundulus grandis",NA,"SPECIES","Fundulus grandis Baird & Girard, 1853","Fundulus grandis","","US","","Texas","PRESENT",NA,"28eb1a3f-1c15-4a95-931a-4af90ecb574d",29.21315,-94.953093,80,NA,NA,NA,NA,NA,"2022-06-24T21:15",24,6,2022,5203686,5203686,"HUMAN_OBSERVATION","iNaturalist","Observations","123313450",NA,"Sam Dragon-Moore",2022-06-25 03:24:08,"CC_BY_NC_4_0","Sam Dragon-Moore","Sam Dragon-Moore",NA,NA,2025-06-07 00:04:16.85,"StillImage","COORDINATE_ROUNDED;CONTINENT_DERIVED_FROM_COORDINATES;TAXON_MATCH_TAXON_ID_IGNORED"
3859572864,"50c9509d-22c7-4a22-a47d-8c48425ef4a7","https://www.inaturalist.org/observations/123175509","Animalia","Chordata",NA,"Cyprinodontiformes","Fundulidae","Fundulus","Fundulus grandis",NA,"SPECIES","Fundulus grandis Baird & Girard, 1853","Fundulus grandis","","US","","Texas","PRESENT",NA,"28eb1a3f-1c15-4a95-931a-4af90ecb574d",29.212088,-94.953155,4,NA,NA,NA,NA,NA,"2022-06-23T21:05:10",23,6,2022,5203686,5203686,"HUMAN_OBSERVATION","iNaturalist","Observations","123175509",NA,"Sam Dragon-Moore",2022-06-24 03:08:21,"CC_BY_NC_4_0","Sam Dragon-Moore","Sam Dragon-Moore",NA,NA,2025-06-07 02:38:37.464,"StillImage","COORDINATE_ROUNDED;CONTINENT_DERIVED_FROM_COORDINATES;TAXON_MATCH_TAXON_ID_IGNORED"
3859538607,"50c9509d-22c7-4a22-a47d-8c48425ef4a7","https://www.inaturalist.org/observations/119365470","Animalia","Chordata",NA,"Cyprinodontiformes","Fundulidae","Fundulus","Fundulus grandis",NA,"SPECIES","Fundulus grandis Baird & Girard, 1853","Fundulus grandis","","US","","Texas","PRESENT",NA,"28eb1a3f-1c15-4a95-931a-4af90ecb574d",28.251978,-96.787565,2,NA,NA,NA,NA,NA,"2022-05-29T16:55",29,5,2022,5203686,5203686,"HUMAN_OBSERVATION","iNaturalist","Observations","119365470",NA,"Jon McIntyre",2022-05-30 03:21:31,"CC_BY_NC_4_0","Jon McIntyre","Jon McIntyre",NA,NA,2025-06-07 02:48:05.664,"StillImage","COORDINATE_ROUNDED;CONTINENT_DERIVED_FROM_COORDINATES;TAXON_MATCH_TAXON_ID_IGNORED"
3859111004,"50c9509d-22c7-4a22-a47d-8c48425ef4a7","https://www.inaturalist.org/observations/123175600","Animalia","Chordata",NA,"Cyprinodontiformes","Fundulidae","Fundulus","Fundulus grandis",NA,"SPECIES","Fundulus grandis Baird & Girard, 1853","Fundulus grandis","","US","","Texas","PRESENT",NA,"28eb1a3f-1c15-4a95-931a-4af90ecb574d",29.212045,-94.953133,4,NA,NA,NA,NA,NA,"2022-06-23T21:11:53",23,6,2022,5203686,5203686,"HUMAN_OBSERVATION","iNaturalist","Observations","123175600",NA,"Sam Dragon-Moore",2022-06-24 03:09:27,"CC_BY_NC_4_0","Sam Dragon-Moore","Sam Dragon-Moore",NA,NA,2025-06-07 01:18:20.183,"StillImage","COORDINATE_ROUNDED;CONTINENT_DERIVED_FROM_COORDINATES;TAXON_MATCH_TAXON_ID_IGNORED"
3859010544,"50c9509d-22c7-4a22-a47d-8c48425ef4a7","https://www.inaturalist.org/observations/125101937","Animalia","Chordata",NA,"Cyprinodontiformes","Fundulidae","Fundulus","Fundulus grandis",NA,"SPECIES","Fundulus grandis Baird & Girard, 1853","Fundulus grandis","","US","","Florida","PRESENT",NA,"28eb1a3f-1c15-4a95-931a-4af90ecb574d",30.426358,-87.18647,4,NA,NA,NA,NA,NA,"2022-03-21T21:31:20",21,3,2022,5203686,5203686,"HUMAN_OBSERVATION","iNaturalist","Observations","125101937",NA,"IHUNTA",2022-07-07 00:13:52,"CC_BY_NC_4_0","IHUNTA","IHUNTA",NA,NA,2025-06-07 01:03:28.536,"StillImage","COORDINATE_ROUNDED;CONTINENT_DERIVED_FROM_COORDINATES;TAXON_MATCH_TAXON_ID_IGNORED"
3858869950,"50c9509d-22c7-4a22-a47d-8c48425ef4a7","https://www.inaturalist.org/observations/123175582","Animalia","Chordata",NA,"Cyprinodontiformes","Fundulidae","Fundulus","Fundulus grandis",NA,"SPECIES","Fundulus grandis Baird & Girard, 1853","Fundulus grandis","","US","","Texas","PRESENT",NA,"28eb1a3f-1c15-4a95-931a-4af90ecb574d",29.211963,-94.953133,4,NA,NA,NA,NA,NA,"2022-06-23T21:07:13",23,6,2022,5203686,5203686,"HUMAN_OBSERVATION","iNaturalist","Observations","123175582",NA,"Sam Dragon-Moore",2022-06-24 03:09:10,"CC_BY_NC_4_0","Sam Dragon-Moore","Sam Dragon-Moore",NA,NA,2025-06-07 02:50:05.253,"StillImage","COORDINATE_ROUNDED;CONTINENT_DERIVED_FROM_COORDINATES;TAXON_MATCH_TAXON_ID_IGNORED"
3858789056,"50c9509d-22c7-4a22-a47d-8c48425ef4a7","https://www.inaturalist.org/observations/119829280","Animalia","Chordata",NA,"Cyprinodontiformes","Fundulidae","Fundulus","Fundulus grandis",NA,"SPECIES","Fundulus grandis Baird & Girard, 1853","Fundulus grandis","","US","","Texas","PRESENT",NA,"28eb1a3f-1c15-4a95-931a-4af90ecb574d",28.301284,-96.805986,2,NA,NA,NA,NA,NA,"2022-06-01T15:07",1,6,2022,5203686,5203686,"HUMAN_OBSERVATION","iNaturalist","Observations","119829280",NA,"Jon McIntyre",2022-06-02 03:54:23,"CC_BY_NC_4_0","Jon McIntyre","Jon McIntyre",NA,NA,2025-06-07 00:50:10.353,"StillImage","COORDINATE_ROUNDED;CONTINENT_DERIVED_FROM_COORDINATES;TAXON_MATCH_TAXON_ID_IGNORED"
3858588095,"50c9509d-22c7-4a22-a47d-8c48425ef4a7","https://www.inaturalist.org/observations/119864393","Animalia","Chordata",NA,"Cyprinodontiformes","Fundulidae","Fundulus","Fundulus grandis",NA,"SPECIES","Fundulus grandis Baird & Girard, 1853","Fundulus grandis","","US","","Louisiana","PRESENT",NA,"28eb1a3f-1c15-4a95-931a-4af90ecb574d",29.624475,-91.878945,5,NA,NA,NA,NA,NA,"2022-06-02T08:12:35",2,6,2022,5203686,5203686,"HUMAN_OBSERVATION","iNaturalist","Observations","119864393",NA,"fredturt43",2022-06-05 14:49:47,"CC_BY_NC_4_0","Margaret Vincent","Margaret Vincent",NA,NA,2025-06-07 00:41:25.458,"StillImage","CONTINENT_DERIVED_FROM_COORDINATES;TAXON_MATCH_TAXON_ID_IGNORED"
3858307972,"50c9509d-22c7-4a22-a47d-8c48425ef4a7","https://www.inaturalist.org/observations/112256953","Animalia","Chordata",NA,"Cyprinodontiformes","Fundulidae","Fundulus","Fundulus grandis",NA,"SPECIES","Fundulus grandis Baird & Girard, 1853","Fundulus grandis","","US","","Florida","PRESENT",NA,"28eb1a3f-1c15-4a95-931a-4af90ecb574d",28.075358,-82.835367,8,NA,NA,NA,NA,NA,"2022-04-19T12:41",19,4,2022,5203686,5203686,"HUMAN_OBSERVATION","iNaturalist","Observations","112256953",NA,"sam_cheverie",2022-04-21 12:01:39,"CC_BY_NC_4_0","sam_cheverie","sam_cheverie",NA,NA,2025-06-07 01:39:11.573,"StillImage","COORDINATE_ROUNDED;CONTINENT_DERIVED_FROM_COORDINATES;TAXON_MATCH_TAXON_ID_IGNORED"
3858169166,"50c9509d-22c7-4a22-a47d-8c48425ef4a7","https://www.inaturalist.org/observations/118088831","Animalia","Chordata",NA,"Cyprinodontiformes","Fundulidae","Fundulus","Fundulus grandis",NA,"SPECIES","Fundulus grandis Baird & Girard, 1853","Fundulus grandis","","US","","Florida","PRESENT",NA,"28eb1a3f-1c15-4a95-931a-4af90ecb574d",27.534007,-82.627094,61,NA,NA,NA,NA,NA,"2020-05-02T12:24",2,5,2020,5203686,5203686,"HUMAN_OBSERVATION","iNaturalist","Observations","118088831",NA,"JeffreyGammon",2022-05-21 22:49:09,"CC_BY_NC_4_0","JeffreyGammon","JeffreyGammon",NA,NA,2025-06-07 00:37:14.899,"StillImage","COORDINATE_ROUNDED;CONTINENT_DERIVED_FROM_COORDINATES;TAXON_MATCH_TAXON_ID_IGNORED"
3773769406,"50c9509d-22c7-4a22-a47d-8c48425ef4a7","https://www.inaturalist.org/observations/116218927","Animalia","Chordata",NA,"Cyprinodontiformes","Fundulidae","Fundulus","Fundulus grandis",NA,"SPECIES","Fundulus grandis Baird & Girard, 1853","Fundulus grandis","","US","","Florida","PRESENT",NA,"28eb1a3f-1c15-4a95-931a-4af90ecb574d",30.074513,-84.180126,161,NA,NA,NA,NA,NA,"2022-04-23T17:39:23",23,4,2022,5203686,5203686,"HUMAN_OBSERVATION","iNaturalist","Observations","116218927",NA,"Gabriel Barajas",2022-05-09 02:26:16,"CC_BY_NC_4_0","Gabriel Barajas","Gabriel Barajas",NA,NA,2025-06-07 02:39:15.922,"StillImage","COORDINATE_ROUNDED;CONTINENT_DERIVED_FROM_COORDINATES;TAXON_MATCH_TAXON_ID_IGNORED"
3773464323,"50c9509d-22c7-4a22-a47d-8c48425ef4a7","https://www.inaturalist.org/observations/116568738","Animalia","Chordata",NA,"Cyprinodontiformes","Fundulidae","Fundulus","Fundulus grandis",NA,"SPECIES","Fundulus grandis Baird & Girard, 1853","Fundulus grandis","","US","","Florida","PRESENT",NA,"28eb1a3f-1c15-4a95-931a-4af90ecb574d",29.147708,-80.976425,4,NA,NA,NA,NA,NA,"2022-02-09T23:05",9,2,2022,5203686,5203686,"HUMAN_OBSERVATION","iNaturalist","Observations","116568738",NA,"IHUNTA",2022-05-11 15:51:38,"CC_BY_NC_4_0","IHUNTA","IHUNTA",NA,NA,2025-06-07 00:46:38.94,"StillImage","COORDINATE_ROUNDED;CONTINENT_DERIVED_FROM_COORDINATES;TAXON_MATCH_TAXON_ID_IGNORED"
3772774457,"50c9509d-22c7-4a22-a47d-8c48425ef4a7","https://www.inaturalist.org/observations/116416586","Animalia","Chordata",NA,"Cyprinodontiformes","Fundulidae","Fundulus","Fundulus grandis",NA,"SPECIES","Fundulus grandis Baird & Girard, 1853","Fundulus grandis","","US","","Florida","PRESENT",NA,"28eb1a3f-1c15-4a95-931a-4af90ecb574d",27.524019,-82.644346,15,NA,NA,NA,NA,NA,"2022-05-10T08:43",10,5,2022,5203686,5203686,"HUMAN_OBSERVATION","iNaturalist","Observations","116416586",NA,"moose439",2022-05-10 13:47:06,"CC_BY_NC_4_0","moose439","moose439",NA,NA,2025-06-07 01:11:03.295,"StillImage","COORDINATE_ROUNDED;CONTINENT_DERIVED_FROM_COORDINATES;TAXON_MATCH_TAXON_ID_IGNORED"
3764167260,"50c9509d-22c7-4a22-a47d-8c48425ef4a7","https://www.inaturalist.org/observations/113168374","Animalia","Chordata",NA,"Cyprinodontiformes","Fundulidae","Fundulus","Fundulus grandis",NA,"SPECIES","Fundulus grandis Baird & Girard, 1853","Fundulus grandis","","US","","Mississippi","PRESENT",NA,"28eb1a3f-1c15-4a95-931a-4af90ecb574d",30.393313,-88.771225,4,NA,NA,NA,NA,NA,"2022-04-26T09:17:05",26,4,2022,5203686,5203686,"HUMAN_OBSERVATION","iNaturalist","Observations","113168374",NA,"mstelljes",2022-04-28 01:31:56,"CC_BY_NC_4_0","mstelljes","mstelljes",NA,NA,2025-06-07 02:48:39.225,"StillImage","COORDINATE_ROUNDED;CONTINENT_DERIVED_FROM_COORDINATES;TAXON_MATCH_TAXON_ID_IGNORED"
3760303191,"50c9509d-22c7-4a22-a47d-8c48425ef4a7","https://www.inaturalist.org/observations/111711192","Animalia","Chordata",NA,"Cyprinodontiformes","Fundulidae","Fundulus","Fundulus grandis",NA,"SPECIES","Fundulus grandis Baird & Girard, 1853","Fundulus grandis","","US","","Florida","PRESENT",NA,"28eb1a3f-1c15-4a95-931a-4af90ecb574d",27.787655,-82.776279,139,NA,NA,NA,NA,NA,"2022-04-16T14:08:05",16,4,2022,5203686,5203686,"HUMAN_OBSERVATION","iNaturalist","Observations","111711192",NA,"Vance",2022-04-16 22:44:31,"CC_BY_NC_4_0","Vance","Vance",NA,NA,2025-06-07 02:38:59.407,"StillImage","COORDINATE_ROUNDED;CONTINENT_DERIVED_FROM_COORDINATES;TAXON_MATCH_TAXON_ID_IGNORED"
3759590661,"50c9509d-22c7-4a22-a47d-8c48425ef4a7","https://www.inaturalist.org/observations/90116628","Animalia","Chordata",NA,"Cyprinodontiformes","Fundulidae","Fundulus","Fundulus grandis",NA,"SPECIES","Fundulus grandis Baird & Girard, 1853","Fundulus grandis","","US","","Texas","PRESENT",NA,"28eb1a3f-1c15-4a95-931a-4af90ecb574d",30.980418,-101.974633,NA,NA,NA,NA,NA,NA,"2021-08-05T19:57:13",5,8,2021,5203686,5203686,"HUMAN_OBSERVATION","iNaturalist","Observations","90116628",NA,"pmk00001",2022-01-07 12:35:51,"CC_BY_NC_4_0","Scotty Lofland","Scotty Lofland",NA,NA,2025-06-07 00:40:31.431,"StillImage","COORDINATE_ROUNDED;CONTINENT_DERIVED_FROM_COORDINATES;TAXON_MATCH_TAXON_ID_IGNORED"
3759287577,"50c9509d-22c7-4a22-a47d-8c48425ef4a7","https://www.inaturalist.org/observations/110125179","Animalia","Chordata",NA,"Cyprinodontiformes","Fundulidae","Fundulus","Fundulus grandis",NA,"SPECIES","Fundulus grandis Baird & Girard, 1853","Fundulus grandis","","US","","Texas","PRESENT",NA,"28eb1a3f-1c15-4a95-931a-4af90ecb574d",29.314463,-94.820213,65,NA,NA,NA,NA,NA,"2022-04-01T16:43:53Z",1,4,2022,5203686,5203686,"HUMAN_OBSERVATION","iNaturalist","Observations","110125179",NA,"maddiesmenagerie",2022-04-01 21:44:01,"CC_BY_NC_4_0","maddiesmenagerie","maddiesmenagerie",NA,NA,2025-06-07 01:40:24.121,"StillImage","COORDINATE_ROUNDED;CONTINENT_DERIVED_FROM_COORDINATES;TAXON_MATCH_TAXON_ID_IGNORED"
3747386358,"50c9509d-22c7-4a22-a47d-8c48425ef4a7","https://www.inaturalist.org/observations/109412185","Animalia","Chordata",NA,"Cyprinodontiformes","Fundulidae","Fundulus","Fundulus grandis",NA,"SPECIES","Fundulus grandis Baird & Girard, 1853","Fundulus grandis","","US","","Florida","PRESENT",NA,"28eb1a3f-1c15-4a95-931a-4af90ecb574d",27.440772,-82.68667,15,NA,NA,NA,NA,NA,"2022-03-21T12:56:02",21,3,2022,5203686,5203686,"HUMAN_OBSERVATION","iNaturalist","Observations","109412185",NA,"Zayd Wheeler",2022-03-24 23:12:52,"CC_BY_NC_4_0","Zayd Wheeler","Zayd Wheeler",NA,NA,2025-06-07 00:50:08.596,"StillImage","COORDINATE_ROUNDED;CONTINENT_DERIVED_FROM_COORDINATES;TAXON_MATCH_TAXON_ID_IGNORED"
3747162745,"50c9509d-22c7-4a22-a47d-8c48425ef4a7","https://www.inaturalist.org/observations/109160243","Animalia","Chordata",NA,"Cyprinodontiformes","Fundulidae","Fundulus","Fundulus grandis",NA,"SPECIES","Fundulus grandis Baird & Girard, 1853","Fundulus grandis","","US","","Texas","PRESENT",NA,"28eb1a3f-1c15-4a95-931a-4af90ecb574d",27.681409,-97.175002,22,NA,NA,NA,NA,NA,"2022-03-21T11:32:42",21,3,2022,5203686,5203686,"HUMAN_OBSERVATION","iNaturalist","Observations","109160243",NA,"Jon McIntyre",2022-03-21 18:20:30,"CC_BY_NC_4_0","Jon McIntyre","Jon McIntyre",NA,NA,2025-06-06 23:55:24.584,"StillImage","COORDINATE_ROUNDED;CONTINENT_DERIVED_FROM_COORDINATES;TAXON_MATCH_TAXON_ID_IGNORED"
3743172479,"50c9509d-22c7-4a22-a47d-8c48425ef4a7","https://www.inaturalist.org/observations/108352804","Animalia","Chordata",NA,"Cyprinodontiformes","Fundulidae","Fundulus","Fundulus grandis",NA,"SPECIES","Fundulus grandis Baird & Girard, 1853","Fundulus grandis","","US","","Texas","PRESENT",NA,"28eb1a3f-1c15-4a95-931a-4af90ecb574d",26.138673,-97.175067,NA,NA,NA,NA,NA,NA,"2021-11-08T12:19",8,11,2021,5203686,5203686,"HUMAN_OBSERVATION","iNaturalist","Observations","108352804",NA,"James Bailey",2022-03-11 07:07:47,"CC_BY_NC_4_0","James Bailey","James Bailey",NA,NA,2025-06-07 01:49:37.742,"StillImage","COORDINATE_ROUNDED;CONTINENT_DERIVED_FROM_COORDINATES;TAXON_MATCH_TAXON_ID_IGNORED"
3743074488,"50c9509d-22c7-4a22-a47d-8c48425ef4a7","https://www.inaturalist.org/observations/108352792","Animalia","Chordata",NA,"Cyprinodontiformes","Fundulidae","Fundulus","Fundulus grandis",NA,"SPECIES","Fundulus grandis Baird & Girard, 1853","Fundulus grandis","","US","","Texas","PRESENT",NA,"28eb1a3f-1c15-4a95-931a-4af90ecb574d",26.138367,-97.175482,NA,NA,NA,NA,NA,NA,"2021-11-08T11:51",8,11,2021,5203686,5203686,"HUMAN_OBSERVATION","iNaturalist","Observations","108352792",NA,"Jon McIntyre",2022-03-13 18:35:59,"CC_BY_NC_4_0","James Bailey","James Bailey",NA,NA,2025-06-07 00:45:41.813,"StillImage","COORDINATE_ROUNDED;CONTINENT_DERIVED_FROM_COORDINATES;TAXON_MATCH_TAXON_ID_IGNORED"
3705791852,"50c9509d-22c7-4a22-a47d-8c48425ef4a7","https://www.inaturalist.org/observations/107581484","Animalia","Chordata",NA,"Cyprinodontiformes","Fundulidae","Fundulus","Fundulus grandis",NA,"SPECIES","Fundulus grandis Baird & Girard, 1853","Fundulus grandis","","US","","Florida","PRESENT",NA,"28eb1a3f-1c15-4a95-931a-4af90ecb574d",30.0845,-84.169412,8,NA,NA,NA,NA,NA,"2022-02-27T15:06:27",27,2,2022,5203686,5203686,"HUMAN_OBSERVATION","iNaturalist","Observations","107581484",NA,"kas18s",2022-02-27 20:17:39,"CC_BY_NC_4_0","kas18s","kas18s",NA,NA,2025-06-07 00:46:03.993,"StillImage","COORDINATE_ROUNDED;CONTINENT_DERIVED_FROM_COORDINATES;TAXON_MATCH_TAXON_ID_IGNORED"
3705700561,"50c9509d-22c7-4a22-a47d-8c48425ef4a7","https://www.inaturalist.org/observations/107440626","Animalia","Chordata",NA,"Cyprinodontiformes","Fundulidae","Fundulus","Fundulus grandis",NA,"SPECIES","Fundulus grandis Baird & Girard, 1853","Fundulus grandis","","US","","Alabama","PRESENT",NA,"28eb1a3f-1c15-4a95-931a-4af90ecb574d",30.580637,-88.083389,327,NA,NA,NA,NA,NA,"2022-02-25T14:02:18",25,2,2022,5203686,5203686,"HUMAN_OBSERVATION","iNaturalist","Observations","107440626",NA,"Robert Lamb",2022-02-25 22:27:49,"CC_BY_NC_4_0","Robert Lamb","Robert Lamb",NA,NA,2025-06-06 23:55:45.718,"StillImage","COORDINATE_ROUNDED;CONTINENT_DERIVED_FROM_COORDINATES;TAXON_MATCH_TAXON_ID_IGNORED"
3705451549,"50c9509d-22c7-4a22-a47d-8c48425ef4a7","https://www.inaturalist.org/observations/107423375","Animalia","Chordata",NA,"Cyprinodontiformes","Fundulidae","Fundulus","Fundulus grandis",NA,"SPECIES","Fundulus grandis Baird & Girard, 1853","Fundulus grandis","","US","","Mississippi","PRESENT",NA,"28eb1a3f-1c15-4a95-931a-4af90ecb574d",30.361215,-88.450894,21,NA,NA,NA,NA,NA,"2022-02-25T11:13:23Z",25,2,2022,5203686,5203686,"HUMAN_OBSERVATION","iNaturalist","Observations","107423375",NA,"Emmett Carstens",2022-02-25 17:13:43,"CC_BY_NC_4_0","Emmett Carstens","Emmett Carstens",NA,NA,2025-06-07 00:49:52.34,"StillImage","COORDINATE_ROUNDED;CONTINENT_DERIVED_FROM_COORDINATES;TAXON_MATCH_TAXON_ID_IGNORED"
3456932158,"50c9509d-22c7-4a22-a47d-8c48425ef4a7","https://www.inaturalist.org/observations/104442077","Animalia","Chordata",NA,"Cyprinodontiformes","Fundulidae","Fundulus","Fundulus grandis",NA,"SPECIES","Fundulus grandis Baird & Girard, 1853","Fundulus grandis","","US","","Texas","PRESENT",NA,"28eb1a3f-1c15-4a95-931a-4af90ecb574d",29.22025,-94.94583,36,NA,NA,NA,NA,NA,"2022-01-05T10:40:29",5,1,2022,5203686,5203686,"HUMAN_OBSERVATION","iNaturalist","Observations","104442077",NA,"johnwilliams",2022-01-06 02:47:40,"CC_BY_NC_4_0","johnwilliams","johnwilliams",NA,NA,2025-06-07 01:58:05.333,"StillImage","CONTINENT_DERIVED_FROM_COORDINATES;TAXON_MATCH_TAXON_ID_IGNORED"
3456912675,"50c9509d-22c7-4a22-a47d-8c48425ef4a7","https://www.inaturalist.org/observations/102196417","Animalia","Chordata",NA,"Cyprinodontiformes","Fundulidae","Fundulus","Fundulus grandis",NA,"SPECIES","Fundulus grandis Baird & Girard, 1853","Fundulus grandis","","US","","Texas","PRESENT",NA,"28eb1a3f-1c15-4a95-931a-4af90ecb574d",28.252024,-96.787588,2,NA,NA,NA,NA,NA,"2021-11-29T11:34",29,11,2021,5203686,5203686,"HUMAN_OBSERVATION","iNaturalist","Observations","102196417",NA,"Jon McIntyre",2021-11-29 21:17:22,"CC_BY_NC_4_0","Jon McIntyre","Jon McIntyre",NA,NA,2025-06-07 01:01:18.714,"StillImage","COORDINATE_ROUNDED;CONTINENT_DERIVED_FROM_COORDINATES;TAXON_MATCH_TAXON_ID_IGNORED"
3456750973,"50c9509d-22c7-4a22-a47d-8c48425ef4a7","https://www.inaturalist.org/observations/104850445","Animalia","Chordata",NA,"Cyprinodontiformes","Fundulidae","Fundulus","Fundulus grandis",NA,"SPECIES","Fundulus grandis Baird & Girard, 1853","Fundulus grandis","","US","","Texas","PRESENT",NA,"28eb1a3f-1c15-4a95-931a-4af90ecb574d",27.467697,-97.860817,5,NA,NA,NA,NA,NA,"2022-01-12T18:24:40Z",12,1,2022,5203686,5203686,"HUMAN_OBSERVATION","iNaturalist","Observations","104850445",NA,"abazaldua3984",2022-01-13 04:50:58,"CC_BY_NC_4_0","abazaldua3984","abazaldua3984",NA,NA,2025-06-07 01:47:41.557,"StillImage","COORDINATE_ROUNDED;CONTINENT_DERIVED_FROM_COORDINATES;TAXON_MATCH_TAXON_ID_IGNORED"
3456722570,"50c9509d-22c7-4a22-a47d-8c48425ef4a7","https://www.inaturalist.org/observations/90111170","Animalia","Chordata",NA,"Cyprinodontiformes","Fundulidae","Fundulus","Fundulus grandis",NA,"SPECIES","Fundulus grandis Baird & Girard, 1853","Fundulus grandis","","US","","Texas","PRESENT",NA,"28eb1a3f-1c15-4a95-931a-4af90ecb574d",30.980408,-101.974628,4,NA,NA,NA,NA,NA,"2021-08-05T19:54:43",5,8,2021,5203686,5203686,"HUMAN_OBSERVATION","iNaturalist","Observations","90111170",NA,"Bryan Box",2021-08-06 20:40:04,"CC_BY_NC_4_0","Bryan Box","Bryan Box",NA,NA,2025-06-07 00:28:55.692,"StillImage","COORDINATE_ROUNDED;CONTINENT_DERIVED_FROM_COORDINATES;TAXON_MATCH_TAXON_ID_IGNORED"
3456682253,"50c9509d-22c7-4a22-a47d-8c48425ef4a7","https://www.inaturalist.org/observations/104442059","Animalia","Chordata",NA,"Cyprinodontiformes","Fundulidae","Fundulus","Fundulus grandis",NA,"SPECIES","Fundulus grandis Baird & Girard, 1853","Fundulus grandis","","US","","Texas","PRESENT",NA,"28eb1a3f-1c15-4a95-931a-4af90ecb574d",29.202305,-94.957528,9,NA,NA,NA,NA,NA,"2022-01-05T13:02:42",5,1,2022,5203686,5203686,"HUMAN_OBSERVATION","iNaturalist","Observations","104442059",NA,"johnwilliams",2022-01-06 02:47:06,"CC_BY_NC_4_0","johnwilliams","johnwilliams",NA,NA,2025-06-07 01:36:59.515,"StillImage","COORDINATE_ROUNDED;CONTINENT_DERIVED_FROM_COORDINATES;TAXON_MATCH_TAXON_ID_IGNORED"
3456589948,"50c9509d-22c7-4a22-a47d-8c48425ef4a7","https://www.inaturalist.org/observations/103055798","Animalia","Chordata",NA,"Cyprinodontiformes","Fundulidae","Fundulus","Fundulus grandis",NA,"SPECIES","Fundulus grandis Baird & Girard, 1853","Fundulus grandis","","US","","Florida","PRESENT",NA,"28eb1a3f-1c15-4a95-931a-4af90ecb574d",30.0729,-84.177977,170,NA,NA,NA,NA,NA,"2021-12-14T11:58:05",14,12,2021,5203686,5203686,"HUMAN_OBSERVATION","iNaturalist","Observations","103055798",NA,"Nick Carlson",2021-12-14 18:32:05,"CC_BY_NC_4_0","Nick Carlson","Nick Carlson",NA,NA,2025-06-07 02:39:01.077,"StillImage","COORDINATE_ROUNDED;CONTINENT_DERIVED_FROM_COORDINATES;TAXON_MATCH_TAXON_ID_IGNORED"
3456445832,"50c9509d-22c7-4a22-a47d-8c48425ef4a7","https://www.inaturalist.org/observations/102430325","Animalia","Chordata",NA,"Cyprinodontiformes","Fundulidae","Fundulus","Fundulus grandis",NA,"SPECIES","Fundulus grandis Baird & Girard, 1853","Fundulus grandis","","US","","Texas","PRESENT",NA,"28eb1a3f-1c15-4a95-931a-4af90ecb574d",27.89378,-97.123169,5,NA,NA,NA,NA,NA,"2021-12-03T15:12:35",3,12,2021,5203686,5203686,"HUMAN_OBSERVATION","iNaturalist","Observations","102430325",NA,"Jon McIntyre",2021-12-05 03:04:24,"CC_BY_NC_4_0","Alyssa Harvey","Alyssa Harvey",NA,NA,2025-06-07 00:45:46.502,"StillImage","COORDINATE_ROUNDED;CONTINENT_DERIVED_FROM_COORDINATES;TAXON_MATCH_TAXON_ID_IGNORED"
3456281281,"50c9509d-22c7-4a22-a47d-8c48425ef4a7","https://www.inaturalist.org/observations/76973014","Animalia","Chordata",NA,"Cyprinodontiformes","Fundulidae","Fundulus","Fundulus grandis",NA,"SPECIES","Fundulus grandis Baird & Girard, 1853","Fundulus grandis","","US","","Texas","PRESENT",NA,"28eb1a3f-1c15-4a95-931a-4af90ecb574d",29.433722,-94.948608,134,NA,NA,NA,NA,NA,"2021-05-03T10:52:15",3,5,2021,5203686,5203686,"HUMAN_OBSERVATION","iNaturalist","Observations","76973014",NA,"Jon McIntyre",2021-05-27 05:06:37,"CC_BY_4_0","Jaime González","Jaime González",NA,NA,2025-06-07 01:53:05.474,"StillImage","COORDINATE_ROUNDED;CONTINENT_DERIVED_FROM_COORDINATES;TAXON_MATCH_TAXON_ID_IGNORED"
3456036513,"50c9509d-22c7-4a22-a47d-8c48425ef4a7","https://www.inaturalist.org/observations/104442044","Animalia","Chordata",NA,"Cyprinodontiformes","Fundulidae","Fundulus","Fundulus grandis",NA,"SPECIES","Fundulus grandis Baird & Girard, 1853","Fundulus grandis","","US","","Texas","PRESENT",NA,"28eb1a3f-1c15-4a95-931a-4af90ecb574d",29.20232,-94.957475,22,NA,NA,NA,NA,NA,"2022-01-05T13:02:33",5,1,2022,5203686,5203686,"HUMAN_OBSERVATION","iNaturalist","Observations","104442044",NA,"johnwilliams",2022-01-06 02:46:37,"CC_BY_NC_4_0","johnwilliams","johnwilliams",NA,NA,2025-06-07 01:54:50.386,"StillImage","CONTINENT_DERIVED_FROM_COORDINATES;TAXON_MATCH_TAXON_ID_IGNORED"
3455996292,"50c9509d-22c7-4a22-a47d-8c48425ef4a7","https://www.inaturalist.org/observations/83581203","Animalia","Chordata",NA,"Cyprinodontiformes","Fundulidae","Fundulus","Fundulus grandis",NA,"SPECIES","Fundulus grandis Baird & Girard, 1853","Fundulus grandis","","US","","Texas","PRESENT",NA,"28eb1a3f-1c15-4a95-931a-4af90ecb574d",27.527461,-97.838019,360,NA,NA,NA,NA,NA,"2021-06-15T12:34:11",15,6,2021,5203686,5203686,"HUMAN_OBSERVATION","iNaturalist","Observations","83581203",NA,"uconnbirdfish",2021-06-19 11:32:12,"CC_BY_NC_4_0","Fernando Carvallo","Fernando Carvallo",NA,NA,2025-06-07 00:36:26.171,"StillImage","COORDINATE_ROUNDED;CONTINENT_DERIVED_FROM_COORDINATES;TAXON_MATCH_TAXON_ID_IGNORED"
3455929741,"50c9509d-22c7-4a22-a47d-8c48425ef4a7","https://www.inaturalist.org/observations/62373171","Animalia","Chordata",NA,"Cyprinodontiformes","Fundulidae","Fundulus","Fundulus grandis",NA,"SPECIES","Fundulus grandis Baird & Girard, 1853","Fundulus grandis","","US","","Florida","PRESENT",NA,"28eb1a3f-1c15-4a95-931a-4af90ecb574d",28.06408,-82.830401,2717,NA,NA,NA,NA,NA,"2020-10-11T17:01",11,10,2020,5203686,5203686,"HUMAN_OBSERVATION","iNaturalist","Observations","62373171",NA,"fredturt43",2021-12-10 21:57:37,"CC_BY_NC_4_0","evanaturalist","evanaturalist",NA,NA,2025-06-06 23:54:23.237,"StillImage","COORDINATE_ROUNDED;CONTINENT_DERIVED_FROM_COORDINATES;TAXON_MATCH_TAXON_ID_IGNORED"
3455875894,"50c9509d-22c7-4a22-a47d-8c48425ef4a7","https://www.inaturalist.org/observations/96743182","Animalia","Chordata",NA,"Cyprinodontiformes","Fundulidae","Fundulus","Fundulus grandis",NA,"SPECIES","Fundulus grandis Baird & Girard, 1853","Fundulus grandis","","US","","Mississippi","PRESENT",NA,"28eb1a3f-1c15-4a95-931a-4af90ecb574d",30.428969,-88.988146,814,NA,NA,NA,NA,NA,"2021-09-27T11:40",27,9,2021,5203686,5203686,"HUMAN_OBSERVATION","iNaturalist","Observations","96743182",NA,"Tia Offner",2021-10-01 00:57:23,"CC_BY_NC_4_0","Tia Offner","Tia Offner",NA,NA,2025-06-07 00:36:11.352,"StillImage","COORDINATE_ROUNDED;CONTINENT_DERIVED_FROM_COORDINATES;TAXON_MATCH_TAXON_ID_IGNORED"
3455822971,"50c9509d-22c7-4a22-a47d-8c48425ef4a7","https://www.inaturalist.org/observations/104706570","Animalia","Chordata",NA,"Cyprinodontiformes","Fundulidae","Fundulus","Fundulus grandis",NA,"SPECIES","Fundulus grandis Baird & Girard, 1853","Fundulus grandis","","US","","New Mexico","PRESENT",NA,"28eb1a3f-1c15-4a95-931a-4af90ecb574d",32.034533,-104.020908,166,NA,NA,NA,NA,NA,"2009-03-17T04:28",17,3,2009,5203686,5203686,"HUMAN_OBSERVATION","iNaturalist","Observations","104706570",NA,"Tom Kennedy",2022-01-10 15:05:13,"CC_BY_4_0","Tom Kennedy","Tom Kennedy",NA,NA,2025-06-07 00:35:39.211,"StillImage","COORDINATE_ROUNDED;CONTINENT_DERIVED_FROM_COORDINATES;TAXON_MATCH_TAXON_ID_IGNORED"
3455783797,"50c9509d-22c7-4a22-a47d-8c48425ef4a7","https://www.inaturalist.org/observations/48016792","Animalia","Chordata",NA,"Cyprinodontiformes","Fundulidae","Fundulus","Fundulus grandis",NA,"SPECIES","Fundulus grandis Baird & Girard, 1853","Fundulus grandis","","US","","Texas","PRESENT",NA,"28eb1a3f-1c15-4a95-931a-4af90ecb574d",29.344472,-94.976037,8,NA,NA,NA,NA,NA,"2020-05-31T13:11:52Z",31,5,2020,5203686,5203686,"HUMAN_OBSERVATION","iNaturalist","Observations","48016792",NA,"Hanna Houston",2020-06-04 04:18:06,"CC_BY_NC_4_0","Hanna Houston","Hanna Houston",NA,NA,2025-06-07 00:41:59.704,"StillImage","COORDINATE_ROUNDED;CONTINENT_DERIVED_FROM_COORDINATES;TAXON_MATCH_TAXON_ID_IGNORED"
3455454872,"50c9509d-22c7-4a22-a47d-8c48425ef4a7","https://www.inaturalist.org/observations/101988123","Animalia","Chordata",NA,"Cyprinodontiformes","Fundulidae","Fundulus","Fundulus grandis",NA,"SPECIES","Fundulus grandis Baird & Girard, 1853","Fundulus grandis","","US","","Mississippi","PRESENT",NA,"28eb1a3f-1c15-4a95-931a-4af90ecb574d",30.376984,-89.044334,280,NA,NA,NA,NA,NA,"2021-11-26T19:46",26,11,2021,5203686,5203686,"HUMAN_OBSERVATION","iNaturalist","Observations","101988123",NA,"Tia Offner",2021-11-27 04:49:33,"CC_BY_NC_4_0","Tia Offner","Tia Offner",NA,NA,2025-06-07 02:47:53.161,"StillImage","COORDINATE_ROUNDED;CONTINENT_DERIVED_FROM_COORDINATES;TAXON_MATCH_TAXON_ID_IGNORED"
3455242401,"50c9509d-22c7-4a22-a47d-8c48425ef4a7","https://www.inaturalist.org/observations/19557325","Animalia","Chordata",NA,"Cyprinodontiformes","Fundulidae","Fundulus","Fundulus grandis",NA,"SPECIES","Fundulus grandis Baird & Girard, 1853","Fundulus grandis","","US","","Texas","PRESENT",NA,"28eb1a3f-1c15-4a95-931a-4af90ecb574d",28.004229,-97.062091,21,NA,NA,NA,NA,NA,"2019-01-10T12:53:44",10,1,2019,5203686,5203686,"HUMAN_OBSERVATION","iNaturalist","Observations","19557325",NA,"Jon McIntyre",2019-01-10 20:14:19,"CC_BY_NC_4_0","Jon McIntyre","Jon McIntyre",NA,NA,2025-06-07 00:26:20.579,"StillImage","COORDINATE_ROUNDED;CONTINENT_DERIVED_FROM_COORDINATES;TAXON_MATCH_TAXON_ID_IGNORED"
3455236343,"50c9509d-22c7-4a22-a47d-8c48425ef4a7","http://www.inaturalist.org/observations/3925154","Animalia","Chordata",NA,"Cyprinodontiformes","Fundulidae","Fundulus","Fundulus grandis",NA,"SPECIES","Fundulus grandis Baird & Girard, 1853","Fundulus grandis","","US","","Texas","PRESENT",NA,"28eb1a3f-1c15-4a95-931a-4af90ecb574d",27.827608,-97.079416,2,NA,NA,NA,NA,NA,"2016-08-18T09:57",18,8,2016,5203686,5203686,"HUMAN_OBSERVATION","iNaturalist","Observations","3925154",NA,"",NA,"CC_BY_NC_4_0","Jon McIntyre","Jon McIntyre",NA,NA,2025-06-07 02:31:17.551,"StillImage","COORDINATE_ROUNDED;CONTINENT_DERIVED_FROM_COORDINATES;TAXON_MATCH_TAXON_ID_IGNORED"
3416248851,"50c9509d-22c7-4a22-a47d-8c48425ef4a7","https://www.inaturalist.org/observations/101575698","Animalia","Chordata",NA,"Cyprinodontiformes","Fundulidae","Fundulus","Fundulus grandis",NA,"SPECIES","Fundulus grandis Baird & Girard, 1853","Fundulus grandis","","US","","Louisiana","PRESENT",NA,"28eb1a3f-1c15-4a95-931a-4af90ecb574d",29.740496,-91.853326,NA,NA,NA,NA,NA,NA,"2021-11-20T14:17:16",20,11,2021,5203686,5203686,"HUMAN_OBSERVATION","iNaturalist","Observations","101575698",NA,"R.C. Hoover",2021-11-20 23:41:27,"CC_BY_NC_4_0","R.C. Hoover","R.C. Hoover",NA,NA,2025-06-07 00:37:14.598,"StillImage","COORDINATE_ROUNDED;CONTINENT_DERIVED_FROM_COORDINATES;TAXON_MATCH_TAXON_ID_IGNORED"
3416131056,"50c9509d-22c7-4a22-a47d-8c48425ef4a7","https://www.inaturalist.org/observations/101165071","Animalia","Chordata",NA,"Cyprinodontiformes","Fundulidae","Fundulus","Fundulus grandis",NA,"SPECIES","Fundulus grandis Baird & Girard, 1853","Fundulus grandis","","US","","Texas","PRESENT",NA,"28eb1a3f-1c15-4a95-931a-4af90ecb574d",29.231655,-94.922928,4,NA,NA,NA,NA,NA,"2021-11-06T12:01:10Z",6,11,2021,5203686,5203686,"HUMAN_OBSERVATION","iNaturalist","Observations","101165071",NA,"sumeradawin",2021-11-15 02:52:17,"CC_BY_NC_4_0","sumeradawin","sumeradawin",NA,NA,2025-06-07 00:49:15.843,"StillImage","COORDINATE_ROUNDED;CONTINENT_DERIVED_FROM_COORDINATES;TAXON_MATCH_TAXON_ID_IGNORED"
3416127329,"50c9509d-22c7-4a22-a47d-8c48425ef4a7","https://www.inaturalist.org/observations/101809508","Animalia","Chordata",NA,"Cyprinodontiformes","Fundulidae","Fundulus","Fundulus grandis",NA,"SPECIES","Fundulus grandis Baird & Girard, 1853","Fundulus grandis","","US","","Texas","PRESENT",NA,"28eb1a3f-1c15-4a95-931a-4af90ecb574d",29.312852,-94.820934,24,NA,NA,NA,NA,NA,"2021-11-23T20:30Z",23,11,2021,5203686,5203686,"HUMAN_OBSERVATION","iNaturalist","Observations","101809508",NA,"Jeff McIntyre",2021-11-24 06:35:35,"CC_BY_NC_4_0","jcowdog","jcowdog",NA,NA,2025-06-07 00:16:24.935,"StillImage","COORDINATE_ROUNDED;CONTINENT_DERIVED_FROM_COORDINATES;TAXON_MATCH_TAXON_ID_IGNORED"
3416061731,"50c9509d-22c7-4a22-a47d-8c48425ef4a7","https://www.inaturalist.org/observations/100659423","Animalia","Chordata",NA,"Cyprinodontiformes","Fundulidae","Fundulus","Fundulus grandis",NA,"SPECIES","Fundulus grandis Baird & Girard, 1853","Fundulus grandis","","US","","Texas","PRESENT",NA,"28eb1a3f-1c15-4a95-931a-4af90ecb574d",29.231663,-94.92292,4,NA,NA,NA,NA,NA,"2021-11-06T12:01:28Z",6,11,2021,5203686,5203686,"HUMAN_OBSERVATION","iNaturalist","Observations","100659423",NA,"literalechidna",2021-11-09 04:41:45,"CC_BY_NC_4_0","literalechidna","literalechidna",NA,NA,2025-06-07 01:29:39.009,"StillImage","COORDINATE_ROUNDED;CONTINENT_DERIVED_FROM_COORDINATES;TAXON_MATCH_TAXON_ID_IGNORED"
3415637337,"50c9509d-22c7-4a22-a47d-8c48425ef4a7","https://www.inaturalist.org/observations/100428601","Animalia","Chordata",NA,"Cyprinodontiformes","Fundulidae","Fundulus","Fundulus grandis",NA,"SPECIES","Fundulus grandis Baird & Girard, 1853","Fundulus grandis","","US","","Texas","PRESENT",NA,"28eb1a3f-1c15-4a95-931a-4af90ecb574d",29.231658,-94.92292,4,NA,NA,NA,NA,NA,"2021-11-06T12:08:17",6,11,2021,5203686,5203686,"HUMAN_OBSERVATION","iNaturalist","Observations","100428601",NA,"brittneybarnett",2021-11-06 20:15:01,"CC_BY_NC_4_0","brittneybarnett","brittneybarnett",NA,NA,2025-06-07 00:42:31.411,"StillImage","COORDINATE_ROUNDED;CONTINENT_DERIVED_FROM_COORDINATES;TAXON_MATCH_TAXON_ID_IGNORED"
3406203964,"9dc24de5-be12-44f9-ab75-c4b62492e8da","Station_264_Date_18OCT2005:16:19:00.000_Fundulus_grandis","Animalia","Chordata",NA,"Cyprinodontiformes","Fundulidae","Fundulus","Fundulus grandis",NA,"SPECIES","Fundulus grandis Baird & Girard, 1853","Fundulus grandis","Baird & Girard, 1853","US","Upper Laguna Madre Estuary","Texas","PRESENT",NA,"c3ad790a-d426-4ac1-8e32-da61f81f0117",27.203889,-97.389722,100,NA,NA,NA,0.15,0.15,"2005-10-18T16:19",18,10,2005,5203686,5203686,"HUMAN_OBSERVATION","TPWD","Upper Laguna Madre Bag Seine","",NA,"",NA,"CC0_1_0","","",NA,NA,2025-02-06 21:46:33.951,"","CONTINENT_DERIVED_FROM_COORDINATES"
3406203866,"9dc24de5-be12-44f9-ab75-c4b62492e8da","Station_231_Date_02AUG2007:15:38:00.000_Fundulus_grandis","Animalia","Chordata",NA,"Cyprinodontiformes","Fundulidae","Fundulus","Fundulus grandis",NA,"SPECIES","Fundulus grandis Baird & Girard, 1853","Fundulus grandis","Baird & Girard, 1853","US","Upper Laguna Madre Estuary","Texas","PRESENT",NA,"c3ad790a-d426-4ac1-8e32-da61f81f0117",27.250556,-97.481667,100,NA,NA,NA,0.1,0.1,"2007-08-02T15:38",2,8,2007,5203686,5203686,"HUMAN_OBSERVATION","TPWD","Upper Laguna Madre Bag Seine","",NA,"",NA,"CC0_1_0","","",NA,NA,2025-02-06 21:46:33.914,"","CONTINENT_DERIVED_FROM_COORDINATES"
3406203698,"9dc24de5-be12-44f9-ab75-c4b62492e8da","Station_177_Date_17JAN2005:13:53:00.000_Fundulus_grandis","Animalia","Chordata",NA,"Cyprinodontiformes","Fundulidae","Fundulus","Fundulus grandis",NA,"SPECIES","Fundulus grandis Baird & Girard, 1853","Fundulus grandis","Baird & Girard, 1853","US","Upper Laguna Madre Estuary","Texas","PRESENT",NA,"c3ad790a-d426-4ac1-8e32-da61f81f0117",27.299722,-97.636389,100,NA,NA,NA,0.25,0.15,"2005-01-17T13:53",17,1,2005,5203686,5203686,"HUMAN_OBSERVATION","TPWD","Upper Laguna Madre Bag Seine","",NA,"",NA,"CC0_1_0","","",NA,NA,2025-02-06 21:46:33.866,"","CONTINENT_DERIVED_FROM_COORDINATES"
3406203630,"9dc24de5-be12-44f9-ab75-c4b62492e8da","Station_164_Date_23DEC2008:13:38:00.000_Fundulus_grandis","Animalia","Chordata",NA,"Cyprinodontiformes","Fundulidae","Fundulus","Fundulus grandis",NA,"SPECIES","Fundulus grandis Baird & Girard, 1853","Fundulus grandis","Baird & Girard, 1853","US","Upper Laguna Madre Estuary","Texas","PRESENT",NA,"c3ad790a-d426-4ac1-8e32-da61f81f0117",27.304722,-97.51,100,NA,NA,NA,2.05,1.95,"2008-12-23T13:38",23,12,2008,5203686,5203686,"HUMAN_OBSERVATION","TPWD","Upper Laguna Madre Bag Seine","",NA,"",NA,"CC0_1_0","","",NA,NA,2025-02-06 21:46:33.841,"","CONTINENT_DERIVED_FROM_COORDINATES"
3406203588,"9dc24de5-be12-44f9-ab75-c4b62492e8da","Station_154_Date_17DEC2008:16:17:00.000_Fundulus_grandis","Animalia","Chordata",NA,"Cyprinodontiformes","Fundulidae","Fundulus","Fundulus grandis",NA,"SPECIES","Fundulus grandis Baird & Girard, 1853","Fundulus grandis","Baird & Girard, 1853","US","Upper Laguna Madre Estuary","Texas","PRESENT",NA,"c3ad790a-d426-4ac1-8e32-da61f81f0117",27.311667,-97.675556,100,NA,NA,NA,NA,NA,"2008-12-17T16:17",17,12,2008,5203686,5203686,"HUMAN_OBSERVATION","TPWD","Upper Laguna Madre Bag Seine","",NA,"",NA,"CC0_1_0","","",NA,NA,2025-02-06 21:46:33.827,"","CONTINENT_DERIVED_FROM_COORDINATES"
3406203573,"9dc24de5-be12-44f9-ab75-c4b62492e8da","Station_150_Date_27MAR2008:12:23:00.000_Fundulus_grandis","Animalia","Chordata",NA,"Cyprinodontiformes","Fundulidae","Fundulus","Fundulus grandis",NA,"SPECIES","Fundulus grandis Baird & Girard, 1853","Fundulus grandis","Baird & Girard, 1853","US","Upper Laguna Madre Estuary","Texas","PRESENT",NA,"c3ad790a-d426-4ac1-8e32-da61f81f0117",27.328333,-97.503056,100,NA,NA,NA,0.3,0.3,"2008-03-27T12:23",27,3,2008,5203686,5203686,"HUMAN_OBSERVATION","TPWD","Upper Laguna Madre Bag Seine","",NA,"",NA,"CC0_1_0","","",NA,NA,2025-02-06 21:46:33.823,"","CONTINENT_DERIVED_FROM_COORDINATES"
3406203329,"9dc24de5-be12-44f9-ab75-c4b62492e8da","Station_103_Date_09AUG2007:12:27:00.000_Fundulus_grandis","Animalia","Chordata",NA,"Cyprinodontiformes","Fundulidae","Fundulus","Fundulus grandis",NA,"SPECIES","Fundulus grandis Baird & Girard, 1853","Fundulus grandis","Baird & Girard, 1853","US","Upper Laguna Madre Estuary","Texas","PRESENT",NA,"c3ad790a-d426-4ac1-8e32-da61f81f0117",27.366389,-97.383056,100,NA,NA,NA,0.2,0,"2007-08-09T12:27",9,8,2007,5203686,5203686,"HUMAN_OBSERVATION","TPWD","Upper Laguna Madre Bag Seine","",NA,"",NA,"CC0_1_0","","",NA,NA,2025-02-06 21:46:33.749,"","CONTINENT_DERIVED_FROM_COORDINATES"
3406203305,"9dc24de5-be12-44f9-ab75-c4b62492e8da","Station_100_Date_11FEB2005:13:44:00.000_Fundulus_grandis","Animalia","Chordata",NA,"Cyprinodontiformes","Fundulidae","Fundulus","Fundulus grandis",NA,"SPECIES","Fundulus grandis Baird & Girard, 1853","Fundulus grandis","Baird & Girard, 1853","US","Upper Laguna Madre Estuary","Texas","PRESENT",NA,"c3ad790a-d426-4ac1-8e32-da61f81f0117",27.369444,-97.358611,100,NA,NA,NA,0.35,0.15,"2005-02-11T13:44",11,2,2005,5203686,5203686,"HUMAN_OBSERVATION","TPWD","Upper Laguna Madre Bag Seine","",NA,"",NA,"CC0_1_0","","",NA,NA,2025-02-06 21:46:33.742,"","CONTINENT_DERIVED_FROM_COORDINATES"
3406202843,"9dc24de5-be12-44f9-ab75-c4b62492e8da","Station_267_Date_21FEB2005:12:58:00.000_Fundulus_grandis","Animalia","Chordata",NA,"Cyprinodontiformes","Fundulidae","Fundulus","Fundulus grandis",NA,"SPECIES","Fundulus grandis Baird & Girard, 1853","Fundulus grandis","Baird & Girard, 1853","US","Upper Laguna Madre Estuary","Texas","PRESENT",NA,"c3ad790a-d426-4ac1-8e32-da61f81f0117",27.197222,-97.425278,100,NA,NA,NA,0.25,0.15,"2005-02-21T12:58",21,2,2005,5203686,5203686,"HUMAN_OBSERVATION","TPWD","Upper Laguna Madre Bag Seine","",NA,"",NA,"CC0_1_0","","",NA,NA,2025-02-06 21:46:33.913,"","CONTINENT_DERIVED_FROM_COORDINATES"
3406202788,"9dc24de5-be12-44f9-ab75-c4b62492e8da","Station_246_Date_16JUL2008:13:53:00.000_Fundulus_grandis","Animalia","Chordata",NA,"Cyprinodontiformes","Fundulidae","Fundulus","Fundulus grandis",NA,"SPECIES","Fundulus grandis Baird & Girard, 1853","Fundulus grandis","Baird & Girard, 1853","US","Upper Laguna Madre Estuary","Texas","PRESENT",NA,"c3ad790a-d426-4ac1-8e32-da61f81f0117",27.233889,-97.5125,100,NA,NA,NA,0.2,0.2,"2008-07-16T13:53",16,7,2008,5203686,5203686,"HUMAN_OBSERVATION","TPWD","Upper Laguna Madre Bag Seine","",NA,"",NA,"CC0_1_0","","",NA,NA,2025-02-06 21:46:33.899,"","CONTINENT_DERIVED_FROM_COORDINATES"
3406202698,"9dc24de5-be12-44f9-ab75-c4b62492e8da","Station_208_Date_27SEP2006:12:51:00.000_Fundulus_grandis","Animalia","Chordata",NA,"Cyprinodontiformes","Fundulidae","Fundulus","Fundulus grandis",NA,"SPECIES","Fundulus grandis Baird & Girard, 1853","Fundulus grandis","Baird & Girard, 1853","US","Upper Laguna Madre Estuary","Texas","PRESENT",NA,"c3ad790a-d426-4ac1-8e32-da61f81f0117",27.275278,-97.508889,100,NA,NA,NA,0.4,0.2,"2006-09-27T12:51",27,9,2006,5203686,5203686,"HUMAN_OBSERVATION","TPWD","Upper Laguna Madre Bag Seine","",NA,"",NA,"CC0_1_0","","",NA,NA,2025-02-06 21:46:33.865,"","CONTINENT_DERIVED_FROM_COORDINATES"
3406202634,"9dc24de5-be12-44f9-ab75-c4b62492e8da","Station_196_Date_20NOV2007:12:23:00.000_Fundulus_grandis","Animalia","Chordata",NA,"Cyprinodontiformes","Fundulidae","Fundulus","Fundulus grandis",NA,"SPECIES","Fundulus grandis Baird & Girard, 1853","Fundulus grandis","Baird & Girard, 1853","US","Upper Laguna Madre Estuary","Texas","PRESENT",NA,"c3ad790a-d426-4ac1-8e32-da61f81f0117",27.267778,-97.7075,100,NA,NA,NA,0.3,0.3,"2007-11-20T12:23",20,11,2007,5203686,5203686,"HUMAN_OBSERVATION","TPWD","Upper Laguna Madre Bag Seine","",NA,"",NA,"CC0_1_0","","",NA,NA,2025-02-06 21:46:33.837,"","CONTINENT_DERIVED_FROM_COORDINATES"
3406202435,"9dc24de5-be12-44f9-ab75-c4b62492e8da","Station_142_Date_18DEC2007:13:43:00.000_Fundulus_grandis","Animalia","Chordata",NA,"Cyprinodontiformes","Fundulidae","Fundulus","Fundulus grandis",NA,"SPECIES","Fundulus grandis Baird & Girard, 1853","Fundulus grandis","Baird & Girard, 1853","US","Upper Laguna Madre Estuary","Texas","PRESENT",NA,"c3ad790a-d426-4ac1-8e32-da61f81f0117",27.326389,-97.655278,100,NA,NA,NA,0.2,0.2,"2007-12-18T13:43",18,12,2007,5203686,5203686,"HUMAN_OBSERVATION","TPWD","Upper Laguna Madre Bag Seine","",NA,"",NA,"CC0_1_0","","",NA,NA,2025-02-06 21:46:33.762,"","CONTINENT_DERIVED_FROM_COORDINATES"
3406202367,"9dc24de5-be12-44f9-ab75-c4b62492e8da","Station_128_Date_10DEC2007:13:03:00.000_Fundulus_grandis","Animalia","Chordata",NA,"Cyprinodontiformes","Fundulidae","Fundulus","Fundulus grandis",NA,"SPECIES","Fundulus grandis Baird & Girard, 1853","Fundulus grandis","Baird & Girard, 1853","US","Upper Laguna Madre Estuary","Texas","PRESENT",NA,"c3ad790a-d426-4ac1-8e32-da61f81f0117",27.360556,-97.513611,100,NA,NA,NA,0.25,0.15,"2007-12-10T13:03",10,12,2007,5203686,5203686,"HUMAN_OBSERVATION","TPWD","Upper Laguna Madre Bag Seine","",NA,"",NA,"CC0_1_0","","",NA,NA,2025-02-06 21:46:33.74,"","CONTINENT_DERIVED_FROM_COORDINATES"
3406202363,"9dc24de5-be12-44f9-ab75-c4b62492e8da","Station_127_Date_07JUN2005:13:43:00.000_Fundulus_grandis","Animalia","Chordata",NA,"Cyprinodontiformes","Fundulidae","Fundulus","Fundulus grandis",NA,"SPECIES","Fundulus grandis Baird & Girard, 1853","Fundulus grandis","Baird & Girard, 1853","US","Upper Laguna Madre Estuary","Texas","PRESENT",NA,"c3ad790a-d426-4ac1-8e32-da61f81f0117",27.3525,-97.664444,100,NA,NA,NA,0.2,0.2,"2005-06-07T13:43",7,6,2005,5203686,5203686,"HUMAN_OBSERVATION","TPWD","Upper Laguna Madre Bag Seine","",NA,"",NA,"CC0_1_0","","",NA,NA,2025-02-06 21:46:33.738,"","CONTINENT_DERIVED_FROM_COORDINATES"
3406202347,"9dc24de5-be12-44f9-ab75-c4b62492e8da","Station_124_Date_13JUL2005:13:30:00.000_Fundulus_grandis","Animalia","Chordata",NA,"Cyprinodontiformes","Fundulidae","Fundulus","Fundulus grandis",NA,"SPECIES","Fundulus grandis Baird & Girard, 1853","Fundulus grandis","Baird & Girard, 1853","US","Upper Laguna Madre Estuary","Texas","PRESENT",NA,"c3ad790a-d426-4ac1-8e32-da61f81f0117",27.365,-97.704167,100,NA,NA,NA,0.15,0.15,"2005-07-13T13:30",13,7,2005,5203686,5203686,"HUMAN_OBSERVATION","TPWD","Upper Laguna Madre Bag Seine","",NA,"",NA,"CC0_1_0","","",NA,NA,2025-02-06 21:46:33.733,"","CONTINENT_DERIVED_FROM_COORDINATES"
3406201941,"9dc24de5-be12-44f9-ab75-c4b62492e8da","Station_275_Date_08JAN2008:11:59:00.000_Fundulus_grandis","Animalia","Chordata",NA,"Cyprinodontiformes","Fundulidae","Fundulus","Fundulus grandis",NA,"SPECIES","Fundulus grandis Baird & Girard, 1853","Fundulus grandis","Baird & Girard, 1853","US","Upper Laguna Madre Estuary","Texas","PRESENT",NA,"c3ad790a-d426-4ac1-8e32-da61f81f0117",27.150833,-97.438056,100,NA,NA,NA,0.3,0.3,"2008-01-08T11:59",8,1,2008,5203686,5203686,"HUMAN_OBSERVATION","TPWD","Upper Laguna Madre Bag Seine","",NA,"",NA,"CC0_1_0","","",NA,NA,2025-02-06 21:46:33.367,"","CONTINENT_DERIVED_FROM_COORDINATES"
3406201794,"9dc24de5-be12-44f9-ab75-c4b62492e8da","Station_220_Date_21NOV2005:13:35:00.000_Fundulus_grandis","Animalia","Chordata",NA,"Cyprinodontiformes","Fundulidae","Fundulus","Fundulus grandis",NA,"SPECIES","Fundulus grandis Baird & Girard, 1853","Fundulus grandis","Baird & Girard, 1853","US","Upper Laguna Madre Estuary","Texas","PRESENT",NA,"c3ad790a-d426-4ac1-8e32-da61f81f0117",27.264444,-97.714722,100,NA,NA,NA,0.2,0.2,"2005-11-21T13:35",21,11,2005,5203686,5203686,"HUMAN_OBSERVATION","TPWD","Upper Laguna Madre Bag Seine","",NA,"",NA,"CC0_1_0","","",NA,NA,2025-02-06 21:46:33.328,"","CONTINENT_DERIVED_FROM_COORDINATES"
3406201697,"9dc24de5-be12-44f9-ab75-c4b62492e8da","Station_196_Date_06SEP2006:16:00:00.000_Fundulus_grandis","Animalia","Chordata",NA,"Cyprinodontiformes","Fundulidae","Fundulus","Fundulus grandis",NA,"SPECIES","Fundulus grandis Baird & Girard, 1853","Fundulus grandis","Baird & Girard, 1853","US","Upper Laguna Madre Estuary","Texas","PRESENT",NA,"c3ad790a-d426-4ac1-8e32-da61f81f0117",27.275278,-97.703056,100,NA,NA,NA,0.15,0.15,"2006-09-06T16:00",6,9,2006,5203686,5203686,"HUMAN_OBSERVATION","TPWD","Upper Laguna Madre Bag Seine","",NA,"",NA,"CC0_1_0","","",NA,NA,2025-02-06 21:46:33.315,"","CONTINENT_DERIVED_FROM_COORDINATES"
3406201685,"9dc24de5-be12-44f9-ab75-c4b62492e8da","Station_190_Date_18NOV2008:13:32:00.000_Fundulus_grandis","Animalia","Chordata",NA,"Cyprinodontiformes","Fundulidae","Fundulus","Fundulus grandis",NA,"SPECIES","Fundulus grandis Baird & Girard, 1853","Fundulus grandis","Baird & Girard, 1853","US","Upper Laguna Madre Estuary","Texas","PRESENT",NA,"c3ad790a-d426-4ac1-8e32-da61f81f0117",27.290833,-97.406111,100,NA,NA,NA,0.2,0.2,"2008-11-18T13:32",18,11,2008,5203686,5203686,"HUMAN_OBSERVATION","TPWD","Upper Laguna Madre Bag Seine","",NA,"",NA,"CC0_1_0","","",NA,NA,2025-02-06 21:46:33.313,"","CONTINENT_DERIVED_FROM_COORDINATES"
3406201625,"9dc24de5-be12-44f9-ab75-c4b62492e8da","Station_177_Date_21NOV2005:11:52:00.000_Fundulus_grandis","Animalia","Chordata",NA,"Cyprinodontiformes","Fundulidae","Fundulus","Fundulus grandis",NA,"SPECIES","Fundulus grandis Baird & Girard, 1853","Fundulus grandis","Baird & Girard, 1853","US","Upper Laguna Madre Estuary","Texas","PRESENT",NA,"c3ad790a-d426-4ac1-8e32-da61f81f0117",27.299444,-97.636389,100,NA,NA,NA,0.1,0.1,"2005-11-21T11:52",21,11,2005,5203686,5203686,"HUMAN_OBSERVATION","TPWD","Upper Laguna Madre Bag Seine","",NA,"",NA,"CC0_1_0","","",NA,NA,2025-02-06 21:46:33.304,"","CONTINENT_DERIVED_FROM_COORDINATES"
3406201554,"9dc24de5-be12-44f9-ab75-c4b62492e8da","Station_163_Date_20NOV2008:13:44:00.000_Fundulus_grandis","Animalia","Chordata",NA,"Cyprinodontiformes","Fundulidae","Fundulus","Fundulus grandis",NA,"SPECIES","Fundulus grandis Baird & Girard, 1853","Fundulus grandis","Baird & Girard, 1853","US","Upper Laguna Madre Estuary","Texas","PRESENT",NA,"c3ad790a-d426-4ac1-8e32-da61f81f0117",27.3025,-97.518056,100,NA,NA,NA,0.2,0.2,"2008-11-20T13:44",20,11,2008,5203686,5203686,"HUMAN_OBSERVATION","TPWD","Upper Laguna Madre Bag Seine","",NA,"",NA,"CC0_1_0","","",NA,NA,2025-02-06 21:46:33.294,"","CONTINENT_DERIVED_FROM_COORDINATES"
3406201395,"9dc24de5-be12-44f9-ab75-c4b62492e8da","Station_130_Date_25OCT2006:12:54:00.000_Fundulus_grandis","Animalia","Chordata",NA,"Cyprinodontiformes","Fundulidae","Fundulus","Fundulus grandis",NA,"SPECIES","Fundulus grandis Baird & Girard, 1853","Fundulus grandis","Baird & Girard, 1853","US","Upper Laguna Madre Estuary","Texas","PRESENT",NA,"c3ad790a-d426-4ac1-8e32-da61f81f0117",27.360278,-97.482222,100,NA,NA,NA,0.3,0.3,"2006-10-25T12:54",25,10,2006,5203686,5203686,"HUMAN_OBSERVATION","TPWD","Upper Laguna Madre Bag Seine","",NA,"",NA,"CC0_1_0","","",NA,NA,2025-02-06 21:46:33.242,"","CONTINENT_DERIVED_FROM_COORDINATES"
3406200822,"9dc24de5-be12-44f9-ab75-c4b62492e8da","Station_249_Date_02AUG2007:13:43:00.000_Fundulus_grandis","Animalia","Chordata",NA,"Cyprinodontiformes","Fundulidae","Fundulus","Fundulus grandis",NA,"SPECIES","Fundulus grandis Baird & Girard, 1853","Fundulus grandis","Baird & Girard, 1853","US","Upper Laguna Madre Estuary","Texas","PRESENT",NA,"c3ad790a-d426-4ac1-8e32-da61f81f0117",27.231389,-97.555278,100,NA,NA,NA,0.2,0.2,"2007-08-02T13:43",2,8,2007,5203686,5203686,"HUMAN_OBSERVATION","TPWD","Upper Laguna Madre Bag Seine","",NA,"",NA,"CC0_1_0","","",NA,NA,2025-02-06 21:46:33.847,"","CONTINENT_DERIVED_FROM_COORDINATES"
3406200634,"9dc24de5-be12-44f9-ab75-c4b62492e8da","Station_184_Date_23DEC2008:12:54:00.000_Fundulus_grandis","Animalia","Chordata",NA,"Cyprinodontiformes","Fundulidae","Fundulus","Fundulus grandis",NA,"SPECIES","Fundulus grandis Baird & Girard, 1853","Fundulus grandis","Baird & Girard, 1853","US","Upper Laguna Madre Estuary","Texas","PRESENT",NA,"c3ad790a-d426-4ac1-8e32-da61f81f0117",27.288889,-97.531111,100,NA,NA,NA,0.3,0.1,"2008-12-23T12:54",23,12,2008,5203686,5203686,"HUMAN_OBSERVATION","TPWD","Upper Laguna Madre Bag Seine","",NA,"",NA,"CC0_1_0","","",NA,NA,2025-02-06 21:46:33.792,"","CONTINENT_DERIVED_FROM_COORDINATES"
3406200628,"9dc24de5-be12-44f9-ab75-c4b62492e8da","Station_183_Date_23OCT2007:16:23:00.000_Fundulus_grandis","Animalia","Chordata",NA,"Cyprinodontiformes","Fundulidae","Fundulus","Fundulus grandis",NA,"SPECIES","Fundulus grandis Baird & Girard, 1853","Fundulus grandis","Baird & Girard, 1853","US","Upper Laguna Madre Estuary","Texas","PRESENT",NA,"c3ad790a-d426-4ac1-8e32-da61f81f0117",27.288333,-97.544722,100,NA,NA,NA,0.2,0.2,"2007-10-23T16:23",23,10,2007,5203686,5203686,"HUMAN_OBSERVATION","TPWD","Upper Laguna Madre Bag Seine","",NA,"",NA,"CC0_1_0","","",NA,NA,2025-02-06 21:46:33.79,"","CONTINENT_DERIVED_FROM_COORDINATES"
3406200580,"9dc24de5-be12-44f9-ab75-c4b62492e8da","Station_168_Date_10JAN2008:15:01:00.000_Fundulus_grandis","Animalia","Chordata",NA,"Cyprinodontiformes","Fundulidae","Fundulus","Fundulus grandis",NA,"SPECIES","Fundulus grandis Baird & Girard, 1853","Fundulus grandis","Baird & Girard, 1853","US","Upper Laguna Madre Estuary","Texas","PRESENT",NA,"c3ad790a-d426-4ac1-8e32-da61f81f0117",27.313333,-97.440278,100,NA,NA,NA,0.3,0.1,"2008-01-10T15:01",10,1,2008,5203686,5203686,"HUMAN_OBSERVATION","TPWD","Upper Laguna Madre Bag Seine","",NA,"",NA,"CC0_1_0","","",NA,NA,2025-02-06 21:46:33.762,"","CONTINENT_DERIVED_FROM_COORDINATES"
3406200380,"9dc24de5-be12-44f9-ab75-c4b62492e8da","Station_125_Date_13DEC2005:14:40:00.000_Fundulus_grandis","Animalia","Chordata",NA,"Cyprinodontiformes","Fundulidae","Fundulus","Fundulus grandis",NA,"SPECIES","Fundulus grandis Baird & Girard, 1853","Fundulus grandis","Baird & Girard, 1853","US","Upper Laguna Madre Estuary","Texas","PRESENT",NA,"c3ad790a-d426-4ac1-8e32-da61f81f0117",27.358611,-97.6975,100,NA,NA,NA,0.25,0.05,"2005-12-13T14:40",13,12,2005,5203686,5203686,"HUMAN_OBSERVATION","TPWD","Upper Laguna Madre Bag Seine","",NA,"",NA,"CC0_1_0","","",NA,NA,2025-02-06 21:46:33.703,"","CONTINENT_DERIVED_FROM_COORDINATES"
3406200312,"9dc24de5-be12-44f9-ab75-c4b62492e8da","Station_107_Date_12DEC2007:13:04:00.000_Fundulus_grandis","Animalia","Chordata",NA,"Cyprinodontiformes","Fundulidae","Fundulus","Fundulus grandis",NA,"SPECIES","Fundulus grandis Baird & Girard, 1853","Fundulus grandis","Baird & Girard, 1853","US","Upper Laguna Madre Estuary","Texas","PRESENT",NA,"c3ad790a-d426-4ac1-8e32-da61f81f0117",27.3475,-97.382778,100,NA,NA,NA,0.05,0.05,"2007-12-12T13:04",12,12,2007,5203686,5203686,"HUMAN_OBSERVATION","TPWD","Upper Laguna Madre Bag Seine","",NA,"",NA,"CC0_1_0","","",NA,NA,2025-02-06 21:46:33.674,"","CONTINENT_DERIVED_FROM_COORDINATES"
3406200311,"9dc24de5-be12-44f9-ab75-c4b62492e8da","Station_107_Date_06JUL2007:12:52:00.000_Fundulus_grandis","Animalia","Chordata",NA,"Cyprinodontiformes","Fundulidae","Fundulus","Fundulus grandis",NA,"SPECIES","Fundulus grandis Baird & Girard, 1853","Fundulus grandis","Baird & Girard, 1853","US","Upper Laguna Madre Estuary","Texas","PRESENT",NA,"c3ad790a-d426-4ac1-8e32-da61f81f0117",27.347778,-97.382778,100,NA,NA,NA,0.15,0.05,"2007-07-06T12:52",6,7,2007,5203686,5203686,"HUMAN_OBSERVATION","TPWD","Upper Laguna Madre Bag Seine","",NA,"",NA,"CC0_1_0","","",NA,NA,2025-02-06 21:46:33.673,"","CONTINENT_DERIVED_FROM_COORDINATES"
3406199859,"9dc24de5-be12-44f9-ab75-c4b62492e8da","Station_243_Date_23MAY2006:12:59:00.000_Fundulus_grandis","Animalia","Chordata",NA,"Cyprinodontiformes","Fundulidae","Fundulus","Fundulus grandis",NA,"SPECIES","Fundulus grandis Baird & Girard, 1853","Fundulus grandis","Baird & Girard, 1853","US","Upper Laguna Madre Estuary","Texas","PRESENT",NA,"c3ad790a-d426-4ac1-8e32-da61f81f0117",27.233611,-97.559167,100,NA,NA,NA,0.15,0.15,"2006-05-23T12:59",23,5,2006,5203686,5203686,"HUMAN_OBSERVATION","TPWD","Upper Laguna Madre Bag Seine","",NA,"",NA,"CC0_1_0","","",NA,NA,2025-02-06 21:46:33.931,"","CONTINENT_DERIVED_FROM_COORDINATES"
3406199690,"9dc24de5-be12-44f9-ab75-c4b62492e8da","Station_194_Date_10MAY2005:14:22:00.000_Fundulus_grandis","Animalia","Chordata",NA,"Cyprinodontiformes","Fundulidae","Fundulus","Fundulus grandis",NA,"SPECIES","Fundulus grandis Baird & Girard, 1853","Fundulus grandis","Baird & Girard, 1853","US","Upper Laguna Madre Estuary","Texas","PRESENT",NA,"c3ad790a-d426-4ac1-8e32-da61f81f0117",27.2725,-97.739722,100,NA,NA,NA,0.2,0.2,"2005-05-10T14:22",10,5,2005,5203686,5203686,"HUMAN_OBSERVATION","TPWD","Upper Laguna Madre Bag Seine","",NA,"",NA,"CC0_1_0","","",NA,NA,2025-02-06 21:46:33.881,"","CONTINENT_DERIVED_FROM_COORDINATES"
3406199518,"9dc24de5-be12-44f9-ab75-c4b62492e8da","Station_150_Date_14MAY2007:18:02:00.000_Fundulus_grandis","Animalia","Chordata",NA,"Cyprinodontiformes","Fundulidae","Fundulus","Fundulus grandis",NA,"SPECIES","Fundulus grandis Baird & Girard, 1853","Fundulus grandis","Baird & Girard, 1853","US","Upper Laguna Madre Estuary","Texas","PRESENT",NA,"c3ad790a-d426-4ac1-8e32-da61f81f0117",27.327222,-97.505833,100,NA,NA,NA,0.15,0.15,"2007-05-14T18:02",14,5,2007,5203686,5203686,"HUMAN_OBSERVATION","TPWD","Upper Laguna Madre Bag Seine","",NA,"",NA,"CC0_1_0","","",NA,NA,2025-02-06 21:46:33.823,"","CONTINENT_DERIVED_FROM_COORDINATES"
3406199498,"9dc24de5-be12-44f9-ab75-c4b62492e8da","Station_144_Date_13JUL2005:12:13:00.000_Fundulus_grandis","Animalia","Chordata",NA,"Cyprinodontiformes","Fundulidae","Fundulus","Fundulus grandis",NA,"SPECIES","Fundulus grandis Baird & Girard, 1853","Fundulus grandis","Baird & Girard, 1853","US","Upper Laguna Madre Estuary","Texas","PRESENT",NA,"c3ad790a-d426-4ac1-8e32-da61f81f0117",27.320278,-97.632778,100,NA,NA,NA,0.2,0.2,"2005-07-13T12:13",13,7,2005,5203686,5203686,"HUMAN_OBSERVATION","TPWD","Upper Laguna Madre Bag Seine","",NA,"",NA,"CC0_1_0","","",NA,NA,2025-02-06 21:46:33.817,"","CONTINENT_DERIVED_FROM_COORDINATES"
3406198844,"9dc24de5-be12-44f9-ab75-c4b62492e8da","Station_276_Date_14JAN2005:13:47:00.000_Fundulus_grandis","Animalia","Chordata",NA,"Cyprinodontiformes","Fundulidae","Fundulus","Fundulus grandis",NA,"SPECIES","Fundulus grandis Baird & Girard, 1853","Fundulus grandis","Baird & Girard, 1853","US","Upper Laguna Madre Estuary","Texas","PRESENT",NA,"c3ad790a-d426-4ac1-8e32-da61f81f0117",27.166111,-97.430833,100,NA,NA,NA,0.4,0.1,"2005-01-14T13:47",14,1,2005,5203686,5203686,"HUMAN_OBSERVATION","TPWD","Upper Laguna Madre Bag Seine","",NA,"",NA,"CC0_1_0","","",NA,NA,2025-02-06 21:46:33.823,"","CONTINENT_DERIVED_FROM_COORDINATES"
3406198750,"9dc24de5-be12-44f9-ab75-c4b62492e8da","Station_241_Date_16JUN2005:14:48:00.000_Fundulus_grandis","Animalia","Chordata",NA,"Cyprinodontiformes","Fundulidae","Fundulus","Fundulus grandis",NA,"SPECIES","Fundulus grandis Baird & Girard, 1853","Fundulus grandis","Baird & Girard, 1853","US","Upper Laguna Madre Estuary","Texas","PRESENT",NA,"c3ad790a-d426-4ac1-8e32-da61f81f0117",27.240833,-97.5875,100,NA,NA,NA,0.2,0.2,"2005-06-16T14:48",16,6,2005,5203686,5203686,"HUMAN_OBSERVATION","TPWD","Upper Laguna Madre Bag Seine","",NA,"",NA,"CC0_1_0","","",NA,NA,2025-02-06 21:46:33.798,"","CONTINENT_DERIVED_FROM_COORDINATES"
3406198682,"9dc24de5-be12-44f9-ab75-c4b62492e8da","Station_219_Date_20NOV2007:13:03:00.000_Fundulus_grandis","Animalia","Chordata",NA,"Cyprinodontiformes","Fundulidae","Fundulus","Fundulus grandis",NA,"SPECIES","Fundulus grandis Baird & Girard, 1853","Fundulus grandis","Baird & Girard, 1853","US","Upper Laguna Madre Estuary","Texas","PRESENT",NA,"c3ad790a-d426-4ac1-8e32-da61f81f0117",27.263611,-97.721111,100,NA,NA,NA,0.3,0.3,"2007-11-20T13:03",20,11,2007,5203686,5203686,"HUMAN_OBSERVATION","TPWD","Upper Laguna Madre Bag Seine","",NA,"",NA,"CC0_1_0","","",NA,NA,2025-02-06 21:46:33.78,"","CONTINENT_DERIVED_FROM_COORDINATES"
3406198605,"9dc24de5-be12-44f9-ab75-c4b62492e8da","Station_195_Date_21MAY2007:17:03:00.000_Fundulus_grandis","Animalia","Chordata",NA,"Cyprinodontiformes","Fundulidae","Fundulus","Fundulus grandis",NA,"SPECIES","Fundulus grandis Baird & Girard, 1853","Fundulus grandis","Baird & Girard, 1853","US","Upper Laguna Madre Estuary","Texas","PRESENT",NA,"c3ad790a-d426-4ac1-8e32-da61f81f0117",27.269167,-97.725,100,NA,NA,NA,0.2,0.2,"2007-05-21T17:03",21,5,2007,5203686,5203686,"HUMAN_OBSERVATION","TPWD","Upper Laguna Madre Bag Seine","",NA,"",NA,"CC0_1_0","","",NA,NA,2025-02-06 21:46:33.747,"","CONTINENT_DERIVED_FROM_COORDINATES"
3406198518,"9dc24de5-be12-44f9-ab75-c4b62492e8da","Station_174_Date_24OCT2007:16:54:00.000_Fundulus_grandis","Animalia","Chordata",NA,"Cyprinodontiformes","Fundulidae","Fundulus","Fundulus grandis",NA,"SPECIES","Fundulus grandis Baird & Girard, 1853","Fundulus grandis","Baird & Girard, 1853","US","Upper Laguna Madre Estuary","Texas","PRESENT",NA,"c3ad790a-d426-4ac1-8e32-da61f81f0117",27.283333,-97.683889,100,NA,NA,NA,0.3,0.2,"2007-10-24T16:54",24,10,2007,5203686,5203686,"HUMAN_OBSERVATION","TPWD","Upper Laguna Madre Bag Seine","",NA,"",NA,"CC0_1_0","","",NA,NA,2025-02-06 21:46:33.724,"","CONTINENT_DERIVED_FROM_COORDINATES"
3406197711,"9dc24de5-be12-44f9-ab75-c4b62492e8da","Station_230_Date_19OCT2005:11:47:00.000_Fundulus_grandis","Animalia","Chordata",NA,"Cyprinodontiformes","Fundulidae","Fundulus","Fundulus grandis",NA,"SPECIES","Fundulus grandis Baird & Girard, 1853","Fundulus grandis","Baird & Girard, 1853","US","Upper Laguna Madre Estuary","Texas","PRESENT",NA,"c3ad790a-d426-4ac1-8e32-da61f81f0117",27.251111,-97.491389,100,NA,NA,NA,0.1,0.1,"2005-10-19T11:47",19,10,2005,5203686,5203686,"HUMAN_OBSERVATION","TPWD","Upper Laguna Madre Bag Seine","",NA,"",NA,"CC0_1_0","","",NA,NA,2025-02-06 21:46:33.83,"","CONTINENT_DERIVED_FROM_COORDINATES"
3406197641,"9dc24de5-be12-44f9-ab75-c4b62492e8da","Station_198_Date_12JAN2006:11:52:00.000_Fundulus_grandis","Animalia","Chordata",NA,"Cyprinodontiformes","Fundulidae","Fundulus","Fundulus grandis",NA,"SPECIES","Fundulus grandis Baird & Girard, 1853","Fundulus grandis","Baird & Girard, 1853","US","Upper Laguna Madre Estuary","Texas","PRESENT",NA,"c3ad790a-d426-4ac1-8e32-da61f81f0117",27.282778,-97.678333,100,NA,NA,NA,0.15,0.15,"2006-01-12T11:52",12,1,2006,5203686,5203686,"HUMAN_OBSERVATION","TPWD","Upper Laguna Madre Bag Seine","",NA,"",NA,"CC0_1_0","","",NA,NA,2025-02-06 21:46:33.806,"","CONTINENT_DERIVED_FROM_COORDINATES"
3406197591,"9dc24de5-be12-44f9-ab75-c4b62492e8da","Station_184_Date_22MAR2005:12:08:00.000_Fundulus_grandis","Animalia","Chordata",NA,"Cyprinodontiformes","Fundulidae","Fundulus","Fundulus grandis",NA,"SPECIES","Fundulus grandis Baird & Girard, 1853","Fundulus grandis","Baird & Girard, 1853","US","Upper Laguna Madre Estuary","Texas","PRESENT",NA,"c3ad790a-d426-4ac1-8e32-da61f81f0117",27.295278,-97.525278,100,NA,NA,NA,0.1,0.1,"2005-03-22T12:08",22,3,2005,5203686,5203686,"HUMAN_OBSERVATION","TPWD","Upper Laguna Madre Bag Seine","",NA,"",NA,"CC0_1_0","","",NA,NA,2025-02-06 21:46:33.792,"","CONTINENT_DERIVED_FROM_COORDINATES"
3406197552,"9dc24de5-be12-44f9-ab75-c4b62492e8da","Station_176_Date_12JAN2006:12:24:00.000_Fundulus_grandis","Animalia","Chordata",NA,"Cyprinodontiformes","Fundulidae","Fundulus","Fundulus grandis",NA,"SPECIES","Fundulus grandis Baird & Girard, 1853","Fundulus grandis","Baird & Girard, 1853","US","Upper Laguna Madre Estuary","Texas","PRESENT",NA,"c3ad790a-d426-4ac1-8e32-da61f81f0117",27.2925,-97.658889,100,NA,NA,NA,0.25,0.15,"2006-01-12T12:24",12,1,2006,5203686,5203686,"HUMAN_OBSERVATION","TPWD","Upper Laguna Madre Bag Seine","",NA,"",NA,"CC0_1_0","","",NA,NA,2025-02-06 21:46:33.77,"","CONTINENT_DERIVED_FROM_COORDINATES"
3406197521,"9dc24de5-be12-44f9-ab75-c4b62492e8da","Station_170_Date_21FEB2005:11:57:00.000_Fundulus_grandis","Animalia","Chordata",NA,"Cyprinodontiformes","Fundulidae","Fundulus","Fundulus grandis",NA,"SPECIES","Fundulus grandis Baird & Girard, 1853","Fundulus grandis","Baird & Girard, 1853","US","Upper Laguna Madre Estuary","Texas","PRESENT",NA,"c3ad790a-d426-4ac1-8e32-da61f81f0117",27.305833,-97.4025,100,NA,NA,NA,0.3,0.2,"2005-02-21T11:57",21,2,2005,5203686,5203686,"HUMAN_OBSERVATION","TPWD","Upper Laguna Madre Bag Seine","",NA,"",NA,"CC0_1_0","","",NA,NA,2025-02-06 21:46:33.765,"","CONTINENT_DERIVED_FROM_COORDINATES"
3406197513,"9dc24de5-be12-44f9-ab75-c4b62492e8da","Station_169_Date_09MAY2005:17:24:00.000_Fundulus_grandis","Animalia","Chordata",NA,"Cyprinodontiformes","Fundulidae","Fundulus","Fundulus grandis",NA,"SPECIES","Fundulus grandis Baird & Girard, 1853","Fundulus grandis","Baird & Girard, 1853","US","Upper Laguna Madre Estuary","Texas","PRESENT",NA,"c3ad790a-d426-4ac1-8e32-da61f81f0117",27.316111,-97.426667,100,NA,NA,NA,0.2,0.1,"2005-05-09T17:24",9,5,2005,5203686,5203686,"HUMAN_OBSERVATION","TPWD","Upper Laguna Madre Bag Seine","",NA,"",NA,"CC0_1_0","","",NA,NA,2025-02-06 21:46:33.763,"","CONTINENT_DERIVED_FROM_COORDINATES"
3406197468,"9dc24de5-be12-44f9-ab75-c4b62492e8da","Station_157_Date_20FEB2007:11:51:00.000_Fundulus_grandis","Animalia","Chordata",NA,"Cyprinodontiformes","Fundulidae","Fundulus","Fundulus grandis",NA,"SPECIES","Fundulus grandis Baird & Girard, 1853","Fundulus grandis","Baird & Girard, 1853","US","Upper Laguna Madre Estuary","Texas","PRESENT",NA,"c3ad790a-d426-4ac1-8e32-da61f81f0117",27.303333,-97.633056,100,NA,NA,NA,0.25,0.25,"2007-02-20T11:51",20,2,2007,5203686,5203686,"HUMAN_OBSERVATION","TPWD","Upper Laguna Madre Bag Seine","",NA,"",NA,"CC0_1_0","","",NA,NA,2025-02-06 21:46:33.75,"","CONTINENT_DERIVED_FROM_COORDINATES"
3406197324,"9dc24de5-be12-44f9-ab75-c4b62492e8da","Station_129_Date_22FEB2006:13:06:00.000_Fundulus_grandis","Animalia","Chordata",NA,"Cyprinodontiformes","Fundulidae","Fundulus","Fundulus grandis",NA,"SPECIES","Fundulus grandis Baird & Girard, 1853","Fundulus grandis","Baird & Girard, 1853","US","Upper Laguna Madre Estuary","Texas","PRESENT",NA,"c3ad790a-d426-4ac1-8e32-da61f81f0117",27.3525,-97.486944,100,NA,NA,NA,0.1,0.1,"2006-02-22T13:06",22,2,2006,5203686,5203686,"HUMAN_OBSERVATION","TPWD","Upper Laguna Madre Bag Seine","",NA,"",NA,"CC0_1_0","","",NA,NA,2025-02-06 21:46:33.709,"","CONTINENT_DERIVED_FROM_COORDINATES"
3406196779,"9dc24de5-be12-44f9-ab75-c4b62492e8da","Station_221_Date_22AUG2005:12:38:00.000_Fundulus_grandis","Animalia","Chordata",NA,"Cyprinodontiformes","Fundulidae","Fundulus","Fundulus grandis",NA,"SPECIES","Fundulus grandis Baird & Girard, 1853","Fundulus grandis","Baird & Girard, 1853","US","Upper Laguna Madre Estuary","Texas","PRESENT",NA,"c3ad790a-d426-4ac1-8e32-da61f81f0117",27.265,-97.640278,100,NA,NA,NA,0.3,0.1,"2005-08-22T12:38",22,8,2005,5203686,5203686,"HUMAN_OBSERVATION","TPWD","Upper Laguna Madre Bag Seine","",NA,"",NA,"CC0_1_0","","",NA,NA,2025-02-06 21:46:33.879,"","CONTINENT_DERIVED_FROM_COORDINATES"
3406196674,"9dc24de5-be12-44f9-ab75-c4b62492e8da","Station_195_Date_17JAN2005:12:58:00.000_Fundulus_grandis","Animalia","Chordata",NA,"Cyprinodontiformes","Fundulidae","Fundulus","Fundulus grandis",NA,"SPECIES","Fundulus grandis Baird & Girard, 1853","Fundulus grandis","Baird & Girard, 1853","US","Upper Laguna Madre Estuary","Texas","PRESENT",NA,"c3ad790a-d426-4ac1-8e32-da61f81f0117",27.27,-97.723333,100,NA,NA,NA,0.25,0.15,"2005-01-17T12:58",17,1,2005,5203686,5203686,"HUMAN_OBSERVATION","TPWD","Upper Laguna Madre Bag Seine","",NA,"",NA,"CC0_1_0","","",NA,NA,2025-02-06 21:46:33.834,"","CONTINENT_DERIVED_FROM_COORDINATES"
3406196635,"9dc24de5-be12-44f9-ab75-c4b62492e8da","Station_183_Date_25JUL2007:12:25:00.000_Fundulus_grandis","Animalia","Chordata",NA,"Cyprinodontiformes","Fundulidae","Fundulus","Fundulus grandis",NA,"SPECIES","Fundulus grandis Baird & Girard, 1853","Fundulus grandis","Baird & Girard, 1853","US","Upper Laguna Madre Estuary","Texas","PRESENT",NA,"c3ad790a-d426-4ac1-8e32-da61f81f0117",27.291111,-97.542222,100,NA,NA,NA,0.2,0.2,"2007-07-25T12:25",25,7,2007,5203686,5203686,"HUMAN_OBSERVATION","TPWD","Upper Laguna Madre Bag Seine","",NA,"",NA,"CC0_1_0","","",NA,NA,2025-02-06 21:46:33.824,"","CONTINENT_DERIVED_FROM_COORDINATES"
3406196622,"9dc24de5-be12-44f9-ab75-c4b62492e8da","Station_179_Date_05JUN2007:18:08:00.000_Fundulus_grandis","Animalia","Chordata",NA,"Cyprinodontiformes","Fundulidae","Fundulus","Fundulus grandis",NA,"SPECIES","Fundulus grandis Baird & Girard, 1853","Fundulus grandis","Baird & Girard, 1853","US","Upper Laguna Madre Estuary","Texas","PRESENT",NA,"c3ad790a-d426-4ac1-8e32-da61f81f0117",27.285278,-97.613333,100,NA,NA,NA,0.25,0.25,"2007-06-05T18:08",5,6,2007,5203686,5203686,"HUMAN_OBSERVATION","TPWD","Upper Laguna Madre Bag Seine","",NA,"",NA,"CC0_1_0","","",NA,NA,2025-02-06 21:46:33.82,"","CONTINENT_DERIVED_FROM_COORDINATES"
3406196490,"9dc24de5-be12-44f9-ab75-c4b62492e8da","Station_150_Date_23AUG2007:13:19:00.000_Fundulus_grandis","Animalia","Chordata",NA,"Cyprinodontiformes","Fundulidae","Fundulus","Fundulus grandis",NA,"SPECIES","Fundulus grandis Baird & Girard, 1853","Fundulus grandis","Baird & Girard, 1853","US","Upper Laguna Madre Estuary","Texas","PRESENT",NA,"c3ad790a-d426-4ac1-8e32-da61f81f0117",27.3275,-97.505556,100,NA,NA,NA,0.25,0.05,"2007-08-23T13:19",23,8,2007,5203686,5203686,"HUMAN_OBSERVATION","TPWD","Upper Laguna Madre Bag Seine","",NA,"",NA,"CC0_1_0","","",NA,NA,2025-02-06 21:46:33.781,"","CONTINENT_DERIVED_FROM_COORDINATES"
3406196411,"9dc24de5-be12-44f9-ab75-c4b62492e8da","Station_133_Date_22JAN2008:15:27:00.000_Fundulus_grandis","Animalia","Chordata",NA,"Cyprinodontiformes","Fundulidae","Fundulus","Fundulus grandis",NA,"SPECIES","Fundulus grandis Baird & Girard, 1853","Fundulus grandis","Baird & Girard, 1853","US","Upper Laguna Madre Estuary","Texas","PRESENT",NA,"c3ad790a-d426-4ac1-8e32-da61f81f0117",27.341667,-97.664167,100,NA,NA,NA,0.25,0.25,"2008-01-22T15:27",22,1,2008,5203686,5203686,"HUMAN_OBSERVATION","TPWD","Upper Laguna Madre Bag Seine","",NA,"",NA,"CC0_1_0","","",NA,NA,2025-02-06 21:46:33.75,"","CONTINENT_DERIVED_FROM_COORDINATES"
3406196350,"9dc24de5-be12-44f9-ab75-c4b62492e8da","Station_124_Date_05DEC2006:13:27:00.000_Fundulus_grandis","Animalia","Chordata",NA,"Cyprinodontiformes","Fundulidae","Fundulus","Fundulus grandis",NA,"SPECIES","Fundulus grandis Baird & Girard, 1853","Fundulus grandis","Baird & Girard, 1853","US","Upper Laguna Madre Estuary","Texas","PRESENT",NA,"c3ad790a-d426-4ac1-8e32-da61f81f0117",27.364722,-97.704167,100,NA,NA,NA,0.2,0.1,"2006-12-05T13:27",5,12,2006,5203686,5203686,"HUMAN_OBSERVATION","TPWD","Upper Laguna Madre Bag Seine","",NA,"",NA,"CC0_1_0","","",NA,NA,2025-02-06 21:46:33.733,"","CONTINENT_DERIVED_FROM_COORDINATES"
3406195952,"9dc24de5-be12-44f9-ab75-c4b62492e8da","Station_279_Date_09JAN2006:13:00:00.000_Fundulus_grandis","Animalia","Chordata",NA,"Cyprinodontiformes","Fundulidae","Fundulus","Fundulus grandis",NA,"SPECIES","Fundulus grandis Baird & Girard, 1853","Fundulus grandis","Baird & Girard, 1853","US","Upper Laguna Madre Estuary","Texas","PRESENT",NA,"c3ad790a-d426-4ac1-8e32-da61f81f0117",27.142222,-97.439167,100,NA,NA,NA,0.25,0.25,"2006-01-09T13:00",9,1,2006,5203686,5203686,"HUMAN_OBSERVATION","TPWD","Upper Laguna Madre Bag Seine","",NA,"",NA,"CC0_1_0","","",NA,NA,2025-02-06 21:46:33.369,"","CONTINENT_DERIVED_FROM_COORDINATES"
3406195888,"9dc24de5-be12-44f9-ab75-c4b62492e8da","Station_252_Date_12JUL2007:15:17:00.000_Fundulus_grandis","Animalia","Chordata",NA,"Cyprinodontiformes","Fundulidae","Fundulus","Fundulus grandis",NA,"SPECIES","Fundulus grandis Baird & Girard, 1853","Fundulus grandis","Baird & Girard, 1853","US","Upper Laguna Madre Estuary","Texas","PRESENT",NA,"c3ad790a-d426-4ac1-8e32-da61f81f0117",27.2325,-97.515556,100,NA,NA,NA,0.4,0.2,"2007-07-12T15:17",12,7,2007,5203686,5203686,"HUMAN_OBSERVATION","TPWD","Upper Laguna Madre Bag Seine","",NA,"",NA,"CC0_1_0","","",NA,NA,2025-02-06 21:46:33.344,"","CONTINENT_DERIVED_FROM_COORDINATES"
3406195861,"9dc24de5-be12-44f9-ab75-c4b62492e8da","Station_246_Date_23MAR2005:11:26:00.000_Fundulus_grandis","Animalia","Chordata",NA,"Cyprinodontiformes","Fundulidae","Fundulus","Fundulus grandis",NA,"SPECIES","Fundulus grandis Baird & Girard, 1853","Fundulus grandis","Baird & Girard, 1853","US","Upper Laguna Madre Estuary","Texas","PRESENT",NA,"c3ad790a-d426-4ac1-8e32-da61f81f0117",27.234722,-97.510833,100,NA,NA,NA,0.25,0.25,"2005-03-23T11:26",23,3,2005,5203686,5203686,"HUMAN_OBSERVATION","TPWD","Upper Laguna Madre Bag Seine","",NA,"",NA,"CC0_1_0","","",NA,NA,2025-02-06 21:46:33.34,"","CONTINENT_DERIVED_FROM_COORDINATES"
3406195743,"9dc24de5-be12-44f9-ab75-c4b62492e8da","Station_208_Date_10APR2007:17:47:00.000_Fundulus_grandis","Animalia","Chordata",NA,"Cyprinodontiformes","Fundulidae","Fundulus","Fundulus grandis",NA,"SPECIES","Fundulus grandis Baird & Girard, 1853","Fundulus grandis","Baird & Girard, 1853","US","Upper Laguna Madre Estuary","Texas","PRESENT",NA,"c3ad790a-d426-4ac1-8e32-da61f81f0117",27.276667,-97.51,100,NA,NA,NA,0.4,0.2,"2007-04-10T17:47",10,4,2007,5203686,5203686,"HUMAN_OBSERVATION","TPWD","Upper Laguna Madre Bag Seine","",NA,"",NA,"CC0_1_0","","",NA,NA,2025-02-06 21:46:33.323,"","CONTINENT_DERIVED_FROM_COORDINATES"
3406195605,"9dc24de5-be12-44f9-ab75-c4b62492e8da","Station_174_Date_13SEP2007:13:25:00.000_Fundulus_grandis","Animalia","Chordata",NA,"Cyprinodontiformes","Fundulidae","Fundulus","Fundulus grandis",NA,"SPECIES","Fundulus grandis Baird & Girard, 1853","Fundulus grandis","Baird & Girard, 1853","US","Upper Laguna Madre Estuary","Texas","PRESENT",NA,"c3ad790a-d426-4ac1-8e32-da61f81f0117",27.283611,-97.683889,100,NA,NA,NA,0.25,0.15,"2007-09-13T13:25",13,9,2007,5203686,5203686,"HUMAN_OBSERVATION","TPWD","Upper Laguna Madre Bag Seine","",NA,"",NA,"CC0_1_0","","",NA,NA,2025-02-06 21:46:33.301,"","CONTINENT_DERIVED_FROM_COORDINATES"
3406195479,"9dc24de5-be12-44f9-ab75-c4b62492e8da","Station_144_Date_05JUN2007:19:13:00.000_Fundulus_grandis","Animalia","Chordata",NA,"Cyprinodontiformes","Fundulidae","Fundulus","Fundulus grandis",NA,"SPECIES","Fundulus grandis Baird & Girard, 1853","Fundulus grandis","Baird & Girard, 1853","US","Upper Laguna Madre Estuary","Texas","PRESENT",NA,"c3ad790a-d426-4ac1-8e32-da61f81f0117",27.320278,-97.6325,100,NA,NA,NA,0.2,0.2,"2007-06-05T19:13",5,6,2007,5203686,5203686,"HUMAN_OBSERVATION","TPWD","Upper Laguna Madre Bag Seine","",NA,"",NA,"CC0_1_0","","",NA,NA,2025-02-06 21:46:33.281,"","CONTINENT_DERIVED_FROM_COORDINATES"
3406195442,"9dc24de5-be12-44f9-ab75-c4b62492e8da","Station_137_Date_10DEC2007:14:33:00.000_Fundulus_grandis","Animalia","Chordata",NA,"Cyprinodontiformes","Fundulidae","Fundulus","Fundulus grandis",NA,"SPECIES","Fundulus grandis Baird & Girard, 1853","Fundulus grandis","Baird & Girard, 1853","US","Upper Laguna Madre Estuary","Texas","PRESENT",NA,"c3ad790a-d426-4ac1-8e32-da61f81f0117",27.338056,-97.485,100,NA,NA,NA,0.15,0.15,"2007-12-10T14:33",10,12,2007,5203686,5203686,"HUMAN_OBSERVATION","TPWD","Upper Laguna Madre Bag Seine","",NA,"",NA,"CC0_1_0","","",NA,NA,2025-02-06 21:46:33.274,"","CONTINENT_DERIVED_FROM_COORDINATES"
3406195353,"9dc24de5-be12-44f9-ab75-c4b62492e8da","Station_123_Date_12NOV2007:15:45:00.000_Fundulus_grandis","Animalia","Chordata",NA,"Cyprinodontiformes","Fundulidae","Fundulus","Fundulus grandis",NA,"SPECIES","Fundulus grandis Baird & Girard, 1853","Fundulus grandis","Baird & Girard, 1853","US","Upper Laguna Madre Estuary","Texas","PRESENT",NA,"c3ad790a-d426-4ac1-8e32-da61f81f0117",27.373333,-97.479444,100,NA,NA,NA,0.15,0.15,"2007-11-12T15:45",12,11,2007,5203686,5203686,"HUMAN_OBSERVATION","TPWD","Upper Laguna Madre Bag Seine","",NA,"",NA,"CC0_1_0","","",NA,NA,2025-02-06 21:46:33.235,"","CONTINENT_DERIVED_FROM_COORDINATES"
3406195302,"9dc24de5-be12-44f9-ab75-c4b62492e8da","Station_110_Date_09MAY2005:17:03:00.000_Fundulus_grandis","Animalia","Chordata",NA,"Cyprinodontiformes","Fundulidae","Fundulus","Fundulus grandis",NA,"SPECIES","Fundulus grandis Baird & Girard, 1853","Fundulus grandis","Baird & Girard, 1853","US","Upper Laguna Madre Estuary","Texas","PRESENT",NA,"c3ad790a-d426-4ac1-8e32-da61f81f0117",27.324444,-97.41,100,NA,NA,NA,0.35,0.15,"2005-05-09T17:03",9,5,2005,5203686,5203686,"HUMAN_OBSERVATION","TPWD","Upper Laguna Madre Bag Seine","",NA,"",NA,"CC0_1_0","","",NA,NA,2025-02-06 21:46:33.227,"","CONTINENT_DERIVED_FROM_COORDINATES"
3406194903,"9dc24de5-be12-44f9-ab75-c4b62492e8da","Station_243_Date_11APR2006:12:05:00.000_Fundulus_grandis","Animalia","Chordata",NA,"Cyprinodontiformes","Fundulidae","Fundulus","Fundulus grandis",NA,"SPECIES","Fundulus grandis Baird & Girard, 1853","Fundulus grandis","Baird & Girard, 1853","US","Upper Laguna Madre Estuary","Texas","PRESENT",NA,"c3ad790a-d426-4ac1-8e32-da61f81f0117",27.233611,-97.559722,100,NA,NA,NA,0.2,0.2,"2006-04-11T12:05",11,4,2006,5203686,5203686,"HUMAN_OBSERVATION","TPWD","Upper Laguna Madre Bag Seine","",NA,"",NA,"CC0_1_0","","",NA,NA,2025-02-06 21:46:33.8,"","CONTINENT_DERIVED_FROM_COORDINATES"
3406194752,"9dc24de5-be12-44f9-ab75-c4b62492e8da","Station_195_Date_24APR2006:15:57:00.000_Fundulus_grandis","Animalia","Chordata",NA,"Cyprinodontiformes","Fundulidae","Fundulus","Fundulus grandis",NA,"SPECIES","Fundulus grandis Baird & Girard, 1853","Fundulus grandis","Baird & Girard, 1853","US","Upper Laguna Madre Estuary","Texas","PRESENT",NA,"c3ad790a-d426-4ac1-8e32-da61f81f0117",27.273056,-97.717778,100,NA,NA,NA,NA,NA,"2006-04-24T15:57",24,4,2006,5203686,5203686,"HUMAN_OBSERVATION","TPWD","Upper Laguna Madre Bag Seine","",NA,"",NA,"CC0_1_0","","",NA,NA,2025-02-06 21:46:33.748,"","CONTINENT_DERIVED_FROM_COORDINATES"
3406194683,"9dc24de5-be12-44f9-ab75-c4b62492e8da","Station_177_Date_13JUL2005:11:30:00.000_Fundulus_grandis","Animalia","Chordata",NA,"Cyprinodontiformes","Fundulidae","Fundulus","Fundulus grandis",NA,"SPECIES","Fundulus grandis Baird & Girard, 1853","Fundulus grandis","Baird & Girard, 1853","US","Upper Laguna Madre Estuary","Texas","PRESENT",NA,"c3ad790a-d426-4ac1-8e32-da61f81f0117",27.299444,-97.636111,100,NA,NA,NA,0.4,0.2,"2005-07-13T11:30",13,7,2005,5203686,5203686,"HUMAN_OBSERVATION","TPWD","Upper Laguna Madre Bag Seine","",NA,"",NA,"CC0_1_0","","",NA,NA,2025-02-06 21:46:33.729,"","CONTINENT_DERIVED_FROM_COORDINATES"
3406194638,"9dc24de5-be12-44f9-ab75-c4b62492e8da","Station_167_Date_24MAR2006:11:48:00.000_Fundulus_grandis","Animalia","Chordata",NA,"Cyprinodontiformes","Fundulidae","Fundulus","Fundulus grandis",NA,"SPECIES","Fundulus grandis Baird & Girard, 1853","Fundulus grandis","Baird & Girard, 1853","US","Upper Laguna Madre Estuary","Texas","PRESENT",NA,"c3ad790a-d426-4ac1-8e32-da61f81f0117",27.31,-97.458056,100,NA,NA,NA,0.45,0.05,"2006-03-24T11:48",24,3,2006,5203686,5203686,"HUMAN_OBSERVATION","TPWD","Upper Laguna Madre Bag Seine","",NA,"",NA,"CC0_1_0","","",NA,NA,2025-02-06 21:46:33.717,"","CONTINENT_DERIVED_FROM_COORDINATES"
3406194592,"9dc24de5-be12-44f9-ab75-c4b62492e8da","Station_156_Date_10APR2006:16:16:00.000_Fundulus_grandis","Animalia","Chordata",NA,"Cyprinodontiformes","Fundulidae","Fundulus","Fundulus grandis",NA,"SPECIES","Fundulus grandis Baird & Girard, 1853","Fundulus grandis","Baird & Girard, 1853","US","Upper Laguna Madre Estuary","Texas","PRESENT",NA,"c3ad790a-d426-4ac1-8e32-da61f81f0117",27.3125,-97.635278,100,NA,NA,NA,0.1,0.1,"2006-04-10T16:16",10,4,2006,5203686,5203686,"HUMAN_OBSERVATION","TPWD","Upper Laguna Madre Bag Seine","",NA,"",NA,"CC0_1_0","","",NA,NA,2025-02-06 21:46:33.694,"","CONTINENT_DERIVED_FROM_COORDINATES"
3406194567,"9dc24de5-be12-44f9-ab75-c4b62492e8da","Station_150_Date_20NOV2008:13:07:00.000_Fundulus_grandis","Animalia","Chordata",NA,"Cyprinodontiformes","Fundulidae","Fundulus","Fundulus grandis",NA,"SPECIES","Fundulus grandis Baird & Girard, 1853","Fundulus grandis","Baird & Girard, 1853","US","Upper Laguna Madre Estuary","Texas","PRESENT",NA,"c3ad790a-d426-4ac1-8e32-da61f81f0117",27.327778,-97.501944,100,NA,NA,NA,0.15,0.15,"2008-11-20T13:07",20,11,2008,5203686,5203686,"HUMAN_OBSERVATION","TPWD","Upper Laguna Madre Bag Seine","",NA,"",NA,"CC0_1_0","","",NA,NA,2025-02-06 21:46:33.685,"","CONTINENT_DERIVED_FROM_COORDINATES"
3406194521,"9dc24de5-be12-44f9-ab75-c4b62492e8da","Station_138_Date_28MAR2006:12:52:00.000_Fundulus_grandis","Animalia","Chordata",NA,"Cyprinodontiformes","Fundulidae","Fundulus","Fundulus grandis",NA,"SPECIES","Fundulus grandis Baird & Girard, 1853","Fundulus grandis","Baird & Girard, 1853","US","Upper Laguna Madre Estuary","Texas","PRESENT",NA,"c3ad790a-d426-4ac1-8e32-da61f81f0117",27.344444,-97.4825,100,NA,NA,NA,0.1,0.1,"2006-03-28T12:52",28,3,2006,5203686,5203686,"HUMAN_OBSERVATION","TPWD","Upper Laguna Madre Bag Seine","",NA,"",NA,"CC0_1_0","","",NA,NA,2025-02-06 21:46:33.672,"","CONTINENT_DERIVED_FROM_COORDINATES"
3406194466,"9dc24de5-be12-44f9-ab75-c4b62492e8da","Station_130_Date_05JUN2007:16:53:00.000_Fundulus_grandis","Animalia","Chordata",NA,"Cyprinodontiformes","Fundulidae","Fundulus","Fundulus grandis",NA,"SPECIES","Fundulus grandis Baird & Girard, 1853","Fundulus grandis","Baird & Girard, 1853","US","Upper Laguna Madre Estuary","Texas","PRESENT",NA,"c3ad790a-d426-4ac1-8e32-da61f81f0117",27.36,-97.482222,100,NA,NA,NA,0.2,0.2,"2007-06-05T16:53",5,6,2007,5203686,5203686,"HUMAN_OBSERVATION","TPWD","Upper Laguna Madre Bag Seine","",NA,"",NA,"CC0_1_0","","",NA,NA,2025-02-06 21:46:33.66,"","CONTINENT_DERIVED_FROM_COORDINATES"
3406194456,"9dc24de5-be12-44f9-ab75-c4b62492e8da","Station_129_Date_07JUN2005:11:25:00.000_Fundulus_grandis","Animalia","Chordata",NA,"Cyprinodontiformes","Fundulidae","Fundulus","Fundulus grandis",NA,"SPECIES","Fundulus grandis Baird & Girard, 1853","Fundulus grandis","Baird & Girard, 1853","US","Upper Laguna Madre Estuary","Texas","PRESENT",NA,"c3ad790a-d426-4ac1-8e32-da61f81f0117",27.355278,-97.484167,100,NA,NA,NA,0.15,0.15,"2005-06-07T11:25",7,6,2005,5203686,5203686,"HUMAN_OBSERVATION","TPWD","Upper Laguna Madre Bag Seine","",NA,"",NA,"CC0_1_0","","",NA,NA,2025-02-06 21:46:33.657,"","CONTINENT_DERIVED_FROM_COORDINATES"
3406194387,"9dc24de5-be12-44f9-ab75-c4b62492e8da","Station_111_Date_14MAR2007:13:34:00.000_Fundulus_grandis","Animalia","Chordata",NA,"Cyprinodontiformes","Fundulidae","Fundulus","Fundulus grandis",NA,"SPECIES","Fundulus grandis Baird & Girard, 1853","Fundulus grandis","Baird & Girard, 1853","US","Upper Laguna Madre Estuary","Texas","PRESENT",NA,"c3ad790a-d426-4ac1-8e32-da61f81f0117",27.331111,-97.398056,100,NA,NA,NA,0.2,0.2,"2007-03-14T13:34",14,3,2007,5203686,5203686,"HUMAN_OBSERVATION","TPWD","Upper Laguna Madre Bag Seine","",NA,"",NA,"CC0_1_0","","",NA,NA,2025-02-06 21:46:33.636,"","CONTINENT_DERIVED_FROM_COORDINATES"
3406194289,"9dc24de5-be12-44f9-ab75-c4b62492e8da","Station_98_Date_08MAY2006:15:33:00.000_Fundulus_grandis","Animalia","Chordata",NA,"Cyprinodontiformes","Fundulidae","Fundulus","Fundulus grandis",NA,"SPECIES","Fundulus grandis Baird & Girard, 1853","Fundulus grandis","Baird & Girard, 1853","US","Upper Laguna Madre Estuary","Texas","PRESENT",NA,"c3ad790a-d426-4ac1-8e32-da61f81f0117",27.37,-97.388889,100,NA,NA,NA,0.3,0,"2006-05-08T15:33",8,5,2006,5203686,5203686,"HUMAN_OBSERVATION","TPWD","Upper Laguna Madre Bag Seine","",NA,"",NA,"CC0_1_0","","",NA,NA,2025-02-06 21:46:33.738,"","CONTINENT_DERIVED_FROM_COORDINATES"
3406194105,"9dc24de5-be12-44f9-ab75-c4b62492e8da","Station_63_Date_08MAR2007:11:26:00.000_Fundulus_grandis","Animalia","Chordata",NA,"Cyprinodontiformes","Fundulidae","Fundulus","Fundulus grandis",NA,"SPECIES","Fundulus grandis Baird & Girard, 1853","Fundulus grandis","Baird & Girard, 1853","US","Upper Laguna Madre Estuary","Texas","PRESENT",NA,"c3ad790a-d426-4ac1-8e32-da61f81f0117",27.5275,-97.303333,100,NA,NA,NA,0.15,0.15,"2007-03-08T11:26",8,3,2007,5203686,5203686,"HUMAN_OBSERVATION","TPWD","Upper Laguna Madre Bag Seine","",NA,"",NA,"CC0_1_0","","",NA,NA,2025-02-06 21:46:33.681,"","CONTINENT_DERIVED_FROM_COORDINATES"
3406194103,"9dc24de5-be12-44f9-ab75-c4b62492e8da","Station_61_Date_23APR2007:17:51:00.000_Fundulus_grandis","Animalia","Chordata",NA,"Cyprinodontiformes","Fundulidae","Fundulus","Fundulus grandis",NA,"SPECIES","Fundulus grandis Baird & Girard, 1853","Fundulus grandis","Baird & Girard, 1853","US","Upper Laguna Madre Estuary","Texas","PRESENT",NA,"c3ad790a-d426-4ac1-8e32-da61f81f0117",27.526389,-97.338056,100,NA,NA,NA,0.3,0.2,"2007-04-23T17:51",23,4,2007,5203686,5203686,"HUMAN_OBSERVATION","TPWD","Upper Laguna Madre Bag Seine","",NA,"",NA,"CC0_1_0","","",NA,NA,2025-02-06 21:46:33.68,"","CONTINENT_DERIVED_FROM_COORDINATES"
3406194076,"9dc24de5-be12-44f9-ab75-c4b62492e8da","Station_53_Date_08APR2005:11:53:00.000_Fundulus_grandis","Animalia","Chordata",NA,"Cyprinodontiformes","Fundulidae","Fundulus","Fundulus grandis",NA,"SPECIES","Fundulus grandis Baird & Girard, 1853","Fundulus grandis","Baird & Girard, 1853","US","Upper Laguna Madre Estuary","Texas","PRESENT",NA,"c3ad790a-d426-4ac1-8e32-da61f81f0117",27.554722,-97.286944,100,NA,NA,NA,0.2,0.1,"2005-04-08T11:53",8,4,2005,5203686,5203686,"HUMAN_OBSERVATION","TPWD","Upper Laguna Madre Bag Seine","",NA,"",NA,"CC0_1_0","","",NA,NA,2025-02-06 21:46:33.671,"","CONTINENT_DERIVED_FROM_COORDINATES"
3406193601,"9dc24de5-be12-44f9-ab75-c4b62492e8da","Station_12_Date_09JUN2008:16:59:00.000_Fundulus_grandis","Animalia","Chordata",NA,"Cyprinodontiformes","Fundulidae","Fundulus","Fundulus grandis",NA,"SPECIES","Fundulus grandis Baird & Girard, 1853","Fundulus grandis","Baird & Girard, 1853","US","Upper Laguna Madre Estuary","Texas","PRESENT",NA,"c3ad790a-d426-4ac1-8e32-da61f81f0117",27.660556,-97.273056,100,NA,NA,NA,0.25,0.15,"2008-06-09T16:59",9,6,2008,5203686,5203686,"HUMAN_OBSERVATION","TPWD","Upper Laguna Madre Bag Seine","",NA,"",NA,"CC0_1_0","","",NA,NA,2025-02-06 21:46:33.518,"","CONTINENT_DERIVED_FROM_COORDINATES"
3406193071,"9dc24de5-be12-44f9-ab75-c4b62492e8da","Station_64_Date_16JAN2006:13:29:00.000_Fundulus_grandis","Animalia","Chordata",NA,"Cyprinodontiformes","Fundulidae","Fundulus","Fundulus grandis",NA,"SPECIES","Fundulus grandis Baird & Girard, 1853","Fundulus grandis","Baird & Girard, 1853","US","Upper Laguna Madre Estuary","Texas","PRESENT",NA,"c3ad790a-d426-4ac1-8e32-da61f81f0117",27.519167,-97.291944,100,NA,NA,NA,0.15,0.15,"2006-01-16T13:29",16,1,2006,5203686,5203686,"HUMAN_OBSERVATION","TPWD","Upper Laguna Madre Bag Seine","",NA,"",NA,"CC0_1_0","","",NA,NA,2025-02-06 21:46:33.644,"","CONTINENT_DERIVED_FROM_COORDINATES"
3406193016,"9dc24de5-be12-44f9-ab75-c4b62492e8da","Station_53_Date_21SEP2005:16:31:00.000_Fundulus_grandis","Animalia","Chordata",NA,"Cyprinodontiformes","Fundulidae","Fundulus","Fundulus grandis",NA,"SPECIES","Fundulus grandis Baird & Girard, 1853","Fundulus grandis","Baird & Girard, 1853","US","Upper Laguna Madre Estuary","Texas","PRESENT",NA,"c3ad790a-d426-4ac1-8e32-da61f81f0117",27.554167,-97.285278,100,NA,NA,NA,0.25,0.05,"2005-09-21T16:31",21,9,2005,5203686,5203686,"HUMAN_OBSERVATION","TPWD","Upper Laguna Madre Bag Seine","",NA,"",NA,"CC0_1_0","","",NA,NA,2025-02-06 21:46:33.629,"","CONTINENT_DERIVED_FROM_COORDINATES"
3406192902,"9dc24de5-be12-44f9-ab75-c4b62492e8da","Station_28_Date_24MAR2005:12:12:00.000_Fundulus_grandis","Animalia","Chordata",NA,"Cyprinodontiformes","Fundulidae","Fundulus","Fundulus grandis",NA,"SPECIES","Fundulus grandis Baird & Girard, 1853","Fundulus grandis","Baird & Girard, 1853","US","Upper Laguna Madre Estuary","Texas","PRESENT",NA,"c3ad790a-d426-4ac1-8e32-da61f81f0117",27.6225,-97.245,100,NA,NA,NA,0.2,0.2,"2005-03-24T12:12",24,3,2005,5203686,5203686,"HUMAN_OBSERVATION","TPWD","Upper Laguna Madre Bag Seine","",NA,"",NA,"CC0_1_0","","",NA,NA,2025-02-06 21:46:33.585,"","CONTINENT_DERIVED_FROM_COORDINATES"
3406191859,"9dc24de5-be12-44f9-ab75-c4b62492e8da","Station_26_Date_08NOV2005:10:21:00.000_Fundulus_grandis","Animalia","Chordata",NA,"Cyprinodontiformes","Fundulidae","Fundulus","Fundulus grandis",NA,"SPECIES","Fundulus grandis Baird & Girard, 1853","Fundulus grandis","Baird & Girard, 1853","US","Upper Laguna Madre Estuary","Texas","PRESENT",NA,"c3ad790a-d426-4ac1-8e32-da61f81f0117",27.622222,-97.271944,100,NA,NA,NA,0.3,0.2,"2005-11-08T10:21",8,11,2005,5203686,5203686,"HUMAN_OBSERVATION","TPWD","Upper Laguna Madre Bag Seine","",NA,"",NA,"CC0_1_0","","",NA,NA,2025-02-06 21:46:33.16,"","CONTINENT_DERIVED_FROM_COORDINATES"
3406191267,"9dc24de5-be12-44f9-ab75-c4b62492e8da","Station_94_Date_14JAN2008:12:47:00.000_Fundulus_grandis","Animalia","Chordata",NA,"Cyprinodontiformes","Fundulidae","Fundulus","Fundulus grandis",NA,"SPECIES","Fundulus grandis Baird & Girard, 1853","Fundulus grandis","Baird & Girard, 1853","US","Upper Laguna Madre Estuary","Texas","PRESENT",NA,"c3ad790a-d426-4ac1-8e32-da61f81f0117",27.413889,-97.331667,100,NA,NA,NA,0.15,0.15,"2008-01-14T12:47",14,1,2008,5203686,5203686,"HUMAN_OBSERVATION","TPWD","Upper Laguna Madre Bag Seine","",NA,"",NA,"CC0_1_0","","",NA,NA,2025-02-06 21:46:33.732,"","CONTINENT_DERIVED_FROM_COORDINATES"
3406191068,"9dc24de5-be12-44f9-ab75-c4b62492e8da","Station_53_Date_14MAY2008:15:54:00.000_Fundulus_grandis","Animalia","Chordata",NA,"Cyprinodontiformes","Fundulidae","Fundulus","Fundulus grandis",NA,"SPECIES","Fundulus grandis Baird & Girard, 1853","Fundulus grandis","Baird & Girard, 1853","US","Upper Laguna Madre Estuary","Texas","PRESENT",NA,"c3ad790a-d426-4ac1-8e32-da61f81f0117",27.554722,-97.286389,100,NA,NA,NA,0.25,0.15,"2008-05-14T15:54",14,5,2008,5203686,5203686,"HUMAN_OBSERVATION","TPWD","Upper Laguna Madre Bag Seine","",NA,"",NA,"CC0_1_0","","",NA,NA,2025-02-06 21:46:33.672,"","CONTINENT_DERIVED_FROM_COORDINATES"
3406190820,"9dc24de5-be12-44f9-ab75-c4b62492e8da","Station_20_Date_16DEC2006:10:23:00.000_Fundulus_grandis","Animalia","Chordata",NA,"Cyprinodontiformes","Fundulidae","Fundulus","Fundulus grandis",NA,"SPECIES","Fundulus grandis Baird & Girard, 1853","Fundulus grandis","Baird & Girard, 1853","US","Upper Laguna Madre Estuary","Texas","PRESENT",NA,"c3ad790a-d426-4ac1-8e32-da61f81f0117",27.6375,-97.261944,100,NA,NA,NA,0.3,0.2,"2006-12-16T10:23",16,12,2006,5203686,5203686,"HUMAN_OBSERVATION","TPWD","Upper Laguna Madre Bag Seine","",NA,"",NA,"CC0_1_0","","",NA,NA,2025-02-06 21:46:33.594,"","CONTINENT_DERIVED_FROM_COORDINATES"
3406190790,"9dc24de5-be12-44f9-ab75-c4b62492e8da","Station_19_Date_12MAY2008:14:39:00.000_Fundulus_grandis","Animalia","Chordata",NA,"Cyprinodontiformes","Fundulidae","Fundulus","Fundulus grandis",NA,"SPECIES","Fundulus grandis Baird & Girard, 1853","Fundulus grandis","Baird & Girard, 1853","US","Upper Laguna Madre Estuary","Texas","PRESENT",NA,"c3ad790a-d426-4ac1-8e32-da61f81f0117",27.633333,-97.279444,100,NA,NA,NA,0.25,0.25,"2008-05-12T14:39",12,5,2008,5203686,5203686,"HUMAN_OBSERVATION","TPWD","Upper Laguna Madre Bag Seine","",NA,"",NA,"CC0_1_0","","",NA,NA,2025-02-06 21:46:33.586,"","CONTINENT_DERIVED_FROM_COORDINATES"
3406190196,"9dc24de5-be12-44f9-ab75-c4b62492e8da","Station_86_Date_07MAY2007:16:36:00.000_Fundulus_grandis","Animalia","Chordata",NA,"Cyprinodontiformes","Fundulidae","Fundulus","Fundulus grandis",NA,"SPECIES","Fundulus grandis Baird & Girard, 1853","Fundulus grandis","Baird & Girard, 1853","US","Upper Laguna Madre Estuary","Texas","PRESENT",NA,"c3ad790a-d426-4ac1-8e32-da61f81f0117",27.440556,-97.326944,100,NA,NA,NA,0.25,0.05,"2007-05-07T16:36",7,5,2007,5203686,5203686,"HUMAN_OBSERVATION","TPWD","Upper Laguna Madre Bag Seine","",NA,"",NA,"CC0_1_0","","",NA,NA,2025-02-06 21:46:33.643,"","CONTINENT_DERIVED_FROM_COORDINATES"
3406190126,"9dc24de5-be12-44f9-ab75-c4b62492e8da","Station_72_Date_02JUN2008:15:47:00.000_Fundulus_grandis","Animalia","Chordata",NA,"Cyprinodontiformes","Fundulidae","Fundulus","Fundulus grandis",NA,"SPECIES","Fundulus grandis Baird & Girard, 1853","Fundulus grandis","Baird & Girard, 1853","US","Upper Laguna Madre Estuary","Texas","PRESENT",NA,"c3ad790a-d426-4ac1-8e32-da61f81f0117",27.495556,-97.317222,100,NA,NA,NA,0.1,0.1,"2008-06-02T15:47",2,6,2008,5203686,5203686,"HUMAN_OBSERVATION","TPWD","Upper Laguna Madre Bag Seine","",NA,"",NA,"CC0_1_0","","",NA,NA,2025-02-06 21:46:33.625,"","CONTINENT_DERIVED_FROM_COORDINATES"
3406190108,"9dc24de5-be12-44f9-ab75-c4b62492e8da","Station_70_Date_07APR2006:11:44:00.000_Fundulus_grandis","Animalia","Chordata",NA,"Cyprinodontiformes","Fundulidae","Fundulus","Fundulus grandis",NA,"SPECIES","Fundulus grandis Baird & Girard, 1853","Fundulus grandis","Baird & Girard, 1853","US","Upper Laguna Madre Estuary","Texas","PRESENT",NA,"c3ad790a-d426-4ac1-8e32-da61f81f0117",27.487222,-97.350556,100,NA,NA,NA,0.35,0.05,"2006-04-07T11:44",7,4,2006,5203686,5203686,"HUMAN_OBSERVATION","TPWD","Upper Laguna Madre Bag Seine","",NA,"",NA,"CC0_1_0","","",NA,NA,2025-02-06 21:46:33.611,"","CONTINENT_DERIVED_FROM_COORDINATES"
3406190057,"9dc24de5-be12-44f9-ab75-c4b62492e8da","Station_54_Date_20MAR2008:10:03:00.000_Fundulus_grandis","Animalia","Chordata",NA,"Cyprinodontiformes","Fundulidae","Fundulus","Fundulus grandis",NA,"SPECIES","Fundulus grandis Baird & Girard, 1853","Fundulus grandis","Baird & Girard, 1853","US","Upper Laguna Madre Estuary","Texas","PRESENT",NA,"c3ad790a-d426-4ac1-8e32-da61f81f0117",27.555556,-97.279444,100,NA,NA,NA,0.1,0.1,"2008-03-20T10:03",20,3,2008,5203686,5203686,"HUMAN_OBSERVATION","TPWD","Upper Laguna Madre Bag Seine","",NA,"",NA,"CC0_1_0","","",NA,NA,2025-02-06 21:46:33.597,"","CONTINENT_DERIVED_FROM_COORDINATES"
3406189576,"9dc24de5-be12-44f9-ab75-c4b62492e8da","Station_12_Date_07NOV2007:16:17:00.000_Fundulus_grandis","Animalia","Chordata",NA,"Cyprinodontiformes","Fundulidae","Fundulus","Fundulus grandis",NA,"SPECIES","Fundulus grandis Baird & Girard, 1853","Fundulus grandis","Baird & Girard, 1853","US","Upper Laguna Madre Estuary","Texas","PRESENT",NA,"c3ad790a-d426-4ac1-8e32-da61f81f0117",27.6575,-97.274444,100,NA,NA,NA,0.35,0.25,"2007-11-07T16:17",7,11,2007,5203686,5203686,"HUMAN_OBSERVATION","TPWD","Upper Laguna Madre Bag Seine","",NA,"",NA,"CC0_1_0","","",NA,NA,2025-02-06 21:46:33.426,"","CONTINENT_DERIVED_FROM_COORDINATES"
3406189254,"9dc24de5-be12-44f9-ab75-c4b62492e8da","Station_118_Date_07JUN2005:14:29:00.000_Fundulus_grandis","Animalia","Chordata",NA,"Cyprinodontiformes","Fundulidae","Fundulus","Fundulus grandis",NA,"SPECIES","Fundulus grandis Baird & Girard, 1853","Fundulus grandis","Baird & Girard, 1853","US","Upper Laguna Madre Estuary","Texas","PRESENT",NA,"c3ad790a-d426-4ac1-8e32-da61f81f0117",27.373056,-97.706667,100,NA,NA,NA,0.45,0.15,"2005-06-07T14:29",7,6,2005,5203686,5203686,"HUMAN_OBSERVATION","TPWD","Upper Laguna Madre Bag Seine","",NA,"",NA,"CC0_1_0","","",NA,NA,2025-02-06 21:46:33.64,"","CONTINENT_DERIVED_FROM_COORDINATES"
3406189119,"9dc24de5-be12-44f9-ab75-c4b62492e8da","Station_91_Date_07MAR2006:13:05:00.000_Fundulus_grandis","Animalia","Chordata",NA,"Cyprinodontiformes","Fundulidae","Fundulus","Fundulus grandis",NA,"SPECIES","Fundulus grandis Baird & Girard, 1853","Fundulus grandis","Baird & Girard, 1853","US","Upper Laguna Madre Estuary","Texas","PRESENT",NA,"c3ad790a-d426-4ac1-8e32-da61f81f0117",27.415278,-97.368333,100,NA,NA,NA,0.25,0.15,"2006-03-07T13:05",7,3,2006,5203686,5203686,"HUMAN_OBSERVATION","TPWD","Upper Laguna Madre Bag Seine","",NA,"",NA,"CC0_1_0","","",NA,NA,2025-02-06 21:46:33.594,"","CONTINENT_DERIVED_FROM_COORDINATES"
3406189000,"9dc24de5-be12-44f9-ab75-c4b62492e8da","Station_68_Date_04JUN2007:16:30:00.000_Fundulus_grandis","Animalia","Chordata",NA,"Cyprinodontiformes","Fundulidae","Fundulus","Fundulus grandis",NA,"SPECIES","Fundulus grandis Baird & Girard, 1853","Fundulus grandis","Baird & Girard, 1853","US","Upper Laguna Madre Estuary","Texas","PRESENT",NA,"c3ad790a-d426-4ac1-8e32-da61f81f0117",27.506389,-97.3125,100,NA,NA,NA,0.3,0.1,"2007-06-04T16:30",4,6,2007,5203686,5203686,"HUMAN_OBSERVATION","TPWD","Upper Laguna Madre Bag Seine","",NA,"",NA,"CC0_1_0","","",NA,NA,2025-02-06 21:46:33.563,"","CONTINENT_DERIVED_FROM_COORDINATES"
3406188951,"9dc24de5-be12-44f9-ab75-c4b62492e8da","Station_54_Date_11APR2007:14:26:00.000_Fundulus_grandis","Animalia","Chordata",NA,"Cyprinodontiformes","Fundulidae","Fundulus","Fundulus grandis",NA,"SPECIES","Fundulus grandis Baird & Girard, 1853","Fundulus grandis","Baird & Girard, 1853","US","Upper Laguna Madre Estuary","Texas","PRESENT",NA,"c3ad790a-d426-4ac1-8e32-da61f81f0117",27.566389,-97.278056,100,NA,NA,NA,0.3,0.1,"2007-04-11T14:26",11,4,2007,5203686,5203686,"HUMAN_OBSERVATION","TPWD","Upper Laguna Madre Bag Seine","",NA,"",NA,"CC0_1_0","","",NA,NA,2025-02-06 21:46:33.546,"","CONTINENT_DERIVED_FROM_COORDINATES"
3406188897,"9dc24de5-be12-44f9-ab75-c4b62492e8da","Station_42_Date_17DEC2007:10:57:00.000_Fundulus_grandis","Animalia","Chordata",NA,"Cyprinodontiformes","Fundulidae","Fundulus","Fundulus grandis",NA,"SPECIES","Fundulus grandis Baird & Girard, 1853","Fundulus grandis","Baird & Girard, 1853","US","Upper Laguna Madre Estuary","Texas","PRESENT",NA,"c3ad790a-d426-4ac1-8e32-da61f81f0117",27.591944,-97.263611,100,NA,NA,NA,0.25,0.25,"2007-12-17T10:57",17,12,2007,5203686,5203686,"HUMAN_OBSERVATION","TPWD","Upper Laguna Madre Bag Seine","",NA,"",NA,"CC0_1_0","","",NA,NA,2025-02-06 21:46:33.519,"","CONTINENT_DERIVED_FROM_COORDINATES"
3406188159,"9dc24de5-be12-44f9-ab75-c4b62492e8da","Station_97_Date_25JUL2005:15:47:00.000_Fundulus_grandis","Animalia","Chordata",NA,"Cyprinodontiformes","Fundulidae","Fundulus","Fundulus grandis",NA,"SPECIES","Fundulus grandis Baird & Girard, 1853","Fundulus grandis","Baird & Girard, 1853","US","Upper Laguna Madre Estuary","Texas","PRESENT",NA,"c3ad790a-d426-4ac1-8e32-da61f81f0117",27.393611,-97.3425,100,NA,NA,NA,0.25,0.05,"2005-07-25T15:47",25,7,2005,5203686,5203686,"HUMAN_OBSERVATION","TPWD","Upper Laguna Madre Bag Seine","",NA,"",NA,"CC0_1_0","","",NA,NA,2025-02-06 21:46:33.658,"","CONTINENT_DERIVED_FROM_COORDINATES"
3406188061,"9dc24de5-be12-44f9-ab75-c4b62492e8da","Station_75_Date_17DEC2007:12:33:00.000_Fundulus_grandis","Animalia","Chordata",NA,"Cyprinodontiformes","Fundulidae","Fundulus","Fundulus grandis",NA,"SPECIES","Fundulus grandis Baird & Girard, 1853","Fundulus grandis","Baird & Girard, 1853","US","Upper Laguna Madre Estuary","Texas","PRESENT",NA,"c3ad790a-d426-4ac1-8e32-da61f81f0117",27.475833,-97.3525,100,NA,NA,NA,0.15,0.15,"2007-12-17T12:33",17,12,2007,5203686,5203686,"HUMAN_OBSERVATION","TPWD","Upper Laguna Madre Bag Seine","",NA,"",NA,"CC0_1_0","","",NA,NA,2025-02-06 21:46:33.631,"","CONTINENT_DERIVED_FROM_COORDINATES"
3406188029,"9dc24de5-be12-44f9-ab75-c4b62492e8da","Station_70_Date_30MAY2006:11:03:00.000_Fundulus_grandis","Animalia","Chordata",NA,"Cyprinodontiformes","Fundulidae","Fundulus","Fundulus grandis",NA,"SPECIES","Fundulus grandis Baird & Girard, 1853","Fundulus grandis","Baird & Girard, 1853","US","Upper Laguna Madre Estuary","Texas","PRESENT",NA,"c3ad790a-d426-4ac1-8e32-da61f81f0117",27.488889,-97.350278,100,NA,NA,NA,0.4,0.1,"2006-05-30T11:03",30,5,2006,5203686,5203686,"HUMAN_OBSERVATION","TPWD","Upper Laguna Madre Bag Seine","",NA,"",NA,"CC0_1_0","","",NA,NA,2025-02-06 21:46:33.612,"","CONTINENT_DERIVED_FROM_COORDINATES"
3406187995,"9dc24de5-be12-44f9-ab75-c4b62492e8da","Station_60_Date_26APR2007:10:25:00.000_Fundulus_grandis","Animalia","Chordata",NA,"Cyprinodontiformes","Fundulidae","Fundulus","Fundulus grandis",NA,"SPECIES","Fundulus grandis Baird & Girard, 1853","Fundulus grandis","Baird & Girard, 1853","US","Upper Laguna Madre Estuary","Texas","PRESENT",NA,"c3ad790a-d426-4ac1-8e32-da61f81f0117",27.545556,-97.282222,100,NA,NA,NA,0.15,0.05,"2007-04-26T10:25",26,4,2007,5203686,5203686,"HUMAN_OBSERVATION","TPWD","Upper Laguna Madre Bag Seine","",NA,"",NA,"CC0_1_0","","",NA,NA,2025-02-06 21:46:33.603,"","CONTINENT_DERIVED_FROM_COORDINATES"
3406187933,"9dc24de5-be12-44f9-ab75-c4b62492e8da","Station_48_Date_26APR2006:11:43:00.000_Fundulus_grandis","Animalia","Chordata",NA,"Cyprinodontiformes","Fundulidae","Fundulus","Fundulus grandis",NA,"SPECIES","Fundulus grandis Baird & Girard, 1853","Fundulus grandis","Baird & Girard, 1853","US","Upper Laguna Madre Estuary","Texas","PRESENT",NA,"c3ad790a-d426-4ac1-8e32-da61f81f0117",27.572778,-97.270556,100,NA,NA,NA,0.15,0.15,"2006-04-26T11:43",26,4,2006,5203686,5203686,"HUMAN_OBSERVATION","TPWD","Upper Laguna Madre Bag Seine","",NA,"",NA,"CC0_1_0","","",NA,NA,2025-02-06 21:46:33.586,"","CONTINENT_DERIVED_FROM_COORDINATES"
3406187716,"9dc24de5-be12-44f9-ab75-c4b62492e8da","Station_20_Date_24MAR2005:11:23:00.000_Fundulus_grandis","Animalia","Chordata",NA,"Cyprinodontiformes","Fundulidae","Fundulus","Fundulus grandis",NA,"SPECIES","Fundulus grandis Baird & Girard, 1853","Fundulus grandis","Baird & Girard, 1853","US","Upper Laguna Madre Estuary","Texas","PRESENT",NA,"c3ad790a-d426-4ac1-8e32-da61f81f0117",27.636667,-97.262778,100,NA,NA,NA,0.2,0.2,"2005-03-24T11:23",24,3,2005,5203686,5203686,"HUMAN_OBSERVATION","TPWD","Upper Laguna Madre Bag Seine","",NA,"",NA,"CC0_1_0","","",NA,NA,2025-02-06 21:46:33.514,"","CONTINENT_DERIVED_FROM_COORDINATES"
3406187495,"9dc24de5-be12-44f9-ab75-c4b62492e8da","Station_12_Date_28FEB2008:11:19:00.000_Fundulus_grandis","Animalia","Chordata",NA,"Cyprinodontiformes","Fundulidae","Fundulus","Fundulus grandis",NA,"SPECIES","Fundulus grandis Baird & Girard, 1853","Fundulus grandis","Baird & Girard, 1853","US","Upper Laguna Madre Estuary","Texas","PRESENT",NA,"c3ad790a-d426-4ac1-8e32-da61f81f0117",27.659444,-97.270278,100,NA,NA,NA,0.3,0.3,"2008-02-28T11:19",28,2,2008,5203686,5203686,"HUMAN_OBSERVATION","TPWD","Upper Laguna Madre Bag Seine","",NA,"",NA,"CC0_1_0","","",NA,NA,2025-02-06 21:46:33.427,"","CONTINENT_DERIVED_FROM_COORDINATES"
3406187266,"9dc24de5-be12-44f9-ab75-c4b62492e8da","Station_104_Date_06JUL2007:14:23:00.000_Fundulus_grandis","Animalia","Chordata",NA,"Cyprinodontiformes","Fundulidae","Fundulus","Fundulus grandis",NA,"SPECIES","Fundulus grandis Baird & Girard, 1853","Fundulus grandis","Baird & Girard, 1853","US","Upper Laguna Madre Estuary","Texas","PRESENT",NA,"c3ad790a-d426-4ac1-8e32-da61f81f0117",27.358889,-97.362222,100,NA,NA,NA,0.3,0.1,"2007-07-06T14:23",6,7,2007,5203686,5203686,"HUMAN_OBSERVATION","TPWD","Upper Laguna Madre Bag Seine","",NA,"",NA,"CC0_1_0","","",NA,NA,2025-02-06 21:46:33.71,"","CONTINENT_DERIVED_FROM_COORDINATES"
3406187183,"9dc24de5-be12-44f9-ab75-c4b62492e8da","Station_90_Date_10APR2007:16:07:00.000_Fundulus_grandis","Animalia","Chordata",NA,"Cyprinodontiformes","Fundulidae","Fundulus","Fundulus grandis",NA,"SPECIES","Fundulus grandis Baird & Girard, 1853","Fundulus grandis","Baird & Girard, 1853","US","Upper Laguna Madre Estuary","Texas","PRESENT",NA,"c3ad790a-d426-4ac1-8e32-da61f81f0117",27.419167,-97.330556,100,NA,NA,NA,0.35,0.05,"2007-04-10T16:07",10,4,2007,5203686,5203686,"HUMAN_OBSERVATION","TPWD","Upper Laguna Madre Bag Seine","",NA,"",NA,"CC0_1_0","","",NA,NA,2025-02-06 21:46:33.677,"","CONTINENT_DERIVED_FROM_COORDINATES"
3406187057,"9dc24de5-be12-44f9-ab75-c4b62492e8da","Station_60_Date_22MAY2007:11:19:00.000_Fundulus_grandis","Animalia","Chordata",NA,"Cyprinodontiformes","Fundulidae","Fundulus","Fundulus grandis",NA,"SPECIES","Fundulus grandis Baird & Girard, 1853","Fundulus grandis","Baird & Girard, 1853","US","Upper Laguna Madre Estuary","Texas","PRESENT",NA,"c3ad790a-d426-4ac1-8e32-da61f81f0117",27.549167,-97.280278,100,NA,NA,NA,0.15,0.15,"2007-05-22T11:19",22,5,2007,5203686,5203686,"HUMAN_OBSERVATION","TPWD","Upper Laguna Madre Bag Seine","",NA,"",NA,"CC0_1_0","","",NA,NA,2025-02-06 21:46:33.638,"","CONTINENT_DERIVED_FROM_COORDINATES"
3406186984,"9dc24de5-be12-44f9-ab75-c4b62492e8da","Station_42_Date_26APR2006:11:18:00.000_Fundulus_grandis","Animalia","Chordata",NA,"Cyprinodontiformes","Fundulidae","Fundulus","Fundulus grandis",NA,"SPECIES","Fundulus grandis Baird & Girard, 1853","Fundulus grandis","Baird & Girard, 1853","US","Upper Laguna Madre Estuary","Texas","PRESENT",NA,"c3ad790a-d426-4ac1-8e32-da61f81f0117",27.598333,-97.257222,100,NA,NA,NA,0.15,0.15,"2006-04-26T11:18",26,4,2006,5203686,5203686,"HUMAN_OBSERVATION","TPWD","Upper Laguna Madre Bag Seine","",NA,"",NA,"CC0_1_0","","",NA,NA,2025-02-06 21:46:33.601,"","CONTINENT_DERIVED_FROM_COORDINATES"
3406186912,"9dc24de5-be12-44f9-ab75-c4b62492e8da","Station_27_Date_26APR2007:10:55:00.000_Fundulus_grandis","Animalia","Chordata",NA,"Cyprinodontiformes","Fundulidae","Fundulus","Fundulus grandis",NA,"SPECIES","Fundulus grandis Baird & Girard, 1853","Fundulus grandis","Baird & Girard, 1853","US","Upper Laguna Madre Estuary","Texas","PRESENT",NA,"c3ad790a-d426-4ac1-8e32-da61f81f0117",27.630833,-97.2625,100,NA,NA,NA,0.25,0.15,"2007-04-26T10:55",26,4,2007,5203686,5203686,"HUMAN_OBSERVATION","TPWD","Upper Laguna Madre Bag Seine","",NA,"",NA,"CC0_1_0","","",NA,NA,2025-02-06 21:46:33.583,"","CONTINENT_DERIVED_FROM_COORDINATES"
3406185984,"9dc24de5-be12-44f9-ab75-c4b62492e8da","Station_48_Date_24APR2008:13:17:00.000_Fundulus_grandis","Animalia","Chordata",NA,"Cyprinodontiformes","Fundulidae","Fundulus","Fundulus grandis",NA,"SPECIES","Fundulus grandis Baird & Girard, 1853","Fundulus grandis","Baird & Girard, 1853","US","Upper Laguna Madre Estuary","Texas","PRESENT",NA,"c3ad790a-d426-4ac1-8e32-da61f81f0117",27.566944,-97.278056,100,NA,NA,NA,0.3,0.1,"2008-04-24T13:17",24,4,2008,5203686,5203686,"HUMAN_OBSERVATION","TPWD","Upper Laguna Madre Bag Seine","",NA,"",NA,"CC0_1_0","","",NA,NA,2025-02-06 21:46:33.179,"","CONTINENT_DERIVED_FROM_COORDINATES"
3406185941,"9dc24de5-be12-44f9-ab75-c4b62492e8da","Station_40_Date_04MAR2005:09:50:00.000_Fundulus_grandis","Animalia","Chordata",NA,"Cyprinodontiformes","Fundulidae","Fundulus","Fundulus grandis",NA,"SPECIES","Fundulus grandis Baird & Girard, 1853","Fundulus grandis","Baird & Girard, 1853","US","Upper Laguna Madre Estuary","Texas","PRESENT",NA,"c3ad790a-d426-4ac1-8e32-da61f81f0117",27.596111,-97.296944,100,NA,NA,NA,0.35,0.15,"2005-03-04T09:50",4,3,2005,5203686,5203686,"HUMAN_OBSERVATION","TPWD","Upper Laguna Madre Bag Seine","",NA,"",NA,"CC0_1_0","","",NA,NA,2025-02-06 21:46:33.172,"","CONTINENT_DERIVED_FROM_COORDINATES"
3406185215,"9dc24de5-be12-44f9-ab75-c4b62492e8da","Station_77_Date_28NOV2007:11:45:00.000_Fundulus_grandis","Animalia","Chordata",NA,"Cyprinodontiformes","Fundulidae","Fundulus","Fundulus grandis",NA,"SPECIES","Fundulus grandis Baird & Girard, 1853","Fundulus grandis","Baird & Girard, 1853","US","Upper Laguna Madre Estuary","Texas","PRESENT",NA,"c3ad790a-d426-4ac1-8e32-da61f81f0117",27.478333,-97.326389,100,NA,NA,NA,0.35,0.25,"2007-11-28T11:45",28,11,2007,5203686,5203686,"HUMAN_OBSERVATION","TPWD","Upper Laguna Madre Bag Seine","",NA,"",NA,"CC0_1_0","","",NA,NA,2025-02-06 21:46:33.577,"","CONTINENT_DERIVED_FROM_COORDINATES"
3406185202,"9dc24de5-be12-44f9-ab75-c4b62492e8da","Station_75_Date_07APR2005:13:57:00.000_Fundulus_grandis","Animalia","Chordata",NA,"Cyprinodontiformes","Fundulidae","Fundulus","Fundulus grandis",NA,"SPECIES","Fundulus grandis Baird & Girard, 1853","Fundulus grandis","Baird & Girard, 1853","US","Upper Laguna Madre Estuary","Texas","PRESENT",NA,"c3ad790a-d426-4ac1-8e32-da61f81f0117",27.477222,-97.351667,100,NA,NA,NA,0.2,0.1,"2005-04-07T13:57",7,4,2005,5203686,5203686,"HUMAN_OBSERVATION","TPWD","Upper Laguna Madre Bag Seine","",NA,"",NA,"CC0_1_0","","",NA,NA,2025-02-06 21:46:33.574,"","CONTINENT_DERIVED_FROM_COORDINATES"
3406185080,"9dc24de5-be12-44f9-ab75-c4b62492e8da","Station_53_Date_12JAN2005:11:17:00.000_Fundulus_grandis","Animalia","Chordata",NA,"Cyprinodontiformes","Fundulidae","Fundulus","Fundulus grandis",NA,"SPECIES","Fundulus grandis Baird & Girard, 1853","Fundulus grandis","Baird & Girard, 1853","US","Upper Laguna Madre Estuary","Texas","PRESENT",NA,"c3ad790a-d426-4ac1-8e32-da61f81f0117",27.554444,-97.286667,100,NA,NA,NA,0.15,0.15,"2005-01-12T11:17",12,1,2005,5203686,5203686,"HUMAN_OBSERVATION","TPWD","Upper Laguna Madre Bag Seine","",NA,"",NA,"CC0_1_0","","",NA,NA,2025-02-06 21:46:33.532,"","CONTINENT_DERIVED_FROM_COORDINATES"
3406185074,"9dc24de5-be12-44f9-ab75-c4b62492e8da","Station_51_Date_21FEB2008:11:25:00.000_Fundulus_grandis","Animalia","Chordata",NA,"Cyprinodontiformes","Fundulidae","Fundulus","Fundulus grandis",NA,"SPECIES","Fundulus grandis Baird & Girard, 1853","Fundulus grandis","Baird & Girard, 1853","US","Upper Laguna Madre Estuary","Texas","PRESENT",NA,"c3ad790a-d426-4ac1-8e32-da61f81f0117",27.556944,-97.325833,100,NA,NA,NA,0.35,0.15,"2008-02-21T11:25",21,2,2008,5203686,5203686,"HUMAN_OBSERVATION","TPWD","Upper Laguna Madre Bag Seine","",NA,"",NA,"CC0_1_0","","",NA,NA,2025-02-06 21:46:33.531,"","CONTINENT_DERIVED_FROM_COORDINATES"
3406185024,"9dc24de5-be12-44f9-ab75-c4b62492e8da","Station_42_Date_16JUN2008:19:07:00.000_Fundulus_grandis","Animalia","Chordata",NA,"Cyprinodontiformes","Fundulidae","Fundulus","Fundulus grandis",NA,"SPECIES","Fundulus grandis Baird & Girard, 1853","Fundulus grandis","Baird & Girard, 1853","US","Upper Laguna Madre Estuary","Texas","PRESENT",NA,"c3ad790a-d426-4ac1-8e32-da61f81f0117",27.586389,-97.263333,100,NA,NA,NA,0.2,0.2,"2008-06-16T19:07",16,6,2008,5203686,5203686,"HUMAN_OBSERVATION","TPWD","Upper Laguna Madre Bag Seine","",NA,"",NA,"CC0_1_0","","",NA,NA,2025-02-06 21:46:33.519,"","CONTINENT_DERIVED_FROM_COORDINATES"
3406184997,"9dc24de5-be12-44f9-ab75-c4b62492e8da","Station_35_Date_14MAY2008:14:53:00.000_Fundulus_grandis","Animalia","Chordata",NA,"Cyprinodontiformes","Fundulidae","Fundulus","Fundulus grandis",NA,"SPECIES","Fundulus grandis Baird & Girard, 1853","Fundulus grandis","Baird & Girard, 1853","US","Upper Laguna Madre Estuary","Texas","PRESENT",NA,"c3ad790a-d426-4ac1-8e32-da61f81f0117",27.610278,-97.251111,100,NA,NA,NA,0.25,0.25,"2008-05-14T14:53",14,5,2008,5203686,5203686,"HUMAN_OBSERVATION","TPWD","Upper Laguna Madre Bag Seine","",NA,"",NA,"CC0_1_0","","",NA,NA,2025-02-06 21:46:33.511,"","CONTINENT_DERIVED_FROM_COORDINATES"
3406023776,"9dc24de5-be12-44f9-ab75-c4b62492e8da","Station_251_Date_12SEP2005:13:58:00.000_Fundulus_grandis","Animalia","Chordata",NA,"Cyprinodontiformes","Fundulidae","Fundulus","Fundulus grandis",NA,"SPECIES","Fundulus grandis Baird & Girard, 1853","Fundulus grandis","Baird & Girard, 1853","US","Upper Laguna Madre Estuary","Texas","PRESENT",NA,"c3ad790a-d426-4ac1-8e32-da61f81f0117",27.230278,-97.5225,100,NA,NA,NA,0.3,0.3,"2005-09-12T13:58",12,9,2005,5203686,5203686,"HUMAN_OBSERVATION","TPWD","Upper Laguna Madre Bag Seine","",NA,"",NA,"CC0_1_0","","",NA,NA,2025-02-06 21:46:33.905,"","CONTINENT_DERIVED_FROM_COORDINATES"
3406023772,"9dc24de5-be12-44f9-ab75-c4b62492e8da","Station_250_Date_21AUG2006:12:38:00.000_Fundulus_grandis","Animalia","Chordata",NA,"Cyprinodontiformes","Fundulidae","Fundulus","Fundulus grandis",NA,"SPECIES","Fundulus grandis Baird & Girard, 1853","Fundulus grandis","Baird & Girard, 1853","US","Upper Laguna Madre Estuary","Texas","PRESENT",NA,"c3ad790a-d426-4ac1-8e32-da61f81f0117",27.229167,-97.537222,100,NA,NA,NA,0.4,0.1,"2006-08-21T12:38",21,8,2006,5203686,5203686,"HUMAN_OBSERVATION","TPWD","Upper Laguna Madre Bag Seine","",NA,"",NA,"CC0_1_0","","",NA,NA,2025-02-06 21:46:33.903,"","CONTINENT_DERIVED_FROM_COORDINATES"
3406023677,"9dc24de5-be12-44f9-ab75-c4b62492e8da","Station_219_Date_21MAY2007:16:29:00.000_Fundulus_grandis","Animalia","Chordata",NA,"Cyprinodontiformes","Fundulidae","Fundulus","Fundulus grandis",NA,"SPECIES","Fundulus grandis Baird & Girard, 1853","Fundulus grandis","Baird & Girard, 1853","US","Upper Laguna Madre Estuary","Texas","PRESENT",NA,"c3ad790a-d426-4ac1-8e32-da61f81f0117",27.261667,-97.725556,100,NA,NA,NA,0.2,0.2,"2007-05-21T16:29",21,5,2007,5203686,5203686,"HUMAN_OBSERVATION","TPWD","Upper Laguna Madre Bag Seine","",NA,"",NA,"CC0_1_0","","",NA,NA,2025-02-06 21:46:33.872,"","CONTINENT_DERIVED_FROM_COORDINATES"
3406023644,"9dc24de5-be12-44f9-ab75-c4b62492e8da","Station_208_Date_14MAR2007:12:17:00.000_Fundulus_grandis","Animalia","Chordata",NA,"Cyprinodontiformes","Fundulidae","Fundulus","Fundulus grandis",NA,"SPECIES","Fundulus grandis Baird & Girard, 1853","Fundulus grandis","Baird & Girard, 1853","US","Upper Laguna Madre Estuary","Texas","PRESENT",NA,"c3ad790a-d426-4ac1-8e32-da61f81f0117",27.275,-97.508333,100,NA,NA,NA,0.3,0.2,"2007-03-14T12:17",14,3,2007,5203686,5203686,"HUMAN_OBSERVATION","TPWD","Upper Laguna Madre Bag Seine","",NA,"",NA,"CC0_1_0","","",NA,NA,2025-02-06 21:46:33.863,"","CONTINENT_DERIVED_FROM_COORDINATES"
3406023349,"9dc24de5-be12-44f9-ab75-c4b62492e8da","Station_138_Date_25JUL2007:13:40:00.000_Fundulus_grandis","Animalia","Chordata",NA,"Cyprinodontiformes","Fundulidae","Fundulus","Fundulus grandis",NA,"SPECIES","Fundulus grandis Baird & Girard, 1853","Fundulus grandis","Baird & Girard, 1853","US","Upper Laguna Madre Estuary","Texas","PRESENT",NA,"c3ad790a-d426-4ac1-8e32-da61f81f0117",27.343611,-97.482778,100,NA,NA,NA,0.2,0.1,"2007-07-25T13:40",25,7,2007,5203686,5203686,"HUMAN_OBSERVATION","TPWD","Upper Laguna Madre Bag Seine","",NA,"",NA,"CC0_1_0","","",NA,NA,2025-02-06 21:46:33.756,"","CONTINENT_DERIVED_FROM_COORDINATES"
3406023341,"9dc24de5-be12-44f9-ab75-c4b62492e8da","Station_137_Date_01OCT2007:17:17:00.000_Fundulus_grandis","Animalia","Chordata",NA,"Cyprinodontiformes","Fundulidae","Fundulus","Fundulus grandis",NA,"SPECIES","Fundulus grandis Baird & Girard, 1853","Fundulus grandis","Baird & Girard, 1853","US","Upper Laguna Madre Estuary","Texas","PRESENT",NA,"c3ad790a-d426-4ac1-8e32-da61f81f0117",27.336667,-97.485556,100,NA,NA,NA,0.15,0.15,"2007-10-01T17:17",1,10,2007,5203686,5203686,"HUMAN_OBSERVATION","TPWD","Upper Laguna Madre Bag Seine","",NA,"",NA,"CC0_1_0","","",NA,NA,2025-02-06 21:46:33.754,"","CONTINENT_DERIVED_FROM_COORDINATES"
3406022762,"9dc24de5-be12-44f9-ab75-c4b62492e8da","Station_249_Date_26OCT2006:12:45:00.000_Fundulus_grandis","Animalia","Chordata",NA,"Cyprinodontiformes","Fundulidae","Fundulus","Fundulus grandis",NA,"SPECIES","Fundulus grandis Baird & Girard, 1853","Fundulus grandis","Baird & Girard, 1853","US","Upper Laguna Madre Estuary","Texas","PRESENT",NA,"c3ad790a-d426-4ac1-8e32-da61f81f0117",27.231389,-97.555,100,NA,NA,NA,0.3,0.3,"2006-10-26T12:45",26,10,2006,5203686,5203686,"HUMAN_OBSERVATION","TPWD","Upper Laguna Madre Bag Seine","",NA,"",NA,"CC0_1_0","","",NA,NA,2025-02-06 21:46:33.806,"","CONTINENT_DERIVED_FROM_COORDINATES"
3406022745,"9dc24de5-be12-44f9-ab75-c4b62492e8da","Station_242_Date_27SEP2006:13:42:00.000_Fundulus_grandis","Animalia","Chordata",NA,"Cyprinodontiformes","Fundulidae","Fundulus","Fundulus grandis",NA,"SPECIES","Fundulus grandis Baird & Girard, 1853","Fundulus grandis","Baird & Girard, 1853","US","Upper Laguna Madre Estuary","Texas","PRESENT",NA,"c3ad790a-d426-4ac1-8e32-da61f81f0117",27.240278,-97.5825,100,NA,NA,NA,0.35,0.15,"2006-09-27T13:42",27,9,2006,5203686,5203686,"HUMAN_OBSERVATION","TPWD","Upper Laguna Madre Bag Seine","",NA,"",NA,"CC0_1_0","","",NA,NA,2025-02-06 21:46:33.8,"","CONTINENT_DERIVED_FROM_COORDINATES"
3406022412,"9dc24de5-be12-44f9-ab75-c4b62492e8da","Station_151_Date_16DEC2006:12:46:00.000_Fundulus_grandis","Animalia","Chordata",NA,"Cyprinodontiformes","Fundulidae","Fundulus","Fundulus grandis",NA,"SPECIES","Fundulus grandis Baird & Girard, 1853","Fundulus grandis","Baird & Girard, 1853","US","Upper Laguna Madre Estuary","Texas","PRESENT",NA,"c3ad790a-d426-4ac1-8e32-da61f81f0117",27.318056,-97.499167,100,NA,NA,NA,0.1,0.1,"2006-12-16T12:46",16,12,2006,5203686,5203686,"HUMAN_OBSERVATION","TPWD","Upper Laguna Madre Bag Seine","",NA,"",NA,"CC0_1_0","","",NA,NA,2025-02-06 21:46:33.686,"","CONTINENT_DERIVED_FROM_COORDINATES"
3406022353,"9dc24de5-be12-44f9-ab75-c4b62492e8da","Station_137_Date_19SEP2005:16:57:00.000_Fundulus_grandis","Animalia","Chordata",NA,"Cyprinodontiformes","Fundulidae","Fundulus","Fundulus grandis",NA,"SPECIES","Fundulus grandis Baird & Girard, 1853","Fundulus grandis","Baird & Girard, 1853","US","Upper Laguna Madre Estuary","Texas","PRESENT",NA,"c3ad790a-d426-4ac1-8e32-da61f81f0117",27.337222,-97.485556,100,NA,NA,NA,0.15,0.15,"2005-09-19T16:57",19,9,2005,5203686,5203686,"HUMAN_OBSERVATION","TPWD","Upper Laguna Madre Bag Seine","",NA,"",NA,"CC0_1_0","","",NA,NA,2025-02-06 21:46:33.67,"","CONTINENT_DERIVED_FROM_COORDINATES"
3406021771,"9dc24de5-be12-44f9-ab75-c4b62492e8da","Station_206_Date_23DEC2008:12:03:00.000_Fundulus_grandis","Animalia","Chordata",NA,"Cyprinodontiformes","Fundulidae","Fundulus","Fundulus grandis",NA,"SPECIES","Fundulus grandis Baird & Girard, 1853","Fundulus grandis","Baird & Girard, 1853","US","Upper Laguna Madre Estuary","Texas","PRESENT",NA,"c3ad790a-d426-4ac1-8e32-da61f81f0117",27.281111,-97.539444,100,NA,NA,NA,0.3,0.1,"2008-12-23T12:03",23,12,2008,5203686,5203686,"HUMAN_OBSERVATION","TPWD","Upper Laguna Madre Bag Seine","",NA,"",NA,"CC0_1_0","","",NA,NA,2025-02-06 21:46:33.814,"","CONTINENT_DERIVED_FROM_COORDINATES"
3406021675,"9dc24de5-be12-44f9-ab75-c4b62492e8da","Station_178_Date_22AUG2005:11:34:00.000_Fundulus_grandis","Animalia","Chordata",NA,"Cyprinodontiformes","Fundulidae","Fundulus","Fundulus grandis",NA,"SPECIES","Fundulus grandis Baird & Girard, 1853","Fundulus grandis","Baird & Girard, 1853","US","Upper Laguna Madre Estuary","Texas","PRESENT",NA,"c3ad790a-d426-4ac1-8e32-da61f81f0117",27.297778,-97.632222,100,NA,NA,NA,0.2,0.2,"2005-08-22T11:34",22,8,2005,5203686,5203686,"HUMAN_OBSERVATION","TPWD","Upper Laguna Madre Bag Seine","",NA,"",NA,"CC0_1_0","","",NA,NA,2025-02-06 21:46:33.786,"","CONTINENT_DERIVED_FROM_COORDINATES"
3406021597,"9dc24de5-be12-44f9-ab75-c4b62492e8da","Station_164_Date_19SEP2005:16:19:00.000_Fundulus_grandis","Animalia","Chordata",NA,"Cyprinodontiformes","Fundulidae","Fundulus","Fundulus grandis",NA,"SPECIES","Fundulus grandis Baird & Girard, 1853","Fundulus grandis","Baird & Girard, 1853","US","Upper Laguna Madre Estuary","Texas","PRESENT",NA,"c3ad790a-d426-4ac1-8e32-da61f81f0117",27.304444,-97.514722,100,NA,NA,NA,0.15,0.15,"2005-09-19T16:19",19,9,2005,5203686,5203686,"HUMAN_OBSERVATION","TPWD","Upper Laguna Madre Bag Seine","",NA,"",NA,"CC0_1_0","","",NA,NA,2025-02-06 21:46:33.756,"","CONTINENT_DERIVED_FROM_COORDINATES"
3406021585,"9dc24de5-be12-44f9-ab75-c4b62492e8da","Station_159_Date_13DEC2005:11:32:00.000_Fundulus_grandis","Animalia","Chordata",NA,"Cyprinodontiformes","Fundulidae","Fundulus","Fundulus grandis",NA,"SPECIES","Fundulus grandis Baird & Girard, 1853","Fundulus grandis","Baird & Girard, 1853","US","Upper Laguna Madre Estuary","Texas","PRESENT",NA,"c3ad790a-d426-4ac1-8e32-da61f81f0117",27.301944,-97.591667,100,NA,NA,NA,0.25,0.15,"2005-12-13T11:32",13,12,2005,5203686,5203686,"HUMAN_OBSERVATION","TPWD","Upper Laguna Madre Bag Seine","",NA,"",NA,"CC0_1_0","","",NA,NA,2025-02-06 21:46:33.75,"","CONTINENT_DERIVED_FROM_COORDINATES"
3406021547,"9dc24de5-be12-44f9-ab75-c4b62492e8da","Station_151_Date_27JUL2005:13:01:00.000_Fundulus_grandis","Animalia","Chordata",NA,"Cyprinodontiformes","Fundulidae","Fundulus","Fundulus grandis",NA,"SPECIES","Fundulus grandis Baird & Girard, 1853","Fundulus grandis","Baird & Girard, 1853","US","Upper Laguna Madre Estuary","Texas","PRESENT",NA,"c3ad790a-d426-4ac1-8e32-da61f81f0117",27.331667,-97.493889,100,NA,NA,NA,0.15,0.15,"2005-07-27T13:01",27,7,2005,5203686,5203686,"HUMAN_OBSERVATION","TPWD","Upper Laguna Madre Bag Seine","",NA,"",NA,"CC0_1_0","","",NA,NA,2025-02-06 21:46:33.741,"","CONTINENT_DERIVED_FROM_COORDINATES"
3406021449,"9dc24de5-be12-44f9-ab75-c4b62492e8da","Station_130_Date_20NOV2008:12:29:00.000_Fundulus_grandis","Animalia","Chordata",NA,"Cyprinodontiformes","Fundulidae","Fundulus","Fundulus grandis",NA,"SPECIES","Fundulus grandis Baird & Girard, 1853","Fundulus grandis","Baird & Girard, 1853","US","Upper Laguna Madre Estuary","Texas","PRESENT",NA,"c3ad790a-d426-4ac1-8e32-da61f81f0117",27.358333,-97.483056,100,NA,NA,NA,0.15,0.15,"2008-11-20T12:29",20,11,2008,5203686,5203686,"HUMAN_OBSERVATION","TPWD","Upper Laguna Madre Bag Seine","",NA,"",NA,"CC0_1_0","","",NA,NA,2025-02-06 21:46:33.713,"","CONTINENT_DERIVED_FROM_COORDINATES"
3406021445,"9dc24de5-be12-44f9-ab75-c4b62492e8da","Station_130_Date_10DEC2007:13:49:00.000_Fundulus_grandis","Animalia","Chordata",NA,"Cyprinodontiformes","Fundulidae","Fundulus","Fundulus grandis",NA,"SPECIES","Fundulus grandis Baird & Girard, 1853","Fundulus grandis","Baird & Girard, 1853","US","Upper Laguna Madre Estuary","Texas","PRESENT",NA,"c3ad790a-d426-4ac1-8e32-da61f81f0117",27.359444,-97.4825,100,NA,NA,NA,0.2,0.2,"2007-12-10T13:49",10,12,2007,5203686,5203686,"HUMAN_OBSERVATION","TPWD","Upper Laguna Madre Bag Seine","",NA,"",NA,"CC0_1_0","","",NA,NA,2025-02-06 21:46:33.712,"","CONTINENT_DERIVED_FROM_COORDINATES"
3406021308,"9dc24de5-be12-44f9-ab75-c4b62492e8da","Station_102_Date_26APR2005:11:53:00.000_Fundulus_grandis","Animalia","Chordata",NA,"Cyprinodontiformes","Fundulidae","Fundulus","Fundulus grandis",NA,"SPECIES","Fundulus grandis Baird & Girard, 1853","Fundulus grandis","Baird & Girard, 1853","US","Upper Laguna Madre Estuary","Texas","PRESENT",NA,"c3ad790a-d426-4ac1-8e32-da61f81f0117",27.358611,-97.387222,100,NA,NA,NA,0.15,0.05,"2005-04-26T11:53",26,4,2005,5203686,5203686,"HUMAN_OBSERVATION","TPWD","Upper Laguna Madre Bag Seine","",NA,"",NA,"CC0_1_0","","",NA,NA,2025-02-06 21:46:33.667,"","CONTINENT_DERIVED_FROM_COORDINATES"
3406021038,"9dc24de5-be12-44f9-ab75-c4b62492e8da","Station_252_Date_19NOV2008:13:29:00.000_Fundulus_grandis","Animalia","Chordata",NA,"Cyprinodontiformes","Fundulidae","Fundulus","Fundulus grandis",NA,"SPECIES","Fundulus grandis Baird & Girard, 1853","Fundulus grandis","Baird & Girard, 1853","US","Upper Laguna Madre Estuary","Texas","PRESENT",NA,"c3ad790a-d426-4ac1-8e32-da61f81f0117",27.232778,-97.515278,100,NA,NA,NA,0.2,0.2,"2008-11-19T13:29",19,11,2008,5203686,5203686,"HUMAN_OBSERVATION","TPWD","Upper Laguna Madre Bag Seine","",NA,"",NA,"CC0_1_0","","",NA,NA,2025-02-06 21:46:33.947,"","CONTINENT_DERIVED_FROM_COORDINATES"
3406021019,"9dc24de5-be12-44f9-ab75-c4b62492e8da","Station_247_Date_13OCT2008:17:08:00.000_Fundulus_grandis","Animalia","Chordata",NA,"Cyprinodontiformes","Fundulidae","Fundulus","Fundulus grandis",NA,"SPECIES","Fundulus grandis Baird & Girard, 1853","Fundulus grandis","Baird & Girard, 1853","US","Upper Laguna Madre Estuary","Texas","PRESENT",NA,"c3ad790a-d426-4ac1-8e32-da61f81f0117",27.249444,-97.487222,100,NA,NA,NA,0.25,0.25,"2008-10-13T17:08",13,10,2008,5203686,5203686,"HUMAN_OBSERVATION","TPWD","Upper Laguna Madre Bag Seine","",NA,"",NA,"CC0_1_0","","",NA,NA,2025-02-06 21:46:33.941,"","CONTINENT_DERIVED_FROM_COORDINATES"
3406020935,"9dc24de5-be12-44f9-ab75-c4b62492e8da","Station_220_Date_13JUL2005:10:46:00.000_Fundulus_grandis","Animalia","Chordata",NA,"Cyprinodontiformes","Fundulidae","Fundulus","Fundulus grandis",NA,"SPECIES","Fundulus grandis Baird & Girard, 1853","Fundulus grandis","Baird & Girard, 1853","US","Upper Laguna Madre Estuary","Texas","PRESENT",NA,"c3ad790a-d426-4ac1-8e32-da61f81f0117",27.265556,-97.711667,100,NA,NA,NA,0.3,0.3,"2005-07-13T10:46",13,7,2005,5203686,5203686,"HUMAN_OBSERVATION","TPWD","Upper Laguna Madre Bag Seine","",NA,"",NA,"CC0_1_0","","",NA,NA,2025-02-06 21:46:33.909,"","CONTINENT_DERIVED_FROM_COORDINATES"
3406020922,"9dc24de5-be12-44f9-ab75-c4b62492e8da","Station_218_Date_14JUN2006:19:24:00.000_Fundulus_grandis","Animalia","Chordata",NA,"Cyprinodontiformes","Fundulidae","Fundulus","Fundulus grandis",NA,"SPECIES","Fundulus grandis Baird & Girard, 1853","Fundulus grandis","Baird & Girard, 1853","US","Upper Laguna Madre Estuary","Texas","PRESENT",NA,"c3ad790a-d426-4ac1-8e32-da61f81f0117",27.264444,-97.733889,100,NA,NA,NA,0.1,0.1,"2006-06-14T19:24",14,6,2006,5203686,5203686,"HUMAN_OBSERVATION","TPWD","Upper Laguna Madre Bag Seine","",NA,"",NA,"CC0_1_0","","",NA,NA,2025-02-06 21:46:33.906,"","CONTINENT_DERIVED_FROM_COORDINATES"
3406020810,"9dc24de5-be12-44f9-ab75-c4b62492e8da","Station_185_Date_14MAR2007:11:36:00.000_Fundulus_grandis","Animalia","Chordata",NA,"Cyprinodontiformes","Fundulidae","Fundulus","Fundulus grandis",NA,"SPECIES","Fundulus grandis Baird & Girard, 1853","Fundulus grandis","Baird & Girard, 1853","US","Upper Laguna Madre Estuary","Texas","PRESENT",NA,"c3ad790a-d426-4ac1-8e32-da61f81f0117",27.284167,-97.498889,100,NA,NA,NA,0.45,0.05,"2007-03-14T11:36",14,3,2007,5203686,5203686,"HUMAN_OBSERVATION","TPWD","Upper Laguna Madre Bag Seine","",NA,"",NA,"CC0_1_0","","",NA,NA,2025-02-06 21:46:33.877,"","CONTINENT_DERIVED_FROM_COORDINATES"
3406020694,"9dc24de5-be12-44f9-ab75-c4b62492e8da","Station_164_Date_25JUL2007:13:03:00.000_Fundulus_grandis","Animalia","Chordata",NA,"Cyprinodontiformes","Fundulidae","Fundulus","Fundulus grandis",NA,"SPECIES","Fundulus grandis Baird & Girard, 1853","Fundulus grandis","Baird & Girard, 1853","US","Upper Laguna Madre Estuary","Texas","PRESENT",NA,"c3ad790a-d426-4ac1-8e32-da61f81f0117",27.305,-97.516389,100,NA,NA,NA,0.15,0.15,"2007-07-25T13:03",25,7,2007,5203686,5203686,"HUMAN_OBSERVATION","TPWD","Upper Laguna Madre Bag Seine","",NA,"",NA,"CC0_1_0","","",NA,NA,2025-02-06 21:46:33.842,"","CONTINENT_DERIVED_FROM_COORDINATES"
3406020677,"9dc24de5-be12-44f9-ab75-c4b62492e8da","Station_163_Date_03NOV2005:13:19:00.000_Fundulus_grandis","Animalia","Chordata",NA,"Cyprinodontiformes","Fundulidae","Fundulus","Fundulus grandis",NA,"SPECIES","Fundulus grandis Baird & Girard, 1853","Fundulus grandis","Baird & Girard, 1853","US","Upper Laguna Madre Estuary","Texas","PRESENT",NA,"c3ad790a-d426-4ac1-8e32-da61f81f0117",27.304167,-97.517778,100,NA,NA,NA,0.2,0.2,"2005-11-03T13:19",3,11,2005,5203686,5203686,"HUMAN_OBSERVATION","TPWD","Upper Laguna Madre Bag Seine","",NA,"",NA,"CC0_1_0","","",NA,NA,2025-02-06 21:46:33.838,"","CONTINENT_DERIVED_FROM_COORDINATES"
3406020524,"9dc24de5-be12-44f9-ab75-c4b62492e8da","Station_130_Date_27MAR2008:13:17:00.000_Fundulus_grandis","Animalia","Chordata",NA,"Cyprinodontiformes","Fundulidae","Fundulus","Fundulus grandis",NA,"SPECIES","Fundulus grandis Baird & Girard, 1853","Fundulus grandis","Baird & Girard, 1853","US","Upper Laguna Madre Estuary","Texas","PRESENT",NA,"c3ad790a-d426-4ac1-8e32-da61f81f0117",27.36,-97.4825,100,NA,NA,NA,0.25,0.25,"2008-03-27T13:17",27,3,2008,5203686,5203686,"HUMAN_OBSERVATION","TPWD","Upper Laguna Madre Bag Seine","",NA,"",NA,"CC0_1_0","","",NA,NA,2025-02-06 21:46:33.796,"","CONTINENT_DERIVED_FROM_COORDINATES"
3406020396,"9dc24de5-be12-44f9-ab75-c4b62492e8da","Station_107_Date_09AUG2007:11:35:00.000_Fundulus_grandis","Animalia","Chordata",NA,"Cyprinodontiformes","Fundulidae","Fundulus","Fundulus grandis",NA,"SPECIES","Fundulus grandis Baird & Girard, 1853","Fundulus grandis","Baird & Girard, 1853","US","Upper Laguna Madre Estuary","Texas","PRESENT",NA,"c3ad790a-d426-4ac1-8e32-da61f81f0117",27.348056,-97.382778,100,NA,NA,NA,0.2,0.1,"2007-08-09T11:35",9,8,2007,5203686,5203686,"HUMAN_OBSERVATION","TPWD","Upper Laguna Madre Bag Seine","",NA,"",NA,"CC0_1_0","","",NA,NA,2025-02-06 21:46:33.755,"","CONTINENT_DERIVED_FROM_COORDINATES"
3406020361,"9dc24de5-be12-44f9-ab75-c4b62492e8da","Station_102_Date_12DEC2007:13:22:00.000_Fundulus_grandis","Animalia","Chordata",NA,"Cyprinodontiformes","Fundulidae","Fundulus","Fundulus grandis",NA,"SPECIES","Fundulus grandis Baird & Girard, 1853","Fundulus grandis","Baird & Girard, 1853","US","Upper Laguna Madre Estuary","Texas","PRESENT",NA,"c3ad790a-d426-4ac1-8e32-da61f81f0117",27.358611,-97.393056,100,NA,NA,NA,0.15,0.15,"2007-12-12T13:22",12,12,2007,5203686,5203686,"HUMAN_OBSERVATION","TPWD","Upper Laguna Madre Bag Seine","",NA,"",NA,"CC0_1_0","","",NA,NA,2025-02-06 21:46:33.746,"","CONTINENT_DERIVED_FROM_COORDINATES"
3406020309,"9dc24de5-be12-44f9-ab75-c4b62492e8da","Station_96_Date_03OCT2005:16:53:00.000_Fundulus_grandis","Animalia","Chordata",NA,"Cyprinodontiformes","Fundulidae","Fundulus","Fundulus grandis",NA,"SPECIES","Fundulus grandis Baird & Girard, 1853","Fundulus grandis","Baird & Girard, 1853","US","Upper Laguna Madre Estuary","Texas","PRESENT",NA,"c3ad790a-d426-4ac1-8e32-da61f81f0117",27.391111,-97.364167,100,NA,NA,NA,0.3,0.1,"2005-10-03T16:53",3,10,2005,5203686,5203686,"HUMAN_OBSERVATION","TPWD","Upper Laguna Madre Bag Seine","",NA,"",NA,"CC0_1_0","","",NA,NA,2025-02-06 21:46:33.733,"","CONTINENT_DERIVED_FROM_COORDINATES"
3406019927,"9dc24de5-be12-44f9-ab75-c4b62492e8da","Station_273_Date_02OCT2006:17:27:00.000_Fundulus_grandis","Animalia","Chordata",NA,"Cyprinodontiformes","Fundulidae","Fundulus","Fundulus grandis",NA,"SPECIES","Fundulus grandis Baird & Girard, 1853","Fundulus grandis","Baird & Girard, 1853","US","Upper Laguna Madre Estuary","Texas","PRESENT",NA,"c3ad790a-d426-4ac1-8e32-da61f81f0117",27.172778,-97.401389,100,NA,NA,NA,0.15,0.15,"2006-10-02T17:27",2,10,2006,5203686,5203686,"HUMAN_OBSERVATION","TPWD","Upper Laguna Madre Bag Seine","",NA,"",NA,"CC0_1_0","","",NA,NA,2025-02-06 21:46:33.351,"","CONTINENT_DERIVED_FROM_COORDINATES"
3406019887,"9dc24de5-be12-44f9-ab75-c4b62492e8da","Station_252_Date_24MAR2006:14:49:00.000_Fundulus_grandis","Animalia","Chordata",NA,"Cyprinodontiformes","Fundulidae","Fundulus","Fundulus grandis",NA,"SPECIES","Fundulus grandis Baird & Girard, 1853","Fundulus grandis","Baird & Girard, 1853","US","Upper Laguna Madre Estuary","Texas","PRESENT",NA,"c3ad790a-d426-4ac1-8e32-da61f81f0117",27.233056,-97.513889,100,NA,NA,NA,0.5,0.1,"2006-03-24T14:49",24,3,2006,5203686,5203686,"HUMAN_OBSERVATION","TPWD","Upper Laguna Madre Bag Seine","",NA,"",NA,"CC0_1_0","","",NA,NA,2025-02-06 21:46:33.346,"","CONTINENT_DERIVED_FROM_COORDINATES"
3406019846,"9dc24de5-be12-44f9-ab75-c4b62492e8da","Station_246_Date_06DEC2006:14:06:00.000_Fundulus_grandis","Animalia","Chordata",NA,"Cyprinodontiformes","Fundulidae","Fundulus","Fundulus grandis",NA,"SPECIES","Fundulus grandis Baird & Girard, 1853","Fundulus grandis","Baird & Girard, 1853","US","Upper Laguna Madre Estuary","Texas","PRESENT",NA,"c3ad790a-d426-4ac1-8e32-da61f81f0117",27.238056,-97.505556,100,NA,NA,NA,0.2,0.2,"2006-12-06T14:06",6,12,2006,5203686,5203686,"HUMAN_OBSERVATION","TPWD","Upper Laguna Madre Bag Seine","",NA,"",NA,"CC0_1_0","","",NA,NA,2025-02-06 21:46:33.34,"","CONTINENT_DERIVED_FROM_COORDINATES"
3406019832,"9dc24de5-be12-44f9-ab75-c4b62492e8da","Station_241_Date_19NOV2008:14:13:00.000_Fundulus_grandis","Animalia","Chordata",NA,"Cyprinodontiformes","Fundulidae","Fundulus","Fundulus grandis",NA,"SPECIES","Fundulus grandis Baird & Girard, 1853","Fundulus grandis","Baird & Girard, 1853","US","Upper Laguna Madre Estuary","Texas","PRESENT",NA,"c3ad790a-d426-4ac1-8e32-da61f81f0117",27.240556,-97.584444,100,NA,NA,NA,0.25,0.25,"2008-11-19T14:13",19,11,2008,5203686,5203686,"HUMAN_OBSERVATION","TPWD","Upper Laguna Madre Bag Seine","",NA,"",NA,"CC0_1_0","","",NA,NA,2025-02-06 21:46:33.338,"","CONTINENT_DERIVED_FROM_COORDINATES"
3406019752,"9dc24de5-be12-44f9-ab75-c4b62492e8da","Station_208_Date_20NOV2006:12:29:00.000_Fundulus_grandis","Animalia","Chordata",NA,"Cyprinodontiformes","Fundulidae","Fundulus","Fundulus grandis",NA,"SPECIES","Fundulus grandis Baird & Girard, 1853","Fundulus grandis","Baird & Girard, 1853","US","Upper Laguna Madre Estuary","Texas","PRESENT",NA,"c3ad790a-d426-4ac1-8e32-da61f81f0117",27.275,-97.508611,100,NA,NA,NA,0.4,0.1,"2006-11-20T12:29",20,11,2006,5203686,5203686,"HUMAN_OBSERVATION","TPWD","Upper Laguna Madre Bag Seine","",NA,"",NA,"CC0_1_0","","",NA,NA,2025-02-06 21:46:33.324,"","CONTINENT_DERIVED_FROM_COORDINATES"
3406019740,"9dc24de5-be12-44f9-ab75-c4b62492e8da","Station_207_Date_07NOV2005:15:43:00.000_Fundulus_grandis","Animalia","Chordata",NA,"Cyprinodontiformes","Fundulidae","Fundulus","Fundulus grandis",NA,"SPECIES","Fundulus grandis Baird & Girard, 1853","Fundulus grandis","Baird & Girard, 1853","US","Upper Laguna Madre Estuary","Texas","PRESENT",NA,"c3ad790a-d426-4ac1-8e32-da61f81f0117",27.279167,-97.531111,100,NA,NA,NA,0.3,0.3,"2005-11-07T15:43",7,11,2005,5203686,5203686,"HUMAN_OBSERVATION","TPWD","Upper Laguna Madre Bag Seine","",NA,"",NA,"CC0_1_0","","",NA,NA,2025-02-06 21:46:33.322,"","CONTINENT_DERIVED_FROM_COORDINATES"
3406019692,"9dc24de5-be12-44f9-ab75-c4b62492e8da","Station_194_Date_25AUG2008:14:08:00.000_Fundulus_grandis","Animalia","Chordata",NA,"Cyprinodontiformes","Fundulidae","Fundulus","Fundulus grandis",NA,"SPECIES","Fundulus grandis Baird & Girard, 1853","Fundulus grandis","Baird & Girard, 1853","US","Upper Laguna Madre Estuary","Texas","PRESENT",NA,"c3ad790a-d426-4ac1-8e32-da61f81f0117",27.2725,-97.739444,100,NA,NA,NA,0.1,0.1,"2008-08-25T14:08",25,8,2008,5203686,5203686,"HUMAN_OBSERVATION","TPWD","Upper Laguna Madre Bag Seine","",NA,"",NA,"CC0_1_0","","",NA,NA,2025-02-06 21:46:33.314,"","CONTINENT_DERIVED_FROM_COORDINATES"
3406019668,"9dc24de5-be12-44f9-ab75-c4b62492e8da","Station_185_Date_11APR2006:11:13:00.000_Fundulus_grandis","Animalia","Chordata",NA,"Cyprinodontiformes","Fundulidae","Fundulus","Fundulus grandis",NA,"SPECIES","Fundulus grandis Baird & Girard, 1853","Fundulus grandis","Baird & Girard, 1853","US","Upper Laguna Madre Estuary","Texas","PRESENT",NA,"c3ad790a-d426-4ac1-8e32-da61f81f0117",27.286667,-97.495556,100,NA,NA,NA,0.4,0.1,"2006-04-11T11:13",11,4,2006,5203686,5203686,"HUMAN_OBSERVATION","TPWD","Upper Laguna Madre Bag Seine","",NA,"",NA,"CC0_1_0","","",NA,NA,2025-02-06 21:46:33.311,"","CONTINENT_DERIVED_FROM_COORDINATES"
3406019662,"9dc24de5-be12-44f9-ab75-c4b62492e8da","Station_184_Date_22FEB2005:13:00:00.000_Fundulus_grandis","Animalia","Chordata",NA,"Cyprinodontiformes","Fundulidae","Fundulus","Fundulus grandis",NA,"SPECIES","Fundulus grandis Baird & Girard, 1853","Fundulus grandis","Baird & Girard, 1853","US","Upper Laguna Madre Estuary","Texas","PRESENT",NA,"c3ad790a-d426-4ac1-8e32-da61f81f0117",27.29,-97.529444,100,NA,NA,NA,0.2,0.2,"2005-02-22T13:00",22,2,2005,5203686,5203686,"HUMAN_OBSERVATION","TPWD","Upper Laguna Madre Bag Seine","",NA,"",NA,"CC0_1_0","","",NA,NA,2025-02-06 21:46:33.31,"","CONTINENT_DERIVED_FROM_COORDINATES"
3406019644,"9dc24de5-be12-44f9-ab75-c4b62492e8da","Station_179_Date_18DEC2007:12:29:00.000_Fundulus_grandis","Animalia","Chordata",NA,"Cyprinodontiformes","Fundulidae","Fundulus","Fundulus grandis",NA,"SPECIES","Fundulus grandis Baird & Girard, 1853","Fundulus grandis","Baird & Girard, 1853","US","Upper Laguna Madre Estuary","Texas","PRESENT",NA,"c3ad790a-d426-4ac1-8e32-da61f81f0117",27.285,-97.612778,100,NA,NA,NA,0.25,0.25,"2007-12-18T12:29",18,12,2007,5203686,5203686,"HUMAN_OBSERVATION","TPWD","Upper Laguna Madre Bag Seine","",NA,"",NA,"CC0_1_0","","",NA,NA,2025-02-06 21:46:33.307,"","CONTINENT_DERIVED_FROM_COORDINATES"
3406019525,"9dc24de5-be12-44f9-ab75-c4b62492e8da","Station_155_Date_13JUN2006:11:18:00.000_Fundulus_grandis","Animalia","Chordata",NA,"Cyprinodontiformes","Fundulidae","Fundulus","Fundulus grandis",NA,"SPECIES","Fundulus grandis Baird & Girard, 1853","Fundulus grandis","Baird & Girard, 1853","US","Upper Laguna Madre Estuary","Texas","PRESENT",NA,"c3ad790a-d426-4ac1-8e32-da61f81f0117",27.308333,-97.662778,100,NA,NA,NA,0.3,0.3,"2006-06-13T11:18",13,6,2006,5203686,5203686,"HUMAN_OBSERVATION","TPWD","Upper Laguna Madre Bag Seine","",NA,"",NA,"CC0_1_0","","",NA,NA,2025-02-06 21:46:33.288,"","CONTINENT_DERIVED_FROM_COORDINATES"
3406019488,"9dc24de5-be12-44f9-ab75-c4b62492e8da","Station_146_Date_22FEB2006:15:14:00.000_Fundulus_grandis","Animalia","Chordata",NA,"Cyprinodontiformes","Fundulidae","Fundulus","Fundulus grandis",NA,"SPECIES","Fundulus grandis Baird & Girard, 1853","Fundulus grandis","Baird & Girard, 1853","US","Upper Laguna Madre Estuary","Texas","PRESENT",NA,"c3ad790a-d426-4ac1-8e32-da61f81f0117",27.318611,-97.566944,100,NA,NA,NA,0.2,0.1,"2006-02-22T15:14",22,2,2006,5203686,5203686,"HUMAN_OBSERVATION","TPWD","Upper Laguna Madre Bag Seine","",NA,"",NA,"CC0_1_0","","",NA,NA,2025-02-06 21:46:33.283,"","CONTINENT_DERIVED_FROM_COORDINATES"
3406019475,"9dc24de5-be12-44f9-ab75-c4b62492e8da","Station_143_Date_18DEC2007:13:23:00.000_Fundulus_grandis","Animalia","Chordata",NA,"Cyprinodontiformes","Fundulidae","Fundulus","Fundulus grandis",NA,"SPECIES","Fundulus grandis Baird & Girard, 1853","Fundulus grandis","Baird & Girard, 1853","US","Upper Laguna Madre Estuary","Texas","PRESENT",NA,"c3ad790a-d426-4ac1-8e32-da61f81f0117",27.324167,-97.637778,100,NA,NA,NA,0.1,0.1,"2007-12-18T13:23",18,12,2007,5203686,5203686,"HUMAN_OBSERVATION","TPWD","Upper Laguna Madre Bag Seine","",NA,"",NA,"CC0_1_0","","",NA,NA,2025-02-06 21:46:33.28,"","CONTINENT_DERIVED_FROM_COORDINATES"
3406019453,"9dc24de5-be12-44f9-ab75-c4b62492e8da","Station_140_Date_13JUN2006:15:58:00.000_Fundulus_grandis","Animalia","Chordata",NA,"Cyprinodontiformes","Fundulidae","Fundulus","Fundulus grandis",NA,"SPECIES","Fundulus grandis Baird & Girard, 1853","Fundulus grandis","Baird & Girard, 1853","US","Upper Laguna Madre Estuary","Texas","PRESENT",NA,"c3ad790a-d426-4ac1-8e32-da61f81f0117",27.323611,-97.684167,100,NA,NA,NA,0.2,0.2,"2006-06-13T15:58",13,6,2006,5203686,5203686,"HUMAN_OBSERVATION","TPWD","Upper Laguna Madre Bag Seine","",NA,"",NA,"CC0_1_0","","",NA,NA,2025-02-06 21:46:33.277,"","CONTINENT_DERIVED_FROM_COORDINATES"
3406019366,"9dc24de5-be12-44f9-ab75-c4b62492e8da","Station_127_Date_20NOV2007:14:48:00.000_Fundulus_grandis","Animalia","Chordata",NA,"Cyprinodontiformes","Fundulidae","Fundulus","Fundulus grandis",NA,"SPECIES","Fundulus grandis Baird & Girard, 1853","Fundulus grandis","Baird & Girard, 1853","US","Upper Laguna Madre Estuary","Texas","PRESENT",NA,"c3ad790a-d426-4ac1-8e32-da61f81f0117",27.359167,-97.661667,100,NA,NA,NA,0.15,0.15,"2007-11-20T14:48",20,11,2007,5203686,5203686,"HUMAN_OBSERVATION","TPWD","Upper Laguna Madre Bag Seine","",NA,"",NA,"CC0_1_0","","",NA,NA,2025-02-06 21:46:33.239,"","CONTINENT_DERIVED_FROM_COORDINATES"
3406019343,"9dc24de5-be12-44f9-ab75-c4b62492e8da","Station_123_Date_10MAY2005:12:27:00.000_Fundulus_grandis","Animalia","Chordata",NA,"Cyprinodontiformes","Fundulidae","Fundulus","Fundulus grandis",NA,"SPECIES","Fundulus grandis Baird & Girard, 1853","Fundulus grandis","Baird & Girard, 1853","US","Upper Laguna Madre Estuary","Texas","PRESENT",NA,"c3ad790a-d426-4ac1-8e32-da61f81f0117",27.372778,-97.479167,100,NA,NA,NA,0.15,0.15,"2005-05-10T12:27",10,5,2005,5203686,5203686,"HUMAN_OBSERVATION","TPWD","Upper Laguna Madre Bag Seine","",NA,"",NA,"CC0_1_0","","",NA,NA,2025-02-06 21:46:33.234,"","CONTINENT_DERIVED_FROM_COORDINATES"
3406018982,"9dc24de5-be12-44f9-ab75-c4b62492e8da","Station_345_Date_24JUL2006:12:08:00.000_Fundulus_grandis","Animalia","Chordata",NA,"Cyprinodontiformes","Fundulidae","Fundulus","Fundulus grandis",NA,"SPECIES","Fundulus grandis Baird & Girard, 1853","Fundulus grandis","Baird & Girard, 1853","US","Upper Laguna Madre Estuary","Texas","PRESENT",NA,"c3ad790a-d426-4ac1-8e32-da61f81f0117",27.353333,-97.522778,100,NA,NA,NA,0.1,0.1,"2006-07-24T12:08",24,7,2006,5203686,5203686,"HUMAN_OBSERVATION","TPWD","Upper Laguna Madre Bag Seine","",NA,"",NA,"CC0_1_0","","",NA,NA,2025-02-06 21:46:33.882,"","CONTINENT_DERIVED_FROM_COORDINATES"
3406018886,"9dc24de5-be12-44f9-ab75-c4b62492e8da","Station_247_Date_12JUL2007:15:42:00.000_Fundulus_grandis","Animalia","Chordata",NA,"Cyprinodontiformes","Fundulidae","Fundulus","Fundulus grandis",NA,"SPECIES","Fundulus grandis Baird & Girard, 1853","Fundulus grandis","Baird & Girard, 1853","US","Upper Laguna Madre Estuary","Texas","PRESENT",NA,"c3ad790a-d426-4ac1-8e32-da61f81f0117",27.245278,-97.498611,100,NA,NA,NA,NA,NA,"2007-07-12T15:42",12,7,2007,5203686,5203686,"HUMAN_OBSERVATION","TPWD","Upper Laguna Madre Bag Seine","",NA,"",NA,"CC0_1_0","","",NA,NA,2025-02-06 21:46:33.846,"","CONTINENT_DERIVED_FROM_COORDINATES"
3406018780,"9dc24de5-be12-44f9-ab75-c4b62492e8da","Station_209_Date_18MAY2005:18:14:00.000_Fundulus_grandis","Animalia","Chordata",NA,"Cyprinodontiformes","Fundulidae","Fundulus","Fundulus grandis",NA,"SPECIES","Fundulus grandis Baird & Girard, 1853","Fundulus grandis","Baird & Girard, 1853","US","Upper Laguna Madre Estuary","Texas","PRESENT",NA,"c3ad790a-d426-4ac1-8e32-da61f81f0117",27.283056,-97.499722,100,NA,NA,NA,0.2,0.2,"2005-05-18T18:14",18,5,2005,5203686,5203686,"HUMAN_OBSERVATION","TPWD","Upper Laguna Madre Bag Seine","",NA,"",NA,"CC0_1_0","","",NA,NA,2025-02-06 21:46:33.82,"","CONTINENT_DERIVED_FROM_COORDINATES"
3406018754,"9dc24de5-be12-44f9-ab75-c4b62492e8da","Station_206_Date_23SEP2007:14:54:00.000_Fundulus_grandis","Animalia","Chordata",NA,"Cyprinodontiformes","Fundulidae","Fundulus","Fundulus grandis",NA,"SPECIES","Fundulus grandis Baird & Girard, 1853","Fundulus grandis","Baird & Girard, 1853","US","Upper Laguna Madre Estuary","Texas","PRESENT",NA,"c3ad790a-d426-4ac1-8e32-da61f81f0117",27.2825,-97.541667,100,NA,NA,NA,0.55,0.15,"2007-09-23T14:54",23,9,2007,5203686,5203686,"HUMAN_OBSERVATION","TPWD","Upper Laguna Madre Bag Seine","",NA,"",NA,"CC0_1_0","","",NA,NA,2025-02-06 21:46:33.814,"","CONTINENT_DERIVED_FROM_COORDINATES"
3406018668,"9dc24de5-be12-44f9-ab75-c4b62492e8da","Station_183_Date_05JUN2007:17:38:00.000_Fundulus_grandis","Animalia","Chordata",NA,"Cyprinodontiformes","Fundulidae","Fundulus","Fundulus grandis",NA,"SPECIES","Fundulus grandis Baird & Girard, 1853","Fundulus grandis","Baird & Girard, 1853","US","Upper Laguna Madre Estuary","Texas","PRESENT",NA,"c3ad790a-d426-4ac1-8e32-da61f81f0117",27.290278,-97.543333,100,NA,NA,NA,0.2,0.2,"2007-06-05T17:38",5,6,2007,5203686,5203686,"HUMAN_OBSERVATION","TPWD","Upper Laguna Madre Bag Seine","",NA,"",NA,"CC0_1_0","","",NA,NA,2025-02-06 21:46:33.79,"","CONTINENT_DERIVED_FROM_COORDINATES"
3406018434,"9dc24de5-be12-44f9-ab75-c4b62492e8da","Station_133_Date_03NOV2005:14:41:00.000_Fundulus_grandis","Animalia","Chordata",NA,"Cyprinodontiformes","Fundulidae","Fundulus","Fundulus grandis",NA,"SPECIES","Fundulus grandis Baird & Girard, 1853","Fundulus grandis","Baird & Girard, 1853","US","Upper Laguna Madre Estuary","Texas","PRESENT",NA,"c3ad790a-d426-4ac1-8e32-da61f81f0117",27.339167,-97.6625,100,NA,NA,NA,0.15,0.15,"2005-11-03T14:41",3,11,2005,5203686,5203686,"HUMAN_OBSERVATION","TPWD","Upper Laguna Madre Bag Seine","",NA,"",NA,"CC0_1_0","","",NA,NA,2025-02-06 21:46:33.718,"","CONTINENT_DERIVED_FROM_COORDINATES"
3406018429,"9dc24de5-be12-44f9-ab75-c4b62492e8da","Station_132_Date_10OCT2005:15:17:00.000_Fundulus_grandis","Animalia","Chordata",NA,"Cyprinodontiformes","Fundulidae","Fundulus","Fundulus grandis",NA,"SPECIES","Fundulus grandis Baird & Girard, 1853","Fundulus grandis","Baird & Girard, 1853","US","Upper Laguna Madre Estuary","Texas","PRESENT",NA,"c3ad790a-d426-4ac1-8e32-da61f81f0117",27.347778,-97.670556,100,NA,NA,NA,0.25,0.25,"2005-10-10T15:17",10,10,2005,5203686,5203686,"HUMAN_OBSERVATION","TPWD","Upper Laguna Madre Bag Seine","",NA,"",NA,"CC0_1_0","","",NA,NA,2025-02-06 21:46:33.716,"","CONTINENT_DERIVED_FROM_COORDINATES"
3406018393,"9dc24de5-be12-44f9-ab75-c4b62492e8da","Station_126_Date_07JUN2005:14:03:00.000_Fundulus_grandis","Animalia","Chordata",NA,"Cyprinodontiformes","Fundulidae","Fundulus","Fundulus grandis",NA,"SPECIES","Fundulus grandis Baird & Girard, 1853","Fundulus grandis","Baird & Girard, 1853","US","Upper Laguna Madre Estuary","Texas","PRESENT",NA,"c3ad790a-d426-4ac1-8e32-da61f81f0117",27.363333,-97.668333,100,NA,NA,NA,0.2,0.2,"2005-06-07T14:03",7,6,2005,5203686,5203686,"HUMAN_OBSERVATION","TPWD","Upper Laguna Madre Bag Seine","",NA,"",NA,"CC0_1_0","","",NA,NA,2025-02-06 21:46:33.704,"","CONTINENT_DERIVED_FROM_COORDINATES"
3406017813,"9dc24de5-be12-44f9-ab75-c4b62492e8da","Station_243_Date_22FEB2005:12:22:00.000_Fundulus_grandis","Animalia","Chordata",NA,"Cyprinodontiformes","Fundulidae","Fundulus","Fundulus grandis",NA,"SPECIES","Fundulus grandis Baird & Girard, 1853","Fundulus grandis","Baird & Girard, 1853","US","Upper Laguna Madre Estuary","Texas","PRESENT",NA,"c3ad790a-d426-4ac1-8e32-da61f81f0117",27.234722,-97.563333,100,NA,NA,NA,0.2,0.2,"2005-02-22T12:22",22,2,2005,5203686,5203686,"HUMAN_OBSERVATION","TPWD","Upper Laguna Madre Bag Seine","",NA,"",NA,"CC0_1_0","","",NA,NA,2025-02-06 21:46:33.801,"","CONTINENT_DERIVED_FROM_COORDINATES"
3406017790,"9dc24de5-be12-44f9-ab75-c4b62492e8da","Station_239_Date_24JUN2008:14:48:00.000_Fundulus_grandis","Animalia","Chordata",NA,"Cyprinodontiformes","Fundulidae","Fundulus","Fundulus grandis",NA,"SPECIES","Fundulus grandis Baird & Girard, 1853","Fundulus grandis","Baird & Girard, 1853","US","Upper Laguna Madre Estuary","Texas","PRESENT",NA,"c3ad790a-d426-4ac1-8e32-da61f81f0117",27.2425,-97.630556,100,NA,NA,NA,0.15,0.15,"2008-06-24T14:48",24,6,2008,5203686,5203686,"HUMAN_OBSERVATION","TPWD","Upper Laguna Madre Bag Seine","",NA,"",NA,"CC0_1_0","","",NA,NA,2025-02-06 21:46:33.796,"","CONTINENT_DERIVED_FROM_COORDINATES"
3406017702,"9dc24de5-be12-44f9-ab75-c4b62492e8da","Station_207_Date_12DEC2005:12:06:00.000_Fundulus_grandis","Animalia","Chordata",NA,"Cyprinodontiformes","Fundulidae","Fundulus","Fundulus grandis",NA,"SPECIES","Fundulus grandis Baird & Girard, 1853","Fundulus grandis","Baird & Girard, 1853","US","Upper Laguna Madre Estuary","Texas","PRESENT",NA,"c3ad790a-d426-4ac1-8e32-da61f81f0117",27.279444,-97.522778,100,NA,NA,NA,0.3,0.1,"2005-12-12T12:06",12,12,2005,5203686,5203686,"HUMAN_OBSERVATION","TPWD","Upper Laguna Madre Bag Seine","",NA,"",NA,"CC0_1_0","","",NA,NA,2025-02-06 21:46:33.763,"","CONTINENT_DERIVED_FROM_COORDINATES"
3406017695,"9dc24de5-be12-44f9-ab75-c4b62492e8da","Station_206_Date_20MAR2007:11:50:00.000_Fundulus_grandis","Animalia","Chordata",NA,"Cyprinodontiformes","Fundulidae","Fundulus","Fundulus grandis",NA,"SPECIES","Fundulus grandis Baird & Girard, 1853","Fundulus grandis","Baird & Girard, 1853","US","Upper Laguna Madre Estuary","Texas","PRESENT",NA,"c3ad790a-d426-4ac1-8e32-da61f81f0117",27.280833,-97.537778,100,NA,NA,NA,0.25,0.05,"2007-03-20T11:50",20,3,2007,5203686,5203686,"HUMAN_OBSERVATION","TPWD","Upper Laguna Madre Bag Seine","",NA,"",NA,"CC0_1_0","","",NA,NA,2025-02-06 21:46:33.762,"","CONTINENT_DERIVED_FROM_COORDINATES"
3406017687,"9dc24de5-be12-44f9-ab75-c4b62492e8da","Station_200_Date_03MAY2006:17:31:00.000_Fundulus_grandis","Animalia","Chordata",NA,"Cyprinodontiformes","Fundulidae","Fundulus","Fundulus grandis",NA,"SPECIES","Fundulus grandis Baird & Girard, 1853","Fundulus grandis","Baird & Girard, 1853","US","Upper Laguna Madre Estuary","Texas","PRESENT",NA,"c3ad790a-d426-4ac1-8e32-da61f81f0117",27.276111,-97.648889,100,NA,NA,NA,0.25,0.15,"2006-05-03T17:31",3,5,2006,5203686,5203686,"HUMAN_OBSERVATION","TPWD","Upper Laguna Madre Bag Seine","",NA,"",NA,"CC0_1_0","","",NA,NA,2025-02-06 21:46:33.76,"","CONTINENT_DERIVED_FROM_COORDINATES"
3406017553,"9dc24de5-be12-44f9-ab75-c4b62492e8da","Station_170_Date_12JUL2007:16:46:00.000_Fundulus_grandis","Animalia","Chordata",NA,"Cyprinodontiformes","Fundulidae","Fundulus","Fundulus grandis",NA,"SPECIES","Fundulus grandis Baird & Girard, 1853","Fundulus grandis","Baird & Girard, 1853","US","Upper Laguna Madre Estuary","Texas","PRESENT",NA,"c3ad790a-d426-4ac1-8e32-da61f81f0117",27.302778,-97.403056,100,NA,NA,NA,0.3,0.2,"2007-07-12T16:46",12,7,2007,5203686,5203686,"HUMAN_OBSERVATION","TPWD","Upper Laguna Madre Bag Seine","",NA,"",NA,"CC0_1_0","","",NA,NA,2025-02-06 21:46:33.72,"","CONTINENT_DERIVED_FROM_COORDINATES"
3406017552,"9dc24de5-be12-44f9-ab75-c4b62492e8da","Station_170_Date_07SEP2005:15:15:00.000_Fundulus_grandis","Animalia","Chordata",NA,"Cyprinodontiformes","Fundulidae","Fundulus","Fundulus grandis",NA,"SPECIES","Fundulus grandis Baird & Girard, 1853","Fundulus grandis","Baird & Girard, 1853","US","Upper Laguna Madre Estuary","Texas","PRESENT",NA,"c3ad790a-d426-4ac1-8e32-da61f81f0117",27.31,-97.401944,100,NA,NA,NA,0.2,0.2,"2005-09-07T15:15",7,9,2005,5203686,5203686,"HUMAN_OBSERVATION","TPWD","Upper Laguna Madre Bag Seine","",NA,"",NA,"CC0_1_0","","",NA,NA,2025-02-06 21:46:33.72,"","CONTINENT_DERIVED_FROM_COORDINATES"
3406017547,"9dc24de5-be12-44f9-ab75-c4b62492e8da","Station_169_Date_07NOV2007:15:23:00.000_Fundulus_grandis","Animalia","Chordata",NA,"Cyprinodontiformes","Fundulidae","Fundulus","Fundulus grandis",NA,"SPECIES","Fundulus grandis Baird & Girard, 1853","Fundulus grandis","Baird & Girard, 1853","US","Upper Laguna Madre Estuary","Texas","PRESENT",NA,"c3ad790a-d426-4ac1-8e32-da61f81f0117",27.313889,-97.4325,100,NA,NA,NA,0.45,0.05,"2007-11-07T15:23",7,11,2007,5203686,5203686,"HUMAN_OBSERVATION","TPWD","Upper Laguna Madre Bag Seine","",NA,"",NA,"CC0_1_0","","",NA,NA,2025-02-06 21:46:33.718,"","CONTINENT_DERIVED_FROM_COORDINATES"
3406017521,"9dc24de5-be12-44f9-ab75-c4b62492e8da","Station_163_Date_12NOV2007:16:46:00.000_Fundulus_grandis","Animalia","Chordata",NA,"Cyprinodontiformes","Fundulidae","Fundulus","Fundulus grandis",NA,"SPECIES","Fundulus grandis Baird & Girard, 1853","Fundulus grandis","Baird & Girard, 1853","US","Upper Laguna Madre Estuary","Texas","PRESENT",NA,"c3ad790a-d426-4ac1-8e32-da61f81f0117",27.304444,-97.517778,100,NA,NA,NA,0.15,0.15,"2007-11-12T16:46",12,11,2007,5203686,5203686,"HUMAN_OBSERVATION","TPWD","Upper Laguna Madre Bag Seine","",NA,"",NA,"CC0_1_0","","",NA,NA,2025-02-06 21:46:33.709,"","CONTINENT_DERIVED_FROM_COORDINATES"
3406017317,"9dc24de5-be12-44f9-ab75-c4b62492e8da","Station_120_Date_13SEP2007:16:47:00.000_Fundulus_grandis","Animalia","Chordata",NA,"Cyprinodontiformes","Fundulidae","Fundulus","Fundulus grandis",NA,"SPECIES","Fundulus grandis Baird & Girard, 1853","Fundulus grandis","Baird & Girard, 1853","US","Upper Laguna Madre Estuary","Texas","PRESENT",NA,"c3ad790a-d426-4ac1-8e32-da61f81f0117",27.367778,-97.677778,100,NA,NA,NA,0.25,0.15,"2007-09-13T16:47",13,9,2007,5203686,5203686,"HUMAN_OBSERVATION","TPWD","Upper Laguna Madre Bag Seine","",NA,"",NA,"CC0_1_0","","",NA,NA,2025-02-06 21:46:33.641,"","CONTINENT_DERIVED_FROM_COORDINATES"
3406017308,"9dc24de5-be12-44f9-ab75-c4b62492e8da","Station_117_Date_22JAN2008:13:44:00.000_Fundulus_grandis","Animalia","Chordata",NA,"Cyprinodontiformes","Fundulidae","Fundulus","Fundulus grandis",NA,"SPECIES","Fundulus grandis Baird & Girard, 1853","Fundulus grandis","Baird & Girard, 1853","US","Upper Laguna Madre Estuary","Texas","PRESENT",NA,"c3ad790a-d426-4ac1-8e32-da61f81f0117",27.388333,-97.480833,100,NA,NA,NA,0.4,0.2,"2008-01-22T13:44",22,1,2008,5203686,5203686,"HUMAN_OBSERVATION","TPWD","Upper Laguna Madre Bag Seine","",NA,"",NA,"CC0_1_0","","",NA,NA,2025-02-06 21:46:33.64,"","CONTINENT_DERIVED_FROM_COORDINATES"
3406016751,"9dc24de5-be12-44f9-ab75-c4b62492e8da","Station_251_Date_25APR2007:17:32:00.000_Fundulus_grandis","Animalia","Chordata",NA,"Cyprinodontiformes","Fundulidae","Fundulus","Fundulus grandis",NA,"SPECIES","Fundulus grandis Baird & Girard, 1853","Fundulus grandis","Baird & Girard, 1853","US","Upper Laguna Madre Estuary","Texas","PRESENT",NA,"c3ad790a-d426-4ac1-8e32-da61f81f0117",27.231389,-97.519722,100,NA,NA,NA,0.35,0.25,"2007-04-25T17:32",25,4,2007,5203686,5203686,"HUMAN_OBSERVATION","TPWD","Upper Laguna Madre Bag Seine","",NA,"",NA,"CC0_1_0","","",NA,NA,2025-02-06 21:46:33.906,"","CONTINENT_DERIVED_FROM_COORDINATES"
3406016693,"9dc24de5-be12-44f9-ab75-c4b62492e8da","Station_233_Date_06NOV2006:16:59:00.000_Fundulus_grandis","Animalia","Chordata",NA,"Cyprinodontiformes","Fundulidae","Fundulus","Fundulus grandis",NA,"SPECIES","Fundulus grandis Baird & Girard, 1853","Fundulus grandis","Baird & Girard, 1853","US","Upper Laguna Madre Estuary","Texas","PRESENT",NA,"c3ad790a-d426-4ac1-8e32-da61f81f0117",27.263056,-97.436944,100,NA,NA,NA,0.3,0.1,"2006-11-06T16:59",6,11,2006,5203686,5203686,"HUMAN_OBSERVATION","TPWD","Upper Laguna Madre Bag Seine","",NA,"",NA,"CC0_1_0","","",NA,NA,2025-02-06 21:46:33.884,"","CONTINENT_DERIVED_FROM_COORDINATES"
3406016508,"9dc24de5-be12-44f9-ab75-c4b62492e8da","Station_171_Date_11FEB2005:12:42:00.000_Fundulus_grandis","Animalia","Chordata",NA,"Cyprinodontiformes","Fundulidae","Fundulus","Fundulus grandis",NA,"SPECIES","Fundulus grandis Baird & Girard, 1853","Fundulus grandis","Baird & Girard, 1853","US","Upper Laguna Madre Estuary","Texas","PRESENT",NA,"c3ad790a-d426-4ac1-8e32-da61f81f0117",27.309722,-97.399722,100,NA,NA,NA,0.4,0.1,"2005-02-11T12:42",11,2,2005,5203686,5203686,"HUMAN_OBSERVATION","TPWD","Upper Laguna Madre Bag Seine","",NA,"",NA,"CC0_1_0","","",NA,NA,2025-02-06 21:46:33.808,"","CONTINENT_DERIVED_FROM_COORDINATES"
3406016391,"9dc24de5-be12-44f9-ab75-c4b62492e8da","Station_144_Date_13SEP2007:16:09:00.000_Fundulus_grandis","Animalia","Chordata",NA,"Cyprinodontiformes","Fundulidae","Fundulus","Fundulus grandis",NA,"SPECIES","Fundulus grandis Baird & Girard, 1853","Fundulus grandis","Baird & Girard, 1853","US","Upper Laguna Madre Estuary","Texas","PRESENT",NA,"c3ad790a-d426-4ac1-8e32-da61f81f0117",27.320556,-97.6325,100,NA,NA,NA,2,2,"2007-09-13T16:09",13,9,2007,5203686,5203686,"HUMAN_OBSERVATION","TPWD","Upper Laguna Madre Bag Seine","",NA,"",NA,"CC0_1_0","","",NA,NA,2025-02-06 21:46:33.765,"","CONTINENT_DERIVED_FROM_COORDINATES"
3406016389,"9dc24de5-be12-44f9-ab75-c4b62492e8da","Station_143_Date_27FEB2006:12:58:00.000_Fundulus_grandis","Animalia","Chordata",NA,"Cyprinodontiformes","Fundulidae","Fundulus","Fundulus grandis",NA,"SPECIES","Fundulus grandis Baird & Girard, 1853","Fundulus grandis","Baird & Girard, 1853","US","Upper Laguna Madre Estuary","Texas","PRESENT",NA,"c3ad790a-d426-4ac1-8e32-da61f81f0117",27.324167,-97.638056,100,NA,NA,NA,0.15,0.05,"2006-02-27T12:58",27,2,2006,5203686,5203686,"HUMAN_OBSERVATION","TPWD","Upper Laguna Madre Bag Seine","",NA,"",NA,"CC0_1_0","","",NA,NA,2025-02-06 21:46:33.764,"","CONTINENT_DERIVED_FROM_COORDINATES"
3406016361,"9dc24de5-be12-44f9-ab75-c4b62492e8da","Station_138_Date_22FEB2006:12:37:00.000_Fundulus_grandis","Animalia","Chordata",NA,"Cyprinodontiformes","Fundulidae","Fundulus","Fundulus grandis",NA,"SPECIES","Fundulus grandis Baird & Girard, 1853","Fundulus grandis","Baird & Girard, 1853","US","Upper Laguna Madre Estuary","Texas","PRESENT",NA,"c3ad790a-d426-4ac1-8e32-da61f81f0117",27.343889,-97.482778,100,NA,NA,NA,0.15,0.15,"2006-02-22T12:37",22,2,2006,5203686,5203686,"HUMAN_OBSERVATION","TPWD","Upper Laguna Madre Bag Seine","",NA,"",NA,"CC0_1_0","","",NA,NA,2025-02-06 21:46:33.756,"","CONTINENT_DERIVED_FROM_COORDINATES"
3406015874,"9dc24de5-be12-44f9-ab75-c4b62492e8da","Station_275_Date_02DEC2008:14:27:00.000_Fundulus_grandis","Animalia","Chordata",NA,"Cyprinodontiformes","Fundulidae","Fundulus","Fundulus grandis",NA,"SPECIES","Fundulus grandis Baird & Girard, 1853","Fundulus grandis","Baird & Girard, 1853","US","Upper Laguna Madre Estuary","Texas","PRESENT",NA,"c3ad790a-d426-4ac1-8e32-da61f81f0117",27.163611,-97.433611,100,NA,NA,NA,0.2,0.2,"2008-12-02T14:27",2,12,2008,5203686,5203686,"HUMAN_OBSERVATION","TPWD","Upper Laguna Madre Bag Seine","",NA,"",NA,"CC0_1_0","","",NA,NA,2025-02-06 21:46:33.958,"","CONTINENT_DERIVED_FROM_COORDINATES"
3406015832,"9dc24de5-be12-44f9-ab75-c4b62492e8da","Station_251_Date_20MAR2007:12:46:00.000_Fundulus_grandis","Animalia","Chordata",NA,"Cyprinodontiformes","Fundulidae","Fundulus","Fundulus grandis",NA,"SPECIES","Fundulus grandis Baird & Girard, 1853","Fundulus grandis","Baird & Girard, 1853","US","Upper Laguna Madre Estuary","Texas","PRESENT",NA,"c3ad790a-d426-4ac1-8e32-da61f81f0117",27.229722,-97.526389,100,NA,NA,NA,0.2,0.2,"2007-03-20T12:46",20,3,2007,5203686,5203686,"HUMAN_OBSERVATION","TPWD","Upper Laguna Madre Bag Seine","",NA,"",NA,"CC0_1_0","","",NA,NA,2025-02-06 21:46:33.945,"","CONTINENT_DERIVED_FROM_COORDINATES"
3406015819,"9dc24de5-be12-44f9-ab75-c4b62492e8da","Station_247_Date_13NOV2007:14:08:00.000_Fundulus_grandis","Animalia","Chordata",NA,"Cyprinodontiformes","Fundulidae","Fundulus","Fundulus grandis",NA,"SPECIES","Fundulus grandis Baird & Girard, 1853","Fundulus grandis","Baird & Girard, 1853","US","Upper Laguna Madre Estuary","Texas","PRESENT",NA,"c3ad790a-d426-4ac1-8e32-da61f81f0117",27.244722,-97.499167,100,NA,NA,NA,0.2,0.2,"2007-11-13T14:08",13,11,2007,5203686,5203686,"HUMAN_OBSERVATION","TPWD","Upper Laguna Madre Bag Seine","",NA,"",NA,"CC0_1_0","","",NA,NA,2025-02-06 21:46:33.941,"","CONTINENT_DERIVED_FROM_COORDINATES"
3406015730,"9dc24de5-be12-44f9-ab75-c4b62492e8da","Station_218_Date_24OCT2007:16:18:00.000_Fundulus_grandis","Animalia","Chordata",NA,"Cyprinodontiformes","Fundulidae","Fundulus","Fundulus grandis",NA,"SPECIES","Fundulus grandis Baird & Girard, 1853","Fundulus grandis","Baird & Girard, 1853","US","Upper Laguna Madre Estuary","Texas","PRESENT",NA,"c3ad790a-d426-4ac1-8e32-da61f81f0117",27.265,-97.736111,100,NA,NA,NA,0.4,0,"2007-10-24T16:18",24,10,2007,5203686,5203686,"HUMAN_OBSERVATION","TPWD","Upper Laguna Madre Bag Seine","",NA,"",NA,"CC0_1_0","","",NA,NA,2025-02-06 21:46:33.906,"","CONTINENT_DERIVED_FROM_COORDINATES"
3406015704,"9dc24de5-be12-44f9-ab75-c4b62492e8da","Station_207_Date_26OCT2005:15:28:00.000_Fundulus_grandis","Animalia","Chordata",NA,"Cyprinodontiformes","Fundulidae","Fundulus","Fundulus grandis",NA,"SPECIES","Fundulus grandis Baird & Girard, 1853","Fundulus grandis","Baird & Girard, 1853","US","Upper Laguna Madre Estuary","Texas","PRESENT",NA,"c3ad790a-d426-4ac1-8e32-da61f81f0117",27.279167,-97.531667,100,NA,NA,NA,0.25,0.25,"2005-10-26T15:28",26,10,2005,5203686,5203686,"HUMAN_OBSERVATION","TPWD","Upper Laguna Madre Bag Seine","",NA,"",NA,"CC0_1_0","","",NA,NA,2025-02-06 21:46:33.899,"","CONTINENT_DERIVED_FROM_COORDINATES"
3406015612,"9dc24de5-be12-44f9-ab75-c4b62492e8da","Station_184_Date_07JUN2005:12:03:00.000_Fundulus_grandis","Animalia","Chordata",NA,"Cyprinodontiformes","Fundulidae","Fundulus","Fundulus grandis",NA,"SPECIES","Fundulus grandis Baird & Girard, 1853","Fundulus grandis","Baird & Girard, 1853","US","Upper Laguna Madre Estuary","Texas","PRESENT",NA,"c3ad790a-d426-4ac1-8e32-da61f81f0117",27.290556,-97.527778,100,NA,NA,NA,0.25,0.25,"2005-06-07T12:03",7,6,2005,5203686,5203686,"HUMAN_OBSERVATION","TPWD","Upper Laguna Madre Bag Seine","",NA,"",NA,"CC0_1_0","","",NA,NA,2025-02-06 21:46:33.875,"","CONTINENT_DERIVED_FROM_COORDINATES"
3406015566,"9dc24de5-be12-44f9-ab75-c4b62492e8da","Station_174_Date_21NOV2005:13:03:00.000_Fundulus_grandis","Animalia","Chordata",NA,"Cyprinodontiformes","Fundulidae","Fundulus","Fundulus grandis",NA,"SPECIES","Fundulus grandis Baird & Girard, 1853","Fundulus grandis","Baird & Girard, 1853","US","Upper Laguna Madre Estuary","Texas","PRESENT",NA,"c3ad790a-d426-4ac1-8e32-da61f81f0117",27.283611,-97.684167,100,NA,NA,NA,0.2,0.2,"2005-11-21T13:03",21,11,2005,5203686,5203686,"HUMAN_OBSERVATION","TPWD","Upper Laguna Madre Bag Seine","",NA,"",NA,"CC0_1_0","","",NA,NA,2025-02-06 21:46:33.861,"","CONTINENT_DERIVED_FROM_COORDINATES"
3406015005,"9dc24de5-be12-44f9-ab75-c4b62492e8da","Station_345_Date_22FEB2006:13:41:00.000_Fundulus_grandis","Animalia","Chordata",NA,"Cyprinodontiformes","Fundulidae","Fundulus","Fundulus grandis",NA,"SPECIES","Fundulus grandis Baird & Girard, 1853","Fundulus grandis","Baird & Girard, 1853","US","Upper Laguna Madre Estuary","Texas","PRESENT",NA,"c3ad790a-d426-4ac1-8e32-da61f81f0117",27.353333,-97.5225,100,NA,NA,NA,0.25,0.05,"2006-02-22T13:41",22,2,2006,5203686,5203686,"HUMAN_OBSERVATION","TPWD","Upper Laguna Madre Bag Seine","",NA,"",NA,"CC0_1_0","","",NA,NA,2025-02-06 21:46:33.374,"","CONTINENT_DERIVED_FROM_COORDINATES"
3406014834,"9dc24de5-be12-44f9-ab75-c4b62492e8da","Station_220_Date_23AUG2007:11:43:00.000_Fundulus_grandis","Animalia","Chordata",NA,"Cyprinodontiformes","Fundulidae","Fundulus","Fundulus grandis",NA,"SPECIES","Fundulus grandis Baird & Girard, 1853","Fundulus grandis","Baird & Girard, 1853","US","Upper Laguna Madre Estuary","Texas","PRESENT",NA,"c3ad790a-d426-4ac1-8e32-da61f81f0117",27.265833,-97.711111,100,NA,NA,NA,0.45,0.35,"2007-08-23T11:43",23,8,2007,5203686,5203686,"HUMAN_OBSERVATION","TPWD","Upper Laguna Madre Bag Seine","",NA,"",NA,"CC0_1_0","","",NA,NA,2025-02-06 21:46:33.329,"","CONTINENT_DERIVED_FROM_COORDINATES"
3406014731,"9dc24de5-be12-44f9-ab75-c4b62492e8da","Station_194_Date_24APR2006:16:46:00.000_Fundulus_grandis","Animalia","Chordata",NA,"Cyprinodontiformes","Fundulidae","Fundulus","Fundulus grandis",NA,"SPECIES","Fundulus grandis Baird & Girard, 1853","Fundulus grandis","Baird & Girard, 1853","US","Upper Laguna Madre Estuary","Texas","PRESENT",NA,"c3ad790a-d426-4ac1-8e32-da61f81f0117",27.273056,-97.74,100,NA,NA,NA,0.15,0.15,"2006-04-24T16:46",24,4,2006,5203686,5203686,"HUMAN_OBSERVATION","TPWD","Upper Laguna Madre Bag Seine","",NA,"",NA,"CC0_1_0","","",NA,NA,2025-02-06 21:46:33.314,"","CONTINENT_DERIVED_FROM_COORDINATES"
3406014541,"9dc24de5-be12-44f9-ab75-c4b62492e8da","Station_150_Date_10MAY2005:13:10:00.000_Fundulus_grandis","Animalia","Chordata",NA,"Cyprinodontiformes","Fundulidae","Fundulus","Fundulus grandis",NA,"SPECIES","Fundulus grandis Baird & Girard, 1853","Fundulus grandis","Baird & Girard, 1853","US","Upper Laguna Madre Estuary","Texas","PRESENT",NA,"c3ad790a-d426-4ac1-8e32-da61f81f0117",27.328056,-97.505833,100,NA,NA,NA,0.3,0.3,"2005-05-10T13:10",10,5,2005,5203686,5203686,"HUMAN_OBSERVATION","TPWD","Upper Laguna Madre Bag Seine","",NA,"",NA,"CC0_1_0","","",NA,NA,2025-02-06 21:46:33.285,"","CONTINENT_DERIVED_FROM_COORDINATES"
3406014518,"9dc24de5-be12-44f9-ab75-c4b62492e8da","Station_143_Date_11NOV2008:16:26:00.000_Fundulus_grandis","Animalia","Chordata",NA,"Cyprinodontiformes","Fundulidae","Fundulus","Fundulus grandis",NA,"SPECIES","Fundulus grandis Baird & Girard, 1853","Fundulus grandis","Baird & Girard, 1853","US","Upper Laguna Madre Estuary","Texas","PRESENT",NA,"c3ad790a-d426-4ac1-8e32-da61f81f0117",27.324167,-97.636111,100,NA,NA,NA,0.2,0.2,"2008-11-11T16:26",11,11,2008,5203686,5203686,"HUMAN_OBSERVATION","TPWD","Upper Laguna Madre Bag Seine","",NA,"",NA,"CC0_1_0","","",NA,NA,2025-02-06 21:46:33.28,"","CONTINENT_DERIVED_FROM_COORDINATES"
3406014425,"9dc24de5-be12-44f9-ab75-c4b62492e8da","Station_126_Date_20NOV2007:15:43:00.000_Fundulus_grandis","Animalia","Chordata",NA,"Cyprinodontiformes","Fundulidae","Fundulus","Fundulus grandis",NA,"SPECIES","Fundulus grandis Baird & Girard, 1853","Fundulus grandis","Baird & Girard, 1853","US","Upper Laguna Madre Estuary","Texas","PRESENT",NA,"c3ad790a-d426-4ac1-8e32-da61f81f0117",27.363889,-97.676389,100,NA,NA,NA,0.15,0.15,"2007-11-20T15:43",20,11,2007,5203686,5203686,"HUMAN_OBSERVATION","TPWD","Upper Laguna Madre Bag Seine","",NA,"",NA,"CC0_1_0","","",NA,NA,2025-02-06 21:46:33.238,"","CONTINENT_DERIVED_FROM_COORDINATES"
3406014381,"9dc24de5-be12-44f9-ab75-c4b62492e8da","Station_110_Date_30AUG2005:11:09:00.000_Fundulus_grandis","Animalia","Chordata",NA,"Cyprinodontiformes","Fundulidae","Fundulus","Fundulus grandis",NA,"SPECIES","Fundulus grandis Baird & Girard, 1853","Fundulus grandis","Baird & Girard, 1853","US","Upper Laguna Madre Estuary","Texas","PRESENT",NA,"c3ad790a-d426-4ac1-8e32-da61f81f0117",27.328611,-97.406389,100,NA,NA,NA,0.65,0.15,"2005-08-30T11:09",30,8,2005,5203686,5203686,"HUMAN_OBSERVATION","TPWD","Upper Laguna Madre Bag Seine","",NA,"",NA,"CC0_1_0","","",NA,NA,2025-02-06 21:46:33.228,"","CONTINENT_DERIVED_FROM_COORDINATES"
3406014353,"9dc24de5-be12-44f9-ab75-c4b62492e8da","Station_106_Date_05SEP2006:14:07:00.000_Fundulus_grandis","Animalia","Chordata",NA,"Cyprinodontiformes","Fundulidae","Fundulus","Fundulus grandis",NA,"SPECIES","Fundulus grandis Baird & Girard, 1853","Fundulus grandis","Baird & Girard, 1853","US","Upper Laguna Madre Estuary","Texas","PRESENT",NA,"c3ad790a-d426-4ac1-8e32-da61f81f0117",27.334167,-97.396667,100,NA,NA,NA,0.1,0.1,"2006-09-05T14:07",5,9,2006,5203686,5203686,"HUMAN_OBSERVATION","TPWD","Upper Laguna Madre Bag Seine","",NA,"",NA,"CC0_1_0","","",NA,NA,2025-02-06 21:46:33.224,"","CONTINENT_DERIVED_FROM_COORDINATES"
3406014189,"9dc24de5-be12-44f9-ab75-c4b62492e8da","Station_105_Date_22NOV2005:14:08:00.000_Fundulus_grandis","Animalia","Chordata",NA,"Cyprinodontiformes","Fundulidae","Fundulus","Fundulus grandis",NA,"SPECIES","Fundulus grandis Baird & Girard, 1853","Fundulus grandis","Baird & Girard, 1853","US","Upper Laguna Madre Estuary","Texas","PRESENT",NA,"c3ad790a-d426-4ac1-8e32-da61f81f0117",27.335,-97.401944,100,NA,NA,NA,0.25,0.15,"2005-11-22T14:08",22,11,2005,5203686,5203686,"HUMAN_OBSERVATION","TPWD","Upper Laguna Madre Bag Seine","",NA,"",NA,"CC0_1_0","","",NA,NA,2025-02-06 21:46:33.712,"","CONTINENT_DERIVED_FROM_COORDINATES"
3406013984,"9dc24de5-be12-44f9-ab75-c4b62492e8da","Station_68_Date_28OCT2008:14:36:00.000_Fundulus_grandis","Animalia","Chordata",NA,"Cyprinodontiformes","Fundulidae","Fundulus","Fundulus grandis",NA,"SPECIES","Fundulus grandis Baird & Girard, 1853","Fundulus grandis","Baird & Girard, 1853","US","Upper Laguna Madre Estuary","Texas","PRESENT",NA,"c3ad790a-d426-4ac1-8e32-da61f81f0117",27.505833,-97.313333,100,NA,NA,NA,0.35,0.15,"2008-10-28T14:36",28,10,2008,5203686,5203686,"HUMAN_OBSERVATION","TPWD","Upper Laguna Madre Bag Seine","",NA,"",NA,"CC0_1_0","","",NA,NA,2025-02-06 21:46:33.648,"","CONTINENT_DERIVED_FROM_COORDINATES"
3406013976,"9dc24de5-be12-44f9-ab75-c4b62492e8da","Station_66_Date_08MAR2007:10:39:00.000_Fundulus_grandis","Animalia","Chordata",NA,"Cyprinodontiformes","Fundulidae","Fundulus","Fundulus grandis",NA,"SPECIES","Fundulus grandis Baird & Girard, 1853","Fundulus grandis","Baird & Girard, 1853","US","Upper Laguna Madre Estuary","Texas","PRESENT",NA,"c3ad790a-d426-4ac1-8e32-da61f81f0117",27.509722,-97.344722,100,NA,NA,NA,0.35,0.15,"2007-03-08T10:39",8,3,2007,5203686,5203686,"HUMAN_OBSERVATION","TPWD","Upper Laguna Madre Bag Seine","",NA,"",NA,"CC0_1_0","","",NA,NA,2025-02-06 21:46:33.646,"","CONTINENT_DERIVED_FROM_COORDINATES"
3406013950,"9dc24de5-be12-44f9-ab75-c4b62492e8da","Station_59_Date_05MAY2005:14:28:00.000_Fundulus_grandis","Animalia","Chordata",NA,"Cyprinodontiformes","Fundulidae","Fundulus","Fundulus grandis",NA,"SPECIES","Fundulus grandis Baird & Girard, 1853","Fundulus grandis","Baird & Girard, 1853","US","Upper Laguna Madre Estuary","Texas","PRESENT",NA,"c3ad790a-d426-4ac1-8e32-da61f81f0117",27.540833,-97.287222,100,NA,NA,NA,0.25,0.15,"2005-05-05T14:28",5,5,2005,5203686,5203686,"HUMAN_OBSERVATION","TPWD","Upper Laguna Madre Bag Seine","",NA,"",NA,"CC0_1_0","","",NA,NA,2025-02-06 21:46:33.635,"","CONTINENT_DERIVED_FROM_COORDINATES"
3406013129,"9dc24de5-be12-44f9-ab75-c4b62492e8da","Station_57_Date_04JUN2007:18:49:00.000_Fundulus_grandis","Animalia","Chordata",NA,"Cyprinodontiformes","Fundulidae","Fundulus","Fundulus grandis",NA,"SPECIES","Fundulus grandis Baird & Girard, 1853","Fundulus grandis","Baird & Girard, 1853","US","Upper Laguna Madre Estuary","Texas","PRESENT",NA,"c3ad790a-d426-4ac1-8e32-da61f81f0117",27.537778,-97.333056,100,NA,NA,NA,0.3,0.3,"2007-06-04T18:49",4,6,2007,5203686,5203686,"HUMAN_OBSERVATION","TPWD","Upper Laguna Madre Bag Seine","",NA,"",NA,"CC0_1_0","","",NA,NA,2025-02-06 21:46:33.676,"","CONTINENT_DERIVED_FROM_COORDINATES"
3406013127,"9dc24de5-be12-44f9-ab75-c4b62492e8da","Station_56_Date_08DEC2008:12:39:00.000_Fundulus_grandis","Animalia","Chordata",NA,"Cyprinodontiformes","Fundulidae","Fundulus","Fundulus grandis",NA,"SPECIES","Fundulus grandis Baird & Girard, 1853","Fundulus grandis","Baird & Girard, 1853","US","Upper Laguna Madre Estuary","Texas","PRESENT",NA,"c3ad790a-d426-4ac1-8e32-da61f81f0117",27.534167,-97.335,100,NA,NA,NA,0.25,0.25,"2008-12-08T12:39",8,12,2008,5203686,5203686,"HUMAN_OBSERVATION","TPWD","Upper Laguna Madre Bag Seine","",NA,"",NA,"CC0_1_0","","",NA,NA,2025-02-06 21:46:33.675,"","CONTINENT_DERIVED_FROM_COORDINATES"
3406013089,"9dc24de5-be12-44f9-ab75-c4b62492e8da","Station_49_Date_14MAY2008:15:27:00.000_Fundulus_grandis","Animalia","Chordata",NA,"Cyprinodontiformes","Fundulidae","Fundulus","Fundulus grandis",NA,"SPECIES","Fundulus grandis Baird & Girard, 1853","Fundulus grandis","Baird & Girard, 1853","US","Upper Laguna Madre Estuary","Texas","PRESENT",NA,"c3ad790a-d426-4ac1-8e32-da61f81f0117",27.575833,-97.266111,100,NA,NA,NA,0.2,0.2,"2008-05-14T15:27",14,5,2008,5203686,5203686,"HUMAN_OBSERVATION","TPWD","Upper Laguna Madre Bag Seine","",NA,"",NA,"CC0_1_0","","",NA,NA,2025-02-06 21:46:33.665,"","CONTINENT_DERIVED_FROM_COORDINATES"
3406012292,"9dc24de5-be12-44f9-ab75-c4b62492e8da","Station_100_Date_11JAN2006:10:31:00.000_Fundulus_grandis","Animalia","Chordata",NA,"Cyprinodontiformes","Fundulidae","Fundulus","Fundulus grandis",NA,"SPECIES","Fundulus grandis Baird & Girard, 1853","Fundulus grandis","Baird & Girard, 1853","US","Upper Laguna Madre Estuary","Texas","PRESENT",NA,"c3ad790a-d426-4ac1-8e32-da61f81f0117",27.37,-97.359444,100,NA,NA,NA,0.35,0.35,"2006-01-11T10:31",11,1,2006,5203686,5203686,"HUMAN_OBSERVATION","TPWD","Upper Laguna Madre Bag Seine","",NA,"",NA,"CC0_1_0","","",NA,NA,2025-02-06 21:46:33.664,"","CONTINENT_DERIVED_FROM_COORDINATES"
3406012177,"9dc24de5-be12-44f9-ab75-c4b62492e8da","Station_81_Date_09NOV2006:11:01:00.000_Fundulus_grandis","Animalia","Chordata",NA,"Cyprinodontiformes","Fundulidae","Fundulus","Fundulus grandis",NA,"SPECIES","Fundulus grandis Baird & Girard, 1853","Fundulus grandis","Baird & Girard, 1853","US","Upper Laguna Madre Estuary","Texas","PRESENT",NA,"c3ad790a-d426-4ac1-8e32-da61f81f0117",27.46,-97.326944,100,NA,NA,NA,0.15,0.15,"2006-11-09T11:01",9,11,2006,5203686,5203686,"HUMAN_OBSERVATION","TPWD","Upper Laguna Madre Bag Seine","",NA,"",NA,"CC0_1_0","","",NA,NA,2025-02-06 21:46:33.637,"","CONTINENT_DERIVED_FROM_COORDINATES"
3406012076,"9dc24de5-be12-44f9-ab75-c4b62492e8da","Station_54_Date_27FEB2007:10:03:00.000_Fundulus_grandis","Animalia","Chordata",NA,"Cyprinodontiformes","Fundulidae","Fundulus","Fundulus grandis",NA,"SPECIES","Fundulus grandis Baird & Girard, 1853","Fundulus grandis","Baird & Girard, 1853","US","Upper Laguna Madre Estuary","Texas","PRESENT",NA,"c3ad790a-d426-4ac1-8e32-da61f81f0117",27.560833,-97.276667,100,NA,NA,NA,0.15,0.15,"2007-02-27T10:03",27,2,2007,5203686,5203686,"HUMAN_OBSERVATION","TPWD","Upper Laguna Madre Bag Seine","",NA,"",NA,"CC0_1_0","","",NA,NA,2025-02-06 21:46:33.598,"","CONTINENT_DERIVED_FROM_COORDINATES"
3406012048,"9dc24de5-be12-44f9-ab75-c4b62492e8da","Station_50_Date_08FEB2008:13:15:00.000_Fundulus_grandis","Animalia","Chordata",NA,"Cyprinodontiformes","Fundulidae","Fundulus","Fundulus grandis",NA,"SPECIES","Fundulus grandis Baird & Girard, 1853","Fundulus grandis","Baird & Girard, 1853","US","Upper Laguna Madre Estuary","Texas","PRESENT",NA,"c3ad790a-d426-4ac1-8e32-da61f81f0117",27.580833,-97.248056,100,NA,NA,NA,0.15,0.15,"2008-02-08T13:15",8,2,2008,5203686,5203686,"HUMAN_OBSERVATION","TPWD","Upper Laguna Madre Bag Seine","",NA,"",NA,"CC0_1_0","","",NA,NA,2025-02-06 21:46:33.59,"","CONTINENT_DERIVED_FROM_COORDINATES"
3406011263,"9dc24de5-be12-44f9-ab75-c4b62492e8da","Station_118_Date_11JUL2007:13:56:00.000_Fundulus_grandis","Animalia","Chordata",NA,"Cyprinodontiformes","Fundulidae","Fundulus","Fundulus grandis",NA,"SPECIES","Fundulus grandis Baird & Girard, 1853","Fundulus grandis","Baird & Girard, 1853","US","Upper Laguna Madre Estuary","Texas","PRESENT",NA,"c3ad790a-d426-4ac1-8e32-da61f81f0117",27.373333,-97.706944,100,NA,NA,NA,0.4,0.2,"2007-07-11T13:56",11,7,2007,5203686,5203686,"HUMAN_OBSERVATION","TPWD","Upper Laguna Madre Bag Seine","",NA,"",NA,"CC0_1_0","","",NA,NA,2025-02-06 21:46:33.64,"","CONTINENT_DERIVED_FROM_COORDINATES"
3406011099,"9dc24de5-be12-44f9-ab75-c4b62492e8da","Station_88_Date_07MAY2007:17:07:00.000_Fundulus_grandis","Animalia","Chordata",NA,"Cyprinodontiformes","Fundulidae","Fundulus","Fundulus grandis",NA,"SPECIES","Fundulus grandis Baird & Girard, 1853","Fundulus grandis","Baird & Girard, 1853","US","Upper Laguna Madre Estuary","Texas","PRESENT",NA,"c3ad790a-d426-4ac1-8e32-da61f81f0117",27.422778,-97.356111,100,NA,NA,NA,0.3,0.1,"2007-05-07T17:07",7,5,2007,5203686,5203686,"HUMAN_OBSERVATION","TPWD","Upper Laguna Madre Bag Seine","",NA,"",NA,"CC0_1_0","","",NA,NA,2025-02-06 21:46:33.59,"","CONTINENT_DERIVED_FROM_COORDINATES"
3406011035,"9dc24de5-be12-44f9-ab75-c4b62492e8da","Station_73_Date_11JUL2006:11:47:00.000_Fundulus_grandis","Animalia","Chordata",NA,"Cyprinodontiformes","Fundulidae","Fundulus","Fundulus grandis",NA,"SPECIES","Fundulus grandis Baird & Girard, 1853","Fundulus grandis","Baird & Girard, 1853","US","Upper Laguna Madre Estuary","Texas","PRESENT",NA,"c3ad790a-d426-4ac1-8e32-da61f81f0117",27.49,-97.314167,100,NA,NA,NA,0.3,0.1,"2006-07-11T11:47",11,7,2006,5203686,5203686,"HUMAN_OBSERVATION","TPWD","Upper Laguna Madre Bag Seine","",NA,"",NA,"CC0_1_0","","",NA,NA,2025-02-06 21:46:33.571,"","CONTINENT_DERIVED_FROM_COORDINATES"
3406011024,"9dc24de5-be12-44f9-ab75-c4b62492e8da","Station_71_Date_26JUN2007:10:27:00.000_Fundulus_grandis","Animalia","Chordata",NA,"Cyprinodontiformes","Fundulidae","Fundulus","Fundulus grandis",NA,"SPECIES","Fundulus grandis Baird & Girard, 1853","Fundulus grandis","Baird & Girard, 1853","US","Upper Laguna Madre Estuary","Texas","PRESENT",NA,"c3ad790a-d426-4ac1-8e32-da61f81f0117",27.483889,-97.349167,100,NA,NA,NA,0.35,0.15,"2007-06-26T10:27",26,6,2007,5203686,5203686,"HUMAN_OBSERVATION","TPWD","Upper Laguna Madre Bag Seine","",NA,"",NA,"CC0_1_0","","",NA,NA,2025-02-06 21:46:33.569,"","CONTINENT_DERIVED_FROM_COORDINATES"
3406010948,"9dc24de5-be12-44f9-ab75-c4b62492e8da","Station_54_Date_08NOV2005:13:23:00.000_Fundulus_grandis","Animalia","Chordata",NA,"Cyprinodontiformes","Fundulidae","Fundulus","Fundulus grandis",NA,"SPECIES","Fundulus grandis Baird & Girard, 1853","Fundulus grandis","Baird & Girard, 1853","US","Upper Laguna Madre Estuary","Texas","PRESENT",NA,"c3ad790a-d426-4ac1-8e32-da61f81f0117",27.5575,-97.278333,100,NA,NA,NA,0.15,0.05,"2005-11-08T13:23",8,11,2005,5203686,5203686,"HUMAN_OBSERVATION","TPWD","Upper Laguna Madre Bag Seine","",NA,"",NA,"CC0_1_0","","",NA,NA,2025-02-06 21:46:33.546,"","CONTINENT_DERIVED_FROM_COORDINATES"
3406010271,"9dc24de5-be12-44f9-ab75-c4b62492e8da","Station_105_Date_11JAN2006:13:37:00.000_Fundulus_grandis","Animalia","Chordata",NA,"Cyprinodontiformes","Fundulidae","Fundulus","Fundulus grandis",NA,"SPECIES","Fundulus grandis Baird & Girard, 1853","Fundulus grandis","Baird & Girard, 1853","US","Upper Laguna Madre Estuary","Texas","PRESENT",NA,"c3ad790a-d426-4ac1-8e32-da61f81f0117",27.3375,-97.401389,100,NA,NA,NA,0.4,0.3,"2006-01-11T13:37",11,1,2006,5203686,5203686,"HUMAN_OBSERVATION","TPWD","Upper Laguna Madre Bag Seine","",NA,"",NA,"CC0_1_0","","",NA,NA,2025-02-06 21:46:33.223,"","CONTINENT_DERIVED_FROM_COORDINATES"
3406010185,"9dc24de5-be12-44f9-ab75-c4b62492e8da","Station_92_Date_03OCT2005:16:40:00.000_Fundulus_grandis","Animalia","Chordata",NA,"Cyprinodontiformes","Fundulidae","Fundulus","Fundulus grandis",NA,"SPECIES","Fundulus grandis Baird & Girard, 1853","Fundulus grandis","Baird & Girard, 1853","US","Upper Laguna Madre Estuary","Texas","PRESENT",NA,"c3ad790a-d426-4ac1-8e32-da61f81f0117",27.414444,-97.359167,100,NA,NA,NA,0.3,0.1,"2005-10-03T16:40",3,10,2005,5203686,5203686,"HUMAN_OBSERVATION","TPWD","Upper Laguna Madre Bag Seine","",NA,"",NA,"CC0_1_0","","",NA,NA,2025-02-06 21:46:33.211,"","CONTINENT_DERIVED_FROM_COORDINATES"
3406009817,"9dc24de5-be12-44f9-ab75-c4b62492e8da","Station_25_Date_26JUL2005:13:54:00.000_Fundulus_grandis","Animalia","Chordata",NA,"Cyprinodontiformes","Fundulidae","Fundulus","Fundulus grandis",NA,"SPECIES","Fundulus grandis Baird & Girard, 1853","Fundulus grandis","Baird & Girard, 1853","US","Upper Laguna Madre Estuary","Texas","PRESENT",NA,"c3ad790a-d426-4ac1-8e32-da61f81f0117",27.629444,-97.288056,100,NA,NA,NA,0.25,0.05,"2005-07-26T13:54",26,7,2005,5203686,5203686,"HUMAN_OBSERVATION","TPWD","Upper Laguna Madre Bag Seine","",NA,"",NA,"CC0_1_0","","",NA,NA,2025-02-06 21:46:33.142,"","CONTINENT_DERIVED_FROM_COORDINATES"
3406009267,"9dc24de5-be12-44f9-ab75-c4b62492e8da","Station_106_Date_22NOV2005:14:35:00.000_Fundulus_grandis","Animalia","Chordata",NA,"Cyprinodontiformes","Fundulidae","Fundulus","Fundulus grandis",NA,"SPECIES","Fundulus grandis Baird & Girard, 1853","Fundulus grandis","Baird & Girard, 1853","US","Upper Laguna Madre Estuary","Texas","PRESENT",NA,"c3ad790a-d426-4ac1-8e32-da61f81f0117",27.349167,-97.396667,100,NA,NA,NA,0.35,0.05,"2005-11-22T14:35",22,11,2005,5203686,5203686,"HUMAN_OBSERVATION","TPWD","Upper Laguna Madre Bag Seine","",NA,"",NA,"CC0_1_0","","",NA,NA,2025-02-06 21:46:33.628,"","CONTINENT_DERIVED_FROM_COORDINATES"
3406008982,"9dc24de5-be12-44f9-ab75-c4b62492e8da","Station_48_Date_08APR2005:12:28:00.000_Fundulus_grandis","Animalia","Chordata",NA,"Cyprinodontiformes","Fundulidae","Fundulus","Fundulus grandis",NA,"SPECIES","Fundulus grandis Baird & Girard, 1853","Fundulus grandis","Baird & Girard, 1853","US","Upper Laguna Madre Estuary","Texas","PRESENT",NA,"c3ad790a-d426-4ac1-8e32-da61f81f0117",27.566944,-97.278611,100,NA,NA,NA,0.1,0.1,"2005-04-08T12:28",8,4,2005,5203686,5203686,"HUMAN_OBSERVATION","TPWD","Upper Laguna Madre Bag Seine","",NA,"",NA,"CC0_1_0","","",NA,NA,2025-02-06 21:46:33.524,"","CONTINENT_DERIVED_FROM_COORDINATES"
3406008772,"9dc24de5-be12-44f9-ab75-c4b62492e8da","Station_20_Date_26APR2007:11:23:00.000_Fundulus_grandis","Animalia","Chordata",NA,"Cyprinodontiformes","Fundulidae","Fundulus","Fundulus grandis",NA,"SPECIES","Fundulus grandis Baird & Girard, 1853","Fundulus grandis","Baird & Girard, 1853","US","Upper Laguna Madre Estuary","Texas","PRESENT",NA,"c3ad790a-d426-4ac1-8e32-da61f81f0117",27.6375,-97.261667,100,NA,NA,NA,0.3,0.3,"2007-04-26T11:23",26,4,2007,5203686,5203686,"HUMAN_OBSERVATION","TPWD","Upper Laguna Madre Bag Seine","",NA,"",NA,"CC0_1_0","","",NA,NA,2025-02-06 21:46:33.462,"","CONTINENT_DERIVED_FROM_COORDINATES"
3406008166,"9dc24de5-be12-44f9-ab75-c4b62492e8da","Station_77_Date_08AUG2005:12:33:00.000_Fundulus_grandis","Animalia","Chordata",NA,"Cyprinodontiformes","Fundulidae","Fundulus","Fundulus grandis",NA,"SPECIES","Fundulus grandis Baird & Girard, 1853","Fundulus grandis","Baird & Girard, 1853","US","Upper Laguna Madre Estuary","Texas","PRESENT",NA,"c3ad790a-d426-4ac1-8e32-da61f81f0117",27.478889,-97.319444,100,NA,NA,NA,0.3,0.1,"2005-08-08T12:33",8,8,2005,5203686,5203686,"HUMAN_OBSERVATION","TPWD","Upper Laguna Madre Bag Seine","",NA,"",NA,"CC0_1_0","","",NA,NA,2025-02-06 21:46:33.633,"","CONTINENT_DERIVED_FROM_COORDINATES"
3406007276,"9dc24de5-be12-44f9-ab75-c4b62492e8da","Station_122_Date_27JUL2005:12:29:00.000_Fundulus_grandis","Animalia","Chordata",NA,"Cyprinodontiformes","Fundulidae","Fundulus","Fundulus grandis",NA,"SPECIES","Fundulus grandis Baird & Girard, 1853","Fundulus grandis","Baird & Girard, 1853","US","Upper Laguna Madre Estuary","Texas","PRESENT",NA,"c3ad790a-d426-4ac1-8e32-da61f81f0117",27.376944,-97.485556,100,NA,NA,NA,0.2,0.1,"2005-07-27T12:29",27,7,2005,5203686,5203686,"HUMAN_OBSERVATION","TPWD","Upper Laguna Madre Bag Seine","",NA,"",NA,"CC0_1_0","","",NA,NA,2025-02-06 21:46:33.73,"","CONTINENT_DERIVED_FROM_COORDINATES"
3406007231,"9dc24de5-be12-44f9-ab75-c4b62492e8da","Station_110_Date_08FEB2006:13:47:00.000_Fundulus_grandis","Animalia","Chordata",NA,"Cyprinodontiformes","Fundulidae","Fundulus","Fundulus grandis",NA,"SPECIES","Fundulus grandis Baird & Girard, 1853","Fundulus grandis","Baird & Girard, 1853","US","Upper Laguna Madre Estuary","Texas","PRESENT",NA,"c3ad790a-d426-4ac1-8e32-da61f81f0117",27.326667,-97.408611,100,NA,NA,NA,0.25,0.25,"2006-02-08T13:47",8,2,2006,5203686,5203686,"HUMAN_OBSERVATION","TPWD","Upper Laguna Madre Bag Seine","",NA,"",NA,"CC0_1_0","","",NA,NA,2025-02-06 21:46:33.718,"","CONTINENT_DERIVED_FROM_COORDINATES"
3406006873,"9dc24de5-be12-44f9-ab75-c4b62492e8da","Station_34_Date_24MAR2005:10:33:00.000_Fundulus_grandis","Animalia","Chordata",NA,"Cyprinodontiformes","Fundulidae","Fundulus","Fundulus grandis",NA,"SPECIES","Fundulus grandis Baird & Girard, 1853","Fundulus grandis","Baird & Girard, 1853","US","Upper Laguna Madre Estuary","Texas","PRESENT",NA,"c3ad790a-d426-4ac1-8e32-da61f81f0117",27.601389,-97.275,100,NA,NA,NA,0.2,0.1,"2005-03-24T10:33",24,3,2005,5203686,5203686,"HUMAN_OBSERVATION","TPWD","Upper Laguna Madre Bag Seine","",NA,"",NA,"CC0_1_0","","",NA,NA,2025-02-06 21:46:33.591,"","CONTINENT_DERIVED_FROM_COORDINATES"
3406006210,"9dc24de5-be12-44f9-ab75-c4b62492e8da","Station_96_Date_02OCT2006:15:28:00.000_Fundulus_grandis","Animalia","Chordata",NA,"Cyprinodontiformes","Fundulidae","Fundulus","Fundulus grandis",NA,"SPECIES","Fundulus grandis Baird & Girard, 1853","Fundulus grandis","Baird & Girard, 1853","US","Upper Laguna Madre Estuary","Texas","PRESENT",NA,"c3ad790a-d426-4ac1-8e32-da61f81f0117",27.391389,-97.364167,100,NA,NA,NA,0.2,0.1,"2006-10-02T15:28",2,10,2006,5203686,5203686,"HUMAN_OBSERVATION","TPWD","Upper Laguna Madre Bag Seine","",NA,"",NA,"CC0_1_0","","",NA,NA,2025-02-06 21:46:33.733,"","CONTINENT_DERIVED_FROM_COORDINATES"
3406006017,"9dc24de5-be12-44f9-ab75-c4b62492e8da","Station_56_Date_07APR2005:13:25:00.000_Fundulus_grandis","Animalia","Chordata",NA,"Cyprinodontiformes","Fundulidae","Fundulus","Fundulus grandis",NA,"SPECIES","Fundulus grandis Baird & Girard, 1853","Fundulus grandis","Baird & Girard, 1853","US","Upper Laguna Madre Estuary","Texas","PRESENT",NA,"c3ad790a-d426-4ac1-8e32-da61f81f0117",27.535556,-97.334444,100,NA,NA,NA,0.15,0.05,"2005-04-07T13:25",7,4,2005,5203686,5203686,"HUMAN_OBSERVATION","TPWD","Upper Laguna Madre Bag Seine","",NA,"",NA,"CC0_1_0","","",NA,NA,2025-02-06 21:46:33.675,"","CONTINENT_DERIVED_FROM_COORDINATES"
3406005070,"9dc24de5-be12-44f9-ab75-c4b62492e8da","Station_50_Date_08MAR2007:12:39:00.000_Fundulus_grandis","Animalia","Chordata",NA,"Cyprinodontiformes","Fundulidae","Fundulus","Fundulus grandis",NA,"SPECIES","Fundulus grandis Baird & Girard, 1853","Fundulus grandis","Baird & Girard, 1853","US","Upper Laguna Madre Estuary","Texas","PRESENT",NA,"c3ad790a-d426-4ac1-8e32-da61f81f0117",27.581111,-97.248056,100,NA,NA,NA,0.15,0.05,"2007-03-08T12:39",8,3,2007,5203686,5203686,"HUMAN_OBSERVATION","TPWD","Upper Laguna Madre Bag Seine","",NA,"",NA,"CC0_1_0","","",NA,NA,2025-02-06 21:46:33.181,"","CONTINENT_DERIVED_FROM_COORDINATES"
3406005059,"9dc24de5-be12-44f9-ab75-c4b62492e8da","Station_48_Date_24JUN2005:09:46:00.000_Fundulus_grandis","Animalia","Chordata",NA,"Cyprinodontiformes","Fundulidae","Fundulus","Fundulus grandis",NA,"SPECIES","Fundulus grandis Baird & Girard, 1853","Fundulus grandis","Baird & Girard, 1853","US","Upper Laguna Madre Estuary","Texas","PRESENT",NA,"c3ad790a-d426-4ac1-8e32-da61f81f0117",27.5725,-97.270556,100,NA,NA,NA,0.15,0.15,"2005-06-24T09:46",24,6,2005,5203686,5203686,"HUMAN_OBSERVATION","TPWD","Upper Laguna Madre Bag Seine","",NA,"",NA,"CC0_1_0","","",NA,NA,2025-02-06 21:46:33.179,"","CONTINENT_DERIVED_FROM_COORDINATES"
3406004978,"9dc24de5-be12-44f9-ab75-c4b62492e8da","Station_28_Date_29OCT2007:16:13:00.000_Fundulus_grandis","Animalia","Chordata",NA,"Cyprinodontiformes","Fundulidae","Fundulus","Fundulus grandis",NA,"SPECIES","Fundulus grandis Baird & Girard, 1853","Fundulus grandis","Baird & Girard, 1853","US","Upper Laguna Madre Estuary","Texas","PRESENT",NA,"c3ad790a-d426-4ac1-8e32-da61f81f0117",27.633056,-97.243611,100,NA,NA,NA,0.7,0.3,"2007-10-29T16:13",29,10,2007,5203686,5203686,"HUMAN_OBSERVATION","TPWD","Upper Laguna Madre Bag Seine","",NA,"",NA,"CC0_1_0","","",NA,NA,2025-02-06 21:46:33.166,"","CONTINENT_DERIVED_FROM_COORDINATES"
3406004940,"9dc24de5-be12-44f9-ab75-c4b62492e8da","Station_26_Date_09JUN2008:17:43:00.000_Fundulus_grandis","Animalia","Chordata",NA,"Cyprinodontiformes","Fundulidae","Fundulus","Fundulus grandis",NA,"SPECIES","Fundulus grandis Baird & Girard, 1853","Fundulus grandis","Baird & Girard, 1853","US","Upper Laguna Madre Estuary","Texas","PRESENT",NA,"c3ad790a-d426-4ac1-8e32-da61f81f0117",27.629167,-97.270556,100,NA,NA,NA,0.3,0.1,"2008-06-09T17:43",9,6,2008,5203686,5203686,"HUMAN_OBSERVATION","TPWD","Upper Laguna Madre Bag Seine","",NA,"",NA,"CC0_1_0","","",NA,NA,2025-02-06 21:46:33.16,"","CONTINENT_DERIVED_FROM_COORDINATES"
3405875372,"95b694cd-e9db-4831-b6a9-0a6d433d92c1","Station_478_Date_04FEB2008:11:57:00.000_Fundulus_grandis","Animalia","Chordata",NA,"Cyprinodontiformes","Fundulidae","Fundulus","Fundulus grandis",NA,"SPECIES","Fundulus grandis Baird & Girard, 1853","Fundulus grandis","Baird & Girard, 1853","US","Guadalupe Estuary","Texas","PRESENT",NA,"c3ad790a-d426-4ac1-8e32-da61f81f0117",28.435833,-96.413889,100,NA,NA,NA,0.5,0.5,"2008-02-04T11:57",4,2,2008,5203686,5203686,"HUMAN_OBSERVATION","TPWD","San Antonio Bay Bag Seine","",NA,"",NA,"CC0_1_0","","",NA,NA,2025-02-06 21:26:39.212,"","CONTINENT_DERIVED_FROM_COORDINATES"
3405872349,"95b694cd-e9db-4831-b6a9-0a6d433d92c1","Station_279_Date_16AUG2005:13:31:00.000_Fundulus_grandis","Animalia","Chordata",NA,"Cyprinodontiformes","Fundulidae","Fundulus","Fundulus grandis",NA,"SPECIES","Fundulus grandis Baird & Girard, 1853","Fundulus grandis","Baird & Girard, 1853","US","Guadalupe Estuary","Texas","PRESENT",NA,"c3ad790a-d426-4ac1-8e32-da61f81f0117",28.329167,-96.479167,100,NA,NA,NA,0.2,0.1,"2005-08-16T13:31",16,8,2005,5203686,5203686,"HUMAN_OBSERVATION","TPWD","San Antonio Bay Bag Seine","",NA,"",NA,"CC0_1_0","","",NA,NA,2025-02-06 21:26:39.532,"","CONTINENT_DERIVED_FROM_COORDINATES"
3405867265,"95b694cd-e9db-4831-b6a9-0a6d433d92c1","Station_252_Date_18DEC2007:10:28:00.000_Fundulus_grandis","Animalia","Chordata",NA,"Cyprinodontiformes","Fundulidae","Fundulus","Fundulus grandis",NA,"SPECIES","Fundulus grandis Baird & Girard, 1853","Fundulus grandis","Baird & Girard, 1853","US","Guadalupe Estuary","Texas","PRESENT",NA,"c3ad790a-d426-4ac1-8e32-da61f81f0117",28.364444,-96.472778,100,NA,NA,NA,0.2,0.2,"2007-12-18T10:28",18,12,2007,5203686,5203686,"HUMAN_OBSERVATION","TPWD","San Antonio Bay Bag Seine","",NA,"",NA,"CC0_1_0","","",NA,NA,2025-02-06 21:26:39.334,"","CONTINENT_DERIVED_FROM_COORDINATES"
3405867219,"95b694cd-e9db-4831-b6a9-0a6d433d92c1","Station_239_Date_21FEB2005:13:43:00.000_Fundulus_grandis","Animalia","Chordata",NA,"Cyprinodontiformes","Fundulidae","Fundulus","Fundulus grandis",NA,"SPECIES","Fundulus grandis Baird & Girard, 1853","Fundulus grandis","Baird & Girard, 1853","US","Guadalupe Estuary","Texas","PRESENT",NA,"c3ad790a-d426-4ac1-8e32-da61f81f0117",28.379167,-96.432778,100,NA,NA,NA,0.45,0.05,"2005-02-21T13:43",21,2,2005,5203686,5203686,"HUMAN_OBSERVATION","TPWD","San Antonio Bay Bag Seine","",NA,"",NA,"CC0_1_0","","",NA,NA,2025-02-06 21:26:39.323,"","CONTINENT_DERIVED_FROM_COORDINATES"
3405867199,"95b694cd-e9db-4831-b6a9-0a6d433d92c1","Station_237_Date_16FEB2006:11:04:00.000_Fundulus_grandis","Animalia","Chordata",NA,"Cyprinodontiformes","Fundulidae","Fundulus","Fundulus grandis",NA,"SPECIES","Fundulus grandis Baird & Girard, 1853","Fundulus grandis","Baird & Girard, 1853","US","Guadalupe Estuary","Texas","PRESENT",NA,"c3ad790a-d426-4ac1-8e32-da61f81f0117",28.379167,-96.454167,100,NA,NA,NA,0.25,0.15,"2006-02-16T11:04",16,2,2006,5203686,5203686,"HUMAN_OBSERVATION","TPWD","San Antonio Bay Bag Seine","",NA,"",NA,"CC0_1_0","","",NA,NA,2025-02-06 21:26:39.321,"","CONTINENT_DERIVED_FROM_COORDINATES"
3405866935,"95b694cd-e9db-4831-b6a9-0a6d433d92c1","Station_190_Date_04APR2005:12:18:00.000_Fundulus_grandis","Animalia","Chordata",NA,"Cyprinodontiformes","Fundulidae","Fundulus","Fundulus grandis",NA,"SPECIES","Fundulus grandis Baird & Girard, 1853","Fundulus grandis","Baird & Girard, 1853","US","Guadalupe Estuary","Texas","PRESENT",NA,"c3ad790a-d426-4ac1-8e32-da61f81f0117",28.188889,-96.770833,100,NA,NA,NA,0.1,0.1,"2005-04-04T12:18",4,4,2005,5203686,5203686,"HUMAN_OBSERVATION","TPWD","San Antonio Bay Bag Seine","",NA,"",NA,"CC0_1_0","","",NA,NA,2025-02-06 21:26:39.29,"","CONTINENT_DERIVED_FROM_COORDINATES"
3405866885,"95b694cd-e9db-4831-b6a9-0a6d433d92c1","Station_182_Date_20DEC2005:11:59:00.000_Fundulus_grandis","Animalia","Chordata",NA,"Cyprinodontiformes","Fundulidae","Fundulus","Fundulus grandis",NA,"SPECIES","Fundulus grandis Baird & Girard, 1853","Fundulus grandis","Baird & Girard, 1853","US","Guadalupe Estuary","Texas","PRESENT",NA,"c3ad790a-d426-4ac1-8e32-da61f81f0117",28.083889,-96.845278,100,NA,NA,NA,0.25,0.15,"2005-12-20T11:59",20,12,2005,5203686,5203686,"HUMAN_OBSERVATION","TPWD","San Antonio Bay Bag Seine","",NA,"",NA,"CC0_1_0","","",NA,NA,2025-02-06 21:26:39.285,"","CONTINENT_DERIVED_FROM_COORDINATES"
3405866685,"95b694cd-e9db-4831-b6a9-0a6d433d92c1","Station_118_Date_05FEB2007:13:29:00.000_Fundulus_grandis","Animalia","Chordata",NA,"Cyprinodontiformes","Fundulidae","Fundulus","Fundulus grandis",NA,"SPECIES","Fundulus grandis Baird & Girard, 1853","Fundulus grandis","Baird & Girard, 1853","US","Guadalupe Estuary","Texas","PRESENT",NA,"c3ad790a-d426-4ac1-8e32-da61f81f0117",28.28,-96.802778,100,NA,NA,NA,0.25,0.15,"2007-02-05T13:29",5,2,2007,5203686,5203686,"HUMAN_OBSERVATION","TPWD","San Antonio Bay Bag Seine","",NA,"",NA,"CC0_1_0","","",NA,NA,2025-02-06 21:26:39.254,"","CONTINENT_DERIVED_FROM_COORDINATES"
3405866671,"95b694cd-e9db-4831-b6a9-0a6d433d92c1","Station_113_Date_20FEB2007:15:27:00.000_Fundulus_grandis","Animalia","Chordata",NA,"Cyprinodontiformes","Fundulidae","Fundulus","Fundulus grandis",NA,"SPECIES","Fundulus grandis Baird & Girard, 1853","Fundulus grandis","Baird & Girard, 1853","US","Guadalupe Estuary","Texas","PRESENT",NA,"c3ad790a-d426-4ac1-8e32-da61f81f0117",28.294167,-96.597222,100,NA,NA,NA,0.15,0.15,"2007-02-20T15:27",20,2,2007,5203686,5203686,"HUMAN_OBSERVATION","TPWD","San Antonio Bay Bag Seine","",NA,"",NA,"CC0_1_0","","",NA,NA,2025-02-06 21:26:39.253,"","CONTINENT_DERIVED_FROM_COORDINATES"
3405864969,"95b694cd-e9db-4831-b6a9-0a6d433d92c1","Station_217_Date_16APR2007:09:37:00.000_Fundulus_grandis","Animalia","Chordata",NA,"Cyprinodontiformes","Fundulidae","Fundulus","Fundulus grandis",NA,"SPECIES","Fundulus grandis Baird & Girard, 1853","Fundulus grandis","Baird & Girard, 1853","US","Guadalupe Estuary","Texas","PRESENT",NA,"c3ad790a-d426-4ac1-8e32-da61f81f0117",28.411667,-96.462778,100,NA,NA,NA,0.25,0.15,"2007-04-16T09:37",16,4,2007,5203686,5203686,"HUMAN_OBSERVATION","TPWD","San Antonio Bay Bag Seine","",NA,"",NA,"CC0_1_0","","",NA,NA,2025-02-06 21:26:39.151,"","CONTINENT_DERIVED_FROM_COORDINATES"
3405864728,"95b694cd-e9db-4831-b6a9-0a6d433d92c1","Station_159_Date_23AUG2006:09:39:00.000_Fundulus_grandis","Animalia","Chordata",NA,"Cyprinodontiformes","Fundulidae","Fundulus","Fundulus grandis",NA,"SPECIES","Fundulus grandis Baird & Girard, 1853","Fundulus grandis","Baird & Girard, 1853","US","Guadalupe Estuary","Texas","PRESENT",NA,"c3ad790a-d426-4ac1-8e32-da61f81f0117",28.243056,-96.655278,100,NA,NA,NA,0.15,0.05,"2006-08-23T09:39",23,8,2006,5203686,5203686,"HUMAN_OBSERVATION","TPWD","San Antonio Bay Bag Seine","",NA,"",NA,"CC0_1_0","","",NA,NA,2025-02-06 21:26:39.109,"","CONTINENT_DERIVED_FROM_COORDINATES"
3405864665,"95b694cd-e9db-4831-b6a9-0a6d433d92c1","Station_132_Date_28JAN2008:12:40:00.000_Fundulus_grandis","Animalia","Chordata",NA,"Cyprinodontiformes","Fundulidae","Fundulus","Fundulus grandis",NA,"SPECIES","Fundulus grandis Baird & Girard, 1853","Fundulus grandis","Baird & Girard, 1853","US","Guadalupe Estuary","Texas","PRESENT",NA,"c3ad790a-d426-4ac1-8e32-da61f81f0117",28.120278,-96.8175,100,NA,NA,NA,0.2,0.1,"2008-01-28T12:40",28,1,2008,5203686,5203686,"HUMAN_OBSERVATION","TPWD","San Antonio Bay Bag Seine","",NA,"",NA,"CC0_1_0","","",NA,NA,2025-02-06 21:26:39.101,"","CONTINENT_DERIVED_FROM_COORDINATES"
3405864644,"95b694cd-e9db-4831-b6a9-0a6d433d92c1","Station_130_Date_21FEB2007:13:34:00.000_Fundulus_grandis","Animalia","Chordata",NA,"Cyprinodontiformes","Fundulidae","Fundulus","Fundulus grandis",NA,"SPECIES","Fundulus grandis Baird & Girard, 1853","Fundulus grandis","Baird & Girard, 1853","US","Guadalupe Estuary","Texas","PRESENT",NA,"c3ad790a-d426-4ac1-8e32-da61f81f0117",28.123889,-96.86,100,NA,NA,NA,0.1,0.1,"2007-02-21T13:34",21,2,2007,5203686,5203686,"HUMAN_OBSERVATION","TPWD","San Antonio Bay Bag Seine","",NA,"",NA,"CC0_1_0","","",NA,NA,2025-02-06 21:26:39.098,"","CONTINENT_DERIVED_FROM_COORDINATES"
3405864586,"95b694cd-e9db-4831-b6a9-0a6d433d92c1","Station_112_Date_16AUG2005:10:13:00.000_Fundulus_grandis","Animalia","Chordata",NA,"Cyprinodontiformes","Fundulidae","Fundulus","Fundulus grandis",NA,"SPECIES","Fundulus grandis Baird & Girard, 1853","Fundulus grandis","Baird & Girard, 1853","US","Guadalupe Estuary","Texas","PRESENT",NA,"c3ad790a-d426-4ac1-8e32-da61f81f0117",28.283611,-96.608611,100,NA,NA,NA,0.15,0.15,"2005-08-16T10:13",16,8,2005,5203686,5203686,"HUMAN_OBSERVATION","TPWD","San Antonio Bay Bag Seine","",NA,"",NA,"CC0_1_0","","",NA,NA,2025-02-06 21:26:39.091,"","CONTINENT_DERIVED_FROM_COORDINATES"
3405864571,"95b694cd-e9db-4831-b6a9-0a6d433d92c1","Station_106_Date_09JAN2006:12:22:00.000_Fundulus_grandis","Animalia","Chordata",NA,"Cyprinodontiformes","Fundulidae","Fundulus","Fundulus grandis",NA,"SPECIES","Fundulus grandis Baird & Girard, 1853","Fundulus grandis","Baird & Girard, 1853","US","Guadalupe Estuary","Texas","PRESENT",NA,"c3ad790a-d426-4ac1-8e32-da61f81f0117",28.141944,-96.82,100,NA,NA,NA,0.25,0.25,"2006-01-09T12:22",9,1,2006,5203686,5203686,"HUMAN_OBSERVATION","TPWD","San Antonio Bay Bag Seine","",NA,"",NA,"CC0_1_0","","",NA,NA,2025-02-06 21:26:39.088,"","CONTINENT_DERIVED_FROM_COORDINATES"
3405864550,"95b694cd-e9db-4831-b6a9-0a6d433d92c1","Station_97_Date_28MAR2006:10:31:00.000_Fundulus_grandis","Animalia","Chordata",NA,"Cyprinodontiformes","Fundulidae","Fundulus","Fundulus grandis",NA,"SPECIES","Fundulus grandis Baird & Girard, 1853","Fundulus grandis","Baird & Girard, 1853","US","Guadalupe Estuary","Texas","PRESENT",NA,"c3ad790a-d426-4ac1-8e32-da61f81f0117",28.313889,-96.666389,100,NA,NA,NA,0.15,0.15,"2006-03-28T10:31",28,3,2006,5203686,5203686,"HUMAN_OBSERVATION","TPWD","San Antonio Bay Bag Seine","",NA,"",NA,"CC0_1_0","","",NA,NA,2025-02-06 21:26:39.085,"","CONTINENT_DERIVED_FROM_COORDINATES"
3405864519,"95b694cd-e9db-4831-b6a9-0a6d433d92c1","Station_86_Date_28MAR2006:10:57:00.000_Fundulus_grandis","Animalia","Chordata",NA,"Cyprinodontiformes","Fundulidae","Fundulus","Fundulus grandis",NA,"SPECIES","Fundulus grandis Baird & Girard, 1853","Fundulus grandis","Baird & Girard, 1853","US","Guadalupe Estuary","Texas","PRESENT",NA,"c3ad790a-d426-4ac1-8e32-da61f81f0117",28.316667,-96.651389,100,NA,NA,NA,0.15,0.15,"2006-03-28T10:57",28,3,2006,5203686,5203686,"HUMAN_OBSERVATION","TPWD","San Antonio Bay Bag Seine","",NA,"",NA,"CC0_1_0","","",NA,NA,2025-02-06 21:26:39.081,"","CONTINENT_DERIVED_FROM_COORDINATES"
3405864410,"95b694cd-e9db-4831-b6a9-0a6d433d92c1","Station_57_Date_22MAY2006:10:56:00.000_Fundulus_grandis","Animalia","Chordata",NA,"Cyprinodontiformes","Fundulidae","Fundulus","Fundulus grandis",NA,"SPECIES","Fundulus grandis Baird & Girard, 1853","Fundulus grandis","Baird & Girard, 1853","US","Guadalupe Estuary","Texas","PRESENT",NA,"c3ad790a-d426-4ac1-8e32-da61f81f0117",28.367778,-96.699722,100,NA,NA,NA,0.1,0.1,"2006-05-22T10:56",22,5,2006,5203686,5203686,"HUMAN_OBSERVATION","TPWD","San Antonio Bay Bag Seine","",NA,"",NA,"CC0_1_0","","",NA,NA,2025-02-06 21:26:39.069,"","CONTINENT_DERIVED_FROM_COORDINATES"
3405864375,"95b694cd-e9db-4831-b6a9-0a6d433d92c1","Station_50_Date_04FEB2008:11:36:00.000_Fundulus_grandis","Animalia","Chordata",NA,"Cyprinodontiformes","Fundulidae","Fundulus","Fundulus grandis",NA,"SPECIES","Fundulus grandis Baird & Girard, 1853","Fundulus grandis","Baird & Girard, 1853","US","Guadalupe Estuary","Texas","PRESENT",NA,"c3ad790a-d426-4ac1-8e32-da61f81f0117",28.37,-96.810556,100,NA,NA,NA,0.25,0.15,"2008-02-04T11:36",4,2,2008,5203686,5203686,"HUMAN_OBSERVATION","TPWD","San Antonio Bay Bag Seine","",NA,"",NA,"CC0_1_0","","",NA,NA,2025-02-06 21:26:39.065,"","CONTINENT_DERIVED_FROM_COORDINATES"
3405864153,"95b694cd-e9db-4831-b6a9-0a6d433d92c1","Station_236_Date_18APR2005:13:50:00.000_Fundulus_grandis","Animalia","Chordata",NA,"Cyprinodontiformes","Fundulidae","Fundulus","Fundulus grandis",NA,"SPECIES","Fundulus grandis Baird & Girard, 1853","Fundulus grandis","Baird & Girard, 1853","US","Guadalupe Estuary","Texas","PRESENT",NA,"c3ad790a-d426-4ac1-8e32-da61f81f0117",28.370556,-96.469444,100,NA,NA,NA,0.2,0.1,"2005-04-18T13:50",18,4,2005,5203686,5203686,"HUMAN_OBSERVATION","TPWD","San Antonio Bay Bag Seine","",NA,"",NA,"CC0_1_0","","",NA,NA,2025-02-06 21:26:39.627,"","CONTINENT_DERIVED_FROM_COORDINATES"
3405864152,"95b694cd-e9db-4831-b6a9-0a6d433d92c1","Station_236_Date_17JUL2008:11:25:00.000_Fundulus_grandis","Animalia","Chordata",NA,"Cyprinodontiformes","Fundulidae","Fundulus","Fundulus grandis",NA,"SPECIES","Fundulus grandis Baird & Girard, 1853","Fundulus grandis","Baird & Girard, 1853","US","Guadalupe Estuary","Texas","PRESENT",NA,"c3ad790a-d426-4ac1-8e32-da61f81f0117",28.369444,-96.470833,100,NA,NA,NA,0.45,0.05,"2008-07-17T11:25",17,7,2008,5203686,5203686,"HUMAN_OBSERVATION","TPWD","San Antonio Bay Bag Seine","",NA,"",NA,"CC0_1_0","","",NA,NA,2025-02-06 21:26:39.627,"","CONTINENT_DERIVED_FROM_COORDINATES"
3405863933,"95b694cd-e9db-4831-b6a9-0a6d433d92c1","Station_198_Date_02JUN2008:12:56:00.000_Fundulus_grandis","Animalia","Chordata",NA,"Cyprinodontiformes","Fundulidae","Fundulus","Fundulus grandis",NA,"SPECIES","Fundulus grandis Baird & Girard, 1853","Fundulus grandis","Baird & Girard, 1853","US","Guadalupe Estuary","Texas","PRESENT",NA,"c3ad790a-d426-4ac1-8e32-da61f81f0117",28.179167,-96.804167,100,NA,NA,NA,0.25,0.25,"2008-06-02T12:56",2,6,2008,5203686,5203686,"HUMAN_OBSERVATION","TPWD","San Antonio Bay Bag Seine","",NA,"",NA,"CC0_1_0","","",NA,NA,2025-02-06 21:26:39.571,"","CONTINENT_DERIVED_FROM_COORDINATES"
3405863701,"95b694cd-e9db-4831-b6a9-0a6d433d92c1","Station_133_Date_23APR2007:16:28:00.000_Fundulus_grandis","Animalia","Chordata",NA,"Cyprinodontiformes","Fundulidae","Fundulus","Fundulus grandis",NA,"SPECIES","Fundulus grandis Baird & Girard, 1853","Fundulus grandis","Baird & Girard, 1853","US","Guadalupe Estuary","Texas","PRESENT",NA,"c3ad790a-d426-4ac1-8e32-da61f81f0117",28.121111,-96.814722,100,NA,NA,NA,0.45,0.15,"2007-04-23T16:28",23,4,2007,5203686,5203686,"HUMAN_OBSERVATION","TPWD","San Antonio Bay Bag Seine","",NA,"",NA,"CC0_1_0","","",NA,NA,2025-02-06 21:26:39.501,"","CONTINENT_DERIVED_FROM_COORDINATES"
3405863631,"95b694cd-e9db-4831-b6a9-0a6d433d92c1","Station_114_Date_05FEB2008:11:43:00.000_Fundulus_grandis","Animalia","Chordata",NA,"Cyprinodontiformes","Fundulidae","Fundulus","Fundulus grandis",NA,"SPECIES","Fundulus grandis Baird & Girard, 1853","Fundulus grandis","Baird & Girard, 1853","US","Guadalupe Estuary","Texas","PRESENT",NA,"c3ad790a-d426-4ac1-8e32-da61f81f0117",28.294444,-96.580556,100,NA,NA,NA,0.35,0.35,"2008-02-05T11:43",5,2,2008,5203686,5203686,"HUMAN_OBSERVATION","TPWD","San Antonio Bay Bag Seine","",NA,"",NA,"CC0_1_0","","",NA,NA,2025-02-06 21:26:39.489,"","CONTINENT_DERIVED_FROM_COORDINATES"
3405863127,"95b694cd-e9db-4831-b6a9-0a6d433d92c1","Station_228_Date_17NOV2008:14:14:00.000_Fundulus_grandis","Animalia","Chordata",NA,"Cyprinodontiformes","Fundulidae","Fundulus","Fundulus grandis",NA,"SPECIES","Fundulus grandis Baird & Girard, 1853","Fundulus grandis","Baird & Girard, 1853","US","Guadalupe Estuary","Texas","PRESENT",NA,"c3ad790a-d426-4ac1-8e32-da61f81f0117",28.3925,-96.430833,100,NA,NA,NA,0.45,0.35,"2008-11-17T14:14",17,11,2008,5203686,5203686,"HUMAN_OBSERVATION","TPWD","San Antonio Bay Bag Seine","",NA,"",NA,"CC0_1_0","","",NA,NA,2025-02-06 21:26:39.47,"","CONTINENT_DERIVED_FROM_COORDINATES"
3405862658,"95b694cd-e9db-4831-b6a9-0a6d433d92c1","Station_113_Date_26JAN2006:10:59:00.000_Fundulus_grandis","Animalia","Chordata",NA,"Cyprinodontiformes","Fundulidae","Fundulus","Fundulus grandis",NA,"SPECIES","Fundulus grandis Baird & Girard, 1853","Fundulus grandis","Baird & Girard, 1853","US","Guadalupe Estuary","Texas","PRESENT",NA,"c3ad790a-d426-4ac1-8e32-da61f81f0117",28.298333,-96.59,100,NA,NA,NA,0.1,0.1,"2006-01-26T10:59",26,1,2006,5203686,5203686,"HUMAN_OBSERVATION","TPWD","San Antonio Bay Bag Seine","",NA,"",NA,"CC0_1_0","","",NA,NA,2025-02-06 21:26:39.344,"","CONTINENT_DERIVED_FROM_COORDINATES"
3405862583,"95b694cd-e9db-4831-b6a9-0a6d433d92c1","Station_86_Date_20FEB2007:13:53:00.000_Fundulus_grandis","Animalia","Chordata",NA,"Cyprinodontiformes","Fundulidae","Fundulus","Fundulus grandis",NA,"SPECIES","Fundulus grandis Baird & Girard, 1853","Fundulus grandis","Baird & Girard, 1853","US","Guadalupe Estuary","Texas","PRESENT",NA,"c3ad790a-d426-4ac1-8e32-da61f81f0117",28.317222,-96.653333,100,NA,NA,NA,0.3,0.1,"2007-02-20T13:53",20,2,2007,5203686,5203686,"HUMAN_OBSERVATION","TPWD","San Antonio Bay Bag Seine","",NA,"",NA,"CC0_1_0","","",NA,NA,2025-02-06 21:26:39.32,"","CONTINENT_DERIVED_FROM_COORDINATES"
3405861997,"95b694cd-e9db-4831-b6a9-0a6d433d92c1","Station_227_Date_19JUN2006:12:26:00.000_Fundulus_grandis","Animalia","Chordata",NA,"Cyprinodontiformes","Fundulidae","Fundulus","Fundulus grandis",NA,"SPECIES","Fundulus grandis Baird & Girard, 1853","Fundulus grandis","Baird & Girard, 1853","US","Guadalupe Estuary","Texas","PRESENT",NA,"c3ad790a-d426-4ac1-8e32-da61f81f0117",28.393333,-96.445278,100,NA,NA,NA,0.15,0.05,"2006-06-19T12:26",19,6,2006,5203686,5203686,"HUMAN_OBSERVATION","TPWD","San Antonio Bay Bag Seine","",NA,"",NA,"CC0_1_0","","",NA,NA,2025-02-06 21:26:39.552,"","CONTINENT_DERIVED_FROM_COORDINATES"
3405861865,"95b694cd-e9db-4831-b6a9-0a6d433d92c1","Station_207_Date_26JUN2006:13:47:00.000_Fundulus_grandis","Animalia","Chordata",NA,"Cyprinodontiformes","Fundulidae","Fundulus","Fundulus grandis",NA,"SPECIES","Fundulus grandis Baird & Girard, 1853","Fundulus grandis","Baird & Girard, 1853","US","Guadalupe Estuary","Texas","PRESENT",NA,"c3ad790a-d426-4ac1-8e32-da61f81f0117",28.081944,-96.844167,100,NA,NA,NA,0.25,0.15,"2006-06-26T13:47",26,6,2006,5203686,5203686,"HUMAN_OBSERVATION","TPWD","San Antonio Bay Bag Seine","",NA,"",NA,"CC0_1_0","","",NA,NA,2025-02-06 21:26:39.515,"","CONTINENT_DERIVED_FROM_COORDINATES"
3405861711,"95b694cd-e9db-4831-b6a9-0a6d433d92c1","Station_171_Date_04APR2005:11:08:00.000_Fundulus_grandis","Animalia","Chordata",NA,"Cyprinodontiformes","Fundulidae","Fundulus","Fundulus grandis",NA,"SPECIES","Fundulus grandis Baird & Girard, 1853","Fundulus grandis","Baird & Girard, 1853","US","Guadalupe Estuary","Texas","PRESENT",NA,"c3ad790a-d426-4ac1-8e32-da61f81f0117",28.217778,-96.693889,100,NA,NA,NA,0.15,0.05,"2005-04-04T11:08",4,4,2005,5203686,5203686,"HUMAN_OBSERVATION","TPWD","San Antonio Bay Bag Seine","",NA,"",NA,"CC0_1_0","","",NA,NA,2025-02-06 21:26:39.469,"","CONTINENT_DERIVED_FROM_COORDINATES"
3405861566,"95b694cd-e9db-4831-b6a9-0a6d433d92c1","Station_114_Date_20APR2005:16:08:00.000_Fundulus_grandis","Animalia","Chordata",NA,"Cyprinodontiformes","Fundulidae","Fundulus","Fundulus grandis",NA,"SPECIES","Fundulus grandis Baird & Girard, 1853","Fundulus grandis","Baird & Girard, 1853","US","Guadalupe Estuary","Texas","PRESENT",NA,"c3ad790a-d426-4ac1-8e32-da61f81f0117",28.295833,-96.579167,100,NA,NA,NA,0.35,0.15,"2005-04-20T16:08",20,4,2005,5203686,5203686,"HUMAN_OBSERVATION","TPWD","San Antonio Bay Bag Seine","",NA,"",NA,"CC0_1_0","","",NA,NA,2025-02-06 21:26:39.42,"","CONTINENT_DERIVED_FROM_COORDINATES"
3405861506,"95b694cd-e9db-4831-b6a9-0a6d433d92c1","Station_96_Date_07FEB2005:10:10:00.000_Fundulus_grandis","Animalia","Chordata",NA,"Cyprinodontiformes","Fundulidae","Fundulus","Fundulus grandis",NA,"SPECIES","Fundulus grandis Baird & Girard, 1853","Fundulus grandis","Baird & Girard, 1853","US","Guadalupe Estuary","Texas","PRESENT",NA,"c3ad790a-d426-4ac1-8e32-da61f81f0117",28.315278,-96.683056,100,NA,NA,NA,0.35,0.15,"2005-02-07T10:10",7,2,2005,5203686,5203686,"HUMAN_OBSERVATION","TPWD","San Antonio Bay Bag Seine","",NA,"",NA,"CC0_1_0","","",NA,NA,2025-02-06 21:26:39.408,"","CONTINENT_DERIVED_FROM_COORDINATES"
3405861476,"95b694cd-e9db-4831-b6a9-0a6d433d92c1","Station_87_Date_02JUN2008:16:25:00.000_Fundulus_grandis","Animalia","Chordata",NA,"Cyprinodontiformes","Fundulidae","Fundulus","Fundulus grandis",NA,"SPECIES","Fundulus grandis Baird & Girard, 1853","Fundulus grandis","Baird & Girard, 1853","US","Guadalupe Estuary","Texas","PRESENT",NA,"c3ad790a-d426-4ac1-8e32-da61f81f0117",28.316667,-96.644444,100,NA,NA,NA,0.45,0.15,"2008-06-02T16:25",2,6,2008,5203686,5203686,"HUMAN_OBSERVATION","TPWD","San Antonio Bay Bag Seine","",NA,"",NA,"CC0_1_0","","",NA,NA,2025-02-06 21:26:39.401,"","CONTINENT_DERIVED_FROM_COORDINATES"
3405861358,"95b694cd-e9db-4831-b6a9-0a6d433d92c1","Station_56_Date_29JAN2007:13:40:00.000_Fundulus_grandis","Animalia","Chordata",NA,"Cyprinodontiformes","Fundulidae","Fundulus","Fundulus grandis",NA,"SPECIES","Fundulus grandis Baird & Girard, 1853","Fundulus grandis","Baird & Girard, 1853","US","Guadalupe Estuary","Texas","PRESENT",NA,"c3ad790a-d426-4ac1-8e32-da61f81f0117",28.174722,-96.846944,100,NA,NA,NA,0.15,0.15,"2007-01-29T13:40",29,1,2007,5203686,5203686,"HUMAN_OBSERVATION","TPWD","San Antonio Bay Bag Seine","",NA,"",NA,"CC0_1_0","","",NA,NA,2025-02-06 21:26:39.368,"","CONTINENT_DERIVED_FROM_COORDINATES"
3405859097,"95b694cd-e9db-4831-b6a9-0a6d433d92c1","Station_276_Date_18JUN2007:12:47:00.000_Fundulus_grandis","Animalia","Chordata",NA,"Cyprinodontiformes","Fundulidae","Fundulus","Fundulus grandis",NA,"SPECIES","Fundulus grandis Baird & Girard, 1853","Fundulus grandis","Baird & Girard, 1853","US","Guadalupe Estuary","Texas","PRESENT",NA,"c3ad790a-d426-4ac1-8e32-da61f81f0117",28.320833,-96.530556,100,NA,NA,NA,0.15,0.15,"2007-06-18T12:47",18,6,2007,5203686,5203686,"HUMAN_OBSERVATION","TPWD","San Antonio Bay Bag Seine","",NA,"",NA,"CC0_1_0","","",NA,NA,2025-02-06 21:26:39.662,"","CONTINENT_DERIVED_FROM_COORDINATES"
3405858852,"95b694cd-e9db-4831-b6a9-0a6d433d92c1","Station_223_Date_18DEC2007:10:26:00.000_Fundulus_grandis","Animalia","Chordata",NA,"Cyprinodontiformes","Fundulidae","Fundulus","Fundulus grandis",NA,"SPECIES","Fundulus grandis Baird & Girard, 1853","Fundulus grandis","Baird & Girard, 1853","US","Guadalupe Estuary","Texas","PRESENT",NA,"c3ad790a-d426-4ac1-8e32-da61f81f0117",28.388611,-96.504722,100,NA,NA,NA,0.2,0.1,"2007-12-18T10:26",18,12,2007,5203686,5203686,"HUMAN_OBSERVATION","TPWD","San Antonio Bay Bag Seine","",NA,"",NA,"CC0_1_0","","",NA,NA,2025-02-06 21:26:39.598,"","CONTINENT_DERIVED_FROM_COORDINATES"
3405858726,"95b694cd-e9db-4831-b6a9-0a6d433d92c1","Station_192_Date_08JAN2007:12:41:00.000_Fundulus_grandis","Animalia","Chordata",NA,"Cyprinodontiformes","Fundulidae","Fundulus","Fundulus grandis",NA,"SPECIES","Fundulus grandis Baird & Girard, 1853","Fundulus grandis","Baird & Girard, 1853","US","Guadalupe Estuary","Texas","PRESENT",NA,"c3ad790a-d426-4ac1-8e32-da61f81f0117",28.188889,-96.748611,100,NA,NA,NA,0.2,0.2,"2007-01-08T12:41",8,1,2007,5203686,5203686,"HUMAN_OBSERVATION","TPWD","San Antonio Bay Bag Seine","",NA,"",NA,"CC0_1_0","","",NA,NA,2025-02-06 21:26:39.565,"","CONTINENT_DERIVED_FROM_COORDINATES"
3405858348,"95b694cd-e9db-4831-b6a9-0a6d433d92c1","Station_76_Date_26JAN2005:11:24:00.000_Fundulus_grandis","Animalia","Chordata",NA,"Cyprinodontiformes","Fundulidae","Fundulus","Fundulus grandis",NA,"SPECIES","Fundulus grandis Baird & Girard, 1853","Fundulus grandis","Baird & Girard, 1853","US","Guadalupe Estuary","Texas","PRESENT",NA,"c3ad790a-d426-4ac1-8e32-da61f81f0117",28.151944,-96.887778,100,NA,NA,NA,0.25,0.25,"2005-01-26T11:24",26,1,2005,5203686,5203686,"HUMAN_OBSERVATION","TPWD","San Antonio Bay Bag Seine","",NA,"",NA,"CC0_1_0","","",NA,NA,2025-02-06 21:26:39.454,"","CONTINENT_DERIVED_FROM_COORDINATES"
3405858260,"95b694cd-e9db-4831-b6a9-0a6d433d92c1","Station_286_Date_20APR2005:13:07:00.000_Fundulus_grandis","Animalia","Chordata",NA,"Cyprinodontiformes","Fundulidae","Fundulus","Fundulus grandis",NA,"SPECIES","Fundulus grandis Baird & Girard, 1853","Fundulus grandis","Baird & Girard, 1853","US","Guadalupe Estuary","Texas","PRESENT",NA,"c3ad790a-d426-4ac1-8e32-da61f81f0117",28.306944,-96.527778,100,NA,NA,NA,0.3,0,"2005-04-20T13:07",20,4,2005,5203686,5203686,"HUMAN_OBSERVATION","TPWD","San Antonio Bay Bag Seine","",NA,"",NA,"CC0_1_0","","",NA,NA,2025-02-06 21:26:39.203,"","CONTINENT_DERIVED_FROM_COORDINATES"
3405858135,"95b694cd-e9db-4831-b6a9-0a6d433d92c1","Station_258_Date_17JAN2005:15:20:00.000_Fundulus_grandis","Animalia","Chordata",NA,"Cyprinodontiformes","Fundulidae","Fundulus","Fundulus grandis",NA,"SPECIES","Fundulus grandis Baird & Girard, 1853","Fundulus grandis","Baird & Girard, 1853","US","Guadalupe Estuary","Texas","PRESENT",NA,"c3ad790a-d426-4ac1-8e32-da61f81f0117",28.344444,-96.616389,100,NA,NA,NA,0.15,0.15,"2005-01-17T15:20",17,1,2005,5203686,5203686,"HUMAN_OBSERVATION","TPWD","San Antonio Bay Bag Seine","",NA,"",NA,"CC0_1_0","","",NA,NA,2025-02-06 21:26:39.18,"","CONTINENT_DERIVED_FROM_COORDINATES"
3405857959,"95b694cd-e9db-4831-b6a9-0a6d433d92c1","Station_222_Date_17DEC2008:09:24:00.000_Fundulus_grandis","Animalia","Chordata",NA,"Cyprinodontiformes","Fundulidae","Fundulus","Fundulus grandis",NA,"SPECIES","Fundulus grandis Baird & Girard, 1853","Fundulus grandis","Baird & Girard, 1853","US","Guadalupe Estuary","Texas","PRESENT",NA,"c3ad790a-d426-4ac1-8e32-da61f81f0117",28.391667,-96.518889,100,NA,NA,NA,0.25,0.25,"2008-12-17T09:24",17,12,2008,5203686,5203686,"HUMAN_OBSERVATION","TPWD","San Antonio Bay Bag Seine","",NA,"",NA,"CC0_1_0","","",NA,NA,2025-02-06 21:26:39.155,"","CONTINENT_DERIVED_FROM_COORDINATES"
3405857907,"95b694cd-e9db-4831-b6a9-0a6d433d92c1","Station_211_Date_23OCT2007:14:39:00.000_Fundulus_grandis","Animalia","Chordata",NA,"Cyprinodontiformes","Fundulidae","Fundulus","Fundulus grandis",NA,"SPECIES","Fundulus grandis Baird & Girard, 1853","Fundulus grandis","Baird & Girard, 1853","US","Guadalupe Estuary","Texas","PRESENT",NA,"c3ad790a-d426-4ac1-8e32-da61f81f0117",28.419444,-96.449722,100,NA,NA,NA,0.15,0.05,"2007-10-23T14:39",23,10,2007,5203686,5203686,"HUMAN_OBSERVATION","TPWD","San Antonio Bay Bag Seine","",NA,"",NA,"CC0_1_0","","",NA,NA,2025-02-06 21:26:39.147,"","CONTINENT_DERIVED_FROM_COORDINATES"
3405857837,"95b694cd-e9db-4831-b6a9-0a6d433d92c1","Station_192_Date_02MAY2005:14:00:00.000_Fundulus_grandis","Animalia","Chordata",NA,"Cyprinodontiformes","Fundulidae","Fundulus","Fundulus grandis",NA,"SPECIES","Fundulus grandis Baird & Girard, 1853","Fundulus grandis","Baird & Girard, 1853","US","Guadalupe Estuary","Texas","PRESENT",NA,"c3ad790a-d426-4ac1-8e32-da61f81f0117",28.189444,-96.741667,100,NA,NA,NA,0.15,0.15,"2005-05-02T14:00",2,5,2005,5203686,5203686,"HUMAN_OBSERVATION","TPWD","San Antonio Bay Bag Seine","",NA,"",NA,"CC0_1_0","","",NA,NA,2025-02-06 21:26:39.138,"","CONTINENT_DERIVED_FROM_COORDINATES"
3405855140,"95b694cd-e9db-4831-b6a9-0a6d433d92c1","Station_271_Date_20NOV2006:10:15:00.000_Fundulus_grandis","Animalia","Chordata",NA,"Cyprinodontiformes","Fundulidae","Fundulus","Fundulus grandis",NA,"SPECIES","Fundulus grandis Baird & Girard, 1853","Fundulus grandis","Baird & Girard, 1853","US","Guadalupe Estuary","Texas","PRESENT",NA,"c3ad790a-d426-4ac1-8e32-da61f81f0117",28.323889,-96.614444,100,NA,NA,NA,0.15,0.15,"2006-11-20T10:15",20,11,2006,5203686,5203686,"HUMAN_OBSERVATION","TPWD","San Antonio Bay Bag Seine","",NA,"",NA,"CC0_1_0","","",NA,NA,2025-02-06 21:26:39.526,"","CONTINENT_DERIVED_FROM_COORDINATES"
3405855017,"95b694cd-e9db-4831-b6a9-0a6d433d92c1","Station_244_Date_20NOV2006:12:37:00.000_Fundulus_grandis","Animalia","Chordata",NA,"Cyprinodontiformes","Fundulidae","Fundulus","Fundulus grandis",NA,"SPECIES","Fundulus grandis Baird & Girard, 1853","Fundulus grandis","Baird & Girard, 1853","US","Guadalupe Estuary","Texas","PRESENT",NA,"c3ad790a-d426-4ac1-8e32-da61f81f0117",28.350278,-96.606389,100,NA,NA,NA,0.15,0.15,"2006-11-20T12:37",20,11,2006,5203686,5203686,"HUMAN_OBSERVATION","TPWD","San Antonio Bay Bag Seine","",NA,"",NA,"CC0_1_0","","",NA,NA,2025-02-06 21:26:39.489,"","CONTINENT_DERIVED_FROM_COORDINATES"
3405854758,"95b694cd-e9db-4831-b6a9-0a6d433d92c1","Station_189_Date_12NOV2007:10:51:00.000_Fundulus_grandis","Animalia","Chordata",NA,"Cyprinodontiformes","Fundulidae","Fundulus","Fundulus grandis",NA,"SPECIES","Fundulus grandis Baird & Girard, 1853","Fundulus grandis","Baird & Girard, 1853","US","Guadalupe Estuary","Texas","PRESENT",NA,"c3ad790a-d426-4ac1-8e32-da61f81f0117",28.186944,-96.795278,100,NA,NA,NA,0.3,0.2,"2007-11-12T10:51",12,11,2007,5203686,5203686,"HUMAN_OBSERVATION","TPWD","San Antonio Bay Bag Seine","",NA,"",NA,"CC0_1_0","","",NA,NA,2025-02-06 21:26:39.409,"","CONTINENT_DERIVED_FROM_COORDINATES"
3405854596,"95b694cd-e9db-4831-b6a9-0a6d433d92c1","Station_133_Date_07NOV2005:14:14:00.000_Fundulus_grandis","Animalia","Chordata",NA,"Cyprinodontiformes","Fundulidae","Fundulus","Fundulus grandis",NA,"SPECIES","Fundulus grandis Baird & Girard, 1853","Fundulus grandis","Baird & Girard, 1853","US","Guadalupe Estuary","Texas","PRESENT",NA,"c3ad790a-d426-4ac1-8e32-da61f81f0117",28.121944,-96.813056,100,NA,NA,NA,0.25,0.05,"2005-11-07T14:14",7,11,2005,5203686,5203686,"HUMAN_OBSERVATION","TPWD","San Antonio Bay Bag Seine","",NA,"",NA,"CC0_1_0","","",NA,NA,2025-02-06 21:26:39.359,"","CONTINENT_DERIVED_FROM_COORDINATES"
3405854197,"95b694cd-e9db-4831-b6a9-0a6d433d92c1","Station_288_Date_26JAN2007:10:04:00.000_Fundulus_grandis","Animalia","Chordata",NA,"Cyprinodontiformes","Fundulidae","Fundulus","Fundulus grandis",NA,"SPECIES","Fundulus grandis Baird & Girard, 1853","Fundulus grandis","Baird & Girard, 1853","US","Guadalupe Estuary","Texas","PRESENT",NA,"c3ad790a-d426-4ac1-8e32-da61f81f0117",28.313889,-96.499722,100,NA,NA,NA,0.3,0.1,"2007-01-26T10:04",26,1,2007,5203686,5203686,"HUMAN_OBSERVATION","TPWD","San Antonio Bay Bag Seine","",NA,"",NA,"CC0_1_0","","",NA,NA,2025-02-06 21:26:39.353,"","CONTINENT_DERIVED_FROM_COORDINATES"
3405854103,"95b694cd-e9db-4831-b6a9-0a6d433d92c1","Station_276_Date_26JAN2006:10:04:00.000_Fundulus_grandis","Animalia","Chordata",NA,"Cyprinodontiformes","Fundulidae","Fundulus","Fundulus grandis",NA,"SPECIES","Fundulus grandis Baird & Girard, 1853","Fundulus grandis","Baird & Girard, 1853","US","Guadalupe Estuary","Texas","PRESENT",NA,"c3ad790a-d426-4ac1-8e32-da61f81f0117",28.323889,-96.521944,100,NA,NA,NA,0.1,0.1,"2006-01-26T10:04",26,1,2006,5203686,5203686,"HUMAN_OBSERVATION","TPWD","San Antonio Bay Bag Seine","",NA,"",NA,"CC0_1_0","","",NA,NA,2025-02-06 21:26:39.344,"","CONTINENT_DERIVED_FROM_COORDINATES"
3405854038,"95b694cd-e9db-4831-b6a9-0a6d433d92c1","Station_257_Date_08JAN2007:10:06:00.000_Fundulus_grandis","Animalia","Chordata",NA,"Cyprinodontiformes","Fundulidae","Fundulus","Fundulus grandis",NA,"SPECIES","Fundulus grandis Baird & Girard, 1853","Fundulus grandis","Baird & Girard, 1853","US","Guadalupe Estuary","Texas","PRESENT",NA,"c3ad790a-d426-4ac1-8e32-da61f81f0117",28.339722,-96.624444,100,NA,NA,NA,0.25,0.15,"2007-01-08T10:06",8,1,2007,5203686,5203686,"HUMAN_OBSERVATION","TPWD","San Antonio Bay Bag Seine","",NA,"",NA,"CC0_1_0","","",NA,NA,2025-02-06 21:26:39.338,"","CONTINENT_DERIVED_FROM_COORDINATES"
3405853978,"95b694cd-e9db-4831-b6a9-0a6d433d92c1","Station_244_Date_26JAN2006:12:36:00.000_Fundulus_grandis","Animalia","Chordata",NA,"Cyprinodontiformes","Fundulidae","Fundulus","Fundulus grandis",NA,"SPECIES","Fundulus grandis Baird & Girard, 1853","Fundulus grandis","Baird & Girard, 1853","US","Guadalupe Estuary","Texas","PRESENT",NA,"c3ad790a-d426-4ac1-8e32-da61f81f0117",28.350278,-96.604722,100,NA,NA,NA,0.15,0.15,"2006-01-26T12:36",26,1,2006,5203686,5203686,"HUMAN_OBSERVATION","TPWD","San Antonio Bay Bag Seine","",NA,"",NA,"CC0_1_0","","",NA,NA,2025-02-06 21:26:39.324,"","CONTINENT_DERIVED_FROM_COORDINATES"
3405853877,"95b694cd-e9db-4831-b6a9-0a6d433d92c1","Station_226_Date_18DEC2007:11:45:00.000_Fundulus_grandis","Animalia","Chordata",NA,"Cyprinodontiformes","Fundulidae","Fundulus","Fundulus grandis",NA,"SPECIES","Fundulus grandis Baird & Girard, 1853","Fundulus grandis","Baird & Girard, 1853","US","Guadalupe Estuary","Texas","PRESENT",NA,"c3ad790a-d426-4ac1-8e32-da61f81f0117",28.385556,-96.451389,100,NA,NA,NA,0.1,0.1,"2007-12-18T11:45",18,12,2007,5203686,5203686,"HUMAN_OBSERVATION","TPWD","San Antonio Bay Bag Seine","",NA,"",NA,"CC0_1_0","","",NA,NA,2025-02-06 21:26:39.313,"","CONTINENT_DERIVED_FROM_COORDINATES"
3405853553,"95b694cd-e9db-4831-b6a9-0a6d433d92c1","Station_158_Date_28JAN2008:13:39:00.000_Fundulus_grandis","Animalia","Chordata",NA,"Cyprinodontiformes","Fundulidae","Fundulus","Fundulus grandis",NA,"SPECIES","Fundulus grandis Baird & Girard, 1853","Fundulus grandis","Baird & Girard, 1853","US","Guadalupe Estuary","Texas","PRESENT",NA,"c3ad790a-d426-4ac1-8e32-da61f81f0117",28.115278,-96.831667,100,NA,NA,NA,0.2,0.1,"2008-01-28T13:39",28,1,2008,5203686,5203686,"HUMAN_OBSERVATION","TPWD","San Antonio Bay Bag Seine","",NA,"",NA,"CC0_1_0","","",NA,NA,2025-02-06 21:26:39.276,"","CONTINENT_DERIVED_FROM_COORDINATES"
3405853518,"95b694cd-e9db-4831-b6a9-0a6d433d92c1","Station_144_Date_04APR2005:10:27:00.000_Fundulus_grandis","Animalia","Chordata",NA,"Cyprinodontiformes","Fundulidae","Fundulus","Fundulus grandis",NA,"SPECIES","Fundulus grandis Baird & Girard, 1853","Fundulus grandis","Baird & Girard, 1853","US","Guadalupe Estuary","Texas","PRESENT",NA,"c3ad790a-d426-4ac1-8e32-da61f81f0117",28.254444,-96.645556,100,NA,NA,NA,0.1,0,"2005-04-04T10:27",4,4,2005,5203686,5203686,"HUMAN_OBSERVATION","TPWD","San Antonio Bay Bag Seine","",NA,"",NA,"CC0_1_0","","",NA,NA,2025-02-06 21:26:39.27,"","CONTINENT_DERIVED_FROM_COORDINATES"
3405853473,"95b694cd-e9db-4831-b6a9-0a6d433d92c1","Station_130_Date_12JUL2005:11:17:00.000_Fundulus_grandis","Animalia","Chordata",NA,"Cyprinodontiformes","Fundulidae","Fundulus","Fundulus grandis",NA,"SPECIES","Fundulus grandis Baird & Girard, 1853","Fundulus grandis","Baird & Girard, 1853","US","Guadalupe Estuary","Texas","PRESENT",NA,"c3ad790a-d426-4ac1-8e32-da61f81f0117",28.120833,-96.857222,100,NA,NA,NA,0.25,0.05,"2005-07-12T11:17",12,7,2005,5203686,5203686,"HUMAN_OBSERVATION","TPWD","San Antonio Bay Bag Seine","",NA,"",NA,"CC0_1_0","","",NA,NA,2025-02-06 21:26:39.258,"","CONTINENT_DERIVED_FROM_COORDINATES"
3405853318,"95b694cd-e9db-4831-b6a9-0a6d433d92c1","Station_76_Date_05DEC2007:11:58:00.000_Fundulus_grandis","Animalia","Chordata",NA,"Cyprinodontiformes","Fundulidae","Fundulus","Fundulus grandis",NA,"SPECIES","Fundulus grandis Baird & Girard, 1853","Fundulus grandis","Baird & Girard, 1853","US","Guadalupe Estuary","Texas","PRESENT",NA,"c3ad790a-d426-4ac1-8e32-da61f81f0117",28.157222,-96.884167,100,NA,NA,NA,0.2,0.1,"2007-12-05T11:58",5,12,2007,5203686,5203686,"HUMAN_OBSERVATION","TPWD","San Antonio Bay Bag Seine","",NA,"",NA,"CC0_1_0","","",NA,NA,2025-02-06 21:26:39.237,"","CONTINENT_DERIVED_FROM_COORDINATES"
3405850243,"95b694cd-e9db-4831-b6a9-0a6d433d92c1","Station_271_Date_26JAN2006:11:54:00.000_Fundulus_grandis","Animalia","Chordata",NA,"Cyprinodontiformes","Fundulidae","Fundulus","Fundulus grandis",NA,"SPECIES","Fundulus grandis Baird & Girard, 1853","Fundulus grandis","Baird & Girard, 1853","US","Guadalupe Estuary","Texas","PRESENT",NA,"c3ad790a-d426-4ac1-8e32-da61f81f0117",28.322222,-96.615278,100,NA,NA,NA,0.1,0.1,"2006-01-26T11:54",26,1,2006,5203686,5203686,"HUMAN_OBSERVATION","TPWD","San Antonio Bay Bag Seine","",NA,"",NA,"CC0_1_0","","",NA,NA,2025-02-06 21:26:39.596,"","CONTINENT_DERIVED_FROM_COORDINATES"
3405850114,"95b694cd-e9db-4831-b6a9-0a6d433d92c1","Station_237_Date_17AUG2005:12:45:00.000_Fundulus_grandis","Animalia","Chordata",NA,"Cyprinodontiformes","Fundulidae","Fundulus","Fundulus grandis",NA,"SPECIES","Fundulus grandis Baird & Girard, 1853","Fundulus grandis","Baird & Girard, 1853","US","Guadalupe Estuary","Texas","PRESENT",NA,"c3ad790a-d426-4ac1-8e32-da61f81f0117",28.377778,-96.458333,100,NA,NA,NA,0.3,0,"2005-08-17T12:45",17,8,2005,5203686,5203686,"HUMAN_OBSERVATION","TPWD","San Antonio Bay Bag Seine","",NA,"",NA,"CC0_1_0","","",NA,NA,2025-02-06 21:26:39.566,"","CONTINENT_DERIVED_FROM_COORDINATES"
3405850068,"95b694cd-e9db-4831-b6a9-0a6d433d92c1","Station_231_Date_21APR2008:13:13:00.000_Fundulus_grandis","Animalia","Chordata",NA,"Cyprinodontiformes","Fundulidae","Fundulus","Fundulus grandis",NA,"SPECIES","Fundulus grandis Baird & Girard, 1853","Fundulus grandis","Baird & Girard, 1853","US","Guadalupe Estuary","Texas","PRESENT",NA,"c3ad790a-d426-4ac1-8e32-da61f81f0117",28.370833,-96.566389,100,NA,NA,NA,0.3,0.3,"2008-04-21T13:13",21,4,2008,5203686,5203686,"HUMAN_OBSERVATION","TPWD","San Antonio Bay Bag Seine","",NA,"",NA,"CC0_1_0","","",NA,NA,2025-02-06 21:26:39.557,"","CONTINENT_DERIVED_FROM_COORDINATES"
3405850022,"95b694cd-e9db-4831-b6a9-0a6d433d92c1","Station_224_Date_17DEC2008:12:01:00.000_Fundulus_grandis","Animalia","Chordata",NA,"Cyprinodontiformes","Fundulidae","Fundulus","Fundulus grandis",NA,"SPECIES","Fundulus grandis Baird & Girard, 1853","Fundulus grandis","Baird & Girard, 1853","US","Guadalupe Estuary","Texas","PRESENT",NA,"c3ad790a-d426-4ac1-8e32-da61f81f0117",28.393611,-96.494167,100,NA,NA,NA,0.15,0.15,"2008-12-17T12:01",17,12,2008,5203686,5203686,"HUMAN_OBSERVATION","TPWD","San Antonio Bay Bag Seine","",NA,"",NA,"CC0_1_0","","",NA,NA,2025-02-06 21:26:39.546,"","CONTINENT_DERIVED_FROM_COORDINATES"
3405849990,"95b694cd-e9db-4831-b6a9-0a6d433d92c1","Station_219_Date_17JUL2008:13:49:00.000_Fundulus_grandis","Animalia","Chordata",NA,"Cyprinodontiformes","Fundulidae","Fundulus","Fundulus grandis",NA,"SPECIES","Fundulus grandis Baird & Girard, 1853","Fundulus grandis","Baird & Girard, 1853","US","Guadalupe Estuary","Texas","PRESENT",NA,"c3ad790a-d426-4ac1-8e32-da61f81f0117",28.401389,-96.426389,100,NA,NA,NA,0.4,0.1,"2008-07-17T13:49",17,7,2008,5203686,5203686,"HUMAN_OBSERVATION","TPWD","San Antonio Bay Bag Seine","",NA,"",NA,"CC0_1_0","","",NA,NA,2025-02-06 21:26:39.532,"","CONTINENT_DERIVED_FROM_COORDINATES"
3405849937,"95b694cd-e9db-4831-b6a9-0a6d433d92c1","Station_209_Date_26NOV2007:09:22:00.000_Fundulus_grandis","Animalia","Chordata",NA,"Cyprinodontiformes","Fundulidae","Fundulus","Fundulus grandis",NA,"SPECIES","Fundulus grandis Baird & Girard, 1853","Fundulus grandis","Baird & Girard, 1853","US","Guadalupe Estuary","Texas","PRESENT",NA,"c3ad790a-d426-4ac1-8e32-da61f81f0117",28.440278,-96.408333,100,NA,NA,NA,0.35,0.35,"2007-11-26T09:22",26,11,2007,5203686,5203686,"HUMAN_OBSERVATION","TPWD","San Antonio Bay Bag Seine","",NA,"",NA,"CC0_1_0","","",NA,NA,2025-02-06 21:26:39.518,"","CONTINENT_DERIVED_FROM_COORDINATES"
3405849910,"95b694cd-e9db-4831-b6a9-0a6d433d92c1","Station_198_Date_07NOV2005:14:04:00.000_Fundulus_grandis","Animalia","Chordata",NA,"Cyprinodontiformes","Fundulidae","Fundulus","Fundulus grandis",NA,"SPECIES","Fundulus grandis Baird & Girard, 1853","Fundulus grandis","Baird & Girard, 1853","US","Guadalupe Estuary","Texas","PRESENT",NA,"c3ad790a-d426-4ac1-8e32-da61f81f0117",28.180556,-96.802778,100,NA,NA,NA,0.35,0.05,"2005-11-07T14:04",7,11,2005,5203686,5203686,"HUMAN_OBSERVATION","TPWD","San Antonio Bay Bag Seine","",NA,"",NA,"CC0_1_0","","",NA,NA,2025-02-06 21:26:39.501,"","CONTINENT_DERIVED_FROM_COORDINATES"
3405849836,"95b694cd-e9db-4831-b6a9-0a6d433d92c1","Station_188_Date_01MAR2006:14:16:00.000_Fundulus_grandis","Animalia","Chordata",NA,"Cyprinodontiformes","Fundulidae","Fundulus","Fundulus grandis",NA,"SPECIES","Fundulus grandis Baird & Girard, 1853","Fundulus grandis","Baird & Girard, 1853","US","Guadalupe Estuary","Texas","PRESENT",NA,"c3ad790a-d426-4ac1-8e32-da61f81f0117",28.183611,-96.816389,100,NA,NA,NA,0.2,0.2,"2006-03-01T14:16",1,3,2006,5203686,5203686,"HUMAN_OBSERVATION","TPWD","San Antonio Bay Bag Seine","",NA,"",NA,"CC0_1_0","","",NA,NA,2025-02-06 21:26:39.485,"","CONTINENT_DERIVED_FROM_COORDINATES"
3405849758,"95b694cd-e9db-4831-b6a9-0a6d433d92c1","Station_165_Date_12DEC2005:15:13:00.000_Fundulus_grandis","Animalia","Chordata",NA,"Cyprinodontiformes","Fundulidae","Fundulus","Fundulus grandis",NA,"SPECIES","Fundulus grandis Baird & Girard, 1853","Fundulus grandis","Baird & Girard, 1853","US","Guadalupe Estuary","Texas","PRESENT",NA,"c3ad790a-d426-4ac1-8e32-da61f81f0117",28.229167,-96.794444,100,NA,NA,NA,0.2,0.2,"2005-12-12T15:13",12,12,2005,5203686,5203686,"HUMAN_OBSERVATION","TPWD","San Antonio Bay Bag Seine","",NA,"",NA,"CC0_1_0","","",NA,NA,2025-02-06 21:26:39.46,"","CONTINENT_DERIVED_FROM_COORDINATES"
3405849664,"95b694cd-e9db-4831-b6a9-0a6d433d92c1","Station_132_Date_07FEB2008:14:14:00.000_Fundulus_grandis","Animalia","Chordata",NA,"Cyprinodontiformes","Fundulidae","Fundulus","Fundulus grandis",NA,"SPECIES","Fundulus grandis Baird & Girard, 1853","Fundulus grandis","Baird & Girard, 1853","US","Guadalupe Estuary","Texas","PRESENT",NA,"c3ad790a-d426-4ac1-8e32-da61f81f0117",28.118889,-96.817778,100,NA,NA,NA,0.25,0.05,"2008-02-07T14:14",7,2,2008,5203686,5203686,"HUMAN_OBSERVATION","TPWD","San Antonio Bay Bag Seine","",NA,"",NA,"CC0_1_0","","",NA,NA,2025-02-06 21:26:39.433,"","CONTINENT_DERIVED_FROM_COORDINATES"
3405849541,"95b694cd-e9db-4831-b6a9-0a6d433d92c1","Station_88_Date_13JUN2006:14:14:00.000_Fundulus_grandis","Animalia","Chordata",NA,"Cyprinodontiformes","Fundulidae","Fundulus","Fundulus grandis",NA,"SPECIES","Fundulus grandis Baird & Girard, 1853","Fundulus grandis","Baird & Girard, 1853","US","Guadalupe Estuary","Texas","PRESENT",NA,"c3ad790a-d426-4ac1-8e32-da61f81f0117",28.3,-96.801389,100,NA,NA,NA,0.3,0.1,"2006-06-13T14:14",13,6,2006,5203686,5203686,"HUMAN_OBSERVATION","TPWD","San Antonio Bay Bag Seine","",NA,"",NA,"CC0_1_0","","",NA,NA,2025-02-06 21:26:39.404,"","CONTINENT_DERIVED_FROM_COORDINATES"
3405849505,"95b694cd-e9db-4831-b6a9-0a6d433d92c1","Station_81_Date_01MAR2006:11:34:00.000_Fundulus_grandis","Animalia","Chordata",NA,"Cyprinodontiformes","Fundulidae","Fundulus","Fundulus grandis",NA,"SPECIES","Fundulus grandis Baird & Girard, 1853","Fundulus grandis","Baird & Girard, 1853","US","Guadalupe Estuary","Texas","PRESENT",NA,"c3ad790a-d426-4ac1-8e32-da61f81f0117",28.157222,-96.816111,100,NA,NA,NA,0.35,0.05,"2006-03-01T11:34",1,3,2006,5203686,5203686,"HUMAN_OBSERVATION","TPWD","San Antonio Bay Bag Seine","",NA,"",NA,"CC0_1_0","","",NA,NA,2025-02-06 21:26:39.387,"","CONTINENT_DERIVED_FROM_COORDINATES"
3405849181,"95b694cd-e9db-4831-b6a9-0a6d433d92c1","Station_36_Date_04DEC2006:11:17:00.000_Fundulus_grandis","Animalia","Chordata",NA,"Cyprinodontiformes","Fundulidae","Fundulus","Fundulus grandis",NA,"SPECIES","Fundulus grandis Baird & Girard, 1853","Fundulus grandis","Baird & Girard, 1853","US","Guadalupe Estuary","Texas","PRESENT",NA,"c3ad790a-d426-4ac1-8e32-da61f81f0117",28.413056,-96.745833,100,NA,NA,NA,0.15,0.15,"2006-12-04T11:17",4,12,2006,5203686,5203686,"HUMAN_OBSERVATION","TPWD","San Antonio Bay Bag Seine","",NA,"",NA,"CC0_1_0","","",NA,NA,2025-02-06 21:26:39.416,"","CONTINENT_DERIVED_FROM_COORDINATES"
3405701305,"95b694cd-e9db-4831-b6a9-0a6d433d92c1","Station_284_Date_16FEB2006:12:45:00.000_Fundulus_grandis","Animalia","Chordata",NA,"Cyprinodontiformes","Fundulidae","Fundulus","Fundulus grandis",NA,"SPECIES","Fundulus grandis Baird & Girard, 1853","Fundulus grandis","Baird & Girard, 1853","US","Guadalupe Estuary","Texas","PRESENT",NA,"c3ad790a-d426-4ac1-8e32-da61f81f0117",28.301389,-96.559722,100,NA,NA,NA,0.2,0.1,"2006-02-16T12:45",16,2,2006,5203686,5203686,"HUMAN_OBSERVATION","TPWD","San Antonio Bay Bag Seine","",NA,"",NA,"CC0_1_0","","",NA,NA,2025-02-06 21:26:39.622,"","CONTINENT_DERIVED_FROM_COORDINATES"
3405699383,"95b694cd-e9db-4831-b6a9-0a6d433d92c1","Station_284_Date_21JAN2005:13:01:00.000_Fundulus_grandis","Animalia","Chordata",NA,"Cyprinodontiformes","Fundulidae","Fundulus","Fundulus grandis",NA,"SPECIES","Fundulus grandis Baird & Girard, 1853","Fundulus grandis","Baird & Girard, 1853","US","Guadalupe Estuary","Texas","PRESENT",NA,"c3ad790a-d426-4ac1-8e32-da61f81f0117",28.301389,-96.558333,100,NA,NA,NA,0.2,0,"2005-01-21T13:01",21,1,2005,5203686,5203686,"HUMAN_OBSERVATION","TPWD","San Antonio Bay Bag Seine","",NA,"",NA,"CC0_1_0","","",NA,NA,2025-02-06 21:26:39.679,"","CONTINENT_DERIVED_FROM_COORDINATES"
3405698339,"95b694cd-e9db-4831-b6a9-0a6d433d92c1","Station_285_Date_26JAN2006:10:24:00.000_Fundulus_grandis","Animalia","Chordata",NA,"Cyprinodontiformes","Fundulidae","Fundulus","Fundulus grandis",NA,"SPECIES","Fundulus grandis Baird & Girard, 1853","Fundulus grandis","Baird & Girard, 1853","US","Guadalupe Estuary","Texas","PRESENT",NA,"c3ad790a-d426-4ac1-8e32-da61f81f0117",28.315833,-96.541944,100,NA,NA,NA,0.1,0.1,"2006-01-26T10:24",26,1,2006,5203686,5203686,"HUMAN_OBSERVATION","TPWD","San Antonio Bay Bag Seine","",NA,"",NA,"CC0_1_0","","",NA,NA,2025-02-06 21:26:39.203,"","CONTINENT_DERIVED_FROM_COORDINATES"
3405698325,"95b694cd-e9db-4831-b6a9-0a6d433d92c1","Station_283_Date_21JAN2005:12:06:00.000_Fundulus_grandis","Animalia","Chordata",NA,"Cyprinodontiformes","Fundulidae","Fundulus","Fundulus grandis",NA,"SPECIES","Fundulus grandis Baird & Girard, 1853","Fundulus grandis","Baird & Girard, 1853","US","Guadalupe Estuary","Texas","PRESENT",NA,"c3ad790a-d426-4ac1-8e32-da61f81f0117",28.300556,-96.578333,100,NA,NA,NA,0.3,0.1,"2005-01-21T12:06",21,1,2005,5203686,5203686,"HUMAN_OBSERVATION","TPWD","San Antonio Bay Bag Seine","",NA,"",NA,"CC0_1_0","","",NA,NA,2025-02-06 21:26:39.192,"","CONTINENT_DERIVED_FROM_COORDINATES"
3405698324,"95b694cd-e9db-4831-b6a9-0a6d433d92c1","Station_283_Date_20APR2005:14:07:00.000_Fundulus_grandis","Animalia","Chordata",NA,"Cyprinodontiformes","Fundulidae","Fundulus","Fundulus grandis",NA,"SPECIES","Fundulus grandis Baird & Girard, 1853","Fundulus grandis","Baird & Girard, 1853","US","Guadalupe Estuary","Texas","PRESENT",NA,"c3ad790a-d426-4ac1-8e32-da61f81f0117",28.301389,-96.581944,100,NA,NA,NA,0.15,0.05,"2005-04-20T14:07",20,4,2005,5203686,5203686,"HUMAN_OBSERVATION","TPWD","San Antonio Bay Bag Seine","",NA,"",NA,"CC0_1_0","","",NA,NA,2025-02-06 21:26:39.192,"","CONTINENT_DERIVED_FROM_COORDINATES"
3405695367,"95b694cd-e9db-4831-b6a9-0a6d433d92c1","Station_285_Date_21JAN2005:13:32:00.000_Fundulus_grandis","Animalia","Chordata",NA,"Cyprinodontiformes","Fundulidae","Fundulus","Fundulus grandis",NA,"SPECIES","Fundulus grandis Baird & Girard, 1853","Fundulus grandis","Baird & Girard, 1853","US","Guadalupe Estuary","Texas","PRESENT",NA,"c3ad790a-d426-4ac1-8e32-da61f81f0117",28.308333,-96.545833,100,NA,NA,NA,0.2,0.2,"2005-01-21T13:32",21,1,2005,5203686,5203686,"HUMAN_OBSERVATION","TPWD","San Antonio Bay Bag Seine","",NA,"",NA,"CC0_1_0","","",NA,NA,2025-02-06 21:26:39.624,"","CONTINENT_DERIVED_FROM_COORDINATES"
3405694241,"95b694cd-e9db-4831-b6a9-0a6d433d92c1","Station_283_Date_16AUG2005:11:48:00.000_Fundulus_grandis","Animalia","Chordata",NA,"Cyprinodontiformes","Fundulidae","Fundulus","Fundulus grandis",NA,"SPECIES","Fundulus grandis Baird & Girard, 1853","Fundulus grandis","Baird & Girard, 1853","US","Guadalupe Estuary","Texas","PRESENT",NA,"c3ad790a-d426-4ac1-8e32-da61f81f0117",28.301111,-96.581389,100,NA,NA,NA,0.3,0.3,"2005-08-16T11:48",16,8,2005,5203686,5203686,"HUMAN_OBSERVATION","TPWD","San Antonio Bay Bag Seine","",NA,"",NA,"CC0_1_0","","",NA,NA,2025-02-06 21:26:39.192,"","CONTINENT_DERIVED_FROM_COORDINATES"
3405694036,"95b694cd-e9db-4831-b6a9-0a6d433d92c1","Station_236_Date_17MAY2005:09:00:00.000_Fundulus_grandis","Animalia","Chordata",NA,"Cyprinodontiformes","Fundulidae","Fundulus","Fundulus grandis",NA,"SPECIES","Fundulus grandis Baird & Girard, 1853","Fundulus grandis","Baird & Girard, 1853","US","Guadalupe Estuary","Texas","PRESENT",NA,"c3ad790a-d426-4ac1-8e32-da61f81f0117",28.372222,-96.468056,100,NA,NA,NA,NA,NA,"2005-05-17T09:00",17,5,2005,5203686,5203686,"HUMAN_OBSERVATION","TPWD","San Antonio Bay Bag Seine","",NA,"",NA,"CC0_1_0","","",NA,NA,2025-02-06 21:26:39.167,"","CONTINENT_DERIVED_FROM_COORDINATES"
3405694015,"95b694cd-e9db-4831-b6a9-0a6d433d92c1","Station_233_Date_16FEB2006:11:04:00.000_Fundulus_grandis","Animalia","Chordata",NA,"Cyprinodontiformes","Fundulidae","Fundulus","Fundulus grandis",NA,"SPECIES","Fundulus grandis Baird & Girard, 1853","Fundulus grandis","Baird & Girard, 1853","US","Guadalupe Estuary","Texas","PRESENT",NA,"c3ad790a-d426-4ac1-8e32-da61f81f0117",28.380556,-96.519444,100,NA,NA,NA,0.35,0.05,"2006-02-16T11:04",16,2,2006,5203686,5203686,"HUMAN_OBSERVATION","TPWD","San Antonio Bay Bag Seine","",NA,"",NA,"CC0_1_0","","",NA,NA,2025-02-06 21:26:39.164,"","CONTINENT_DERIVED_FROM_COORDINATES"
3405693975,"95b694cd-e9db-4831-b6a9-0a6d433d92c1","Station_227_Date_18APR2005:10:07:00.000_Fundulus_grandis","Animalia","Chordata",NA,"Cyprinodontiformes","Fundulidae","Fundulus","Fundulus grandis",NA,"SPECIES","Fundulus grandis Baird & Girard, 1853","Fundulus grandis","Baird & Girard, 1853","US","Guadalupe Estuary","Texas","PRESENT",NA,"c3ad790a-d426-4ac1-8e32-da61f81f0117",28.395,-96.439167,100,NA,NA,NA,0.15,0.05,"2005-04-18T10:07",18,4,2005,5203686,5203686,"HUMAN_OBSERVATION","TPWD","San Antonio Bay Bag Seine","",NA,"",NA,"CC0_1_0","","",NA,NA,2025-02-06 21:26:39.159,"","CONTINENT_DERIVED_FROM_COORDINATES"
3405693953,"95b694cd-e9db-4831-b6a9-0a6d433d92c1","Station_224_Date_19SEP2007:11:27:00.000_Fundulus_grandis","Animalia","Chordata",NA,"Cyprinodontiformes","Fundulidae","Fundulus","Fundulus grandis",NA,"SPECIES","Fundulus grandis Baird & Girard, 1853","Fundulus grandis","Baird & Girard, 1853","US","Guadalupe Estuary","Texas","PRESENT",NA,"c3ad790a-d426-4ac1-8e32-da61f81f0117",28.391667,-96.495833,100,NA,NA,NA,0.3,0.1,"2007-09-19T11:27",19,9,2007,5203686,5203686,"HUMAN_OBSERVATION","TPWD","San Antonio Bay Bag Seine","",NA,"",NA,"CC0_1_0","","",NA,NA,2025-02-06 21:26:39.157,"","CONTINENT_DERIVED_FROM_COORDINATES"
3405693900,"95b694cd-e9db-4831-b6a9-0a6d433d92c1","Station_216_Date_25JAN2006:10:02:00.000_Fundulus_grandis","Animalia","Chordata",NA,"Cyprinodontiformes","Fundulidae","Fundulus","Fundulus grandis",NA,"SPECIES","Fundulus grandis Baird & Girard, 1853","Fundulus grandis","Baird & Girard, 1853","US","Guadalupe Estuary","Texas","PRESENT",NA,"c3ad790a-d426-4ac1-8e32-da61f81f0117",28.413889,-96.469444,100,NA,NA,NA,0.3,0.3,"2006-01-25T10:02",25,1,2006,5203686,5203686,"HUMAN_OBSERVATION","TPWD","San Antonio Bay Bag Seine","",NA,"",NA,"CC0_1_0","","",NA,NA,2025-02-06 21:26:39.151,"","CONTINENT_DERIVED_FROM_COORDINATES"
3405693736,"95b694cd-e9db-4831-b6a9-0a6d433d92c1","Station_183_Date_02JUN2008:14:55:00.000_Fundulus_grandis","Animalia","Chordata",NA,"Cyprinodontiformes","Fundulidae","Fundulus","Fundulus grandis",NA,"SPECIES","Fundulus grandis Baird & Girard, 1853","Fundulus grandis","Baird & Girard, 1853","US","Guadalupe Estuary","Texas","PRESENT",NA,"c3ad790a-d426-4ac1-8e32-da61f81f0117",28.208333,-96.702778,100,NA,NA,NA,0.25,0.25,"2008-06-02T14:55",2,6,2008,5203686,5203686,"HUMAN_OBSERVATION","TPWD","San Antonio Bay Bag Seine","",NA,"",NA,"CC0_1_0","","",NA,NA,2025-02-06 21:26:39.119,"","CONTINENT_DERIVED_FROM_COORDINATES"
3405693696,"95b694cd-e9db-4831-b6a9-0a6d433d92c1","Station_171_Date_02APR2007:09:46:00.000_Fundulus_grandis","Animalia","Chordata",NA,"Cyprinodontiformes","Fundulidae","Fundulus","Fundulus grandis",NA,"SPECIES","Fundulus grandis Baird & Girard, 1853","Fundulus grandis","Baird & Girard, 1853","US","Guadalupe Estuary","Texas","PRESENT",NA,"c3ad790a-d426-4ac1-8e32-da61f81f0117",28.218056,-96.6875,100,NA,NA,NA,0.35,0.15,"2007-04-02T09:46",2,4,2007,5203686,5203686,"HUMAN_OBSERVATION","TPWD","San Antonio Bay Bag Seine","",NA,"",NA,"CC0_1_0","","",NA,NA,2025-02-06 21:26:39.112,"","CONTINENT_DERIVED_FROM_COORDINATES"
3405693623,"95b694cd-e9db-4831-b6a9-0a6d433d92c1","Station_143_Date_21MAY2007:13:54:00.000_Fundulus_grandis","Animalia","Chordata",NA,"Cyprinodontiformes","Fundulidae","Fundulus","Fundulus grandis",NA,"SPECIES","Fundulus grandis Baird & Girard, 1853","Fundulus grandis","Baird & Girard, 1853","US","Guadalupe Estuary","Texas","PRESENT",NA,"c3ad790a-d426-4ac1-8e32-da61f81f0117",28.251389,-96.651389,100,NA,NA,NA,0.3,0.2,"2007-05-21T13:54",21,5,2007,5203686,5203686,"HUMAN_OBSERVATION","TPWD","San Antonio Bay Bag Seine","",NA,"",NA,"CC0_1_0","","",NA,NA,2025-02-06 21:26:39.103,"","CONTINENT_DERIVED_FROM_COORDINATES"
3405693510,"95b694cd-e9db-4831-b6a9-0a6d433d92c1","Station_100_Date_02DEC2008:13:56:00.000_Fundulus_grandis","Animalia","Chordata",NA,"Cyprinodontiformes","Fundulidae","Fundulus","Fundulus grandis",NA,"SPECIES","Fundulus grandis Baird & Girard, 1853","Fundulus grandis","Baird & Girard, 1853","US","Guadalupe Estuary","Texas","PRESENT",NA,"c3ad790a-d426-4ac1-8e32-da61f81f0117",28.297222,-96.805556,100,NA,NA,NA,0.3,0.1,"2008-12-02T13:56",2,12,2008,5203686,5203686,"HUMAN_OBSERVATION","TPWD","San Antonio Bay Bag Seine","",NA,"",NA,"CC0_1_0","","",NA,NA,2025-02-06 21:26:39.087,"","CONTINENT_DERIVED_FROM_COORDINATES"
3405693291,"95b694cd-e9db-4831-b6a9-0a6d433d92c1","Station_282_Date_20APR2005:15:17:00.000_Fundulus_grandis","Animalia","Chordata",NA,"Cyprinodontiformes","Fundulidae","Fundulus","Fundulus grandis",NA,"SPECIES","Fundulus grandis Baird & Girard, 1853","Fundulus grandis","Baird & Girard, 1853","US","Guadalupe Estuary","Texas","PRESENT",NA,"c3ad790a-d426-4ac1-8e32-da61f81f0117",28.3,-96.584722,100,NA,NA,NA,0.15,0.05,"2005-04-20T15:17",20,4,2005,5203686,5203686,"HUMAN_OBSERVATION","TPWD","San Antonio Bay Bag Seine","",NA,"",NA,"CC0_1_0","","",NA,NA,2025-02-06 21:26:39.543,"","CONTINENT_DERIVED_FROM_COORDINATES"
3405693286,"95b694cd-e9db-4831-b6a9-0a6d433d92c1","Station_281_Date_25APR2005:10:41:00.000_Fundulus_grandis","Animalia","Chordata",NA,"Cyprinodontiformes","Fundulidae","Fundulus","Fundulus grandis",NA,"SPECIES","Fundulus grandis Baird & Girard, 1853","Fundulus grandis","Baird & Girard, 1853","US","Guadalupe Estuary","Texas","PRESENT",NA,"c3ad790a-d426-4ac1-8e32-da61f81f0117",28.305833,-96.616389,100,NA,NA,NA,0.1,0,"2005-04-25T10:41",25,4,2005,5203686,5203686,"HUMAN_OBSERVATION","TPWD","San Antonio Bay Bag Seine","",NA,"",NA,"CC0_1_0","","",NA,NA,2025-02-06 21:26:39.536,"","CONTINENT_DERIVED_FROM_COORDINATES"
3405693284,"95b694cd-e9db-4831-b6a9-0a6d433d92c1","Station_280_Date_20SEP2005:13:07:00.000_Fundulus_grandis","Animalia","Chordata",NA,"Cyprinodontiformes","Fundulidae","Fundulus","Fundulus grandis",NA,"SPECIES","Fundulus grandis Baird & Girard, 1853","Fundulus grandis","Baird & Girard, 1853","US","Guadalupe Estuary","Texas","PRESENT",NA,"c3ad790a-d426-4ac1-8e32-da61f81f0117",28.332222,-96.466111,100,NA,NA,NA,0.3,0,"2005-09-20T13:07",20,9,2005,5203686,5203686,"HUMAN_OBSERVATION","TPWD","San Antonio Bay Bag Seine","",NA,"",NA,"CC0_1_0","","",NA,NA,2025-02-06 21:26:39.536,"","CONTINENT_DERIVED_FROM_COORDINATES"
3405693014,"95b694cd-e9db-4831-b6a9-0a6d433d92c1","Station_219_Date_17MAR2008:12:29:00.000_Fundulus_grandis","Animalia","Chordata",NA,"Cyprinodontiformes","Fundulidae","Fundulus","Fundulus grandis",NA,"SPECIES","Fundulus grandis Baird & Girard, 1853","Fundulus grandis","Baird & Girard, 1853","US","Guadalupe Estuary","Texas","PRESENT",NA,"c3ad790a-d426-4ac1-8e32-da61f81f0117",28.404167,-96.421944,100,NA,NA,NA,0.3,0.3,"2008-03-17T12:29",17,3,2008,5203686,5203686,"HUMAN_OBSERVATION","TPWD","San Antonio Bay Bag Seine","",NA,"",NA,"CC0_1_0","","",NA,NA,2025-02-06 21:26:39.451,"","CONTINENT_DERIVED_FROM_COORDINATES"
3405692532,"95b694cd-e9db-4831-b6a9-0a6d433d92c1","Station_78_Date_03SEP2008:14:08:00.000_Fundulus_grandis","Animalia","Chordata",NA,"Cyprinodontiformes","Fundulidae","Fundulus","Fundulus grandis",NA,"SPECIES","Fundulus grandis Baird & Girard, 1853","Fundulus grandis","Baird & Girard, 1853","US","Guadalupe Estuary","Texas","PRESENT",NA,"c3ad790a-d426-4ac1-8e32-da61f81f0117",28.322222,-96.793056,100,NA,NA,NA,0.2,0.1,"2008-09-03T14:08",3,9,2008,5203686,5203686,"HUMAN_OBSERVATION","TPWD","San Antonio Bay Bag Seine","",NA,"",NA,"CC0_1_0","","",NA,NA,2025-02-06 21:26:39.313,"","CONTINENT_DERIVED_FROM_COORDINATES"
3405692514,"95b694cd-e9db-4831-b6a9-0a6d433d92c1","Station_76_Date_07FEB2005:09:39:00.000_Fundulus_grandis","Animalia","Chordata",NA,"Cyprinodontiformes","Fundulidae","Fundulus","Fundulus grandis",NA,"SPECIES","Fundulus grandis Baird & Girard, 1853","Fundulus grandis","Baird & Girard, 1853","US","Guadalupe Estuary","Texas","PRESENT",NA,"c3ad790a-d426-4ac1-8e32-da61f81f0117",28.333889,-96.634722,100,NA,NA,NA,0.4,0.2,"2005-02-07T09:39",7,2,2005,5203686,5203686,"HUMAN_OBSERVATION","TPWD","San Antonio Bay Bag Seine","",NA,"",NA,"CC0_1_0","","",NA,NA,2025-02-06 21:26:39.309,"","CONTINENT_DERIVED_FROM_COORDINATES"
3405692387,"95b694cd-e9db-4831-b6a9-0a6d433d92c1","Station_38_Date_09JAN2006:11:37:00.000_Fundulus_grandis","Animalia","Chordata",NA,"Cyprinodontiformes","Fundulidae","Fundulus","Fundulus grandis",NA,"SPECIES","Fundulus grandis Baird & Girard, 1853","Fundulus grandis","Baird & Girard, 1853","US","Guadalupe Estuary","Texas","PRESENT",NA,"c3ad790a-d426-4ac1-8e32-da61f81f0117",28.185833,-96.837778,100,NA,NA,NA,0.15,0.15,"2006-01-09T11:37",9,1,2006,5203686,5203686,"HUMAN_OBSERVATION","TPWD","San Antonio Bay Bag Seine","",NA,"",NA,"CC0_1_0","","",NA,NA,2025-02-06 21:26:39.28,"","CONTINENT_DERIVED_FROM_COORDINATES"
3405692237,"95b694cd-e9db-4831-b6a9-0a6d433d92c1","Station_275_Date_20DEC2006:11:26:00.000_Fundulus_grandis","Animalia","Chordata",NA,"Cyprinodontiformes","Fundulidae","Fundulus","Fundulus grandis",NA,"SPECIES","Fundulus grandis Baird & Girard, 1853","Fundulus grandis","Baird & Girard, 1853","US","Guadalupe Estuary","Texas","PRESENT",NA,"c3ad790a-d426-4ac1-8e32-da61f81f0117",28.317222,-96.539444,100,NA,NA,NA,0.2,0.2,"2006-12-20T11:26",20,12,2006,5203686,5203686,"HUMAN_OBSERVATION","TPWD","San Antonio Bay Bag Seine","",NA,"",NA,"CC0_1_0","","",NA,NA,2025-02-06 21:26:39.597,"","CONTINENT_DERIVED_FROM_COORDINATES"
3405691846,"95b694cd-e9db-4831-b6a9-0a6d433d92c1","Station_189_Date_07NOV2005:12:57:00.000_Fundulus_grandis","Animalia","Chordata",NA,"Cyprinodontiformes","Fundulidae","Fundulus","Fundulus grandis",NA,"SPECIES","Fundulus grandis Baird & Girard, 1853","Fundulus grandis","Baird & Girard, 1853","US","Guadalupe Estuary","Texas","PRESENT",NA,"c3ad790a-d426-4ac1-8e32-da61f81f0117",28.188333,-96.792778,100,NA,NA,NA,0.3,0.1,"2005-11-07T12:57",7,11,2005,5203686,5203686,"HUMAN_OBSERVATION","TPWD","San Antonio Bay Bag Seine","",NA,"",NA,"CC0_1_0","","",NA,NA,2025-02-06 21:26:39.487,"","CONTINENT_DERIVED_FROM_COORDINATES"
3405691726,"95b694cd-e9db-4831-b6a9-0a6d433d92c1","Station_158_Date_21FEB2007:14:20:00.000_Fundulus_grandis","Animalia","Chordata",NA,"Cyprinodontiformes","Fundulidae","Fundulus","Fundulus grandis",NA,"SPECIES","Fundulus grandis Baird & Girard, 1853","Fundulus grandis","Baird & Girard, 1853","US","Guadalupe Estuary","Texas","PRESENT",NA,"c3ad790a-d426-4ac1-8e32-da61f81f0117",28.108333,-96.831111,100,NA,NA,NA,0.3,0.2,"2007-02-21T14:20",21,2,2007,5203686,5203686,"HUMAN_OBSERVATION","TPWD","San Antonio Bay Bag Seine","",NA,"",NA,"CC0_1_0","","",NA,NA,2025-02-06 21:26:39.455,"","CONTINENT_DERIVED_FROM_COORDINATES"
3405691482,"95b694cd-e9db-4831-b6a9-0a6d433d92c1","Station_80_Date_07MAR2007:11:32:00.000_Fundulus_grandis","Animalia","Chordata",NA,"Cyprinodontiformes","Fundulidae","Fundulus","Fundulus grandis",NA,"SPECIES","Fundulus grandis Baird & Girard, 1853","Fundulus grandis","Baird & Girard, 1853","US","Guadalupe Estuary","Texas","PRESENT",NA,"c3ad790a-d426-4ac1-8e32-da61f81f0117",28.164167,-96.820278,100,NA,NA,NA,0.15,0.15,"2007-03-07T11:32",7,3,2007,5203686,5203686,"HUMAN_OBSERVATION","TPWD","San Antonio Bay Bag Seine","",NA,"",NA,"CC0_1_0","","",NA,NA,2025-02-06 21:26:39.386,"","CONTINENT_DERIVED_FROM_COORDINATES"
3405691277,"95b694cd-e9db-4831-b6a9-0a6d433d92c1","Station_275_Date_18JUN2007:14:04:00.000_Fundulus_grandis","Animalia","Chordata",NA,"Cyprinodontiformes","Fundulidae","Fundulus","Fundulus grandis",NA,"SPECIES","Fundulus grandis Baird & Girard, 1853","Fundulus grandis","Baird & Girard, 1853","US","Guadalupe Estuary","Texas","PRESENT",NA,"c3ad790a-d426-4ac1-8e32-da61f81f0117",28.316944,-96.54,100,NA,NA,NA,0.3,0.2,"2007-06-18T14:04",18,6,2007,5203686,5203686,"HUMAN_OBSERVATION","TPWD","San Antonio Bay Bag Seine","",NA,"",NA,"CC0_1_0","","",NA,NA,2025-02-06 21:26:39.343,"","CONTINENT_DERIVED_FROM_COORDINATES"
3405691061,"95b694cd-e9db-4831-b6a9-0a6d433d92c1","Station_222_Date_18DEC2007:09:56:00.000_Fundulus_grandis","Animalia","Chordata",NA,"Cyprinodontiformes","Fundulidae","Fundulus","Fundulus grandis",NA,"SPECIES","Fundulus grandis Baird & Girard, 1853","Fundulus grandis","Baird & Girard, 1853","US","Guadalupe Estuary","Texas","PRESENT",NA,"c3ad790a-d426-4ac1-8e32-da61f81f0117",28.391944,-96.518611,100,NA,NA,NA,0.2,0.1,"2007-12-18T09:56",18,12,2007,5203686,5203686,"HUMAN_OBSERVATION","TPWD","San Antonio Bay Bag Seine","",NA,"",NA,"CC0_1_0","","",NA,NA,2025-02-06 21:26:39.31,"","CONTINENT_DERIVED_FROM_COORDINATES"
3405690610,"95b694cd-e9db-4831-b6a9-0a6d433d92c1","Station_97_Date_17DEC2007:15:31:00.000_Fundulus_grandis","Animalia","Chordata",NA,"Cyprinodontiformes","Fundulidae","Fundulus","Fundulus grandis",NA,"SPECIES","Fundulus grandis Baird & Girard, 1853","Fundulus grandis","Baird & Girard, 1853","US","Guadalupe Estuary","Texas","PRESENT",NA,"c3ad790a-d426-4ac1-8e32-da61f81f0117",28.316389,-96.666389,100,NA,NA,NA,0.35,0.35,"2007-12-17T15:31",17,12,2007,5203686,5203686,"HUMAN_OBSERVATION","TPWD","San Antonio Bay Bag Seine","",NA,"",NA,"CC0_1_0","","",NA,NA,2025-02-06 21:26:39.247,"","CONTINENT_DERIVED_FROM_COORDINATES"
3405690549,"95b694cd-e9db-4831-b6a9-0a6d433d92c1","Station_81_Date_01AUG2007:13:01:00.000_Fundulus_grandis","Animalia","Chordata",NA,"Cyprinodontiformes","Fundulidae","Fundulus","Fundulus grandis",NA,"SPECIES","Fundulus grandis Baird & Girard, 1853","Fundulus grandis","Baird & Girard, 1853","US","Guadalupe Estuary","Texas","PRESENT",NA,"c3ad790a-d426-4ac1-8e32-da61f81f0117",28.153889,-96.816389,100,NA,NA,NA,0.2,0.2,"2007-08-01T13:01",1,8,2007,5203686,5203686,"HUMAN_OBSERVATION","TPWD","San Antonio Bay Bag Seine","",NA,"",NA,"CC0_1_0","","",NA,NA,2025-02-06 21:26:39.241,"","CONTINENT_DERIVED_FROM_COORDINATES"
3405690545,"95b694cd-e9db-4831-b6a9-0a6d433d92c1","Station_80_Date_01MAR2006:11:00:00.000_Fundulus_grandis","Animalia","Chordata",NA,"Cyprinodontiformes","Fundulidae","Fundulus","Fundulus grandis",NA,"SPECIES","Fundulus grandis Baird & Girard, 1853","Fundulus grandis","Baird & Girard, 1853","US","Guadalupe Estuary","Texas","PRESENT",NA,"c3ad790a-d426-4ac1-8e32-da61f81f0117",28.158611,-96.817222,100,NA,NA,NA,0.3,0.1,"2006-03-01T11:00",1,3,2006,5203686,5203686,"HUMAN_OBSERVATION","TPWD","San Antonio Bay Bag Seine","",NA,"",NA,"CC0_1_0","","",NA,NA,2025-02-06 21:26:39.24,"","CONTINENT_DERIVED_FROM_COORDINATES"
3405690177,"95b694cd-e9db-4831-b6a9-0a6d433d92c1","Station_238_Date_17AUG2005:13:27:00.000_Fundulus_grandis","Animalia","Chordata",NA,"Cyprinodontiformes","Fundulidae","Fundulus","Fundulus grandis",NA,"SPECIES","Fundulus grandis Baird & Girard, 1853","Fundulus grandis","Baird & Girard, 1853","US","Guadalupe Estuary","Texas","PRESENT",NA,"c3ad790a-d426-4ac1-8e32-da61f81f0117",28.379167,-96.445833,100,NA,NA,NA,0.35,0.05,"2005-08-17T13:27",17,8,2005,5203686,5203686,"HUMAN_OBSERVATION","TPWD","San Antonio Bay Bag Seine","",NA,"",NA,"CC0_1_0","","",NA,NA,2025-02-06 21:26:39.63,"","CONTINENT_DERIVED_FROM_COORDINATES"
3405690130,"95b694cd-e9db-4831-b6a9-0a6d433d92c1","Station_232_Date_16FEB2005:10:21:00.000_Fundulus_grandis","Animalia","Chordata",NA,"Cyprinodontiformes","Fundulidae","Fundulus","Fundulus grandis",NA,"SPECIES","Fundulus grandis Baird & Girard, 1853","Fundulus grandis","Baird & Girard, 1853","US","Guadalupe Estuary","Texas","PRESENT",NA,"c3ad790a-d426-4ac1-8e32-da61f81f0117",28.379167,-96.547778,100,NA,NA,NA,0.2,0.2,"2005-02-16T10:21",16,2,2005,5203686,5203686,"HUMAN_OBSERVATION","TPWD","San Antonio Bay Bag Seine","",NA,"",NA,"CC0_1_0","","",NA,NA,2025-02-06 21:26:39.621,"","CONTINENT_DERIVED_FROM_COORDINATES"
3405689895,"95b694cd-e9db-4831-b6a9-0a6d433d92c1","Station_187_Date_01DEC2008:12:06:00.000_Fundulus_grandis","Animalia","Chordata",NA,"Cyprinodontiformes","Fundulidae","Fundulus","Fundulus grandis",NA,"SPECIES","Fundulus grandis Baird & Girard, 1853","Fundulus grandis","Baird & Girard, 1853","US","Guadalupe Estuary","Texas","PRESENT",NA,"c3ad790a-d426-4ac1-8e32-da61f81f0117",28.198056,-96.825556,100,NA,NA,NA,0.15,0.05,"2008-12-01T12:06",1,12,2008,5203686,5203686,"HUMAN_OBSERVATION","TPWD","San Antonio Bay Bag Seine","",NA,"",NA,"CC0_1_0","","",NA,NA,2025-02-06 21:26:39.556,"","CONTINENT_DERIVED_FROM_COORDINATES"
3405689482,"95b694cd-e9db-4831-b6a9-0a6d433d92c1","Station_54_Date_17NOV2006:12:00:00.000_Fundulus_grandis","Animalia","Chordata",NA,"Cyprinodontiformes","Fundulidae","Fundulus","Fundulus grandis",NA,"SPECIES","Fundulus grandis Baird & Girard, 1853","Fundulus grandis","Baird & Girard, 1853","US","Guadalupe Estuary","Texas","PRESENT",NA,"c3ad790a-d426-4ac1-8e32-da61f81f0117",28.169444,-96.870556,100,NA,NA,NA,0.35,0.35,"2006-11-17T12:00",17,11,2006,5203686,5203686,"HUMAN_OBSERVATION","TPWD","San Antonio Bay Bag Seine","",NA,"",NA,"CC0_1_0","","",NA,NA,2025-02-06 21:26:39.434,"","CONTINENT_DERIVED_FROM_COORDINATES"
3405689373,"95b694cd-e9db-4831-b6a9-0a6d433d92c1","Station_32_Date_01NOV2006:09:50:00.000_Fundulus_grandis","Animalia","Chordata",NA,"Cyprinodontiformes","Fundulidae","Fundulus","Fundulus grandis",NA,"SPECIES","Fundulus grandis Baird & Girard, 1853","Fundulus grandis","Baird & Girard, 1853","US","Guadalupe Estuary","Texas","PRESENT",NA,"c3ad790a-d426-4ac1-8e32-da61f81f0117",28.413611,-96.802778,100,NA,NA,NA,0.4,0.1,"2006-11-01T09:50",1,11,2006,5203686,5203686,"HUMAN_OBSERVATION","TPWD","San Antonio Bay Bag Seine","",NA,"",NA,"CC0_1_0","","",NA,NA,2025-02-06 21:26:39.407,"","CONTINENT_DERIVED_FROM_COORDINATES"
3405689221,"95b694cd-e9db-4831-b6a9-0a6d433d92c1","Station_257_Date_05DEC2006:09:36:00.000_Fundulus_grandis","Animalia","Chordata",NA,"Cyprinodontiformes","Fundulidae","Fundulus","Fundulus grandis",NA,"SPECIES","Fundulus grandis Baird & Girard, 1853","Fundulus grandis","Baird & Girard, 1853","US","Guadalupe Estuary","Texas","PRESENT",NA,"c3ad790a-d426-4ac1-8e32-da61f81f0117",28.343056,-96.618056,100,NA,NA,NA,0.3,0.3,"2006-12-05T09:36",5,12,2006,5203686,5203686,"HUMAN_OBSERVATION","TPWD","San Antonio Bay Bag Seine","",NA,"",NA,"CC0_1_0","","",NA,NA,2025-02-06 21:26:39.178,"","CONTINENT_DERIVED_FROM_COORDINATES"
3405688751,"95b694cd-e9db-4831-b6a9-0a6d433d92c1","Station_151_Date_08JAN2007:15:26:00.000_Fundulus_grandis","Animalia","Chordata",NA,"Cyprinodontiformes","Fundulidae","Fundulus","Fundulus grandis",NA,"SPECIES","Fundulus grandis Baird & Girard, 1853","Fundulus grandis","Baird & Girard, 1853","US","Guadalupe Estuary","Texas","PRESENT",NA,"c3ad790a-d426-4ac1-8e32-da61f81f0117",28.248611,-96.7875,100,NA,NA,NA,0.35,0.05,"2007-01-08T15:26",8,1,2007,5203686,5203686,"HUMAN_OBSERVATION","TPWD","San Antonio Bay Bag Seine","",NA,"",NA,"CC0_1_0","","",NA,NA,2025-02-06 21:26:39.105,"","CONTINENT_DERIVED_FROM_COORDINATES"
3405687898,"95b694cd-e9db-4831-b6a9-0a6d433d92c1","Station_190_Date_06JUN2007:15:36:00.000_Fundulus_grandis","Animalia","Chordata",NA,"Cyprinodontiformes","Fundulidae","Fundulus","Fundulus grandis",NA,"SPECIES","Fundulus grandis Baird & Girard, 1853","Fundulus grandis","Baird & Girard, 1853","US","Guadalupe Estuary","Texas","PRESENT",NA,"c3ad790a-d426-4ac1-8e32-da61f81f0117",28.188889,-96.783056,100,NA,NA,NA,0.25,0.05,"2007-06-06T15:36",6,6,2007,5203686,5203686,"HUMAN_OBSERVATION","TPWD","San Antonio Bay Bag Seine","",NA,"",NA,"CC0_1_0","","",NA,NA,2025-02-06 21:26:39.291,"","CONTINENT_DERIVED_FROM_COORDINATES"
3405687804,"95b694cd-e9db-4831-b6a9-0a6d433d92c1","Station_171_Date_09JAN2006:10:09:00.000_Fundulus_grandis","Animalia","Chordata",NA,"Cyprinodontiformes","Fundulidae","Fundulus","Fundulus grandis",NA,"SPECIES","Fundulus grandis Baird & Girard, 1853","Fundulus grandis","Baird & Girard, 1853","US","Guadalupe Estuary","Texas","PRESENT",NA,"c3ad790a-d426-4ac1-8e32-da61f81f0117",28.216667,-96.697222,100,NA,NA,NA,0.15,0.15,"2006-01-09T10:09",9,1,2006,5203686,5203686,"HUMAN_OBSERVATION","TPWD","San Antonio Bay Bag Seine","",NA,"",NA,"CC0_1_0","","",NA,NA,2025-02-06 21:26:39.28,"","CONTINENT_DERIVED_FROM_COORDINATES"
3405687761,"95b694cd-e9db-4831-b6a9-0a6d433d92c1","Station_152_Date_07FEB2008:15:41:00.000_Fundulus_grandis","Animalia","Chordata",NA,"Cyprinodontiformes","Fundulidae","Fundulus","Fundulus grandis",NA,"SPECIES","Fundulus grandis Baird & Girard, 1853","Fundulus grandis","Baird & Girard, 1853","US","Guadalupe Estuary","Texas","PRESENT",NA,"c3ad790a-d426-4ac1-8e32-da61f81f0117",28.2375,-96.783056,100,NA,NA,NA,0.25,0.25,"2008-02-07T15:41",7,2,2008,5203686,5203686,"HUMAN_OBSERVATION","TPWD","San Antonio Bay Bag Seine","",NA,"",NA,"CC0_1_0","","",NA,NA,2025-02-06 21:26:39.274,"","CONTINENT_DERIVED_FROM_COORDINATES"
3405687743,"95b694cd-e9db-4831-b6a9-0a6d433d92c1","Station_145_Date_01MAR2005:11:47:00.000_Fundulus_grandis","Animalia","Chordata",NA,"Cyprinodontiformes","Fundulidae","Fundulus","Fundulus grandis",NA,"SPECIES","Fundulus grandis Baird & Girard, 1853","Fundulus grandis","Baird & Girard, 1853","US","Guadalupe Estuary","Texas","PRESENT",NA,"c3ad790a-d426-4ac1-8e32-da61f81f0117",28.259722,-96.631944,100,NA,NA,NA,0.15,0.05,"2005-03-01T11:47",1,3,2005,5203686,5203686,"HUMAN_OBSERVATION","TPWD","San Antonio Bay Bag Seine","",NA,"",NA,"CC0_1_0","","",NA,NA,2025-02-06 21:26:39.271,"","CONTINENT_DERIVED_FROM_COORDINATES"
3405687330,"95b694cd-e9db-4831-b6a9-0a6d433d92c1","Station_29_Date_06DEC2005:11:55:00.000_Fundulus_grandis","Animalia","Chordata",NA,"Cyprinodontiformes","Fundulidae","Fundulus","Fundulus grandis",NA,"SPECIES","Fundulus grandis Baird & Girard, 1853","Fundulus grandis","Baird & Girard, 1853","US","Guadalupe Estuary","Texas","PRESENT",NA,"c3ad790a-d426-4ac1-8e32-da61f81f0117",28.409722,-96.858333,100,NA,NA,NA,0.1,0.1,"2005-12-06T11:55",6,12,2005,5203686,5203686,"HUMAN_OBSERVATION","TPWD","San Antonio Bay Bag Seine","",NA,"",NA,"CC0_1_0","","",NA,NA,2025-02-06 21:26:39.214,"","CONTINENT_DERIVED_FROM_COORDINATES"
3405687202,"95b694cd-e9db-4831-b6a9-0a6d433d92c1","Station_246_Date_20NOV2006:09:43:00.000_Fundulus_grandis","Animalia","Chordata",NA,"Cyprinodontiformes","Fundulidae","Fundulus","Fundulus grandis",NA,"SPECIES","Fundulus grandis Baird & Girard, 1853","Fundulus grandis","Baird & Girard, 1853","US","Guadalupe Estuary","Texas","PRESENT",NA,"c3ad790a-d426-4ac1-8e32-da61f81f0117",28.357778,-96.573056,100,NA,NA,NA,0.1,0.1,"2006-11-20T09:43",20,11,2006,5203686,5203686,"HUMAN_OBSERVATION","TPWD","San Antonio Bay Bag Seine","",NA,"",NA,"CC0_1_0","","",NA,NA,2025-02-06 21:26:39.637,"","CONTINENT_DERIVED_FROM_COORDINATES"
3405686916,"95b694cd-e9db-4831-b6a9-0a6d433d92c1","Station_187_Date_13DEC2005:10:30:00.000_Fundulus_grandis","Animalia","Chordata",NA,"Cyprinodontiformes","Fundulidae","Fundulus","Fundulus grandis",NA,"SPECIES","Fundulus grandis Baird & Girard, 1853","Fundulus grandis","Baird & Girard, 1853","US","Guadalupe Estuary","Texas","PRESENT",NA,"c3ad790a-d426-4ac1-8e32-da61f81f0117",28.197778,-96.83,100,NA,NA,NA,0.7,0.6,"2005-12-13T10:30",13,12,2005,5203686,5203686,"HUMAN_OBSERVATION","TPWD","San Antonio Bay Bag Seine","",NA,"",NA,"CC0_1_0","","",NA,NA,2025-02-06 21:26:39.557,"","CONTINENT_DERIVED_FROM_COORDINATES"
3405686740,"95b694cd-e9db-4831-b6a9-0a6d433d92c1","Station_133_Date_05DEC2007:10:07:00.000_Fundulus_grandis","Animalia","Chordata",NA,"Cyprinodontiformes","Fundulidae","Fundulus","Fundulus grandis",NA,"SPECIES","Fundulus grandis Baird & Girard, 1853","Fundulus grandis","Baird & Girard, 1853","US","Guadalupe Estuary","Texas","PRESENT",NA,"c3ad790a-d426-4ac1-8e32-da61f81f0117",28.131111,-96.810278,100,NA,NA,NA,0.25,0.15,"2007-12-05T10:07",5,12,2007,5203686,5203686,"HUMAN_OBSERVATION","TPWD","San Antonio Bay Bag Seine","",NA,"",NA,"CC0_1_0","","",NA,NA,2025-02-06 21:26:39.501,"","CONTINENT_DERIVED_FROM_COORDINATES"
3405686725,"95b694cd-e9db-4831-b6a9-0a6d433d92c1","Station_130_Date_23NOV2005:11:26:00.000_Fundulus_grandis","Animalia","Chordata",NA,"Cyprinodontiformes","Fundulidae","Fundulus","Fundulus grandis",NA,"SPECIES","Fundulus grandis Baird & Girard, 1853","Fundulus grandis","Baird & Girard, 1853","US","Guadalupe Estuary","Texas","PRESENT",NA,"c3ad790a-d426-4ac1-8e32-da61f81f0117",28.278611,-96.614444,100,NA,NA,NA,0.2,0.1,"2005-11-23T11:26",23,11,2005,5203686,5203686,"HUMAN_OBSERVATION","TPWD","San Antonio Bay Bag Seine","",NA,"",NA,"CC0_1_0","","",NA,NA,2025-02-06 21:26:39.497,"","CONTINENT_DERIVED_FROM_COORDINATES"
3405686666,"95b694cd-e9db-4831-b6a9-0a6d433d92c1","Station_103_Date_20DEC2005:12:54:00.000_Fundulus_grandis","Animalia","Chordata",NA,"Cyprinodontiformes","Fundulidae","Fundulus","Fundulus grandis",NA,"SPECIES","Fundulus grandis Baird & Girard, 1853","Fundulus grandis","Baird & Girard, 1853","US","Guadalupe Estuary","Texas","PRESENT",NA,"c3ad790a-d426-4ac1-8e32-da61f81f0117",28.147778,-96.881944,100,NA,NA,NA,0.1,0.1,"2005-12-20T12:54",20,12,2005,5203686,5203686,"HUMAN_OBSERVATION","TPWD","San Antonio Bay Bag Seine","",NA,"",NA,"CC0_1_0","","",NA,NA,2025-02-06 21:26:39.483,"","CONTINENT_DERIVED_FROM_COORDINATES"
3405686637,"95b694cd-e9db-4831-b6a9-0a6d433d92c1","Station_89_Date_18DEC2006:11:02:00.000_Fundulus_grandis","Animalia","Chordata",NA,"Cyprinodontiformes","Fundulidae","Fundulus","Fundulus grandis",NA,"SPECIES","Fundulus grandis Baird & Girard, 1853","Fundulus grandis","Baird & Girard, 1853","US","Guadalupe Estuary","Texas","PRESENT",NA,"c3ad790a-d426-4ac1-8e32-da61f81f0117",28.311944,-96.7925,100,NA,NA,NA,0.2,0.2,"2006-12-18T11:02",18,12,2006,5203686,5203686,"HUMAN_OBSERVATION","TPWD","San Antonio Bay Bag Seine","",NA,"",NA,"CC0_1_0","","",NA,NA,2025-02-06 21:26:39.476,"","CONTINENT_DERIVED_FROM_COORDINATES"
3405685980,"95b694cd-e9db-4831-b6a9-0a6d433d92c1","Station_213_Date_21FEB2005:14:01:00.000_Fundulus_grandis","Animalia","Chordata",NA,"Cyprinodontiformes","Fundulidae","Fundulus","Fundulus grandis",NA,"SPECIES","Fundulus grandis Baird & Girard, 1853","Fundulus grandis","Baird & Girard, 1853","US","Guadalupe Estuary","Texas","PRESENT",NA,"c3ad790a-d426-4ac1-8e32-da61f81f0117",28.422222,-96.408333,100,NA,NA,NA,0.45,0.05,"2005-02-21T14:01",21,2,2005,5203686,5203686,"HUMAN_OBSERVATION","TPWD","San Antonio Bay Bag Seine","",NA,"",NA,"CC0_1_0","","",NA,NA,2025-02-06 21:26:39.524,"","CONTINENT_DERIVED_FROM_COORDINATES"
3405685843,"95b694cd-e9db-4831-b6a9-0a6d433d92c1","Station_187_Date_06JUN2007:14:46:00.000_Fundulus_grandis","Animalia","Chordata",NA,"Cyprinodontiformes","Fundulidae","Fundulus","Fundulus grandis",NA,"SPECIES","Fundulus grandis Baird & Girard, 1853","Fundulus grandis","Baird & Girard, 1853","US","Guadalupe Estuary","Texas","PRESENT",NA,"c3ad790a-d426-4ac1-8e32-da61f81f0117",28.192778,-96.831944,100,NA,NA,NA,0.25,0.15,"2007-06-06T14:46",6,6,2007,5203686,5203686,"HUMAN_OBSERVATION","TPWD","San Antonio Bay Bag Seine","",NA,"",NA,"CC0_1_0","","",NA,NA,2025-02-06 21:26:39.484,"","CONTINENT_DERIVED_FROM_COORDINATES"
3405685827,"95b694cd-e9db-4831-b6a9-0a6d433d92c1","Station_184_Date_05DEC2006:14:04:00.000_Fundulus_grandis","Animalia","Chordata",NA,"Cyprinodontiformes","Fundulidae","Fundulus","Fundulus grandis",NA,"SPECIES","Fundulus grandis Baird & Girard, 1853","Fundulus grandis","Baird & Girard, 1853","US","Guadalupe Estuary","Texas","PRESENT",NA,"c3ad790a-d426-4ac1-8e32-da61f81f0117",28.205556,-96.699722,100,NA,NA,NA,0.25,0.25,"2006-12-05T14:04",5,12,2006,5203686,5203686,"HUMAN_OBSERVATION","TPWD","San Antonio Bay Bag Seine","",NA,"",NA,"CC0_1_0","","",NA,NA,2025-02-06 21:26:39.48,"","CONTINENT_DERIVED_FROM_COORDINATES"
3405685572,"95b694cd-e9db-4831-b6a9-0a6d433d92c1","Station_89_Date_03SEP2008:13:39:00.000_Fundulus_grandis","Animalia","Chordata",NA,"Cyprinodontiformes","Fundulidae","Fundulus","Fundulus grandis",NA,"SPECIES","Fundulus grandis Baird & Girard, 1853","Fundulus grandis","Baird & Girard, 1853","US","Guadalupe Estuary","Texas","PRESENT",NA,"c3ad790a-d426-4ac1-8e32-da61f81f0117",28.306944,-96.795833,100,NA,NA,NA,0.2,0.1,"2008-09-03T13:39",3,9,2008,5203686,5203686,"HUMAN_OBSERVATION","TPWD","San Antonio Bay Bag Seine","",NA,"",NA,"CC0_1_0","","",NA,NA,2025-02-06 21:26:39.405,"","CONTINENT_DERIVED_FROM_COORDINATES"
3405685292,"95b694cd-e9db-4831-b6a9-0a6d433d92c1","Station_288_Date_16JAN2008:13:21:00.000_Fundulus_grandis","Animalia","Chordata",NA,"Cyprinodontiformes","Fundulidae","Fundulus","Fundulus grandis",NA,"SPECIES","Fundulus grandis Baird & Girard, 1853","Fundulus grandis","Baird & Girard, 1853","US","Guadalupe Estuary","Texas","PRESENT",NA,"c3ad790a-d426-4ac1-8e32-da61f81f0117",28.315556,-96.497778,100,NA,NA,NA,0.35,0.05,"2008-01-16T13:21",16,1,2008,5203686,5203686,"HUMAN_OBSERVATION","TPWD","San Antonio Bay Bag Seine","",NA,"",NA,"CC0_1_0","","",NA,NA,2025-02-06 21:26:39.551,"","CONTINENT_DERIVED_FROM_COORDINATES"
3405685288,"95b694cd-e9db-4831-b6a9-0a6d433d92c1","Station_287_Date_20NOV2006:12:42:00.000_Fundulus_grandis","Animalia","Chordata",NA,"Cyprinodontiformes","Fundulidae","Fundulus","Fundulus grandis",NA,"SPECIES","Fundulus grandis Baird & Girard, 1853","Fundulus grandis","Baird & Girard, 1853","US","Guadalupe Estuary","Texas","PRESENT",NA,"c3ad790a-d426-4ac1-8e32-da61f81f0117",28.309722,-96.508333,100,NA,NA,NA,0.3,0.1,"2006-11-20T12:42",20,11,2006,5203686,5203686,"HUMAN_OBSERVATION","TPWD","San Antonio Bay Bag Seine","",NA,"",NA,"CC0_1_0","","",NA,NA,2025-02-06 21:26:39.551,"","CONTINENT_DERIVED_FROM_COORDINATES"
3405685096,"95b694cd-e9db-4831-b6a9-0a6d433d92c1","Station_245_Date_18DEC2007:08:46:00.000_Fundulus_grandis","Animalia","Chordata",NA,"Cyprinodontiformes","Fundulidae","Fundulus","Fundulus grandis",NA,"SPECIES","Fundulus grandis Baird & Girard, 1853","Fundulus grandis","Baird & Girard, 1853","US","Guadalupe Estuary","Texas","PRESENT",NA,"c3ad790a-d426-4ac1-8e32-da61f81f0117",28.353056,-96.599444,100,NA,NA,NA,0.2,0.1,"2007-12-18T08:46",18,12,2007,5203686,5203686,"HUMAN_OBSERVATION","TPWD","San Antonio Bay Bag Seine","",NA,"",NA,"CC0_1_0","","",NA,NA,2025-02-06 21:26:39.49,"","CONTINENT_DERIVED_FROM_COORDINATES"
3405684960,"95b694cd-e9db-4831-b6a9-0a6d433d92c1","Station_219_Date_16APR2008:10:48:00.000_Fundulus_grandis","Animalia","Chordata",NA,"Cyprinodontiformes","Fundulidae","Fundulus","Fundulus grandis",NA,"SPECIES","Fundulus grandis Baird & Girard, 1853","Fundulus grandis","Baird & Girard, 1853","US","Guadalupe Estuary","Texas","PRESENT",NA,"c3ad790a-d426-4ac1-8e32-da61f81f0117",28.405556,-96.420833,100,NA,NA,NA,0.25,0.15,"2008-04-16T10:48",16,4,2008,5203686,5203686,"HUMAN_OBSERVATION","TPWD","San Antonio Bay Bag Seine","",NA,"",NA,"CC0_1_0","","",NA,NA,2025-02-06 21:26:39.451,"","CONTINENT_DERIVED_FROM_COORDINATES"
3405684951,"95b694cd-e9db-4831-b6a9-0a6d433d92c1","Station_217_Date_20NOV2006:11:33:00.000_Fundulus_grandis","Animalia","Chordata",NA,"Cyprinodontiformes","Fundulidae","Fundulus","Fundulus grandis",NA,"SPECIES","Fundulus grandis Baird & Girard, 1853","Fundulus grandis","Baird & Girard, 1853","US","Guadalupe Estuary","Texas","PRESENT",NA,"c3ad790a-d426-4ac1-8e32-da61f81f0117",28.413889,-96.466389,100,NA,NA,NA,0.1,0.1,"2006-11-20T11:33",20,11,2006,5203686,5203686,"HUMAN_OBSERVATION","TPWD","San Antonio Bay Bag Seine","",NA,"",NA,"CC0_1_0","","",NA,NA,2025-02-06 21:26:39.442,"","CONTINENT_DERIVED_FROM_COORDINATES"
3405684865,"95b694cd-e9db-4831-b6a9-0a6d433d92c1","Station_198_Date_06JUN2007:13:36:00.000_Fundulus_grandis","Animalia","Chordata",NA,"Cyprinodontiformes","Fundulidae","Fundulus","Fundulus grandis",NA,"SPECIES","Fundulus grandis Baird & Girard, 1853","Fundulus grandis","Baird & Girard, 1853","US","Guadalupe Estuary","Texas","PRESENT",NA,"c3ad790a-d426-4ac1-8e32-da61f81f0117",28.181111,-96.802222,100,NA,NA,NA,0.35,0.15,"2007-06-06T13:36",6,6,2007,5203686,5203686,"HUMAN_OBSERVATION","TPWD","San Antonio Bay Bag Seine","",NA,"",NA,"CC0_1_0","","",NA,NA,2025-02-06 21:26:39.425,"","CONTINENT_DERIVED_FROM_COORDINATES"
3405684824,"95b694cd-e9db-4831-b6a9-0a6d433d92c1","Station_192_Date_09JAN2006:11:07:00.000_Fundulus_grandis","Animalia","Chordata",NA,"Cyprinodontiformes","Fundulidae","Fundulus","Fundulus grandis",NA,"SPECIES","Fundulus grandis Baird & Girard, 1853","Fundulus grandis","Baird & Girard, 1853","US","Guadalupe Estuary","Texas","PRESENT",NA,"c3ad790a-d426-4ac1-8e32-da61f81f0117",28.190278,-96.740278,100,NA,NA,NA,0.2,0.1,"2006-01-09T11:07",9,1,2006,5203686,5203686,"HUMAN_OBSERVATION","TPWD","San Antonio Bay Bag Seine","",NA,"",NA,"CC0_1_0","","",NA,NA,2025-02-06 21:26:39.417,"","CONTINENT_DERIVED_FROM_COORDINATES"
3405684813,"95b694cd-e9db-4831-b6a9-0a6d433d92c1","Station_191_Date_09MAY2006:15:00:00.000_Fundulus_grandis","Animalia","Chordata",NA,"Cyprinodontiformes","Fundulidae","Fundulus","Fundulus grandis",NA,"SPECIES","Fundulus grandis Baird & Girard, 1853","Fundulus grandis","Baird & Girard, 1853","US","Guadalupe Estuary","Texas","PRESENT",NA,"c3ad790a-d426-4ac1-8e32-da61f81f0117",28.1875,-96.752778,100,NA,NA,NA,0.2,0.2,"2006-05-09T15:00",9,5,2006,5203686,5203686,"HUMAN_OBSERVATION","TPWD","San Antonio Bay Bag Seine","",NA,"",NA,"CC0_1_0","","",NA,NA,2025-02-06 21:26:39.415,"","CONTINENT_DERIVED_FROM_COORDINATES"
3405684784,"95b694cd-e9db-4831-b6a9-0a6d433d92c1","Station_189_Date_08JUL2008:11:46:00.000_Fundulus_grandis","Animalia","Chordata",NA,"Cyprinodontiformes","Fundulidae","Fundulus","Fundulus grandis",NA,"SPECIES","Fundulus grandis Baird & Girard, 1853","Fundulus grandis","Baird & Girard, 1853","US","Guadalupe Estuary","Texas","PRESENT",NA,"c3ad790a-d426-4ac1-8e32-da61f81f0117",28.188611,-96.790278,100,NA,NA,NA,0.45,0.05,"2008-07-08T11:46",8,7,2008,5203686,5203686,"HUMAN_OBSERVATION","TPWD","San Antonio Bay Bag Seine","",NA,"",NA,"CC0_1_0","","",NA,NA,2025-02-06 21:26:39.408,"","CONTINENT_DERIVED_FROM_COORDINATES"
3405684750,"95b694cd-e9db-4831-b6a9-0a6d433d92c1","Station_182_Date_28JAN2008:14:13:00.000_Fundulus_grandis","Animalia","Chordata",NA,"Cyprinodontiformes","Fundulidae","Fundulus","Fundulus grandis",NA,"SPECIES","Fundulus grandis Baird & Girard, 1853","Fundulus grandis","Baird & Girard, 1853","US","Guadalupe Estuary","Texas","PRESENT",NA,"c3ad790a-d426-4ac1-8e32-da61f81f0117",28.099444,-96.838611,100,NA,NA,NA,0.35,0.05,"2008-01-28T14:13",28,1,2008,5203686,5203686,"HUMAN_OBSERVATION","TPWD","San Antonio Bay Bag Seine","",NA,"",NA,"CC0_1_0","","",NA,NA,2025-02-06 21:26:39.398,"","CONTINENT_DERIVED_FROM_COORDINATES"
3405684705,"95b694cd-e9db-4831-b6a9-0a6d433d92c1","Station_171_Date_01SEP2005:10:52:00.000_Fundulus_grandis","Animalia","Chordata",NA,"Cyprinodontiformes","Fundulidae","Fundulus","Fundulus grandis",NA,"SPECIES","Fundulus grandis Baird & Girard, 1853","Fundulus grandis","Baird & Girard, 1853","US","Guadalupe Estuary","Texas","PRESENT",NA,"c3ad790a-d426-4ac1-8e32-da61f81f0117",28.218333,-96.687222,100,NA,NA,NA,0.6,0.3,"2005-09-01T10:52",1,9,2005,5203686,5203686,"HUMAN_OBSERVATION","TPWD","San Antonio Bay Bag Seine","",NA,"",NA,"CC0_1_0","","",NA,NA,2025-02-06 21:26:39.38,"","CONTINENT_DERIVED_FROM_COORDINATES"
3405684670,"95b694cd-e9db-4831-b6a9-0a6d433d92c1","Station_159_Date_04AUG2008:14:39:00.000_Fundulus_grandis","Animalia","Chordata",NA,"Cyprinodontiformes","Fundulidae","Fundulus","Fundulus grandis",NA,"SPECIES","Fundulus grandis Baird & Girard, 1853","Fundulus grandis","Baird & Girard, 1853","US","Guadalupe Estuary","Texas","PRESENT",NA,"c3ad790a-d426-4ac1-8e32-da61f81f0117",28.238333,-96.659167,100,NA,NA,NA,NA,NA,"2008-08-04T14:39",4,8,2008,5203686,5203686,"HUMAN_OBSERVATION","TPWD","San Antonio Bay Bag Seine","",NA,"",NA,"CC0_1_0","","",NA,NA,2025-02-06 21:26:39.373,"","CONTINENT_DERIVED_FROM_COORDINATES"
3405684557,"95b694cd-e9db-4831-b6a9-0a6d433d92c1","Station_119_Date_07JAN2008:10:49:00.000_Fundulus_grandis","Animalia","Chordata",NA,"Cyprinodontiformes","Fundulidae","Fundulus","Fundulus grandis",NA,"SPECIES","Fundulus grandis Baird & Girard, 1853","Fundulus grandis","Baird & Girard, 1853","US","Guadalupe Estuary","Texas","PRESENT",NA,"c3ad790a-d426-4ac1-8e32-da61f81f0117",28.267222,-96.795278,100,NA,NA,NA,0.2,0.1,"2008-01-07T10:49",7,1,2008,5203686,5203686,"HUMAN_OBSERVATION","TPWD","San Antonio Bay Bag Seine","",NA,"",NA,"CC0_1_0","","",NA,NA,2025-02-06 21:26:39.348,"","CONTINENT_DERIVED_FROM_COORDINATES"
3405684519,"95b694cd-e9db-4831-b6a9-0a6d433d92c1","Station_106_Date_19NOV2007:13:35:00.000_Fundulus_grandis","Animalia","Chordata",NA,"Cyprinodontiformes","Fundulidae","Fundulus","Fundulus grandis",NA,"SPECIES","Fundulus grandis Baird & Girard, 1853","Fundulus grandis","Baird & Girard, 1853","US","Guadalupe Estuary","Texas","PRESENT",NA,"c3ad790a-d426-4ac1-8e32-da61f81f0117",28.143333,-96.818333,100,NA,NA,NA,0.15,0.15,"2007-11-19T13:35",19,11,2007,5203686,5203686,"HUMAN_OBSERVATION","TPWD","San Antonio Bay Bag Seine","",NA,"",NA,"CC0_1_0","","",NA,NA,2025-02-06 21:26:39.338,"","CONTINENT_DERIVED_FROM_COORDINATES"
3405684466,"95b694cd-e9db-4831-b6a9-0a6d433d92c1","Station_86_Date_17DEC2007:15:54:00.000_Fundulus_grandis","Animalia","Chordata",NA,"Cyprinodontiformes","Fundulidae","Fundulus","Fundulus grandis",NA,"SPECIES","Fundulus grandis Baird & Girard, 1853","Fundulus grandis","Baird & Girard, 1853","US","Guadalupe Estuary","Texas","PRESENT",NA,"c3ad790a-d426-4ac1-8e32-da61f81f0117",28.316667,-96.666389,100,NA,NA,NA,0.3,0.3,"2007-12-17T15:54",17,12,2007,5203686,5203686,"HUMAN_OBSERVATION","TPWD","San Antonio Bay Bag Seine","",NA,"",NA,"CC0_1_0","","",NA,NA,2025-02-06 21:26:39.32,"","CONTINENT_DERIVED_FROM_COORDINATES"
3405679182,"95b694cd-e9db-4831-b6a9-0a6d433d92c1","Station_23_Date_06DEC2005:11:15:00.000_Fundulus_grandis","Animalia","Chordata",NA,"Cyprinodontiformes","Fundulidae","Fundulus","Fundulus grandis",NA,"SPECIES","Fundulus grandis Baird & Girard, 1853","Fundulus grandis","Baird & Girard, 1853","US","Guadalupe Estuary","Texas","PRESENT",NA,"c3ad790a-d426-4ac1-8e32-da61f81f0117",28.427778,-96.831944,100,NA,NA,NA,0.4,0.2,"2005-12-06T11:15",6,12,2005,5203686,5203686,"HUMAN_OBSERVATION","TPWD","San Antonio Bay Bag Seine","",NA,"",NA,"CC0_1_0","","",NA,NA,2025-02-06 21:26:39.015,"","CONTINENT_DERIVED_FROM_COORDINATES"
3405570428,"f46c93f2-123d-4dc3-a06e-b2faecfda2ce","Station_63_Date_16APR2007:10:14:00.000_Fundulus_grandis","Animalia","Chordata",NA,"Cyprinodontiformes","Fundulidae","Fundulus","Fundulus grandis",NA,"SPECIES","Fundulus grandis Baird & Girard, 1853","Fundulus grandis","Baird & Girard, 1853","US","Sabine-Neches Estuary","Texas","PRESENT",NA,"c3ad790a-d426-4ac1-8e32-da61f81f0117",29.925556,-93.7625,100,NA,NA,NA,0.3,0.3,"2007-04-16T10:14",16,4,2007,5203686,5203686,"HUMAN_OBSERVATION","TPWD","Sabine Lake Bag Seine","",NA,"",NA,"CC0_1_0","","",NA,NA,2025-02-07 00:17:09.854,"","CONTINENT_DERIVED_FROM_COORDINATES"
3405568461,"f46c93f2-123d-4dc3-a06e-b2faecfda2ce","Station_144_Date_21DEC2005:11:19:00.000_Fundulus_grandis","Animalia","Chordata",NA,"Cyprinodontiformes","Fundulidae","Fundulus","Fundulus grandis",NA,"SPECIES","Fundulus grandis Baird & Girard, 1853","Fundulus grandis","Baird & Girard, 1853","US","Sabine-Neches Estuary","Texas","PRESENT",NA,"c3ad790a-d426-4ac1-8e32-da61f81f0117",29.801944,-93.887778,100,NA,NA,NA,0.25,0.25,"2005-12-21T11:19",21,12,2005,5203686,5203686,"HUMAN_OBSERVATION","TPWD","Sabine Lake Bag Seine","",NA,"",NA,"CC0_1_0","","",NA,NA,2025-02-07 00:17:09.82,"","CONTINENT_DERIVED_FROM_COORDINATES"
3405567508,"f46c93f2-123d-4dc3-a06e-b2faecfda2ce","Station_132_Date_19JUL2006:11:43:00.000_Fundulus_grandis","Animalia","Chordata",NA,"Cyprinodontiformes","Fundulidae","Fundulus","Fundulus grandis",NA,"SPECIES","Fundulus grandis Baird & Girard, 1853","Fundulus grandis","Baird & Girard, 1853","US","Sabine-Neches Estuary","Texas","PRESENT",NA,"c3ad790a-d426-4ac1-8e32-da61f81f0117",29.82,-93.843889,100,NA,NA,NA,0.3,0.3,"2006-07-19T11:43",19,7,2006,5203686,5203686,"HUMAN_OBSERVATION","TPWD","Sabine Lake Bag Seine","",NA,"",NA,"CC0_1_0","","",NA,NA,2025-02-07 00:17:09.853,"","CONTINENT_DERIVED_FROM_COORDINATES"
3405567312,"f46c93f2-123d-4dc3-a06e-b2faecfda2ce","Station_33_Date_05APR2006:11:12:00.000_Fundulus_grandis","Animalia","Chordata",NA,"Cyprinodontiformes","Fundulidae","Fundulus","Fundulus grandis",NA,"SPECIES","Fundulus grandis Baird & Girard, 1853","Fundulus grandis","Baird & Girard, 1853","US","Sabine-Neches Estuary","Texas","PRESENT",NA,"c3ad790a-d426-4ac1-8e32-da61f81f0117",29.976389,-93.827778,100,NA,NA,NA,0.2,0.2,"2006-04-05T11:12",5,4,2006,5203686,5203686,"HUMAN_OBSERVATION","TPWD","Sabine Lake Bag Seine","",NA,"",NA,"CC0_1_0","","",NA,NA,2025-02-07 00:17:09.811,"","CONTINENT_DERIVED_FROM_COORDINATES"
3405565518,"f46c93f2-123d-4dc3-a06e-b2faecfda2ce","Station_121_Date_21JAN2008:11:34:00.000_Fundulus_grandis","Animalia","Chordata",NA,"Cyprinodontiformes","Fundulidae","Fundulus","Fundulus grandis",NA,"SPECIES","Fundulus grandis Baird & Girard, 1853","Fundulus grandis","Baird & Girard, 1853","US","Sabine-Neches Estuary","Texas","PRESENT",NA,"c3ad790a-d426-4ac1-8e32-da61f81f0117",29.843056,-93.794444,100,NA,NA,NA,0.4,0.3,"2008-01-21T11:34",21,1,2008,5203686,5203686,"HUMAN_OBSERVATION","TPWD","Sabine Lake Bag Seine","",NA,"",NA,"CC0_1_0","","",NA,NA,2025-02-07 00:17:09.851,"","CONTINENT_DERIVED_FROM_COORDINATES"
3405565434,"f46c93f2-123d-4dc3-a06e-b2faecfda2ce","Station_72_Date_20SEP2005:16:47:00.000_Fundulus_grandis","Animalia","Chordata",NA,"Cyprinodontiformes","Fundulidae","Fundulus","Fundulus grandis",NA,"SPECIES","Fundulus grandis Baird & Girard, 1853","Fundulus grandis","Baird & Girard, 1853","US","Sabine-Neches Estuary","Texas","PRESENT",NA,"c3ad790a-d426-4ac1-8e32-da61f81f0117",29.900833,-93.77,100,NA,NA,NA,0.35,0.35,"2005-09-20T16:47",20,9,2005,5203686,5203686,"HUMAN_OBSERVATION","TPWD","Sabine Lake Bag Seine","",NA,"",NA,"CC0_1_0","","",NA,NA,2025-02-07 00:17:09.821,"","CONTINENT_DERIVED_FROM_COORDINATES"
3405564676,"f46c93f2-123d-4dc3-a06e-b2faecfda2ce","Station_193_Date_26APR2005:12:44:00.000_Fundulus_grandis","Animalia","Chordata",NA,"Cyprinodontiformes","Fundulidae","Fundulus","Fundulus grandis",NA,"SPECIES","Fundulus grandis Baird & Girard, 1853","Fundulus grandis","Baird & Girard, 1853","US","Sabine-Neches Estuary","Texas","PRESENT",NA,"c3ad790a-d426-4ac1-8e32-da61f81f0117",29.747778,-93.888611,100,NA,NA,NA,0.25,0.25,"2005-04-26T12:44",26,4,2005,5203686,5203686,"HUMAN_OBSERVATION","TPWD","Sabine Lake Bag Seine","",NA,"",NA,"CC0_1_0","","",NA,NA,2025-02-07 00:17:09.898,"","CONTINENT_DERIVED_FROM_COORDINATES"
3405564486,"f46c93f2-123d-4dc3-a06e-b2faecfda2ce","Station_108_Date_20NOV2007:12:00:00.000_Fundulus_grandis","Animalia","Chordata",NA,"Cyprinodontiformes","Fundulidae","Fundulus","Fundulus grandis",NA,"SPECIES","Fundulus grandis Baird & Girard, 1853","Fundulus grandis","Baird & Girard, 1853","US","Sabine-Neches Estuary","Texas","PRESENT",NA,"c3ad790a-d426-4ac1-8e32-da61f81f0117",29.863611,-93.780833,100,NA,NA,NA,0.4,0.3,"2007-11-20T12:00",20,11,2007,5203686,5203686,"HUMAN_OBSERVATION","TPWD","Sabine Lake Bag Seine","",NA,"",NA,"CC0_1_0","","",NA,NA,2025-02-07 00:17:09.869,"","CONTINENT_DERIVED_FROM_COORDINATES"
3405563370,"f46c93f2-123d-4dc3-a06e-b2faecfda2ce","Station_72_Date_05JUN2007:11:30:00.000_Fundulus_grandis","Animalia","Chordata",NA,"Cyprinodontiformes","Fundulidae","Fundulus","Fundulus grandis",NA,"SPECIES","Fundulus grandis Baird & Girard, 1853","Fundulus grandis","Baird & Girard, 1853","US","Sabine-Neches Estuary","Texas","PRESENT",NA,"c3ad790a-d426-4ac1-8e32-da61f81f0117",29.9,-93.770278,100,NA,NA,NA,0.35,0.35,"2007-06-05T11:30",5,6,2007,5203686,5203686,"HUMAN_OBSERVATION","TPWD","Sabine Lake Bag Seine","",NA,"",NA,"CC0_1_0","","",NA,NA,2025-02-07 00:17:09.851,"","CONTINENT_DERIVED_FROM_COORDINATES"
3405562549,"f46c93f2-123d-4dc3-a06e-b2faecfda2ce","Station_145_Date_21DEC2005:10:48:00.000_Fundulus_grandis","Animalia","Chordata",NA,"Cyprinodontiformes","Fundulidae","Fundulus","Fundulus grandis",NA,"SPECIES","Fundulus grandis Baird & Girard, 1853","Fundulus grandis","Baird & Girard, 1853","US","Sabine-Neches Estuary","Texas","PRESENT",NA,"c3ad790a-d426-4ac1-8e32-da61f81f0117",29.808333,-93.87,100,NA,NA,NA,0.3,0.2,"2005-12-21T10:48",21,12,2005,5203686,5203686,"HUMAN_OBSERVATION","TPWD","Sabine Lake Bag Seine","",NA,"",NA,"CC0_1_0","","",NA,NA,2025-02-07 00:17:09.849,"","CONTINENT_DERIVED_FROM_COORDINATES"
3405560264,"f46c93f2-123d-4dc3-a06e-b2faecfda2ce","Station_22_Date_26APR2005:09:22:00.000_Fundulus_grandis","Animalia","Chordata",NA,"Cyprinodontiformes","Fundulidae","Fundulus","Fundulus grandis",NA,"SPECIES","Fundulus grandis Baird & Girard, 1853","Fundulus grandis","Baird & Girard, 1853","US","Sabine-Neches Estuary","Texas","PRESENT",NA,"c3ad790a-d426-4ac1-8e32-da61f81f0117",29.984444,-93.818611,100,NA,NA,NA,0.5,0.2,"2005-04-26T09:22",26,4,2005,5203686,5203686,"HUMAN_OBSERVATION","TPWD","Sabine Lake Bag Seine","",NA,"",NA,"CC0_1_0","","",NA,NA,2025-02-07 00:17:09.792,"","CONTINENT_DERIVED_FROM_COORDINATES"
3405558282,"f46c93f2-123d-4dc3-a06e-b2faecfda2ce","Station_24_Date_05MAR2008:11:42:00.000_Fundulus_grandis","Animalia","Chordata",NA,"Cyprinodontiformes","Fundulidae","Fundulus","Fundulus grandis",NA,"SPECIES","Fundulus grandis Baird & Girard, 1853","Fundulus grandis","Baird & Girard, 1853","US","Sabine-Neches Estuary","Texas","PRESENT",NA,"c3ad790a-d426-4ac1-8e32-da61f81f0117",29.988333,-93.7925,100,NA,NA,NA,0.25,0.25,"2008-03-05T11:42",5,3,2008,5203686,5203686,"HUMAN_OBSERVATION","TPWD","Sabine Lake Bag Seine","",NA,"",NA,"CC0_1_0","","",NA,NA,2025-02-07 00:17:09.806,"","CONTINENT_DERIVED_FROM_COORDINATES"
3405558280,"f46c93f2-123d-4dc3-a06e-b2faecfda2ce","Station_24_Date_04DEC2007:12:03:00.000_Fundulus_grandis","Animalia","Chordata",NA,"Cyprinodontiformes","Fundulidae","Fundulus","Fundulus grandis",NA,"SPECIES","Fundulus grandis Baird & Girard, 1853","Fundulus grandis","Baird & Girard, 1853","US","Sabine-Neches Estuary","Texas","PRESENT",NA,"c3ad790a-d426-4ac1-8e32-da61f81f0117",29.988056,-93.7925,100,NA,NA,NA,0.15,0.15,"2007-12-04T12:03",4,12,2007,5203686,5203686,"HUMAN_OBSERVATION","TPWD","Sabine Lake Bag Seine","",NA,"",NA,"CC0_1_0","","",NA,NA,2025-02-07 00:17:09.805,"","CONTINENT_DERIVED_FROM_COORDINATES"
3405476488,"f46c93f2-123d-4dc3-a06e-b2faecfda2ce","Station_83_Date_08NOV2005:15:28:00.000_Fundulus_grandis","Animalia","Chordata",NA,"Cyprinodontiformes","Fundulidae","Fundulus","Fundulus grandis",NA,"SPECIES","Fundulus grandis Baird & Girard, 1853","Fundulus grandis","Baird & Girard, 1853","US","Sabine-Neches Estuary","Texas","PRESENT",NA,"c3ad790a-d426-4ac1-8e32-da61f81f0117",29.884444,-93.769722,100,NA,NA,NA,0.35,0.35,"2005-11-08T15:28",8,11,2005,5203686,5203686,"HUMAN_OBSERVATION","TPWD","Sabine Lake Bag Seine","",NA,"",NA,"CC0_1_0","","",NA,NA,2025-02-07 00:17:09.861,"","CONTINENT_DERIVED_FROM_COORDINATES"
3405475711,"f46c93f2-123d-4dc3-a06e-b2faecfda2ce","Station_194_Date_24MAR2006:11:17:00.000_Fundulus_grandis","Animalia","Chordata",NA,"Cyprinodontiformes","Fundulidae","Fundulus","Fundulus grandis",NA,"SPECIES","Fundulus grandis Baird & Girard, 1853","Fundulus grandis","Baird & Girard, 1853","US","Sabine-Neches Estuary","Texas","PRESENT",NA,"c3ad790a-d426-4ac1-8e32-da61f81f0117",29.735556,-93.877222,100,NA,NA,NA,0.35,0.35,"2006-03-24T11:17",24,3,2006,5203686,5203686,"HUMAN_OBSERVATION","TPWD","Sabine Lake Bag Seine","",NA,"",NA,"CC0_1_0","","",NA,NA,2025-02-07 00:17:09.879,"","CONTINENT_DERIVED_FROM_COORDINATES"
3405475576,"f46c93f2-123d-4dc3-a06e-b2faecfda2ce","Station_134_Date_18MAY2006:11:06:00.000_Fundulus_grandis","Animalia","Chordata",NA,"Cyprinodontiformes","Fundulidae","Fundulus","Fundulus grandis",NA,"SPECIES","Fundulus grandis Baird & Girard, 1853","Fundulus grandis","Baird & Girard, 1853","US","Sabine-Neches Estuary","Texas","PRESENT",NA,"c3ad790a-d426-4ac1-8e32-da61f81f0117",29.826667,-93.815556,100,NA,NA,NA,0.25,0.25,"2006-05-18T11:06",18,5,2006,5203686,5203686,"HUMAN_OBSERVATION","TPWD","Sabine Lake Bag Seine","",NA,"",NA,"CC0_1_0","","",NA,NA,2025-02-07 00:17:09.858,"","CONTINENT_DERIVED_FROM_COORDINATES"
3405475438,"f46c93f2-123d-4dc3-a06e-b2faecfda2ce","Station_73_Date_18MAY2006:09:11:00.000_Fundulus_grandis","Animalia","Chordata",NA,"Cyprinodontiformes","Fundulidae","Fundulus","Fundulus grandis",NA,"SPECIES","Fundulus grandis Baird & Girard, 1853","Fundulus grandis","Baird & Girard, 1853","US","Sabine-Neches Estuary","Texas","PRESENT",NA,"c3ad790a-d426-4ac1-8e32-da61f81f0117",29.91,-93.765278,100,NA,NA,NA,0.25,0.25,"2006-05-18T09:11",18,5,2006,5203686,5203686,"HUMAN_OBSERVATION","TPWD","Sabine Lake Bag Seine","",NA,"",NA,"CC0_1_0","","",NA,NA,2025-02-07 00:17:09.823,"","CONTINENT_DERIVED_FROM_COORDINATES"
3405474369,"f46c93f2-123d-4dc3-a06e-b2faecfda2ce","Station_63_Date_05JUN2006:11:24:00.000_Fundulus_grandis","Animalia","Chordata",NA,"Cyprinodontiformes","Fundulidae","Fundulus","Fundulus grandis",NA,"SPECIES","Fundulus grandis Baird & Girard, 1853","Fundulus grandis","Baird & Girard, 1853","US","Sabine-Neches Estuary","Texas","PRESENT",NA,"c3ad790a-d426-4ac1-8e32-da61f81f0117",29.925833,-93.7625,100,NA,NA,NA,0.4,0.4,"2006-06-05T11:24",5,6,2006,5203686,5203686,"HUMAN_OBSERVATION","TPWD","Sabine Lake Bag Seine","",NA,"",NA,"CC0_1_0","","",NA,NA,2025-02-07 00:17:09.808,"","CONTINENT_DERIVED_FROM_COORDINATES"
3405472425,"f46c93f2-123d-4dc3-a06e-b2faecfda2ce","Station_72_Date_20MAR2008:10:27:00.000_Fundulus_grandis","Animalia","Chordata",NA,"Cyprinodontiformes","Fundulidae","Fundulus","Fundulus grandis",NA,"SPECIES","Fundulus grandis Baird & Girard, 1853","Fundulus grandis","Baird & Girard, 1853","US","Sabine-Neches Estuary","Texas","PRESENT",NA,"c3ad790a-d426-4ac1-8e32-da61f81f0117",29.905,-93.767778,100,NA,NA,NA,0.25,0.25,"2008-03-20T10:27",20,3,2008,5203686,5203686,"HUMAN_OBSERVATION","TPWD","Sabine Lake Bag Seine","",NA,"",NA,"CC0_1_0","","",NA,NA,2025-02-07 00:17:09.796,"","CONTINENT_DERIVED_FROM_COORDINATES"
3405471439,"f46c93f2-123d-4dc3-a06e-b2faecfda2ce","Station_134_Date_18DEC2006:12:03:00.000_Fundulus_grandis","Animalia","Chordata",NA,"Cyprinodontiformes","Fundulidae","Fundulus","Fundulus grandis",NA,"SPECIES","Fundulus grandis Baird & Girard, 1853","Fundulus grandis","Baird & Girard, 1853","US","Sabine-Neches Estuary","Texas","PRESENT",NA,"c3ad790a-d426-4ac1-8e32-da61f81f0117",29.826944,-93.815833,100,NA,NA,NA,0.2,0.2,"2006-12-18T12:03",18,12,2006,5203686,5203686,"HUMAN_OBSERVATION","TPWD","Sabine Lake Bag Seine","",NA,"",NA,"CC0_1_0","","",NA,NA,2025-02-07 00:17:09.83,"","CONTINENT_DERIVED_FROM_COORDINATES"
3405470471,"f46c93f2-123d-4dc3-a06e-b2faecfda2ce","Station_83_Date_06DEC2005:09:56:00.000_Fundulus_grandis","Animalia","Chordata",NA,"Cyprinodontiformes","Fundulidae","Fundulus","Fundulus grandis",NA,"SPECIES","Fundulus grandis Baird & Girard, 1853","Fundulus grandis","Baird & Girard, 1853","US","Sabine-Neches Estuary","Texas","PRESENT",NA,"c3ad790a-d426-4ac1-8e32-da61f81f0117",29.891667,-93.768611,100,NA,NA,NA,0.25,0.25,"2005-12-06T09:56",6,12,2005,5203686,5203686,"HUMAN_OBSERVATION","TPWD","Sabine Lake Bag Seine","",NA,"",NA,"CC0_1_0","","",NA,NA,2025-02-07 00:17:09.824,"","CONTINENT_DERIVED_FROM_COORDINATES"
3405469600,"f46c93f2-123d-4dc3-a06e-b2faecfda2ce","Station_156_Date_04APR2005:09:31:00.000_Fundulus_grandis","Animalia","Chordata",NA,"Cyprinodontiformes","Fundulidae","Fundulus","Fundulus grandis",NA,"SPECIES","Fundulus grandis Baird & Girard, 1853","Fundulus grandis","Baird & Girard, 1853","US","Sabine-Neches Estuary","Texas","PRESENT",NA,"c3ad790a-d426-4ac1-8e32-da61f81f0117",29.795556,-93.902222,100,NA,NA,NA,0.15,0.15,"2005-04-04T09:31",4,4,2005,5203686,5203686,"HUMAN_OBSERVATION","TPWD","Sabine Lake Bag Seine","",NA,"",NA,"CC0_1_0","","",NA,NA,2025-02-07 00:17:09.881,"","CONTINENT_DERIVED_FROM_COORDINATES"
3405469423,"f46c93f2-123d-4dc3-a06e-b2faecfda2ce","Station_73_Date_05JUN2006:10:56:00.000_Fundulus_grandis","Animalia","Chordata",NA,"Cyprinodontiformes","Fundulidae","Fundulus","Fundulus grandis",NA,"SPECIES","Fundulus grandis Baird & Girard, 1853","Fundulus grandis","Baird & Girard, 1853","US","Sabine-Neches Estuary","Texas","PRESENT",NA,"c3ad790a-d426-4ac1-8e32-da61f81f0117",29.908611,-93.765556,100,NA,NA,NA,0.3,0.3,"2006-06-05T10:56",5,6,2006,5203686,5203686,"HUMAN_OBSERVATION","TPWD","Sabine Lake Bag Seine","",NA,"",NA,"CC0_1_0","","",NA,NA,2025-02-07 00:17:09.853,"","CONTINENT_DERIVED_FROM_COORDINATES"
3405468715,"f46c93f2-123d-4dc3-a06e-b2faecfda2ce","Station_193_Date_05JAN2007:09:48:00.000_Fundulus_grandis","Animalia","Chordata",NA,"Cyprinodontiformes","Fundulidae","Fundulus","Fundulus grandis",NA,"SPECIES","Fundulus grandis Baird & Girard, 1853","Fundulus grandis","Baird & Girard, 1853","US","Sabine-Neches Estuary","Texas","PRESENT",NA,"c3ad790a-d426-4ac1-8e32-da61f81f0117",29.7475,-93.888611,100,NA,NA,NA,0.25,0.25,"2007-01-05T09:48",5,1,2007,5203686,5203686,"HUMAN_OBSERVATION","TPWD","Sabine Lake Bag Seine","",NA,"",NA,"CC0_1_0","","",NA,NA,2025-02-07 00:17:09.833,"","CONTINENT_DERIVED_FROM_COORDINATES"
3405468471,"f46c93f2-123d-4dc3-a06e-b2faecfda2ce","Station_63_Date_20SEP2005:17:13:00.000_Fundulus_grandis","Animalia","Chordata",NA,"Cyprinodontiformes","Fundulidae","Fundulus","Fundulus grandis",NA,"SPECIES","Fundulus grandis Baird & Girard, 1853","Fundulus grandis","Baird & Girard, 1853","US","Sabine-Neches Estuary","Texas","PRESENT",NA,"c3ad790a-d426-4ac1-8e32-da61f81f0117",29.923889,-93.762222,100,NA,NA,NA,0.35,0.35,"2005-09-20T17:13",20,9,2005,5203686,5203686,"HUMAN_OBSERVATION","TPWD","Sabine Lake Bag Seine","",NA,"",NA,"CC0_1_0","","",NA,NA,2025-02-07 00:17:09.795,"","CONTINENT_DERIVED_FROM_COORDINATES"
3405467366,"f46c93f2-123d-4dc3-a06e-b2faecfda2ce","Station_37_Date_04JAN2008:12:51:00.000_Fundulus_grandis","Animalia","Chordata",NA,"Cyprinodontiformes","Fundulidae","Fundulus","Fundulus grandis",NA,"SPECIES","Fundulus grandis Baird & Girard, 1853","Fundulus grandis","Baird & Girard, 1853","US","Sabine-Neches Estuary","Texas","PRESENT",NA,"c3ad790a-d426-4ac1-8e32-da61f81f0117",29.973889,-93.762778,100,NA,NA,NA,0.1,0.1,"2008-01-04T12:51",4,1,2008,5203686,5203686,"HUMAN_OBSERVATION","TPWD","Sabine Lake Bag Seine","",NA,"",NA,"CC0_1_0","","",NA,NA,2025-02-07 00:17:09.832,"","CONTINENT_DERIVED_FROM_COORDINATES"
3405278422,"ea09e0f4-36c4-4383-b04d-48da83a32c5c","Station_523_Date_18DEC2007:13:21:00.000_Fundulus_grandis","Animalia","Chordata",NA,"Cyprinodontiformes","Fundulidae","Fundulus","Fundulus grandis",NA,"SPECIES","Fundulus grandis Baird & Girard, 1853","Fundulus grandis","Baird & Girard, 1853","US","Lavaca-Colorado Estuary","Texas","PRESENT",NA,"c3ad790a-d426-4ac1-8e32-da61f81f0117",28.479722,-96.55,100,NA,NA,NA,0.15,0.15,"2007-12-18T13:21",18,12,2007,5203686,5203686,"HUMAN_OBSERVATION","TPWD","Matagorda Bay Bag Seine","",NA,"",NA,"CC0_1_0","","",NA,NA,2025-02-07 00:07:00.65,"","CONTINENT_DERIVED_FROM_COORDINATES"
3405278371,"ea09e0f4-36c4-4383-b04d-48da83a32c5c","Station_501_Date_08JAN2008:12:09:00.000_Fundulus_grandis","Animalia","Chordata",NA,"Cyprinodontiformes","Fundulidae","Fundulus","Fundulus grandis",NA,"SPECIES","Fundulus grandis Baird & Girard, 1853","Fundulus grandis","Baird & Girard, 1853","US","Lavaca-Colorado Estuary","Texas","PRESENT",NA,"c3ad790a-d426-4ac1-8e32-da61f81f0117",28.365,-96.399444,100,NA,NA,NA,0.05,0.05,"2008-01-08T12:09",8,1,2008,5203686,5203686,"HUMAN_OBSERVATION","TPWD","Matagorda Bay Bag Seine","",NA,"",NA,"CC0_1_0","","",NA,NA,2025-02-07 00:07:00.633,"","CONTINENT_DERIVED_FROM_COORDINATES"
3405276201,"ea09e0f4-36c4-4383-b04d-48da83a32c5c","Station_450_Date_22JAN2008:09:53:00.000_Fundulus_grandis","Animalia","Chordata",NA,"Cyprinodontiformes","Fundulidae","Fundulus","Fundulus grandis",NA,"SPECIES","Fundulus grandis Baird & Girard, 1853","Fundulus grandis","Baird & Girard, 1853","US","Lavaca-Colorado Estuary","Texas","PRESENT",NA,"c3ad790a-d426-4ac1-8e32-da61f81f0117",28.485278,-96.249444,100,NA,NA,NA,0.35,0.05,"2008-01-22T09:53",22,1,2008,5203686,5203686,"HUMAN_OBSERVATION","TPWD","Matagorda Bay Bag Seine","",NA,"",NA,"CC0_1_0","","",NA,NA,2025-02-07 00:07:00.438,"","CONTINENT_DERIVED_FROM_COORDINATES"
3405276121,"ea09e0f4-36c4-4383-b04d-48da83a32c5c","Station_431_Date_27MAR2006:14:21:00.000_Fundulus_grandis","Animalia","Chordata",NA,"Cyprinodontiformes","Fundulidae","Fundulus","Fundulus grandis",NA,"SPECIES","Fundulus grandis Baird & Girard, 1853","Fundulus grandis","Baird & Girard, 1853","US","Lavaca-Colorado Estuary","Texas","PRESENT",NA,"c3ad790a-d426-4ac1-8e32-da61f81f0117",28.514444,-96.193611,100,NA,NA,NA,0.45,0.45,"2006-03-27T14:21",27,3,2006,5203686,5203686,"HUMAN_OBSERVATION","TPWD","Matagorda Bay Bag Seine","",NA,"",NA,"CC0_1_0","","",NA,NA,2025-02-07 00:07:00.411,"","CONTINENT_DERIVED_FROM_COORDINATES"
3405276077,"ea09e0f4-36c4-4383-b04d-48da83a32c5c","Station_411_Date_02NOV2005:14:26:00.000_Fundulus_grandis","Animalia","Chordata",NA,"Cyprinodontiformes","Fundulidae","Fundulus","Fundulus grandis",NA,"SPECIES","Fundulus grandis Baird & Girard, 1853","Fundulus grandis","Baird & Girard, 1853","US","Lavaca-Colorado Estuary","Texas","PRESENT",NA,"c3ad790a-d426-4ac1-8e32-da61f81f0117",28.500833,-96.517222,100,NA,NA,NA,0.1,0.1,"2005-11-02T14:26",2,11,2005,5203686,5203686,"HUMAN_OBSERVATION","TPWD","Matagorda Bay Bag Seine","",NA,"",NA,"CC0_1_0","","",NA,NA,2025-02-07 00:07:00.396,"","CONTINENT_DERIVED_FROM_COORDINATES"
3405275802,"ea09e0f4-36c4-4383-b04d-48da83a32c5c","Station_286_Date_17DEC2007:13:44:00.000_Fundulus_grandis","Animalia","Chordata",NA,"Cyprinodontiformes","Fundulidae","Fundulus","Fundulus grandis",NA,"SPECIES","Fundulus grandis Baird & Girard, 1853","Fundulus grandis","Baird & Girard, 1853","US","Lavaca-Colorado Estuary","Texas","PRESENT",NA,"c3ad790a-d426-4ac1-8e32-da61f81f0117",28.586389,-96.048333,100,NA,NA,NA,0.15,0.15,"2007-12-17T13:44",17,12,2007,5203686,5203686,"HUMAN_OBSERVATION","TPWD","Matagorda Bay Bag Seine","",NA,"",NA,"CC0_1_0","","",NA,NA,2025-02-07 00:07:00.307,"","CONTINENT_DERIVED_FROM_COORDINATES"
3405275737,"ea09e0f4-36c4-4383-b04d-48da83a32c5c","Station_256_Date_17NOV2008:11:34:00.000_Fundulus_grandis","Animalia","Chordata",NA,"Cyprinodontiformes","Fundulidae","Fundulus","Fundulus grandis",NA,"SPECIES","Fundulus grandis Baird & Girard, 1853","Fundulus grandis","Baird & Girard, 1853","US","Lavaca-Colorado Estuary","Texas","PRESENT",NA,"c3ad790a-d426-4ac1-8e32-da61f81f0117",28.363056,-96.407778,100,NA,NA,NA,0.5,0.3,"2008-11-17T11:34",17,11,2008,5203686,5203686,"HUMAN_OBSERVATION","TPWD","Matagorda Bay Bag Seine","",NA,"",NA,"CC0_1_0","","",NA,NA,2025-02-07 00:07:00.29,"","CONTINENT_DERIVED_FROM_COORDINATES"
3405275640,"ea09e0f4-36c4-4383-b04d-48da83a32c5c","Station_225_Date_22DEC2005:11:43:00.000_Fundulus_grandis","Animalia","Chordata",NA,"Cyprinodontiformes","Fundulidae","Fundulus","Fundulus grandis",NA,"SPECIES","Fundulus grandis Baird & Girard, 1853","Fundulus grandis","Baird & Girard, 1853","US","Lavaca-Colorado Estuary","Texas","PRESENT",NA,"c3ad790a-d426-4ac1-8e32-da61f81f0117",28.616667,-96.386111,100,NA,NA,NA,0.15,0.15,"2005-12-22T11:43",22,12,2005,5203686,5203686,"HUMAN_OBSERVATION","TPWD","Matagorda Bay Bag Seine","",NA,"",NA,"CC0_1_0","","",NA,NA,2025-02-07 00:07:00.252,"","CONTINENT_DERIVED_FROM_COORDINATES"
3405274440,"ea09e0f4-36c4-4383-b04d-48da83a32c5c","Station_523_Date_08JAN2008:13:38:00.000_Fundulus_grandis","Animalia","Chordata",NA,"Cyprinodontiformes","Fundulidae","Fundulus","Fundulus grandis",NA,"SPECIES","Fundulus grandis Baird & Girard, 1853","Fundulus grandis","Baird & Girard, 1853","US","Lavaca-Colorado Estuary","Texas","PRESENT",NA,"c3ad790a-d426-4ac1-8e32-da61f81f0117",28.48,-96.551667,100,NA,NA,NA,0.15,0.05,"2008-01-08T13:38",8,1,2008,5203686,5203686,"HUMAN_OBSERVATION","TPWD","Matagorda Bay Bag Seine","",NA,"",NA,"CC0_1_0","","",NA,NA,2025-02-07 00:07:00.622,"","CONTINENT_DERIVED_FROM_COORDINATES"
3405273433,"ea09e0f4-36c4-4383-b04d-48da83a32c5c","Station_479_Date_15APR2008:12:07:00.000_Fundulus_grandis","Animalia","Chordata",NA,"Cyprinodontiformes","Fundulidae","Fundulus","Fundulus grandis",NA,"SPECIES","Fundulus grandis Baird & Girard, 1853","Fundulus grandis","Baird & Girard, 1853","US","Lavaca-Colorado Estuary","Texas","PRESENT",NA,"c3ad790a-d426-4ac1-8e32-da61f81f0117",28.435556,-96.397222,100,NA,NA,NA,0.15,0.05,"2008-04-15T12:07",15,4,2008,5203686,5203686,"HUMAN_OBSERVATION","TPWD","Matagorda Bay Bag Seine","",NA,"",NA,"CC0_1_0","","",NA,NA,2025-02-07 00:07:00.372,"","CONTINENT_DERIVED_FROM_COORDINATES"
3405273216,"ea09e0f4-36c4-4383-b04d-48da83a32c5c","Station_409_Date_21FEB2008:11:04:00.000_Fundulus_grandis","Animalia","Chordata",NA,"Cyprinodontiformes","Fundulidae","Fundulus","Fundulus grandis",NA,"SPECIES","Fundulus grandis Baird & Girard, 1853","Fundulus grandis","Baird & Girard, 1853","US","Lavaca-Colorado Estuary","Texas","PRESENT",NA,"c3ad790a-d426-4ac1-8e32-da61f81f0117",28.527222,-96.178611,100,NA,NA,NA,0.2,0.1,"2008-02-21T11:04",21,2,2008,5203686,5203686,"HUMAN_OBSERVATION","TPWD","Matagorda Bay Bag Seine","",NA,"",NA,"CC0_1_0","","",NA,NA,2025-02-07 00:07:00.732,"","CONTINENT_DERIVED_FROM_COORDINATES"
3405273178,"ea09e0f4-36c4-4383-b04d-48da83a32c5c","Station_385_Date_26JAN2005:13:16:00.000_Fundulus_grandis","Animalia","Chordata",NA,"Cyprinodontiformes","Fundulidae","Fundulus","Fundulus grandis",NA,"SPECIES","Fundulus grandis Baird & Girard, 1853","Fundulus grandis","Baird & Girard, 1853","US","Lavaca-Colorado Estuary","Texas","PRESENT",NA,"c3ad790a-d426-4ac1-8e32-da61f81f0117",28.540833,-96.151944,100,NA,NA,NA,0.05,0.05,"2005-01-26T13:16",26,1,2005,5203686,5203686,"HUMAN_OBSERVATION","TPWD","Matagorda Bay Bag Seine","",NA,"",NA,"CC0_1_0","","",NA,NA,2025-02-07 00:07:00.718,"","CONTINENT_DERIVED_FROM_COORDINATES"
3405272212,"ea09e0f4-36c4-4383-b04d-48da83a32c5c","Station_428_Date_11JUN2007:17:44:00.000_Fundulus_grandis","Animalia","Chordata",NA,"Cyprinodontiformes","Fundulidae","Fundulus","Fundulus grandis",NA,"SPECIES","Fundulus grandis Baird & Girard, 1853","Fundulus grandis","Baird & Girard, 1853","US","Lavaca-Colorado Estuary","Texas","PRESENT",NA,"c3ad790a-d426-4ac1-8e32-da61f81f0117",28.505833,-96.235278,100,NA,NA,NA,0.1,0,"2007-06-11T17:44",11,6,2007,5203686,5203686,"HUMAN_OBSERVATION","TPWD","Matagorda Bay Bag Seine","",NA,"",NA,"CC0_1_0","","",NA,NA,2025-02-07 00:07:00.545,"","CONTINENT_DERIVED_FROM_COORDINATES"
3405271795,"ea09e0f4-36c4-4383-b04d-48da83a32c5c","Station_255_Date_16APR2008:13:44:00.000_Fundulus_grandis","Animalia","Chordata",NA,"Cyprinodontiformes","Fundulidae","Fundulus","Fundulus grandis",NA,"SPECIES","Fundulus grandis Baird & Girard, 1853","Fundulus grandis","Baird & Girard, 1853","US","Lavaca-Colorado Estuary","Texas","PRESENT",NA,"c3ad790a-d426-4ac1-8e32-da61f81f0117",28.356389,-96.425,100,NA,NA,NA,0.2,0.1,"2008-04-16T13:44",16,4,2008,5203686,5203686,"HUMAN_OBSERVATION","TPWD","Matagorda Bay Bag Seine","",NA,"",NA,"CC0_1_0","","",NA,NA,2025-02-07 00:07:00.392,"","CONTINENT_DERIVED_FROM_COORDINATES"
3405271558,"ea09e0f4-36c4-4383-b04d-48da83a32c5c","Station_183_Date_11DEC2007:10:22:00.000_Fundulus_grandis","Animalia","Chordata",NA,"Cyprinodontiformes","Fundulidae","Fundulus","Fundulus grandis",NA,"SPECIES","Fundulus grandis Baird & Girard, 1853","Fundulus grandis","Baird & Girard, 1853","US","Lavaca-Colorado Estuary","Texas","PRESENT",NA,"c3ad790a-d426-4ac1-8e32-da61f81f0117",28.632778,-96.417222,100,NA,NA,NA,0.25,0.05,"2007-12-11T10:22",11,12,2007,5203686,5203686,"HUMAN_OBSERVATION","TPWD","Matagorda Bay Bag Seine","",NA,"",NA,"CC0_1_0","","",NA,NA,2025-02-07 00:07:00.299,"","CONTINENT_DERIVED_FROM_COORDINATES"
3405271238,"ea09e0f4-36c4-4383-b04d-48da83a32c5c","Station_409_Date_12MAY2008:16:13:00.000_Fundulus_grandis","Animalia","Chordata",NA,"Cyprinodontiformes","Fundulidae","Fundulus","Fundulus grandis",NA,"SPECIES","Fundulus grandis Baird & Girard, 1853","Fundulus grandis","Baird & Girard, 1853","US","Lavaca-Colorado Estuary","Texas","PRESENT",NA,"c3ad790a-d426-4ac1-8e32-da61f81f0117",28.5175,-96.181667,100,NA,NA,NA,0.45,0.35,"2008-05-12T16:13",12,5,2008,5203686,5203686,"HUMAN_OBSERVATION","TPWD","Matagorda Bay Bag Seine","",NA,"",NA,"CC0_1_0","","",NA,NA,2025-02-07 00:07:00.297,"","CONTINENT_DERIVED_FROM_COORDINATES"
3405270198,"ea09e0f4-36c4-4383-b04d-48da83a32c5c","Station_436_Date_12DEC2006:13:10:00.000_Fundulus_grandis","Animalia","Chordata",NA,"Cyprinodontiformes","Fundulidae","Fundulus","Fundulus grandis",NA,"SPECIES","Fundulus grandis Baird & Girard, 1853","Fundulus grandis","Baird & Girard, 1853","US","Lavaca-Colorado Estuary","Texas","PRESENT",NA,"c3ad790a-d426-4ac1-8e32-da61f81f0117",28.499444,-96.486389,100,NA,NA,NA,0.2,0.1,"2006-12-12T13:10",12,12,2006,5203686,5203686,"HUMAN_OBSERVATION","TPWD","Matagorda Bay Bag Seine","",NA,"",NA,"CC0_1_0","","",NA,NA,2025-02-07 00:07:00.559,"","CONTINENT_DERIVED_FROM_COORDINATES"
3405269944,"ea09e0f4-36c4-4383-b04d-48da83a32c5c","Station_328_Date_29NOV2005:14:20:00.000_Fundulus_grandis","Animalia","Chordata",NA,"Cyprinodontiformes","Fundulidae","Fundulus","Fundulus grandis",NA,"SPECIES","Fundulus grandis Baird & Girard, 1853","Fundulus grandis","Baird & Girard, 1853","US","Lavaca-Colorado Estuary","Texas","PRESENT",NA,"c3ad790a-d426-4ac1-8e32-da61f81f0117",28.583056,-96.046111,100,NA,NA,NA,0.15,0.15,"2005-11-29T14:20",29,11,2005,5203686,5203686,"HUMAN_OBSERVATION","TPWD","Matagorda Bay Bag Seine","",NA,"",NA,"CC0_1_0","","",NA,NA,2025-02-07 00:07:00.465,"","CONTINENT_DERIVED_FROM_COORDINATES"
3405269327,"ea09e0f4-36c4-4383-b04d-48da83a32c5c","Station_106_Date_27FEB2008:08:57:00.000_Fundulus_grandis","Animalia","Chordata",NA,"Cyprinodontiformes","Fundulidae","Fundulus","Fundulus grandis",NA,"SPECIES","Fundulus grandis Baird & Girard, 1853","Fundulus grandis","Baird & Girard, 1853","US","Lavaca-Colorado Estuary","Texas","PRESENT",NA,"c3ad790a-d426-4ac1-8e32-da61f81f0117",28.633056,-95.924444,100,NA,NA,NA,0.15,0.15,"2008-02-27T08:57",27,2,2008,5203686,5203686,"HUMAN_OBSERVATION","TPWD","Matagorda Bay Bag Seine","",NA,"",NA,"CC0_1_0","","",NA,NA,2025-02-07 00:07:00.222,"","CONTINENT_DERIVED_FROM_COORDINATES"
3405268261,"ea09e0f4-36c4-4383-b04d-48da83a32c5c","Station_389_Date_04FEB2008:11:23:00.000_Fundulus_grandis","Animalia","Chordata",NA,"Cyprinodontiformes","Fundulidae","Fundulus","Fundulus grandis",NA,"SPECIES","Fundulus grandis Baird & Girard, 1853","Fundulus grandis","Baird & Girard, 1853","US","Lavaca-Colorado Estuary","Texas","PRESENT",NA,"c3ad790a-d426-4ac1-8e32-da61f81f0117",28.526944,-96.508889,100,NA,NA,NA,0.25,0.25,"2008-02-04T11:23",4,2,2008,5203686,5203686,"HUMAN_OBSERVATION","TPWD","Matagorda Bay Bag Seine","",NA,"",NA,"CC0_1_0","","",NA,NA,2025-02-07 00:07:00.385,"","CONTINENT_DERIVED_FROM_COORDINATES"
3405267960,"ea09e0f4-36c4-4383-b04d-48da83a32c5c","Station_261_Date_13NOV2007:09:33:00.000_Fundulus_grandis","Animalia","Chordata",NA,"Cyprinodontiformes","Fundulidae","Fundulus","Fundulus grandis",NA,"SPECIES","Fundulus grandis Baird & Girard, 1853","Fundulus grandis","Baird & Girard, 1853","US","Lavaca-Colorado Estuary","Texas","PRESENT",NA,"c3ad790a-d426-4ac1-8e32-da61f81f0117",28.588889,-96.450278,100,NA,NA,NA,0.4,0,"2007-11-13T09:33",13,11,2007,5203686,5203686,"HUMAN_OBSERVATION","TPWD","Matagorda Bay Bag Seine","",NA,"",NA,"CC0_1_0","","",NA,NA,2025-02-07 00:07:00.298,"","CONTINENT_DERIVED_FROM_COORDINATES"
3405267776,"ea09e0f4-36c4-4383-b04d-48da83a32c5c","Station_202_Date_19DEC2005:12:13:00.000_Fundulus_grandis","Animalia","Chordata",NA,"Cyprinodontiformes","Fundulidae","Fundulus","Fundulus grandis",NA,"SPECIES","Fundulus grandis Baird & Girard, 1853","Fundulus grandis","Baird & Girard, 1853","US","Lavaca-Colorado Estuary","Texas","PRESENT",NA,"c3ad790a-d426-4ac1-8e32-da61f81f0117",28.625,-96.103611,100,NA,NA,NA,0.2,0.2,"2005-12-19T12:13",19,12,2005,5203686,5203686,"HUMAN_OBSERVATION","TPWD","Matagorda Bay Bag Seine","",NA,"",NA,"CC0_1_0","","",NA,NA,2025-02-07 00:07:00.236,"","CONTINENT_DERIVED_FROM_COORDINATES"
3405267487,"ea09e0f4-36c4-4383-b04d-48da83a32c5c","Station_102_Date_14JUL2008:12:57:00.000_Fundulus_grandis","Animalia","Chordata",NA,"Cyprinodontiformes","Fundulidae","Fundulus","Fundulus grandis",NA,"SPECIES","Fundulus grandis Baird & Girard, 1853","Fundulus grandis","Baird & Girard, 1853","US","Lavaca-Colorado Estuary","Texas","PRESENT",NA,"c3ad790a-d426-4ac1-8e32-da61f81f0117",28.645833,-95.888333,100,NA,NA,NA,0.1,0.1,"2008-07-14T12:57",14,7,2008,5203686,5203686,"HUMAN_OBSERVATION","TPWD","Matagorda Bay Bag Seine","",NA,"",NA,"CC0_1_0","","",NA,NA,2025-02-07 00:07:00.14,"","CONTINENT_DERIVED_FROM_COORDINATES"
3405267439,"ea09e0f4-36c4-4383-b04d-48da83a32c5c","Station_96_Date_16DEC2008:13:23:00.000_Fundulus_grandis","Animalia","Chordata",NA,"Cyprinodontiformes","Fundulidae","Fundulus","Fundulus grandis",NA,"SPECIES","Fundulus grandis Baird & Girard, 1853","Fundulus grandis","Baird & Girard, 1853","US","Lavaca-Colorado Estuary","Texas","PRESENT",NA,"c3ad790a-d426-4ac1-8e32-da61f81f0117",28.660833,-95.855278,100,NA,NA,NA,0.35,0.15,"2008-12-16T13:23",16,12,2008,5203686,5203686,"HUMAN_OBSERVATION","TPWD","Matagorda Bay Bag Seine","",NA,"",NA,"CC0_1_0","","",NA,NA,2025-02-07 00:07:00.126,"","CONTINENT_DERIVED_FROM_COORDINATES"
3405267155,"ea09e0f4-36c4-4383-b04d-48da83a32c5c","Station_412_Date_12JAN2006:12:14:00.000_Fundulus_grandis","Animalia","Chordata",NA,"Cyprinodontiformes","Fundulidae","Fundulus","Fundulus grandis",NA,"SPECIES","Fundulus grandis Baird & Girard, 1853","Fundulus grandis","Baird & Girard, 1853","US","Lavaca-Colorado Estuary","Texas","PRESENT",NA,"c3ad790a-d426-4ac1-8e32-da61f81f0117",28.506667,-96.510833,100,NA,NA,NA,0.3,0.1,"2006-01-12T12:14",12,1,2006,5203686,5203686,"HUMAN_OBSERVATION","TPWD","Matagorda Bay Bag Seine","",NA,"",NA,"CC0_1_0","","",NA,NA,2025-02-07 00:07:00.504,"","CONTINENT_DERIVED_FROM_COORDINATES"
3405266500,"ea09e0f4-36c4-4383-b04d-48da83a32c5c","Station_184_Date_11DEC2007:10:00:00.000_Fundulus_grandis","Animalia","Chordata",NA,"Cyprinodontiformes","Fundulidae","Fundulus","Fundulus grandis",NA,"SPECIES","Fundulus grandis Baird & Girard, 1853","Fundulus grandis","Baird & Girard, 1853","US","Lavaca-Colorado Estuary","Texas","PRESENT",NA,"c3ad790a-d426-4ac1-8e32-da61f81f0117",28.6325,-96.406389,100,NA,NA,NA,0.2,0.2,"2007-12-11T10:00",11,12,2007,5203686,5203686,"HUMAN_OBSERVATION","TPWD","Matagorda Bay Bag Seine","",NA,"",NA,"CC0_1_0","","",NA,NA,2025-02-07 00:07:00.279,"","CONTINENT_DERIVED_FROM_COORDINATES"
3405266298,"ea09e0f4-36c4-4383-b04d-48da83a32c5c","Station_102_Date_18NOV2008:12:32:00.000_Fundulus_grandis","Animalia","Chordata",NA,"Cyprinodontiformes","Fundulidae","Fundulus","Fundulus grandis",NA,"SPECIES","Fundulus grandis Baird & Girard, 1853","Fundulus grandis","Baird & Girard, 1853","US","Lavaca-Colorado Estuary","Texas","PRESENT",NA,"c3ad790a-d426-4ac1-8e32-da61f81f0117",28.669444,-96.001111,100,NA,NA,NA,0.2,0.2,"2008-11-18T12:32",18,11,2008,5203686,5203686,"HUMAN_OBSERVATION","TPWD","Matagorda Bay Bag Seine","",NA,"",NA,"CC0_1_0","","",NA,NA,2025-02-07 00:07:00.141,"","CONTINENT_DERIVED_FROM_COORDINATES"
3405266010,"ea09e0f4-36c4-4383-b04d-48da83a32c5c","Station_65_Date_09JAN2008:11:30:00.000_Fundulus_grandis","Animalia","Chordata",NA,"Cyprinodontiformes","Fundulidae","Fundulus","Fundulus grandis",NA,"SPECIES","Fundulus grandis Baird & Girard, 1853","Fundulus grandis","Baird & Girard, 1853","US","Lavaca-Colorado Estuary","Texas","PRESENT",NA,"c3ad790a-d426-4ac1-8e32-da61f81f0117",28.696944,-96.576667,100,NA,NA,NA,0.2,0.1,"2008-01-09T11:30",9,1,2008,5203686,5203686,"HUMAN_OBSERVATION","TPWD","Matagorda Bay Bag Seine","",NA,"",NA,"CC0_1_0","","",NA,NA,2025-02-07 00:07:00.044,"","CONTINENT_DERIVED_FROM_COORDINATES"
3405265905,"ea09e0f4-36c4-4383-b04d-48da83a32c5c","Station_51_Date_11DEC2007:11:50:00.000_Fundulus_grandis","Animalia","Chordata",NA,"Cyprinodontiformes","Fundulidae","Fundulus","Fundulus grandis",NA,"SPECIES","Fundulus grandis Baird & Girard, 1853","Fundulus grandis","Baird & Girard, 1853","US","Lavaca-Colorado Estuary","Texas","PRESENT",NA,"c3ad790a-d426-4ac1-8e32-da61f81f0117",28.710278,-96.416667,100,NA,NA,NA,0.15,0.15,"2007-12-11T11:50",11,12,2007,5203686,5203686,"HUMAN_OBSERVATION","TPWD","Matagorda Bay Bag Seine","",NA,"",NA,"CC0_1_0","","",NA,NA,2025-02-07 00:07:00.009,"","CONTINENT_DERIVED_FROM_COORDINATES"
3405264641,"ea09e0f4-36c4-4383-b04d-48da83a32c5c","Station_218_Date_10JAN2005:13:57:00.000_Fundulus_grandis","Animalia","Chordata",NA,"Cyprinodontiformes","Fundulidae","Fundulus","Fundulus grandis",NA,"SPECIES","Fundulus grandis Baird & Girard, 1853","Fundulus grandis","Baird & Girard, 1853","US","Lavaca-Colorado Estuary","Texas","PRESENT",NA,"c3ad790a-d426-4ac1-8e32-da61f81f0117",28.615833,-96.514167,100,NA,NA,NA,0.05,0.05,"2005-01-10T13:57",10,1,2005,5203686,5203686,"HUMAN_OBSERVATION","TPWD","Matagorda Bay Bag Seine","",NA,"",NA,"CC0_1_0","","",NA,NA,2025-02-07 00:07:00.308,"","CONTINENT_DERIVED_FROM_COORDINATES"
3405264364,"ea09e0f4-36c4-4383-b04d-48da83a32c5c","Station_106_Date_22MAR2005:12:52:00.000_Fundulus_grandis","Animalia","Chordata",NA,"Cyprinodontiformes","Fundulidae","Fundulus","Fundulus grandis",NA,"SPECIES","Fundulus grandis Baird & Girard, 1853","Fundulus grandis","Baird & Girard, 1853","US","Lavaca-Colorado Estuary","Texas","PRESENT",NA,"c3ad790a-d426-4ac1-8e32-da61f81f0117",28.631389,-95.929167,100,NA,NA,NA,0.35,0.15,"2005-03-22T12:52",22,3,2005,5203686,5203686,"HUMAN_OBSERVATION","TPWD","Matagorda Bay Bag Seine","",NA,"",NA,"CC0_1_0","","",NA,NA,2025-02-07 00:07:00.204,"","CONTINENT_DERIVED_FROM_COORDINATES"
3405264166,"ea09e0f4-36c4-4383-b04d-48da83a32c5c","Station_388_Date_09DEC2008:11:30:00.000_Fundulus_grandis","Animalia","Chordata",NA,"Cyprinodontiformes","Fundulidae","Fundulus","Fundulus grandis",NA,"SPECIES","Fundulus grandis Baird & Girard, 1853","Fundulus grandis","Baird & Girard, 1853","US","Lavaca-Colorado Estuary","Texas","PRESENT",NA,"c3ad790a-d426-4ac1-8e32-da61f81f0117",28.546667,-96.1125,100,NA,NA,NA,0.45,0.25,"2008-12-09T11:30",9,12,2008,5203686,5203686,"HUMAN_OBSERVATION","TPWD","Matagorda Bay Bag Seine","",NA,"",NA,"CC0_1_0","","",NA,NA,2025-02-07 00:07:00.285,"","CONTINENT_DERIVED_FROM_COORDINATES"
3405263427,"ea09e0f4-36c4-4383-b04d-48da83a32c5c","Station_112_Date_12JAN2006:10:33:00.000_Fundulus_grandis","Animalia","Chordata",NA,"Cyprinodontiformes","Fundulidae","Fundulus","Fundulus grandis",NA,"SPECIES","Fundulus grandis Baird & Girard, 1853","Fundulus grandis","Baird & Girard, 1853","US","Lavaca-Colorado Estuary","Texas","PRESENT",NA,"c3ad790a-d426-4ac1-8e32-da61f81f0117",28.653889,-96.513333,100,NA,NA,NA,0.2,0.1,"2006-01-12T10:33",12,1,2006,5203686,5203686,"HUMAN_OBSERVATION","TPWD","Matagorda Bay Bag Seine","",NA,"",NA,"CC0_1_0","","",NA,NA,2025-02-07 00:07:00.018,"","CONTINENT_DERIVED_FROM_COORDINATES"
3405263397,"ea09e0f4-36c4-4383-b04d-48da83a32c5c","Station_102_Date_20DEC2005:12:53:00.000_Fundulus_grandis","Animalia","Chordata",NA,"Cyprinodontiformes","Fundulidae","Fundulus","Fundulus grandis",NA,"SPECIES","Fundulus grandis Baird & Girard, 1853","Fundulus grandis","Baird & Girard, 1853","US","Lavaca-Colorado Estuary","Texas","PRESENT",NA,"c3ad790a-d426-4ac1-8e32-da61f81f0117",28.648056,-95.885278,100,NA,NA,NA,0.2,0.2,"2005-12-20T12:53",20,12,2005,5203686,5203686,"HUMAN_OBSERVATION","TPWD","Matagorda Bay Bag Seine","",NA,"",NA,"CC0_1_0","","",NA,NA,2025-02-07 00:06:59.993,"","CONTINENT_DERIVED_FROM_COORDINATES"
3405263135,"ea09e0f4-36c4-4383-b04d-48da83a32c5c","Station_67_Date_14MAR2005:11:43:00.000_Fundulus_grandis","Animalia","Chordata",NA,"Cyprinodontiformes","Fundulidae","Fundulus","Fundulus grandis",NA,"SPECIES","Fundulus grandis Baird & Girard, 1853","Fundulus grandis","Baird & Girard, 1853","US","Lavaca-Colorado Estuary","Texas","PRESENT",NA,"c3ad790a-d426-4ac1-8e32-da61f81f0117",28.713889,-95.735833,100,NA,NA,NA,0.2,0.2,"2005-03-14T11:43",14,3,2005,5203686,5203686,"HUMAN_OBSERVATION","TPWD","Matagorda Bay Bag Seine","",NA,"",NA,"CC0_1_0","","",NA,NA,2025-02-07 00:07:00.312,"","CONTINENT_DERIVED_FROM_COORDINATES"
3405263048,"ea09e0f4-36c4-4383-b04d-48da83a32c5c","Station_56_Date_06MAR2006:10:33:00.000_Fundulus_grandis","Animalia","Chordata",NA,"Cyprinodontiformes","Fundulidae","Fundulus","Fundulus grandis",NA,"SPECIES","Fundulus grandis Baird & Girard, 1853","Fundulus grandis","Baird & Girard, 1853","US","Lavaca-Colorado Estuary","Texas","PRESENT",NA,"c3ad790a-d426-4ac1-8e32-da61f81f0117",28.702778,-96.263889,100,NA,NA,NA,0.15,0.15,"2006-03-06T10:33",6,3,2006,5203686,5203686,"HUMAN_OBSERVATION","TPWD","Matagorda Bay Bag Seine","",NA,"",NA,"CC0_1_0","","",NA,NA,2025-02-07 00:07:00.284,"","CONTINENT_DERIVED_FROM_COORDINATES"
3405262711,"ea09e0f4-36c4-4383-b04d-48da83a32c5c","Station_35_Date_16MAY2005:17:09:00.000_Fundulus_grandis","Animalia","Chordata",NA,"Cyprinodontiformes","Fundulidae","Fundulus","Fundulus grandis",NA,"SPECIES","Fundulus grandis Baird & Girard, 1853","Fundulus grandis","Baird & Girard, 1853","US","Lavaca-Colorado Estuary","Texas","PRESENT",NA,"c3ad790a-d426-4ac1-8e32-da61f81f0117",28.746111,-95.7475,100,NA,NA,NA,0.15,0.15,"2005-05-16T17:09",16,5,2005,5203686,5203686,"HUMAN_OBSERVATION","TPWD","Matagorda Bay Bag Seine","",NA,"",NA,"CC0_1_0","","",NA,NA,2025-02-07 00:07:00.154,"","CONTINENT_DERIVED_FROM_COORDINATES"
3405262291,"ea09e0f4-36c4-4383-b04d-48da83a32c5c","Station_97_Date_10AUG2005:14:27:00.000_Fundulus_grandis","Animalia","Chordata",NA,"Cyprinodontiformes","Fundulidae","Fundulus","Fundulus grandis",NA,"SPECIES","Fundulus grandis Baird & Girard, 1853","Fundulus grandis","Baird & Girard, 1853","US","Lavaca-Colorado Estuary","Texas","PRESENT",NA,"c3ad790a-d426-4ac1-8e32-da61f81f0117",28.664722,-95.845278,100,NA,NA,NA,0.25,0.15,"2005-08-10T14:27",10,8,2005,5203686,5203686,"HUMAN_OBSERVATION","TPWD","Matagorda Bay Bag Seine","",NA,"",NA,"CC0_1_0","","",NA,NA,2025-02-07 00:07:00.193,"","CONTINENT_DERIVED_FROM_COORDINATES"
3405262235,"ea09e0f4-36c4-4383-b04d-48da83a32c5c","Station_91_Date_05DEC2007:10:48:00.000_Fundulus_grandis","Animalia","Chordata",NA,"Cyprinodontiformes","Fundulidae","Fundulus","Fundulus grandis",NA,"SPECIES","Fundulus grandis Baird & Girard, 1853","Fundulus grandis","Baird & Girard, 1853","US","Lavaca-Colorado Estuary","Texas","PRESENT",NA,"c3ad790a-d426-4ac1-8e32-da61f81f0117",28.666389,-95.939167,100,NA,NA,NA,0.15,0.15,"2007-12-05T10:48",5,12,2007,5203686,5203686,"HUMAN_OBSERVATION","TPWD","Matagorda Bay Bag Seine","",NA,"",NA,"CC0_1_0","","",NA,NA,2025-02-07 00:07:00.163,"","CONTINENT_DERIVED_FROM_COORDINATES"
3405262055,"ea09e0f4-36c4-4383-b04d-48da83a32c5c","Station_66_Date_23JUL2007:12:32:00.000_Fundulus_grandis","Animalia","Chordata",NA,"Cyprinodontiformes","Fundulidae","Fundulus","Fundulus grandis",NA,"SPECIES","Fundulus grandis Baird & Girard, 1853","Fundulus grandis","Baird & Girard, 1853","US","Lavaca-Colorado Estuary","Texas","PRESENT",NA,"c3ad790a-d426-4ac1-8e32-da61f81f0117",28.705278,-95.757778,100,NA,NA,NA,0.3,0.1,"2007-07-23T12:32",23,7,2007,5203686,5203686,"HUMAN_OBSERVATION","TPWD","Matagorda Bay Bag Seine","",NA,"",NA,"CC0_1_0","","",NA,NA,2025-02-07 00:07:00.105,"","CONTINENT_DERIVED_FROM_COORDINATES"
3405262005,"ea09e0f4-36c4-4383-b04d-48da83a32c5c","Station_57_Date_17NOV2008:13:46:00.000_Fundulus_grandis","Animalia","Chordata",NA,"Cyprinodontiformes","Fundulidae","Fundulus","Fundulus grandis",NA,"SPECIES","Fundulus grandis Baird & Girard, 1853","Fundulus grandis","Baird & Girard, 1853","US","Lavaca-Colorado Estuary","Texas","PRESENT",NA,"c3ad790a-d426-4ac1-8e32-da61f81f0117",28.709444,-95.911667,100,NA,NA,NA,0.1,0.1,"2008-11-17T13:46",17,11,2008,5203686,5203686,"HUMAN_OBSERVATION","TPWD","Matagorda Bay Bag Seine","",NA,"",NA,"CC0_1_0","","",NA,NA,2025-02-07 00:07:00.078,"","CONTINENT_DERIVED_FROM_COORDINATES"
3405261541,"ea09e0f4-36c4-4383-b04d-48da83a32c5c","Station_30_Date_02NOV2005:10:49:00.000_Fundulus_grandis","Animalia","Chordata",NA,"Cyprinodontiformes","Fundulidae","Fundulus","Fundulus grandis",NA,"SPECIES","Fundulus grandis Baird & Girard, 1853","Fundulus grandis","Baird & Girard, 1853","US","Lavaca-Colorado Estuary","Texas","PRESENT",NA,"c3ad790a-d426-4ac1-8e32-da61f81f0117",28.719722,-96.613889,100,NA,NA,NA,0.25,0.25,"2005-11-02T10:49",2,11,2005,5203686,5203686,"HUMAN_OBSERVATION","TPWD","Matagorda Bay Bag Seine","",NA,"",NA,"CC0_1_0","","",NA,NA,2025-02-07 00:06:59.872,"","CONTINENT_DERIVED_FROM_COORDINATES"
3405261298,"ea09e0f4-36c4-4383-b04d-48da83a32c5c","Station_90_Date_11JAN2006:12:57:00.000_Fundulus_grandis","Animalia","Chordata",NA,"Cyprinodontiformes","Fundulidae","Fundulus","Fundulus grandis",NA,"SPECIES","Fundulus grandis Baird & Girard, 1853","Fundulus grandis","Baird & Girard, 1853","US","Lavaca-Colorado Estuary","Texas","PRESENT",NA,"c3ad790a-d426-4ac1-8e32-da61f81f0117",28.655278,-95.950556,100,NA,NA,NA,0.3,0.2,"2006-01-11T12:57",11,1,2006,5203686,5203686,"HUMAN_OBSERVATION","TPWD","Matagorda Bay Bag Seine","",NA,"",NA,"CC0_1_0","","",NA,NA,2025-02-07 00:06:59.956,"","CONTINENT_DERIVED_FROM_COORDINATES"
3405261252,"ea09e0f4-36c4-4383-b04d-48da83a32c5c","Station_81_Date_28NOV2005:15:08:00.000_Fundulus_grandis","Animalia","Chordata",NA,"Cyprinodontiformes","Fundulidae","Fundulus","Fundulus grandis",NA,"SPECIES","Fundulus grandis Baird & Girard, 1853","Fundulus grandis","Baird & Girard, 1853","US","Lavaca-Colorado Estuary","Texas","PRESENT",NA,"c3ad790a-d426-4ac1-8e32-da61f81f0117",28.675,-95.939167,100,NA,NA,NA,0.4,0.1,"2005-11-28T15:08",28,11,2005,5203686,5203686,"HUMAN_OBSERVATION","TPWD","Matagorda Bay Bag Seine","",NA,"",NA,"CC0_1_0","","",NA,NA,2025-02-07 00:06:59.942,"","CONTINENT_DERIVED_FROM_COORDINATES"
3405261209,"ea09e0f4-36c4-4383-b04d-48da83a32c5c","Station_76_Date_05JUN2006:15:57:00.000_Fundulus_grandis","Animalia","Chordata",NA,"Cyprinodontiformes","Fundulidae","Fundulus","Fundulus grandis",NA,"SPECIES","Fundulus grandis Baird & Girard, 1853","Fundulus grandis","Baird & Girard, 1853","US","Lavaca-Colorado Estuary","Texas","PRESENT",NA,"c3ad790a-d426-4ac1-8e32-da61f81f0117",28.683889,-95.811944,100,NA,NA,NA,0.2,0,"2006-06-05T15:57",5,6,2006,5203686,5203686,"HUMAN_OBSERVATION","TPWD","Matagorda Bay Bag Seine","",NA,"",NA,"CC0_1_0","","",NA,NA,2025-02-07 00:06:59.929,"","CONTINENT_DERIVED_FROM_COORDINATES"
3405261130,"ea09e0f4-36c4-4383-b04d-48da83a32c5c","Station_66_Date_08AUG2005:14:17:00.000_Fundulus_grandis","Animalia","Chordata",NA,"Cyprinodontiformes","Fundulidae","Fundulus","Fundulus grandis",NA,"SPECIES","Fundulus grandis Baird & Girard, 1853","Fundulus grandis","Baird & Girard, 1853","US","Lavaca-Colorado Estuary","Texas","PRESENT",NA,"c3ad790a-d426-4ac1-8e32-da61f81f0117",28.693056,-96.559722,100,NA,NA,NA,0.3,0.2,"2005-08-08T14:17",8,8,2005,5203686,5203686,"HUMAN_OBSERVATION","TPWD","Matagorda Bay Bag Seine","",NA,"",NA,"CC0_1_0","","",NA,NA,2025-02-07 00:06:59.893,"","CONTINENT_DERIVED_FROM_COORDINATES"
3405260266,"ea09e0f4-36c4-4383-b04d-48da83a32c5c","Station_100_Date_08JAN2007:13:31:00.000_Fundulus_grandis","Animalia","Chordata",NA,"Cyprinodontiformes","Fundulidae","Fundulus","Fundulus grandis",NA,"SPECIES","Fundulus grandis Baird & Girard, 1853","Fundulus grandis","Baird & Girard, 1853","US","Lavaca-Colorado Estuary","Texas","PRESENT",NA,"c3ad790a-d426-4ac1-8e32-da61f81f0117",28.636944,-95.920278,100,NA,NA,NA,0.2,0.2,"2007-01-08T13:31",8,1,2007,5203686,5203686,"HUMAN_OBSERVATION","TPWD","Matagorda Bay Bag Seine","",NA,"",NA,"CC0_1_0","","",NA,NA,2025-02-07 00:07:00.202,"","CONTINENT_DERIVED_FROM_COORDINATES"
3405260136,"ea09e0f4-36c4-4383-b04d-48da83a32c5c","Station_87_Date_31MAR2006:11:41:00.000_Fundulus_grandis","Animalia","Chordata",NA,"Cyprinodontiformes","Fundulidae","Fundulus","Fundulus grandis",NA,"SPECIES","Fundulus grandis Baird & Girard, 1853","Fundulus grandis","Baird & Girard, 1853","US","Lavaca-Colorado Estuary","Texas","PRESENT",NA,"c3ad790a-d426-4ac1-8e32-da61f81f0117",28.673056,-95.835833,100,NA,NA,NA,0.15,0.15,"2006-03-31T11:41",31,3,2006,5203686,5203686,"HUMAN_OBSERVATION","TPWD","Matagorda Bay Bag Seine","",NA,"",NA,"CC0_1_0","","",NA,NA,2025-02-07 00:07:00.153,"","CONTINENT_DERIVED_FROM_COORDINATES"
3405260118,"ea09e0f4-36c4-4383-b04d-48da83a32c5c","Station_81_Date_16DEC2008:14:29:00.000_Fundulus_grandis","Animalia","Chordata",NA,"Cyprinodontiformes","Fundulidae","Fundulus","Fundulus grandis",NA,"SPECIES","Fundulus grandis Baird & Girard, 1853","Fundulus grandis","Baird & Girard, 1853","US","Lavaca-Colorado Estuary","Texas","PRESENT",NA,"c3ad790a-d426-4ac1-8e32-da61f81f0117",28.676667,-95.941111,100,NA,NA,NA,0.2,0.1,"2008-12-16T14:29",16,12,2008,5203686,5203686,"HUMAN_OBSERVATION","TPWD","Matagorda Bay Bag Seine","",NA,"",NA,"CC0_1_0","","",NA,NA,2025-02-07 00:07:00.145,"","CONTINENT_DERIVED_FROM_COORDINATES"
3405259921,"ea09e0f4-36c4-4383-b04d-48da83a32c5c","Station_53_Date_24MAY2005:16:43:00.000_Fundulus_grandis","Animalia","Chordata",NA,"Cyprinodontiformes","Fundulidae","Fundulus","Fundulus grandis",NA,"SPECIES","Fundulus grandis Baird & Girard, 1853","Fundulus grandis","Baird & Girard, 1853","US","Lavaca-Colorado Estuary","Texas","PRESENT",NA,"c3ad790a-d426-4ac1-8e32-da61f81f0117",28.725278,-95.715,100,NA,NA,NA,0.15,0.05,"2005-05-24T16:43",24,5,2005,5203686,5203686,"HUMAN_OBSERVATION","TPWD","Matagorda Bay Bag Seine","",NA,"",NA,"CC0_1_0","","",NA,NA,2025-02-07 00:07:00.064,"","CONTINENT_DERIVED_FROM_COORDINATES"
3405258253,"ea09e0f4-36c4-4383-b04d-48da83a32c5c","Station_69_Date_19FEB2008:13:38:00.000_Fundulus_grandis","Animalia","Chordata",NA,"Cyprinodontiformes","Fundulidae","Fundulus","Fundulus grandis",NA,"SPECIES","Fundulus grandis Baird & Girard, 1853","Fundulus grandis","Baird & Girard, 1853","US","Lavaca-Colorado Estuary","Texas","PRESENT",NA,"c3ad790a-d426-4ac1-8e32-da61f81f0117",28.684444,-96.394167,100,NA,NA,NA,0.15,0.15,"2008-02-19T13:38",19,2,2008,5203686,5203686,"HUMAN_OBSERVATION","TPWD","Matagorda Bay Bag Seine","",NA,"",NA,"CC0_1_0","","",NA,NA,2025-02-07 00:07:00.065,"","CONTINENT_DERIVED_FROM_COORDINATES"
3405258076,"ea09e0f4-36c4-4383-b04d-48da83a32c5c","Station_51_Date_28JUL2008:14:10:00.000_Fundulus_grandis","Animalia","Chordata",NA,"Cyprinodontiformes","Fundulidae","Fundulus","Fundulus grandis",NA,"SPECIES","Fundulus grandis Baird & Girard, 1853","Fundulus grandis","Baird & Girard, 1853","US","Lavaca-Colorado Estuary","Texas","PRESENT",NA,"c3ad790a-d426-4ac1-8e32-da61f81f0117",28.716944,-95.733889,100,NA,NA,NA,0.3,0.1,"2008-07-28T14:10",28,7,2008,5203686,5203686,"HUMAN_OBSERVATION","TPWD","Matagorda Bay Bag Seine","",NA,"",NA,"CC0_1_0","","",NA,NA,2025-02-07 00:07:00.011,"","CONTINENT_DERIVED_FROM_COORDINATES"
3405257691,"ea09e0f4-36c4-4383-b04d-48da83a32c5c","Station_29_Date_19NOV2007:13:33:00.000_Fundulus_grandis","Animalia","Chordata",NA,"Cyprinodontiformes","Fundulidae","Fundulus","Fundulus grandis",NA,"SPECIES","Fundulus grandis Baird & Girard, 1853","Fundulus grandis","Baird & Girard, 1853","US","Lavaca-Colorado Estuary","Texas","PRESENT",NA,"c3ad790a-d426-4ac1-8e32-da61f81f0117",28.733333,-95.833611,100,NA,NA,NA,0.2,0.2,"2007-11-19T13:33",19,11,2007,5203686,5203686,"HUMAN_OBSERVATION","TPWD","Matagorda Bay Bag Seine","",NA,"",NA,"CC0_1_0","","",NA,NA,2025-02-07 00:06:59.869,"","CONTINENT_DERIVED_FROM_COORDINATES"
3405257266,"ea09e0f4-36c4-4383-b04d-48da83a32c5c","Station_101_Date_12JUL2006:13:07:00.000_Fundulus_grandis","Animalia","Chordata",NA,"Cyprinodontiformes","Fundulidae","Fundulus","Fundulus grandis",NA,"SPECIES","Fundulus grandis Baird & Girard, 1853","Fundulus grandis","Baird & Girard, 1853","US","Lavaca-Colorado Estuary","Texas","PRESENT",NA,"c3ad790a-d426-4ac1-8e32-da61f81f0117",28.638611,-95.912222,100,NA,NA,NA,0.15,0.15,"2006-07-12T13:07",12,7,2006,5203686,5203686,"HUMAN_OBSERVATION","TPWD","Matagorda Bay Bag Seine","",NA,"",NA,"CC0_1_0","","",NA,NA,2025-02-07 00:07:00.188,"","CONTINENT_DERIVED_FROM_COORDINATES"
3405257159,"ea09e0f4-36c4-4383-b04d-48da83a32c5c","Station_88_Date_14JUL2008:12:07:00.000_Fundulus_grandis","Animalia","Chordata",NA,"Cyprinodontiformes","Fundulidae","Fundulus","Fundulus grandis",NA,"SPECIES","Fundulus grandis Baird & Girard, 1853","Fundulus grandis","Baird & Girard, 1853","US","Lavaca-Colorado Estuary","Texas","PRESENT",NA,"c3ad790a-d426-4ac1-8e32-da61f81f0117",28.678611,-95.825833,100,NA,NA,NA,0.3,0.2,"2008-07-14T12:07",14,7,2008,5203686,5203686,"HUMAN_OBSERVATION","TPWD","Matagorda Bay Bag Seine","",NA,"",NA,"CC0_1_0","","",NA,NA,2025-02-07 00:07:00.136,"","CONTINENT_DERIVED_FROM_COORDINATES"
3405256894,"ea09e0f4-36c4-4383-b04d-48da83a32c5c","Station_51_Date_27FEB2008:10:56:00.000_Fundulus_grandis","Animalia","Chordata",NA,"Cyprinodontiformes","Fundulidae","Fundulus","Fundulus grandis",NA,"SPECIES","Fundulus grandis Baird & Girard, 1853","Fundulus grandis","Baird & Girard, 1853","US","Lavaca-Colorado Estuary","Texas","PRESENT",NA,"c3ad790a-d426-4ac1-8e32-da61f81f0117",28.717778,-95.734444,100,NA,NA,NA,0.15,0.15,"2008-02-27T10:56",27,2,2008,5203686,5203686,"HUMAN_OBSERVATION","TPWD","Matagorda Bay Bag Seine","",NA,"",NA,"CC0_1_0","","",NA,NA,2025-02-07 00:07:00.037,"","CONTINENT_DERIVED_FROM_COORDINATES"
3405256500,"ea09e0f4-36c4-4383-b04d-48da83a32c5c","Station_31_Date_07NOV2006:14:30:00.000_Fundulus_grandis","Animalia","Chordata",NA,"Cyprinodontiformes","Fundulidae","Fundulus","Fundulus grandis",NA,"SPECIES","Fundulus grandis Baird & Girard, 1853","Fundulus grandis","Baird & Girard, 1853","US","Lavaca-Colorado Estuary","Texas","PRESENT",NA,"c3ad790a-d426-4ac1-8e32-da61f81f0117",28.725,-96.589444,100,NA,NA,NA,0.25,0.15,"2006-11-07T14:30",7,11,2006,5203686,5203686,"HUMAN_OBSERVATION","TPWD","Matagorda Bay Bag Seine","",NA,"",NA,"CC0_1_0","","",NA,NA,2025-02-07 00:06:59.881,"","CONTINENT_DERIVED_FROM_COORDINATES"
3405255730,"ea09e0f4-36c4-4383-b04d-48da83a32c5c","Station_39_Date_07NOV2005:13:28:00.000_Fundulus_grandis","Animalia","Chordata",NA,"Cyprinodontiformes","Fundulidae","Fundulus","Fundulus grandis",NA,"SPECIES","Fundulus grandis Baird & Girard, 1853","Fundulus grandis","Baird & Girard, 1853","US","Lavaca-Colorado Estuary","Texas","PRESENT",NA,"c3ad790a-d426-4ac1-8e32-da61f81f0117",28.740278,-95.678889,100,NA,NA,NA,0.3,0.1,"2005-11-07T13:28",7,11,2005,5203686,5203686,"HUMAN_OBSERVATION","TPWD","Matagorda Bay Bag Seine","",NA,"",NA,"CC0_1_0","","",NA,NA,2025-02-07 00:07:00.186,"","CONTINENT_DERIVED_FROM_COORDINATES"
3405254257,"ea09e0f4-36c4-4383-b04d-48da83a32c5c","Station_96_Date_03MAY2005:17:29:00.000_Fundulus_grandis","Animalia","Chordata",NA,"Cyprinodontiformes","Fundulidae","Fundulus","Fundulus grandis",NA,"SPECIES","Fundulus grandis Baird & Girard, 1853","Fundulus grandis","Baird & Girard, 1853","US","Lavaca-Colorado Estuary","Texas","PRESENT",NA,"c3ad790a-d426-4ac1-8e32-da61f81f0117",28.66,-95.855833,100,NA,NA,NA,0.45,0.05,"2005-05-03T17:29",3,5,2005,5203686,5203686,"HUMAN_OBSERVATION","TPWD","Matagorda Bay Bag Seine","",NA,"",NA,"CC0_1_0","","",NA,NA,2025-02-07 00:07:00.162,"","CONTINENT_DERIVED_FROM_COORDINATES"
3405254131,"ea09e0f4-36c4-4383-b04d-48da83a32c5c","Station_77_Date_06FEB2007:11:18:00.000_Fundulus_grandis","Animalia","Chordata",NA,"Cyprinodontiformes","Fundulidae","Fundulus","Fundulus grandis",NA,"SPECIES","Fundulus grandis Baird & Girard, 1853","Fundulus grandis","Baird & Girard, 1853","US","Lavaca-Colorado Estuary","Texas","PRESENT",NA,"c3ad790a-d426-4ac1-8e32-da61f81f0117",28.690833,-95.793889,100,NA,NA,NA,0.3,0.1,"2007-02-06T11:18",6,2,2007,5203686,5203686,"HUMAN_OBSERVATION","TPWD","Matagorda Bay Bag Seine","",NA,"",NA,"CC0_1_0","","",NA,NA,2025-02-07 00:07:00.115,"","CONTINENT_DERIVED_FROM_COORDINATES"
3405253973,"ea09e0f4-36c4-4383-b04d-48da83a32c5c","Station_53_Date_18DEC2006:12:49:00.000_Fundulus_grandis","Animalia","Chordata",NA,"Cyprinodontiformes","Fundulidae","Fundulus","Fundulus grandis",NA,"SPECIES","Fundulus grandis Baird & Girard, 1853","Fundulus grandis","Baird & Girard, 1853","US","Lavaca-Colorado Estuary","Texas","PRESENT",NA,"c3ad790a-d426-4ac1-8e32-da61f81f0117",28.725,-95.713056,100,NA,NA,NA,0.2,0,"2006-12-18T12:49",18,12,2006,5203686,5203686,"HUMAN_OBSERVATION","TPWD","Matagorda Bay Bag Seine","",NA,"",NA,"CC0_1_0","","",NA,NA,2025-02-07 00:07:00.045,"","CONTINENT_DERIVED_FROM_COORDINATES"
3405253026,"ea09e0f4-36c4-4383-b04d-48da83a32c5c","Station_4_Date_12DEC2006:14:46:00.000_Fundulus_grandis","Animalia","Chordata",NA,"Cyprinodontiformes","Fundulidae","Fundulus","Fundulus grandis",NA,"SPECIES","Fundulus grandis Baird & Girard, 1853","Fundulus grandis","Baird & Girard, 1853","US","Lavaca-Colorado Estuary","Texas","PRESENT",NA,"c3ad790a-d426-4ac1-8e32-da61f81f0117",28.794444,-96.585556,100,NA,NA,NA,0.25,0.25,"2006-12-12T14:46",12,12,2006,5203686,5203686,"HUMAN_OBSERVATION","TPWD","Matagorda Bay Bag Seine","",NA,"",NA,"CC0_1_0","","",NA,NA,2025-02-07 00:06:59.466,"","CONTINENT_DERIVED_FROM_COORDINATES"
3405252246,"ea09e0f4-36c4-4383-b04d-48da83a32c5c","Station_9_Date_07FEB2007:10:42:00.000_Fundulus_grandis","Animalia","Chordata",NA,"Cyprinodontiformes","Fundulidae","Fundulus","Fundulus grandis",NA,"SPECIES","Fundulus grandis Baird & Girard, 1853","Fundulus grandis","Baird & Girard, 1853","US","Lavaca-Colorado Estuary","Texas","PRESENT",NA,"c3ad790a-d426-4ac1-8e32-da61f81f0117",28.776389,-96.562778,100,NA,NA,NA,0.25,0.25,"2007-02-07T10:42",7,2,2007,5203686,5203686,"HUMAN_OBSERVATION","TPWD","Matagorda Bay Bag Seine","",NA,"",NA,"CC0_1_0","","",NA,NA,2025-02-07 00:06:59.963,"","CONTINENT_DERIVED_FROM_COORDINATES"
3405249267,"ea09e0f4-36c4-4383-b04d-48da83a32c5c","Station_9_Date_24NOV2008:14:35:00.000_Fundulus_grandis","Animalia","Chordata",NA,"Cyprinodontiformes","Fundulidae","Fundulus","Fundulus grandis",NA,"SPECIES","Fundulus grandis Baird & Girard, 1853","Fundulus grandis","Baird & Girard, 1853","US","Lavaca-Colorado Estuary","Texas","PRESENT",NA,"c3ad790a-d426-4ac1-8e32-da61f81f0117",28.775833,-96.563333,100,NA,NA,NA,0.2,0.2,"2008-11-24T14:35",24,11,2008,5203686,5203686,"HUMAN_OBSERVATION","TPWD","Matagorda Bay Bag Seine","",NA,"",NA,"CC0_1_0","","",NA,NA,2025-02-07 00:06:59.558,"","CONTINENT_DERIVED_FROM_COORDINATES"
3405036367,"ea09e0f4-36c4-4383-b04d-48da83a32c5c","Station_433_Date_26JAN2007:11:59:00.000_Fundulus_grandis","Animalia","Chordata",NA,"Cyprinodontiformes","Fundulidae","Fundulus","Fundulus grandis",NA,"SPECIES","Fundulus grandis Baird & Girard, 1853","Fundulus grandis","Baird & Girard, 1853","US","Lavaca-Colorado Estuary","Texas","PRESENT",NA,"c3ad790a-d426-4ac1-8e32-da61f81f0117",28.488611,-96.536111,100,NA,NA,NA,0.3,0.1,"2007-01-26T11:59",26,1,2007,5203686,5203686,"HUMAN_OBSERVATION","TPWD","Matagorda Bay Bag Seine","",NA,"",NA,"CC0_1_0","","",NA,NA,2025-02-07 00:07:00.528,"","CONTINENT_DERIVED_FROM_COORDINATES"
3405036309,"ea09e0f4-36c4-4383-b04d-48da83a32c5c","Station_408_Date_11JUN2007:17:06:00.000_Fundulus_grandis","Animalia","Chordata",NA,"Cyprinodontiformes","Fundulidae","Fundulus","Fundulus grandis",NA,"SPECIES","Fundulus grandis Baird & Girard, 1853","Fundulus grandis","Baird & Girard, 1853","US","Lavaca-Colorado Estuary","Texas","PRESENT",NA,"c3ad790a-d426-4ac1-8e32-da61f81f0117",28.5225,-96.186389,100,NA,NA,NA,0.2,0.1,"2007-06-11T17:06",11,6,2007,5203686,5203686,"HUMAN_OBSERVATION","TPWD","Matagorda Bay Bag Seine","",NA,"",NA,"CC0_1_0","","",NA,NA,2025-02-07 00:07:00.497,"","CONTINENT_DERIVED_FROM_COORDINATES"
3405035421,"ea09e0f4-36c4-4383-b04d-48da83a32c5c","Station_466_Date_27APR2005:10:29:00.000_Fundulus_grandis","Animalia","Chordata",NA,"Cyprinodontiformes","Fundulidae","Fundulus","Fundulus grandis",NA,"SPECIES","Fundulus grandis Baird & Girard, 1853","Fundulus grandis","Baird & Girard, 1853","US","Lavaca-Colorado Estuary","Texas","PRESENT",NA,"c3ad790a-d426-4ac1-8e32-da61f81f0117",28.468333,-96.289167,100,NA,NA,NA,0.2,0.2,"2005-04-27T10:29",27,4,2005,5203686,5203686,"HUMAN_OBSERVATION","TPWD","Matagorda Bay Bag Seine","",NA,"",NA,"CC0_1_0","","",NA,NA,2025-02-07 00:07:00.451,"","CONTINENT_DERIVED_FROM_COORDINATES"
3405035332,"ea09e0f4-36c4-4383-b04d-48da83a32c5c","Station_436_Date_18APR2005:16:39:00.000_Fundulus_grandis","Animalia","Chordata",NA,"Cyprinodontiformes","Fundulidae","Fundulus","Fundulus grandis",NA,"SPECIES","Fundulus grandis Baird & Girard, 1853","Fundulus grandis","Baird & Girard, 1853","US","Lavaca-Colorado Estuary","Texas","PRESENT",NA,"c3ad790a-d426-4ac1-8e32-da61f81f0117",28.495833,-96.498056,100,NA,NA,NA,0.15,0.15,"2005-04-18T16:39",18,4,2005,5203686,5203686,"HUMAN_OBSERVATION","TPWD","Matagorda Bay Bag Seine","",NA,"",NA,"CC0_1_0","","",NA,NA,2025-02-07 00:07:00.418,"","CONTINENT_DERIVED_FROM_COORDINATES"
3405030322,"ea09e0f4-36c4-4383-b04d-48da83a32c5c","Station_455_Date_08AUG2005:12:40:00.000_Fundulus_grandis","Animalia","Chordata",NA,"Cyprinodontiformes","Fundulidae","Fundulus","Fundulus grandis",NA,"SPECIES","Fundulus grandis Baird & Girard, 1853","Fundulus grandis","Baird & Girard, 1853","US","Lavaca-Colorado Estuary","Texas","PRESENT",NA,"c3ad790a-d426-4ac1-8e32-da61f81f0117",28.479167,-96.512778,100,NA,NA,NA,0.15,0.15,"2005-08-08T12:40",8,8,2005,5203686,5203686,"HUMAN_OBSERVATION","TPWD","Matagorda Bay Bag Seine","",NA,"",NA,"CC0_1_0","","",NA,NA,2025-02-07 00:07:00.58,"","CONTINENT_DERIVED_FROM_COORDINATES"
3405029692,"ea09e0f4-36c4-4383-b04d-48da83a32c5c","Station_498_Date_04FEB2008:12:28:00.000_Fundulus_grandis","Animalia","Chordata",NA,"Cyprinodontiformes","Fundulidae","Fundulus","Fundulus grandis",NA,"SPECIES","Fundulus grandis Baird & Girard, 1853","Fundulus grandis","Baird & Girard, 1853","US","Lavaca-Colorado Estuary","Texas","PRESENT",NA,"c3ad790a-d426-4ac1-8e32-da61f81f0117",28.381667,-96.403889,100,NA,NA,NA,0.1,0.1,"2008-02-04T12:28",4,2,2008,5203686,5203686,"HUMAN_OBSERVATION","TPWD","Matagorda Bay Bag Seine","",NA,"",NA,"CC0_1_0","","",NA,NA,2025-02-07 00:07:00.385,"","CONTINENT_DERIVED_FROM_COORDINATES"
3405029676,"ea09e0f4-36c4-4383-b04d-48da83a32c5c","Station_489_Date_04FEB2008:13:09:00.000_Fundulus_grandis","Animalia","Chordata",NA,"Cyprinodontiformes","Fundulidae","Fundulus","Fundulus grandis",NA,"SPECIES","Fundulus grandis Baird & Girard, 1853","Fundulus grandis","Baird & Girard, 1853","US","Lavaca-Colorado Estuary","Texas","PRESENT",NA,"c3ad790a-d426-4ac1-8e32-da61f81f0117",28.426389,-96.349167,100,NA,NA,NA,0.2,0.2,"2008-02-04T13:09",4,2,2008,5203686,5203686,"HUMAN_OBSERVATION","TPWD","Matagorda Bay Bag Seine","",NA,"",NA,"CC0_1_0","","",NA,NA,2025-02-07 00:07:00.378,"","CONTINENT_DERIVED_FROM_COORDINATES"
3405028320,"ea09e0f4-36c4-4383-b04d-48da83a32c5c","Station_502_Date_29OCT2007:15:47:00.000_Fundulus_grandis","Animalia","Chordata",NA,"Cyprinodontiformes","Fundulidae","Fundulus","Fundulus grandis",NA,"SPECIES","Fundulus grandis Baird & Girard, 1853","Fundulus grandis","Baird & Girard, 1853","US","Lavaca-Colorado Estuary","Texas","PRESENT",NA,"c3ad790a-d426-4ac1-8e32-da61f81f0117",28.7675,-96.446389,100,NA,NA,NA,0.15,0.15,"2007-10-29T15:47",29,10,2007,5203686,5203686,"HUMAN_OBSERVATION","TPWD","Matagorda Bay Bag Seine","",NA,"",NA,"CC0_1_0","","",NA,NA,2025-02-07 00:07:00.855,"","CONTINENT_DERIVED_FROM_COORDINATES"
3405028187,"ea09e0f4-36c4-4383-b04d-48da83a32c5c","Station_357_Date_06JUN2006:09:49:00.000_Fundulus_grandis","Animalia","Chordata",NA,"Cyprinodontiformes","Fundulidae","Fundulus","Fundulus grandis",NA,"SPECIES","Fundulus grandis Baird & Girard, 1853","Fundulus grandis","Baird & Girard, 1853","US","Lavaca-Colorado Estuary","Texas","PRESENT",NA,"c3ad790a-d426-4ac1-8e32-da61f81f0117",28.551667,-96.115833,100,NA,NA,NA,0.15,0.15,"2006-06-06T09:49",6,6,2006,5203686,5203686,"HUMAN_OBSERVATION","TPWD","Matagorda Bay Bag Seine","",NA,"",NA,"CC0_1_0","","",NA,NA,2025-02-07 00:07:00.454,"","CONTINENT_DERIVED_FROM_COORDINATES"
3405027503,"ea09e0f4-36c4-4383-b04d-48da83a32c5c","Station_100_Date_14APR2008:17:27:00.000_Fundulus_grandis","Animalia","Chordata",NA,"Cyprinodontiformes","Fundulidae","Fundulus","Fundulus grandis",NA,"SPECIES","Fundulus grandis Baird & Girard, 1853","Fundulus grandis","Baird & Girard, 1853","US","Lavaca-Colorado Estuary","Texas","PRESENT",NA,"c3ad790a-d426-4ac1-8e32-da61f81f0117",28.636111,-95.921111,100,NA,NA,NA,0.2,0.2,"2008-04-14T17:27",14,4,2008,5203686,5203686,"HUMAN_OBSERVATION","TPWD","Matagorda Bay Bag Seine","",NA,"",NA,"CC0_1_0","","",NA,NA,2025-02-07 00:07:00.185,"","CONTINENT_DERIVED_FROM_COORDINATES"
3405027477,"ea09e0f4-36c4-4383-b04d-48da83a32c5c","Station_97_Date_12JUL2006:13:50:00.000_Fundulus_grandis","Animalia","Chordata",NA,"Cyprinodontiformes","Fundulidae","Fundulus","Fundulus grandis",NA,"SPECIES","Fundulus grandis Baird & Girard, 1853","Fundulus grandis","Baird & Girard, 1853","US","Lavaca-Colorado Estuary","Texas","PRESENT",NA,"c3ad790a-d426-4ac1-8e32-da61f81f0117",28.664444,-95.846111,100,NA,NA,NA,0.2,0.1,"2006-07-12T13:50",12,7,2006,5203686,5203686,"HUMAN_OBSERVATION","TPWD","Matagorda Bay Bag Seine","",NA,"",NA,"CC0_1_0","","",NA,NA,2025-02-07 00:07:00.167,"","CONTINENT_DERIVED_FROM_COORDINATES"
3405027461,"ea09e0f4-36c4-4383-b04d-48da83a32c5c","Station_96_Date_04JAN2005:11:31:00.000_Fundulus_grandis","Animalia","Chordata",NA,"Cyprinodontiformes","Fundulidae","Fundulus","Fundulus grandis",NA,"SPECIES","Fundulus grandis Baird & Girard, 1853","Fundulus grandis","Baird & Girard, 1853","US","Lavaca-Colorado Estuary","Texas","PRESENT",NA,"c3ad790a-d426-4ac1-8e32-da61f81f0117",28.657222,-95.865,100,NA,NA,NA,0.2,0.2,"2005-01-04T11:31",4,1,2005,5203686,5203686,"HUMAN_OBSERVATION","TPWD","Matagorda Bay Bag Seine","",NA,"",NA,"CC0_1_0","","",NA,NA,2025-02-07 00:07:00.162,"","CONTINENT_DERIVED_FROM_COORDINATES"
3405027452,"ea09e0f4-36c4-4383-b04d-48da83a32c5c","Station_95_Date_17APR2006:16:54:00.000_Fundulus_grandis","Animalia","Chordata",NA,"Cyprinodontiformes","Fundulidae","Fundulus","Fundulus grandis",NA,"SPECIES","Fundulus grandis Baird & Girard, 1853","Fundulus grandis","Baird & Girard, 1853","US","Lavaca-Colorado Estuary","Texas","PRESENT",NA,"c3ad790a-d426-4ac1-8e32-da61f81f0117",28.655278,-95.868889,100,NA,NA,NA,0.2,0.1,"2006-04-17T16:54",17,4,2006,5203686,5203686,"HUMAN_OBSERVATION","TPWD","Matagorda Bay Bag Seine","",NA,"",NA,"CC0_1_0","","",NA,NA,2025-02-07 00:07:00.16,"","CONTINENT_DERIVED_FROM_COORDINATES"
3405027288,"ea09e0f4-36c4-4383-b04d-48da83a32c5c","Station_438_Date_09JUL2008:12:22:00.000_Fundulus_grandis","Animalia","Chordata",NA,"Cyprinodontiformes","Fundulidae","Fundulus","Fundulus grandis",NA,"SPECIES","Fundulus grandis Baird & Girard, 1853","Fundulus grandis","Baird & Girard, 1853","US","Lavaca-Colorado Estuary","Texas","PRESENT",NA,"c3ad790a-d426-4ac1-8e32-da61f81f0117",28.489167,-96.448889,100,NA,NA,NA,0.15,0.05,"2008-07-09T12:22",9,7,2008,5203686,5203686,"HUMAN_OBSERVATION","TPWD","Matagorda Bay Bag Seine","",NA,"",NA,"CC0_1_0","","",NA,NA,2025-02-07 00:07:00.42,"","CONTINENT_DERIVED_FROM_COORDINATES"
3405026994,"ea09e0f4-36c4-4383-b04d-48da83a32c5c","Station_327_Date_30JUL2008:13:48:00.000_Fundulus_grandis","Animalia","Chordata",NA,"Cyprinodontiformes","Fundulidae","Fundulus","Fundulus grandis",NA,"SPECIES","Fundulus grandis Baird & Girard, 1853","Fundulus grandis","Baird & Girard, 1853","US","Lavaca-Colorado Estuary","Texas","PRESENT",NA,"c3ad790a-d426-4ac1-8e32-da61f81f0117",28.581944,-96.05,100,NA,NA,NA,0.25,0.25,"2008-07-30T13:48",30,7,2008,5203686,5203686,"HUMAN_OBSERVATION","TPWD","Matagorda Bay Bag Seine","",NA,"",NA,"CC0_1_0","","",NA,NA,2025-02-07 00:07:00.334,"","CONTINENT_DERIVED_FROM_COORDINATES"
3405026460,"ea09e0f4-36c4-4383-b04d-48da83a32c5c","Station_131_Date_23JUN2008:16:22:00.000_Fundulus_grandis","Animalia","Chordata",NA,"Cyprinodontiformes","Fundulidae","Fundulus","Fundulus grandis",NA,"SPECIES","Fundulus grandis Baird & Girard, 1853","Fundulus grandis","Baird & Girard, 1853","US","Lavaca-Colorado Estuary","Texas","PRESENT",NA,"c3ad790a-d426-4ac1-8e32-da61f81f0117",28.664167,-96.015556,100,NA,NA,NA,0.3,0.3,"2008-06-23T16:22",23,6,2008,5203686,5203686,"HUMAN_OBSERVATION","TPWD","Matagorda Bay Bag Seine","",NA,"",NA,"CC0_1_0","","",NA,NA,2025-02-07 00:07:00.17,"","CONTINENT_DERIVED_FROM_COORDINATES"
3405026397,"ea09e0f4-36c4-4383-b04d-48da83a32c5c","Station_106_Date_08JAN2007:13:16:00.000_Fundulus_grandis","Animalia","Chordata",NA,"Cyprinodontiformes","Fundulidae","Fundulus","Fundulus grandis",NA,"SPECIES","Fundulus grandis Baird & Girard, 1853","Fundulus grandis","Baird & Girard, 1853","US","Lavaca-Colorado Estuary","Texas","PRESENT",NA,"c3ad790a-d426-4ac1-8e32-da61f81f0117",28.631389,-95.931667,100,NA,NA,NA,0.15,0.15,"2007-01-08T13:16",8,1,2007,5203686,5203686,"HUMAN_OBSERVATION","TPWD","Matagorda Bay Bag Seine","",NA,"",NA,"CC0_1_0","","",NA,NA,2025-02-07 00:07:00.149,"","CONTINENT_DERIVED_FROM_COORDINATES"
3405026367,"ea09e0f4-36c4-4383-b04d-48da83a32c5c","Station_102_Date_19DEC2006:09:57:00.000_Fundulus_grandis","Animalia","Chordata",NA,"Cyprinodontiformes","Fundulidae","Fundulus","Fundulus grandis",NA,"SPECIES","Fundulus grandis Baird & Girard, 1853","Fundulus grandis","Baird & Girard, 1853","US","Lavaca-Colorado Estuary","Texas","PRESENT",NA,"c3ad790a-d426-4ac1-8e32-da61f81f0117",28.669722,-96.000833,100,NA,NA,NA,0.15,0.15,"2006-12-19T09:57",19,12,2006,5203686,5203686,"HUMAN_OBSERVATION","TPWD","Matagorda Bay Bag Seine","",NA,"",NA,"CC0_1_0","","",NA,NA,2025-02-07 00:07:00.141,"","CONTINENT_DERIVED_FROM_COORDINATES"
3405026323,"ea09e0f4-36c4-4383-b04d-48da83a32c5c","Station_97_Date_23JUN2008:15:27:00.000_Fundulus_grandis","Animalia","Chordata",NA,"Cyprinodontiformes","Fundulidae","Fundulus","Fundulus grandis",NA,"SPECIES","Fundulus grandis Baird & Girard, 1853","Fundulus grandis","Baird & Girard, 1853","US","Lavaca-Colorado Estuary","Texas","PRESENT",NA,"c3ad790a-d426-4ac1-8e32-da61f81f0117",28.663611,-95.849444,100,NA,NA,NA,0.75,0.55,"2008-06-23T15:27",23,6,2008,5203686,5203686,"HUMAN_OBSERVATION","TPWD","Matagorda Bay Bag Seine","",NA,"",NA,"CC0_1_0","","",NA,NA,2025-02-07 00:07:00.131,"","CONTINENT_DERIVED_FROM_COORDINATES"
3405026280,"ea09e0f4-36c4-4383-b04d-48da83a32c5c","Station_413_Date_07FEB2006:12:59:00.000_Fundulus_grandis","Animalia","Chordata",NA,"Cyprinodontiformes","Fundulidae","Fundulus","Fundulus grandis",NA,"SPECIES","Fundulus grandis Baird & Girard, 1853","Fundulus grandis","Baird & Girard, 1853","US","Lavaca-Colorado Estuary","Texas","PRESENT",NA,"c3ad790a-d426-4ac1-8e32-da61f81f0117",28.51,-96.488056,100,NA,NA,NA,0.5,0.5,"2006-02-07T12:59",7,2,2006,5203686,5203686,"HUMAN_OBSERVATION","TPWD","Matagorda Bay Bag Seine","",NA,"",NA,"CC0_1_0","","",NA,NA,2025-02-07 00:07:00.4,"","CONTINENT_DERIVED_FROM_COORDINATES"
3405025538,"ea09e0f4-36c4-4383-b04d-48da83a32c5c","Station_131_Date_09DEC2008:10:37:00.000_Fundulus_grandis","Animalia","Chordata",NA,"Cyprinodontiformes","Fundulidae","Fundulus","Fundulus grandis",NA,"SPECIES","Fundulus grandis Baird & Girard, 1853","Fundulus grandis","Baird & Girard, 1853","US","Lavaca-Colorado Estuary","Texas","PRESENT",NA,"c3ad790a-d426-4ac1-8e32-da61f81f0117",28.664167,-96.012222,100,NA,NA,NA,0.2,0.2,"2008-12-09T10:37",9,12,2008,5203686,5203686,"HUMAN_OBSERVATION","TPWD","Matagorda Bay Bag Seine","",NA,"",NA,"CC0_1_0","","",NA,NA,2025-02-07 00:07:00.17,"","CONTINENT_DERIVED_FROM_COORDINATES"
3405025533,"ea09e0f4-36c4-4383-b04d-48da83a32c5c","Station_130_Date_27MAR2007:15:27:00.000_Fundulus_grandis","Animalia","Chordata",NA,"Cyprinodontiformes","Fundulidae","Fundulus","Fundulus grandis",NA,"SPECIES","Fundulus grandis Baird & Girard, 1853","Fundulus grandis","Baird & Girard, 1853","US","Lavaca-Colorado Estuary","Texas","PRESENT",NA,"c3ad790a-d426-4ac1-8e32-da61f81f0117",28.662778,-96.018611,100,NA,NA,NA,0.35,0.35,"2007-03-27T15:27",27,3,2007,5203686,5203686,"HUMAN_OBSERVATION","TPWD","Matagorda Bay Bag Seine","",NA,"",NA,"CC0_1_0","","",NA,NA,2025-02-07 00:07:00.169,"","CONTINENT_DERIVED_FROM_COORDINATES"
3405025436,"ea09e0f4-36c4-4383-b04d-48da83a32c5c","Station_102_Date_28JUL2005:12:21:00.000_Fundulus_grandis","Animalia","Chordata",NA,"Cyprinodontiformes","Fundulidae","Fundulus","Fundulus grandis",NA,"SPECIES","Fundulus grandis Baird & Girard, 1853","Fundulus grandis","Baird & Girard, 1853","US","Lavaca-Colorado Estuary","Texas","PRESENT",NA,"c3ad790a-d426-4ac1-8e32-da61f81f0117",28.643056,-95.895,100,NA,NA,NA,0.45,0.25,"2005-07-28T12:21",28,7,2005,5203686,5203686,"HUMAN_OBSERVATION","TPWD","Matagorda Bay Bag Seine","",NA,"",NA,"CC0_1_0","","",NA,NA,2025-02-07 00:07:00.144,"","CONTINENT_DERIVED_FROM_COORDINATES"
3405025365,"ea09e0f4-36c4-4383-b04d-48da83a32c5c","Station_96_Date_13JUN2005:17:14:00.000_Fundulus_grandis","Animalia","Chordata",NA,"Cyprinodontiformes","Fundulidae","Fundulus","Fundulus grandis",NA,"SPECIES","Fundulus grandis Baird & Girard, 1853","Fundulus grandis","Baird & Girard, 1853","US","Lavaca-Colorado Estuary","Texas","PRESENT",NA,"c3ad790a-d426-4ac1-8e32-da61f81f0117",28.657778,-95.8625,100,NA,NA,NA,0.25,0.25,"2005-06-13T17:14",13,6,2005,5203686,5203686,"HUMAN_OBSERVATION","TPWD","Matagorda Bay Bag Seine","",NA,"",NA,"CC0_1_0","","",NA,NA,2025-02-07 00:07:00.126,"","CONTINENT_DERIVED_FROM_COORDINATES"
3405025331,"ea09e0f4-36c4-4383-b04d-48da83a32c5c","Station_92_Date_25JAN2005:12:18:00.000_Fundulus_grandis","Animalia","Chordata",NA,"Cyprinodontiformes","Fundulidae","Fundulus","Fundulus grandis",NA,"SPECIES","Fundulus grandis Baird & Girard, 1853","Fundulus grandis","Baird & Girard, 1853","US","Lavaca-Colorado Estuary","Texas","PRESENT",NA,"c3ad790a-d426-4ac1-8e32-da61f81f0117",28.676944,-96.297778,100,NA,NA,NA,0.15,0.15,"2005-01-25T12:18",25,1,2005,5203686,5203686,"HUMAN_OBSERVATION","TPWD","Matagorda Bay Bag Seine","",NA,"",NA,"CC0_1_0","","",NA,NA,2025-02-07 00:07:00.115,"","CONTINENT_DERIVED_FROM_COORDINATES"
3405024830,"ea09e0f4-36c4-4383-b04d-48da83a32c5c","Station_229_Date_18APR2005:10:57:00.000_Fundulus_grandis","Animalia","Chordata",NA,"Cyprinodontiformes","Fundulidae","Fundulus","Fundulus grandis",NA,"SPECIES","Fundulus grandis Baird & Girard, 1853","Fundulus grandis","Baird & Girard, 1853","US","Lavaca-Colorado Estuary","Texas","PRESENT",NA,"c3ad790a-d426-4ac1-8e32-da61f81f0117",28.399167,-96.411389,100,NA,NA,NA,0.2,0.1,"2005-04-18T10:57",18,4,2005,5203686,5203686,"HUMAN_OBSERVATION","TPWD","Matagorda Bay Bag Seine","",NA,"",NA,"CC0_1_0","","",NA,NA,2025-02-07 00:07:00.321,"","CONTINENT_DERIVED_FROM_COORDINATES"
3405024817,"ea09e0f4-36c4-4383-b04d-48da83a32c5c","Station_225_Date_02JUN2008:18:39:00.000_Fundulus_grandis","Animalia","Chordata",NA,"Cyprinodontiformes","Fundulidae","Fundulus","Fundulus grandis",NA,"SPECIES","Fundulus grandis Baird & Girard, 1853","Fundulus grandis","Baird & Girard, 1853","US","Lavaca-Colorado Estuary","Texas","PRESENT",NA,"c3ad790a-d426-4ac1-8e32-da61f81f0117",28.615556,-96.392778,100,NA,NA,NA,0.3,0.1,"2008-06-02T18:39",2,6,2008,5203686,5203686,"HUMAN_OBSERVATION","TPWD","Matagorda Bay Bag Seine","",NA,"",NA,"CC0_1_0","","",NA,NA,2025-02-07 00:07:00.318,"","CONTINENT_DERIVED_FROM_COORDINATES"
3405024477,"ea09e0f4-36c4-4383-b04d-48da83a32c5c","Station_104_Date_20MAY2008:11:27:00.000_Fundulus_grandis","Animalia","Chordata",NA,"Cyprinodontiformes","Fundulidae","Fundulus","Fundulus grandis",NA,"SPECIES","Fundulus grandis Baird & Girard, 1853","Fundulus grandis","Baird & Girard, 1853","US","Lavaca-Colorado Estuary","Texas","PRESENT",NA,"c3ad790a-d426-4ac1-8e32-da61f81f0117",28.628056,-95.95,100,NA,NA,NA,0.2,0.2,"2008-05-20T11:27",20,5,2008,5203686,5203686,"HUMAN_OBSERVATION","TPWD","Matagorda Bay Bag Seine","",NA,"",NA,"CC0_1_0","","",NA,NA,2025-02-07 00:07:00.2,"","CONTINENT_DERIVED_FROM_COORDINATES"
3405024231,"ea09e0f4-36c4-4383-b04d-48da83a32c5c","Station_431_Date_13SEP2005:13:33:00.000_Fundulus_grandis","Animalia","Chordata",NA,"Cyprinodontiformes","Fundulidae","Fundulus","Fundulus grandis",NA,"SPECIES","Fundulus grandis Baird & Girard, 1853","Fundulus grandis","Baird & Girard, 1853","US","Lavaca-Colorado Estuary","Texas","PRESENT",NA,"c3ad790a-d426-4ac1-8e32-da61f81f0117",28.515556,-96.195833,100,NA,NA,NA,0.35,0.25,"2005-09-13T13:33",13,9,2005,5203686,5203686,"HUMAN_OBSERVATION","TPWD","Matagorda Bay Bag Seine","",NA,"",NA,"CC0_1_0","","",NA,NA,2025-02-07 00:07:00.763,"","CONTINENT_DERIVED_FROM_COORDINATES"
3405023632,"ea09e0f4-36c4-4383-b04d-48da83a32c5c","Station_200_Date_17DEC2007:15:48:00.000_Fundulus_grandis","Animalia","Chordata",NA,"Cyprinodontiformes","Fundulidae","Fundulus","Fundulus grandis",NA,"SPECIES","Fundulus grandis Baird & Girard, 1853","Fundulus grandis","Baird & Girard, 1853","US","Lavaca-Colorado Estuary","Texas","PRESENT",NA,"c3ad790a-d426-4ac1-8e32-da61f81f0117",28.617222,-96.14,100,NA,NA,NA,0.2,0.2,"2007-12-17T15:48",17,12,2007,5203686,5203686,"HUMAN_OBSERVATION","TPWD","Matagorda Bay Bag Seine","",NA,"",NA,"CC0_1_0","","",NA,NA,2025-02-07 00:07:00.524,"","CONTINENT_DERIVED_FROM_COORDINATES"
3405023236,"ea09e0f4-36c4-4383-b04d-48da83a32c5c","Station_356_Date_23JUN2008:13:46:00.000_Fundulus_grandis","Animalia","Chordata",NA,"Cyprinodontiformes","Fundulidae","Fundulus","Fundulus grandis",NA,"SPECIES","Fundulus grandis Baird & Girard, 1853","Fundulus grandis","Baird & Girard, 1853","US","Lavaca-Colorado Estuary","Texas","PRESENT",NA,"c3ad790a-d426-4ac1-8e32-da61f81f0117",28.551944,-96.118056,100,NA,NA,NA,0.15,0.15,"2008-06-23T13:46",23,6,2008,5203686,5203686,"HUMAN_OBSERVATION","TPWD","Matagorda Bay Bag Seine","",NA,"",NA,"CC0_1_0","","",NA,NA,2025-02-07 00:07:00.252,"","CONTINENT_DERIVED_FROM_COORDINATES"
3405022690,"ea09e0f4-36c4-4383-b04d-48da83a32c5c","Station_148_Date_08MAR2007:09:54:00.000_Fundulus_grandis","Animalia","Chordata",NA,"Cyprinodontiformes","Fundulidae","Fundulus","Fundulus grandis",NA,"SPECIES","Fundulus grandis Baird & Girard, 1853","Fundulus grandis","Baird & Girard, 1853","US","Lavaca-Colorado Estuary","Texas","PRESENT",NA,"c3ad790a-d426-4ac1-8e32-da61f81f0117",28.636667,-96.411944,100,NA,NA,NA,0.2,0.2,"2007-03-08T09:54",8,3,2007,5203686,5203686,"HUMAN_OBSERVATION","TPWD","Matagorda Bay Bag Seine","",NA,"",NA,"CC0_1_0","","",NA,NA,2025-02-07 00:07:00.044,"","CONTINENT_DERIVED_FROM_COORDINATES"
3405022623,"ea09e0f4-36c4-4383-b04d-48da83a32c5c","Station_116_Date_07FEB2007:11:09:00.000_Fundulus_grandis","Animalia","Chordata",NA,"Cyprinodontiformes","Fundulidae","Fundulus","Fundulus grandis",NA,"SPECIES","Fundulus grandis Baird & Girard, 1853","Fundulus grandis","Baird & Girard, 1853","US","Lavaca-Colorado Estuary","Texas","PRESENT",NA,"c3ad790a-d426-4ac1-8e32-da61f81f0117",28.663889,-96.408056,100,NA,NA,NA,0.2,0.2,"2007-02-07T11:09",7,2,2007,5203686,5203686,"HUMAN_OBSERVATION","TPWD","Matagorda Bay Bag Seine","",NA,"",NA,"CC0_1_0","","",NA,NA,2025-02-07 00:07:00.022,"","CONTINENT_DERIVED_FROM_COORDINATES"
3405021851,"ea09e0f4-36c4-4383-b04d-48da83a32c5c","Station_276_Date_17DEC2007:11:23:00.000_Fundulus_grandis","Animalia","Chordata",NA,"Cyprinodontiformes","Fundulidae","Fundulus","Fundulus grandis",NA,"SPECIES","Fundulus grandis Baird & Girard, 1853","Fundulus grandis","Baird & Girard, 1853","US","Lavaca-Colorado Estuary","Texas","PRESENT",NA,"c3ad790a-d426-4ac1-8e32-da61f81f0117",28.585278,-96.202222,100,NA,NA,NA,0.15,0.15,"2007-12-17T11:23",17,12,2007,5203686,5203686,"HUMAN_OBSERVATION","TPWD","Matagorda Bay Bag Seine","",NA,"",NA,"CC0_1_0","","",NA,NA,2025-02-07 00:07:00.409,"","CONTINENT_DERIVED_FROM_COORDINATES"
3405021706,"ea09e0f4-36c4-4383-b04d-48da83a32c5c","Station_229_Date_17MAR2008:13:39:00.000_Fundulus_grandis","Animalia","Chordata",NA,"Cyprinodontiformes","Fundulidae","Fundulus","Fundulus grandis",NA,"SPECIES","Fundulus grandis Baird & Girard, 1853","Fundulus grandis","Baird & Girard, 1853","US","Lavaca-Colorado Estuary","Texas","PRESENT",NA,"c3ad790a-d426-4ac1-8e32-da61f81f0117",28.399444,-96.411111,100,NA,NA,NA,0.25,0.15,"2008-03-17T13:39",17,3,2008,5203686,5203686,"HUMAN_OBSERVATION","TPWD","Matagorda Bay Bag Seine","",NA,"",NA,"CC0_1_0","","",NA,NA,2025-02-07 00:07:00.358,"","CONTINENT_DERIVED_FROM_COORDINATES"
3405021686,"ea09e0f4-36c4-4383-b04d-48da83a32c5c","Station_222_Date_10JAN2005:14:18:00.000_Fundulus_grandis","Animalia","Chordata",NA,"Cyprinodontiformes","Fundulidae","Fundulus","Fundulus grandis",NA,"SPECIES","Fundulus grandis Baird & Girard, 1853","Fundulus grandis","Baird & Girard, 1853","US","Lavaca-Colorado Estuary","Texas","PRESENT",NA,"c3ad790a-d426-4ac1-8e32-da61f81f0117",28.6125,-96.44,100,NA,NA,NA,0.05,0.05,"2005-01-10T14:18",10,1,2005,5203686,5203686,"HUMAN_OBSERVATION","TPWD","Matagorda Bay Bag Seine","",NA,"",NA,"CC0_1_0","","",NA,NA,2025-02-07 00:07:00.353,"","CONTINENT_DERIVED_FROM_COORDINATES"
3405021337,"ea09e0f4-36c4-4383-b04d-48da83a32c5c","Station_103_Date_11MAR2008:11:34:00.000_Fundulus_grandis","Animalia","Chordata",NA,"Cyprinodontiformes","Fundulidae","Fundulus","Fundulus grandis",NA,"SPECIES","Fundulus grandis Baird & Girard, 1853","Fundulus grandis","Baird & Girard, 1853","US","Lavaca-Colorado Estuary","Texas","PRESENT",NA,"c3ad790a-d426-4ac1-8e32-da61f81f0117",28.648889,-95.874167,100,NA,NA,NA,0.2,0.1,"2008-03-11T11:34",11,3,2008,5203686,5203686,"HUMAN_OBSERVATION","TPWD","Matagorda Bay Bag Seine","",NA,"",NA,"CC0_1_0","","",NA,NA,2025-02-07 00:07:00.213,"","CONTINENT_DERIVED_FROM_COORDINATES"
3405020847,"ea09e0f4-36c4-4383-b04d-48da83a32c5c","Station_197_Date_22MAR2005:13:31:00.000_Fundulus_grandis","Animalia","Chordata",NA,"Cyprinodontiformes","Fundulidae","Fundulus","Fundulus grandis",NA,"SPECIES","Fundulus grandis Baird & Girard, 1853","Fundulus grandis","Baird & Girard, 1853","US","Lavaca-Colorado Estuary","Texas","PRESENT",NA,"c3ad790a-d426-4ac1-8e32-da61f81f0117",28.618333,-96.198611,100,NA,NA,NA,0.25,0.05,"2005-03-22T13:31",22,3,2005,5203686,5203686,"HUMAN_OBSERVATION","TPWD","Matagorda Bay Bag Seine","",NA,"",NA,"CC0_1_0","","",NA,NA,2025-02-07 00:07:00.319,"","CONTINENT_DERIVED_FROM_COORDINATES"
3405020842,"ea09e0f4-36c4-4383-b04d-48da83a32c5c","Station_196_Date_29JAN2008:09:32:00.000_Fundulus_grandis","Animalia","Chordata",NA,"Cyprinodontiformes","Fundulidae","Fundulus","Fundulus grandis",NA,"SPECIES","Fundulus grandis Baird & Girard, 1853","Fundulus grandis","Baird & Girard, 1853","US","Lavaca-Colorado Estuary","Texas","PRESENT",NA,"c3ad790a-d426-4ac1-8e32-da61f81f0117",28.627222,-96.215556,100,NA,NA,NA,0.25,0.25,"2008-01-29T09:32",29,1,2008,5203686,5203686,"HUMAN_OBSERVATION","TPWD","Matagorda Bay Bag Seine","",NA,"",NA,"CC0_1_0","","",NA,NA,2025-02-07 00:07:00.318,"","CONTINENT_DERIVED_FROM_COORDINATES"
3405020313,"ea09e0f4-36c4-4383-b04d-48da83a32c5c","Station_69_Date_23AUG2005:09:44:00.000_Fundulus_grandis","Animalia","Chordata",NA,"Cyprinodontiformes","Fundulidae","Fundulus","Fundulus grandis",NA,"SPECIES","Fundulus grandis Baird & Girard, 1853","Fundulus grandis","Baird & Girard, 1853","US","Lavaca-Colorado Estuary","Texas","PRESENT",NA,"c3ad790a-d426-4ac1-8e32-da61f81f0117",28.699444,-95.925833,100,NA,NA,NA,0.15,0.05,"2005-08-23T09:44",23,8,2005,5203686,5203686,"HUMAN_OBSERVATION","TPWD","Matagorda Bay Bag Seine","",NA,"",NA,"CC0_1_0","","",NA,NA,2025-02-07 00:07:00.122,"","CONTINENT_DERIVED_FROM_COORDINATES"
3405019814,"ea09e0f4-36c4-4383-b04d-48da83a32c5c","Station_185_Date_25AUG2008:11:50:00.000_Fundulus_grandis","Animalia","Chordata",NA,"Cyprinodontiformes","Fundulidae","Fundulus","Fundulus grandis",NA,"SPECIES","Fundulus grandis Baird & Girard, 1853","Fundulus grandis","Baird & Girard, 1853","US","Lavaca-Colorado Estuary","Texas","PRESENT",NA,"c3ad790a-d426-4ac1-8e32-da61f81f0117",28.632778,-96.399722,100,NA,NA,NA,0.3,0.3,"2008-08-25T11:50",25,8,2008,5203686,5203686,"HUMAN_OBSERVATION","TPWD","Matagorda Bay Bag Seine","",NA,"",NA,"CC0_1_0","","",NA,NA,2025-02-07 00:07:00.08,"","CONTINENT_DERIVED_FROM_COORDINATES"
3405019710,"ea09e0f4-36c4-4383-b04d-48da83a32c5c","Station_151_Date_11DEC2007:10:59:00.000_Fundulus_grandis","Animalia","Chordata",NA,"Cyprinodontiformes","Fundulidae","Fundulus","Fundulus grandis",NA,"SPECIES","Fundulus grandis Baird & Girard, 1853","Fundulus grandis","Baird & Girard, 1853","US","Lavaca-Colorado Estuary","Texas","PRESENT",NA,"c3ad790a-d426-4ac1-8e32-da61f81f0117",28.633611,-96.356944,100,NA,NA,NA,0.3,0.2,"2007-12-11T10:59",11,12,2007,5203686,5203686,"HUMAN_OBSERVATION","TPWD","Matagorda Bay Bag Seine","",NA,"",NA,"CC0_1_0","","",NA,NA,2025-02-07 00:07:00.047,"","CONTINENT_DERIVED_FROM_COORDINATES"
3405019702,"ea09e0f4-36c4-4383-b04d-48da83a32c5c","Station_149_Date_07NOV2007:13:44:00.000_Fundulus_grandis","Animalia","Chordata",NA,"Cyprinodontiformes","Fundulidae","Fundulus","Fundulus grandis",NA,"SPECIES","Fundulus grandis Baird & Girard, 1853","Fundulus grandis","Baird & Girard, 1853","US","Lavaca-Colorado Estuary","Texas","PRESENT",NA,"c3ad790a-d426-4ac1-8e32-da61f81f0117",28.633611,-96.399444,100,NA,NA,NA,0.3,0.3,"2007-11-07T13:44",7,11,2007,5203686,5203686,"HUMAN_OBSERVATION","TPWD","Matagorda Bay Bag Seine","",NA,"",NA,"CC0_1_0","","",NA,NA,2025-02-07 00:07:00.046,"","CONTINENT_DERIVED_FROM_COORDINATES"
3405019686,"ea09e0f4-36c4-4383-b04d-48da83a32c5c","Station_142_Date_01NOV2005:15:14:00.000_Fundulus_grandis","Animalia","Chordata",NA,"Cyprinodontiformes","Fundulidae","Fundulus","Fundulus grandis",NA,"SPECIES","Fundulus grandis Baird & Girard, 1853","Fundulus grandis","Baird & Girard, 1853","US","Lavaca-Colorado Estuary","Texas","PRESENT",NA,"c3ad790a-d426-4ac1-8e32-da61f81f0117",28.636667,-96.501111,100,NA,NA,NA,0.2,0.2,"2005-11-01T15:14",1,11,2005,5203686,5203686,"HUMAN_OBSERVATION","TPWD","Matagorda Bay Bag Seine","",NA,"",NA,"CC0_1_0","","",NA,NA,2025-02-07 00:07:00.039,"","CONTINENT_DERIVED_FROM_COORDINATES"
3405019457,"ea09e0f4-36c4-4383-b04d-48da83a32c5c","Station_89_Date_13DEC2005:11:22:00.000_Fundulus_grandis","Animalia","Chordata",NA,"Cyprinodontiformes","Fundulidae","Fundulus","Fundulus grandis",NA,"SPECIES","Fundulus grandis Baird & Girard, 1853","Fundulus grandis","Baird & Girard, 1853","US","Lavaca-Colorado Estuary","Texas","PRESENT",NA,"c3ad790a-d426-4ac1-8e32-da61f81f0117",28.683056,-95.814722,100,NA,NA,NA,0.15,0.15,"2005-12-13T11:22",13,12,2005,5203686,5203686,"HUMAN_OBSERVATION","TPWD","Matagorda Bay Bag Seine","",NA,"",NA,"CC0_1_0","","",NA,NA,2025-02-07 00:06:59.952,"","CONTINENT_DERIVED_FROM_COORDINATES"
3405019440,"ea09e0f4-36c4-4383-b04d-48da83a32c5c","Station_88_Date_08AUG2007:10:23:00.000_Fundulus_grandis","Animalia","Chordata",NA,"Cyprinodontiformes","Fundulidae","Fundulus","Fundulus grandis",NA,"SPECIES","Fundulus grandis Baird & Girard, 1853","Fundulus grandis","Baird & Girard, 1853","US","Lavaca-Colorado Estuary","Texas","PRESENT",NA,"c3ad790a-d426-4ac1-8e32-da61f81f0117",28.678611,-95.825278,100,NA,NA,NA,0.3,0.1,"2007-08-08T10:23",8,8,2007,5203686,5203686,"HUMAN_OBSERVATION","TPWD","Matagorda Bay Bag Seine","",NA,"",NA,"CC0_1_0","","",NA,NA,2025-02-07 00:06:59.948,"","CONTINENT_DERIVED_FROM_COORDINATES"
3405018618,"ea09e0f4-36c4-4383-b04d-48da83a32c5c","Station_238_Date_22JAN2008:14:32:00.000_Fundulus_grandis","Animalia","Chordata",NA,"Cyprinodontiformes","Fundulidae","Fundulus","Fundulus grandis",NA,"SPECIES","Fundulus grandis Baird & Girard, 1853","Fundulus grandis","Baird & Girard, 1853","US","Lavaca-Colorado Estuary","Texas","PRESENT",NA,"c3ad790a-d426-4ac1-8e32-da61f81f0117",28.608333,-96.167778,100,NA,NA,NA,0.15,0.15,"2008-01-22T14:32",22,1,2008,5203686,5203686,"HUMAN_OBSERVATION","TPWD","Matagorda Bay Bag Seine","",NA,"",NA,"CC0_1_0","","",NA,NA,2025-02-07 00:07:00.559,"","CONTINENT_DERIVED_FROM_COORDINATES"
3405018537,"ea09e0f4-36c4-4383-b04d-48da83a32c5c","Station_203_Date_19DEC2006:11:01:00.000_Fundulus_grandis","Animalia","Chordata",NA,"Cyprinodontiformes","Fundulidae","Fundulus","Fundulus grandis",NA,"SPECIES","Fundulus grandis Baird & Girard, 1853","Fundulus grandis","Baird & Girard, 1853","US","Lavaca-Colorado Estuary","Texas","PRESENT",NA,"c3ad790a-d426-4ac1-8e32-da61f81f0117",28.6275,-96.098889,100,NA,NA,NA,0.25,0.25,"2006-12-19T11:01",19,12,2006,5203686,5203686,"HUMAN_OBSERVATION","TPWD","Matagorda Bay Bag Seine","",NA,"",NA,"CC0_1_0","","",NA,NA,2025-02-07 00:07:00.529,"","CONTINENT_DERIVED_FROM_COORDINATES"
3405018385,"ea09e0f4-36c4-4383-b04d-48da83a32c5c","Station_147_Date_17OCT2006:11:04:00.000_Fundulus_grandis","Animalia","Chordata",NA,"Cyprinodontiformes","Fundulidae","Fundulus","Fundulus grandis",NA,"SPECIES","Fundulus grandis Baird & Girard, 1853","Fundulus grandis","Baird & Girard, 1853","US","Lavaca-Colorado Estuary","Texas","PRESENT",NA,"c3ad790a-d426-4ac1-8e32-da61f81f0117",28.641667,-96.418611,100,NA,NA,NA,0.45,0.45,"2006-10-17T11:04",17,10,2006,5203686,5203686,"HUMAN_OBSERVATION","TPWD","Matagorda Bay Bag Seine","",NA,"",NA,"CC0_1_0","","",NA,NA,2025-02-07 00:07:00.465,"","CONTINENT_DERIVED_FROM_COORDINATES"
3405018253,"ea09e0f4-36c4-4383-b04d-48da83a32c5c","Station_78_Date_28NOV2005:11:54:00.000_Fundulus_grandis","Animalia","Chordata",NA,"Cyprinodontiformes","Fundulidae","Fundulus","Fundulus grandis",NA,"SPECIES","Fundulus grandis Baird & Girard, 1853","Fundulus grandis","Baird & Girard, 1853","US","Lavaca-Colorado Estuary","Texas","PRESENT",NA,"c3ad790a-d426-4ac1-8e32-da61f81f0117",28.697222,-95.775,100,NA,NA,NA,0.35,0.15,"2005-11-28T11:54",28,11,2005,5203686,5203686,"HUMAN_OBSERVATION","TPWD","Matagorda Bay Bag Seine","",NA,"",NA,"CC0_1_0","","",NA,NA,2025-02-07 00:07:00.084,"","CONTINENT_DERIVED_FROM_COORDINATES"
3405018147,"ea09e0f4-36c4-4383-b04d-48da83a32c5c","Station_66_Date_05DEC2007:13:11:00.000_Fundulus_grandis","Animalia","Chordata",NA,"Cyprinodontiformes","Fundulidae","Fundulus","Fundulus grandis",NA,"SPECIES","Fundulus grandis Baird & Girard, 1853","Fundulus grandis","Baird & Girard, 1853","US","Lavaca-Colorado Estuary","Texas","PRESENT",NA,"c3ad790a-d426-4ac1-8e32-da61f81f0117",28.71,-95.75,100,NA,NA,NA,0.15,0.15,"2007-12-05T13:11",5,12,2007,5203686,5203686,"HUMAN_OBSERVATION","TPWD","Matagorda Bay Bag Seine","",NA,"",NA,"CC0_1_0","","",NA,NA,2025-02-07 00:07:00.048,"","CONTINENT_DERIVED_FROM_COORDINATES"
3405017721,"ea09e0f4-36c4-4383-b04d-48da83a32c5c","Station_34_Date_18DEC2006:11:13:00.000_Fundulus_grandis","Animalia","Chordata",NA,"Cyprinodontiformes","Fundulidae","Fundulus","Fundulus grandis",NA,"SPECIES","Fundulus grandis Baird & Girard, 1853","Fundulus grandis","Baird & Girard, 1853","US","Lavaca-Colorado Estuary","Texas","PRESENT",NA,"c3ad790a-d426-4ac1-8e32-da61f81f0117",28.748333,-95.762222,100,NA,NA,NA,0.25,0.25,"2006-12-18T11:13",18,12,2006,5203686,5203686,"HUMAN_OBSERVATION","TPWD","Matagorda Bay Bag Seine","",NA,"",NA,"CC0_1_0","","",NA,NA,2025-02-07 00:06:59.898,"","CONTINENT_DERIVED_FROM_COORDINATES"
3405017571,"ea09e0f4-36c4-4383-b04d-48da83a32c5c","Station_25_Date_12NOV2007:13:55:00.000_Fundulus_grandis","Animalia","Chordata",NA,"Cyprinodontiformes","Fundulidae","Fundulus","Fundulus grandis",NA,"SPECIES","Fundulus grandis Baird & Girard, 1853","Fundulus grandis","Baird & Girard, 1853","US","Lavaca-Colorado Estuary","Texas","PRESENT",NA,"c3ad790a-d426-4ac1-8e32-da61f81f0117",28.765,-95.665,100,NA,NA,NA,0.15,0.15,"2007-11-12T13:55",12,11,2007,5203686,5203686,"HUMAN_OBSERVATION","TPWD","Matagorda Bay Bag Seine","",NA,"",NA,"CC0_1_0","","",NA,NA,2025-02-07 00:06:59.848,"","CONTINENT_DERIVED_FROM_COORDINATES"
3405016783,"ea09e0f4-36c4-4383-b04d-48da83a32c5c","Station_34_Date_06FEB2007:13:40:00.000_Fundulus_grandis","Animalia","Chordata",NA,"Cyprinodontiformes","Fundulidae","Fundulus","Fundulus grandis",NA,"SPECIES","Fundulus grandis Baird & Girard, 1853","Fundulus grandis","Baird & Girard, 1853","US","Lavaca-Colorado Estuary","Texas","PRESENT",NA,"c3ad790a-d426-4ac1-8e32-da61f81f0117",28.749722,-95.754444,100,NA,NA,NA,0.15,0.15,"2007-02-06T13:40",6,2,2007,5203686,5203686,"HUMAN_OBSERVATION","TPWD","Matagorda Bay Bag Seine","",NA,"",NA,"CC0_1_0","","",NA,NA,2025-02-07 00:06:59.913,"","CONTINENT_DERIVED_FROM_COORDINATES"
3405016479,"ea09e0f4-36c4-4383-b04d-48da83a32c5c","Station_18_Date_07FEB2007:10:15:00.000_Fundulus_grandis","Animalia","Chordata",NA,"Cyprinodontiformes","Fundulidae","Fundulus","Fundulus grandis",NA,"SPECIES","Fundulus grandis Baird & Girard, 1853","Fundulus grandis","Baird & Girard, 1853","US","Lavaca-Colorado Estuary","Texas","PRESENT",NA,"c3ad790a-d426-4ac1-8e32-da61f81f0117",28.749722,-96.562778,100,NA,NA,NA,0.3,0.2,"2007-02-07T10:15",7,2,2007,5203686,5203686,"HUMAN_OBSERVATION","TPWD","Matagorda Bay Bag Seine","",NA,"",NA,"CC0_1_0","","",NA,NA,2025-02-07 00:06:59.78,"","CONTINENT_DERIVED_FROM_COORDINATES"
3405016438,"ea09e0f4-36c4-4383-b04d-48da83a32c5c","Station_16_Date_12DEC2006:14:28:00.000_Fundulus_grandis","Animalia","Chordata",NA,"Cyprinodontiformes","Fundulidae","Fundulus","Fundulus grandis",NA,"SPECIES","Fundulus grandis Baird & Girard, 1853","Fundulus grandis","Baird & Girard, 1853","US","Lavaca-Colorado Estuary","Texas","PRESENT",NA,"c3ad790a-d426-4ac1-8e32-da61f81f0117",28.739167,-96.589167,100,NA,NA,NA,0.25,0.25,"2006-12-12T14:28",12,12,2006,5203686,5203686,"HUMAN_OBSERVATION","TPWD","Matagorda Bay Bag Seine","",NA,"",NA,"CC0_1_0","","",NA,NA,2025-02-07 00:06:59.767,"","CONTINENT_DERIVED_FROM_COORDINATES"
3405016111,"ea09e0f4-36c4-4383-b04d-48da83a32c5c","Station_56_Date_25JAN2005:12:36:00.000_Fundulus_grandis","Animalia","Chordata",NA,"Cyprinodontiformes","Fundulidae","Fundulus","Fundulus grandis",NA,"SPECIES","Fundulus grandis Baird & Girard, 1853","Fundulus grandis","Baird & Girard, 1853","US","Lavaca-Colorado Estuary","Texas","PRESENT",NA,"c3ad790a-d426-4ac1-8e32-da61f81f0117",28.703333,-96.262778,100,NA,NA,NA,0.15,0.15,"2005-01-25T12:36",25,1,2005,5203686,5203686,"HUMAN_OBSERVATION","TPWD","Matagorda Bay Bag Seine","",NA,"",NA,"CC0_1_0","","",NA,NA,2025-02-07 00:07:00.053,"","CONTINENT_DERIVED_FROM_COORDINATES"
3405015523,"ea09e0f4-36c4-4383-b04d-48da83a32c5c","Station_23_Date_10APR2007:10:29:00.000_Fundulus_grandis","Animalia","Chordata",NA,"Cyprinodontiformes","Fundulidae","Fundulus","Fundulus grandis",NA,"SPECIES","Fundulus grandis Baird & Girard, 1853","Fundulus grandis","Baird & Girard, 1853","US","Lavaca-Colorado Estuary","Texas","PRESENT",NA,"c3ad790a-d426-4ac1-8e32-da61f81f0117",28.734167,-96.394444,100,NA,NA,NA,0.15,0.15,"2007-04-10T10:29",10,4,2007,5203686,5203686,"HUMAN_OBSERVATION","TPWD","Matagorda Bay Bag Seine","",NA,"",NA,"CC0_1_0","","",NA,NA,2025-02-07 00:06:59.824,"","CONTINENT_DERIVED_FROM_COORDINATES"
3405015232,"ea09e0f4-36c4-4383-b04d-48da83a32c5c","Station_89_Date_11AUG2008:13:44:00.000_Fundulus_grandis","Animalia","Chordata",NA,"Cyprinodontiformes","Fundulidae","Fundulus","Fundulus grandis",NA,"SPECIES","Fundulus grandis Baird & Girard, 1853","Fundulus grandis","Baird & Girard, 1853","US","Lavaca-Colorado Estuary","Texas","PRESENT",NA,"c3ad790a-d426-4ac1-8e32-da61f81f0117",28.6825,-95.815,100,NA,NA,NA,0.2,0.1,"2008-08-11T13:44",11,8,2008,5203686,5203686,"HUMAN_OBSERVATION","TPWD","Matagorda Bay Bag Seine","",NA,"",NA,"CC0_1_0","","",NA,NA,2025-02-07 00:07:00.369,"","CONTINENT_DERIVED_FROM_COORDINATES"
3405014887,"ea09e0f4-36c4-4383-b04d-48da83a32c5c","Station_45_Date_19NOV2007:13:18:00.000_Fundulus_grandis","Animalia","Chordata",NA,"Cyprinodontiformes","Fundulidae","Fundulus","Fundulus grandis",NA,"SPECIES","Fundulus grandis Baird & Girard, 1853","Fundulus grandis","Baird & Girard, 1853","US","Lavaca-Colorado Estuary","Texas","PRESENT",NA,"c3ad790a-d426-4ac1-8e32-da61f81f0117",28.730278,-95.844444,100,NA,NA,NA,0.15,0.15,"2007-11-19T13:18",19,11,2007,5203686,5203686,"HUMAN_OBSERVATION","TPWD","Matagorda Bay Bag Seine","",NA,"",NA,"CC0_1_0","","",NA,NA,2025-02-07 00:07:00.228,"","CONTINENT_DERIVED_FROM_COORDINATES"
3405014363,"ea09e0f4-36c4-4383-b04d-48da83a32c5c","Station_17_Date_09JAN2008:11:00:00.000_Fundulus_grandis","Animalia","Chordata",NA,"Cyprinodontiformes","Fundulidae","Fundulus","Fundulus grandis",NA,"SPECIES","Fundulus grandis Baird & Girard, 1853","Fundulus grandis","Baird & Girard, 1853","US","Lavaca-Colorado Estuary","Texas","PRESENT",NA,"c3ad790a-d426-4ac1-8e32-da61f81f0117",28.748611,-96.573611,100,NA,NA,NA,0.2,0.1,"2008-01-09T11:00",9,1,2008,5203686,5203686,"HUMAN_OBSERVATION","TPWD","Matagorda Bay Bag Seine","",NA,"",NA,"CC0_1_0","","",NA,NA,2025-02-07 00:07:00.011,"","CONTINENT_DERIVED_FROM_COORDINATES"
3405014029,"ea09e0f4-36c4-4383-b04d-48da83a32c5c","Station_57_Date_14JUN2005:11:57:00.000_Fundulus_grandis","Animalia","Chordata",NA,"Cyprinodontiformes","Fundulidae","Fundulus","Fundulus grandis",NA,"SPECIES","Fundulus grandis Baird & Girard, 1853","Fundulus grandis","Baird & Girard, 1853","US","Lavaca-Colorado Estuary","Texas","PRESENT",NA,"c3ad790a-d426-4ac1-8e32-da61f81f0117",28.711944,-95.9025,100,NA,NA,NA,0.25,0.25,"2005-06-14T11:57",14,6,2005,5203686,5203686,"HUMAN_OBSERVATION","TPWD","Matagorda Bay Bag Seine","",NA,"",NA,"CC0_1_0","","",NA,NA,2025-02-07 00:07:00.031,"","CONTINENT_DERIVED_FROM_COORDINATES"
3405013249,"ea09e0f4-36c4-4383-b04d-48da83a32c5c","Station_65_Date_10AUG2005:12:15:00.000_Fundulus_grandis","Animalia","Chordata",NA,"Cyprinodontiformes","Fundulidae","Fundulus","Fundulus grandis",NA,"SPECIES","Fundulus grandis Baird & Girard, 1853","Fundulus grandis","Baird & Girard, 1853","US","Lavaca-Colorado Estuary","Texas","PRESENT",NA,"c3ad790a-d426-4ac1-8e32-da61f81f0117",28.702222,-95.7675,100,NA,NA,NA,0.2,0.1,"2005-08-10T12:15",10,8,2005,5203686,5203686,"HUMAN_OBSERVATION","TPWD","Matagorda Bay Bag Seine","",NA,"",NA,"CC0_1_0","","",NA,NA,2025-02-07 00:06:59.889,"","CONTINENT_DERIVED_FROM_COORDINATES"
3405012290,"ea09e0f4-36c4-4383-b04d-48da83a32c5c","Station_98_Date_08JAN2007:12:26:00.000_Fundulus_grandis","Animalia","Chordata",NA,"Cyprinodontiformes","Fundulidae","Fundulus","Fundulus grandis",NA,"SPECIES","Fundulus grandis Baird & Girard, 1853","Fundulus grandis","Baird & Girard, 1853","US","Lavaca-Colorado Estuary","Texas","PRESENT",NA,"c3ad790a-d426-4ac1-8e32-da61f81f0117",28.6425,-95.954167,100,NA,NA,NA,0.2,0.2,"2007-01-08T12:26",8,1,2007,5203686,5203686,"HUMAN_OBSERVATION","TPWD","Matagorda Bay Bag Seine","",NA,"",NA,"CC0_1_0","","",NA,NA,2025-02-07 00:07:00.196,"","CONTINENT_DERIVED_FROM_COORDINATES"
3405012193,"ea09e0f4-36c4-4383-b04d-48da83a32c5c","Station_88_Date_05DEC2007:12:10:00.000_Fundulus_grandis","Animalia","Chordata",NA,"Cyprinodontiformes","Fundulidae","Fundulus","Fundulus grandis",NA,"SPECIES","Fundulus grandis Baird & Girard, 1853","Fundulus grandis","Baird & Girard, 1853","US","Lavaca-Colorado Estuary","Texas","PRESENT",NA,"c3ad790a-d426-4ac1-8e32-da61f81f0117",28.675,-95.833056,100,NA,NA,NA,0.15,0.15,"2007-12-05T12:10",5,12,2007,5203686,5203686,"HUMAN_OBSERVATION","TPWD","Matagorda Bay Bag Seine","",NA,"",NA,"CC0_1_0","","",NA,NA,2025-02-07 00:07:00.154,"","CONTINENT_DERIVED_FROM_COORDINATES"
3405012068,"ea09e0f4-36c4-4383-b04d-48da83a32c5c","Station_66_Date_31JUL2006:12:28:00.000_Fundulus_grandis","Animalia","Chordata",NA,"Cyprinodontiformes","Fundulidae","Fundulus","Fundulus grandis",NA,"SPECIES","Fundulus grandis Baird & Girard, 1853","Fundulus grandis","Baird & Girard, 1853","US","Lavaca-Colorado Estuary","Texas","PRESENT",NA,"c3ad790a-d426-4ac1-8e32-da61f81f0117",28.709722,-95.751111,100,NA,NA,NA,0.4,0.1,"2006-07-31T12:28",31,7,2006,5203686,5203686,"HUMAN_OBSERVATION","TPWD","Matagorda Bay Bag Seine","",NA,"",NA,"CC0_1_0","","",NA,NA,2025-02-07 00:07:00.107,"","CONTINENT_DERIVED_FROM_COORDINATES"
3405011707,"ea09e0f4-36c4-4383-b04d-48da83a32c5c","Station_36_Date_24JAN2006:12:18:00.000_Fundulus_grandis","Animalia","Chordata",NA,"Cyprinodontiformes","Fundulidae","Fundulus","Fundulus grandis",NA,"SPECIES","Fundulus grandis Baird & Girard, 1853","Fundulus grandis","Baird & Girard, 1853","US","Lavaca-Colorado Estuary","Texas","PRESENT",NA,"c3ad790a-d426-4ac1-8e32-da61f81f0117",28.729167,-96.406111,100,NA,NA,NA,0.2,0.2,"2006-01-24T12:18",24,1,2006,5203686,5203686,"HUMAN_OBSERVATION","TPWD","Matagorda Bay Bag Seine","",NA,"",NA,"CC0_1_0","","",NA,NA,2025-02-07 00:06:59.938,"","CONTINENT_DERIVED_FROM_COORDINATES"
3405011475,"ea09e0f4-36c4-4383-b04d-48da83a32c5c","Station_24_Date_27FEB2007:11:18:00.000_Fundulus_grandis","Animalia","Chordata",NA,"Cyprinodontiformes","Fundulidae","Fundulus","Fundulus grandis",NA,"SPECIES","Fundulus grandis Baird & Girard, 1853","Fundulus grandis","Baird & Girard, 1853","US","Lavaca-Colorado Estuary","Texas","PRESENT",NA,"c3ad790a-d426-4ac1-8e32-da61f81f0117",28.763889,-95.666667,100,NA,NA,NA,0.1,0.1,"2007-02-27T11:18",27,2,2007,5203686,5203686,"HUMAN_OBSERVATION","TPWD","Matagorda Bay Bag Seine","",NA,"",NA,"CC0_1_0","","",NA,NA,2025-02-07 00:06:59.836,"","CONTINENT_DERIVED_FROM_COORDINATES"
3405011396,"ea09e0f4-36c4-4383-b04d-48da83a32c5c","Station_20_Date_11DEC2007:12:15:00.000_Fundulus_grandis","Animalia","Chordata",NA,"Cyprinodontiformes","Fundulidae","Fundulus","Fundulus grandis",NA,"SPECIES","Fundulus grandis Baird & Girard, 1853","Fundulus grandis","Baird & Girard, 1853","US","Lavaca-Colorado Estuary","Texas","PRESENT",NA,"c3ad790a-d426-4ac1-8e32-da61f81f0117",28.737778,-96.442222,100,NA,NA,NA,0.25,0.15,"2007-12-11T12:15",11,12,2007,5203686,5203686,"HUMAN_OBSERVATION","TPWD","Matagorda Bay Bag Seine","",NA,"",NA,"CC0_1_0","","",NA,NA,2025-02-07 00:06:59.795,"","CONTINENT_DERIVED_FROM_COORDINATES"
3405011186,"ea09e0f4-36c4-4383-b04d-48da83a32c5c","Station_52_Date_07NOV2007:15:04:00.000_Fundulus_grandis","Animalia","Chordata",NA,"Cyprinodontiformes","Fundulidae","Fundulus","Fundulus grandis",NA,"SPECIES","Fundulus grandis Baird & Girard, 1853","Fundulus grandis","Baird & Girard, 1853","US","Lavaca-Colorado Estuary","Texas","PRESENT",NA,"c3ad790a-d426-4ac1-8e32-da61f81f0117",28.715833,-96.411944,100,NA,NA,NA,0.25,0.25,"2007-11-07T15:04",7,11,2007,5203686,5203686,"HUMAN_OBSERVATION","TPWD","Matagorda Bay Bag Seine","",NA,"",NA,"CC0_1_0","","",NA,NA,2025-02-07 00:06:59.859,"","CONTINENT_DERIVED_FROM_COORDINATES"
3405010755,"ea09e0f4-36c4-4383-b04d-48da83a32c5c","Station_29_Date_17OCT2006:14:31:00.000_Fundulus_grandis","Animalia","Chordata",NA,"Cyprinodontiformes","Fundulidae","Fundulus","Fundulus grandis",NA,"SPECIES","Fundulus grandis Baird & Girard, 1853","Fundulus grandis","Baird & Girard, 1853","US","Lavaca-Colorado Estuary","Texas","PRESENT",NA,"c3ad790a-d426-4ac1-8e32-da61f81f0117",28.733333,-95.834444,100,NA,NA,NA,0.5,0.5,"2006-10-17T14:31",17,10,2006,5203686,5203686,"HUMAN_OBSERVATION","TPWD","Matagorda Bay Bag Seine","",NA,"",NA,"CC0_1_0","","",NA,NA,2025-02-07 00:06:59.693,"","CONTINENT_DERIVED_FROM_COORDINATES"
3405009775,"ea09e0f4-36c4-4383-b04d-48da83a32c5c","Station_32_Date_03MAY2005:16:15:00.000_Fundulus_grandis","Animalia","Chordata",NA,"Cyprinodontiformes","Fundulidae","Fundulus","Fundulus grandis",NA,"SPECIES","Fundulus grandis Baird & Girard, 1853","Fundulus grandis","Baird & Girard, 1853","US","Lavaca-Colorado Estuary","Texas","PRESENT",NA,"c3ad790a-d426-4ac1-8e32-da61f81f0117",28.748889,-95.783611,100,NA,NA,NA,0.2,0.2,"2005-05-03T16:15",3,5,2005,5203686,5203686,"HUMAN_OBSERVATION","TPWD","Matagorda Bay Bag Seine","",NA,"",NA,"CC0_1_0","","",NA,NA,2025-02-07 00:06:59.886,"","CONTINENT_DERIVED_FROM_COORDINATES"
3405008981,"ea09e0f4-36c4-4383-b04d-48da83a32c5c","Station_65_Date_22MAR2005:11:29:00.000_Fundulus_grandis","Animalia","Chordata",NA,"Cyprinodontiformes","Fundulidae","Fundulus","Fundulus grandis",NA,"SPECIES","Fundulus grandis Baird & Girard, 1853","Fundulus grandis","Baird & Girard, 1853","US","Lavaca-Colorado Estuary","Texas","PRESENT",NA,"c3ad790a-d426-4ac1-8e32-da61f81f0117",28.700556,-95.768611,100,NA,NA,NA,0.65,0.25,"2005-03-22T11:29",22,3,2005,5203686,5203686,"HUMAN_OBSERVATION","TPWD","Matagorda Bay Bag Seine","",NA,"",NA,"CC0_1_0","","",NA,NA,2025-02-07 00:07:00.302,"","CONTINENT_DERIVED_FROM_COORDINATES"
3404847604,"94a6bf19-40a2-4689-ab0e-53edb30b9d36","Station_207_Date_21JUN2005:12:17:00.000_Fundulus_grandis","Animalia","Chordata",NA,"Cyprinodontiformes","Fundulidae","Fundulus","Fundulus grandis",NA,"SPECIES","Fundulus grandis Baird & Girard, 1853","Fundulus grandis","Baird & Girard, 1853","US","Nueces Estuary","Texas","PRESENT",NA,"c3ad790a-d426-4ac1-8e32-da61f81f0117",27.741389,-97.160833,100,NA,NA,NA,0.15,0.15,"2005-06-21T12:17",21,6,2005,5203686,5203686,"HUMAN_OBSERVATION","TPWD","Corpus Christi Bay Bag Seine","",NA,"",NA,"CC0_1_0","","",NA,NA,2025-02-06 21:23:17.5,"","CONTINENT_DERIVED_FROM_COORDINATES"
3404847427,"94a6bf19-40a2-4689-ab0e-53edb30b9d36","Station_156_Date_18DEC2007:11:12:00.000_Fundulus_grandis","Animalia","Chordata",NA,"Cyprinodontiformes","Fundulidae","Fundulus","Fundulus grandis",NA,"SPECIES","Fundulus grandis Baird & Girard, 1853","Fundulus grandis","Baird & Girard, 1853","US","Nueces Estuary","Texas","PRESENT",NA,"c3ad790a-d426-4ac1-8e32-da61f81f0117",27.783611,-97.123611,100,NA,NA,NA,0.05,0.05,"2007-12-18T11:12",18,12,2007,5203686,5203686,"HUMAN_OBSERVATION","TPWD","Corpus Christi Bay Bag Seine","",NA,"",NA,"CC0_1_0","","",NA,NA,2025-02-06 21:23:17.45,"","CONTINENT_DERIVED_FROM_COORDINATES"
3404846499,"94a6bf19-40a2-4689-ab0e-53edb30b9d36","Station_191_Date_08NOV2007:14:51:00.000_Fundulus_grandis","Animalia","Chordata",NA,"Cyprinodontiformes","Fundulidae","Fundulus","Fundulus grandis",NA,"SPECIES","Fundulus grandis Baird & Girard, 1853","Fundulus grandis","Baird & Girard, 1853","US","Nueces Estuary","Texas","PRESENT",NA,"c3ad790a-d426-4ac1-8e32-da61f81f0117",27.754444,-97.157778,100,NA,NA,NA,0.1,0.1,"2007-11-08T14:51",8,11,2007,5203686,5203686,"HUMAN_OBSERVATION","TPWD","Corpus Christi Bay Bag Seine","",NA,"",NA,"CC0_1_0","","",NA,NA,2025-02-06 21:23:17.469,"","CONTINENT_DERIVED_FROM_COORDINATES"
3404845893,"94a6bf19-40a2-4689-ab0e-53edb30b9d36","Station_243_Date_23JUN2008:13:47:00.000_Fundulus_grandis","Animalia","Chordata",NA,"Cyprinodontiformes","Fundulidae","Fundulus","Fundulus grandis",NA,"SPECIES","Fundulus grandis Baird & Girard, 1853","Fundulus grandis","Baird & Girard, 1853","US","Nueces Estuary","Texas","PRESENT",NA,"c3ad790a-d426-4ac1-8e32-da61f81f0117",27.683611,-97.169444,100,NA,NA,NA,0.05,0.05,"2008-06-23T13:47",23,6,2008,5203686,5203686,"HUMAN_OBSERVATION","TPWD","Corpus Christi Bay Bag Seine","",NA,"",NA,"CC0_1_0","","",NA,NA,2025-02-06 21:23:17.249,"","CONTINENT_DERIVED_FROM_COORDINATES"
3404845821,"94a6bf19-40a2-4689-ab0e-53edb30b9d36","Station_226_Date_22JAN2007:10:56:00.000_Fundulus_grandis","Animalia","Chordata",NA,"Cyprinodontiformes","Fundulidae","Fundulus","Fundulus grandis",NA,"SPECIES","Fundulus grandis Baird & Girard, 1853","Fundulus grandis","Baird & Girard, 1853","US","Nueces Estuary","Texas","PRESENT",NA,"c3ad790a-d426-4ac1-8e32-da61f81f0117",27.710833,-97.311944,100,NA,NA,NA,0.2,0.2,"2007-01-22T10:56",22,1,2007,5203686,5203686,"HUMAN_OBSERVATION","TPWD","Corpus Christi Bay Bag Seine","",NA,"",NA,"CC0_1_0","","",NA,NA,2025-02-06 21:23:17.24,"","CONTINENT_DERIVED_FROM_COORDINATES"
3404845680,"94a6bf19-40a2-4689-ab0e-53edb30b9d36","Station_191_Date_14AUG2007:10:14:00.000_Fundulus_grandis","Animalia","Chordata",NA,"Cyprinodontiformes","Fundulidae","Fundulus","Fundulus grandis",NA,"SPECIES","Fundulus grandis Baird & Girard, 1853","Fundulus grandis","Baird & Girard, 1853","US","Nueces Estuary","Texas","PRESENT",NA,"c3ad790a-d426-4ac1-8e32-da61f81f0117",27.750833,-97.158333,100,NA,NA,NA,0.25,0.05,"2007-08-14T10:14",14,8,2007,5203686,5203686,"HUMAN_OBSERVATION","TPWD","Corpus Christi Bay Bag Seine","",NA,"",NA,"CC0_1_0","","",NA,NA,2025-02-06 21:23:17.222,"","CONTINENT_DERIVED_FROM_COORDINATES"
3404845627,"94a6bf19-40a2-4689-ab0e-53edb30b9d36","Station_175_Date_01AUG2008:10:42:00.000_Fundulus_grandis","Animalia","Chordata",NA,"Cyprinodontiformes","Fundulidae","Fundulus","Fundulus grandis",NA,"SPECIES","Fundulus grandis Baird & Girard, 1853","Fundulus grandis","Baird & Girard, 1853","US","Nueces Estuary","Texas","PRESENT",NA,"c3ad790a-d426-4ac1-8e32-da61f81f0117",27.7825,-97.122778,100,NA,NA,NA,0.1,0.1,"2008-08-01T10:42",1,8,2008,5203686,5203686,"HUMAN_OBSERVATION","TPWD","Corpus Christi Bay Bag Seine","",NA,"",NA,"CC0_1_0","","",NA,NA,2025-02-06 21:23:17.216,"","CONTINENT_DERIVED_FROM_COORDINATES"
3404844755,"94a6bf19-40a2-4689-ab0e-53edb30b9d36","Station_234_Date_14AUG2007:10:40:00.000_Fundulus_grandis","Animalia","Chordata",NA,"Cyprinodontiformes","Fundulidae","Fundulus","Fundulus grandis",NA,"SPECIES","Fundulus grandis Baird & Girard, 1853","Fundulus grandis","Baird & Girard, 1853","US","Nueces Estuary","Texas","PRESENT",NA,"c3ad790a-d426-4ac1-8e32-da61f81f0117",27.710556,-97.175833,100,NA,NA,NA,NA,NA,"2007-08-14T10:40",14,8,2007,5203686,5203686,"HUMAN_OBSERVATION","TPWD","Corpus Christi Bay Bag Seine","",NA,"",NA,"CC0_1_0","","",NA,NA,2025-02-06 21:23:17.361,"","CONTINENT_DERIVED_FROM_COORDINATES"
3404844729,"94a6bf19-40a2-4689-ab0e-53edb30b9d36","Station_225_Date_29APR2005:12:17:00.000_Fundulus_grandis","Animalia","Chordata",NA,"Cyprinodontiformes","Fundulidae","Fundulus","Fundulus grandis",NA,"SPECIES","Fundulus grandis Baird & Girard, 1853","Fundulus grandis","Baird & Girard, 1853","US","Nueces Estuary","Texas","PRESENT",NA,"c3ad790a-d426-4ac1-8e32-da61f81f0117",27.708611,-97.321944,100,NA,NA,NA,0.05,0.05,"2005-04-29T12:17",29,4,2005,5203686,5203686,"HUMAN_OBSERVATION","TPWD","Corpus Christi Bay Bag Seine","",NA,"",NA,"CC0_1_0","","",NA,NA,2025-02-06 21:23:17.352,"","CONTINENT_DERIVED_FROM_COORDINATES"
3404844622,"94a6bf19-40a2-4689-ab0e-53edb30b9d36","Station_192_Date_08NOV2007:15:18:00.000_Fundulus_grandis","Animalia","Chordata",NA,"Cyprinodontiformes","Fundulidae","Fundulus","Fundulus grandis",NA,"SPECIES","Fundulus grandis Baird & Girard, 1853","Fundulus grandis","Baird & Girard, 1853","US","Nueces Estuary","Texas","PRESENT",NA,"c3ad790a-d426-4ac1-8e32-da61f81f0117",27.755278,-97.14,100,NA,NA,NA,0.3,0.1,"2007-11-08T15:18",8,11,2007,5203686,5203686,"HUMAN_OBSERVATION","TPWD","Corpus Christi Bay Bag Seine","",NA,"",NA,"CC0_1_0","","",NA,NA,2025-02-06 21:23:17.321,"","CONTINENT_DERIVED_FROM_COORDINATES"
3404844598,"94a6bf19-40a2-4689-ab0e-53edb30b9d36","Station_191_Date_07JUL2008:15:22:00.000_Fundulus_grandis","Animalia","Chordata",NA,"Cyprinodontiformes","Fundulidae","Fundulus","Fundulus grandis",NA,"SPECIES","Fundulus grandis Baird & Girard, 1853","Fundulus grandis","Baird & Girard, 1853","US","Nueces Estuary","Texas","PRESENT",NA,"c3ad790a-d426-4ac1-8e32-da61f81f0117",27.754167,-97.1575,100,NA,NA,NA,0.15,0.15,"2008-07-07T15:22",7,7,2008,5203686,5203686,"HUMAN_OBSERVATION","TPWD","Corpus Christi Bay Bag Seine","",NA,"",NA,"CC0_1_0","","",NA,NA,2025-02-06 21:23:17.316,"","CONTINENT_DERIVED_FROM_COORDINATES"
3404843950,"94a6bf19-40a2-4689-ab0e-53edb30b9d36","Station_249_Date_25APR2006:11:52:00.000_Fundulus_grandis","Animalia","Chordata",NA,"Cyprinodontiformes","Fundulidae","Fundulus","Fundulus grandis",NA,"SPECIES","Fundulus grandis Baird & Girard, 1853","Fundulus grandis","Baird & Girard, 1853","US","Nueces Estuary","Texas","PRESENT",NA,"c3ad790a-d426-4ac1-8e32-da61f81f0117",27.682222,-97.174722,100,NA,NA,NA,0.15,0.15,"2006-04-25T11:52",25,4,2006,5203686,5203686,"HUMAN_OBSERVATION","TPWD","Corpus Christi Bay Bag Seine","",NA,"",NA,"CC0_1_0","","",NA,NA,2025-02-06 21:23:17.533,"","CONTINENT_DERIVED_FROM_COORDINATES"
3404843941,"94a6bf19-40a2-4689-ab0e-53edb30b9d36","Station_249_Date_12JAN2005:12:34:00.000_Fundulus_grandis","Animalia","Chordata",NA,"Cyprinodontiformes","Fundulidae","Fundulus","Fundulus grandis",NA,"SPECIES","Fundulus grandis Baird & Girard, 1853","Fundulus grandis","Baird & Girard, 1853","US","Nueces Estuary","Texas","PRESENT",NA,"c3ad790a-d426-4ac1-8e32-da61f81f0117",27.681944,-97.174444,100,NA,NA,NA,0.1,0.1,"2005-01-12T12:34",12,1,2005,5203686,5203686,"HUMAN_OBSERVATION","TPWD","Corpus Christi Bay Bag Seine","",NA,"",NA,"CC0_1_0","","",NA,NA,2025-02-06 21:23:17.531,"","CONTINENT_DERIVED_FROM_COORDINATES"
3404843910,"94a6bf19-40a2-4689-ab0e-53edb30b9d36","Station_243_Date_03JAN2006:12:59:00.000_Fundulus_grandis","Animalia","Chordata",NA,"Cyprinodontiformes","Fundulidae","Fundulus","Fundulus grandis",NA,"SPECIES","Fundulus grandis Baird & Girard, 1853","Fundulus grandis","Baird & Girard, 1853","US","Nueces Estuary","Texas","PRESENT",NA,"c3ad790a-d426-4ac1-8e32-da61f81f0117",27.6975,-97.181389,100,NA,NA,NA,0.25,0.25,"2006-01-03T12:59",3,1,2006,5203686,5203686,"HUMAN_OBSERVATION","TPWD","Corpus Christi Bay Bag Seine","",NA,"",NA,"CC0_1_0","","",NA,NA,2025-02-06 21:23:17.527,"","CONTINENT_DERIVED_FROM_COORDINATES"
3404843647,"94a6bf19-40a2-4689-ab0e-53edb30b9d36","Station_176_Date_26JAN2006:11:47:00.000_Fundulus_grandis","Animalia","Chordata",NA,"Cyprinodontiformes","Fundulidae","Fundulus","Fundulus grandis",NA,"SPECIES","Fundulus grandis Baird & Girard, 1853","Fundulus grandis","Baird & Girard, 1853","US","Nueces Estuary","Texas","PRESENT",NA,"c3ad790a-d426-4ac1-8e32-da61f81f0117",27.7825,-97.110833,100,NA,NA,NA,0.15,0.15,"2006-01-26T11:47",26,1,2006,5203686,5203686,"HUMAN_OBSERVATION","TPWD","Corpus Christi Bay Bag Seine","",NA,"",NA,"CC0_1_0","","",NA,NA,2025-02-06 21:23:17.472,"","CONTINENT_DERIVED_FROM_COORDINATES"
3404843636,"94a6bf19-40a2-4689-ab0e-53edb30b9d36","Station_175_Date_26JAN2006:11:20:00.000_Fundulus_grandis","Animalia","Chordata",NA,"Cyprinodontiformes","Fundulidae","Fundulus","Fundulus grandis",NA,"SPECIES","Fundulus grandis Baird & Girard, 1853","Fundulus grandis","Baird & Girard, 1853","US","Nueces Estuary","Texas","PRESENT",NA,"c3ad790a-d426-4ac1-8e32-da61f81f0117",27.776944,-97.130278,100,NA,NA,NA,0.25,0.25,"2006-01-26T11:20",26,1,2006,5203686,5203686,"HUMAN_OBSERVATION","TPWD","Corpus Christi Bay Bag Seine","",NA,"",NA,"CC0_1_0","","",NA,NA,2025-02-06 21:23:17.471,"","CONTINENT_DERIVED_FROM_COORDINATES"
3404842765,"94a6bf19-40a2-4689-ab0e-53edb30b9d36","Station_243_Date_08JAN2008:12:28:00.000_Fundulus_grandis","Animalia","Chordata",NA,"Cyprinodontiformes","Fundulidae","Fundulus","Fundulus grandis",NA,"SPECIES","Fundulus grandis Baird & Girard, 1853","Fundulus grandis","Baird & Girard, 1853","US","Nueces Estuary","Texas","PRESENT",NA,"c3ad790a-d426-4ac1-8e32-da61f81f0117",27.683611,-97.175556,100,NA,NA,NA,0.2,0.2,"2008-01-08T12:28",8,1,2008,5203686,5203686,"HUMAN_OBSERVATION","TPWD","Corpus Christi Bay Bag Seine","",NA,"",NA,"CC0_1_0","","",NA,NA,2025-02-06 21:23:17.439,"","CONTINENT_DERIVED_FROM_COORDINATES"
3404841611,"94a6bf19-40a2-4689-ab0e-53edb30b9d36","Station_221_Date_17DEC2008:13:52:00.000_Fundulus_grandis","Animalia","Chordata",NA,"Cyprinodontiformes","Fundulidae","Fundulus","Fundulus grandis",NA,"SPECIES","Fundulus grandis Baird & Girard, 1853","Fundulus grandis","Baird & Girard, 1853","US","Nueces Estuary","Texas","PRESENT",NA,"c3ad790a-d426-4ac1-8e32-da61f81f0117",27.727778,-97.166667,100,NA,NA,NA,0.1,0.1,"2008-12-17T13:52",17,12,2008,5203686,5203686,"HUMAN_OBSERVATION","TPWD","Corpus Christi Bay Bag Seine","",NA,"",NA,"CC0_1_0","","",NA,NA,2025-02-06 21:23:17.424,"","CONTINENT_DERIVED_FROM_COORDINATES"
3404841566,"94a6bf19-40a2-4689-ab0e-53edb30b9d36","Station_208_Date_11SEP2006:16:34:00.000_Fundulus_grandis","Animalia","Chordata",NA,"Cyprinodontiformes","Fundulidae","Fundulus","Fundulus grandis",NA,"SPECIES","Fundulus grandis Baird & Girard, 1853","Fundulus grandis","Baird & Girard, 1853","US","Nueces Estuary","Texas","PRESENT",NA,"c3ad790a-d426-4ac1-8e32-da61f81f0117",27.738333,-97.138611,100,NA,NA,NA,0.4,0.4,"2006-09-11T16:34",11,9,2006,5203686,5203686,"HUMAN_OBSERVATION","TPWD","Corpus Christi Bay Bag Seine","",NA,"",NA,"CC0_1_0","","",NA,NA,2025-02-06 21:23:17.417,"","CONTINENT_DERIVED_FROM_COORDINATES"
3404841329,"94a6bf19-40a2-4689-ab0e-53edb30b9d36","Station_136_Date_05JAN2005:12:08:00.000_Fundulus_grandis","Animalia","Chordata",NA,"Cyprinodontiformes","Fundulidae","Fundulus","Fundulus grandis",NA,"SPECIES","Fundulus grandis Baird & Girard, 1853","Fundulus grandis","Baird & Girard, 1853","US","Nueces Estuary","Texas","PRESENT",NA,"c3ad790a-d426-4ac1-8e32-da61f81f0117",27.809167,-97.119167,100,NA,NA,NA,0.35,0.05,"2005-01-05T12:08",5,1,2005,5203686,5203686,"HUMAN_OBSERVATION","TPWD","Corpus Christi Bay Bag Seine","",NA,"",NA,"CC0_1_0","","",NA,NA,2025-02-06 21:23:17.345,"","CONTINENT_DERIVED_FROM_COORDINATES"
3404840738,"94a6bf19-40a2-4689-ab0e-53edb30b9d36","Station_242_Date_26MAR2008:10:02:00.000_Fundulus_grandis","Animalia","Chordata",NA,"Cyprinodontiformes","Fundulidae","Fundulus","Fundulus grandis",NA,"SPECIES","Fundulus grandis Baird & Girard, 1853","Fundulus grandis","Baird & Girard, 1853","US","Nueces Estuary","Texas","PRESENT",NA,"c3ad790a-d426-4ac1-8e32-da61f81f0117",27.698333,-97.183611,100,NA,NA,NA,0.15,0.15,"2008-03-26T10:02",26,3,2008,5203686,5203686,"HUMAN_OBSERVATION","TPWD","Corpus Christi Bay Bag Seine","",NA,"",NA,"CC0_1_0","","",NA,NA,2025-02-06 21:23:17.247,"","CONTINENT_DERIVED_FROM_COORDINATES"
3404840692,"94a6bf19-40a2-4689-ab0e-53edb30b9d36","Station_226_Date_27FEB2008:12:06:00.000_Fundulus_grandis","Animalia","Chordata",NA,"Cyprinodontiformes","Fundulidae","Fundulus","Fundulus grandis",NA,"SPECIES","Fundulus grandis Baird & Girard, 1853","Fundulus grandis","Baird & Girard, 1853","US","Nueces Estuary","Texas","PRESENT",NA,"c3ad790a-d426-4ac1-8e32-da61f81f0117",27.709167,-97.306667,100,NA,NA,NA,0.1,0.1,"2008-02-27T12:06",27,2,2008,5203686,5203686,"HUMAN_OBSERVATION","TPWD","Corpus Christi Bay Bag Seine","",NA,"",NA,"CC0_1_0","","",NA,NA,2025-02-06 21:23:17.241,"","CONTINENT_DERIVED_FROM_COORDINATES"
3404839782,"94a6bf19-40a2-4689-ab0e-53edb30b9d36","Station_243_Date_14AUG2007:11:01:00.000_Fundulus_grandis","Animalia","Chordata",NA,"Cyprinodontiformes","Fundulidae","Fundulus","Fundulus grandis",NA,"SPECIES","Fundulus grandis Baird & Girard, 1853","Fundulus grandis","Baird & Girard, 1853","US","Nueces Estuary","Texas","PRESENT",NA,"c3ad790a-d426-4ac1-8e32-da61f81f0117",27.694444,-97.174444,100,NA,NA,NA,NA,NA,"2007-08-14T11:01",14,8,2007,5203686,5203686,"HUMAN_OBSERVATION","TPWD","Corpus Christi Bay Bag Seine","",NA,"",NA,"CC0_1_0","","",NA,NA,2025-02-06 21:23:17.534,"","CONTINENT_DERIVED_FROM_COORDINATES"
3404839691,"94a6bf19-40a2-4689-ab0e-53edb30b9d36","Station_225_Date_05APR2007:12:55:00.000_Fundulus_grandis","Animalia","Chordata",NA,"Cyprinodontiformes","Fundulidae","Fundulus","Fundulus grandis",NA,"SPECIES","Fundulus grandis Baird & Girard, 1853","Fundulus grandis","Baird & Girard, 1853","US","Nueces Estuary","Texas","PRESENT",NA,"c3ad790a-d426-4ac1-8e32-da61f81f0117",27.708611,-97.322222,100,NA,NA,NA,0.15,0.15,"2007-04-05T12:55",5,4,2007,5203686,5203686,"HUMAN_OBSERVATION","TPWD","Corpus Christi Bay Bag Seine","",NA,"",NA,"CC0_1_0","","",NA,NA,2025-02-06 21:23:17.513,"","CONTINENT_DERIVED_FROM_COORDINATES"
3404839525,"94a6bf19-40a2-4689-ab0e-53edb30b9d36","Station_174_Date_21AUG2006:12:44:00.000_Fundulus_grandis","Animalia","Chordata",NA,"Cyprinodontiformes","Fundulidae","Fundulus","Fundulus grandis",NA,"SPECIES","Fundulus grandis Baird & Girard, 1853","Fundulus grandis","Baird & Girard, 1853","US","Nueces Estuary","Texas","PRESENT",NA,"c3ad790a-d426-4ac1-8e32-da61f81f0117",27.771389,-97.146944,100,NA,NA,NA,0.25,0.25,"2006-08-21T12:44",21,8,2006,5203686,5203686,"HUMAN_OBSERVATION","TPWD","Corpus Christi Bay Bag Seine","",NA,"",NA,"CC0_1_0","","",NA,NA,2025-02-06 21:23:17.45,"","CONTINENT_DERIVED_FROM_COORDINATES"
3404838110,"94a6bf19-40a2-4689-ab0e-53edb30b9d36","Station_90_Date_29APR2008:17:12:00.000_Fundulus_grandis","Animalia","Chordata",NA,"Cyprinodontiformes","Fundulidae","Fundulus","Fundulus grandis",NA,"SPECIES","Fundulus grandis Baird & Girard, 1853","Fundulus grandis","Baird & Girard, 1853","US","Nueces Estuary","Texas","PRESENT",NA,"c3ad790a-d426-4ac1-8e32-da61f81f0117",27.838333,-97.238611,100,NA,NA,NA,0.1,0.1,"2008-04-29T17:12",29,4,2008,5203686,5203686,"HUMAN_OBSERVATION","TPWD","Corpus Christi Bay Bag Seine","",NA,"",NA,"CC0_1_0","","",NA,NA,2025-02-06 21:23:17.379,"","CONTINENT_DERIVED_FROM_COORDINATES"
3404837964,"94a6bf19-40a2-4689-ab0e-53edb30b9d36","Station_59_Date_23JUN2006:09:34:00.000_Fundulus_grandis","Animalia","Chordata",NA,"Cyprinodontiformes","Fundulidae","Fundulus","Fundulus grandis",NA,"SPECIES","Fundulus grandis Baird & Girard, 1853","Fundulus grandis","Baird & Girard, 1853","US","Nueces Estuary","Texas","PRESENT",NA,"c3ad790a-d426-4ac1-8e32-da61f81f0117",27.879167,-97.285556,100,NA,NA,NA,0.1,0.1,"2006-06-23T09:34",23,6,2006,5203686,5203686,"HUMAN_OBSERVATION","TPWD","Corpus Christi Bay Bag Seine","",NA,"",NA,"CC0_1_0","","",NA,NA,2025-02-06 21:23:17.35,"","CONTINENT_DERIVED_FROM_COORDINATES"
3404837543,"94a6bf19-40a2-4689-ab0e-53edb30b9d36","Station_15_Date_11APR2007:10:30:00.000_Fundulus_grandis","Animalia","Chordata",NA,"Cyprinodontiformes","Fundulidae","Fundulus","Fundulus grandis",NA,"SPECIES","Fundulus grandis Baird & Girard, 1853","Fundulus grandis","Baird & Girard, 1853","US","Nueces Estuary","Texas","PRESENT",NA,"c3ad790a-d426-4ac1-8e32-da61f81f0117",27.879444,-97.358611,100,NA,NA,NA,0.25,0.05,"2007-04-11T10:30",11,4,2007,5203686,5203686,"HUMAN_OBSERVATION","TPWD","Corpus Christi Bay Bag Seine","",NA,"",NA,"CC0_1_0","","",NA,NA,2025-02-06 21:23:17.253,"","CONTINENT_DERIVED_FROM_COORDINATES"
3404837518,"94a6bf19-40a2-4689-ab0e-53edb30b9d36","Station_14_Date_26JUL2005:15:23:00.000_Fundulus_grandis","Animalia","Chordata",NA,"Cyprinodontiformes","Fundulidae","Fundulus","Fundulus grandis",NA,"SPECIES","Fundulus grandis Baird & Girard, 1853","Fundulus grandis","Baird & Girard, 1853","US","Nueces Estuary","Texas","PRESENT",NA,"c3ad790a-d426-4ac1-8e32-da61f81f0117",27.654167,-97.241667,100,NA,NA,NA,0.15,0.15,"2005-07-26T15:23",26,7,2005,5203686,5203686,"HUMAN_OBSERVATION","TPWD","Corpus Christi Bay Bag Seine","",NA,"",NA,"CC0_1_0","","",NA,NA,2025-02-06 21:23:17.247,"","CONTINENT_DERIVED_FROM_COORDINATES"
3404837445,"94a6bf19-40a2-4689-ab0e-53edb30b9d36","Station_12_Date_27NOV2007:13:37:00.000_Fundulus_grandis","Animalia","Chordata",NA,"Cyprinodontiformes","Fundulidae","Fundulus","Fundulus grandis",NA,"SPECIES","Fundulus grandis Baird & Girard, 1853","Fundulus grandis","Baird & Girard, 1853","US","Nueces Estuary","Texas","PRESENT",NA,"c3ad790a-d426-4ac1-8e32-da61f81f0117",27.8725,-97.409722,100,NA,NA,NA,0.05,0.05,"2007-11-27T13:37",27,11,2007,5203686,5203686,"HUMAN_OBSERVATION","TPWD","Corpus Christi Bay Bag Seine","",NA,"",NA,"CC0_1_0","","",NA,NA,2025-02-06 21:23:17.23,"","CONTINENT_DERIVED_FROM_COORDINATES"
3404837360,"94a6bf19-40a2-4689-ab0e-53edb30b9d36","Station_10_Date_23AUG2005:10:07:00.000_Fundulus_grandis","Animalia","Chordata",NA,"Cyprinodontiformes","Fundulidae","Fundulus","Fundulus grandis",NA,"SPECIES","Fundulus grandis Baird & Girard, 1853","Fundulus grandis","Baird & Girard, 1853","US","Nueces Estuary","Texas","PRESENT",NA,"c3ad790a-d426-4ac1-8e32-da61f81f0117",27.870833,-97.439167,100,NA,NA,NA,0.1,0,"2005-08-23T10:07",23,8,2005,5203686,5203686,"HUMAN_OBSERVATION","TPWD","Corpus Christi Bay Bag Seine","",NA,"",NA,"CC0_1_0","","",NA,NA,2025-02-06 21:23:17.185,"","CONTINENT_DERIVED_FROM_COORDINATES"
3404836913,"94a6bf19-40a2-4689-ab0e-53edb30b9d36","Station_59_Date_16SEP2008:17:51:00.000_Fundulus_grandis","Animalia","Chordata",NA,"Cyprinodontiformes","Fundulidae","Fundulus","Fundulus grandis",NA,"SPECIES","Fundulus grandis Baird & Girard, 1853","Fundulus grandis","Baird & Girard, 1853","US","Nueces Estuary","Texas","PRESENT",NA,"c3ad790a-d426-4ac1-8e32-da61f81f0117",27.878611,-97.289444,100,NA,NA,NA,0.1,0.1,"2008-09-16T17:51",16,9,2008,5203686,5203686,"HUMAN_OBSERVATION","TPWD","Corpus Christi Bay Bag Seine","",NA,"",NA,"CC0_1_0","","",NA,NA,2025-02-06 21:23:17.281,"","CONTINENT_DERIVED_FROM_COORDINATES"
3404836912,"94a6bf19-40a2-4689-ab0e-53edb30b9d36","Station_59_Date_16JUL2008:10:02:00.000_Fundulus_grandis","Animalia","Chordata",NA,"Cyprinodontiformes","Fundulidae","Fundulus","Fundulus grandis",NA,"SPECIES","Fundulus grandis Baird & Girard, 1853","Fundulus grandis","Baird & Girard, 1853","US","Nueces Estuary","Texas","PRESENT",NA,"c3ad790a-d426-4ac1-8e32-da61f81f0117",27.878889,-97.284722,100,NA,NA,NA,0.1,0.1,"2008-07-16T10:02",16,7,2008,5203686,5203686,"HUMAN_OBSERVATION","TPWD","Corpus Christi Bay Bag Seine","",NA,"",NA,"CC0_1_0","","",NA,NA,2025-02-06 21:23:17.281,"","CONTINENT_DERIVED_FROM_COORDINATES"
3404836897,"94a6bf19-40a2-4689-ab0e-53edb30b9d36","Station_57_Date_29OCT2008:16:12:00.000_Fundulus_grandis","Animalia","Chordata",NA,"Cyprinodontiformes","Fundulidae","Fundulus","Fundulus grandis",NA,"SPECIES","Fundulus grandis Baird & Girard, 1853","Fundulus grandis","Baird & Girard, 1853","US","Nueces Estuary","Texas","PRESENT",NA,"c3ad790a-d426-4ac1-8e32-da61f81f0117",27.876389,-97.332778,100,NA,NA,NA,0.2,0.2,"2008-10-29T16:12",29,10,2008,5203686,5203686,"HUMAN_OBSERVATION","TPWD","Corpus Christi Bay Bag Seine","",NA,"",NA,"CC0_1_0","","",NA,NA,2025-02-06 21:23:17.277,"","CONTINENT_DERIVED_FROM_COORDINATES"
3404835356,"94a6bf19-40a2-4689-ab0e-53edb30b9d36","Station_6_Date_25FEB2008:11:42:00.000_Fundulus_grandis","Animalia","Chordata",NA,"Cyprinodontiformes","Fundulidae","Fundulus","Fundulus grandis",NA,"SPECIES","Fundulus grandis Baird & Girard, 1853","Fundulus grandis","Baird & Girard, 1853","US","Nueces Estuary","Texas","PRESENT",NA,"c3ad790a-d426-4ac1-8e32-da61f81f0117",27.876944,-97.505,100,NA,NA,NA,0.1,0.1,"2008-02-25T11:42",25,2,2008,5203686,5203686,"HUMAN_OBSERVATION","TPWD","Corpus Christi Bay Bag Seine","",NA,"",NA,"CC0_1_0","","",NA,NA,2025-02-06 21:23:16.979,"","CONTINENT_DERIVED_FROM_COORDINATES"
3404835211,"94a6bf19-40a2-4689-ab0e-53edb30b9d36","Station_91_Date_08MAR2006:09:22:00.000_Fundulus_grandis","Animalia","Chordata",NA,"Cyprinodontiformes","Fundulidae","Fundulus","Fundulus grandis",NA,"SPECIES","Fundulus grandis Baird & Girard, 1853","Fundulus grandis","Baird & Girard, 1853","US","Nueces Estuary","Texas","PRESENT",NA,"c3ad790a-d426-4ac1-8e32-da61f81f0117",27.837222,-97.220556,100,NA,NA,NA,0.05,0.05,"2006-03-08T09:22",8,3,2006,5203686,5203686,"HUMAN_OBSERVATION","TPWD","Corpus Christi Bay Bag Seine","",NA,"",NA,"CC0_1_0","","",NA,NA,2025-02-06 21:23:17.379,"","CONTINENT_DERIVED_FROM_COORDINATES"
3404834665,"94a6bf19-40a2-4689-ab0e-53edb30b9d36","Station_15_Date_29OCT2007:17:09:00.000_Fundulus_grandis","Animalia","Chordata",NA,"Cyprinodontiformes","Fundulidae","Fundulus","Fundulus grandis",NA,"SPECIES","Fundulus grandis Baird & Girard, 1853","Fundulus grandis","Baird & Girard, 1853","US","Nueces Estuary","Texas","PRESENT",NA,"c3ad790a-d426-4ac1-8e32-da61f81f0117",27.6525,-97.229167,100,NA,NA,NA,0.2,0.2,"2007-10-29T17:09",29,10,2007,5203686,5203686,"HUMAN_OBSERVATION","TPWD","Corpus Christi Bay Bag Seine","",NA,"",NA,"CC0_1_0","","",NA,NA,2025-02-06 21:23:17.255,"","CONTINENT_DERIVED_FROM_COORDINATES"
3404834635,"94a6bf19-40a2-4689-ab0e-53edb30b9d36","Station_14_Date_27MAY2005:11:45:00.000_Fundulus_grandis","Animalia","Chordata",NA,"Cyprinodontiformes","Fundulidae","Fundulus","Fundulus grandis",NA,"SPECIES","Fundulus grandis Baird & Girard, 1853","Fundulus grandis","Baird & Girard, 1853","US","Nueces Estuary","Texas","PRESENT",NA,"c3ad790a-d426-4ac1-8e32-da61f81f0117",27.659722,-97.246389,100,NA,NA,NA,0.15,0.15,"2005-05-27T11:45",27,5,2005,5203686,5203686,"HUMAN_OBSERVATION","TPWD","Corpus Christi Bay Bag Seine","",NA,"",NA,"CC0_1_0","","",NA,NA,2025-02-06 21:23:17.248,"","CONTINENT_DERIVED_FROM_COORDINATES"
3404834541,"94a6bf19-40a2-4689-ab0e-53edb30b9d36","Station_11_Date_14JAN2008:14:53:00.000_Fundulus_grandis","Animalia","Chordata",NA,"Cyprinodontiformes","Fundulidae","Fundulus","Fundulus grandis",NA,"SPECIES","Fundulus grandis Baird & Girard, 1853","Fundulus grandis","Baird & Girard, 1853","US","Nueces Estuary","Texas","PRESENT",NA,"c3ad790a-d426-4ac1-8e32-da61f81f0117",27.666944,-97.196667,100,NA,NA,NA,0.15,0.05,"2008-01-14T14:53",14,1,2008,5203686,5203686,"HUMAN_OBSERVATION","TPWD","Corpus Christi Bay Bag Seine","",NA,"",NA,"CC0_1_0","","",NA,NA,2025-02-06 21:23:17.223,"","CONTINENT_DERIVED_FROM_COORDINATES"
3404834192,"94a6bf19-40a2-4689-ab0e-53edb30b9d36","Station_93_Date_19OCT2005:16:24:00.000_Fundulus_grandis","Animalia","Chordata",NA,"Cyprinodontiformes","Fundulidae","Fundulus","Fundulus grandis",NA,"SPECIES","Fundulus grandis Baird & Girard, 1853","Fundulus grandis","Baird & Girard, 1853","US","Nueces Estuary","Texas","PRESENT",NA,"c3ad790a-d426-4ac1-8e32-da61f81f0117",27.845278,-97.150556,100,NA,NA,NA,0.35,0.35,"2005-10-19T16:24",19,10,2005,5203686,5203686,"HUMAN_OBSERVATION","TPWD","Corpus Christi Bay Bag Seine","",NA,"",NA,"CC0_1_0","","",NA,NA,2025-02-06 21:23:17.168,"","CONTINENT_DERIVED_FROM_COORDINATES"
3404833923,"94a6bf19-40a2-4689-ab0e-53edb30b9d36","Station_40_Date_23OCT2007:18:12:00.000_Fundulus_grandis","Animalia","Chordata",NA,"Cyprinodontiformes","Fundulidae","Fundulus","Fundulus grandis",NA,"SPECIES","Fundulus grandis Baird & Girard, 1853","Fundulus grandis","Baird & Girard, 1853","US","Nueces Estuary","Texas","PRESENT",NA,"c3ad790a-d426-4ac1-8e32-da61f81f0117",27.831111,-97.485278,100,NA,NA,NA,0.2,0.2,"2007-10-23T18:12",23,10,2007,5203686,5203686,"HUMAN_OBSERVATION","TPWD","Corpus Christi Bay Bag Seine","",NA,"",NA,"CC0_1_0","","",NA,NA,2025-02-06 21:23:17.127,"","CONTINENT_DERIVED_FROM_COORDINATES"
3404833866,"94a6bf19-40a2-4689-ab0e-53edb30b9d36","Station_27_Date_19NOV2007:13:21:00.000_Fundulus_grandis","Animalia","Chordata",NA,"Cyprinodontiformes","Fundulidae","Fundulus","Fundulus grandis",NA,"SPECIES","Fundulus grandis Baird & Girard, 1853","Fundulus grandis","Baird & Girard, 1853","US","Nueces Estuary","Texas","PRESENT",NA,"c3ad790a-d426-4ac1-8e32-da61f81f0117",27.851389,-97.358889,100,NA,NA,NA,0.1,0.1,"2007-11-19T13:21",19,11,2007,5203686,5203686,"HUMAN_OBSERVATION","TPWD","Corpus Christi Bay Bag Seine","",NA,"",NA,"CC0_1_0","","",NA,NA,2025-02-06 21:23:17.119,"","CONTINENT_DERIVED_FROM_COORDINATES"
3404833592,"94a6bf19-40a2-4689-ab0e-53edb30b9d36","Station_15_Date_01DEC2008:12:26:00.000_Fundulus_grandis","Animalia","Chordata",NA,"Cyprinodontiformes","Fundulidae","Fundulus","Fundulus grandis",NA,"SPECIES","Fundulus grandis Baird & Girard, 1853","Fundulus grandis","Baird & Girard, 1853","US","Nueces Estuary","Texas","PRESENT",NA,"c3ad790a-d426-4ac1-8e32-da61f81f0117",27.876667,-97.359444,100,NA,NA,NA,0.1,0.1,"2008-12-01T12:26",1,12,2008,5203686,5203686,"HUMAN_OBSERVATION","TPWD","Corpus Christi Bay Bag Seine","",NA,"",NA,"CC0_1_0","","",NA,NA,2025-02-06 21:23:17.047,"","CONTINENT_DERIVED_FROM_COORDINATES"
3404833554,"94a6bf19-40a2-4689-ab0e-53edb30b9d36","Station_14_Date_01DEC2008:12:07:00.000_Fundulus_grandis","Animalia","Chordata",NA,"Cyprinodontiformes","Fundulidae","Fundulus","Fundulus grandis",NA,"SPECIES","Fundulus grandis Baird & Girard, 1853","Fundulus grandis","Baird & Girard, 1853","US","Nueces Estuary","Texas","PRESENT",NA,"c3ad790a-d426-4ac1-8e32-da61f81f0117",27.874444,-97.376667,100,NA,NA,NA,0.1,0.1,"2008-12-01T12:07",1,12,2008,5203686,5203686,"HUMAN_OBSERVATION","TPWD","Corpus Christi Bay Bag Seine","",NA,"",NA,"CC0_1_0","","",NA,NA,2025-02-06 21:23:17.042,"","CONTINENT_DERIVED_FROM_COORDINATES"
3404833499,"94a6bf19-40a2-4689-ab0e-53edb30b9d36","Station_12_Date_13SEP2006:16:48:00.000_Fundulus_grandis","Animalia","Chordata",NA,"Cyprinodontiformes","Fundulidae","Fundulus","Fundulus grandis",NA,"SPECIES","Fundulus grandis Baird & Girard, 1853","Fundulus grandis","Baird & Girard, 1853","US","Nueces Estuary","Texas","PRESENT",NA,"c3ad790a-d426-4ac1-8e32-da61f81f0117",27.873056,-97.409444,100,NA,NA,NA,0.15,0.15,"2006-09-13T16:48",13,9,2006,5203686,5203686,"HUMAN_OBSERVATION","TPWD","Corpus Christi Bay Bag Seine","",NA,"",NA,"CC0_1_0","","",NA,NA,2025-02-06 21:23:17.032,"","CONTINENT_DERIVED_FROM_COORDINATES"
3404832450,"94a6bf19-40a2-4689-ab0e-53edb30b9d36","Station_11_Date_18DEC2006:11:52:00.000_Fundulus_grandis","Animalia","Chordata",NA,"Cyprinodontiformes","Fundulidae","Fundulus","Fundulus grandis",NA,"SPECIES","Fundulus grandis Baird & Girard, 1853","Fundulus grandis","Baird & Girard, 1853","US","Nueces Estuary","Texas","PRESENT",NA,"c3ad790a-d426-4ac1-8e32-da61f81f0117",27.871389,-97.433056,100,NA,NA,NA,0.05,0.05,"2006-12-18T11:52",18,12,2006,5203686,5203686,"HUMAN_OBSERVATION","TPWD","Corpus Christi Bay Bag Seine","",NA,"",NA,"CC0_1_0","","",NA,NA,2025-02-06 21:23:17.152,"","CONTINENT_DERIVED_FROM_COORDINATES"
3404832377,"94a6bf19-40a2-4689-ab0e-53edb30b9d36","Station_10_Date_25JUL2005:10:12:00.000_Fundulus_grandis","Animalia","Chordata",NA,"Cyprinodontiformes","Fundulidae","Fundulus","Fundulus grandis",NA,"SPECIES","Fundulus grandis Baird & Girard, 1853","Fundulus grandis","Baird & Girard, 1853","US","Nueces Estuary","Texas","PRESENT",NA,"c3ad790a-d426-4ac1-8e32-da61f81f0117",27.870556,-97.438056,100,NA,NA,NA,0.15,0.05,"2005-07-25T10:12",25,7,2005,5203686,5203686,"HUMAN_OBSERVATION","TPWD","Corpus Christi Bay Bag Seine","",NA,"",NA,"CC0_1_0","","",NA,NA,2025-02-06 21:23:17.14,"","CONTINENT_DERIVED_FROM_COORDINATES"
3404832114,"94a6bf19-40a2-4689-ab0e-53edb30b9d36","Station_93_Date_14JUL2006:10:35:00.000_Fundulus_grandis","Animalia","Chordata",NA,"Cyprinodontiformes","Fundulidae","Fundulus","Fundulus grandis",NA,"SPECIES","Fundulus grandis Baird & Girard, 1853","Fundulus grandis","Baird & Girard, 1853","US","Nueces Estuary","Texas","PRESENT",NA,"c3ad790a-d426-4ac1-8e32-da61f81f0117",27.844167,-97.160556,100,NA,NA,NA,0.15,0.15,"2006-07-14T10:35",14,7,2006,5203686,5203686,"HUMAN_OBSERVATION","TPWD","Corpus Christi Bay Bag Seine","",NA,"",NA,"CC0_1_0","","",NA,NA,2025-02-06 21:23:17.306,"","CONTINENT_DERIVED_FROM_COORDINATES"
3404832084,"94a6bf19-40a2-4689-ab0e-53edb30b9d36","Station_90_Date_01JUN2005:16:02:00.000_Fundulus_grandis","Animalia","Chordata",NA,"Cyprinodontiformes","Fundulidae","Fundulus","Fundulus grandis",NA,"SPECIES","Fundulus grandis Baird & Girard, 1853","Fundulus grandis","Baird & Girard, 1853","US","Nueces Estuary","Texas","PRESENT",NA,"c3ad790a-d426-4ac1-8e32-da61f81f0117",27.836111,-97.241389,100,NA,NA,NA,0.15,0.15,"2005-06-01T16:02",1,6,2005,5203686,5203686,"HUMAN_OBSERVATION","TPWD","Corpus Christi Bay Bag Seine","",NA,"",NA,"CC0_1_0","","",NA,NA,2025-02-06 21:23:17.301,"","CONTINENT_DERIVED_FROM_COORDINATES"
3404831814,"94a6bf19-40a2-4689-ab0e-53edb30b9d36","Station_29_Date_07MAR2006:14:24:00.000_Fundulus_grandis","Animalia","Chordata",NA,"Cyprinodontiformes","Fundulidae","Fundulus","Fundulus grandis",NA,"SPECIES","Fundulus grandis Baird & Girard, 1853","Fundulus grandis","Baird & Girard, 1853","US","Nueces Estuary","Texas","PRESENT",NA,"c3ad790a-d426-4ac1-8e32-da61f81f0117",27.630833,-97.219167,100,NA,NA,NA,0.2,0.2,"2006-03-07T14:24",7,3,2006,5203686,5203686,"HUMAN_OBSERVATION","TPWD","Corpus Christi Bay Bag Seine","",NA,"",NA,"CC0_1_0","","",NA,NA,2025-02-06 21:23:17.247,"","CONTINENT_DERIVED_FROM_COORDINATES"
3404831529,"94a6bf19-40a2-4689-ab0e-53edb30b9d36","Station_15_Date_06APR2005:10:46:00.000_Fundulus_grandis","Animalia","Chordata",NA,"Cyprinodontiformes","Fundulidae","Fundulus","Fundulus grandis",NA,"SPECIES","Fundulus grandis Baird & Girard, 1853","Fundulus grandis","Baird & Girard, 1853","US","Nueces Estuary","Texas","PRESENT",NA,"c3ad790a-d426-4ac1-8e32-da61f81f0117",27.874722,-97.3625,100,NA,NA,NA,0.1,0.1,"2005-04-06T10:46",6,4,2005,5203686,5203686,"HUMAN_OBSERVATION","TPWD","Corpus Christi Bay Bag Seine","",NA,"",NA,"CC0_1_0","","",NA,NA,2025-02-06 21:23:17.175,"","CONTINENT_DERIVED_FROM_COORDINATES"
3404831431,"94a6bf19-40a2-4689-ab0e-53edb30b9d36","Station_12_Date_25MAY2005:09:37:00.000_Fundulus_grandis","Animalia","Chordata",NA,"Cyprinodontiformes","Fundulidae","Fundulus","Fundulus grandis",NA,"SPECIES","Fundulus grandis Baird & Girard, 1853","Fundulus grandis","Baird & Girard, 1853","US","Nueces Estuary","Texas","PRESENT",NA,"c3ad790a-d426-4ac1-8e32-da61f81f0117",27.874722,-97.404167,100,NA,NA,NA,0.15,0.05,"2005-05-25T09:37",25,5,2005,5203686,5203686,"HUMAN_OBSERVATION","TPWD","Corpus Christi Bay Bag Seine","",NA,"",NA,"CC0_1_0","","",NA,NA,2025-02-06 21:23:17.155,"","CONTINENT_DERIVED_FROM_COORDINATES"
3404831158,"94a6bf19-40a2-4689-ab0e-53edb30b9d36","Station_98_Date_05JAN2007:13:08:00.000_Fundulus_grandis","Animalia","Chordata",NA,"Cyprinodontiformes","Fundulidae","Fundulus","Fundulus grandis",NA,"SPECIES","Fundulus grandis Baird & Girard, 1853","Fundulus grandis","Baird & Girard, 1853","US","Nueces Estuary","Texas","PRESENT",NA,"c3ad790a-d426-4ac1-8e32-da61f81f0117",27.843889,-97.079722,100,NA,NA,NA,0.2,0.2,"2007-01-05T13:08",5,1,2007,5203686,5203686,"HUMAN_OBSERVATION","TPWD","Corpus Christi Bay Bag Seine","",NA,"",NA,"CC0_1_0","","",NA,NA,2025-02-06 21:23:17.149,"","CONTINENT_DERIVED_FROM_COORDINATES"
3404830698,"94a6bf19-40a2-4689-ab0e-53edb30b9d36","Station_21_Date_01NOV2005:16:18:00.000_Fundulus_grandis","Animalia","Chordata",NA,"Cyprinodontiformes","Fundulidae","Fundulus","Fundulus grandis",NA,"SPECIES","Fundulus grandis Baird & Girard, 1853","Fundulus grandis","Baird & Girard, 1853","US","Nueces Estuary","Texas","PRESENT",NA,"c3ad790a-d426-4ac1-8e32-da61f81f0117",27.863611,-97.460833,100,NA,NA,NA,0.3,0.1,"2005-11-01T16:18",1,11,2005,5203686,5203686,"HUMAN_OBSERVATION","TPWD","Corpus Christi Bay Bag Seine","",NA,"",NA,"CC0_1_0","","",NA,NA,2025-02-06 21:23:17.051,"","CONTINENT_DERIVED_FROM_COORDINATES"
3404830113,"94a6bf19-40a2-4689-ab0e-53edb30b9d36","Station_68_Date_27FEB2007:14:14:00.000_Fundulus_grandis","Animalia","Chordata",NA,"Cyprinodontiformes","Fundulidae","Fundulus","Fundulus grandis",NA,"SPECIES","Fundulus grandis Baird & Girard, 1853","Fundulus grandis","Baird & Girard, 1853","US","Nueces Estuary","Texas","PRESENT",NA,"c3ad790a-d426-4ac1-8e32-da61f81f0117",27.863889,-97.333889,100,NA,NA,NA,0.05,0.05,"2007-02-27T14:14",27,2,2007,5203686,5203686,"HUMAN_OBSERVATION","TPWD","Corpus Christi Bay Bag Seine","",NA,"",NA,"CC0_1_0","","",NA,NA,2025-02-06 21:23:17.146,"","CONTINENT_DERIVED_FROM_COORDINATES"
3404829773,"94a6bf19-40a2-4689-ab0e-53edb30b9d36","Station_19_Date_25FEB2008:11:14:00.000_Fundulus_grandis","Animalia","Chordata",NA,"Cyprinodontiformes","Fundulidae","Fundulus","Fundulus grandis",NA,"SPECIES","Fundulus grandis Baird & Girard, 1853","Fundulus grandis","Baird & Girard, 1853","US","Nueces Estuary","Texas","PRESENT",NA,"c3ad790a-d426-4ac1-8e32-da61f81f0117",27.85,-97.496944,100,NA,NA,NA,0.25,0.25,"2008-02-25T11:14",25,2,2008,5203686,5203686,"HUMAN_OBSERVATION","TPWD","Corpus Christi Bay Bag Seine","",NA,"",NA,"CC0_1_0","","",NA,NA,2025-02-06 21:23:17.064,"","CONTINENT_DERIVED_FROM_COORDINATES"
3404829764,"94a6bf19-40a2-4689-ab0e-53edb30b9d36","Station_19_Date_07MAY2007:16:43:00.000_Fundulus_grandis","Animalia","Chordata",NA,"Cyprinodontiformes","Fundulidae","Fundulus","Fundulus grandis",NA,"SPECIES","Fundulus grandis Baird & Girard, 1853","Fundulus grandis","Baird & Girard, 1853","US","Nueces Estuary","Texas","PRESENT",NA,"c3ad790a-d426-4ac1-8e32-da61f81f0117",27.865,-97.483333,100,NA,NA,NA,0.4,0.2,"2007-05-07T16:43",7,5,2007,5203686,5203686,"HUMAN_OBSERVATION","TPWD","Corpus Christi Bay Bag Seine","",NA,"",NA,"CC0_1_0","","",NA,NA,2025-02-06 21:23:17.063,"","CONTINENT_DERIVED_FROM_COORDINATES"
3404829643,"94a6bf19-40a2-4689-ab0e-53edb30b9d36","Station_14_Date_21APR2008:14:34:00.000_Fundulus_grandis","Animalia","Chordata",NA,"Cyprinodontiformes","Fundulidae","Fundulus","Fundulus grandis",NA,"SPECIES","Fundulus grandis Baird & Girard, 1853","Fundulus grandis","Baird & Girard, 1853","US","Nueces Estuary","Texas","PRESENT",NA,"c3ad790a-d426-4ac1-8e32-da61f81f0117",27.875556,-97.373611,100,NA,NA,NA,0.2,0.2,"2008-04-21T14:34",21,4,2008,5203686,5203686,"HUMAN_OBSERVATION","TPWD","Corpus Christi Bay Bag Seine","",NA,"",NA,"CC0_1_0","","",NA,NA,2025-02-06 21:23:17.043,"","CONTINENT_DERIVED_FROM_COORDINATES"
3404829374,"94a6bf19-40a2-4689-ab0e-53edb30b9d36","Station_7_Date_12JAN2005:13:40:00.000_Fundulus_grandis","Animalia","Chordata",NA,"Cyprinodontiformes","Fundulidae","Fundulus","Fundulus grandis",NA,"SPECIES","Fundulus grandis Baird & Girard, 1853","Fundulus grandis","Baird & Girard, 1853","US","Nueces Estuary","Texas","PRESENT",NA,"c3ad790a-d426-4ac1-8e32-da61f81f0117",27.671389,-97.258611,100,NA,NA,NA,0.2,0.2,"2005-01-12T13:40",12,1,2005,5203686,5203686,"HUMAN_OBSERVATION","TPWD","Corpus Christi Bay Bag Seine","",NA,"",NA,"CC0_1_0","","",NA,NA,2025-02-06 21:23:16.982,"","CONTINENT_DERIVED_FROM_COORDINATES"
3404829160,"94a6bf19-40a2-4689-ab0e-53edb30b9d36","Station_93_Date_01APR2008:10:45:00.000_Fundulus_grandis","Animalia","Chordata",NA,"Cyprinodontiformes","Fundulidae","Fundulus","Fundulus grandis",NA,"SPECIES","Fundulus grandis Baird & Girard, 1853","Fundulus grandis","Baird & Girard, 1853","US","Nueces Estuary","Texas","PRESENT",NA,"c3ad790a-d426-4ac1-8e32-da61f81f0117",27.843611,-97.160833,100,NA,NA,NA,0.15,0.15,"2008-04-01T10:45",1,4,2008,5203686,5203686,"HUMAN_OBSERVATION","TPWD","Corpus Christi Bay Bag Seine","",NA,"",NA,"CC0_1_0","","",NA,NA,2025-02-06 21:23:17.338,"","CONTINENT_DERIVED_FROM_COORDINATES"
3404829033,"94a6bf19-40a2-4689-ab0e-53edb30b9d36","Station_68_Date_22FEB2006:11:50:00.000_Fundulus_grandis","Animalia","Chordata",NA,"Cyprinodontiformes","Fundulidae","Fundulus","Fundulus grandis",NA,"SPECIES","Fundulus grandis Baird & Girard, 1853","Fundulus grandis","Baird & Girard, 1853","US","Nueces Estuary","Texas","PRESENT",NA,"c3ad790a-d426-4ac1-8e32-da61f81f0117",27.856944,-97.344444,100,NA,NA,NA,0.05,0.05,"2006-02-22T11:50",22,2,2006,5203686,5203686,"HUMAN_OBSERVATION","TPWD","Corpus Christi Bay Bag Seine","",NA,"",NA,"CC0_1_0","","",NA,NA,2025-02-06 21:23:17.303,"","CONTINENT_DERIVED_FROM_COORDINATES"
3404828849,"94a6bf19-40a2-4689-ab0e-53edb30b9d36","Station_27_Date_06JUN2005:18:04:00.000_Fundulus_grandis","Animalia","Chordata",NA,"Cyprinodontiformes","Fundulidae","Fundulus","Fundulus grandis",NA,"SPECIES","Fundulus grandis Baird & Girard, 1853","Fundulus grandis","Baird & Girard, 1853","US","Nueces Estuary","Texas","PRESENT",NA,"c3ad790a-d426-4ac1-8e32-da61f81f0117",27.856944,-97.361111,100,NA,NA,NA,0.35,0.35,"2005-06-06T18:04",6,6,2005,5203686,5203686,"HUMAN_OBSERVATION","TPWD","Corpus Christi Bay Bag Seine","",NA,"",NA,"CC0_1_0","","",NA,NA,2025-02-06 21:23:17.241,"","CONTINENT_DERIVED_FROM_COORDINATES"
3404828735,"94a6bf19-40a2-4689-ab0e-53edb30b9d36","Station_21_Date_25JAN2005:14:58:00.000_Fundulus_grandis","Animalia","Chordata",NA,"Cyprinodontiformes","Fundulidae","Fundulus","Fundulus grandis",NA,"SPECIES","Fundulus grandis Baird & Girard, 1853","Fundulus grandis","Baird & Girard, 1853","US","Nueces Estuary","Texas","PRESENT",NA,"c3ad790a-d426-4ac1-8e32-da61f81f0117",27.865278,-97.464444,100,NA,NA,NA,0.15,0.15,"2005-01-25T14:58",25,1,2005,5203686,5203686,"HUMAN_OBSERVATION","TPWD","Corpus Christi Bay Bag Seine","",NA,"",NA,"CC0_1_0","","",NA,NA,2025-02-06 21:23:17.21,"","CONTINENT_DERIVED_FROM_COORDINATES"
3404828734,"94a6bf19-40a2-4689-ab0e-53edb30b9d36","Station_21_Date_24OCT2005:16:47:00.000_Fundulus_grandis","Animalia","Chordata",NA,"Cyprinodontiformes","Fundulidae","Fundulus","Fundulus grandis",NA,"SPECIES","Fundulus grandis Baird & Girard, 1853","Fundulus grandis","Baird & Girard, 1853","US","Nueces Estuary","Texas","PRESENT",NA,"c3ad790a-d426-4ac1-8e32-da61f81f0117",27.864167,-97.460278,100,NA,NA,NA,0.25,0.05,"2005-10-24T16:47",24,10,2005,5203686,5203686,"HUMAN_OBSERVATION","TPWD","Corpus Christi Bay Bag Seine","",NA,"",NA,"CC0_1_0","","",NA,NA,2025-02-06 21:23:17.21,"","CONTINENT_DERIVED_FROM_COORDINATES"
3404828667,"94a6bf19-40a2-4689-ab0e-53edb30b9d36","Station_19_Date_27AUG2008:12:38:00.000_Fundulus_grandis","Animalia","Chordata",NA,"Cyprinodontiformes","Fundulidae","Fundulus","Fundulus grandis",NA,"SPECIES","Fundulus grandis Baird & Girard, 1853","Fundulus grandis","Baird & Girard, 1853","US","Nueces Estuary","Texas","PRESENT",NA,"c3ad790a-d426-4ac1-8e32-da61f81f0117",27.861389,-97.485833,100,NA,NA,NA,0.15,0.15,"2008-08-27T12:38",27,8,2008,5203686,5203686,"HUMAN_OBSERVATION","TPWD","Corpus Christi Bay Bag Seine","",NA,"",NA,"CC0_1_0","","",NA,NA,2025-02-06 21:23:17.172,"","CONTINENT_DERIVED_FROM_COORDINATES"
3404828666,"94a6bf19-40a2-4689-ab0e-53edb30b9d36","Station_19_Date_23AUG2005:13:27:00.000_Fundulus_grandis","Animalia","Chordata",NA,"Cyprinodontiformes","Fundulidae","Fundulus","Fundulus grandis",NA,"SPECIES","Fundulus grandis Baird & Girard, 1853","Fundulus grandis","Baird & Girard, 1853","US","Nueces Estuary","Texas","PRESENT",NA,"c3ad790a-d426-4ac1-8e32-da61f81f0117",27.861111,-97.485556,100,NA,NA,NA,0.3,0.3,"2005-08-23T13:27",23,8,2005,5203686,5203686,"HUMAN_OBSERVATION","TPWD","Corpus Christi Bay Bag Seine","",NA,"",NA,"CC0_1_0","","",NA,NA,2025-02-06 21:23:17.172,"","CONTINENT_DERIVED_FROM_COORDINATES"
3404828581,"94a6bf19-40a2-4689-ab0e-53edb30b9d36","Station_15_Date_21DEC2005:09:54:00.000_Fundulus_grandis","Animalia","Chordata",NA,"Cyprinodontiformes","Fundulidae","Fundulus","Fundulus grandis",NA,"SPECIES","Fundulus grandis Baird & Girard, 1853","Fundulus grandis","Baird & Girard, 1853","US","Nueces Estuary","Texas","PRESENT",NA,"c3ad790a-d426-4ac1-8e32-da61f81f0117",27.875556,-97.361389,100,NA,NA,NA,0.2,0.1,"2005-12-21T09:54",21,12,2005,5203686,5203686,"HUMAN_OBSERVATION","TPWD","Corpus Christi Bay Bag Seine","",NA,"",NA,"CC0_1_0","","",NA,NA,2025-02-06 21:23:17.148,"","CONTINENT_DERIVED_FROM_COORDINATES"
3404828579,"94a6bf19-40a2-4689-ab0e-53edb30b9d36","Station_15_Date_18DEC2006:12:35:00.000_Fundulus_grandis","Animalia","Chordata",NA,"Cyprinodontiformes","Fundulidae","Fundulus","Fundulus grandis",NA,"SPECIES","Fundulus grandis Baird & Girard, 1853","Fundulus grandis","Baird & Girard, 1853","US","Nueces Estuary","Texas","PRESENT",NA,"c3ad790a-d426-4ac1-8e32-da61f81f0117",27.650556,-97.230556,100,NA,NA,NA,0.1,0.1,"2006-12-18T12:35",18,12,2006,5203686,5203686,"HUMAN_OBSERVATION","TPWD","Corpus Christi Bay Bag Seine","",NA,"",NA,"CC0_1_0","","",NA,NA,2025-02-06 21:23:17.148,"","CONTINENT_DERIVED_FROM_COORDINATES"
3404828555,"94a6bf19-40a2-4689-ab0e-53edb30b9d36","Station_14_Date_25JUL2005:09:43:00.000_Fundulus_grandis","Animalia","Chordata",NA,"Cyprinodontiformes","Fundulidae","Fundulus","Fundulus grandis",NA,"SPECIES","Fundulus grandis Baird & Girard, 1853","Fundulus grandis","Baird & Girard, 1853","US","Nueces Estuary","Texas","PRESENT",NA,"c3ad790a-d426-4ac1-8e32-da61f81f0117",27.875278,-97.373333,100,NA,NA,NA,0.1,0,"2005-07-25T09:43",25,7,2005,5203686,5203686,"HUMAN_OBSERVATION","TPWD","Corpus Christi Bay Bag Seine","",NA,"",NA,"CC0_1_0","","",NA,NA,2025-02-06 21:23:17.139,"","CONTINENT_DERIVED_FROM_COORDINATES"
3404828391,"94a6bf19-40a2-4689-ab0e-53edb30b9d36","Station_10_Date_01DEC2008:11:40:00.000_Fundulus_grandis","Animalia","Chordata",NA,"Cyprinodontiformes","Fundulidae","Fundulus","Fundulus grandis",NA,"SPECIES","Fundulus grandis Baird & Girard, 1853","Fundulus grandis","Baird & Girard, 1853","US","Nueces Estuary","Texas","PRESENT",NA,"c3ad790a-d426-4ac1-8e32-da61f81f0117",27.870833,-97.436111,100,NA,NA,NA,0.05,0.05,"2008-12-01T11:40",1,12,2008,5203686,5203686,"HUMAN_OBSERVATION","TPWD","Corpus Christi Bay Bag Seine","",NA,"",NA,"CC0_1_0","","",NA,NA,2025-02-06 21:23:17.071,"","CONTINENT_DERIVED_FROM_COORDINATES"
3404827122,"94a6bf19-40a2-4689-ab0e-53edb30b9d36","Station_4_Date_27MAR2007:14:12:00.000_Fundulus_grandis","Animalia","Chordata",NA,"Cyprinodontiformes","Fundulidae","Fundulus","Fundulus grandis",NA,"SPECIES","Fundulus grandis Baird & Girard, 1853","Fundulus grandis","Baird & Girard, 1853","US","Nueces Estuary","Texas","PRESENT",NA,"c3ad790a-d426-4ac1-8e32-da61f81f0117",27.883611,-97.346667,100,NA,NA,NA,0.2,0,"2007-03-27T14:12",27,3,2007,5203686,5203686,"HUMAN_OBSERVATION","TPWD","Corpus Christi Bay Bag Seine","",NA,"",NA,"CC0_1_0","","",NA,NA,2025-02-06 21:23:17.017,"","CONTINENT_DERIVED_FROM_COORDINATES"
3404823012,"94a6bf19-40a2-4689-ab0e-53edb30b9d36","Station_1_Date_19SEP2006:14:20:00.000_Fundulus_grandis","Animalia","Chordata",NA,"Cyprinodontiformes","Fundulidae","Fundulus","Fundulus grandis",NA,"SPECIES","Fundulus grandis Baird & Girard, 1853","Fundulus grandis","Baird & Girard, 1853","US","Nueces Estuary","Texas","PRESENT",NA,"c3ad790a-d426-4ac1-8e32-da61f81f0117",27.692778,-97.254167,100,NA,NA,NA,0.45,0.05,"2006-09-19T14:20",19,9,2006,5203686,5203686,"HUMAN_OBSERVATION","TPWD","Corpus Christi Bay Bag Seine","",NA,"",NA,"CC0_1_0","","",NA,NA,2025-02-06 21:23:17.039,"","CONTINENT_DERIVED_FROM_COORDINATES"
3404822286,"94a6bf19-40a2-4689-ab0e-53edb30b9d36","Station_8_Date_30NOV2005:10:24:00.000_Fundulus_grandis","Animalia","Chordata",NA,"Cyprinodontiformes","Fundulidae","Fundulus","Fundulus grandis",NA,"SPECIES","Fundulus grandis Baird & Girard, 1853","Fundulus grandis","Baird & Girard, 1853","US","Nueces Estuary","Texas","PRESENT",NA,"c3ad790a-d426-4ac1-8e32-da61f81f0117",27.676944,-97.246111,100,NA,NA,NA,0.2,0.1,"2005-11-30T10:24",30,11,2005,5203686,5203686,"HUMAN_OBSERVATION","TPWD","Corpus Christi Bay Bag Seine","",NA,"",NA,"CC0_1_0","","",NA,NA,2025-02-06 21:23:17.122,"","CONTINENT_DERIVED_FROM_COORDINATES"
3404821915,"94a6bf19-40a2-4689-ab0e-53edb30b9d36","Station_1_Date_26APR2006:13:28:00.000_Fundulus_grandis","Animalia","Chordata",NA,"Cyprinodontiformes","Fundulidae","Fundulus","Fundulus grandis",NA,"SPECIES","Fundulus grandis Baird & Girard, 1853","Fundulus grandis","Baird & Girard, 1853","US","Nueces Estuary","Texas","PRESENT",NA,"c3ad790a-d426-4ac1-8e32-da61f81f0117",27.6925,-97.253333,100,NA,NA,NA,0.1,0.1,"2006-04-26T13:28",26,4,2006,5203686,5203686,"HUMAN_OBSERVATION","TPWD","Corpus Christi Bay Bag Seine","",NA,"",NA,"CC0_1_0","","",NA,NA,2025-02-06 21:23:17.019,"","CONTINENT_DERIVED_FROM_COORDINATES"
3404820258,"94a6bf19-40a2-4689-ab0e-53edb30b9d36","Station_6_Date_25JUL2005:12:32:00.000_Fundulus_grandis","Animalia","Chordata",NA,"Cyprinodontiformes","Fundulidae","Fundulus","Fundulus grandis",NA,"SPECIES","Fundulus grandis Baird & Girard, 1853","Fundulus grandis","Baird & Girard, 1853","US","Nueces Estuary","Texas","PRESENT",NA,"c3ad790a-d426-4ac1-8e32-da61f81f0117",27.876667,-97.504722,100,NA,NA,NA,0.35,0.25,"2005-07-25T12:32",25,7,2005,5203686,5203686,"HUMAN_OBSERVATION","TPWD","Corpus Christi Bay Bag Seine","",NA,"",NA,"CC0_1_0","","",NA,NA,2025-02-06 21:23:16.98,"","CONTINENT_DERIVED_FROM_COORDINATES"
3404819025,"94a6bf19-40a2-4689-ab0e-53edb30b9d36","Station_1_Date_24FEB2006:12:41:00.000_Fundulus_grandis","Animalia","Chordata",NA,"Cyprinodontiformes","Fundulidae","Fundulus","Fundulus grandis",NA,"SPECIES","Fundulus grandis Baird & Girard, 1853","Fundulus grandis","Baird & Girard, 1853","US","Nueces Estuary","Texas","PRESENT",NA,"c3ad790a-d426-4ac1-8e32-da61f81f0117",27.692778,-97.254444,100,NA,NA,NA,0.35,0.05,"2006-02-24T12:41",24,2,2006,5203686,5203686,"HUMAN_OBSERVATION","TPWD","Corpus Christi Bay Bag Seine","",NA,"",NA,"CC0_1_0","","",NA,NA,2025-02-06 21:23:16.879,"","CONTINENT_DERIVED_FROM_COORDINATES"
3404707836,"94a6bf19-40a2-4689-ab0e-53edb30b9d36","Station_243_Date_23NOV2005:10:22:00.000_Fundulus_grandis","Animalia","Chordata",NA,"Cyprinodontiformes","Fundulidae","Fundulus","Fundulus grandis",NA,"SPECIES","Fundulus grandis Baird & Girard, 1853","Fundulus grandis","Baird & Girard, 1853","US","Nueces Estuary","Texas","PRESENT",NA,"c3ad790a-d426-4ac1-8e32-da61f81f0117",27.6975,-97.181944,100,NA,NA,NA,0.25,0.25,"2005-11-23T10:22",23,11,2005,5203686,5203686,"HUMAN_OBSERVATION","TPWD","Corpus Christi Bay Bag Seine","",NA,"",NA,"CC0_1_0","","",NA,NA,2025-02-06 21:23:17.534,"","CONTINENT_DERIVED_FROM_COORDINATES"
3404707604,"94a6bf19-40a2-4689-ab0e-53edb30b9d36","Station_191_Date_03MAY2007:17:36:00.000_Fundulus_grandis","Animalia","Chordata",NA,"Cyprinodontiformes","Fundulidae","Fundulus","Fundulus grandis",NA,"SPECIES","Fundulus grandis Baird & Girard, 1853","Fundulus grandis","Baird & Girard, 1853","US","Nueces Estuary","Texas","PRESENT",NA,"c3ad790a-d426-4ac1-8e32-da61f81f0117",27.755,-97.157222,100,NA,NA,NA,0.2,0.2,"2007-05-03T17:36",3,5,2007,5203686,5203686,"HUMAN_OBSERVATION","TPWD","Corpus Christi Bay Bag Seine","",NA,"",NA,"CC0_1_0","","",NA,NA,2025-02-06 21:23:17.469,"","CONTINENT_DERIVED_FROM_COORDINATES"
3404707329,"94a6bf19-40a2-4689-ab0e-53edb30b9d36","Station_115_Date_11MAR2008:11:08:00.000_Fundulus_grandis","Animalia","Chordata",NA,"Cyprinodontiformes","Fundulidae","Fundulus","Fundulus grandis",NA,"SPECIES","Fundulus grandis Baird & Girard, 1853","Fundulus grandis","Baird & Girard, 1853","US","Nueces Estuary","Texas","PRESENT",NA,"c3ad790a-d426-4ac1-8e32-da61f81f0117",27.820556,-97.1425,100,NA,NA,NA,0.15,0.15,"2008-03-11T11:08",11,3,2008,5203686,5203686,"HUMAN_OBSERVATION","TPWD","Corpus Christi Bay Bag Seine","",NA,"",NA,"CC0_1_0","","",NA,NA,2025-02-06 21:23:17.376,"","CONTINENT_DERIVED_FROM_COORDINATES"
3404704888,"94a6bf19-40a2-4689-ab0e-53edb30b9d36","Station_249_Date_25MAY2006:12:43:00.000_Fundulus_grandis","Animalia","Chordata",NA,"Cyprinodontiformes","Fundulidae","Fundulus","Fundulus grandis",NA,"SPECIES","Fundulus grandis Baird & Girard, 1853","Fundulus grandis","Baird & Girard, 1853","US","Nueces Estuary","Texas","PRESENT",NA,"c3ad790a-d426-4ac1-8e32-da61f81f0117",27.666944,-97.175556,100,NA,NA,NA,0.2,0.1,"2006-05-25T12:43",25,5,2006,5203686,5203686,"HUMAN_OBSERVATION","TPWD","Corpus Christi Bay Bag Seine","",NA,"",NA,"CC0_1_0","","",NA,NA,2025-02-06 21:23:17.533,"","CONTINENT_DERIVED_FROM_COORDINATES"
3404704785,"94a6bf19-40a2-4689-ab0e-53edb30b9d36","Station_222_Date_09MAY2006:10:57:00.000_Fundulus_grandis","Animalia","Chordata",NA,"Cyprinodontiformes","Fundulidae","Fundulus","Fundulus grandis",NA,"SPECIES","Fundulus grandis Baird & Girard, 1853","Fundulus grandis","Baird & Girard, 1853","US","Nueces Estuary","Texas","PRESENT",NA,"c3ad790a-d426-4ac1-8e32-da61f81f0117",27.731389,-97.164722,100,NA,NA,NA,0.15,0.15,"2006-05-09T10:57",9,5,2006,5203686,5203686,"HUMAN_OBSERVATION","TPWD","Corpus Christi Bay Bag Seine","",NA,"",NA,"CC0_1_0","","",NA,NA,2025-02-06 21:23:17.512,"","CONTINENT_DERIVED_FROM_COORDINATES"
3404704623,"94a6bf19-40a2-4689-ab0e-53edb30b9d36","Station_176_Date_27MAR2006:11:44:00.000_Fundulus_grandis","Animalia","Chordata",NA,"Cyprinodontiformes","Fundulidae","Fundulus","Fundulus grandis",NA,"SPECIES","Fundulus grandis Baird & Girard, 1853","Fundulus grandis","Baird & Girard, 1853","US","Nueces Estuary","Texas","PRESENT",NA,"c3ad790a-d426-4ac1-8e32-da61f81f0117",27.782778,-97.111667,100,NA,NA,NA,0.45,0.25,"2006-03-27T11:44",27,3,2006,5203686,5203686,"HUMAN_OBSERVATION","TPWD","Corpus Christi Bay Bag Seine","",NA,"",NA,"CC0_1_0","","",NA,NA,2025-02-06 21:23:17.473,"","CONTINENT_DERIVED_FROM_COORDINATES"
3404703683,"94a6bf19-40a2-4689-ab0e-53edb30b9d36","Station_249_Date_23JUN2008:13:17:00.000_Fundulus_grandis","Animalia","Chordata",NA,"Cyprinodontiformes","Fundulidae","Fundulus","Fundulus grandis",NA,"SPECIES","Fundulus grandis Baird & Girard, 1853","Fundulus grandis","Baird & Girard, 1853","US","Nueces Estuary","Texas","PRESENT",NA,"c3ad790a-d426-4ac1-8e32-da61f81f0117",27.682778,-97.175278,100,NA,NA,NA,0.05,0.05,"2008-06-23T13:17",23,6,2008,5203686,5203686,"HUMAN_OBSERVATION","TPWD","Corpus Christi Bay Bag Seine","",NA,"",NA,"CC0_1_0","","",NA,NA,2025-02-06 21:23:17.398,"","CONTINENT_DERIVED_FROM_COORDINATES"
3404703513,"94a6bf19-40a2-4689-ab0e-53edb30b9d36","Station_207_Date_07APR2008:10:14:00.000_Fundulus_grandis","Animalia","Chordata",NA,"Cyprinodontiformes","Fundulidae","Fundulus","Fundulus grandis",NA,"SPECIES","Fundulus grandis Baird & Girard, 1853","Fundulus grandis","Baird & Girard, 1853","US","Nueces Estuary","Texas","PRESENT",NA,"c3ad790a-d426-4ac1-8e32-da61f81f0117",27.749722,-97.1575,100,NA,NA,NA,0.25,0.25,"2008-04-07T10:14",7,4,2008,5203686,5203686,"HUMAN_OBSERVATION","TPWD","Corpus Christi Bay Bag Seine","",NA,"",NA,"CC0_1_0","","",NA,NA,2025-02-06 21:23:17.329,"","CONTINENT_DERIVED_FROM_COORDINATES"
3404702852,"94a6bf19-40a2-4689-ab0e-53edb30b9d36","Station_243_Date_28NOV2006:14:30:00.000_Fundulus_grandis","Animalia","Chordata",NA,"Cyprinodontiformes","Fundulidae","Fundulus","Fundulus grandis",NA,"SPECIES","Fundulus grandis Baird & Girard, 1853","Fundulus grandis","Baird & Girard, 1853","US","Nueces Estuary","Texas","PRESENT",NA,"c3ad790a-d426-4ac1-8e32-da61f81f0117",27.683611,-97.175833,100,NA,NA,NA,0.15,0.15,"2006-11-28T14:30",28,11,2006,5203686,5203686,"HUMAN_OBSERVATION","TPWD","Corpus Christi Bay Bag Seine","",NA,"",NA,"CC0_1_0","","",NA,NA,2025-02-06 21:23:17.376,"","CONTINENT_DERIVED_FROM_COORDINATES"
3404702599,"94a6bf19-40a2-4689-ab0e-53edb30b9d36","Station_175_Date_22FEB2008:10:41:00.000_Fundulus_grandis","Animalia","Chordata",NA,"Cyprinodontiformes","Fundulidae","Fundulus","Fundulus grandis",NA,"SPECIES","Fundulus grandis Baird & Girard, 1853","Fundulus grandis","Baird & Girard, 1853","US","Nueces Estuary","Texas","PRESENT",NA,"c3ad790a-d426-4ac1-8e32-da61f81f0117",27.776111,-97.131667,100,NA,NA,NA,0.1,0.1,"2008-02-22T10:41",22,2,2008,5203686,5203686,"HUMAN_OBSERVATION","TPWD","Corpus Christi Bay Bag Seine","",NA,"",NA,"CC0_1_0","","",NA,NA,2025-02-06 21:23:17.305,"","CONTINENT_DERIVED_FROM_COORDINATES"
3404701589,"94a6bf19-40a2-4689-ab0e-53edb30b9d36","Station_208_Date_23JUN2008:12:23:00.000_Fundulus_grandis","Animalia","Chordata",NA,"Cyprinodontiformes","Fundulidae","Fundulus","Fundulus grandis",NA,"SPECIES","Fundulus grandis Baird & Girard, 1853","Fundulus grandis","Baird & Girard, 1853","US","Nueces Estuary","Texas","PRESENT",NA,"c3ad790a-d426-4ac1-8e32-da61f81f0117",27.7375,-97.136944,100,NA,NA,NA,0.55,0.55,"2008-06-23T12:23",23,6,2008,5203686,5203686,"HUMAN_OBSERVATION","TPWD","Corpus Christi Bay Bag Seine","",NA,"",NA,"CC0_1_0","","",NA,NA,2025-02-06 21:23:17.418,"","CONTINENT_DERIVED_FROM_COORDINATES"
3404701528,"94a6bf19-40a2-4689-ab0e-53edb30b9d36","Station_192_Date_07JUL2008:15:44:00.000_Fundulus_grandis","Animalia","Chordata",NA,"Cyprinodontiformes","Fundulidae","Fundulus","Fundulus grandis",NA,"SPECIES","Fundulus grandis Baird & Girard, 1853","Fundulus grandis","Baird & Girard, 1853","US","Nueces Estuary","Texas","PRESENT",NA,"c3ad790a-d426-4ac1-8e32-da61f81f0117",27.751389,-97.146667,100,NA,NA,NA,0.25,0.25,"2008-07-07T15:44",7,7,2008,5203686,5203686,"HUMAN_OBSERVATION","TPWD","Corpus Christi Bay Bag Seine","",NA,"",NA,"CC0_1_0","","",NA,NA,2025-02-06 21:23:17.406,"","CONTINENT_DERIVED_FROM_COORDINATES"
3404701520,"94a6bf19-40a2-4689-ab0e-53edb30b9d36","Station_191_Date_08NOV2006:11:28:00.000_Fundulus_grandis","Animalia","Chordata",NA,"Cyprinodontiformes","Fundulidae","Fundulus","Fundulus grandis",NA,"SPECIES","Fundulus grandis Baird & Girard, 1853","Fundulus grandis","Baird & Girard, 1853","US","Nueces Estuary","Texas","PRESENT",NA,"c3ad790a-d426-4ac1-8e32-da61f81f0117",27.751111,-97.158333,100,NA,NA,NA,0.2,0.2,"2006-11-08T11:28",8,11,2006,5203686,5203686,"HUMAN_OBSERVATION","TPWD","Corpus Christi Bay Bag Seine","",NA,"",NA,"CC0_1_0","","",NA,NA,2025-02-06 21:23:17.405,"","CONTINENT_DERIVED_FROM_COORDINATES"
3404699775,"94a6bf19-40a2-4689-ab0e-53edb30b9d36","Station_249_Date_19MAR2007:10:18:00.000_Fundulus_grandis","Animalia","Chordata",NA,"Cyprinodontiformes","Fundulidae","Fundulus","Fundulus grandis",NA,"SPECIES","Fundulus grandis Baird & Girard, 1853","Fundulus grandis","Baird & Girard, 1853","US","Nueces Estuary","Texas","PRESENT",NA,"c3ad790a-d426-4ac1-8e32-da61f81f0117",27.681667,-97.175,100,NA,NA,NA,0.4,0.4,"2007-03-19T10:18",19,3,2007,5203686,5203686,"HUMAN_OBSERVATION","TPWD","Corpus Christi Bay Bag Seine","",NA,"",NA,"CC0_1_0","","",NA,NA,2025-02-06 21:23:17.539,"","CONTINENT_DERIVED_FROM_COORDINATES"
3404698763,"94a6bf19-40a2-4689-ab0e-53edb30b9d36","Station_249_Date_27FEB2007:10:18:00.000_Fundulus_grandis","Animalia","Chordata",NA,"Cyprinodontiformes","Fundulidae","Fundulus","Fundulus grandis",NA,"SPECIES","Fundulus grandis Baird & Girard, 1853","Fundulus grandis","Baird & Girard, 1853","US","Nueces Estuary","Texas","PRESENT",NA,"c3ad790a-d426-4ac1-8e32-da61f81f0117",27.683056,-97.175278,100,NA,NA,NA,0.15,0.15,"2007-02-27T10:18",27,2,2007,5203686,5203686,"HUMAN_OBSERVATION","TPWD","Corpus Christi Bay Bag Seine","",NA,"",NA,"CC0_1_0","","",NA,NA,2025-02-06 21:23:17.533,"","CONTINENT_DERIVED_FROM_COORDINATES"
3404698570,"94a6bf19-40a2-4689-ab0e-53edb30b9d36","Station_208_Date_08FEB2006:08:50:00.000_Fundulus_grandis","Animalia","Chordata",NA,"Cyprinodontiformes","Fundulidae","Fundulus","Fundulus grandis",NA,"SPECIES","Fundulus grandis Baird & Girard, 1853","Fundulus grandis","Baird & Girard, 1853","US","Nueces Estuary","Texas","PRESENT",NA,"c3ad790a-d426-4ac1-8e32-da61f81f0117",27.737778,-97.137778,100,NA,NA,NA,0.55,0.55,"2006-02-08T08:50",8,2,2006,5203686,5203686,"HUMAN_OBSERVATION","TPWD","Corpus Christi Bay Bag Seine","",NA,"",NA,"CC0_1_0","","",NA,NA,2025-02-06 21:23:17.501,"","CONTINENT_DERIVED_FROM_COORDINATES"
3404698520,"94a6bf19-40a2-4689-ab0e-53edb30b9d36","Station_191_Date_12JUL2005:10:56:00.000_Fundulus_grandis","Animalia","Chordata",NA,"Cyprinodontiformes","Fundulidae","Fundulus","Fundulus grandis",NA,"SPECIES","Fundulus grandis Baird & Girard, 1853","Fundulus grandis","Baird & Girard, 1853","US","Nueces Estuary","Texas","PRESENT",NA,"c3ad790a-d426-4ac1-8e32-da61f81f0117",27.763889,-97.164722,100,NA,NA,NA,0.1,0.1,"2005-07-12T10:56",12,7,2005,5203686,5203686,"HUMAN_OBSERVATION","TPWD","Corpus Christi Bay Bag Seine","",NA,"",NA,"CC0_1_0","","",NA,NA,2025-02-06 21:23:17.489,"","CONTINENT_DERIVED_FROM_COORDINATES"
3404698331,"94a6bf19-40a2-4689-ab0e-53edb30b9d36","Station_136_Date_24JUL2006:13:32:00.000_Fundulus_grandis","Animalia","Chordata",NA,"Cyprinodontiformes","Fundulidae","Fundulus","Fundulus grandis",NA,"SPECIES","Fundulus grandis Baird & Girard, 1853","Fundulus grandis","Baird & Girard, 1853","US","Nueces Estuary","Texas","PRESENT",NA,"c3ad790a-d426-4ac1-8e32-da61f81f0117",27.808889,-97.119167,100,NA,NA,NA,0.1,0.1,"2006-07-24T13:32",24,7,2006,5203686,5203686,"HUMAN_OBSERVATION","TPWD","Corpus Christi Bay Bag Seine","",NA,"",NA,"CC0_1_0","","",NA,NA,2025-02-06 21:23:17.44,"","CONTINENT_DERIVED_FROM_COORDINATES"
3404698005,"94a6bf19-40a2-4689-ab0e-53edb30b9d36","Station_57_Date_28MAR2006:13:20:00.000_Fundulus_grandis","Animalia","Chordata",NA,"Cyprinodontiformes","Fundulidae","Fundulus","Fundulus grandis",NA,"SPECIES","Fundulus grandis Baird & Girard, 1853","Fundulus grandis","Baird & Girard, 1853","US","Nueces Estuary","Texas","PRESENT",NA,"c3ad790a-d426-4ac1-8e32-da61f81f0117",27.867222,-97.326111,100,NA,NA,NA,0.1,0.1,"2006-03-28T13:20",28,3,2006,5203686,5203686,"HUMAN_OBSERVATION","TPWD","Corpus Christi Bay Bag Seine","",NA,"",NA,"CC0_1_0","","",NA,NA,2025-02-06 21:23:17.277,"","CONTINENT_DERIVED_FROM_COORDINATES"
3404697759,"94a6bf19-40a2-4689-ab0e-53edb30b9d36","Station_21_Date_30AUG2007:12:25:00.000_Fundulus_grandis","Animalia","Chordata",NA,"Cyprinodontiformes","Fundulidae","Fundulus","Fundulus grandis",NA,"SPECIES","Fundulus grandis Baird & Girard, 1853","Fundulus grandis","Baird & Girard, 1853","US","Nueces Estuary","Texas","PRESENT",NA,"c3ad790a-d426-4ac1-8e32-da61f81f0117",27.638056,-97.245,100,NA,NA,NA,0.4,0.1,"2007-08-30T12:25",30,8,2007,5203686,5203686,"HUMAN_OBSERVATION","TPWD","Corpus Christi Bay Bag Seine","",NA,"",NA,"CC0_1_0","","",NA,NA,2025-02-06 21:23:17.211,"","CONTINENT_DERIVED_FROM_COORDINATES"
3404697608,"94a6bf19-40a2-4689-ab0e-53edb30b9d36","Station_15_Date_24MAR2005:12:48:00.000_Fundulus_grandis","Animalia","Chordata",NA,"Cyprinodontiformes","Fundulidae","Fundulus","Fundulus grandis",NA,"SPECIES","Fundulus grandis Baird & Girard, 1853","Fundulus grandis","Baird & Girard, 1853","US","Nueces Estuary","Texas","PRESENT",NA,"c3ad790a-d426-4ac1-8e32-da61f81f0117",27.653611,-97.231389,100,NA,NA,NA,0.25,0.25,"2005-03-24T12:48",24,3,2005,5203686,5203686,"HUMAN_OBSERVATION","TPWD","Corpus Christi Bay Bag Seine","",NA,"",NA,"CC0_1_0","","",NA,NA,2025-02-06 21:23:17.148,"","CONTINENT_DERIVED_FROM_COORDINATES"
3404697569,"94a6bf19-40a2-4689-ab0e-53edb30b9d36","Station_14_Date_20AUG2008:11:42:00.000_Fundulus_grandis","Animalia","Chordata",NA,"Cyprinodontiformes","Fundulidae","Fundulus","Fundulus grandis",NA,"SPECIES","Fundulus grandis Baird & Girard, 1853","Fundulus grandis","Baird & Girard, 1853","US","Nueces Estuary","Texas","PRESENT",NA,"c3ad790a-d426-4ac1-8e32-da61f81f0117",27.663889,-97.249444,100,NA,NA,NA,0.15,0.15,"2008-08-20T11:42",20,8,2008,5203686,5203686,"HUMAN_OBSERVATION","TPWD","Corpus Christi Bay Bag Seine","",NA,"",NA,"CC0_1_0","","",NA,NA,2025-02-06 21:23:17.138,"","CONTINENT_DERIVED_FROM_COORDINATES"
3404696897,"94a6bf19-40a2-4689-ab0e-53edb30b9d36","Station_36_Date_01NOV2006:14:53:00.000_Fundulus_grandis","Animalia","Chordata",NA,"Cyprinodontiformes","Fundulidae","Fundulus","Fundulus grandis",NA,"SPECIES","Fundulus grandis Baird & Girard, 1853","Fundulus grandis","Baird & Girard, 1853","US","Nueces Estuary","Texas","PRESENT",NA,"c3ad790a-d426-4ac1-8e32-da61f81f0117",27.836389,-97.394444,100,NA,NA,NA,0.15,0.15,"2006-11-01T14:53",1,11,2006,5203686,5203686,"HUMAN_OBSERVATION","TPWD","Corpus Christi Bay Bag Seine","",NA,"",NA,"CC0_1_0","","",NA,NA,2025-02-06 21:23:17.1,"","CONTINENT_DERIVED_FROM_COORDINATES"
3404696870,"94a6bf19-40a2-4689-ab0e-53edb30b9d36","Station_29_Date_12JAN2005:14:45:00.000_Fundulus_grandis","Animalia","Chordata",NA,"Cyprinodontiformes","Fundulidae","Fundulus","Fundulus grandis",NA,"SPECIES","Fundulus grandis Baird & Girard, 1853","Fundulus grandis","Baird & Girard, 1853","US","Nueces Estuary","Texas","PRESENT",NA,"c3ad790a-d426-4ac1-8e32-da61f81f0117",27.631111,-97.229167,100,NA,NA,NA,0.25,0.15,"2005-01-12T14:45",12,1,2005,5203686,5203686,"HUMAN_OBSERVATION","TPWD","Corpus Christi Bay Bag Seine","",NA,"",NA,"CC0_1_0","","",NA,NA,2025-02-06 21:23:17.074,"","CONTINENT_DERIVED_FROM_COORDINATES"
3404696351,"94a6bf19-40a2-4689-ab0e-53edb30b9d36","Station_8_Date_11APR2005:17:03:00.000_Fundulus_grandis","Animalia","Chordata",NA,"Cyprinodontiformes","Fundulidae","Fundulus","Fundulus grandis",NA,"SPECIES","Fundulus grandis Baird & Girard, 1853","Fundulus grandis","Baird & Girard, 1853","US","Nueces Estuary","Texas","PRESENT",NA,"c3ad790a-d426-4ac1-8e32-da61f81f0117",27.870833,-97.482778,100,NA,NA,NA,0.2,0.2,"2005-04-11T17:03",11,4,2005,5203686,5203686,"HUMAN_OBSERVATION","TPWD","Corpus Christi Bay Bag Seine","",NA,"",NA,"CC0_1_0","","",NA,NA,2025-02-06 21:23:16.985,"","CONTINENT_DERIVED_FROM_COORDINATES"
3404695679,"94a6bf19-40a2-4689-ab0e-53edb30b9d36","Station_16_Date_19NOV2007:12:42:00.000_Fundulus_grandis","Animalia","Chordata",NA,"Cyprinodontiformes","Fundulidae","Fundulus","Fundulus grandis",NA,"SPECIES","Fundulus grandis Baird & Girard, 1853","Fundulus grandis","Baird & Girard, 1853","US","Nueces Estuary","Texas","PRESENT",NA,"c3ad790a-d426-4ac1-8e32-da61f81f0117",27.8825,-97.344444,100,NA,NA,NA,0.3,0.1,"2007-11-19T12:42",19,11,2007,5203686,5203686,"HUMAN_OBSERVATION","TPWD","Corpus Christi Bay Bag Seine","",NA,"",NA,"CC0_1_0","","",NA,NA,2025-02-06 21:23:17.178,"","CONTINENT_DERIVED_FROM_COORDINATES"
3404695666,"94a6bf19-40a2-4689-ab0e-53edb30b9d36","Station_15_Date_22MAR2005:10:15:00.000_Fundulus_grandis","Animalia","Chordata",NA,"Cyprinodontiformes","Fundulidae","Fundulus","Fundulus grandis",NA,"SPECIES","Fundulus grandis Baird & Girard, 1853","Fundulus grandis","Baird & Girard, 1853","US","Nueces Estuary","Texas","PRESENT",NA,"c3ad790a-d426-4ac1-8e32-da61f81f0117",27.878611,-97.358333,100,NA,NA,NA,0.2,0.1,"2005-03-22T10:15",22,3,2005,5203686,5203686,"HUMAN_OBSERVATION","TPWD","Corpus Christi Bay Bag Seine","",NA,"",NA,"CC0_1_0","","",NA,NA,2025-02-06 21:23:17.177,"","CONTINENT_DERIVED_FROM_COORDINATES"
3404695378,"94a6bf19-40a2-4689-ab0e-53edb30b9d36","Station_7_Date_25MAY2005:11:36:00.000_Fundulus_grandis","Animalia","Chordata",NA,"Cyprinodontiformes","Fundulidae","Fundulus","Fundulus grandis",NA,"SPECIES","Fundulus grandis Baird & Girard, 1853","Fundulus grandis","Baird & Girard, 1853","US","Nueces Estuary","Texas","PRESENT",NA,"c3ad790a-d426-4ac1-8e32-da61f81f0117",27.8725,-97.483611,100,NA,NA,NA,0.2,0.1,"2005-05-25T11:36",25,5,2005,5203686,5203686,"HUMAN_OBSERVATION","TPWD","Corpus Christi Bay Bag Seine","",NA,"",NA,"CC0_1_0","","",NA,NA,2025-02-06 21:23:17.119,"","CONTINENT_DERIVED_FROM_COORDINATES"
3404695251,"94a6bf19-40a2-4689-ab0e-53edb30b9d36","Station_92_Date_24JUN2008:11:20:00.000_Fundulus_grandis","Animalia","Chordata",NA,"Cyprinodontiformes","Fundulidae","Fundulus","Fundulus grandis",NA,"SPECIES","Fundulus grandis Baird & Girard, 1853","Fundulus grandis","Baird & Girard, 1853","US","Nueces Estuary","Texas","PRESENT",NA,"c3ad790a-d426-4ac1-8e32-da61f81f0117",27.835833,-97.168611,100,NA,NA,NA,0.2,0.2,"2008-06-24T11:20",24,6,2008,5203686,5203686,"HUMAN_OBSERVATION","TPWD","Corpus Christi Bay Bag Seine","",NA,"",NA,"CC0_1_0","","",NA,NA,2025-02-06 21:23:17.397,"","CONTINENT_DERIVED_FROM_COORDINATES"
3404694988,"94a6bf19-40a2-4689-ab0e-53edb30b9d36","Station_30_Date_27JUN2005:10:43:00.000_Fundulus_grandis","Animalia","Chordata",NA,"Cyprinodontiformes","Fundulidae","Fundulus","Fundulus grandis",NA,"SPECIES","Fundulus grandis Baird & Girard, 1853","Fundulus grandis","Baird & Girard, 1853","US","Nueces Estuary","Texas","PRESENT",NA,"c3ad790a-d426-4ac1-8e32-da61f81f0117",27.62,-97.2125,100,NA,NA,NA,0.4,0.4,"2005-06-27T10:43",27,6,2005,5203686,5203686,"HUMAN_OBSERVATION","TPWD","Corpus Christi Bay Bag Seine","",NA,"",NA,"CC0_1_0","","",NA,NA,2025-02-06 21:23:17.328,"","CONTINENT_DERIVED_FROM_COORDINATES"
3404694600,"94a6bf19-40a2-4689-ab0e-53edb30b9d36","Station_12_Date_11OCT2006:15:30:00.000_Fundulus_grandis","Animalia","Chordata",NA,"Cyprinodontiformes","Fundulidae","Fundulus","Fundulus grandis",NA,"SPECIES","Fundulus grandis Baird & Girard, 1853","Fundulus grandis","Baird & Girard, 1853","US","Nueces Estuary","Texas","PRESENT",NA,"c3ad790a-d426-4ac1-8e32-da61f81f0117",27.875278,-97.403889,100,NA,NA,NA,0.1,0.1,"2006-10-11T15:30",11,10,2006,5203686,5203686,"HUMAN_OBSERVATION","TPWD","Corpus Christi Bay Bag Seine","",NA,"",NA,"CC0_1_0","","",NA,NA,2025-02-06 21:23:17.228,"","CONTINENT_DERIVED_FROM_COORDINATES"
3404693753,"94a6bf19-40a2-4689-ab0e-53edb30b9d36","Station_36_Date_28JAN2008:11:55:00.000_Fundulus_grandis","Animalia","Chordata",NA,"Cyprinodontiformes","Fundulidae","Fundulus","Fundulus grandis",NA,"SPECIES","Fundulus grandis Baird & Girard, 1853","Fundulus grandis","Baird & Girard, 1853","US","Nueces Estuary","Texas","PRESENT",NA,"c3ad790a-d426-4ac1-8e32-da61f81f0117",27.836667,-97.394444,100,NA,NA,NA,0.15,0.15,"2008-01-28T11:55",28,1,2008,5203686,5203686,"HUMAN_OBSERVATION","TPWD","Corpus Christi Bay Bag Seine","",NA,"",NA,"CC0_1_0","","",NA,NA,2025-02-06 21:23:17.124,"","CONTINENT_DERIVED_FROM_COORDINATES"
3404693749,"94a6bf19-40a2-4689-ab0e-53edb30b9d36","Station_36_Date_20JUN2007:09:13:00.000_Fundulus_grandis","Animalia","Chordata",NA,"Cyprinodontiformes","Fundulidae","Fundulus","Fundulus grandis",NA,"SPECIES","Fundulus grandis Baird & Girard, 1853","Fundulus grandis","Baird & Girard, 1853","US","Nueces Estuary","Texas","PRESENT",NA,"c3ad790a-d426-4ac1-8e32-da61f81f0117",27.836389,-97.394167,100,NA,NA,NA,0.15,0.15,"2007-06-20T09:13",20,6,2007,5203686,5203686,"HUMAN_OBSERVATION","TPWD","Corpus Christi Bay Bag Seine","",NA,"",NA,"CC0_1_0","","",NA,NA,2025-02-06 21:23:17.124,"","CONTINENT_DERIVED_FROM_COORDINATES"
3404693400,"94a6bf19-40a2-4689-ab0e-53edb30b9d36","Station_14_Date_11SEP2007:17:57:00.000_Fundulus_grandis","Animalia","Chordata",NA,"Cyprinodontiformes","Fundulidae","Fundulus","Fundulus grandis",NA,"SPECIES","Fundulus grandis Baird & Girard, 1853","Fundulus grandis","Baird & Girard, 1853","US","Nueces Estuary","Texas","PRESENT",NA,"c3ad790a-d426-4ac1-8e32-da61f81f0117",27.875556,-97.373889,100,NA,NA,NA,0.25,0.25,"2007-09-11T17:57",11,9,2007,5203686,5203686,"HUMAN_OBSERVATION","TPWD","Corpus Christi Bay Bag Seine","",NA,"",NA,"CC0_1_0","","",NA,NA,2025-02-06 21:23:17.042,"","CONTINENT_DERIVED_FROM_COORDINATES"
3404693319,"94a6bf19-40a2-4689-ab0e-53edb30b9d36","Station_11_Date_06APR2005:09:56:00.000_Fundulus_grandis","Animalia","Chordata",NA,"Cyprinodontiformes","Fundulidae","Fundulus","Fundulus grandis",NA,"SPECIES","Fundulus grandis Baird & Girard, 1853","Fundulus grandis","Baird & Girard, 1853","US","Nueces Estuary","Texas","PRESENT",NA,"c3ad790a-d426-4ac1-8e32-da61f81f0117",27.869722,-97.423333,100,NA,NA,NA,0.15,0.15,"2005-04-06T09:56",6,4,2005,5203686,5203686,"HUMAN_OBSERVATION","TPWD","Corpus Christi Bay Bag Seine","",NA,"",NA,"CC0_1_0","","",NA,NA,2025-02-06 21:23:17.028,"","CONTINENT_DERIVED_FROM_COORDINATES"
3404693206,"94a6bf19-40a2-4689-ab0e-53edb30b9d36","Station_93_Date_24APR2006:17:02:00.000_Fundulus_grandis","Animalia","Chordata",NA,"Cyprinodontiformes","Fundulidae","Fundulus","Fundulus grandis",NA,"SPECIES","Fundulus grandis Baird & Girard, 1853","Fundulus grandis","Baird & Girard, 1853","US","Nueces Estuary","Texas","PRESENT",NA,"c3ad790a-d426-4ac1-8e32-da61f81f0117",27.843056,-97.160833,100,NA,NA,NA,0.2,0.2,"2006-04-24T17:02",24,4,2006,5203686,5203686,"HUMAN_OBSERVATION","TPWD","Corpus Christi Bay Bag Seine","",NA,"",NA,"CC0_1_0","","",NA,NA,2025-02-06 21:23:17.169,"","CONTINENT_DERIVED_FROM_COORDINATES"
3404692898,"94a6bf19-40a2-4689-ab0e-53edb30b9d36","Station_27_Date_27FEB2008:11:19:00.000_Fundulus_grandis","Animalia","Chordata",NA,"Cyprinodontiformes","Fundulidae","Fundulus","Fundulus grandis",NA,"SPECIES","Fundulus grandis Baird & Girard, 1853","Fundulus grandis","Baird & Girard, 1853","US","Nueces Estuary","Texas","PRESENT",NA,"c3ad790a-d426-4ac1-8e32-da61f81f0117",27.851667,-97.358611,100,NA,NA,NA,0.15,0.15,"2008-02-27T11:19",27,2,2008,5203686,5203686,"HUMAN_OBSERVATION","TPWD","Corpus Christi Bay Bag Seine","",NA,"",NA,"CC0_1_0","","",NA,NA,2025-02-06 21:23:17.119,"","CONTINENT_DERIVED_FROM_COORDINATES"
3404692598,"94a6bf19-40a2-4689-ab0e-53edb30b9d36","Station_14_Date_26JUN2007:12:43:00.000_Fundulus_grandis","Animalia","Chordata",NA,"Cyprinodontiformes","Fundulidae","Fundulus","Fundulus grandis",NA,"SPECIES","Fundulus grandis Baird & Girard, 1853","Fundulus grandis","Baird & Girard, 1853","US","Nueces Estuary","Texas","PRESENT",NA,"c3ad790a-d426-4ac1-8e32-da61f81f0117",27.653889,-97.242222,100,NA,NA,NA,0.3,0.2,"2007-06-26T12:43",26,6,2007,5203686,5203686,"HUMAN_OBSERVATION","TPWD","Corpus Christi Bay Bag Seine","",NA,"",NA,"CC0_1_0","","",NA,NA,2025-02-06 21:23:17.044,"","CONTINENT_DERIVED_FROM_COORDINATES"
3404692321,"94a6bf19-40a2-4689-ab0e-53edb30b9d36","Station_7_Date_07MAY2007:16:07:00.000_Fundulus_grandis","Animalia","Chordata",NA,"Cyprinodontiformes","Fundulidae","Fundulus","Fundulus grandis",NA,"SPECIES","Fundulus grandis Baird & Girard, 1853","Fundulus grandis","Baird & Girard, 1853","US","Nueces Estuary","Texas","PRESENT",NA,"c3ad790a-d426-4ac1-8e32-da61f81f0117",27.874722,-97.485833,100,NA,NA,NA,0.25,0.25,"2007-05-07T16:07",7,5,2007,5203686,5203686,"HUMAN_OBSERVATION","TPWD","Corpus Christi Bay Bag Seine","",NA,"",NA,"CC0_1_0","","",NA,NA,2025-02-06 21:23:16.981,"","CONTINENT_DERIVED_FROM_COORDINATES"
3404692210,"94a6bf19-40a2-4689-ab0e-53edb30b9d36","Station_114_Date_12NOV2007:16:24:00.000_Fundulus_grandis","Animalia","Chordata",NA,"Cyprinodontiformes","Fundulidae","Fundulus","Fundulus grandis",NA,"SPECIES","Fundulus grandis Baird & Girard, 1853","Fundulus grandis","Baird & Girard, 1853","US","Nueces Estuary","Texas","PRESENT",NA,"c3ad790a-d426-4ac1-8e32-da61f81f0117",27.816944,-97.153056,100,NA,NA,NA,0.15,0.05,"2007-11-12T16:24",12,11,2007,5203686,5203686,"HUMAN_OBSERVATION","TPWD","Corpus Christi Bay Bag Seine","",NA,"",NA,"CC0_1_0","","",NA,NA,2025-02-06 21:23:17.325,"","CONTINENT_DERIVED_FROM_COORDINATES"
3404692104,"94a6bf19-40a2-4689-ab0e-53edb30b9d36","Station_93_Date_27APR2005:15:39:00.000_Fundulus_grandis","Animalia","Chordata",NA,"Cyprinodontiformes","Fundulidae","Fundulus","Fundulus grandis",NA,"SPECIES","Fundulus grandis Baird & Girard, 1853","Fundulus grandis","Baird & Girard, 1853","US","Nueces Estuary","Texas","PRESENT",NA,"c3ad790a-d426-4ac1-8e32-da61f81f0117",27.840833,-97.163611,100,NA,NA,NA,0.25,0.25,"2005-04-27T15:39",27,4,2005,5203686,5203686,"HUMAN_OBSERVATION","TPWD","Corpus Christi Bay Bag Seine","",NA,"",NA,"CC0_1_0","","",NA,NA,2025-02-06 21:23:17.306,"","CONTINENT_DERIVED_FROM_COORDINATES"
3404692078,"94a6bf19-40a2-4689-ab0e-53edb30b9d36","Station_90_Date_20AUG2007:14:52:00.000_Fundulus_grandis","Animalia","Chordata",NA,"Cyprinodontiformes","Fundulidae","Fundulus","Fundulus grandis",NA,"SPECIES","Fundulus grandis Baird & Girard, 1853","Fundulus grandis","Baird & Girard, 1853","US","Nueces Estuary","Texas","PRESENT",NA,"c3ad790a-d426-4ac1-8e32-da61f81f0117",27.846111,-97.240556,100,NA,NA,NA,0.15,0.15,"2007-08-20T14:52",20,8,2007,5203686,5203686,"HUMAN_OBSERVATION","TPWD","Corpus Christi Bay Bag Seine","",NA,"",NA,"CC0_1_0","","",NA,NA,2025-02-06 21:23:17.302,"","CONTINENT_DERIVED_FROM_COORDINATES"
3404691953,"94a6bf19-40a2-4689-ab0e-53edb30b9d36","Station_68_Date_06APR2005:11:54:00.000_Fundulus_grandis","Animalia","Chordata",NA,"Cyprinodontiformes","Fundulidae","Fundulus","Fundulus grandis",NA,"SPECIES","Fundulus grandis Baird & Girard, 1853","Fundulus grandis","Baird & Girard, 1853","US","Nueces Estuary","Texas","PRESENT",NA,"c3ad790a-d426-4ac1-8e32-da61f81f0117",27.865833,-97.343333,100,NA,NA,NA,0.15,0.15,"2005-04-06T11:54",6,4,2005,5203686,5203686,"HUMAN_OBSERVATION","TPWD","Corpus Christi Bay Bag Seine","",NA,"",NA,"CC0_1_0","","",NA,NA,2025-02-06 21:23:17.273,"","CONTINENT_DERIVED_FROM_COORDINATES"
3404691923,"94a6bf19-40a2-4689-ab0e-53edb30b9d36","Station_58_Date_18JUL2007:11:12:00.000_Fundulus_grandis","Animalia","Chordata",NA,"Cyprinodontiformes","Fundulidae","Fundulus","Fundulus grandis",NA,"SPECIES","Fundulus grandis Baird & Girard, 1853","Fundulus grandis","Baird & Girard, 1853","US","Nueces Estuary","Texas","PRESENT",NA,"c3ad790a-d426-4ac1-8e32-da61f81f0117",27.871944,-97.313611,100,NA,NA,NA,0.35,0.15,"2007-07-18T11:12",18,7,2007,5203686,5203686,"HUMAN_OBSERVATION","TPWD","Corpus Christi Bay Bag Seine","",NA,"",NA,"CC0_1_0","","",NA,NA,2025-02-06 21:23:17.268,"","CONTINENT_DERIVED_FROM_COORDINATES"
3404691814,"94a6bf19-40a2-4689-ab0e-53edb30b9d36","Station_30_Date_30NOV2005:11:29:00.000_Fundulus_grandis","Animalia","Chordata",NA,"Cyprinodontiformes","Fundulidae","Fundulus","Fundulus grandis",NA,"SPECIES","Fundulus grandis Baird & Girard, 1853","Fundulus grandis","Baird & Girard, 1853","US","Nueces Estuary","Texas","PRESENT",NA,"c3ad790a-d426-4ac1-8e32-da61f81f0117",27.628056,-97.214444,100,NA,NA,NA,0.35,0.35,"2005-11-30T11:29",30,11,2005,5203686,5203686,"HUMAN_OBSERVATION","TPWD","Corpus Christi Bay Bag Seine","",NA,"",NA,"CC0_1_0","","",NA,NA,2025-02-06 21:23:17.252,"","CONTINENT_DERIVED_FROM_COORDINATES"
3404691506,"94a6bf19-40a2-4689-ab0e-53edb30b9d36","Station_16_Date_06APR2005:11:17:00.000_Fundulus_grandis","Animalia","Chordata",NA,"Cyprinodontiformes","Fundulidae","Fundulus","Fundulus grandis",NA,"SPECIES","Fundulus grandis Baird & Girard, 1853","Fundulus grandis","Baird & Girard, 1853","US","Nueces Estuary","Texas","PRESENT",NA,"c3ad790a-d426-4ac1-8e32-da61f81f0117",27.878889,-97.335,100,NA,NA,NA,0.15,0.15,"2005-04-06T11:17",6,4,2005,5203686,5203686,"HUMAN_OBSERVATION","TPWD","Corpus Christi Bay Bag Seine","",NA,"",NA,"CC0_1_0","","",NA,NA,2025-02-06 21:23:17.178,"","CONTINENT_DERIVED_FROM_COORDINATES"
3404691504,"94a6bf19-40a2-4689-ab0e-53edb30b9d36","Station_16_Date_01DEC2008:12:48:00.000_Fundulus_grandis","Animalia","Chordata",NA,"Cyprinodontiformes","Fundulidae","Fundulus","Fundulus grandis",NA,"SPECIES","Fundulus grandis Baird & Girard, 1853","Fundulus grandis","Baird & Girard, 1853","US","Nueces Estuary","Texas","PRESENT",NA,"c3ad790a-d426-4ac1-8e32-da61f81f0117",27.882778,-97.347222,100,NA,NA,NA,0.05,0.05,"2008-12-01T12:48",1,12,2008,5203686,5203686,"HUMAN_OBSERVATION","TPWD","Corpus Christi Bay Bag Seine","",NA,"",NA,"CC0_1_0","","",NA,NA,2025-02-06 21:23:17.178,"","CONTINENT_DERIVED_FROM_COORDINATES"
3404691442,"94a6bf19-40a2-4689-ab0e-53edb30b9d36","Station_13_Date_06APR2005:10:20:00.000_Fundulus_grandis","Animalia","Chordata",NA,"Cyprinodontiformes","Fundulidae","Fundulus","Fundulus grandis",NA,"SPECIES","Fundulus grandis Baird & Girard, 1853","Fundulus grandis","Baird & Girard, 1853","US","Nueces Estuary","Texas","PRESENT",NA,"c3ad790a-d426-4ac1-8e32-da61f81f0117",27.875,-97.392222,100,NA,NA,NA,0.15,0.15,"2005-04-06T10:20",6,4,2005,5203686,5203686,"HUMAN_OBSERVATION","TPWD","Corpus Christi Bay Bag Seine","",NA,"",NA,"CC0_1_0","","",NA,NA,2025-02-06 21:23:17.162,"","CONTINENT_DERIVED_FROM_COORDINATES"
3404690648,"94a6bf19-40a2-4689-ab0e-53edb30b9d36","Station_21_Date_25MAY2005:10:42:00.000_Fundulus_grandis","Animalia","Chordata",NA,"Cyprinodontiformes","Fundulidae","Fundulus","Fundulus grandis",NA,"SPECIES","Fundulus grandis Baird & Girard, 1853","Fundulus grandis","Baird & Girard, 1853","US","Nueces Estuary","Texas","PRESENT",NA,"c3ad790a-d426-4ac1-8e32-da61f81f0117",27.865,-97.458333,100,NA,NA,NA,0.2,0,"2005-05-25T10:42",25,5,2005,5203686,5203686,"HUMAN_OBSERVATION","TPWD","Corpus Christi Bay Bag Seine","",NA,"",NA,"CC0_1_0","","",NA,NA,2025-02-06 21:23:17.052,"","CONTINENT_DERIVED_FROM_COORDINATES"
3404690143,"94a6bf19-40a2-4689-ab0e-53edb30b9d36","Station_91_Date_12AUG2008:14:02:00.000_Fundulus_grandis","Animalia","Chordata",NA,"Cyprinodontiformes","Fundulidae","Fundulus","Fundulus grandis",NA,"SPECIES","Fundulus grandis Baird & Girard, 1853","Fundulus grandis","Baird & Girard, 1853","US","Nueces Estuary","Texas","PRESENT",NA,"c3ad790a-d426-4ac1-8e32-da61f81f0117",27.8375,-97.220556,100,NA,NA,NA,0.1,0.1,"2008-08-12T14:02",12,8,2008,5203686,5203686,"HUMAN_OBSERVATION","TPWD","Corpus Christi Bay Bag Seine","",NA,"",NA,"CC0_1_0","","",NA,NA,2025-02-06 21:23:17.336,"","CONTINENT_DERIVED_FROM_COORDINATES"
3404689996,"94a6bf19-40a2-4689-ab0e-53edb30b9d36","Station_68_Date_07NOV2005:15:37:00.000_Fundulus_grandis","Animalia","Chordata",NA,"Cyprinodontiformes","Fundulidae","Fundulus","Fundulus grandis",NA,"SPECIES","Fundulus grandis Baird & Girard, 1853","Fundulus grandis","Baird & Girard, 1853","US","Nueces Estuary","Texas","PRESENT",NA,"c3ad790a-d426-4ac1-8e32-da61f81f0117",27.863611,-97.344444,100,NA,NA,NA,0.1,0.1,"2005-11-07T15:37",7,11,2005,5203686,5203686,"HUMAN_OBSERVATION","TPWD","Corpus Christi Bay Bag Seine","",NA,"",NA,"CC0_1_0","","",NA,NA,2025-02-06 21:23:17.301,"","CONTINENT_DERIVED_FROM_COORDINATES"
3404689832,"94a6bf19-40a2-4689-ab0e-53edb30b9d36","Station_29_Date_14JUN2006:10:09:00.000_Fundulus_grandis","Animalia","Chordata",NA,"Cyprinodontiformes","Fundulidae","Fundulus","Fundulus grandis",NA,"SPECIES","Fundulus grandis Baird & Girard, 1853","Fundulus grandis","Baird & Girard, 1853","US","Nueces Estuary","Texas","PRESENT",NA,"c3ad790a-d426-4ac1-8e32-da61f81f0117",27.632222,-97.220278,100,NA,NA,NA,0.1,0.1,"2006-06-14T10:09",14,6,2006,5203686,5203686,"HUMAN_OBSERVATION","TPWD","Corpus Christi Bay Bag Seine","",NA,"",NA,"CC0_1_0","","",NA,NA,2025-02-06 21:23:17.244,"","CONTINENT_DERIVED_FROM_COORDINATES"
3404689695,"94a6bf19-40a2-4689-ab0e-53edb30b9d36","Station_21_Date_20AUG2008:09:40:00.000_Fundulus_grandis","Animalia","Chordata",NA,"Cyprinodontiformes","Fundulidae","Fundulus","Fundulus grandis",NA,"SPECIES","Fundulus grandis Baird & Girard, 1853","Fundulus grandis","Baird & Girard, 1853","US","Nueces Estuary","Texas","PRESENT",NA,"c3ad790a-d426-4ac1-8e32-da61f81f0117",27.637222,-97.236389,100,NA,NA,NA,0.15,0.15,"2008-08-20T09:40",20,8,2008,5203686,5203686,"HUMAN_OBSERVATION","TPWD","Corpus Christi Bay Bag Seine","",NA,"",NA,"CC0_1_0","","",NA,NA,2025-02-06 21:23:17.208,"","CONTINENT_DERIVED_FROM_COORDINATES"
3404689528,"94a6bf19-40a2-4689-ab0e-53edb30b9d36","Station_14_Date_22FEB2006:13:49:00.000_Fundulus_grandis","Animalia","Chordata",NA,"Cyprinodontiformes","Fundulidae","Fundulus","Fundulus grandis",NA,"SPECIES","Fundulus grandis Baird & Girard, 1853","Fundulus grandis","Baird & Girard, 1853","US","Nueces Estuary","Texas","PRESENT",NA,"c3ad790a-d426-4ac1-8e32-da61f81f0117",27.876389,-97.380556,100,NA,NA,NA,0.1,0.1,"2006-02-22T13:49",22,2,2006,5203686,5203686,"HUMAN_OBSERVATION","TPWD","Corpus Christi Bay Bag Seine","",NA,"",NA,"CC0_1_0","","",NA,NA,2025-02-06 21:23:17.138,"","CONTINENT_DERIVED_FROM_COORDINATES"
3404689308,"94a6bf19-40a2-4689-ab0e-53edb30b9d36","Station_8_Date_09JUN2008:16:14:00.000_Fundulus_grandis","Animalia","Chordata",NA,"Cyprinodontiformes","Fundulidae","Fundulus","Fundulus grandis",NA,"SPECIES","Fundulus grandis Baird & Girard, 1853","Fundulus grandis","Baird & Girard, 1853","US","Nueces Estuary","Texas","PRESENT",NA,"c3ad790a-d426-4ac1-8e32-da61f81f0117",27.678333,-97.246389,100,NA,NA,NA,0.25,0.15,"2008-06-09T16:14",9,6,2008,5203686,5203686,"HUMAN_OBSERVATION","TPWD","Corpus Christi Bay Bag Seine","",NA,"",NA,"CC0_1_0","","",NA,NA,2025-02-06 21:23:17.048,"","CONTINENT_DERIVED_FROM_COORDINATES"
3404688666,"94a6bf19-40a2-4689-ab0e-53edb30b9d36","Station_19_Date_26SEP2005:17:37:00.000_Fundulus_grandis","Animalia","Chordata",NA,"Cyprinodontiformes","Fundulidae","Fundulus","Fundulus grandis",NA,"SPECIES","Fundulus grandis Baird & Girard, 1853","Fundulus grandis","Baird & Girard, 1853","US","Nueces Estuary","Texas","PRESENT",NA,"c3ad790a-d426-4ac1-8e32-da61f81f0117",27.861111,-97.484722,100,NA,NA,NA,0.45,0.15,"2005-09-26T17:37",26,9,2005,5203686,5203686,"HUMAN_OBSERVATION","TPWD","Corpus Christi Bay Bag Seine","",NA,"",NA,"CC0_1_0","","",NA,NA,2025-02-06 21:23:17.275,"","CONTINENT_DERIVED_FROM_COORDINATES"
3404688620,"94a6bf19-40a2-4689-ab0e-53edb30b9d36","Station_17_Date_22MAR2007:10:34:00.000_Fundulus_grandis","Animalia","Chordata",NA,"Cyprinodontiformes","Fundulidae","Fundulus","Fundulus grandis",NA,"SPECIES","Fundulus grandis Baird & Girard, 1853","Fundulus grandis","Baird & Girard, 1853","US","Nueces Estuary","Texas","PRESENT",NA,"c3ad790a-d426-4ac1-8e32-da61f81f0117",27.650278,-97.191944,100,NA,NA,NA,0.35,0.25,"2007-03-22T10:34",22,3,2007,5203686,5203686,"HUMAN_OBSERVATION","TPWD","Corpus Christi Bay Bag Seine","",NA,"",NA,"CC0_1_0","","",NA,NA,2025-02-06 21:23:17.264,"","CONTINENT_DERIVED_FROM_COORDINATES"
3404688243,"94a6bf19-40a2-4689-ab0e-53edb30b9d36","Station_4_Date_20NOV2008:08:28:00.000_Fundulus_grandis","Animalia","Chordata",NA,"Cyprinodontiformes","Fundulidae","Fundulus","Fundulus grandis",NA,"SPECIES","Fundulus grandis Baird & Girard, 1853","Fundulus grandis","Baird & Girard, 1853","US","Nueces Estuary","Texas","PRESENT",NA,"c3ad790a-d426-4ac1-8e32-da61f81f0117",27.883611,-97.345556,100,NA,NA,NA,0.15,0.15,"2008-11-20T08:28",20,11,2008,5203686,5203686,"HUMAN_OBSERVATION","TPWD","Corpus Christi Bay Bag Seine","",NA,"",NA,"CC0_1_0","","",NA,NA,2025-02-06 21:23:16.95,"","CONTINENT_DERIVED_FROM_COORDINATES"
3404682199,"94a6bf19-40a2-4689-ab0e-53edb30b9d36","Station_7_Date_11APR2005:17:29:00.000_Fundulus_grandis","Animalia","Chordata",NA,"Cyprinodontiformes","Fundulidae","Fundulus","Fundulus grandis",NA,"SPECIES","Fundulus grandis Baird & Girard, 1853","Fundulus grandis","Baird & Girard, 1853","US","Nueces Estuary","Texas","PRESENT",NA,"c3ad790a-d426-4ac1-8e32-da61f81f0117",27.873056,-97.484167,100,NA,NA,NA,0.2,0.2,"2005-04-11T17:29",11,4,2005,5203686,5203686,"HUMAN_OBSERVATION","TPWD","Corpus Christi Bay Bag Seine","",NA,"",NA,"CC0_1_0","","",NA,NA,2025-02-06 21:23:17.118,"","CONTINENT_DERIVED_FROM_COORDINATES"
3404556330,"2473e9c3-624f-4cd6-bfc6-b476913790b5","Station_343_Date_20DEC2007:12:14:00.000_Fundulus_grandis","Animalia","Chordata",NA,"Cyprinodontiformes","Fundulidae","Fundulus","Fundulus grandis",NA,"SPECIES","Fundulus grandis Baird & Girard, 1853","Fundulus grandis","Baird & Girard, 1853","US","Mission-Aransas Estuary","Texas","PRESENT",NA,"c3ad790a-d426-4ac1-8e32-da61f81f0117",27.864167,-97.058611,100,NA,NA,NA,0.35,0.25,"2007-12-20T12:14",20,12,2007,5203686,5203686,"HUMAN_OBSERVATION","TPWD","Aransas Bay Bag Seine","",NA,"",NA,"CC0_1_0","","",NA,NA,2025-02-06 18:23:32.763,"","CONTINENT_DERIVED_FROM_COORDINATES"
3404556322,"2473e9c3-624f-4cd6-bfc6-b476913790b5","Station_342_Date_16NOV2006:13:51:00.000_Fundulus_grandis","Animalia","Chordata",NA,"Cyprinodontiformes","Fundulidae","Fundulus","Fundulus grandis",NA,"SPECIES","Fundulus grandis Baird & Girard, 1853","Fundulus grandis","Baird & Girard, 1853","US","Mission-Aransas Estuary","Texas","PRESENT",NA,"c3ad790a-d426-4ac1-8e32-da61f81f0117",27.866111,-97.08,100,NA,NA,NA,0.25,0.25,"2006-11-16T13:51",16,11,2006,5203686,5203686,"HUMAN_OBSERVATION","TPWD","Aransas Bay Bag Seine","",NA,"",NA,"CC0_1_0","","",NA,NA,2025-02-06 18:23:32.761,"","CONTINENT_DERIVED_FROM_COORDINATES"
3404556314,"2473e9c3-624f-4cd6-bfc6-b476913790b5","Station_340_Date_05MAR2008:13:14:00.000_Fundulus_grandis","Animalia","Chordata",NA,"Cyprinodontiformes","Fundulidae","Fundulus","Fundulus grandis",NA,"SPECIES","Fundulus grandis Baird & Girard, 1853","Fundulus grandis","Baird & Girard, 1853","US","Mission-Aransas Estuary","Texas","PRESENT",NA,"c3ad790a-d426-4ac1-8e32-da61f81f0117",27.883056,-97.049722,100,NA,NA,NA,0.2,0.1,"2008-03-05T13:14",5,3,2008,5203686,5203686,"HUMAN_OBSERVATION","TPWD","Aransas Bay Bag Seine","",NA,"",NA,"CC0_1_0","","",NA,NA,2025-02-06 18:23:32.76,"","CONTINENT_DERIVED_FROM_COORDINATES"
3404556307,"2473e9c3-624f-4cd6-bfc6-b476913790b5","Station_338_Date_16NOV2006:14:15:00.000_Fundulus_grandis","Animalia","Chordata",NA,"Cyprinodontiformes","Fundulidae","Fundulus","Fundulus grandis",NA,"SPECIES","Fundulus grandis Baird & Girard, 1853","Fundulus grandis","Baird & Girard, 1853","US","Mission-Aransas Estuary","Texas","PRESENT",NA,"c3ad790a-d426-4ac1-8e32-da61f81f0117",27.869722,-97.077778,100,NA,NA,NA,0.3,0.3,"2006-11-16T14:15",16,11,2006,5203686,5203686,"HUMAN_OBSERVATION","TPWD","Aransas Bay Bag Seine","",NA,"",NA,"CC0_1_0","","",NA,NA,2025-02-06 18:23:32.758,"","CONTINENT_DERIVED_FROM_COORDINATES"
3404554301,"2473e9c3-624f-4cd6-bfc6-b476913790b5","Station_319_Date_21MAR2006:12:22:00.000_Fundulus_grandis","Animalia","Chordata",NA,"Cyprinodontiformes","Fundulidae","Fundulus","Fundulus grandis",NA,"SPECIES","Fundulus grandis Baird & Girard, 1853","Fundulus grandis","Baird & Girard, 1853","US","Mission-Aransas Estuary","Texas","PRESENT",NA,"c3ad790a-d426-4ac1-8e32-da61f81f0117",27.900278,-97.126944,100,NA,NA,NA,0.35,0.15,"2006-03-21T12:22",21,3,2006,5203686,5203686,"HUMAN_OBSERVATION","TPWD","Aransas Bay Bag Seine","",NA,"",NA,"CC0_1_0","","",NA,NA,2025-02-06 18:23:32.885,"","CONTINENT_DERIVED_FROM_COORDINATES"
3404552332,"2473e9c3-624f-4cd6-bfc6-b476913790b5","Station_325_Date_23MAY2007:17:29:00.000_Fundulus_grandis","Animalia","Chordata",NA,"Cyprinodontiformes","Fundulidae","Fundulus","Fundulus grandis",NA,"SPECIES","Fundulus grandis Baird & Girard, 1853","Fundulus grandis","Baird & Girard, 1853","US","Mission-Aransas Estuary","Texas","PRESENT",NA,"c3ad790a-d426-4ac1-8e32-da61f81f0117",27.913889,-97.031389,100,NA,NA,NA,0.5,0,"2007-05-23T17:29",23,5,2007,5203686,5203686,"HUMAN_OBSERVATION","TPWD","Aransas Bay Bag Seine","",NA,"",NA,"CC0_1_0","","",NA,NA,2025-02-06 18:23:33.063,"","CONTINENT_DERIVED_FROM_COORDINATES"
3404552326,"2473e9c3-624f-4cd6-bfc6-b476913790b5","Station_322_Date_27NOV2007:12:07:00.000_Fundulus_grandis","Animalia","Chordata",NA,"Cyprinodontiformes","Fundulidae","Fundulus","Fundulus grandis",NA,"SPECIES","Fundulus grandis Baird & Girard, 1853","Fundulus grandis","Baird & Girard, 1853","US","Mission-Aransas Estuary","Texas","PRESENT",NA,"c3ad790a-d426-4ac1-8e32-da61f81f0117",27.915833,-97.074167,100,NA,NA,NA,0.2,0.2,"2007-11-27T12:07",27,11,2007,5203686,5203686,"HUMAN_OBSERVATION","TPWD","Aransas Bay Bag Seine","",NA,"",NA,"CC0_1_0","","",NA,NA,2025-02-06 18:23:33.061,"","CONTINENT_DERIVED_FROM_COORDINATES"
3404548151,"2473e9c3-624f-4cd6-bfc6-b476913790b5","Station_260_Date_22JAN2008:15:13:00.000_Fundulus_grandis","Animalia","Chordata",NA,"Cyprinodontiformes","Fundulidae","Fundulus","Fundulus grandis",NA,"SPECIES","Fundulus grandis Baird & Girard, 1853","Fundulus grandis","Baird & Girard, 1853","US","Mission-Aransas Estuary","Texas","PRESENT",NA,"c3ad790a-d426-4ac1-8e32-da61f81f0117",28.005,-97.161667,100,NA,NA,NA,0.35,0.15,"2008-01-22T15:13",22,1,2008,5203686,5203686,"HUMAN_OBSERVATION","TPWD","Aransas Bay Bag Seine","",NA,"",NA,"CC0_1_0","","",NA,NA,2025-02-06 18:23:32.776,"","CONTINENT_DERIVED_FROM_COORDINATES"
3404548081,"2473e9c3-624f-4cd6-bfc6-b476913790b5","Station_236_Date_25OCT2007:14:16:00.000_Fundulus_grandis","Animalia","Chordata",NA,"Cyprinodontiformes","Fundulidae","Fundulus","Fundulus grandis",NA,"SPECIES","Fundulus grandis Baird & Girard, 1853","Fundulus grandis","Baird & Girard, 1853","US","Mission-Aransas Estuary","Texas","PRESENT",NA,"c3ad790a-d426-4ac1-8e32-da61f81f0117",28.038889,-97.039167,100,NA,NA,NA,0.15,0.15,"2007-10-25T14:16",25,10,2007,5203686,5203686,"HUMAN_OBSERVATION","TPWD","Aransas Bay Bag Seine","",NA,"",NA,"CC0_1_0","","",NA,NA,2025-02-06 18:23:32.76,"","CONTINENT_DERIVED_FROM_COORDINATES"
3404548063,"2473e9c3-624f-4cd6-bfc6-b476913790b5","Station_233_Date_03AUG2005:13:04:00.000_Fundulus_grandis","Animalia","Chordata",NA,"Cyprinodontiformes","Fundulidae","Fundulus","Fundulus grandis",NA,"SPECIES","Fundulus grandis Baird & Girard, 1853","Fundulus grandis","Baird & Girard, 1853","US","Mission-Aransas Estuary","Texas","PRESENT",NA,"c3ad790a-d426-4ac1-8e32-da61f81f0117",28.033889,-97.149167,100,NA,NA,NA,0.2,0.1,"2005-08-03T13:04",3,8,2005,5203686,5203686,"HUMAN_OBSERVATION","TPWD","Aransas Bay Bag Seine","",NA,"",NA,"CC0_1_0","","",NA,NA,2025-02-06 18:23:32.756,"","CONTINENT_DERIVED_FROM_COORDINATES"
3404547915,"2473e9c3-624f-4cd6-bfc6-b476913790b5","Station_145_Date_30JAN2006:12:33:00.000_Fundulus_grandis","Animalia","Chordata",NA,"Cyprinodontiformes","Fundulidae","Fundulus","Fundulus grandis",NA,"SPECIES","Fundulus grandis Baird & Girard, 1853","Fundulus grandis","Baird & Girard, 1853","US","Mission-Aransas Estuary","Texas","PRESENT",NA,"c3ad790a-d426-4ac1-8e32-da61f81f0117",28.107778,-97.0475,100,NA,NA,NA,0.15,0.15,"2006-01-30T12:33",30,1,2006,5203686,5203686,"HUMAN_OBSERVATION","TPWD","Aransas Bay Bag Seine","",NA,"",NA,"CC0_1_0","","",NA,NA,2025-02-06 18:23:32.702,"","CONTINENT_DERIVED_FROM_COORDINATES"
3404547795,"2473e9c3-624f-4cd6-bfc6-b476913790b5","Station_97_Date_09APR2007:13:43:00.000_Fundulus_grandis","Animalia","Chordata",NA,"Cyprinodontiformes","Fundulidae","Fundulus","Fundulus grandis",NA,"SPECIES","Fundulus grandis Baird & Girard, 1853","Fundulus grandis","Baird & Girard, 1853","US","Mission-Aransas Estuary","Texas","PRESENT",NA,"c3ad790a-d426-4ac1-8e32-da61f81f0117",28.145833,-96.973611,100,NA,NA,NA,0.15,0.15,"2007-04-09T13:43",9,4,2007,5203686,5203686,"HUMAN_OBSERVATION","TPWD","Aransas Bay Bag Seine","",NA,"",NA,"CC0_1_0","","",NA,NA,2025-02-06 18:23:32.675,"","CONTINENT_DERIVED_FROM_COORDINATES"
3404547628,"2473e9c3-624f-4cd6-bfc6-b476913790b5","Station_63_Date_28JAN2008:14:25:00.000_Fundulus_grandis","Animalia","Chordata",NA,"Cyprinodontiformes","Fundulidae","Fundulus","Fundulus grandis",NA,"SPECIES","Fundulus grandis Baird & Girard, 1853","Fundulus grandis","Baird & Girard, 1853","US","Mission-Aransas Estuary","Texas","PRESENT",NA,"c3ad790a-d426-4ac1-8e32-da61f81f0117",27.870833,-97.159167,100,NA,NA,NA,0.35,0.35,"2008-01-28T14:25",28,1,2008,5203686,5203686,"HUMAN_OBSERVATION","TPWD","Aransas Bay Bag Seine","",NA,"",NA,"CC0_1_0","","",NA,NA,2025-02-06 18:23:32.619,"","CONTINENT_DERIVED_FROM_COORDINATES"
3404547299,"2473e9c3-624f-4cd6-bfc6-b476913790b5","Station_343_Date_26AUG2008:09:19:00.000_Fundulus_grandis","Animalia","Chordata",NA,"Cyprinodontiformes","Fundulidae","Fundulus","Fundulus grandis",NA,"SPECIES","Fundulus grandis Baird & Girard, 1853","Fundulus grandis","Baird & Girard, 1853","US","Mission-Aransas Estuary","Texas","PRESENT",NA,"c3ad790a-d426-4ac1-8e32-da61f81f0117",27.865833,-97.053333,100,NA,NA,NA,0.25,0.15,"2008-08-26T09:19",26,8,2008,5203686,5203686,"HUMAN_OBSERVATION","TPWD","Aransas Bay Bag Seine","",NA,"",NA,"CC0_1_0","","",NA,NA,2025-02-06 18:23:33.634,"","CONTINENT_DERIVED_FROM_COORDINATES"
3404547271,"2473e9c3-624f-4cd6-bfc6-b476913790b5","Station_333_Date_03JUN2008:17:49:00.000_Fundulus_grandis","Animalia","Chordata",NA,"Cyprinodontiformes","Fundulidae","Fundulus","Fundulus grandis",NA,"SPECIES","Fundulus grandis Baird & Girard, 1853","Fundulus grandis","Baird & Girard, 1853","US","Mission-Aransas Estuary","Texas","PRESENT",NA,"c3ad790a-d426-4ac1-8e32-da61f81f0117",27.884167,-97.044167,100,NA,NA,NA,0.35,0.25,"2008-06-03T17:49",3,6,2008,5203686,5203686,"HUMAN_OBSERVATION","TPWD","Aransas Bay Bag Seine","",NA,"",NA,"CC0_1_0","","",NA,NA,2025-02-06 18:23:33.627,"","CONTINENT_DERIVED_FROM_COORDINATES"
3404547177,"2473e9c3-624f-4cd6-bfc6-b476913790b5","Station_309_Date_21DEC2005:12:45:00.000_Fundulus_grandis","Animalia","Chordata",NA,"Cyprinodontiformes","Fundulidae","Fundulus","Fundulus grandis",NA,"SPECIES","Fundulus grandis Baird & Girard, 1853","Fundulus grandis","Baird & Girard, 1853","US","Mission-Aransas Estuary","Texas","PRESENT",NA,"c3ad790a-d426-4ac1-8e32-da61f81f0117",27.946667,-96.995278,100,NA,NA,NA,0.15,0.15,"2005-12-21T12:45",21,12,2005,5203686,5203686,"HUMAN_OBSERVATION","TPWD","Aransas Bay Bag Seine","",NA,"",NA,"CC0_1_0","","",NA,NA,2025-02-06 18:23:33.594,"","CONTINENT_DERIVED_FROM_COORDINATES"
3404546967,"2473e9c3-624f-4cd6-bfc6-b476913790b5","Station_217_Date_21APR2008:19:00:00.000_Fundulus_grandis","Animalia","Chordata",NA,"Cyprinodontiformes","Fundulidae","Fundulus","Fundulus grandis",NA,"SPECIES","Fundulus grandis Baird & Girard, 1853","Fundulus grandis","Baird & Girard, 1853","US","Mission-Aransas Estuary","Texas","PRESENT",NA,"c3ad790a-d426-4ac1-8e32-da61f81f0117",28.066111,-97.096944,100,NA,NA,NA,0.4,0.3,"2008-04-21T19:00",21,4,2008,5203686,5203686,"HUMAN_OBSERVATION","TPWD","Aransas Bay Bag Seine","",NA,"",NA,"CC0_1_0","","",NA,NA,2025-02-06 18:23:33.526,"","CONTINENT_DERIVED_FROM_COORDINATES"
3404546953,"2473e9c3-624f-4cd6-bfc6-b476913790b5","Station_214_Date_24FEB2006:11:13:00.000_Fundulus_grandis","Animalia","Chordata",NA,"Cyprinodontiformes","Fundulidae","Fundulus","Fundulus grandis",NA,"SPECIES","Fundulus grandis Baird & Girard, 1853","Fundulus grandis","Baird & Girard, 1853","US","Mission-Aransas Estuary","Texas","PRESENT",NA,"c3ad790a-d426-4ac1-8e32-da61f81f0117",28.055556,-97.136111,100,NA,NA,NA,0.1,0.1,"2006-02-24T11:13",24,2,2006,5203686,5203686,"HUMAN_OBSERVATION","TPWD","Aransas Bay Bag Seine","",NA,"",NA,"CC0_1_0","","",NA,NA,2025-02-06 18:23:33.523,"","CONTINENT_DERIVED_FROM_COORDINATES"
3404546801,"2473e9c3-624f-4cd6-bfc6-b476913790b5","Station_122_Date_06DEC2005:08:44:00.000_Fundulus_grandis","Animalia","Chordata",NA,"Cyprinodontiformes","Fundulidae","Fundulus","Fundulus grandis",NA,"SPECIES","Fundulus grandis Baird & Girard, 1853","Fundulus grandis","Baird & Girard, 1853","US","Mission-Aransas Estuary","Texas","PRESENT",NA,"c3ad790a-d426-4ac1-8e32-da61f81f0117",28.128056,-96.985278,100,NA,NA,NA,0.2,0.1,"2005-12-06T08:44",6,12,2005,5203686,5203686,"HUMAN_OBSERVATION","TPWD","Aransas Bay Bag Seine","",NA,"",NA,"CC0_1_0","","",NA,NA,2025-02-06 18:23:33.476,"","CONTINENT_DERIVED_FROM_COORDINATES"
3404546799,"2473e9c3-624f-4cd6-bfc6-b476913790b5","Station_121_Date_19JUL2005:09:43:00.000_Fundulus_grandis","Animalia","Chordata",NA,"Cyprinodontiformes","Fundulidae","Fundulus","Fundulus grandis",NA,"SPECIES","Fundulus grandis Baird & Girard, 1853","Fundulus grandis","Baird & Girard, 1853","US","Mission-Aransas Estuary","Texas","PRESENT",NA,"c3ad790a-d426-4ac1-8e32-da61f81f0117",28.131389,-97.000556,100,NA,NA,NA,0.3,0.1,"2005-07-19T09:43",19,7,2005,5203686,5203686,"HUMAN_OBSERVATION","TPWD","Aransas Bay Bag Seine","",NA,"",NA,"CC0_1_0","","",NA,NA,2025-02-06 18:23:33.476,"","CONTINENT_DERIVED_FROM_COORDINATES"
3404546732,"2473e9c3-624f-4cd6-bfc6-b476913790b5","Station_93_Date_09MAY2005:17:57:00.000_Fundulus_grandis","Animalia","Chordata",NA,"Cyprinodontiformes","Fundulidae","Fundulus","Fundulus grandis",NA,"SPECIES","Fundulus grandis Baird & Girard, 1853","Fundulus grandis","Baird & Girard, 1853","US","Mission-Aransas Estuary","Texas","PRESENT",NA,"c3ad790a-d426-4ac1-8e32-da61f81f0117",27.841944,-97.162778,100,NA,NA,NA,0.25,0.15,"2005-05-09T17:57",9,5,2005,5203686,5203686,"HUMAN_OBSERVATION","TPWD","Aransas Bay Bag Seine","",NA,"",NA,"CC0_1_0","","",NA,NA,2025-02-06 18:23:33.447,"","CONTINENT_DERIVED_FROM_COORDINATES"
3404546664,"2473e9c3-624f-4cd6-bfc6-b476913790b5","Station_77_Date_06NOV2007:15:52:00.000_Fundulus_grandis","Animalia","Chordata",NA,"Cyprinodontiformes","Fundulidae","Fundulus","Fundulus grandis",NA,"SPECIES","Fundulus grandis Baird & Girard, 1853","Fundulus grandis","Baird & Girard, 1853","US","Mission-Aransas Estuary","Texas","PRESENT",NA,"c3ad790a-d426-4ac1-8e32-da61f81f0117",27.858611,-97.163056,100,NA,NA,NA,0.3,0.1,"2007-11-06T15:52",6,11,2007,5203686,5203686,"HUMAN_OBSERVATION","TPWD","Aransas Bay Bag Seine","",NA,"",NA,"CC0_1_0","","",NA,NA,2025-02-06 18:23:33.431,"","CONTINENT_DERIVED_FROM_COORDINATES"
3404546525,"2473e9c3-624f-4cd6-bfc6-b476913790b5","Station_35_Date_17AUG2005:10:24:00.000_Fundulus_grandis","Animalia","Chordata",NA,"Cyprinodontiformes","Fundulidae","Fundulus","Fundulus grandis",NA,"SPECIES","Fundulus grandis Baird & Girard, 1853","Fundulus grandis","Baird & Girard, 1853","US","Mission-Aransas Estuary","Texas","PRESENT",NA,"c3ad790a-d426-4ac1-8e32-da61f81f0117",28.1925,-96.925,100,NA,NA,NA,0.3,0.1,"2005-08-17T10:24",17,8,2005,5203686,5203686,"HUMAN_OBSERVATION","TPWD","Aransas Bay Bag Seine","",NA,"",NA,"CC0_1_0","","",NA,NA,2025-02-06 18:23:33.384,"","CONTINENT_DERIVED_FROM_COORDINATES"
3404546520,"2473e9c3-624f-4cd6-bfc6-b476913790b5","Station_34_Date_06DEC2005:11:50:00.000_Fundulus_grandis","Animalia","Chordata",NA,"Cyprinodontiformes","Fundulidae","Fundulus","Fundulus grandis",NA,"SPECIES","Fundulus grandis Baird & Girard, 1853","Fundulus grandis","Baird & Girard, 1853","US","Mission-Aransas Estuary","Texas","PRESENT",NA,"c3ad790a-d426-4ac1-8e32-da61f81f0117",28.191944,-96.9475,100,NA,NA,NA,0.2,0.1,"2005-12-06T11:50",6,12,2005,5203686,5203686,"HUMAN_OBSERVATION","TPWD","Aransas Bay Bag Seine","",NA,"",NA,"CC0_1_0","","",NA,NA,2025-02-06 18:23:33.383,"","CONTINENT_DERIVED_FROM_COORDINATES"
3404546281,"2473e9c3-624f-4cd6-bfc6-b476913790b5","Station_329_Date_05MAR2008:10:32:00.000_Fundulus_grandis","Animalia","Chordata",NA,"Cyprinodontiformes","Fundulidae","Fundulus","Fundulus grandis",NA,"SPECIES","Fundulus grandis Baird & Girard, 1853","Fundulus grandis","Baird & Girard, 1853","US","Mission-Aransas Estuary","Texas","PRESENT",NA,"c3ad790a-d426-4ac1-8e32-da61f81f0117",27.896667,-97.105,100,NA,NA,NA,0.15,0.05,"2008-03-05T10:32",5,3,2008,5203686,5203686,"HUMAN_OBSERVATION","TPWD","Aransas Bay Bag Seine","",NA,"",NA,"CC0_1_0","","",NA,NA,2025-02-06 18:23:32.755,"","CONTINENT_DERIVED_FROM_COORDINATES"
3404546240,"2473e9c3-624f-4cd6-bfc6-b476913790b5","Station_313_Date_06NOV2006:15:25:00.000_Fundulus_grandis","Animalia","Chordata",NA,"Cyprinodontiformes","Fundulidae","Fundulus","Fundulus grandis",NA,"SPECIES","Fundulus grandis Baird & Girard, 1853","Fundulus grandis","Baird & Girard, 1853","US","Mission-Aransas Estuary","Texas","PRESENT",NA,"c3ad790a-d426-4ac1-8e32-da61f81f0117",27.923611,-97.076111,100,NA,NA,NA,0.2,0.2,"2006-11-06T15:25",6,11,2006,5203686,5203686,"HUMAN_OBSERVATION","TPWD","Aransas Bay Bag Seine","",NA,"",NA,"CC0_1_0","","",NA,NA,2025-02-06 18:23:32.736,"","CONTINENT_DERIVED_FROM_COORDINATES"
3404546138,"2473e9c3-624f-4cd6-bfc6-b476913790b5","Station_271_Date_24FEB2006:13:17:00.000_Fundulus_grandis","Animalia","Chordata",NA,"Cyprinodontiformes","Fundulidae","Fundulus","Fundulus grandis",NA,"SPECIES","Fundulus grandis Baird & Girard, 1853","Fundulus grandis","Baird & Girard, 1853","US","Mission-Aransas Estuary","Texas","PRESENT",NA,"c3ad790a-d426-4ac1-8e32-da61f81f0117",27.998889,-97.167222,100,NA,NA,NA,0.15,0.05,"2006-02-24T13:17",24,2,2006,5203686,5203686,"HUMAN_OBSERVATION","TPWD","Aransas Bay Bag Seine","",NA,"",NA,"CC0_1_0","","",NA,NA,2025-02-06 18:23:32.721,"","CONTINENT_DERIVED_FROM_COORDINATES"
3404546064,"2473e9c3-624f-4cd6-bfc6-b476913790b5","Station_242_Date_02JUN2008:16:07:00.000_Fundulus_grandis","Animalia","Chordata",NA,"Cyprinodontiformes","Fundulidae","Fundulus","Fundulus grandis",NA,"SPECIES","Fundulus grandis Baird & Girard, 1853","Fundulus grandis","Baird & Girard, 1853","US","Mission-Aransas Estuary","Texas","PRESENT",NA,"c3ad790a-d426-4ac1-8e32-da61f81f0117",28.046944,-96.946111,100,NA,NA,NA,0.3,0.1,"2008-06-02T16:07",2,6,2008,5203686,5203686,"HUMAN_OBSERVATION","TPWD","Aransas Bay Bag Seine","",NA,"",NA,"CC0_1_0","","",NA,NA,2025-02-06 18:23:32.711,"","CONTINENT_DERIVED_FROM_COORDINATES"
3404546063,"2473e9c3-624f-4cd6-bfc6-b476913790b5","Station_241_Date_21JUL2008:15:40:00.000_Fundulus_grandis","Animalia","Chordata",NA,"Cyprinodontiformes","Fundulidae","Fundulus","Fundulus grandis",NA,"SPECIES","Fundulus grandis Baird & Girard, 1853","Fundulus grandis","Baird & Girard, 1853","US","Mission-Aransas Estuary","Texas","PRESENT",NA,"c3ad790a-d426-4ac1-8e32-da61f81f0117",28.033611,-96.956389,100,NA,NA,NA,0.2,0.2,"2008-07-21T15:40",21,7,2008,5203686,5203686,"HUMAN_OBSERVATION","TPWD","Aransas Bay Bag Seine","",NA,"",NA,"CC0_1_0","","",NA,NA,2025-02-06 18:23:32.711,"","CONTINENT_DERIVED_FROM_COORDINATES"
3404546017,"2473e9c3-624f-4cd6-bfc6-b476913790b5","Station_217_Date_23MAY2006:17:10:00.000_Fundulus_grandis","Animalia","Chordata",NA,"Cyprinodontiformes","Fundulidae","Fundulus","Fundulus grandis",NA,"SPECIES","Fundulus grandis Baird & Girard, 1853","Fundulus grandis","Baird & Girard, 1853","US","Mission-Aransas Estuary","Texas","PRESENT",NA,"c3ad790a-d426-4ac1-8e32-da61f81f0117",28.065556,-97.096389,100,NA,NA,NA,0.1,0.1,"2006-05-23T17:10",23,5,2006,5203686,5203686,"HUMAN_OBSERVATION","TPWD","Aransas Bay Bag Seine","",NA,"",NA,"CC0_1_0","","",NA,NA,2025-02-06 18:23:32.704,"","CONTINENT_DERIVED_FROM_COORDINATES"
3404545975,"2473e9c3-624f-4cd6-bfc6-b476913790b5","Station_194_Date_03NOV2005:09:30:00.000_Fundulus_grandis","Animalia","Chordata",NA,"Cyprinodontiformes","Fundulidae","Fundulus","Fundulus grandis",NA,"SPECIES","Fundulus grandis Baird & Girard, 1853","Fundulus grandis","Baird & Girard, 1853","US","Mission-Aransas Estuary","Texas","PRESENT",NA,"c3ad790a-d426-4ac1-8e32-da61f81f0117",28.068611,-97.082778,100,NA,NA,NA,0.4,0.4,"2005-11-03T09:30",3,11,2005,5203686,5203686,"HUMAN_OBSERVATION","TPWD","Aransas Bay Bag Seine","",NA,"",NA,"CC0_1_0","","",NA,NA,2025-02-06 18:23:32.697,"","CONTINENT_DERIVED_FROM_COORDINATES"
3404545950,"2473e9c3-624f-4cd6-bfc6-b476913790b5","Station_184_Date_28MAR2005:14:28:00.000_Fundulus_grandis","Animalia","Chordata",NA,"Cyprinodontiformes","Fundulidae","Fundulus","Fundulus grandis",NA,"SPECIES","Fundulus grandis Baird & Girard, 1853","Fundulus grandis","Baird & Girard, 1853","US","Mission-Aransas Estuary","Texas","PRESENT",NA,"c3ad790a-d426-4ac1-8e32-da61f81f0117",28.078889,-97.233889,100,NA,NA,NA,0.25,0.15,"2005-03-28T14:28",28,3,2005,5203686,5203686,"HUMAN_OBSERVATION","TPWD","Aransas Bay Bag Seine","",NA,"",NA,"CC0_1_0","","",NA,NA,2025-02-06 18:23:32.694,"","CONTINENT_DERIVED_FROM_COORDINATES"
3404545872,"2473e9c3-624f-4cd6-bfc6-b476913790b5","Station_127_Date_26JAN2005:11:56:00.000_Fundulus_grandis","Animalia","Chordata",NA,"Cyprinodontiformes","Fundulidae","Fundulus","Fundulus grandis",NA,"SPECIES","Fundulus grandis Baird & Girard, 1853","Fundulus grandis","Baird & Girard, 1853","US","Mission-Aransas Estuary","Texas","PRESENT",NA,"c3ad790a-d426-4ac1-8e32-da61f81f0117",28.131111,-96.905,100,NA,NA,NA,0.15,0.05,"2005-01-26T11:56",26,1,2005,5203686,5203686,"HUMAN_OBSERVATION","TPWD","Aransas Bay Bag Seine","",NA,"",NA,"CC0_1_0","","",NA,NA,2025-02-06 18:23:32.683,"","CONTINENT_DERIVED_FROM_COORDINATES"
3404545821,"2473e9c3-624f-4cd6-bfc6-b476913790b5","Station_102_Date_21MAR2008:10:57:00.000_Fundulus_grandis","Animalia","Chordata",NA,"Cyprinodontiformes","Fundulidae","Fundulus","Fundulus grandis",NA,"SPECIES","Fundulus grandis Baird & Girard, 1853","Fundulus grandis","Baird & Girard, 1853","US","Mission-Aransas Estuary","Texas","PRESENT",NA,"c3ad790a-d426-4ac1-8e32-da61f81f0117",28.144444,-96.897222,100,NA,NA,NA,0.2,0.1,"2008-03-21T10:57",21,3,2008,5203686,5203686,"HUMAN_OBSERVATION","TPWD","Aransas Bay Bag Seine","",NA,"",NA,"CC0_1_0","","",NA,NA,2025-02-06 18:23:32.673,"","CONTINENT_DERIVED_FROM_COORDINATES"
3404545778,"2473e9c3-624f-4cd6-bfc6-b476913790b5","Station_94_Date_11MAR2008:12:00:00.000_Fundulus_grandis","Animalia","Chordata",NA,"Cyprinodontiformes","Fundulidae","Fundulus","Fundulus grandis",NA,"SPECIES","Fundulus grandis Baird & Girard, 1853","Fundulus grandis","Baird & Girard, 1853","US","Mission-Aransas Estuary","Texas","PRESENT",NA,"c3ad790a-d426-4ac1-8e32-da61f81f0117",28.149722,-97.026944,100,NA,NA,NA,0.2,0.2,"2008-03-11T12:00",11,3,2008,5203686,5203686,"HUMAN_OBSERVATION","TPWD","Aransas Bay Bag Seine","",NA,"",NA,"CC0_1_0","","",NA,NA,2025-02-06 18:23:32.667,"","CONTINENT_DERIVED_FROM_COORDINATES"
3404545696,"2473e9c3-624f-4cd6-bfc6-b476913790b5","Station_71_Date_19FEB2008:14:37:00.000_Fundulus_grandis","Animalia","Chordata",NA,"Cyprinodontiformes","Fundulidae","Fundulus","Fundulus grandis",NA,"SPECIES","Fundulus grandis Baird & Girard, 1853","Fundulus grandis","Baird & Girard, 1853","US","Mission-Aransas Estuary","Texas","PRESENT",NA,"c3ad790a-d426-4ac1-8e32-da61f81f0117",28.155278,-97.015,100,NA,NA,NA,0.25,0.05,"2008-02-19T14:37",19,2,2008,5203686,5203686,"HUMAN_OBSERVATION","TPWD","Aransas Bay Bag Seine","",NA,"",NA,"CC0_1_0","","",NA,NA,2025-02-06 18:23:32.658,"","CONTINENT_DERIVED_FROM_COORDINATES"
3404545633,"2473e9c3-624f-4cd6-bfc6-b476913790b5","Station_56_Date_14JUN2006:07:51:00.000_Fundulus_grandis","Animalia","Chordata",NA,"Cyprinodontiformes","Fundulidae","Fundulus","Fundulus grandis",NA,"SPECIES","Fundulus grandis Baird & Girard, 1853","Fundulus grandis","Baird & Girard, 1853","US","Mission-Aransas Estuary","Texas","PRESENT",NA,"c3ad790a-d426-4ac1-8e32-da61f81f0117",27.885833,-97.115,100,NA,NA,NA,0.1,0.1,"2006-06-14T07:51",14,6,2006,5203686,5203686,"HUMAN_OBSERVATION","TPWD","Aransas Bay Bag Seine","",NA,"",NA,"CC0_1_0","","",NA,NA,2025-02-06 18:23:32.65,"","CONTINENT_DERIVED_FROM_COORDINATES"
3404544247,"2473e9c3-624f-4cd6-bfc6-b476913790b5","Station_308_Date_03JUN2008:19:00:00.000_Fundulus_grandis","Animalia","Chordata",NA,"Cyprinodontiformes","Fundulidae","Fundulus","Fundulus grandis",NA,"SPECIES","Fundulus grandis Baird & Girard, 1853","Fundulus grandis","Baird & Girard, 1853","US","Mission-Aransas Estuary","Texas","PRESENT",NA,"c3ad790a-d426-4ac1-8e32-da61f81f0117",27.946667,-97.014444,100,NA,NA,NA,0.35,0.05,"2008-06-03T19:00",3,6,2008,5203686,5203686,"HUMAN_OBSERVATION","TPWD","Aransas Bay Bag Seine","",NA,"",NA,"CC0_1_0","","",NA,NA,2025-02-06 18:23:32.879,"","CONTINENT_DERIVED_FROM_COORDINATES"
3404544230,"2473e9c3-624f-4cd6-bfc6-b476913790b5","Station_300_Date_27NOV2007:13:47:00.000_Fundulus_grandis","Animalia","Chordata",NA,"Cyprinodontiformes","Fundulidae","Fundulus","Fundulus grandis",NA,"SPECIES","Fundulus grandis Baird & Girard, 1853","Fundulus grandis","Baird & Girard, 1853","US","Mission-Aransas Estuary","Texas","PRESENT",NA,"c3ad790a-d426-4ac1-8e32-da61f81f0117",27.957778,-96.985278,100,NA,NA,NA,0.2,0.1,"2007-11-27T13:47",27,11,2007,5203686,5203686,"HUMAN_OBSERVATION","TPWD","Aransas Bay Bag Seine","",NA,"",NA,"CC0_1_0","","",NA,NA,2025-02-06 18:23:32.875,"","CONTINENT_DERIVED_FROM_COORDINATES"
3404544196,"2473e9c3-624f-4cd6-bfc6-b476913790b5","Station_279_Date_09JAN2006:14:44:00.000_Fundulus_grandis","Animalia","Chordata",NA,"Cyprinodontiformes","Fundulidae","Fundulus","Fundulus grandis",NA,"SPECIES","Fundulus grandis Baird & Girard, 1853","Fundulus grandis","Baird & Girard, 1853","US","Mission-Aransas Estuary","Texas","PRESENT",NA,"c3ad790a-d426-4ac1-8e32-da61f81f0117",27.984167,-96.984722,100,NA,NA,NA,0.15,0.15,"2006-01-09T14:44",9,1,2006,5203686,5203686,"HUMAN_OBSERVATION","TPWD","Aransas Bay Bag Seine","",NA,"",NA,"CC0_1_0","","",NA,NA,2025-02-06 18:23:32.869,"","CONTINENT_DERIVED_FROM_COORDINATES"
3404544089,"2473e9c3-624f-4cd6-bfc6-b476913790b5","Station_234_Date_25OCT2007:17:13:00.000_Fundulus_grandis","Animalia","Chordata",NA,"Cyprinodontiformes","Fundulidae","Fundulus","Fundulus grandis",NA,"SPECIES","Fundulus grandis Baird & Girard, 1853","Fundulus grandis","Baird & Girard, 1853","US","Mission-Aransas Estuary","Texas","PRESENT",NA,"c3ad790a-d426-4ac1-8e32-da61f81f0117",28.048056,-97.1325,100,NA,NA,NA,0.1,0.1,"2007-10-25T17:13",25,10,2007,5203686,5203686,"HUMAN_OBSERVATION","TPWD","Aransas Bay Bag Seine","",NA,"",NA,"CC0_1_0","","",NA,NA,2025-02-06 18:23:32.854,"","CONTINENT_DERIVED_FROM_COORDINATES"
3404543879,"2473e9c3-624f-4cd6-bfc6-b476913790b5","Station_125_Date_05DEC2007:14:33:00.000_Fundulus_grandis","Animalia","Chordata",NA,"Cyprinodontiformes","Fundulidae","Fundulus","Fundulus grandis",NA,"SPECIES","Fundulus grandis Baird & Girard, 1853","Fundulus grandis","Baird & Girard, 1853","US","Mission-Aransas Estuary","Texas","PRESENT",NA,"c3ad790a-d426-4ac1-8e32-da61f81f0117",28.122222,-96.939722,100,NA,NA,NA,0.15,0.05,"2007-12-05T14:33",5,12,2007,5203686,5203686,"HUMAN_OBSERVATION","TPWD","Aransas Bay Bag Seine","",NA,"",NA,"CC0_1_0","","",NA,NA,2025-02-06 18:23:32.812,"","CONTINENT_DERIVED_FROM_COORDINATES"
3404543818,"2473e9c3-624f-4cd6-bfc6-b476913790b5","Station_98_Date_01MAY2006:16:02:00.000_Fundulus_grandis","Animalia","Chordata",NA,"Cyprinodontiformes","Fundulidae","Fundulus","Fundulus grandis",NA,"SPECIES","Fundulus grandis Baird & Girard, 1853","Fundulus grandis","Baird & Girard, 1853","US","Mission-Aransas Estuary","Texas","PRESENT",NA,"c3ad790a-d426-4ac1-8e32-da61f81f0117",28.134167,-96.961111,100,NA,NA,NA,0.2,0.2,"2006-05-01T16:02",1,5,2006,5203686,5203686,"HUMAN_OBSERVATION","TPWD","Aransas Bay Bag Seine","",NA,"",NA,"CC0_1_0","","",NA,NA,2025-02-06 18:23:32.802,"","CONTINENT_DERIVED_FROM_COORDINATES"
3404543765,"2473e9c3-624f-4cd6-bfc6-b476913790b5","Station_81_Date_06MAR2008:09:02:00.000_Fundulus_grandis","Animalia","Chordata",NA,"Cyprinodontiformes","Fundulidae","Fundulus","Fundulus grandis",NA,"SPECIES","Fundulus grandis Baird & Girard, 1853","Fundulus grandis","Baird & Girard, 1853","US","Mission-Aransas Estuary","Texas","PRESENT",NA,"c3ad790a-d426-4ac1-8e32-da61f81f0117",27.865556,-97.085833,100,NA,NA,NA,0.5,0.5,"2008-03-06T09:02",6,3,2008,5203686,5203686,"HUMAN_OBSERVATION","TPWD","Aransas Bay Bag Seine","",NA,"",NA,"CC0_1_0","","",NA,NA,2025-02-06 18:23:32.794,"","CONTINENT_DERIVED_FROM_COORDINATES"
3404543703,"2473e9c3-624f-4cd6-bfc6-b476913790b5","Station_71_Date_17MAR2005:12:02:00.000_Fundulus_grandis","Animalia","Chordata",NA,"Cyprinodontiformes","Fundulidae","Fundulus","Fundulus grandis",NA,"SPECIES","Fundulus grandis Baird & Girard, 1853","Fundulus grandis","Baird & Girard, 1853","US","Mission-Aransas Estuary","Texas","PRESENT",NA,"c3ad790a-d426-4ac1-8e32-da61f81f0117",28.158056,-97.014722,100,NA,NA,NA,0.2,0.1,"2005-03-17T12:02",17,3,2005,5203686,5203686,"HUMAN_OBSERVATION","TPWD","Aransas Bay Bag Seine","",NA,"",NA,"CC0_1_0","","",NA,NA,2025-02-06 18:23:32.788,"","CONTINENT_DERIVED_FROM_COORDINATES"
3404543698,"2473e9c3-624f-4cd6-bfc6-b476913790b5","Station_70_Date_03DEC2008:11:24:00.000_Fundulus_grandis","Animalia","Chordata",NA,"Cyprinodontiformes","Fundulidae","Fundulus","Fundulus grandis",NA,"SPECIES","Fundulus grandis Baird & Girard, 1853","Fundulus grandis","Baird & Girard, 1853","US","Mission-Aransas Estuary","Texas","PRESENT",NA,"c3ad790a-d426-4ac1-8e32-da61f81f0117",28.161944,-97.018611,100,NA,NA,NA,0.15,0.15,"2008-12-03T11:24",3,12,2008,5203686,5203686,"HUMAN_OBSERVATION","TPWD","Aransas Bay Bag Seine","",NA,"",NA,"CC0_1_0","","",NA,NA,2025-02-06 18:23:32.787,"","CONTINENT_DERIVED_FROM_COORDINATES"
3404543346,"2473e9c3-624f-4cd6-bfc6-b476913790b5","Station_23_Date_08JAN2008:11:20:00.000_Fundulus_grandis","Animalia","Chordata",NA,"Cyprinodontiformes","Fundulidae","Fundulus","Fundulus grandis",NA,"SPECIES","Fundulus grandis Baird & Girard, 1853","Fundulus grandis","Baird & Girard, 1853","US","Mission-Aransas Estuary","Texas","PRESENT",NA,"c3ad790a-d426-4ac1-8e32-da61f81f0117",28.209722,-96.960278,100,NA,NA,NA,0.3,0.1,"2008-01-08T11:20",8,1,2008,5203686,5203686,"HUMAN_OBSERVATION","TPWD","Aransas Bay Bag Seine","",NA,"",NA,"CC0_1_0","","",NA,NA,2025-02-06 18:23:32.712,"","CONTINENT_DERIVED_FROM_COORDINATES"
3404543254,"2473e9c3-624f-4cd6-bfc6-b476913790b5","Station_306_Date_05MAR2008:11:46:00.000_Fundulus_grandis","Animalia","Chordata",NA,"Cyprinodontiformes","Fundulidae","Fundulus","Fundulus grandis",NA,"SPECIES","Fundulus grandis Baird & Girard, 1853","Fundulus grandis","Baird & Girard, 1853","US","Mission-Aransas Estuary","Texas","PRESENT",NA,"c3ad790a-d426-4ac1-8e32-da61f81f0117",27.941389,-97.034167,100,NA,NA,NA,0.1,0.1,"2008-03-05T11:46",5,3,2008,5203686,5203686,"HUMAN_OBSERVATION","TPWD","Aransas Bay Bag Seine","",NA,"",NA,"CC0_1_0","","",NA,NA,2025-02-06 18:23:33.044,"","CONTINENT_DERIVED_FROM_COORDINATES"
3404543233,"2473e9c3-624f-4cd6-bfc6-b476913790b5","Station_300_Date_02JUL2007:15:10:00.000_Fundulus_grandis","Animalia","Chordata",NA,"Cyprinodontiformes","Fundulidae","Fundulus","Fundulus grandis",NA,"SPECIES","Fundulus grandis Baird & Girard, 1853","Fundulus grandis","Baird & Girard, 1853","US","Mission-Aransas Estuary","Texas","PRESENT",NA,"c3ad790a-d426-4ac1-8e32-da61f81f0117",27.956389,-96.985278,100,NA,NA,NA,0.45,0.05,"2007-07-02T15:10",2,7,2007,5203686,5203686,"HUMAN_OBSERVATION","TPWD","Aransas Bay Bag Seine","",NA,"",NA,"CC0_1_0","","",NA,NA,2025-02-06 18:23:33.039,"","CONTINENT_DERIVED_FROM_COORDINATES"
3404543224,"2473e9c3-624f-4cd6-bfc6-b476913790b5","Station_294_Date_11AUG2008:11:37:00.000_Fundulus_grandis","Animalia","Chordata",NA,"Cyprinodontiformes","Fundulidae","Fundulus","Fundulus grandis",NA,"SPECIES","Fundulus grandis Baird & Girard, 1853","Fundulus grandis","Baird & Girard, 1853","US","Mission-Aransas Estuary","Texas","PRESENT",NA,"c3ad790a-d426-4ac1-8e32-da61f81f0117",27.957222,-97.092778,100,NA,NA,NA,0.3,0.1,"2008-08-11T11:37",11,8,2008,5203686,5203686,"HUMAN_OBSERVATION","TPWD","Aransas Bay Bag Seine","",NA,"",NA,"CC0_1_0","","",NA,NA,2025-02-06 18:23:33.037,"","CONTINENT_DERIVED_FROM_COORDINATES"
3404542799,"2473e9c3-624f-4cd6-bfc6-b476913790b5","Station_99_Date_05DEC2007:15:27:00.000_Fundulus_grandis","Animalia","Chordata",NA,"Cyprinodontiformes","Fundulidae","Fundulus","Fundulus grandis",NA,"SPECIES","Fundulus grandis Baird & Girard, 1853","Fundulus grandis","Baird & Girard, 1853","US","Mission-Aransas Estuary","Texas","PRESENT",NA,"c3ad790a-d426-4ac1-8e32-da61f81f0117",28.148056,-96.945278,100,NA,NA,NA,0.3,0.2,"2007-12-05T15:27",5,12,2007,5203686,5203686,"HUMAN_OBSERVATION","TPWD","Aransas Bay Bag Seine","",NA,"",NA,"CC0_1_0","","",NA,NA,2025-02-06 18:23:32.887,"","CONTINENT_DERIVED_FROM_COORDINATES"
3404542743,"2473e9c3-624f-4cd6-bfc6-b476913790b5","Station_82_Date_19DEC2006:09:33:00.000_Fundulus_grandis","Animalia","Chordata",NA,"Cyprinodontiformes","Fundulidae","Fundulus","Fundulus grandis",NA,"SPECIES","Fundulus grandis Baird & Girard, 1853","Fundulus grandis","Baird & Girard, 1853","US","Mission-Aransas Estuary","Texas","PRESENT",NA,"c3ad790a-d426-4ac1-8e32-da61f81f0117",27.860556,-97.082778,100,NA,NA,NA,0.25,0.25,"2006-12-19T09:33",19,12,2006,5203686,5203686,"HUMAN_OBSERVATION","TPWD","Aransas Bay Bag Seine","",NA,"",NA,"CC0_1_0","","",NA,NA,2025-02-06 18:23:32.871,"","CONTINENT_DERIVED_FROM_COORDINATES"
3404542609,"2473e9c3-624f-4cd6-bfc6-b476913790b5","Station_51_Date_08APR2008:11:02:00.000_Fundulus_grandis","Animalia","Chordata",NA,"Cyprinodontiformes","Fundulidae","Fundulus","Fundulus grandis",NA,"SPECIES","Fundulus grandis Baird & Girard, 1853","Fundulus grandis","Baird & Girard, 1853","US","Mission-Aransas Estuary","Texas","PRESENT",NA,"c3ad790a-d426-4ac1-8e32-da61f81f0117",28.17,-96.945,100,NA,NA,NA,0.3,0.2,"2008-04-08T11:02",8,4,2008,5203686,5203686,"HUMAN_OBSERVATION","TPWD","Aransas Bay Bag Seine","",NA,"",NA,"CC0_1_0","","",NA,NA,2025-02-06 18:23:32.822,"","CONTINENT_DERIVED_FROM_COORDINATES"
3404531326,"2473e9c3-624f-4cd6-bfc6-b476913790b5","Station_323_Date_02MAY2005:16:36:00.000_Fundulus_grandis","Animalia","Chordata",NA,"Cyprinodontiformes","Fundulidae","Fundulus","Fundulus grandis",NA,"SPECIES","Fundulus grandis Baird & Girard, 1853","Fundulus grandis","Baird & Girard, 1853","US","Mission-Aransas Estuary","Texas","PRESENT",NA,"c3ad790a-d426-4ac1-8e32-da61f81f0117",27.914444,-97.065833,100,NA,NA,NA,0.2,0.1,"2005-05-02T16:36",2,5,2005,5203686,5203686,"HUMAN_OBSERVATION","TPWD","Aransas Bay Bag Seine","",NA,"",NA,"CC0_1_0","","",NA,NA,2025-02-06 18:23:32.754,"","CONTINENT_DERIVED_FROM_COORDINATES"
3404531322,"2473e9c3-624f-4cd6-bfc6-b476913790b5","Station_322_Date_05MAR2008:11:15:00.000_Fundulus_grandis","Animalia","Chordata",NA,"Cyprinodontiformes","Fundulidae","Fundulus","Fundulus grandis",NA,"SPECIES","Fundulus grandis Baird & Girard, 1853","Fundulus grandis","Baird & Girard, 1853","US","Mission-Aransas Estuary","Texas","PRESENT",NA,"c3ad790a-d426-4ac1-8e32-da61f81f0117",27.915,-97.067222,100,NA,NA,NA,0.1,0.1,"2008-03-05T11:15",5,3,2008,5203686,5203686,"HUMAN_OBSERVATION","TPWD","Aransas Bay Bag Seine","",NA,"",NA,"CC0_1_0","","",NA,NA,2025-02-06 18:23:32.754,"","CONTINENT_DERIVED_FROM_COORDINATES"
3404525267,"2473e9c3-624f-4cd6-bfc6-b476913790b5","Station_321_Date_22FEB2005:13:08:00.000_Fundulus_grandis","Animalia","Chordata",NA,"Cyprinodontiformes","Fundulidae","Fundulus","Fundulus grandis",NA,"SPECIES","Fundulus grandis Baird & Girard, 1853","Fundulus grandis","Baird & Girard, 1853","US","Mission-Aransas Estuary","Texas","PRESENT",NA,"c3ad790a-d426-4ac1-8e32-da61f81f0117",27.9025,-97.099167,100,NA,NA,NA,0.2,0.2,"2005-02-22T13:08",22,2,2005,5203686,5203686,"HUMAN_OBSERVATION","TPWD","Aransas Bay Bag Seine","",NA,"",NA,"CC0_1_0","","",NA,NA,2025-02-06 18:23:32.818,"","CONTINENT_DERIVED_FROM_COORDINATES"
3404525248,"2473e9c3-624f-4cd6-bfc6-b476913790b5","Station_319_Date_02JUL2007:16:39:00.000_Fundulus_grandis","Animalia","Chordata",NA,"Cyprinodontiformes","Fundulidae","Fundulus","Fundulus grandis",NA,"SPECIES","Fundulus grandis Baird & Girard, 1853","Fundulus grandis","Baird & Girard, 1853","US","Mission-Aransas Estuary","Texas","PRESENT",NA,"c3ad790a-d426-4ac1-8e32-da61f81f0117",27.909444,-97.126389,100,NA,NA,NA,0.3,0.3,"2007-07-02T16:39",2,7,2007,5203686,5203686,"HUMAN_OBSERVATION","TPWD","Aransas Bay Bag Seine","",NA,"",NA,"CC0_1_0","","",NA,NA,2025-02-06 18:23:32.814,"","CONTINENT_DERIVED_FROM_COORDINATES"
3404525229,"2473e9c3-624f-4cd6-bfc6-b476913790b5","Station_313_Date_09OCT2006:17:13:00.000_Fundulus_grandis","Animalia","Chordata",NA,"Cyprinodontiformes","Fundulidae","Fundulus","Fundulus grandis",NA,"SPECIES","Fundulus grandis Baird & Girard, 1853","Fundulus grandis","Baird & Girard, 1853","US","Mission-Aransas Estuary","Texas","PRESENT",NA,"c3ad790a-d426-4ac1-8e32-da61f81f0117",27.932222,-97.08,100,NA,NA,NA,0.15,0.15,"2006-10-09T17:13",9,10,2006,5203686,5203686,"HUMAN_OBSERVATION","TPWD","Aransas Bay Bag Seine","",NA,"",NA,"CC0_1_0","","",NA,NA,2025-02-06 18:23:32.81,"","CONTINENT_DERIVED_FROM_COORDINATES"
3404525192,"2473e9c3-624f-4cd6-bfc6-b476913790b5","Station_303_Date_09JUL2008:13:44:00.000_Fundulus_grandis","Animalia","Chordata",NA,"Cyprinodontiformes","Fundulidae","Fundulus","Fundulus grandis",NA,"SPECIES","Fundulus grandis Baird & Girard, 1853","Fundulus grandis","Baird & Girard, 1853","US","Mission-Aransas Estuary","Texas","PRESENT",NA,"c3ad790a-d426-4ac1-8e32-da61f81f0117",27.933611,-97.099444,100,NA,NA,NA,0.3,0.2,"2008-07-09T13:44",9,7,2008,5203686,5203686,"HUMAN_OBSERVATION","TPWD","Aransas Bay Bag Seine","",NA,"",NA,"CC0_1_0","","",NA,NA,2025-02-06 18:23:32.799,"","CONTINENT_DERIVED_FROM_COORDINATES"
3404525190,"2473e9c3-624f-4cd6-bfc6-b476913790b5","Station_302_Date_14JAN2005:15:04:00.000_Fundulus_grandis","Animalia","Chordata",NA,"Cyprinodontiformes","Fundulidae","Fundulus","Fundulus grandis",NA,"SPECIES","Fundulus grandis Baird & Girard, 1853","Fundulus grandis","Baird & Girard, 1853","US","Mission-Aransas Estuary","Texas","PRESENT",NA,"c3ad790a-d426-4ac1-8e32-da61f81f0117",27.944167,-97.105556,100,NA,NA,NA,0.2,0.1,"2005-01-14T15:04",14,1,2005,5203686,5203686,"HUMAN_OBSERVATION","TPWD","Aransas Bay Bag Seine","",NA,"",NA,"CC0_1_0","","",NA,NA,2025-02-06 18:23:32.798,"","CONTINENT_DERIVED_FROM_COORDINATES"
3404525025,"2473e9c3-624f-4cd6-bfc6-b476913790b5","Station_233_Date_13NOV2007:11:11:00.000_Fundulus_grandis","Animalia","Chordata",NA,"Cyprinodontiformes","Fundulidae","Fundulus","Fundulus grandis",NA,"SPECIES","Fundulus grandis Baird & Girard, 1853","Fundulus grandis","Baird & Girard, 1853","US","Mission-Aransas Estuary","Texas","PRESENT",NA,"c3ad790a-d426-4ac1-8e32-da61f81f0117",28.033333,-97.149722,100,NA,NA,NA,0.4,0.2,"2007-11-13T11:11",13,11,2007,5203686,5203686,"HUMAN_OBSERVATION","TPWD","Aransas Bay Bag Seine","",NA,"",NA,"CC0_1_0","","",NA,NA,2025-02-06 18:23:32.756,"","CONTINENT_DERIVED_FROM_COORDINATES"
3404524998,"2473e9c3-624f-4cd6-bfc6-b476913790b5","Station_224_Date_25JAN2005:14:42:00.000_Fundulus_grandis","Animalia","Chordata",NA,"Cyprinodontiformes","Fundulidae","Fundulus","Fundulus grandis",NA,"SPECIES","Fundulus grandis Baird & Girard, 1853","Fundulus grandis","Baird & Girard, 1853","US","Mission-Aransas Estuary","Texas","PRESENT",NA,"c3ad790a-d426-4ac1-8e32-da61f81f0117",28.065833,-96.962222,100,NA,NA,NA,0.5,0.3,"2005-01-25T14:42",25,1,2005,5203686,5203686,"HUMAN_OBSERVATION","TPWD","Aransas Bay Bag Seine","",NA,"",NA,"CC0_1_0","","",NA,NA,2025-02-06 18:23:32.749,"","CONTINENT_DERIVED_FROM_COORDINATES"
3404524905,"2473e9c3-624f-4cd6-bfc6-b476913790b5","Station_184_Date_23OCT2007:15:36:00.000_Fundulus_grandis","Animalia","Chordata",NA,"Cyprinodontiformes","Fundulidae","Fundulus","Fundulus grandis",NA,"SPECIES","Fundulus grandis Baird & Girard, 1853","Fundulus grandis","Baird & Girard, 1853","US","Mission-Aransas Estuary","Texas","PRESENT",NA,"c3ad790a-d426-4ac1-8e32-da61f81f0117",28.078611,-97.237222,100,NA,NA,NA,0.35,0.05,"2007-10-23T15:36",23,10,2007,5203686,5203686,"HUMAN_OBSERVATION","TPWD","Aransas Bay Bag Seine","",NA,"",NA,"CC0_1_0","","",NA,NA,2025-02-06 18:23:32.714,"","CONTINENT_DERIVED_FROM_COORDINATES"
3404524849,"2473e9c3-624f-4cd6-bfc6-b476913790b5","Station_145_Date_28JUL2005:09:21:00.000_Fundulus_grandis","Animalia","Chordata",NA,"Cyprinodontiformes","Fundulidae","Fundulus","Fundulus grandis",NA,"SPECIES","Fundulus grandis Baird & Girard, 1853","Fundulus grandis","Baird & Girard, 1853","US","Mission-Aransas Estuary","Texas","PRESENT",NA,"c3ad790a-d426-4ac1-8e32-da61f81f0117",28.116111,-97.048889,100,NA,NA,NA,0.2,0.2,"2005-07-28T09:21",28,7,2005,5203686,5203686,"HUMAN_OBSERVATION","TPWD","Aransas Bay Bag Seine","",NA,"",NA,"CC0_1_0","","",NA,NA,2025-02-06 18:23:32.702,"","CONTINENT_DERIVED_FROM_COORDINATES"
3404524781,"2473e9c3-624f-4cd6-bfc6-b476913790b5","Station_112_Date_24JUN2008:11:34:00.000_Fundulus_grandis","Animalia","Chordata",NA,"Cyprinodontiformes","Fundulidae","Fundulus","Fundulus grandis",NA,"SPECIES","Fundulus grandis Baird & Girard, 1853","Fundulus grandis","Baird & Girard, 1853","US","Mission-Aransas Estuary","Texas","PRESENT",NA,"c3ad790a-d426-4ac1-8e32-da61f81f0117",28.133056,-97.158056,100,NA,NA,NA,0.2,0.2,"2008-06-24T11:34",24,6,2008,5203686,5203686,"HUMAN_OBSERVATION","TPWD","Aransas Bay Bag Seine","",NA,"",NA,"CC0_1_0","","",NA,NA,2025-02-06 18:23:32.687,"","CONTINENT_DERIVED_FROM_COORDINATES"
3404524756,"2473e9c3-624f-4cd6-bfc6-b476913790b5","Station_100_Date_03DEC2008:14:09:00.000_Fundulus_grandis","Animalia","Chordata",NA,"Cyprinodontiformes","Fundulidae","Fundulus","Fundulus grandis",NA,"SPECIES","Fundulus grandis Baird & Girard, 1853","Fundulus grandis","Baird & Girard, 1853","US","Mission-Aransas Estuary","Texas","PRESENT",NA,"c3ad790a-d426-4ac1-8e32-da61f81f0117",28.133889,-96.923889,100,NA,NA,NA,0.25,0.15,"2008-12-03T14:09",3,12,2008,5203686,5203686,"HUMAN_OBSERVATION","TPWD","Aransas Bay Bag Seine","",NA,"",NA,"CC0_1_0","","",NA,NA,2025-02-06 18:23:32.679,"","CONTINENT_DERIVED_FROM_COORDINATES"
3404524746,"2473e9c3-624f-4cd6-bfc6-b476913790b5","Station_99_Date_03DEC2008:12:45:00.000_Fundulus_grandis","Animalia","Chordata",NA,"Cyprinodontiformes","Fundulidae","Fundulus","Fundulus grandis",NA,"SPECIES","Fundulus grandis Baird & Girard, 1853","Fundulus grandis","Baird & Girard, 1853","US","Mission-Aransas Estuary","Texas","PRESENT",NA,"c3ad790a-d426-4ac1-8e32-da61f81f0117",28.1475,-96.946389,100,NA,NA,NA,0.2,0.1,"2008-12-03T12:45",3,12,2008,5203686,5203686,"HUMAN_OBSERVATION","TPWD","Aransas Bay Bag Seine","",NA,"",NA,"CC0_1_0","","",NA,NA,2025-02-06 18:23:32.677,"","CONTINENT_DERIVED_FROM_COORDINATES"
3404524662,"2473e9c3-624f-4cd6-bfc6-b476913790b5","Station_76_Date_14MAY2008:16:16:00.000_Fundulus_grandis","Animalia","Chordata",NA,"Cyprinodontiformes","Fundulidae","Fundulus","Fundulus grandis",NA,"SPECIES","Fundulus grandis Baird & Girard, 1853","Fundulus grandis","Baird & Girard, 1853","US","Mission-Aransas Estuary","Texas","PRESENT",NA,"c3ad790a-d426-4ac1-8e32-da61f81f0117",27.850556,-97.172778,100,NA,NA,NA,0.2,0.2,"2008-05-14T16:16",14,5,2008,5203686,5203686,"HUMAN_OBSERVATION","TPWD","Aransas Bay Bag Seine","",NA,"",NA,"CC0_1_0","","",NA,NA,2025-02-06 18:23:32.656,"","CONTINENT_DERIVED_FROM_COORDINATES"
3404524580,"2473e9c3-624f-4cd6-bfc6-b476913790b5","Station_63_Date_14JUL2006:09:34:00.000_Fundulus_grandis","Animalia","Chordata",NA,"Cyprinodontiformes","Fundulidae","Fundulus","Fundulus grandis",NA,"SPECIES","Fundulus grandis Baird & Girard, 1853","Fundulus grandis","Baird & Girard, 1853","US","Mission-Aransas Estuary","Texas","PRESENT",NA,"c3ad790a-d426-4ac1-8e32-da61f81f0117",27.875833,-97.151111,100,NA,NA,NA,0.1,0.1,"2006-07-14T09:34",14,7,2006,5203686,5203686,"HUMAN_OBSERVATION","TPWD","Aransas Bay Bag Seine","",NA,"",NA,"CC0_1_0","","",NA,NA,2025-02-06 18:23:32.618,"","CONTINENT_DERIVED_FROM_COORDINATES"
3404524558,"2473e9c3-624f-4cd6-bfc6-b476913790b5","Station_55_Date_12DEC2005:09:42:00.000_Fundulus_grandis","Animalia","Chordata",NA,"Cyprinodontiformes","Fundulidae","Fundulus","Fundulus grandis",NA,"SPECIES","Fundulus grandis Baird & Girard, 1853","Fundulus grandis","Baird & Girard, 1853","US","Mission-Aransas Estuary","Texas","PRESENT",NA,"c3ad790a-d426-4ac1-8e32-da61f81f0117",27.893889,-97.13,100,NA,NA,NA,0.3,0.3,"2005-12-12T09:42",12,12,2005,5203686,5203686,"HUMAN_OBSERVATION","TPWD","Aransas Bay Bag Seine","",NA,"",NA,"CC0_1_0","","",NA,NA,2025-02-06 18:23:32.613,"","CONTINENT_DERIVED_FROM_COORDINATES"
3404524514,"2473e9c3-624f-4cd6-bfc6-b476913790b5","Station_34_Date_06AUG2008:10:35:00.000_Fundulus_grandis","Animalia","Chordata",NA,"Cyprinodontiformes","Fundulidae","Fundulus","Fundulus grandis",NA,"SPECIES","Fundulus grandis Baird & Girard, 1853","Fundulus grandis","Baird & Girard, 1853","US","Mission-Aransas Estuary","Texas","PRESENT",NA,"c3ad790a-d426-4ac1-8e32-da61f81f0117",28.198889,-96.9425,100,NA,NA,NA,0.25,0.05,"2008-08-06T10:35",6,8,2008,5203686,5203686,"HUMAN_OBSERVATION","TPWD","Aransas Bay Bag Seine","",NA,"",NA,"CC0_1_0","","",NA,NA,2025-02-06 18:23:32.602,"","CONTINENT_DERIVED_FROM_COORDINATES"
3404524246,"2473e9c3-624f-4cd6-bfc6-b476913790b5","Station_344_Date_20DEC2007:11:43:00.000_Fundulus_grandis","Animalia","Chordata",NA,"Cyprinodontiformes","Fundulidae","Fundulus","Fundulus grandis",NA,"SPECIES","Fundulus grandis Baird & Girard, 1853","Fundulus grandis","Baird & Girard, 1853","US","Mission-Aransas Estuary","Texas","PRESENT",NA,"c3ad790a-d426-4ac1-8e32-da61f81f0117",27.86,-97.049722,100,NA,NA,NA,0.15,0.15,"2007-12-20T11:43",20,12,2007,5203686,5203686,"HUMAN_OBSERVATION","TPWD","Aransas Bay Bag Seine","",NA,"",NA,"CC0_1_0","","",NA,NA,2025-02-06 18:23:33.635,"","CONTINENT_DERIVED_FROM_COORDINATES"
3404524145,"2473e9c3-624f-4cd6-bfc6-b476913790b5","Station_311_Date_11AUG2008:12:00:00.000_Fundulus_grandis","Animalia","Chordata",NA,"Cyprinodontiformes","Fundulidae","Fundulus","Fundulus grandis",NA,"SPECIES","Fundulus grandis Baird & Girard, 1853","Fundulus grandis","Baird & Girard, 1853","US","Mission-Aransas Estuary","Texas","PRESENT",NA,"c3ad790a-d426-4ac1-8e32-da61f81f0117",27.928611,-97.114722,100,NA,NA,NA,0.25,0.15,"2008-08-11T12:00",11,8,2008,5203686,5203686,"HUMAN_OBSERVATION","TPWD","Aransas Bay Bag Seine","",NA,"",NA,"CC0_1_0","","",NA,NA,2025-02-06 18:23:33.603,"","CONTINENT_DERIVED_FROM_COORDINATES"
3404524050,"2473e9c3-624f-4cd6-bfc6-b476913790b5","Station_279_Date_26FEB2007:10:04:00.000_Fundulus_grandis","Animalia","Chordata",NA,"Cyprinodontiformes","Fundulidae","Fundulus","Fundulus grandis",NA,"SPECIES","Fundulus grandis Baird & Girard, 1853","Fundulus grandis","Baird & Girard, 1853","US","Mission-Aransas Estuary","Texas","PRESENT",NA,"c3ad790a-d426-4ac1-8e32-da61f81f0117",27.986111,-96.983611,100,NA,NA,NA,0.15,0.15,"2007-02-26T10:04",26,2,2007,5203686,5203686,"HUMAN_OBSERVATION","TPWD","Aransas Bay Bag Seine","",NA,"",NA,"CC0_1_0","","",NA,NA,2025-02-06 18:23:33.573,"","CONTINENT_DERIVED_FROM_COORDINATES"
3404524007,"2473e9c3-624f-4cd6-bfc6-b476913790b5","Station_260_Date_29OCT2008:15:02:00.000_Fundulus_grandis","Animalia","Chordata",NA,"Cyprinodontiformes","Fundulidae","Fundulus","Fundulus grandis",NA,"SPECIES","Fundulus grandis Baird & Girard, 1853","Fundulus grandis","Baird & Girard, 1853","US","Mission-Aransas Estuary","Texas","PRESENT",NA,"c3ad790a-d426-4ac1-8e32-da61f81f0117",28.004722,-97.156944,100,NA,NA,NA,0.25,0.15,"2008-10-29T15:02",29,10,2008,5203686,5203686,"HUMAN_OBSERVATION","TPWD","Aransas Bay Bag Seine","",NA,"",NA,"CC0_1_0","","",NA,NA,2025-02-06 18:23:33.563,"","CONTINENT_DERIVED_FROM_COORDINATES"
3404524002,"2473e9c3-624f-4cd6-bfc6-b476913790b5","Station_260_Date_18DEC2006:15:46:00.000_Fundulus_grandis","Animalia","Chordata",NA,"Cyprinodontiformes","Fundulidae","Fundulus","Fundulus grandis",NA,"SPECIES","Fundulus grandis Baird & Girard, 1853","Fundulus grandis","Baird & Girard, 1853","US","Mission-Aransas Estuary","Texas","PRESENT",NA,"c3ad790a-d426-4ac1-8e32-da61f81f0117",28.011111,-97.157778,100,NA,NA,NA,0.1,0.1,"2006-12-18T15:46",18,12,2006,5203686,5203686,"HUMAN_OBSERVATION","TPWD","Aransas Bay Bag Seine","",NA,"",NA,"CC0_1_0","","",NA,NA,2025-02-06 18:23:33.56,"","CONTINENT_DERIVED_FROM_COORDINATES"
3404523950,"2473e9c3-624f-4cd6-bfc6-b476913790b5","Station_246_Date_12NOV2007:16:38:00.000_Fundulus_grandis","Animalia","Chordata",NA,"Cyprinodontiformes","Fundulidae","Fundulus","Fundulus grandis",NA,"SPECIES","Fundulus grandis Baird & Girard, 1853","Fundulus grandis","Baird & Girard, 1853","US","Mission-Aransas Estuary","Texas","PRESENT",NA,"c3ad790a-d426-4ac1-8e32-da61f81f0117",28.033056,-97.150556,100,NA,NA,NA,0.35,0.15,"2007-11-12T16:38",12,11,2007,5203686,5203686,"HUMAN_OBSERVATION","TPWD","Aransas Bay Bag Seine","",NA,"",NA,"CC0_1_0","","",NA,NA,2025-02-06 18:23:33.548,"","CONTINENT_DERIVED_FROM_COORDINATES"
3404523906,"2473e9c3-624f-4cd6-bfc6-b476913790b5","Station_233_Date_16APR2007:18:18:00.000_Fundulus_grandis","Animalia","Chordata",NA,"Cyprinodontiformes","Fundulidae","Fundulus","Fundulus grandis",NA,"SPECIES","Fundulus grandis Baird & Girard, 1853","Fundulus grandis","Baird & Girard, 1853","US","Mission-Aransas Estuary","Texas","PRESENT",NA,"c3ad790a-d426-4ac1-8e32-da61f81f0117",28.046944,-97.135,100,NA,NA,NA,0.2,0.1,"2007-04-16T18:18",16,4,2007,5203686,5203686,"HUMAN_OBSERVATION","TPWD","Aransas Bay Bag Seine","",NA,"",NA,"CC0_1_0","","",NA,NA,2025-02-06 18:23:33.539,"","CONTINENT_DERIVED_FROM_COORDINATES"
3404523892,"2473e9c3-624f-4cd6-bfc6-b476913790b5","Station_226_Date_07APR2008:10:08:00.000_Fundulus_grandis","Animalia","Chordata",NA,"Cyprinodontiformes","Fundulidae","Fundulus","Fundulus grandis",NA,"SPECIES","Fundulus grandis Baird & Girard, 1853","Fundulus grandis","Baird & Girard, 1853","US","Mission-Aransas Estuary","Texas","PRESENT",NA,"c3ad790a-d426-4ac1-8e32-da61f81f0117",28.059167,-96.932778,100,NA,NA,NA,0.3,0.2,"2008-04-07T10:08",7,4,2008,5203686,5203686,"HUMAN_OBSERVATION","TPWD","Aransas Bay Bag Seine","",NA,"",NA,"CC0_1_0","","",NA,NA,2025-02-06 18:23:33.529,"","CONTINENT_DERIVED_FROM_COORDINATES"
3404523857,"2473e9c3-624f-4cd6-bfc6-b476913790b5","Station_211_Date_16DEC2008:14:43:00.000_Fundulus_grandis","Animalia","Chordata",NA,"Cyprinodontiformes","Fundulidae","Fundulus","Fundulus grandis",NA,"SPECIES","Fundulus grandis Baird & Girard, 1853","Fundulus grandis","Baird & Girard, 1853","US","Mission-Aransas Estuary","Texas","PRESENT",NA,"c3ad790a-d426-4ac1-8e32-da61f81f0117",28.061944,-97.185833,100,NA,NA,NA,0.25,0.25,"2008-12-16T14:43",16,12,2008,5203686,5203686,"HUMAN_OBSERVATION","TPWD","Aransas Bay Bag Seine","",NA,"",NA,"CC0_1_0","","",NA,NA,2025-02-06 18:23:33.52,"","CONTINENT_DERIVED_FROM_COORDINATES"
3404523530,"2473e9c3-624f-4cd6-bfc6-b476913790b5","Station_70_Date_19FEB2008:14:14:00.000_Fundulus_grandis","Animalia","Chordata",NA,"Cyprinodontiformes","Fundulidae","Fundulus","Fundulus grandis",NA,"SPECIES","Fundulus grandis Baird & Girard, 1853","Fundulus grandis","Baird & Girard, 1853","US","Mission-Aransas Estuary","Texas","PRESENT",NA,"c3ad790a-d426-4ac1-8e32-da61f81f0117",28.150278,-97.027222,100,NA,NA,NA,0.3,0.3,"2008-02-19T14:14",19,2,2008,5203686,5203686,"HUMAN_OBSERVATION","TPWD","Aransas Bay Bag Seine","",NA,"",NA,"CC0_1_0","","",NA,NA,2025-02-06 18:23:33.424,"","CONTINENT_DERIVED_FROM_COORDINATES"
3404523438,"2473e9c3-624f-4cd6-bfc6-b476913790b5","Station_54_Date_13AUG2008:13:35:00.000_Fundulus_grandis","Animalia","Chordata",NA,"Cyprinodontiformes","Fundulidae","Fundulus","Fundulus grandis",NA,"SPECIES","Fundulus grandis Baird & Girard, 1853","Fundulus grandis","Baird & Girard, 1853","US","Mission-Aransas Estuary","Texas","PRESENT",NA,"c3ad790a-d426-4ac1-8e32-da61f81f0117",27.883611,-97.149167,100,NA,NA,NA,0.25,0.05,"2008-08-13T13:35",13,8,2008,5203686,5203686,"HUMAN_OBSERVATION","TPWD","Aransas Bay Bag Seine","",NA,"",NA,"CC0_1_0","","",NA,NA,2025-02-06 18:23:33.393,"","CONTINENT_DERIVED_FROM_COORDINATES"
3404523405,"2473e9c3-624f-4cd6-bfc6-b476913790b5","Station_35_Date_06DEC2005:13:34:00.000_Fundulus_grandis","Animalia","Chordata",NA,"Cyprinodontiformes","Fundulidae","Fundulus","Fundulus grandis",NA,"SPECIES","Fundulus grandis Baird & Girard, 1853","Fundulus grandis","Baird & Girard, 1853","US","Mission-Aransas Estuary","Texas","PRESENT",NA,"c3ad790a-d426-4ac1-8e32-da61f81f0117",28.188889,-96.928056,100,NA,NA,NA,0.2,0,"2005-12-06T13:34",6,12,2005,5203686,5203686,"HUMAN_OBSERVATION","TPWD","Aransas Bay Bag Seine","",NA,"",NA,"CC0_1_0","","",NA,NA,2025-02-06 18:23:33.383,"","CONTINENT_DERIVED_FROM_COORDINATES"
3404523284,"2473e9c3-624f-4cd6-bfc6-b476913790b5","Station_313_Date_12APR2006:15:07:00.000_Fundulus_grandis","Animalia","Chordata",NA,"Cyprinodontiformes","Fundulidae","Fundulus","Fundulus grandis",NA,"SPECIES","Fundulus grandis Baird & Girard, 1853","Fundulus grandis","Baird & Girard, 1853","US","Mission-Aransas Estuary","Texas","PRESENT",NA,"c3ad790a-d426-4ac1-8e32-da61f81f0117",27.931111,-97.0775,100,NA,NA,NA,0.2,0.1,"2006-04-12T15:07",12,4,2006,5203686,5203686,"HUMAN_OBSERVATION","TPWD","Aransas Bay Bag Seine","",NA,"",NA,"CC0_1_0","","",NA,NA,2025-02-06 18:23:32.736,"","CONTINENT_DERIVED_FROM_COORDINATES"
3404523034,"2473e9c3-624f-4cd6-bfc6-b476913790b5","Station_217_Date_13NOV2007:10:03:00.000_Fundulus_grandis","Animalia","Chordata",NA,"Cyprinodontiformes","Fundulidae","Fundulus","Fundulus grandis",NA,"SPECIES","Fundulus grandis Baird & Girard, 1853","Fundulus grandis","Baird & Girard, 1853","US","Mission-Aransas Estuary","Texas","PRESENT",NA,"c3ad790a-d426-4ac1-8e32-da61f81f0117",28.065833,-97.096111,100,NA,NA,NA,0.2,0.2,"2007-11-13T10:03",13,11,2007,5203686,5203686,"HUMAN_OBSERVATION","TPWD","Aransas Bay Bag Seine","",NA,"",NA,"CC0_1_0","","",NA,NA,2025-02-06 18:23:32.703,"","CONTINENT_DERIVED_FROM_COORDINATES"
3404522729,"2473e9c3-624f-4cd6-bfc6-b476913790b5","Station_78_Date_03APR2007:11:43:00.000_Fundulus_grandis","Animalia","Chordata",NA,"Cyprinodontiformes","Fundulidae","Fundulus","Fundulus grandis",NA,"SPECIES","Fundulus grandis Baird & Girard, 1853","Fundulus grandis","Baird & Girard, 1853","US","Mission-Aransas Estuary","Texas","PRESENT",NA,"c3ad790a-d426-4ac1-8e32-da61f81f0117",27.865,-97.136111,100,NA,NA,NA,0.3,0.1,"2007-04-03T11:43",3,4,2007,5203686,5203686,"HUMAN_OBSERVATION","TPWD","Aransas Bay Bag Seine","",NA,"",NA,"CC0_1_0","","",NA,NA,2025-02-06 18:23:32.661,"","CONTINENT_DERIVED_FROM_COORDINATES"
3404522243,"2473e9c3-624f-4cd6-bfc6-b476913790b5","Station_306_Date_29NOV2005:12:26:00.000_Fundulus_grandis","Animalia","Chordata",NA,"Cyprinodontiformes","Fundulidae","Fundulus","Fundulus grandis",NA,"SPECIES","Fundulus grandis Baird & Girard, 1853","Fundulus grandis","Baird & Girard, 1853","US","Mission-Aransas Estuary","Texas","PRESENT",NA,"c3ad790a-d426-4ac1-8e32-da61f81f0117",27.94,-97.038056,100,NA,NA,NA,0.1,0.1,"2005-11-29T12:26",29,11,2005,5203686,5203686,"HUMAN_OBSERVATION","TPWD","Aransas Bay Bag Seine","",NA,"",NA,"CC0_1_0","","",NA,NA,2025-02-06 18:23:33.045,"","CONTINENT_DERIVED_FROM_COORDINATES"
3404522210,"2473e9c3-624f-4cd6-bfc6-b476913790b5","Station_291_Date_06JUN2007:14:13:00.000_Fundulus_grandis","Animalia","Chordata",NA,"Cyprinodontiformes","Fundulidae","Fundulus","Fundulus grandis",NA,"SPECIES","Fundulus grandis Baird & Girard, 1853","Fundulus grandis","Baird & Girard, 1853","US","Mission-Aransas Estuary","Texas","PRESENT",NA,"c3ad790a-d426-4ac1-8e32-da61f81f0117",27.968333,-96.978056,100,NA,NA,NA,0.3,0,"2007-06-06T14:13",6,6,2007,5203686,5203686,"HUMAN_OBSERVATION","TPWD","Aransas Bay Bag Seine","",NA,"",NA,"CC0_1_0","","",NA,NA,2025-02-06 18:23:33.034,"","CONTINENT_DERIVED_FROM_COORDINATES"
3404522133,"2473e9c3-624f-4cd6-bfc6-b476913790b5","Station_260_Date_10JAN2005:14:29:00.000_Fundulus_grandis","Animalia","Chordata",NA,"Cyprinodontiformes","Fundulidae","Fundulus","Fundulus grandis",NA,"SPECIES","Fundulus grandis Baird & Girard, 1853","Fundulus grandis","Baird & Girard, 1853","US","Mission-Aransas Estuary","Texas","PRESENT",NA,"c3ad790a-d426-4ac1-8e32-da61f81f0117",28.010833,-97.1575,100,NA,NA,NA,0.2,0.1,"2005-01-10T14:29",10,1,2005,5203686,5203686,"HUMAN_OBSERVATION","TPWD","Aransas Bay Bag Seine","",NA,"",NA,"CC0_1_0","","",NA,NA,2025-02-06 18:23:33.003,"","CONTINENT_DERIVED_FROM_COORDINATES"
3404522084,"2473e9c3-624f-4cd6-bfc6-b476913790b5","Station_247_Date_25AUG2008:09:36:00.000_Fundulus_grandis","Animalia","Chordata",NA,"Cyprinodontiformes","Fundulidae","Fundulus","Fundulus grandis",NA,"SPECIES","Fundulus grandis Baird & Girard, 1853","Fundulus grandis","Baird & Girard, 1853","US","Mission-Aransas Estuary","Texas","PRESENT",NA,"c3ad790a-d426-4ac1-8e32-da61f81f0117",28.019722,-97.140556,100,NA,NA,NA,0.2,0.1,"2008-08-25T09:36",25,8,2008,5203686,5203686,"HUMAN_OBSERVATION","TPWD","Aransas Bay Bag Seine","",NA,"",NA,"CC0_1_0","","",NA,NA,2025-02-06 18:23:32.993,"","CONTINENT_DERIVED_FROM_COORDINATES"
3404522002,"2473e9c3-624f-4cd6-bfc6-b476913790b5","Station_215_Date_01AUG2006:09:04:00.000_Fundulus_grandis","Animalia","Chordata",NA,"Cyprinodontiformes","Fundulidae","Fundulus","Fundulus grandis",NA,"SPECIES","Fundulus grandis Baird & Girard, 1853","Fundulus grandis","Baird & Girard, 1853","US","Mission-Aransas Estuary","Texas","PRESENT",NA,"c3ad790a-d426-4ac1-8e32-da61f81f0117",28.057222,-97.129722,100,NA,NA,NA,0.15,0.15,"2006-08-01T09:04",1,8,2006,5203686,5203686,"HUMAN_OBSERVATION","TPWD","Aransas Bay Bag Seine","",NA,"",NA,"CC0_1_0","","",NA,NA,2025-02-06 18:23:32.97,"","CONTINENT_DERIVED_FROM_COORDINATES"
3404521999,"2473e9c3-624f-4cd6-bfc6-b476913790b5","Station_214_Date_20MAR2008:13:11:00.000_Fundulus_grandis","Animalia","Chordata",NA,"Cyprinodontiformes","Fundulidae","Fundulus","Fundulus grandis",NA,"SPECIES","Fundulus grandis Baird & Girard, 1853","Fundulus grandis","Baird & Girard, 1853","US","Mission-Aransas Estuary","Texas","PRESENT",NA,"c3ad790a-d426-4ac1-8e32-da61f81f0117",28.055,-97.136944,100,NA,NA,NA,0.2,0.1,"2008-03-20T13:11",20,3,2008,5203686,5203686,"HUMAN_OBSERVATION","TPWD","Aransas Bay Bag Seine","",NA,"",NA,"CC0_1_0","","",NA,NA,2025-02-06 18:23:32.97,"","CONTINENT_DERIVED_FROM_COORDINATES"
3404521896,"2473e9c3-624f-4cd6-bfc6-b476913790b5","Station_154_Date_07NOV2005:13:11:00.000_Fundulus_grandis","Animalia","Chordata",NA,"Cyprinodontiformes","Fundulidae","Fundulus","Fundulus grandis",NA,"SPECIES","Fundulus grandis Baird & Girard, 1853","Fundulus grandis","Baird & Girard, 1853","US","Mission-Aransas Estuary","Texas","PRESENT",NA,"c3ad790a-d426-4ac1-8e32-da61f81f0117",28.110833,-96.889722,100,NA,NA,NA,0.35,0.15,"2005-11-07T13:11",7,11,2005,5203686,5203686,"HUMAN_OBSERVATION","TPWD","Aransas Bay Bag Seine","",NA,"",NA,"CC0_1_0","","",NA,NA,2025-02-06 18:23:32.938,"","CONTINENT_DERIVED_FROM_COORDINATES"
3404521841,"2473e9c3-624f-4cd6-bfc6-b476913790b5","Station_126_Date_07MAR2007:09:23:00.000_Fundulus_grandis","Animalia","Chordata",NA,"Cyprinodontiformes","Fundulidae","Fundulus","Fundulus grandis",NA,"SPECIES","Fundulus grandis Baird & Girard, 1853","Fundulus grandis","Baird & Girard, 1853","US","Mission-Aransas Estuary","Texas","PRESENT",NA,"c3ad790a-d426-4ac1-8e32-da61f81f0117",28.123611,-96.932222,100,NA,NA,NA,0.2,0,"2007-03-07T09:23",7,3,2007,5203686,5203686,"HUMAN_OBSERVATION","TPWD","Aransas Bay Bag Seine","",NA,"",NA,"CC0_1_0","","",NA,NA,2025-02-06 18:23:32.907,"","CONTINENT_DERIVED_FROM_COORDINATES"
3404521752,"2473e9c3-624f-4cd6-bfc6-b476913790b5","Station_97_Date_11MAR2008:11:15:00.000_Fundulus_grandis","Animalia","Chordata",NA,"Cyprinodontiformes","Fundulidae","Fundulus","Fundulus grandis",NA,"SPECIES","Fundulus grandis Baird & Girard, 1853","Fundulus grandis","Baird & Girard, 1853","US","Mission-Aransas Estuary","Texas","PRESENT",NA,"c3ad790a-d426-4ac1-8e32-da61f81f0117",28.142222,-96.975278,100,NA,NA,NA,0.2,0.1,"2008-03-11T11:15",11,3,2008,5203686,5203686,"HUMAN_OBSERVATION","TPWD","Aransas Bay Bag Seine","",NA,"",NA,"CC0_1_0","","",NA,NA,2025-02-06 18:23:32.884,"","CONTINENT_DERIVED_FROM_COORDINATES"
3404521746,"2473e9c3-624f-4cd6-bfc6-b476913790b5","Station_95_Date_10JAN2007:15:49:00.000_Fundulus_grandis","Animalia","Chordata",NA,"Cyprinodontiformes","Fundulidae","Fundulus","Fundulus grandis",NA,"SPECIES","Fundulus grandis Baird & Girard, 1853","Fundulus grandis","Baird & Girard, 1853","US","Mission-Aransas Estuary","Texas","PRESENT",NA,"c3ad790a-d426-4ac1-8e32-da61f81f0117",28.135556,-97.01,100,NA,NA,NA,0.2,0.2,"2007-01-10T15:49",10,1,2007,5203686,5203686,"HUMAN_OBSERVATION","TPWD","Aransas Bay Bag Seine","",NA,"",NA,"CC0_1_0","","",NA,NA,2025-02-06 18:23:32.88,"","CONTINENT_DERIVED_FROM_COORDINATES"
3404521637,"2473e9c3-624f-4cd6-bfc6-b476913790b5","Station_66_Date_23NOV2005:09:26:00.000_Fundulus_grandis","Animalia","Chordata",NA,"Cyprinodontiformes","Fundulidae","Fundulus","Fundulus grandis",NA,"SPECIES","Fundulus grandis Baird & Girard, 1853","Fundulus grandis","Baird & Girard, 1853","US","Mission-Aransas Estuary","Texas","PRESENT",NA,"c3ad790a-d426-4ac1-8e32-da61f81f0117",27.880278,-97.101111,100,NA,NA,NA,0.1,0.1,"2005-11-23T09:26",23,11,2005,5203686,5203686,"HUMAN_OBSERVATION","TPWD","Aransas Bay Bag Seine","",NA,"",NA,"CC0_1_0","","",NA,NA,2025-02-06 18:23:32.855,"","CONTINENT_DERIVED_FROM_COORDINATES"
3404521616,"2473e9c3-624f-4cd6-bfc6-b476913790b5","Station_64_Date_26JAN2005:11:35:00.000_Fundulus_grandis","Animalia","Chordata",NA,"Cyprinodontiformes","Fundulidae","Fundulus","Fundulus grandis",NA,"SPECIES","Fundulus grandis Baird & Girard, 1853","Fundulus grandis","Baird & Girard, 1853","US","Mission-Aransas Estuary","Texas","PRESENT",NA,"c3ad790a-d426-4ac1-8e32-da61f81f0117",27.872778,-97.135833,100,NA,NA,NA,0.35,0.35,"2005-01-26T11:35",26,1,2005,5203686,5203686,"HUMAN_OBSERVATION","TPWD","Aransas Bay Bag Seine","",NA,"",NA,"CC0_1_0","","",NA,NA,2025-02-06 18:23:32.85,"","CONTINENT_DERIVED_FROM_COORDINATES"
3404521579,"2473e9c3-624f-4cd6-bfc6-b476913790b5","Station_55_Date_02JUL2008:10:59:00.000_Fundulus_grandis","Animalia","Chordata",NA,"Cyprinodontiformes","Fundulidae","Fundulus","Fundulus grandis",NA,"SPECIES","Fundulus grandis Baird & Girard, 1853","Fundulus grandis","Baird & Girard, 1853","US","Mission-Aransas Estuary","Texas","PRESENT",NA,"c3ad790a-d426-4ac1-8e32-da61f81f0117",27.894167,-97.130556,100,NA,NA,NA,0.3,0.1,"2008-07-02T10:59",2,7,2008,5203686,5203686,"HUMAN_OBSERVATION","TPWD","Aransas Bay Bag Seine","",NA,"",NA,"CC0_1_0","","",NA,NA,2025-02-06 18:23:32.824,"","CONTINENT_DERIVED_FROM_COORDINATES"
3404518866,"2473e9c3-624f-4cd6-bfc6-b476913790b5","Station_255_Date_27NOV2007:14:24:00.000_Fundulus_grandis","Animalia","Chordata",NA,"Cyprinodontiformes","Fundulidae","Fundulus","Fundulus grandis",NA,"SPECIES","Fundulus grandis Baird & Girard, 1853","Fundulus grandis","Baird & Girard, 1853","US","Mission-Aransas Estuary","Texas","PRESENT",NA,"c3ad790a-d426-4ac1-8e32-da61f81f0117",28.021667,-96.964444,100,NA,NA,NA,0.15,0.15,"2007-11-27T14:24",27,11,2007,5203686,5203686,"HUMAN_OBSERVATION","TPWD","Aransas Bay Bag Seine","",NA,"",NA,"CC0_1_0","","",NA,NA,2025-02-06 18:23:32.863,"","CONTINENT_DERIVED_FROM_COORDINATES"
3404518774,"2473e9c3-624f-4cd6-bfc6-b476913790b5","Station_217_Date_20JUN2007:13:28:00.000_Fundulus_grandis","Animalia","Chordata",NA,"Cyprinodontiformes","Fundulidae","Fundulus","Fundulus grandis",NA,"SPECIES","Fundulus grandis Baird & Girard, 1853","Fundulus grandis","Baird & Girard, 1853","US","Mission-Aransas Estuary","Texas","PRESENT",NA,"c3ad790a-d426-4ac1-8e32-da61f81f0117",28.066111,-97.095278,100,NA,NA,NA,0.35,0.15,"2007-06-20T13:28",20,6,2007,5203686,5203686,"HUMAN_OBSERVATION","TPWD","Aransas Bay Bag Seine","",NA,"",NA,"CC0_1_0","","",NA,NA,2025-02-06 18:23:32.849,"","CONTINENT_DERIVED_FROM_COORDINATES"
3404518727,"2473e9c3-624f-4cd6-bfc6-b476913790b5","Station_193_Date_13JUN2005:17:14:00.000_Fundulus_grandis","Animalia","Chordata",NA,"Cyprinodontiformes","Fundulidae","Fundulus","Fundulus grandis",NA,"SPECIES","Fundulus grandis Baird & Girard, 1853","Fundulus grandis","Baird & Girard, 1853","US","Mission-Aransas Estuary","Texas","PRESENT",NA,"c3ad790a-d426-4ac1-8e32-da61f81f0117",28.074167,-97.086667,100,NA,NA,NA,0.55,0.25,"2005-06-13T17:14",13,6,2005,5203686,5203686,"HUMAN_OBSERVATION","TPWD","Aransas Bay Bag Seine","",NA,"",NA,"CC0_1_0","","",NA,NA,2025-02-06 18:23:32.827,"","CONTINENT_DERIVED_FROM_COORDINATES"
3404518622,"2473e9c3-624f-4cd6-bfc6-b476913790b5","Station_128_Date_16NOV2006:16:17:00.000_Fundulus_grandis","Animalia","Chordata",NA,"Cyprinodontiformes","Fundulidae","Fundulus","Fundulus grandis",NA,"SPECIES","Fundulus grandis Baird & Girard, 1853","Fundulus grandis","Baird & Girard, 1853","US","Mission-Aransas Estuary","Texas","PRESENT",NA,"c3ad790a-d426-4ac1-8e32-da61f81f0117",28.117222,-96.886667,100,NA,NA,NA,0.15,0.15,"2006-11-16T16:17",16,11,2006,5203686,5203686,"HUMAN_OBSERVATION","TPWD","Aransas Bay Bag Seine","",NA,"",NA,"CC0_1_0","","",NA,NA,2025-02-06 18:23:32.814,"","CONTINENT_DERIVED_FROM_COORDINATES"
3404518470,"2473e9c3-624f-4cd6-bfc6-b476913790b5","Station_81_Date_08MAR2006:10:32:00.000_Fundulus_grandis","Animalia","Chordata",NA,"Cyprinodontiformes","Fundulidae","Fundulus","Fundulus grandis",NA,"SPECIES","Fundulus grandis Baird & Girard, 1853","Fundulus grandis","Baird & Girard, 1853","US","Mission-Aransas Estuary","Texas","PRESENT",NA,"c3ad790a-d426-4ac1-8e32-da61f81f0117",27.864444,-97.084722,100,NA,NA,NA,0.25,0.25,"2006-03-08T10:32",8,3,2006,5203686,5203686,"HUMAN_OBSERVATION","TPWD","Aransas Bay Bag Seine","",NA,"",NA,"CC0_1_0","","",NA,NA,2025-02-06 18:23:32.795,"","CONTINENT_DERIVED_FROM_COORDINATES"
3404518452,"2473e9c3-624f-4cd6-bfc6-b476913790b5","Station_77_Date_01JUN2005:18:03:00.000_Fundulus_grandis","Animalia","Chordata",NA,"Cyprinodontiformes","Fundulidae","Fundulus","Fundulus grandis",NA,"SPECIES","Fundulus grandis Baird & Girard, 1853","Fundulus grandis","Baird & Girard, 1853","US","Mission-Aransas Estuary","Texas","PRESENT",NA,"c3ad790a-d426-4ac1-8e32-da61f81f0117",27.861944,-97.166389,100,NA,NA,NA,0.35,0.35,"2005-06-01T18:03",1,6,2005,5203686,5203686,"HUMAN_OBSERVATION","TPWD","Aransas Bay Bag Seine","",NA,"",NA,"CC0_1_0","","",NA,NA,2025-02-06 18:23:32.792,"","CONTINENT_DERIVED_FROM_COORDINATES"
3404518427,"2473e9c3-624f-4cd6-bfc6-b476913790b5","Station_73_Date_08JAN2008:12:38:00.000_Fundulus_grandis","Animalia","Chordata",NA,"Cyprinodontiformes","Fundulidae","Fundulus","Fundulus grandis",NA,"SPECIES","Fundulus grandis Baird & Girard, 1853","Fundulus grandis","Baird & Girard, 1853","US","Mission-Aransas Estuary","Texas","PRESENT",NA,"c3ad790a-d426-4ac1-8e32-da61f81f0117",28.162222,-96.965556,100,NA,NA,NA,0.2,0.2,"2008-01-08T12:38",8,1,2008,5203686,5203686,"HUMAN_OBSERVATION","TPWD","Aransas Bay Bag Seine","",NA,"",NA,"CC0_1_0","","",NA,NA,2025-02-06 18:23:32.789,"","CONTINENT_DERIVED_FROM_COORDINATES"
3404369380,"2473e9c3-624f-4cd6-bfc6-b476913790b5","Station_338_Date_26AUG2008:08:43:00.000_Fundulus_grandis","Animalia","Chordata",NA,"Cyprinodontiformes","Fundulidae","Fundulus","Fundulus grandis",NA,"SPECIES","Fundulus grandis Baird & Girard, 1853","Fundulus grandis","Baird & Girard, 1853","US","Mission-Aransas Estuary","Texas","PRESENT",NA,"c3ad790a-d426-4ac1-8e32-da61f81f0117",27.869444,-97.081944,100,NA,NA,NA,0.3,0.1,"2008-08-26T08:43",26,8,2008,5203686,5203686,"HUMAN_OBSERVATION","TPWD","Aransas Bay Bag Seine","",NA,"",NA,"CC0_1_0","","",NA,NA,2025-02-06 18:23:32.845,"","CONTINENT_DERIVED_FROM_COORDINATES"
3404369378,"2473e9c3-624f-4cd6-bfc6-b476913790b5","Station_338_Date_05MAR2008:13:50:00.000_Fundulus_grandis","Animalia","Chordata",NA,"Cyprinodontiformes","Fundulidae","Fundulus","Fundulus grandis",NA,"SPECIES","Fundulus grandis Baird & Girard, 1853","Fundulus grandis","Baird & Girard, 1853","US","Mission-Aransas Estuary","Texas","PRESENT",NA,"c3ad790a-d426-4ac1-8e32-da61f81f0117",27.868056,-97.083056,100,NA,NA,NA,0.15,0.15,"2008-03-05T13:50",5,3,2008,5203686,5203686,"HUMAN_OBSERVATION","TPWD","Aransas Bay Bag Seine","",NA,"",NA,"CC0_1_0","","",NA,NA,2025-02-06 18:23:32.83,"","CONTINENT_DERIVED_FROM_COORDINATES"
3404369366,"2473e9c3-624f-4cd6-bfc6-b476913790b5","Station_328_Date_26SEP2007:15:24:00.000_Fundulus_grandis","Animalia","Chordata",NA,"Cyprinodontiformes","Fundulidae","Fundulus","Fundulus grandis",NA,"SPECIES","Fundulus grandis Baird & Girard, 1853","Fundulus grandis","Baird & Girard, 1853","US","Mission-Aransas Estuary","Texas","PRESENT",NA,"c3ad790a-d426-4ac1-8e32-da61f81f0117",27.897222,-97.1275,100,NA,NA,NA,0.3,0.2,"2007-09-26T15:24",26,9,2007,5203686,5203686,"HUMAN_OBSERVATION","TPWD","Aransas Bay Bag Seine","",NA,"",NA,"CC0_1_0","","",NA,NA,2025-02-06 18:23:32.826,"","CONTINENT_DERIVED_FROM_COORDINATES"
3404368044,"2473e9c3-624f-4cd6-bfc6-b476913790b5","Station_300_Date_06JUN2007:13:19:00.000_Fundulus_grandis","Animalia","Chordata",NA,"Cyprinodontiformes","Fundulidae","Fundulus","Fundulus grandis",NA,"SPECIES","Fundulus grandis Baird & Girard, 1853","Fundulus grandis","Baird & Girard, 1853","US","Mission-Aransas Estuary","Texas","PRESENT",NA,"c3ad790a-d426-4ac1-8e32-da61f81f0117",27.955833,-96.985833,100,NA,NA,NA,0.3,0.1,"2007-06-06T13:19",6,6,2007,5203686,5203686,"HUMAN_OBSERVATION","TPWD","Aransas Bay Bag Seine","",NA,"",NA,"CC0_1_0","","",NA,NA,2025-02-06 18:23:33.039,"","CONTINENT_DERIVED_FROM_COORDINATES"
3404367946,"2473e9c3-624f-4cd6-bfc6-b476913790b5","Station_254_Date_05AUG2005:10:48:00.000_Fundulus_grandis","Animalia","Chordata",NA,"Cyprinodontiformes","Fundulidae","Fundulus","Fundulus grandis",NA,"SPECIES","Fundulus grandis Baird & Girard, 1853","Fundulus grandis","Baird & Girard, 1853","US","Mission-Aransas Estuary","Texas","PRESENT",NA,"c3ad790a-d426-4ac1-8e32-da61f81f0117",28.019167,-96.968889,100,NA,NA,NA,0.15,0.05,"2005-08-05T10:48",5,8,2005,5203686,5203686,"HUMAN_OBSERVATION","TPWD","Aransas Bay Bag Seine","",NA,"",NA,"CC0_1_0","","",NA,NA,2025-02-06 18:23:32.999,"","CONTINENT_DERIVED_FROM_COORDINATES"
3404367746,"2473e9c3-624f-4cd6-bfc6-b476913790b5","Station_153_Date_04SEP2008:13:35:00.000_Fundulus_grandis","Animalia","Chordata",NA,"Cyprinodontiformes","Fundulidae","Fundulus","Fundulus grandis",NA,"SPECIES","Fundulus grandis Baird & Girard, 1853","Fundulus grandis","Baird & Girard, 1853","US","Mission-Aransas Estuary","Texas","PRESENT",NA,"c3ad790a-d426-4ac1-8e32-da61f81f0117",28.101389,-96.900556,100,NA,NA,NA,0.3,0.1,"2008-09-04T13:35",4,9,2008,5203686,5203686,"HUMAN_OBSERVATION","TPWD","Aransas Bay Bag Seine","",NA,"",NA,"CC0_1_0","","",NA,NA,2025-02-06 18:23:32.937,"","CONTINENT_DERIVED_FROM_COORDINATES"
3404367531,"2473e9c3-624f-4cd6-bfc6-b476913790b5","Station_77_Date_18FEB2005:12:53:00.000_Fundulus_grandis","Animalia","Chordata",NA,"Cyprinodontiformes","Fundulidae","Fundulus","Fundulus grandis",NA,"SPECIES","Fundulus grandis Baird & Girard, 1853","Fundulus grandis","Baird & Girard, 1853","US","Mission-Aransas Estuary","Texas","PRESENT",NA,"c3ad790a-d426-4ac1-8e32-da61f81f0117",27.859167,-97.165556,100,NA,NA,NA,0.15,0.15,"2005-02-18T12:53",18,2,2005,5203686,5203686,"HUMAN_OBSERVATION","TPWD","Aransas Bay Bag Seine","",NA,"",NA,"CC0_1_0","","",NA,NA,2025-02-06 18:23:32.865,"","CONTINENT_DERIVED_FROM_COORDINATES"
3404367433,"2473e9c3-624f-4cd6-bfc6-b476913790b5","Station_56_Date_12DEC2005:10:04:00.000_Fundulus_grandis","Animalia","Chordata",NA,"Cyprinodontiformes","Fundulidae","Fundulus","Fundulus grandis",NA,"SPECIES","Fundulus grandis Baird & Girard, 1853","Fundulus grandis","Baird & Girard, 1853","US","Mission-Aransas Estuary","Texas","PRESENT",NA,"c3ad790a-d426-4ac1-8e32-da61f81f0117",27.8875,-97.113333,100,NA,NA,NA,0.15,0.15,"2005-12-12T10:04",12,12,2005,5203686,5203686,"HUMAN_OBSERVATION","TPWD","Aransas Bay Bag Seine","",NA,"",NA,"CC0_1_0","","",NA,NA,2025-02-06 18:23:32.828,"","CONTINENT_DERIVED_FROM_COORDINATES"
3404367239,"2473e9c3-624f-4cd6-bfc6-b476913790b5","Station_340_Date_07FEB2006:14:47:00.000_Fundulus_grandis","Animalia","Chordata",NA,"Cyprinodontiformes","Fundulidae","Fundulus","Fundulus grandis",NA,"SPECIES","Fundulus grandis Baird & Girard, 1853","Fundulus grandis","Baird & Girard, 1853","US","Mission-Aransas Estuary","Texas","PRESENT",NA,"c3ad790a-d426-4ac1-8e32-da61f81f0117",27.882222,-97.049444,100,NA,NA,NA,0.35,0.35,"2006-02-07T14:47",7,2,2006,5203686,5203686,"HUMAN_OBSERVATION","TPWD","Aransas Bay Bag Seine","",NA,"",NA,"CC0_1_0","","",NA,NA,2025-02-06 18:23:32.894,"","CONTINENT_DERIVED_FROM_COORDINATES"
3404367217,"2473e9c3-624f-4cd6-bfc6-b476913790b5","Station_329_Date_12AUG2008:11:43:00.000_Fundulus_grandis","Animalia","Chordata",NA,"Cyprinodontiformes","Fundulidae","Fundulus","Fundulus grandis",NA,"SPECIES","Fundulus grandis Baird & Girard, 1853","Fundulus grandis","Baird & Girard, 1853","US","Mission-Aransas Estuary","Texas","PRESENT",NA,"c3ad790a-d426-4ac1-8e32-da61f81f0117",27.891111,-97.112222,100,NA,NA,NA,0.2,0.2,"2008-08-12T11:43",12,8,2008,5203686,5203686,"HUMAN_OBSERVATION","TPWD","Aransas Bay Bag Seine","",NA,"",NA,"CC0_1_0","","",NA,NA,2025-02-06 18:23:32.891,"","CONTINENT_DERIVED_FROM_COORDINATES"
3404367199,"2473e9c3-624f-4cd6-bfc6-b476913790b5","Station_321_Date_22MAY2006:15:24:00.000_Fundulus_grandis","Animalia","Chordata",NA,"Cyprinodontiformes","Fundulidae","Fundulus","Fundulus grandis",NA,"SPECIES","Fundulus grandis Baird & Girard, 1853","Fundulus grandis","Baird & Girard, 1853","US","Mission-Aransas Estuary","Texas","PRESENT",NA,"c3ad790a-d426-4ac1-8e32-da61f81f0117",27.905556,-97.099444,100,NA,NA,NA,0.2,0.2,"2006-05-22T15:24",22,5,2006,5203686,5203686,"HUMAN_OBSERVATION","TPWD","Aransas Bay Bag Seine","",NA,"",NA,"CC0_1_0","","",NA,NA,2025-02-06 18:23:32.886,"","CONTINENT_DERIVED_FROM_COORDINATES"
3404367185,"2473e9c3-624f-4cd6-bfc6-b476913790b5","Station_319_Date_19JAN2006:09:39:00.000_Fundulus_grandis","Animalia","Chordata",NA,"Cyprinodontiformes","Fundulidae","Fundulus","Fundulus grandis",NA,"SPECIES","Fundulus grandis Baird & Girard, 1853","Fundulus grandis","Baird & Girard, 1853","US","Mission-Aransas Estuary","Texas","PRESENT",NA,"c3ad790a-d426-4ac1-8e32-da61f81f0117",27.906944,-97.127778,100,NA,NA,NA,0.1,0.1,"2006-01-19T09:39",19,1,2006,5203686,5203686,"HUMAN_OBSERVATION","TPWD","Aransas Bay Bag Seine","",NA,"",NA,"CC0_1_0","","",NA,NA,2025-02-06 18:23:32.885,"","CONTINENT_DERIVED_FROM_COORDINATES"
3404367169,"2473e9c3-624f-4cd6-bfc6-b476913790b5","Station_313_Date_20JUN2007:09:38:00.000_Fundulus_grandis","Animalia","Chordata",NA,"Cyprinodontiformes","Fundulidae","Fundulus","Fundulus grandis",NA,"SPECIES","Fundulus grandis Baird & Girard, 1853","Fundulus grandis","Baird & Girard, 1853","US","Mission-Aransas Estuary","Texas","PRESENT",NA,"c3ad790a-d426-4ac1-8e32-da61f81f0117",27.918056,-97.076944,100,NA,NA,NA,0.2,0,"2007-06-20T09:38",20,6,2007,5203686,5203686,"HUMAN_OBSERVATION","TPWD","Aransas Bay Bag Seine","",NA,"",NA,"CC0_1_0","","",NA,NA,2025-02-06 18:23:32.882,"","CONTINENT_DERIVED_FROM_COORDINATES"
3404367083,"2473e9c3-624f-4cd6-bfc6-b476913790b5","Station_279_Date_09SEP2008:09:32:00.000_Fundulus_grandis","Animalia","Chordata",NA,"Cyprinodontiformes","Fundulidae","Fundulus","Fundulus grandis",NA,"SPECIES","Fundulus grandis Baird & Girard, 1853","Fundulus grandis","Baird & Girard, 1853","US","Mission-Aransas Estuary","Texas","PRESENT",NA,"c3ad790a-d426-4ac1-8e32-da61f81f0117",27.986389,-96.983611,100,NA,NA,NA,0.3,0.1,"2008-09-09T09:32",9,9,2008,5203686,5203686,"HUMAN_OBSERVATION","TPWD","Aransas Bay Bag Seine","",NA,"",NA,"CC0_1_0","","",NA,NA,2025-02-06 18:23:32.869,"","CONTINENT_DERIVED_FROM_COORDINATES"
3404366951,"2473e9c3-624f-4cd6-bfc6-b476913790b5","Station_226_Date_09JAN2006:13:47:00.000_Fundulus_grandis","Animalia","Chordata",NA,"Cyprinodontiformes","Fundulidae","Fundulus","Fundulus grandis",NA,"SPECIES","Fundulus grandis Baird & Girard, 1853","Fundulus grandis","Baird & Girard, 1853","US","Mission-Aransas Estuary","Texas","PRESENT",NA,"c3ad790a-d426-4ac1-8e32-da61f81f0117",28.063889,-96.931111,100,NA,NA,NA,0.35,0.05,"2006-01-09T13:47",9,1,2006,5203686,5203686,"HUMAN_OBSERVATION","TPWD","Aransas Bay Bag Seine","",NA,"",NA,"CC0_1_0","","",NA,NA,2025-02-06 18:23:32.852,"","CONTINENT_DERIVED_FROM_COORDINATES"
3404366783,"2473e9c3-624f-4cd6-bfc6-b476913790b5","Station_127_Date_06AUG2008:07:18:00.000_Fundulus_grandis","Animalia","Chordata",NA,"Cyprinodontiformes","Fundulidae","Fundulus","Fundulus grandis",NA,"SPECIES","Fundulus grandis Baird & Girard, 1853","Fundulus grandis","Baird & Girard, 1853","US","Mission-Aransas Estuary","Texas","PRESENT",NA,"c3ad790a-d426-4ac1-8e32-da61f81f0117",28.120278,-96.913889,100,NA,NA,NA,0.15,0.15,"2008-08-06T07:18",6,8,2008,5203686,5203686,"HUMAN_OBSERVATION","TPWD","Aransas Bay Bag Seine","",NA,"",NA,"CC0_1_0","","",NA,NA,2025-02-06 18:23:32.813,"","CONTINENT_DERIVED_FROM_COORDINATES"
3404366591,"2473e9c3-624f-4cd6-bfc6-b476913790b5","Station_72_Date_06DEC2005:10:14:00.000_Fundulus_grandis","Animalia","Chordata",NA,"Cyprinodontiformes","Fundulidae","Fundulus","Fundulus grandis",NA,"SPECIES","Fundulus grandis Baird & Girard, 1853","Fundulus grandis","Baird & Girard, 1853","US","Mission-Aransas Estuary","Texas","PRESENT",NA,"c3ad790a-d426-4ac1-8e32-da61f81f0117",28.159444,-96.968333,100,NA,NA,NA,0.25,0.05,"2005-12-06T10:14",6,12,2005,5203686,5203686,"HUMAN_OBSERVATION","TPWD","Aransas Bay Bag Seine","",NA,"",NA,"CC0_1_0","","",NA,NA,2025-02-06 18:23:32.788,"","CONTINENT_DERIVED_FROM_COORDINATES"
3404366590,"2473e9c3-624f-4cd6-bfc6-b476913790b5","Station_71_Date_24JUN2008:15:32:00.000_Fundulus_grandis","Animalia","Chordata",NA,"Cyprinodontiformes","Fundulidae","Fundulus","Fundulus grandis",NA,"SPECIES","Fundulus grandis Baird & Girard, 1853","Fundulus grandis","Baird & Girard, 1853","US","Mission-Aransas Estuary","Texas","PRESENT",NA,"c3ad790a-d426-4ac1-8e32-da61f81f0117",28.155,-97.015278,100,NA,NA,NA,0.2,0.1,"2008-06-24T15:32",24,6,2008,5203686,5203686,"HUMAN_OBSERVATION","TPWD","Aransas Bay Bag Seine","",NA,"",NA,"CC0_1_0","","",NA,NA,2025-02-06 18:23:32.788,"","CONTINENT_DERIVED_FROM_COORDINATES"
3404366538,"2473e9c3-624f-4cd6-bfc6-b476913790b5","Station_63_Date_23MAY2006:18:22:00.000_Fundulus_grandis","Animalia","Chordata",NA,"Cyprinodontiformes","Fundulidae","Fundulus","Fundulus grandis",NA,"SPECIES","Fundulus grandis Baird & Girard, 1853","Fundulus grandis","Baird & Girard, 1853","US","Mission-Aransas Estuary","Texas","PRESENT",NA,"c3ad790a-d426-4ac1-8e32-da61f81f0117",27.870833,-97.154167,100,NA,NA,NA,0.1,0.1,"2006-05-23T18:22",23,5,2006,5203686,5203686,"HUMAN_OBSERVATION","TPWD","Aransas Bay Bag Seine","",NA,"",NA,"CC0_1_0","","",NA,NA,2025-02-06 18:23:32.778,"","CONTINENT_DERIVED_FROM_COORDINATES"
3404366537,"2473e9c3-624f-4cd6-bfc6-b476913790b5","Station_63_Date_20NOV2006:12:36:00.000_Fundulus_grandis","Animalia","Chordata",NA,"Cyprinodontiformes","Fundulidae","Fundulus","Fundulus grandis",NA,"SPECIES","Fundulus grandis Baird & Girard, 1853","Fundulus grandis","Baird & Girard, 1853","US","Mission-Aransas Estuary","Texas","PRESENT",NA,"c3ad790a-d426-4ac1-8e32-da61f81f0117",27.870278,-97.158611,100,NA,NA,NA,0.4,0.4,"2006-11-20T12:36",20,11,2006,5203686,5203686,"HUMAN_OBSERVATION","TPWD","Aransas Bay Bag Seine","",NA,"",NA,"CC0_1_0","","",NA,NA,2025-02-06 18:23:32.778,"","CONTINENT_DERIVED_FROM_COORDINATES"
3404366385,"2473e9c3-624f-4cd6-bfc6-b476913790b5","Station_30_Date_03AUG2005:11:17:00.000_Fundulus_grandis","Animalia","Chordata",NA,"Cyprinodontiformes","Fundulidae","Fundulus","Fundulus grandis",NA,"SPECIES","Fundulus grandis Baird & Girard, 1853","Fundulus grandis","Baird & Girard, 1853","US","Mission-Aransas Estuary","Texas","PRESENT",NA,"c3ad790a-d426-4ac1-8e32-da61f81f0117",28.184444,-97.048611,100,NA,NA,NA,0.1,0.1,"2005-08-03T11:17",3,8,2005,5203686,5203686,"HUMAN_OBSERVATION","TPWD","Aransas Bay Bag Seine","",NA,"",NA,"CC0_1_0","","",NA,NA,2025-02-06 18:23:32.734,"","CONTINENT_DERIVED_FROM_COORDINATES"
3404366191,"2473e9c3-624f-4cd6-bfc6-b476913790b5","Station_303_Date_03MAR2005:10:46:00.000_Fundulus_grandis","Animalia","Chordata",NA,"Cyprinodontiformes","Fundulidae","Fundulus","Fundulus grandis",NA,"SPECIES","Fundulus grandis Baird & Girard, 1853","Fundulus grandis","Baird & Girard, 1853","US","Mission-Aransas Estuary","Texas","PRESENT",NA,"c3ad790a-d426-4ac1-8e32-da61f81f0117",27.934167,-97.085556,100,NA,NA,NA,0.1,0.1,"2005-03-03T10:46",3,3,2005,5203686,5203686,"HUMAN_OBSERVATION","TPWD","Aransas Bay Bag Seine","",NA,"",NA,"CC0_1_0","","",NA,NA,2025-02-06 18:23:33.586,"","CONTINENT_DERIVED_FROM_COORDINATES"
3404366107,"2473e9c3-624f-4cd6-bfc6-b476913790b5","Station_273_Date_11JUL2007:13:01:00.000_Fundulus_grandis","Animalia","Chordata",NA,"Cyprinodontiformes","Fundulidae","Fundulus","Fundulus grandis",NA,"SPECIES","Fundulus grandis Baird & Girard, 1853","Fundulus grandis","Baird & Girard, 1853","US","Mission-Aransas Estuary","Texas","PRESENT",NA,"c3ad790a-d426-4ac1-8e32-da61f81f0117",27.999167,-97.147222,100,NA,NA,NA,0.35,0.25,"2007-07-11T13:01",11,7,2007,5203686,5203686,"HUMAN_OBSERVATION","TPWD","Aransas Bay Bag Seine","",NA,"",NA,"CC0_1_0","","",NA,NA,2025-02-06 18:23:33.568,"","CONTINENT_DERIVED_FROM_COORDINATES"
3404366100,"2473e9c3-624f-4cd6-bfc6-b476913790b5","Station_271_Date_23OCT2007:18:31:00.000_Fundulus_grandis","Animalia","Chordata",NA,"Cyprinodontiformes","Fundulidae","Fundulus","Fundulus grandis",NA,"SPECIES","Fundulus grandis Baird & Girard, 1853","Fundulus grandis","Baird & Girard, 1853","US","Mission-Aransas Estuary","Texas","PRESENT",NA,"c3ad790a-d426-4ac1-8e32-da61f81f0117",27.993889,-97.175,100,NA,NA,NA,0.3,0.1,"2007-10-23T18:31",23,10,2007,5203686,5203686,"HUMAN_OBSERVATION","TPWD","Aransas Bay Bag Seine","",NA,"",NA,"CC0_1_0","","",NA,NA,2025-02-06 18:23:33.566,"","CONTINENT_DERIVED_FROM_COORDINATES"
3404366096,"2473e9c3-624f-4cd6-bfc6-b476913790b5","Station_271_Date_12NOV2007:15:53:00.000_Fundulus_grandis","Animalia","Chordata",NA,"Cyprinodontiformes","Fundulidae","Fundulus","Fundulus grandis",NA,"SPECIES","Fundulus grandis Baird & Girard, 1853","Fundulus grandis","Baird & Girard, 1853","US","Mission-Aransas Estuary","Texas","PRESENT",NA,"c3ad790a-d426-4ac1-8e32-da61f81f0117",27.991944,-97.174444,100,NA,NA,NA,0.3,0.1,"2007-11-12T15:53",12,11,2007,5203686,5203686,"HUMAN_OBSERVATION","TPWD","Aransas Bay Bag Seine","",NA,"",NA,"CC0_1_0","","",NA,NA,2025-02-06 18:23:33.566,"","CONTINENT_DERIVED_FROM_COORDINATES"
3404366092,"2473e9c3-624f-4cd6-bfc6-b476913790b5","Station_267_Date_20DEC2007:10:11:00.000_Fundulus_grandis","Animalia","Chordata",NA,"Cyprinodontiformes","Fundulidae","Fundulus","Fundulus grandis",NA,"SPECIES","Fundulus grandis Baird & Girard, 1853","Fundulus grandis","Baird & Girard, 1853","US","Mission-Aransas Estuary","Texas","PRESENT",NA,"c3ad790a-d426-4ac1-8e32-da61f81f0117",28.001667,-96.976389,100,NA,NA,NA,0.2,0.2,"2007-12-20T10:11",20,12,2007,5203686,5203686,"HUMAN_OBSERVATION","TPWD","Aransas Bay Bag Seine","",NA,"",NA,"CC0_1_0","","",NA,NA,2025-02-06 18:23:33.565,"","CONTINENT_DERIVED_FROM_COORDINATES"
3404366043,"2473e9c3-624f-4cd6-bfc6-b476913790b5","Station_247_Date_20NOV2006:10:04:00.000_Fundulus_grandis","Animalia","Chordata",NA,"Cyprinodontiformes","Fundulidae","Fundulus","Fundulus grandis",NA,"SPECIES","Fundulus grandis Baird & Girard, 1853","Fundulus grandis","Baird & Girard, 1853","US","Mission-Aransas Estuary","Texas","PRESENT",NA,"c3ad790a-d426-4ac1-8e32-da61f81f0117",28.018889,-97.141389,100,NA,NA,NA,0.1,0.1,"2006-11-20T10:04",20,11,2006,5203686,5203686,"HUMAN_OBSERVATION","TPWD","Aransas Bay Bag Seine","",NA,"",NA,"CC0_1_0","","",NA,NA,2025-02-06 18:23:33.551,"","CONTINENT_DERIVED_FROM_COORDINATES"
3404366027,"2473e9c3-624f-4cd6-bfc6-b476913790b5","Station_241_Date_24JUL2006:11:14:00.000_Fundulus_grandis","Animalia","Chordata",NA,"Cyprinodontiformes","Fundulidae","Fundulus","Fundulus grandis",NA,"SPECIES","Fundulus grandis Baird & Girard, 1853","Fundulus grandis","Baird & Girard, 1853","US","Mission-Aransas Estuary","Texas","PRESENT",NA,"c3ad790a-d426-4ac1-8e32-da61f81f0117",28.037778,-96.953889,100,NA,NA,NA,0.2,0.2,"2006-07-24T11:14",24,7,2006,5203686,5203686,"HUMAN_OBSERVATION","TPWD","Aransas Bay Bag Seine","",NA,"",NA,"CC0_1_0","","",NA,NA,2025-02-06 18:23:33.547,"","CONTINENT_DERIVED_FROM_COORDINATES"
3404365993,"2473e9c3-624f-4cd6-bfc6-b476913790b5","Station_233_Date_24FEB2006:12:52:00.000_Fundulus_grandis","Animalia","Chordata",NA,"Cyprinodontiformes","Fundulidae","Fundulus","Fundulus grandis",NA,"SPECIES","Fundulus grandis Baird & Girard, 1853","Fundulus grandis","Baird & Girard, 1853","US","Mission-Aransas Estuary","Texas","PRESENT",NA,"c3ad790a-d426-4ac1-8e32-da61f81f0117",28.034167,-97.148333,100,NA,NA,NA,0.25,0.25,"2006-02-24T12:52",24,2,2006,5203686,5203686,"HUMAN_OBSERVATION","TPWD","Aransas Bay Bag Seine","",NA,"",NA,"CC0_1_0","","",NA,NA,2025-02-06 18:23:33.54,"","CONTINENT_DERIVED_FROM_COORDINATES"
3404365893,"2473e9c3-624f-4cd6-bfc6-b476913790b5","Station_178_Date_17AUG2005:09:35:00.000_Fundulus_grandis","Animalia","Chordata",NA,"Cyprinodontiformes","Fundulidae","Fundulus","Fundulus grandis",NA,"SPECIES","Fundulus grandis Baird & Girard, 1853","Fundulus grandis","Baird & Girard, 1853","US","Mission-Aransas Estuary","Texas","PRESENT",NA,"c3ad790a-d426-4ac1-8e32-da61f81f0117",28.090278,-96.906389,100,NA,NA,NA,0.35,0.05,"2005-08-17T09:35",17,8,2005,5203686,5203686,"HUMAN_OBSERVATION","TPWD","Aransas Bay Bag Seine","",NA,"",NA,"CC0_1_0","","",NA,NA,2025-02-06 18:23:33.506,"","CONTINENT_DERIVED_FROM_COORDINATES"
3404365849,"2473e9c3-624f-4cd6-bfc6-b476913790b5","Station_153_Date_17AUG2005:08:46:00.000_Fundulus_grandis","Animalia","Chordata",NA,"Cyprinodontiformes","Fundulidae","Fundulus","Fundulus grandis",NA,"SPECIES","Fundulus grandis Baird & Girard, 1853","Fundulus grandis","Baird & Girard, 1853","US","Mission-Aransas Estuary","Texas","PRESENT",NA,"c3ad790a-d426-4ac1-8e32-da61f81f0117",28.101111,-96.903333,100,NA,NA,NA,0.35,0.05,"2005-08-17T08:46",17,8,2005,5203686,5203686,"HUMAN_OBSERVATION","TPWD","Aransas Bay Bag Seine","",NA,"",NA,"CC0_1_0","","",NA,NA,2025-02-06 18:23:33.497,"","CONTINENT_DERIVED_FROM_COORDINATES"
3404365722,"2473e9c3-624f-4cd6-bfc6-b476913790b5","Station_99_Date_06AUG2008:09:33:00.000_Fundulus_grandis","Animalia","Chordata",NA,"Cyprinodontiformes","Fundulidae","Fundulus","Fundulus grandis",NA,"SPECIES","Fundulus grandis Baird & Girard, 1853","Fundulus grandis","Baird & Girard, 1853","US","Mission-Aransas Estuary","Texas","PRESENT",NA,"c3ad790a-d426-4ac1-8e32-da61f81f0117",28.146667,-96.947222,100,NA,NA,NA,0.25,0.05,"2008-08-06T09:33",6,8,2008,5203686,5203686,"HUMAN_OBSERVATION","TPWD","Aransas Bay Bag Seine","",NA,"",NA,"CC0_1_0","","",NA,NA,2025-02-06 18:23:33.455,"","CONTINENT_DERIVED_FROM_COORDINATES"
3404365696,"2473e9c3-624f-4cd6-bfc6-b476913790b5","Station_94_Date_21JAN2005:13:26:00.000_Fundulus_grandis","Animalia","Chordata",NA,"Cyprinodontiformes","Fundulidae","Fundulus","Fundulus grandis",NA,"SPECIES","Fundulus grandis Baird & Girard, 1853","Fundulus grandis","Baird & Girard, 1853","US","Mission-Aransas Estuary","Texas","PRESENT",NA,"c3ad790a-d426-4ac1-8e32-da61f81f0117",28.148889,-97.023611,100,NA,NA,NA,0.2,0.2,"2005-01-21T13:26",21,1,2005,5203686,5203686,"HUMAN_OBSERVATION","TPWD","Aransas Bay Bag Seine","",NA,"",NA,"CC0_1_0","","",NA,NA,2025-02-06 18:23:33.45,"","CONTINENT_DERIVED_FROM_COORDINATES"
3404365655,"2473e9c3-624f-4cd6-bfc6-b476913790b5","Station_81_Date_08JAN2007:11:36:00.000_Fundulus_grandis","Animalia","Chordata",NA,"Cyprinodontiformes","Fundulidae","Fundulus","Fundulus grandis",NA,"SPECIES","Fundulus grandis Baird & Girard, 1853","Fundulus grandis","Baird & Girard, 1853","US","Mission-Aransas Estuary","Texas","PRESENT",NA,"c3ad790a-d426-4ac1-8e32-da61f81f0117",27.866111,-97.086389,100,NA,NA,NA,0.1,0.1,"2007-01-08T11:36",8,1,2007,5203686,5203686,"HUMAN_OBSERVATION","TPWD","Aransas Bay Bag Seine","",NA,"",NA,"CC0_1_0","","",NA,NA,2025-02-06 18:23:33.436,"","CONTINENT_DERIVED_FROM_COORDINATES"
3404365552,"2473e9c3-624f-4cd6-bfc6-b476913790b5","Station_63_Date_19OCT2005:18:10:00.000_Fundulus_grandis","Animalia","Chordata",NA,"Cyprinodontiformes","Fundulidae","Fundulus","Fundulus grandis",NA,"SPECIES","Fundulus grandis Baird & Girard, 1853","Fundulus grandis","Baird & Girard, 1853","US","Mission-Aransas Estuary","Texas","PRESENT",NA,"c3ad790a-d426-4ac1-8e32-da61f81f0117",27.873889,-97.156389,100,NA,NA,NA,0.2,0.2,"2005-10-19T18:10",19,10,2005,5203686,5203686,"HUMAN_OBSERVATION","TPWD","Aransas Bay Bag Seine","",NA,"",NA,"CC0_1_0","","",NA,NA,2025-02-06 18:23:33.411,"","CONTINENT_DERIVED_FROM_COORDINATES"
3404365511,"2473e9c3-624f-4cd6-bfc6-b476913790b5","Station_54_Date_14MAY2008:15:52:00.000_Fundulus_grandis","Animalia","Chordata",NA,"Cyprinodontiformes","Fundulidae","Fundulus","Fundulus grandis",NA,"SPECIES","Fundulus grandis Baird & Girard, 1853","Fundulus grandis","Baird & Girard, 1853","US","Mission-Aransas Estuary","Texas","PRESENT",NA,"c3ad790a-d426-4ac1-8e32-da61f81f0117",27.891389,-97.138611,100,NA,NA,NA,0.2,0.2,"2008-05-14T15:52",14,5,2008,5203686,5203686,"HUMAN_OBSERVATION","TPWD","Aransas Bay Bag Seine","",NA,"",NA,"CC0_1_0","","",NA,NA,2025-02-06 18:23:33.393,"","CONTINENT_DERIVED_FROM_COORDINATES"
3404365500,"2473e9c3-624f-4cd6-bfc6-b476913790b5","Station_50_Date_06DEC2005:10:56:00.000_Fundulus_grandis","Animalia","Chordata",NA,"Cyprinodontiformes","Fundulidae","Fundulus","Fundulus grandis",NA,"SPECIES","Fundulus grandis Baird & Girard, 1853","Fundulus grandis","Baird & Girard, 1853","US","Mission-Aransas Estuary","Texas","PRESENT",NA,"c3ad790a-d426-4ac1-8e32-da61f81f0117",28.178611,-96.958889,100,NA,NA,NA,0.2,0,"2005-12-06T10:56",6,12,2005,5203686,5203686,"HUMAN_OBSERVATION","TPWD","Aransas Bay Bag Seine","",NA,"",NA,"CC0_1_0","","",NA,NA,2025-02-06 18:23:33.39,"","CONTINENT_DERIVED_FROM_COORDINATES"
3404365393,"2473e9c3-624f-4cd6-bfc6-b476913790b5","Station_30_Date_22JAN2008:12:10:00.000_Fundulus_grandis","Animalia","Chordata",NA,"Cyprinodontiformes","Fundulidae","Fundulus","Fundulus grandis",NA,"SPECIES","Fundulus grandis Baird & Girard, 1853","Fundulus grandis","Baird & Girard, 1853","US","Mission-Aransas Estuary","Texas","PRESENT",NA,"c3ad790a-d426-4ac1-8e32-da61f81f0117",28.186944,-97.038056,100,NA,NA,NA,0.4,0,"2008-01-22T12:10",22,1,2008,5203686,5203686,"HUMAN_OBSERVATION","TPWD","Aransas Bay Bag Seine","",NA,"",NA,"CC0_1_0","","",NA,NA,2025-02-06 18:23:33.355,"","CONTINENT_DERIVED_FROM_COORDINATES"
3404365266,"2473e9c3-624f-4cd6-bfc6-b476913790b5","Station_332_Date_07FEB2006:14:13:00.000_Fundulus_grandis","Animalia","Chordata",NA,"Cyprinodontiformes","Fundulidae","Fundulus","Fundulus grandis",NA,"SPECIES","Fundulus grandis Baird & Girard, 1853","Fundulus grandis","Baird & Girard, 1853","US","Mission-Aransas Estuary","Texas","PRESENT",NA,"c3ad790a-d426-4ac1-8e32-da61f81f0117",27.886944,-97.050833,100,NA,NA,NA,0.05,0.05,"2006-02-07T14:13",7,2,2006,5203686,5203686,"HUMAN_OBSERVATION","TPWD","Aransas Bay Bag Seine","",NA,"",NA,"CC0_1_0","","",NA,NA,2025-02-06 18:23:32.828,"","CONTINENT_DERIVED_FROM_COORDINATES"
3404365209,"2473e9c3-624f-4cd6-bfc6-b476913790b5","Station_319_Date_13APR2005:11:37:00.000_Fundulus_grandis","Animalia","Chordata",NA,"Cyprinodontiformes","Fundulidae","Fundulus","Fundulus grandis",NA,"SPECIES","Fundulus grandis Baird & Girard, 1853","Fundulus grandis","Baird & Girard, 1853","US","Mission-Aransas Estuary","Texas","PRESENT",NA,"c3ad790a-d426-4ac1-8e32-da61f81f0117",27.909722,-97.122222,100,NA,NA,NA,0.1,0,"2005-04-13T11:37",13,4,2005,5203686,5203686,"HUMAN_OBSERVATION","TPWD","Aransas Bay Bag Seine","",NA,"",NA,"CC0_1_0","","",NA,NA,2025-02-06 18:23:32.814,"","CONTINENT_DERIVED_FROM_COORDINATES"
3404365200,"2473e9c3-624f-4cd6-bfc6-b476913790b5","Station_316_Date_17AUG2006:08:37:00.000_Fundulus_grandis","Animalia","Chordata",NA,"Cyprinodontiformes","Fundulidae","Fundulus","Fundulus grandis",NA,"SPECIES","Fundulus grandis Baird & Girard, 1853","Fundulus grandis","Baird & Girard, 1853","US","Mission-Aransas Estuary","Texas","PRESENT",NA,"c3ad790a-d426-4ac1-8e32-da61f81f0117",27.917778,-97.017778,100,NA,NA,NA,0.05,0.05,"2006-08-17T08:37",17,8,2006,5203686,5203686,"HUMAN_OBSERVATION","TPWD","Aransas Bay Bag Seine","",NA,"",NA,"CC0_1_0","","",NA,NA,2025-02-06 18:23:32.812,"","CONTINENT_DERIVED_FROM_COORDINATES"
3404365188,"2473e9c3-624f-4cd6-bfc6-b476913790b5","Station_313_Date_07FEB2006:13:00:00.000_Fundulus_grandis","Animalia","Chordata",NA,"Cyprinodontiformes","Fundulidae","Fundulus","Fundulus grandis",NA,"SPECIES","Fundulus grandis Baird & Girard, 1853","Fundulus grandis","Baird & Girard, 1853","US","Mission-Aransas Estuary","Texas","PRESENT",NA,"c3ad790a-d426-4ac1-8e32-da61f81f0117",27.9325,-97.075833,100,NA,NA,NA,0.1,0.1,"2006-02-07T13:00",7,2,2006,5203686,5203686,"HUMAN_OBSERVATION","TPWD","Aransas Bay Bag Seine","",NA,"",NA,"CC0_1_0","","",NA,NA,2025-02-06 18:23:32.81,"","CONTINENT_DERIVED_FROM_COORDINATES"
3404365163,"2473e9c3-624f-4cd6-bfc6-b476913790b5","Station_309_Date_05MAR2008:12:29:00.000_Fundulus_grandis","Animalia","Chordata",NA,"Cyprinodontiformes","Fundulidae","Fundulus","Fundulus grandis",NA,"SPECIES","Fundulus grandis Baird & Girard, 1853","Fundulus grandis","Baird & Girard, 1853","US","Mission-Aransas Estuary","Texas","PRESENT",NA,"c3ad790a-d426-4ac1-8e32-da61f81f0117",27.949444,-96.995556,100,NA,NA,NA,0.1,0.1,"2008-03-05T12:29",5,3,2008,5203686,5203686,"HUMAN_OBSERVATION","TPWD","Aransas Bay Bag Seine","",NA,"",NA,"CC0_1_0","","",NA,NA,2025-02-06 18:23:32.804,"","CONTINENT_DERIVED_FROM_COORDINATES"
3404365026,"2473e9c3-624f-4cd6-bfc6-b476913790b5","Station_255_Date_04JAN2008:10:12:00.000_Fundulus_grandis","Animalia","Chordata",NA,"Cyprinodontiformes","Fundulidae","Fundulus","Fundulus grandis",NA,"SPECIES","Fundulus grandis Baird & Girard, 1853","Fundulus grandis","Baird & Girard, 1853","US","Mission-Aransas Estuary","Texas","PRESENT",NA,"c3ad790a-d426-4ac1-8e32-da61f81f0117",28.026389,-96.960556,100,NA,NA,NA,0.1,0.1,"2008-01-04T10:12",4,1,2008,5203686,5203686,"HUMAN_OBSERVATION","TPWD","Aransas Bay Bag Seine","",NA,"",NA,"CC0_1_0","","",NA,NA,2025-02-06 18:23:32.773,"","CONTINENT_DERIVED_FROM_COORDINATES"
3404365024,"2473e9c3-624f-4cd6-bfc6-b476913790b5","Station_254_Date_01FEB2008:14:41:00.000_Fundulus_grandis","Animalia","Chordata",NA,"Cyprinodontiformes","Fundulidae","Fundulus","Fundulus grandis",NA,"SPECIES","Fundulus grandis Baird & Girard, 1853","Fundulus grandis","Baird & Girard, 1853","US","Mission-Aransas Estuary","Texas","PRESENT",NA,"c3ad790a-d426-4ac1-8e32-da61f81f0117",28.017222,-96.967778,100,NA,NA,NA,0.15,0.15,"2008-02-01T14:41",1,2,2008,5203686,5203686,"HUMAN_OBSERVATION","TPWD","Aransas Bay Bag Seine","",NA,"",NA,"CC0_1_0","","",NA,NA,2025-02-06 18:23:32.772,"","CONTINENT_DERIVED_FROM_COORDINATES"
3404364909,"2473e9c3-624f-4cd6-bfc6-b476913790b5","Station_215_Date_20FEB2008:13:39:00.000_Fundulus_grandis","Animalia","Chordata",NA,"Cyprinodontiformes","Fundulidae","Fundulus","Fundulus grandis",NA,"SPECIES","Fundulus grandis Baird & Girard, 1853","Fundulus grandis","Baird & Girard, 1853","US","Mission-Aransas Estuary","Texas","PRESENT",NA,"c3ad790a-d426-4ac1-8e32-da61f81f0117",28.057778,-97.129722,100,NA,NA,NA,0.15,0.05,"2008-02-20T13:39",20,2,2008,5203686,5203686,"HUMAN_OBSERVATION","TPWD","Aransas Bay Bag Seine","",NA,"",NA,"CC0_1_0","","",NA,NA,2025-02-06 18:23:32.733,"","CONTINENT_DERIVED_FROM_COORDINATES"
3404364897,"2473e9c3-624f-4cd6-bfc6-b476913790b5","Station_213_Date_28MAR2005:11:57:00.000_Fundulus_grandis","Animalia","Chordata",NA,"Cyprinodontiformes","Fundulidae","Fundulus","Fundulus grandis",NA,"SPECIES","Fundulus grandis Baird & Girard, 1853","Fundulus grandis","Baird & Girard, 1853","US","Mission-Aransas Estuary","Texas","PRESENT",NA,"c3ad790a-d426-4ac1-8e32-da61f81f0117",28.054167,-97.163889,100,NA,NA,NA,0.2,0.1,"2005-03-28T11:57",28,3,2005,5203686,5203686,"HUMAN_OBSERVATION","TPWD","Aransas Bay Bag Seine","",NA,"",NA,"CC0_1_0","","",NA,NA,2025-02-06 18:23:32.73,"","CONTINENT_DERIVED_FROM_COORDINATES"
3404364870,"2473e9c3-624f-4cd6-bfc6-b476913790b5","Station_208_Date_13APR2005:19:54:00.000_Fundulus_grandis","Animalia","Chordata",NA,"Cyprinodontiformes","Fundulidae","Fundulus","Fundulus grandis",NA,"SPECIES","Fundulus grandis Baird & Girard, 1853","Fundulus grandis","Baird & Girard, 1853","US","Mission-Aransas Estuary","Texas","PRESENT",NA,"c3ad790a-d426-4ac1-8e32-da61f81f0117",28.064444,-97.233889,100,NA,NA,NA,0.1,0.1,"2005-04-13T19:54",13,4,2005,5203686,5203686,"HUMAN_OBSERVATION","TPWD","Aransas Bay Bag Seine","",NA,"",NA,"CC0_1_0","","",NA,NA,2025-02-06 18:23:32.724,"","CONTINENT_DERIVED_FROM_COORDINATES"
3404364776,"2473e9c3-624f-4cd6-bfc6-b476913790b5","Station_136_Date_28MAR2005:12:03:00.000_Fundulus_grandis","Animalia","Chordata",NA,"Cyprinodontiformes","Fundulidae","Fundulus","Fundulus grandis",NA,"SPECIES","Fundulus grandis Baird & Girard, 1853","Fundulus grandis","Baird & Girard, 1853","US","Mission-Aransas Estuary","Texas","PRESENT",NA,"c3ad790a-d426-4ac1-8e32-da61f81f0117",28.11,-97.189722,100,NA,NA,NA,0.15,0.05,"2005-03-28T12:03",28,3,2005,5203686,5203686,"HUMAN_OBSERVATION","TPWD","Aransas Bay Bag Seine","",NA,"",NA,"CC0_1_0","","",NA,NA,2025-02-06 18:23:32.698,"","CONTINENT_DERIVED_FROM_COORDINATES"
3404364606,"2473e9c3-624f-4cd6-bfc6-b476913790b5","Station_78_Date_10NOV2008:16:02:00.000_Fundulus_grandis","Animalia","Chordata",NA,"Cyprinodontiformes","Fundulidae","Fundulus","Fundulus grandis",NA,"SPECIES","Fundulus grandis Baird & Girard, 1853","Fundulus grandis","Baird & Girard, 1853","US","Mission-Aransas Estuary","Texas","PRESENT",NA,"c3ad790a-d426-4ac1-8e32-da61f81f0117",27.864722,-97.136667,100,NA,NA,NA,0.35,0.15,"2008-11-10T16:02",10,11,2008,5203686,5203686,"HUMAN_OBSERVATION","TPWD","Aransas Bay Bag Seine","",NA,"",NA,"CC0_1_0","","",NA,NA,2025-02-06 18:23:32.659,"","CONTINENT_DERIVED_FROM_COORDINATES"
3404364590,"2473e9c3-624f-4cd6-bfc6-b476913790b5","Station_74_Date_26FEB2007:11:27:00.000_Fundulus_grandis","Animalia","Chordata",NA,"Cyprinodontiformes","Fundulidae","Fundulus","Fundulus grandis",NA,"SPECIES","Fundulus grandis Baird & Girard, 1853","Fundulus grandis","Baird & Girard, 1853","US","Mission-Aransas Estuary","Texas","PRESENT",NA,"c3ad790a-d426-4ac1-8e32-da61f81f0117",28.157778,-96.9475,100,NA,NA,NA,0.25,0.05,"2007-02-26T11:27",26,2,2007,5203686,5203686,"HUMAN_OBSERVATION","TPWD","Aransas Bay Bag Seine","",NA,"",NA,"CC0_1_0","","",NA,NA,2025-02-06 18:23:32.656,"","CONTINENT_DERIVED_FROM_COORDINATES"
3404364506,"2473e9c3-624f-4cd6-bfc6-b476913790b5","Station_55_Date_27FEB2006:09:47:00.000_Fundulus_grandis","Animalia","Chordata",NA,"Cyprinodontiformes","Fundulidae","Fundulus","Fundulus grandis",NA,"SPECIES","Fundulus grandis Baird & Girard, 1853","Fundulus grandis","Baird & Girard, 1853","US","Mission-Aransas Estuary","Texas","PRESENT",NA,"c3ad790a-d426-4ac1-8e32-da61f81f0117",27.897222,-97.127222,100,NA,NA,NA,0.25,0.25,"2006-02-27T09:47",27,2,2006,5203686,5203686,"HUMAN_OBSERVATION","TPWD","Aransas Bay Bag Seine","",NA,"",NA,"CC0_1_0","","",NA,NA,2025-02-06 18:23:32.614,"","CONTINENT_DERIVED_FROM_COORDINATES"
3404364159,"2473e9c3-624f-4cd6-bfc6-b476913790b5","Station_306_Date_01FEB2008:12:01:00.000_Fundulus_grandis","Animalia","Chordata",NA,"Cyprinodontiformes","Fundulidae","Fundulus","Fundulus grandis",NA,"SPECIES","Fundulus grandis Baird & Girard, 1853","Fundulus grandis","Baird & Girard, 1853","US","Mission-Aransas Estuary","Texas","PRESENT",NA,"c3ad790a-d426-4ac1-8e32-da61f81f0117",27.94,-97.036667,100,NA,NA,NA,0.15,0.15,"2008-02-01T12:01",1,2,2008,5203686,5203686,"HUMAN_OBSERVATION","TPWD","Aransas Bay Bag Seine","",NA,"",NA,"CC0_1_0","","",NA,NA,2025-02-06 18:23:32.732,"","CONTINENT_DERIVED_FROM_COORDINATES"
3404364054,"2473e9c3-624f-4cd6-bfc6-b476913790b5","Station_255_Date_28AUG2008:09:32:00.000_Fundulus_grandis","Animalia","Chordata",NA,"Cyprinodontiformes","Fundulidae","Fundulus","Fundulus grandis",NA,"SPECIES","Fundulus grandis Baird & Girard, 1853","Fundulus grandis","Baird & Girard, 1853","US","Mission-Aransas Estuary","Texas","PRESENT",NA,"c3ad790a-d426-4ac1-8e32-da61f81f0117",28.032222,-96.956111,100,NA,NA,NA,0.15,0.15,"2008-08-28T09:32",28,8,2008,5203686,5203686,"HUMAN_OBSERVATION","TPWD","Aransas Bay Bag Seine","",NA,"",NA,"CC0_1_0","","",NA,NA,2025-02-06 18:23:32.719,"","CONTINENT_DERIVED_FROM_COORDINATES"
3404363846,"2473e9c3-624f-4cd6-bfc6-b476913790b5","Station_153_Date_05DEC2007:13:42:00.000_Fundulus_grandis","Animalia","Chordata",NA,"Cyprinodontiformes","Fundulidae","Fundulus","Fundulus grandis",NA,"SPECIES","Fundulus grandis Baird & Girard, 1853","Fundulus grandis","Baird & Girard, 1853","US","Mission-Aransas Estuary","Texas","PRESENT",NA,"c3ad790a-d426-4ac1-8e32-da61f81f0117",28.100833,-96.904444,100,NA,NA,NA,0.25,0.15,"2007-12-05T13:42",5,12,2007,5203686,5203686,"HUMAN_OBSERVATION","TPWD","Aransas Bay Bag Seine","",NA,"",NA,"CC0_1_0","","",NA,NA,2025-02-06 18:23:32.688,"","CONTINENT_DERIVED_FROM_COORDINATES"
3404363735,"2473e9c3-624f-4cd6-bfc6-b476913790b5","Station_101_Date_22FEB2006:11:06:00.000_Fundulus_grandis","Animalia","Chordata",NA,"Cyprinodontiformes","Fundulidae","Fundulus","Fundulus grandis",NA,"SPECIES","Fundulus grandis Baird & Girard, 1853","Fundulus grandis","Baird & Girard, 1853","US","Mission-Aransas Estuary","Texas","PRESENT",NA,"c3ad790a-d426-4ac1-8e32-da61f81f0117",28.142222,-96.915833,100,NA,NA,NA,0.2,0,"2006-02-22T11:06",22,2,2006,5203686,5203686,"HUMAN_OBSERVATION","TPWD","Aransas Bay Bag Seine","",NA,"",NA,"CC0_1_0","","",NA,NA,2025-02-06 18:23:32.672,"","CONTINENT_DERIVED_FROM_COORDINATES"
3404363671,"2473e9c3-624f-4cd6-bfc6-b476913790b5","Station_85_Date_16DEC2008:13:17:00.000_Fundulus_grandis","Animalia","Chordata",NA,"Cyprinodontiformes","Fundulidae","Fundulus","Fundulus grandis",NA,"SPECIES","Fundulus grandis Baird & Girard, 1853","Fundulus grandis","Baird & Girard, 1853","US","Mission-Aransas Estuary","Texas","PRESENT",NA,"c3ad790a-d426-4ac1-8e32-da61f81f0117",28.133889,-97.166667,100,NA,NA,NA,0.1,0.1,"2008-12-16T13:17",16,12,2008,5203686,5203686,"HUMAN_OBSERVATION","TPWD","Aransas Bay Bag Seine","",NA,"",NA,"CC0_1_0","","",NA,NA,2025-02-06 18:23:32.664,"","CONTINENT_DERIVED_FROM_COORDINATES"
3404363639,"2473e9c3-624f-4cd6-bfc6-b476913790b5","Station_77_Date_07DEC2007:13:00:00.000_Fundulus_grandis","Animalia","Chordata",NA,"Cyprinodontiformes","Fundulidae","Fundulus","Fundulus grandis",NA,"SPECIES","Fundulus grandis Baird & Girard, 1853","Fundulus grandis","Baird & Girard, 1853","US","Mission-Aransas Estuary","Texas","PRESENT",NA,"c3ad790a-d426-4ac1-8e32-da61f81f0117",27.863056,-97.163056,100,NA,NA,NA,0.2,0.1,"2007-12-07T13:00",7,12,2007,5203686,5203686,"HUMAN_OBSERVATION","TPWD","Aransas Bay Bag Seine","",NA,"",NA,"CC0_1_0","","",NA,NA,2025-02-06 18:23:32.661,"","CONTINENT_DERIVED_FROM_COORDINATES"
3404363594,"2473e9c3-624f-4cd6-bfc6-b476913790b5","Station_65_Date_21JUN2005:07:52:00.000_Fundulus_grandis","Animalia","Chordata",NA,"Cyprinodontiformes","Fundulidae","Fundulus","Fundulus grandis",NA,"SPECIES","Fundulus grandis Baird & Girard, 1853","Fundulus grandis","Baird & Girard, 1853","US","Mission-Aransas Estuary","Texas","PRESENT",NA,"c3ad790a-d426-4ac1-8e32-da61f81f0117",27.8675,-97.132778,100,NA,NA,NA,0.2,0.1,"2005-06-21T07:52",21,6,2005,5203686,5203686,"HUMAN_OBSERVATION","TPWD","Aransas Bay Bag Seine","",NA,"",NA,"CC0_1_0","","",NA,NA,2025-02-06 18:23:32.655,"","CONTINENT_DERIVED_FROM_COORDINATES"
3404363587,"2473e9c3-624f-4cd6-bfc6-b476913790b5","Station_64_Date_13JUN2006:17:56:00.000_Fundulus_grandis","Animalia","Chordata",NA,"Cyprinodontiformes","Fundulidae","Fundulus","Fundulus grandis",NA,"SPECIES","Fundulus grandis Baird & Girard, 1853","Fundulus grandis","Baird & Girard, 1853","US","Mission-Aransas Estuary","Texas","PRESENT",NA,"c3ad790a-d426-4ac1-8e32-da61f81f0117",27.874722,-97.134722,100,NA,NA,NA,0.05,0.05,"2006-06-13T17:56",13,6,2006,5203686,5203686,"HUMAN_OBSERVATION","TPWD","Aransas Bay Bag Seine","",NA,"",NA,"CC0_1_0","","",NA,NA,2025-02-06 18:23:32.653,"","CONTINENT_DERIVED_FROM_COORDINATES"
3404363573,"2473e9c3-624f-4cd6-bfc6-b476913790b5","Station_61_Date_25APR2007:18:07:00.000_Fundulus_grandis","Animalia","Chordata",NA,"Cyprinodontiformes","Fundulidae","Fundulus","Fundulus grandis",NA,"SPECIES","Fundulus grandis Baird & Girard, 1853","Fundulus grandis","Baird & Girard, 1853","US","Mission-Aransas Estuary","Texas","PRESENT",NA,"c3ad790a-d426-4ac1-8e32-da61f81f0117",28.158889,-97.182778,100,NA,NA,NA,0.45,0.15,"2007-04-25T18:07",25,4,2007,5203686,5203686,"HUMAN_OBSERVATION","TPWD","Aransas Bay Bag Seine","",NA,"",NA,"CC0_1_0","","",NA,NA,2025-02-06 18:23:32.651,"","CONTINENT_DERIVED_FROM_COORDINATES"
3404363312,"2473e9c3-624f-4cd6-bfc6-b476913790b5","Station_24_Date_24JUL2006:12:42:00.000_Fundulus_grandis","Animalia","Chordata",NA,"Cyprinodontiformes","Fundulidae","Fundulus","Fundulus grandis",NA,"SPECIES","Fundulus grandis Baird & Girard, 1853","Fundulus grandis","Baird & Girard, 1853","US","Mission-Aransas Estuary","Texas","PRESENT",NA,"c3ad790a-d426-4ac1-8e32-da61f81f0117",28.211667,-96.933889,100,NA,NA,NA,0.25,0.05,"2006-07-24T12:42",24,7,2006,5203686,5203686,"HUMAN_OBSERVATION","TPWD","Aransas Bay Bag Seine","",NA,"",NA,"CC0_1_0","","",NA,NA,2025-02-06 18:23:32.592,"","CONTINENT_DERIVED_FROM_COORDINATES"
3404363252,"2473e9c3-624f-4cd6-bfc6-b476913790b5","Station_303_Date_19JAN2006:10:39:00.000_Fundulus_grandis","Animalia","Chordata",NA,"Cyprinodontiformes","Fundulidae","Fundulus","Fundulus grandis",NA,"SPECIES","Fundulus grandis Baird & Girard, 1853","Fundulus grandis","Baird & Girard, 1853","US","Mission-Aransas Estuary","Texas","PRESENT",NA,"c3ad790a-d426-4ac1-8e32-da61f81f0117",27.933889,-97.099722,100,NA,NA,NA,0.15,0.15,"2006-01-19T10:39",19,1,2006,5203686,5203686,"HUMAN_OBSERVATION","TPWD","Aransas Bay Bag Seine","",NA,"",NA,"CC0_1_0","","",NA,NA,2025-02-06 18:23:32.876,"","CONTINENT_DERIVED_FROM_COORDINATES"
3404363186,"2473e9c3-624f-4cd6-bfc6-b476913790b5","Station_279_Date_07FEB2006:11:00:00.000_Fundulus_grandis","Animalia","Chordata",NA,"Cyprinodontiformes","Fundulidae","Fundulus","Fundulus grandis",NA,"SPECIES","Fundulus grandis Baird & Girard, 1853","Fundulus grandis","Baird & Girard, 1853","US","Mission-Aransas Estuary","Texas","PRESENT",NA,"c3ad790a-d426-4ac1-8e32-da61f81f0117",27.984444,-96.984722,100,NA,NA,NA,0.1,0.1,"2006-02-07T11:00",7,2,2006,5203686,5203686,"HUMAN_OBSERVATION","TPWD","Aransas Bay Bag Seine","",NA,"",NA,"CC0_1_0","","",NA,NA,2025-02-06 18:23:32.869,"","CONTINENT_DERIVED_FROM_COORDINATES"
3404363098,"2473e9c3-624f-4cd6-bfc6-b476913790b5","Station_247_Date_07JUN2006:17:58:00.000_Fundulus_grandis","Animalia","Chordata",NA,"Cyprinodontiformes","Fundulidae","Fundulus","Fundulus grandis",NA,"SPECIES","Fundulus grandis Baird & Girard, 1853","Fundulus grandis","Baird & Girard, 1853","US","Mission-Aransas Estuary","Texas","PRESENT",NA,"c3ad790a-d426-4ac1-8e32-da61f81f0117",28.030556,-97.1475,100,NA,NA,NA,0.15,0.15,"2006-06-07T17:58",7,6,2006,5203686,5203686,"HUMAN_OBSERVATION","TPWD","Aransas Bay Bag Seine","",NA,"",NA,"CC0_1_0","","",NA,NA,2025-02-06 18:23:32.857,"","CONTINENT_DERIVED_FROM_COORDINATES"
3404363096,"2473e9c3-624f-4cd6-bfc6-b476913790b5","Station_247_Date_03NOV2005:08:33:00.000_Fundulus_grandis","Animalia","Chordata",NA,"Cyprinodontiformes","Fundulidae","Fundulus","Fundulus grandis",NA,"SPECIES","Fundulus grandis Baird & Girard, 1853","Fundulus grandis","Baird & Girard, 1853","US","Mission-Aransas Estuary","Texas","PRESENT",NA,"c3ad790a-d426-4ac1-8e32-da61f81f0117",28.025278,-97.142222,100,NA,NA,NA,0.3,0.3,"2005-11-03T08:33",3,11,2005,5203686,5203686,"HUMAN_OBSERVATION","TPWD","Aransas Bay Bag Seine","",NA,"",NA,"CC0_1_0","","",NA,NA,2025-02-06 18:23:32.857,"","CONTINENT_DERIVED_FROM_COORDINATES"
3404363012,"2473e9c3-624f-4cd6-bfc6-b476913790b5","Station_213_Date_18APR2005:18:33:00.000_Fundulus_grandis","Animalia","Chordata",NA,"Cyprinodontiformes","Fundulidae","Fundulus","Fundulus grandis",NA,"SPECIES","Fundulus grandis Baird & Girard, 1853","Fundulus grandis","Baird & Girard, 1853","US","Mission-Aransas Estuary","Texas","PRESENT",NA,"c3ad790a-d426-4ac1-8e32-da61f81f0117",28.052778,-97.163056,100,NA,NA,NA,0.5,0.2,"2005-04-18T18:33",18,4,2005,5203686,5203686,"HUMAN_OBSERVATION","TPWD","Aransas Bay Bag Seine","",NA,"",NA,"CC0_1_0","","",NA,NA,2025-02-06 18:23:32.847,"","CONTINENT_DERIVED_FROM_COORDINATES"
3404362946,"2473e9c3-624f-4cd6-bfc6-b476913790b5","Station_184_Date_18DEC2006:12:21:00.000_Fundulus_grandis","Animalia","Chordata",NA,"Cyprinodontiformes","Fundulidae","Fundulus","Fundulus grandis",NA,"SPECIES","Fundulus grandis Baird & Girard, 1853","Fundulus grandis","Baird & Girard, 1853","US","Mission-Aransas Estuary","Texas","PRESENT",NA,"c3ad790a-d426-4ac1-8e32-da61f81f0117",28.078611,-97.233889,100,NA,NA,NA,0.3,0.1,"2006-12-18T12:21",18,12,2006,5203686,5203686,"HUMAN_OBSERVATION","TPWD","Aransas Bay Bag Seine","",NA,"",NA,"CC0_1_0","","",NA,NA,2025-02-06 18:23:32.824,"","CONTINENT_DERIVED_FROM_COORDINATES"
3404362844,"2473e9c3-624f-4cd6-bfc6-b476913790b5","Station_125_Date_21JAN2005:12:46:00.000_Fundulus_grandis","Animalia","Chordata",NA,"Cyprinodontiformes","Fundulidae","Fundulus","Fundulus grandis",NA,"SPECIES","Fundulus grandis Baird & Girard, 1853","Fundulus grandis","Baird & Girard, 1853","US","Mission-Aransas Estuary","Texas","PRESENT",NA,"c3ad790a-d426-4ac1-8e32-da61f81f0117",28.122778,-96.940833,100,NA,NA,NA,0.15,0.05,"2005-01-21T12:46",21,1,2005,5203686,5203686,"HUMAN_OBSERVATION","TPWD","Aransas Bay Bag Seine","",NA,"",NA,"CC0_1_0","","",NA,NA,2025-02-06 18:23:32.812,"","CONTINENT_DERIVED_FROM_COORDINATES"
3404362840,"2473e9c3-624f-4cd6-bfc6-b476913790b5","Station_125_Date_05SEP2006:08:03:00.000_Fundulus_grandis","Animalia","Chordata",NA,"Cyprinodontiformes","Fundulidae","Fundulus","Fundulus grandis",NA,"SPECIES","Fundulus grandis Baird & Girard, 1853","Fundulus grandis","Baird & Girard, 1853","US","Mission-Aransas Estuary","Texas","PRESENT",NA,"c3ad790a-d426-4ac1-8e32-da61f81f0117",28.121944,-96.946667,100,NA,NA,NA,0.25,0.15,"2006-09-05T08:03",5,9,2006,5203686,5203686,"HUMAN_OBSERVATION","TPWD","Aransas Bay Bag Seine","",NA,"",NA,"CC0_1_0","","",NA,NA,2025-02-06 18:23:32.812,"","CONTINENT_DERIVED_FROM_COORDINATES"
3404362740,"2473e9c3-624f-4cd6-bfc6-b476913790b5","Station_92_Date_01MAR2006:11:32:00.000_Fundulus_grandis","Animalia","Chordata",NA,"Cyprinodontiformes","Fundulidae","Fundulus","Fundulus grandis",NA,"SPECIES","Fundulus grandis Baird & Girard, 1853","Fundulus grandis","Baird & Girard, 1853","US","Mission-Aransas Estuary","Texas","PRESENT",NA,"c3ad790a-d426-4ac1-8e32-da61f81f0117",27.843333,-97.1775,100,NA,NA,NA,0.2,0.2,"2006-03-01T11:32",1,3,2006,5203686,5203686,"HUMAN_OBSERVATION","TPWD","Aransas Bay Bag Seine","",NA,"",NA,"CC0_1_0","","",NA,NA,2025-02-06 18:23:32.799,"","CONTINENT_DERIVED_FROM_COORDINATES"
3404362587,"2473e9c3-624f-4cd6-bfc6-b476913790b5","Station_55_Date_28OCT2008:15:50:00.000_Fundulus_grandis","Animalia","Chordata",NA,"Cyprinodontiformes","Fundulidae","Fundulus","Fundulus grandis",NA,"SPECIES","Fundulus grandis Baird & Girard, 1853","Fundulus grandis","Baird & Girard, 1853","US","Mission-Aransas Estuary","Texas","PRESENT",NA,"c3ad790a-d426-4ac1-8e32-da61f81f0117",27.894167,-97.131944,100,NA,NA,NA,0.15,0.15,"2008-10-28T15:50",28,10,2008,5203686,5203686,"HUMAN_OBSERVATION","TPWD","Aransas Bay Bag Seine","",NA,"",NA,"CC0_1_0","","",NA,NA,2025-02-06 18:23:32.774,"","CONTINENT_DERIVED_FROM_COORDINATES"
3404362516,"2473e9c3-624f-4cd6-bfc6-b476913790b5","Station_33_Date_23AUG2006:09:17:00.000_Fundulus_grandis","Animalia","Chordata",NA,"Cyprinodontiformes","Fundulidae","Fundulus","Fundulus grandis",NA,"SPECIES","Fundulus grandis Baird & Girard, 1853","Fundulus grandis","Baird & Girard, 1853","US","Mission-Aransas Estuary","Texas","PRESENT",NA,"c3ad790a-d426-4ac1-8e32-da61f81f0117",28.183611,-96.950833,100,NA,NA,NA,0.45,0.05,"2006-08-23T09:17",23,8,2006,5203686,5203686,"HUMAN_OBSERVATION","TPWD","Aransas Bay Bag Seine","",NA,"",NA,"CC0_1_0","","",NA,NA,2025-02-06 18:23:32.76,"","CONTINENT_DERIVED_FROM_COORDINATES"
3404362156,"2473e9c3-624f-4cd6-bfc6-b476913790b5","Station_315_Date_12APR2006:15:47:00.000_Fundulus_grandis","Animalia","Chordata",NA,"Cyprinodontiformes","Fundulidae","Fundulus","Fundulus grandis",NA,"SPECIES","Fundulus grandis Baird & Girard, 1853","Fundulus grandis","Baird & Girard, 1853","US","Mission-Aransas Estuary","Texas","PRESENT",NA,"c3ad790a-d426-4ac1-8e32-da61f81f0117",27.931389,-97.045556,100,NA,NA,NA,0.15,0.15,"2006-04-12T15:47",12,4,2006,5203686,5203686,"HUMAN_OBSERVATION","TPWD","Aransas Bay Bag Seine","",NA,"",NA,"CC0_1_0","","",NA,NA,2025-02-06 18:23:32.749,"","CONTINENT_DERIVED_FROM_COORDINATES"
3404362061,"2473e9c3-624f-4cd6-bfc6-b476913790b5","Station_285_Date_06NOV2006:16:18:00.000_Fundulus_grandis","Animalia","Chordata",NA,"Cyprinodontiformes","Fundulidae","Fundulus","Fundulus grandis",NA,"SPECIES","Fundulus grandis Baird & Girard, 1853","Fundulus grandis","Baird & Girard, 1853","US","Mission-Aransas Estuary","Texas","PRESENT",NA,"c3ad790a-d426-4ac1-8e32-da61f81f0117",27.981667,-97.067778,100,NA,NA,NA,0.4,0.2,"2006-11-06T16:18",6,11,2006,5203686,5203686,"HUMAN_OBSERVATION","TPWD","Aransas Bay Bag Seine","",NA,"",NA,"CC0_1_0","","",NA,NA,2025-02-06 18:23:32.726,"","CONTINENT_DERIVED_FROM_COORDINATES"
3404361990,"2473e9c3-624f-4cd6-bfc6-b476913790b5","Station_254_Date_04JAN2008:11:46:00.000_Fundulus_grandis","Animalia","Chordata",NA,"Cyprinodontiformes","Fundulidae","Fundulus","Fundulus grandis",NA,"SPECIES","Fundulus grandis Baird & Girard, 1853","Fundulus grandis","Baird & Girard, 1853","US","Mission-Aransas Estuary","Texas","PRESENT",NA,"c3ad790a-d426-4ac1-8e32-da61f81f0117",28.016944,-96.968333,100,NA,NA,NA,0.1,0.1,"2008-01-04T11:46",4,1,2008,5203686,5203686,"HUMAN_OBSERVATION","TPWD","Aransas Bay Bag Seine","",NA,"",NA,"CC0_1_0","","",NA,NA,2025-02-06 18:23:32.717,"","CONTINENT_DERIVED_FROM_COORDINATES"
3404361948,"2473e9c3-624f-4cd6-bfc6-b476913790b5","Station_242_Date_25APR2006:14:30:00.000_Fundulus_grandis","Animalia","Chordata",NA,"Cyprinodontiformes","Fundulidae","Fundulus","Fundulus grandis",NA,"SPECIES","Fundulus grandis Baird & Girard, 1853","Fundulus grandis","Baird & Girard, 1853","US","Mission-Aransas Estuary","Texas","PRESENT",NA,"c3ad790a-d426-4ac1-8e32-da61f81f0117",28.043611,-96.946667,100,NA,NA,NA,0.1,0.1,"2006-04-25T14:30",25,4,2006,5203686,5203686,"HUMAN_OBSERVATION","TPWD","Aransas Bay Bag Seine","",NA,"",NA,"CC0_1_0","","",NA,NA,2025-02-06 18:23:32.712,"","CONTINENT_DERIVED_FROM_COORDINATES"
3404361870,"2473e9c3-624f-4cd6-bfc6-b476913790b5","Station_212_Date_24JUN2008:10:38:00.000_Fundulus_grandis","Animalia","Chordata",NA,"Cyprinodontiformes","Fundulidae","Fundulus","Fundulus grandis",NA,"SPECIES","Fundulus grandis Baird & Girard, 1853","Fundulus grandis","Baird & Girard, 1853","US","Mission-Aransas Estuary","Texas","PRESENT",NA,"c3ad790a-d426-4ac1-8e32-da61f81f0117",28.055278,-97.169167,100,NA,NA,NA,0.4,0,"2008-06-24T10:38",24,6,2008,5203686,5203686,"HUMAN_OBSERVATION","TPWD","Aransas Bay Bag Seine","",NA,"",NA,"CC0_1_0","","",NA,NA,2025-02-06 18:23:32.701,"","CONTINENT_DERIVED_FROM_COORDINATES"
3404361786,"2473e9c3-624f-4cd6-bfc6-b476913790b5","Station_177_Date_01AUG2007:14:58:00.000_Fundulus_grandis","Animalia","Chordata",NA,"Cyprinodontiformes","Fundulidae","Fundulus","Fundulus grandis",NA,"SPECIES","Fundulus grandis Baird & Girard, 1853","Fundulus grandis","Baird & Girard, 1853","US","Mission-Aransas Estuary","Texas","PRESENT",NA,"c3ad790a-d426-4ac1-8e32-da61f81f0117",28.089722,-96.923611,100,NA,NA,NA,0.2,0.2,"2007-08-01T14:58",1,8,2007,5203686,5203686,"HUMAN_OBSERVATION","TPWD","Aransas Bay Bag Seine","",NA,"",NA,"CC0_1_0","","",NA,NA,2025-02-06 18:23:32.692,"","CONTINENT_DERIVED_FROM_COORDINATES"
3404361709,"2473e9c3-624f-4cd6-bfc6-b476913790b5","Station_128_Date_21FEB2005:11:06:00.000_Fundulus_grandis","Animalia","Chordata",NA,"Cyprinodontiformes","Fundulidae","Fundulus","Fundulus grandis",NA,"SPECIES","Fundulus grandis Baird & Girard, 1853","Fundulus grandis","Baird & Girard, 1853","US","Mission-Aransas Estuary","Texas","PRESENT",NA,"c3ad790a-d426-4ac1-8e32-da61f81f0117",28.12,-96.884167,100,NA,NA,NA,0.5,0.1,"2005-02-21T11:06",21,2,2005,5203686,5203686,"HUMAN_OBSERVATION","TPWD","Aransas Bay Bag Seine","",NA,"",NA,"CC0_1_0","","",NA,NA,2025-02-06 18:23:32.683,"","CONTINENT_DERIVED_FROM_COORDINATES"
3404361594,"2473e9c3-624f-4cd6-bfc6-b476913790b5","Station_92_Date_02DEC2008:09:34:00.000_Fundulus_grandis","Animalia","Chordata",NA,"Cyprinodontiformes","Fundulidae","Fundulus","Fundulus grandis",NA,"SPECIES","Fundulus grandis Baird & Girard, 1853","Fundulus grandis","Baird & Girard, 1853","US","Mission-Aransas Estuary","Texas","PRESENT",NA,"c3ad790a-d426-4ac1-8e32-da61f81f0117",27.846944,-97.175,100,NA,NA,NA,0.35,0.25,"2008-12-02T09:34",2,12,2008,5203686,5203686,"HUMAN_OBSERVATION","TPWD","Aransas Bay Bag Seine","",NA,"",NA,"CC0_1_0","","",NA,NA,2025-02-06 18:23:32.666,"","CONTINENT_DERIVED_FROM_COORDINATES"
3404361573,"2473e9c3-624f-4cd6-bfc6-b476913790b5","Station_82_Date_28NOV2006:13:31:00.000_Fundulus_grandis","Animalia","Chordata",NA,"Cyprinodontiformes","Fundulidae","Fundulus","Fundulus grandis",NA,"SPECIES","Fundulus grandis Baird & Girard, 1853","Fundulus grandis","Baird & Girard, 1853","US","Mission-Aransas Estuary","Texas","PRESENT",NA,"c3ad790a-d426-4ac1-8e32-da61f81f0117",27.860278,-97.0825,100,NA,NA,NA,0.2,0.2,"2006-11-28T13:31",28,11,2006,5203686,5203686,"HUMAN_OBSERVATION","TPWD","Aransas Bay Bag Seine","",NA,"",NA,"CC0_1_0","","",NA,NA,2025-02-06 18:23:32.664,"","CONTINENT_DERIVED_FROM_COORDINATES"
3404361217,"2473e9c3-624f-4cd6-bfc6-b476913790b5","Station_317_Date_29NOV2005:13:26:00.000_Fundulus_grandis","Animalia","Chordata",NA,"Cyprinodontiformes","Fundulidae","Fundulus","Fundulus grandis",NA,"SPECIES","Fundulus grandis Baird & Girard, 1853","Fundulus grandis","Baird & Girard, 1853","US","Mission-Aransas Estuary","Texas","PRESENT",NA,"c3ad790a-d426-4ac1-8e32-da61f81f0117",27.9325,-97.0025,100,NA,NA,NA,0.3,0.1,"2005-11-29T13:26",29,11,2005,5203686,5203686,"HUMAN_OBSERVATION","TPWD","Aransas Bay Bag Seine","",NA,"",NA,"CC0_1_0","","",NA,NA,2025-02-06 18:23:33.056,"","CONTINENT_DERIVED_FROM_COORDINATES"
3404361209,"2473e9c3-624f-4cd6-bfc6-b476913790b5","Station_316_Date_07FEB2006:11:57:00.000_Fundulus_grandis","Animalia","Chordata",NA,"Cyprinodontiformes","Fundulidae","Fundulus","Fundulus grandis",NA,"SPECIES","Fundulus grandis Baird & Girard, 1853","Fundulus grandis","Baird & Girard, 1853","US","Mission-Aransas Estuary","Texas","PRESENT",NA,"c3ad790a-d426-4ac1-8e32-da61f81f0117",27.918889,-97.019722,100,NA,NA,NA,0.1,0.1,"2006-02-07T11:57",7,2,2006,5203686,5203686,"HUMAN_OBSERVATION","TPWD","Aransas Bay Bag Seine","",NA,"",NA,"CC0_1_0","","",NA,NA,2025-02-06 18:23:33.054,"","CONTINENT_DERIVED_FROM_COORDINATES"
3404361192,"2473e9c3-624f-4cd6-bfc6-b476913790b5","Station_310_Date_29NOV2005:11:10:00.000_Fundulus_grandis","Animalia","Chordata",NA,"Cyprinodontiformes","Fundulidae","Fundulus","Fundulus grandis",NA,"SPECIES","Fundulus grandis Baird & Girard, 1853","Fundulus grandis","Baird & Girard, 1853","US","Mission-Aransas Estuary","Texas","PRESENT",NA,"c3ad790a-d426-4ac1-8e32-da61f81f0117",27.925278,-97.119167,100,NA,NA,NA,0.3,0.1,"2005-11-29T11:10",29,11,2005,5203686,5203686,"HUMAN_OBSERVATION","TPWD","Aransas Bay Bag Seine","",NA,"",NA,"CC0_1_0","","",NA,NA,2025-02-06 18:23:33.051,"","CONTINENT_DERIVED_FROM_COORDINATES"
3404361158,"2473e9c3-624f-4cd6-bfc6-b476913790b5","Station_301_Date_21JUL2008:16:36:00.000_Fundulus_grandis","Animalia","Chordata",NA,"Cyprinodontiformes","Fundulidae","Fundulus","Fundulus grandis",NA,"SPECIES","Fundulus grandis Baird & Girard, 1853","Fundulus grandis","Baird & Girard, 1853","US","Mission-Aransas Estuary","Texas","PRESENT",NA,"c3ad790a-d426-4ac1-8e32-da61f81f0117",27.965833,-96.982222,100,NA,NA,NA,0.15,0.15,"2008-07-21T16:36",21,7,2008,5203686,5203686,"HUMAN_OBSERVATION","TPWD","Aransas Bay Bag Seine","",NA,"",NA,"CC0_1_0","","",NA,NA,2025-02-06 18:23:33.041,"","CONTINENT_DERIVED_FROM_COORDINATES"
3404361067,"2473e9c3-624f-4cd6-bfc6-b476913790b5","Station_254_Date_20DEC2007:09:43:00.000_Fundulus_grandis","Animalia","Chordata",NA,"Cyprinodontiformes","Fundulidae","Fundulus","Fundulus grandis",NA,"SPECIES","Fundulus grandis Baird & Girard, 1853","Fundulus grandis","Baird & Girard, 1853","US","Mission-Aransas Estuary","Texas","PRESENT",NA,"c3ad790a-d426-4ac1-8e32-da61f81f0117",28.016944,-96.967778,100,NA,NA,NA,0.15,0.15,"2007-12-20T09:43",20,12,2007,5203686,5203686,"HUMAN_OBSERVATION","TPWD","Aransas Bay Bag Seine","",NA,"",NA,"CC0_1_0","","",NA,NA,2025-02-06 18:23:33,"","CONTINENT_DERIVED_FROM_COORDINATES"
3404360870,"2473e9c3-624f-4cd6-bfc6-b476913790b5","Station_152_Date_21FEB2007:12:00:00.000_Fundulus_grandis","Animalia","Chordata",NA,"Cyprinodontiformes","Fundulidae","Fundulus","Fundulus grandis",NA,"SPECIES","Fundulus grandis Baird & Girard, 1853","Fundulus grandis","Baird & Girard, 1853","US","Mission-Aransas Estuary","Texas","PRESENT",NA,"c3ad790a-d426-4ac1-8e32-da61f81f0117",28.115556,-96.9225,100,NA,NA,NA,0.2,0,"2007-02-21T12:00",21,2,2007,5203686,5203686,"HUMAN_OBSERVATION","TPWD","Aransas Bay Bag Seine","",NA,"",NA,"CC0_1_0","","",NA,NA,2025-02-06 18:23:32.936,"","CONTINENT_DERIVED_FROM_COORDINATES"
3404360811,"2473e9c3-624f-4cd6-bfc6-b476913790b5","Station_123_Date_08JUL2008:15:38:00.000_Fundulus_grandis","Animalia","Chordata",NA,"Cyprinodontiformes","Fundulidae","Fundulus","Fundulus grandis",NA,"SPECIES","Fundulus grandis Baird & Girard, 1853","Fundulus grandis","Baird & Girard, 1853","US","Mission-Aransas Estuary","Texas","PRESENT",NA,"c3ad790a-d426-4ac1-8e32-da61f81f0117",28.129722,-96.979722,100,NA,NA,NA,0.35,0.05,"2008-07-08T15:38",8,7,2008,5203686,5203686,"HUMAN_OBSERVATION","TPWD","Aransas Bay Bag Seine","",NA,"",NA,"CC0_1_0","","",NA,NA,2025-02-06 18:23:32.901,"","CONTINENT_DERIVED_FROM_COORDINATES"
3404360805,"2473e9c3-624f-4cd6-bfc6-b476913790b5","Station_121_Date_11JUN2007:19:24:00.000_Fundulus_grandis","Animalia","Chordata",NA,"Cyprinodontiformes","Fundulidae","Fundulus","Fundulus grandis",NA,"SPECIES","Fundulus grandis Baird & Girard, 1853","Fundulus grandis","Baird & Girard, 1853","US","Mission-Aransas Estuary","Texas","PRESENT",NA,"c3ad790a-d426-4ac1-8e32-da61f81f0117",28.131944,-97.000833,100,NA,NA,NA,0.1,0.1,"2007-06-11T19:24",11,6,2007,5203686,5203686,"HUMAN_OBSERVATION","TPWD","Aransas Bay Bag Seine","",NA,"",NA,"CC0_1_0","","",NA,NA,2025-02-06 18:23:32.9,"","CONTINENT_DERIVED_FROM_COORDINATES"
3404360752,"2473e9c3-624f-4cd6-bfc6-b476913790b5","Station_98_Date_22JUN2005:12:54:00.000_Fundulus_grandis","Animalia","Chordata",NA,"Cyprinodontiformes","Fundulidae","Fundulus","Fundulus grandis",NA,"SPECIES","Fundulus grandis Baird & Girard, 1853","Fundulus grandis","Baird & Girard, 1853","US","Mission-Aransas Estuary","Texas","PRESENT",NA,"c3ad790a-d426-4ac1-8e32-da61f81f0117",28.134167,-96.960556,100,NA,NA,NA,0.3,0.1,"2005-06-22T12:54",22,6,2005,5203686,5203686,"HUMAN_OBSERVATION","TPWD","Aransas Bay Bag Seine","",NA,"",NA,"CC0_1_0","","",NA,NA,2025-02-06 18:23:32.887,"","CONTINENT_DERIVED_FROM_COORDINATES"
3404360751,"2473e9c3-624f-4cd6-bfc6-b476913790b5","Station_98_Date_22FEB2006:12:39:00.000_Fundulus_grandis","Animalia","Chordata",NA,"Cyprinodontiformes","Fundulidae","Fundulus","Fundulus grandis",NA,"SPECIES","Fundulus grandis Baird & Girard, 1853","Fundulus grandis","Baird & Girard, 1853","US","Mission-Aransas Estuary","Texas","PRESENT",NA,"c3ad790a-d426-4ac1-8e32-da61f81f0117",28.136944,-96.953333,100,NA,NA,NA,0.25,0.05,"2006-02-22T12:39",22,2,2006,5203686,5203686,"HUMAN_OBSERVATION","TPWD","Aransas Bay Bag Seine","",NA,"",NA,"CC0_1_0","","",NA,NA,2025-02-06 18:23:32.887,"","CONTINENT_DERIVED_FROM_COORDINATES"
3404360682,"2473e9c3-624f-4cd6-bfc6-b476913790b5","Station_78_Date_30AUG2006:11:00:00.000_Fundulus_grandis","Animalia","Chordata",NA,"Cyprinodontiformes","Fundulidae","Fundulus","Fundulus grandis",NA,"SPECIES","Fundulus grandis Baird & Girard, 1853","Fundulus grandis","Baird & Girard, 1853","US","Mission-Aransas Estuary","Texas","PRESENT",NA,"c3ad790a-d426-4ac1-8e32-da61f81f0117",27.865,-97.135833,100,NA,NA,NA,0.05,0.05,"2006-08-30T11:00",30,8,2006,5203686,5203686,"HUMAN_OBSERVATION","TPWD","Aransas Bay Bag Seine","",NA,"",NA,"CC0_1_0","","",NA,NA,2025-02-06 18:23:32.868,"","CONTINENT_DERIVED_FROM_COORDINATES"
3404360672,"2473e9c3-624f-4cd6-bfc6-b476913790b5","Station_78_Date_14JUL2006:11:33:00.000_Fundulus_grandis","Animalia","Chordata",NA,"Cyprinodontiformes","Fundulidae","Fundulus","Fundulus grandis",NA,"SPECIES","Fundulus grandis Baird & Girard, 1853","Fundulus grandis","Baird & Girard, 1853","US","Mission-Aransas Estuary","Texas","PRESENT",NA,"c3ad790a-d426-4ac1-8e32-da61f81f0117",27.864722,-97.136111,100,NA,NA,NA,0.1,0.1,"2006-07-14T11:33",14,7,2006,5203686,5203686,"HUMAN_OBSERVATION","TPWD","Aransas Bay Bag Seine","",NA,"",NA,"CC0_1_0","","",NA,NA,2025-02-06 18:23:32.866,"","CONTINENT_DERIVED_FROM_COORDINATES"
3404360590,"2473e9c3-624f-4cd6-bfc6-b476913790b5","Station_63_Date_18FEB2005:13:27:00.000_Fundulus_grandis","Animalia","Chordata",NA,"Cyprinodontiformes","Fundulidae","Fundulus","Fundulus grandis",NA,"SPECIES","Fundulus grandis Baird & Girard, 1853","Fundulus grandis","Baird & Girard, 1853","US","Mission-Aransas Estuary","Texas","PRESENT",NA,"c3ad790a-d426-4ac1-8e32-da61f81f0117",27.869444,-97.160556,100,NA,NA,NA,0.3,0.3,"2005-02-18T13:27",18,2,2005,5203686,5203686,"HUMAN_OBSERVATION","TPWD","Aransas Bay Bag Seine","",NA,"",NA,"CC0_1_0","","",NA,NA,2025-02-06 18:23:32.846,"","CONTINENT_DERIVED_FROM_COORDINATES"
3404360266,"2473e9c3-624f-4cd6-bfc6-b476913790b5","Station_306_Date_28AUG2008:08:02:00.000_Fundulus_grandis","Animalia","Chordata",NA,"Cyprinodontiformes","Fundulidae","Fundulus","Fundulus grandis",NA,"SPECIES","Fundulus grandis Baird & Girard, 1853","Fundulus grandis","Baird & Girard, 1853","US","Mission-Aransas Estuary","Texas","PRESENT",NA,"c3ad790a-d426-4ac1-8e32-da61f81f0117",27.942222,-97.034444,100,NA,NA,NA,0.15,0.15,"2008-08-28T08:02",28,8,2008,5203686,5203686,"HUMAN_OBSERVATION","TPWD","Aransas Bay Bag Seine","",NA,"",NA,"CC0_1_0","","",NA,NA,2025-02-06 18:23:32.802,"","CONTINENT_DERIVED_FROM_COORDINATES"
3404360251,"2473e9c3-624f-4cd6-bfc6-b476913790b5","Station_302_Date_11AUG2008:11:15:00.000_Fundulus_grandis","Animalia","Chordata",NA,"Cyprinodontiformes","Fundulidae","Fundulus","Fundulus grandis",NA,"SPECIES","Fundulus grandis Baird & Girard, 1853","Fundulus grandis","Baird & Girard, 1853","US","Mission-Aransas Estuary","Texas","PRESENT",NA,"c3ad790a-d426-4ac1-8e32-da61f81f0117",27.939444,-97.108889,100,NA,NA,NA,0.25,0.05,"2008-08-11T11:15",11,8,2008,5203686,5203686,"HUMAN_OBSERVATION","TPWD","Aransas Bay Bag Seine","",NA,"",NA,"CC0_1_0","","",NA,NA,2025-02-06 18:23:32.798,"","CONTINENT_DERIVED_FROM_COORDINATES"
3404360228,"2473e9c3-624f-4cd6-bfc6-b476913790b5","Station_290_Date_13SEP2006:16:53:00.000_Fundulus_grandis","Animalia","Chordata",NA,"Cyprinodontiformes","Fundulidae","Fundulus","Fundulus grandis",NA,"SPECIES","Fundulus grandis Baird & Girard, 1853","Fundulus grandis","Baird & Girard, 1853","US","Mission-Aransas Estuary","Texas","PRESENT",NA,"c3ad790a-d426-4ac1-8e32-da61f81f0117",27.980833,-96.984722,100,NA,NA,NA,0.2,0.1,"2006-09-13T16:53",13,9,2006,5203686,5203686,"HUMAN_OBSERVATION","TPWD","Aransas Bay Bag Seine","",NA,"",NA,"CC0_1_0","","",NA,NA,2025-02-06 18:23:32.791,"","CONTINENT_DERIVED_FROM_COORDINATES"
3404360208,"2473e9c3-624f-4cd6-bfc6-b476913790b5","Station_275_Date_15MAR2007:11:30:00.000_Fundulus_grandis","Animalia","Chordata",NA,"Cyprinodontiformes","Fundulidae","Fundulus","Fundulus grandis",NA,"SPECIES","Fundulus grandis Baird & Girard, 1853","Fundulus grandis","Baird & Girard, 1853","US","Mission-Aransas Estuary","Texas","PRESENT",NA,"c3ad790a-d426-4ac1-8e32-da61f81f0117",27.995556,-97.062778,100,NA,NA,NA,0.15,0.15,"2007-03-15T11:30",15,3,2007,5203686,5203686,"HUMAN_OBSERVATION","TPWD","Aransas Bay Bag Seine","",NA,"",NA,"CC0_1_0","","",NA,NA,2025-02-06 18:23:32.785,"","CONTINENT_DERIVED_FROM_COORDINATES"
3404360119,"2473e9c3-624f-4cd6-bfc6-b476913790b5","Station_246_Date_18DEC2006:15:16:00.000_Fundulus_grandis","Animalia","Chordata",NA,"Cyprinodontiformes","Fundulidae","Fundulus","Fundulus grandis",NA,"SPECIES","Fundulus grandis Baird & Girard, 1853","Fundulus grandis","Baird & Girard, 1853","US","Mission-Aransas Estuary","Texas","PRESENT",NA,"c3ad790a-d426-4ac1-8e32-da61f81f0117",28.026389,-97.154167,100,NA,NA,NA,0.1,0.1,"2006-12-18T15:16",18,12,2006,5203686,5203686,"HUMAN_OBSERVATION","TPWD","Aransas Bay Bag Seine","",NA,"",NA,"CC0_1_0","","",NA,NA,2025-02-06 18:23:32.765,"","CONTINENT_DERIVED_FROM_COORDINATES"
3404360110,"2473e9c3-624f-4cd6-bfc6-b476913790b5","Station_242_Date_06JUN2007:15:53:00.000_Fundulus_grandis","Animalia","Chordata",NA,"Cyprinodontiformes","Fundulidae","Fundulus","Fundulus grandis",NA,"SPECIES","Fundulus grandis Baird & Girard, 1853","Fundulus grandis","Baird & Girard, 1853","US","Mission-Aransas Estuary","Texas","PRESENT",NA,"c3ad790a-d426-4ac1-8e32-da61f81f0117",28.045833,-96.945278,100,NA,NA,NA,0.5,0.1,"2007-06-06T15:53",6,6,2007,5203686,5203686,"HUMAN_OBSERVATION","TPWD","Aransas Bay Bag Seine","",NA,"",NA,"CC0_1_0","","",NA,NA,2025-02-06 18:23:32.764,"","CONTINENT_DERIVED_FROM_COORDINATES"
3404360016,"2473e9c3-624f-4cd6-bfc6-b476913790b5","Station_212_Date_20MAR2008:12:20:00.000_Fundulus_grandis","Animalia","Chordata",NA,"Cyprinodontiformes","Fundulidae","Fundulus","Fundulus grandis",NA,"SPECIES","Fundulus grandis Baird & Girard, 1853","Fundulus grandis","Baird & Girard, 1853","US","Mission-Aransas Estuary","Texas","PRESENT",NA,"c3ad790a-d426-4ac1-8e32-da61f81f0117",28.056389,-97.170278,100,NA,NA,NA,0.1,0.1,"2008-03-20T12:20",20,3,2008,5203686,5203686,"HUMAN_OBSERVATION","TPWD","Aransas Bay Bag Seine","",NA,"",NA,"CC0_1_0","","",NA,NA,2025-02-06 18:23:32.728,"","CONTINENT_DERIVED_FROM_COORDINATES"
3404359945,"2473e9c3-624f-4cd6-bfc6-b476913790b5","Station_169_Date_30JAN2006:12:14:00.000_Fundulus_grandis","Animalia","Chordata",NA,"Cyprinodontiformes","Fundulidae","Fundulus","Fundulus grandis",NA,"SPECIES","Fundulus grandis Baird & Girard, 1853","Fundulus grandis","Baird & Girard, 1853","US","Mission-Aransas Estuary","Texas","PRESENT",NA,"c3ad790a-d426-4ac1-8e32-da61f81f0117",28.096667,-97.051944,100,NA,NA,NA,0.1,0.1,"2006-01-30T12:14",30,1,2006,5203686,5203686,"HUMAN_OBSERVATION","TPWD","Aransas Bay Bag Seine","",NA,"",NA,"CC0_1_0","","",NA,NA,2025-02-06 18:23:32.711,"","CONTINENT_DERIVED_FROM_COORDINATES"
3404359834,"2473e9c3-624f-4cd6-bfc6-b476913790b5","Station_121_Date_28JUN2005:08:11:00.000_Fundulus_grandis","Animalia","Chordata",NA,"Cyprinodontiformes","Fundulidae","Fundulus","Fundulus grandis",NA,"SPECIES","Fundulus grandis Baird & Girard, 1853","Fundulus grandis","Baird & Girard, 1853","US","Mission-Aransas Estuary","Texas","PRESENT",NA,"c3ad790a-d426-4ac1-8e32-da61f81f0117",28.131944,-97.000556,100,NA,NA,NA,0.2,0.1,"2005-06-28T08:11",28,6,2005,5203686,5203686,"HUMAN_OBSERVATION","TPWD","Aransas Bay Bag Seine","",NA,"",NA,"CC0_1_0","","",NA,NA,2025-02-06 18:23:32.69,"","CONTINENT_DERIVED_FROM_COORDINATES"
3404359693,"2473e9c3-624f-4cd6-bfc6-b476913790b5","Station_74_Date_22FEB2006:14:59:00.000_Fundulus_grandis","Animalia","Chordata",NA,"Cyprinodontiformes","Fundulidae","Fundulus","Fundulus grandis",NA,"SPECIES","Fundulus grandis Baird & Girard, 1853","Fundulus grandis","Baird & Girard, 1853","US","Mission-Aransas Estuary","Texas","PRESENT",NA,"c3ad790a-d426-4ac1-8e32-da61f81f0117",28.155,-96.947778,100,NA,NA,NA,0.2,0,"2006-02-22T14:59",22,2,2006,5203686,5203686,"HUMAN_OBSERVATION","TPWD","Aransas Bay Bag Seine","",NA,"",NA,"CC0_1_0","","",NA,NA,2025-02-06 18:23:32.655,"","CONTINENT_DERIVED_FROM_COORDINATES"
3404359684,"2473e9c3-624f-4cd6-bfc6-b476913790b5","Station_72_Date_05DEC2007:16:41:00.000_Fundulus_grandis","Animalia","Chordata",NA,"Cyprinodontiformes","Fundulidae","Fundulus","Fundulus grandis",NA,"SPECIES","Fundulus grandis Baird & Girard, 1853","Fundulus grandis","Baird & Girard, 1853","US","Mission-Aransas Estuary","Texas","PRESENT",NA,"c3ad790a-d426-4ac1-8e32-da61f81f0117",28.158056,-96.970556,100,NA,NA,NA,0.25,0.15,"2007-12-05T16:41",5,12,2007,5203686,5203686,"HUMAN_OBSERVATION","TPWD","Aransas Bay Bag Seine","",NA,"",NA,"CC0_1_0","","",NA,NA,2025-02-06 18:23:32.653,"","CONTINENT_DERIVED_FROM_COORDINATES"
3404359663,"2473e9c3-624f-4cd6-bfc6-b476913790b5","Station_66_Date_25FEB2005:09:56:00.000_Fundulus_grandis","Animalia","Chordata",NA,"Cyprinodontiformes","Fundulidae","Fundulus","Fundulus grandis",NA,"SPECIES","Fundulus grandis Baird & Girard, 1853","Fundulus grandis","Baird & Girard, 1853","US","Mission-Aransas Estuary","Texas","PRESENT",NA,"c3ad790a-d426-4ac1-8e32-da61f81f0117",27.880556,-97.101111,100,NA,NA,NA,0.15,0.15,"2005-02-25T09:56",25,2,2005,5203686,5203686,"HUMAN_OBSERVATION","TPWD","Aransas Bay Bag Seine","",NA,"",NA,"CC0_1_0","","",NA,NA,2025-02-06 18:23:32.628,"","CONTINENT_DERIVED_FROM_COORDINATES"
3404359559,"2473e9c3-624f-4cd6-bfc6-b476913790b5","Station_43_Date_21JUL2008:10:01:00.000_Fundulus_grandis","Animalia","Chordata",NA,"Cyprinodontiformes","Fundulidae","Fundulus","Fundulus grandis",NA,"SPECIES","Fundulus grandis Baird & Girard, 1853","Fundulus grandis","Baird & Girard, 1853","US","Mission-Aransas Estuary","Texas","PRESENT",NA,"c3ad790a-d426-4ac1-8e32-da61f81f0117",28.168333,-97.0875,100,NA,NA,NA,0.15,0.05,"2008-07-21T10:01",21,7,2008,5203686,5203686,"HUMAN_OBSERVATION","TPWD","Aransas Bay Bag Seine","",NA,"",NA,"CC0_1_0","","",NA,NA,2025-02-06 18:23:32.604,"","CONTINENT_DERIVED_FROM_COORDINATES"
3404359120,"2473e9c3-624f-4cd6-bfc6-b476913790b5","Station_304_Date_02JUL2007:17:38:00.000_Fundulus_grandis","Animalia","Chordata",NA,"Cyprinodontiformes","Fundulidae","Fundulus","Fundulus grandis",NA,"SPECIES","Fundulus grandis Baird & Girard, 1853","Fundulus grandis","Baird & Girard, 1853","US","Mission-Aransas Estuary","Texas","PRESENT",NA,"c3ad790a-d426-4ac1-8e32-da61f81f0117",27.942222,-97.074444,100,NA,NA,NA,0.2,0.2,"2007-07-02T17:38",2,7,2007,5203686,5203686,"HUMAN_OBSERVATION","TPWD","Aransas Bay Bag Seine","",NA,"",NA,"CC0_1_0","","",NA,NA,2025-02-06 18:23:33.587,"","CONTINENT_DERIVED_FROM_COORDINATES"
3404359071,"2473e9c3-624f-4cd6-bfc6-b476913790b5","Station_284_Date_18APR2007:14:22:00.000_Fundulus_grandis","Animalia","Chordata",NA,"Cyprinodontiformes","Fundulidae","Fundulus","Fundulus grandis",NA,"SPECIES","Fundulus grandis Baird & Girard, 1853","Fundulus grandis","Baird & Girard, 1853","US","Mission-Aransas Estuary","Texas","PRESENT",NA,"c3ad790a-d426-4ac1-8e32-da61f81f0117",27.969444,-97.086389,100,NA,NA,NA,0.25,0.05,"2007-04-18T14:22",18,4,2007,5203686,5203686,"HUMAN_OBSERVATION","TPWD","Aransas Bay Bag Seine","",NA,"",NA,"CC0_1_0","","",NA,NA,2025-02-06 18:23:33.576,"","CONTINENT_DERIVED_FROM_COORDINATES"
3404359030,"2473e9c3-624f-4cd6-bfc6-b476913790b5","Station_262_Date_23DEC2008:10:31:00.000_Fundulus_grandis","Animalia","Chordata",NA,"Cyprinodontiformes","Fundulidae","Fundulus","Fundulus grandis",NA,"SPECIES","Fundulus grandis Baird & Girard, 1853","Fundulus grandis","Baird & Girard, 1853","US","Mission-Aransas Estuary","Texas","PRESENT",NA,"c3ad790a-d426-4ac1-8e32-da61f81f0117",28.001944,-97.059167,100,NA,NA,NA,0.15,0.15,"2008-12-23T10:31",23,12,2008,5203686,5203686,"HUMAN_OBSERVATION","TPWD","Aransas Bay Bag Seine","",NA,"",NA,"CC0_1_0","","",NA,NA,2025-02-06 18:23:33.564,"","CONTINENT_DERIVED_FROM_COORDINATES"
3404358947,"2473e9c3-624f-4cd6-bfc6-b476913790b5","Station_233_Date_18DEC2006:14:42:00.000_Fundulus_grandis","Animalia","Chordata",NA,"Cyprinodontiformes","Fundulidae","Fundulus","Fundulus grandis",NA,"SPECIES","Fundulus grandis Baird & Girard, 1853","Fundulus grandis","Baird & Girard, 1853","US","Mission-Aransas Estuary","Texas","PRESENT",NA,"c3ad790a-d426-4ac1-8e32-da61f81f0117",28.033611,-97.149444,100,NA,NA,NA,0.3,0.1,"2006-12-18T14:42",18,12,2006,5203686,5203686,"HUMAN_OBSERVATION","TPWD","Aransas Bay Bag Seine","",NA,"",NA,"CC0_1_0","","",NA,NA,2025-02-06 18:23:33.539,"","CONTINENT_DERIVED_FROM_COORDINATES"
3404358608,"2473e9c3-624f-4cd6-bfc6-b476913790b5","Station_76_Date_30AUG2006:13:28:00.000_Fundulus_grandis","Animalia","Chordata",NA,"Cyprinodontiformes","Fundulidae","Fundulus","Fundulus grandis",NA,"SPECIES","Fundulus grandis Baird & Girard, 1853","Fundulus grandis","Baird & Girard, 1853","US","Mission-Aransas Estuary","Texas","PRESENT",NA,"c3ad790a-d426-4ac1-8e32-da61f81f0117",27.851111,-97.171111,100,NA,NA,NA,0.3,0.3,"2006-08-30T13:28",30,8,2006,5203686,5203686,"HUMAN_OBSERVATION","TPWD","Aransas Bay Bag Seine","",NA,"",NA,"CC0_1_0","","",NA,NA,2025-02-06 18:23:33.431,"","CONTINENT_DERIVED_FROM_COORDINATES"
3404358518,"2473e9c3-624f-4cd6-bfc6-b476913790b5","Station_56_Date_29APR2005:10:26:00.000_Fundulus_grandis","Animalia","Chordata",NA,"Cyprinodontiformes","Fundulidae","Fundulus","Fundulus grandis",NA,"SPECIES","Fundulus grandis Baird & Girard, 1853","Fundulus grandis","Baird & Girard, 1853","US","Mission-Aransas Estuary","Texas","PRESENT",NA,"c3ad790a-d426-4ac1-8e32-da61f81f0117",27.886389,-97.106944,100,NA,NA,NA,0.2,0.1,"2005-04-29T10:26",29,4,2005,5203686,5203686,"HUMAN_OBSERVATION","TPWD","Aransas Bay Bag Seine","",NA,"",NA,"CC0_1_0","","",NA,NA,2025-02-06 18:23:33.407,"","CONTINENT_DERIVED_FROM_COORDINATES"
3404358490,"2473e9c3-624f-4cd6-bfc6-b476913790b5","Station_50_Date_20JUL2007:10:30:00.000_Fundulus_grandis","Animalia","Chordata",NA,"Cyprinodontiformes","Fundulidae","Fundulus","Fundulus grandis",NA,"SPECIES","Fundulus grandis Baird & Girard, 1853","Fundulus grandis","Baird & Girard, 1853","US","Mission-Aransas Estuary","Texas","PRESENT",NA,"c3ad790a-d426-4ac1-8e32-da61f81f0117",28.180278,-96.958889,100,NA,NA,NA,0.4,0.1,"2007-07-20T10:30",20,7,2007,5203686,5203686,"HUMAN_OBSERVATION","TPWD","Aransas Bay Bag Seine","",NA,"",NA,"CC0_1_0","","",NA,NA,2025-02-06 18:23:33.391,"","CONTINENT_DERIVED_FROM_COORDINATES"
3404358414,"2473e9c3-624f-4cd6-bfc6-b476913790b5","Station_32_Date_14NOV2005:15:34:00.000_Fundulus_grandis","Animalia","Chordata",NA,"Cyprinodontiformes","Fundulidae","Fundulus","Fundulus grandis",NA,"SPECIES","Fundulus grandis Baird & Girard, 1853","Fundulus grandis","Baird & Girard, 1853","US","Mission-Aransas Estuary","Texas","PRESENT",NA,"c3ad790a-d426-4ac1-8e32-da61f81f0117",28.198056,-97.009722,100,NA,NA,NA,0.2,0.1,"2005-11-14T15:34",14,11,2005,5203686,5203686,"HUMAN_OBSERVATION","TPWD","Aransas Bay Bag Seine","",NA,"",NA,"CC0_1_0","","",NA,NA,2025-02-06 18:23:33.369,"","CONTINENT_DERIVED_FROM_COORDINATES"
3404358159,"2473e9c3-624f-4cd6-bfc6-b476913790b5","Station_22_Date_18DEC2006:10:19:00.000_Fundulus_grandis","Animalia","Chordata",NA,"Cyprinodontiformes","Fundulidae","Fundulus","Fundulus grandis",NA,"SPECIES","Fundulus grandis Baird & Girard, 1853","Fundulus grandis","Baird & Girard, 1853","US","Mission-Aransas Estuary","Texas","PRESENT",NA,"c3ad790a-d426-4ac1-8e32-da61f81f0117",28.215833,-96.981944,100,NA,NA,NA,0.3,0.1,"2006-12-18T10:19",18,12,2006,5203686,5203686,"HUMAN_OBSERVATION","TPWD","Aransas Bay Bag Seine","",NA,"",NA,"CC0_1_0","","",NA,NA,2025-02-06 18:23:32.736,"","CONTINENT_DERIVED_FROM_COORDINATES"
3404357957,"2473e9c3-624f-4cd6-bfc6-b476913790b5","Station_9_Date_22JUN2005:11:20:00.000_Fundulus_grandis","Animalia","Chordata",NA,"Cyprinodontiformes","Fundulidae","Fundulus","Fundulus grandis",NA,"SPECIES","Fundulus grandis Baird & Girard, 1853","Fundulus grandis","Baird & Girard, 1853","US","Mission-Aransas Estuary","Texas","PRESENT",NA,"c3ad790a-d426-4ac1-8e32-da61f81f0117",28.246111,-96.945833,100,NA,NA,NA,NA,NA,"2005-06-22T11:20",22,6,2005,5203686,5203686,"HUMAN_OBSERVATION","TPWD","Aransas Bay Bag Seine","",NA,"",NA,"CC0_1_0","","",NA,NA,2025-02-06 18:23:32.687,"","CONTINENT_DERIVED_FROM_COORDINATES"
3404357954,"2473e9c3-624f-4cd6-bfc6-b476913790b5","Station_9_Date_18JAN2006:11:26:00.000_Fundulus_grandis","Animalia","Chordata",NA,"Cyprinodontiformes","Fundulidae","Fundulus","Fundulus grandis",NA,"SPECIES","Fundulus grandis Baird & Girard, 1853","Fundulus grandis","Baird & Girard, 1853","US","Mission-Aransas Estuary","Texas","PRESENT",NA,"c3ad790a-d426-4ac1-8e32-da61f81f0117",28.245556,-96.948889,100,NA,NA,NA,0.25,0.15,"2006-01-18T11:26",18,1,2006,5203686,5203686,"HUMAN_OBSERVATION","TPWD","Aransas Bay Bag Seine","",NA,"",NA,"CC0_1_0","","",NA,NA,2025-02-06 18:23:32.685,"","CONTINENT_DERIVED_FROM_COORDINATES"
3404357201,"2473e9c3-624f-4cd6-bfc6-b476913790b5","Station_22_Date_05NOV2007:14:46:00.000_Fundulus_grandis","Animalia","Chordata",NA,"Cyprinodontiformes","Fundulidae","Fundulus","Fundulus grandis",NA,"SPECIES","Fundulus grandis Baird & Girard, 1853","Fundulus grandis","Baird & Girard, 1853","US","Mission-Aransas Estuary","Texas","PRESENT",NA,"c3ad790a-d426-4ac1-8e32-da61f81f0117",28.212778,-96.979167,100,NA,NA,NA,0.5,0.1,"2007-11-05T14:46",5,11,2007,5203686,5203686,"HUMAN_OBSERVATION","TPWD","Aransas Bay Bag Seine","",NA,"",NA,"CC0_1_0","","",NA,NA,2025-02-06 18:23:32.536,"","CONTINENT_DERIVED_FROM_COORDINATES"
3404357154,"2473e9c3-624f-4cd6-bfc6-b476913790b5","Station_18_Date_24JUN2008:14:14:00.000_Fundulus_grandis","Animalia","Chordata",NA,"Cyprinodontiformes","Fundulidae","Fundulus","Fundulus grandis",NA,"SPECIES","Fundulus grandis Baird & Girard, 1853","Fundulus grandis","Baird & Girard, 1853","US","Mission-Aransas Estuary","Texas","PRESENT",NA,"c3ad790a-d426-4ac1-8e32-da61f81f0117",28.2025,-97.035833,100,NA,NA,NA,0.45,0.15,"2008-06-24T14:14",24,6,2008,5203686,5203686,"HUMAN_OBSERVATION","TPWD","Aransas Bay Bag Seine","",NA,"",NA,"CC0_1_0","","",NA,NA,2025-02-06 18:23:32.524,"","CONTINENT_DERIVED_FROM_COORDINATES"
3404355085,"2473e9c3-624f-4cd6-bfc6-b476913790b5","Station_8_Date_06DEC2005:12:54:00.000_Fundulus_grandis","Animalia","Chordata",NA,"Cyprinodontiformes","Fundulidae","Fundulus","Fundulus grandis",NA,"SPECIES","Fundulus grandis Baird & Girard, 1853","Fundulus grandis","Baird & Girard, 1853","US","Mission-Aransas Estuary","Texas","PRESENT",NA,"c3ad790a-d426-4ac1-8e32-da61f81f0117",28.240833,-96.951667,100,NA,NA,NA,0.35,0.15,"2005-12-06T12:54",6,12,2005,5203686,5203686,"HUMAN_OBSERVATION","TPWD","Aransas Bay Bag Seine","",NA,"",NA,"CC0_1_0","","",NA,NA,2025-02-06 18:23:33.249,"","CONTINENT_DERIVED_FROM_COORDINATES"
3404354073,"2473e9c3-624f-4cd6-bfc6-b476913790b5","Station_8_Date_18JAN2006:11:09:00.000_Fundulus_grandis","Animalia","Chordata",NA,"Cyprinodontiformes","Fundulidae","Fundulus","Fundulus grandis",NA,"SPECIES","Fundulus grandis Baird & Girard, 1853","Fundulus grandis","Baird & Girard, 1853","US","Mission-Aransas Estuary","Texas","PRESENT",NA,"c3ad790a-d426-4ac1-8e32-da61f81f0117",28.240278,-96.951944,100,NA,NA,NA,0.25,0.25,"2006-01-18T11:09",18,1,2006,5203686,5203686,"HUMAN_OBSERVATION","TPWD","Aransas Bay Bag Seine","",NA,"",NA,"CC0_1_0","","",NA,NA,2025-02-06 18:23:32.55,"","CONTINENT_DERIVED_FROM_COORDINATES"
3404353267,"2473e9c3-624f-4cd6-bfc6-b476913790b5","Station_20_Date_03DEC2008:10:18:00.000_Fundulus_grandis","Animalia","Chordata",NA,"Cyprinodontiformes","Fundulidae","Fundulus","Fundulus grandis",NA,"SPECIES","Fundulus grandis Baird & Girard, 1853","Fundulus grandis","Baird & Girard, 1853","US","Mission-Aransas Estuary","Texas","PRESENT",NA,"c3ad790a-d426-4ac1-8e32-da61f81f0117",28.2,-97.008611,100,NA,NA,NA,0.2,0.1,"2008-12-03T10:18",3,12,2008,5203686,5203686,"HUMAN_OBSERVATION","TPWD","Aransas Bay Bag Seine","",NA,"",NA,"CC0_1_0","","",NA,NA,2025-02-06 18:23:32.702,"","CONTINENT_DERIVED_FROM_COORDINATES"
3404353057,"2473e9c3-624f-4cd6-bfc6-b476913790b5","Station_6_Date_11JUN2006:19:30:00.000_Fundulus_grandis","Animalia","Chordata",NA,"Cyprinodontiformes","Fundulidae","Fundulus","Fundulus grandis",NA,"SPECIES","Fundulus grandis Baird & Girard, 1853","Fundulus grandis","Baird & Girard, 1853","US","Mission-Aransas Estuary","Texas","PRESENT",NA,"c3ad790a-d426-4ac1-8e32-da61f81f0117",28.261389,-96.928333,100,NA,NA,NA,0.65,0.05,"2006-06-11T19:30",11,6,2006,5203686,5203686,"HUMAN_OBSERVATION","TPWD","Aransas Bay Bag Seine","",NA,"",NA,"CC0_1_0","","",NA,NA,2025-02-06 18:23:32.651,"","CONTINENT_DERIVED_FROM_COORDINATES"
3404351239,"2473e9c3-624f-4cd6-bfc6-b476913790b5","Station_25_Date_22FEB2006:14:15:00.000_Fundulus_grandis","Animalia","Chordata",NA,"Cyprinodontiformes","Fundulidae","Fundulus","Fundulus grandis",NA,"SPECIES","Fundulus grandis Baird & Girard, 1853","Fundulus grandis","Baird & Girard, 1853","US","Mission-Aransas Estuary","Texas","PRESENT",NA,"c3ad790a-d426-4ac1-8e32-da61f81f0117",28.200556,-96.925833,100,NA,NA,NA,0.15,0.05,"2006-02-22T14:15",22,2,2006,5203686,5203686,"HUMAN_OBSERVATION","TPWD","Aransas Bay Bag Seine","",NA,"",NA,"CC0_1_0","","",NA,NA,2025-02-06 18:23:32.595,"","CONTINENT_DERIVED_FROM_COORDINATES"
3404351162,"2473e9c3-624f-4cd6-bfc6-b476913790b5","Station_21_Date_20FEB2008:11:30:00.000_Fundulus_grandis","Animalia","Chordata",NA,"Cyprinodontiformes","Fundulidae","Fundulus","Fundulus grandis",NA,"SPECIES","Fundulus grandis Baird & Girard, 1853","Fundulus grandis","Baird & Girard, 1853","US","Mission-Aransas Estuary","Texas","PRESENT",NA,"c3ad790a-d426-4ac1-8e32-da61f81f0117",28.213056,-96.984167,100,NA,NA,NA,0.4,0.1,"2008-02-20T11:30",20,2,2008,5203686,5203686,"HUMAN_OBSERVATION","TPWD","Aransas Bay Bag Seine","",NA,"",NA,"CC0_1_0","","",NA,NA,2025-02-06 18:23:32.585,"","CONTINENT_DERIVED_FROM_COORDINATES"
3404351066,"2473e9c3-624f-4cd6-bfc6-b476913790b5","Station_13_Date_09JAN2007:12:45:00.000_Fundulus_grandis","Animalia","Chordata",NA,"Cyprinodontiformes","Fundulidae","Fundulus","Fundulus grandis",NA,"SPECIES","Fundulus grandis Baird & Girard, 1853","Fundulus grandis","Baird & Girard, 1853","US","Mission-Aransas Estuary","Texas","PRESENT",NA,"c3ad790a-d426-4ac1-8e32-da61f81f0117",28.226111,-96.960278,100,NA,NA,NA,0.1,0.1,"2007-01-09T12:45",9,1,2007,5203686,5203686,"HUMAN_OBSERVATION","TPWD","Aransas Bay Bag Seine","",NA,"",NA,"CC0_1_0","","",NA,NA,2025-02-06 18:23:32.57,"","CONTINENT_DERIVED_FROM_COORDINATES"
3404350206,"2473e9c3-624f-4cd6-bfc6-b476913790b5","Station_21_Date_26FEB2007:12:03:00.000_Fundulus_grandis","Animalia","Chordata",NA,"Cyprinodontiformes","Fundulidae","Fundulus","Fundulus grandis",NA,"SPECIES","Fundulus grandis Baird & Girard, 1853","Fundulus grandis","Baird & Girard, 1853","US","Mission-Aransas Estuary","Texas","PRESENT",NA,"c3ad790a-d426-4ac1-8e32-da61f81f0117",28.214722,-96.984444,100,NA,NA,NA,0.35,0.15,"2007-02-26T12:03",26,2,2007,5203686,5203686,"HUMAN_OBSERVATION","TPWD","Aransas Bay Bag Seine","",NA,"",NA,"CC0_1_0","","",NA,NA,2025-02-06 18:23:33.299,"","CONTINENT_DERIVED_FROM_COORDINATES"
3404350110,"2473e9c3-624f-4cd6-bfc6-b476913790b5","Station_13_Date_28JUL2005:11:25:00.000_Fundulus_grandis","Animalia","Chordata",NA,"Cyprinodontiformes","Fundulidae","Fundulus","Fundulus grandis",NA,"SPECIES","Fundulus grandis Baird & Girard, 1853","Fundulus grandis","Baird & Girard, 1853","US","Mission-Aransas Estuary","Texas","PRESENT",NA,"c3ad790a-d426-4ac1-8e32-da61f81f0117",28.223889,-96.963333,100,NA,NA,NA,0.2,0.1,"2005-07-28T11:25",28,7,2005,5203686,5203686,"HUMAN_OBSERVATION","TPWD","Aransas Bay Bag Seine","",NA,"",NA,"CC0_1_0","","",NA,NA,2025-02-06 18:23:33.274,"","CONTINENT_DERIVED_FROM_COORDINATES"
3404349153,"2473e9c3-624f-4cd6-bfc6-b476913790b5","Station_9_Date_09JAN2007:11:33:00.000_Fundulus_grandis","Animalia","Chordata",NA,"Cyprinodontiformes","Fundulidae","Fundulus","Fundulus grandis",NA,"SPECIES","Fundulus grandis Baird & Girard, 1853","Fundulus grandis","Baird & Girard, 1853","US","Mission-Aransas Estuary","Texas","PRESENT",NA,"c3ad790a-d426-4ac1-8e32-da61f81f0117",28.2475,-96.945556,100,NA,NA,NA,0.15,0.05,"2007-01-09T11:33",9,1,2007,5203686,5203686,"HUMAN_OBSERVATION","TPWD","Aransas Bay Bag Seine","",NA,"",NA,"CC0_1_0","","",NA,NA,2025-02-06 18:23:32.48,"","CONTINENT_DERIVED_FROM_COORDINATES"
3404052312,"836204c6-f8ca-49f3-be9a-afbae64ae72c","Station_385_Date_21NOV2005:11:53:00.000_Fundulus_grandis","Animalia","Chordata",NA,"Cyprinodontiformes","Fundulidae","Fundulus","Fundulus grandis",NA,"SPECIES","Fundulus grandis Baird & Girard, 1853","Fundulus grandis","Baird & Girard, 1853","US","Lower Laguna Madre Estuary","Texas","PRESENT",NA,"c3ad790a-d426-4ac1-8e32-da61f81f0117",26.0175,-97.1875,100,NA,NA,NA,0.15,0.15,"2005-11-21T11:53",21,11,2005,5203686,5203686,"HUMAN_OBSERVATION","TPWD","Lower Laguna Madre Bag Seine","",NA,"",NA,"CC0_1_0","","",NA,NA,2025-02-06 20:42:38.709,"","CONTINENT_DERIVED_FROM_COORDINATES"
3404046700,"836204c6-f8ca-49f3-be9a-afbae64ae72c","Station_235_Date_07MAR2006:11:26:00.000_Fundulus_grandis","Animalia","Chordata",NA,"Cyprinodontiformes","Fundulidae","Fundulus","Fundulus grandis",NA,"SPECIES","Fundulus grandis Baird & Girard, 1853","Fundulus grandis","Baird & Girard, 1853","US","Lower Laguna Madre Estuary","Texas","PRESENT",NA,"c3ad790a-d426-4ac1-8e32-da61f81f0117",26.280556,-97.280556,100,NA,NA,NA,0.1,0.1,"2006-03-07T11:26",7,3,2006,5203686,5203686,"HUMAN_OBSERVATION","TPWD","Lower Laguna Madre Bag Seine","",NA,"",NA,"CC0_1_0","","",NA,NA,2025-02-06 20:42:38.845,"","CONTINENT_DERIVED_FROM_COORDINATES"
3404046672,"836204c6-f8ca-49f3-be9a-afbae64ae72c","Station_225_Date_18DEC2007:10:07:00.000_Fundulus_grandis","Animalia","Chordata",NA,"Cyprinodontiformes","Fundulidae","Fundulus","Fundulus grandis",NA,"SPECIES","Fundulus grandis Baird & Girard, 1853","Fundulus grandis","Baird & Girard, 1853","US","Lower Laguna Madre Estuary","Texas","PRESENT",NA,"c3ad790a-d426-4ac1-8e32-da61f81f0117",26.294444,-97.298611,100,NA,NA,NA,0.1,0.1,"2007-12-18T10:07",18,12,2007,5203686,5203686,"HUMAN_OBSERVATION","TPWD","Lower Laguna Madre Bag Seine","",NA,"",NA,"CC0_1_0","","",NA,NA,2025-02-06 20:42:38.837,"","CONTINENT_DERIVED_FROM_COORDINATES"
3404046614,"836204c6-f8ca-49f3-be9a-afbae64ae72c","Station_217_Date_18DEC2005:11:49:00.000_Fundulus_grandis","Animalia","Chordata",NA,"Cyprinodontiformes","Fundulidae","Fundulus","Fundulus grandis",NA,"SPECIES","Fundulus grandis Baird & Girard, 1853","Fundulus grandis","Baird & Girard, 1853","US","Lower Laguna Madre Estuary","Texas","PRESENT",NA,"c3ad790a-d426-4ac1-8e32-da61f81f0117",26.315833,-97.3075,100,NA,NA,NA,0.2,0.2,"2005-12-18T11:49",18,12,2005,5203686,5203686,"HUMAN_OBSERVATION","TPWD","Lower Laguna Madre Bag Seine","",NA,"",NA,"CC0_1_0","","",NA,NA,2025-02-06 20:42:38.823,"","CONTINENT_DERIVED_FROM_COORDINATES"
3404046600,"836204c6-f8ca-49f3-be9a-afbae64ae72c","Station_217_Date_01AUG2006:11:45:00.000_Fundulus_grandis","Animalia","Chordata",NA,"Cyprinodontiformes","Fundulidae","Fundulus","Fundulus grandis",NA,"SPECIES","Fundulus grandis Baird & Girard, 1853","Fundulus grandis","Baird & Girard, 1853","US","Lower Laguna Madre Estuary","Texas","PRESENT",NA,"c3ad790a-d426-4ac1-8e32-da61f81f0117",26.308889,-97.304167,100,NA,NA,NA,0.15,0.15,"2006-08-01T11:45",1,8,2006,5203686,5203686,"HUMAN_OBSERVATION","TPWD","Lower Laguna Madre Bag Seine","",NA,"",NA,"CC0_1_0","","",NA,NA,2025-02-06 20:42:38.82,"","CONTINENT_DERIVED_FROM_COORDINATES"
3404046067,"836204c6-f8ca-49f3-be9a-afbae64ae72c","Station_344_Date_12NOV2007:12:33:00.000_Fundulus_grandis","Animalia","Chordata",NA,"Cyprinodontiformes","Fundulidae","Fundulus","Fundulus grandis",NA,"SPECIES","Fundulus grandis Baird & Girard, 1853","Fundulus grandis","Baird & Girard, 1853","US","Lower Laguna Madre Estuary","Texas","PRESENT",NA,"c3ad790a-d426-4ac1-8e32-da61f81f0117",26.081111,-97.246389,100,NA,NA,NA,0.2,0.2,"2007-11-12T12:33",12,11,2007,5203686,5203686,"HUMAN_OBSERVATION","TPWD","Lower Laguna Madre Bag Seine","",NA,"",NA,"CC0_1_0","","",NA,NA,2025-02-06 20:42:39.24,"","CONTINENT_DERIVED_FROM_COORDINATES"
3404045395,"836204c6-f8ca-49f3-be9a-afbae64ae72c","Station_178_Date_04FEB2008:11:06:00.000_Fundulus_grandis","Animalia","Chordata",NA,"Cyprinodontiformes","Fundulidae","Fundulus","Fundulus grandis",NA,"SPECIES","Fundulus grandis Baird & Girard, 1853","Fundulus grandis","Baird & Girard, 1853","US","Lower Laguna Madre Estuary","Texas","PRESENT",NA,"c3ad790a-d426-4ac1-8e32-da61f81f0117",26.369167,-97.324722,100,NA,NA,NA,0.1,0.1,"2008-02-04T11:06",4,2,2008,5203686,5203686,"HUMAN_OBSERVATION","TPWD","Lower Laguna Madre Bag Seine","",NA,"",NA,"CC0_1_0","","",NA,NA,2025-02-06 20:42:39.029,"","CONTINENT_DERIVED_FROM_COORDINATES"
3404044720,"836204c6-f8ca-49f3-be9a-afbae64ae72c","Station_218_Date_10APR2006:12:55:00.000_Fundulus_grandis","Animalia","Chordata",NA,"Cyprinodontiformes","Fundulidae","Fundulus","Fundulus grandis",NA,"SPECIES","Fundulus grandis Baird & Girard, 1853","Fundulus grandis","Baird & Girard, 1853","US","Lower Laguna Madre Estuary","Texas","PRESENT",NA,"c3ad790a-d426-4ac1-8e32-da61f81f0117",26.304722,-97.296111,100,NA,NA,NA,0.1,0.1,"2006-04-10T12:55",10,4,2006,5203686,5203686,"HUMAN_OBSERVATION","TPWD","Lower Laguna Madre Bag Seine","",NA,"",NA,"CC0_1_0","","",NA,NA,2025-02-06 20:42:38.407,"","CONTINENT_DERIVED_FROM_COORDINATES"
3404044363,"836204c6-f8ca-49f3-be9a-afbae64ae72c","Station_112_Date_04JAN2006:10:33:00.000_Fundulus_grandis","Animalia","Chordata",NA,"Cyprinodontiformes","Fundulidae","Fundulus","Fundulus grandis",NA,"SPECIES","Fundulus grandis Baird & Girard, 1853","Fundulus grandis","Baird & Girard, 1853","US","Lower Laguna Madre Estuary","Texas","PRESENT",NA,"c3ad790a-d426-4ac1-8e32-da61f81f0117",26.513611,-97.411944,100,NA,NA,NA,0.15,0.15,"2006-01-04T10:33",4,1,2006,5203686,5203686,"HUMAN_OBSERVATION","TPWD","Lower Laguna Madre Bag Seine","",NA,"",NA,"CC0_1_0","","",NA,NA,2025-02-06 20:42:38.356,"","CONTINENT_DERIVED_FROM_COORDINATES"
3404043140,"836204c6-f8ca-49f3-be9a-afbae64ae72c","Station_345_Date_09APR2007:11:45:00.000_Fundulus_grandis","Animalia","Chordata",NA,"Cyprinodontiformes","Fundulidae","Fundulus","Fundulus grandis",NA,"SPECIES","Fundulus grandis Baird & Girard, 1853","Fundulus grandis","Baird & Girard, 1853","US","Lower Laguna Madre Estuary","Texas","PRESENT",NA,"c3ad790a-d426-4ac1-8e32-da61f81f0117",26.078611,-97.229444,100,NA,NA,NA,0.1,0.1,"2007-04-09T11:45",9,4,2007,5203686,5203686,"HUMAN_OBSERVATION","TPWD","Lower Laguna Madre Bag Seine","",NA,"",NA,"CC0_1_0","","",NA,NA,2025-02-06 20:42:39.011,"","CONTINENT_DERIVED_FROM_COORDINATES"
3404043138,"836204c6-f8ca-49f3-be9a-afbae64ae72c","Station_345_Date_06JUN2006:18:46:00.000_Fundulus_grandis","Animalia","Chordata",NA,"Cyprinodontiformes","Fundulidae","Fundulus","Fundulus grandis",NA,"SPECIES","Fundulus grandis Baird & Girard, 1853","Fundulus grandis","Baird & Girard, 1853","US","Lower Laguna Madre Estuary","Texas","PRESENT",NA,"c3ad790a-d426-4ac1-8e32-da61f81f0117",26.079722,-97.226944,100,NA,NA,NA,0.1,0.1,"2006-06-06T18:46",6,6,2006,5203686,5203686,"HUMAN_OBSERVATION","TPWD","Lower Laguna Madre Bag Seine","",NA,"",NA,"CC0_1_0","","",NA,NA,2025-02-06 20:42:39.01,"","CONTINENT_DERIVED_FROM_COORDINATES"
3404043115,"836204c6-f8ca-49f3-be9a-afbae64ae72c","Station_344_Date_03JUN2008:18:44:00.000_Fundulus_grandis","Animalia","Chordata",NA,"Cyprinodontiformes","Fundulidae","Fundulus","Fundulus grandis",NA,"SPECIES","Fundulus grandis Baird & Girard, 1853","Fundulus grandis","Baird & Girard, 1853","US","Lower Laguna Madre Estuary","Texas","PRESENT",NA,"c3ad790a-d426-4ac1-8e32-da61f81f0117",26.081389,-97.240833,100,NA,NA,NA,0.1,0.1,"2008-06-03T18:44",3,6,2008,5203686,5203686,"HUMAN_OBSERVATION","TPWD","Lower Laguna Madre Bag Seine","",NA,"",NA,"CC0_1_0","","",NA,NA,2025-02-06 20:42:38.994,"","CONTINENT_DERIVED_FROM_COORDINATES"
3404043114,"836204c6-f8ca-49f3-be9a-afbae64ae72c","Station_344_Date_03APR2007:12:50:00.000_Fundulus_grandis","Animalia","Chordata",NA,"Cyprinodontiformes","Fundulidae","Fundulus","Fundulus grandis",NA,"SPECIES","Fundulus grandis Baird & Girard, 1853","Fundulus grandis","Baird & Girard, 1853","US","Lower Laguna Madre Estuary","Texas","PRESENT",NA,"c3ad790a-d426-4ac1-8e32-da61f81f0117",26.810278,-97.469444,100,NA,NA,NA,0.15,0.15,"2007-04-03T12:50",3,4,2007,5203686,5203686,"HUMAN_OBSERVATION","TPWD","Lower Laguna Madre Bag Seine","",NA,"",NA,"CC0_1_0","","",NA,NA,2025-02-06 20:42:38.994,"","CONTINENT_DERIVED_FROM_COORDINATES"
3404042875,"836204c6-f8ca-49f3-be9a-afbae64ae72c","Station_299_Date_11JUN2007:17:26:00.000_Fundulus_grandis","Animalia","Chordata",NA,"Cyprinodontiformes","Fundulidae","Fundulus","Fundulus grandis",NA,"SPECIES","Fundulus grandis Baird & Girard, 1853","Fundulus grandis","Baird & Girard, 1853","US","Lower Laguna Madre Estuary","Texas","PRESENT",NA,"c3ad790a-d426-4ac1-8e32-da61f81f0117",26.156944,-97.181389,100,NA,NA,NA,0.2,0.2,"2007-06-11T17:26",11,6,2007,5203686,5203686,"HUMAN_OBSERVATION","TPWD","Lower Laguna Madre Bag Seine","",NA,"",NA,"CC0_1_0","","",NA,NA,2025-02-06 20:42:38.937,"","CONTINENT_DERIVED_FROM_COORDINATES"
3404042717,"836204c6-f8ca-49f3-be9a-afbae64ae72c","Station_252_Date_18DEC2007:12:15:00.000_Fundulus_grandis","Animalia","Chordata",NA,"Cyprinodontiformes","Fundulidae","Fundulus","Fundulus grandis",NA,"SPECIES","Fundulus grandis Baird & Girard, 1853","Fundulus grandis","Baird & Girard, 1853","US","Lower Laguna Madre Estuary","Texas","PRESENT",NA,"c3ad790a-d426-4ac1-8e32-da61f81f0117",26.245833,-97.28,100,NA,NA,NA,0.1,0.1,"2007-12-18T12:15",18,12,2007,5203686,5203686,"HUMAN_OBSERVATION","TPWD","Lower Laguna Madre Bag Seine","",NA,"",NA,"CC0_1_0","","",NA,NA,2025-02-06 20:42:38.887,"","CONTINENT_DERIVED_FROM_COORDINATES"
3404042548,"836204c6-f8ca-49f3-be9a-afbae64ae72c","Station_199_Date_04DEC2007:13:11:00.000_Fundulus_grandis","Animalia","Chordata",NA,"Cyprinodontiformes","Fundulidae","Fundulus","Fundulus grandis",NA,"SPECIES","Fundulus grandis Baird & Girard, 1853","Fundulus grandis","Baird & Girard, 1853","US","Lower Laguna Madre Estuary","Texas","PRESENT",NA,"c3ad790a-d426-4ac1-8e32-da61f81f0117",26.335833,-97.316111,100,NA,NA,NA,0.15,0.15,"2007-12-04T13:11",4,12,2007,5203686,5203686,"HUMAN_OBSERVATION","TPWD","Lower Laguna Madre Bag Seine","",NA,"",NA,"CC0_1_0","","",NA,NA,2025-02-06 20:42:38.832,"","CONTINENT_DERIVED_FROM_COORDINATES"
3404041459,"836204c6-f8ca-49f3-be9a-afbae64ae72c","Station_386_Date_19FEB2008:13:05:00.000_Fundulus_grandis","Animalia","Chordata",NA,"Cyprinodontiformes","Fundulidae","Fundulus","Fundulus grandis",NA,"SPECIES","Fundulus grandis Baird & Girard, 1853","Fundulus grandis","Baird & Girard, 1853","US","Lower Laguna Madre Estuary","Texas","PRESENT",NA,"c3ad790a-d426-4ac1-8e32-da61f81f0117",26.028611,-97.168611,100,NA,NA,NA,0.1,0.1,"2008-02-19T13:05",19,2,2008,5203686,5203686,"HUMAN_OBSERVATION","TPWD","Lower Laguna Madre Bag Seine","",NA,"",NA,"CC0_1_0","","",NA,NA,2025-02-06 20:42:39.049,"","CONTINENT_DERIVED_FROM_COORDINATES"
3404041406,"836204c6-f8ca-49f3-be9a-afbae64ae72c","Station_373_Date_07AUG2006:14:38:00.000_Fundulus_grandis","Animalia","Chordata",NA,"Cyprinodontiformes","Fundulidae","Fundulus","Fundulus grandis",NA,"SPECIES","Fundulus grandis Baird & Girard, 1853","Fundulus grandis","Baird & Girard, 1853","US","Lower Laguna Madre Estuary","Texas","PRESENT",NA,"c3ad790a-d426-4ac1-8e32-da61f81f0117",26.048333,-97.185556,100,NA,NA,NA,0.1,0.1,"2006-08-07T14:38",7,8,2006,5203686,5203686,"HUMAN_OBSERVATION","TPWD","Lower Laguna Madre Bag Seine","",NA,"",NA,"CC0_1_0","","",NA,NA,2025-02-06 20:42:39.036,"","CONTINENT_DERIVED_FROM_COORDINATES"
3404041385,"836204c6-f8ca-49f3-be9a-afbae64ae72c","Station_361_Date_10DEC2007:12:53:00.000_Fundulus_grandis","Animalia","Chordata",NA,"Cyprinodontiformes","Fundulidae","Fundulus","Fundulus grandis",NA,"SPECIES","Fundulus grandis Baird & Girard, 1853","Fundulus grandis","Baird & Girard, 1853","US","Lower Laguna Madre Estuary","Texas","PRESENT",NA,"c3ad790a-d426-4ac1-8e32-da61f81f0117",26.055278,-97.180556,100,NA,NA,NA,0.2,0.2,"2007-12-10T12:53",10,12,2007,5203686,5203686,"HUMAN_OBSERVATION","TPWD","Lower Laguna Madre Bag Seine","",NA,"",NA,"CC0_1_0","","",NA,NA,2025-02-06 20:42:39.03,"","CONTINENT_DERIVED_FROM_COORDINATES"
3404039615,"836204c6-f8ca-49f3-be9a-afbae64ae72c","Station_218_Date_03APR2007:10:39:00.000_Fundulus_grandis","Animalia","Chordata",NA,"Cyprinodontiformes","Fundulidae","Fundulus","Fundulus grandis",NA,"SPECIES","Fundulus grandis Baird & Girard, 1853","Fundulus grandis","Baird & Girard, 1853","US","Lower Laguna Madre Estuary","Texas","PRESENT",NA,"c3ad790a-d426-4ac1-8e32-da61f81f0117",26.304722,-97.299444,100,NA,NA,NA,0.15,0.15,"2007-04-03T10:39",3,4,2007,5203686,5203686,"HUMAN_OBSERVATION","TPWD","Lower Laguna Madre Bag Seine","",NA,"",NA,"CC0_1_0","","",NA,NA,2025-02-06 20:42:38.578,"","CONTINENT_DERIVED_FROM_COORDINATES"
3404038249,"836204c6-f8ca-49f3-be9a-afbae64ae72c","Station_374_Date_25JAN2005:13:12:00.000_Fundulus_grandis","Animalia","Chordata",NA,"Cyprinodontiformes","Fundulidae","Fundulus","Fundulus grandis",NA,"SPECIES","Fundulus grandis Baird & Girard, 1853","Fundulus grandis","Baird & Girard, 1853","US","Lower Laguna Madre Estuary","Texas","PRESENT",NA,"c3ad790a-d426-4ac1-8e32-da61f81f0117",26.049722,-97.182778,100,NA,NA,NA,0.1,0.1,"2005-01-25T13:12",25,1,2005,5203686,5203686,"HUMAN_OBSERVATION","TPWD","Lower Laguna Madre Bag Seine","",NA,"",NA,"CC0_1_0","","",NA,NA,2025-02-06 20:42:39.032,"","CONTINENT_DERIVED_FROM_COORDINATES"
3404038205,"836204c6-f8ca-49f3-be9a-afbae64ae72c","Station_361_Date_11JUN2007:16:52:00.000_Fundulus_grandis","Animalia","Chordata",NA,"Cyprinodontiformes","Fundulidae","Fundulus","Fundulus grandis",NA,"SPECIES","Fundulus grandis Baird & Girard, 1853","Fundulus grandis","Baird & Girard, 1853","US","Lower Laguna Madre Estuary","Texas","PRESENT",NA,"c3ad790a-d426-4ac1-8e32-da61f81f0117",26.061667,-97.172222,100,NA,NA,NA,0.2,0.2,"2007-06-11T16:52",11,6,2007,5203686,5203686,"HUMAN_OBSERVATION","TPWD","Lower Laguna Madre Bag Seine","",NA,"",NA,"CC0_1_0","","",NA,NA,2025-02-06 20:42:39.019,"","CONTINENT_DERIVED_FROM_COORDINATES"
3404037686,"836204c6-f8ca-49f3-be9a-afbae64ae72c","Station_243_Date_08JUL2008:11:33:00.000_Fundulus_grandis","Animalia","Chordata",NA,"Cyprinodontiformes","Fundulidae","Fundulus","Fundulus grandis",NA,"SPECIES","Fundulus grandis Baird & Girard, 1853","Fundulus grandis","Baird & Girard, 1853","US","Lower Laguna Madre Estuary","Texas","PRESENT",NA,"c3ad790a-d426-4ac1-8e32-da61f81f0117",26.262222,-97.268333,100,NA,NA,NA,0.2,0.2,"2008-07-08T11:33",8,7,2008,5203686,5203686,"HUMAN_OBSERVATION","TPWD","Lower Laguna Madre Bag Seine","",NA,"",NA,"CC0_1_0","","",NA,NA,2025-02-06 20:42:38.86,"","CONTINENT_DERIVED_FROM_COORDINATES"
3404037543,"836204c6-f8ca-49f3-be9a-afbae64ae72c","Station_207_Date_19JUN2007:12:33:00.000_Fundulus_grandis","Animalia","Chordata",NA,"Cyprinodontiformes","Fundulidae","Fundulus","Fundulus grandis",NA,"SPECIES","Fundulus grandis Baird & Girard, 1853","Fundulus grandis","Baird & Girard, 1853","US","Lower Laguna Madre Estuary","Texas","PRESENT",NA,"c3ad790a-d426-4ac1-8e32-da61f81f0117",26.330556,-97.311667,100,NA,NA,NA,0.2,0.2,"2007-06-19T12:33",19,6,2007,5203686,5203686,"HUMAN_OBSERVATION","TPWD","Lower Laguna Madre Bag Seine","",NA,"",NA,"CC0_1_0","","",NA,NA,2025-02-06 20:42:38.816,"","CONTINENT_DERIVED_FROM_COORDINATES"
3404037531,"836204c6-f8ca-49f3-be9a-afbae64ae72c","Station_207_Date_05MAR2008:10:43:00.000_Fundulus_grandis","Animalia","Chordata",NA,"Cyprinodontiformes","Fundulidae","Fundulus","Fundulus grandis",NA,"SPECIES","Fundulus grandis Baird & Girard, 1853","Fundulus grandis","Baird & Girard, 1853","US","Lower Laguna Madre Estuary","Texas","PRESENT",NA,"c3ad790a-d426-4ac1-8e32-da61f81f0117",26.323889,-97.311667,100,NA,NA,NA,0.15,0.15,"2008-03-05T10:43",5,3,2008,5203686,5203686,"HUMAN_OBSERVATION","TPWD","Lower Laguna Madre Bag Seine","",NA,"",NA,"CC0_1_0","","",NA,NA,2025-02-06 20:42:38.812,"","CONTINENT_DERIVED_FROM_COORDINATES"
3404037510,"836204c6-f8ca-49f3-be9a-afbae64ae72c","Station_198_Date_18OCT2006:10:55:00.000_Fundulus_grandis","Animalia","Chordata",NA,"Cyprinodontiformes","Fundulidae","Fundulus","Fundulus grandis",NA,"SPECIES","Fundulus grandis Baird & Girard, 1853","Fundulus grandis","Baird & Girard, 1853","US","Lower Laguna Madre Estuary","Texas","PRESENT",NA,"c3ad790a-d426-4ac1-8e32-da61f81f0117",26.344444,-97.321944,100,NA,NA,NA,0.3,0.1,"2006-10-18T10:55",18,10,2006,5203686,5203686,"HUMAN_OBSERVATION","TPWD","Lower Laguna Madre Bag Seine","",NA,"",NA,"CC0_1_0","","",NA,NA,2025-02-06 20:42:38.806,"","CONTINENT_DERIVED_FROM_COORDINATES"
3404036880,"836204c6-f8ca-49f3-be9a-afbae64ae72c","Station_32_Date_23OCT2007:11:27:00.000_Fundulus_grandis","Animalia","Chordata",NA,"Cyprinodontiformes","Fundulidae","Fundulus","Fundulus grandis",NA,"SPECIES","Fundulus grandis Baird & Girard, 1853","Fundulus grandis","Baird & Girard, 1853","US","Lower Laguna Madre Estuary","Texas","PRESENT",NA,"c3ad790a-d426-4ac1-8e32-da61f81f0117",26.713611,-97.465556,100,NA,NA,NA,0.15,0.15,"2007-10-23T11:27",23,10,2007,5203686,5203686,"HUMAN_OBSERVATION","TPWD","Lower Laguna Madre Bag Seine","",NA,"",NA,"CC0_1_0","","",NA,NA,2025-02-06 20:42:38.602,"","CONTINENT_DERIVED_FROM_COORDINATES"
3404035797,"836204c6-f8ca-49f3-be9a-afbae64ae72c","Station_292_Date_04NOV2008:16:28:00.000_Fundulus_grandis","Animalia","Chordata",NA,"Cyprinodontiformes","Fundulidae","Fundulus","Fundulus grandis",NA,"SPECIES","Fundulus grandis Baird & Girard, 1853","Fundulus grandis","Baird & Girard, 1853","US","Lower Laguna Madre Estuary","Texas","PRESENT",NA,"c3ad790a-d426-4ac1-8e32-da61f81f0117",26.154167,-97.298056,100,NA,NA,NA,0.15,0.15,"2008-11-04T16:28",4,11,2008,5203686,5203686,"HUMAN_OBSERVATION","TPWD","Lower Laguna Madre Bag Seine","",NA,"",NA,"CC0_1_0","","",NA,NA,2025-02-06 20:42:38.457,"","CONTINENT_DERIVED_FROM_COORDINATES"
3404035636,"836204c6-f8ca-49f3-be9a-afbae64ae72c","Station_235_Date_01AUG2006:10:57:00.000_Fundulus_grandis","Animalia","Chordata",NA,"Cyprinodontiformes","Fundulidae","Fundulus","Fundulus grandis",NA,"SPECIES","Fundulus grandis Baird & Girard, 1853","Fundulus grandis","Baird & Girard, 1853","US","Lower Laguna Madre Estuary","Texas","PRESENT",NA,"c3ad790a-d426-4ac1-8e32-da61f81f0117",26.278333,-97.271667,100,NA,NA,NA,0.1,0.1,"2006-08-01T10:57",1,8,2006,5203686,5203686,"HUMAN_OBSERVATION","TPWD","Lower Laguna Madre Bag Seine","",NA,"",NA,"CC0_1_0","","",NA,NA,2025-02-06 20:42:38.417,"","CONTINENT_DERIVED_FROM_COORDINATES"
3404035605,"836204c6-f8ca-49f3-be9a-afbae64ae72c","Station_225_Date_13SEP2006:12:25:00.000_Fundulus_grandis","Animalia","Chordata",NA,"Cyprinodontiformes","Fundulidae","Fundulus","Fundulus grandis",NA,"SPECIES","Fundulus grandis Baird & Girard, 1853","Fundulus grandis","Baird & Girard, 1853","US","Lower Laguna Madre Estuary","Texas","PRESENT",NA,"c3ad790a-d426-4ac1-8e32-da61f81f0117",26.296389,-97.293889,100,NA,NA,NA,0.1,0.1,"2006-09-13T12:25",13,9,2006,5203686,5203686,"HUMAN_OBSERVATION","TPWD","Lower Laguna Madre Bag Seine","",NA,"",NA,"CC0_1_0","","",NA,NA,2025-02-06 20:42:38.413,"","CONTINENT_DERIVED_FROM_COORDINATES"
3404035597,"836204c6-f8ca-49f3-be9a-afbae64ae72c","Station_225_Date_07MAR2006:11:50:00.000_Fundulus_grandis","Animalia","Chordata",NA,"Cyprinodontiformes","Fundulidae","Fundulus","Fundulus grandis",NA,"SPECIES","Fundulus grandis Baird & Girard, 1853","Fundulus grandis","Baird & Girard, 1853","US","Lower Laguna Madre Estuary","Texas","PRESENT",NA,"c3ad790a-d426-4ac1-8e32-da61f81f0117",26.296944,-97.298889,100,NA,NA,NA,0.15,0.15,"2006-03-07T11:50",7,3,2006,5203686,5203686,"HUMAN_OBSERVATION","TPWD","Lower Laguna Madre Bag Seine","",NA,"",NA,"CC0_1_0","","",NA,NA,2025-02-06 20:42:38.412,"","CONTINENT_DERIVED_FROM_COORDINATES"
3404035307,"836204c6-f8ca-49f3-be9a-afbae64ae72c","Station_146_Date_21JAN2008:11:39:00.000_Fundulus_grandis","Animalia","Chordata",NA,"Cyprinodontiformes","Fundulidae","Fundulus","Fundulus grandis",NA,"SPECIES","Fundulus grandis Baird & Girard, 1853","Fundulus grandis","Baird & Girard, 1853","US","Lower Laguna Madre Estuary","Texas","PRESENT",NA,"c3ad790a-d426-4ac1-8e32-da61f81f0117",26.438611,-97.361944,100,NA,NA,NA,0.15,0.15,"2008-01-21T11:39",21,1,2008,5203686,5203686,"HUMAN_OBSERVATION","TPWD","Lower Laguna Madre Bag Seine","",NA,"",NA,"CC0_1_0","","",NA,NA,2025-02-06 20:42:38.373,"","CONTINENT_DERIVED_FROM_COORDINATES"
3404034593,"836204c6-f8ca-49f3-be9a-afbae64ae72c","Station_25_Date_04JAN2006:12:09:00.000_Fundulus_grandis","Animalia","Chordata",NA,"Cyprinodontiformes","Fundulidae","Fundulus","Fundulus grandis",NA,"SPECIES","Fundulus grandis Baird & Girard, 1853","Fundulus grandis","Baird & Girard, 1853","US","Lower Laguna Madre Estuary","Texas","PRESENT",NA,"c3ad790a-d426-4ac1-8e32-da61f81f0117",26.721111,-97.466944,100,NA,NA,NA,0.1,0.1,"2006-01-04T12:09",4,1,2006,5203686,5203686,"HUMAN_OBSERVATION","TPWD","Lower Laguna Madre Bag Seine","",NA,"",NA,"CC0_1_0","","",NA,NA,2025-02-06 20:42:38.759,"","CONTINENT_DERIVED_FROM_COORDINATES"
3404033019,"836204c6-f8ca-49f3-be9a-afbae64ae72c","Station_309_Date_17APR2006:17:27:00.000_Fundulus_grandis","Animalia","Chordata",NA,"Cyprinodontiformes","Fundulidae","Fundulus","Fundulus grandis",NA,"SPECIES","Fundulus grandis Baird & Girard, 1853","Fundulus grandis","Baird & Girard, 1853","US","Lower Laguna Madre Estuary","Texas","PRESENT",NA,"c3ad790a-d426-4ac1-8e32-da61f81f0117",26.124167,-97.284167,100,NA,NA,NA,0.25,0.15,"2006-04-17T17:27",17,4,2006,5203686,5203686,"HUMAN_OBSERVATION","TPWD","Lower Laguna Madre Bag Seine","",NA,"",NA,"CC0_1_0","","",NA,NA,2025-02-06 20:42:39.178,"","CONTINENT_DERIVED_FROM_COORDINATES"
3404032840,"836204c6-f8ca-49f3-be9a-afbae64ae72c","Station_275_Date_22FEB2006:10:33:00.000_Fundulus_grandis","Animalia","Chordata",NA,"Cyprinodontiformes","Fundulidae","Fundulus","Fundulus grandis",NA,"SPECIES","Fundulus grandis Baird & Girard, 1853","Fundulus grandis","Baird & Girard, 1853","US","Lower Laguna Madre Estuary","Texas","PRESENT",NA,"c3ad790a-d426-4ac1-8e32-da61f81f0117",26.193611,-97.295,100,NA,NA,NA,0.1,0.1,"2006-02-22T10:33",22,2,2006,5203686,5203686,"HUMAN_OBSERVATION","TPWD","Lower Laguna Madre Bag Seine","",NA,"",NA,"CC0_1_0","","",NA,NA,2025-02-06 20:42:39.121,"","CONTINENT_DERIVED_FROM_COORDINATES"
3404032543,"836204c6-f8ca-49f3-be9a-afbae64ae72c","Station_188_Date_01MAY2006:14:55:00.000_Fundulus_grandis","Animalia","Chordata",NA,"Cyprinodontiformes","Fundulidae","Fundulus","Fundulus grandis",NA,"SPECIES","Fundulus grandis Baird & Girard, 1853","Fundulus grandis","Baird & Girard, 1853","US","Lower Laguna Madre Estuary","Texas","PRESENT",NA,"c3ad790a-d426-4ac1-8e32-da61f81f0117",26.362778,-97.324444,100,NA,NA,NA,0.15,0.15,"2006-05-01T14:55",1,5,2006,5203686,5203686,"HUMAN_OBSERVATION","TPWD","Lower Laguna Madre Bag Seine","",NA,"",NA,"CC0_1_0","","",NA,NA,2025-02-06 20:42:39.034,"","CONTINENT_DERIVED_FROM_COORDINATES"
3404030849,"836204c6-f8ca-49f3-be9a-afbae64ae72c","Station_243_Date_13SEP2006:12:01:00.000_Fundulus_grandis","Animalia","Chordata",NA,"Cyprinodontiformes","Fundulidae","Fundulus","Fundulus grandis",NA,"SPECIES","Fundulus grandis Baird & Girard, 1853","Fundulus grandis","Baird & Girard, 1853","US","Lower Laguna Madre Estuary","Texas","PRESENT",NA,"c3ad790a-d426-4ac1-8e32-da61f81f0117",26.261111,-97.283056,100,NA,NA,NA,0.2,0.2,"2006-09-13T12:01",13,9,2006,5203686,5203686,"HUMAN_OBSERVATION","TPWD","Lower Laguna Madre Bag Seine","",NA,"",NA,"CC0_1_0","","",NA,NA,2025-02-06 20:42:38.884,"","CONTINENT_DERIVED_FROM_COORDINATES"
3404030837,"836204c6-f8ca-49f3-be9a-afbae64ae72c","Station_242_Date_23JUN2008:14:28:00.000_Fundulus_grandis","Animalia","Chordata",NA,"Cyprinodontiformes","Fundulidae","Fundulus","Fundulus grandis",NA,"SPECIES","Fundulus grandis Baird & Girard, 1853","Fundulus grandis","Baird & Girard, 1853","US","Lower Laguna Madre Estuary","Texas","PRESENT",NA,"c3ad790a-d426-4ac1-8e32-da61f81f0117",26.262222,-97.285,100,NA,NA,NA,0.3,0.3,"2008-06-23T14:28",23,6,2008,5203686,5203686,"HUMAN_OBSERVATION","TPWD","Lower Laguna Madre Bag Seine","",NA,"",NA,"CC0_1_0","","",NA,NA,2025-02-06 20:42:38.88,"","CONTINENT_DERIVED_FROM_COORDINATES"
3404030812,"836204c6-f8ca-49f3-be9a-afbae64ae72c","Station_235_Date_01JUN2005:18:12:00.000_Fundulus_grandis","Animalia","Chordata",NA,"Cyprinodontiformes","Fundulidae","Fundulus","Fundulus grandis",NA,"SPECIES","Fundulus grandis Baird & Girard, 1853","Fundulus grandis","Baird & Girard, 1853","US","Lower Laguna Madre Estuary","Texas","PRESENT",NA,"c3ad790a-d426-4ac1-8e32-da61f81f0117",26.280278,-97.279167,100,NA,NA,NA,0.15,0.15,"2005-06-01T18:12",1,6,2005,5203686,5203686,"HUMAN_OBSERVATION","TPWD","Lower Laguna Madre Bag Seine","",NA,"",NA,"CC0_1_0","","",NA,NA,2025-02-06 20:42:38.875,"","CONTINENT_DERIVED_FROM_COORDINATES"
3404030644,"836204c6-f8ca-49f3-be9a-afbae64ae72c","Station_198_Date_04DEC2007:11:59:00.000_Fundulus_grandis","Animalia","Chordata",NA,"Cyprinodontiformes","Fundulidae","Fundulus","Fundulus grandis",NA,"SPECIES","Fundulus grandis Baird & Girard, 1853","Fundulus grandis","Baird & Girard, 1853","US","Lower Laguna Madre Estuary","Texas","PRESENT",NA,"c3ad790a-d426-4ac1-8e32-da61f81f0117",26.349444,-97.322778,100,NA,NA,NA,0.2,0.2,"2007-12-04T11:59",4,12,2007,5203686,5203686,"HUMAN_OBSERVATION","TPWD","Lower Laguna Madre Bag Seine","",NA,"",NA,"CC0_1_0","","",NA,NA,2025-02-06 20:42:38.829,"","CONTINENT_DERIVED_FROM_COORDINATES"
3404030596,"836204c6-f8ca-49f3-be9a-afbae64ae72c","Station_177_Date_05NOV2007:15:47:00.000_Fundulus_grandis","Animalia","Chordata",NA,"Cyprinodontiformes","Fundulidae","Fundulus","Fundulus grandis",NA,"SPECIES","Fundulus grandis Baird & Girard, 1853","Fundulus grandis","Baird & Girard, 1853","US","Lower Laguna Madre Estuary","Texas","PRESENT",NA,"c3ad790a-d426-4ac1-8e32-da61f81f0117",26.376389,-97.335278,100,NA,NA,NA,0.15,0.15,"2007-11-05T15:47",5,11,2007,5203686,5203686,"HUMAN_OBSERVATION","TPWD","Lower Laguna Madre Bag Seine","",NA,"",NA,"CC0_1_0","","",NA,NA,2025-02-06 20:42:38.815,"","CONTINENT_DERIVED_FROM_COORDINATES"
3404028654,"836204c6-f8ca-49f3-be9a-afbae64ae72c","Station_199_Date_03NOV2008:15:50:00.000_Fundulus_grandis","Animalia","Chordata",NA,"Cyprinodontiformes","Fundulidae","Fundulus","Fundulus grandis",NA,"SPECIES","Fundulus grandis Baird & Girard, 1853","Fundulus grandis","Baird & Girard, 1853","US","Lower Laguna Madre Estuary","Texas","PRESENT",NA,"c3ad790a-d426-4ac1-8e32-da61f81f0117",26.333611,-97.315833,100,NA,NA,NA,0.15,0.15,"2008-11-03T15:50",3,11,2008,5203686,5203686,"HUMAN_OBSERVATION","TPWD","Lower Laguna Madre Bag Seine","",NA,"",NA,"CC0_1_0","","",NA,NA,2025-02-06 20:42:38.569,"","CONTINENT_DERIVED_FROM_COORDINATES"
3404028606,"836204c6-f8ca-49f3-be9a-afbae64ae72c","Station_188_Date_07JUL2005:09:47:00.000_Fundulus_grandis","Animalia","Chordata",NA,"Cyprinodontiformes","Fundulidae","Fundulus","Fundulus grandis",NA,"SPECIES","Fundulus grandis Baird & Girard, 1853","Fundulus grandis","Baird & Girard, 1853","US","Lower Laguna Madre Estuary","Texas","PRESENT",NA,"c3ad790a-d426-4ac1-8e32-da61f81f0117",26.361667,-97.319444,100,NA,NA,NA,0.1,0.1,"2005-07-07T09:47",7,7,2005,5203686,5203686,"HUMAN_OBSERVATION","TPWD","Lower Laguna Madre Bag Seine","",NA,"",NA,"CC0_1_0","","",NA,NA,2025-02-06 20:42:38.563,"","CONTINENT_DERIVED_FROM_COORDINATES"
3404028130,"836204c6-f8ca-49f3-be9a-afbae64ae72c","Station_87_Date_16MAR2006:12:15:00.000_Fundulus_grandis","Animalia","Chordata",NA,"Cyprinodontiformes","Fundulidae","Fundulus","Fundulus grandis",NA,"SPECIES","Fundulus grandis Baird & Girard, 1853","Fundulus grandis","Baird & Girard, 1853","US","Lower Laguna Madre Estuary","Texas","PRESENT",NA,"c3ad790a-d426-4ac1-8e32-da61f81f0117",26.556111,-97.4225,100,NA,NA,NA,0.2,0.2,"2006-03-16T12:15",16,3,2006,5203686,5203686,"HUMAN_OBSERVATION","TPWD","Lower Laguna Madre Bag Seine","",NA,"",NA,"CC0_1_0","","",NA,NA,2025-02-06 20:42:38.687,"","CONTINENT_DERIVED_FROM_COORDINATES"
3404027290,"836204c6-f8ca-49f3-be9a-afbae64ae72c","Station_137_Date_19JUL2007:13:13:00.000_Fundulus_grandis","Animalia","Chordata",NA,"Cyprinodontiformes","Fundulidae","Fundulus","Fundulus grandis",NA,"SPECIES","Fundulus grandis Baird & Girard, 1853","Fundulus grandis","Baird & Girard, 1853","US","Lower Laguna Madre Estuary","Texas","PRESENT",NA,"c3ad790a-d426-4ac1-8e32-da61f81f0117",26.453889,-97.369167,100,NA,NA,NA,0.15,0.15,"2007-07-19T13:13",19,7,2007,5203686,5203686,"HUMAN_OBSERVATION","TPWD","Lower Laguna Madre Bag Seine","",NA,"",NA,"CC0_1_0","","",NA,NA,2025-02-06 20:42:38.371,"","CONTINENT_DERIVED_FROM_COORDINATES"
3404027263,"836204c6-f8ca-49f3-be9a-afbae64ae72c","Station_120_Date_16APR2007:11:34:00.000_Fundulus_grandis","Animalia","Chordata",NA,"Cyprinodontiformes","Fundulidae","Fundulus","Fundulus grandis",NA,"SPECIES","Fundulus grandis Baird & Girard, 1853","Fundulus grandis","Baird & Girard, 1853","US","Lower Laguna Madre Estuary","Texas","PRESENT",NA,"c3ad790a-d426-4ac1-8e32-da61f81f0117",26.494444,-97.389167,100,NA,NA,NA,0.1,0.1,"2007-04-16T11:34",16,4,2007,5203686,5203686,"HUMAN_OBSERVATION","TPWD","Lower Laguna Madre Bag Seine","",NA,"",NA,"CC0_1_0","","",NA,NA,2025-02-06 20:42:38.366,"","CONTINENT_DERIVED_FROM_COORDINATES"
3404026236,"836204c6-f8ca-49f3-be9a-afbae64ae72c","Station_97_Date_27NOV2006:12:17:00.000_Fundulus_grandis","Animalia","Chordata",NA,"Cyprinodontiformes","Fundulidae","Fundulus","Fundulus grandis",NA,"SPECIES","Fundulus grandis Baird & Girard, 1853","Fundulus grandis","Baird & Girard, 1853","US","Lower Laguna Madre Estuary","Texas","PRESENT",NA,"c3ad790a-d426-4ac1-8e32-da61f81f0117",26.533333,-97.420556,100,NA,NA,NA,0.15,0.15,"2006-11-27T12:17",27,11,2006,5203686,5203686,"HUMAN_OBSERVATION","TPWD","Lower Laguna Madre Bag Seine","",NA,"",NA,"CC0_1_0","","",NA,NA,2025-02-06 20:42:38.937,"","CONTINENT_DERIVED_FROM_COORDINATES"
3404026074,"836204c6-f8ca-49f3-be9a-afbae64ae72c","Station_66_Date_23JUL2007:12:03:00.000_Fundulus_grandis","Animalia","Chordata",NA,"Cyprinodontiformes","Fundulidae","Fundulus","Fundulus grandis",NA,"SPECIES","Fundulus grandis Baird & Girard, 1853","Fundulus grandis","Baird & Girard, 1853","US","Lower Laguna Madre Estuary","Texas","PRESENT",NA,"c3ad790a-d426-4ac1-8e32-da61f81f0117",26.604444,-97.442222,100,NA,NA,NA,0.2,0.2,"2007-07-23T12:03",23,7,2007,5203686,5203686,"HUMAN_OBSERVATION","TPWD","Lower Laguna Madre Bag Seine","",NA,"",NA,"CC0_1_0","","",NA,NA,2025-02-06 20:42:38.888,"","CONTINENT_DERIVED_FROM_COORDINATES"
3403887352,"836204c6-f8ca-49f3-be9a-afbae64ae72c","Station_385_Date_20NOV2007:14:02:00.000_Fundulus_grandis","Animalia","Chordata",NA,"Cyprinodontiformes","Fundulidae","Fundulus","Fundulus grandis",NA,"SPECIES","Fundulus grandis Baird & Girard, 1853","Fundulus grandis","Baird & Girard, 1853","US","Lower Laguna Madre Estuary","Texas","PRESENT",NA,"c3ad790a-d426-4ac1-8e32-da61f81f0117",26.018333,-97.188889,100,NA,NA,NA,0.2,0.2,"2007-11-20T14:02",20,11,2007,5203686,5203686,"HUMAN_OBSERVATION","TPWD","Lower Laguna Madre Bag Seine","",NA,"",NA,"CC0_1_0","","",NA,NA,2025-02-06 20:42:38.517,"","CONTINENT_DERIVED_FROM_COORDINATES"
3403885357,"836204c6-f8ca-49f3-be9a-afbae64ae72c","Station_386_Date_10JUL2007:12:37:00.000_Fundulus_grandis","Animalia","Chordata",NA,"Cyprinodontiformes","Fundulidae","Fundulus","Fundulus grandis",NA,"SPECIES","Fundulus grandis Baird & Girard, 1853","Fundulus grandis","Baird & Girard, 1853","US","Lower Laguna Madre Estuary","Texas","PRESENT",NA,"c3ad790a-d426-4ac1-8e32-da61f81f0117",26.026944,-97.174167,100,NA,NA,NA,0.15,0.15,"2007-07-10T12:37",10,7,2007,5203686,5203686,"HUMAN_OBSERVATION","TPWD","Lower Laguna Madre Bag Seine","",NA,"",NA,"CC0_1_0","","",NA,NA,2025-02-06 20:42:38.71,"","CONTINENT_DERIVED_FROM_COORDINATES"
3403883328,"836204c6-f8ca-49f3-be9a-afbae64ae72c","Station_361_Date_21MAR2006:13:35:00.000_Fundulus_grandis","Animalia","Chordata",NA,"Cyprinodontiformes","Fundulidae","Fundulus","Fundulus grandis",NA,"SPECIES","Fundulus grandis Baird & Girard, 1853","Fundulus grandis","Baird & Girard, 1853","US","Lower Laguna Madre Estuary","Texas","PRESENT",NA,"c3ad790a-d426-4ac1-8e32-da61f81f0117",26.055556,-97.178611,100,NA,NA,NA,0.1,0.1,"2006-03-21T13:35",21,3,2006,5203686,5203686,"HUMAN_OBSERVATION","TPWD","Lower Laguna Madre Bag Seine","",NA,"",NA,"CC0_1_0","","",NA,NA,2025-02-06 20:42:39.031,"","CONTINENT_DERIVED_FROM_COORDINATES"
3403883281,"836204c6-f8ca-49f3-be9a-afbae64ae72c","Station_385_Date_16FEB2005:11:18:00.000_Fundulus_grandis","Animalia","Chordata",NA,"Cyprinodontiformes","Fundulidae","Fundulus","Fundulus grandis",NA,"SPECIES","Fundulus grandis Baird & Girard, 1853","Fundulus grandis","Baird & Girard, 1853","US","Lower Laguna Madre Estuary","Texas","PRESENT",NA,"c3ad790a-d426-4ac1-8e32-da61f81f0117",26.018056,-97.188889,100,NA,NA,NA,1.5,1.5,"2005-02-16T11:18",16,2,2005,5203686,5203686,"HUMAN_OBSERVATION","TPWD","Lower Laguna Madre Bag Seine","",NA,"",NA,"CC0_1_0","","",NA,NA,2025-02-06 20:42:38.708,"","CONTINENT_DERIVED_FROM_COORDINATES"
3403883271,"836204c6-f8ca-49f3-be9a-afbae64ae72c","Station_385_Date_04JAN2007:11:51:00.000_Fundulus_grandis","Animalia","Chordata",NA,"Cyprinodontiformes","Fundulidae","Fundulus","Fundulus grandis",NA,"SPECIES","Fundulus grandis Baird & Girard, 1853","Fundulus grandis","Baird & Girard, 1853","US","Lower Laguna Madre Estuary","Texas","PRESENT",NA,"c3ad790a-d426-4ac1-8e32-da61f81f0117",26.0175,-97.188056,100,NA,NA,NA,0.2,0.2,"2007-01-04T11:51",4,1,2007,5203686,5203686,"HUMAN_OBSERVATION","TPWD","Lower Laguna Madre Bag Seine","",NA,"",NA,"CC0_1_0","","",NA,NA,2025-02-06 20:42:38.694,"","CONTINENT_DERIVED_FROM_COORDINATES"
3403883248,"836204c6-f8ca-49f3-be9a-afbae64ae72c","Station_374_Date_07AUG2006:13:57:00.000_Fundulus_grandis","Animalia","Chordata",NA,"Cyprinodontiformes","Fundulidae","Fundulus","Fundulus grandis",NA,"SPECIES","Fundulus grandis Baird & Girard, 1853","Fundulus grandis","Baird & Girard, 1853","US","Lower Laguna Madre Estuary","Texas","PRESENT",NA,"c3ad790a-d426-4ac1-8e32-da61f81f0117",26.049167,-97.181667,100,NA,NA,NA,0.1,0.1,"2006-08-07T13:57",7,8,2006,5203686,5203686,"HUMAN_OBSERVATION","TPWD","Lower Laguna Madre Bag Seine","",NA,"",NA,"CC0_1_0","","",NA,NA,2025-02-06 20:42:38.691,"","CONTINENT_DERIVED_FROM_COORDINATES"
3403883245,"836204c6-f8ca-49f3-be9a-afbae64ae72c","Station_374_Date_02OCT2006:11:42:00.000_Fundulus_grandis","Animalia","Chordata",NA,"Cyprinodontiformes","Fundulidae","Fundulus","Fundulus grandis",NA,"SPECIES","Fundulus grandis Baird & Girard, 1853","Fundulus grandis","Baird & Girard, 1853","US","Lower Laguna Madre Estuary","Texas","PRESENT",NA,"c3ad790a-d426-4ac1-8e32-da61f81f0117",26.049722,-97.181944,100,NA,NA,NA,0.15,0.15,"2006-10-02T11:42",2,10,2006,5203686,5203686,"HUMAN_OBSERVATION","TPWD","Lower Laguna Madre Bag Seine","",NA,"",NA,"CC0_1_0","","",NA,NA,2025-02-06 20:42:38.691,"","CONTINENT_DERIVED_FROM_COORDINATES"
3403883233,"836204c6-f8ca-49f3-be9a-afbae64ae72c","Station_373_Date_06FEB2007:12:39:00.000_Fundulus_grandis","Animalia","Chordata",NA,"Cyprinodontiformes","Fundulidae","Fundulus","Fundulus grandis",NA,"SPECIES","Fundulus grandis Baird & Girard, 1853","Fundulus grandis","Baird & Girard, 1853","US","Lower Laguna Madre Estuary","Texas","PRESENT",NA,"c3ad790a-d426-4ac1-8e32-da61f81f0117",26.046111,-97.186389,100,NA,NA,NA,0.15,0.15,"2007-02-06T12:39",6,2,2007,5203686,5203686,"HUMAN_OBSERVATION","TPWD","Lower Laguna Madre Bag Seine","",NA,"",NA,"CC0_1_0","","",NA,NA,2025-02-06 20:42:38.689,"","CONTINENT_DERIVED_FROM_COORDINATES"
3403883153,"836204c6-f8ca-49f3-be9a-afbae64ae72c","Station_348_Date_23MAR2005:12:51:00.000_Fundulus_grandis","Animalia","Chordata",NA,"Cyprinodontiformes","Fundulidae","Fundulus","Fundulus grandis",NA,"SPECIES","Fundulus grandis Baird & Girard, 1853","Fundulus grandis","Baird & Girard, 1853","US","Lower Laguna Madre Estuary","Texas","PRESENT",NA,"c3ad790a-d426-4ac1-8e32-da61f81f0117",26.078611,-97.169444,100,NA,NA,NA,0.1,0.1,"2005-03-23T12:51",23,3,2005,5203686,5203686,"HUMAN_OBSERVATION","TPWD","Lower Laguna Madre Bag Seine","",NA,"",NA,"CC0_1_0","","",NA,NA,2025-02-06 20:42:38.678,"","CONTINENT_DERIVED_FROM_COORDINATES"
3403883082,"836204c6-f8ca-49f3-be9a-afbae64ae72c","Station_344_Date_19FEB2008:10:52:00.000_Fundulus_grandis","Animalia","Chordata",NA,"Cyprinodontiformes","Fundulidae","Fundulus","Fundulus grandis",NA,"SPECIES","Fundulus grandis Baird & Girard, 1853","Fundulus grandis","Baird & Girard, 1853","US","Lower Laguna Madre Estuary","Texas","PRESENT",NA,"c3ad790a-d426-4ac1-8e32-da61f81f0117",26.081111,-97.245,100,NA,NA,NA,0.15,0.15,"2008-02-19T10:52",19,2,2008,5203686,5203686,"HUMAN_OBSERVATION","TPWD","Lower Laguna Madre Bag Seine","",NA,"",NA,"CC0_1_0","","",NA,NA,2025-02-06 20:42:38.667,"","CONTINENT_DERIVED_FROM_COORDINATES"
3403882445,"836204c6-f8ca-49f3-be9a-afbae64ae72c","Station_199_Date_09JUL2007:11:55:00.000_Fundulus_grandis","Animalia","Chordata",NA,"Cyprinodontiformes","Fundulidae","Fundulus","Fundulus grandis",NA,"SPECIES","Fundulus grandis Baird & Girard, 1853","Fundulus grandis","Baird & Girard, 1853","US","Lower Laguna Madre Estuary","Texas","PRESENT",NA,"c3ad790a-d426-4ac1-8e32-da61f81f0117",26.333333,-97.315278,100,NA,NA,NA,0.2,0.2,"2007-07-09T11:55",9,7,2007,5203686,5203686,"HUMAN_OBSERVATION","TPWD","Lower Laguna Madre Bag Seine","",NA,"",NA,"CC0_1_0","","",NA,NA,2025-02-06 20:42:38.57,"","CONTINENT_DERIVED_FROM_COORDINATES"
3403882250,"836204c6-f8ca-49f3-be9a-afbae64ae72c","Station_348_Date_21MAR2006:11:55:00.000_Fundulus_grandis","Animalia","Chordata",NA,"Cyprinodontiformes","Fundulidae","Fundulus","Fundulus grandis",NA,"SPECIES","Fundulus grandis Baird & Girard, 1853","Fundulus grandis","Baird & Girard, 1853","US","Lower Laguna Madre Estuary","Texas","PRESENT",NA,"c3ad790a-d426-4ac1-8e32-da61f81f0117",26.079167,-97.168889,100,NA,NA,NA,0.45,0.15,"2006-03-21T11:55",21,3,2006,5203686,5203686,"HUMAN_OBSERVATION","TPWD","Lower Laguna Madre Bag Seine","",NA,"",NA,"CC0_1_0","","",NA,NA,2025-02-06 20:42:39.007,"","CONTINENT_DERIVED_FROM_COORDINATES"
3403882220,"836204c6-f8ca-49f3-be9a-afbae64ae72c","Station_345_Date_22JUN2005:13:40:00.000_Fundulus_grandis","Animalia","Chordata",NA,"Cyprinodontiformes","Fundulidae","Fundulus","Fundulus grandis",NA,"SPECIES","Fundulus grandis Baird & Girard, 1853","Fundulus grandis","Baird & Girard, 1853","US","Lower Laguna Madre Estuary","Texas","PRESENT",NA,"c3ad790a-d426-4ac1-8e32-da61f81f0117",26.078611,-97.229722,100,NA,NA,NA,0.25,0.25,"2005-06-22T13:40",22,6,2005,5203686,5203686,"HUMAN_OBSERVATION","TPWD","Lower Laguna Madre Bag Seine","",NA,"",NA,"CC0_1_0","","",NA,NA,2025-02-06 20:42:38.989,"","CONTINENT_DERIVED_FROM_COORDINATES"
3403882131,"836204c6-f8ca-49f3-be9a-afbae64ae72c","Station_329_Date_16DEC2006:13:50:00.000_Fundulus_grandis","Animalia","Chordata",NA,"Cyprinodontiformes","Fundulidae","Fundulus","Fundulus grandis",NA,"SPECIES","Fundulus grandis Baird & Girard, 1853","Fundulus grandis","Baird & Girard, 1853","US","Lower Laguna Madre Estuary","Texas","PRESENT",NA,"c3ad790a-d426-4ac1-8e32-da61f81f0117",26.088056,-97.273056,100,NA,NA,NA,0.15,0.15,"2006-12-16T13:50",16,12,2006,5203686,5203686,"HUMAN_OBSERVATION","TPWD","Lower Laguna Madre Bag Seine","",NA,"",NA,"CC0_1_0","","",NA,NA,2025-02-06 20:42:38.97,"","CONTINENT_DERIVED_FROM_COORDINATES"
3403881988,"836204c6-f8ca-49f3-be9a-afbae64ae72c","Station_300_Date_21AUG2006:10:53:00.000_Fundulus_grandis","Animalia","Chordata",NA,"Cyprinodontiformes","Fundulidae","Fundulus","Fundulus grandis",NA,"SPECIES","Fundulus grandis Baird & Girard, 1853","Fundulus grandis","Baird & Girard, 1853","US","Lower Laguna Madre Estuary","Texas","PRESENT",NA,"c3ad790a-d426-4ac1-8e32-da61f81f0117",26.142222,-97.296667,100,NA,NA,NA,0.15,0.15,"2006-08-21T10:53",21,8,2006,5203686,5203686,"HUMAN_OBSERVATION","TPWD","Lower Laguna Madre Bag Seine","",NA,"",NA,"CC0_1_0","","",NA,NA,2025-02-06 20:42:38.917,"","CONTINENT_DERIVED_FROM_COORDINATES"
3403881792,"836204c6-f8ca-49f3-be9a-afbae64ae72c","Station_252_Date_04FEB2008:12:25:00.000_Fundulus_grandis","Animalia","Chordata",NA,"Cyprinodontiformes","Fundulidae","Fundulus","Fundulus grandis",NA,"SPECIES","Fundulus grandis Baird & Girard, 1853","Fundulus grandis","Baird & Girard, 1853","US","Lower Laguna Madre Estuary","Texas","PRESENT",NA,"c3ad790a-d426-4ac1-8e32-da61f81f0117",26.238889,-97.281111,100,NA,NA,NA,0.05,0.05,"2008-02-04T12:25",4,2,2008,5203686,5203686,"HUMAN_OBSERVATION","TPWD","Lower Laguna Madre Bag Seine","",NA,"",NA,"CC0_1_0","","",NA,NA,2025-02-06 20:42:38.863,"","CONTINENT_DERIVED_FROM_COORDINATES"
3403881715,"836204c6-f8ca-49f3-be9a-afbae64ae72c","Station_225_Date_01MAY2006:15:49:00.000_Fundulus_grandis","Animalia","Chordata",NA,"Cyprinodontiformes","Fundulidae","Fundulus","Fundulus grandis",NA,"SPECIES","Fundulus grandis Baird & Girard, 1853","Fundulus grandis","Baird & Girard, 1853","US","Lower Laguna Madre Estuary","Texas","PRESENT",NA,"c3ad790a-d426-4ac1-8e32-da61f81f0117",26.2925,-97.296111,100,NA,NA,NA,0.15,0.15,"2006-05-01T15:49",1,5,2006,5203686,5203686,"HUMAN_OBSERVATION","TPWD","Lower Laguna Madre Bag Seine","",NA,"",NA,"CC0_1_0","","",NA,NA,2025-02-06 20:42:38.834,"","CONTINENT_DERIVED_FROM_COORDINATES"
3403881712,"836204c6-f8ca-49f3-be9a-afbae64ae72c","Station_224_Date_21JUN2006:11:15:00.000_Fundulus_grandis","Animalia","Chordata",NA,"Cyprinodontiformes","Fundulidae","Fundulus","Fundulus grandis",NA,"SPECIES","Fundulus grandis Baird & Girard, 1853","Fundulus grandis","Baird & Girard, 1853","US","Lower Laguna Madre Estuary","Texas","PRESENT",NA,"c3ad790a-d426-4ac1-8e32-da61f81f0117",26.298611,-97.300833,100,NA,NA,NA,0.2,0.2,"2006-06-21T11:15",21,6,2006,5203686,5203686,"HUMAN_OBSERVATION","TPWD","Lower Laguna Madre Bag Seine","",NA,"",NA,"CC0_1_0","","",NA,NA,2025-02-06 20:42:38.833,"","CONTINENT_DERIVED_FROM_COORDINATES"
3403881587,"836204c6-f8ca-49f3-be9a-afbae64ae72c","Station_198_Date_03DEC2008:10:42:00.000_Fundulus_grandis","Animalia","Chordata",NA,"Cyprinodontiformes","Fundulidae","Fundulus","Fundulus grandis",NA,"SPECIES","Fundulus grandis Baird & Girard, 1853","Fundulus grandis","Baird & Girard, 1853","US","Lower Laguna Madre Estuary","Texas","PRESENT",NA,"c3ad790a-d426-4ac1-8e32-da61f81f0117",26.344167,-97.32,100,NA,NA,NA,0.15,0.15,"2008-12-03T10:42",3,12,2008,5203686,5203686,"HUMAN_OBSERVATION","TPWD","Lower Laguna Madre Bag Seine","",NA,"",NA,"CC0_1_0","","",NA,NA,2025-02-06 20:42:38.804,"","CONTINENT_DERIVED_FROM_COORDINATES"
3403881244,"836204c6-f8ca-49f3-be9a-afbae64ae72c","Station_348_Date_06AUG2007:12:35:00.000_Fundulus_grandis","Animalia","Chordata",NA,"Cyprinodontiformes","Fundulidae","Fundulus","Fundulus grandis",NA,"SPECIES","Fundulus grandis Baird & Girard, 1853","Fundulus grandis","Baird & Girard, 1853","US","Lower Laguna Madre Estuary","Texas","PRESENT",NA,"c3ad790a-d426-4ac1-8e32-da61f81f0117",26.081111,-97.170833,100,NA,NA,NA,0.05,0.05,"2007-08-06T12:35",6,8,2007,5203686,5203686,"HUMAN_OBSERVATION","TPWD","Lower Laguna Madre Bag Seine","",NA,"",NA,"CC0_1_0","","",NA,NA,2025-02-06 20:42:38.5,"","CONTINENT_DERIVED_FROM_COORDINATES"
3403880663,"836204c6-f8ca-49f3-be9a-afbae64ae72c","Station_224_Date_03NOV2008:16:09:00.000_Fundulus_grandis","Animalia","Chordata",NA,"Cyprinodontiformes","Fundulidae","Fundulus","Fundulus grandis",NA,"SPECIES","Fundulus grandis Baird & Girard, 1853","Fundulus grandis","Baird & Girard, 1853","US","Lower Laguna Madre Estuary","Texas","PRESENT",NA,"c3ad790a-d426-4ac1-8e32-da61f81f0117",26.297222,-97.301111,100,NA,NA,NA,0.2,0.2,"2008-11-03T16:09",3,11,2008,5203686,5203686,"HUMAN_OBSERVATION","TPWD","Lower Laguna Madre Bag Seine","",NA,"",NA,"CC0_1_0","","",NA,NA,2025-02-06 20:42:38.41,"","CONTINENT_DERIVED_FROM_COORDINATES"
3403880588,"836204c6-f8ca-49f3-be9a-afbae64ae72c","Station_207_Date_07MAR2006:12:29:00.000_Fundulus_grandis","Animalia","Chordata",NA,"Cyprinodontiformes","Fundulidae","Fundulus","Fundulus grandis",NA,"SPECIES","Fundulus grandis Baird & Girard, 1853","Fundulus grandis","Baird & Girard, 1853","US","Lower Laguna Madre Estuary","Texas","PRESENT",NA,"c3ad790a-d426-4ac1-8e32-da61f81f0117",26.32,-97.312778,100,NA,NA,NA,0.15,0.15,"2006-03-07T12:29",7,3,2006,5203686,5203686,"HUMAN_OBSERVATION","TPWD","Lower Laguna Madre Bag Seine","",NA,"",NA,"CC0_1_0","","",NA,NA,2025-02-06 20:42:38.399,"","CONTINENT_DERIVED_FROM_COORDINATES"
3403880188,"836204c6-f8ca-49f3-be9a-afbae64ae72c","Station_335_Date_05APR2005:13:04:00.000_Fundulus_grandis","Animalia","Chordata",NA,"Cyprinodontiformes","Fundulidae","Fundulus","Fundulus grandis",NA,"SPECIES","Fundulus grandis Baird & Girard, 1853","Fundulus grandis","Baird & Girard, 1853","US","Lower Laguna Madre Estuary","Texas","PRESENT",NA,"c3ad790a-d426-4ac1-8e32-da61f81f0117",26.084167,-97.169444,100,NA,NA,NA,0.1,0.1,"2005-04-05T13:04",5,4,2005,5203686,5203686,"HUMAN_OBSERVATION","TPWD","Lower Laguna Madre Bag Seine","",NA,"",NA,"CC0_1_0","","",NA,NA,2025-02-06 20:42:38.99,"","CONTINENT_DERIVED_FROM_COORDINATES"
3403879975,"836204c6-f8ca-49f3-be9a-afbae64ae72c","Station_300_Date_12NOV2007:14:14:00.000_Fundulus_grandis","Animalia","Chordata",NA,"Cyprinodontiformes","Fundulidae","Fundulus","Fundulus grandis",NA,"SPECIES","Fundulus grandis Baird & Girard, 1853","Fundulus grandis","Baird & Girard, 1853","US","Lower Laguna Madre Estuary","Texas","PRESENT",NA,"c3ad790a-d426-4ac1-8e32-da61f81f0117",26.1375,-97.293056,100,NA,NA,NA,0.1,0.1,"2007-11-12T14:14",12,11,2007,5203686,5203686,"HUMAN_OBSERVATION","TPWD","Lower Laguna Madre Bag Seine","",NA,"",NA,"CC0_1_0","","",NA,NA,2025-02-06 20:42:38.94,"","CONTINENT_DERIVED_FROM_COORDINATES"
3403879629,"836204c6-f8ca-49f3-be9a-afbae64ae72c","Station_207_Date_18DEC2005:12:24:00.000_Fundulus_grandis","Animalia","Chordata",NA,"Cyprinodontiformes","Fundulidae","Fundulus","Fundulus grandis",NA,"SPECIES","Fundulus grandis Baird & Girard, 1853","Fundulus grandis","Baird & Girard, 1853","US","Lower Laguna Madre Estuary","Texas","PRESENT",NA,"c3ad790a-d426-4ac1-8e32-da61f81f0117",26.326944,-97.311667,100,NA,NA,NA,0.2,0.2,"2005-12-18T12:24",18,12,2005,5203686,5203686,"HUMAN_OBSERVATION","TPWD","Lower Laguna Madre Bag Seine","",NA,"",NA,"CC0_1_0","","",NA,NA,2025-02-06 20:42:38.838,"","CONTINENT_DERIVED_FROM_COORDINATES"
3403879615,"836204c6-f8ca-49f3-be9a-afbae64ae72c","Station_199_Date_22FEB2007:12:59:00.000_Fundulus_grandis","Animalia","Chordata",NA,"Cyprinodontiformes","Fundulidae","Fundulus","Fundulus grandis",NA,"SPECIES","Fundulus grandis Baird & Girard, 1853","Fundulus grandis","Baird & Girard, 1853","US","Lower Laguna Madre Estuary","Texas","PRESENT",NA,"c3ad790a-d426-4ac1-8e32-da61f81f0117",26.334167,-97.315278,100,NA,NA,NA,0.15,0.15,"2007-02-22T12:59",22,2,2007,5203686,5203686,"HUMAN_OBSERVATION","TPWD","Lower Laguna Madre Bag Seine","",NA,"",NA,"CC0_1_0","","",NA,NA,2025-02-06 20:42:38.834,"","CONTINENT_DERIVED_FROM_COORDINATES"
3403878958,"836204c6-f8ca-49f3-be9a-afbae64ae72c","Station_292_Date_22FEB2006:11:02:00.000_Fundulus_grandis","Animalia","Chordata",NA,"Cyprinodontiformes","Fundulidae","Fundulus","Fundulus grandis",NA,"SPECIES","Fundulus grandis Baird & Girard, 1853","Fundulus grandis","Baird & Girard, 1853","US","Lower Laguna Madre Estuary","Texas","PRESENT",NA,"c3ad790a-d426-4ac1-8e32-da61f81f0117",26.151944,-97.294444,100,NA,NA,NA,0.1,0.1,"2006-02-22T11:02",22,2,2006,5203686,5203686,"HUMAN_OBSERVATION","TPWD","Lower Laguna Madre Bag Seine","",NA,"",NA,"CC0_1_0","","",NA,NA,2025-02-06 20:42:39.155,"","CONTINENT_DERIVED_FROM_COORDINATES"
3403878723,"836204c6-f8ca-49f3-be9a-afbae64ae72c","Station_234_Date_19JUN2007:13:07:00.000_Fundulus_grandis","Animalia","Chordata",NA,"Cyprinodontiformes","Fundulidae","Fundulus","Fundulus grandis",NA,"SPECIES","Fundulus grandis Baird & Girard, 1853","Fundulus grandis","Baird & Girard, 1853","US","Lower Laguna Madre Estuary","Texas","PRESENT",NA,"c3ad790a-d426-4ac1-8e32-da61f81f0117",26.280278,-97.285,100,NA,NA,NA,0.2,0.2,"2007-06-19T13:07",19,6,2007,5203686,5203686,"HUMAN_OBSERVATION","TPWD","Lower Laguna Madre Bag Seine","",NA,"",NA,"CC0_1_0","","",NA,NA,2025-02-06 20:42:39.087,"","CONTINENT_DERIVED_FROM_COORDINATES"
3403878108,"836204c6-f8ca-49f3-be9a-afbae64ae72c","Station_328_Date_25JUN2008:09:47:00.000_Fundulus_grandis","Animalia","Chordata",NA,"Cyprinodontiformes","Fundulidae","Fundulus","Fundulus grandis",NA,"SPECIES","Fundulus grandis Baird & Girard, 1853","Fundulus grandis","Baird & Girard, 1853","US","Lower Laguna Madre Estuary","Texas","PRESENT",NA,"c3ad790a-d426-4ac1-8e32-da61f81f0117",26.097778,-97.285556,100,NA,NA,NA,0.1,0.1,"2008-06-25T09:47",25,6,2008,5203686,5203686,"HUMAN_OBSERVATION","TPWD","Lower Laguna Madre Bag Seine","",NA,"",NA,"CC0_1_0","","",NA,NA,2025-02-06 20:42:38.483,"","CONTINENT_DERIVED_FROM_COORDINATES"
3403877732,"836204c6-f8ca-49f3-be9a-afbae64ae72c","Station_252_Date_07JUL2005:10:33:00.000_Fundulus_grandis","Animalia","Chordata",NA,"Cyprinodontiformes","Fundulidae","Fundulus","Fundulus grandis",NA,"SPECIES","Fundulus grandis Baird & Girard, 1853","Fundulus grandis","Baird & Girard, 1853","US","Lower Laguna Madre Estuary","Texas","PRESENT",NA,"c3ad790a-d426-4ac1-8e32-da61f81f0117",26.238889,-97.278056,100,NA,NA,NA,0.15,0.15,"2005-07-07T10:33",7,7,2005,5203686,5203686,"HUMAN_OBSERVATION","TPWD","Lower Laguna Madre Bag Seine","",NA,"",NA,"CC0_1_0","","",NA,NA,2025-02-06 20:42:38.422,"","CONTINENT_DERIVED_FROM_COORDINATES"
3403877627,"836204c6-f8ca-49f3-be9a-afbae64ae72c","Station_224_Date_02MAY2005:17:29:00.000_Fundulus_grandis","Animalia","Chordata",NA,"Cyprinodontiformes","Fundulidae","Fundulus","Fundulus grandis",NA,"SPECIES","Fundulus grandis Baird & Girard, 1853","Fundulus grandis","Baird & Girard, 1853","US","Lower Laguna Madre Estuary","Texas","PRESENT",NA,"c3ad790a-d426-4ac1-8e32-da61f81f0117",26.297222,-97.300833,100,NA,NA,NA,0.15,0.15,"2005-05-02T17:29",2,5,2005,5203686,5203686,"HUMAN_OBSERVATION","TPWD","Lower Laguna Madre Bag Seine","",NA,"",NA,"CC0_1_0","","",NA,NA,2025-02-06 20:42:38.41,"","CONTINENT_DERIVED_FROM_COORDINATES"
3403877600,"836204c6-f8ca-49f3-be9a-afbae64ae72c","Station_218_Date_01MAR2005:13:13:00.000_Fundulus_grandis","Animalia","Chordata",NA,"Cyprinodontiformes","Fundulidae","Fundulus","Fundulus grandis",NA,"SPECIES","Fundulus grandis Baird & Girard, 1853","Fundulus grandis","Baird & Girard, 1853","US","Lower Laguna Madre Estuary","Texas","PRESENT",NA,"c3ad790a-d426-4ac1-8e32-da61f81f0117",26.303333,-97.296389,100,NA,NA,NA,0.2,0.2,"2005-03-01T13:13",1,3,2005,5203686,5203686,"HUMAN_OBSERVATION","TPWD","Lower Laguna Madre Bag Seine","",NA,"",NA,"CC0_1_0","","",NA,NA,2025-02-06 20:42:38.406,"","CONTINENT_DERIVED_FROM_COORDINATES"
3403877440,"836204c6-f8ca-49f3-be9a-afbae64ae72c","Station_169_Date_01JUN2005:17:15:00.000_Fundulus_grandis","Animalia","Chordata",NA,"Cyprinodontiformes","Fundulidae","Fundulus","Fundulus grandis",NA,"SPECIES","Fundulus grandis Baird & Girard, 1853","Fundulus grandis","Baird & Girard, 1853","US","Lower Laguna Madre Estuary","Texas","PRESENT",NA,"c3ad790a-d426-4ac1-8e32-da61f81f0117",26.391944,-97.327222,100,NA,NA,NA,0.1,0.1,"2005-06-01T17:15",1,6,2005,5203686,5203686,"HUMAN_OBSERVATION","TPWD","Lower Laguna Madre Bag Seine","",NA,"",NA,"CC0_1_0","","",NA,NA,2025-02-06 20:42:38.383,"","CONTINENT_DERIVED_FROM_COORDINATES"
3403877210,"836204c6-f8ca-49f3-be9a-afbae64ae72c","Station_347_Date_12NOV2007:13:13:00.000_Fundulus_grandis","Animalia","Chordata",NA,"Cyprinodontiformes","Fundulidae","Fundulus","Fundulus grandis",NA,"SPECIES","Fundulus grandis Baird & Girard, 1853","Fundulus grandis","Baird & Girard, 1853","US","Lower Laguna Madre Estuary","Texas","PRESENT",NA,"c3ad790a-d426-4ac1-8e32-da61f81f0117",26.072778,-97.196389,100,NA,NA,NA,0.2,0.2,"2007-11-12T13:13",12,11,2007,5203686,5203686,"HUMAN_OBSERVATION","TPWD","Lower Laguna Madre Bag Seine","",NA,"",NA,"CC0_1_0","","",NA,NA,2025-02-06 20:42:39.251,"","CONTINENT_DERIVED_FROM_COORDINATES"
3403877005,"836204c6-f8ca-49f3-be9a-afbae64ae72c","Station_309_Date_22FEB2006:11:37:00.000_Fundulus_grandis","Animalia","Chordata",NA,"Cyprinodontiformes","Fundulidae","Fundulus","Fundulus grandis",NA,"SPECIES","Fundulus grandis Baird & Girard, 1853","Fundulus grandis","Baird & Girard, 1853","US","Lower Laguna Madre Estuary","Texas","PRESENT",NA,"c3ad790a-d426-4ac1-8e32-da61f81f0117",26.129167,-97.286944,100,NA,NA,NA,0.15,0.15,"2006-02-22T11:37",22,2,2006,5203686,5203686,"HUMAN_OBSERVATION","TPWD","Lower Laguna Madre Bag Seine","",NA,"",NA,"CC0_1_0","","",NA,NA,2025-02-06 20:42:39.179,"","CONTINENT_DERIVED_FROM_COORDINATES"
3403876356,"836204c6-f8ca-49f3-be9a-afbae64ae72c","Station_120_Date_02MAR2006:10:45:00.000_Fundulus_grandis","Animalia","Chordata",NA,"Cyprinodontiformes","Fundulidae","Fundulus","Fundulus grandis",NA,"SPECIES","Fundulus grandis Baird & Girard, 1853","Fundulus grandis","Baird & Girard, 1853","US","Lower Laguna Madre Estuary","Texas","PRESENT",NA,"c3ad790a-d426-4ac1-8e32-da61f81f0117",26.488333,-97.386667,100,NA,NA,NA,0.15,0.15,"2006-03-02T10:45",2,3,2006,5203686,5203686,"HUMAN_OBSERVATION","TPWD","Lower Laguna Madre Bag Seine","",NA,"",NA,"CC0_1_0","","",NA,NA,2025-02-06 20:42:38.972,"","CONTINENT_DERIVED_FROM_COORDINATES"
3403876001,"836204c6-f8ca-49f3-be9a-afbae64ae72c","Station_309_Date_12JUN2007:18:45:00.000_Fundulus_grandis","Animalia","Chordata",NA,"Cyprinodontiformes","Fundulidae","Fundulus","Fundulus grandis",NA,"SPECIES","Fundulus grandis Baird & Girard, 1853","Fundulus grandis","Baird & Girard, 1853","US","Lower Laguna Madre Estuary","Texas","PRESENT",NA,"c3ad790a-d426-4ac1-8e32-da61f81f0117",26.116944,-97.285556,100,NA,NA,NA,0.1,0.1,"2007-06-12T18:45",12,6,2007,5203686,5203686,"HUMAN_OBSERVATION","TPWD","Lower Laguna Madre Bag Seine","",NA,"",NA,"CC0_1_0","","",NA,NA,2025-02-06 20:42:38.645,"","CONTINENT_DERIVED_FROM_COORDINATES"
3403875660,"836204c6-f8ca-49f3-be9a-afbae64ae72c","Station_224_Date_04SEP2007:11:46:00.000_Fundulus_grandis","Animalia","Chordata",NA,"Cyprinodontiformes","Fundulidae","Fundulus","Fundulus grandis",NA,"SPECIES","Fundulus grandis Baird & Girard, 1853","Fundulus grandis","Baird & Girard, 1853","US","Lower Laguna Madre Estuary","Texas","PRESENT",NA,"c3ad790a-d426-4ac1-8e32-da61f81f0117",26.299167,-97.303333,100,NA,NA,NA,0.25,0.25,"2007-09-04T11:46",4,9,2007,5203686,5203686,"HUMAN_OBSERVATION","TPWD","Lower Laguna Madre Bag Seine","",NA,"",NA,"CC0_1_0","","",NA,NA,2025-02-06 20:42:38.582,"","CONTINENT_DERIVED_FROM_COORDINATES"
3403875561,"836204c6-f8ca-49f3-be9a-afbae64ae72c","Station_198_Date_11DEC2006:13:12:00.000_Fundulus_grandis","Animalia","Chordata",NA,"Cyprinodontiformes","Fundulidae","Fundulus","Fundulus grandis",NA,"SPECIES","Fundulus grandis Baird & Girard, 1853","Fundulus grandis","Baird & Girard, 1853","US","Lower Laguna Madre Estuary","Texas","PRESENT",NA,"c3ad790a-d426-4ac1-8e32-da61f81f0117",26.343611,-97.32,100,NA,NA,NA,0.15,0.15,"2006-12-11T13:12",11,12,2006,5203686,5203686,"HUMAN_OBSERVATION","TPWD","Lower Laguna Madre Bag Seine","",NA,"",NA,"CC0_1_0","","",NA,NA,2025-02-06 20:42:38.567,"","CONTINENT_DERIVED_FROM_COORDINATES"
3403874778,"836204c6-f8ca-49f3-be9a-afbae64ae72c","Station_252_Date_01MAR2005:12:38:00.000_Fundulus_grandis","Animalia","Chordata",NA,"Cyprinodontiformes","Fundulidae","Fundulus","Fundulus grandis",NA,"SPECIES","Fundulus grandis Baird & Girard, 1853","Fundulus grandis","Baird & Girard, 1853","US","Lower Laguna Madre Estuary","Texas","PRESENT",NA,"c3ad790a-d426-4ac1-8e32-da61f81f0117",26.236389,-97.276111,100,NA,NA,NA,0.2,0.2,"2005-03-01T12:38",1,3,2005,5203686,5203686,"HUMAN_OBSERVATION","TPWD","Lower Laguna Madre Bag Seine","",NA,"",NA,"CC0_1_0","","",NA,NA,2025-02-06 20:42:38.885,"","CONTINENT_DERIVED_FROM_COORDINATES"
3403874619,"836204c6-f8ca-49f3-be9a-afbae64ae72c","Station_207_Date_04SEP2007:11:07:00.000_Fundulus_grandis","Animalia","Chordata",NA,"Cyprinodontiformes","Fundulidae","Fundulus","Fundulus grandis",NA,"SPECIES","Fundulus grandis Baird & Girard, 1853","Fundulus grandis","Baird & Girard, 1853","US","Lower Laguna Madre Estuary","Texas","PRESENT",NA,"c3ad790a-d426-4ac1-8e32-da61f81f0117",26.325,-97.313056,100,NA,NA,NA,0.35,0.15,"2007-09-04T11:07",4,9,2007,5203686,5203686,"HUMAN_OBSERVATION","TPWD","Lower Laguna Madre Bag Seine","",NA,"",NA,"CC0_1_0","","",NA,NA,2025-02-06 20:42:38.836,"","CONTINENT_DERIVED_FROM_COORDINATES"
3403874230,"836204c6-f8ca-49f3-be9a-afbae64ae72c","Station_374_Date_11JUN2007:16:35:00.000_Fundulus_grandis","Animalia","Chordata",NA,"Cyprinodontiformes","Fundulidae","Fundulus","Fundulus grandis",NA,"SPECIES","Fundulus grandis Baird & Girard, 1853","Fundulus grandis","Baird & Girard, 1853","US","Lower Laguna Madre Estuary","Texas","PRESENT",NA,"c3ad790a-d426-4ac1-8e32-da61f81f0117",26.047222,-97.182778,100,NA,NA,NA,0.15,0.15,"2007-06-11T16:35",11,6,2007,5203686,5203686,"HUMAN_OBSERVATION","TPWD","Lower Laguna Madre Bag Seine","",NA,"",NA,"CC0_1_0","","",NA,NA,2025-02-06 20:42:39.029,"","CONTINENT_DERIVED_FROM_COORDINATES"
3403873956,"836204c6-f8ca-49f3-be9a-afbae64ae72c","Station_318_Date_22FEB2006:12:12:00.000_Fundulus_grandis","Animalia","Chordata",NA,"Cyprinodontiformes","Fundulidae","Fundulus","Fundulus grandis",NA,"SPECIES","Fundulus grandis Baird & Girard, 1853","Fundulus grandis","Baird & Girard, 1853","US","Lower Laguna Madre Estuary","Texas","PRESENT",NA,"c3ad790a-d426-4ac1-8e32-da61f81f0117",26.115833,-97.284167,100,NA,NA,NA,0.1,0.1,"2006-02-22T12:12",22,2,2006,5203686,5203686,"HUMAN_OBSERVATION","TPWD","Lower Laguna Madre Bag Seine","",NA,"",NA,"CC0_1_0","","",NA,NA,2025-02-06 20:42:38.955,"","CONTINENT_DERIVED_FROM_COORDINATES"
3403873304,"836204c6-f8ca-49f3-be9a-afbae64ae72c","Station_154_Date_02MAR2006:12:06:00.000_Fundulus_grandis","Animalia","Chordata",NA,"Cyprinodontiformes","Fundulidae","Fundulus","Fundulus grandis",NA,"SPECIES","Fundulus grandis Baird & Girard, 1853","Fundulus grandis","Baird & Girard, 1853","US","Lower Laguna Madre Estuary","Texas","PRESENT",NA,"c3ad790a-d426-4ac1-8e32-da61f81f0117",26.429722,-97.358889,100,NA,NA,NA,0.2,0.2,"2006-03-02T12:06",2,3,2006,5203686,5203686,"HUMAN_OBSERVATION","TPWD","Lower Laguna Madre Bag Seine","",NA,"",NA,"CC0_1_0","","",NA,NA,2025-02-06 20:42:38.764,"","CONTINENT_DERIVED_FROM_COORDINATES"
3403873284,"836204c6-f8ca-49f3-be9a-afbae64ae72c","Station_154_Date_02JUN2008:11:38:00.000_Fundulus_grandis","Animalia","Chordata",NA,"Cyprinodontiformes","Fundulidae","Fundulus","Fundulus grandis",NA,"SPECIES","Fundulus grandis Baird & Girard, 1853","Fundulus grandis","Baird & Girard, 1853","US","Lower Laguna Madre Estuary","Texas","PRESENT",NA,"c3ad790a-d426-4ac1-8e32-da61f81f0117",26.422778,-97.356111,100,NA,NA,NA,0.15,0.15,"2008-06-02T11:38",2,6,2008,5203686,5203686,"HUMAN_OBSERVATION","TPWD","Lower Laguna Madre Bag Seine","",NA,"",NA,"CC0_1_0","","",NA,NA,2025-02-06 20:42:38.544,"","CONTINENT_DERIVED_FROM_COORDINATES"
3403873274,"836204c6-f8ca-49f3-be9a-afbae64ae72c","Station_146_Date_16JUL2008:13:18:00.000_Fundulus_grandis","Animalia","Chordata",NA,"Cyprinodontiformes","Fundulidae","Fundulus","Fundulus grandis",NA,"SPECIES","Fundulus grandis Baird & Girard, 1853","Fundulus grandis","Baird & Girard, 1853","US","Lower Laguna Madre Estuary","Texas","PRESENT",NA,"c3ad790a-d426-4ac1-8e32-da61f81f0117",26.442222,-97.363333,100,NA,NA,NA,0.05,0.05,"2008-07-16T13:18",16,7,2008,5203686,5203686,"HUMAN_OBSERVATION","TPWD","Lower Laguna Madre Bag Seine","",NA,"",NA,"CC0_1_0","","",NA,NA,2025-02-06 20:42:38.542,"","CONTINENT_DERIVED_FROM_COORDINATES"
3403873202,"836204c6-f8ca-49f3-be9a-afbae64ae72c","Station_119_Date_30OCT2007:15:56:00.000_Fundulus_grandis","Animalia","Chordata",NA,"Cyprinodontiformes","Fundulidae","Fundulus","Fundulus grandis",NA,"SPECIES","Fundulus grandis Baird & Girard, 1853","Fundulus grandis","Baird & Girard, 1853","US","Lower Laguna Madre Estuary","Texas","PRESENT",NA,"c3ad790a-d426-4ac1-8e32-da61f81f0117",26.498611,-97.408056,100,NA,NA,NA,0.15,0.15,"2007-10-30T15:56",30,10,2007,5203686,5203686,"HUMAN_OBSERVATION","TPWD","Lower Laguna Madre Bag Seine","",NA,"",NA,"CC0_1_0","","",NA,NA,2025-02-06 20:42:38.514,"","CONTINENT_DERIVED_FROM_COORDINATES"
3403872752,"836204c6-f8ca-49f3-be9a-afbae64ae72c","Station_32_Date_08JAN2007:11:57:00.000_Fundulus_grandis","Animalia","Chordata",NA,"Cyprinodontiformes","Fundulidae","Fundulus","Fundulus grandis",NA,"SPECIES","Fundulus grandis Baird & Girard, 1853","Fundulus grandis","Baird & Girard, 1853","US","Lower Laguna Madre Estuary","Texas","PRESENT",NA,"c3ad790a-d426-4ac1-8e32-da61f81f0117",26.712778,-97.465833,100,NA,NA,NA,0.1,0.1,"2007-01-08T11:57",8,1,2007,5203686,5203686,"HUMAN_OBSERVATION","TPWD","Lower Laguna Madre Bag Seine","",NA,"",NA,"CC0_1_0","","",NA,NA,2025-02-06 20:42:38.427,"","CONTINENT_DERIVED_FROM_COORDINATES"
3403872640,"836204c6-f8ca-49f3-be9a-afbae64ae72c","Station_28_Date_06DEC2005:12:47:00.000_Fundulus_grandis","Animalia","Chordata",NA,"Cyprinodontiformes","Fundulidae","Fundulus","Fundulus grandis",NA,"SPECIES","Fundulus grandis Baird & Girard, 1853","Fundulus grandis","Baird & Girard, 1853","US","Lower Laguna Madre Estuary","Texas","PRESENT",NA,"c3ad790a-d426-4ac1-8e32-da61f81f0117",26.722778,-97.428333,100,NA,NA,NA,0.15,0.15,"2005-12-06T12:47",6,12,2005,5203686,5203686,"HUMAN_OBSERVATION","TPWD","Lower Laguna Madre Bag Seine","",NA,"",NA,"CC0_1_0","","",NA,NA,2025-02-06 20:42:38.408,"","CONTINENT_DERIVED_FROM_COORDINATES"
3403868855,"836204c6-f8ca-49f3-be9a-afbae64ae72c","Station_31_Date_14MAY2007:17:13:00.000_Fundulus_grandis","Animalia","Chordata",NA,"Cyprinodontiformes","Fundulidae","Fundulus","Fundulus grandis",NA,"SPECIES","Fundulus grandis Baird & Girard, 1853","Fundulus grandis","Baird & Girard, 1853","US","Lower Laguna Madre Estuary","Texas","PRESENT",NA,"c3ad790a-d426-4ac1-8e32-da61f81f0117",26.709722,-97.467222,100,NA,NA,NA,0.15,0.15,"2007-05-14T17:13",14,5,2007,5203686,5203686,"HUMAN_OBSERVATION","TPWD","Lower Laguna Madre Bag Seine","",NA,"",NA,"CC0_1_0","","",NA,NA,2025-02-06 20:42:38.811,"","CONTINENT_DERIVED_FROM_COORDINATES"
3403866284,"836204c6-f8ca-49f3-be9a-afbae64ae72c","Station_146_Date_01APR2008:12:01:00.000_Fundulus_grandis","Animalia","Chordata",NA,"Cyprinodontiformes","Fundulidae","Fundulus","Fundulus grandis",NA,"SPECIES","Fundulus grandis Baird & Girard, 1853","Fundulus grandis","Baird & Girard, 1853","US","Lower Laguna Madre Estuary","Texas","PRESENT",NA,"c3ad790a-d426-4ac1-8e32-da61f81f0117",26.440278,-97.361667,100,NA,NA,NA,0.15,0.15,"2008-04-01T12:01",1,4,2008,5203686,5203686,"HUMAN_OBSERVATION","TPWD","Lower Laguna Madre Bag Seine","",NA,"",NA,"CC0_1_0","","",NA,NA,2025-02-06 20:42:38.76,"","CONTINENT_DERIVED_FROM_COORDINATES"
3403865904,"836204c6-f8ca-49f3-be9a-afbae64ae72c","Station_53_Date_18FEB2008:13:02:00.000_Fundulus_grandis","Animalia","Chordata",NA,"Cyprinodontiformes","Fundulidae","Fundulus","Fundulus grandis",NA,"SPECIES","Fundulus grandis Baird & Girard, 1853","Fundulus grandis","Baird & Girard, 1853","US","Lower Laguna Madre Estuary","Texas","PRESENT",NA,"c3ad790a-d426-4ac1-8e32-da61f81f0117",26.648889,-97.450833,100,NA,NA,NA,0.15,0.15,"2008-02-18T13:02",18,2,2008,5203686,5203686,"HUMAN_OBSERVATION","TPWD","Lower Laguna Madre Bag Seine","",NA,"",NA,"CC0_1_0","","",NA,NA,2025-02-06 20:42:38.653,"","CONTINENT_DERIVED_FROM_COORDINATES"
3403865580,"836204c6-f8ca-49f3-be9a-afbae64ae72c","Station_25_Date_22SEP2008:16:33:00.000_Fundulus_grandis","Animalia","Chordata",NA,"Cyprinodontiformes","Fundulidae","Fundulus","Fundulus grandis",NA,"SPECIES","Fundulus grandis Baird & Girard, 1853","Fundulus grandis","Baird & Girard, 1853","US","Lower Laguna Madre Estuary","Texas","PRESENT",NA,"c3ad790a-d426-4ac1-8e32-da61f81f0117",26.720278,-97.468056,100,NA,NA,NA,0.15,0.15,"2008-09-22T16:33",22,9,2008,5203686,5203686,"HUMAN_OBSERVATION","TPWD","Lower Laguna Madre Bag Seine","",NA,"",NA,"CC0_1_0","","",NA,NA,2025-02-06 20:42:38.559,"","CONTINENT_DERIVED_FROM_COORDINATES"
3403865356,"836204c6-f8ca-49f3-be9a-afbae64ae72c","Station_10_Date_01APR2008:12:40:00.000_Fundulus_grandis","Animalia","Chordata",NA,"Cyprinodontiformes","Fundulidae","Fundulus","Fundulus grandis",NA,"SPECIES","Fundulus grandis Baird & Girard, 1853","Fundulus grandis","Baird & Girard, 1853","US","Lower Laguna Madre Estuary","Texas","PRESENT",NA,"c3ad790a-d426-4ac1-8e32-da61f81f0117",26.776389,-97.473889,100,NA,NA,NA,0.1,0.1,"2008-04-01T12:40",1,4,2008,5203686,5203686,"HUMAN_OBSERVATION","TPWD","Lower Laguna Madre Bag Seine","",NA,"",NA,"CC0_1_0","","",NA,NA,2025-02-06 20:42:38.478,"","CONTINENT_DERIVED_FROM_COORDINATES"
3403856273,"836204c6-f8ca-49f3-be9a-afbae64ae72c","Station_6_Date_18DEC2006:10:27:00.000_Fundulus_grandis","Animalia","Chordata",NA,"Cyprinodontiformes","Fundulidae","Fundulus","Fundulus grandis",NA,"SPECIES","Fundulus grandis Baird & Girard, 1853","Fundulus grandis","Baird & Girard, 1853","US","Lower Laguna Madre Estuary","Texas","PRESENT",NA,"c3ad790a-d426-4ac1-8e32-da61f81f0117",26.788889,-97.475833,100,NA,NA,NA,0.15,0.15,"2006-12-18T10:27",18,12,2006,5203686,5203686,"HUMAN_OBSERVATION","TPWD","Lower Laguna Madre Bag Seine","",NA,"",NA,"CC0_1_0","","",NA,NA,2025-02-06 20:42:38.456,"","CONTINENT_DERIVED_FROM_COORDINATES"
3398894742,"50c9509d-22c7-4a22-a47d-8c48425ef4a7","https://www.inaturalist.org/observations/98975216","Animalia","Chordata",NA,"Cyprinodontiformes","Fundulidae","Fundulus","Fundulus grandis",NA,"SPECIES","Fundulus grandis Baird & Girard, 1853","Fundulus grandis","","US","","Texas","PRESENT",NA,"28eb1a3f-1c15-4a95-931a-4af90ecb574d",27.85091,-97.354311,40,NA,NA,NA,NA,NA,"2021-10-22T08:15:33",22,10,2021,5203686,5203686,"HUMAN_OBSERVATION","iNaturalist","Observations","98975216",NA,"Nick Loveland",2021-10-24 23:00:09,"CC_BY_NC_4_0","Shaun M. McCoshum","Shaun M. McCoshum",NA,NA,2025-06-07 01:30:08.366,"StillImage","COORDINATE_ROUNDED;CONTINENT_DERIVED_FROM_COORDINATES;TAXON_MATCH_TAXON_ID_IGNORED"
3391510280,"50c9509d-22c7-4a22-a47d-8c48425ef4a7","https://www.inaturalist.org/observations/98194272","Animalia","Chordata",NA,"Cyprinodontiformes","Fundulidae","Fundulus","Fundulus grandis",NA,"SPECIES","Fundulus grandis Baird & Girard, 1853","Fundulus grandis","","US","","Florida","PRESENT",NA,"28eb1a3f-1c15-4a95-931a-4af90ecb574d",27.994048,-82.687985,6,NA,NA,NA,NA,NA,"2021-10-10T13:29",10,10,2021,5203686,5203686,"HUMAN_OBSERVATION","iNaturalist","Observations","98194272",NA,"sisor",2021-10-14 14:20:10,"CC_BY_NC_4_0","sisor","sisor",NA,NA,2025-06-07 00:59:06.581,"StillImage","COORDINATE_ROUNDED;CONTINENT_DERIVED_FROM_COORDINATES;TAXON_MATCH_TAXON_ID_IGNORED"
3384984236,"50c9509d-22c7-4a22-a47d-8c48425ef4a7","https://www.inaturalist.org/observations/95114990","Animalia","Chordata",NA,"Cyprinodontiformes","Fundulidae","Fundulus","Fundulus grandis",NA,"SPECIES","Fundulus grandis Baird & Girard, 1853","Fundulus grandis","","US","","Texas","PRESENT",NA,"28eb1a3f-1c15-4a95-931a-4af90ecb574d",27.827065,-97.079571,200,NA,NA,NA,NA,NA,"2021-09-07T16:41",7,9,2021,5203686,5203686,"HUMAN_OBSERVATION","iNaturalist","Observations","95114990",NA,"jugbayjs",2021-09-17 04:44:44,"CC_BY_NC_4_0","jugbayjs","jugbayjs",NA,NA,2025-06-07 00:32:12.307,"StillImage","COORDINATE_ROUNDED;CONTINENT_DERIVED_FROM_COORDINATES;TAXON_MATCH_TAXON_ID_IGNORED"
3384970287,"50c9509d-22c7-4a22-a47d-8c48425ef4a7","https://www.inaturalist.org/observations/96163987","Animalia","Chordata",NA,"Cyprinodontiformes","Fundulidae","Fundulus","Fundulus grandis",NA,"SPECIES","Fundulus grandis Baird & Girard, 1853","Fundulus grandis","","US","","Florida","PRESENT",NA,"28eb1a3f-1c15-4a95-931a-4af90ecb574d",29.399088,-83.208962,8,NA,NA,NA,NA,NA,"2021-09-25T10:36:12",25,9,2021,5203686,5203686,"HUMAN_OBSERVATION","iNaturalist","Observations","96163987",NA,"uconnbirdfish",2021-09-26 15:17:15,"CC_BY_NC_4_0","Luke Smith","Luke Smith",NA,NA,2025-06-06 23:59:09.212,"StillImage","COORDINATE_ROUNDED;CONTINENT_DERIVED_FROM_COORDINATES;TAXON_MATCH_TAXON_ID_IGNORED"
3384968231,"50c9509d-22c7-4a22-a47d-8c48425ef4a7","https://www.inaturalist.org/observations/96164052","Animalia","Chordata",NA,"Cyprinodontiformes","Fundulidae","Fundulus","Fundulus grandis",NA,"SPECIES","Fundulus grandis Baird & Girard, 1853","Fundulus grandis","","US","","Florida","PRESENT",NA,"28eb1a3f-1c15-4a95-931a-4af90ecb574d",29.399063,-83.208947,16,NA,NA,NA,NA,NA,"2021-09-25T10:38:23",25,9,2021,5203686,5203686,"HUMAN_OBSERVATION","iNaturalist","Observations","96164052",NA,"uconnbirdfish",2021-09-26 15:17:06,"CC_BY_NC_4_0","Luke Smith","Luke Smith",NA,NA,2025-06-07 00:00:26.503,"StillImage","COORDINATE_ROUNDED;CONTINENT_DERIVED_FROM_COORDINATES;TAXON_MATCH_TAXON_ID_IGNORED"
3384523318,"50c9509d-22c7-4a22-a47d-8c48425ef4a7","https://www.inaturalist.org/observations/96163936","Animalia","Chordata",NA,"Cyprinodontiformes","Fundulidae","Fundulus","Fundulus grandis",NA,"SPECIES","Fundulus grandis Baird & Girard, 1853","Fundulus grandis","","US","","Florida","PRESENT",NA,"28eb1a3f-1c15-4a95-931a-4af90ecb574d",29.399122,-83.208878,8,NA,NA,NA,NA,NA,"2021-09-25T11:18:19",25,9,2021,5203686,5203686,"HUMAN_OBSERVATION","iNaturalist","Observations","96163936",NA,"Jason O'Connor",2021-09-26 01:34:36,"CC_BY_NC_4_0","Luke Smith","Luke Smith",NA,NA,2025-06-07 01:21:07.955,"StillImage","COORDINATE_ROUNDED;CONTINENT_DERIVED_FROM_COORDINATES;TAXON_MATCH_TAXON_ID_IGNORED"
3355714773,"50c9509d-22c7-4a22-a47d-8c48425ef4a7","https://www.inaturalist.org/observations/93514099","Animalia","Chordata",NA,"Cyprinodontiformes","Fundulidae","Fundulus","Fundulus grandis",NA,"SPECIES","Fundulus grandis Baird & Girard, 1853","Fundulus grandis","","US","","Texas","PRESENT",NA,"28eb1a3f-1c15-4a95-931a-4af90ecb574d",27.82722,-97.079505,2,NA,NA,NA,NA,NA,"2021-09-03T13:42",3,9,2021,5203686,5203686,"HUMAN_OBSERVATION","iNaturalist","Observations","93514099",NA,"Jon McIntyre",2021-09-03 20:46:29,"CC_BY_NC_4_0","Jon McIntyre","Jon McIntyre",NA,NA,2025-06-07 00:35:43.631,"StillImage","COORDINATE_ROUNDED;CONTINENT_DERIVED_FROM_COORDINATES;TAXON_MATCH_TAXON_ID_IGNORED"
3355653814,"50c9509d-22c7-4a22-a47d-8c48425ef4a7","https://www.inaturalist.org/observations/93542636","Animalia","Chordata",NA,"Cyprinodontiformes","Fundulidae","Fundulus","Fundulus grandis",NA,"SPECIES","Fundulus grandis Baird & Girard, 1853","Fundulus grandis","","US","","Louisiana","PRESENT",NA,"28eb1a3f-1c15-4a95-931a-4af90ecb574d",29.779096,-93.228443,NA,NA,NA,NA,NA,NA,"2021-09-03T11:56:29",3,9,2021,5203686,5203686,"HUMAN_OBSERVATION","iNaturalist","Observations","93542636",NA,"Robert Dobbs",2021-09-04 02:20:18,"CC_BY_NC_4_0","Robert Dobbs","Robert Dobbs",NA,NA,2025-06-07 01:56:15.242,"StillImage","COORDINATE_ROUNDED;CONTINENT_DERIVED_FROM_COORDINATES;TAXON_MATCH_TAXON_ID_IGNORED"
3355561220,"50c9509d-22c7-4a22-a47d-8c48425ef4a7","https://www.inaturalist.org/observations/93934037","Animalia","Chordata",NA,"Cyprinodontiformes","Fundulidae","Fundulus","Fundulus grandis",NA,"SPECIES","Fundulus grandis Baird & Girard, 1853","Fundulus grandis","","US","","Louisiana","PRESENT",NA,"28eb1a3f-1c15-4a95-931a-4af90ecb574d",29.756211,-93.610039,NA,NA,NA,NA,NA,NA,"2021-09-05T11:36:14",5,9,2021,5203686,5203686,"HUMAN_OBSERVATION","iNaturalist","Observations","93934037",NA,"Robert Dobbs",2021-09-06 23:36:45,"CC_BY_NC_4_0","Robert Dobbs","Robert Dobbs",NA,NA,2025-06-07 00:24:31.517,"StillImage","COORDINATE_ROUNDED;CONTINENT_DERIVED_FROM_COORDINATES;TAXON_MATCH_TAXON_ID_IGNORED"
3355453849,"50c9509d-22c7-4a22-a47d-8c48425ef4a7","https://www.inaturalist.org/observations/92367245","Animalia","Chordata",NA,"Cyprinodontiformes","Fundulidae","Fundulus","Fundulus grandis",NA,"SPECIES","Fundulus grandis Baird & Girard, 1853","Fundulus grandis","","US","","Texas","PRESENT",NA,"28eb1a3f-1c15-4a95-931a-4af90ecb574d",28.455595,-96.406928,20,NA,NA,NA,NA,NA,"2021-08-06T17:18:27",6,8,2021,5203686,5203686,"HUMAN_OBSERVATION","iNaturalist","Observations","92367245",NA,"johnwilliams",2021-08-24 15:33:07,"CC_BY_NC_4_0","johnwilliams","johnwilliams",NA,NA,2025-06-07 01:21:44.014,"StillImage","COORDINATE_ROUNDED;CONTINENT_DERIVED_FROM_COORDINATES;TAXON_MATCH_TAXON_ID_IGNORED"
3355406762,"50c9509d-22c7-4a22-a47d-8c48425ef4a7","https://www.inaturalist.org/observations/93542543","Animalia","Chordata",NA,"Cyprinodontiformes","Fundulidae","Fundulus","Fundulus grandis",NA,"SPECIES","Fundulus grandis Baird & Girard, 1853","Fundulus grandis","","US","","Louisiana","PRESENT",NA,"28eb1a3f-1c15-4a95-931a-4af90ecb574d",29.779084,-93.22844,NA,NA,NA,NA,NA,NA,"2021-09-03T11:56:04",3,9,2021,5203686,5203686,"HUMAN_OBSERVATION","iNaturalist","Observations","93542543",NA,"Robert Dobbs",2021-09-04 02:19:02,"CC_BY_NC_4_0","Robert Dobbs","Robert Dobbs",NA,NA,2025-06-07 02:42:10.598,"StillImage","COORDINATE_ROUNDED;CONTINENT_DERIVED_FROM_COORDINATES;TAXON_MATCH_TAXON_ID_IGNORED"
3355331907,"50c9509d-22c7-4a22-a47d-8c48425ef4a7","https://www.inaturalist.org/observations/93670037","Animalia","Chordata",NA,"Cyprinodontiformes","Fundulidae","Fundulus","Fundulus grandis",NA,"SPECIES","Fundulus grandis Baird & Girard, 1853","Fundulus grandis","","US","","Texas","PRESENT",NA,"28eb1a3f-1c15-4a95-931a-4af90ecb574d",27.673124,-97.326004,4,NA,NA,NA,NA,NA,"2021-09-04T08:25",4,9,2021,5203686,5203686,"HUMAN_OBSERVATION","iNaturalist","Observations","93670037",NA,"Nick Loveland",2021-09-07 14:43:07,"CC_BY_NC_4_0","Philip Woods","Philip Woods",NA,NA,2025-06-07 01:50:02.207,"StillImage","COORDINATE_ROUNDED;CONTINENT_DERIVED_FROM_COORDINATES;TAXON_MATCH_TAXON_ID_IGNORED"
3355318834,"50c9509d-22c7-4a22-a47d-8c48425ef4a7","https://www.inaturalist.org/observations/93542484","Animalia","Chordata",NA,"Cyprinodontiformes","Fundulidae","Fundulus","Fundulus grandis",NA,"SPECIES","Fundulus grandis Baird & Girard, 1853","Fundulus grandis","","US","","Louisiana","PRESENT",NA,"28eb1a3f-1c15-4a95-931a-4af90ecb574d",29.779092,-93.228435,NA,NA,NA,NA,NA,NA,"2021-09-03T11:52:35",3,9,2021,5203686,5203686,"HUMAN_OBSERVATION","iNaturalist","Observations","93542484",NA,"Robert Dobbs",2021-09-04 02:18:10,"CC_BY_NC_4_0","Robert Dobbs","Robert Dobbs",NA,NA,2025-06-07 02:38:36.541,"StillImage","COORDINATE_ROUNDED;CONTINENT_DERIVED_FROM_COORDINATES;TAXON_MATCH_TAXON_ID_IGNORED"
3338008007,"50c9509d-22c7-4a22-a47d-8c48425ef4a7","https://www.inaturalist.org/observations/91245835","Animalia","Chordata",NA,"Cyprinodontiformes","Fundulidae","Fundulus","Fundulus grandis",NA,"SPECIES","Fundulus grandis Baird & Girard, 1853","Fundulus grandis","","US","","Louisiana","PRESENT",NA,"28eb1a3f-1c15-4a95-931a-4af90ecb574d",29.265793,-89.953809,NA,NA,NA,NA,NA,NA,"2021-08-14T13:58:51",14,8,2021,5203686,5203686,"HUMAN_OBSERVATION","iNaturalist","Observations","91245835",NA,"R.C. Hoover",2021-08-15 12:28:09,"CC_BY_NC_4_0","R.C. Hoover","R.C. Hoover",NA,NA,2025-06-07 00:49:01.389,"StillImage","COORDINATE_ROUNDED;CONTINENT_DERIVED_FROM_COORDINATES;TAXON_MATCH_TAXON_ID_IGNORED"
3337746244,"50c9509d-22c7-4a22-a47d-8c48425ef4a7","https://www.inaturalist.org/observations/91597497","Animalia","Chordata",NA,"Cyprinodontiformes","Fundulidae","Fundulus","Fundulus grandis",NA,"SPECIES","Fundulus grandis Baird & Girard, 1853","Fundulus grandis","","US","","Texas","PRESENT",NA,"28eb1a3f-1c15-4a95-931a-4af90ecb574d",27.827237,-97.079502,2,NA,NA,NA,NA,NA,"2021-08-17T13:08",17,8,2021,5203686,5203686,"HUMAN_OBSERVATION","iNaturalist","Observations","91597497",NA,"Jon McIntyre",2021-08-18 02:14:32,"CC_BY_NC_4_0","Jon McIntyre","Jon McIntyre",NA,NA,2025-06-07 00:09:00.059,"StillImage","COORDINATE_ROUNDED;CONTINENT_DERIVED_FROM_COORDINATES;TAXON_MATCH_TAXON_ID_IGNORED"
3335229466,"50c9509d-22c7-4a22-a47d-8c48425ef4a7","https://www.inaturalist.org/observations/89964477","Animalia","Chordata",NA,"Cyprinodontiformes","Fundulidae","Fundulus","Fundulus grandis",NA,"SPECIES","Fundulus grandis Baird & Girard, 1853","Fundulus grandis","","US","","Texas","PRESENT",NA,"28eb1a3f-1c15-4a95-931a-4af90ecb574d",27.82719,-97.0795,2,NA,NA,NA,NA,NA,"2021-08-04T13:35",4,8,2021,5203686,5203686,"HUMAN_OBSERVATION","iNaturalist","Observations","89964477",NA,"Jon McIntyre",2021-08-04 22:38:28,"CC_BY_NC_4_0","Jon McIntyre","Jon McIntyre",NA,NA,2025-06-07 01:28:02.596,"StillImage","COORDINATE_ROUNDED;CONTINENT_DERIVED_FROM_COORDINATES;TAXON_MATCH_TAXON_ID_IGNORED"
3335151237,"50c9509d-22c7-4a22-a47d-8c48425ef4a7","https://www.inaturalist.org/observations/89710694","Animalia","Chordata",NA,"Cyprinodontiformes","Fundulidae","Fundulus","Fundulus grandis",NA,"SPECIES","Fundulus grandis Baird & Girard, 1853","Fundulus grandis","","US","","Texas","PRESENT",NA,"28eb1a3f-1c15-4a95-931a-4af90ecb574d",27.634358,-97.239053,8,NA,NA,NA,NA,NA,"2021-07-31T22:57",31,7,2021,5203686,5203686,"HUMAN_OBSERVATION","iNaturalist","Observations","89710694",NA,"spadefootatx",2021-08-02 23:20:54,"CC_BY_NC_4_0","spadefootatx","spadefootatx",NA,NA,2025-06-07 00:46:18.474,"StillImage","COORDINATE_ROUNDED;CONTINENT_DERIVED_FROM_COORDINATES;TAXON_MATCH_TAXON_ID_IGNORED"
3335108603,"50c9509d-22c7-4a22-a47d-8c48425ef4a7","https://www.inaturalist.org/observations/88900945","Animalia","Chordata",NA,"Cyprinodontiformes","Fundulidae","Fundulus","Fundulus grandis",NA,"SPECIES","Fundulus grandis Baird & Girard, 1853","Fundulus grandis","","US","","Texas","PRESENT",NA,"28eb1a3f-1c15-4a95-931a-4af90ecb574d",27.827243,-97.079564,2,NA,NA,NA,NA,NA,"2021-07-27T14:51",27,7,2021,5203686,5203686,"HUMAN_OBSERVATION","iNaturalist","Observations","88900945",NA,"Jon McIntyre",2021-07-28 03:07:54,"CC_BY_NC_4_0","Jon McIntyre","Jon McIntyre",NA,NA,2025-06-07 00:38:20.885,"StillImage","COORDINATE_ROUNDED;CONTINENT_DERIVED_FROM_COORDINATES;TAXON_MATCH_TAXON_ID_IGNORED"
3333429032,"50c9509d-22c7-4a22-a47d-8c48425ef4a7","https://www.inaturalist.org/observations/88630344","Animalia","Chordata",NA,"Cyprinodontiformes","Fundulidae","Fundulus","Fundulus grandis",NA,"SPECIES","Fundulus grandis Baird & Girard, 1853","Fundulus grandis","","US","","Louisiana","PRESENT",NA,"28eb1a3f-1c15-4a95-931a-4af90ecb574d",29.732784,-91.844254,NA,NA,NA,NA,NA,NA,"2021-07-25T12:45:33",25,7,2021,5203686,5203686,"HUMAN_OBSERVATION","iNaturalist","Observations","88630344",NA,"R.C. Hoover",2021-07-26 00:36:36,"CC_BY_NC_4_0","R.C. Hoover","R.C. Hoover",NA,NA,2025-06-07 00:00:29.243,"StillImage","COORDINATE_ROUNDED;CONTINENT_DERIVED_FROM_COORDINATES;TAXON_MATCH_TAXON_ID_IGNORED"
3333267391,"50c9509d-22c7-4a22-a47d-8c48425ef4a7","https://www.inaturalist.org/observations/72882479","Animalia","Chordata",NA,"Cyprinodontiformes","Fundulidae","Fundulus","Fundulus grandis",NA,"SPECIES","Fundulus grandis Baird & Girard, 1853","Fundulus grandis","","US","","Florida","PRESENT",NA,"28eb1a3f-1c15-4a95-931a-4af90ecb574d",25.948731,-81.747457,NA,NA,NA,NA,NA,NA,"2021-03-27T12:22",27,3,2021,5203686,5203686,"HUMAN_OBSERVATION","iNaturalist","Observations","72882479",NA,"pmk00001",2021-04-04 12:10:12,"CC_BY_NC_4_0","pmk00001","pmk00001",NA,NA,2025-06-07 00:12:32.239,"StillImage","COORDINATE_ROUNDED;CONTINENT_DERIVED_FROM_COORDINATES;TAXON_MATCH_TAXON_ID_IGNORED"
3333051885,"50c9509d-22c7-4a22-a47d-8c48425ef4a7","https://www.inaturalist.org/observations/88466889","Animalia","Chordata",NA,"Cyprinodontiformes","Fundulidae","Fundulus","Fundulus grandis",NA,"SPECIES","Fundulus grandis Baird & Girard, 1853","Fundulus grandis","","US","","Florida","PRESENT",NA,"28eb1a3f-1c15-4a95-931a-4af90ecb574d",30.398408,-86.896012,5,NA,NA,NA,NA,NA,"2021-07-23T18:46:18Z",23,7,2021,5203686,5203686,"HUMAN_OBSERVATION","iNaturalist","Observations","88466889",NA,"Em",2021-07-24 23:30:32,"CC_BY_NC_4_0","Em","Em",NA,NA,2025-06-07 01:06:04.672,"StillImage","COORDINATE_ROUNDED;CONTINENT_DERIVED_FROM_COORDINATES;TAXON_MATCH_TAXON_ID_IGNORED"
3330411463,"50c9509d-22c7-4a22-a47d-8c48425ef4a7","https://www.inaturalist.org/observations/83339048","Animalia","Chordata",NA,"Cyprinodontiformes","Fundulidae","Fundulus","Fundulus grandis",NA,"SPECIES","Fundulus grandis Baird & Girard, 1853","Fundulus grandis","","US","","Florida","PRESENT",NA,"28eb1a3f-1c15-4a95-931a-4af90ecb574d",26.464343,-82.113742,491,NA,NA,NA,NA,NA,"2021-06-14T10:34",14,6,2021,5203686,5203686,"HUMAN_OBSERVATION","iNaturalist","Observations","83339048",NA,"fredturt43",2021-07-19 23:16:44,"CC_BY_NC_4_0","Ben Zerante","Ben Zerante",NA,NA,2025-06-07 02:37:31.207,"StillImage","COORDINATE_ROUNDED;CONTINENT_DERIVED_FROM_COORDINATES;TAXON_MATCH_TAXON_ID_IGNORED"
3327699595,"50c9509d-22c7-4a22-a47d-8c48425ef4a7","https://www.inaturalist.org/observations/86153399","Animalia","Chordata",NA,"Cyprinodontiformes","Fundulidae","Fundulus","Fundulus grandis",NA,"SPECIES","Fundulus grandis Baird & Girard, 1853","Fundulus grandis","","US","","Alabama","PRESENT",NA,"28eb1a3f-1c15-4a95-931a-4af90ecb574d",30.254842,-87.688147,4,NA,NA,NA,NA,NA,"2021-07-05T15:12:46",5,7,2021,5203686,5203686,"HUMAN_OBSERVATION","iNaturalist","Observations","86153399",NA,"Richard the Critter Catcher",2021-07-12 04:20:12,"CC_BY_NC_4_0","lightning_whelk","lightning_whelk",NA,NA,2025-06-07 00:00:47.038,"StillImage","COORDINATE_ROUNDED;CONTINENT_DERIVED_FROM_COORDINATES;TAXON_MATCH_TAXON_ID_IGNORED"
3325867358,"50c9509d-22c7-4a22-a47d-8c48425ef4a7","https://www.inaturalist.org/observations/86041113","Animalia","Chordata",NA,"Cyprinodontiformes","Fundulidae","Fundulus","Fundulus grandis",NA,"SPECIES","Fundulus grandis Baird & Girard, 1853","Fundulus grandis","","US","","Florida","PRESENT",NA,"28eb1a3f-1c15-4a95-931a-4af90ecb574d",29.137992,-83.042969,5,NA,NA,NA,NA,NA,"2021-07-03T12:41:54",3,7,2021,5203686,5203686,"HUMAN_OBSERVATION","iNaturalist","Observations","86041113",NA,"northflorida_multispecies",2021-07-07 14:52:11,"CC_BY_NC_4_0","northflorida_multispecies","northflorida_multispecies",NA,NA,2025-06-07 00:55:58.605,"StillImage","COORDINATE_ROUNDED;CONTINENT_DERIVED_FROM_COORDINATES;TAXON_MATCH_TAXON_ID_IGNORED"
3321220362,"50c9509d-22c7-4a22-a47d-8c48425ef4a7","https://www.inaturalist.org/observations/85050174","Animalia","Chordata",NA,"Cyprinodontiformes","Fundulidae","Fundulus","Fundulus grandis",NA,"SPECIES","Fundulus grandis Baird & Girard, 1853","Fundulus grandis","","US","","Texas","PRESENT",NA,"28eb1a3f-1c15-4a95-931a-4af90ecb574d",27.827223,-97.079526,2,NA,NA,NA,NA,NA,"2021-06-29T14:51",29,6,2021,5203686,5203686,"HUMAN_OBSERVATION","iNaturalist","Observations","85050174",NA,"Jon McIntyre",2021-06-30 02:53:08,"CC_BY_NC_4_0","Jon McIntyre","Jon McIntyre",NA,NA,2025-06-07 01:48:12.698,"StillImage","COORDINATE_ROUNDED;CONTINENT_DERIVED_FROM_COORDINATES;TAXON_MATCH_TAXON_ID_IGNORED"
3321180038,"50c9509d-22c7-4a22-a47d-8c48425ef4a7","https://www.inaturalist.org/observations/84764758","Animalia","Chordata",NA,"Cyprinodontiformes","Fundulidae","Fundulus","Fundulus grandis",NA,"SPECIES","Fundulus grandis Baird & Girard, 1853","Fundulus grandis","","US","","Texas","PRESENT",NA,"28eb1a3f-1c15-4a95-931a-4af90ecb574d",31.689111,-97.217162,5310,NA,NA,NA,NA,NA,"2021-03-12T13:13:42",12,3,2021,5203686,5203686,"HUMAN_OBSERVATION","iNaturalist","Observations","84764758",NA,"Carmen G. Montana",2021-06-27 21:17:48,"CC_BY_NC_4_0","Carmen G. Montana","Carmen G. Montana",NA,NA,2025-06-07 02:42:49.951,"StillImage","COORDINATE_ROUNDED;CONTINENT_DERIVED_FROM_COORDINATES;TAXON_MATCH_TAXON_ID_IGNORED"
3320917111,"50c9509d-22c7-4a22-a47d-8c48425ef4a7","https://www.inaturalist.org/observations/84813112","Animalia","Chordata",NA,"Cyprinodontiformes","Fundulidae","Fundulus","Fundulus grandis",NA,"SPECIES","Fundulus grandis Baird & Girard, 1853","Fundulus grandis","","US","","Florida","PRESENT",NA,"28eb1a3f-1c15-4a95-931a-4af90ecb574d",30.452479,-81.522565,25,NA,NA,NA,NA,NA,"2021-06-27T14:49:50",27,6,2021,5203686,5203686,"HUMAN_OBSERVATION","iNaturalist","Observations","84813112",NA,"Nereus",2021-06-28 12:31:05,"CC_BY_NC_4_0","Ryan Cooke","Ryan Cooke",NA,NA,2025-06-07 01:12:47.786,"","COORDINATE_ROUNDED;CONTINENT_DERIVED_FROM_COORDINATES;TAXON_MATCH_TAXON_ID_IGNORED"
3320911137,"50c9509d-22c7-4a22-a47d-8c48425ef4a7","https://www.inaturalist.org/observations/84813077","Animalia","Chordata",NA,"Cyprinodontiformes","Fundulidae","Fundulus","Fundulus grandis",NA,"SPECIES","Fundulus grandis Baird & Girard, 1853","Fundulus grandis","","US","","Florida","PRESENT",NA,"28eb1a3f-1c15-4a95-931a-4af90ecb574d",30.452445,-81.522571,25,NA,NA,NA,NA,NA,"2021-06-27T14:50:05",27,6,2021,5203686,5203686,"HUMAN_OBSERVATION","iNaturalist","Observations","84813077",NA,"Nereus",2021-06-28 12:31:27,"CC_BY_NC_4_0","Ryan Cooke","Ryan Cooke",NA,NA,2025-06-06 23:53:37.236,"","COORDINATE_ROUNDED;CONTINENT_DERIVED_FROM_COORDINATES;TAXON_MATCH_TAXON_ID_IGNORED"
3314547338,"50c9509d-22c7-4a22-a47d-8c48425ef4a7","https://www.inaturalist.org/observations/84142047","Animalia","Chordata",NA,"Cyprinodontiformes","Fundulidae","Fundulus","Fundulus grandis",NA,"SPECIES","Fundulus grandis Baird & Girard, 1853","Fundulus grandis","","US","","Florida","PRESENT",NA,"28eb1a3f-1c15-4a95-931a-4af90ecb574d",30.465056,-87.028994,9777,NA,NA,NA,NA,NA,"2021-06-21T15:02:58Z",21,6,2021,5203686,5203686,"HUMAN_OBSERVATION","iNaturalist","Observations","84142047",NA,"morrid1",2021-06-23 03:51:33,"CC_BY_NC_4_0","morrid1","morrid1",NA,NA,2025-06-07 00:40:05.286,"StillImage","COORDINATE_ROUNDED;CONTINENT_DERIVED_FROM_COORDINATES;TAXON_MATCH_TAXON_ID_IGNORED"
3307467124,"50c9509d-22c7-4a22-a47d-8c48425ef4a7","https://www.inaturalist.org/observations/83343674","Animalia","Chordata",NA,"Cyprinodontiformes","Fundulidae","Fundulus","Fundulus grandis",NA,"SPECIES","Fundulus grandis Baird & Girard, 1853","Fundulus grandis","","US","","Texas","PRESENT",NA,"28eb1a3f-1c15-4a95-931a-4af90ecb574d",27.827074,-97.079498,4,NA,NA,NA,NA,NA,"2021-06-15T14:36",15,6,2021,5203686,5203686,"HUMAN_OBSERVATION","iNaturalist","Observations","83343674",NA,"Jon McIntyre",2021-06-17 02:27:55,"CC_BY_NC_4_0","Jon McIntyre","Jon McIntyre",NA,NA,2025-06-07 01:33:08.062,"StillImage","COORDINATE_ROUNDED;CONTINENT_DERIVED_FROM_COORDINATES;TAXON_MATCH_TAXON_ID_IGNORED"
3302307618,"50c9509d-22c7-4a22-a47d-8c48425ef4a7","https://www.inaturalist.org/observations/76973104","Animalia","Chordata",NA,"Cyprinodontiformes","Fundulidae","Fundulus","Fundulus grandis",NA,"SPECIES","Fundulus grandis Baird & Girard, 1853","Fundulus grandis","","US","","Texas","PRESENT",NA,"28eb1a3f-1c15-4a95-931a-4af90ecb574d",29.433625,-94.9487,222,NA,NA,NA,NA,NA,"2021-05-03T10:52:40",3,5,2021,5203686,5203686,"HUMAN_OBSERVATION","iNaturalist","Observations","76973104",NA,"Jon McIntyre",2021-05-27 05:06:25,"CC_BY_4_0","Jaime González","Jaime González",NA,NA,2025-06-07 01:46:24.617,"StillImage","COORDINATE_ROUNDED;CONTINENT_DERIVED_FROM_COORDINATES;TAXON_MATCH_TAXON_ID_IGNORED"
3302197463,"50c9509d-22c7-4a22-a47d-8c48425ef4a7","https://www.inaturalist.org/observations/82411074","Animalia","Chordata",NA,"Cyprinodontiformes","Fundulidae","Fundulus","Fundulus grandis",NA,"SPECIES","Fundulus grandis Baird & Girard, 1853","Fundulus grandis","","US","","Louisiana","PRESENT",NA,"28eb1a3f-1c15-4a95-931a-4af90ecb574d",29.21554,-90.018643,4137,NA,NA,NA,NA,NA,"2021-06-10T07:15Z",10,6,2021,5203686,5203686,"HUMAN_OBSERVATION","iNaturalist","Observations","82411074",NA,"uconnbirdfish",2021-06-10 16:17:00,"CC_BY_NC_4_0","chai_amanita","chai_amanita",NA,NA,2025-06-07 01:10:49.623,"StillImage","CONTINENT_DERIVED_FROM_COORDINATES;TAXON_MATCH_TAXON_ID_IGNORED"
3124562448,"50c9509d-22c7-4a22-a47d-8c48425ef4a7","https://www.inaturalist.org/observations/76145344","Animalia","Chordata",NA,"Cyprinodontiformes","Fundulidae","Fundulus","Fundulus grandis",NA,"SPECIES","Fundulus grandis Baird & Girard, 1853","Fundulus grandis","","US","","Texas","PRESENT",NA,"28eb1a3f-1c15-4a95-931a-4af90ecb574d",29.458902,-94.951255,406,NA,NA,NA,NA,NA,"2021-05-01T09:24:14",1,5,2021,5203686,5203686,"HUMAN_OBSERVATION","iNaturalist","Observations","76145344",NA,"Aaron Tjelmeland",2021-05-01 14:25:01,"CC_BY_NC_4_0","Aaron Tjelmeland","Aaron Tjelmeland",NA,NA,2025-06-07 01:25:39.013,"StillImage","COORDINATE_ROUNDED;CONTINENT_DERIVED_FROM_COORDINATES;TAXON_MATCH_TAXON_ID_IGNORED"
3118374575,"50c9509d-22c7-4a22-a47d-8c48425ef4a7","https://www.inaturalist.org/observations/78407556","Animalia","Chordata",NA,"Cyprinodontiformes","Fundulidae","Fundulus","Fundulus grandis",NA,"SPECIES","Fundulus grandis Baird & Girard, 1853","Fundulus grandis","","US","","Texas","PRESENT",NA,"28eb1a3f-1c15-4a95-931a-4af90ecb574d",27.467528,-97.860743,5,NA,NA,NA,NA,NA,"2021-05-11T18:41:04",11,5,2021,5203686,5203686,"HUMAN_OBSERVATION","iNaturalist","Observations","78407556",NA,"alejandro_bazaldua",2021-05-11 23:42:43,"CC_BY_NC_4_0","alejandro_bazaldua","alejandro_bazaldua",NA,NA,2025-06-07 01:00:01.539,"StillImage","COORDINATE_ROUNDED;CONTINENT_DERIVED_FROM_COORDINATES;TAXON_MATCH_TAXON_ID_IGNORED"
3113615520,"50c9509d-22c7-4a22-a47d-8c48425ef4a7","https://www.inaturalist.org/observations/78347056","Animalia","Chordata",NA,"Cyprinodontiformes","Fundulidae","Fundulus","Fundulus grandis",NA,"SPECIES","Fundulus grandis Baird & Girard, 1853","Fundulus grandis","","US","","Florida","PRESENT",NA,"28eb1a3f-1c15-4a95-931a-4af90ecb574d",30.285186,-87.509985,2,NA,NA,NA,NA,NA,"2021-05-10T23:18",10,5,2021,5203686,5203686,"HUMAN_OBSERVATION","iNaturalist","Observations","78347056",NA,"Ryan Grow",2021-05-11 14:27:57,"CC_BY_NC_4_0","Ryan Grow","Ryan Grow",NA,NA,2025-06-07 00:53:56.747,"StillImage","COORDINATE_ROUNDED;CONTINENT_DERIVED_FROM_COORDINATES;TAXON_MATCH_TAXON_ID_IGNORED"
3112888916,"50c9509d-22c7-4a22-a47d-8c48425ef4a7","https://www.inaturalist.org/observations/76973439","Animalia","Chordata",NA,"Cyprinodontiformes","Fundulidae","Fundulus","Fundulus grandis",NA,"SPECIES","Fundulus grandis Baird & Girard, 1853","Fundulus grandis","","US","","Texas","PRESENT",NA,"28eb1a3f-1c15-4a95-931a-4af90ecb574d",29.433574,-94.948621,278,NA,NA,NA,NA,NA,"2021-05-03T10:53:19",3,5,2021,5203686,5203686,"HUMAN_OBSERVATION","iNaturalist","Observations","76973439",NA,"Aaron Tjelmeland",2021-05-03 15:53:32,"CC_BY_NC_4_0","Aaron Tjelmeland","Aaron Tjelmeland",NA,NA,2025-06-06 23:58:46.461,"StillImage","COORDINATE_ROUNDED;CONTINENT_DERIVED_FROM_COORDINATES;TAXON_MATCH_TAXON_ID_IGNORED"
3112785985,"50c9509d-22c7-4a22-a47d-8c48425ef4a7","https://www.inaturalist.org/observations/76973671","Animalia","Chordata",NA,"Cyprinodontiformes","Fundulidae","Fundulus","Fundulus grandis",NA,"SPECIES","Fundulus grandis Baird & Girard, 1853","Fundulus grandis","","US","","Texas","PRESENT",NA,"28eb1a3f-1c15-4a95-931a-4af90ecb574d",29.433608,-94.948674,6,NA,NA,NA,NA,NA,"2021-05-03T10:53:44",3,5,2021,5203686,5203686,"HUMAN_OBSERVATION","iNaturalist","Observations","76973671",NA,"Aaron Tjelmeland",2021-05-03 15:54:12,"CC_BY_NC_4_0","Aaron Tjelmeland","Aaron Tjelmeland",NA,NA,2025-06-07 00:29:26.234,"StillImage","COORDINATE_ROUNDED;CONTINENT_DERIVED_FROM_COORDINATES;TAXON_MATCH_TAXON_ID_IGNORED"
3112601023,"50c9509d-22c7-4a22-a47d-8c48425ef4a7","https://www.inaturalist.org/observations/76973228","Animalia","Chordata",NA,"Cyprinodontiformes","Fundulidae","Fundulus","Fundulus grandis",NA,"SPECIES","Fundulus grandis Baird & Girard, 1853","Fundulus grandis","","US","","Texas","PRESENT",NA,"28eb1a3f-1c15-4a95-931a-4af90ecb574d",29.433651,-94.948667,381,NA,NA,NA,NA,NA,"2021-05-03T10:52:35",3,5,2021,5203686,5203686,"HUMAN_OBSERVATION","iNaturalist","Observations","76973228",NA,"Aaron Tjelmeland",2021-05-03 15:52:57,"CC_BY_NC_4_0","Aaron Tjelmeland","Aaron Tjelmeland",NA,NA,2025-06-07 02:42:11.499,"StillImage","COORDINATE_ROUNDED;CONTINENT_DERIVED_FROM_COORDINATES;TAXON_MATCH_TAXON_ID_IGNORED"
3112288728,"50c9509d-22c7-4a22-a47d-8c48425ef4a7","https://www.inaturalist.org/observations/75952360","Animalia","Chordata",NA,"Cyprinodontiformes","Fundulidae","Fundulus","Fundulus grandis",NA,"SPECIES","Fundulus grandis Baird & Girard, 1853","Fundulus grandis","","US","","Texas","PRESENT",NA,"28eb1a3f-1c15-4a95-931a-4af90ecb574d",29.432542,-94.94275,7,NA,NA,NA,NA,NA,"2021-04-30T14:05:36",30,4,2021,5203686,5203686,"HUMAN_OBSERVATION","iNaturalist","Observations","75952360",NA,"Aaron Tjelmeland",2021-04-30 22:19:50,"CC_BY_NC_4_0","Aaron Tjelmeland","Aaron Tjelmeland",NA,NA,2025-06-07 00:07:01.941,"StillImage","COORDINATE_ROUNDED;CONTINENT_DERIVED_FROM_COORDINATES;TAXON_MATCH_TAXON_ID_IGNORED"
3097392640,"50c9509d-22c7-4a22-a47d-8c48425ef4a7","https://www.inaturalist.org/observations/74834369","Animalia","Chordata",NA,"Cyprinodontiformes","Fundulidae","Fundulus","Fundulus grandis",NA,"SPECIES","Fundulus grandis Baird & Girard, 1853","Fundulus grandis","","US","","Florida","PRESENT",NA,"28eb1a3f-1c15-4a95-931a-4af90ecb574d",30.398558,-86.229317,4,NA,NA,NA,NA,NA,"2021-04-22T09:01:45Z",22,4,2021,5203686,5203686,"HUMAN_OBSERVATION","iNaturalist","Observations","74834369",NA,"uconnbirdfish",2021-04-22 14:17:41,"CC_BY_NC_4_0","hollyhansen24","hollyhansen24",NA,NA,2025-06-07 00:14:51.244,"StillImage","COORDINATE_ROUNDED;CONTINENT_DERIVED_FROM_COORDINATES;TAXON_MATCH_TAXON_ID_IGNORED"
3079743613,"50c9509d-22c7-4a22-a47d-8c48425ef4a7","https://www.inaturalist.org/observations/72882478","Animalia","Chordata",NA,"Cyprinodontiformes","Fundulidae","Fundulus","Fundulus grandis",NA,"SPECIES","Fundulus grandis Baird & Girard, 1853","Fundulus grandis","","US","","Florida","PRESENT",NA,"28eb1a3f-1c15-4a95-931a-4af90ecb574d",25.9474,-81.745323,NA,NA,NA,NA,NA,NA,"2021-03-27T11:49",27,3,2021,5203686,5203686,"HUMAN_OBSERVATION","iNaturalist","Observations","72882478",NA,"pmk00001",2021-04-04 12:10:11,"CC_BY_NC_4_0","pmk00001","pmk00001",NA,NA,2025-06-07 00:12:16.182,"StillImage","COORDINATE_ROUNDED;CONTINENT_DERIVED_FROM_COORDINATES;TAXON_MATCH_TAXON_ID_IGNORED"
3070704832,"50c9509d-22c7-4a22-a47d-8c48425ef4a7","https://www.inaturalist.org/observations/72412103","Animalia","Chordata",NA,"Cyprinodontiformes","Fundulidae","Fundulus","Fundulus grandis",NA,"SPECIES","Fundulus grandis Baird & Girard, 1853","Fundulus grandis","","US","","Texas","PRESENT",NA,"28eb1a3f-1c15-4a95-931a-4af90ecb574d",30.988265,-103.707301,4,NA,NA,NA,NA,NA,"2021-03-24T15:45",24,3,2021,5203686,5203686,"HUMAN_OBSERVATION","iNaturalist","Observations","72412103",NA,"Rich Kostecke",2021-03-30 01:21:42,"CC_BY_NC_4_0","Rich Kostecke","Rich Kostecke",NA,NA,2025-06-07 00:42:17.731,"StillImage","CONTINENT_DERIVED_FROM_COORDINATES;TAXON_MATCH_TAXON_ID_IGNORED"
3070488888,"50c9509d-22c7-4a22-a47d-8c48425ef4a7","https://www.inaturalist.org/observations/41502760","Animalia","Chordata",NA,"Cyprinodontiformes","Fundulidae","Fundulus","Fundulus grandis",NA,"SPECIES","Fundulus grandis Baird & Girard, 1853","Fundulus grandis","","US","","Florida","PRESENT",NA,"28eb1a3f-1c15-4a95-931a-4af90ecb574d",29.416947,-83.179237,5,NA,NA,NA,NA,NA,"2020-04-05T17:30:28",5,4,2020,5203686,5203686,"HUMAN_OBSERVATION","iNaturalist","Observations","41502760",NA,"Noah Frade",2020-04-06 01:52:36,"CC_BY_4_0","Noah Frade","Noah Frade",NA,NA,2025-06-07 00:28:04.708,"StillImage","COORDINATE_ROUNDED;CONTINENT_DERIVED_FROM_COORDINATES;TAXON_MATCH_TAXON_ID_IGNORED"
3070481894,"50c9509d-22c7-4a22-a47d-8c48425ef4a7","https://www.inaturalist.org/observations/42597137","Animalia","Chordata",NA,"Cyprinodontiformes","Fundulidae","Fundulus","Fundulus grandis",NA,"SPECIES","Fundulus grandis Baird & Girard, 1853","Fundulus grandis","","US","","Florida","PRESENT",NA,"28eb1a3f-1c15-4a95-931a-4af90ecb574d",29.290558,-83.062697,4,NA,NA,NA,NA,NA,"2020-04-19T11:39:27",19,4,2020,5203686,5203686,"HUMAN_OBSERVATION","iNaturalist","Observations","42597137",NA,"Noah Frade",2020-04-19 19:08:44,"CC_BY_4_0","Noah Frade","Noah Frade",NA,NA,2025-06-07 00:49:23.225,"StillImage","COORDINATE_ROUNDED;CONTINENT_DERIVED_FROM_COORDINATES;TAXON_MATCH_TAXON_ID_IGNORED"
3067908522,"50c9509d-22c7-4a22-a47d-8c48425ef4a7","https://www.inaturalist.org/observations/71977065","Animalia","Chordata",NA,"Cyprinodontiformes","Fundulidae","Fundulus","Fundulus grandis",NA,"SPECIES","Fundulus grandis Baird & Girard, 1853","Fundulus grandis","","US","","Texas","PRESENT",NA,"28eb1a3f-1c15-4a95-931a-4af90ecb574d",30.988247,-103.707275,5,NA,NA,NA,NA,NA,"2021-03-24T16:54:29",24,3,2021,5203686,5203686,"HUMAN_OBSERVATION","iNaturalist","Observations","71977065",NA,"John Karges",2021-03-24 22:05:59,"CC_BY_NC_4_0","John Karges","John Karges",NA,NA,2025-06-06 23:52:34.215,"StillImage","COORDINATE_ROUNDED;CONTINENT_DERIVED_FROM_COORDINATES;TAXON_MATCH_TAXON_ID_IGNORED"
3044961059,"50c9509d-22c7-4a22-a47d-8c48425ef4a7","https://www.inaturalist.org/observations/70108876","Animalia","Chordata",NA,"Cyprinodontiformes","Fundulidae","Fundulus","Fundulus grandis",NA,"SPECIES","Fundulus grandis Baird & Girard, 1853","Fundulus grandis","","US","","Texas","PRESENT",NA,"28eb1a3f-1c15-4a95-931a-4af90ecb574d",27.708854,-97.305368,2,NA,NA,NA,NA,NA,"2021-02-24T10:50",24,2,2021,5203686,5203686,"HUMAN_OBSERVATION","iNaturalist","Observations","70108876",NA,"Jon McIntyre",2021-02-24 21:17:38,"CC_BY_NC_4_0","Jon McIntyre","Jon McIntyre",NA,NA,2025-06-07 01:03:12.994,"StillImage","COORDINATE_ROUNDED;CONTINENT_DERIVED_FROM_COORDINATES;TAXON_MATCH_TAXON_ID_IGNORED"
3044948567,"50c9509d-22c7-4a22-a47d-8c48425ef4a7","https://www.inaturalist.org/observations/69778381","Animalia","Chordata",NA,"Cyprinodontiformes","Fundulidae","Fundulus","Fundulus grandis",NA,"SPECIES","Fundulus grandis Baird & Girard, 1853","Fundulus grandis","","US","","Texas","PRESENT",NA,"28eb1a3f-1c15-4a95-931a-4af90ecb574d",27.491311,-97.266815,2,NA,NA,NA,NA,NA,"2021-02-18T10:20",18,2,2021,5203686,5203686,"HUMAN_OBSERVATION","iNaturalist","Observations","69778381",NA,"Jon McIntyre",2021-02-18 19:37:53,"CC_BY_NC_4_0","Jon McIntyre","Jon McIntyre",NA,NA,2025-06-07 00:07:03.467,"StillImage","COORDINATE_ROUNDED;CONTINENT_DERIVED_FROM_COORDINATES;TAXON_MATCH_TAXON_ID_IGNORED"
3044606453,"50c9509d-22c7-4a22-a47d-8c48425ef4a7","https://www.inaturalist.org/observations/40326641","Animalia","Chordata",NA,"Cyprinodontiformes","Fundulidae","Fundulus","Fundulus grandis",NA,"SPECIES","Fundulus grandis Baird & Girard, 1853","Fundulus grandis","","US","","Florida","PRESENT",NA,"28eb1a3f-1c15-4a95-931a-4af90ecb574d",28.904988,-82.646084,108,NA,NA,NA,NA,NA,"2014-03-08T14:32",8,3,2014,5203686,5203686,"HUMAN_OBSERVATION","iNaturalist","Observations","40326641",NA,"pmk00001",2020-03-20 23:02:30,"CC_BY_4_0","Masumi Palhof","Masumi Palhof",NA,NA,2025-06-07 00:28:39.604,"StillImage","COORDINATE_ROUNDED;CONTINENT_DERIVED_FROM_COORDINATES;TAXON_MATCH_TAXON_ID_IGNORED"
3039159930,"50c9509d-22c7-4a22-a47d-8c48425ef4a7","https://www.inaturalist.org/observations/68781001","Animalia","Chordata",NA,"Cyprinodontiformes","Fundulidae","Fundulus","Fundulus grandis",NA,"SPECIES","Fundulus grandis Baird & Girard, 1853","Fundulus grandis","","US","","Mississippi","PRESENT",NA,"28eb1a3f-1c15-4a95-931a-4af90ecb574d",30.363351,-88.767013,NA,NA,NA,NA,NA,NA,"2021-01-29T16:16:42",29,1,2021,5203686,5203686,"HUMAN_OBSERVATION","iNaturalist","Observations","68781001",NA,"Abby Darrah",2021-01-29 23:41:10,"CC_BY_4_0","Abby Darrah","Abby Darrah",NA,NA,2025-06-07 01:23:22.708,"StillImage","COORDINATE_ROUNDED;CONTINENT_DERIVED_FROM_COORDINATES;TAXON_MATCH_TAXON_ID_IGNORED"
3031909779,"50c9509d-22c7-4a22-a47d-8c48425ef4a7","https://www.inaturalist.org/observations/68038753","Animalia","Chordata",NA,"Cyprinodontiformes","Fundulidae","Fundulus","Fundulus grandis",NA,"SPECIES","Fundulus grandis Baird & Girard, 1853","Fundulus grandis","","US","","Florida","PRESENT",NA,"28eb1a3f-1c15-4a95-931a-4af90ecb574d",26.46135,-82.133003,5,NA,NA,NA,NA,NA,"2021-01-13T10:10:45",13,1,2021,5203686,5203686,"HUMAN_OBSERVATION","iNaturalist","Observations","68038753",NA,"Larry Chen",2021-01-14 04:19:29,"CC_BY_NC_4_0","Larry Chen","Larry Chen",NA,NA,2025-06-07 02:40:42.623,"StillImage","COORDINATE_ROUNDED;CONTINENT_DERIVED_FROM_COORDINATES;TAXON_MATCH_TAXON_ID_IGNORED"
3018011815,"50c9509d-22c7-4a22-a47d-8c48425ef4a7","https://www.inaturalist.org/observations/67497475","Animalia","Chordata",NA,"Cyprinodontiformes","Fundulidae","Fundulus","Fundulus grandis",NA,"SPECIES","Fundulus grandis Baird & Girard, 1853","Fundulus grandis","","US","","Florida","PRESENT",NA,"28eb1a3f-1c15-4a95-931a-4af90ecb574d",29.213753,-83.050583,5,NA,NA,NA,NA,NA,"2020-12-28T11:38:48",28,12,2020,5203686,5203686,"HUMAN_OBSERVATION","iNaturalist","Observations","67497475",NA,"northflorida_multispecies",2021-01-03 04:34:38,"CC_BY_NC_4_0","northflorida_multispecies","northflorida_multispecies",NA,NA,2025-06-07 00:38:08.15,"StillImage","COORDINATE_ROUNDED;CONTINENT_DERIVED_FROM_COORDINATES;TAXON_MATCH_TAXON_ID_IGNORED"
3017950668,"50c9509d-22c7-4a22-a47d-8c48425ef4a7","https://www.inaturalist.org/observations/67402899","Animalia","Chordata",NA,"Cyprinodontiformes","Fundulidae","Fundulus","Fundulus grandis",NA,"SPECIES","Fundulus grandis Baird & Girard, 1853","Fundulus grandis","","US","","Florida","PRESENT",NA,"28eb1a3f-1c15-4a95-931a-4af90ecb574d",28.76119,-82.633781,8,NA,NA,NA,NA,NA,"2020-12-31T21:00:07",31,12,2020,5203686,5203686,"HUMAN_OBSERVATION","iNaturalist","Observations","67402899",NA,"Garrett",2021-01-01 15:22:53,"CC_BY_NC_4_0","Garrett","Garrett",NA,NA,2025-06-07 02:40:42.789,"StillImage","COORDINATE_ROUNDED;CONTINENT_DERIVED_FROM_COORDINATES;TAXON_MATCH_TAXON_ID_IGNORED"
2826250180,"50c9509d-22c7-4a22-a47d-8c48425ef4a7","https://www.inaturalist.org/observations/55092319","Animalia","Chordata",NA,"Cyprinodontiformes","Fundulidae","Fundulus","Fundulus grandis",NA,"SPECIES","Fundulus grandis Baird & Girard, 1853","Fundulus grandis","","US","","Florida","PRESENT",NA,"28eb1a3f-1c15-4a95-931a-4af90ecb574d",27.844522,-82.630532,4,NA,NA,NA,NA,NA,"2020-07-29T15:38",29,7,2020,5203686,5203686,"HUMAN_OBSERVATION","iNaturalist","Observations","55092319",NA,"sisor",2020-08-01 22:51:26,"CC_BY_NC_4_0","sisor","sisor",NA,NA,2025-06-06 23:51:21.547,"StillImage","COORDINATE_ROUNDED;CONTINENT_DERIVED_FROM_COORDINATES;TAXON_MATCH_TAXON_ID_IGNORED"
2823259388,"50c9509d-22c7-4a22-a47d-8c48425ef4a7","https://www.inaturalist.org/observations/53891019","Animalia","Chordata",NA,"Cyprinodontiformes","Fundulidae","Fundulus","Fundulus grandis",NA,"SPECIES","Fundulus grandis Baird & Girard, 1853","Fundulus grandis","","US","","Florida","PRESENT",NA,"28eb1a3f-1c15-4a95-931a-4af90ecb574d",29.523983,-83.373981,NA,NA,NA,NA,NA,NA,"2020-07-21T09:44",21,7,2020,5203686,5203686,"HUMAN_OBSERVATION","iNaturalist","Observations","53891019",NA,"Joshua Doby",2020-07-22 00:39:05,"CC_BY_NC_4_0","Joshua Doby","Joshua Doby",NA,NA,2025-06-07 00:50:49.876,"StillImage","COORDINATE_ROUNDED;CONTINENT_DERIVED_FROM_COORDINATES;TAXON_MATCH_TAXON_ID_IGNORED"
2818752946,"50c9509d-22c7-4a22-a47d-8c48425ef4a7","https://www.inaturalist.org/observations/52814412","Animalia","Chordata",NA,"Cyprinodontiformes","Fundulidae","Fundulus","Fundulus grandis",NA,"SPECIES","Fundulus grandis Baird & Girard, 1853","Fundulus grandis","","US","","Texas","PRESENT",NA,"28eb1a3f-1c15-4a95-931a-4af90ecb574d",30.987869,-103.706572,4,NA,NA,NA,NA,NA,"2020-07-08T18:26",8,7,2020,5203686,5203686,"HUMAN_OBSERVATION","iNaturalist","Observations","52814412",NA,"Sam Kieschnick",2020-07-12 15:55:45,"CC_BY_4_0","Sam Kieschnick","Sam Kieschnick",NA,NA,2025-06-07 01:11:06.937,"StillImage","COORDINATE_ROUNDED;CONTINENT_DERIVED_FROM_COORDINATES;TAXON_MATCH_TAXON_ID_IGNORED"
2814084162,"50c9509d-22c7-4a22-a47d-8c48425ef4a7","https://www.inaturalist.org/observations/51850005","Animalia","Chordata",NA,"Cyprinodontiformes","Fundulidae","Fundulus","Fundulus grandis",NA,"SPECIES","Fundulus grandis Baird & Girard, 1853","Fundulus grandis","","US","","Texas","PRESENT",NA,"28eb1a3f-1c15-4a95-931a-4af90ecb574d",28.003979,-97.062051,28,NA,NA,NA,NA,NA,"2020-07-03T10:43:59",3,7,2020,5203686,5203686,"HUMAN_OBSERVATION","iNaturalist","Observations","51850005",NA,"Jon McIntyre",2020-07-03 23:22:52,"CC_BY_NC_4_0","Jon McIntyre","Jon McIntyre",NA,NA,2025-06-07 00:35:20.608,"StillImage","COORDINATE_ROUNDED;CONTINENT_DERIVED_FROM_COORDINATES;TAXON_MATCH_TAXON_ID_IGNORED"
2814038993,"50c9509d-22c7-4a22-a47d-8c48425ef4a7","https://www.inaturalist.org/observations/51765411","Animalia","Chordata",NA,"Cyprinodontiformes","Fundulidae","Fundulus","Fundulus grandis",NA,"SPECIES","Fundulus grandis Baird & Girard, 1853","Fundulus grandis","","US","","Texas","PRESENT",NA,"28eb1a3f-1c15-4a95-931a-4af90ecb574d",28.070371,-96.848331,NA,NA,NA,NA,NA,NA,"2020-07-02T13:32",2,7,2020,5203686,5203686,"HUMAN_OBSERVATION","iNaturalist","Observations","51765411",NA,"Andrew Orgill",2020-07-03 04:07:47,"CC_BY_NC_4_0","Andrew Orgill","Andrew Orgill",NA,NA,2025-06-07 01:14:42.785,"","COORDINATE_ROUNDED;CONTINENT_DERIVED_FROM_COORDINATES;TAXON_MATCH_TAXON_ID_IGNORED"
2813974464,"50c9509d-22c7-4a22-a47d-8c48425ef4a7","https://www.inaturalist.org/observations/52377026","Animalia","Chordata",NA,"Cyprinodontiformes","Fundulidae","Fundulus","Fundulus grandis",NA,"SPECIES","Fundulus grandis Baird & Girard, 1853","Fundulus grandis","","US","","Alabama","PRESENT",NA,"28eb1a3f-1c15-4a95-931a-4af90ecb574d",30.25153,-88.154739,4,NA,NA,NA,NA,NA,"2020-07-08T09:05:53",8,7,2020,5203686,5203686,"HUMAN_OBSERVATION","iNaturalist","Observations","52377026",NA,"Jesseholifield",2020-07-08 16:02:49,"CC_BY_NC_4_0","Jesseholifield","Jesseholifield",NA,NA,2025-06-07 01:08:22.518,"StillImage","COORDINATE_ROUNDED;CONTINENT_DERIVED_FROM_COORDINATES;TAXON_MATCH_TAXON_ID_IGNORED"
2813973982,"50c9509d-22c7-4a22-a47d-8c48425ef4a7","https://www.inaturalist.org/observations/51850121","Animalia","Chordata",NA,"Cyprinodontiformes","Fundulidae","Fundulus","Fundulus grandis",NA,"SPECIES","Fundulus grandis Baird & Girard, 1853","Fundulus grandis","","US","","Texas","PRESENT",NA,"28eb1a3f-1c15-4a95-931a-4af90ecb574d",28.004189,-97.062123,40,NA,NA,NA,NA,NA,"2020-07-03T10:46:44",3,7,2020,5203686,5203686,"HUMAN_OBSERVATION","iNaturalist","Observations","51850121",NA,"Jon McIntyre",2020-07-03 23:24:10,"CC_BY_NC_4_0","Jon McIntyre","Jon McIntyre",NA,NA,2025-06-07 00:47:10.82,"StillImage","COORDINATE_ROUNDED;CONTINENT_DERIVED_FROM_COORDINATES;TAXON_MATCH_TAXON_ID_IGNORED"
2813949615,"50c9509d-22c7-4a22-a47d-8c48425ef4a7","https://www.inaturalist.org/observations/51729746","Animalia","Chordata",NA,"Cyprinodontiformes","Fundulidae","Fundulus","Fundulus grandis",NA,"SPECIES","Fundulus grandis Baird & Girard, 1853","Fundulus grandis","","US","","Texas","PRESENT",NA,"28eb1a3f-1c15-4a95-931a-4af90ecb574d",26.137456,-97.174063,7,NA,NA,NA,NA,NA,"2020-07-02T13:50:51",2,7,2020,5203686,5203686,"HUMAN_OBSERVATION","iNaturalist","Observations","51729746",NA,"Javi Gonzalez",2020-07-02 20:25:20,"CC_BY_NC_4_0","Javi Gonzalez","Javi Gonzalez",NA,NA,2025-06-07 00:05:59.236,"StillImage","COORDINATE_ROUNDED;CONTINENT_DERIVED_FROM_COORDINATES;TAXON_MATCH_TAXON_ID_IGNORED"
2802622654,"50c9509d-22c7-4a22-a47d-8c48425ef4a7","https://www.inaturalist.org/observations/49681791","Animalia","Chordata",NA,"Cyprinodontiformes","Fundulidae","Fundulus","Fundulus grandis",NA,"SPECIES","Fundulus grandis Baird & Girard, 1853","Fundulus grandis","","US","","Florida","PRESENT",NA,"28eb1a3f-1c15-4a95-931a-4af90ecb574d",29.137756,-83.026979,44,NA,NA,NA,NA,NA,"2020-06-13T16:42:27",13,6,2020,5203686,5203686,"HUMAN_OBSERVATION","iNaturalist","Observations","49681791",NA,"Robert Lamb",2020-06-15 03:49:13,"CC_BY_NC_4_0","Robert Lamb","Robert Lamb",NA,NA,2025-06-07 00:50:13.326,"StillImage","COORDINATE_ROUNDED;CONTINENT_DERIVED_FROM_COORDINATES;TAXON_MATCH_TAXON_ID_IGNORED"
2641419745,"50c9509d-22c7-4a22-a47d-8c48425ef4a7","https://www.inaturalist.org/observations/48609287","Animalia","Chordata",NA,"Cyprinodontiformes","Fundulidae","Fundulus","Fundulus grandis",NA,"SPECIES","Fundulus grandis Baird & Girard, 1853","Fundulus grandis","","US","","Alabama","PRESENT",NA,"28eb1a3f-1c15-4a95-931a-4af90ecb574d",30.233812,-87.961433,4,NA,NA,NA,NA,NA,"2020-06-05T11:16:09",5,6,2020,5203686,5203686,"HUMAN_OBSERVATION","iNaturalist","Observations","48609287",NA,"kmiller03",2020-06-06 02:25:37,"CC_BY_NC_4_0","kmiller03","kmiller03",NA,NA,2025-06-07 02:33:41.706,"StillImage","COORDINATE_ROUNDED;CONTINENT_DERIVED_FROM_COORDINATES;TAXON_MATCH_TAXON_ID_IGNORED"
2634142630,"50c9509d-22c7-4a22-a47d-8c48425ef4a7","https://www.inaturalist.org/observations/47986752","Animalia","Chordata",NA,"Cyprinodontiformes","Fundulidae","Fundulus","Fundulus grandis",NA,"SPECIES","Fundulus grandis Baird & Girard, 1853","Fundulus grandis","","US","","Texas","PRESENT",NA,"28eb1a3f-1c15-4a95-931a-4af90ecb574d",29.344463,-94.976067,6,NA,NA,NA,NA,NA,"2020-05-31T09:49:12Z",31,5,2020,5203686,5203686,"HUMAN_OBSERVATION","iNaturalist","Observations","47986752",NA,"Hanna Houston",2020-05-31 15:04:58,"CC_BY_NC_4_0","Hanna Houston","Hanna Houston",NA,NA,2025-06-07 00:36:42.944,"StillImage","COORDINATE_ROUNDED;CONTINENT_DERIVED_FROM_COORDINATES;TAXON_MATCH_TAXON_ID_IGNORED"
2633965350,"50c9509d-22c7-4a22-a47d-8c48425ef4a7","https://www.inaturalist.org/observations/17100053","Animalia","Chordata",NA,"Cyprinodontiformes","Fundulidae","Fundulus","Fundulus grandis",NA,"SPECIES","Fundulus grandis Baird & Girard, 1853","Fundulus grandis","","US","","Alabama","PRESENT",NA,"28eb1a3f-1c15-4a95-931a-4af90ecb574d",30.449467,-88.107344,5,NA,NA,NA,NA,NA,"2018-09-18T10:34",18,9,2018,5203686,5203686,"HUMAN_OBSERVATION","iNaturalist","Observations","17100053",NA,"Howard Horne",2018-10-01 15:57:40,"CC_BY_NC_4_0","Howard Horne","Howard Horne",NA,NA,2025-06-07 00:25:08.709,"StillImage","COORDINATE_ROUNDED;CONTINENT_DERIVED_FROM_COORDINATES;TAXON_MATCH_TAXON_ID_IGNORED"
2626627457,"50c9509d-22c7-4a22-a47d-8c48425ef4a7","https://www.inaturalist.org/observations/45348688","Animalia","Chordata",NA,"Cyprinodontiformes","Fundulidae","Fundulus","Fundulus grandis",NA,"SPECIES","Fundulus grandis Baird & Girard, 1853","Fundulus grandis","","US","","Texas","PRESENT",NA,"28eb1a3f-1c15-4a95-931a-4af90ecb574d",29.448803,-94.641132,236,NA,NA,NA,NA,NA,"2020-05-08T20:51:26Z",8,5,2020,5203686,5203686,"HUMAN_OBSERVATION","iNaturalist","Observations","45348688",NA,"austinbwood",2020-05-09 09:52:49,"CC_BY_NC_4_0","austinbwood","austinbwood",NA,NA,2025-06-07 00:19:33.874,"StillImage","COORDINATE_ROUNDED;CONTINENT_DERIVED_FROM_COORDINATES;TAXON_MATCH_TAXON_ID_IGNORED"
2620160695,"50c9509d-22c7-4a22-a47d-8c48425ef4a7","https://www.inaturalist.org/observations/44811553","Animalia","Chordata",NA,"Cyprinodontiformes","Fundulidae","Fundulus","Fundulus grandis",NA,"SPECIES","Fundulus grandis Baird & Girard, 1853","Fundulus grandis","","US","","Texas","PRESENT",NA,"28eb1a3f-1c15-4a95-931a-4af90ecb574d",29.203712,-94.961778,5,NA,NA,NA,NA,NA,"2020-05-03T13:32:48",3,5,2020,5203686,5203686,"HUMAN_OBSERVATION","iNaturalist","Observations","44811553",NA,"gpalmer",2020-05-03 23:06:54,"CC_BY_NC_4_0","gpalmer","gpalmer",NA,NA,2025-06-06 23:52:35.735,"StillImage","COORDINATE_ROUNDED;CONTINENT_DERIVED_FROM_COORDINATES;TAXON_MATCH_TAXON_ID_IGNORED"
2609244044,"50c9509d-22c7-4a22-a47d-8c48425ef4a7","https://www.inaturalist.org/observations/42790357","Animalia","Chordata",NA,"Cyprinodontiformes","Fundulidae","Fundulus","Fundulus grandis",NA,"SPECIES","Fundulus grandis Baird & Girard, 1853","Fundulus grandis","","US","","Alabama","PRESENT",NA,"28eb1a3f-1c15-4a95-931a-4af90ecb574d",30.342511,-87.613186,15,NA,NA,NA,NA,NA,"2020-04-21T16:23:18Z",21,4,2020,5203686,5203686,"HUMAN_OBSERVATION","iNaturalist","Observations","42790357",NA,"lcarnley",2020-04-21 21:27:49,"CC_BY_NC_4_0","lcarnley","lcarnley",NA,NA,2025-06-07 00:29:29.994,"StillImage","COORDINATE_ROUNDED;CONTINENT_DERIVED_FROM_COORDINATES;TAXON_MATCH_TAXON_ID_IGNORED"
2576435955,"50c9509d-22c7-4a22-a47d-8c48425ef4a7","https://www.inaturalist.org/observations/29183740","Animalia","Chordata",NA,"Cyprinodontiformes","Fundulidae","Fundulus","Fundulus grandis",NA,"SPECIES","Fundulus grandis Baird & Girard, 1853","Fundulus grandis","","US","","Florida","PRESENT",NA,"28eb1a3f-1c15-4a95-931a-4af90ecb574d",27.559941,-80.331227,8,NA,NA,NA,NA,NA,"2019-06-20T11:49",20,6,2019,5203686,5203686,"HUMAN_OBSERVATION","iNaturalist","Observations","29183740",NA,"Derek Garvey",2019-07-20 17:19:16,"CC_BY_NC_4_0","Derek Garvey","Derek Garvey",NA,NA,2025-06-07 01:27:15.425,"StillImage","COORDINATE_ROUNDED;CONTINENT_DERIVED_FROM_COORDINATES;TAXON_MATCH_TAXON_ID_IGNORED"
2576380447,"50c9509d-22c7-4a22-a47d-8c48425ef4a7","https://www.inaturalist.org/observations/39371664","Animalia","Chordata",NA,"Cyprinodontiformes","Fundulidae","Fundulus","Fundulus grandis",NA,"SPECIES","Fundulus grandis Baird & Girard, 1853","Fundulus grandis","","US","","Alabama","PRESENT",NA,"28eb1a3f-1c15-4a95-931a-4af90ecb574d",30.298292,-87.75,5,NA,NA,NA,NA,NA,"2020-02-29T15:23",29,2,2020,5203686,5203686,"HUMAN_OBSERVATION","iNaturalist","Observations","39371664",NA,"ayounge1998",2020-02-29 21:48:10,"CC_BY_NC_4_0","ayounge1998","ayounge1998",NA,NA,2025-06-07 02:34:29.552,"StillImage","COORDINATE_ROUNDED;CONTINENT_DERIVED_FROM_COORDINATES;TAXON_MATCH_TAXON_ID_IGNORED"
2573790529,"50c9509d-22c7-4a22-a47d-8c48425ef4a7","https://www.inaturalist.org/observations/16364902","Animalia","Chordata",NA,"Cyprinodontiformes","Fundulidae","Fundulus","Fundulus grandis",NA,"SPECIES","Fundulus grandis Baird & Girard, 1853","Fundulus grandis","","US","","Texas","PRESENT",NA,"28eb1a3f-1c15-4a95-931a-4af90ecb574d",30.988521,-103.707635,8,NA,NA,NA,NA,NA,"2018-09-05T12:44",5,9,2018,5203686,5203686,"HUMAN_OBSERVATION","iNaturalist","Observations","16364902",NA,"rivulid25",2025-05-14 22:51:23,"CC_BY_NC_4_0","Todd Fitzgerald","Todd Fitzgerald",NA,NA,2025-06-07 00:31:26.631,"StillImage","COORDINATE_ROUNDED;CONTINENT_DERIVED_FROM_COORDINATES;TAXON_MATCH_TAXON_ID_IGNORED"
2465237669,"50c9509d-22c7-4a22-a47d-8c48425ef4a7","https://www.inaturalist.org/observations/36117286","Animalia","Chordata",NA,"Cyprinodontiformes","Fundulidae","Fundulus","Fundulus grandis",NA,"SPECIES","Fundulus grandis Baird & Girard, 1853","Fundulus grandis","","US","","Texas","PRESENT",NA,"28eb1a3f-1c15-4a95-931a-4af90ecb574d",27.897129,-97.616568,15,NA,NA,NA,NA,NA,"2019-11-09T11:14",9,11,2019,5203686,5203686,"HUMAN_OBSERVATION","iNaturalist","Observations","36117286",NA,"Jon McIntyre",2019-11-28 01:02:01,"CC_BY_NC_4_0","Philip Woods","Philip Woods",NA,NA,2025-06-07 02:34:07.569,"StillImage","COORDINATE_ROUNDED;CONTINENT_DERIVED_FROM_COORDINATES;TAXON_MATCH_TAXON_ID_IGNORED"
2460035525,"50c9509d-22c7-4a22-a47d-8c48425ef4a7","https://www.inaturalist.org/observations/35790809","Animalia","Chordata",NA,"Cyprinodontiformes","Fundulidae","Fundulus","Fundulus grandis",NA,"SPECIES","Fundulus grandis Baird & Girard, 1853","Fundulus grandis","","US","","Alabama","PRESENT",NA,"28eb1a3f-1c15-4a95-931a-4af90ecb574d",30.249329,-88.126277,6654,NA,NA,NA,NA,NA,"2019-11-17T15:22:14",17,11,2019,5203686,5203686,"HUMAN_OBSERVATION","iNaturalist","Observations","35790809",NA,"jembrown",2019-11-17 21:23:00,"CC_BY_NC_4_0","jembrown","jembrown",NA,NA,2025-06-07 02:33:03.445,"StillImage","COORDINATE_ROUNDED;CONTINENT_DERIVED_FROM_COORDINATES;TAXON_MATCH_TAXON_ID_IGNORED"
2456554767,"50c9509d-22c7-4a22-a47d-8c48425ef4a7","https://www.inaturalist.org/observations/35555700","Animalia","Chordata",NA,"Cyprinodontiformes","Fundulidae","Fundulus","Fundulus grandis",NA,"SPECIES","Fundulus grandis Baird & Girard, 1853","Fundulus grandis","","US","","Louisiana","PRESENT",NA,"28eb1a3f-1c15-4a95-931a-4af90ecb574d",29.178903,-90.073089,5,NA,NA,NA,NA,NA,"2019-11-09T11:58:58",9,11,2019,5203686,5203686,"HUMAN_OBSERVATION","iNaturalist","Observations","35555700",NA,"eamonccorbett",2019-11-11 02:18:28,"CC_BY_4_0","eamonccorbett","eamonccorbett",NA,NA,2025-06-07 01:25:03.851,"StillImage","COORDINATE_ROUNDED;CONTINENT_DERIVED_FROM_COORDINATES;TAXON_MATCH_TAXON_ID_IGNORED"
2447959457,"50c9509d-22c7-4a22-a47d-8c48425ef4a7","https://www.inaturalist.org/observations/34965463","Animalia","Chordata",NA,"Cyprinodontiformes","Fundulidae","Fundulus","Fundulus grandis",NA,"SPECIES","Fundulus grandis Baird & Girard, 1853","Fundulus grandis","","US","","Florida","PRESENT",NA,"28eb1a3f-1c15-4a95-931a-4af90ecb574d",27.878155,-82.390411,55,NA,NA,NA,NA,NA,"2014-08-30T09:22",30,8,2014,5203686,5203686,"HUMAN_OBSERVATION","iNaturalist","Observations","34965463",NA,"pmk00001",2019-10-27 16:28:08,"CC_BY_NC_4_0","pmk00001","pmk00001",NA,NA,2025-06-07 02:33:35.162,"StillImage","COORDINATE_ROUNDED;CONTINENT_DERIVED_FROM_COORDINATES;TAXON_MATCH_TAXON_ID_IGNORED"
2447959134,"50c9509d-22c7-4a22-a47d-8c48425ef4a7","https://www.inaturalist.org/observations/34965622","Animalia","Chordata",NA,"Cyprinodontiformes","Fundulidae","Fundulus","Fundulus grandis",NA,"SPECIES","Fundulus grandis Baird & Girard, 1853","Fundulus grandis","","US","","Florida","PRESENT",NA,"28eb1a3f-1c15-4a95-931a-4af90ecb574d",27.866561,-82.319975,22,NA,NA,NA,NA,NA,"2014-08-31T12:03",31,8,2014,5203686,5203686,"HUMAN_OBSERVATION","iNaturalist","Observations","34965622",NA,"pmk00001",2019-10-27 16:31:18,"CC_BY_NC_4_0","pmk00001","pmk00001",NA,NA,2025-06-07 01:15:24.193,"StillImage","COORDINATE_ROUNDED;CONTINENT_DERIVED_FROM_COORDINATES;TAXON_MATCH_TAXON_ID_IGNORED"
2445038699,"50c9509d-22c7-4a22-a47d-8c48425ef4a7","https://www.inaturalist.org/observations/34622260","Animalia","Chordata",NA,"Cyprinodontiformes","Fundulidae","Fundulus","Fundulus grandis",NA,"SPECIES","Fundulus grandis Baird & Girard, 1853","Fundulus grandis","","US","","Florida","PRESENT",NA,"28eb1a3f-1c15-4a95-931a-4af90ecb574d",27.866608,-82.385528,NA,NA,NA,NA,NA,NA,"2017-07-05T11:56",5,7,2017,5203686,5203686,"HUMAN_OBSERVATION","iNaturalist","Observations","34622260",NA,"pmk00001",2019-10-20 10:04:37,"CC_BY_NC_4_0","pmk00001","pmk00001",NA,NA,2025-06-07 00:50:10.19,"StillImage","COORDINATE_ROUNDED;CONTINENT_DERIVED_FROM_COORDINATES;TAXON_MATCH_TAXON_ID_IGNORED"
2445006951,"50c9509d-22c7-4a22-a47d-8c48425ef4a7","https://www.inaturalist.org/observations/34622259","Animalia","Chordata",NA,"Cyprinodontiformes","Fundulidae","Fundulus","Fundulus grandis",NA,"SPECIES","Fundulus grandis Baird & Girard, 1853","Fundulus grandis","","US","","Florida","PRESENT",NA,"28eb1a3f-1c15-4a95-931a-4af90ecb574d",27.878184,-82.390212,NA,NA,NA,NA,NA,NA,"2017-07-05T12:19",5,7,2017,5203686,5203686,"HUMAN_OBSERVATION","iNaturalist","Observations","34622259",NA,"pmk00001",2019-10-20 10:04:37,"CC_BY_NC_4_0","pmk00001","pmk00001",NA,NA,2025-06-07 00:48:24.648,"StillImage","COORDINATE_ROUNDED;CONTINENT_DERIVED_FROM_COORDINATES;TAXON_MATCH_TAXON_ID_IGNORED"
2429365147,"50c9509d-22c7-4a22-a47d-8c48425ef4a7","https://www.inaturalist.org/observations/33814993","Animalia","Chordata",NA,"Cyprinodontiformes","Fundulidae","Fundulus","Fundulus grandis",NA,"SPECIES","Fundulus grandis Baird & Girard, 1853","Fundulus grandis","","US","","Texas","PRESENT",NA,"28eb1a3f-1c15-4a95-931a-4af90ecb574d",26.578524,-99.154284,29,NA,NA,NA,NA,NA,"2019-10-03T15:18:07",3,10,2019,5203686,5203686,"HUMAN_OBSERVATION","iNaturalist","Observations","33814993",NA,"Jon McIntyre",2019-10-03 21:18:15,"CC_BY_NC_4_0","Jon McIntyre","Jon McIntyre",NA,NA,2025-06-06 23:50:20.667,"StillImage","COORDINATE_ROUNDED;CONTINENT_DERIVED_FROM_COORDINATES;TAXON_MATCH_TAXON_ID_IGNORED"
2423039026,"50c9509d-22c7-4a22-a47d-8c48425ef4a7","https://www.inaturalist.org/observations/32599401","Animalia","Chordata",NA,"Cyprinodontiformes","Fundulidae","Fundulus","Fundulus grandis",NA,"SPECIES","Fundulus grandis Baird & Girard, 1853","Fundulus grandis","","US","","Texas","PRESENT",NA,"28eb1a3f-1c15-4a95-931a-4af90ecb574d",32.270748,-97.663345,NA,NA,NA,NA,NA,NA,"2019-09-11T20:33:55",11,9,2019,5203686,5203686,"HUMAN_OBSERVATION","iNaturalist","Observations","32599401",NA,"Mark Pyle",2019-09-12 18:32:57,"CC_BY_NC_4_0","Mark Pyle","Mark Pyle",NA,NA,2025-06-07 00:53:22.929,"StillImage","COORDINATE_ROUNDED;CONTINENT_DERIVED_FROM_COORDINATES;TAXON_MATCH_TAXON_ID_IGNORED"
2422821201,"50c9509d-22c7-4a22-a47d-8c48425ef4a7","https://www.inaturalist.org/observations/18435113","Animalia","Chordata",NA,"Cyprinodontiformes","Fundulidae","Fundulus","Fundulus grandis",NA,"SPECIES","Fundulus grandis Baird & Girard, 1853","Fundulus grandis","","US","","Texas","PRESENT",NA,"28eb1a3f-1c15-4a95-931a-4af90ecb574d",29.434498,-94.942252,282,NA,NA,NA,NA,NA,"2018-11-16T15:01:41",16,11,2018,5203686,5203686,"HUMAN_OBSERVATION","iNaturalist","Observations","18435113",NA,"pmk00001",2018-11-17 00:22:35,"CC_BY_NC_4_0","Aaron Tjelmeland","Aaron Tjelmeland",NA,NA,2025-06-07 00:55:53.266,"StillImage","COORDINATE_ROUNDED;CONTINENT_DERIVED_FROM_COORDINATES;TAXON_MATCH_TAXON_ID_IGNORED"
2397681607,"50c9509d-22c7-4a22-a47d-8c48425ef4a7","https://www.inaturalist.org/observations/31873128","Animalia","Chordata",NA,"Cyprinodontiformes","Fundulidae","Fundulus","Fundulus grandis",NA,"SPECIES","Fundulus grandis Baird & Girard, 1853","Fundulus grandis","","US","","Texas","PRESENT",NA,"28eb1a3f-1c15-4a95-931a-4af90ecb574d",30.906142,-101.879558,5,NA,NA,NA,NA,NA,"2019-08-26T13:39",26,8,2019,5203686,5203686,"HUMAN_OBSERVATION","iNaturalist","Observations","31873128",NA,"Mikael Behrens",2019-08-31 20:58:53,"CC_BY_NC_4_0","Mikael Behrens","Mikael Behrens",NA,NA,2025-06-07 00:47:40.322,"StillImage","COORDINATE_ROUNDED;CONTINENT_DERIVED_FROM_COORDINATES;TAXON_MATCH_TAXON_ID_IGNORED"
2366042142,"50c9509d-22c7-4a22-a47d-8c48425ef4a7","https://www.inaturalist.org/observations/30884937","Animalia","Chordata",NA,"Cyprinodontiformes","Fundulidae","Fundulus","Fundulus grandis",NA,"SPECIES","Fundulus grandis Baird & Girard, 1853","Fundulus grandis","","US","","Texas","PRESENT",NA,"28eb1a3f-1c15-4a95-931a-4af90ecb574d",27.827012,-97.079649,4,NA,NA,NA,NA,NA,"2019-08-15T09:28",15,8,2019,5203686,5203686,"HUMAN_OBSERVATION","iNaturalist","Observations","30884937",NA,"Jon McIntyre",2019-08-15 17:52:51,"CC_BY_NC_4_0","Jon McIntyre","Jon McIntyre",NA,NA,2025-06-07 01:06:59.989,"StillImage","COORDINATE_ROUNDED;CONTINENT_DERIVED_FROM_COORDINATES;TAXON_MATCH_TAXON_ID_IGNORED"
2331950262,"50c9509d-22c7-4a22-a47d-8c48425ef4a7","https://www.inaturalist.org/observations/30372209","Animalia","Chordata",NA,"Cyprinodontiformes","Fundulidae","Fundulus","Fundulus grandis",NA,"SPECIES","Fundulus grandis Baird & Girard, 1853","Fundulus grandis","","US","","Texas","PRESENT",NA,"28eb1a3f-1c15-4a95-931a-4af90ecb574d",31.079316,-102.360708,2,NA,NA,NA,NA,NA,"2019-08-04T16:29",4,8,2019,5203686,5203686,"HUMAN_OBSERVATION","iNaturalist","Observations","30372209",NA,"Michael Price",2019-08-07 16:44:40,"CC_BY_NC_4_0","Michael Price","Michael Price",NA,NA,2025-06-07 02:34:28.571,"StillImage","COORDINATE_ROUNDED;CONTINENT_DERIVED_FROM_COORDINATES;TAXON_MATCH_TAXON_ID_IGNORED"
2311364274,"50c9509d-22c7-4a22-a47d-8c48425ef4a7","https://www.inaturalist.org/observations/29751277","Animalia","Chordata",NA,"Cyprinodontiformes","Fundulidae","Fundulus","Fundulus grandis",NA,"SPECIES","Fundulus grandis Baird & Girard, 1853","Fundulus grandis","","US","","Alabama","PRESENT",NA,"28eb1a3f-1c15-4a95-931a-4af90ecb574d",30.418612,-88.106658,5,NA,NA,NA,NA,NA,"2019-07-28T17:06:39",28,7,2019,5203686,5203686,"HUMAN_OBSERVATION","iNaturalist","Observations","29751277",NA,"Howard Horne",2019-07-29 00:05:02,"CC_BY_NC_4_0","Howard Horne","Howard Horne",NA,NA,2025-06-07 00:18:28.719,"StillImage","COORDINATE_ROUNDED;CONTINENT_DERIVED_FROM_COORDINATES;TAXON_MATCH_TAXON_ID_IGNORED"
2294562120,"50c9509d-22c7-4a22-a47d-8c48425ef4a7","https://www.inaturalist.org/observations/29054953","Animalia","Chordata",NA,"Cyprinodontiformes","Fundulidae","Fundulus","Fundulus grandis",NA,"SPECIES","Fundulus grandis Baird & Girard, 1853","Fundulus grandis","","US","","Alabama","PRESENT",NA,"28eb1a3f-1c15-4a95-931a-4af90ecb574d",30.640617,-88.231408,12,NA,NA,NA,NA,NA,"2019-06-28T11:12:05",28,6,2019,5203686,5203686,"HUMAN_OBSERVATION","iNaturalist","Observations","29054953",NA,"Jonathan O'Neal",2019-07-18 14:23:06,"CC_BY_NC_4_0","Jonathan O'Neal","Jonathan O'Neal",NA,NA,2025-06-06 23:50:32.975,"StillImage","COORDINATE_ROUNDED;CONTINENT_DERIVED_FROM_COORDINATES;TAXON_MATCH_TAXON_ID_IGNORED"
2294549087,"50c9509d-22c7-4a22-a47d-8c48425ef4a7","https://www.inaturalist.org/observations/29014398","Animalia","Chordata",NA,"Cyprinodontiformes","Fundulidae","Fundulus","Fundulus grandis",NA,"SPECIES","Fundulus grandis Baird & Girard, 1853","Fundulus grandis","","US","","Texas","PRESENT",NA,"28eb1a3f-1c15-4a95-931a-4af90ecb574d",28.003991,-97.062067,22,NA,NA,NA,NA,NA,"2019-07-17T12:31:17",17,7,2019,5203686,5203686,"HUMAN_OBSERVATION","iNaturalist","Observations","29014398",NA,"Jon McIntyre",2019-07-17 19:29:05,"CC_BY_NC_4_0","Jon McIntyre","Jon McIntyre",NA,NA,2025-06-07 02:34:42.296,"StillImage","COORDINATE_ROUNDED;CONTINENT_DERIVED_FROM_COORDINATES;TAXON_MATCH_TAXON_ID_IGNORED"
2294530986,"50c9509d-22c7-4a22-a47d-8c48425ef4a7","https://www.inaturalist.org/observations/28951391","Animalia","Chordata",NA,"Cyprinodontiformes","Fundulidae","Fundulus","Fundulus grandis",NA,"SPECIES","Fundulus grandis Baird & Girard, 1853","Fundulus grandis","","US","","Texas","PRESENT",NA,"28eb1a3f-1c15-4a95-931a-4af90ecb574d",28.183965,-97.213823,54,NA,NA,NA,NA,NA,"2019-07-16T10:15:11",16,7,2019,5203686,5203686,"HUMAN_OBSERVATION","iNaturalist","Observations","28951391",NA,"Jon McIntyre",2019-07-16 18:34:58,"CC_BY_NC_4_0","Jon McIntyre","Jon McIntyre",NA,NA,2025-06-07 00:45:33.619,"StillImage","COORDINATE_ROUNDED;CONTINENT_DERIVED_FROM_COORDINATES;TAXON_MATCH_TAXON_ID_IGNORED"
2283224953,"50c9509d-22c7-4a22-a47d-8c48425ef4a7","https://www.inaturalist.org/observations/28434305","Animalia","Chordata",NA,"Cyprinodontiformes","Fundulidae","Fundulus","Fundulus grandis",NA,"SPECIES","Fundulus grandis Baird & Girard, 1853","Fundulus grandis","","US","","Texas","PRESENT",NA,"28eb1a3f-1c15-4a95-931a-4af90ecb574d",31.306421,-102.878637,NA,NA,NA,NA,NA,NA,"2010-08-08T16:44:04",8,8,2010,5203686,5203686,"HUMAN_OBSERVATION","iNaturalist","Observations","28434305",NA,"Nick Loveland",2019-07-08 16:51:33,"CC_BY_NC_4_0","Tripp Davenport","Tripp Davenport",NA,NA,2025-06-07 01:26:18.536,"","CONTINENT_DERIVED_FROM_COORDINATES;TAXON_MATCH_TAXON_ID_IGNORED"
2283127061,"50c9509d-22c7-4a22-a47d-8c48425ef4a7","https://www.inaturalist.org/observations/28078290","Animalia","Chordata",NA,"Cyprinodontiformes","Fundulidae","Fundulus","Fundulus grandis",NA,"SPECIES","Fundulus grandis Baird & Girard, 1853","Fundulus grandis","","US","","Texas","PRESENT",NA,"28eb1a3f-1c15-4a95-931a-4af90ecb574d",32.418049,-97.786446,263,NA,NA,NA,NA,NA,"2019-06-30T21:32:03",30,6,2019,5203686,5203686,"HUMAN_OBSERVATION","iNaturalist","Observations","28078290",NA,"Mark Pyle",2019-07-02 20:12:31,"CC_BY_NC_4_0","Mark Pyle","Mark Pyle",NA,NA,2025-06-07 00:30:42.693,"StillImage","COORDINATE_ROUNDED;CONTINENT_DERIVED_FROM_COORDINATES;TAXON_MATCH_TAXON_ID_IGNORED"
2283115528,"50c9509d-22c7-4a22-a47d-8c48425ef4a7","https://www.inaturalist.org/observations/28039180","Animalia","Chordata",NA,"Cyprinodontiformes","Fundulidae","Fundulus","Fundulus grandis",NA,"SPECIES","Fundulus grandis Baird & Girard, 1853","Fundulus grandis","","US","","Alabama","PRESENT",NA,"28eb1a3f-1c15-4a95-931a-4af90ecb574d",30.251212,-88.129076,5,NA,NA,NA,NA,NA,"2019-06-30T11:44:37",30,6,2019,5203686,5203686,"HUMAN_OBSERVATION","iNaturalist","Observations","28039180",NA,"John M. Faggard",2019-07-02 03:36:09,"CC_BY_NC_4_0","John M. Faggard","John M. Faggard",NA,NA,2025-06-07 00:27:56.325,"StillImage","COORDINATE_ROUNDED;CONTINENT_DERIVED_FROM_COORDINATES;TAXON_MATCH_TAXON_ID_IGNORED"
2269314066,"50c9509d-22c7-4a22-a47d-8c48425ef4a7","https://www.inaturalist.org/observations/27280424","Animalia","Chordata",NA,"Cyprinodontiformes","Fundulidae","Fundulus","Fundulus grandis",NA,"SPECIES","Fundulus grandis Baird & Girard, 1853","Fundulus grandis","","US","","Texas","PRESENT",NA,"28eb1a3f-1c15-4a95-931a-4af90ecb574d",28.866518,-95.587399,22,NA,NA,NA,NA,NA,"2019-06-18T19:45:10",18,6,2019,5203686,5203686,"HUMAN_OBSERVATION","iNaturalist","Observations","27280424",NA,"Jon McIntyre",2019-06-19 18:29:24,"CC_BY_NC_4_0","Jon McIntyre","Jon McIntyre",NA,NA,2025-06-07 00:46:54.06,"StillImage","COORDINATE_ROUNDED;CONTINENT_DERIVED_FROM_COORDINATES;TAXON_MATCH_TAXON_ID_IGNORED"
2269223245,"50c9509d-22c7-4a22-a47d-8c48425ef4a7","https://www.inaturalist.org/observations/26640763","Animalia","Chordata",NA,"Cyprinodontiformes","Fundulidae","Fundulus","Fundulus grandis",NA,"SPECIES","Fundulus grandis Baird & Girard, 1853","Fundulus grandis","","US","","Florida","PRESENT",NA,"28eb1a3f-1c15-4a95-931a-4af90ecb574d",27.722197,-82.731349,66,NA,NA,NA,NA,NA,"2019-06-08T12:24:50",8,6,2019,5203686,5203686,"HUMAN_OBSERVATION","iNaturalist","Observations","26640763",NA,"uconnbirdfish",2019-06-09 02:55:11,"CC_BY_NC_4_0","Reyes | 20 artist/ herpetology and mycology enthusiast nature insta: rabidfungalinfection","Reyes;20 artist/ herpetology and mycology enthusiast nature insta: rabidfungalinfection",NA,NA,2025-06-07 00:57:59.239,"StillImage","COORDINATE_ROUNDED;CONTINENT_DERIVED_FROM_COORDINATES;TAXON_MATCH_TAXON_ID_IGNORED"
2265897828,"50c9509d-22c7-4a22-a47d-8c48425ef4a7","https://www.inaturalist.org/observations/26896684","Animalia","Chordata",NA,"Cyprinodontiformes","Fundulidae","Fundulus","Fundulus grandis",NA,"SPECIES","Fundulus grandis Baird & Girard, 1853","Fundulus grandis","","US","","Texas","PRESENT",NA,"28eb1a3f-1c15-4a95-931a-4af90ecb574d",29.675675,-94.037667,4,NA,NA,NA,NA,NA,"2019-06-12T20:23:18Z",12,6,2019,5203686,5203686,"HUMAN_OBSERVATION","iNaturalist","Observations","26896684",NA,"pmk00001",2019-06-13 03:04:15,"CC_BY_NC_4_0","bmaines","bmaines",NA,NA,2025-06-07 00:27:16.29,"StillImage","COORDINATE_ROUNDED;CONTINENT_DERIVED_FROM_COORDINATES;TAXON_MATCH_TAXON_ID_IGNORED"
2238847912,"50c9509d-22c7-4a22-a47d-8c48425ef4a7","https://www.inaturalist.org/observations/23364754","Animalia","Chordata",NA,"Cyprinodontiformes","Fundulidae","Fundulus","Fundulus grandis",NA,"SPECIES","Fundulus grandis Baird & Girard, 1853","Fundulus grandis","","US","","Texas","PRESENT",NA,"28eb1a3f-1c15-4a95-931a-4af90ecb574d",29.433616,-94.948638,6,NA,NA,NA,NA,NA,"2019-04-27T09:05:40",27,4,2019,5203686,5203686,"HUMAN_OBSERVATION","iNaturalist","Observations","23364754",NA,"Aaron Tjelmeland",2019-04-27 14:06:20,"CC_BY_NC_4_0","Aaron Tjelmeland","Aaron Tjelmeland",NA,NA,2025-06-07 00:57:12.836,"StillImage","COORDINATE_ROUNDED;CONTINENT_DERIVED_FROM_COORDINATES;TAXON_MATCH_TAXON_ID_IGNORED"
2238847769,"50c9509d-22c7-4a22-a47d-8c48425ef4a7","https://www.inaturalist.org/observations/23364927","Animalia","Chordata",NA,"Cyprinodontiformes","Fundulidae","Fundulus","Fundulus grandis",NA,"SPECIES","Fundulus grandis Baird & Girard, 1853","Fundulus grandis","","US","","Texas","PRESENT",NA,"28eb1a3f-1c15-4a95-931a-4af90ecb574d",29.433641,-94.948653,6,NA,NA,NA,NA,NA,"2019-04-27T09:06:36",27,4,2019,5203686,5203686,"HUMAN_OBSERVATION","iNaturalist","Observations","23364927",NA,"Aaron Tjelmeland",2019-04-27 14:07:10,"CC_BY_NC_4_0","Aaron Tjelmeland","Aaron Tjelmeland",NA,NA,2025-06-07 00:31:37.07,"StillImage","COORDINATE_ROUNDED;CONTINENT_DERIVED_FROM_COORDINATES;TAXON_MATCH_TAXON_ID_IGNORED"
2006093634,"50c9509d-22c7-4a22-a47d-8c48425ef4a7","https://www.inaturalist.org/observations/20819214","Animalia","Chordata",NA,"Cyprinodontiformes","Fundulidae","Fundulus","Fundulus grandis",NA,"SPECIES","Fundulus grandis Baird & Girard, 1853","Fundulus grandis","","US","","Texas","PRESENT",NA,"28eb1a3f-1c15-4a95-931a-4af90ecb574d",27.681175,-97.173997,8,NA,NA,NA,NA,NA,"2019-02-25T09:05",25,2,2019,5203686,5203686,"HUMAN_OBSERVATION","iNaturalist","Observations","20819214",NA,"Sam Kieschnick",2019-02-28 01:51:30,"CC_BY_4_0","Sam Kieschnick","Sam Kieschnick",NA,NA,2025-06-07 00:43:10.435,"StillImage","COORDINATE_ROUNDED;CONTINENT_DERIVED_FROM_COORDINATES;TAXON_MATCH_TAXON_ID_IGNORED"
2006073894,"50c9509d-22c7-4a22-a47d-8c48425ef4a7","https://www.inaturalist.org/observations/20762297","Animalia","Chordata",NA,"Cyprinodontiformes","Fundulidae","Fundulus","Fundulus grandis",NA,"SPECIES","Fundulus grandis Baird & Girard, 1853","Fundulus grandis","","US","","Texas","PRESENT",NA,"28eb1a3f-1c15-4a95-931a-4af90ecb574d",27.681532,-97.175125,22,NA,NA,NA,NA,NA,"2019-02-25T09:05:41",25,2,2019,5203686,5203686,"HUMAN_OBSERVATION","iNaturalist","Observations","20762297",NA,"Jon McIntyre",2019-02-25 20:28:24,"CC_BY_NC_4_0","Jon McIntyre","Jon McIntyre",NA,NA,2025-06-07 00:44:32.936,"StillImage","COORDINATE_ROUNDED;CONTINENT_DERIVED_FROM_COORDINATES;TAXON_MATCH_TAXON_ID_IGNORED"
1990608622,"50c9509d-22c7-4a22-a47d-8c48425ef4a7","https://www.inaturalist.org/observations/19927977","Animalia","Chordata",NA,"Cyprinodontiformes","Fundulidae","Fundulus","Fundulus grandis",NA,"SPECIES","Fundulus grandis Baird & Girard, 1853","Fundulus grandis","","US","","Mississippi","PRESENT",NA,"28eb1a3f-1c15-4a95-931a-4af90ecb574d",30.415753,-88.541892,5,NA,NA,NA,NA,NA,"2019-01-27T14:43",27,1,2019,5203686,5203686,"HUMAN_OBSERVATION","iNaturalist","Observations","19927977",NA,"Mark W. LaSalle",2019-01-28 13:34:40,"CC_BY_NC_4_0","Janet Wright","Janet Wright",NA,NA,2025-06-07 01:43:45.454,"StillImage","COORDINATE_ROUNDED;CONTINENT_DERIVED_FROM_COORDINATES;TAXON_MATCH_TAXON_ID_IGNORED"
1990606161,"50c9509d-22c7-4a22-a47d-8c48425ef4a7","https://www.inaturalist.org/observations/19921553","Animalia","Chordata",NA,"Cyprinodontiformes","Fundulidae","Fundulus","Fundulus grandis",NA,"SPECIES","Fundulus grandis Baird & Girard, 1853","Fundulus grandis","","US","","Mississippi","PRESENT",NA,"28eb1a3f-1c15-4a95-931a-4af90ecb574d",30.41563,-88.541229,NA,NA,NA,NA,NA,NA,"2019-01-27T14:43:47",27,1,2019,5203686,5203686,"HUMAN_OBSERVATION","iNaturalist","Observations","19921553",NA,"Mark W. LaSalle",2019-01-30 01:05:13,"CC_BY_NC_4_0","Lillie","Lillie",NA,NA,2025-06-07 00:30:32.437,"StillImage","COORDINATE_ROUNDED;CONTINENT_DERIVED_FROM_COORDINATES;TAXON_MATCH_TAXON_ID_IGNORED"
1990515007,"50c9509d-22c7-4a22-a47d-8c48425ef4a7","https://www.inaturalist.org/observations/19682118","Animalia","Chordata",NA,"Cyprinodontiformes","Fundulidae","Fundulus","Fundulus grandis",NA,"SPECIES","Fundulus grandis Baird & Girard, 1853","Fundulus grandis","","US","","Texas","PRESENT",NA,"28eb1a3f-1c15-4a95-931a-4af90ecb574d",28.217428,-96.987746,22,NA,NA,NA,NA,NA,"2019-01-16T10:42:45",16,1,2019,5203686,5203686,"HUMAN_OBSERVATION","iNaturalist","Observations","19682118",NA,"Jon McIntyre",2019-01-16 22:38:36,"CC_BY_NC_4_0","Jon McIntyre","Jon McIntyre",NA,NA,2025-06-06 23:49:40.513,"StillImage","COORDINATE_ROUNDED;CONTINENT_DERIVED_FROM_COORDINATES;TAXON_MATCH_TAXON_ID_IGNORED"
1990514983,"50c9509d-22c7-4a22-a47d-8c48425ef4a7","https://www.inaturalist.org/observations/19682113","Animalia","Chordata",NA,"Cyprinodontiformes","Fundulidae","Fundulus","Fundulus grandis",NA,"SPECIES","Fundulus grandis Baird & Girard, 1853","Fundulus grandis","","US","","Texas","PRESENT",NA,"28eb1a3f-1c15-4a95-931a-4af90ecb574d",28.217442,-96.98775,22,NA,NA,NA,NA,NA,"2019-01-16T10:42:26",16,1,2019,5203686,5203686,"HUMAN_OBSERVATION","iNaturalist","Observations","19682113",NA,"Jon McIntyre",2019-01-16 22:38:03,"CC_BY_NC_4_0","Jon McIntyre","Jon McIntyre",NA,NA,2025-06-07 02:33:09.956,"StillImage","COORDINATE_ROUNDED;CONTINENT_DERIVED_FROM_COORDINATES;TAXON_MATCH_TAXON_ID_IGNORED"
1986629583,"50c9509d-22c7-4a22-a47d-8c48425ef4a7","https://www.inaturalist.org/observations/19557385","Animalia","Chordata",NA,"Cyprinodontiformes","Fundulidae","Fundulus","Fundulus grandis",NA,"SPECIES","Fundulus grandis Baird & Girard, 1853","Fundulus grandis","","US","","Texas","PRESENT",NA,"28eb1a3f-1c15-4a95-931a-4af90ecb574d",28.003731,-97.06178,22,NA,NA,NA,NA,NA,"2019-01-10T12:58:51",10,1,2019,5203686,5203686,"HUMAN_OBSERVATION","iNaturalist","Observations","19557385",NA,"Jon McIntyre",2019-01-10 20:16:23,"CC_BY_NC_4_0","Jon McIntyre","Jon McIntyre",NA,NA,2025-06-07 01:11:46.589,"StillImage","COORDINATE_ROUNDED;CONTINENT_DERIVED_FROM_COORDINATES;TAXON_MATCH_TAXON_ID_IGNORED"
1986525448,"50c9509d-22c7-4a22-a47d-8c48425ef4a7","https://www.inaturalist.org/observations/19274890","Animalia","Chordata",NA,"Cyprinodontiformes","Fundulidae","Fundulus","Fundulus grandis",NA,"SPECIES","Fundulus grandis Baird & Girard, 1853","Fundulus grandis","","US","","Florida","PRESENT",NA,"28eb1a3f-1c15-4a95-931a-4af90ecb574d",27.966518,-82.552567,NA,NA,NA,NA,NA,NA,"2018-12-28T14:21:35",28,12,2018,5203686,5203686,"HUMAN_OBSERVATION","iNaturalist","Observations","19274890",NA,"Alexis Desmarais",2018-12-28 20:39:18,"CC_BY_NC_4_0","Alexis Desmarais","Alexis Desmarais",NA,NA,2025-06-07 00:36:57.313,"StillImage","COORDINATE_ROUNDED;CONTINENT_DERIVED_FROM_COORDINATES;TAXON_MATCH_TAXON_ID_IGNORED"
1978827514,"50c9509d-22c7-4a22-a47d-8c48425ef4a7","https://www.inaturalist.org/observations/19144404","Animalia","Chordata",NA,"Cyprinodontiformes","Fundulidae","Fundulus","Fundulus grandis",NA,"SPECIES","Fundulus grandis Baird & Girard, 1853","Fundulus grandis","","US","","Texas","PRESENT",NA,"28eb1a3f-1c15-4a95-931a-4af90ecb574d",28.866594,-95.587566,5,NA,NA,NA,NA,NA,"2018-12-18T14:41",18,12,2018,5203686,5203686,"HUMAN_OBSERVATION","iNaturalist","Observations","19144404",NA,"Peggy Romfh",2018-12-22 01:45:35,"CC_BY_NC_4_0","Peggy Romfh","Peggy Romfh",NA,NA,2025-06-07 02:32:50.487,"StillImage","COORDINATE_ROUNDED;CONTINENT_DERIVED_FROM_COORDINATES;TAXON_MATCH_TAXON_ID_IGNORED"
1950024389,"50c9509d-22c7-4a22-a47d-8c48425ef4a7","https://www.inaturalist.org/observations/18982155","Animalia","Chordata",NA,"Cyprinodontiformes","Fundulidae","Fundulus","Fundulus grandis",NA,"SPECIES","Fundulus grandis Baird & Girard, 1853","Fundulus grandis","","US","","Texas","PRESENT",NA,"28eb1a3f-1c15-4a95-931a-4af90ecb574d",27.620696,-97.212452,22,NA,NA,NA,NA,NA,"2018-12-12T11:39:36",12,12,2018,5203686,5203686,"HUMAN_OBSERVATION","iNaturalist","Observations","18982155",NA,"Jon McIntyre",2018-12-12 17:48:35,"CC_BY_NC_4_0","Jon McIntyre","Jon McIntyre",NA,NA,2025-06-06 23:50:57.326,"StillImage","COORDINATE_ROUNDED;CONTINENT_DERIVED_FROM_COORDINATES;TAXON_MATCH_TAXON_ID_IGNORED"
1948743910,"50c9509d-22c7-4a22-a47d-8c48425ef4a7","https://www.inaturalist.org/observations/18727898","Animalia","Chordata",NA,"Cyprinodontiformes","Fundulidae","Fundulus","Fundulus grandis",NA,"SPECIES","Fundulus grandis Baird & Girard, 1853","Fundulus grandis","","US","","Texas","PRESENT",NA,"28eb1a3f-1c15-4a95-931a-4af90ecb574d",27.920594,-97.606112,200,NA,NA,NA,NA,NA,"2018-11-29T10:00",29,11,2018,5203686,5203686,"HUMAN_OBSERVATION","iNaturalist","Observations","18727898",NA,"pmk00001",2018-11-30 19:04:30,"CC_BY_NC_4_0","Philip Woods","Philip Woods",NA,NA,2025-06-07 00:39:51.501,"StillImage","COORDINATE_ROUNDED;CONTINENT_DERIVED_FROM_COORDINATES;TAXON_MATCH_TAXON_ID_IGNORED"
1944423365,"50c9509d-22c7-4a22-a47d-8c48425ef4a7","https://www.inaturalist.org/observations/7132535","Animalia","Chordata",NA,"Cyprinodontiformes","Fundulidae","Fundulus","Fundulus grandis",NA,"SPECIES","Fundulus grandis Baird & Girard, 1853","Fundulus grandis","","US","","Texas","PRESENT",NA,"28eb1a3f-1c15-4a95-931a-4af90ecb574d",27.709794,-97.337793,2,NA,NA,NA,NA,NA,"2017-07-20T10:32",20,7,2017,5203686,5203686,"HUMAN_OBSERVATION","iNaturalist","Observations","7132535",NA,"Jon McIntyre",2017-07-20 16:54:56,"CC_BY_NC_4_0","Jon McIntyre","Jon McIntyre",NA,NA,2025-06-07 00:45:59.902,"StillImage","COORDINATE_ROUNDED;CONTINENT_DERIVED_FROM_COORDINATES;TAXON_MATCH_TAXON_ID_IGNORED"
1920848631,"50c9509d-22c7-4a22-a47d-8c48425ef4a7","http://www.inaturalist.org/observations/3794787","Animalia","Chordata",NA,"Cyprinodontiformes","Fundulidae","Fundulus","Fundulus grandis",NA,"SPECIES","Fundulus grandis Baird & Girard, 1853","Fundulus grandis","","US","","Texas","PRESENT",NA,"28eb1a3f-1c15-4a95-931a-4af90ecb574d",27.673681,-97.326652,69,NA,NA,NA,NA,NA,"2016-08-03T09:45:21",3,8,2016,5203686,5203686,"HUMAN_OBSERVATION","iNaturalist","Observations","3794787",NA,"Oso Bay Wetlands Preserve",2016-08-03 16:09:57,"CC_BY_NC_4_0","Oso Bay Wetlands Preserve","Oso Bay Wetlands Preserve",NA,NA,2025-06-07 01:41:26.83,"StillImage","COORDINATE_ROUNDED;CONTINENT_DERIVED_FROM_COORDINATES;TAXON_MATCH_TAXON_ID_IGNORED"
1890062064,"50c9509d-22c7-4a22-a47d-8c48425ef4a7","https://www.inaturalist.org/observations/14909244","Animalia","Chordata",NA,"Cyprinodontiformes","Fundulidae","Fundulus","Fundulus grandis",NA,"SPECIES","Fundulus grandis Baird & Girard, 1853","Fundulus grandis","","US","","Texas","PRESENT",NA,"28eb1a3f-1c15-4a95-931a-4af90ecb574d",27.641578,-97.202632,2,NA,NA,NA,NA,NA,"2018-07-28T15:00",28,7,2018,5203686,5203686,"HUMAN_OBSERVATION","iNaturalist","Observations","14909244",NA,"Jeff McIntyre",2018-07-29 23:05:52,"CC_BY_NC_4_0","Jeff McIntyre","Jeff McIntyre",NA,NA,2025-06-07 02:31:32.797,"StillImage","COORDINATE_ROUNDED;CONTINENT_DERIVED_FROM_COORDINATES;TAXON_MATCH_TAXON_ID_IGNORED"
1890062055,"50c9509d-22c7-4a22-a47d-8c48425ef4a7","https://www.inaturalist.org/observations/14909240","Animalia","Chordata",NA,"Cyprinodontiformes","Fundulidae","Fundulus","Fundulus grandis",NA,"SPECIES","Fundulus grandis Baird & Girard, 1853","Fundulus grandis","","US","","Texas","PRESENT",NA,"28eb1a3f-1c15-4a95-931a-4af90ecb574d",27.641609,-97.202471,2,NA,NA,NA,NA,NA,"2018-07-28T14:59",28,7,2018,5203686,5203686,"HUMAN_OBSERVATION","iNaturalist","Observations","14909240",NA,"Jeff McIntyre",2018-07-29 23:05:49,"CC_BY_NC_4_0","Jeff McIntyre","Jeff McIntyre",NA,NA,2025-06-07 00:25:47.745,"StillImage","COORDINATE_ROUNDED;CONTINENT_DERIVED_FROM_COORDINATES;TAXON_MATCH_TAXON_ID_IGNORED"
1890061893,"50c9509d-22c7-4a22-a47d-8c48425ef4a7","https://www.inaturalist.org/observations/14909246","Animalia","Chordata",NA,"Cyprinodontiformes","Fundulidae","Fundulus","Fundulus grandis",NA,"SPECIES","Fundulus grandis Baird & Girard, 1853","Fundulus grandis","","US","","Texas","PRESENT",NA,"28eb1a3f-1c15-4a95-931a-4af90ecb574d",27.64159,-97.202583,2,NA,NA,NA,NA,NA,"2018-07-28T15:04",28,7,2018,5203686,5203686,"HUMAN_OBSERVATION","iNaturalist","Observations","14909246",NA,"Jeff McIntyre",2018-07-29 23:05:52,"CC_BY_NC_4_0","Jeff McIntyre","Jeff McIntyre",NA,NA,2025-06-07 00:26:10.67,"StillImage","COORDINATE_ROUNDED;CONTINENT_DERIVED_FROM_COORDINATES;TAXON_MATCH_TAXON_ID_IGNORED"
1850918933,"50c9509d-22c7-4a22-a47d-8c48425ef4a7","https://www.inaturalist.org/observations/13163157","Animalia","Chordata",NA,"Cyprinodontiformes","Fundulidae","Fundulus","Fundulus grandis",NA,"SPECIES","Fundulus grandis Baird & Girard, 1853","Fundulus grandis","","US","","Texas","PRESENT",NA,"28eb1a3f-1c15-4a95-931a-4af90ecb574d",28.693937,-96.664124,NA,NA,NA,NA,NA,NA,"2018-06-05T20:11:15",5,6,2018,5203686,5203686,"HUMAN_OBSERVATION","iNaturalist","Observations","13163157",NA,"Dan Walker",2018-06-06 01:47:03,"CC_BY_NC_4_0","Dan Walker","Dan Walker",NA,NA,2025-06-06 23:50:12.849,"StillImage","COORDINATE_ROUNDED;CONTINENT_DERIVED_FROM_COORDINATES;TAXON_MATCH_TAXON_ID_IGNORED"
1841314832,"50c9509d-22c7-4a22-a47d-8c48425ef4a7","https://www.inaturalist.org/observations/12052229","Animalia","Chordata",NA,"Cyprinodontiformes","Fundulidae","Fundulus","Fundulus grandis",NA,"SPECIES","Fundulus grandis Baird & Girard, 1853","Fundulus grandis","","US","","Florida","PRESENT",NA,"28eb1a3f-1c15-4a95-931a-4af90ecb574d",29.173262,-83.026025,64,NA,NA,NA,NA,NA,"2018-04-04T11:59:56",4,4,2018,5203686,5203686,"HUMAN_OBSERVATION","iNaturalist","Observations","12052229",NA,"rc6750",2018-05-02 18:27:57,"CC_BY_NC_4_0","rc6750","rc6750",NA,NA,2025-06-07 01:14:37.035,"StillImage","COORDINATE_ROUNDED;CONTINENT_DERIVED_FROM_COORDINATES;TAXON_MATCH_TAXON_ID_IGNORED"
1841211121,"50c9509d-22c7-4a22-a47d-8c48425ef4a7","https://www.inaturalist.org/observations/11558021","Animalia","Chordata",NA,"Cyprinodontiformes","Fundulidae","Fundulus","Fundulus grandis",NA,"SPECIES","Fundulus grandis Baird & Girard, 1853","Fundulus grandis","","US","","Texas","PRESENT",NA,"28eb1a3f-1c15-4a95-931a-4af90ecb574d",29.433115,-94.948818,610,NA,NA,NA,NA,NA,"2018-04-27T14:37:01",27,4,2018,5203686,5203686,"HUMAN_OBSERVATION","iNaturalist","Observations","11558021",NA,"Aaron Tjelmeland",2018-04-28 00:33:26,"CC_BY_NC_4_0","Aaron Tjelmeland","Aaron Tjelmeland",NA,NA,2025-06-07 00:35:37.895,"StillImage","COORDINATE_ROUNDED;CONTINENT_DERIVED_FROM_COORDINATES;TAXON_MATCH_TAXON_ID_IGNORED"
1837059413,"50c9509d-22c7-4a22-a47d-8c48425ef4a7","https://www.inaturalist.org/observations/10377498","Animalia","Chordata",NA,"Cyprinodontiformes","Fundulidae","Fundulus","Fundulus grandis",NA,"SPECIES","Fundulus grandis Baird & Girard, 1853","Fundulus grandis","","US","","Texas","PRESENT",NA,"28eb1a3f-1c15-4a95-931a-4af90ecb574d",27.631464,-97.233437,22,NA,NA,NA,NA,NA,"2018-03-23T11:45:07",23,3,2018,5203686,5203686,"HUMAN_OBSERVATION","iNaturalist","Observations","10377498",NA,"Jon McIntyre",2018-03-23 17:25:50,"CC_BY_NC_4_0","Jon McIntyre","Jon McIntyre",NA,NA,2025-06-07 01:10:01.972,"StillImage","COORDINATE_ROUNDED;CONTINENT_DERIVED_FROM_COORDINATES;TAXON_MATCH_TAXON_ID_IGNORED"
1837059256,"50c9509d-22c7-4a22-a47d-8c48425ef4a7","https://www.inaturalist.org/observations/10375952","Animalia","Chordata",NA,"Cyprinodontiformes","Fundulidae","Fundulus","Fundulus grandis",NA,"SPECIES","Fundulus grandis Baird & Girard, 1853","Fundulus grandis","","US","","Texas","PRESENT",NA,"28eb1a3f-1c15-4a95-931a-4af90ecb574d",29.225,-94.934738,5,NA,NA,NA,NA,NA,"2018-03-23T10:30:54",23,3,2018,5203686,5203686,"HUMAN_OBSERVATION","iNaturalist","Observations","10375952",NA,"Richard Gibbons",2018-03-23 16:24:13,"CC_BY_NC_4_0","Richard Gibbons","Richard Gibbons",NA,NA,2025-06-07 00:25:39.306,"StillImage","COORDINATE_ROUNDED;CONTINENT_DERIVED_FROM_COORDINATES;TAXON_MATCH_TAXON_ID_IGNORED"
1836679312,"50c9509d-22c7-4a22-a47d-8c48425ef4a7","http://www.inaturalist.org/observations/3785066","Animalia","Chordata",NA,"Cyprinodontiformes","Fundulidae","Fundulus","Fundulus grandis",NA,"SPECIES","Fundulus grandis Baird & Girard, 1853","Fundulus grandis","","US","","Texas","PRESENT",NA,"28eb1a3f-1c15-4a95-931a-4af90ecb574d",28.113757,-97.025558,22,NA,NA,NA,NA,NA,"2016-08-01T11:41:37",1,8,2016,5203686,5203686,"HUMAN_OBSERVATION","iNaturalist","Observations","3785066",NA,"Jon McIntyre",2016-08-01 22:36:37,"CC_BY_NC_4_0","Jon McIntyre","Jon McIntyre",NA,NA,2025-06-07 01:47:17.566,"StillImage","COORDINATE_ROUNDED;CONTINENT_DERIVED_FROM_COORDINATES;TAXON_MATCH_TAXON_ID_IGNORED"
1836644540,"50c9509d-22c7-4a22-a47d-8c48425ef4a7","https://www.inaturalist.org/observations/10273862","Animalia","Chordata",NA,"Cyprinodontiformes","Fundulidae","Fundulus","Fundulus grandis",NA,"SPECIES","Fundulus grandis Baird & Girard, 1853","Fundulus grandis","","US","","Texas","PRESENT",NA,"28eb1a3f-1c15-4a95-931a-4af90ecb574d",28.503324,-96.485181,91,NA,NA,NA,NA,NA,"2017-08-01",1,8,2017,5203686,5203686,"HUMAN_OBSERVATION","iNaturalist","Observations","10273862",NA,"""Robert J. """"Bob"""" Nuelle, Jr. AICEZS""",2018-03-17 16:18:30,"CC_BY_NC_4_0","""Robert J. """"Bob"""" Nuelle, Jr. AICEZS""","""Robert J. """"Bob"""" Nuelle, Jr. AICEZS""",NA,NA,2025-06-07 00:25:19.021,"StillImage","CONTINENT_DERIVED_FROM_COORDINATES;TAXON_MATCH_TAXON_ID_IGNORED"
1836605945,"50c9509d-22c7-4a22-a47d-8c48425ef4a7","https://www.inaturalist.org/observations/10164833","Animalia","Chordata",NA,"Cyprinodontiformes","Fundulidae","Fundulus","Fundulus grandis",NA,"SPECIES","Fundulus grandis Baird & Girard, 1853","Fundulus grandis","","US","","Texas","PRESENT",NA,"28eb1a3f-1c15-4a95-931a-4af90ecb574d",28.507643,-96.485134,98,NA,NA,NA,NA,NA,"2017-06-07",7,6,2017,5203686,5203686,"HUMAN_OBSERVATION","iNaturalist","Observations","10164833",NA,"""Robert J. """"Bob"""" Nuelle, Jr. AICEZS""",2018-03-10 14:17:30,"CC_BY_NC_4_0","""Robert J. """"Bob"""" Nuelle, Jr. AICEZS""","""Robert J. """"Bob"""" Nuelle, Jr. AICEZS""",NA,NA,2025-06-06 23:49:46.552,"StillImage","CONTINENT_DERIVED_FROM_COORDINATES;TAXON_MATCH_TAXON_ID_IGNORED"
1836568974,"50c9509d-22c7-4a22-a47d-8c48425ef4a7","https://www.inaturalist.org/observations/10065747","Animalia","Chordata",NA,"Cyprinodontiformes","Fundulidae","Fundulus","Fundulus grandis",NA,"SPECIES","Fundulus grandis Baird & Girard, 1853","Fundulus grandis","","US","","Texas","PRESENT",NA,"28eb1a3f-1c15-4a95-931a-4af90ecb574d",28.479672,-96.552255,30,NA,NA,NA,NA,NA,"2017-07-30",30,7,2017,5203686,5203686,"HUMAN_OBSERVATION","iNaturalist","Observations","10065747",NA,"""Robert J. """"Bob"""" Nuelle, Jr. AICEZS""",2018-03-03 09:17:12,"CC_BY_NC_4_0","""Robert J. """"Bob"""" Nuelle, Jr. AICEZS""","""Robert J. """"Bob"""" Nuelle, Jr. AICEZS""",NA,NA,2025-06-06 23:49:47.312,"StillImage","CONTINENT_DERIVED_FROM_COORDINATES;TAXON_MATCH_TAXON_ID_IGNORED"
1831236329,"50c9509d-22c7-4a22-a47d-8c48425ef4a7","https://www.inaturalist.org/observations/9990825","Animalia","Chordata",NA,"Cyprinodontiformes","Fundulidae","Fundulus","Fundulus grandis",NA,"SPECIES","Fundulus grandis Baird & Girard, 1853","Fundulus grandis","","US","","Florida","PRESENT",NA,"28eb1a3f-1c15-4a95-931a-4af90ecb574d",28.05554,-82.818761,31,NA,NA,NA,NA,NA,"2017-08-20T15:11",20,8,2017,5203686,5203686,"HUMAN_OBSERVATION","iNaturalist","Observations","9990825",NA,"Shawn Goodchild",2018-02-25 17:26:55,"CC_BY_NC_4_0","Shawn Goodchild","Shawn Goodchild",NA,NA,2025-06-07 00:26:19.49,"StillImage","COORDINATE_ROUNDED;CONTINENT_DERIVED_FROM_COORDINATES;TAXON_MATCH_TAXON_ID_IGNORED"
1831172119,"50c9509d-22c7-4a22-a47d-8c48425ef4a7","https://www.inaturalist.org/observations/9821289","Animalia","Chordata",NA,"Cyprinodontiformes","Fundulidae","Fundulus","Fundulus grandis",NA,"SPECIES","Fundulus grandis Baird & Girard, 1853","Fundulus grandis","","US","","Florida","PRESENT",NA,"28eb1a3f-1c15-4a95-931a-4af90ecb574d",27.416252,-82.574256,NA,NA,NA,NA,NA,NA,"2013-09-01T14:54",1,9,2013,5203686,5203686,"HUMAN_OBSERVATION","iNaturalist","Observations","9821289",NA,"pmk00001",2018-02-11 11:55:45,"CC_BY_NC_4_0","pmk00001","pmk00001",NA,NA,2025-06-07 01:10:58.514,"StillImage","CONTINENT_DERIVED_FROM_COORDINATES;TAXON_MATCH_TAXON_ID_IGNORED"
1802777438,"50c9509d-22c7-4a22-a47d-8c48425ef4a7","https://www.inaturalist.org/observations/9374763","Animalia","Chordata",NA,"Cyprinodontiformes","Fundulidae","Fundulus","Fundulus grandis",NA,"SPECIES","Fundulus grandis Baird & Girard, 1853","Fundulus grandis","","US","","Texas","PRESENT",NA,"28eb1a3f-1c15-4a95-931a-4af90ecb574d",28.003992,-97.062086,22,NA,NA,NA,NA,NA,"2018-01-05T12:37:33",5,1,2018,5203686,5203686,"HUMAN_OBSERVATION","iNaturalist","Observations","9374763",NA,"Jon McIntyre",2018-01-05 20:33:06,"CC_BY_NC_4_0","Jon McIntyre","Jon McIntyre",NA,NA,2025-06-07 00:42:02.611,"StillImage","COORDINATE_ROUNDED;CONTINENT_DERIVED_FROM_COORDINATES;TAXON_MATCH_TAXON_ID_IGNORED"
1802692529,"50c9509d-22c7-4a22-a47d-8c48425ef4a7","https://www.inaturalist.org/observations/9156172","Animalia","Chordata",NA,"Cyprinodontiformes","Fundulidae","Fundulus","Fundulus grandis",NA,"SPECIES","Fundulus grandis Baird & Girard, 1853","Fundulus grandis","","US","","Mississippi","PRESENT",NA,"28eb1a3f-1c15-4a95-931a-4af90ecb574d",30.362058,-88.762975,387,NA,NA,NA,NA,NA,"2017-12-14T12:37",14,12,2017,5203686,5203686,"HUMAN_OBSERVATION","iNaturalist","Observations","9156172",NA,"Don Abrams",2017-12-14 20:03:44,"CC_BY_NC_4_0","Don Abrams","Don Abrams",NA,NA,2025-06-07 00:45:22.237,"StillImage","COORDINATE_ROUNDED;CONTINENT_DERIVED_FROM_COORDINATES;TAXON_MATCH_TAXON_ID_IGNORED"
1802651284,"50c9509d-22c7-4a22-a47d-8c48425ef4a7","https://www.inaturalist.org/observations/9033662","Animalia","Chordata",NA,"Cyprinodontiformes","Fundulidae","Fundulus","Fundulus grandis",NA,"SPECIES","Fundulus grandis Baird & Girard, 1853","Fundulus grandis","","US","","Texas","PRESENT",NA,"28eb1a3f-1c15-4a95-931a-4af90ecb574d",27.649328,-97.192865,22,NA,NA,NA,NA,NA,"2017-12-03T14:08:39",3,12,2017,5203686,5203686,"HUMAN_OBSERVATION","iNaturalist","Observations","9033662",NA,"Jon McIntyre",2017-12-03 20:48:11,"CC_BY_NC_4_0","Jon McIntyre","Jon McIntyre",NA,NA,2025-06-07 00:17:29.502,"StillImage","COORDINATE_ROUNDED;CONTINENT_DERIVED_FROM_COORDINATES;TAXON_MATCH_TAXON_ID_IGNORED"
1703209898,"50c9509d-22c7-4a22-a47d-8c48425ef4a7","https://www.inaturalist.org/observations/8939524","Animalia","Chordata",NA,"Cyprinodontiformes","Fundulidae","Fundulus","Fundulus grandis",NA,"SPECIES","Fundulus grandis Baird & Girard, 1853","Fundulus grandis","","US","","Florida","PRESENT",NA,"28eb1a3f-1c15-4a95-931a-4af90ecb574d",27.866539,-82.319953,4,NA,NA,NA,NA,NA,"2014-08-31T11:50",31,8,2014,5203686,5203686,"HUMAN_OBSERVATION","iNaturalist","Observations","8939524",NA,"pmk00001",2017-11-26 11:09:07,"CC_BY_NC_4_0","pmk00001","pmk00001",NA,NA,2025-06-07 00:38:50.081,"StillImage","COORDINATE_ROUNDED;CONTINENT_DERIVED_FROM_COORDINATES;TAXON_MATCH_TAXON_ID_IGNORED"
1703209868,"50c9509d-22c7-4a22-a47d-8c48425ef4a7","https://www.inaturalist.org/observations/8939456","Animalia","Chordata",NA,"Cyprinodontiformes","Fundulidae","Fundulus","Fundulus grandis",NA,"SPECIES","Fundulus grandis Baird & Girard, 1853","Fundulus grandis","","US","","Florida","PRESENT",NA,"28eb1a3f-1c15-4a95-931a-4af90ecb574d",27.878073,-82.390354,8,NA,NA,NA,NA,NA,"2014-08-30T09:28",30,8,2014,5203686,5203686,"HUMAN_OBSERVATION","iNaturalist","Observations","8939456",NA,"pmk00001",2017-11-26 10:52:31,"CC_BY_NC_4_0","pmk00001","pmk00001",NA,NA,2025-06-07 01:01:42.708,"StillImage","COORDINATE_ROUNDED;CONTINENT_DERIVED_FROM_COORDINATES;TAXON_MATCH_TAXON_ID_IGNORED"
1703130176,"50c9509d-22c7-4a22-a47d-8c48425ef4a7","https://www.inaturalist.org/observations/6214128","Animalia","Chordata",NA,"Cyprinodontiformes","Fundulidae","Fundulus","Fundulus grandis",NA,"SPECIES","Fundulus grandis Baird & Girard, 1853","Fundulus grandis","","US","","Florida","PRESENT",NA,"28eb1a3f-1c15-4a95-931a-4af90ecb574d",29.751522,-85.310295,NA,NA,NA,NA,NA,NA,"2017-05-13T17:58:30",13,5,2017,5203686,5203686,"HUMAN_OBSERVATION","iNaturalist","Observations","6214128",NA,"radragon",2017-05-15 01:02:52,"CC_BY_NC_4_0","radragon","radragon",NA,NA,2025-06-07 01:03:15.233,"StillImage","COORDINATE_ROUNDED;CONTINENT_DERIVED_FROM_COORDINATES;TAXON_MATCH_TAXON_ID_IGNORED"
1699379230,"50c9509d-22c7-4a22-a47d-8c48425ef4a7","https://www.inaturalist.org/observations/8605117","Animalia","Chordata",NA,"Cyprinodontiformes","Fundulidae","Fundulus","Fundulus grandis",NA,"SPECIES","Fundulus grandis Baird & Girard, 1853","Fundulus grandis","","US","","Texas","PRESENT",NA,"28eb1a3f-1c15-4a95-931a-4af90ecb574d",27.737442,-97.136955,46,NA,NA,NA,NA,NA,"2017-10-29T14:17:22",29,10,2017,5203686,5203686,"HUMAN_OBSERVATION","iNaturalist","Observations","8605117",NA,"Jon McIntyre",2017-10-29 21:17:16,"CC_BY_NC_4_0","Jon McIntyre","Jon McIntyre",NA,NA,2025-06-06 23:49:18.065,"StillImage","COORDINATE_ROUNDED;CONTINENT_DERIVED_FROM_COORDINATES;TAXON_MATCH_TAXON_ID_IGNORED"
1699364369,"50c9509d-22c7-4a22-a47d-8c48425ef4a7","https://www.inaturalist.org/observations/7086957","Animalia","Chordata",NA,"Cyprinodontiformes","Fundulidae","Fundulus","Fundulus grandis",NA,"SPECIES","Fundulus grandis Baird & Girard, 1853","Fundulus grandis","","US","","Florida","PRESENT",NA,"28eb1a3f-1c15-4a95-931a-4af90ecb574d",27.457083,-82.69444,31,NA,NA,NA,NA,NA,"2017-07-04T11:11",4,7,2017,5203686,5203686,"HUMAN_OBSERVATION","iNaturalist","Observations","7086957",NA,"pmk00001",2017-07-17 10:32:10,"CC_BY_NC_4_0","pmk00001","pmk00001",NA,NA,2025-06-07 01:36:29.295,"StillImage","COORDINATE_ROUNDED;CONTINENT_DERIVED_FROM_COORDINATES;TAXON_MATCH_TAXON_ID_IGNORED"
1699364368,"50c9509d-22c7-4a22-a47d-8c48425ef4a7","https://www.inaturalist.org/observations/7086954","Animalia","Chordata",NA,"Cyprinodontiformes","Fundulidae","Fundulus","Fundulus grandis",NA,"SPECIES","Fundulus grandis Baird & Girard, 1853","Fundulus grandis","","US","","Florida","PRESENT",NA,"28eb1a3f-1c15-4a95-931a-4af90ecb574d",27.878114,-82.39018,NA,NA,NA,NA,NA,NA,"2017-07-05T11:32",5,7,2017,5203686,5203686,"HUMAN_OBSERVATION","iNaturalist","Observations","7086954",NA,"pmk00001",2017-07-17 10:32:08,"CC_BY_NC_4_0","pmk00001","pmk00001",NA,NA,2025-06-07 01:33:33.155,"StillImage","COORDINATE_ROUNDED;CONTINENT_DERIVED_FROM_COORDINATES;TAXON_MATCH_TAXON_ID_IGNORED"
1677294081,"50c9509d-22c7-4a22-a47d-8c48425ef4a7","https://www.inaturalist.org/observations/8382885","Animalia","Chordata",NA,"Cyprinodontiformes","Fundulidae","Fundulus","Fundulus grandis",NA,"SPECIES","Fundulus grandis Baird & Girard, 1853","Fundulus grandis","","US","","Mississippi","PRESENT",NA,"28eb1a3f-1c15-4a95-931a-4af90ecb574d",30.374265,-88.707611,5,NA,NA,NA,NA,NA,"2012-08-08T16:25",8,8,2012,5203686,5203686,"HUMAN_OBSERVATION","iNaturalist","Observations","8382885",NA,"Janet Wright",2017-10-13 10:27:45,"CC_BY_NC_4_0","Janet Wright","Janet Wright",NA,NA,2025-06-07 02:31:03.411,"StillImage","COORDINATE_ROUNDED;CONTINENT_DERIVED_FROM_COORDINATES;TAXON_MATCH_TAXON_ID_IGNORED"
1572372013,"50c9509d-22c7-4a22-a47d-8c48425ef4a7","https://www.inaturalist.org/observations/6946723","Animalia","Chordata",NA,"Cyprinodontiformes","Fundulidae","Fundulus","Fundulus grandis",NA,"SPECIES","Fundulus grandis Baird & Girard, 1853","Fundulus grandis","","US","","Texas","PRESENT",NA,"28eb1a3f-1c15-4a95-931a-4af90ecb574d",28.003999,-97.062102,22,NA,NA,NA,NA,NA,"2017-07-06T15:56:45",6,7,2017,5203686,5203686,"HUMAN_OBSERVATION","iNaturalist","Observations","6946723",NA,"Jon McIntyre",2017-07-06 21:05:07,"CC_BY_NC_4_0","Jon McIntyre","Jon McIntyre",NA,NA,2025-06-07 00:14:52.521,"StillImage","COORDINATE_ROUNDED;CONTINENT_DERIVED_FROM_COORDINATES;TAXON_MATCH_TAXON_ID_IGNORED"
1571137807,"50c9509d-22c7-4a22-a47d-8c48425ef4a7","https://www.inaturalist.org/observations/6661895","Animalia","Chordata",NA,"Cyprinodontiformes","Fundulidae","Fundulus","Fundulus grandis",NA,"SPECIES","Fundulus grandis Baird & Girard, 1853","Fundulus grandis","","US","","Texas","PRESENT",NA,"28eb1a3f-1c15-4a95-931a-4af90ecb574d",27.669238,-97.325588,678,NA,NA,NA,NA,NA,"2017-06-14T16:18:49",14,6,2017,5203686,5203686,"HUMAN_OBSERVATION","iNaturalist","Observations","6661895",NA,"calebh",2017-06-15 01:46:33,"CC_BY_NC_4_0","calebh","calebh",NA,NA,2025-06-07 02:31:23.586,"StillImage","COORDINATE_ROUNDED;CONTINENT_DERIVED_FROM_COORDINATES;TAXON_MATCH_TAXON_ID_IGNORED"
1571127400,"50c9509d-22c7-4a22-a47d-8c48425ef4a7","https://www.inaturalist.org/observations/6609018","Animalia","Chordata",NA,"Cyprinodontiformes","Fundulidae","Fundulus","Fundulus grandis",NA,"SPECIES","Fundulus grandis Baird & Girard, 1853","Fundulus grandis","","US","","Texas","PRESENT",NA,"28eb1a3f-1c15-4a95-931a-4af90ecb574d",27.668434,-97.328921,200,NA,NA,NA,NA,NA,"2017-06-10T12:47",10,6,2017,5203686,5203686,"HUMAN_OBSERVATION","iNaturalist","Observations","6609018",NA,"F. Douglas Martin",2017-06-13 16:50:30,"CC_BY_NC_4_0","Sara Jose","Sara Jose",NA,NA,2025-06-07 02:31:26.645,"StillImage","COORDINATE_ROUNDED;CONTINENT_DERIVED_FROM_COORDINATES;TAXON_MATCH_TAXON_ID_IGNORED"
1453397579,"50c9509d-22c7-4a22-a47d-8c48425ef4a7","https://www.inaturalist.org/observations/5046086","Animalia","Chordata",NA,"Cyprinodontiformes","Fundulidae","Fundulus","Fundulus grandis",NA,"SPECIES","Fundulus grandis Baird & Girard, 1853","Fundulus grandis","","US","","Texas","PRESENT",NA,"28eb1a3f-1c15-4a95-931a-4af90ecb574d",31.865542,-97.36954,1376,NA,NA,NA,NA,NA,"2017-01-10T18:23:21",10,1,2017,5203686,5203686,"HUMAN_OBSERVATION","iNaturalist","Observations","5046086",NA,"F. Douglas Martin",2017-02-04 18:25:29,"CC_BY_NC_4_0","🌱 Aaron Lincoln 🌱","🌱 Aaron Lincoln 🌱",NA,NA,2025-06-06 23:48:23.366,"StillImage","COORDINATE_ROUNDED;CONTINENT_DERIVED_FROM_COORDINATES;TAXON_MATCH_TAXON_ID_IGNORED"
1453291425,"50c9509d-22c7-4a22-a47d-8c48425ef4a7","https://www.inaturalist.org/observations/4783472","Animalia","Chordata",NA,"Cyprinodontiformes","Fundulidae","Fundulus","Fundulus grandis",NA,"SPECIES","Fundulus grandis Baird & Girard, 1853","Fundulus grandis","","US","","Texas","PRESENT",NA,"28eb1a3f-1c15-4a95-931a-4af90ecb574d",27.827661,-97.07955,2,NA,NA,NA,NA,NA,"2010-04-17T08:03",17,4,2010,5203686,5203686,"HUMAN_OBSERVATION","iNaturalist","Observations","4783472",NA,"Jon McIntyre",2016-12-16 21:30:48,"CC_BY_NC_4_0","Jon McIntyre","Jon McIntyre",NA,NA,2025-06-07 02:31:24.751,"StillImage","COORDINATE_ROUNDED;CONTINENT_DERIVED_FROM_COORDINATES;TAXON_MATCH_TAXON_ID_IGNORED"
1305128672,"50c9509d-22c7-4a22-a47d-8c48425ef4a7","http://www.inaturalist.org/observations/3862176","Animalia","Chordata",NA,"Cyprinodontiformes","Fundulidae","Fundulus","Fundulus grandis",NA,"SPECIES","Fundulus grandis Baird & Girard, 1853","Fundulus grandis","","US","","Texas","PRESENT",NA,"28eb1a3f-1c15-4a95-931a-4af90ecb574d",27.997092,-97.084494,NA,NA,NA,NA,NA,NA,"2016-06-21T15:44:10",21,6,2016,5203686,5203686,"HUMAN_OBSERVATION","iNaturalist","Observations","3862176",NA,"fishhunter",2016-08-11 20:25:05,"CC_BY_NC_4_0","fishhunter","fishhunter",NA,NA,2025-06-07 01:18:30.442,"StillImage","COORDINATE_ROUNDED;CONTINENT_DERIVED_FROM_COORDINATES;TAXON_MATCH_TAXON_ID_IGNORED"
1269575182,"50c9509d-22c7-4a22-a47d-8c48425ef4a7","http://www.inaturalist.org/observations/3259433","Animalia","Chordata",NA,"Cyprinodontiformes","Fundulidae","Fundulus","Fundulus grandis",NA,"SPECIES","Fundulus grandis Baird & Girard, 1853","Fundulus grandis","","US","","Florida","PRESENT",NA,"28eb1a3f-1c15-4a95-931a-4af90ecb574d",30.364047,-87.130571,11,NA,NA,NA,NA,NA,"2016-05-21T14:33:43",21,5,2016,5203686,5203686,"HUMAN_OBSERVATION","iNaturalist","Observations","3259433",NA,"elizabethroberts",2016-05-21 22:48:05,"CC_BY_NC_4_0","elizabethroberts","elizabethroberts",NA,NA,2025-06-07 00:53:55.851,"StillImage","COORDINATE_ROUNDED;CONTINENT_DERIVED_FROM_COORDINATES;TAXON_MATCH_TAXON_ID_IGNORED"
