"gbifID","datasetKey","occurrenceID","kingdom","phylum","class","order","family","genus","species","infraspecificEpithet","taxonRank","scientificName","verbatimScientificName","verbatimScientificNameAuthorship","countryCode","locality","stateProvince","occurrenceStatus","individualCount","publishingOrgKey","decimalLatitude","decimalLongitude","coordinateUncertaintyInMeters","coordinatePrecision","elevation","elevationAccuracy","depth","depthAccuracy","eventDate","day","month","year","taxonKey","speciesKey","basisOfRecord","institutionCode","collectionCode","catalogNumber","recordNumber","identifiedBy","dateIdentified","license","rightsHolder","recordedBy","typeStatus","establishmentMeans","lastInterpreted","mediaType","issue"
5177142486,"50c9509d-22c7-4a22-a47d-8c48425ef4a7","https://www.inaturalist.org/observations/274956750","Animalia","Chordata",NA,"Pleuronectiformes","Cynoglossidae","Symphurus","Symphurus plagiusa",NA,"SPECIES","Symphurus plagiusa (Linnaeus, 1766)","Symphurus plagiusa","","US","","Florida","PRESENT",NA,"28eb1a3f-1c15-4a95-931a-4af90ecb574d",27.78255,-82.623891,38,NA,NA,NA,NA,NA,"2025-03-28T16:19",28,3,2025,2409475,2409475,"HUMAN_OBSERVATION","iNaturalist","Observations","274956750",NA,"Squidpastry",2025-04-27 19:30:52,"CC_BY_NC_4_0","Squidpastry","Squidpastry",NA,NA,2025-06-07 01:43:20.455,"StillImage","COORDINATE_ROUNDED;CONTINENT_DERIVED_FROM_COORDINATES;TAXON_MATCH_TAXON_ID_IGNORED"
5176898617,"50c9509d-22c7-4a22-a47d-8c48425ef4a7","https://www.inaturalist.org/observations/274956708","Animalia","Chordata",NA,"Pleuronectiformes","Cynoglossidae","Symphurus","Symphurus plagiusa",NA,"SPECIES","Symphurus plagiusa (Linnaeus, 1766)","Symphurus plagiusa","","US","","Florida","PRESENT",NA,"28eb1a3f-1c15-4a95-931a-4af90ecb574d",27.78257,-82.623583,NA,NA,NA,NA,NA,NA,"2025-03-28T16:06",28,3,2025,2409475,2409475,"HUMAN_OBSERVATION","iNaturalist","Observations","274956708",NA,"Squidpastry",2025-04-27 19:30:49,"CC_BY_NC_4_0","Squidpastry","Squidpastry",NA,NA,2025-06-07 01:09:38.775,"StillImage","COORDINATE_ROUNDED;CONTINENT_DERIVED_FROM_COORDINATES;TAXON_MATCH_TAXON_ID_IGNORED"
5167876908,"50c9509d-22c7-4a22-a47d-8c48425ef4a7","https://www.inaturalist.org/observations/282609019","Animalia","Chordata",NA,"Pleuronectiformes","Cynoglossidae","Symphurus","Symphurus plagiusa",NA,"SPECIES","Symphurus plagiusa (Linnaeus, 1766)","Symphurus plagiusa","","US","","Virginia","PRESENT",NA,"28eb1a3f-1c15-4a95-931a-4af90ecb574d",37.927742,-75.41198,11,NA,NA,NA,NA,NA,"2025-05-19T16:12:46",19,5,2025,2409475,2409475,"HUMAN_OBSERVATION","iNaturalist","Observations","282609019",NA,"Rachel Pitt",2025-05-20 11:55:29,"CC_BY_NC_4_0","Rachel Pitt","Rachel Pitt",NA,NA,2025-06-07 00:06:52.104,"StillImage","COORDINATE_ROUNDED;CONTINENT_DERIVED_FROM_COORDINATES;TAXON_MATCH_TAXON_ID_IGNORED"
5167690102,"50c9509d-22c7-4a22-a47d-8c48425ef4a7","https://www.inaturalist.org/observations/274956615","Animalia","Chordata",NA,"Pleuronectiformes","Cynoglossidae","Symphurus","Symphurus plagiusa",NA,"SPECIES","Symphurus plagiusa (Linnaeus, 1766)","Symphurus plagiusa","","US","","Florida","PRESENT",NA,"28eb1a3f-1c15-4a95-931a-4af90ecb574d",27.782222,-82.624113,12,NA,NA,NA,NA,NA,"2025-03-28T15:51",28,3,2025,2409475,2409475,"HUMAN_OBSERVATION","iNaturalist","Observations","274956615",NA,"Squidpastry",2025-04-27 19:30:44,"CC_BY_NC_4_0","Squidpastry","Squidpastry",NA,NA,2025-06-07 01:26:44.201,"StillImage","COORDINATE_ROUNDED;CONTINENT_DERIVED_FROM_COORDINATES;TAXON_MATCH_TAXON_ID_IGNORED"
5153595703,"50c9509d-22c7-4a22-a47d-8c48425ef4a7","https://www.inaturalist.org/observations/280076375","Animalia","Chordata",NA,"Pleuronectiformes","Cynoglossidae","Symphurus","Symphurus plagiusa",NA,"SPECIES","Symphurus plagiusa (Linnaeus, 1766)","Symphurus plagiusa","","US","","Virginia","PRESENT",NA,"28eb1a3f-1c15-4a95-931a-4af90ecb574d",37.863104,-75.396675,770,NA,NA,NA,NA,NA,"2025-05-10T09:47:54",10,5,2025,2409475,2409475,"HUMAN_OBSERVATION","iNaturalist","Observations","280076375",NA,"Hayden Shepley",2025-05-10 22:28:21,"CC_BY_NC_4_0","Hayden Shepley","Hayden Shepley",NA,NA,2025-06-07 01:55:50.003,"StillImage","COORDINATE_ROUNDED;CONTINENT_DERIVED_FROM_COORDINATES;TAXON_MATCH_TAXON_ID_IGNORED"
5153006512,"50c9509d-22c7-4a22-a47d-8c48425ef4a7","https://www.inaturalist.org/observations/200408487","Animalia","Chordata",NA,"Pleuronectiformes","Cynoglossidae","Symphurus","Symphurus plagiusa",NA,"SPECIES","Symphurus plagiusa (Linnaeus, 1766)","Symphurus plagiusa","","US","","Maryland","PRESENT",NA,"28eb1a3f-1c15-4a95-931a-4af90ecb574d",38.170145,-76.441946,8,NA,NA,NA,NA,NA,"2023-09-19T20:17",19,9,2023,2409475,2409475,"HUMAN_OBSERVATION","iNaturalist","Observations","200408487",NA,"Benji Beluga",2024-02-25 16:40:35,"CC_BY_NC_4_0","Benji Beluga","Benji Beluga",NA,NA,2025-06-07 02:55:43.757,"StillImage","COORDINATE_ROUNDED;CONTINENT_DERIVED_FROM_COORDINATES;TAXON_MATCH_TAXON_ID_IGNORED"
5140641735,"50c9509d-22c7-4a22-a47d-8c48425ef4a7","https://www.inaturalist.org/observations/274956779","Animalia","Chordata",NA,"Pleuronectiformes","Cynoglossidae","Symphurus","Symphurus plagiusa",NA,"SPECIES","Symphurus plagiusa (Linnaeus, 1766)","Symphurus plagiusa","","US","","Florida","PRESENT",NA,"28eb1a3f-1c15-4a95-931a-4af90ecb574d",27.782649,-82.623789,29,NA,NA,NA,NA,NA,"2025-03-28T16:33",28,3,2025,2409475,2409475,"HUMAN_OBSERVATION","iNaturalist","Observations","274956779",NA,"Squidpastry",2025-04-27 19:30:54,"CC_BY_NC_4_0","Squidpastry","Squidpastry",NA,NA,2025-06-07 02:12:51.862,"StillImage","COORDINATE_ROUNDED;CONTINENT_DERIVED_FROM_COORDINATES;TAXON_MATCH_TAXON_ID_IGNORED"
5140633817,"50c9509d-22c7-4a22-a47d-8c48425ef4a7","https://www.inaturalist.org/observations/274956691","Animalia","Chordata",NA,"Pleuronectiformes","Cynoglossidae","Symphurus","Symphurus plagiusa",NA,"SPECIES","Symphurus plagiusa (Linnaeus, 1766)","Symphurus plagiusa","","US","","Florida","PRESENT",NA,"28eb1a3f-1c15-4a95-931a-4af90ecb574d",27.782447,-82.623978,NA,NA,NA,NA,NA,NA,"2025-03-28T16:04",28,3,2025,2409475,2409475,"HUMAN_OBSERVATION","iNaturalist","Observations","274956691",NA,"Squidpastry",2025-04-27 19:30:48,"CC_BY_NC_4_0","Squidpastry","Squidpastry",NA,NA,2025-06-07 02:01:50.209,"StillImage","COORDINATE_ROUNDED;CONTINENT_DERIVED_FROM_COORDINATES;TAXON_MATCH_TAXON_ID_IGNORED"
5134173727,"50c9509d-22c7-4a22-a47d-8c48425ef4a7","https://www.inaturalist.org/observations/268739356","Animalia","Chordata",NA,"Pleuronectiformes","Cynoglossidae","Symphurus","Symphurus plagiusa",NA,"SPECIES","Symphurus plagiusa (Linnaeus, 1766)","Symphurus plagiusa","","US","","North Carolina","PRESENT",NA,"28eb1a3f-1c15-4a95-931a-4af90ecb574d",35.105652,-75.988663,135,NA,NA,NA,NA,NA,"2025-04-05T11:26:54",5,4,2025,2409475,2409475,"HUMAN_OBSERVATION","iNaturalist","Observations","268739356",NA,"sfoster79",2025-04-05 15:28:15,"CC_BY_NC_4_0","sfoster79","sfoster79",NA,NA,2025-06-07 02:10:35.375,"StillImage","COORDINATE_ROUNDED;CONTINENT_DERIVED_FROM_COORDINATES;TAXON_MATCH_TAXON_ID_IGNORED"
5134053229,"50c9509d-22c7-4a22-a47d-8c48425ef4a7","https://www.inaturalist.org/observations/268670688","Animalia","Chordata",NA,"Pleuronectiformes","Cynoglossidae","Symphurus","Symphurus plagiusa",NA,"SPECIES","Symphurus plagiusa (Linnaeus, 1766)","Symphurus plagiusa","","US","","Texas","PRESENT",NA,"28eb1a3f-1c15-4a95-931a-4af90ecb574d",27.831592,-97.120894,17,NA,NA,NA,NA,NA,"2025-04-04T12:00:56",4,4,2025,2409475,2409475,"HUMAN_OBSERVATION","iNaturalist","Observations","268670688",NA,"Anisa Riccardelli",2025-04-05 04:55:11,"CC_BY_NC_4_0","Anisa Riccardelli","Anisa Riccardelli",NA,NA,2025-06-07 01:02:28.403,"StillImage","COORDINATE_ROUNDED;CONTINENT_DERIVED_FROM_COORDINATES;TAXON_MATCH_TAXON_ID_IGNORED"
5133770247,"50c9509d-22c7-4a22-a47d-8c48425ef4a7","https://www.inaturalist.org/observations/270510170","Animalia","Chordata",NA,"Pleuronectiformes","Cynoglossidae","Symphurus","Symphurus plagiusa",NA,"SPECIES","Symphurus plagiusa (Linnaeus, 1766)","Symphurus plagiusa","","US","","Florida","PRESENT",NA,"28eb1a3f-1c15-4a95-931a-4af90ecb574d",27.696356,-82.715118,38,NA,NA,NA,NA,NA,"2025-04-11T18:54:23",11,4,2025,2409475,2409475,"HUMAN_OBSERVATION","iNaturalist","Observations","270510170",NA,"Rachel Smith",2025-04-14 23:23:06,"CC_BY_NC_4_0","Daniel Newell","Daniel Newell",NA,NA,2025-06-07 02:48:05.465,"StillImage","COORDINATE_ROUNDED;CONTINENT_DERIVED_FROM_COORDINATES;TAXON_MATCH_TAXON_ID_IGNORED"
5108124228,"50c9509d-22c7-4a22-a47d-8c48425ef4a7","https://www.inaturalist.org/observations/266998498","Animalia","Chordata",NA,"Pleuronectiformes","Cynoglossidae","Symphurus","Symphurus plagiusa",NA,"SPECIES","Symphurus plagiusa (Linnaeus, 1766)","Symphurus plagiusa","","US","","Georgia","PRESENT",NA,"28eb1a3f-1c15-4a95-931a-4af90ecb574d",31.427667,-81.316872,3,NA,NA,NA,NA,NA,"2025-03-15T10:13:51",15,3,2025,2409475,2409475,"HUMAN_OBSERVATION","iNaturalist","Observations","266998498",NA,"aclpar",2025-03-26 02:58:02,"CC_BY_NC_4_0","aclpar","aclpar",NA,NA,2025-06-07 00:49:17.166,"StillImage","COORDINATE_ROUNDED;CONTINENT_DERIVED_FROM_COORDINATES;TAXON_MATCH_TAXON_ID_IGNORED"
5104477286,"50c9509d-22c7-4a22-a47d-8c48425ef4a7","https://www.inaturalist.org/observations/266467876","Animalia","Chordata",NA,"Pleuronectiformes","Cynoglossidae","Symphurus","Symphurus plagiusa",NA,"SPECIES","Symphurus plagiusa (Linnaeus, 1766)","Symphurus plagiusa","","US","","South Carolina","PRESENT",NA,"28eb1a3f-1c15-4a95-931a-4af90ecb574d",32.452505,-80.670132,5,NA,NA,NA,NA,NA,"2025-03-22T19:38:28",22,3,2025,2409475,2409475,"HUMAN_OBSERVATION","iNaturalist","Observations","266467876",NA,"Jude Roman",2025-03-22 23:46:12,"CC_BY_NC_4_0","Jude Roman","Jude Roman",NA,NA,2025-06-07 02:03:48.749,"StillImage","COORDINATE_ROUNDED;CONTINENT_DERIVED_FROM_COORDINATES;TAXON_MATCH_TAXON_ID_IGNORED"
5087119198,"50c9509d-22c7-4a22-a47d-8c48425ef4a7","https://www.inaturalist.org/observations/261907814","Animalia","Chordata",NA,"Pleuronectiformes","Cynoglossidae","Symphurus","Symphurus plagiusa",NA,"SPECIES","Symphurus plagiusa (Linnaeus, 1766)","Symphurus plagiusa","","US","","Florida","PRESENT",NA,"28eb1a3f-1c15-4a95-931a-4af90ecb574d",27.262457,-82.550074,NA,NA,NA,NA,NA,NA,"2025-02-16T16:21:31",16,2,2025,2409475,2409475,"HUMAN_OBSERVATION","iNaturalist","Observations","261907814",NA,"Hunter Groce",2025-02-16 23:19:12,"CC_BY_NC_4_0","Hunter Groce","Hunter Groce",NA,NA,2025-06-07 02:56:52.245,"StillImage","COORDINATE_ROUNDED;CONTINENT_DERIVED_FROM_COORDINATES;TAXON_MATCH_TAXON_ID_IGNORED"
5087093527,"50c9509d-22c7-4a22-a47d-8c48425ef4a7","https://www.inaturalist.org/observations/228097734","Animalia","Chordata",NA,"Pleuronectiformes","Cynoglossidae","Symphurus","Symphurus plagiusa",NA,"SPECIES","Symphurus plagiusa (Linnaeus, 1766)","Symphurus plagiusa","","US","","","PRESENT",NA,"28eb1a3f-1c15-4a95-931a-4af90ecb574d",30.136483,-88.085647,4,NA,NA,NA,NA,NA,"2024-07-08T14:05:47",8,7,2024,2409475,2409475,"HUMAN_OBSERVATION","iNaturalist","Observations","228097734",NA,"Ava",2024-07-08 20:19:14,"CC_BY_NC_4_0","Ava","Ava",NA,NA,2025-06-07 00:01:10.23,"StillImage","COORDINATE_ROUNDED;COUNTRY_DERIVED_FROM_COORDINATES;TAXON_MATCH_TAXON_ID_IGNORED"
5069923936,"50c9509d-22c7-4a22-a47d-8c48425ef4a7","https://www.inaturalist.org/observations/261469378","Animalia","Chordata",NA,"Pleuronectiformes","Cynoglossidae","Symphurus","Symphurus plagiusa",NA,"SPECIES","Symphurus plagiusa (Linnaeus, 1766)","Symphurus plagiusa","","US","","Florida","PRESENT",NA,"28eb1a3f-1c15-4a95-931a-4af90ecb574d",27.710964,-82.691005,40,NA,NA,NA,NA,NA,"2025-02-11T15:10:30",11,2,2025,2409475,2409475,"HUMAN_OBSERVATION","iNaturalist","Observations","261469378",NA,"shawnphoenix",2025-02-12 19:46:06,"CC_BY_NC_4_0","shawnphoenix","shawnphoenix",NA,NA,2025-06-07 00:56:34.151,"StillImage","COORDINATE_ROUNDED;CONTINENT_DERIVED_FROM_COORDINATES;TAXON_MATCH_TAXON_ID_IGNORED"
5069841565,"50c9509d-22c7-4a22-a47d-8c48425ef4a7","https://www.inaturalist.org/observations/261391872","Animalia","Chordata",NA,"Pleuronectiformes","Cynoglossidae","Symphurus","Symphurus plagiusa",NA,"SPECIES","Symphurus plagiusa (Linnaeus, 1766)","Symphurus plagiusa","","US","","Georgia","PRESENT",NA,"28eb1a3f-1c15-4a95-931a-4af90ecb574d",32.007558,-80.990611,3146,NA,NA,NA,NA,NA,"2025-02-10T15:21",10,2,2025,2409475,2409475,"HUMAN_OBSERVATION","iNaturalist","Observations","261391872",NA,"sierra_b",2025-02-11 23:17:46,"CC_BY_NC_4_0","sierra_b","sierra_b",NA,NA,2025-06-07 02:05:23.906,"StillImage","COORDINATE_ROUNDED;CONTINENT_DERIVED_FROM_COORDINATES;TAXON_MATCH_TAXON_ID_IGNORED"
5069834971,"50c9509d-22c7-4a22-a47d-8c48425ef4a7","https://www.inaturalist.org/observations/261469447","Animalia","Chordata",NA,"Pleuronectiformes","Cynoglossidae","Symphurus","Symphurus plagiusa",NA,"SPECIES","Symphurus plagiusa (Linnaeus, 1766)","Symphurus plagiusa","","US","","Florida","PRESENT",NA,"28eb1a3f-1c15-4a95-931a-4af90ecb574d",27.710935,-82.690985,31,NA,NA,NA,NA,NA,"2025-02-11T14:04:18",11,2,2025,2409475,2409475,"HUMAN_OBSERVATION","iNaturalist","Observations","261469447",NA,"shawnphoenix",2025-02-12 19:47:11,"CC_BY_NC_4_0","shawnphoenix","shawnphoenix",NA,NA,2025-06-07 00:40:12.654,"StillImage","COORDINATE_ROUNDED;CONTINENT_DERIVED_FROM_COORDINATES;TAXON_MATCH_TAXON_ID_IGNORED"
5063572989,"50c9509d-22c7-4a22-a47d-8c48425ef4a7","https://www.inaturalist.org/observations/259912886","Animalia","Chordata",NA,"Pleuronectiformes","Cynoglossidae","Symphurus","Symphurus plagiusa",NA,"SPECIES","Symphurus plagiusa (Linnaeus, 1766)","Symphurus plagiusa","","US","","North Carolina","PRESENT",NA,"28eb1a3f-1c15-4a95-931a-4af90ecb574d",35.79664,-75.548789,2,NA,NA,NA,NA,NA,"2024-11-25T20:03",25,11,2024,2409475,2409475,"HUMAN_OBSERVATION","iNaturalist","Observations","259912886",NA,"Amiel Hopkins",2025-01-29 00:07:35,"CC_BY_NC_4_0","Amiel Hopkins","Amiel Hopkins",NA,NA,2025-06-07 02:16:04.056,"StillImage","COORDINATE_ROUNDED;CONTINENT_DERIVED_FROM_COORDINATES;TAXON_MATCH_TAXON_ID_IGNORED"
5063549254,"50c9509d-22c7-4a22-a47d-8c48425ef4a7","https://www.inaturalist.org/observations/259926254","Animalia","Chordata",NA,"Pleuronectiformes","Cynoglossidae","Symphurus","Symphurus plagiusa",NA,"SPECIES","Symphurus plagiusa (Linnaeus, 1766)","Symphurus plagiusa","","US","","Florida","PRESENT",NA,"28eb1a3f-1c15-4a95-931a-4af90ecb574d",27.782236,-82.623984,32,NA,NA,NA,NA,NA,"2024-11-25T15:48",25,11,2024,2409475,2409475,"HUMAN_OBSERVATION","iNaturalist","Observations","259926254",NA,"Squidpastry",2025-01-29 03:18:20,"CC_BY_NC_4_0","Squidpastry","Squidpastry",NA,NA,2025-06-07 03:00:18.636,"StillImage","COORDINATE_ROUNDED;CONTINENT_DERIVED_FROM_COORDINATES;TAXON_MATCH_TAXON_ID_IGNORED"
5062834471,"50c9509d-22c7-4a22-a47d-8c48425ef4a7","https://www.inaturalist.org/observations/236778990","Animalia","Chordata",NA,"Pleuronectiformes","Cynoglossidae","Symphurus","Symphurus plagiusa",NA,"SPECIES","Symphurus plagiusa (Linnaeus, 1766)","Symphurus plagiusa","","US","","Georgia","PRESENT",NA,"28eb1a3f-1c15-4a95-931a-4af90ecb574d",31.947067,-81.066673,NA,NA,NA,NA,NA,NA,"2024-08-19T15:42:58",19,8,2024,2409475,2409475,"HUMAN_OBSERVATION","iNaturalist","Observations","236778990",NA,"Dalton Hemmings",2024-09-26 22:19:43,"CC_BY_NC_4_0","Ethan","Ethan",NA,NA,2025-06-07 01:36:33.238,"StillImage","COORDINATE_ROUNDED;CONTINENT_DERIVED_FROM_COORDINATES;TAXON_MATCH_TAXON_ID_IGNORED"
5036981959,"50c9509d-22c7-4a22-a47d-8c48425ef4a7","https://www.inaturalist.org/observations/244953230","Animalia","Chordata",NA,"Pleuronectiformes","Cynoglossidae","Symphurus","Symphurus plagiusa",NA,"SPECIES","Symphurus plagiusa (Linnaeus, 1766)","Symphurus plagiusa","","US","","South Carolina","PRESENT",NA,"28eb1a3f-1c15-4a95-931a-4af90ecb574d",32.2141,-80.848137,4,NA,NA,NA,NA,NA,"2024-09-30T15:29:47",30,9,2024,2409475,2409475,"HUMAN_OBSERVATION","iNaturalist","Observations","244953230",NA,"tobrien13",2024-09-30 19:35:13,"CC_BY_NC_4_0","tobrien13","tobrien13",NA,NA,2025-06-07 02:04:39.489,"StillImage","COORDINATE_ROUNDED;CONTINENT_DERIVED_FROM_COORDINATES;TAXON_MATCH_TAXON_ID_IGNORED"
5036828749,"50c9509d-22c7-4a22-a47d-8c48425ef4a7","https://www.inaturalist.org/observations/173212507","Animalia","Chordata",NA,"Pleuronectiformes","Cynoglossidae","Symphurus","Symphurus plagiusa",NA,"SPECIES","Symphurus plagiusa (Linnaeus, 1766)","Symphurus plagiusa","","US","","Texas","PRESENT",NA,"28eb1a3f-1c15-4a95-931a-4af90ecb574d",27.665296,-97.276809,4,NA,NA,NA,NA,NA,"2023-07-16T09:17:36",16,7,2023,2409475,2409475,"HUMAN_OBSERVATION","iNaturalist","Observations","173212507",NA,"breannasparks123",2023-07-16 14:18:19,"CC_BY_NC_4_0","breannasparks123","breannasparks123",NA,NA,2025-06-07 01:52:49.479,"StillImage","COORDINATE_ROUNDED;CONTINENT_DERIVED_FROM_COORDINATES;TAXON_MATCH_TAXON_ID_IGNORED"
5036802700,"50c9509d-22c7-4a22-a47d-8c48425ef4a7","https://www.inaturalist.org/observations/233678825","Animalia","Chordata",NA,"Pleuronectiformes","Cynoglossidae","Symphurus","Symphurus plagiusa",NA,"SPECIES","Symphurus plagiusa (Linnaeus, 1766)","Symphurus plagiusa","","US","","South Carolina","PRESENT",NA,"28eb1a3f-1c15-4a95-931a-4af90ecb574d",33.350105,-79.195241,153,NA,NA,NA,NA,NA,"2014-05-21T13:06:17",21,5,2014,2409475,2409475,"HUMAN_OBSERVATION","iNaturalist","Observations","233678825",NA,"mikerofishing",2024-08-04 10:36:11,"CC_BY_NC_4_0","mikerofishing","mikerofishing",NA,NA,2025-06-07 00:15:10.279,"StillImage","COORDINATE_ROUNDED;CONTINENT_DERIVED_FROM_COORDINATES;TAXON_MATCH_TAXON_ID_IGNORED"
5007924870,"50c9509d-22c7-4a22-a47d-8c48425ef4a7","https://www.inaturalist.org/observations/183572379","Animalia","Chordata",NA,"Pleuronectiformes","Cynoglossidae","Symphurus","Symphurus plagiusa",NA,"SPECIES","Symphurus plagiusa (Linnaeus, 1766)","Symphurus plagiusa","","US","","Maryland","PRESENT",NA,"28eb1a3f-1c15-4a95-931a-4af90ecb574d",38.223455,-76.041841,208,NA,NA,NA,NA,NA,"2023-09-08T11:51",8,9,2023,2409475,2409475,"HUMAN_OBSERVATION","iNaturalist","Observations","183572379",NA,"ecovore",2023-09-16 23:47:29,"CC_BY_4_0","ecovore","ecovore",NA,NA,2025-06-07 00:49:35.254,"StillImage","CONTINENT_DERIVED_FROM_COORDINATES;TAXON_MATCH_TAXON_ID_IGNORED"
5007734498,"50c9509d-22c7-4a22-a47d-8c48425ef4a7","https://www.inaturalist.org/observations/94169086","Animalia","Chordata",NA,"Pleuronectiformes","Cynoglossidae","Symphurus","Symphurus plagiusa",NA,"SPECIES","Symphurus plagiusa (Linnaeus, 1766)","Symphurus plagiusa","","US","","Maryland","PRESENT",NA,"28eb1a3f-1c15-4a95-931a-4af90ecb574d",38.221173,-75.199244,1953,NA,NA,NA,NA,NA,"2021-09-08T16:15",8,9,2021,2409475,2409475,"HUMAN_OBSERVATION","iNaturalist","Observations","94169086",NA,"ecovore",2021-09-09 01:21:36,"CC_BY_4_0","ecovore","ecovore",NA,NA,2025-06-07 00:48:21.073,"StillImage","COORDINATE_ROUNDED;CONTINENT_DERIVED_FROM_COORDINATES;TAXON_MATCH_TAXON_ID_IGNORED"
4987593469,"50c9509d-22c7-4a22-a47d-8c48425ef4a7","https://www.inaturalist.org/observations/253180203","Animalia","Chordata",NA,"Pleuronectiformes","Cynoglossidae","Symphurus","Symphurus plagiusa",NA,"SPECIES","Symphurus plagiusa (Linnaeus, 1766)","Symphurus plagiusa","","US","","North Carolina","PRESENT",NA,"28eb1a3f-1c15-4a95-931a-4af90ecb574d",35.7967,-75.548958,4,NA,NA,NA,NA,NA,"2024-11-25T19:01:17",25,11,2024,2409475,2409475,"HUMAN_OBSERVATION","iNaturalist","Observations","253180203",NA,"Maddie Carver",2024-11-26 16:32:35,"CC_BY_NC_4_0","Maddie Carver","Maddie Carver",NA,NA,2025-06-07 00:06:09.124,"StillImage","COORDINATE_ROUNDED;CONTINENT_DERIVED_FROM_COORDINATES;TAXON_MATCH_TAXON_ID_IGNORED"
4987401320,"50c9509d-22c7-4a22-a47d-8c48425ef4a7","https://www.inaturalist.org/observations/22676923","Animalia","Chordata",NA,"Pleuronectiformes","Cynoglossidae","Symphurus","Symphurus plagiusa",NA,"SPECIES","Symphurus plagiusa (Linnaeus, 1766)","Symphurus plagiusa","","US","","South Carolina","PRESENT",NA,"28eb1a3f-1c15-4a95-931a-4af90ecb574d",32.771612,-79.88022,5,NA,NA,NA,NA,NA,"2019-04-18T13:40:59",18,4,2019,2409475,2409475,"HUMAN_OBSERVATION","iNaturalist","Observations","22676923",NA,"Robin Minch",2024-05-24 01:43:50,"CC_BY_NC_4_0","johnsontroya","johnsontroya",NA,NA,2025-06-07 01:13:04.021,"StillImage","COORDINATE_ROUNDED;CONTINENT_DERIVED_FROM_COORDINATES;TAXON_MATCH_TAXON_ID_IGNORED"
4982237820,"50c9509d-22c7-4a22-a47d-8c48425ef4a7","https://www.inaturalist.org/observations/251609580","Animalia","Chordata",NA,"Pleuronectiformes","Cynoglossidae","Symphurus","Symphurus plagiusa",NA,"SPECIES","Symphurus plagiusa (Linnaeus, 1766)","Symphurus plagiusa","","US","","Florida","PRESENT",NA,"28eb1a3f-1c15-4a95-931a-4af90ecb574d",25.910638,-81.55078,4,NA,NA,NA,NA,NA,"2024-11-13T11:09:15",13,11,2024,2409475,2409475,"HUMAN_OBSERVATION","iNaturalist","Observations","251609580",NA,"plawrynpx",2024-11-13 23:50:13,"CC_BY_NC_4_0","plawrynpx","plawrynpx",NA,NA,2025-06-07 02:51:41.549,"StillImage","COORDINATE_ROUNDED;CONTINENT_DERIVED_FROM_COORDINATES;TAXON_MATCH_TAXON_ID_IGNORED"
4978557351,"50c9509d-22c7-4a22-a47d-8c48425ef4a7","https://www.inaturalist.org/observations/250067291","Animalia","Chordata",NA,"Pleuronectiformes","Cynoglossidae","Symphurus","Symphurus plagiusa",NA,"SPECIES","Symphurus plagiusa (Linnaeus, 1766)","Symphurus plagiusa","","US","","Florida","PRESENT",NA,"28eb1a3f-1c15-4a95-931a-4af90ecb574d",27.696397,-82.715003,3,NA,NA,NA,NA,NA,"2024-11-01T14:10:31",1,11,2024,2409475,2409475,"HUMAN_OBSERVATION","iNaturalist","Observations","250067291",NA,"shawnphoenix",2024-11-01 23:12:23,"CC_BY_NC_4_0","shawnphoenix","shawnphoenix",NA,NA,2025-06-07 01:43:07.624,"StillImage","COORDINATE_ROUNDED;CONTINENT_DERIVED_FROM_COORDINATES;TAXON_MATCH_TAXON_ID_IGNORED"
4978431232,"50c9509d-22c7-4a22-a47d-8c48425ef4a7","https://www.inaturalist.org/observations/181456849","Animalia","Chordata",NA,"Pleuronectiformes","Cynoglossidae","Symphurus","Symphurus plagiusa",NA,"SPECIES","Symphurus plagiusa (Linnaeus, 1766)","Symphurus plagiusa","","US","","Maryland","PRESENT",NA,"28eb1a3f-1c15-4a95-931a-4af90ecb574d",38.327067,-75.090331,4,NA,NA,NA,NA,NA,"2023-02-20T09:33:34",20,2,2023,2409475,2409475,"HUMAN_OBSERVATION","iNaturalist","Observations","181456849",NA,"Greg Coniglio",2023-09-02 21:41:10,"CC_BY_NC_4_0","Greg Coniglio","Greg Coniglio",NA,NA,2025-06-07 00:48:06.367,"StillImage","COORDINATE_ROUNDED;CONTINENT_DERIVED_FROM_COORDINATES;TAXON_MATCH_TAXON_ID_IGNORED"
4974109510,"50c9509d-22c7-4a22-a47d-8c48425ef4a7","https://www.inaturalist.org/observations/247674980","Animalia","Chordata",NA,"Pleuronectiformes","Cynoglossidae","Symphurus","Symphurus plagiusa",NA,"SPECIES","Symphurus plagiusa (Linnaeus, 1766)","Symphurus plagiusa","","US","","North Carolina","PRESENT",NA,"28eb1a3f-1c15-4a95-931a-4af90ecb574d",33.958642,-77.943267,4,NA,NA,NA,NA,NA,"2024-10-16T15:59",16,10,2024,2409475,2409475,"HUMAN_OBSERVATION","iNaturalist","Observations","247674980",NA,"zachs",2024-10-16 21:10:06,"CC_BY_NC_4_0","Aubrey Cook","Aubrey Cook",NA,NA,2025-06-07 01:32:32.088,"StillImage","COORDINATE_ROUNDED;CONTINENT_DERIVED_FROM_COORDINATES;TAXON_MATCH_TAXON_ID_IGNORED"
4952501206,"50c9509d-22c7-4a22-a47d-8c48425ef4a7","https://www.inaturalist.org/observations/244148071","Animalia","Chordata",NA,"Pleuronectiformes","Cynoglossidae","Symphurus","Symphurus plagiusa",NA,"SPECIES","Symphurus plagiusa (Linnaeus, 1766)","Symphurus plagiusa","","US","","North Carolina","PRESENT",NA,"28eb1a3f-1c15-4a95-931a-4af90ecb574d",33.957716,-77.943335,112,NA,NA,NA,NA,NA,"2024-09-26T11:35:27",26,9,2024,2409475,2409475,"HUMAN_OBSERVATION","iNaturalist","Observations","244148071",NA,"mpenrose9",2024-09-26 15:46:36,"CC_BY_NC_4_0","mpenrose9","mpenrose9",NA,NA,2025-06-07 02:09:17.859,"StillImage","COORDINATE_ROUNDED;CONTINENT_DERIVED_FROM_COORDINATES;TAXON_MATCH_TAXON_ID_IGNORED"
4952402679,"50c9509d-22c7-4a22-a47d-8c48425ef4a7","https://www.inaturalist.org/observations/216251350","Animalia","Chordata",NA,"Pleuronectiformes","Cynoglossidae","Symphurus","Symphurus plagiusa",NA,"SPECIES","Symphurus plagiusa (Linnaeus, 1766)","Symphurus plagiusa","","US","","North Carolina","PRESENT",NA,"28eb1a3f-1c15-4a95-931a-4af90ecb574d",34.69347,-76.863175,3,NA,NA,NA,NA,NA,"2024-05-17T00:06:44",17,5,2024,2409475,2409475,"HUMAN_OBSERVATION","iNaturalist","Observations","216251350",NA,"Jay",2024-05-17 05:22:39,"CC_BY_NC_4_0","Jay","Jay",NA,NA,2025-06-07 01:57:32.822,"StillImage","CONTINENT_DERIVED_FROM_COORDINATES;TAXON_MATCH_TAXON_ID_IGNORED"
4946258667,"50c9509d-22c7-4a22-a47d-8c48425ef4a7","https://www.inaturalist.org/observations/241665337","Animalia","Chordata",NA,"Pleuronectiformes","Cynoglossidae","Symphurus","Symphurus plagiusa",NA,"SPECIES","Symphurus plagiusa (Linnaeus, 1766)","Symphurus plagiusa","","US","","Virginia","PRESENT",NA,"28eb1a3f-1c15-4a95-931a-4af90ecb574d",37.627911,-75.678703,NA,NA,NA,NA,NA,NA,"2024-09-14T09:54:23",14,9,2024,2409475,2409475,"HUMAN_OBSERVATION","iNaturalist","Observations","241665337",NA,"Brian G.",2024-09-15 15:05:41,"CC_BY_NC_4_0","Alexander Geragotelis","Alexander Geragotelis",NA,NA,2025-06-07 02:05:11.193,"StillImage","COORDINATE_ROUNDED;CONTINENT_DERIVED_FROM_COORDINATES;TAXON_MATCH_TAXON_ID_IGNORED"
4946064163,"50c9509d-22c7-4a22-a47d-8c48425ef4a7","https://www.inaturalist.org/observations/242012770","Animalia","Chordata",NA,"Pleuronectiformes","Cynoglossidae","Symphurus","Symphurus plagiusa",NA,"SPECIES","Symphurus plagiusa (Linnaeus, 1766)","Symphurus plagiusa","","US","","North Carolina","PRESENT",NA,"28eb1a3f-1c15-4a95-931a-4af90ecb574d",35.318082,-75.515484,244,NA,NA,NA,NA,NA,"2024-08-29T18:28",29,8,2024,2409475,2409475,"HUMAN_OBSERVATION","iNaturalist","Observations","242012770",NA,"Dootin",2024-09-16 02:16:10,"CC_BY_NC_4_0","Dootin","Dootin",NA,NA,2025-06-07 01:18:27.983,"StillImage","COORDINATE_ROUNDED;CONTINENT_DERIVED_FROM_COORDINATES;TAXON_MATCH_TAXON_ID_IGNORED"
4945898924,"50c9509d-22c7-4a22-a47d-8c48425ef4a7","https://www.inaturalist.org/observations/241500678","Animalia","Chordata",NA,"Pleuronectiformes","Cynoglossidae","Symphurus","Symphurus plagiusa",NA,"SPECIES","Symphurus plagiusa (Linnaeus, 1766)","Symphurus plagiusa","","US","","Florida","PRESENT",NA,"28eb1a3f-1c15-4a95-931a-4af90ecb574d",25.877756,-81.485532,3,NA,NA,NA,NA,NA,"2024-09-13T13:58:58",13,9,2024,2409475,2409475,"HUMAN_OBSERVATION","iNaturalist","Observations","241500678",NA,"falkowski",2024-09-13 17:59:51,"CC_BY_NC_4_0","falkowski","falkowski",NA,NA,2025-06-07 01:54:32.807,"StillImage","COORDINATE_ROUNDED;CONTINENT_DERIVED_FROM_COORDINATES;TAXON_MATCH_TAXON_ID_IGNORED"
4945518552,"50c9509d-22c7-4a22-a47d-8c48425ef4a7","https://www.inaturalist.org/observations/240998144","Animalia","Chordata",NA,"Pleuronectiformes","Cynoglossidae","Symphurus","Symphurus plagiusa",NA,"SPECIES","Symphurus plagiusa (Linnaeus, 1766)","Symphurus plagiusa","","US","","Florida","PRESENT",NA,"28eb1a3f-1c15-4a95-931a-4af90ecb574d",27.709822,-82.688422,3,NA,NA,NA,NA,NA,"2024-09-10T15:22:36",10,9,2024,2409475,2409475,"HUMAN_OBSERVATION","iNaturalist","Observations","240998144",NA,"mcnugget240",2024-09-10 20:41:05,"CC_BY_NC_4_0","mcnugget240","mcnugget240",NA,NA,2025-06-07 00:30:56.233,"StillImage","COORDINATE_ROUNDED;CONTINENT_DERIVED_FROM_COORDINATES;TAXON_MATCH_TAXON_ID_IGNORED"
4936773985,"50c9509d-22c7-4a22-a47d-8c48425ef4a7","https://www.inaturalist.org/observations/237776856","Animalia","Chordata",NA,"Pleuronectiformes","Cynoglossidae","Symphurus","Symphurus plagiusa",NA,"SPECIES","Symphurus plagiusa (Linnaeus, 1766)","Symphurus plagiusa","","US","","Florida","PRESENT",NA,"28eb1a3f-1c15-4a95-931a-4af90ecb574d",27.968899,-82.811813,40,NA,NA,NA,NA,NA,"2024-07-27T12:57",27,7,2024,2409475,2409475,"HUMAN_OBSERVATION","iNaturalist","Observations","237776856",NA,"Squidpastry",2024-08-25 02:23:01,"CC_BY_NC_4_0","Squidpastry","Squidpastry",NA,NA,2025-06-07 01:40:52.284,"StillImage","COORDINATE_ROUNDED;CONTINENT_DERIVED_FROM_COORDINATES;TAXON_MATCH_TAXON_ID_IGNORED"
4935775479,"50c9509d-22c7-4a22-a47d-8c48425ef4a7","https://www.inaturalist.org/observations/237074318","Animalia","Chordata",NA,"Pleuronectiformes","Cynoglossidae","Symphurus","Symphurus plagiusa",NA,"SPECIES","Symphurus plagiusa (Linnaeus, 1766)","Symphurus plagiusa","","US","","Georgia","PRESENT",NA,"28eb1a3f-1c15-4a95-931a-4af90ecb574d",31.13935,-81.377075,6,NA,NA,NA,NA,NA,"2024-08-20T19:57:58",20,8,2024,2409475,2409475,"HUMAN_OBSERVATION","iNaturalist","Observations","237074318",NA,"Cal O",2024-08-21 10:07:36,"CC_BY_NC_4_0","Cal O","Cal O",NA,NA,2025-06-07 01:48:37.138,"StillImage","CONTINENT_DERIVED_FROM_COORDINATES;TAXON_MATCH_TAXON_ID_IGNORED"
4926392452,"50c9509d-22c7-4a22-a47d-8c48425ef4a7","https://www.inaturalist.org/observations/235773960","Animalia","Chordata",NA,"Pleuronectiformes","Cynoglossidae","Symphurus","Symphurus plagiusa",NA,"SPECIES","Symphurus plagiusa (Linnaeus, 1766)","Symphurus plagiusa","","US","","Virginia","PRESENT",NA,"28eb1a3f-1c15-4a95-931a-4af90ecb574d",36.895892,-76.020521,34,NA,NA,NA,NA,NA,"2024-08-13T11:17",13,8,2024,2409475,2409475,"HUMAN_OBSERVATION","iNaturalist","Observations","235773960",NA,"estehr",2024-08-14 19:10:24,"CC_BY_NC_4_0","estehr","estehr",NA,NA,2025-06-07 00:19:12.913,"StillImage","COORDINATE_ROUNDED;CONTINENT_DERIVED_FROM_COORDINATES;TAXON_MATCH_TAXON_ID_IGNORED"
4926314614,"50c9509d-22c7-4a22-a47d-8c48425ef4a7","https://www.inaturalist.org/observations/235754434","Animalia","Chordata",NA,"Pleuronectiformes","Cynoglossidae","Symphurus","Symphurus plagiusa",NA,"SPECIES","Symphurus plagiusa (Linnaeus, 1766)","Symphurus plagiusa","","US","","Florida","PRESENT",NA,"28eb1a3f-1c15-4a95-931a-4af90ecb574d",25.876976,-81.476844,3,NA,NA,NA,NA,NA,"2024-08-14T13:19:01",14,8,2024,2409475,2409475,"HUMAN_OBSERVATION","iNaturalist","Observations","235754434",NA,"plawrynpx",2024-08-14 19:43:11,"CC_BY_NC_4_0","falkowski","falkowski",NA,NA,2025-06-07 02:14:13.079,"StillImage","COORDINATE_ROUNDED;CONTINENT_DERIVED_FROM_COORDINATES;TAXON_MATCH_TAXON_ID_IGNORED"
4923860223,"50c9509d-22c7-4a22-a47d-8c48425ef4a7","https://www.inaturalist.org/observations/234998572","Animalia","Chordata",NA,"Pleuronectiformes","Cynoglossidae","Symphurus","Symphurus plagiusa",NA,"SPECIES","Symphurus plagiusa (Linnaeus, 1766)","Symphurus plagiusa","","US","","Florida","PRESENT",NA,"28eb1a3f-1c15-4a95-931a-4af90ecb574d",29.916358,-84.50988,10,NA,NA,NA,NA,NA,"2024-08-09T11:29:46",9,8,2024,2409475,2409475,"HUMAN_OBSERVATION","iNaturalist","Observations","234998572",NA,"Mitchel Buckner",2024-08-11 00:48:56,"CC_BY_NC_4_0","mbarrs","mbarrs",NA,NA,2025-06-07 01:30:35.511,"StillImage","COORDINATE_ROUNDED;CONTINENT_DERIVED_FROM_COORDINATES;TAXON_MATCH_TAXON_ID_IGNORED"
4921971184,"50c9509d-22c7-4a22-a47d-8c48425ef4a7","https://www.inaturalist.org/observations/233857047","Animalia","Chordata",NA,"Pleuronectiformes","Cynoglossidae","Symphurus","Symphurus plagiusa",NA,"SPECIES","Symphurus plagiusa (Linnaeus, 1766)","Symphurus plagiusa","","US","","South Carolina","PRESENT",NA,"28eb1a3f-1c15-4a95-931a-4af90ecb574d",33.398138,-79.140433,4,NA,NA,NA,NA,NA,"2024-08-03T00:50:33",3,8,2024,2409475,2409475,"HUMAN_OBSERVATION","iNaturalist","Observations","233857047",NA,"bluecrab",2024-08-05 01:57:07,"CC_BY_4_0","bluecrab","bluecrab",NA,NA,2025-06-07 00:43:01.437,"StillImage","COORDINATE_ROUNDED;CONTINENT_DERIVED_FROM_COORDINATES;TAXON_MATCH_TAXON_ID_IGNORED"
4921861773,"50c9509d-22c7-4a22-a47d-8c48425ef4a7","https://www.inaturalist.org/observations/136193133","Animalia","Chordata",NA,"Pleuronectiformes","Cynoglossidae","Symphurus","Symphurus plagiusa",NA,"SPECIES","Symphurus plagiusa (Linnaeus, 1766)","Symphurus plagiusa","","US","","South Carolina","PRESENT",NA,"28eb1a3f-1c15-4a95-931a-4af90ecb574d",33.841842,-78.618325,4,NA,NA,NA,NA,NA,"2022-09-23T15:24:43",23,9,2022,2409475,2409475,"HUMAN_OBSERVATION","iNaturalist","Observations","136193133",NA,"Bailey Hall",2022-09-23 19:29:24,"CC_BY_NC_4_0","Bailey Hall","Bailey Hall",NA,NA,2025-06-07 00:00:06.036,"StillImage","COORDINATE_ROUNDED;CONTINENT_DERIVED_FROM_COORDINATES;TAXON_MATCH_TAXON_ID_IGNORED"
4921651220,"50c9509d-22c7-4a22-a47d-8c48425ef4a7","https://www.inaturalist.org/observations/232939532","Animalia","Chordata",NA,"Pleuronectiformes","Cynoglossidae","Symphurus","Symphurus plagiusa",NA,"SPECIES","Symphurus plagiusa (Linnaeus, 1766)","Symphurus plagiusa","","US","","South Carolina","PRESENT",NA,"28eb1a3f-1c15-4a95-931a-4af90ecb574d",33.398708,-79.140067,4,NA,NA,NA,NA,NA,"2024-07-31T00:13:29",31,7,2024,2409475,2409475,"HUMAN_OBSERVATION","iNaturalist","Observations","232939532",NA,"zachs",2024-07-31 19:31:24,"CC_BY_4_0","bluecrab","bluecrab",NA,NA,2025-06-07 00:42:36.56,"StillImage","COORDINATE_ROUNDED;CONTINENT_DERIVED_FROM_COORDINATES;TAXON_MATCH_TAXON_ID_IGNORED"
4921539590,"50c9509d-22c7-4a22-a47d-8c48425ef4a7","https://www.inaturalist.org/observations/233073733","Animalia","Chordata",NA,"Pleuronectiformes","Cynoglossidae","Symphurus","Symphurus plagiusa",NA,"SPECIES","Symphurus plagiusa (Linnaeus, 1766)","Symphurus plagiusa","","US","","Maryland","PRESENT",NA,"28eb1a3f-1c15-4a95-931a-4af90ecb574d",38.329767,-75.090286,117,NA,NA,NA,NA,NA,"2024-07-31T23:46:55",31,7,2024,2409475,2409475,"HUMAN_OBSERVATION","iNaturalist","Observations","233073733",NA,"michael_zambardino",2024-08-01 12:16:52,"CC_BY_NC_4_0","michael_zambardino","michael_zambardino",NA,NA,2025-06-07 00:43:17.848,"StillImage","COORDINATE_ROUNDED;CONTINENT_DERIVED_FROM_COORDINATES;TAXON_MATCH_TAXON_ID_IGNORED"
4919299203,"50c9509d-22c7-4a22-a47d-8c48425ef4a7","https://www.inaturalist.org/observations/232745983","Animalia","Chordata",NA,"Pleuronectiformes","Cynoglossidae","Symphurus","Symphurus plagiusa",NA,"SPECIES","Symphurus plagiusa (Linnaeus, 1766)","Symphurus plagiusa","","US","","Virginia","PRESENT",NA,"28eb1a3f-1c15-4a95-931a-4af90ecb574d",37.615356,-75.633491,488,NA,NA,NA,NA,NA,"2024-07-26T14:47",26,7,2024,2409475,2409475,"HUMAN_OBSERVATION","iNaturalist","Observations","232745983",NA,"estehr",2024-07-30 18:49:31,"CC_BY_NC_4_0","estehr","estehr",NA,NA,2025-06-07 00:56:48.787,"StillImage","COORDINATE_ROUNDED;CONTINENT_DERIVED_FROM_COORDINATES;TAXON_MATCH_TAXON_ID_IGNORED"
4911066442,"50c9509d-22c7-4a22-a47d-8c48425ef4a7","https://www.inaturalist.org/observations/230215499","Animalia","Chordata",NA,"Pleuronectiformes","Cynoglossidae","Symphurus","Symphurus plagiusa",NA,"SPECIES","Symphurus plagiusa (Linnaeus, 1766)","Symphurus plagiusa","","US","","Florida","PRESENT",NA,"28eb1a3f-1c15-4a95-931a-4af90ecb574d",27.93842,-82.81961,NA,NA,NA,NA,NA,NA,"2024-07-16T16:22",16,7,2024,2409475,2409475,"HUMAN_OBSERVATION","iNaturalist","Observations","230215499",NA,"Squidpastry",2024-07-19 01:59:14,"CC_BY_NC_4_0","Squidpastry","Squidpastry",NA,NA,2025-06-07 01:34:51.968,"StillImage","CONTINENT_DERIVED_FROM_COORDINATES;TAXON_MATCH_TAXON_ID_IGNORED"
4910985132,"50c9509d-22c7-4a22-a47d-8c48425ef4a7","https://www.inaturalist.org/observations/180380577","Animalia","Chordata",NA,"Pleuronectiformes","Cynoglossidae","Symphurus","Symphurus plagiusa",NA,"SPECIES","Symphurus plagiusa (Linnaeus, 1766)","Symphurus plagiusa","","US","","North Carolina","PRESENT",NA,"28eb1a3f-1c15-4a95-931a-4af90ecb574d",35.221421,-75.656859,25,NA,NA,NA,NA,NA,"2023-08-26T20:42:25",26,8,2023,2409475,2409475,"HUMAN_OBSERVATION","iNaturalist","Observations","180380577",NA,"Ty Smith",2023-08-27 02:45:15,"CC_BY_NC_4_0","Ty Smith","Ty Smith",NA,NA,2025-06-07 00:12:11.625,"StillImage","COORDINATE_ROUNDED;CONTINENT_DERIVED_FROM_COORDINATES;TAXON_MATCH_TAXON_ID_IGNORED"
4910645746,"50c9509d-22c7-4a22-a47d-8c48425ef4a7","https://www.inaturalist.org/observations/61863327","Animalia","Chordata",NA,"Pleuronectiformes","Cynoglossidae","Symphurus","Symphurus plagiusa",NA,"SPECIES","Symphurus plagiusa (Linnaeus, 1766)","Symphurus plagiusa","","US","","Virginia","PRESENT",NA,"28eb1a3f-1c15-4a95-931a-4af90ecb574d",37.630396,-76.391295,30,NA,NA,NA,NA,NA,"2020-10-06T10:06:17",6,10,2020,2409475,2409475,"HUMAN_OBSERVATION","iNaturalist","Observations","61863327",NA,"",NA,"CC_BY_NC_4_0","pufferguy99","pufferguy99",NA,NA,2025-06-07 00:58:23.881,"StillImage","COORDINATE_ROUNDED;CONTINENT_DERIVED_FROM_COORDINATES;TAXON_MATCH_TAXON_ID_IGNORED"
4909317901,"50c9509d-22c7-4a22-a47d-8c48425ef4a7","https://www.inaturalist.org/observations/228117260","Animalia","Chordata",NA,"Pleuronectiformes","Cynoglossidae","Symphurus","Symphurus plagiusa",NA,"SPECIES","Symphurus plagiusa (Linnaeus, 1766)","Symphurus plagiusa","","US","","Delaware","PRESENT",NA,"28eb1a3f-1c15-4a95-931a-4af90ecb574d",38.829982,-75.160311,NA,NA,NA,NA,NA,NA,"2024-07-08T14:18:41",8,7,2024,2409475,2409475,"HUMAN_OBSERVATION","iNaturalist","Observations","228117260",NA,"Di Boonman",2024-07-08 21:58:01,"CC_BY_NC_4_0","Di Boonman","Di Boonman",NA,NA,2025-06-07 00:16:36.856,"StillImage","COORDINATE_ROUNDED;CONTINENT_DERIVED_FROM_COORDINATES;TAXON_MATCH_TAXON_ID_IGNORED"
4909247502,"50c9509d-22c7-4a22-a47d-8c48425ef4a7","https://www.inaturalist.org/observations/91775032","Animalia","Chordata",NA,"Pleuronectiformes","Cynoglossidae","Symphurus","Symphurus plagiusa",NA,"SPECIES","Symphurus plagiusa (Linnaeus, 1766)","Symphurus plagiusa","","US","","Florida","PRESENT",NA,"28eb1a3f-1c15-4a95-931a-4af90ecb574d",27.788915,-82.788667,NA,NA,NA,NA,NA,NA,"2021-08-02T20:12:13",2,8,2021,2409475,2409475,"HUMAN_OBSERVATION","iNaturalist","Observations","91775032",NA,"Squidpastry",2022-03-01 06:49:56,"CC_BY_NC_4_0","Sophie","Sophie",NA,NA,2025-06-07 01:20:29.371,"StillImage","COORDINATE_ROUNDED;CONTINENT_DERIVED_FROM_COORDINATES;TAXON_MATCH_TAXON_ID_IGNORED"
4909069551,"50c9509d-22c7-4a22-a47d-8c48425ef4a7","https://www.inaturalist.org/observations/57385943","Animalia","Chordata",NA,"Pleuronectiformes","Cynoglossidae","Symphurus","Symphurus plagiusa",NA,"SPECIES","Symphurus plagiusa (Linnaeus, 1766)","Symphurus plagiusa","","US","","Virginia","PRESENT",NA,"28eb1a3f-1c15-4a95-931a-4af90ecb574d",37.231659,-76.289431,1953,NA,NA,NA,NA,NA,"2013-05-04T14:43",4,5,2013,2409475,2409475,"HUMAN_OBSERVATION","iNaturalist","Observations","57385943",NA,"Morgan Stickrod",2020-08-23 21:59:21,"CC0_1_0","Morgan Stickrod","Morgan Stickrod",NA,NA,2025-06-07 02:36:23.428,"StillImage","COORDINATE_ROUNDED;TAXON_MATCH_TAXON_ID_IGNORED"
4908914594,"50c9509d-22c7-4a22-a47d-8c48425ef4a7","https://www.inaturalist.org/observations/228676595","Animalia","Chordata",NA,"Pleuronectiformes","Cynoglossidae","Symphurus","Symphurus plagiusa",NA,"SPECIES","Symphurus plagiusa (Linnaeus, 1766)","Symphurus plagiusa","","US","","North Carolina","PRESENT",NA,"28eb1a3f-1c15-4a95-931a-4af90ecb574d",35.767925,-75.527316,269,NA,NA,NA,NA,NA,"2024-07-11T06:44",11,7,2024,2409475,2409475,"HUMAN_OBSERVATION","iNaturalist","Observations","228676595",NA,"Zakqary Roy",2024-07-11 18:34:59,"CC_BY_4_0","Zakqary Roy","Zakqary Roy",NA,NA,2025-06-07 01:26:40.579,"StillImage","COORDINATE_ROUNDED;CONTINENT_DERIVED_FROM_COORDINATES;TAXON_MATCH_TAXON_ID_IGNORED"
4908768955,"50c9509d-22c7-4a22-a47d-8c48425ef4a7","https://www.inaturalist.org/observations/229838172","Animalia","Chordata",NA,"Pleuronectiformes","Cynoglossidae","Symphurus","Symphurus plagiusa",NA,"SPECIES","Symphurus plagiusa (Linnaeus, 1766)","Symphurus plagiusa","","US","","North Carolina","PRESENT",NA,"28eb1a3f-1c15-4a95-931a-4af90ecb574d",35.768158,-75.525978,4,NA,NA,NA,NA,NA,"2024-07-16T22:12:25",16,7,2024,2409475,2409475,"HUMAN_OBSERVATION","iNaturalist","Observations","229838172",NA,"elijahfreeman19",2024-07-17 04:28:20,"CC_BY_NC_4_0","elijahfreeman19","elijahfreeman19",NA,NA,2025-06-07 02:53:22.909,"StillImage","COORDINATE_ROUNDED;CONTINENT_DERIVED_FROM_COORDINATES;TAXON_MATCH_TAXON_ID_IGNORED"
4908572376,"50c9509d-22c7-4a22-a47d-8c48425ef4a7","https://www.inaturalist.org/observations/228676300","Animalia","Chordata",NA,"Pleuronectiformes","Cynoglossidae","Symphurus","Symphurus plagiusa",NA,"SPECIES","Symphurus plagiusa (Linnaeus, 1766)","Symphurus plagiusa","","US","","North Carolina","PRESENT",NA,"28eb1a3f-1c15-4a95-931a-4af90ecb574d",35.768033,-75.526017,4,NA,NA,NA,NA,NA,"2024-07-11T05:03",11,7,2024,2409475,2409475,"HUMAN_OBSERVATION","iNaturalist","Observations","228676300",NA,"Zakqary Roy",2024-07-11 18:33:36,"CC_BY_4_0","Zakqary Roy","Zakqary Roy",NA,NA,2025-06-07 00:13:49.625,"StillImage","COORDINATE_ROUNDED;CONTINENT_DERIVED_FROM_COORDINATES;TAXON_MATCH_TAXON_ID_IGNORED"
4908188767,"50c9509d-22c7-4a22-a47d-8c48425ef4a7","https://www.inaturalist.org/observations/229921345","Animalia","Chordata",NA,"Pleuronectiformes","Cynoglossidae","Symphurus","Symphurus plagiusa",NA,"SPECIES","Symphurus plagiusa (Linnaeus, 1766)","Symphurus plagiusa","","US","","New Jersey","PRESENT",NA,"28eb1a3f-1c15-4a95-931a-4af90ecb574d",39.215779,-74.646186,50,NA,NA,NA,NA,NA,"2024-07-17T11:37:18",17,7,2024,2409475,2409475,"HUMAN_OBSERVATION","iNaturalist","Observations","229921345",NA,"Zakqary Roy",2024-07-17 18:10:04,"CC_BY_NC_4_0","Fish_man","Fish_man",NA,NA,2025-06-07 01:27:16.41,"StillImage","COORDINATE_ROUNDED;CONTINENT_DERIVED_FROM_COORDINATES;TAXON_MATCH_TAXON_ID_IGNORED"
4907978963,"50c9509d-22c7-4a22-a47d-8c48425ef4a7","https://www.inaturalist.org/observations/229929090","Animalia","Chordata",NA,"Pleuronectiformes","Cynoglossidae","Symphurus","Symphurus plagiusa",NA,"SPECIES","Symphurus plagiusa (Linnaeus, 1766)","Symphurus plagiusa","","US","","New Jersey","PRESENT",NA,"28eb1a3f-1c15-4a95-931a-4af90ecb574d",39.213552,-74.647228,2027,NA,NA,NA,NA,NA,"2024-07-17T09:50:41",17,7,2024,2409475,2409475,"HUMAN_OBSERVATION","iNaturalist","Observations","229929090",NA,"Zakqary Roy",2024-07-17 18:09:21,"CC_BY_NC_4_0","Fish_man","Fish_man",NA,NA,2025-06-07 00:01:23.189,"StillImage","COORDINATE_ROUNDED;CONTINENT_DERIVED_FROM_COORDINATES;TAXON_MATCH_TAXON_ID_IGNORED"
4903942592,"50c9509d-22c7-4a22-a47d-8c48425ef4a7","https://www.inaturalist.org/observations/225972218","Animalia","Chordata",NA,"Pleuronectiformes","Cynoglossidae","Symphurus","Symphurus plagiusa",NA,"SPECIES","Symphurus plagiusa (Linnaeus, 1766)","Symphurus plagiusa","","US","","North Carolina","PRESENT",NA,"28eb1a3f-1c15-4a95-931a-4af90ecb574d",35.23221,-75.605686,31,NA,NA,NA,NA,NA,"2024-06-28T05:56",28,6,2024,2409475,2409475,"HUMAN_OBSERVATION","iNaturalist","Observations","225972218",NA,"Stella Fish",2024-06-29 17:01:05,"CC_BY_4_0","Stella Fish","Stella Fish",NA,NA,2025-06-07 02:05:01.227,"StillImage","COORDINATE_ROUNDED;CONTINENT_DERIVED_FROM_COORDINATES;TAXON_MATCH_TAXON_ID_IGNORED"
4903735361,"50c9509d-22c7-4a22-a47d-8c48425ef4a7","https://www.inaturalist.org/observations/226728713","Animalia","Chordata",NA,"Pleuronectiformes","Cynoglossidae","Symphurus","Symphurus plagiusa",NA,"SPECIES","Symphurus plagiusa (Linnaeus, 1766)","Symphurus plagiusa","","US","","Maryland","PRESENT",NA,"28eb1a3f-1c15-4a95-931a-4af90ecb574d",38.331772,-75.097197,4,NA,NA,NA,NA,NA,"2024-07-01T22:06:29",1,7,2024,2409475,2409475,"HUMAN_OBSERVATION","iNaturalist","Observations","226728713",NA,"friedmummichog",2024-07-02 18:12:34,"CC_BY_NC_4_0","friedmummichog","friedmummichog",NA,NA,2025-06-07 03:06:47.156,"StillImage","COORDINATE_ROUNDED;CONTINENT_DERIVED_FROM_COORDINATES;TAXON_MATCH_TAXON_ID_IGNORED"
4901947226,"50c9509d-22c7-4a22-a47d-8c48425ef4a7","https://www.inaturalist.org/observations/192348272","Animalia","Chordata",NA,"Pleuronectiformes","Cynoglossidae","Symphurus","Symphurus plagiusa",NA,"SPECIES","Symphurus plagiusa (Linnaeus, 1766)","Symphurus plagiusa","","US","","Maryland","PRESENT",NA,"28eb1a3f-1c15-4a95-931a-4af90ecb574d",38.326696,-75.090804,757,NA,NA,NA,NA,NA,"2023-11-26T12:56:09",26,11,2023,2409475,2409475,"HUMAN_OBSERVATION","iNaturalist","Observations","192348272",NA,"Jeffrey H. Skevington",2023-12-09 16:35:42,"CC_BY_NC_4_0","Jeffrey H. Skevington","Jeffrey H. Skevington",NA,NA,2025-06-07 00:39:53.923,"StillImage","COORDINATE_ROUNDED;CONTINENT_DERIVED_FROM_COORDINATES;TAXON_MATCH_TAXON_ID_IGNORED"
4901364091,"50c9509d-22c7-4a22-a47d-8c48425ef4a7","https://www.inaturalist.org/observations/224196130","Animalia","Chordata",NA,"Pleuronectiformes","Cynoglossidae","Symphurus","Symphurus plagiusa",NA,"SPECIES","Symphurus plagiusa (Linnaeus, 1766)","Symphurus plagiusa","","US","","Virginia","PRESENT",NA,"28eb1a3f-1c15-4a95-931a-4af90ecb574d",37.884765,-75.361125,1130,NA,NA,NA,NA,NA,"2024-06-20T15:37:43",20,6,2024,2409475,2409475,"HUMAN_OBSERVATION","iNaturalist","Observations","224196130",NA,"Hayden Shepley",2024-06-21 15:11:11,"CC_BY_NC_4_0","Hayden Shepley","Hayden Shepley",NA,NA,2025-06-07 02:02:27.894,"StillImage","COORDINATE_ROUNDED;CONTINENT_DERIVED_FROM_COORDINATES;TAXON_MATCH_TAXON_ID_IGNORED"
4891927200,"50c9509d-22c7-4a22-a47d-8c48425ef4a7","https://www.inaturalist.org/observations/199631431","Animalia","Chordata",NA,"Pleuronectiformes","Cynoglossidae","Symphurus","Symphurus plagiusa",NA,"SPECIES","Symphurus plagiusa (Linnaeus, 1766)","Symphurus plagiusa","","US","","Florida","PRESENT",NA,"28eb1a3f-1c15-4a95-931a-4af90ecb574d",29.132507,-83.067488,5664,NA,NA,NA,NA,NA,"2024-02-15T14:44:58",15,2,2024,2409475,2409475,"HUMAN_OBSERVATION","iNaturalist","Observations","199631431",NA,"Melissa Meadows",2024-02-18 02:41:04,"CC_BY_4_0","Melissa Meadows","Melissa Meadows",NA,NA,2025-06-07 02:06:36.099,"StillImage","COORDINATE_ROUNDED;CONTINENT_DERIVED_FROM_COORDINATES;TAXON_MATCH_TAXON_ID_IGNORED"
4875260270,"50c9509d-22c7-4a22-a47d-8c48425ef4a7","https://www.inaturalist.org/observations/219869475","Animalia","Chordata",NA,"Pleuronectiformes","Cynoglossidae","Symphurus","Symphurus plagiusa",NA,"SPECIES","Symphurus plagiusa (Linnaeus, 1766)","Symphurus plagiusa","","US","","New Jersey","PRESENT",NA,"28eb1a3f-1c15-4a95-931a-4af90ecb574d",39.53918,-74.390177,NA,NA,NA,NA,NA,NA,"2024-06-01T11:11:05",1,6,2024,2409475,2409475,"HUMAN_OBSERVATION","iNaturalist","Observations","219869475",NA,"Brian G.",2024-06-01 23:29:41,"CC_BY_NC_4_0","Brian G.","Brian G.",NA,NA,2025-06-07 02:17:09.21,"StillImage","COORDINATE_ROUNDED;CONTINENT_DERIVED_FROM_COORDINATES;TAXON_MATCH_TAXON_ID_IGNORED"
4872493674,"50c9509d-22c7-4a22-a47d-8c48425ef4a7","https://www.inaturalist.org/observations/22671925","Animalia","Chordata",NA,"Pleuronectiformes","Cynoglossidae","Symphurus","Symphurus plagiusa",NA,"SPECIES","Symphurus plagiusa (Linnaeus, 1766)","Symphurus plagiusa","","US","","South Carolina","PRESENT",NA,"28eb1a3f-1c15-4a95-931a-4af90ecb574d",32.771595,-79.880272,5,NA,NA,NA,NA,NA,"2019-04-18T13:40:53",18,4,2019,2409475,2409475,"HUMAN_OBSERVATION","iNaturalist","Observations","22671925",NA,"Norm Shea",2019-04-19 02:19:46,"CC_BY_NC_4_0","skyemajka","skyemajka",NA,NA,2025-06-07 00:31:36.083,"StillImage","COORDINATE_ROUNDED;CONTINENT_DERIVED_FROM_COORDINATES;TAXON_MATCH_TAXON_ID_IGNORED"
4868134525,"50c9509d-22c7-4a22-a47d-8c48425ef4a7","https://www.inaturalist.org/observations/215923870","Animalia","Chordata",NA,"Pleuronectiformes","Cynoglossidae","Symphurus","Symphurus plagiusa",NA,"SPECIES","Symphurus plagiusa (Linnaeus, 1766)","Symphurus plagiusa","","US","","South Carolina","PRESENT",NA,"28eb1a3f-1c15-4a95-931a-4af90ecb574d",32.751013,-79.896058,4,NA,NA,NA,NA,NA,"2024-05-15T09:43:22",15,5,2024,2409475,2409475,"HUMAN_OBSERVATION","iNaturalist","Observations","215923870",NA,"lindsayjshatz",2024-05-15 15:26:31,"CC_BY_NC_4_0","lindsayjshatz","lindsayjshatz",NA,NA,2025-06-07 00:15:36.391,"StillImage","COORDINATE_ROUNDED;CONTINENT_DERIVED_FROM_COORDINATES;TAXON_MATCH_TAXON_ID_IGNORED"
4863698086,"50c9509d-22c7-4a22-a47d-8c48425ef4a7","https://www.inaturalist.org/observations/206095663","Animalia","Chordata",NA,"Pleuronectiformes","Cynoglossidae","Symphurus","Symphurus plagiusa",NA,"SPECIES","Symphurus plagiusa (Linnaeus, 1766)","Symphurus plagiusa","","US","","Florida","PRESENT",NA,"28eb1a3f-1c15-4a95-931a-4af90ecb574d",30.32688,-87.194878,14,NA,NA,NA,NA,NA,"2024-04-05T14:33:58",5,4,2024,2409475,2409475,"HUMAN_OBSERVATION","iNaturalist","Observations","206095663",NA,"Ava",2024-04-09 05:12:43,"CC_BY_NC_4_0","zh_99","zh_99",NA,NA,2025-06-07 01:20:49.19,"StillImage","COORDINATE_ROUNDED;CONTINENT_DERIVED_FROM_COORDINATES;TAXON_MATCH_TAXON_ID_IGNORED"
4855398256,"50c9509d-22c7-4a22-a47d-8c48425ef4a7","https://www.inaturalist.org/observations/212995921","Animalia","Chordata",NA,"Pleuronectiformes","Cynoglossidae","Symphurus","Symphurus plagiusa",NA,"SPECIES","Symphurus plagiusa (Linnaeus, 1766)","Symphurus plagiusa","","US","","Florida","PRESENT",NA,"28eb1a3f-1c15-4a95-931a-4af90ecb574d",25.893325,-81.50968,29,NA,NA,NA,NA,NA,"2024-05-02T12:32:23",2,5,2024,2409475,2409475,"HUMAN_OBSERVATION","iNaturalist","Observations","212995921",NA,"plawrynpx",2024-05-02 21:38:43,"CC_BY_NC_4_0","plawrynpx","plawrynpx",NA,NA,2025-06-07 02:04:30.105,"StillImage","CONTINENT_DERIVED_FROM_COORDINATES;TAXON_MATCH_TAXON_ID_IGNORED"
4852784651,"50c9509d-22c7-4a22-a47d-8c48425ef4a7","https://www.inaturalist.org/observations/208209188","Animalia","Chordata",NA,"Pleuronectiformes","Cynoglossidae","Symphurus","Symphurus plagiusa",NA,"SPECIES","Symphurus plagiusa (Linnaeus, 1766)","Symphurus plagiusa","","US","","South Carolina","PRESENT",NA,"28eb1a3f-1c15-4a95-931a-4af90ecb574d",33.350113,-79.194533,4,NA,NA,NA,NA,NA,"2024-04-19T13:13:59",19,4,2024,2409475,2409475,"HUMAN_OBSERVATION","iNaturalist","Observations","208209188",NA,"Courtney D.",2024-04-20 03:36:52,"CC_BY_NC_4_0","Courtney D.","Courtney D.",NA,NA,2025-06-07 01:48:28.968,"StillImage","COORDINATE_ROUNDED;CONTINENT_DERIVED_FROM_COORDINATES;TAXON_MATCH_TAXON_ID_IGNORED"
4852784537,"50c9509d-22c7-4a22-a47d-8c48425ef4a7","https://www.inaturalist.org/observations/208167833","Animalia","Chordata",NA,"Pleuronectiformes","Cynoglossidae","Symphurus","Symphurus plagiusa",NA,"SPECIES","Symphurus plagiusa (Linnaeus, 1766)","Symphurus plagiusa","","US","","Florida","PRESENT",NA,"28eb1a3f-1c15-4a95-931a-4af90ecb574d",27.710225,-82.6866,4,NA,NA,NA,NA,NA,"2024-04-19T16:37:29",19,4,2024,2409475,2409475,"HUMAN_OBSERVATION","iNaturalist","Observations","208167833",NA,"shawnphoenix",2024-04-19 22:05:24,"CC_BY_NC_4_0","shawnphoenix","shawnphoenix",NA,NA,2025-06-06 23:59:41.461,"StillImage","CONTINENT_DERIVED_FROM_COORDINATES;TAXON_MATCH_TAXON_ID_IGNORED"
4852724179,"50c9509d-22c7-4a22-a47d-8c48425ef4a7","https://www.inaturalist.org/observations/208269050","Animalia","Chordata",NA,"Pleuronectiformes","Cynoglossidae","Symphurus","Symphurus plagiusa",NA,"SPECIES","Symphurus plagiusa (Linnaeus, 1766)","Symphurus plagiusa","","US","","South Carolina","PRESENT",NA,"28eb1a3f-1c15-4a95-931a-4af90ecb574d",33.350095,-79.194528,6,NA,NA,NA,NA,NA,"2024-04-19T13:13:19",19,4,2024,2409475,2409475,"HUMAN_OBSERVATION","iNaturalist","Observations","208269050",NA,"Patti Earle",2024-04-20 14:17:16,"CC_BY_NC_4_0","Patti Earle","Patti Earle",NA,NA,2025-06-07 01:10:06.879,"StillImage","COORDINATE_ROUNDED;CONTINENT_DERIVED_FROM_COORDINATES;TAXON_MATCH_TAXON_ID_IGNORED"
4852135096,"50c9509d-22c7-4a22-a47d-8c48425ef4a7","https://www.inaturalist.org/observations/207941363","Animalia","Chordata",NA,"Pleuronectiformes","Cynoglossidae","Symphurus","Symphurus plagiusa",NA,"SPECIES","Symphurus plagiusa (Linnaeus, 1766)","Symphurus plagiusa","","US","","South Carolina","PRESENT",NA,"28eb1a3f-1c15-4a95-931a-4af90ecb574d",32.557237,-80.821312,4,NA,NA,NA,NA,NA,"2024-04-18T11:27:02",18,4,2024,2409475,2409475,"HUMAN_OBSERVATION","iNaturalist","Observations","207941363",NA,"tobrien13",2024-04-18 16:15:08,"CC_BY_NC_4_0","tobrien13","tobrien13",NA,NA,2025-06-07 00:14:19.471,"StillImage","COORDINATE_ROUNDED;CONTINENT_DERIVED_FROM_COORDINATES;TAXON_MATCH_TAXON_ID_IGNORED"
4851980593,"50c9509d-22c7-4a22-a47d-8c48425ef4a7","https://www.inaturalist.org/observations/208167559","Animalia","Chordata",NA,"Pleuronectiformes","Cynoglossidae","Symphurus","Symphurus plagiusa",NA,"SPECIES","Symphurus plagiusa (Linnaeus, 1766)","Symphurus plagiusa","","US","","Florida","PRESENT",NA,"28eb1a3f-1c15-4a95-931a-4af90ecb574d",27.710222,-82.6866,4,NA,NA,NA,NA,NA,"2024-04-19T14:57:52",19,4,2024,2409475,2409475,"HUMAN_OBSERVATION","iNaturalist","Observations","208167559",NA,"shawnphoenix",2024-04-19 22:04:15,"CC_BY_NC_4_0","shawnphoenix","shawnphoenix",NA,NA,2025-06-07 00:30:46.857,"StillImage","COORDINATE_ROUNDED;CONTINENT_DERIVED_FROM_COORDINATES;TAXON_MATCH_TAXON_ID_IGNORED"
4851923041,"50c9509d-22c7-4a22-a47d-8c48425ef4a7","https://www.inaturalist.org/observations/208719285","Animalia","Chordata",NA,"Pleuronectiformes","Cynoglossidae","Symphurus","Symphurus plagiusa",NA,"SPECIES","Symphurus plagiusa (Linnaeus, 1766)","Symphurus plagiusa","","US","","South Carolina","PRESENT",NA,"28eb1a3f-1c15-4a95-931a-4af90ecb574d",33.350297,-79.190385,96,NA,NA,NA,NA,NA,"2024-04-19T13:15:05",19,4,2024,2409475,2409475,"HUMAN_OBSERVATION","iNaturalist","Observations","208719285",NA,"terry3971",2024-04-22 16:04:18,"CC_BY_NC_4_0","terry3971","terry3971",NA,NA,2025-06-07 02:56:37.993,"StillImage","COORDINATE_ROUNDED;CONTINENT_DERIVED_FROM_COORDINATES;TAXON_MATCH_TAXON_ID_IGNORED"
4607629846,"50c9509d-22c7-4a22-a47d-8c48425ef4a7","https://www.inaturalist.org/observations/205734696","Animalia","Chordata",NA,"Pleuronectiformes","Cynoglossidae","Symphurus","Symphurus plagiusa",NA,"SPECIES","Symphurus plagiusa (Linnaeus, 1766)","Symphurus plagiusa","","US","","South Carolina","PRESENT",NA,"28eb1a3f-1c15-4a95-931a-4af90ecb574d",32.513195,-80.407425,4,NA,NA,NA,NA,NA,"2024-04-06T11:55:19",6,4,2024,2409475,2409475,"HUMAN_OBSERVATION","iNaturalist","Observations","205734696",NA,"Joshua Rains",2024-04-06 20:21:41,"CC_BY_NC_4_0","Joshua Rains","Joshua Rains",NA,NA,2025-06-07 00:45:07.814,"StillImage","CONTINENT_DERIVED_FROM_COORDINATES;TAXON_MATCH_TAXON_ID_IGNORED"
4607038594,"50c9509d-22c7-4a22-a47d-8c48425ef4a7","https://www.inaturalist.org/observations/204767819","Animalia","Chordata",NA,"Pleuronectiformes","Cynoglossidae","Symphurus","Symphurus plagiusa",NA,"SPECIES","Symphurus plagiusa (Linnaeus, 1766)","Symphurus plagiusa","","US","","Florida","PRESENT",NA,"28eb1a3f-1c15-4a95-931a-4af90ecb574d",27.710833,-82.690978,20,NA,NA,NA,NA,NA,"2024-03-31T00:08",31,3,2024,2409475,2409475,"HUMAN_OBSERVATION","iNaturalist","Observations","204767819",NA,"shawnphoenix",2024-03-31 17:25:27,"CC_BY_NC_4_0","shawnphoenix","shawnphoenix",NA,NA,2025-06-07 01:57:17.468,"StillImage","COORDINATE_ROUNDED;CONTINENT_DERIVED_FROM_COORDINATES;TAXON_MATCH_TAXON_ID_IGNORED"
4607030081,"50c9509d-22c7-4a22-a47d-8c48425ef4a7","https://www.inaturalist.org/observations/205576195","Animalia","Chordata",NA,"Pleuronectiformes","Cynoglossidae","Symphurus","Symphurus plagiusa",NA,"SPECIES","Symphurus plagiusa (Linnaeus, 1766)","Symphurus plagiusa","","US","","Florida","PRESENT",NA,"28eb1a3f-1c15-4a95-931a-4af90ecb574d",27.710872,-82.69082,4,NA,NA,NA,NA,NA,"2024-04-05T16:24:55",5,4,2024,2409475,2409475,"HUMAN_OBSERVATION","iNaturalist","Observations","205576195",NA,"shawnphoenix",2024-04-05 22:00:52,"CC_BY_NC_4_0","shawnphoenix","shawnphoenix",NA,NA,2025-06-07 00:55:31.06,"StillImage","COORDINATE_ROUNDED;CONTINENT_DERIVED_FROM_COORDINATES;TAXON_MATCH_TAXON_ID_IGNORED"
4606709589,"50c9509d-22c7-4a22-a47d-8c48425ef4a7","https://www.inaturalist.org/observations/204495545","Animalia","Chordata",NA,"Pleuronectiformes","Cynoglossidae","Symphurus","Symphurus plagiusa",NA,"SPECIES","Symphurus plagiusa (Linnaeus, 1766)","Symphurus plagiusa","","US","","Florida","PRESENT",NA,"28eb1a3f-1c15-4a95-931a-4af90ecb574d",30.476846,-86.331105,59,NA,NA,NA,NA,NA,"2024-03-29T07:57:40",29,3,2024,2409475,2409475,"HUMAN_OBSERVATION","iNaturalist","Observations","204495545",NA,"eecm",2024-03-30 03:08:42,"CC_BY_NC_4_0","eecm","eecm",NA,NA,2025-06-07 02:46:57.172,"","COORDINATE_ROUNDED;CONTINENT_DERIVED_FROM_COORDINATES;TAXON_MATCH_TAXON_ID_IGNORED"
4606699754,"50c9509d-22c7-4a22-a47d-8c48425ef4a7","https://www.inaturalist.org/observations/204153761","Animalia","Chordata",NA,"Pleuronectiformes","Cynoglossidae","Symphurus","Symphurus plagiusa",NA,"SPECIES","Symphurus plagiusa (Linnaeus, 1766)","Symphurus plagiusa","","US","","Maryland","PRESENT",NA,"28eb1a3f-1c15-4a95-931a-4af90ecb574d",38.324012,-75.088308,190,NA,NA,NA,NA,NA,"2024-03-19T16:35",19,3,2024,2409475,2409475,"HUMAN_OBSERVATION","iNaturalist","Observations","204153761",NA,"bev435",2024-03-27 17:48:32,"CC_BY_NC_4_0","bev435","bev435",NA,NA,2025-06-07 02:51:35.591,"StillImage","COORDINATE_ROUNDED;CONTINENT_DERIVED_FROM_COORDINATES;TAXON_MATCH_TAXON_ID_IGNORED"
4606533875,"50c9509d-22c7-4a22-a47d-8c48425ef4a7","https://www.inaturalist.org/observations/100410260","Animalia","Chordata",NA,"Pleuronectiformes","Cynoglossidae","Symphurus","Symphurus plagiusa",NA,"SPECIES","Symphurus plagiusa (Linnaeus, 1766)","Symphurus plagiusa","","US","","Texas","PRESENT",NA,"28eb1a3f-1c15-4a95-931a-4af90ecb574d",29.231637,-94.922928,6,NA,NA,NA,NA,NA,"2021-11-06T12:02:41Z",6,11,2021,2409475,2409475,"HUMAN_OBSERVATION","iNaturalist","Observations","100410260",NA,"Squidpastry",2024-04-03 17:01:27,"CC_BY_NC_4_0","corbeybrown","corbeybrown",NA,NA,2025-06-07 00:21:51.06,"StillImage","COORDINATE_ROUNDED;CONTINENT_DERIVED_FROM_COORDINATES;TAXON_MATCH_TAXON_ID_IGNORED"
4600026619,"50c9509d-22c7-4a22-a47d-8c48425ef4a7","https://www.inaturalist.org/observations/203192100","Animalia","Chordata",NA,"Pleuronectiformes","Cynoglossidae","Symphurus","Symphurus plagiusa",NA,"SPECIES","Symphurus plagiusa (Linnaeus, 1766)","Symphurus plagiusa","","US","","Florida","PRESENT",NA,"28eb1a3f-1c15-4a95-931a-4af90ecb574d",27.802112,-82.774576,128,NA,NA,NA,NA,NA,"2024-03-19T17:25",19,3,2024,2409475,2409475,"HUMAN_OBSERVATION","iNaturalist","Observations","203192100",NA,"Squidpastry",2024-03-20 03:38:33,"CC_BY_NC_4_0","Squidpastry","Squidpastry",NA,NA,2025-06-07 01:23:51.969,"StillImage","COORDINATE_ROUNDED;CONTINENT_DERIVED_FROM_COORDINATES;TAXON_MATCH_TAXON_ID_IGNORED"
4599757291,"50c9509d-22c7-4a22-a47d-8c48425ef4a7","https://www.inaturalist.org/observations/203398931","Animalia","Chordata",NA,"Pleuronectiformes","Cynoglossidae","Symphurus","Symphurus plagiusa",NA,"SPECIES","Symphurus plagiusa (Linnaeus, 1766)","Symphurus plagiusa","","US","","Florida","PRESENT",NA,"28eb1a3f-1c15-4a95-931a-4af90ecb574d",27.710887,-82.69106,29,NA,NA,NA,NA,NA,"2024-03-21T14:09",21,3,2024,2409475,2409475,"HUMAN_OBSERVATION","iNaturalist","Observations","203398931",NA,"shawnphoenix",2024-03-21 21:28:53,"CC_BY_NC_4_0","shawnphoenix","shawnphoenix",NA,NA,2025-06-07 00:44:23.3,"StillImage","COORDINATE_ROUNDED;CONTINENT_DERIVED_FROM_COORDINATES;TAXON_MATCH_TAXON_ID_IGNORED"
4597581393,"50c9509d-22c7-4a22-a47d-8c48425ef4a7","https://www.inaturalist.org/observations/202995337","Animalia","Chordata",NA,"Pleuronectiformes","Cynoglossidae","Symphurus","Symphurus plagiusa",NA,"SPECIES","Symphurus plagiusa (Linnaeus, 1766)","Symphurus plagiusa","","US","","Florida","PRESENT",NA,"28eb1a3f-1c15-4a95-931a-4af90ecb574d",27.710246,-82.690254,39,NA,NA,NA,NA,NA,"2024-03-18T11:20",18,3,2024,2409475,2409475,"HUMAN_OBSERVATION","iNaturalist","Observations","202995337",NA,"shawnphoenix",2024-03-18 17:34:39,"CC_BY_NC_4_0","shawnphoenix","shawnphoenix",NA,NA,2025-06-07 01:30:30.082,"StillImage","COORDINATE_ROUNDED;CONTINENT_DERIVED_FROM_COORDINATES;TAXON_MATCH_TAXON_ID_IGNORED"
4597464193,"50c9509d-22c7-4a22-a47d-8c48425ef4a7","https://www.inaturalist.org/observations/202862871","Animalia","Chordata",NA,"Pleuronectiformes","Cynoglossidae","Symphurus","Symphurus plagiusa",NA,"SPECIES","Symphurus plagiusa (Linnaeus, 1766)","Symphurus plagiusa","","US","","Florida","PRESENT",NA,"28eb1a3f-1c15-4a95-931a-4af90ecb574d",27.710696,-82.690785,75,NA,NA,NA,NA,NA,"2024-03-17T10:51",17,3,2024,2409475,2409475,"HUMAN_OBSERVATION","iNaturalist","Observations","202862871",NA,"shawnphoenix",2024-03-17 19:22:01,"CC_BY_NC_4_0","shawnphoenix","shawnphoenix",NA,NA,2025-06-07 01:36:40.884,"StillImage","COORDINATE_ROUNDED;CONTINENT_DERIVED_FROM_COORDINATES;TAXON_MATCH_TAXON_ID_IGNORED"
4597109549,"50c9509d-22c7-4a22-a47d-8c48425ef4a7","https://www.inaturalist.org/observations/202677500","Animalia","Chordata",NA,"Pleuronectiformes","Cynoglossidae","Symphurus","Symphurus plagiusa",NA,"SPECIES","Symphurus plagiusa (Linnaeus, 1766)","Symphurus plagiusa","","US","","Georgia","PRESENT",NA,"28eb1a3f-1c15-4a95-931a-4af90ecb574d",31.416932,-81.31482,8,NA,NA,NA,NA,NA,"2024-03-16T11:48:53",16,3,2024,2409475,2409475,"HUMAN_OBSERVATION","iNaturalist","Observations","202677500",NA,"sharvey92",2024-03-16 16:57:44,"CC_BY_NC_4_0","sharvey92","sharvey92",NA,NA,2025-06-07 00:52:10.622,"StillImage","COORDINATE_ROUNDED;CONTINENT_DERIVED_FROM_COORDINATES;TAXON_MATCH_TAXON_ID_IGNORED"
4597108734,"50c9509d-22c7-4a22-a47d-8c48425ef4a7","https://www.inaturalist.org/observations/202735028","Animalia","Chordata",NA,"Pleuronectiformes","Cynoglossidae","Symphurus","Symphurus plagiusa",NA,"SPECIES","Symphurus plagiusa (Linnaeus, 1766)","Symphurus plagiusa","","US","","Alabama","PRESENT",NA,"28eb1a3f-1c15-4a95-931a-4af90ecb574d",30.273587,-88.054428,24,NA,NA,NA,NA,NA,"2024-03-16T16:20:11",16,3,2024,2409475,2409475,"HUMAN_OBSERVATION","iNaturalist","Observations","202735028",NA,"Ava",2024-03-16 23:11:28,"CC_BY_NC_4_0","Ava","Ava",NA,NA,2025-06-07 00:56:58.212,"StillImage","COORDINATE_ROUNDED;CONTINENT_DERIVED_FROM_COORDINATES;TAXON_MATCH_TAXON_ID_IGNORED"
4596933536,"50c9509d-22c7-4a22-a47d-8c48425ef4a7","https://www.inaturalist.org/observations/201925330","Animalia","Chordata",NA,"Pleuronectiformes","Cynoglossidae","Symphurus","Symphurus plagiusa",NA,"SPECIES","Symphurus plagiusa (Linnaeus, 1766)","Symphurus plagiusa","","US","","Florida","PRESENT",NA,"28eb1a3f-1c15-4a95-931a-4af90ecb574d",25.914792,-81.548575,190,NA,NA,NA,NA,NA,"2024-03-08T11:44:29",8,3,2024,2409475,2409475,"HUMAN_OBSERVATION","iNaturalist","Observations","201925330",NA,"plawrynpx",2024-03-10 15:31:38,"CC_BY_NC_4_0","plawrynpx","plawrynpx",NA,NA,2025-06-07 00:06:36.048,"StillImage","COORDINATE_ROUNDED;CONTINENT_DERIVED_FROM_COORDINATES;TAXON_MATCH_TAXON_ID_IGNORED"
4516270525,"50c9509d-22c7-4a22-a47d-8c48425ef4a7","https://www.inaturalist.org/observations/196415013","Animalia","Chordata",NA,"Pleuronectiformes","Cynoglossidae","Symphurus","Symphurus plagiusa",NA,"SPECIES","Symphurus plagiusa (Linnaeus, 1766)","Symphurus plagiusa","","US","","North Carolina","PRESENT",NA,"28eb1a3f-1c15-4a95-931a-4af90ecb574d",35.796688,-75.5488,41,NA,NA,NA,NA,NA,"2023-08-11T22:54:44",11,8,2023,2409475,2409475,"HUMAN_OBSERVATION","iNaturalist","Observations","196415013",NA,"elijahfreeman19",2024-01-12 09:48:59,"CC_BY_NC_4_0","elijahfreeman19","elijahfreeman19",NA,NA,2025-06-07 00:45:37.444,"StillImage","COORDINATE_ROUNDED;CONTINENT_DERIVED_FROM_COORDINATES;TAXON_MATCH_TAXON_ID_IGNORED"
4516239242,"50c9509d-22c7-4a22-a47d-8c48425ef4a7","https://www.inaturalist.org/observations/191424215","Animalia","Chordata",NA,"Pleuronectiformes","Cynoglossidae","Symphurus","Symphurus plagiusa",NA,"SPECIES","Symphurus plagiusa (Linnaeus, 1766)","Symphurus plagiusa","","US","","Georgia","PRESENT",NA,"28eb1a3f-1c15-4a95-931a-4af90ecb574d",31.146717,-81.464564,NA,NA,NA,NA,NA,NA,"2023-11-18T12:57:45",18,11,2023,2409475,2409475,"HUMAN_OBSERVATION","iNaturalist","Observations","191424215",NA,"Bichir",2024-01-29 21:44:40,"CC_BY_NC_4_0","Tim Reitz","Tim Reitz",NA,NA,2025-06-07 01:58:08.14,"StillImage","COORDINATE_ROUNDED;CONTINENT_DERIVED_FROM_COORDINATES;TAXON_MATCH_TAXON_ID_IGNORED"
4465730142,"50c9509d-22c7-4a22-a47d-8c48425ef4a7","https://www.inaturalist.org/observations/193719443","Animalia","Chordata",NA,"Pleuronectiformes","Cynoglossidae","Symphurus","Symphurus plagiusa",NA,"SPECIES","Symphurus plagiusa (Linnaeus, 1766)","Symphurus plagiusa","","US","","Florida","PRESENT",NA,"28eb1a3f-1c15-4a95-931a-4af90ecb574d",27.801549,-82.774404,104,NA,NA,NA,NA,NA,"2023-11-27T17:25",27,11,2023,2409475,2409475,"HUMAN_OBSERVATION","iNaturalist","Observations","193719443",NA,"Squidpastry",2023-12-11 16:59:21,"CC_BY_NC_4_0","Squidpastry","Squidpastry",NA,NA,2025-06-06 23:58:54.003,"StillImage","COORDINATE_ROUNDED;CONTINENT_DERIVED_FROM_COORDINATES;TAXON_MATCH_TAXON_ID_IGNORED"
4465491076,"50c9509d-22c7-4a22-a47d-8c48425ef4a7","https://www.inaturalist.org/observations/193719442","Animalia","Chordata",NA,"Pleuronectiformes","Cynoglossidae","Symphurus","Symphurus plagiusa",NA,"SPECIES","Symphurus plagiusa (Linnaeus, 1766)","Symphurus plagiusa","","US","","Florida","PRESENT",NA,"28eb1a3f-1c15-4a95-931a-4af90ecb574d",27.801205,-82.775015,NA,NA,NA,NA,NA,NA,"2023-11-27T17:17",27,11,2023,2409475,2409475,"HUMAN_OBSERVATION","iNaturalist","Observations","193719442",NA,"Squidpastry",2023-12-11 16:59:20,"CC_BY_NC_4_0","Squidpastry","Squidpastry",NA,NA,2025-06-06 23:59:31.115,"StillImage","CONTINENT_DERIVED_FROM_COORDINATES;TAXON_MATCH_TAXON_ID_IGNORED"
4442367561,"50c9509d-22c7-4a22-a47d-8c48425ef4a7","https://www.inaturalist.org/observations/145978830","Animalia","Chordata",NA,"Pleuronectiformes","Cynoglossidae","Symphurus","Symphurus plagiusa",NA,"SPECIES","Symphurus plagiusa (Linnaeus, 1766)","Symphurus plagiusa","","US","","Florida","PRESENT",NA,"28eb1a3f-1c15-4a95-931a-4af90ecb574d",27.710512,-82.692137,89,NA,NA,NA,NA,NA,"2023-01-06T10:35:29",6,1,2023,2409475,2409475,"HUMAN_OBSERVATION","iNaturalist","Observations","145978830",NA,"Squidpastry",2023-06-22 22:23:16,"CC_BY_NC_4_0","mnd10","mnd10",NA,NA,2025-06-07 01:47:36.3,"StillImage","COORDINATE_ROUNDED;CONTINENT_DERIVED_FROM_COORDINATES;TAXON_MATCH_TAXON_ID_IGNORED"
4436127127,"50c9509d-22c7-4a22-a47d-8c48425ef4a7","https://www.inaturalist.org/observations/188956343","Animalia","Chordata",NA,"Pleuronectiformes","Cynoglossidae","Symphurus","Symphurus plagiusa",NA,"SPECIES","Symphurus plagiusa (Linnaeus, 1766)","Symphurus plagiusa","","US","","Florida","PRESENT",NA,"28eb1a3f-1c15-4a95-931a-4af90ecb574d",25.87493,-81.480317,4,NA,NA,NA,NA,NA,"2023-10-24T12:45:22",24,10,2023,2409475,2409475,"HUMAN_OBSERVATION","iNaturalist","Observations","188956343",NA,"plawrynpx",2023-10-26 00:22:31,"CC_BY_NC_4_0","plawrynpx","plawrynpx",NA,NA,2025-06-07 02:53:13.786,"StillImage","COORDINATE_ROUNDED;CONTINENT_DERIVED_FROM_COORDINATES;TAXON_MATCH_TAXON_ID_IGNORED"
4424145764,"50c9509d-22c7-4a22-a47d-8c48425ef4a7","https://www.inaturalist.org/observations/186999192","Animalia","Chordata",NA,"Pleuronectiformes","Cynoglossidae","Symphurus","Symphurus plagiusa",NA,"SPECIES","Symphurus plagiusa (Linnaeus, 1766)","Symphurus plagiusa","","US","","Virginia","PRESENT",NA,"28eb1a3f-1c15-4a95-931a-4af90ecb574d",37.288661,-75.923347,22,NA,NA,NA,NA,NA,"2023-10-08T22:42:03",8,10,2023,2409475,2409475,"HUMAN_OBSERVATION","iNaturalist","Observations","186999192",NA,"IHUNTA",2023-10-10 15:13:08,"CC_BY_NC_4_0","IHUNTA","IHUNTA",NA,NA,2025-06-07 01:08:10.275,"StillImage","COORDINATE_ROUNDED;CONTINENT_DERIVED_FROM_COORDINATES;TAXON_MATCH_TAXON_ID_IGNORED"
4417041604,"50c9509d-22c7-4a22-a47d-8c48425ef4a7","https://www.inaturalist.org/observations/184351473","Animalia","Chordata",NA,"Pleuronectiformes","Cynoglossidae","Symphurus","Symphurus plagiusa",NA,"SPECIES","Symphurus plagiusa (Linnaeus, 1766)","Symphurus plagiusa","","US","","Texas","PRESENT",NA,"28eb1a3f-1c15-4a95-931a-4af90ecb574d",29.711687,-95.004769,4,NA,NA,NA,NA,NA,"2023-09-21T14:09:44",21,9,2023,2409475,2409475,"HUMAN_OBSERVATION","iNaturalist","Observations","184351473",NA,"hansoes",2023-09-22 07:47:09,"CC_BY_NC_4_0","hansoes","hansoes",NA,NA,2025-06-07 00:30:50.943,"StillImage","COORDINATE_ROUNDED;CONTINENT_DERIVED_FROM_COORDINATES;TAXON_MATCH_TAXON_ID_IGNORED"
4414311942,"50c9509d-22c7-4a22-a47d-8c48425ef4a7","https://www.inaturalist.org/observations/183023250","Animalia","Chordata",NA,"Pleuronectiformes","Cynoglossidae","Symphurus","Symphurus plagiusa",NA,"SPECIES","Symphurus plagiusa (Linnaeus, 1766)","Symphurus plagiusa","","US","","Florida","PRESENT",NA,"28eb1a3f-1c15-4a95-931a-4af90ecb574d",27.80166,-82.774098,NA,NA,NA,NA,NA,NA,"2023-09-12T12:45",12,9,2023,2409475,2409475,"HUMAN_OBSERVATION","iNaturalist","Observations","183023250",NA,"Squidpastry",2023-09-13 00:55:16,"CC_BY_NC_4_0","Squidpastry","Squidpastry",NA,NA,2025-06-07 01:59:12.194,"StillImage","COORDINATE_ROUNDED;CONTINENT_DERIVED_FROM_COORDINATES;TAXON_MATCH_TAXON_ID_IGNORED"
4414291329,"50c9509d-22c7-4a22-a47d-8c48425ef4a7","https://www.inaturalist.org/observations/183538422","Animalia","Chordata",NA,"Pleuronectiformes","Cynoglossidae","Symphurus","Symphurus plagiusa",NA,"SPECIES","Symphurus plagiusa (Linnaeus, 1766)","Symphurus plagiusa","","US","","Texas","PRESENT",NA,"28eb1a3f-1c15-4a95-931a-4af90ecb574d",26.095393,-97.168293,11,NA,NA,NA,NA,NA,"2023-09-16T10:43",16,9,2023,2409475,2409475,"HUMAN_OBSERVATION","iNaturalist","Observations","183538422",NA,"Adrian Torres B.",2023-09-16 18:08:45,"CC_BY_4_0","Adrian Torres B.","Adrian Torres B.",NA,NA,2025-06-07 00:40:31.369,"StillImage","COORDINATE_ROUNDED;CONTINENT_DERIVED_FROM_COORDINATES;TAXON_MATCH_TAXON_ID_IGNORED"
4414145571,"50c9509d-22c7-4a22-a47d-8c48425ef4a7","https://www.inaturalist.org/observations/182307963","Animalia","Chordata",NA,"Pleuronectiformes","Cynoglossidae","Symphurus","Symphurus plagiusa",NA,"SPECIES","Symphurus plagiusa (Linnaeus, 1766)","Symphurus plagiusa","","US","","New Jersey","PRESENT",NA,"28eb1a3f-1c15-4a95-931a-4af90ecb574d",40.106473,-74.042101,630,NA,NA,NA,NA,NA,"2023-09-07T21:40",7,9,2023,2409475,2409475,"HUMAN_OBSERVATION","iNaturalist","Observations","182307963",NA,"Zakqary Roy",2023-09-08 12:06:25,"CC_BY_4_0","Zakqary Roy","Zakqary Roy",NA,NA,2025-06-07 00:50:02.299,"StillImage","COORDINATE_ROUNDED;CONTINENT_DERIVED_FROM_COORDINATES;TAXON_MATCH_TAXON_ID_IGNORED"
4405026177,"50c9509d-22c7-4a22-a47d-8c48425ef4a7","https://www.inaturalist.org/observations/180296172","Animalia","Chordata",NA,"Pleuronectiformes","Cynoglossidae","Symphurus","Symphurus plagiusa",NA,"SPECIES","Symphurus plagiusa (Linnaeus, 1766)","Symphurus plagiusa","","US","","North Carolina","PRESENT",NA,"28eb1a3f-1c15-4a95-931a-4af90ecb574d",35.221399,-75.656969,25,NA,NA,NA,NA,NA,"2023-08-26T11:18:41",26,8,2023,2409475,2409475,"HUMAN_OBSERVATION","iNaturalist","Observations","180296172",NA,"Ty Smith",2023-08-26 16:55:32,"CC_BY_NC_4_0","Ty Smith","Ty Smith",NA,NA,2025-06-07 00:39:52.355,"StillImage","COORDINATE_ROUNDED;CONTINENT_DERIVED_FROM_COORDINATES;TAXON_MATCH_TAXON_ID_IGNORED"
4153958539,"50c9509d-22c7-4a22-a47d-8c48425ef4a7","https://www.inaturalist.org/observations/171815226","Animalia","Chordata",NA,"Pleuronectiformes","Cynoglossidae","Symphurus","Symphurus plagiusa",NA,"SPECIES","Symphurus plagiusa (Linnaeus, 1766)","Symphurus plagiusa","","US","","New Jersey","PRESENT",NA,"28eb1a3f-1c15-4a95-931a-4af90ecb574d",40.935989,-73.915664,2935,NA,NA,NA,NA,NA,"2023-07-06T17:26:49",6,7,2023,2409475,2409475,"HUMAN_OBSERVATION","iNaturalist","Observations","171815226",NA,"amali450",2023-07-08 20:11:20,"CC_BY_NC_4_0","amali450","amali450",NA,NA,2025-06-07 02:44:25.835,"StillImage","COORDINATE_ROUNDED;CONTINENT_DERIVED_FROM_COORDINATES;TAXON_MATCH_TAXON_ID_IGNORED"
4153491359,"50c9509d-22c7-4a22-a47d-8c48425ef4a7","https://www.inaturalist.org/observations/107210066","Animalia","Chordata",NA,"Pleuronectiformes","Cynoglossidae","Symphurus","Symphurus plagiusa",NA,"SPECIES","Symphurus plagiusa (Linnaeus, 1766)","Symphurus plagiusa","","US","","Florida","PRESENT",NA,"28eb1a3f-1c15-4a95-931a-4af90ecb574d",26.911448,-82.096939,NA,NA,NA,NA,NA,NA,"2022-02-21T12:40:32",21,2,2022,2409475,2409475,"HUMAN_OBSERVATION","iNaturalist","Observations","107210066",NA,"Squidpastry",2023-06-22 20:56:27,"CC_BY_NC_4_0","naturalist_tam","naturalist_tam",NA,NA,2025-06-07 02:43:08.121,"StillImage","COORDINATE_ROUNDED;CONTINENT_DERIVED_FROM_COORDINATES;TAXON_MATCH_TAXON_ID_IGNORED"
4145350265,"50c9509d-22c7-4a22-a47d-8c48425ef4a7","https://www.inaturalist.org/observations/170134542","Animalia","Chordata",NA,"Pleuronectiformes","Cynoglossidae","Symphurus","Symphurus plagiusa",NA,"SPECIES","Symphurus plagiusa (Linnaeus, 1766)","Symphurus plagiusa","","US","","Georgia","PRESENT",NA,"28eb1a3f-1c15-4a95-931a-4af90ecb574d",31.771034,-81.186107,138,NA,NA,NA,NA,NA,"2023-06-29T12:42:37",29,6,2023,2409475,2409475,"HUMAN_OBSERVATION","iNaturalist","Observations","170134542",NA,"Hayes Valentine",2023-06-29 16:45:09,"CC_BY_4_0","Hayes Valentine","Hayes Valentine",NA,NA,2025-06-07 01:32:33.934,"StillImage","COORDINATE_ROUNDED;CONTINENT_DERIVED_FROM_COORDINATES;TAXON_MATCH_TAXON_ID_IGNORED"
4138341024,"50c9509d-22c7-4a22-a47d-8c48425ef4a7","https://www.inaturalist.org/observations/168983466","Animalia","Chordata",NA,"Pleuronectiformes","Cynoglossidae","Symphurus","Symphurus plagiusa",NA,"SPECIES","Symphurus plagiusa (Linnaeus, 1766)","Symphurus plagiusa","","US","","Virginia","PRESENT",NA,"28eb1a3f-1c15-4a95-931a-4af90ecb574d",37.616032,-75.633332,488,NA,NA,NA,NA,NA,"2023-06-22T12:59",22,6,2023,2409475,2409475,"HUMAN_OBSERVATION","iNaturalist","Observations","168983466",NA,"estehr",2023-06-23 12:38:42,"CC_BY_NC_4_0","estehr","estehr",NA,NA,2025-06-07 00:08:55.445,"StillImage","COORDINATE_ROUNDED;CONTINENT_DERIVED_FROM_COORDINATES;TAXON_MATCH_TAXON_ID_IGNORED"
4137709386,"50c9509d-22c7-4a22-a47d-8c48425ef4a7","https://www.inaturalist.org/observations/109572776","Animalia","Chordata",NA,"Pleuronectiformes","Cynoglossidae","Symphurus","Symphurus plagiusa",NA,"SPECIES","Symphurus plagiusa (Linnaeus, 1766)","Symphurus plagiusa","","US","","Alabama","PRESENT",NA,"28eb1a3f-1c15-4a95-931a-4af90ecb574d",30.220031,-88.076372,NA,NA,NA,NA,NA,NA,"2022-03-26T09:20:52",26,3,2022,2409475,2409475,"HUMAN_OBSERVATION","iNaturalist","Observations","109572776",NA,"Sarah Ramsden",2023-02-21 00:18:58,"CC_BY_NC_4_0","carrieelaine","carrieelaine",NA,NA,2025-06-07 02:36:43.697,"StillImage","COORDINATE_ROUNDED;CONTINENT_DERIVED_FROM_COORDINATES;TAXON_MATCH_TAXON_ID_IGNORED"
4137668107,"50c9509d-22c7-4a22-a47d-8c48425ef4a7","https://www.inaturalist.org/observations/165796300","Animalia","Chordata",NA,"Pleuronectiformes","Cynoglossidae","Symphurus","Symphurus plagiusa",NA,"SPECIES","Symphurus plagiusa (Linnaeus, 1766)","Symphurus plagiusa","","US","","Georgia","PRESENT",NA,"28eb1a3f-1c15-4a95-931a-4af90ecb574d",31.174372,-81.40795,NA,NA,NA,NA,NA,NA,"2023-06-05T17:19:39",5,6,2023,2409475,2409475,"HUMAN_OBSERVATION","iNaturalist","Observations","165796300",NA,"Ellis Halgren",2023-06-05 21:49:45,"CC_BY_NC_4_0","Ellis Halgren","Ellis Halgren",NA,NA,2025-06-07 01:12:23.465,"StillImage","COORDINATE_ROUNDED;CONTINENT_DERIVED_FROM_COORDINATES;TAXON_MATCH_TAXON_ID_IGNORED"
4116283743,"50c9509d-22c7-4a22-a47d-8c48425ef4a7","https://www.inaturalist.org/observations/161895630","Animalia","Chordata",NA,"Pleuronectiformes","Cynoglossidae","Symphurus","Symphurus plagiusa",NA,"SPECIES","Symphurus plagiusa (Linnaeus, 1766)","Symphurus plagiusa","","US","","Virginia","PRESENT",NA,"28eb1a3f-1c15-4a95-931a-4af90ecb574d",37.638445,-76.570824,72,NA,NA,NA,NA,NA,"2023-05-11T10:32",11,5,2023,2409475,2409475,"HUMAN_OBSERVATION","iNaturalist","Observations","161895630",NA,"Adrienne van den Beemt",2023-05-16 00:10:21,"CC_BY_4_0","Adrienne van den Beemt","Adrienne van den Beemt",NA,NA,2025-06-07 00:35:02.452,"StillImage","COORDINATE_ROUNDED;CONTINENT_DERIVED_FROM_COORDINATES;TAXON_MATCH_TAXON_ID_IGNORED"
4102995353,"50c9509d-22c7-4a22-a47d-8c48425ef4a7","https://www.inaturalist.org/observations/158824654","Animalia","Chordata",NA,"Pleuronectiformes","Cynoglossidae","Symphurus","Symphurus plagiusa",NA,"SPECIES","Symphurus plagiusa (Linnaeus, 1766)","Symphurus plagiusa","","US","","Texas","PRESENT",NA,"28eb1a3f-1c15-4a95-931a-4af90ecb574d",27.871153,-97.091605,29,NA,NA,NA,NA,NA,"2023-04-29T08:24:08",29,4,2023,2409475,2409475,"HUMAN_OBSERVATION","iNaturalist","Observations","158824654",NA,"spadefootatx",2023-05-01 20:03:07,"CC_BY_NC_4_0","spadefootatx","spadefootatx",NA,NA,2025-06-07 02:06:00.391,"StillImage","COORDINATE_ROUNDED;CONTINENT_DERIVED_FROM_COORDINATES;TAXON_MATCH_TAXON_ID_IGNORED"
4076402314,"50c9509d-22c7-4a22-a47d-8c48425ef4a7","https://www.inaturalist.org/observations/152951145","Animalia","Chordata",NA,"Pleuronectiformes","Cynoglossidae","Symphurus","Symphurus plagiusa",NA,"SPECIES","Symphurus plagiusa (Linnaeus, 1766)","Symphurus plagiusa","","US","","Texas","PRESENT",NA,"28eb1a3f-1c15-4a95-931a-4af90ecb574d",28.332603,-96.463888,5,NA,NA,NA,NA,NA,"2023-03-27T09:29:11",27,3,2023,2409475,2409475,"HUMAN_OBSERVATION","iNaturalist","Observations","152951145",NA,"sandeno",2023-03-31 17:51:30,"CC_BY_NC_4_0","sandeno","sandeno",NA,NA,2025-06-07 00:33:07.282,"StillImage","COORDINATE_ROUNDED;CONTINENT_DERIVED_FROM_COORDINATES;TAXON_MATCH_TAXON_ID_IGNORED"
4067155361,"50c9509d-22c7-4a22-a47d-8c48425ef4a7","https://www.inaturalist.org/observations/36165834","Animalia","Chordata",NA,"Pleuronectiformes","Cynoglossidae","Symphurus","Symphurus plagiusa",NA,"SPECIES","Symphurus plagiusa (Linnaeus, 1766)","Symphurus plagiusa","","US","","Georgia","PRESENT",NA,"28eb1a3f-1c15-4a95-931a-4af90ecb574d",31.058384,-81.424492,NA,NA,NA,NA,NA,NA,"2019-11-21T11:11:42",21,11,2019,2409475,2409475,"HUMAN_OBSERVATION","iNaturalist","Observations","36165834",NA,"warmouthkee",2023-03-12 02:58:13,"CC_BY_NC_4_0","Amber Litterer","Amber Litterer",NA,NA,2025-06-07 01:15:11.899,"StillImage","COORDINATE_ROUNDED;CONTINENT_DERIVED_FROM_COORDINATES;TAXON_MATCH_TAXON_ID_IGNORED"
4039202863,"50c9509d-22c7-4a22-a47d-8c48425ef4a7","https://www.inaturalist.org/observations/149111438","Animalia","Chordata",NA,"Pleuronectiformes","Cynoglossidae","Symphurus","Symphurus plagiusa",NA,"SPECIES","Symphurus plagiusa (Linnaeus, 1766)","Symphurus plagiusa","","US","","North Carolina","PRESENT",NA,"28eb1a3f-1c15-4a95-931a-4af90ecb574d",35.960983,-75.640372,20,NA,NA,NA,NA,NA,"2021-10-09T22:06:29",9,10,2021,2409475,2409475,"HUMAN_OBSERVATION","iNaturalist","Observations","149111438",NA,"IHUNTA",2023-02-19 06:39:22,"CC_BY_NC_4_0","IHUNTA","IHUNTA",NA,NA,2025-06-07 00:27:04.498,"StillImage","COORDINATE_ROUNDED;CONTINENT_DERIVED_FROM_COORDINATES;TAXON_MATCH_TAXON_ID_IGNORED"
4009761299,"50c9509d-22c7-4a22-a47d-8c48425ef4a7","https://www.inaturalist.org/observations/145210699","Animalia","Chordata",NA,"Pleuronectiformes","Cynoglossidae","Symphurus","Symphurus plagiusa",NA,"SPECIES","Symphurus plagiusa (Linnaeus, 1766)","Symphurus plagiusa","","US","","North Carolina","PRESENT",NA,"28eb1a3f-1c15-4a95-931a-4af90ecb574d",35.79457,-75.548406,26,NA,NA,NA,NA,NA,"2021-06-24",24,6,2021,2409475,2409475,"HUMAN_OBSERVATION","iNaturalist","Observations","145210699",NA,"hagfish",2022-12-27 20:58:17,"CC_BY_NC_4_0","hagfish","hagfish",NA,NA,2025-06-07 02:49:27.616,"StillImage","COORDINATE_ROUNDED;CONTINENT_DERIVED_FROM_COORDINATES;TAXON_MATCH_TAXON_ID_IGNORED"
3988768646,"50c9509d-22c7-4a22-a47d-8c48425ef4a7","https://www.inaturalist.org/observations/141490860","Animalia","Chordata",NA,"Pleuronectiformes","Cynoglossidae","Symphurus","Symphurus plagiusa",NA,"SPECIES","Symphurus plagiusa (Linnaeus, 1766)","Symphurus plagiusa","","US","","North Carolina","PRESENT",NA,"28eb1a3f-1c15-4a95-931a-4af90ecb574d",34.722528,-76.76078,14,NA,NA,NA,NA,NA,"2022-10-03T11:09:32",3,10,2022,2409475,2409475,"HUMAN_OBSERVATION","iNaturalist","Observations","141490860",NA,"megmccartney",2022-11-08 22:41:15,"CC_BY_NC_4_0","megmccartney","megmccartney",NA,NA,2025-06-07 01:30:04.371,"StillImage","COORDINATE_ROUNDED;CONTINENT_DERIVED_FROM_COORDINATES;TAXON_MATCH_TAXON_ID_IGNORED"
3988538700,"50c9509d-22c7-4a22-a47d-8c48425ef4a7","https://www.inaturalist.org/observations/143320935","Animalia","Chordata",NA,"Pleuronectiformes","Cynoglossidae","Symphurus","Symphurus plagiusa",NA,"SPECIES","Symphurus plagiusa (Linnaeus, 1766)","Symphurus plagiusa","","US","","North Carolina","PRESENT",NA,"28eb1a3f-1c15-4a95-931a-4af90ecb574d",33.928017,-78.059342,4,NA,NA,NA,NA,NA,"2022-11-29T20:29:37",29,11,2022,2409475,2409475,"HUMAN_OBSERVATION","iNaturalist","Observations","143320935",NA,"Cole Tiemann",2022-11-30 02:33:01,"CC_BY_NC_4_0","Cole Tiemann","Cole Tiemann",NA,NA,2025-06-07 01:52:13.39,"StillImage","COORDINATE_ROUNDED;CONTINENT_DERIVED_FROM_COORDINATES;TAXON_MATCH_TAXON_ID_IGNORED"
3988532309,"50c9509d-22c7-4a22-a47d-8c48425ef4a7","https://www.inaturalist.org/observations/12547166","Animalia","Chordata",NA,"Pleuronectiformes","Cynoglossidae","Symphurus","Symphurus plagiusa",NA,"SPECIES","Symphurus plagiusa (Linnaeus, 1766)","Symphurus plagiusa","","US","","Florida","PRESENT",NA,"28eb1a3f-1c15-4a95-931a-4af90ecb574d",28.881179,-82.692894,5,NA,NA,NA,NA,NA,"2018-05-17T10:38:40",17,5,2018,2409475,2409475,"HUMAN_OBSERVATION","iNaturalist","Observations","12547166",NA,"Squidpastry",2022-03-01 07:09:08,"CC_BY_NC_4_0","landrym382","landrym382",NA,NA,2025-06-07 00:58:59.766,"StillImage","COORDINATE_ROUNDED;CONTINENT_DERIVED_FROM_COORDINATES;TAXON_MATCH_TAXON_ID_IGNORED"
3988518723,"50c9509d-22c7-4a22-a47d-8c48425ef4a7","https://www.inaturalist.org/observations/143320653","Animalia","Chordata",NA,"Pleuronectiformes","Cynoglossidae","Symphurus","Symphurus plagiusa",NA,"SPECIES","Symphurus plagiusa (Linnaeus, 1766)","Symphurus plagiusa","","US","","North Carolina","PRESENT",NA,"28eb1a3f-1c15-4a95-931a-4af90ecb574d",33.926905,-78.059722,4,NA,NA,NA,NA,NA,"2022-11-29T19:44:45",29,11,2022,2409475,2409475,"HUMAN_OBSERVATION","iNaturalist","Observations","143320653",NA,"Cole Tiemann",2022-11-30 02:28:31,"CC_BY_NC_4_0","Cole Tiemann","Cole Tiemann",NA,NA,2025-06-07 00:06:21.544,"StillImage","COORDINATE_ROUNDED;CONTINENT_DERIVED_FROM_COORDINATES;TAXON_MATCH_TAXON_ID_IGNORED"
3988432373,"50c9509d-22c7-4a22-a47d-8c48425ef4a7","https://www.inaturalist.org/observations/81896838","Animalia","Chordata",NA,"Pleuronectiformes","Cynoglossidae","Symphurus","Symphurus plagiusa",NA,"SPECIES","Symphurus plagiusa (Linnaeus, 1766)","Symphurus plagiusa","","US","","Florida","PRESENT",NA,"28eb1a3f-1c15-4a95-931a-4af90ecb574d",27.305006,-82.564366,NA,NA,NA,NA,NA,NA,"2021-06-06T11:11:30",6,6,2021,2409475,2409475,"HUMAN_OBSERVATION","iNaturalist","Observations","81896838",NA,"Mitchel Buckner",2021-12-03 01:16:07,"CC_BY_4_0","Mike Ostrowski","Mike Ostrowski",NA,NA,2025-06-07 02:42:37.282,"StillImage","COORDINATE_ROUNDED;CONTINENT_DERIVED_FROM_COORDINATES;TAXON_MATCH_TAXON_ID_IGNORED"
3985733197,"50c9509d-22c7-4a22-a47d-8c48425ef4a7","https://www.inaturalist.org/observations/142264998","Animalia","Chordata",NA,"Pleuronectiformes","Cynoglossidae","Symphurus","Symphurus plagiusa",NA,"SPECIES","Symphurus plagiusa (Linnaeus, 1766)","Symphurus plagiusa","","US","","North Carolina","PRESENT",NA,"28eb1a3f-1c15-4a95-931a-4af90ecb574d",35.796638,-75.549012,4,NA,NA,NA,NA,NA,"2022-11-17T21:07:27",17,11,2022,2409475,2409475,"HUMAN_OBSERVATION","iNaturalist","Observations","142264998",NA,"Larry Chen",2022-11-18 03:20:39,"CC_BY_NC_4_0","Larry Chen","Larry Chen",NA,NA,2025-06-07 00:04:16.221,"StillImage","COORDINATE_ROUNDED;CONTINENT_DERIVED_FROM_COORDINATES;TAXON_MATCH_TAXON_ID_IGNORED"
3985646055,"50c9509d-22c7-4a22-a47d-8c48425ef4a7","https://www.inaturalist.org/observations/142111992","Animalia","Chordata",NA,"Pleuronectiformes","Cynoglossidae","Symphurus","Symphurus plagiusa",NA,"SPECIES","Symphurus plagiusa (Linnaeus, 1766)","Symphurus plagiusa","","US","","North Carolina","PRESENT",NA,"28eb1a3f-1c15-4a95-931a-4af90ecb574d",35.79423,-75.548155,4,NA,NA,NA,NA,NA,"2022-11-14T19:07:44",14,11,2022,2409475,2409475,"HUMAN_OBSERVATION","iNaturalist","Observations","142111992",NA,"Cole Tiemann",2022-11-16 01:39:11,"CC_BY_NC_4_0","Cole Tiemann","Cole Tiemann",NA,NA,2025-06-07 01:41:19.191,"StillImage","CONTINENT_DERIVED_FROM_COORDINATES;TAXON_MATCH_TAXON_ID_IGNORED"
3985637250,"50c9509d-22c7-4a22-a47d-8c48425ef4a7","https://www.inaturalist.org/observations/142265125","Animalia","Chordata",NA,"Pleuronectiformes","Cynoglossidae","Symphurus","Symphurus plagiusa",NA,"SPECIES","Symphurus plagiusa (Linnaeus, 1766)","Symphurus plagiusa","","US","","North Carolina","PRESENT",NA,"28eb1a3f-1c15-4a95-931a-4af90ecb574d",35.794247,-75.54815,3,NA,NA,NA,NA,NA,"2022-11-17T20:31:14",17,11,2022,2409475,2409475,"HUMAN_OBSERVATION","iNaturalist","Observations","142265125",NA,"Larry Chen",2022-11-18 03:23:55,"CC_BY_NC_4_0","Larry Chen","Larry Chen",NA,NA,2025-06-07 01:20:48.775,"StillImage","COORDINATE_ROUNDED;CONTINENT_DERIVED_FROM_COORDINATES;TAXON_MATCH_TAXON_ID_IGNORED"
3961462180,"50c9509d-22c7-4a22-a47d-8c48425ef4a7","https://www.inaturalist.org/observations/140417139","Animalia","Chordata",NA,"Pleuronectiformes","Cynoglossidae","Symphurus","Symphurus plagiusa",NA,"SPECIES","Symphurus plagiusa (Linnaeus, 1766)","Symphurus plagiusa","","US","","Texas","PRESENT",NA,"28eb1a3f-1c15-4a95-931a-4af90ecb574d",27.837938,-97.053436,4,NA,NA,NA,NA,NA,"2022-10-29T11:20:17",29,10,2022,2409475,2409475,"HUMAN_OBSERVATION","iNaturalist","Observations","140417139",NA,"Mitchel Buckner",2022-10-29 19:55:35,"CC_BY_NC_4_0","bricelynnsikes","bricelynnsikes",NA,NA,2025-06-07 00:04:13.032,"StillImage","COORDINATE_ROUNDED;CONTINENT_DERIVED_FROM_COORDINATES;TAXON_MATCH_TAXON_ID_IGNORED"
3902498218,"50c9509d-22c7-4a22-a47d-8c48425ef4a7","https://www.inaturalist.org/observations/132105340","Animalia","Chordata",NA,"Pleuronectiformes","Cynoglossidae","Symphurus","Symphurus plagiusa",NA,"SPECIES","Symphurus plagiusa (Linnaeus, 1766)","Symphurus plagiusa","","US","","Georgia","PRESENT",NA,"28eb1a3f-1c15-4a95-931a-4af90ecb574d",31.139692,-81.376878,4,NA,NA,NA,NA,NA,"2022-08-23T21:19:50",23,8,2022,2409475,2409475,"HUMAN_OBSERVATION","iNaturalist","Observations","132105340",NA,"Gunnar Bonk",2022-08-24 05:45:59,"CC_BY_NC_4_0","Izzy Hoover","Izzy Hoover",NA,NA,2025-06-07 02:47:56.373,"","COORDINATE_ROUNDED;CONTINENT_DERIVED_FROM_COORDINATES;TAXON_MATCH_TAXON_ID_IGNORED"
3902376095,"50c9509d-22c7-4a22-a47d-8c48425ef4a7","https://www.inaturalist.org/observations/132809445","Animalia","Chordata",NA,"Pleuronectiformes","Cynoglossidae","Symphurus","Symphurus plagiusa",NA,"SPECIES","Symphurus plagiusa (Linnaeus, 1766)","Symphurus plagiusa","","US","","Georgia","PRESENT",NA,"28eb1a3f-1c15-4a95-931a-4af90ecb574d",31.139825,-81.376747,4,NA,NA,NA,NA,NA,"2022-08-27T20:00:37",27,8,2022,2409475,2409475,"HUMAN_OBSERVATION","iNaturalist","Observations","132809445",NA,"Izzy Hoover",2022-08-29 13:03:37,"CC_BY_NC_4_0","Izzy Hoover","Izzy Hoover",NA,NA,2025-06-07 00:50:54.91,"","COORDINATE_ROUNDED;CONTINENT_DERIVED_FROM_COORDINATES;TAXON_MATCH_TAXON_ID_IGNORED"
3892669793,"50c9509d-22c7-4a22-a47d-8c48425ef4a7","https://www.inaturalist.org/observations/130447866","Animalia","Chordata",NA,"Pleuronectiformes","Cynoglossidae","Symphurus","Symphurus plagiusa",NA,"SPECIES","Symphurus plagiusa (Linnaeus, 1766)","Symphurus plagiusa","","US","","Maryland","PRESENT",NA,"28eb1a3f-1c15-4a95-931a-4af90ecb574d",38.291785,-76.379766,2,NA,NA,NA,NA,NA,"2022-07-25T14:38",25,7,2022,2409475,2409475,"HUMAN_OBSERVATION","iNaturalist","Observations","130447866",NA,"Benji Beluga",2022-08-12 00:50:39,"CC_BY_NC_4_0","Benji Beluga","Benji Beluga",NA,NA,2025-06-07 00:35:10.912,"StillImage","COORDINATE_ROUNDED;CONTINENT_DERIVED_FROM_COORDINATES;TAXON_MATCH_TAXON_ID_IGNORED"
3881728572,"50c9509d-22c7-4a22-a47d-8c48425ef4a7","https://www.inaturalist.org/observations/127990535","Animalia","Chordata",NA,"Pleuronectiformes","Cynoglossidae","Symphurus","Symphurus plagiusa",NA,"SPECIES","Symphurus plagiusa (Linnaeus, 1766)","Symphurus plagiusa","","US","","Maryland","PRESENT",NA,"28eb1a3f-1c15-4a95-931a-4af90ecb574d",38.22047,-76.038794,65,NA,NA,NA,NA,NA,"2022-07-25T12:08:17",25,7,2022,2409475,2409475,"HUMAN_OBSERVATION","iNaturalist","Observations","127990535",NA,"bow_brown_brook",2022-07-26 13:45:21,"CC_BY_NC_4_0","bow_brown_brook","bow_brown_brook",NA,NA,2025-06-07 00:53:07.158,"StillImage","COORDINATE_ROUNDED;CONTINENT_DERIVED_FROM_COORDINATES;TAXON_MATCH_TAXON_ID_IGNORED"
3881672329,"50c9509d-22c7-4a22-a47d-8c48425ef4a7","https://www.inaturalist.org/observations/48913239","Animalia","Chordata",NA,"Pleuronectiformes","Cynoglossidae","Symphurus","Symphurus plagiusa",NA,"SPECIES","Symphurus plagiusa (Linnaeus, 1766)","Symphurus plagiusa","","US","","Maryland","PRESENT",NA,"28eb1a3f-1c15-4a95-931a-4af90ecb574d",38.248997,-75.152047,5,NA,NA,NA,NA,NA,"2020-06-03T15:11:48",3,6,2020,2409475,2409475,"HUMAN_OBSERVATION","iNaturalist","Observations","48913239",NA,"Patrick R McGown",2022-06-24 15:55:56,"CC_BY_NC_4_0","mcbpliz","mcbpliz",NA,NA,2025-06-07 00:42:30.119,"StillImage","COORDINATE_ROUNDED;CONTINENT_DERIVED_FROM_COORDINATES;TAXON_MATCH_TAXON_ID_IGNORED"
3873084136,"50c9509d-22c7-4a22-a47d-8c48425ef4a7","https://www.inaturalist.org/observations/127279932","Animalia","Chordata",NA,"Pleuronectiformes","Cynoglossidae","Symphurus","Symphurus plagiusa",NA,"SPECIES","Symphurus plagiusa (Linnaeus, 1766)","Symphurus plagiusa","","US","","Virginia","PRESENT",NA,"28eb1a3f-1c15-4a95-931a-4af90ecb574d",37.28727,-75.922867,10,NA,NA,NA,NA,NA,"2022-07-21T11:23:35",21,7,2022,2409475,2409475,"HUMAN_OBSERVATION","iNaturalist","Observations","127279932",NA,"uconnbirdfish",2022-07-22 15:48:53,"CC_BY_NC_4_0","capricada","capricada",NA,NA,2025-06-07 01:17:33.826,"StillImage","COORDINATE_ROUNDED;CONTINENT_DERIVED_FROM_COORDINATES;TAXON_MATCH_TAXON_ID_IGNORED"
3860179425,"50c9509d-22c7-4a22-a47d-8c48425ef4a7","https://www.inaturalist.org/observations/125100359","Animalia","Chordata",NA,"Pleuronectiformes","Cynoglossidae","Symphurus","Symphurus plagiusa",NA,"SPECIES","Symphurus plagiusa (Linnaeus, 1766)","Symphurus plagiusa","","US","","Florida","PRESENT",NA,"28eb1a3f-1c15-4a95-931a-4af90ecb574d",30.398292,-86.22963,4,NA,NA,NA,NA,NA,"2022-03-19T19:59:01",19,3,2022,2409475,2409475,"HUMAN_OBSERVATION","iNaturalist","Observations","125100359",NA,"IHUNTA",2022-07-06 23:59:42,"CC_BY_NC_4_0","IHUNTA","IHUNTA",NA,NA,2025-06-07 01:17:09.954,"StillImage","COORDINATE_ROUNDED;CONTINENT_DERIVED_FROM_COORDINATES;TAXON_MATCH_TAXON_ID_IGNORED"
3859174975,"50c9509d-22c7-4a22-a47d-8c48425ef4a7","https://www.inaturalist.org/observations/120861868","Animalia","Chordata",NA,"Pleuronectiformes","Cynoglossidae","Symphurus","Symphurus plagiusa",NA,"SPECIES","Symphurus plagiusa (Linnaeus, 1766)","Symphurus plagiusa","","US","","North Carolina","PRESENT",NA,"28eb1a3f-1c15-4a95-931a-4af90ecb574d",34.722627,-76.760918,72,NA,NA,NA,NA,NA,"2022-06-08T15:26:52",8,6,2022,2409475,2409475,"HUMAN_OBSERVATION","iNaturalist","Observations","120861868",NA,"nwest10",2022-06-08 20:14:33,"CC_BY_NC_4_0","nwest10","nwest10",NA,NA,2025-06-07 01:40:57.154,"StillImage","COORDINATE_ROUNDED;CONTINENT_DERIVED_FROM_COORDINATES;TAXON_MATCH_TAXON_ID_IGNORED"
3859135480,"50c9509d-22c7-4a22-a47d-8c48425ef4a7","https://www.inaturalist.org/observations/48535625","Animalia","Chordata",NA,"Pleuronectiformes","Cynoglossidae","Symphurus","Symphurus plagiusa",NA,"SPECIES","Symphurus plagiusa (Linnaeus, 1766)","Symphurus plagiusa","","US","","Maryland","PRESENT",NA,"28eb1a3f-1c15-4a95-931a-4af90ecb574d",38.249165,-75.151847,263,NA,NA,NA,NA,NA,"2020-06-03T14:30",3,6,2020,2409475,2409475,"HUMAN_OBSERVATION","iNaturalist","Observations","48535625",NA,"human_landfill",2021-12-03 21:30:10,"CC_BY_NC_4_0","Katherine Phillips","Katherine Phillips",NA,NA,2025-06-07 00:21:18.488,"StillImage","COORDINATE_ROUNDED;CONTINENT_DERIVED_FROM_COORDINATES;TAXON_MATCH_TAXON_ID_IGNORED"
3858823981,"50c9509d-22c7-4a22-a47d-8c48425ef4a7","https://www.inaturalist.org/observations/123176171","Animalia","Chordata",NA,"Pleuronectiformes","Cynoglossidae","Symphurus","Symphurus plagiusa",NA,"SPECIES","Symphurus plagiusa (Linnaeus, 1766)","Symphurus plagiusa","","US","","Texas","PRESENT",NA,"28eb1a3f-1c15-4a95-931a-4af90ecb574d",29.212288,-94.953187,4,NA,NA,NA,NA,NA,"2022-06-23T20:54:08",23,6,2022,2409475,2409475,"HUMAN_OBSERVATION","iNaturalist","Observations","123176171",NA,"Sam Dragon-Moore",2022-06-24 03:14:24,"CC_BY_NC_4_0","Sam Dragon-Moore","Sam Dragon-Moore",NA,NA,2025-06-07 00:18:46.698,"StillImage","COORDINATE_ROUNDED;CONTINENT_DERIVED_FROM_COORDINATES;TAXON_MATCH_TAXON_ID_IGNORED"
3847661437,"cd31232e-57a9-4777-ab9d-406333c42769","982cbc26-2733-4788-98e1-6d7130b43820","Animalia","Chordata",NA,"Pleuronectiformes","Cynoglossidae","Symphurus","Symphurus plagiusa",NA,"SPECIES","Symphurus plagiusa (Linnaeus, 1766)","Symphurus plagiusa (Linnaeus, 1766)","","GF","","","PRESENT",NA,"1928bdf0-f5d2-11dc-8c12-b8a03c50a862",4.91042,-52.37112,1,NA,NA,NA,NA,NA,"2018-09-13",13,9,2018,2409475,2409475,"HUMAN_OBSERVATION","","","",NA,"",NA,"CC_BY_4_0","","",NA,NA,2025-02-01 01:06:46.328,"","COUNTRY_MISMATCH;CONTINENT_DERIVED_FROM_COORDINATES;TAXON_MATCH_TAXON_ID_IGNORED"
3847657763,"cd31232e-57a9-4777-ab9d-406333c42769","98c95bac-99f4-4a19-978b-9c01840b8c10","Animalia","Chordata",NA,"Pleuronectiformes","Cynoglossidae","Symphurus","Symphurus plagiusa",NA,"SPECIES","Symphurus plagiusa (Linnaeus, 1766)","Symphurus plagiusa (Linnaeus, 1766)","","GF","","","PRESENT",NA,"1928bdf0-f5d2-11dc-8c12-b8a03c50a862",4.88771,-52.4324,1,NA,NA,NA,NA,NA,"2017-09-06",6,9,2017,2409475,2409475,"HUMAN_OBSERVATION","","","",NA,"",NA,"CC_BY_4_0","","",NA,NA,2025-02-01 01:06:46.096,"","COUNTRY_MISMATCH;CONTINENT_DERIVED_FROM_COORDINATES;TAXON_MATCH_TAXON_ID_IGNORED"
3847657523,"cd31232e-57a9-4777-ab9d-406333c42769","e388f655-4935-4c37-8f34-141953e85dec","Animalia","Chordata",NA,"Pleuronectiformes","Cynoglossidae","Symphurus","Symphurus plagiusa",NA,"SPECIES","Symphurus plagiusa (Linnaeus, 1766)","Symphurus plagiusa (Linnaeus, 1766)","","GF","","","PRESENT",NA,"1928bdf0-f5d2-11dc-8c12-b8a03c50a862",4.90451,-52.37272,1,NA,NA,NA,NA,NA,"2020-03-01",1,3,2020,2409475,2409475,"HUMAN_OBSERVATION","","","",NA,"",NA,"CC_BY_4_0","","",NA,NA,2025-02-01 01:06:46.05,"","COUNTRY_MISMATCH;CONTINENT_DERIVED_FROM_COORDINATES;TAXON_MATCH_TAXON_ID_IGNORED"
3847655747,"cd31232e-57a9-4777-ab9d-406333c42769","8888da26-5d6c-4f6f-b399-cec0ab17aeda","Animalia","Chordata",NA,"Pleuronectiformes","Cynoglossidae","Symphurus","Symphurus plagiusa",NA,"SPECIES","Symphurus plagiusa (Linnaeus, 1766)","Symphurus plagiusa (Linnaeus, 1766)","","GF","","","PRESENT",NA,"1928bdf0-f5d2-11dc-8c12-b8a03c50a862",4.91759,-52.35554,1,NA,NA,NA,NA,NA,"2018-09-13",13,9,2018,2409475,2409475,"HUMAN_OBSERVATION","","","",NA,"",NA,"CC_BY_4_0","","",NA,NA,2025-02-01 01:06:45.792,"","COUNTRY_MISMATCH;CONTINENT_DERIVED_FROM_COORDINATES;TAXON_MATCH_TAXON_ID_IGNORED"
3847655716,"cd31232e-57a9-4777-ab9d-406333c42769","44feffe8-6c89-4617-907d-9fc1f6a0e6b3","Animalia","Chordata",NA,"Pleuronectiformes","Cynoglossidae","Symphurus","Symphurus plagiusa",NA,"SPECIES","Symphurus plagiusa (Linnaeus, 1766)","Symphurus plagiusa (Linnaeus, 1766)","","GF","","","PRESENT",NA,"1928bdf0-f5d2-11dc-8c12-b8a03c50a862",4.90925,-52.3581,1,NA,NA,NA,NA,NA,"2015-10-12",12,10,2015,2409475,2409475,"HUMAN_OBSERVATION","","","",NA,"",NA,"CC_BY_4_0","","",NA,NA,2025-02-01 01:06:45.79,"","COUNTRY_MISMATCH;CONTINENT_DERIVED_FROM_COORDINATES;TAXON_MATCH_TAXON_ID_IGNORED"
3847655425,"cd31232e-57a9-4777-ab9d-406333c42769","12173bfe-f964-4059-b49b-ea5ceb122c58","Animalia","Chordata",NA,"Pleuronectiformes","Cynoglossidae","Symphurus","Symphurus plagiusa",NA,"SPECIES","Symphurus plagiusa (Linnaeus, 1766)","Symphurus plagiusa (Linnaeus, 1766)","","GF","","","PRESENT",NA,"1928bdf0-f5d2-11dc-8c12-b8a03c50a862",4.90314,-52.36626,1,NA,NA,NA,NA,NA,"2018-09-13",13,9,2018,2409475,2409475,"HUMAN_OBSERVATION","","","",NA,"",NA,"CC_BY_4_0","","",NA,NA,2025-02-01 01:06:45.747,"","COUNTRY_MISMATCH;CONTINENT_DERIVED_FROM_COORDINATES;TAXON_MATCH_TAXON_ID_IGNORED"
3847655091,"cd31232e-57a9-4777-ab9d-406333c42769","c560ad0b-5ba7-4db0-a8f2-5dd017c917fb","Animalia","Chordata",NA,"Pleuronectiformes","Cynoglossidae","Symphurus","Symphurus plagiusa",NA,"SPECIES","Symphurus plagiusa (Linnaeus, 1766)","Symphurus plagiusa (Linnaeus, 1766)","","GF","","","PRESENT",NA,"1928bdf0-f5d2-11dc-8c12-b8a03c50a862",4.90329,-52.36721,1,NA,NA,NA,NA,NA,"2018-09-13",13,9,2018,2409475,2409475,"HUMAN_OBSERVATION","","","",NA,"",NA,"CC_BY_4_0","","",NA,NA,2025-02-01 01:06:45.694,"","COUNTRY_MISMATCH;CONTINENT_DERIVED_FROM_COORDINATES;TAXON_MATCH_TAXON_ID_IGNORED"
3847654762,"cd31232e-57a9-4777-ab9d-406333c42769","38cad1bf-7bb8-462a-ad25-c809a32e5b44","Animalia","Chordata",NA,"Pleuronectiformes","Cynoglossidae","Symphurus","Symphurus plagiusa",NA,"SPECIES","Symphurus plagiusa (Linnaeus, 1766)","Symphurus plagiusa (Linnaeus, 1766)","","GF","","","PRESENT",NA,"1928bdf0-f5d2-11dc-8c12-b8a03c50a862",4.9043,-52.37749,1,NA,NA,NA,NA,NA,"2017-09-06",6,9,2017,2409475,2409475,"HUMAN_OBSERVATION","","","",NA,"",NA,"CC_BY_4_0","","",NA,NA,2025-02-01 01:06:45.642,"","COUNTRY_MISMATCH;CONTINENT_DERIVED_FROM_COORDINATES;TAXON_MATCH_TAXON_ID_IGNORED"
3847651952,"cd31232e-57a9-4777-ab9d-406333c42769","b953d1d9-006f-461e-b7bf-886235a0c1f7","Animalia","Chordata",NA,"Pleuronectiformes","Cynoglossidae","Symphurus","Symphurus plagiusa",NA,"SPECIES","Symphurus plagiusa (Linnaeus, 1766)","Symphurus plagiusa (Linnaeus, 1766)","","GF","","","PRESENT",NA,"1928bdf0-f5d2-11dc-8c12-b8a03c50a862",4.88369,-52.3897,1,NA,NA,NA,NA,NA,"2016-10-12",12,10,2016,2409475,2409475,"HUMAN_OBSERVATION","","","",NA,"",NA,"CC_BY_4_0","","",NA,NA,2025-02-01 01:06:45.168,"","COUNTRY_MISMATCH;CONTINENT_DERIVED_FROM_COORDINATES;TAXON_MATCH_TAXON_ID_IGNORED"
3759629948,"50c9509d-22c7-4a22-a47d-8c48425ef4a7","https://www.inaturalist.org/observations/111460536","Animalia","Chordata",NA,"Pleuronectiformes","Cynoglossidae","Symphurus","Symphurus plagiusa",NA,"SPECIES","Symphurus plagiusa (Linnaeus, 1766)","Symphurus plagiusa","","US","","North Carolina","PRESENT",NA,"28eb1a3f-1c15-4a95-931a-4af90ecb574d",35.813042,-75.564772,4,NA,NA,NA,NA,NA,"2022-04-14T16:48:44",14,4,2022,2409475,2409475,"HUMAN_OBSERVATION","iNaturalist","Observations","111460536",NA,"Fletcher Stone",2022-04-15 15:51:10,"CC_BY_4_0","Max J. Ford","Max J. Ford",NA,NA,2025-06-07 00:37:19.793,"StillImage","COORDINATE_ROUNDED;CONTINENT_DERIVED_FROM_COORDINATES;TAXON_MATCH_TAXON_ID_IGNORED"
3743341430,"50c9509d-22c7-4a22-a47d-8c48425ef4a7","https://www.inaturalist.org/observations/103272626","Animalia","Chordata",NA,"Pleuronectiformes","Cynoglossidae","Symphurus","Symphurus plagiusa",NA,"SPECIES","Symphurus plagiusa (Linnaeus, 1766)","Symphurus plagiusa","","US","","Florida","PRESENT",NA,"28eb1a3f-1c15-4a95-931a-4af90ecb574d",30.55518,-81.446328,655,NA,NA,NA,NA,NA,"2021-12-18T15:34:04",18,12,2021,2409475,2409475,"HUMAN_OBSERVATION","iNaturalist","Observations","103272626",NA,"Squidpastry",2022-03-01 06:43:31,"CC_BY_NC_4_0","untamedtolve","untamedtolve",NA,NA,2025-06-07 00:45:42.598,"StillImage","COORDINATE_ROUNDED;CONTINENT_DERIVED_FROM_COORDINATES;TAXON_MATCH_TAXON_ID_IGNORED"
3457045688,"50c9509d-22c7-4a22-a47d-8c48425ef4a7","https://www.inaturalist.org/observations/99573347","Animalia","Chordata",NA,"Pleuronectiformes","Cynoglossidae","Symphurus","Symphurus plagiusa",NA,"SPECIES","Symphurus plagiusa (Linnaeus, 1766)","Symphurus plagiusa","","US","","Delaware","PRESENT",NA,"28eb1a3f-1c15-4a95-931a-4af90ecb574d",38.787412,-75.100953,11,NA,NA,NA,NA,NA,"2021-09-24T14:45:13",24,9,2021,2409475,2409475,"HUMAN_OBSERVATION","iNaturalist","Observations","99573347",NA,"Tim Smoot",2021-10-27 20:32:04,"CC_BY_NC_4_0","Tim Smoot","Tim Smoot",NA,NA,2025-06-07 00:56:27.444,"StillImage","COORDINATE_ROUNDED;CONTINENT_DERIVED_FROM_COORDINATES;TAXON_MATCH_TAXON_ID_IGNORED"
3456889113,"50c9509d-22c7-4a22-a47d-8c48425ef4a7","https://www.inaturalist.org/observations/102360416","Animalia","Chordata",NA,"Pleuronectiformes","Cynoglossidae","Symphurus","Symphurus plagiusa",NA,"SPECIES","Symphurus plagiusa (Linnaeus, 1766)","Symphurus plagiusa","","US","","Texas","PRESENT",NA,"28eb1a3f-1c15-4a95-931a-4af90ecb574d",27.830215,-97.139406,8,NA,NA,NA,NA,NA,"2021-12-02T11:09:25Z",2,12,2021,2409475,2409475,"HUMAN_OBSERVATION","iNaturalist","Observations","102360416",NA,"Mitchel Buckner",2021-12-03 01:09:45,"CC_BY_NC_4_0","Chase McCafferty","Chase McCafferty",NA,NA,2025-06-07 00:29:37.685,"StillImage","COORDINATE_ROUNDED;CONTINENT_DERIVED_FROM_COORDINATES;TAXON_MATCH_TAXON_ID_IGNORED"
3456726195,"50c9509d-22c7-4a22-a47d-8c48425ef4a7","https://www.inaturalist.org/observations/101162588","Animalia","Chordata",NA,"Pleuronectiformes","Cynoglossidae","Symphurus","Symphurus plagiusa",NA,"SPECIES","Symphurus plagiusa (Linnaeus, 1766)","Symphurus plagiusa","","US","","Texas","PRESENT",NA,"28eb1a3f-1c15-4a95-931a-4af90ecb574d",29.222291,-94.927595,194,NA,NA,NA,NA,NA,"2021-11-06T10:48:36",6,11,2021,2409475,2409475,"HUMAN_OBSERVATION","iNaturalist","Observations","101162588",NA,"Mitchel Buckner",2021-12-03 01:13:14,"CC_BY_NC_4_0","bowmanw9531","bowmanw9531",NA,NA,2025-06-07 00:31:22.944,"StillImage","COORDINATE_ROUNDED;CONTINENT_DERIVED_FROM_COORDINATES;TAXON_MATCH_TAXON_ID_IGNORED"
3456059110,"50c9509d-22c7-4a22-a47d-8c48425ef4a7","https://www.inaturalist.org/observations/99569479","Animalia","Chordata",NA,"Pleuronectiformes","Cynoglossidae","Symphurus","Symphurus plagiusa",NA,"SPECIES","Symphurus plagiusa (Linnaeus, 1766)","Symphurus plagiusa","","US","","Delaware","PRESENT",NA,"28eb1a3f-1c15-4a95-931a-4af90ecb574d",38.818233,-75.143325,4,NA,NA,NA,NA,NA,"2021-10-07T10:48:50",7,10,2021,2409475,2409475,"HUMAN_OBSERVATION","iNaturalist","Observations","99569479",NA,"Tim Smoot",2021-10-27 19:47:19,"CC_BY_NC_4_0","Tim Smoot","Tim Smoot",NA,NA,2025-06-07 00:14:29.48,"StillImage","COORDINATE_ROUNDED;CONTINENT_DERIVED_FROM_COORDINATES;TAXON_MATCH_TAXON_ID_IGNORED"
3455509991,"50c9509d-22c7-4a22-a47d-8c48425ef4a7","https://www.inaturalist.org/observations/102906022","Animalia","Chordata",NA,"Pleuronectiformes","Cynoglossidae","Symphurus","Symphurus plagiusa",NA,"SPECIES","Symphurus plagiusa (Linnaeus, 1766)","Symphurus plagiusa","","US","","New Jersey","PRESENT",NA,"28eb1a3f-1c15-4a95-931a-4af90ecb574d",40.458395,-74.034736,5,NA,NA,NA,NA,NA,"2021-11-10T12:00:08",10,11,2021,2409475,2409475,"HUMAN_OBSERVATION","iNaturalist","Observations","102906022",NA,"emmagould11",2021-12-12 16:26:11,"CC_BY_NC_4_0","emmagould11","emmagould11",NA,NA,2025-06-07 00:08:42.203,"StillImage","COORDINATE_ROUNDED;CONTINENT_DERIVED_FROM_COORDINATES;TAXON_MATCH_TAXON_ID_IGNORED"
3408162284,"50c9509d-22c7-4a22-a47d-8c48425ef4a7","https://www.inaturalist.org/observations/100277316","Animalia","Chordata",NA,"Pleuronectiformes","Cynoglossidae","Symphurus","Symphurus plagiusa",NA,"SPECIES","Symphurus plagiusa (Linnaeus, 1766)","Symphurus plagiusa","","US","","North Carolina","PRESENT",NA,"28eb1a3f-1c15-4a95-931a-4af90ecb574d",35.796744,-75.548789,5,NA,NA,NA,NA,NA,"2021-10-09T00:15",9,10,2021,2409475,2409475,"HUMAN_OBSERVATION","iNaturalist","Observations","100277316",NA,"IHUNTA",2021-11-05 00:46:13,"CC_BY_NC_4_0","IHUNTA","IHUNTA",NA,NA,2025-06-07 00:25:59.495,"StillImage","COORDINATE_ROUNDED;CONTINENT_DERIVED_FROM_COORDINATES;TAXON_MATCH_TAXON_ID_IGNORED"
3404875554,"94a6bf19-40a2-4689-ab0e-53edb30b9d36","Station_242_Date_01OCT2007:16:16:00.000_Symphurus_plagiusa","Animalia","Chordata",NA,"Pleuronectiformes","Cynoglossidae","Symphurus","Symphurus plagiusa",NA,"SPECIES","Symphurus plagiusa (Linnaeus, 1766)","Symphurus plagiusa","(Linnaeus, 1766)","US","Nueces Estuary","Texas","PRESENT",NA,"c3ad790a-d426-4ac1-8e32-da61f81f0117",27.693611,-97.188333,100,NA,NA,NA,0.2,0.2,"2007-10-01T16:16",1,10,2007,2409475,2409475,"HUMAN_OBSERVATION","TPWD","Corpus Christi Bay Bag Seine","",NA,"",NA,"CC0_1_0","","",NA,NA,2025-02-06 21:23:18.326,"","CONTINENT_DERIVED_FROM_COORDINATES"
3404870386,"94a6bf19-40a2-4689-ab0e-53edb30b9d36","Station_192_Date_08NOV2007:15:18:00.000_Symphurus_plagiusa","Animalia","Chordata",NA,"Pleuronectiformes","Cynoglossidae","Symphurus","Symphurus plagiusa",NA,"SPECIES","Symphurus plagiusa (Linnaeus, 1766)","Symphurus plagiusa","(Linnaeus, 1766)","US","Nueces Estuary","Texas","PRESENT",NA,"c3ad790a-d426-4ac1-8e32-da61f81f0117",27.755278,-97.14,100,NA,NA,NA,0.3,0.1,"2007-11-08T15:18",8,11,2007,2409475,2409475,"HUMAN_OBSERVATION","TPWD","Corpus Christi Bay Bag Seine","",NA,"",NA,"CC0_1_0","","",NA,NA,2025-02-06 21:23:18.249,"","CONTINENT_DERIVED_FROM_COORDINATES"
3404859279,"94a6bf19-40a2-4689-ab0e-53edb30b9d36","Station_175_Date_01AUG2008:10:42:00.000_Symphurus_plagiusa","Animalia","Chordata",NA,"Pleuronectiformes","Cynoglossidae","Symphurus","Symphurus plagiusa",NA,"SPECIES","Symphurus plagiusa (Linnaeus, 1766)","Symphurus plagiusa","(Linnaeus, 1766)","US","Nueces Estuary","Texas","PRESENT",NA,"c3ad790a-d426-4ac1-8e32-da61f81f0117",27.7825,-97.122778,100,NA,NA,NA,0.1,0.1,"2008-08-01T10:42",1,8,2008,2409475,2409475,"HUMAN_OBSERVATION","TPWD","Corpus Christi Bay Bag Seine","",NA,"",NA,"CC0_1_0","","",NA,NA,2025-02-06 21:23:18.086,"","CONTINENT_DERIVED_FROM_COORDINATES"
3404850471,"94a6bf19-40a2-4689-ab0e-53edb30b9d36","Station_12_Date_11OCT2006:15:30:00.000_Symphurus_plagiusa","Animalia","Chordata",NA,"Pleuronectiformes","Cynoglossidae","Symphurus","Symphurus plagiusa",NA,"SPECIES","Symphurus plagiusa (Linnaeus, 1766)","Symphurus plagiusa","(Linnaeus, 1766)","US","Nueces Estuary","Texas","PRESENT",NA,"c3ad790a-d426-4ac1-8e32-da61f81f0117",27.875278,-97.403889,100,NA,NA,NA,0.1,0.1,"2006-10-11T15:30",11,10,2006,2409475,2409475,"HUMAN_OBSERVATION","TPWD","Corpus Christi Bay Bag Seine","",NA,"",NA,"CC0_1_0","","",NA,NA,2025-02-06 21:23:17.363,"","CONTINENT_DERIVED_FROM_COORDINATES"
3404733642,"94a6bf19-40a2-4689-ab0e-53edb30b9d36","Station_222_Date_16OCT2006:18:09:00.000_Symphurus_plagiusa","Animalia","Chordata",NA,"Pleuronectiformes","Cynoglossidae","Symphurus","Symphurus plagiusa",NA,"SPECIES","Symphurus plagiusa (Linnaeus, 1766)","Symphurus plagiusa","(Linnaeus, 1766)","US","Nueces Estuary","Texas","PRESENT",NA,"c3ad790a-d426-4ac1-8e32-da61f81f0117",27.731389,-97.165,100,NA,NA,NA,0.3,0.3,"2006-10-16T18:09",16,10,2006,2409475,2409475,"HUMAN_OBSERVATION","TPWD","Corpus Christi Bay Bag Seine","",NA,"",NA,"CC0_1_0","","",NA,NA,2025-02-06 21:23:18.025,"","CONTINENT_DERIVED_FROM_COORDINATES"
3404726767,"94a6bf19-40a2-4689-ab0e-53edb30b9d36","Station_97_Date_09JUL2007:12:02:00.000_Symphurus_plagiusa","Animalia","Chordata",NA,"Pleuronectiformes","Cynoglossidae","Symphurus","Symphurus plagiusa",NA,"SPECIES","Symphurus plagiusa (Linnaeus, 1766)","Symphurus plagiusa","(Linnaeus, 1766)","US","Nueces Estuary","Texas","PRESENT",NA,"c3ad790a-d426-4ac1-8e32-da61f81f0117",27.833889,-97.091944,100,NA,NA,NA,0.1,0.1,"2007-07-09T12:02",9,7,2007,2409475,2409475,"HUMAN_OBSERVATION","TPWD","Corpus Christi Bay Bag Seine","",NA,"",NA,"CC0_1_0","","",NA,NA,2025-02-06 21:23:17.741,"","CONTINENT_DERIVED_FROM_COORDINATES"
3404726283,"94a6bf19-40a2-4689-ab0e-53edb30b9d36","Station_176_Date_21JUN2005:13:57:00.000_Symphurus_plagiusa","Animalia","Chordata",NA,"Pleuronectiformes","Cynoglossidae","Symphurus","Symphurus plagiusa",NA,"SPECIES","Symphurus plagiusa (Linnaeus, 1766)","Symphurus plagiusa","(Linnaeus, 1766)","US","Nueces Estuary","Texas","PRESENT",NA,"c3ad790a-d426-4ac1-8e32-da61f81f0117",27.782778,-97.111667,100,NA,NA,NA,0.65,0.35,"2005-06-21T13:57",21,6,2005,2409475,2409475,"HUMAN_OBSERVATION","TPWD","Corpus Christi Bay Bag Seine","",NA,"",NA,"CC0_1_0","","",NA,NA,2025-02-06 21:23:17.63,"","CONTINENT_DERIVED_FROM_COORDINATES"
3404722784,"94a6bf19-40a2-4689-ab0e-53edb30b9d36","Station_91_Date_12SEP2007:11:07:00.000_Symphurus_plagiusa","Animalia","Chordata",NA,"Pleuronectiformes","Cynoglossidae","Symphurus","Symphurus plagiusa",NA,"SPECIES","Symphurus plagiusa (Linnaeus, 1766)","Symphurus plagiusa","(Linnaeus, 1766)","US","Nueces Estuary","Texas","PRESENT",NA,"c3ad790a-d426-4ac1-8e32-da61f81f0117",27.8375,-97.220556,100,NA,NA,NA,0.3,0.2,"2007-09-12T11:07",12,9,2007,2409475,2409475,"HUMAN_OBSERVATION","TPWD","Corpus Christi Bay Bag Seine","",NA,"",NA,"CC0_1_0","","",NA,NA,2025-02-06 21:23:17.915,"","CONTINENT_DERIVED_FROM_COORDINATES"
3404722499,"94a6bf19-40a2-4689-ab0e-53edb30b9d36","Station_57_Date_16SEP2008:16:56:00.000_Symphurus_plagiusa","Animalia","Chordata",NA,"Pleuronectiformes","Cynoglossidae","Symphurus","Symphurus plagiusa",NA,"SPECIES","Symphurus plagiusa (Linnaeus, 1766)","Symphurus plagiusa","(Linnaeus, 1766)","US","Nueces Estuary","Texas","PRESENT",NA,"c3ad790a-d426-4ac1-8e32-da61f81f0117",27.870278,-97.318889,100,NA,NA,NA,0.15,0.15,"2008-09-16T16:56",16,9,2008,2409475,2409475,"HUMAN_OBSERVATION","TPWD","Corpus Christi Bay Bag Seine","",NA,"",NA,"CC0_1_0","","",NA,NA,2025-02-06 21:23:17.839,"","CONTINENT_DERIVED_FROM_COORDINATES"
3404719069,"94a6bf19-40a2-4689-ab0e-53edb30b9d36","Station_140_Date_27JUL2005:10:29:00.000_Symphurus_plagiusa","Animalia","Chordata",NA,"Pleuronectiformes","Cynoglossidae","Symphurus","Symphurus plagiusa",NA,"SPECIES","Symphurus plagiusa (Linnaeus, 1766)","Symphurus plagiusa","(Linnaeus, 1766)","US","Nueces Estuary","Texas","PRESENT",NA,"c3ad790a-d426-4ac1-8e32-da61f81f0117",27.7875,-97.393056,100,NA,NA,NA,0.2,0.2,"2005-07-27T10:29",27,7,2005,2409475,2409475,"HUMAN_OBSERVATION","TPWD","Corpus Christi Bay Bag Seine","",NA,"",NA,"CC0_1_0","","",NA,NA,2025-02-06 21:23:17.949,"","CONTINENT_DERIVED_FROM_COORDINATES"
3404717647,"94a6bf19-40a2-4689-ab0e-53edb30b9d36","Station_13_Date_28JUL2008:11:38:00.000_Symphurus_plagiusa","Animalia","Chordata",NA,"Pleuronectiformes","Cynoglossidae","Symphurus","Symphurus plagiusa",NA,"SPECIES","Symphurus plagiusa (Linnaeus, 1766)","Symphurus plagiusa","(Linnaeus, 1766)","US","Nueces Estuary","Texas","PRESENT",NA,"c3ad790a-d426-4ac1-8e32-da61f81f0117",27.875278,-97.385833,100,NA,NA,NA,0.15,0.15,"2008-07-28T11:38",28,7,2008,2409475,2409475,"HUMAN_OBSERVATION","TPWD","Corpus Christi Bay Bag Seine","",NA,"",NA,"CC0_1_0","","",NA,NA,2025-02-06 21:23:17.766,"","CONTINENT_DERIVED_FROM_COORDINATES"
3404714683,"94a6bf19-40a2-4689-ab0e-53edb30b9d36","Station_13_Date_11SEP2007:17:10:00.000_Symphurus_plagiusa","Animalia","Chordata",NA,"Pleuronectiformes","Cynoglossidae","Symphurus","Symphurus plagiusa",NA,"SPECIES","Symphurus plagiusa (Linnaeus, 1766)","Symphurus plagiusa","(Linnaeus, 1766)","US","Nueces Estuary","Texas","PRESENT",NA,"c3ad790a-d426-4ac1-8e32-da61f81f0117",27.875556,-97.388056,100,NA,NA,NA,0.2,0.2,"2007-09-11T17:10",11,9,2007,2409475,2409475,"HUMAN_OBSERVATION","TPWD","Corpus Christi Bay Bag Seine","",NA,"",NA,"CC0_1_0","","",NA,NA,2025-02-06 21:23:17.683,"","CONTINENT_DERIVED_FROM_COORDINATES"
3404712720,"94a6bf19-40a2-4689-ab0e-53edb30b9d36","Station_14_Date_27NOV2007:14:02:00.000_Symphurus_plagiusa","Animalia","Chordata",NA,"Pleuronectiformes","Cynoglossidae","Symphurus","Symphurus plagiusa",NA,"SPECIES","Symphurus plagiusa (Linnaeus, 1766)","Symphurus plagiusa","(Linnaeus, 1766)","US","Nueces Estuary","Texas","PRESENT",NA,"c3ad790a-d426-4ac1-8e32-da61f81f0117",27.874722,-97.378611,100,NA,NA,NA,0.15,0.15,"2007-11-27T14:02",27,11,2007,2409475,2409475,"HUMAN_OBSERVATION","TPWD","Corpus Christi Bay Bag Seine","",NA,"",NA,"CC0_1_0","","",NA,NA,2025-02-06 21:23:17.642,"","CONTINENT_DERIVED_FROM_COORDINATES"
3404071443,"836204c6-f8ca-49f3-be9a-afbae64ae72c","Station_361_Date_11SEP2007:10:16:00.000_Symphurus_plagiusa","Animalia","Chordata",NA,"Pleuronectiformes","Cynoglossidae","Symphurus","Symphurus plagiusa",NA,"SPECIES","Symphurus plagiusa (Linnaeus, 1766)","Symphurus plagiusa","(Linnaeus, 1766)","US","Lower Laguna Madre Estuary","Texas","PRESENT",NA,"c3ad790a-d426-4ac1-8e32-da61f81f0117",26.058333,-97.173611,100,NA,NA,NA,0.15,0.15,"2007-09-11T10:16",11,9,2007,2409475,2409475,"HUMAN_OBSERVATION","TPWD","Lower Laguna Madre Bag Seine","",NA,"",NA,"CC0_1_0","","",NA,NA,2025-02-06 20:42:38.963,"","CONTINENT_DERIVED_FROM_COORDINATES"
3404070493,"836204c6-f8ca-49f3-be9a-afbae64ae72c","Station_360_Date_03SEP2008:12:53:00.000_Symphurus_plagiusa","Animalia","Chordata",NA,"Pleuronectiformes","Cynoglossidae","Symphurus","Symphurus plagiusa",NA,"SPECIES","Symphurus plagiusa (Linnaeus, 1766)","Symphurus plagiusa","(Linnaeus, 1766)","US","Lower Laguna Madre Estuary","Texas","PRESENT",NA,"c3ad790a-d426-4ac1-8e32-da61f81f0117",26.050278,-97.195833,100,NA,NA,NA,0.2,0.2,"2008-09-03T12:53",3,9,2008,2409475,2409475,"HUMAN_OBSERVATION","TPWD","Lower Laguna Madre Bag Seine","",NA,"",NA,"CC0_1_0","","",NA,NA,2025-02-06 20:42:39.873,"","CONTINENT_DERIVED_FROM_COORDINATES"
3404055667,"836204c6-f8ca-49f3-be9a-afbae64ae72c","Station_74_Date_07DEC2005:12:43:00.000_Symphurus_plagiusa","Animalia","Chordata",NA,"Pleuronectiformes","Cynoglossidae","Symphurus","Symphurus plagiusa",NA,"SPECIES","Symphurus plagiusa (Linnaeus, 1766)","Symphurus plagiusa","(Linnaeus, 1766)","US","Lower Laguna Madre Estuary","Texas","PRESENT",NA,"c3ad790a-d426-4ac1-8e32-da61f81f0117",26.584722,-97.432222,100,NA,NA,NA,0.3,0.1,"2005-12-07T12:43",7,12,2005,2409475,2409475,"HUMAN_OBSERVATION","TPWD","Lower Laguna Madre Bag Seine","",NA,"",NA,"CC0_1_0","","",NA,NA,2025-02-06 20:42:39.447,"","CONTINENT_DERIVED_FROM_COORDINATES"
3404051810,"836204c6-f8ca-49f3-be9a-afbae64ae72c","Station_104_Date_29APR2008:17:55:00.000_Symphurus_plagiusa","Animalia","Chordata",NA,"Pleuronectiformes","Cynoglossidae","Symphurus","Symphurus plagiusa",NA,"SPECIES","Symphurus plagiusa (Linnaeus, 1766)","Symphurus plagiusa","(Linnaeus, 1766)","US","Lower Laguna Madre Estuary","Texas","PRESENT",NA,"c3ad790a-d426-4ac1-8e32-da61f81f0117",26.529722,-97.418889,100,NA,NA,NA,0.2,0.2,"2008-04-29T17:55",29,4,2008,2409475,2409475,"HUMAN_OBSERVATION","TPWD","Lower Laguna Madre Bag Seine","",NA,"",NA,"CC0_1_0","","",NA,NA,2025-02-06 20:42:38.754,"","CONTINENT_DERIVED_FROM_COORDINATES"
3404051675,"836204c6-f8ca-49f3-be9a-afbae64ae72c","Station_87_Date_22MAY2006:16:12:00.000_Symphurus_plagiusa","Animalia","Chordata",NA,"Pleuronectiformes","Cynoglossidae","Symphurus","Symphurus plagiusa",NA,"SPECIES","Symphurus plagiusa (Linnaeus, 1766)","Symphurus plagiusa","(Linnaeus, 1766)","US","Lower Laguna Madre Estuary","Texas","PRESENT",NA,"c3ad790a-d426-4ac1-8e32-da61f81f0117",26.556111,-97.422778,100,NA,NA,NA,0.15,0.15,"2006-05-22T16:12",22,5,2006,2409475,2409475,"HUMAN_OBSERVATION","TPWD","Lower Laguna Madre Bag Seine","",NA,"",NA,"CC0_1_0","","",NA,NA,2025-02-06 20:42:38.74,"","CONTINENT_DERIVED_FROM_COORDINATES"
3404049910,"836204c6-f8ca-49f3-be9a-afbae64ae72c","Station_104_Date_12JUN2007:19:11:00.000_Symphurus_plagiusa","Animalia","Chordata",NA,"Pleuronectiformes","Cynoglossidae","Symphurus","Symphurus plagiusa",NA,"SPECIES","Symphurus plagiusa (Linnaeus, 1766)","Symphurus plagiusa","(Linnaeus, 1766)","US","Lower Laguna Madre Estuary","Texas","PRESENT",NA,"c3ad790a-d426-4ac1-8e32-da61f81f0117",26.526944,-97.418611,100,NA,NA,NA,0.15,0.15,"2007-06-12T19:11",12,6,2007,2409475,2409475,"HUMAN_OBSERVATION","TPWD","Lower Laguna Madre Bag Seine","",NA,"",NA,"CC0_1_0","","",NA,NA,2025-02-06 20:42:39.779,"","CONTINENT_DERIVED_FROM_COORDINATES"
3404048723,"836204c6-f8ca-49f3-be9a-afbae64ae72c","Station_73_Date_03OCT2006:16:18:00.000_Symphurus_plagiusa","Animalia","Chordata",NA,"Pleuronectiformes","Cynoglossidae","Symphurus","Symphurus plagiusa",NA,"SPECIES","Symphurus plagiusa (Linnaeus, 1766)","Symphurus plagiusa","(Linnaeus, 1766)","US","Lower Laguna Madre Estuary","Texas","PRESENT",NA,"c3ad790a-d426-4ac1-8e32-da61f81f0117",26.599167,-97.439722,100,NA,NA,NA,0.2,0.2,"2006-10-03T16:18",3,10,2006,2409475,2409475,"HUMAN_OBSERVATION","TPWD","Lower Laguna Madre Bag Seine","",NA,"",NA,"CC0_1_0","","",NA,NA,2025-02-06 20:42:38.911,"","CONTINENT_DERIVED_FROM_COORDINATES"
3403906350,"836204c6-f8ca-49f3-be9a-afbae64ae72c","Station_178_Date_04FEB2008:11:06:00.000_Symphurus_plagiusa","Animalia","Chordata",NA,"Pleuronectiformes","Cynoglossidae","Symphurus","Symphurus plagiusa",NA,"SPECIES","Symphurus plagiusa (Linnaeus, 1766)","Symphurus plagiusa","(Linnaeus, 1766)","US","Lower Laguna Madre Estuary","Texas","PRESENT",NA,"c3ad790a-d426-4ac1-8e32-da61f81f0117",26.369167,-97.324722,100,NA,NA,NA,0.1,0.1,"2008-02-04T11:06",4,2,2008,2409475,2409475,"HUMAN_OBSERVATION","TPWD","Lower Laguna Madre Bag Seine","",NA,"",NA,"CC0_1_0","","",NA,NA,2025-02-06 20:42:39.921,"","CONTINENT_DERIVED_FROM_COORDINATES"
3403902702,"836204c6-f8ca-49f3-be9a-afbae64ae72c","Station_87_Date_16MAR2006:12:15:00.000_Symphurus_plagiusa","Animalia","Chordata",NA,"Pleuronectiformes","Cynoglossidae","Symphurus","Symphurus plagiusa",NA,"SPECIES","Symphurus plagiusa (Linnaeus, 1766)","Symphurus plagiusa","(Linnaeus, 1766)","US","Lower Laguna Madre Estuary","Texas","PRESENT",NA,"c3ad790a-d426-4ac1-8e32-da61f81f0117",26.556111,-97.4225,100,NA,NA,NA,0.2,0.2,"2006-03-16T12:15",16,3,2006,2409475,2409475,"HUMAN_OBSERVATION","TPWD","Lower Laguna Madre Bag Seine","",NA,"",NA,"CC0_1_0","","",NA,NA,2025-02-06 20:42:38.933,"","CONTINENT_DERIVED_FROM_COORDINATES"
3403898009,"836204c6-f8ca-49f3-be9a-afbae64ae72c","Station_119_Date_29APR2008:18:21:00.000_Symphurus_plagiusa","Animalia","Chordata",NA,"Pleuronectiformes","Cynoglossidae","Symphurus","Symphurus plagiusa",NA,"SPECIES","Symphurus plagiusa (Linnaeus, 1766)","Symphurus plagiusa","(Linnaeus, 1766)","US","Lower Laguna Madre Estuary","Texas","PRESENT",NA,"c3ad790a-d426-4ac1-8e32-da61f81f0117",26.498889,-97.406944,100,NA,NA,NA,0.4,0.4,"2008-04-29T18:21",29,4,2008,2409475,2409475,"HUMAN_OBSERVATION","TPWD","Lower Laguna Madre Bag Seine","",NA,"",NA,"CC0_1_0","","",NA,NA,2025-02-06 20:42:38.768,"","CONTINENT_DERIVED_FROM_COORDINATES"
3403897701,"836204c6-f8ca-49f3-be9a-afbae64ae72c","Station_73_Date_19AUG2008:11:07:00.000_Symphurus_plagiusa","Animalia","Chordata",NA,"Pleuronectiformes","Cynoglossidae","Symphurus","Symphurus plagiusa",NA,"SPECIES","Symphurus plagiusa (Linnaeus, 1766)","Symphurus plagiusa","(Linnaeus, 1766)","US","Lower Laguna Madre Estuary","Texas","PRESENT",NA,"c3ad790a-d426-4ac1-8e32-da61f81f0117",26.594444,-97.436111,100,NA,NA,NA,0.15,0.15,"2008-08-19T11:07",19,8,2008,2409475,2409475,"HUMAN_OBSERVATION","TPWD","Lower Laguna Madre Bag Seine","",NA,"",NA,"CC0_1_0","","",NA,NA,2025-02-06 20:42:38.729,"","CONTINENT_DERIVED_FROM_COORDINATES"
3403894849,"836204c6-f8ca-49f3-be9a-afbae64ae72c","Station_104_Date_09DEC2008:11:23:00.000_Symphurus_plagiusa","Animalia","Chordata",NA,"Pleuronectiformes","Cynoglossidae","Symphurus","Symphurus plagiusa",NA,"SPECIES","Symphurus plagiusa (Linnaeus, 1766)","Symphurus plagiusa","(Linnaeus, 1766)","US","Lower Laguna Madre Estuary","Texas","PRESENT",NA,"c3ad790a-d426-4ac1-8e32-da61f81f0117",26.520556,-97.417222,100,NA,NA,NA,0.15,0.15,"2008-12-09T11:23",9,12,2008,2409475,2409475,"HUMAN_OBSERVATION","TPWD","Lower Laguna Madre Bag Seine","",NA,"",NA,"CC0_1_0","","",NA,NA,2025-02-06 20:42:39.492,"","CONTINENT_DERIVED_FROM_COORDINATES"
3403894724,"836204c6-f8ca-49f3-be9a-afbae64ae72c","Station_80_Date_14MAY2007:16:04:00.000_Symphurus_plagiusa","Animalia","Chordata",NA,"Pleuronectiformes","Cynoglossidae","Symphurus","Symphurus plagiusa",NA,"SPECIES","Symphurus plagiusa (Linnaeus, 1766)","Symphurus plagiusa","(Linnaeus, 1766)","US","Lower Laguna Madre Estuary","Texas","PRESENT",NA,"c3ad790a-d426-4ac1-8e32-da61f81f0117",26.576667,-97.429444,100,NA,NA,NA,0.2,0.2,"2007-05-14T16:04",14,5,2007,2409475,2409475,"HUMAN_OBSERVATION","TPWD","Lower Laguna Madre Bag Seine","",NA,"",NA,"CC0_1_0","","",NA,NA,2025-02-06 20:42:39.462,"","CONTINENT_DERIVED_FROM_COORDINATES"
3403892705,"836204c6-f8ca-49f3-be9a-afbae64ae72c","Station_15_Date_28MAR2005:13:04:00.000_Symphurus_plagiusa","Animalia","Chordata",NA,"Pleuronectiformes","Cynoglossidae","Symphurus","Symphurus plagiusa",NA,"SPECIES","Symphurus plagiusa (Linnaeus, 1766)","Symphurus plagiusa","(Linnaeus, 1766)","US","Lower Laguna Madre Estuary","Texas","PRESENT",NA,"c3ad790a-d426-4ac1-8e32-da61f81f0117",26.76,-97.471389,100,NA,NA,NA,0.2,0.2,"2005-03-28T13:04",28,3,2005,2409475,2409475,"HUMAN_OBSERVATION","TPWD","Lower Laguna Madre Bag Seine","",NA,"",NA,"CC0_1_0","","",NA,NA,2025-02-06 20:42:38.768,"","CONTINENT_DERIVED_FROM_COORDINATES"
3403883923,"836204c6-f8ca-49f3-be9a-afbae64ae72c","Station_20_Date_19FEB2008:10:57:00.000_Symphurus_plagiusa","Animalia","Chordata",NA,"Pleuronectiformes","Cynoglossidae","Symphurus","Symphurus plagiusa",NA,"SPECIES","Symphurus plagiusa (Linnaeus, 1766)","Symphurus plagiusa","(Linnaeus, 1766)","US","Lower Laguna Madre Estuary","Texas","PRESENT",NA,"c3ad790a-d426-4ac1-8e32-da61f81f0117",26.746944,-97.47,100,NA,NA,NA,0.25,0.25,"2008-02-19T10:57",19,2,2008,2409475,2409475,"HUMAN_OBSERVATION","TPWD","Lower Laguna Madre Bag Seine","",NA,"",NA,"CC0_1_0","","",NA,NA,2025-02-06 20:42:39.189,"","CONTINENT_DERIVED_FROM_COORDINATES"
3384689474,"50c9509d-22c7-4a22-a47d-8c48425ef4a7","https://www.inaturalist.org/observations/94446165","Animalia","Chordata",NA,"Pleuronectiformes","Cynoglossidae","Symphurus","Symphurus plagiusa",NA,"SPECIES","Symphurus plagiusa (Linnaeus, 1766)","Symphurus plagiusa","","US","","Delaware","PRESENT",NA,"28eb1a3f-1c15-4a95-931a-4af90ecb574d",38.786638,-75.157958,10,NA,NA,NA,NA,NA,"2021-09-11T10:49:13",11,9,2021,2409475,2409475,"HUMAN_OBSERVATION","iNaturalist","Observations","94446165",NA,"friedmummichog",2021-09-11 15:24:25,"CC_BY_NC_4_0","friedmummichog","friedmummichog",NA,NA,2025-06-07 00:25:45.533,"StillImage","COORDINATE_ROUNDED;CONTINENT_DERIVED_FROM_COORDINATES;TAXON_MATCH_TAXON_ID_IGNORED"
3355643123,"50c9509d-22c7-4a22-a47d-8c48425ef4a7","https://www.inaturalist.org/observations/93770906","Animalia","Chordata",NA,"Pleuronectiformes","Cynoglossidae","Symphurus","Symphurus plagiusa",NA,"SPECIES","Symphurus plagiusa (Linnaeus, 1766)","Symphurus plagiusa","","US","","Virginia","PRESENT",NA,"28eb1a3f-1c15-4a95-931a-4af90ecb574d",36.850811,-76.484367,NA,NA,NA,NA,NA,NA,"2021-09-05T14:42:03",5,9,2021,2409475,2409475,"HUMAN_OBSERVATION","iNaturalist","Observations","93770906",NA,"Nicholas Wishart",2021-09-05 22:46:50,"CC_BY_NC_4_0","januarypeas","januarypeas",NA,NA,2025-06-07 01:22:24.579,"StillImage","COORDINATE_ROUNDED;CONTINENT_DERIVED_FROM_COORDINATES;TAXON_MATCH_TAXON_ID_IGNORED"
3337901893,"50c9509d-22c7-4a22-a47d-8c48425ef4a7","https://www.inaturalist.org/observations/91693891","Animalia","Chordata",NA,"Pleuronectiformes","Cynoglossidae","Symphurus","Symphurus plagiusa",NA,"SPECIES","Symphurus plagiusa (Linnaeus, 1766)","Symphurus plagiusa","","US","","Maryland","PRESENT",NA,"28eb1a3f-1c15-4a95-931a-4af90ecb574d",38.249158,-75.152222,5,NA,NA,NA,NA,NA,"2021-08-18T15:19:56",18,8,2021,2409475,2409475,"HUMAN_OBSERVATION","iNaturalist","Observations","91693891",NA,"mcbpliz",2021-08-19 00:19:18,"CC_BY_NC_4_0","mcbpliz","mcbpliz",NA,NA,2025-06-07 01:56:03.392,"StillImage","COORDINATE_ROUNDED;CONTINENT_DERIVED_FROM_COORDINATES;TAXON_MATCH_TAXON_ID_IGNORED"
3325821536,"50c9509d-22c7-4a22-a47d-8c48425ef4a7","https://www.inaturalist.org/observations/84799988","Animalia","Chordata",NA,"Pleuronectiformes","Cynoglossidae","Symphurus","Symphurus plagiusa",NA,"SPECIES","Symphurus plagiusa (Linnaeus, 1766)","Symphurus plagiusa","","US","","Virginia","PRESENT",NA,"28eb1a3f-1c15-4a95-931a-4af90ecb574d",38.166291,-76.86578,4392,NA,NA,NA,NA,NA,"2021-06-27T21:52:30",27,6,2021,2409475,2409475,"HUMAN_OBSERVATION","iNaturalist","Observations","84799988",NA,"bannk",2021-06-29 17:37:22,"CC_BY_NC_4_0","bannk","bannk",NA,NA,2025-06-07 00:56:31.554,"StillImage","COORDINATE_ROUNDED;CONTINENT_DERIVED_FROM_COORDINATES;TAXON_MATCH_TAXON_ID_IGNORED"
3124521282,"50c9509d-22c7-4a22-a47d-8c48425ef4a7","https://www.inaturalist.org/observations/80290689","Animalia","Chordata",NA,"Pleuronectiformes","Cynoglossidae","Symphurus","Symphurus plagiusa",NA,"SPECIES","Symphurus plagiusa (Linnaeus, 1766)","Symphurus plagiusa","","US","","Florida","PRESENT",NA,"28eb1a3f-1c15-4a95-931a-4af90ecb574d",26.189183,-81.809128,26,NA,NA,NA,NA,NA,"2021-05-25T13:46:16",25,5,2021,2409475,2409475,"HUMAN_OBSERVATION","iNaturalist","Observations","80290689",NA,"A Humble Thing",2021-05-27 00:39:25,"CC_BY_NC_4_0","Marie Coleman","Marie Coleman",NA,NA,2025-06-07 01:04:24.038,"StillImage","COORDINATE_ROUNDED;CONTINENT_DERIVED_FROM_COORDINATES;TAXON_MATCH_TAXON_ID_IGNORED"
3058683350,"50c9509d-22c7-4a22-a47d-8c48425ef4a7","https://www.inaturalist.org/observations/15365688","Animalia","Chordata",NA,"Pleuronectiformes","Cynoglossidae","Symphurus","Symphurus plagiusa",NA,"SPECIES","Symphurus plagiusa (Linnaeus, 1766)","Symphurus plagiusa","","US","","Florida","PRESENT",NA,"28eb1a3f-1c15-4a95-931a-4af90ecb574d",29.707823,-84.997657,974,NA,NA,NA,NA,NA,"2018-08-11T06:42",11,8,2018,2409475,2409475,"HUMAN_OBSERVATION","iNaturalist","Observations","15365688",NA,"Jordan Broadhead",2018-08-12 21:56:53,"CC_BY_NC_4_0","Jordan Broadhead","Jordan Broadhead",NA,NA,2025-06-06 23:50:23.679,"StillImage","COORDINATE_ROUNDED;CONTINENT_DERIVED_FROM_COORDINATES;TAXON_MATCH_TAXON_ID_IGNORED"
2650470118,"fe388907-e2b6-44be-a9cb-a80b3924284c","e0ab8d0b-b733-11ea-a9a7-a7e94413c0ba","Animalia","Chordata",NA,"Pleuronectiformes","Cynoglossidae","Symphurus","Symphurus plagiusa",NA,"SPECIES","Symphurus plagiusa (Linnaeus, 1766)","Symphurus plagiusa","(Linnaeus, 1766)","US","","","PRESENT",1,"c3ad790a-d426-4ac1-8e32-da61f81f0117",37.73365,-75.48126,NA,NA,NA,NA,15,1,"2007-09-20T18:16Z",20,9,2007,2409475,2409475,"HUMAN_OBSERVATION","NOAA;NMFS;NEFSC","FALL NMFS NEFSC BOTTOM TRAWL SURVEY","2.00709e+21",NA,"",NA,"CC0_1_0","","",NA,NA,2025-02-02 11:19:52.785,"","GEODETIC_DATUM_ASSUMED_WGS84"
2634061889,"50c9509d-22c7-4a22-a47d-8c48425ef4a7","https://www.inaturalist.org/observations/47548410","Animalia","Chordata",NA,"Pleuronectiformes","Cynoglossidae","Symphurus","Symphurus plagiusa",NA,"SPECIES","Symphurus plagiusa (Linnaeus, 1766)","Symphurus plagiusa","","US","","Florida","PRESENT",NA,"28eb1a3f-1c15-4a95-931a-4af90ecb574d",29.707893,-81.231231,42,NA,NA,NA,NA,NA,"2014-01-28T11:34",28,1,2014,2409475,2409475,"HUMAN_OBSERVATION","iNaturalist","Observations","47548410",NA,"ed_flagler",2020-05-27 20:04:57,"CC_BY_NC_4_0","ed_flagler","ed_flagler",NA,NA,2025-06-07 01:45:49.73,"StillImage","COORDINATE_ROUNDED;CONTINENT_DERIVED_FROM_COORDINATES;TAXON_MATCH_TAXON_ID_IGNORED"
2580236398,"50c9509d-22c7-4a22-a47d-8c48425ef4a7","https://www.inaturalist.org/observations/39941151","Animalia","Chordata",NA,"Pleuronectiformes","Cynoglossidae","Symphurus","Symphurus plagiusa",NA,"SPECIES","Symphurus plagiusa (Linnaeus, 1766)","Symphurus plagiusa","","US","","Georgia","PRESENT",NA,"28eb1a3f-1c15-4a95-931a-4af90ecb574d",31.917388,-80.945999,NA,NA,NA,NA,NA,NA,"2020-02-28T11:16:29",28,2,2020,2409475,2409475,"HUMAN_OBSERVATION","iNaturalist","Observations","39941151",NA,"kappleton",2020-03-13 21:50:32,"CC_BY_NC_4_0","kappleton","kappleton",NA,NA,2025-06-07 00:06:06.894,"StillImage","COORDINATE_ROUNDED;CONTINENT_DERIVED_FROM_COORDINATES;TAXON_MATCH_TAXON_ID_IGNORED"
2429199812,"50c9509d-22c7-4a22-a47d-8c48425ef4a7","https://www.inaturalist.org/observations/22666636","Animalia","Chordata",NA,"Pleuronectiformes","Cynoglossidae","Symphurus","Symphurus plagiusa",NA,"SPECIES","Symphurus plagiusa (Linnaeus, 1766)","Symphurus plagiusa","","US","","South Carolina","PRESENT",NA,"28eb1a3f-1c15-4a95-931a-4af90ecb574d",32.77161,-79.880222,5,NA,NA,NA,NA,NA,"2019-04-18T13:40:58",18,4,2019,2409475,2409475,"HUMAN_OBSERVATION","iNaturalist","Observations","22666636",NA,"Norm Shea",2019-04-19 02:13:57,"CC_BY_NC_4_0","khear946","khear946",NA,NA,2025-06-07 01:21:42.874,"StillImage","COORDINATE_ROUNDED;CONTINENT_DERIVED_FROM_COORDINATES;TAXON_MATCH_TAXON_ID_IGNORED"
2251939421,"50c9509d-22c7-4a22-a47d-8c48425ef4a7","https://www.inaturalist.org/observations/25940231","Animalia","Chordata",NA,"Pleuronectiformes","Cynoglossidae","Symphurus","Symphurus plagiusa",NA,"SPECIES","Symphurus plagiusa (Linnaeus, 1766)","Symphurus plagiusa","","US","","South Carolina","PRESENT",NA,"28eb1a3f-1c15-4a95-931a-4af90ecb574d",32.345833,-80.469995,21,NA,NA,NA,NA,NA,"2019-05-24T17:39:08",24,5,2019,2409475,2409475,"HUMAN_OBSERVATION","iNaturalist","Observations","25940231",NA,"Norm Shea",2019-05-29 00:34:28,"CC_BY_NC_4_0","kaityturtle","kaityturtle",NA,NA,2025-06-07 00:51:26.056,"StillImage","COORDINATE_ROUNDED;CONTINENT_DERIVED_FROM_COORDINATES;TAXON_MATCH_TAXON_ID_IGNORED"
1931476725,"50c9509d-22c7-4a22-a47d-8c48425ef4a7","https://www.inaturalist.org/observations/15226346","Animalia","Chordata",NA,"Pleuronectiformes","Cynoglossidae","Symphurus","Symphurus plagiusa",NA,"SPECIES","Symphurus plagiusa (Linnaeus, 1766)","Symphurus plagiusa","","US","","North Carolina","PRESENT",NA,"28eb1a3f-1c15-4a95-931a-4af90ecb574d",34.72247,-76.760259,65,NA,NA,NA,NA,NA,"2018-08-08T11:04:03",8,8,2018,2409475,2409475,"HUMAN_OBSERVATION","iNaturalist","Observations","15226346",NA,"Sean P. Myers",2018-08-08 15:06:33,"CC_BY_NC_4_0","Sean P. Myers","Sean P. Myers",NA,NA,2025-06-07 01:11:25.29,"StillImage","COORDINATE_ROUNDED;CONTINENT_DERIVED_FROM_COORDINATES;TAXON_MATCH_TAXON_ID_IGNORED"
1847633302,"50c9509d-22c7-4a22-a47d-8c48425ef4a7","https://www.inaturalist.org/observations/5789226","Animalia","Chordata",NA,"Pleuronectiformes","Cynoglossidae","Symphurus","Symphurus plagiusa",NA,"SPECIES","Symphurus plagiusa (Linnaeus, 1766)","Symphurus plagiusa","","DO","","Samaná","PRESENT",NA,"28eb1a3f-1c15-4a95-931a-4af90ecb574d",19.229337,-69.612519,1361,NA,NA,NA,NA,NA,"2017-04-04T05:27",4,4,2017,2409475,2409475,"HUMAN_OBSERVATION","iNaturalist","Observations","5789226",NA,"Patricia Torres Pineda",2017-04-17 15:37:17,"CC_BY_NC_4_0","Patricia Torres Pineda","Patricia Torres Pineda",NA,NA,2025-06-07 00:24:08.428,"StillImage","CONTINENT_DERIVED_FROM_COORDINATES;TAXON_MATCH_TAXON_ID_IGNORED"
1835221611,"aedcba44-1b8c-47e0-ab48-9370e779b6e1","e485e06d-23e6-11e8-a64f-4f26032957e3","Animalia","Chordata",NA,"Pleuronectiformes","Cynoglossidae","Symphurus","Symphurus plagiusa",NA,"SPECIES","Symphurus plagiusa (Linnaeus, 1766)","Symphurus plagiusa","(Linnaeus, 1766)","US","15","","PRESENT",2,"c3ad790a-d426-4ac1-8e32-da61f81f0117",35.308,-75.485,NA,NA,NA,NA,35,0,"2013-04-26",26,4,2013,2409475,2409475,"HUMAN_OBSERVATION","","","",NA,"",NA,"CC0_1_0","","",NA,NA,2025-02-06 18:22:19.586,"","GEODETIC_DATUM_INVALID;GEODETIC_DATUM_ASSUMED_WGS84;COUNTRY_DERIVED_FROM_COORDINATES;CONTINENT_DERIVED_FROM_COORDINATES"
1835221538,"aedcba44-1b8c-47e0-ab48-9370e779b6e1","e4856b28-23e6-11e8-a64f-4f26032957e3","Animalia","Chordata",NA,"Pleuronectiformes","Cynoglossidae","Symphurus","Symphurus plagiusa",NA,"SPECIES","Symphurus plagiusa (Linnaeus, 1766)","Symphurus plagiusa","(Linnaeus, 1766)","US","13","","PRESENT",4,"c3ad790a-d426-4ac1-8e32-da61f81f0117",36.923,-75.933,NA,NA,NA,NA,61,0,"2013-04-25",25,4,2013,2409475,2409475,"HUMAN_OBSERVATION","","","",NA,"",NA,"CC0_1_0","","",NA,NA,2025-02-06 18:22:18.368,"","GEODETIC_DATUM_INVALID;GEODETIC_DATUM_ASSUMED_WGS84;COUNTRY_DERIVED_FROM_COORDINATES"
1835221392,"aedcba44-1b8c-47e0-ab48-9370e779b6e1","e4856b27-23e6-11e8-a64f-4f26032957e3","Animalia","Chordata",NA,"Pleuronectiformes","Cynoglossidae","Symphurus","Symphurus plagiusa",NA,"SPECIES","Symphurus plagiusa (Linnaeus, 1766)","Symphurus plagiusa","(Linnaeus, 1766)","US","11","","PRESENT",10,"c3ad790a-d426-4ac1-8e32-da61f81f0117",37.551,-75.57,NA,NA,NA,NA,NA,NA,"2013-04-30",30,4,2013,2409475,2409475,"HUMAN_OBSERVATION","","","",NA,"",NA,"CC0_1_0","","",NA,NA,2025-02-06 18:22:17.314,"","GEODETIC_DATUM_INVALID;GEODETIC_DATUM_ASSUMED_WGS84;COUNTRY_DERIVED_FROM_COORDINATES;CONTINENT_DERIVED_FROM_COORDINATES"
1835221073,"aedcba44-1b8c-47e0-ab48-9370e779b6e1","e4856b26-23e6-11e8-a64f-4f26032957e3","Animalia","Chordata",NA,"Pleuronectiformes","Cynoglossidae","Symphurus","Symphurus plagiusa",NA,"SPECIES","Symphurus plagiusa (Linnaeus, 1766)","Symphurus plagiusa","(Linnaeus, 1766)","US","13","","PRESENT",2,"c3ad790a-d426-4ac1-8e32-da61f81f0117",36.8301,-75.880317,NA,NA,NA,NA,52,0,"2012-10-18",18,10,2012,2409475,2409475,"HUMAN_OBSERVATION","","","",NA,"",NA,"CC0_1_0","","",NA,NA,2025-02-06 18:22:18.136,"","COORDINATE_ROUNDED;GEODETIC_DATUM_INVALID;GEODETIC_DATUM_ASSUMED_WGS84;COUNTRY_DERIVED_FROM_COORDINATES"
1835220504,"aedcba44-1b8c-47e0-ab48-9370e779b6e1","e485cce2-23e6-11e8-a64f-4f26032957e3","Animalia","Chordata",NA,"Pleuronectiformes","Cynoglossidae","Symphurus","Symphurus plagiusa",NA,"SPECIES","Symphurus plagiusa (Linnaeus, 1766)","Symphurus plagiusa","(Linnaeus, 1766)","US","RI","","PRESENT",2,"c3ad790a-d426-4ac1-8e32-da61f81f0117",41.377,-71.056,NA,NA,NA,NA,73,0,"2013-10-04",4,10,2013,2409475,2409475,"HUMAN_OBSERVATION","","","",NA,"",NA,"CC0_1_0","","",NA,NA,2025-02-06 18:22:19.305,"","GEODETIC_DATUM_INVALID;GEODETIC_DATUM_ASSUMED_WGS84;COUNTRY_DERIVED_FROM_COORDINATES"
1835220317,"aedcba44-1b8c-47e0-ab48-9370e779b6e1","e4856b2c-23e6-11e8-a64f-4f26032957e3","Animalia","Chordata",NA,"Pleuronectiformes","Cynoglossidae","Symphurus","Symphurus plagiusa",NA,"SPECIES","Symphurus plagiusa (Linnaeus, 1766)","Symphurus plagiusa","(Linnaeus, 1766)","US","15","","PRESENT",1,"c3ad790a-d426-4ac1-8e32-da61f81f0117",35.65,-75.4,NA,NA,NA,NA,70,0,"2013-11-10",10,11,2013,2409475,2409475,"HUMAN_OBSERVATION","","","",NA,"",NA,"CC0_1_0","","",NA,NA,2025-02-06 18:22:19.968,"","GEODETIC_DATUM_INVALID;GEODETIC_DATUM_ASSUMED_WGS84;COUNTRY_DERIVED_FROM_COORDINATES"
1835220040,"aedcba44-1b8c-47e0-ab48-9370e779b6e1","e485923b-23e6-11e8-a64f-4f26032957e3","Animalia","Chordata",NA,"Pleuronectiformes","Cynoglossidae","Symphurus","Symphurus plagiusa",NA,"SPECIES","Symphurus plagiusa (Linnaeus, 1766)","Symphurus plagiusa","(Linnaeus, 1766)","US","14","","PRESENT",2,"c3ad790a-d426-4ac1-8e32-da61f81f0117",35.986,-75.62,NA,NA,NA,NA,42,0,"2013-11-09",9,11,2013,2409475,2409475,"HUMAN_OBSERVATION","","","",NA,"",NA,"CC0_1_0","","",NA,NA,2025-02-06 18:22:18.488,"","GEODETIC_DATUM_INVALID;GEODETIC_DATUM_ASSUMED_WGS84;COUNTRY_DERIVED_FROM_COORDINATES;CONTINENT_DERIVED_FROM_COORDINATES"
1835219932,"aedcba44-1b8c-47e0-ab48-9370e779b6e1","e485e067-23e6-11e8-a64f-4f26032957e3","Animalia","Chordata",NA,"Pleuronectiformes","Cynoglossidae","Symphurus","Symphurus plagiusa",NA,"SPECIES","Symphurus plagiusa (Linnaeus, 1766)","Symphurus plagiusa","(Linnaeus, 1766)","US","14","","PRESENT",2,"c3ad790a-d426-4ac1-8e32-da61f81f0117",36.32,-75.783,NA,NA,NA,NA,39,0,"2013-11-09",9,11,2013,2409475,2409475,"HUMAN_OBSERVATION","","","",NA,"",NA,"CC0_1_0","","",NA,NA,2025-02-06 18:22:19.361,"","GEODETIC_DATUM_INVALID;GEODETIC_DATUM_ASSUMED_WGS84;COUNTRY_DERIVED_FROM_COORDINATES;CONTINENT_DERIVED_FROM_COORDINATES"
1835217603,"aedcba44-1b8c-47e0-ab48-9370e779b6e1","e485b94f-23e6-11e8-a64f-4f26032957e3","Animalia","Chordata",NA,"Pleuronectiformes","Cynoglossidae","Symphurus","Symphurus plagiusa",NA,"SPECIES","Symphurus plagiusa (Linnaeus, 1766)","Symphurus plagiusa","(Linnaeus, 1766)","US","15","","PRESENT",1,"c3ad790a-d426-4ac1-8e32-da61f81f0117",35.453,-75.447,NA,NA,NA,NA,45,0,"2013-04-26",26,4,2013,2409475,2409475,"HUMAN_OBSERVATION","","","",NA,"",NA,"CC0_1_0","","",NA,NA,2025-02-06 18:22:18.981,"","GEODETIC_DATUM_INVALID;GEODETIC_DATUM_ASSUMED_WGS84;COUNTRY_DERIVED_FROM_COORDINATES;CONTINENT_DERIVED_FROM_COORDINATES"
1835217546,"aedcba44-1b8c-47e0-ab48-9370e779b6e1","e485e06e-23e6-11e8-a64f-4f26032957e3","Animalia","Chordata",NA,"Pleuronectiformes","Cynoglossidae","Symphurus","Symphurus plagiusa",NA,"SPECIES","Symphurus plagiusa (Linnaeus, 1766)","Symphurus plagiusa","(Linnaeus, 1766)","US","15","","PRESENT",1,"c3ad790a-d426-4ac1-8e32-da61f81f0117",35.806,-75.502,NA,NA,NA,NA,54,0,"2013-04-26",26,4,2013,2409475,2409475,"HUMAN_OBSERVATION","","","",NA,"",NA,"CC0_1_0","","",NA,NA,2025-02-06 18:22:17.213,"","GEODETIC_DATUM_INVALID;GEODETIC_DATUM_ASSUMED_WGS84;COUNTRY_DERIVED_FROM_COORDINATES;CONTINENT_DERIVED_FROM_COORDINATES"
1835217543,"aedcba44-1b8c-47e0-ab48-9370e779b6e1","e4854412-23e6-11e8-a64f-4f26032957e3","Animalia","Chordata",NA,"Pleuronectiformes","Cynoglossidae","Symphurus","Symphurus plagiusa",NA,"SPECIES","Symphurus plagiusa (Linnaeus, 1766)","Symphurus plagiusa","(Linnaeus, 1766)","US","15","","PRESENT",1,"c3ad790a-d426-4ac1-8e32-da61f81f0117",35.42,-75.456,NA,NA,NA,NA,38,0,"2013-04-26",26,4,2013,2409475,2409475,"HUMAN_OBSERVATION","","","",NA,"",NA,"CC0_1_0","","",NA,NA,2025-02-06 18:22:17.306,"","GEODETIC_DATUM_INVALID;GEODETIC_DATUM_ASSUMED_WGS84;COUNTRY_DERIVED_FROM_COORDINATES;CONTINENT_DERIVED_FROM_COORDINATES"
1835217521,"aedcba44-1b8c-47e0-ab48-9370e779b6e1","e4856b22-23e6-11e8-a64f-4f26032957e3","Animalia","Chordata",NA,"Pleuronectiformes","Cynoglossidae","Symphurus","Symphurus plagiusa",NA,"SPECIES","Symphurus plagiusa (Linnaeus, 1766)","Symphurus plagiusa","(Linnaeus, 1766)","US","15","","PRESENT",1,"c3ad790a-d426-4ac1-8e32-da61f81f0117",35.256,-75.455,NA,NA,NA,NA,52,0,"2013-04-26",26,4,2013,2409475,2409475,"HUMAN_OBSERVATION","","","",NA,"",NA,"CC0_1_0","","",NA,NA,2025-02-06 18:22:19.401,"","GEODETIC_DATUM_INVALID;GEODETIC_DATUM_ASSUMED_WGS84;COUNTRY_DERIVED_FROM_COORDINATES"
1835217312,"aedcba44-1b8c-47e0-ab48-9370e779b6e1","e485cce0-23e6-11e8-a64f-4f26032957e3","Animalia","Chordata",NA,"Pleuronectiformes","Cynoglossidae","Symphurus","Symphurus plagiusa",NA,"SPECIES","Symphurus plagiusa (Linnaeus, 1766)","Symphurus plagiusa","(Linnaeus, 1766)","US","14","","PRESENT",2,"c3ad790a-d426-4ac1-8e32-da61f81f0117",36.507,-75.831,NA,NA,NA,NA,33,0,"2013-04-27",27,4,2013,2409475,2409475,"HUMAN_OBSERVATION","","","",NA,"",NA,"CC0_1_0","","",NA,NA,2025-02-06 18:22:18.64,"","GEODETIC_DATUM_INVALID;GEODETIC_DATUM_ASSUMED_WGS84;COUNTRY_DERIVED_FROM_COORDINATES;CONTINENT_DERIVED_FROM_COORDINATES"
1835217098,"aedcba44-1b8c-47e0-ab48-9370e779b6e1","e485b94d-23e6-11e8-a64f-4f26032957e3","Animalia","Chordata",NA,"Pleuronectiformes","Cynoglossidae","Symphurus","Symphurus plagiusa",NA,"SPECIES","Symphurus plagiusa (Linnaeus, 1766)","Symphurus plagiusa","(Linnaeus, 1766)","US","13","","PRESENT",2,"c3ad790a-d426-4ac1-8e32-da61f81f0117",36.679,-75.772,NA,NA,NA,NA,60,0,"2013-04-28",28,4,2013,2409475,2409475,"HUMAN_OBSERVATION","","","",NA,"",NA,"CC0_1_0","","",NA,NA,2025-02-06 18:22:17.4,"","GEODETIC_DATUM_INVALID;GEODETIC_DATUM_ASSUMED_WGS84;COUNTRY_DERIVED_FROM_COORDINATES"
1835216997,"aedcba44-1b8c-47e0-ab48-9370e779b6e1","e4859238-23e6-11e8-a64f-4f26032957e3","Animalia","Chordata",NA,"Pleuronectiformes","Cynoglossidae","Symphurus","Symphurus plagiusa",NA,"SPECIES","Symphurus plagiusa (Linnaeus, 1766)","Symphurus plagiusa","(Linnaeus, 1766)","US","12","","PRESENT",1,"c3ad790a-d426-4ac1-8e32-da61f81f0117",37.284,-75.727,NA,NA,NA,NA,12,0,"2013-04-30",30,4,2013,2409475,2409475,"HUMAN_OBSERVATION","","","",NA,"",NA,"CC0_1_0","","",NA,NA,2025-02-06 18:22:17.923,"","GEODETIC_DATUM_INVALID;GEODETIC_DATUM_ASSUMED_WGS84;COUNTRY_DERIVED_FROM_COORDINATES;CONTINENT_DERIVED_FROM_COORDINATES"
1835216975,"aedcba44-1b8c-47e0-ab48-9370e779b6e1","e485e068-23e6-11e8-a64f-4f26032957e3","Animalia","Chordata",NA,"Pleuronectiformes","Cynoglossidae","Symphurus","Symphurus plagiusa",NA,"SPECIES","Symphurus plagiusa (Linnaeus, 1766)","Symphurus plagiusa","(Linnaeus, 1766)","US","12","","PRESENT",5,"c3ad790a-d426-4ac1-8e32-da61f81f0117",37.723,-75.485,NA,NA,NA,NA,45,0,"2013-05-01",1,5,2013,2409475,2409475,"HUMAN_OBSERVATION","","","",NA,"",NA,"CC0_1_0","","",NA,NA,2025-02-06 18:22:17.432,"","GEODETIC_DATUM_INVALID;GEODETIC_DATUM_ASSUMED_WGS84;COUNTRY_DERIVED_FROM_COORDINATES"
1835216901,"aedcba44-1b8c-47e0-ab48-9370e779b6e1","e4856b24-23e6-11e8-a64f-4f26032957e3","Animalia","Chordata",NA,"Pleuronectiformes","Cynoglossidae","Symphurus","Symphurus plagiusa",NA,"SPECIES","Symphurus plagiusa (Linnaeus, 1766)","Symphurus plagiusa","(Linnaeus, 1766)","US","12","","PRESENT",1,"c3ad790a-d426-4ac1-8e32-da61f81f0117",37.303,-75.654,NA,NA,NA,NA,42,0,"2013-04-29",29,4,2013,2409475,2409475,"HUMAN_OBSERVATION","","","",NA,"",NA,"CC0_1_0","","",NA,NA,2025-02-06 18:22:18.153,"","GEODETIC_DATUM_INVALID;GEODETIC_DATUM_ASSUMED_WGS84;COUNTRY_DERIVED_FROM_COORDINATES"
1835216799,"aedcba44-1b8c-47e0-ab48-9370e779b6e1","e485a5bf-23e6-11e8-a64f-4f26032957e3","Animalia","Chordata",NA,"Pleuronectiformes","Cynoglossidae","Symphurus","Symphurus plagiusa",NA,"SPECIES","Symphurus plagiusa (Linnaeus, 1766)","Symphurus plagiusa","(Linnaeus, 1766)","US","11","","PRESENT",2,"c3ad790a-d426-4ac1-8e32-da61f81f0117",37.703,-75.531,NA,NA,NA,NA,33,0,"2013-05-01",1,5,2013,2409475,2409475,"HUMAN_OBSERVATION","","","",NA,"",NA,"CC0_1_0","","",NA,NA,2025-02-06 18:22:19.789,"","GEODETIC_DATUM_INVALID;GEODETIC_DATUM_ASSUMED_WGS84;COUNTRY_DERIVED_FROM_COORDINATES;CONTINENT_DERIVED_FROM_COORDINATES"
1835216648,"aedcba44-1b8c-47e0-ab48-9370e779b6e1","e485a5bb-23e6-11e8-a64f-4f26032957e3","Animalia","Chordata",NA,"Pleuronectiformes","Cynoglossidae","Symphurus","Symphurus plagiusa",NA,"SPECIES","Symphurus plagiusa (Linnaeus, 1766)","Symphurus plagiusa","(Linnaeus, 1766)","US","11","","PRESENT",1,"c3ad790a-d426-4ac1-8e32-da61f81f0117",37.815,-75.48,NA,NA,NA,NA,16,0,"2013-05-08",8,5,2013,2409475,2409475,"HUMAN_OBSERVATION","","","",NA,"",NA,"CC0_1_0","","",NA,NA,2025-02-06 18:22:19.643,"","GEODETIC_DATUM_INVALID;GEODETIC_DATUM_ASSUMED_WGS84;COUNTRY_DERIVED_FROM_COORDINATES;CONTINENT_DERIVED_FROM_COORDINATES"
1835214372,"aedcba44-1b8c-47e0-ab48-9370e779b6e1","e4857eb2-23e6-11e8-a64f-4f26032957e3","Animalia","Chordata",NA,"Pleuronectiformes","Cynoglossidae","Symphurus","Symphurus plagiusa",NA,"SPECIES","Symphurus plagiusa (Linnaeus, 1766)","Symphurus plagiusa","(Linnaeus, 1766)","US","13","","PRESENT",1,"c3ad790a-d426-4ac1-8e32-da61f81f0117",36.90575,-75.93065,NA,NA,NA,NA,56,0,"2012-10-18",18,10,2012,2409475,2409475,"HUMAN_OBSERVATION","","","",NA,"",NA,"CC0_1_0","","",NA,NA,2025-02-06 18:22:20.05,"","COORDINATE_ROUNDED;GEODETIC_DATUM_INVALID;GEODETIC_DATUM_ASSUMED_WGS84;COUNTRY_DERIVED_FROM_COORDINATES"
1835214184,"aedcba44-1b8c-47e0-ab48-9370e779b6e1","e4859234-23e6-11e8-a64f-4f26032957e3","Animalia","Chordata",NA,"Pleuronectiformes","Cynoglossidae","Symphurus","Symphurus plagiusa",NA,"SPECIES","Symphurus plagiusa (Linnaeus, 1766)","Symphurus plagiusa","(Linnaeus, 1766)","US","13","","PRESENT",5,"c3ad790a-d426-4ac1-8e32-da61f81f0117",36.896933,-75.9278,NA,NA,NA,NA,53,0,"2012-10-20",20,10,2012,2409475,2409475,"HUMAN_OBSERVATION","","","",NA,"",NA,"CC0_1_0","","",NA,NA,2025-02-06 18:22:17.225,"","COORDINATE_ROUNDED;GEODETIC_DATUM_INVALID;GEODETIC_DATUM_ASSUMED_WGS84;COUNTRY_DERIVED_FROM_COORDINATES"
1835213879,"aedcba44-1b8c-47e0-ab48-9370e779b6e1","e485cce8-23e6-11e8-a64f-4f26032957e3","Animalia","Chordata",NA,"Pleuronectiformes","Cynoglossidae","Symphurus","Symphurus plagiusa",NA,"SPECIES","Symphurus plagiusa (Linnaeus, 1766)","Symphurus plagiusa","(Linnaeus, 1766)","US","12","","PRESENT",1,"c3ad790a-d426-4ac1-8e32-da61f81f0117",37.278883,-75.558033,NA,NA,NA,NA,62,0,"2012-10-16",16,10,2012,2409475,2409475,"HUMAN_OBSERVATION","","","",NA,"",NA,"CC0_1_0","","",NA,NA,2025-02-06 18:22:19.581,"","COORDINATE_ROUNDED;GEODETIC_DATUM_INVALID;GEODETIC_DATUM_ASSUMED_WGS84;COUNTRY_DERIVED_FROM_COORDINATES"
1835213805,"aedcba44-1b8c-47e0-ab48-9370e779b6e1","e485f3f5-23e6-11e8-a64f-4f26032957e3","Animalia","Chordata",NA,"Pleuronectiformes","Cynoglossidae","Symphurus","Symphurus plagiusa",NA,"SPECIES","Symphurus plagiusa (Linnaeus, 1766)","Symphurus plagiusa","(Linnaeus, 1766)","US","12","","PRESENT",5,"c3ad790a-d426-4ac1-8e32-da61f81f0117",37.43635,-75.62735,NA,NA,NA,NA,32,0,"2012-10-16",16,10,2012,2409475,2409475,"HUMAN_OBSERVATION","","","",NA,"",NA,"CC0_1_0","","",NA,NA,2025-02-06 18:22:18.368,"","COORDINATE_ROUNDED;GEODETIC_DATUM_INVALID;GEODETIC_DATUM_ASSUMED_WGS84;COUNTRY_DERIVED_FROM_COORDINATES;CONTINENT_DERIVED_FROM_COORDINATES"
1835213651,"aedcba44-1b8c-47e0-ab48-9370e779b6e1","e4855796-23e6-11e8-a64f-4f26032957e3","Animalia","Chordata",NA,"Pleuronectiformes","Cynoglossidae","Symphurus","Symphurus plagiusa",NA,"SPECIES","Symphurus plagiusa (Linnaeus, 1766)","Symphurus plagiusa","(Linnaeus, 1766)","US","11","","PRESENT",1,"c3ad790a-d426-4ac1-8e32-da61f81f0117",37.81445,-75.463717,NA,NA,NA,NA,26,0,"2012-10-15",15,10,2012,2409475,2409475,"HUMAN_OBSERVATION","","","",NA,"",NA,"CC0_1_0","","",NA,NA,2025-02-06 18:22:17.957,"","COORDINATE_ROUNDED;GEODETIC_DATUM_INVALID;GEODETIC_DATUM_ASSUMED_WGS84;COUNTRY_DERIVED_FROM_COORDINATES;CONTINENT_DERIVED_FROM_COORDINATES"
1835213599,"aedcba44-1b8c-47e0-ab48-9370e779b6e1","e485f3ef-23e6-11e8-a64f-4f26032957e3","Animalia","Chordata",NA,"Pleuronectiformes","Cynoglossidae","Symphurus","Symphurus plagiusa",NA,"SPECIES","Symphurus plagiusa (Linnaeus, 1766)","Symphurus plagiusa","(Linnaeus, 1766)","US","11","","PRESENT",16,"c3ad790a-d426-4ac1-8e32-da61f81f0117",37.565933,-75.56855,NA,NA,NA,NA,40,0,"2012-10-16",16,10,2012,2409475,2409475,"HUMAN_OBSERVATION","","","",NA,"",NA,"CC0_1_0","","",NA,NA,2025-02-06 18:22:17.861,"","COORDINATE_ROUNDED;GEODETIC_DATUM_INVALID;GEODETIC_DATUM_ASSUMED_WGS84;COUNTRY_DERIVED_FROM_COORDINATES;CONTINENT_DERIVED_FROM_COORDINATES"
1835210745,"aedcba44-1b8c-47e0-ab48-9370e779b6e1","e485e06a-23e6-11e8-a64f-4f26032957e3","Animalia","Chordata",NA,"Pleuronectiformes","Cynoglossidae","Symphurus","Symphurus plagiusa",NA,"SPECIES","Symphurus plagiusa (Linnaeus, 1766)","Symphurus plagiusa","(Linnaeus, 1766)","US","11","","PRESENT",1,"c3ad790a-d426-4ac1-8e32-da61f81f0117",37.631229,-75.580437,NA,NA,NA,NA,18,0,"2012-05-01",1,5,2012,2409475,2409475,"HUMAN_OBSERVATION","","","",NA,"",NA,"CC0_1_0","","",NA,NA,2025-02-06 18:22:17.369,"","COORDINATE_ROUNDED;GEODETIC_DATUM_INVALID;GEODETIC_DATUM_ASSUMED_WGS84;COUNTRY_DERIVED_FROM_COORDINATES;CONTINENT_DERIVED_FROM_COORDINATES"
1835210445,"aedcba44-1b8c-47e0-ab48-9370e779b6e1","e4859237-23e6-11e8-a64f-4f26032957e3","Animalia","Chordata",NA,"Pleuronectiformes","Cynoglossidae","Symphurus","Symphurus plagiusa",NA,"SPECIES","Symphurus plagiusa (Linnaeus, 1766)","Symphurus plagiusa","(Linnaeus, 1766)","US","11","","PRESENT",2,"c3ad790a-d426-4ac1-8e32-da61f81f0117",37.904148,-75.307182,NA,NA,NA,NA,27,0,"2012-05-02",2,5,2012,2409475,2409475,"HUMAN_OBSERVATION","","","",NA,"",NA,"CC0_1_0","","",NA,NA,2025-02-06 18:22:19.833,"","COORDINATE_ROUNDED;GEODETIC_DATUM_INVALID;GEODETIC_DATUM_ASSUMED_WGS84;COUNTRY_DERIVED_FROM_COORDINATES;CONTINENT_DERIVED_FROM_COORDINATES"
1835208743,"aedcba44-1b8c-47e0-ab48-9370e779b6e1","e485b94c-23e6-11e8-a64f-4f26032957e3","Animalia","Chordata",NA,"Pleuronectiformes","Cynoglossidae","Symphurus","Symphurus plagiusa",NA,"SPECIES","Symphurus plagiusa (Linnaeus, 1766)","Symphurus plagiusa","(Linnaeus, 1766)","US","15","","PRESENT",6,"c3ad790a-d426-4ac1-8e32-da61f81f0117",35.8291,-75.535733,NA,NA,NA,NA,38,0,"2011-10-24",24,10,2011,2409475,2409475,"HUMAN_OBSERVATION","","","",NA,"",NA,"CC0_1_0","","",NA,NA,2025-02-06 18:22:19.417,"","COORDINATE_ROUNDED;GEODETIC_DATUM_INVALID;GEODETIC_DATUM_ASSUMED_WGS84;COUNTRY_DERIVED_FROM_COORDINATES;CONTINENT_DERIVED_FROM_COORDINATES"
1835208653,"aedcba44-1b8c-47e0-ab48-9370e779b6e1","e485b955-23e6-11e8-a64f-4f26032957e3","Animalia","Chordata",NA,"Pleuronectiformes","Cynoglossidae","Symphurus","Symphurus plagiusa",NA,"SPECIES","Symphurus plagiusa (Linnaeus, 1766)","Symphurus plagiusa","(Linnaeus, 1766)","US","14","","PRESENT",2,"c3ad790a-d426-4ac1-8e32-da61f81f0117",36.292083,-75.7616,NA,NA,NA,NA,46,0,"2011-10-25",25,10,2011,2409475,2409475,"HUMAN_OBSERVATION","","","",NA,"",NA,"CC0_1_0","","",NA,NA,2025-02-06 18:22:18.621,"","COORDINATE_ROUNDED;GEODETIC_DATUM_INVALID;GEODETIC_DATUM_ASSUMED_WGS84;COUNTRY_DERIVED_FROM_COORDINATES;CONTINENT_DERIVED_FROM_COORDINATES"
1835207993,"aedcba44-1b8c-47e0-ab48-9370e779b6e1","e4857eaa-23e6-11e8-a64f-4f26032957e3","Animalia","Chordata",NA,"Pleuronectiformes","Cynoglossidae","Symphurus","Symphurus plagiusa",NA,"SPECIES","Symphurus plagiusa (Linnaeus, 1766)","Symphurus plagiusa","(Linnaeus, 1766)","US","13","","PRESENT",1,"c3ad790a-d426-4ac1-8e32-da61f81f0117",37.0348,-75.953767,NA,NA,NA,NA,26,0,"2011-10-22",22,10,2011,2409475,2409475,"HUMAN_OBSERVATION","","","",NA,"",NA,"CC0_1_0","","",NA,NA,2025-02-06 18:22:17.842,"","COORDINATE_ROUNDED;GEODETIC_DATUM_INVALID;GEODETIC_DATUM_ASSUMED_WGS84;COUNTRY_DERIVED_FROM_COORDINATES;CONTINENT_DERIVED_FROM_COORDINATES"
1835207772,"aedcba44-1b8c-47e0-ab48-9370e779b6e1","e485a5bc-23e6-11e8-a64f-4f26032957e3","Animalia","Chordata",NA,"Pleuronectiformes","Cynoglossidae","Symphurus","Symphurus plagiusa",NA,"SPECIES","Symphurus plagiusa (Linnaeus, 1766)","Symphurus plagiusa","(Linnaeus, 1766)","US","12","","PRESENT",3,"c3ad790a-d426-4ac1-8e32-da61f81f0117",37.422517,-75.61055,NA,NA,NA,NA,32,0,"2011-10-16",16,10,2011,2409475,2409475,"HUMAN_OBSERVATION","","","",NA,"",NA,"CC0_1_0","","",NA,NA,2025-02-06 18:22:20.117,"","COORDINATE_ROUNDED;GEODETIC_DATUM_INVALID;GEODETIC_DATUM_ASSUMED_WGS84;COUNTRY_DERIVED_FROM_COORDINATES"
1835207461,"aedcba44-1b8c-47e0-ab48-9370e779b6e1","e4856b2b-23e6-11e8-a64f-4f26032957e3","Animalia","Chordata",NA,"Pleuronectiformes","Cynoglossidae","Symphurus","Symphurus plagiusa",NA,"SPECIES","Symphurus plagiusa (Linnaeus, 1766)","Symphurus plagiusa","(Linnaeus, 1766)","US","11","","PRESENT",2,"c3ad790a-d426-4ac1-8e32-da61f81f0117",37.762433,-75.50515,NA,NA,NA,NA,27,0,"2011-10-15",15,10,2011,2409475,2409475,"HUMAN_OBSERVATION","","","",NA,"",NA,"CC0_1_0","","",NA,NA,2025-02-06 18:22:19.153,"","COORDINATE_ROUNDED;GEODETIC_DATUM_INVALID;GEODETIC_DATUM_ASSUMED_WGS84;COUNTRY_DERIVED_FROM_COORDINATES;CONTINENT_DERIVED_FROM_COORDINATES"
1835207374,"aedcba44-1b8c-47e0-ab48-9370e779b6e1","e485e06b-23e6-11e8-a64f-4f26032957e3","Animalia","Chordata",NA,"Pleuronectiformes","Cynoglossidae","Symphurus","Symphurus plagiusa",NA,"SPECIES","Symphurus plagiusa (Linnaeus, 1766)","Symphurus plagiusa","(Linnaeus, 1766)","US","10","","PRESENT",2,"c3ad790a-d426-4ac1-8e32-da61f81f0117",38.429733,-74.935667,NA,NA,NA,NA,43,0,"2011-10-13",13,10,2011,2409475,2409475,"HUMAN_OBSERVATION","","","",NA,"",NA,"CC0_1_0","","",NA,NA,2025-02-06 18:22:19.819,"","COORDINATE_ROUNDED;GEODETIC_DATUM_INVALID;GEODETIC_DATUM_ASSUMED_WGS84;COUNTRY_DERIVED_FROM_COORDINATES"
1835205133,"aedcba44-1b8c-47e0-ab48-9370e779b6e1","e4855795-23e6-11e8-a64f-4f26032957e3","Animalia","Chordata",NA,"Pleuronectiformes","Cynoglossidae","Symphurus","Symphurus plagiusa",NA,"SPECIES","Symphurus plagiusa (Linnaeus, 1766)","Symphurus plagiusa","(Linnaeus, 1766)","US","13","","PRESENT",1,"c3ad790a-d426-4ac1-8e32-da61f81f0117",36.732383,-75.924317,NA,NA,NA,NA,25,0,"2011-04-26",26,4,2011,2409475,2409475,"HUMAN_OBSERVATION","","","",NA,"",NA,"CC0_1_0","","",NA,NA,2025-02-06 18:22:19.528,"","COORDINATE_ROUNDED;GEODETIC_DATUM_INVALID;GEODETIC_DATUM_ASSUMED_WGS84;COUNTRY_DERIVED_FROM_COORDINATES;CONTINENT_DERIVED_FROM_COORDINATES"
1835205053,"aedcba44-1b8c-47e0-ab48-9370e779b6e1","e485b952-23e6-11e8-a64f-4f26032957e3","Animalia","Chordata",NA,"Pleuronectiformes","Cynoglossidae","Symphurus","Symphurus plagiusa",NA,"SPECIES","Symphurus plagiusa (Linnaeus, 1766)","Symphurus plagiusa","(Linnaeus, 1766)","US","11","","PRESENT",1,"c3ad790a-d426-4ac1-8e32-da61f81f0117",37.702117,-75.51925,NA,NA,NA,NA,41,0,"2011-04-29",29,4,2011,2409475,2409475,"HUMAN_OBSERVATION","","","",NA,"",NA,"CC0_1_0","","",NA,NA,2025-02-06 18:22:17.875,"","COORDINATE_ROUNDED;GEODETIC_DATUM_INVALID;GEODETIC_DATUM_ASSUMED_WGS84;COUNTRY_DERIVED_FROM_COORDINATES"
1835204990,"aedcba44-1b8c-47e0-ab48-9370e779b6e1","e485cce5-23e6-11e8-a64f-4f26032957e3","Animalia","Chordata",NA,"Pleuronectiformes","Cynoglossidae","Symphurus","Symphurus plagiusa",NA,"SPECIES","Symphurus plagiusa (Linnaeus, 1766)","Symphurus plagiusa","(Linnaeus, 1766)","US","13","","PRESENT",3,"c3ad790a-d426-4ac1-8e32-da61f81f0117",37.020833,-75.861333,NA,NA,NA,NA,26,0,"2009-10-27",27,10,2009,2409475,2409475,"HUMAN_OBSERVATION","","","",NA,"",NA,"CC0_1_0","","",NA,NA,2025-02-06 18:22:18.98,"","COORDINATE_ROUNDED;GEODETIC_DATUM_INVALID;GEODETIC_DATUM_ASSUMED_WGS84;COUNTRY_DERIVED_FROM_COORDINATES"
1835204945,"aedcba44-1b8c-47e0-ab48-9370e779b6e1","e485ccde-23e6-11e8-a64f-4f26032957e3","Animalia","Chordata",NA,"Pleuronectiformes","Cynoglossidae","Symphurus","Symphurus plagiusa",NA,"SPECIES","Symphurus plagiusa (Linnaeus, 1766)","Symphurus plagiusa","(Linnaeus, 1766)","US","13","","PRESENT",5,"c3ad790a-d426-4ac1-8e32-da61f81f0117",36.858167,-75.928167,NA,NA,NA,NA,30,0,"2009-10-28",28,10,2009,2409475,2409475,"HUMAN_OBSERVATION","","","",NA,"",NA,"CC0_1_0","","",NA,NA,2025-02-06 18:22:18.042,"","COORDINATE_ROUNDED;GEODETIC_DATUM_INVALID;GEODETIC_DATUM_ASSUMED_WGS84;COUNTRY_DERIVED_FROM_COORDINATES;CONTINENT_DERIVED_FROM_COORDINATES"
1835204935,"aedcba44-1b8c-47e0-ab48-9370e779b6e1","e4855797-23e6-11e8-a64f-4f26032957e3","Animalia","Chordata",NA,"Pleuronectiformes","Cynoglossidae","Symphurus","Symphurus plagiusa",NA,"SPECIES","Symphurus plagiusa (Linnaeus, 1766)","Symphurus plagiusa","(Linnaeus, 1766)","US","13","","PRESENT",2,"c3ad790a-d426-4ac1-8e32-da61f81f0117",37.102833,-75.777167,NA,NA,NA,NA,31,0,"2009-10-27",27,10,2009,2409475,2409475,"HUMAN_OBSERVATION","","","",NA,"",NA,"CC0_1_0","","",NA,NA,2025-02-06 18:22:18.268,"","COORDINATE_ROUNDED;GEODETIC_DATUM_INVALID;GEODETIC_DATUM_ASSUMED_WGS84;COUNTRY_DERIVED_FROM_COORDINATES"
1835204903,"aedcba44-1b8c-47e0-ab48-9370e779b6e1","e485e066-23e6-11e8-a64f-4f26032957e3","Animalia","Chordata",NA,"Pleuronectiformes","Cynoglossidae","Symphurus","Symphurus plagiusa",NA,"SPECIES","Symphurus plagiusa (Linnaeus, 1766)","Symphurus plagiusa","(Linnaeus, 1766)","US","12","","PRESENT",7,"c3ad790a-d426-4ac1-8e32-da61f81f0117",37.397167,-75.605,NA,NA,NA,NA,38,0,"2009-10-22",22,10,2009,2409475,2409475,"HUMAN_OBSERVATION","","","",NA,"",NA,"CC0_1_0","","",NA,NA,2025-02-06 18:22:19.53,"","COORDINATE_ROUNDED;GEODETIC_DATUM_INVALID;GEODETIC_DATUM_ASSUMED_WGS84;COUNTRY_DERIVED_FROM_COORDINATES"
1835204786,"aedcba44-1b8c-47e0-ab48-9370e779b6e1","e485e06c-23e6-11e8-a64f-4f26032957e3","Animalia","Chordata",NA,"Pleuronectiformes","Cynoglossidae","Symphurus","Symphurus plagiusa",NA,"SPECIES","Symphurus plagiusa (Linnaeus, 1766)","Symphurus plagiusa","(Linnaeus, 1766)","US","11","","PRESENT",2,"c3ad790a-d426-4ac1-8e32-da61f81f0117",37.751717,-75.5074,NA,NA,NA,NA,27,0,"2011-04-30",30,4,2011,2409475,2409475,"HUMAN_OBSERVATION","","","",NA,"",NA,"CC0_1_0","","",NA,NA,2025-02-06 18:22:18.876,"","COORDINATE_ROUNDED;GEODETIC_DATUM_INVALID;GEODETIC_DATUM_ASSUMED_WGS84;COUNTRY_DERIVED_FROM_COORDINATES;CONTINENT_DERIVED_FROM_COORDINATES"
1835203946,"aedcba44-1b8c-47e0-ab48-9370e779b6e1","e485f3f2-23e6-11e8-a64f-4f26032957e3","Animalia","Chordata",NA,"Pleuronectiformes","Cynoglossidae","Symphurus","Symphurus plagiusa",NA,"SPECIES","Symphurus plagiusa (Linnaeus, 1766)","Symphurus plagiusa","(Linnaeus, 1766)","US","11","","PRESENT",22,"c3ad790a-d426-4ac1-8e32-da61f81f0117",37.573167,-75.567,NA,NA,NA,NA,30,0,"2009-10-22",22,10,2009,2409475,2409475,"HUMAN_OBSERVATION","","","",NA,"",NA,"CC0_1_0","","",NA,NA,2025-02-06 18:22:19.429,"","COORDINATE_ROUNDED;GEODETIC_DATUM_INVALID;GEODETIC_DATUM_ASSUMED_WGS84;COUNTRY_DERIVED_FROM_COORDINATES;CONTINENT_DERIVED_FROM_COORDINATES"
1835202881,"aedcba44-1b8c-47e0-ab48-9370e779b6e1","e485579a-23e6-11e8-a64f-4f26032957e3","Animalia","Chordata",NA,"Pleuronectiformes","Cynoglossidae","Symphurus","Symphurus plagiusa",NA,"SPECIES","Symphurus plagiusa (Linnaeus, 1766)","Symphurus plagiusa","(Linnaeus, 1766)","US","13","","PRESENT",2,"c3ad790a-d426-4ac1-8e32-da61f81f0117",36.74815,-75.897617,NA,NA,NA,NA,34,0,"2010-10-24",24,10,2010,2409475,2409475,"HUMAN_OBSERVATION","","","",NA,"",NA,"CC0_1_0","","",NA,NA,2025-02-06 18:22:19.226,"","COORDINATE_ROUNDED;GEODETIC_DATUM_INVALID;GEODETIC_DATUM_ASSUMED_WGS84;COUNTRY_DERIVED_FROM_COORDINATES;CONTINENT_DERIVED_FROM_COORDINATES"
1835202593,"aedcba44-1b8c-47e0-ab48-9370e779b6e1","e4855793-23e6-11e8-a64f-4f26032957e3","Animalia","Chordata",NA,"Pleuronectiformes","Cynoglossidae","Symphurus","Symphurus plagiusa",NA,"SPECIES","Symphurus plagiusa (Linnaeus, 1766)","Symphurus plagiusa","(Linnaeus, 1766)","US","11","","PRESENT",1,"c3ad790a-d426-4ac1-8e32-da61f81f0117",37.65345,-75.507283,NA,NA,NA,NA,38,0,"2010-10-21",21,10,2010,2409475,2409475,"HUMAN_OBSERVATION","","","",NA,"",NA,"CC0_1_0","","",NA,NA,2025-02-06 18:22:17.792,"","COORDINATE_ROUNDED;GEODETIC_DATUM_INVALID;GEODETIC_DATUM_ASSUMED_WGS84;COUNTRY_DERIVED_FROM_COORDINATES"
1835201882,"aedcba44-1b8c-47e0-ab48-9370e779b6e1","e4855799-23e6-11e8-a64f-4f26032957e3","Animalia","Chordata",NA,"Pleuronectiformes","Cynoglossidae","Symphurus","Symphurus plagiusa",NA,"SPECIES","Symphurus plagiusa (Linnaeus, 1766)","Symphurus plagiusa","(Linnaeus, 1766)","US","15","","PRESENT",7,"c3ad790a-d426-4ac1-8e32-da61f81f0117",35.233833,-75.502833,NA,NA,NA,NA,32,0,"2009-04-22",22,4,2009,2409475,2409475,"HUMAN_OBSERVATION","","","",NA,"",NA,"CC0_1_0","","",NA,NA,2025-02-06 18:22:18.161,"","COORDINATE_ROUNDED;GEODETIC_DATUM_INVALID;GEODETIC_DATUM_ASSUMED_WGS84;COUNTRY_DERIVED_FROM_COORDINATES;CONTINENT_DERIVED_FROM_COORDINATES"
1835201630,"aedcba44-1b8c-47e0-ab48-9370e779b6e1","e485cce1-23e6-11e8-a64f-4f26032957e3","Animalia","Chordata",NA,"Pleuronectiformes","Cynoglossidae","Symphurus","Symphurus plagiusa",NA,"SPECIES","Symphurus plagiusa (Linnaeus, 1766)","Symphurus plagiusa","(Linnaeus, 1766)","US","14","","PRESENT",2,"c3ad790a-d426-4ac1-8e32-da61f81f0117",36.119333,-75.677167,NA,NA,NA,NA,57,0,"2009-04-23",23,4,2009,2409475,2409475,"HUMAN_OBSERVATION","","","",NA,"",NA,"CC0_1_0","","",NA,NA,2025-02-06 18:22:18.414,"","COORDINATE_ROUNDED;GEODETIC_DATUM_INVALID;GEODETIC_DATUM_ASSUMED_WGS84;COUNTRY_DERIVED_FROM_COORDINATES;CONTINENT_DERIVED_FROM_COORDINATES"
1835200155,"aedcba44-1b8c-47e0-ab48-9370e779b6e1","e485cce4-23e6-11e8-a64f-4f26032957e3","Animalia","Chordata",NA,"Pleuronectiformes","Cynoglossidae","Symphurus","Symphurus plagiusa",NA,"SPECIES","Symphurus plagiusa (Linnaeus, 1766)","Symphurus plagiusa","(Linnaeus, 1766)","US","13","","PRESENT",1,"c3ad790a-d426-4ac1-8e32-da61f81f0117",36.699883,-75.84795,NA,NA,NA,NA,50,0,"2010-04-23",23,4,2010,2409475,2409475,"HUMAN_OBSERVATION","","","",NA,"",NA,"CC0_1_0","","",NA,NA,2025-02-06 18:22:17.972,"","COORDINATE_ROUNDED;GEODETIC_DATUM_INVALID;GEODETIC_DATUM_ASSUMED_WGS84;COUNTRY_DERIVED_FROM_COORDINATES"
1835199720,"aedcba44-1b8c-47e0-ab48-9370e779b6e1","e4859233-23e6-11e8-a64f-4f26032957e3","Animalia","Chordata",NA,"Pleuronectiformes","Cynoglossidae","Symphurus","Symphurus plagiusa",NA,"SPECIES","Symphurus plagiusa (Linnaeus, 1766)","Symphurus plagiusa","(Linnaeus, 1766)","US","15","","PRESENT",1,"c3ad790a-d426-4ac1-8e32-da61f81f0117",35.777667,-75.400667,NA,NA,NA,NA,60,0,"2008-10-15",15,10,2008,2409475,2409475,"HUMAN_OBSERVATION","","","",NA,"",NA,"CC0_1_0","","",NA,NA,2025-02-06 18:22:19.583,"","COORDINATE_ROUNDED;GEODETIC_DATUM_INVALID;GEODETIC_DATUM_ASSUMED_WGS84;COUNTRY_DERIVED_FROM_COORDINATES"
1835199200,"aedcba44-1b8c-47e0-ab48-9370e779b6e1","e485b954-23e6-11e8-a64f-4f26032957e3","Animalia","Chordata",NA,"Pleuronectiformes","Cynoglossidae","Symphurus","Symphurus plagiusa",NA,"SPECIES","Symphurus plagiusa (Linnaeus, 1766)","Symphurus plagiusa","(Linnaeus, 1766)","US","10","","PRESENT",1,"c3ad790a-d426-4ac1-8e32-da61f81f0117",38.34635,-75.06545,NA,NA,NA,NA,37,0,"2010-04-28",28,4,2010,2409475,2409475,"HUMAN_OBSERVATION","","","",NA,"",NA,"CC0_1_0","","",NA,NA,2025-02-06 18:22:18.397,"","GEODETIC_DATUM_INVALID;GEODETIC_DATUM_ASSUMED_WGS84;COUNTRY_DERIVED_FROM_COORDINATES;CONTINENT_DERIVED_FROM_COORDINATES"
1835198262,"aedcba44-1b8c-47e0-ab48-9370e779b6e1","e4857eaf-23e6-11e8-a64f-4f26032957e3","Animalia","Chordata",NA,"Pleuronectiformes","Cynoglossidae","Symphurus","Symphurus plagiusa",NA,"SPECIES","Symphurus plagiusa (Linnaeus, 1766)","Symphurus plagiusa","(Linnaeus, 1766)","US","14","","PRESENT",3,"c3ad790a-d426-4ac1-8e32-da61f81f0117",36.302,-75.778833,NA,NA,NA,NA,38,0,"2009-10-31",31,10,2009,2409475,2409475,"HUMAN_OBSERVATION","","","",NA,"",NA,"CC0_1_0","","",NA,NA,2025-02-06 18:22:19.169,"","COORDINATE_ROUNDED;GEODETIC_DATUM_INVALID;GEODETIC_DATUM_ASSUMED_WGS84;COUNTRY_DERIVED_FROM_COORDINATES;CONTINENT_DERIVED_FROM_COORDINATES"
1835198238,"aedcba44-1b8c-47e0-ab48-9370e779b6e1","e485a5ba-23e6-11e8-a64f-4f26032957e3","Animalia","Chordata",NA,"Pleuronectiformes","Cynoglossidae","Symphurus","Symphurus plagiusa",NA,"SPECIES","Symphurus plagiusa (Linnaeus, 1766)","Symphurus plagiusa","(Linnaeus, 1766)","US","10","","PRESENT",2,"c3ad790a-d426-4ac1-8e32-da61f81f0117",38.406667,-75.040667,NA,NA,NA,NA,35,0,"2009-10-14",14,10,2009,2409475,2409475,"HUMAN_OBSERVATION","","","",NA,"",NA,"CC0_1_0","","",NA,NA,2025-02-06 18:22:17.736,"","COORDINATE_ROUNDED;GEODETIC_DATUM_INVALID;GEODETIC_DATUM_ASSUMED_WGS84;COUNTRY_DERIVED_FROM_COORDINATES;CONTINENT_DERIVED_FROM_COORDINATES"
1835197733,"aedcba44-1b8c-47e0-ab48-9370e779b6e1","e4857eb0-23e6-11e8-a64f-4f26032957e3","Animalia","Chordata",NA,"Pleuronectiformes","Cynoglossidae","Symphurus","Symphurus plagiusa",NA,"SPECIES","Symphurus plagiusa (Linnaeus, 1766)","Symphurus plagiusa","(Linnaeus, 1766)","US","15","","PRESENT",1,"c3ad790a-d426-4ac1-8e32-da61f81f0117",35.7775,-75.428333,NA,NA,NA,NA,60,0,"2009-10-30",30,10,2009,2409475,2409475,"HUMAN_OBSERVATION","","","",NA,"",NA,"CC0_1_0","","",NA,NA,2025-02-06 18:22:19.767,"","COORDINATE_ROUNDED;GEODETIC_DATUM_INVALID;GEODETIC_DATUM_ASSUMED_WGS84;COUNTRY_DERIVED_FROM_COORDINATES"
1835197676,"aedcba44-1b8c-47e0-ab48-9370e779b6e1","e4856b29-23e6-11e8-a64f-4f26032957e3","Animalia","Chordata",NA,"Pleuronectiformes","Cynoglossidae","Symphurus","Symphurus plagiusa",NA,"SPECIES","Symphurus plagiusa (Linnaeus, 1766)","Symphurus plagiusa","(Linnaeus, 1766)","US","14","","PRESENT",1,"c3ad790a-d426-4ac1-8e32-da61f81f0117",36.347,-75.79,NA,NA,NA,NA,41,0,"2009-10-31",31,10,2009,2409475,2409475,"HUMAN_OBSERVATION","","","",NA,"",NA,"CC0_1_0","","",NA,NA,2025-02-06 18:22:19.38,"","GEODETIC_DATUM_INVALID;GEODETIC_DATUM_ASSUMED_WGS84;COUNTRY_DERIVED_FROM_COORDINATES;CONTINENT_DERIVED_FROM_COORDINATES"
1835197561,"aedcba44-1b8c-47e0-ab48-9370e779b6e1","e4855794-23e6-11e8-a64f-4f26032957e3","Animalia","Chordata",NA,"Pleuronectiformes","Cynoglossidae","Symphurus","Symphurus plagiusa",NA,"SPECIES","Symphurus plagiusa (Linnaeus, 1766)","Symphurus plagiusa","(Linnaeus, 1766)","US","14","","PRESENT",3,"c3ad790a-d426-4ac1-8e32-da61f81f0117",36.197,-75.703,NA,NA,NA,NA,60,0,"2009-10-31",31,10,2009,2409475,2409475,"HUMAN_OBSERVATION","","","",NA,"",NA,"CC0_1_0","","",NA,NA,2025-02-06 18:22:19.367,"","GEODETIC_DATUM_INVALID;GEODETIC_DATUM_ASSUMED_WGS84;COUNTRY_DERIVED_FROM_COORDINATES"
1835197539,"aedcba44-1b8c-47e0-ab48-9370e779b6e1","e4857eae-23e6-11e8-a64f-4f26032957e3","Animalia","Chordata",NA,"Pleuronectiformes","Cynoglossidae","Symphurus","Symphurus plagiusa",NA,"SPECIES","Symphurus plagiusa (Linnaeus, 1766)","Symphurus plagiusa","(Linnaeus, 1766)","US","15","","PRESENT",2,"c3ad790a-d426-4ac1-8e32-da61f81f0117",35.822,-75.522667,NA,NA,NA,NA,43,0,"2009-10-30",30,10,2009,2409475,2409475,"HUMAN_OBSERVATION","","","",NA,"",NA,"CC0_1_0","","",NA,NA,2025-02-06 18:22:19.683,"","COORDINATE_ROUNDED;GEODETIC_DATUM_INVALID;GEODETIC_DATUM_ASSUMED_WGS84;COUNTRY_DERIVED_FROM_COORDINATES;CONTINENT_DERIVED_FROM_COORDINATES"
1835197537,"aedcba44-1b8c-47e0-ab48-9370e779b6e1","e485b956-23e6-11e8-a64f-4f26032957e3","Animalia","Chordata",NA,"Pleuronectiformes","Cynoglossidae","Symphurus","Symphurus plagiusa",NA,"SPECIES","Symphurus plagiusa (Linnaeus, 1766)","Symphurus plagiusa","(Linnaeus, 1766)","US","14","","PRESENT",3,"c3ad790a-d426-4ac1-8e32-da61f81f0117",35.9605,-75.602833,NA,NA,NA,NA,45,0,"2009-10-30",30,10,2009,2409475,2409475,"HUMAN_OBSERVATION","","","",NA,"",NA,"CC0_1_0","","",NA,NA,2025-02-06 18:22:18.83,"","COORDINATE_ROUNDED;GEODETIC_DATUM_INVALID;GEODETIC_DATUM_ASSUMED_WGS84;COUNTRY_DERIVED_FROM_COORDINATES;CONTINENT_DERIVED_FROM_COORDINATES"
1835197476,"aedcba44-1b8c-47e0-ab48-9370e779b6e1","e4856b2a-23e6-11e8-a64f-4f26032957e3","Animalia","Chordata",NA,"Pleuronectiformes","Cynoglossidae","Symphurus","Symphurus plagiusa",NA,"SPECIES","Symphurus plagiusa (Linnaeus, 1766)","Symphurus plagiusa","(Linnaeus, 1766)","US","14","","PRESENT",1,"c3ad790a-d426-4ac1-8e32-da61f81f0117",36.447333,-75.768167,NA,NA,NA,NA,60,0,"2009-10-31",31,10,2009,2409475,2409475,"HUMAN_OBSERVATION","","","",NA,"",NA,"CC0_1_0","","",NA,NA,2025-02-06 18:22:19.761,"","COORDINATE_ROUNDED;GEODETIC_DATUM_INVALID;GEODETIC_DATUM_ASSUMED_WGS84;COUNTRY_DERIVED_FROM_COORDINATES"
1835197462,"aedcba44-1b8c-47e0-ab48-9370e779b6e1","e4859235-23e6-11e8-a64f-4f26032957e3","Animalia","Chordata",NA,"Pleuronectiformes","Cynoglossidae","Symphurus","Symphurus plagiusa",NA,"SPECIES","Symphurus plagiusa (Linnaeus, 1766)","Symphurus plagiusa","(Linnaeus, 1766)","US","14","","PRESENT",2,"c3ad790a-d426-4ac1-8e32-da61f81f0117",36.441167,-75.823333,NA,NA,NA,NA,25,0,"2009-10-31",31,10,2009,2409475,2409475,"HUMAN_OBSERVATION","","","",NA,"",NA,"CC0_1_0","","",NA,NA,2025-02-06 18:22:20.032,"","COORDINATE_ROUNDED;GEODETIC_DATUM_INVALID;GEODETIC_DATUM_ASSUMED_WGS84;COUNTRY_DERIVED_FROM_COORDINATES;CONTINENT_DERIVED_FROM_COORDINATES"
1835197406,"aedcba44-1b8c-47e0-ab48-9370e779b6e1","e4855790-23e6-11e8-a64f-4f26032957e3","Animalia","Chordata",NA,"Pleuronectiformes","Cynoglossidae","Symphurus","Symphurus plagiusa",NA,"SPECIES","Symphurus plagiusa (Linnaeus, 1766)","Symphurus plagiusa","(Linnaeus, 1766)","US","13","","PRESENT",1,"c3ad790a-d426-4ac1-8e32-da61f81f0117",36.683,-75.8795,NA,NA,NA,NA,41,0,"2009-10-28",28,10,2009,2409475,2409475,"HUMAN_OBSERVATION","","","",NA,"",NA,"CC0_1_0","","",NA,NA,2025-02-06 18:22:20.03,"","GEODETIC_DATUM_INVALID;GEODETIC_DATUM_ASSUMED_WGS84;COUNTRY_DERIVED_FROM_COORDINATES;CONTINENT_DERIVED_FROM_COORDINATES"
1835197380,"aedcba44-1b8c-47e0-ab48-9370e779b6e1","e485a5c1-23e6-11e8-a64f-4f26032957e3","Animalia","Chordata",NA,"Pleuronectiformes","Cynoglossidae","Symphurus","Symphurus plagiusa",NA,"SPECIES","Symphurus plagiusa (Linnaeus, 1766)","Symphurus plagiusa","(Linnaeus, 1766)","US","13","","PRESENT",3,"c3ad790a-d426-4ac1-8e32-da61f81f0117",36.792167,-75.871667,NA,NA,NA,NA,45,0,"2009-10-28",28,10,2009,2409475,2409475,"HUMAN_OBSERVATION","","","",NA,"",NA,"CC0_1_0","","",NA,NA,2025-02-06 18:22:19.841,"","COORDINATE_ROUNDED;GEODETIC_DATUM_INVALID;GEODETIC_DATUM_ASSUMED_WGS84;COUNTRY_DERIVED_FROM_COORDINATES"
1835197330,"aedcba44-1b8c-47e0-ab48-9370e779b6e1","e485e069-23e6-11e8-a64f-4f26032957e3","Animalia","Chordata",NA,"Pleuronectiformes","Cynoglossidae","Symphurus","Symphurus plagiusa",NA,"SPECIES","Symphurus plagiusa (Linnaeus, 1766)","Symphurus plagiusa","(Linnaeus, 1766)","US","13","","PRESENT",1,"c3ad790a-d426-4ac1-8e32-da61f81f0117",36.673167,-75.762833,NA,NA,NA,NA,61,0,"2009-10-28",28,10,2009,2409475,2409475,"HUMAN_OBSERVATION","","","",NA,"",NA,"CC0_1_0","","",NA,NA,2025-02-06 18:22:19.739,"","COORDINATE_ROUNDED;GEODETIC_DATUM_INVALID;GEODETIC_DATUM_ASSUMED_WGS84;COUNTRY_DERIVED_FROM_COORDINATES"
1835197311,"aedcba44-1b8c-47e0-ab48-9370e779b6e1","e4857eac-23e6-11e8-a64f-4f26032957e3","Animalia","Chordata",NA,"Pleuronectiformes","Cynoglossidae","Symphurus","Symphurus plagiusa",NA,"SPECIES","Symphurus plagiusa (Linnaeus, 1766)","Symphurus plagiusa","(Linnaeus, 1766)","US","14","","PRESENT",3,"c3ad790a-d426-4ac1-8e32-da61f81f0117",36.402333,-75.801667,NA,NA,NA,NA,39,0,"2009-10-31",31,10,2009,2409475,2409475,"HUMAN_OBSERVATION","","","",NA,"",NA,"CC0_1_0","","",NA,NA,2025-02-06 18:22:19.906,"","COORDINATE_ROUNDED;GEODETIC_DATUM_INVALID;GEODETIC_DATUM_ASSUMED_WGS84;COUNTRY_DERIVED_FROM_COORDINATES;CONTINENT_DERIVED_FROM_COORDINATES"
1835197214,"aedcba44-1b8c-47e0-ab48-9370e779b6e1","e4856b23-23e6-11e8-a64f-4f26032957e3","Animalia","Chordata",NA,"Pleuronectiformes","Cynoglossidae","Symphurus","Symphurus plagiusa",NA,"SPECIES","Symphurus plagiusa (Linnaeus, 1766)","Symphurus plagiusa","(Linnaeus, 1766)","US","13","","PRESENT",1,"c3ad790a-d426-4ac1-8e32-da61f81f0117",37.160833,-75.8025,NA,NA,NA,NA,15,0,"2009-10-27",27,10,2009,2409475,2409475,"HUMAN_OBSERVATION","","","",NA,"",NA,"CC0_1_0","","",NA,NA,2025-02-06 18:22:17.665,"","COORDINATE_ROUNDED;GEODETIC_DATUM_INVALID;GEODETIC_DATUM_ASSUMED_WGS84;COUNTRY_DERIVED_FROM_COORDINATES;CONTINENT_DERIVED_FROM_COORDINATES"
1835197183,"aedcba44-1b8c-47e0-ab48-9370e779b6e1","e485a5be-23e6-11e8-a64f-4f26032957e3","Animalia","Chordata",NA,"Pleuronectiformes","Cynoglossidae","Symphurus","Symphurus plagiusa",NA,"SPECIES","Symphurus plagiusa (Linnaeus, 1766)","Symphurus plagiusa","(Linnaeus, 1766)","US","13","","PRESENT",1,"c3ad790a-d426-4ac1-8e32-da61f81f0117",36.712,-75.771167,NA,NA,NA,NA,40,0,"2009-10-28",28,10,2009,2409475,2409475,"HUMAN_OBSERVATION","","","",NA,"",NA,"CC0_1_0","","",NA,NA,2025-02-06 18:22:17.155,"","COORDINATE_ROUNDED;GEODETIC_DATUM_INVALID;GEODETIC_DATUM_ASSUMED_WGS84;COUNTRY_DERIVED_FROM_COORDINATES"
1835197132,"aedcba44-1b8c-47e0-ab48-9370e779b6e1","e4854410-23e6-11e8-a64f-4f26032957e3","Animalia","Chordata",NA,"Pleuronectiformes","Cynoglossidae","Symphurus","Symphurus plagiusa",NA,"SPECIES","Symphurus plagiusa (Linnaeus, 1766)","Symphurus plagiusa","(Linnaeus, 1766)","US","13","","PRESENT",9,"c3ad790a-d426-4ac1-8e32-da61f81f0117",36.6025,-75.861667,NA,NA,NA,NA,30,0,"2009-10-28",28,10,2009,2409475,2409475,"HUMAN_OBSERVATION","","","",NA,"",NA,"CC0_1_0","","",NA,NA,2025-02-06 18:22:18.894,"","COORDINATE_ROUNDED;GEODETIC_DATUM_INVALID;GEODETIC_DATUM_ASSUMED_WGS84;COUNTRY_DERIVED_FROM_COORDINATES;CONTINENT_DERIVED_FROM_COORDINATES"
1835197071,"aedcba44-1b8c-47e0-ab48-9370e779b6e1","e485f3f0-23e6-11e8-a64f-4f26032957e3","Animalia","Chordata",NA,"Pleuronectiformes","Cynoglossidae","Symphurus","Symphurus plagiusa",NA,"SPECIES","Symphurus plagiusa (Linnaeus, 1766)","Symphurus plagiusa","(Linnaeus, 1766)","US","11","","PRESENT",2,"c3ad790a-d426-4ac1-8e32-da61f81f0117",37.6015,-75.516167,NA,NA,NA,NA,38,0,"2009-10-22",22,10,2009,2409475,2409475,"HUMAN_OBSERVATION","","","",NA,"",NA,"CC0_1_0","","",NA,NA,2025-02-06 18:22:17.557,"","COORDINATE_ROUNDED;GEODETIC_DATUM_INVALID;GEODETIC_DATUM_ASSUMED_WGS84;COUNTRY_DERIVED_FROM_COORDINATES"
1835197046,"aedcba44-1b8c-47e0-ab48-9370e779b6e1","e485a5c3-23e6-11e8-a64f-4f26032957e3","Animalia","Chordata",NA,"Pleuronectiformes","Cynoglossidae","Symphurus","Symphurus plagiusa",NA,"SPECIES","Symphurus plagiusa (Linnaeus, 1766)","Symphurus plagiusa","(Linnaeus, 1766)","US","12","","PRESENT",10,"c3ad790a-d426-4ac1-8e32-da61f81f0117",37.220167,-75.703,NA,NA,NA,NA,32,0,"2009-10-27",27,10,2009,2409475,2409475,"HUMAN_OBSERVATION","","","",NA,"",NA,"CC0_1_0","","",NA,NA,2025-02-06 18:22:19.994,"","COORDINATE_ROUNDED;GEODETIC_DATUM_INVALID;GEODETIC_DATUM_ASSUMED_WGS84;COUNTRY_DERIVED_FROM_COORDINATES"
1835196973,"aedcba44-1b8c-47e0-ab48-9370e779b6e1","e485a5c2-23e6-11e8-a64f-4f26032957e3","Animalia","Chordata",NA,"Pleuronectiformes","Cynoglossidae","Symphurus","Symphurus plagiusa",NA,"SPECIES","Symphurus plagiusa (Linnaeus, 1766)","Symphurus plagiusa","(Linnaeus, 1766)","US","11","","PRESENT",23,"c3ad790a-d426-4ac1-8e32-da61f81f0117",37.898667,-75.246667,NA,NA,NA,NA,43,0,"2009-10-21",21,10,2009,2409475,2409475,"HUMAN_OBSERVATION","","","",NA,"",NA,"CC0_1_0","","",NA,NA,2025-02-06 18:22:20.131,"","COORDINATE_ROUNDED;GEODETIC_DATUM_INVALID;GEODETIC_DATUM_ASSUMED_WGS84;COUNTRY_DERIVED_FROM_COORDINATES"
1835196962,"aedcba44-1b8c-47e0-ab48-9370e779b6e1","e485f3f3-23e6-11e8-a64f-4f26032957e3","Animalia","Chordata",NA,"Pleuronectiformes","Cynoglossidae","Symphurus","Symphurus plagiusa",NA,"SPECIES","Symphurus plagiusa (Linnaeus, 1766)","Symphurus plagiusa","(Linnaeus, 1766)","US","11","","PRESENT",4,"c3ad790a-d426-4ac1-8e32-da61f81f0117",37.8975,-75.306833,NA,NA,NA,NA,30,0,"2009-10-21",21,10,2009,2409475,2409475,"HUMAN_OBSERVATION","","","",NA,"",NA,"CC0_1_0","","",NA,NA,2025-02-06 18:22:19.504,"","COORDINATE_ROUNDED;GEODETIC_DATUM_INVALID;GEODETIC_DATUM_ASSUMED_WGS84;COUNTRY_DERIVED_FROM_COORDINATES;CONTINENT_DERIVED_FROM_COORDINATES"
1835196935,"aedcba44-1b8c-47e0-ab48-9370e779b6e1","e485f3f4-23e6-11e8-a64f-4f26032957e3","Animalia","Chordata",NA,"Pleuronectiformes","Cynoglossidae","Symphurus","Symphurus plagiusa",NA,"SPECIES","Symphurus plagiusa (Linnaeus, 1766)","Symphurus plagiusa","(Linnaeus, 1766)","US","11","","PRESENT",23,"c3ad790a-d426-4ac1-8e32-da61f81f0117",37.597,-75.4585,NA,NA,NA,NA,43,0,"2009-10-21",21,10,2009,2409475,2409475,"HUMAN_OBSERVATION","","","",NA,"",NA,"CC0_1_0","","",NA,NA,2025-02-06 18:22:17.396,"","GEODETIC_DATUM_INVALID;GEODETIC_DATUM_ASSUMED_WGS84;COUNTRY_DERIVED_FROM_COORDINATES"
1835196858,"aedcba44-1b8c-47e0-ab48-9370e779b6e1","e4857eab-23e6-11e8-a64f-4f26032957e3","Animalia","Chordata",NA,"Pleuronectiformes","Cynoglossidae","Symphurus","Symphurus plagiusa",NA,"SPECIES","Symphurus plagiusa (Linnaeus, 1766)","Symphurus plagiusa","(Linnaeus, 1766)","US","11","","PRESENT",9,"c3ad790a-d426-4ac1-8e32-da61f81f0117",37.8565,-75.214167,NA,NA,NA,NA,63,0,"2009-10-21",21,10,2009,2409475,2409475,"HUMAN_OBSERVATION","","","",NA,"",NA,"CC0_1_0","","",NA,NA,2025-02-06 18:22:19.875,"","COORDINATE_ROUNDED;GEODETIC_DATUM_INVALID;GEODETIC_DATUM_ASSUMED_WGS84;COUNTRY_DERIVED_FROM_COORDINATES"
1835196793,"aedcba44-1b8c-47e0-ab48-9370e779b6e1","e485923c-23e6-11e8-a64f-4f26032957e3","Animalia","Chordata",NA,"Pleuronectiformes","Cynoglossidae","Symphurus","Symphurus plagiusa",NA,"SPECIES","Symphurus plagiusa (Linnaeus, 1766)","Symphurus plagiusa","(Linnaeus, 1766)","US","11","","PRESENT",14,"c3ad790a-d426-4ac1-8e32-da61f81f0117",37.829,-75.328833,NA,NA,NA,NA,32,0,"2009-10-21",21,10,2009,2409475,2409475,"HUMAN_OBSERVATION","","","",NA,"",NA,"CC0_1_0","","",NA,NA,2025-02-06 18:22:18.836,"","COORDINATE_ROUNDED;GEODETIC_DATUM_INVALID;GEODETIC_DATUM_ASSUMED_WGS84;COUNTRY_DERIVED_FROM_COORDINATES;CONTINENT_DERIVED_FROM_COORDINATES"
1835196769,"aedcba44-1b8c-47e0-ab48-9370e779b6e1","e485b951-23e6-11e8-a64f-4f26032957e3","Animalia","Chordata",NA,"Pleuronectiformes","Cynoglossidae","Symphurus","Symphurus plagiusa",NA,"SPECIES","Symphurus plagiusa (Linnaeus, 1766)","Symphurus plagiusa","(Linnaeus, 1766)","US","11","","PRESENT",3,"c3ad790a-d426-4ac1-8e32-da61f81f0117",37.554667,-75.581333,NA,NA,NA,NA,21,0,"2009-10-22",22,10,2009,2409475,2409475,"HUMAN_OBSERVATION","","","",NA,"",NA,"CC0_1_0","","",NA,NA,2025-02-06 18:22:19.414,"","COORDINATE_ROUNDED;GEODETIC_DATUM_INVALID;GEODETIC_DATUM_ASSUMED_WGS84;COUNTRY_DERIVED_FROM_COORDINATES;CONTINENT_DERIVED_FROM_COORDINATES"
1835196707,"aedcba44-1b8c-47e0-ab48-9370e779b6e1","e4857ead-23e6-11e8-a64f-4f26032957e3","Animalia","Chordata",NA,"Pleuronectiformes","Cynoglossidae","Symphurus","Symphurus plagiusa",NA,"SPECIES","Symphurus plagiusa (Linnaeus, 1766)","Symphurus plagiusa","(Linnaeus, 1766)","US","10","","PRESENT",1,"c3ad790a-d426-4ac1-8e32-da61f81f0117",38.420667,-74.958333,NA,NA,NA,NA,61,0,"2009-10-14",14,10,2009,2409475,2409475,"HUMAN_OBSERVATION","","","",NA,"",NA,"CC0_1_0","","",NA,NA,2025-02-06 18:22:20.132,"","COORDINATE_ROUNDED;GEODETIC_DATUM_INVALID;GEODETIC_DATUM_ASSUMED_WGS84;COUNTRY_DERIVED_FROM_COORDINATES"
1835196654,"aedcba44-1b8c-47e0-ab48-9370e779b6e1","e485e070-23e6-11e8-a64f-4f26032957e3","Animalia","Chordata",NA,"Pleuronectiformes","Cynoglossidae","Symphurus","Symphurus plagiusa",NA,"SPECIES","Symphurus plagiusa (Linnaeus, 1766)","Symphurus plagiusa","(Linnaeus, 1766)","US","11","","PRESENT",2,"c3ad790a-d426-4ac1-8e32-da61f81f0117",37.796833,-75.380833,NA,NA,NA,NA,40,0,"2008-10-12",12,10,2008,2409475,2409475,"HUMAN_OBSERVATION","","","",NA,"",NA,"CC0_1_0","","",NA,NA,2025-02-06 18:22:19.895,"","COORDINATE_ROUNDED;GEODETIC_DATUM_INVALID;GEODETIC_DATUM_ASSUMED_WGS84;COUNTRY_DERIVED_FROM_COORDINATES"
1835196565,"aedcba44-1b8c-47e0-ab48-9370e779b6e1","e4857eb3-23e6-11e8-a64f-4f26032957e3","Animalia","Chordata",NA,"Pleuronectiformes","Cynoglossidae","Symphurus","Symphurus plagiusa",NA,"SPECIES","Symphurus plagiusa (Linnaeus, 1766)","Symphurus plagiusa","(Linnaeus, 1766)","US","10","","PRESENT",1,"c3ad790a-d426-4ac1-8e32-da61f81f0117",38.197667,-75.087833,NA,NA,NA,NA,52,0,"2009-10-20",20,10,2009,2409475,2409475,"HUMAN_OBSERVATION","","","",NA,"",NA,"CC0_1_0","","",NA,NA,2025-02-06 18:22:19.925,"","COORDINATE_ROUNDED;GEODETIC_DATUM_INVALID;GEODETIC_DATUM_ASSUMED_WGS84;COUNTRY_DERIVED_FROM_COORDINATES"
1835196525,"aedcba44-1b8c-47e0-ab48-9370e779b6e1","e485a5c4-23e6-11e8-a64f-4f26032957e3","Animalia","Chordata",NA,"Pleuronectiformes","Cynoglossidae","Symphurus","Symphurus plagiusa",NA,"SPECIES","Symphurus plagiusa (Linnaeus, 1766)","Symphurus plagiusa","(Linnaeus, 1766)","US","11","","PRESENT",2,"c3ad790a-d426-4ac1-8e32-da61f81f0117",37.8055,-75.482,NA,NA,NA,NA,25,0,"2009-10-21",21,10,2009,2409475,2409475,"HUMAN_OBSERVATION","","","",NA,"",NA,"CC0_1_0","","",NA,NA,2025-02-06 18:22:19.821,"","GEODETIC_DATUM_INVALID;GEODETIC_DATUM_ASSUMED_WGS84;COUNTRY_DERIVED_FROM_COORDINATES;CONTINENT_DERIVED_FROM_COORDINATES"
1835195086,"aedcba44-1b8c-47e0-ab48-9370e779b6e1","e485b94e-23e6-11e8-a64f-4f26032957e3","Animalia","Chordata",NA,"Pleuronectiformes","Cynoglossidae","Symphurus","Symphurus plagiusa",NA,"SPECIES","Symphurus plagiusa (Linnaeus, 1766)","Symphurus plagiusa","(Linnaeus, 1766)","US","15","","PRESENT",3,"c3ad790a-d426-4ac1-8e32-da61f81f0117",35.3415,-75.481167,NA,NA,NA,NA,32,0,"2009-04-22",22,4,2009,2409475,2409475,"HUMAN_OBSERVATION","","","",NA,"",NA,"CC0_1_0","","",NA,NA,2025-02-06 18:22:18.314,"","COORDINATE_ROUNDED;GEODETIC_DATUM_INVALID;GEODETIC_DATUM_ASSUMED_WGS84;COUNTRY_DERIVED_FROM_COORDINATES;CONTINENT_DERIVED_FROM_COORDINATES"
1835194990,"aedcba44-1b8c-47e0-ab48-9370e779b6e1","e485b950-23e6-11e8-a64f-4f26032957e3","Animalia","Chordata",NA,"Pleuronectiformes","Cynoglossidae","Symphurus","Symphurus plagiusa",NA,"SPECIES","Symphurus plagiusa (Linnaeus, 1766)","Symphurus plagiusa","(Linnaeus, 1766)","US","10","","PRESENT",4,"c3ad790a-d426-4ac1-8e32-da61f81f0117",38.221333,-75.126833,NA,NA,NA,NA,33,0,"2008-04-29",29,4,2008,2409475,2409475,"HUMAN_OBSERVATION","","","",NA,"",NA,"CC0_1_0","","",NA,NA,2025-02-06 18:22:19.676,"","COORDINATE_ROUNDED;GEODETIC_DATUM_INVALID;GEODETIC_DATUM_ASSUMED_WGS84;COUNTRY_DERIVED_FROM_COORDINATES;CONTINENT_DERIVED_FROM_COORDINATES"
1835194940,"aedcba44-1b8c-47e0-ab48-9370e779b6e1","e485cce7-23e6-11e8-a64f-4f26032957e3","Animalia","Chordata",NA,"Pleuronectiformes","Cynoglossidae","Symphurus","Symphurus plagiusa",NA,"SPECIES","Symphurus plagiusa (Linnaeus, 1766)","Symphurus plagiusa","(Linnaeus, 1766)","US","11","","PRESENT",1,"c3ad790a-d426-4ac1-8e32-da61f81f0117",37.948333,-75.2585,NA,NA,NA,NA,34,0,"2008-04-29",29,4,2008,2409475,2409475,"HUMAN_OBSERVATION","","","",NA,"",NA,"CC0_1_0","","",NA,NA,2025-02-06 18:22:17.375,"","COORDINATE_ROUNDED;GEODETIC_DATUM_INVALID;GEODETIC_DATUM_ASSUMED_WGS84;COUNTRY_DERIVED_FROM_COORDINATES;CONTINENT_DERIVED_FROM_COORDINATES"
1835194195,"aedcba44-1b8c-47e0-ab48-9370e779b6e1","e485cce3-23e6-11e8-a64f-4f26032957e3","Animalia","Chordata",NA,"Pleuronectiformes","Cynoglossidae","Symphurus","Symphurus plagiusa",NA,"SPECIES","Symphurus plagiusa (Linnaeus, 1766)","Symphurus plagiusa","(Linnaeus, 1766)","US","13","","PRESENT",1,"c3ad790a-d426-4ac1-8e32-da61f81f0117",36.783167,-75.932667,NA,NA,NA,NA,24,0,"2009-04-24",24,4,2009,2409475,2409475,"HUMAN_OBSERVATION","","","",NA,"",NA,"CC0_1_0","","",NA,NA,2025-02-06 18:22:18.005,"","COORDINATE_ROUNDED;GEODETIC_DATUM_INVALID;GEODETIC_DATUM_ASSUMED_WGS84;COUNTRY_DERIVED_FROM_COORDINATES;CONTINENT_DERIVED_FROM_COORDINATES"
1835194051,"aedcba44-1b8c-47e0-ab48-9370e779b6e1","e4854411-23e6-11e8-a64f-4f26032957e3","Animalia","Chordata",NA,"Pleuronectiformes","Cynoglossidae","Symphurus","Symphurus plagiusa",NA,"SPECIES","Symphurus plagiusa (Linnaeus, 1766)","Symphurus plagiusa","(Linnaeus, 1766)","US","12","","PRESENT",1,"c3ad790a-d426-4ac1-8e32-da61f81f0117",37.3715,-75.652,NA,NA,NA,NA,23,0,"2009-04-25",25,4,2009,2409475,2409475,"HUMAN_OBSERVATION","","","",NA,"",NA,"CC0_1_0","","",NA,NA,2025-02-06 18:22:18.103,"","GEODETIC_DATUM_INVALID;GEODETIC_DATUM_ASSUMED_WGS84;COUNTRY_DERIVED_FROM_COORDINATES"
1835193966,"aedcba44-1b8c-47e0-ab48-9370e779b6e1","e485ccdf-23e6-11e8-a64f-4f26032957e3","Animalia","Chordata",NA,"Pleuronectiformes","Cynoglossidae","Symphurus","Symphurus plagiusa",NA,"SPECIES","Symphurus plagiusa (Linnaeus, 1766)","Symphurus plagiusa","(Linnaeus, 1766)","US","11","","PRESENT",1,"c3ad790a-d426-4ac1-8e32-da61f81f0117",37.768,-75.344833,NA,NA,NA,NA,41,0,"2009-04-26",26,4,2009,2409475,2409475,"HUMAN_OBSERVATION","","","",NA,"",NA,"CC0_1_0","","",NA,NA,2025-02-06 18:22:19.649,"","COORDINATE_ROUNDED;GEODETIC_DATUM_INVALID;GEODETIC_DATUM_ASSUMED_WGS84;COUNTRY_DERIVED_FROM_COORDINATES"
1835193870,"aedcba44-1b8c-47e0-ab48-9370e779b6e1","e485923a-23e6-11e8-a64f-4f26032957e3","Animalia","Chordata",NA,"Pleuronectiformes","Cynoglossidae","Symphurus","Symphurus plagiusa",NA,"SPECIES","Symphurus plagiusa (Linnaeus, 1766)","Symphurus plagiusa","(Linnaeus, 1766)","US","11","","PRESENT",4,"c3ad790a-d426-4ac1-8e32-da61f81f0117",37.766167,-75.505667,NA,NA,NA,NA,27,0,"2009-04-26",26,4,2009,2409475,2409475,"HUMAN_OBSERVATION","","","",NA,"",NA,"CC0_1_0","","",NA,NA,2025-02-06 18:22:18.417,"","COORDINATE_ROUNDED;GEODETIC_DATUM_INVALID;GEODETIC_DATUM_ASSUMED_WGS84;COUNTRY_DERIVED_FROM_COORDINATES;CONTINENT_DERIVED_FROM_COORDINATES"
1835193835,"aedcba44-1b8c-47e0-ab48-9370e779b6e1","e4859239-23e6-11e8-a64f-4f26032957e3","Animalia","Chordata",NA,"Pleuronectiformes","Cynoglossidae","Symphurus","Symphurus plagiusa",NA,"SPECIES","Symphurus plagiusa (Linnaeus, 1766)","Symphurus plagiusa","(Linnaeus, 1766)","US","11","","PRESENT",6,"c3ad790a-d426-4ac1-8e32-da61f81f0117",37.778167,-75.503667,NA,NA,NA,NA,26,0,"2009-04-26",26,4,2009,2409475,2409475,"HUMAN_OBSERVATION","","","",NA,"",NA,"CC0_1_0","","",NA,NA,2025-02-06 18:22:19.265,"","COORDINATE_ROUNDED;GEODETIC_DATUM_INVALID;GEODETIC_DATUM_ASSUMED_WGS84;COUNTRY_DERIVED_FROM_COORDINATES;CONTINENT_DERIVED_FROM_COORDINATES"
1835193695,"aedcba44-1b8c-47e0-ab48-9370e779b6e1","e4855791-23e6-11e8-a64f-4f26032957e3","Animalia","Chordata",NA,"Pleuronectiformes","Cynoglossidae","Symphurus","Symphurus plagiusa",NA,"SPECIES","Symphurus plagiusa (Linnaeus, 1766)","Symphurus plagiusa","(Linnaeus, 1766)","US","11","","PRESENT",6,"c3ad790a-d426-4ac1-8e32-da61f81f0117",37.8135,-75.476333,NA,NA,NA,NA,18,0,"2009-04-26",26,4,2009,2409475,2409475,"HUMAN_OBSERVATION","","","",NA,"",NA,"CC0_1_0","","",NA,NA,2025-02-06 18:22:20.084,"","COORDINATE_ROUNDED;GEODETIC_DATUM_INVALID;GEODETIC_DATUM_ASSUMED_WGS84;COUNTRY_DERIVED_FROM_COORDINATES;CONTINENT_DERIVED_FROM_COORDINATES"
1835193658,"aedcba44-1b8c-47e0-ab48-9370e779b6e1","e485e06f-23e6-11e8-a64f-4f26032957e3","Animalia","Chordata",NA,"Pleuronectiformes","Cynoglossidae","Symphurus","Symphurus plagiusa",NA,"SPECIES","Symphurus plagiusa (Linnaeus, 1766)","Symphurus plagiusa","(Linnaeus, 1766)","US","10","","PRESENT",1,"c3ad790a-d426-4ac1-8e32-da61f81f0117",38.347,-75.064833,NA,NA,NA,NA,26,0,"2009-04-28",28,4,2009,2409475,2409475,"HUMAN_OBSERVATION","","","",NA,"",NA,"CC0_1_0","","",NA,NA,2025-02-06 18:22:18.277,"","COORDINATE_ROUNDED;GEODETIC_DATUM_INVALID;GEODETIC_DATUM_ASSUMED_WGS84;COUNTRY_DERIVED_FROM_COORDINATES;CONTINENT_DERIVED_FROM_COORDINATES"
1835191403,"aedcba44-1b8c-47e0-ab48-9370e779b6e1","e485a5c0-23e6-11e8-a64f-4f26032957e3","Animalia","Chordata",NA,"Pleuronectiformes","Cynoglossidae","Symphurus","Symphurus plagiusa",NA,"SPECIES","Symphurus plagiusa (Linnaeus, 1766)","Symphurus plagiusa","(Linnaeus, 1766)","US","13","","PRESENT",11,"c3ad790a-d426-4ac1-8e32-da61f81f0117",36.804,-75.8905,NA,NA,NA,NA,35,0,"2008-10-16",16,10,2008,2409475,2409475,"HUMAN_OBSERVATION","","","",NA,"",NA,"CC0_1_0","","",NA,NA,2025-02-06 18:22:19.898,"","GEODETIC_DATUM_INVALID;GEODETIC_DATUM_ASSUMED_WGS84;COUNTRY_DERIVED_FROM_COORDINATES"
1835191394,"aedcba44-1b8c-47e0-ab48-9370e779b6e1","e4859232-23e6-11e8-a64f-4f26032957e3","Animalia","Chordata",NA,"Pleuronectiformes","Cynoglossidae","Symphurus","Symphurus plagiusa",NA,"SPECIES","Symphurus plagiusa (Linnaeus, 1766)","Symphurus plagiusa","(Linnaeus, 1766)","US","13","","PRESENT",1,"c3ad790a-d426-4ac1-8e32-da61f81f0117",36.629833,-75.824833,NA,NA,NA,NA,48,0,"2008-10-16",16,10,2008,2409475,2409475,"HUMAN_OBSERVATION","","","",NA,"",NA,"CC0_1_0","","",NA,NA,2025-02-06 18:22:18.853,"","COORDINATE_ROUNDED;GEODETIC_DATUM_INVALID;GEODETIC_DATUM_ASSUMED_WGS84;COUNTRY_DERIVED_FROM_COORDINATES"
1835191305,"aedcba44-1b8c-47e0-ab48-9370e779b6e1","e485f3f1-23e6-11e8-a64f-4f26032957e3","Animalia","Chordata",NA,"Pleuronectiformes","Cynoglossidae","Symphurus","Symphurus plagiusa",NA,"SPECIES","Symphurus plagiusa (Linnaeus, 1766)","Symphurus plagiusa","(Linnaeus, 1766)","US","13","","PRESENT",1,"c3ad790a-d426-4ac1-8e32-da61f81f0117",36.549667,-75.775,NA,NA,NA,NA,53,0,"2008-10-16",16,10,2008,2409475,2409475,"HUMAN_OBSERVATION","","","",NA,"",NA,"CC0_1_0","","",NA,NA,2025-02-06 18:22:19.765,"","COORDINATE_ROUNDED;GEODETIC_DATUM_INVALID;GEODETIC_DATUM_ASSUMED_WGS84;COUNTRY_DERIVED_FROM_COORDINATES"
1835191104,"aedcba44-1b8c-47e0-ab48-9370e779b6e1","e485cce6-23e6-11e8-a64f-4f26032957e3","Animalia","Chordata",NA,"Pleuronectiformes","Cynoglossidae","Symphurus","Symphurus plagiusa",NA,"SPECIES","Symphurus plagiusa (Linnaeus, 1766)","Symphurus plagiusa","(Linnaeus, 1766)","US","12","","PRESENT",6,"c3ad790a-d426-4ac1-8e32-da61f81f0117",37.321833,-75.6305,NA,NA,NA,NA,41,0,"2008-10-13",13,10,2008,2409475,2409475,"HUMAN_OBSERVATION","","","",NA,"",NA,"CC0_1_0","","",NA,NA,2025-02-06 18:22:19.829,"","COORDINATE_ROUNDED;GEODETIC_DATUM_INVALID;GEODETIC_DATUM_ASSUMED_WGS84;COUNTRY_DERIVED_FROM_COORDINATES"
1835190930,"aedcba44-1b8c-47e0-ab48-9370e779b6e1","e4859236-23e6-11e8-a64f-4f26032957e3","Animalia","Chordata",NA,"Pleuronectiformes","Cynoglossidae","Symphurus","Symphurus plagiusa",NA,"SPECIES","Symphurus plagiusa (Linnaeus, 1766)","Symphurus plagiusa","(Linnaeus, 1766)","US","11","","PRESENT",4,"c3ad790a-d426-4ac1-8e32-da61f81f0117",37.6965,-75.526833,NA,NA,NA,NA,36,0,"2008-10-13",13,10,2008,2409475,2409475,"HUMAN_OBSERVATION","","","",NA,"",NA,"CC0_1_0","","",NA,NA,2025-02-06 18:22:19.981,"","COORDINATE_ROUNDED;GEODETIC_DATUM_INVALID;GEODETIC_DATUM_ASSUMED_WGS84;COUNTRY_DERIVED_FROM_COORDINATES;CONTINENT_DERIVED_FROM_COORDINATES"
1835190765,"aedcba44-1b8c-47e0-ab48-9370e779b6e1","e485f3ee-23e6-11e8-a64f-4f26032957e3","Animalia","Chordata",NA,"Pleuronectiformes","Cynoglossidae","Symphurus","Symphurus plagiusa",NA,"SPECIES","Symphurus plagiusa (Linnaeus, 1766)","Symphurus plagiusa","(Linnaeus, 1766)","US","11","","PRESENT",12,"c3ad790a-d426-4ac1-8e32-da61f81f0117",37.780333,-75.5005,NA,NA,NA,NA,30,0,"2008-10-13",13,10,2008,2409475,2409475,"HUMAN_OBSERVATION","","","",NA,"",NA,"CC0_1_0","","",NA,NA,2025-02-06 18:22:17.981,"","COORDINATE_ROUNDED;GEODETIC_DATUM_INVALID;GEODETIC_DATUM_ASSUMED_WGS84;COUNTRY_DERIVED_FROM_COORDINATES;CONTINENT_DERIVED_FROM_COORDINATES"
1835190688,"aedcba44-1b8c-47e0-ab48-9370e779b6e1","e485b953-23e6-11e8-a64f-4f26032957e3","Animalia","Chordata",NA,"Pleuronectiformes","Cynoglossidae","Symphurus","Symphurus plagiusa",NA,"SPECIES","Symphurus plagiusa (Linnaeus, 1766)","Symphurus plagiusa","(Linnaeus, 1766)","US","11","","PRESENT",15,"c3ad790a-d426-4ac1-8e32-da61f81f0117",37.565333,-75.567667,NA,NA,NA,NA,32,0,"2008-10-13",13,10,2008,2409475,2409475,"HUMAN_OBSERVATION","","","",NA,"",NA,"CC0_1_0","","",NA,NA,2025-02-06 18:22:17.86,"","COORDINATE_ROUNDED;GEODETIC_DATUM_INVALID;GEODETIC_DATUM_ASSUMED_WGS84;COUNTRY_DERIVED_FROM_COORDINATES;CONTINENT_DERIVED_FROM_COORDINATES"
1835190553,"aedcba44-1b8c-47e0-ab48-9370e779b6e1","e4857eb4-23e6-11e8-a64f-4f26032957e3","Animalia","Chordata",NA,"Pleuronectiformes","Cynoglossidae","Symphurus","Symphurus plagiusa",NA,"SPECIES","Symphurus plagiusa (Linnaeus, 1766)","Symphurus plagiusa","(Linnaeus, 1766)","US","10","","PRESENT",1,"c3ad790a-d426-4ac1-8e32-da61f81f0117",38.048,-75.202667,NA,NA,NA,NA,31,0,"2008-10-12",12,10,2008,2409475,2409475,"HUMAN_OBSERVATION","","","",NA,"",NA,"CC0_1_0","","",NA,NA,2025-02-06 18:22:19.899,"","COORDINATE_ROUNDED;GEODETIC_DATUM_INVALID;GEODETIC_DATUM_ASSUMED_WGS84;COUNTRY_DERIVED_FROM_COORDINATES;CONTINENT_DERIVED_FROM_COORDINATES"
1835188619,"aedcba44-1b8c-47e0-ab48-9370e779b6e1","e4856b25-23e6-11e8-a64f-4f26032957e3","Animalia","Chordata",NA,"Pleuronectiformes","Cynoglossidae","Symphurus","Symphurus plagiusa",NA,"SPECIES","Symphurus plagiusa (Linnaeus, 1766)","Symphurus plagiusa","(Linnaeus, 1766)","US","15","","PRESENT",1,"c3ad790a-d426-4ac1-8e32-da61f81f0117",35.7515,-75.477,NA,NA,NA,NA,70,0,"2008-04-25",25,4,2008,2409475,2409475,"HUMAN_OBSERVATION","","","",NA,"",NA,"CC0_1_0","","",NA,NA,2025-02-06 18:22:18.928,"","GEODETIC_DATUM_INVALID;GEODETIC_DATUM_ASSUMED_WGS84;COUNTRY_DERIVED_FROM_COORDINATES;CONTINENT_DERIVED_FROM_COORDINATES"
1835187947,"aedcba44-1b8c-47e0-ab48-9370e779b6e1","e4855798-23e6-11e8-a64f-4f26032957e3","Animalia","Chordata",NA,"Pleuronectiformes","Cynoglossidae","Symphurus","Symphurus plagiusa",NA,"SPECIES","Symphurus plagiusa (Linnaeus, 1766)","Symphurus plagiusa","(Linnaeus, 1766)","US","11","","PRESENT",11,"c3ad790a-d426-4ac1-8e32-da61f81f0117",37.779167,-75.458333,NA,NA,NA,NA,38,0,"2008-04-29",29,4,2008,2409475,2409475,"HUMAN_OBSERVATION","","","",NA,"",NA,"CC0_1_0","","",NA,NA,2025-02-06 18:22:18.947,"","COORDINATE_ROUNDED;GEODETIC_DATUM_INVALID;GEODETIC_DATUM_ASSUMED_WGS84;COUNTRY_DERIVED_FROM_COORDINATES"
1835187779,"aedcba44-1b8c-47e0-ab48-9370e779b6e1","e4857eb1-23e6-11e8-a64f-4f26032957e3","Animalia","Chordata",NA,"Pleuronectiformes","Cynoglossidae","Symphurus","Symphurus plagiusa",NA,"SPECIES","Symphurus plagiusa (Linnaeus, 1766)","Symphurus plagiusa","(Linnaeus, 1766)","US","11","","PRESENT",136,"c3ad790a-d426-4ac1-8e32-da61f81f0117",37.831,-75.419167,NA,NA,NA,NA,25,0,"2008-04-29",29,4,2008,2409475,2409475,"HUMAN_OBSERVATION","","","",NA,"",NA,"CC0_1_0","","",NA,NA,2025-02-06 18:22:18.989,"","COORDINATE_ROUNDED;GEODETIC_DATUM_INVALID;GEODETIC_DATUM_ASSUMED_WGS84;COUNTRY_DERIVED_FROM_COORDINATES;CONTINENT_DERIVED_FROM_COORDINATES"
1835186875,"aedcba44-1b8c-47e0-ab48-9370e779b6e1","e4855792-23e6-11e8-a64f-4f26032957e3","Animalia","Chordata",NA,"Pleuronectiformes","Cynoglossidae","Symphurus","Symphurus plagiusa",NA,"SPECIES","Symphurus plagiusa (Linnaeus, 1766)","Symphurus plagiusa","(Linnaeus, 1766)","US","11","","PRESENT",1,"c3ad790a-d426-4ac1-8e32-da61f81f0117",37.876,-75.325667,NA,NA,NA,NA,20,0,"2007-10-10",10,10,2007,2409475,2409475,"HUMAN_OBSERVATION","","","",NA,"",NA,"CC0_1_0","","",NA,NA,2025-02-06 18:22:19.885,"","COORDINATE_ROUNDED;GEODETIC_DATUM_INVALID;GEODETIC_DATUM_ASSUMED_WGS84;COUNTRY_DERIVED_FROM_COORDINATES;CONTINENT_DERIVED_FROM_COORDINATES"
1835185446,"aedcba44-1b8c-47e0-ab48-9370e779b6e1","e485a5bd-23e6-11e8-a64f-4f26032957e3","Animalia","Chordata",NA,"Pleuronectiformes","Cynoglossidae","Symphurus","Symphurus plagiusa",NA,"SPECIES","Symphurus plagiusa (Linnaeus, 1766)","Symphurus plagiusa","(Linnaeus, 1766)","US","11","","PRESENT",2,"c3ad790a-d426-4ac1-8e32-da61f81f0117",37.804333,-75.381167,NA,NA,NA,NA,NA,NA,"2007-10-11",11,10,2007,2409475,2409475,"HUMAN_OBSERVATION","","","",NA,"",NA,"CC0_1_0","","",NA,NA,2025-02-06 18:22:19.549,"","COORDINATE_ROUNDED;GEODETIC_DATUM_INVALID;GEODETIC_DATUM_ASSUMED_WGS84;COUNTRY_DERIVED_FROM_COORDINATES"
1316077310,"aa1d8785-b68f-4000-8b5c-f3545b3132bc","1100023565","Animalia","Chordata",NA,"Pleuronectiformes","Cynoglossidae","Symphurus","Symphurus plagiusa",NA,"SPECIES","Symphurus plagiusa (Linnaeus, 1766)","Symphurus plagiusa","","US","05","Va","PRESENT",1,"c3ad790a-d426-4ac1-8e32-da61f81f0117",37.159183,-76.104467,NA,NA,NA,NA,25.1,0,"2013-07-08T18:24:17",8,7,2013,2409475,2409475,"HUMAN_OBSERVATION","VIMS","ChesMMAP","",NA,"",2013-07-08,"CC0_1_0","","McOmber, E",NA,NA,2025-02-01 00:08:28.954,"","COORDINATE_ROUNDED;GEODETIC_DATUM_INVALID;GEODETIC_DATUM_ASSUMED_WGS84;OCCURRENCE_STATUS_UNPARSABLE;OCCURRENCE_STATUS_INFERRED_FROM_INDIVIDUAL_COUNT"
1316075627,"aa1d8785-b68f-4000-8b5c-f3545b3132bc","1100021905","Animalia","Chordata",NA,"Pleuronectiformes","Cynoglossidae","Symphurus","Symphurus plagiusa",NA,"SPECIES","Symphurus plagiusa (Linnaeus, 1766)","Symphurus plagiusa","","US","05","Va","PRESENT",1,"c3ad790a-d426-4ac1-8e32-da61f81f0117",36.975783,-76.152,NA,NA,NA,NA,27,0,"2012-07-09T11:29:37",9,7,2012,2409475,2409475,"HUMAN_OBSERVATION","VIMS","ChesMMAP","",NA,"",2012-07-09,"CC0_1_0","","Mcomber",NA,NA,2025-02-01 00:08:27.243,"","COORDINATE_ROUNDED;GEODETIC_DATUM_INVALID;GEODETIC_DATUM_ASSUMED_WGS84;OCCURRENCE_STATUS_UNPARSABLE;OCCURRENCE_STATUS_INFERRED_FROM_INDIVIDUAL_COUNT"
1316072062,"aa1d8785-b68f-4000-8b5c-f3545b3132bc","1100018303","Animalia","Chordata",NA,"Pleuronectiformes","Cynoglossidae","Symphurus","Symphurus plagiusa",NA,"SPECIES","Symphurus plagiusa (Linnaeus, 1766)","Symphurus plagiusa","","US","05","Va","PRESENT",1,"c3ad790a-d426-4ac1-8e32-da61f81f0117",37.19275,-76.162167,NA,NA,NA,NA,32,0,"2010-08-31T19:19",31,8,2010,2409475,2409475,"HUMAN_OBSERVATION","VIMS","ChesMMAP","",NA,"",2010-08-31,"CC0_1_0","","Johnson",NA,NA,2025-02-01 00:08:27.298,"","COORDINATE_ROUNDED;GEODETIC_DATUM_INVALID;GEODETIC_DATUM_ASSUMED_WGS84;OCCURRENCE_STATUS_UNPARSABLE;OCCURRENCE_STATUS_INFERRED_FROM_INDIVIDUAL_COUNT"
1316070169,"aa1d8785-b68f-4000-8b5c-f3545b3132bc","1100016347","Animalia","Chordata",NA,"Pleuronectiformes","Cynoglossidae","Symphurus","Symphurus plagiusa",NA,"SPECIES","Symphurus plagiusa (Linnaeus, 1766)","Symphurus plagiusa","","US","04","Va","PRESENT",1,"c3ad790a-d426-4ac1-8e32-da61f81f0117",37.5075,-76.1595,NA,NA,NA,NA,34,0,"2009-11-08T16:24",8,11,2009,2409475,2409475,"HUMAN_OBSERVATION","VIMS","ChesMMAP","",NA,"",2009-11-08,"CC0_1_0","","JOHNSON",NA,NA,2025-02-01 00:08:25.456,"","GEODETIC_DATUM_INVALID;GEODETIC_DATUM_ASSUMED_WGS84;OCCURRENCE_STATUS_UNPARSABLE;OCCURRENCE_STATUS_INFERRED_FROM_INDIVIDUAL_COUNT"
1316069718,"aa1d8785-b68f-4000-8b5c-f3545b3132bc","1100015865","Animalia","Chordata",NA,"Pleuronectiformes","Cynoglossidae","Symphurus","Symphurus plagiusa",NA,"SPECIES","Symphurus plagiusa (Linnaeus, 1766)","Symphurus plagiusa","","US","05","Va","PRESENT",1,"c3ad790a-d426-4ac1-8e32-da61f81f0117",37.056833,-76.185,NA,NA,NA,NA,23,0,"2009-09-12T13:38",12,9,2009,2409475,2409475,"HUMAN_OBSERVATION","VIMS","ChesMMAP","",NA,"",2009-09-12,"CC0_1_0","","JOHNSON",NA,NA,2025-02-01 00:08:27.706,"","COORDINATE_ROUNDED;GEODETIC_DATUM_INVALID;GEODETIC_DATUM_ASSUMED_WGS84;OCCURRENCE_STATUS_UNPARSABLE;OCCURRENCE_STATUS_INFERRED_FROM_INDIVIDUAL_COUNT"
1316069493,"aa1d8785-b68f-4000-8b5c-f3545b3132bc","1100015680","Animalia","Chordata",NA,"Pleuronectiformes","Cynoglossidae","Symphurus","Symphurus plagiusa",NA,"SPECIES","Symphurus plagiusa (Linnaeus, 1766)","Symphurus plagiusa","","US","04","Va","PRESENT",1,"c3ad790a-d426-4ac1-8e32-da61f81f0117",37.690667,-76.144833,NA,NA,NA,NA,40,0,"2009-09-05T14:32",5,9,2009,2409475,2409475,"HUMAN_OBSERVATION","VIMS","ChesMMAP","",NA,"",2009-09-05,"CC0_1_0","","JOHNSON",NA,NA,2025-02-01 00:08:28.099,"","COORDINATE_ROUNDED;GEODETIC_DATUM_INVALID;GEODETIC_DATUM_ASSUMED_WGS84;OCCURRENCE_STATUS_UNPARSABLE;OCCURRENCE_STATUS_INFERRED_FROM_INDIVIDUAL_COUNT"
1316069179,"aa1d8785-b68f-4000-8b5c-f3545b3132bc","1100015301","Animalia","Chordata",NA,"Pleuronectiformes","Cynoglossidae","Symphurus","Symphurus plagiusa",NA,"SPECIES","Symphurus plagiusa (Linnaeus, 1766)","Symphurus plagiusa","","US","05","Va","PRESENT",11,"c3ad790a-d426-4ac1-8e32-da61f81f0117",37.092833,-76.204333,NA,NA,NA,NA,24,0,"2009-07-14T16:40",14,7,2009,2409475,2409475,"HUMAN_OBSERVATION","VIMS","ChesMMAP","",NA,"",2009-07-14,"CC0_1_0","","JOHNSON",NA,NA,2025-02-01 00:08:28.722,"","COORDINATE_ROUNDED;GEODETIC_DATUM_INVALID;GEODETIC_DATUM_ASSUMED_WGS84;OCCURRENCE_STATUS_UNPARSABLE;OCCURRENCE_STATUS_INFERRED_FROM_INDIVIDUAL_COUNT"
1316069054,"aa1d8785-b68f-4000-8b5c-f3545b3132bc","1100015186","Animalia","Chordata",NA,"Pleuronectiformes","Cynoglossidae","Symphurus","Symphurus plagiusa",NA,"SPECIES","Symphurus plagiusa (Linnaeus, 1766)","Symphurus plagiusa","","US","04","Va","PRESENT",1,"c3ad790a-d426-4ac1-8e32-da61f81f0117",37.507167,-76.036333,NA,NA,NA,NA,53,0,"2009-07-20T15:06",20,7,2009,2409475,2409475,"HUMAN_OBSERVATION","VIMS","ChesMMAP","",NA,"",2009-07-20,"CC0_1_0","","JOHNSON",NA,NA,2025-02-01 00:08:28.722,"","COORDINATE_ROUNDED;GEODETIC_DATUM_INVALID;GEODETIC_DATUM_ASSUMED_WGS84;OCCURRENCE_STATUS_UNPARSABLE;OCCURRENCE_STATUS_INFERRED_FROM_INDIVIDUAL_COUNT"
1316068351,"aa1d8785-b68f-4000-8b5c-f3545b3132bc","1100014470","Animalia","Chordata",NA,"Pleuronectiformes","Cynoglossidae","Symphurus","Symphurus plagiusa",NA,"SPECIES","Symphurus plagiusa (Linnaeus, 1766)","Symphurus plagiusa","","US","04","Va","PRESENT",1,"c3ad790a-d426-4ac1-8e32-da61f81f0117",37.6745,-76.199167,NA,NA,NA,NA,43,0,"2008-11-03T06:33",3,11,2008,2409475,2409475,"HUMAN_OBSERVATION","VIMS","ChesMMAP","",NA,"",2008-11-03,"CC0_1_0","","JOHNSON",NA,NA,2025-02-01 00:08:27.91,"","COORDINATE_ROUNDED;GEODETIC_DATUM_INVALID;GEODETIC_DATUM_ASSUMED_WGS84;OCCURRENCE_STATUS_UNPARSABLE;OCCURRENCE_STATUS_INFERRED_FROM_INDIVIDUAL_COUNT"
1316066769,"aa1d8785-b68f-4000-8b5c-f3545b3132bc","1100012863","Animalia","Chordata",NA,"Pleuronectiformes","Cynoglossidae","Symphurus","Symphurus plagiusa",NA,"SPECIES","Symphurus plagiusa (Linnaeus, 1766)","Symphurus plagiusa","","US","05","Va","PRESENT",3,"c3ad790a-d426-4ac1-8e32-da61f81f0117",37.372167,-76.149667,NA,NA,NA,NA,41,0,"2008-03-17T17:46",17,3,2008,2409475,2409475,"HUMAN_OBSERVATION","VIMS","ChesMMAP","",NA,"",2008-03-17,"CC0_1_0","","JOHNSON",NA,NA,2025-02-01 00:08:28.902,"","COORDINATE_ROUNDED;GEODETIC_DATUM_INVALID;GEODETIC_DATUM_ASSUMED_WGS84;OCCURRENCE_STATUS_UNPARSABLE;OCCURRENCE_STATUS_INFERRED_FROM_INDIVIDUAL_COUNT"
1316066763,"aa1d8785-b68f-4000-8b5c-f3545b3132bc","1100012912","Animalia","Chordata",NA,"Pleuronectiformes","Cynoglossidae","Symphurus","Symphurus plagiusa",NA,"SPECIES","Symphurus plagiusa (Linnaeus, 1766)","Symphurus plagiusa","","US","05","Va","PRESENT",8,"c3ad790a-d426-4ac1-8e32-da61f81f0117",37.259667,-76.093,NA,NA,NA,NA,60,0,"2008-03-25T11:28",25,3,2008,2409475,2409475,"HUMAN_OBSERVATION","VIMS","ChesMMAP","",NA,"",2008-03-25,"CC0_1_0","","JOHNSON",NA,NA,2025-02-01 00:08:32.803,"","COORDINATE_ROUNDED;GEODETIC_DATUM_INVALID;GEODETIC_DATUM_ASSUMED_WGS84;OCCURRENCE_STATUS_UNPARSABLE;OCCURRENCE_STATUS_INFERRED_FROM_INDIVIDUAL_COUNT"
1316066632,"aa1d8785-b68f-4000-8b5c-f3545b3132bc","1100012755","Animalia","Chordata",NA,"Pleuronectiformes","Cynoglossidae","Symphurus","Symphurus plagiusa",NA,"SPECIES","Symphurus plagiusa (Linnaeus, 1766)","Symphurus plagiusa","","US","04","Va","PRESENT",1,"c3ad790a-d426-4ac1-8e32-da61f81f0117",37.460333,-76.183667,NA,NA,NA,NA,35,0,"2008-03-17T18:46",17,3,2008,2409475,2409475,"HUMAN_OBSERVATION","VIMS","ChesMMAP","",NA,"",2008-03-17,"CC0_1_0","","JOHNSON",NA,NA,2025-02-01 00:08:29.099,"","COORDINATE_ROUNDED;GEODETIC_DATUM_INVALID;GEODETIC_DATUM_ASSUMED_WGS84;OCCURRENCE_STATUS_UNPARSABLE;OCCURRENCE_STATUS_INFERRED_FROM_INDIVIDUAL_COUNT"
1316066544,"aa1d8785-b68f-4000-8b5c-f3545b3132bc","1100012701","Animalia","Chordata",NA,"Pleuronectiformes","Cynoglossidae","Symphurus","Symphurus plagiusa",NA,"SPECIES","Symphurus plagiusa (Linnaeus, 1766)","Symphurus plagiusa","","US","03","Md","PRESENT",1,"c3ad790a-d426-4ac1-8e32-da61f81f0117",37.994667,-76.203333,NA,NA,NA,NA,85,0,"2008-03-18T12:08",18,3,2008,2409475,2409475,"HUMAN_OBSERVATION","VIMS","ChesMMAP","",NA,"",2008-03-18,"CC0_1_0","","JOHNSON",NA,NA,2025-02-01 00:08:29.161,"","COORDINATE_ROUNDED;GEODETIC_DATUM_INVALID;GEODETIC_DATUM_ASSUMED_WGS84;OCCURRENCE_STATUS_UNPARSABLE;OCCURRENCE_STATUS_INFERRED_FROM_INDIVIDUAL_COUNT"
1316066077,"aa1d8785-b68f-4000-8b5c-f3545b3132bc","1100012237","Animalia","Chordata",NA,"Pleuronectiformes","Cynoglossidae","Symphurus","Symphurus plagiusa",NA,"SPECIES","Symphurus plagiusa (Linnaeus, 1766)","Symphurus plagiusa","","US","04","Va","PRESENT",1,"c3ad790a-d426-4ac1-8e32-da61f81f0117",37.6755,-76.080833,NA,NA,NA,NA,39,0,"2007-11-05T11:56",5,11,2007,2409475,2409475,"HUMAN_OBSERVATION","VIMS","ChesMMAP","",NA,"",2007-11-05,"CC0_1_0","","GARTLAND",NA,NA,2025-02-01 00:08:30.38,"","COORDINATE_ROUNDED;GEODETIC_DATUM_INVALID;GEODETIC_DATUM_ASSUMED_WGS84;OCCURRENCE_STATUS_UNPARSABLE;OCCURRENCE_STATUS_INFERRED_FROM_INDIVIDUAL_COUNT"
1316066005,"aa1d8785-b68f-4000-8b5c-f3545b3132bc","1100012168","Animalia","Chordata",NA,"Pleuronectiformes","Cynoglossidae","Symphurus","Symphurus plagiusa",NA,"SPECIES","Symphurus plagiusa (Linnaeus, 1766)","Symphurus plagiusa","","US","04","Va","PRESENT",1,"c3ad790a-d426-4ac1-8e32-da61f81f0117",37.592667,-76.2155,NA,NA,NA,NA,16,0,"2007-10-30T15:07",30,10,2007,2409475,2409475,"HUMAN_OBSERVATION","VIMS","ChesMMAP","",NA,"",2007-10-30,"CC0_1_0","","GARTLAND",NA,NA,2025-02-01 00:08:30.682,"","COORDINATE_ROUNDED;GEODETIC_DATUM_INVALID;GEODETIC_DATUM_ASSUMED_WGS84;OCCURRENCE_STATUS_UNPARSABLE;OCCURRENCE_STATUS_INFERRED_FROM_INDIVIDUAL_COUNT"
1316065779,"aa1d8785-b68f-4000-8b5c-f3545b3132bc","1100011896","Animalia","Chordata",NA,"Pleuronectiformes","Cynoglossidae","Symphurus","Symphurus plagiusa",NA,"SPECIES","Symphurus plagiusa (Linnaeus, 1766)","Symphurus plagiusa","","US","05","Va","PRESENT",1,"c3ad790a-d426-4ac1-8e32-da61f81f0117",37.28,-76.106833,NA,NA,NA,NA,68,0,"2007-07-09T16:12",9,7,2007,2409475,2409475,"HUMAN_OBSERVATION","VIMS","ChesMMAP","",NA,"",2007-07-09,"CC0_1_0","","GARTLAND",NA,NA,2025-02-01 00:08:32.176,"","COORDINATE_ROUNDED;GEODETIC_DATUM_INVALID;GEODETIC_DATUM_ASSUMED_WGS84;OCCURRENCE_STATUS_UNPARSABLE;OCCURRENCE_STATUS_INFERRED_FROM_INDIVIDUAL_COUNT"
1316065724,"aa1d8785-b68f-4000-8b5c-f3545b3132bc","1100011866","Animalia","Chordata",NA,"Pleuronectiformes","Cynoglossidae","Symphurus","Symphurus plagiusa",NA,"SPECIES","Symphurus plagiusa (Linnaeus, 1766)","Symphurus plagiusa","","US","05","Va","PRESENT",1,"c3ad790a-d426-4ac1-8e32-da61f81f0117",37.354667,-76.054667,NA,NA,NA,NA,44,0,"2007-07-09T11:55",9,7,2007,2409475,2409475,"HUMAN_OBSERVATION","VIMS","ChesMMAP","",NA,"",2007-07-09,"CC0_1_0","","GARTLAND",NA,NA,2025-02-01 00:08:32.306,"","COORDINATE_ROUNDED;GEODETIC_DATUM_INVALID;GEODETIC_DATUM_ASSUMED_WGS84;CONTINENT_DERIVED_FROM_COORDINATES;OCCURRENCE_STATUS_UNPARSABLE;OCCURRENCE_STATUS_INFERRED_FROM_INDIVIDUAL_COUNT"
1316065474,"aa1d8785-b68f-4000-8b5c-f3545b3132bc","1100011584","Animalia","Chordata",NA,"Pleuronectiformes","Cynoglossidae","Symphurus","Symphurus plagiusa",NA,"SPECIES","Symphurus plagiusa (Linnaeus, 1766)","Symphurus plagiusa","","US","04","Va","PRESENT",1,"c3ad790a-d426-4ac1-8e32-da61f81f0117",37.759667,-76.127167,NA,NA,NA,NA,26,0,"2007-07-08T15:55",8,7,2007,2409475,2409475,"HUMAN_OBSERVATION","VIMS","ChesMMAP","",NA,"",2007-07-08,"CC0_1_0","","GARTLAND",NA,NA,2025-02-01 00:08:28.988,"","COORDINATE_ROUNDED;GEODETIC_DATUM_INVALID;GEODETIC_DATUM_ASSUMED_WGS84;OCCURRENCE_STATUS_UNPARSABLE;OCCURRENCE_STATUS_INFERRED_FROM_INDIVIDUAL_COUNT"
1316064076,"aa1d8785-b68f-4000-8b5c-f3545b3132bc","1100010205","Animalia","Chordata",NA,"Pleuronectiformes","Cynoglossidae","Symphurus","Symphurus plagiusa",NA,"SPECIES","Symphurus plagiusa (Linnaeus, 1766)","Symphurus plagiusa","","US","05","Va","PRESENT",1,"c3ad790a-d426-4ac1-8e32-da61f81f0117",37.343333,-76.091,NA,NA,NA,NA,56,0,"2006-09-05T11:33",5,9,2006,2409475,2409475,"HUMAN_OBSERVATION","VIMS","ChesMMAP","",NA,"",2006-09-05,"CC0_1_0","","GARTLAND",NA,NA,2025-02-01 00:08:28.897,"","COORDINATE_ROUNDED;GEODETIC_DATUM_INVALID;GEODETIC_DATUM_ASSUMED_WGS84;OCCURRENCE_STATUS_UNPARSABLE;OCCURRENCE_STATUS_INFERRED_FROM_INDIVIDUAL_COUNT"
1316064019,"aa1d8785-b68f-4000-8b5c-f3545b3132bc","1100010163","Animalia","Chordata",NA,"Pleuronectiformes","Cynoglossidae","Symphurus","Symphurus plagiusa",NA,"SPECIES","Symphurus plagiusa (Linnaeus, 1766)","Symphurus plagiusa","","US","05","Va","PRESENT",1,"c3ad790a-d426-4ac1-8e32-da61f81f0117",37.128,-76.148167,NA,NA,NA,NA,42,0,"2006-08-30T15:59",30,8,2006,2409475,2409475,"HUMAN_OBSERVATION","VIMS","ChesMMAP","",NA,"",2006-08-30,"CC0_1_0","","GARTLAND",NA,NA,2025-02-01 00:08:29.189,"","COORDINATE_ROUNDED;GEODETIC_DATUM_INVALID;GEODETIC_DATUM_ASSUMED_WGS84;OCCURRENCE_STATUS_UNPARSABLE;OCCURRENCE_STATUS_INFERRED_FROM_INDIVIDUAL_COUNT"
1316063752,"aa1d8785-b68f-4000-8b5c-f3545b3132bc","1100009891","Animalia","Chordata",NA,"Pleuronectiformes","Cynoglossidae","Symphurus","Symphurus plagiusa",NA,"SPECIES","Symphurus plagiusa (Linnaeus, 1766)","Symphurus plagiusa","","US","04","Va","PRESENT",1,"c3ad790a-d426-4ac1-8e32-da61f81f0117",37.538833,-76.0525,NA,NA,NA,NA,44,0,"2006-09-05T15:23",5,9,2006,2409475,2409475,"HUMAN_OBSERVATION","VIMS","ChesMMAP","",NA,"",2006-09-05,"CC0_1_0","","GARTLAND",NA,NA,2025-02-01 00:08:31.43,"","COORDINATE_ROUNDED;GEODETIC_DATUM_INVALID;GEODETIC_DATUM_ASSUMED_WGS84;OCCURRENCE_STATUS_UNPARSABLE;OCCURRENCE_STATUS_INFERRED_FROM_INDIVIDUAL_COUNT"
1316060349,"aa1d8785-b68f-4000-8b5c-f3545b3132bc","1100006444","Animalia","Chordata",NA,"Pleuronectiformes","Cynoglossidae","Symphurus","Symphurus plagiusa",NA,"SPECIES","Symphurus plagiusa (Linnaeus, 1766)","Symphurus plagiusa","","US","05","Va","PRESENT",3,"c3ad790a-d426-4ac1-8e32-da61f81f0117",37.277833,-76.097667,NA,NA,NA,NA,90,0,"2005-03-16T14:27",16,3,2005,2409475,2409475,"HUMAN_OBSERVATION","VIMS","ChesMMAP","",NA,"",2005-03-16,"CC0_1_0","","GARTLAND",NA,NA,2025-02-01 00:08:27.053,"","COORDINATE_ROUNDED;GEODETIC_DATUM_INVALID;GEODETIC_DATUM_ASSUMED_WGS84;OCCURRENCE_STATUS_UNPARSABLE;OCCURRENCE_STATUS_INFERRED_FROM_INDIVIDUAL_COUNT"
1314148440,"1d39953f-5c1a-4dad-8524-70191eb4fe6c","1100688772","Animalia","Chordata",NA,"Pleuronectiformes","Cynoglossidae","Symphurus","Symphurus plagiusa",NA,"SPECIES","Symphurus plagiusa (Linnaeus, 1766)","Symphurus plagiusa","","US","MSC Marker #25 and #26;10/80 - present","Alabama","PRESENT",1,"c3ad790a-d426-4ac1-8e32-da61f81f0117",30.2633,-88.0367,370,NA,NA,NA,NA,NA,"2005-01-03",3,1,2005,2409475,2409475,"HUMAN_OBSERVATION","NMFS","CAGES Alabama","",NA,"ADCNR/GCRL",2005-01-03,"CC0_1_0","","ADCNR/GCRL",NA,NA,2025-02-01 01:21:45.775,"","GEODETIC_DATUM_INVALID;GEODETIC_DATUM_ASSUMED_WGS84;CONTINENT_DERIVED_FROM_COORDINATES"
1314148120,"1d39953f-5c1a-4dad-8524-70191eb4fe6c","1100688900","Animalia","Chordata",NA,"Pleuronectiformes","Cynoglossidae","Symphurus","Symphurus plagiusa",NA,"SPECIES","Symphurus plagiusa (Linnaeus, 1766)","Symphurus plagiusa","","US","Mobile Pass;02/82 - present","Alabama","PRESENT",1,"c3ad790a-d426-4ac1-8e32-da61f81f0117",30.1617,-88.0533,370,NA,NA,NA,NA,NA,"2005-01-03",3,1,2005,2409475,2409475,"HUMAN_OBSERVATION","NMFS","CAGES Alabama","",NA,"ADCNR/GCRL",2005-01-03,"CC0_1_0","","ADCNR/GCRL",NA,NA,2025-02-01 01:21:45.878,"","GEODETIC_DATUM_INVALID;GEODETIC_DATUM_ASSUMED_WGS84"
1314148035,"1d39953f-5c1a-4dad-8524-70191eb4fe6c","1100688981","Animalia","Chordata",NA,"Pleuronectiformes","Cynoglossidae","Symphurus","Symphurus plagiusa",NA,"SPECIES","Symphurus plagiusa (Linnaeus, 1766)","Symphurus plagiusa","","US","Oil Rig Site;08/81 - present","Alabama","PRESENT",1,"c3ad790a-d426-4ac1-8e32-da61f81f0117",30.2583,-88.0267,370,NA,NA,NA,NA,NA,"2005-01-03",3,1,2005,2409475,2409475,"HUMAN_OBSERVATION","NMFS","CAGES Alabama","",NA,"ADCNR/GCRL",2005-01-03,"CC0_1_0","","ADCNR/GCRL",NA,NA,2025-02-01 01:21:47.478,"","GEODETIC_DATUM_INVALID;GEODETIC_DATUM_ASSUMED_WGS84;CONTINENT_DERIVED_FROM_COORDINATES"
1314148002,"1d39953f-5c1a-4dad-8524-70191eb4fe6c","1100689230","Animalia","Chordata",NA,"Pleuronectiformes","Cynoglossidae","Symphurus","Symphurus plagiusa",NA,"SPECIES","Symphurus plagiusa (Linnaeus, 1766)","Symphurus plagiusa","","US","Paradise Inn;10/83 - present","Alabama","PRESENT",1,"c3ad790a-d426-4ac1-8e32-da61f81f0117",30.2467,-88.13,370,NA,NA,NA,NA,NA,"2005-01-03",3,1,2005,2409475,2409475,"HUMAN_OBSERVATION","NMFS","CAGES Alabama","",NA,"ADCNR/GCRL",2005-01-03,"CC0_1_0","","ADCNR/GCRL",NA,NA,2025-02-01 01:21:45.778,"","GEODETIC_DATUM_INVALID;GEODETIC_DATUM_ASSUMED_WGS84;CONTINENT_DERIVED_FROM_COORDINATES"
1314146821,"1d39953f-5c1a-4dad-8524-70191eb4fe6c","1100690382","Animalia","Chordata",NA,"Pleuronectiformes","Cynoglossidae","Symphurus","Symphurus plagiusa",NA,"SPECIES","Symphurus plagiusa (Linnaeus, 1766)","Symphurus plagiusa","","US","MSC Marker # 57;10/81 - present","Alabama","PRESENT",1,"c3ad790a-d426-4ac1-8e32-da61f81f0117",30.505,-88.02,370,NA,NA,NA,NA,NA,"2005-01-05",5,1,2005,2409475,2409475,"HUMAN_OBSERVATION","NMFS","CAGES Alabama","",NA,"ADCNR/GCRL",2005-01-05,"CC0_1_0","","ADCNR/GCRL",NA,NA,2025-02-01 01:21:45.786,"","GEODETIC_DATUM_INVALID;GEODETIC_DATUM_ASSUMED_WGS84;CONTINENT_DERIVED_FROM_COORDINATES"
1314146227,"1d39953f-5c1a-4dad-8524-70191eb4fe6c","1100690750","Animalia","Chordata",NA,"Pleuronectiformes","Cynoglossidae","Symphurus","Symphurus plagiusa",NA,"SPECIES","Symphurus plagiusa (Linnaeus, 1766)","Symphurus plagiusa","","US","Garrows Bend;04/02 - present","Alabama","PRESENT",1,"c3ad790a-d426-4ac1-8e32-da61f81f0117",30.6547,-88.0533,370,NA,NA,NA,NA,NA,"2005-01-05",5,1,2005,2409475,2409475,"HUMAN_OBSERVATION","NMFS","CAGES Alabama","",NA,"ADCNR/GCRL",2005-01-05,"CC0_1_0","","ADCNR/GCRL",NA,NA,2025-02-01 01:21:47.667,"","GEODETIC_DATUM_INVALID;GEODETIC_DATUM_ASSUMED_WGS84;CONTINENT_DERIVED_FROM_COORDINATES"
1314145834,"1d39953f-5c1a-4dad-8524-70191eb4fe6c","1100691613","Animalia","Chordata",NA,"Pleuronectiformes","Cynoglossidae","Symphurus","Symphurus plagiusa",NA,"SPECIES","Symphurus plagiusa (Linnaeus, 1766)","Symphurus plagiusa","","US","Middle Lagoon;02/92 - present","Alabama","PRESENT",1,"c3ad790a-d426-4ac1-8e32-da61f81f0117",30.235,-87.7467,370,NA,NA,NA,NA,NA,"2005-01-12",12,1,2005,2409475,2409475,"HUMAN_OBSERVATION","NMFS","CAGES Alabama","",NA,"ADCNR/GCRL",2005-01-12,"CC0_1_0","","ADCNR/GCRL",NA,NA,2025-02-01 01:21:45.908,"","GEODETIC_DATUM_INVALID;GEODETIC_DATUM_ASSUMED_WGS84;CONTINENT_DERIVED_FROM_COORDINATES"
1314144851,"1d39953f-5c1a-4dad-8524-70191eb4fe6c","1100691964","Animalia","Chordata",NA,"Pleuronectiformes","Cynoglossidae","Symphurus","Symphurus plagiusa",NA,"SPECIES","Symphurus plagiusa (Linnaeus, 1766)","Symphurus plagiusa","","US","Arnica Bay;10/80 - present","Alabama","PRESENT",1,"c3ad790a-d426-4ac1-8e32-da61f81f0117",30.305,-87.54,370,NA,NA,NA,NA,NA,"2005-01-19",19,1,2005,2409475,2409475,"HUMAN_OBSERVATION","NMFS","CAGES Alabama","",NA,"ADCNR/GCRL",2005-01-19,"CC0_1_0","","ADCNR/GCRL",NA,NA,2025-02-01 01:21:47.518,"","GEODETIC_DATUM_INVALID;GEODETIC_DATUM_ASSUMED_WGS84;CONTINENT_DERIVED_FROM_COORDINATES"
1314138481,"1d39953f-5c1a-4dad-8524-70191eb4fe6c","1100698690","Animalia","Chordata",NA,"Pleuronectiformes","Cynoglossidae","Symphurus","Symphurus plagiusa",NA,"SPECIES","Symphurus plagiusa (Linnaeus, 1766)","Symphurus plagiusa","","US","Dog River Basin;10/81 - present","Alabama","PRESENT",1,"c3ad790a-d426-4ac1-8e32-da61f81f0117",30.5817,-88.06,370,NA,NA,NA,NA,NA,"2005-04-05",5,4,2005,2409475,2409475,"HUMAN_OBSERVATION","NMFS","CAGES Alabama","",NA,"ADCNR/GCRL",2005-04-05,"CC0_1_0","","ADCNR/GCRL",NA,NA,2025-02-01 01:21:45.852,"","GEODETIC_DATUM_INVALID;GEODETIC_DATUM_ASSUMED_WGS84;CONTINENT_DERIVED_FROM_COORDINATES"
1314135281,"1d39953f-5c1a-4dad-8524-70191eb4fe6c","1100701972","Animalia","Chordata",NA,"Pleuronectiformes","Cynoglossidae","Symphurus","Symphurus plagiusa",NA,"SPECIES","Symphurus plagiusa (Linnaeus, 1766)","Symphurus plagiusa","","US","Tall Range 'C';01/68 - 03/69 and 10/80 - present","Alabama","PRESENT",1,"c3ad790a-d426-4ac1-8e32-da61f81f0117",30.2583,-88.2133,370,NA,NA,NA,NA,NA,"2005-05-02",2,5,2005,2409475,2409475,"HUMAN_OBSERVATION","NMFS","CAGES Alabama","",NA,"ADCNR/GCRL",2005-05-02,"CC0_1_0","","ADCNR/GCRL",NA,NA,2025-02-01 01:21:45.996,"","GEODETIC_DATUM_INVALID;GEODETIC_DATUM_ASSUMED_WGS84;CONTINENT_DERIVED_FROM_COORDINATES"
1314122376,"1d39953f-5c1a-4dad-8524-70191eb4fe6c","1100714840","Animalia","Chordata",NA,"Pleuronectiformes","Cynoglossidae","Symphurus","Symphurus plagiusa",NA,"SPECIES","Symphurus plagiusa (Linnaeus, 1766)","Symphurus plagiusa","","US","Weeks Bay;10/80 - present","Alabama","PRESENT",1,"c3ad790a-d426-4ac1-8e32-da61f81f0117",30.3933,-87.8283,370,NA,NA,NA,NA,NA,"2005-09-15",15,9,2005,2409475,2409475,"HUMAN_OBSERVATION","NMFS","CAGES Alabama","",NA,"ADCNR/GCRL",2005-09-15,"CC0_1_0","","ADCNR/GCRL",NA,NA,2025-02-01 01:21:47.962,"","GEODETIC_DATUM_INVALID;GEODETIC_DATUM_ASSUMED_WGS84;CONTINENT_DERIVED_FROM_COORDINATES"
1314122209,"1d39953f-5c1a-4dad-8524-70191eb4fe6c","1100715044","Animalia","Chordata",NA,"Pleuronectiformes","Cynoglossidae","Symphurus","Symphurus plagiusa",NA,"SPECIES","Symphurus plagiusa (Linnaeus, 1766)","Symphurus plagiusa","","US","Bon Secour River;10/80 - present","Alabama","PRESENT",1,"c3ad790a-d426-4ac1-8e32-da61f81f0117",30.2933,-87.7483,370,NA,NA,NA,NA,NA,"2005-09-15",15,9,2005,2409475,2409475,"HUMAN_OBSERVATION","NMFS","CAGES Alabama","",NA,"ADCNR/GCRL",2005-09-15,"CC0_1_0","","ADCNR/GCRL",NA,NA,2025-02-01 01:21:46.106,"","GEODETIC_DATUM_INVALID;GEODETIC_DATUM_ASSUMED_WGS84;CONTINENT_DERIVED_FROM_COORDINATES"
1314117262,"1d39953f-5c1a-4dad-8524-70191eb4fe6c","1100719416","Animalia","Chordata",NA,"Pleuronectiformes","Cynoglossidae","Symphurus","Symphurus plagiusa",NA,"SPECIES","Symphurus plagiusa (Linnaeus, 1766)","Symphurus plagiusa","","US","East Fowl River  Channel;10/81 - present","Alabama","PRESENT",1,"c3ad790a-d426-4ac1-8e32-da61f81f0117",30.45,-88.095,370,NA,NA,NA,NA,NA,"2005-11-14",14,11,2005,2409475,2409475,"HUMAN_OBSERVATION","NMFS","CAGES Alabama","",NA,"ADCNR/GCRL",2005-11-14,"CC0_1_0","","ADCNR/GCRL",NA,NA,2025-02-01 01:21:46.014,"","GEODETIC_DATUM_INVALID;GEODETIC_DATUM_ASSUMED_WGS84;CONTINENT_DERIVED_FROM_COORDINATES"
1314115247,"1d39953f-5c1a-4dad-8524-70191eb4fe6c","1100721630","Animalia","Chordata",NA,"Pleuronectiformes","Cynoglossidae","Symphurus","Symphurus plagiusa",NA,"SPECIES","Symphurus plagiusa (Linnaeus, 1766)","Symphurus plagiusa","","US","Battleship; 06/04 - present","Alabama","PRESENT",1,"c3ad790a-d426-4ac1-8e32-da61f81f0117",30.6797,-88.017,370,NA,NA,NA,NA,NA,"2005-12-12",12,12,2005,2409475,2409475,"HUMAN_OBSERVATION","NMFS","CAGES Alabama","",NA,"ADCNR/GCRL",2005-12-12,"CC0_1_0","","ADCNR/GCRL",NA,NA,2025-02-01 01:21:48.047,"","GEODETIC_DATUM_INVALID;GEODETIC_DATUM_ASSUMED_WGS84;CONTINENT_DERIVED_FROM_COORDINATES"
1314100200,"1d39953f-5c1a-4dad-8524-70191eb4fe6c","1100736980","Animalia","Chordata",NA,"Pleuronectiformes","Cynoglossidae","Symphurus","Symphurus plagiusa",NA,"SPECIES","Symphurus plagiusa (Linnaeus, 1766)","Symphurus plagiusa","","US","Grassy Point;04/87 - present","Alabama","PRESENT",1,"c3ad790a-d426-4ac1-8e32-da61f81f0117",30.4167,-87.3983,370,NA,NA,NA,NA,NA,"2006-05-23",23,5,2006,2409475,2409475,"HUMAN_OBSERVATION","NMFS","CAGES Alabama","",NA,"ADCNR/GCRL",2006-05-23,"CC0_1_0","","ADCNR/GCRL",NA,NA,2025-02-01 01:21:46.153,"","GEODETIC_DATUM_INVALID;GEODETIC_DATUM_ASSUMED_WGS84;CONTINENT_DERIVED_FROM_COORDINATES"
1314097422,"1d39953f-5c1a-4dad-8524-70191eb4fe6c","1100739768","Animalia","Chordata",NA,"Pleuronectiformes","Cynoglossidae","Symphurus","Symphurus plagiusa",NA,"SPECIES","Symphurus plagiusa (Linnaeus, 1766)","Symphurus plagiusa","","US","Mid-Perdido Bay;04/87 - present","Alabama","PRESENT",1,"c3ad790a-d426-4ac1-8e32-da61f81f0117",30.3683,-87.4467,370,NA,NA,NA,NA,NA,"2006-06-28",28,6,2006,2409475,2409475,"HUMAN_OBSERVATION","NMFS","CAGES Alabama","",NA,"ADCNR/GCRL",2006-06-28,"CC0_1_0","","ADCNR/GCRL",NA,NA,2025-02-01 01:21:48.069,"","GEODETIC_DATUM_INVALID;GEODETIC_DATUM_ASSUMED_WGS84;CONTINENT_DERIVED_FROM_COORDINATES"
1314089116,"1d39953f-5c1a-4dad-8524-70191eb4fe6c","1100748100","Animalia","Chordata",NA,"Pleuronectiformes","Cynoglossidae","Symphurus","Symphurus plagiusa",NA,"SPECIES","Symphurus plagiusa (Linnaeus, 1766)","Symphurus plagiusa","","US","East End Little Lagoon;02/92 - present","Alabama","PRESENT",1,"c3ad790a-d426-4ac1-8e32-da61f81f0117",30.2367,-87.7367,370,NA,NA,NA,NA,NA,"2006-09-20",20,9,2006,2409475,2409475,"HUMAN_OBSERVATION","NMFS","CAGES Alabama","",NA,"ADCNR/GCRL",2006-09-20,"CC0_1_0","","ADCNR/GCRL",NA,NA,2025-02-01 01:21:48.166,"","GEODETIC_DATUM_INVALID;GEODETIC_DATUM_ASSUMED_WGS84;CONTINENT_DERIVED_FROM_COORDINATES"
1314050237,"1d39953f-5c1a-4dad-8524-70191eb4fe6c","1100787100","Animalia","Chordata",NA,"Pleuronectiformes","Cynoglossidae","Symphurus","Symphurus plagiusa",NA,"SPECIES","Symphurus plagiusa (Linnaeus, 1766)","Symphurus plagiusa","","US","Bayou St. John;10/82 - present","Alabama","PRESENT",1,"c3ad790a-d426-4ac1-8e32-da61f81f0117",30.28,-87.545,370,NA,NA,NA,NA,NA,"2007-09-27",27,9,2007,2409475,2409475,"HUMAN_OBSERVATION","NMFS","CAGES Alabama","",NA,"ADCNR/GCRL",2007-09-27,"CC0_1_0","","ADCNR/GCRL",NA,NA,2025-02-01 01:21:46.544,"","GEODETIC_DATUM_INVALID;GEODETIC_DATUM_ASSUMED_WGS84;CONTINENT_DERIVED_FROM_COORDINATES"
1291080866,"50c9509d-22c7-4a22-a47d-8c48425ef4a7","http://www.inaturalist.org/observations/3434496","Animalia","Chordata",NA,"Pleuronectiformes","Cynoglossidae","Symphurus","Symphurus plagiusa",NA,"SPECIES","Symphurus plagiusa (Linnaeus, 1766)","Symphurus plagiusa","","US","","Georgia","PRESENT",NA,"28eb1a3f-1c15-4a95-931a-4af90ecb574d",31.646397,-81.188223,1083,NA,NA,NA,NA,NA,"2016-06-11T11:28:54",11,6,2016,2409475,2409475,"HUMAN_OBSERVATION","iNaturalist","Observations","3434496",NA,"Jenn Mercer",2016-06-11 15:40:34,"CC_BY_NC_4_0","Jenn Mercer","Jenn Mercer",NA,NA,2025-06-07 01:18:19.517,"StillImage","COORDINATE_ROUNDED;CONTINENT_DERIVED_FROM_COORDINATES;TAXON_MATCH_TAXON_ID_IGNORED"
1271490401,"f42d2be3-1264-4b68-a3bd-39363bcc437f","1111427265","Animalia","Chordata",NA,"Pleuronectiformes","Cynoglossidae","Symphurus","Symphurus plagiusa",NA,"SPECIES","Symphurus plagiusa (Linnaeus, 1766)","Symphurus plagiusa","","US","Nueces Estuary","Texas","PRESENT",NA,"c3ad790a-d426-4ac1-8e32-da61f81f0117",27.744444,-97.323333,100,NA,NA,NA,3.4,0,"2007-06-11T09:52",11,6,2007,2409475,2409475,"HUMAN_OBSERVATION","TPWD","Corpus Christi Bay Trawl","",NA,"",NA,"CC0_1_0","","TPWD",NA,NA,2025-02-01 02:12:04.57,"","GEODETIC_DATUM_INVALID;GEODETIC_DATUM_ASSUMED_WGS84;CONTINENT_DERIVED_FROM_COORDINATES;OCCURRENCE_STATUS_UNPARSABLE"
1271490239,"f42d2be3-1264-4b68-a3bd-39363bcc437f","1111428028","Animalia","Chordata",NA,"Pleuronectiformes","Cynoglossidae","Symphurus","Symphurus plagiusa",NA,"SPECIES","Symphurus plagiusa (Linnaeus, 1766)","Symphurus plagiusa","","US","Nueces Estuary","Texas","PRESENT",NA,"c3ad790a-d426-4ac1-8e32-da61f81f0117",27.723333,-97.225833,100,NA,NA,NA,4.15,0.15,"2007-10-10T10:48",10,10,2007,2409475,2409475,"HUMAN_OBSERVATION","TPWD","Corpus Christi Bay Trawl","",NA,"",NA,"CC0_1_0","","TPWD",NA,NA,2025-02-01 02:12:03.605,"","GEODETIC_DATUM_INVALID;GEODETIC_DATUM_ASSUMED_WGS84;CONTINENT_DERIVED_FROM_COORDINATES;DEPTH_MIN_MAX_SWAPPED;OCCURRENCE_STATUS_UNPARSABLE"
1271490238,"f42d2be3-1264-4b68-a3bd-39363bcc437f","1111427181","Animalia","Chordata",NA,"Pleuronectiformes","Cynoglossidae","Symphurus","Symphurus plagiusa",NA,"SPECIES","Symphurus plagiusa (Linnaeus, 1766)","Symphurus plagiusa","","US","Nueces Estuary","Texas","PRESENT",NA,"c3ad790a-d426-4ac1-8e32-da61f81f0117",27.740556,-97.340833,100,NA,NA,NA,4.25,0.0499999999999998,"2008-10-08T10:00",8,10,2008,2409475,2409475,"HUMAN_OBSERVATION","TPWD","Corpus Christi Bay Trawl","",NA,"",NA,"CC0_1_0","","TPWD",NA,NA,2025-02-01 02:12:04.554,"","GEODETIC_DATUM_INVALID;GEODETIC_DATUM_ASSUMED_WGS84;CONTINENT_DERIVED_FROM_COORDINATES;DEPTH_MIN_MAX_SWAPPED;OCCURRENCE_STATUS_UNPARSABLE"
1271490234,"f42d2be3-1264-4b68-a3bd-39363bcc437f","1111426577","Animalia","Chordata",NA,"Pleuronectiformes","Cynoglossidae","Symphurus","Symphurus plagiusa",NA,"SPECIES","Symphurus plagiusa (Linnaeus, 1766)","Symphurus plagiusa","","US","Nueces Estuary","Texas","PRESENT",NA,"c3ad790a-d426-4ac1-8e32-da61f81f0117",27.756944,-97.341111,100,NA,NA,NA,4.25,0.0499999999999998,"2008-10-08T09:36",8,10,2008,2409475,2409475,"HUMAN_OBSERVATION","TPWD","Corpus Christi Bay Trawl","",NA,"",NA,"CC0_1_0","","TPWD",NA,NA,2025-02-01 02:12:01.924,"","GEODETIC_DATUM_INVALID;GEODETIC_DATUM_ASSUMED_WGS84;CONTINENT_DERIVED_FROM_COORDINATES;DEPTH_MIN_MAX_SWAPPED;OCCURRENCE_STATUS_UNPARSABLE"
1271489788,"f42d2be3-1264-4b68-a3bd-39363bcc437f","1111426210","Animalia","Chordata",NA,"Pleuronectiformes","Cynoglossidae","Symphurus","Symphurus plagiusa",NA,"SPECIES","Symphurus plagiusa (Linnaeus, 1766)","Symphurus plagiusa","","US","Nueces Estuary","Texas","PRESENT",NA,"c3ad790a-d426-4ac1-8e32-da61f81f0117",27.775,-97.238611,100,NA,NA,NA,3.6,0,"2006-10-03T11:56",3,10,2006,2409475,2409475,"HUMAN_OBSERVATION","TPWD","Corpus Christi Bay Trawl","",NA,"",NA,"CC0_1_0","","TPWD",NA,NA,2025-02-01 02:12:01.795,"","GEODETIC_DATUM_INVALID;GEODETIC_DATUM_ASSUMED_WGS84;CONTINENT_DERIVED_FROM_COORDINATES;OCCURRENCE_STATUS_UNPARSABLE"
1271489777,"f42d2be3-1264-4b68-a3bd-39363bcc437f","1111423573","Animalia","Chordata",NA,"Pleuronectiformes","Cynoglossidae","Symphurus","Symphurus plagiusa",NA,"SPECIES","Symphurus plagiusa (Linnaeus, 1766)","Symphurus plagiusa","","US","Nueces Estuary","Texas","PRESENT",NA,"c3ad790a-d426-4ac1-8e32-da61f81f0117",27.842222,-97.342778,100,NA,NA,NA,3.05,0.05,"2008-12-09T10:11",9,12,2008,2409475,2409475,"HUMAN_OBSERVATION","TPWD","Corpus Christi Bay Trawl","",NA,"",NA,"CC0_1_0","","TPWD",NA,NA,2025-02-01 02:12:05.165,"","GEODETIC_DATUM_INVALID;GEODETIC_DATUM_ASSUMED_WGS84;CONTINENT_DERIVED_FROM_COORDINATES;DEPTH_MIN_MAX_SWAPPED;OCCURRENCE_STATUS_UNPARSABLE"
1271489775,"f42d2be3-1264-4b68-a3bd-39363bcc437f","1111428701","Animalia","Chordata",NA,"Pleuronectiformes","Cynoglossidae","Symphurus","Symphurus plagiusa",NA,"SPECIES","Symphurus plagiusa (Linnaeus, 1766)","Symphurus plagiusa","","US","Nueces Estuary","Texas","PRESENT",NA,"c3ad790a-d426-4ac1-8e32-da61f81f0117",27.685556,-97.252778,100,NA,NA,NA,1.9,0,"2005-01-12T13:12",12,1,2005,2409475,2409475,"HUMAN_OBSERVATION","TPWD","Corpus Christi Bay Trawl","",NA,"",NA,"CC0_1_0","","TPWD",NA,NA,2025-02-01 02:12:03.823,"","GEODETIC_DATUM_INVALID;GEODETIC_DATUM_ASSUMED_WGS84;CONTINENT_DERIVED_FROM_COORDINATES;OCCURRENCE_STATUS_UNPARSABLE"
1271489762,"f42d2be3-1264-4b68-a3bd-39363bcc437f","1111426209","Animalia","Chordata",NA,"Pleuronectiformes","Cynoglossidae","Symphurus","Symphurus plagiusa",NA,"SPECIES","Symphurus plagiusa (Linnaeus, 1766)","Symphurus plagiusa","","US","Nueces Estuary","Texas","PRESENT",NA,"c3ad790a-d426-4ac1-8e32-da61f81f0117",27.774722,-97.240278,100,NA,NA,NA,3.55,0.15,"2007-10-25T13:31",25,10,2007,2409475,2409475,"HUMAN_OBSERVATION","TPWD","Corpus Christi Bay Trawl","",NA,"",NA,"CC0_1_0","","TPWD",NA,NA,2025-02-01 02:12:01.796,"","GEODETIC_DATUM_INVALID;GEODETIC_DATUM_ASSUMED_WGS84;CONTINENT_DERIVED_FROM_COORDINATES;DEPTH_MIN_MAX_SWAPPED;OCCURRENCE_STATUS_UNPARSABLE"
1271489708,"f42d2be3-1264-4b68-a3bd-39363bcc437f","1111428626","Animalia","Chordata",NA,"Pleuronectiformes","Cynoglossidae","Symphurus","Symphurus plagiusa",NA,"SPECIES","Symphurus plagiusa (Linnaeus, 1766)","Symphurus plagiusa","","US","Nueces Estuary","Texas","PRESENT",NA,"c3ad790a-d426-4ac1-8e32-da61f81f0117",27.695278,-97.21,100,NA,NA,NA,2.4,0,"2005-03-17T10:17",17,3,2005,2409475,2409475,"HUMAN_OBSERVATION","TPWD","Corpus Christi Bay Trawl","",NA,"",NA,"CC0_1_0","","TPWD",NA,NA,2025-02-01 02:12:03.806,"","GEODETIC_DATUM_INVALID;GEODETIC_DATUM_ASSUMED_WGS84;CONTINENT_DERIVED_FROM_COORDINATES;OCCURRENCE_STATUS_UNPARSABLE"
1271489651,"f42d2be3-1264-4b68-a3bd-39363bcc437f","1111425061","Animalia","Chordata",NA,"Pleuronectiformes","Cynoglossidae","Symphurus","Symphurus plagiusa",NA,"SPECIES","Symphurus plagiusa (Linnaeus, 1766)","Symphurus plagiusa","","US","Nueces Estuary","Texas","PRESENT",NA,"c3ad790a-d426-4ac1-8e32-da61f81f0117",27.787778,-97.376389,100,NA,NA,NA,3.3,0,"2008-09-09T10:24",9,9,2008,2409475,2409475,"HUMAN_OBSERVATION","TPWD","Corpus Christi Bay Trawl","",NA,"",NA,"CC0_1_0","","TPWD",NA,NA,2025-02-01 02:12:02.843,"","GEODETIC_DATUM_INVALID;GEODETIC_DATUM_ASSUMED_WGS84;CONTINENT_DERIVED_FROM_COORDINATES;OCCURRENCE_STATUS_UNPARSABLE"
1271489648,"f42d2be3-1264-4b68-a3bd-39363bcc437f","1111425353","Animalia","Chordata",NA,"Pleuronectiformes","Cynoglossidae","Symphurus","Symphurus plagiusa",NA,"SPECIES","Symphurus plagiusa (Linnaeus, 1766)","Symphurus plagiusa","","US","Nueces Estuary","Texas","PRESENT",NA,"c3ad790a-d426-4ac1-8e32-da61f81f0117",27.792222,-97.290833,100,NA,NA,NA,3.7,0,"2005-05-02T10:52",2,5,2005,2409475,2409475,"HUMAN_OBSERVATION","TPWD","Corpus Christi Bay Trawl","",NA,"",NA,"CC0_1_0","","TPWD",NA,NA,2025-02-01 02:12:02.927,"","GEODETIC_DATUM_INVALID;GEODETIC_DATUM_ASSUMED_WGS84;OCCURRENCE_STATUS_UNPARSABLE"
1271489640,"f42d2be3-1264-4b68-a3bd-39363bcc437f","1111426763","Animalia","Chordata",NA,"Pleuronectiformes","Cynoglossidae","Symphurus","Symphurus plagiusa",NA,"SPECIES","Symphurus plagiusa (Linnaeus, 1766)","Symphurus plagiusa","","US","Nueces Estuary","Texas","PRESENT",NA,"c3ad790a-d426-4ac1-8e32-da61f81f0117",27.761944,-97.291111,100,NA,NA,NA,3.85,0.15,"2007-10-25T11:46",25,10,2007,2409475,2409475,"HUMAN_OBSERVATION","TPWD","Corpus Christi Bay Trawl","",NA,"",NA,"CC0_1_0","","TPWD",NA,NA,2025-02-01 02:12:01.966,"","GEODETIC_DATUM_INVALID;GEODETIC_DATUM_ASSUMED_WGS84;DEPTH_MIN_MAX_SWAPPED;OCCURRENCE_STATUS_UNPARSABLE"
1271489571,"f42d2be3-1264-4b68-a3bd-39363bcc437f","1111427418","Animalia","Chordata",NA,"Pleuronectiformes","Cynoglossidae","Symphurus","Symphurus plagiusa",NA,"SPECIES","Symphurus plagiusa (Linnaeus, 1766)","Symphurus plagiusa","","US","Nueces Estuary","Texas","PRESENT",NA,"c3ad790a-d426-4ac1-8e32-da61f81f0117",27.741667,-97.256667,100,NA,NA,NA,4.3,0,"2007-05-03T12:56",3,5,2007,2409475,2409475,"HUMAN_OBSERVATION","TPWD","Corpus Christi Bay Trawl","",NA,"",NA,"CC0_1_0","","TPWD",NA,NA,2025-02-01 02:12:04.626,"","GEODETIC_DATUM_INVALID;GEODETIC_DATUM_ASSUMED_WGS84;CONTINENT_DERIVED_FROM_COORDINATES;OCCURRENCE_STATUS_UNPARSABLE"
1271489509,"f42d2be3-1264-4b68-a3bd-39363bcc437f","1111423335","Animalia","Chordata",NA,"Pleuronectiformes","Cynoglossidae","Symphurus","Symphurus plagiusa",NA,"SPECIES","Symphurus plagiusa (Linnaeus, 1766)","Symphurus plagiusa","","US","Nueces Estuary","Texas","PRESENT",NA,"c3ad790a-d426-4ac1-8e32-da61f81f0117",27.857778,-97.2925,100,NA,NA,NA,3.55,0.05,"2008-11-18T10:10",18,11,2008,2409475,2409475,"HUMAN_OBSERVATION","TPWD","Corpus Christi Bay Trawl","",NA,"",NA,"CC0_1_0","","TPWD",NA,NA,2025-02-01 02:12:05.117,"","GEODETIC_DATUM_INVALID;GEODETIC_DATUM_ASSUMED_WGS84;CONTINENT_DERIVED_FROM_COORDINATES;DEPTH_MIN_MAX_SWAPPED;OCCURRENCE_STATUS_UNPARSABLE"
1271489505,"f42d2be3-1264-4b68-a3bd-39363bcc437f","1111426000","Animalia","Chordata",NA,"Pleuronectiformes","Cynoglossidae","Symphurus","Symphurus plagiusa",NA,"SPECIES","Symphurus plagiusa (Linnaeus, 1766)","Symphurus plagiusa","","US","Nueces Estuary","Texas","PRESENT",NA,"c3ad790a-d426-4ac1-8e32-da61f81f0117",27.775833,-97.327222,100,NA,NA,NA,3.85,0.15,"2006-06-21T08:50",21,6,2006,2409475,2409475,"HUMAN_OBSERVATION","TPWD","Corpus Christi Bay Trawl","",NA,"",NA,"CC0_1_0","","TPWD",NA,NA,2025-02-01 02:12:01.713,"","GEODETIC_DATUM_INVALID;GEODETIC_DATUM_ASSUMED_WGS84;CONTINENT_DERIVED_FROM_COORDINATES;DEPTH_MIN_MAX_SWAPPED;OCCURRENCE_STATUS_UNPARSABLE"
1271489494,"f42d2be3-1264-4b68-a3bd-39363bcc437f","1111423326","Animalia","Chordata",NA,"Pleuronectiformes","Cynoglossidae","Symphurus","Symphurus plagiusa",NA,"SPECIES","Symphurus plagiusa (Linnaeus, 1766)","Symphurus plagiusa","","US","Nueces Estuary","Texas","PRESENT",NA,"c3ad790a-d426-4ac1-8e32-da61f81f0117",27.856111,-97.293333,100,NA,NA,NA,4.05,0.0499999999999998,"2008-10-16T09:08",16,10,2008,2409475,2409475,"HUMAN_OBSERVATION","TPWD","Corpus Christi Bay Trawl","",NA,"",NA,"CC0_1_0","","TPWD",NA,NA,2025-02-01 02:12:05.118,"","GEODETIC_DATUM_INVALID;GEODETIC_DATUM_ASSUMED_WGS84;CONTINENT_DERIVED_FROM_COORDINATES;DEPTH_MIN_MAX_SWAPPED;OCCURRENCE_STATUS_UNPARSABLE"
1271489487,"f42d2be3-1264-4b68-a3bd-39363bcc437f","1111426666","Animalia","Chordata",NA,"Pleuronectiformes","Cynoglossidae","Symphurus","Symphurus plagiusa",NA,"SPECIES","Symphurus plagiusa (Linnaeus, 1766)","Symphurus plagiusa","","US","Nueces Estuary","Texas","PRESENT",NA,"c3ad790a-d426-4ac1-8e32-da61f81f0117",27.758611,-97.324722,100,NA,NA,NA,4.15,0.15,"2007-10-10T09:22",10,10,2007,2409475,2409475,"HUMAN_OBSERVATION","TPWD","Corpus Christi Bay Trawl","",NA,"",NA,"CC0_1_0","","TPWD",NA,NA,2025-02-01 02:12:01.955,"","GEODETIC_DATUM_INVALID;GEODETIC_DATUM_ASSUMED_WGS84;CONTINENT_DERIVED_FROM_COORDINATES;DEPTH_MIN_MAX_SWAPPED;OCCURRENCE_STATUS_UNPARSABLE"
1271489464,"f42d2be3-1264-4b68-a3bd-39363bcc437f","1111425265","Animalia","Chordata",NA,"Pleuronectiformes","Cynoglossidae","Symphurus","Symphurus plagiusa",NA,"SPECIES","Symphurus plagiusa (Linnaeus, 1766)","Symphurus plagiusa","","US","Nueces Estuary","Texas","PRESENT",NA,"c3ad790a-d426-4ac1-8e32-da61f81f0117",27.79,-97.3075,100,NA,NA,NA,4.15,0.15,"2008-05-08T11:05",8,5,2008,2409475,2409475,"HUMAN_OBSERVATION","TPWD","Corpus Christi Bay Trawl","",NA,"",NA,"CC0_1_0","","TPWD",NA,NA,2025-02-01 02:12:02.888,"","GEODETIC_DATUM_INVALID;GEODETIC_DATUM_ASSUMED_WGS84;DEPTH_MIN_MAX_SWAPPED;OCCURRENCE_STATUS_UNPARSABLE"
1271489445,"f42d2be3-1264-4b68-a3bd-39363bcc437f","1111424787","Animalia","Chordata",NA,"Pleuronectiformes","Cynoglossidae","Symphurus","Symphurus plagiusa",NA,"SPECIES","Symphurus plagiusa (Linnaeus, 1766)","Symphurus plagiusa","","US","Nueces Estuary","Texas","PRESENT",NA,"c3ad790a-d426-4ac1-8e32-da61f81f0117",27.805833,-97.225,100,NA,NA,NA,2.65,0.05,"2008-11-18T12:45",18,11,2008,2409475,2409475,"HUMAN_OBSERVATION","TPWD","Corpus Christi Bay Trawl","",NA,"",NA,"CC0_1_0","","TPWD",NA,NA,2025-02-01 02:12:04.114,"","GEODETIC_DATUM_INVALID;GEODETIC_DATUM_ASSUMED_WGS84;CONTINENT_DERIVED_FROM_COORDINATES;DEPTH_MIN_MAX_SWAPPED;OCCURRENCE_STATUS_UNPARSABLE"
1271489355,"f42d2be3-1264-4b68-a3bd-39363bcc437f","1111424678","Animalia","Chordata",NA,"Pleuronectiformes","Cynoglossidae","Symphurus","Symphurus plagiusa",NA,"SPECIES","Symphurus plagiusa (Linnaeus, 1766)","Symphurus plagiusa","","US","Nueces Estuary","Texas","PRESENT",NA,"c3ad790a-d426-4ac1-8e32-da61f81f0117",27.803889,-97.260278,100,NA,NA,NA,4.05,0.0499999999999998,"2008-12-09T11:48",9,12,2008,2409475,2409475,"HUMAN_OBSERVATION","TPWD","Corpus Christi Bay Trawl","",NA,"",NA,"CC0_1_0","","TPWD",NA,NA,2025-02-01 02:12:04.092,"","GEODETIC_DATUM_INVALID;GEODETIC_DATUM_ASSUMED_WGS84;CONTINENT_DERIVED_FROM_COORDINATES;DEPTH_MIN_MAX_SWAPPED;OCCURRENCE_STATUS_UNPARSABLE"
1271489130,"f42d2be3-1264-4b68-a3bd-39363bcc437f","1111423708","Animalia","Chordata",NA,"Pleuronectiformes","Cynoglossidae","Symphurus","Symphurus plagiusa",NA,"SPECIES","Symphurus plagiusa (Linnaeus, 1766)","Symphurus plagiusa","","US","Nueces Estuary","Texas","PRESENT",NA,"c3ad790a-d426-4ac1-8e32-da61f81f0117",27.842222,-97.2925,100,NA,NA,NA,3.7,0,"2008-07-14T09:55",14,7,2008,2409475,2409475,"HUMAN_OBSERVATION","TPWD","Corpus Christi Bay Trawl","",NA,"",NA,"CC0_1_0","","TPWD",NA,NA,2025-02-01 02:12:05.209,"","GEODETIC_DATUM_INVALID;GEODETIC_DATUM_ASSUMED_WGS84;CONTINENT_DERIVED_FROM_COORDINATES;OCCURRENCE_STATUS_UNPARSABLE"
1271472589,"3cdabf9a-99da-4383-b6cc-10afee5fb854","1102509461","Animalia","Chordata",NA,"Pleuronectiformes","Cynoglossidae","Symphurus","Symphurus plagiusa",NA,"SPECIES","Symphurus plagiusa (Linnaeus, 1766)","Symphurus plagiusa","(Linnaeus, 1766)","US","Whitewater grid.cell=20 sweep=3","Florida","PRESENT",1,"c3ad790a-d426-4ac1-8e32-da61f81f0117",25.296766,-80.98935,15,NA,NA,NA,1.98,0,"2006-10-19T13:53",19,10,2006,2409475,2409475,"HUMAN_OBSERVATION","USGS","Fall06",NA,NA,NA,NA,"CC0_1_0","","USGS",NA,NA,2025-01-31 19:47:06.745,"","GEODETIC_DATUM_INVALID;GEODETIC_DATUM_ASSUMED_WGS84;FOOTPRINT_WKT_INVALID;CONTINENT_DERIVED_FROM_COORDINATES;IDENTIFIED_DATE_INVALID;TYPE_STATUS_INVALID"
1271472586,"3cdabf9a-99da-4383-b6cc-10afee5fb854","1102509421","Animalia","Chordata",NA,"Pleuronectiformes","Cynoglossidae","Symphurus","Symphurus plagiusa",NA,"SPECIES","Symphurus plagiusa (Linnaeus, 1766)","Symphurus plagiusa","(Linnaeus, 1766)","US","Whitewater grid.cell=25 sweep=5","Florida","PRESENT",1,"c3ad790a-d426-4ac1-8e32-da61f81f0117",25.303166,-80.99125,15,NA,NA,NA,1.83,0,"2006-10-19T14:34",19,10,2006,2409475,2409475,"HUMAN_OBSERVATION","USGS","Fall06",NA,NA,NA,NA,"CC0_1_0","","USGS",NA,NA,2025-01-31 19:47:06.757,"","GEODETIC_DATUM_INVALID;GEODETIC_DATUM_ASSUMED_WGS84;FOOTPRINT_WKT_INVALID;CONTINENT_DERIVED_FROM_COORDINATES;IDENTIFIED_DATE_INVALID;TYPE_STATUS_INVALID"
1271472585,"3cdabf9a-99da-4383-b6cc-10afee5fb854","1102508376","Animalia","Chordata",NA,"Pleuronectiformes","Cynoglossidae","Symphurus","Symphurus plagiusa",NA,"SPECIES","Symphurus plagiusa (Linnaeus, 1766)","Symphurus plagiusa","(Linnaeus, 1766)","US","Lostmans grid.cell=13 sweep=4","Florida","PRESENT",1,"c3ad790a-d426-4ac1-8e32-da61f81f0117",25.539733,-81.21645,15,NA,NA,NA,1.69,0,"2006-10-17T14:54",17,10,2006,2409475,2409475,"HUMAN_OBSERVATION","USGS","Fall06",NA,NA,NA,NA,"CC0_1_0","","USGS",NA,NA,2025-01-31 19:46:55.562,"","GEODETIC_DATUM_INVALID;GEODETIC_DATUM_ASSUMED_WGS84;FOOTPRINT_WKT_INVALID;CONTINENT_DERIVED_FROM_COORDINATES;IDENTIFIED_DATE_INVALID;TYPE_STATUS_INVALID"
1271472582,"3cdabf9a-99da-4383-b6cc-10afee5fb854","1102508611","Animalia","Chordata",NA,"Pleuronectiformes","Cynoglossidae","Symphurus","Symphurus plagiusa",NA,"SPECIES","Symphurus plagiusa (Linnaeus, 1766)","Symphurus plagiusa","(Linnaeus, 1766)","US","Whitewater grid.cell=27 sweep=1","Florida","PRESENT",1,"c3ad790a-d426-4ac1-8e32-da61f81f0117",25.302483,-80.970533,15,NA,NA,NA,1.9,0,"2006-10-19T11:33",19,10,2006,2409475,2409475,"HUMAN_OBSERVATION","USGS","Fall06",NA,NA,NA,NA,"CC0_1_0","","USGS",NA,NA,2025-01-31 19:46:57.536,"","GEODETIC_DATUM_INVALID;GEODETIC_DATUM_ASSUMED_WGS84;FOOTPRINT_WKT_INVALID;CONTINENT_DERIVED_FROM_COORDINATES;IDENTIFIED_DATE_INVALID;TYPE_STATUS_INVALID"
1271472570,"3cdabf9a-99da-4383-b6cc-10afee5fb854","1102508544","Animalia","Chordata",NA,"Pleuronectiformes","Cynoglossidae","Symphurus","Symphurus plagiusa",NA,"SPECIES","Symphurus plagiusa (Linnaeus, 1766)","Symphurus plagiusa","(Linnaeus, 1766)","US","Lostmans grid.cell=19 sweep=4","Florida","PRESENT",1,"c3ad790a-d426-4ac1-8e32-da61f81f0117",25.5458,-81.211333,15,NA,NA,NA,1.88,0,"2006-10-17T12:04",17,10,2006,2409475,2409475,"HUMAN_OBSERVATION","USGS","Fall06",NA,NA,NA,NA,"CC0_1_0","","USGS",NA,NA,2025-01-31 19:46:57.813,"","GEODETIC_DATUM_INVALID;GEODETIC_DATUM_ASSUMED_WGS84;FOOTPRINT_WKT_INVALID;CONTINENT_DERIVED_FROM_COORDINATES;IDENTIFIED_DATE_INVALID;TYPE_STATUS_INVALID"
1271472569,"3cdabf9a-99da-4383-b6cc-10afee5fb854","1102508404","Animalia","Chordata",NA,"Pleuronectiformes","Cynoglossidae","Symphurus","Symphurus plagiusa",NA,"SPECIES","Symphurus plagiusa (Linnaeus, 1766)","Symphurus plagiusa","(Linnaeus, 1766)","US","Lostmans grid.cell=24 sweep=3","Florida","PRESENT",1,"c3ad790a-d426-4ac1-8e32-da61f81f0117",25.547466,-81.2108,15,NA,NA,NA,1.59,0,"2006-10-17T12:18",17,10,2006,2409475,2409475,"HUMAN_OBSERVATION","USGS","Fall06",NA,NA,NA,NA,"CC0_1_0","","USGS",NA,NA,2025-01-31 19:46:58.039,"","GEODETIC_DATUM_INVALID;GEODETIC_DATUM_ASSUMED_WGS84;FOOTPRINT_WKT_INVALID;CONTINENT_DERIVED_FROM_COORDINATES;IDENTIFIED_DATE_INVALID;TYPE_STATUS_INVALID"
1271472568,"3cdabf9a-99da-4383-b6cc-10afee5fb854","1102509327","Animalia","Chordata",NA,"Pleuronectiformes","Cynoglossidae","Symphurus","Symphurus plagiusa",NA,"SPECIES","Symphurus plagiusa (Linnaeus, 1766)","Symphurus plagiusa","(Linnaeus, 1766)","US","Lostmans grid.cell=7 sweep=4","Florida","PRESENT",1,"c3ad790a-d426-4ac1-8e32-da61f81f0117",25.532016,-81.210283,15,NA,NA,NA,1.23,0,"2006-10-17T16:10",17,10,2006,2409475,2409475,"HUMAN_OBSERVATION","USGS","Fall06",NA,NA,NA,NA,"CC0_1_0","","USGS",NA,NA,2025-01-31 19:47:06.952,"","GEODETIC_DATUM_INVALID;GEODETIC_DATUM_ASSUMED_WGS84;FOOTPRINT_WKT_INVALID;CONTINENT_DERIVED_FROM_COORDINATES;IDENTIFIED_DATE_INVALID;TYPE_STATUS_INVALID"
1271472564,"3cdabf9a-99da-4383-b6cc-10afee5fb854","1102509178","Animalia","Chordata",NA,"Pleuronectiformes","Cynoglossidae","Symphurus","Symphurus plagiusa",NA,"SPECIES","Symphurus plagiusa (Linnaeus, 1766)","Symphurus plagiusa","(Linnaeus, 1766)","US","Ponce grid.cell=19 sweep=4","Florida","PRESENT",1,"c3ad790a-d426-4ac1-8e32-da61f81f0117",25.362666,-81.128433,15,NA,NA,NA,2.2,0,"2006-10-18T12:39",18,10,2006,2409475,2409475,"HUMAN_OBSERVATION","USGS","Fall06",NA,NA,NA,NA,"CC0_1_0","","USGS",NA,NA,2025-01-31 19:47:05.544,"","GEODETIC_DATUM_INVALID;GEODETIC_DATUM_ASSUMED_WGS84;FOOTPRINT_WKT_INVALID;CONTINENT_DERIVED_FROM_COORDINATES;IDENTIFIED_DATE_INVALID;TYPE_STATUS_INVALID"
1271472562,"3cdabf9a-99da-4383-b6cc-10afee5fb854","1102507807","Animalia","Chordata",NA,"Pleuronectiformes","Cynoglossidae","Symphurus","Symphurus plagiusa",NA,"SPECIES","Symphurus plagiusa (Linnaeus, 1766)","Symphurus plagiusa","(Linnaeus, 1766)","US","Oyster grid.cell=30 sweep=1","Florida","PRESENT",1,"c3ad790a-d426-4ac1-8e32-da61f81f0117",25.340166,-81.072566,15,NA,NA,NA,1.95,0,"2006-10-16T11:41",16,10,2006,2409475,2409475,"HUMAN_OBSERVATION","USGS","Fall06",NA,NA,NA,NA,"CC0_1_0","","USGS",NA,NA,2025-01-31 19:47:08.968,"","GEODETIC_DATUM_INVALID;GEODETIC_DATUM_ASSUMED_WGS84;FOOTPRINT_WKT_INVALID;CONTINENT_DERIVED_FROM_COORDINATES;IDENTIFIED_DATE_INVALID;TYPE_STATUS_INVALID"
1271472561,"3cdabf9a-99da-4383-b6cc-10afee5fb854","1102507580","Animalia","Chordata",NA,"Pleuronectiformes","Cynoglossidae","Symphurus","Symphurus plagiusa",NA,"SPECIES","Symphurus plagiusa (Linnaeus, 1766)","Symphurus plagiusa","(Linnaeus, 1766)","US","Ponce grid.cell=6 sweep=5","Florida","PRESENT",1,"c3ad790a-d426-4ac1-8e32-da61f81f0117",25.34805,-81.1255,15,NA,NA,NA,3.83,0,"2006-10-18T13:10",18,10,2006,2409475,2409475,"HUMAN_OBSERVATION","USGS","Fall06",NA,NA,NA,NA,"CC0_1_0","","USGS",NA,NA,2025-01-31 19:47:09.66,"","GEODETIC_DATUM_INVALID;GEODETIC_DATUM_ASSUMED_WGS84;FOOTPRINT_WKT_INVALID;CONTINENT_DERIVED_FROM_COORDINATES;IDENTIFIED_DATE_INVALID;TYPE_STATUS_INVALID"
1271472558,"3cdabf9a-99da-4383-b6cc-10afee5fb854","1102508531","Animalia","Chordata",NA,"Pleuronectiformes","Cynoglossidae","Symphurus","Symphurus plagiusa",NA,"SPECIES","Symphurus plagiusa (Linnaeus, 1766)","Symphurus plagiusa","(Linnaeus, 1766)","US","Whitewater grid.cell=6 sweep=4","Florida","PRESENT",1,"c3ad790a-d426-4ac1-8e32-da61f81f0117",25.272516,-80.964783,15,NA,NA,NA,1.88,0,"2006-10-19T10:29",19,10,2006,2409475,2409475,"HUMAN_OBSERVATION","USGS","Fall06",NA,NA,NA,NA,"CC0_1_0","","USGS",NA,NA,2025-01-31 19:46:57.774,"","GEODETIC_DATUM_INVALID;GEODETIC_DATUM_ASSUMED_WGS84;FOOTPRINT_WKT_INVALID;CONTINENT_DERIVED_FROM_COORDINATES;IDENTIFIED_DATE_INVALID;TYPE_STATUS_INVALID"
1271472556,"3cdabf9a-99da-4383-b6cc-10afee5fb854","1102508525","Animalia","Chordata",NA,"Pleuronectiformes","Cynoglossidae","Symphurus","Symphurus plagiusa",NA,"SPECIES","Symphurus plagiusa (Linnaeus, 1766)","Symphurus plagiusa","(Linnaeus, 1766)","US","Whitewater grid.cell=26 sweep=1","Florida","PRESENT",1,"c3ad790a-d426-4ac1-8e32-da61f81f0117",25.30885,-80.97895,15,NA,NA,NA,1.8,0,"2006-10-19T11:19",19,10,2006,2409475,2409475,"HUMAN_OBSERVATION","USGS","Fall06",NA,NA,NA,NA,"CC0_1_0","","USGS",NA,NA,2025-01-31 19:46:57.763,"","GEODETIC_DATUM_INVALID;GEODETIC_DATUM_ASSUMED_WGS84;FOOTPRINT_WKT_INVALID;CONTINENT_DERIVED_FROM_COORDINATES;IDENTIFIED_DATE_INVALID;TYPE_STATUS_INVALID"
1271472555,"3cdabf9a-99da-4383-b6cc-10afee5fb854","1102508462","Animalia","Chordata",NA,"Pleuronectiformes","Cynoglossidae","Symphurus","Symphurus plagiusa",NA,"SPECIES","Symphurus plagiusa (Linnaeus, 1766)","Symphurus plagiusa","(Linnaeus, 1766)","US","Oyster grid.cell=14 sweep=3","Florida","PRESENT",1,"c3ad790a-d426-4ac1-8e32-da61f81f0117",25.323833,-81.073416,15,NA,NA,NA,1.78,0,"2006-10-16T15:10",16,10,2006,2409475,2409475,"HUMAN_OBSERVATION","USGS","Fall06",NA,NA,NA,NA,"CC0_1_0","","USGS",NA,NA,2025-01-31 19:46:58.008,"","GEODETIC_DATUM_INVALID;GEODETIC_DATUM_ASSUMED_WGS84;FOOTPRINT_WKT_INVALID;CONTINENT_DERIVED_FROM_COORDINATES;IDENTIFIED_DATE_INVALID;TYPE_STATUS_INVALID"
1271472554,"3cdabf9a-99da-4383-b6cc-10afee5fb854","1102508924","Animalia","Chordata",NA,"Pleuronectiformes","Cynoglossidae","Symphurus","Symphurus plagiusa",NA,"SPECIES","Symphurus plagiusa (Linnaeus, 1766)","Symphurus plagiusa","(Linnaeus, 1766)","US","Ponce grid.cell=25 sweep=4","Florida","PRESENT",1,"c3ad790a-d426-4ac1-8e32-da61f81f0117",25.379116,-81.140966,15,NA,NA,NA,1.27,0,"2006-10-18T15:28",18,10,2006,2409475,2409475,"HUMAN_OBSERVATION","USGS","Fall06",NA,NA,NA,NA,"CC0_1_0","","USGS",NA,NA,2025-01-31 19:46:59.241,"","GEODETIC_DATUM_INVALID;GEODETIC_DATUM_ASSUMED_WGS84;FOOTPRINT_WKT_INVALID;CONTINENT_DERIVED_FROM_COORDINATES;IDENTIFIED_DATE_INVALID;TYPE_STATUS_INVALID"
1271472551,"3cdabf9a-99da-4383-b6cc-10afee5fb854","1102507946","Animalia","Chordata",NA,"Pleuronectiformes","Cynoglossidae","Symphurus","Symphurus plagiusa",NA,"SPECIES","Symphurus plagiusa (Linnaeus, 1766)","Symphurus plagiusa","(Linnaeus, 1766)","US","Oyster grid.cell=6 sweep=1","Florida","PRESENT",1,"c3ad790a-d426-4ac1-8e32-da61f81f0117",25.318416,-81.07235,15,NA,NA,NA,2.02,0,"2006-10-16T12:05",16,10,2006,2409475,2409475,"HUMAN_OBSERVATION","USGS","Fall06",NA,NA,NA,NA,"CC0_1_0","","USGS",NA,NA,2025-01-31 19:47:01.136,"","GEODETIC_DATUM_INVALID;GEODETIC_DATUM_ASSUMED_WGS84;FOOTPRINT_WKT_INVALID;CONTINENT_DERIVED_FROM_COORDINATES;IDENTIFIED_DATE_INVALID;TYPE_STATUS_INVALID"
1271472550,"3cdabf9a-99da-4383-b6cc-10afee5fb854","1102507488","Animalia","Chordata",NA,"Pleuronectiformes","Cynoglossidae","Symphurus","Symphurus plagiusa",NA,"SPECIES","Symphurus plagiusa (Linnaeus, 1766)","Symphurus plagiusa","(Linnaeus, 1766)","US","Oyster grid.cell=1 sweep=4","Florida","PRESENT",1,"c3ad790a-d426-4ac1-8e32-da61f81f0117",25.3127,-81.07785,15,NA,NA,NA,2.09,0,"2006-10-16T13:06",16,10,2006,2409475,2409475,"HUMAN_OBSERVATION","USGS","Fall06",NA,NA,NA,NA,"CC0_1_0","","USGS",NA,NA,2025-01-31 19:47:07.335,"","GEODETIC_DATUM_INVALID;GEODETIC_DATUM_ASSUMED_WGS84;FOOTPRINT_WKT_INVALID;CONTINENT_DERIVED_FROM_COORDINATES;IDENTIFIED_DATE_INVALID;TYPE_STATUS_INVALID"
1271472549,"3cdabf9a-99da-4383-b6cc-10afee5fb854","1102508869","Animalia","Chordata",NA,"Pleuronectiformes","Cynoglossidae","Symphurus","Symphurus plagiusa",NA,"SPECIES","Symphurus plagiusa (Linnaeus, 1766)","Symphurus plagiusa","(Linnaeus, 1766)","US","Oyster grid.cell=15 sweep=3","Florida","PRESENT",1,"c3ad790a-d426-4ac1-8e32-da61f81f0117",25.324533,-81.069733,15,NA,NA,NA,2.1,0,"2006-10-16T11:13",16,10,2006,2409475,2409475,"HUMAN_OBSERVATION","USGS","Fall06",NA,NA,NA,NA,"CC0_1_0","","USGS",NA,NA,2025-01-31 19:46:59.458,"","GEODETIC_DATUM_INVALID;GEODETIC_DATUM_ASSUMED_WGS84;FOOTPRINT_WKT_INVALID;CONTINENT_DERIVED_FROM_COORDINATES;IDENTIFIED_DATE_INVALID;TYPE_STATUS_INVALID"
1271472547,"3cdabf9a-99da-4383-b6cc-10afee5fb854","1102508897","Animalia","Chordata",NA,"Pleuronectiformes","Cynoglossidae","Symphurus","Symphurus plagiusa",NA,"SPECIES","Symphurus plagiusa (Linnaeus, 1766)","Symphurus plagiusa","(Linnaeus, 1766)","US","Lostmans grid.cell=8 sweep=3","Florida","PRESENT",1,"c3ad790a-d426-4ac1-8e32-da61f81f0117",25.53075,-81.205616,15,NA,NA,NA,0.56,0,"2006-10-17T15:20",17,10,2006,2409475,2409475,"HUMAN_OBSERVATION","USGS","Fall06",NA,NA,NA,NA,"CC0_1_0","","USGS",NA,NA,2025-01-31 19:46:59.518,"","GEODETIC_DATUM_INVALID;GEODETIC_DATUM_ASSUMED_WGS84;FOOTPRINT_WKT_INVALID;CONTINENT_DERIVED_FROM_COORDINATES;IDENTIFIED_DATE_INVALID;TYPE_STATUS_INVALID"
1271472546,"3cdabf9a-99da-4383-b6cc-10afee5fb854","1102508923","Animalia","Chordata",NA,"Pleuronectiformes","Cynoglossidae","Symphurus","Symphurus plagiusa",NA,"SPECIES","Symphurus plagiusa (Linnaeus, 1766)","Symphurus plagiusa","(Linnaeus, 1766)","US","Whitewater grid.cell=4 sweep=4","Florida","PRESENT",1,"c3ad790a-d426-4ac1-8e32-da61f81f0117",25.277033,-80.983066,15,NA,NA,NA,1.76,0,"2006-10-19T11:01",19,10,2006,2409475,2409475,"HUMAN_OBSERVATION","USGS","Fall06",NA,NA,NA,NA,"CC0_1_0","","USGS",NA,NA,2025-01-31 19:46:59.238,"","GEODETIC_DATUM_INVALID;GEODETIC_DATUM_ASSUMED_WGS84;FOOTPRINT_WKT_INVALID;CONTINENT_DERIVED_FROM_COORDINATES;IDENTIFIED_DATE_INVALID;TYPE_STATUS_INVALID"
1271472543,"3cdabf9a-99da-4383-b6cc-10afee5fb854","1102508577","Animalia","Chordata",NA,"Pleuronectiformes","Cynoglossidae","Symphurus","Symphurus plagiusa",NA,"SPECIES","Symphurus plagiusa (Linnaeus, 1766)","Symphurus plagiusa","(Linnaeus, 1766)","US","Ponce grid.cell=30 sweep=4","Florida","PRESENT",1,"c3ad790a-d426-4ac1-8e32-da61f81f0117",25.378366,-81.131566,15,NA,NA,NA,1,0,"2006-10-18T16:11",18,10,2006,2409475,2409475,"HUMAN_OBSERVATION","USGS","Fall06",NA,NA,NA,NA,"CC0_1_0","","USGS",NA,NA,2025-01-31 19:46:57.754,"","GEODETIC_DATUM_INVALID;GEODETIC_DATUM_ASSUMED_WGS84;FOOTPRINT_WKT_INVALID;CONTINENT_DERIVED_FROM_COORDINATES;IDENTIFIED_DATE_INVALID;TYPE_STATUS_INVALID"
1271472542,"3cdabf9a-99da-4383-b6cc-10afee5fb854","1102507386","Animalia","Chordata",NA,"Pleuronectiformes","Cynoglossidae","Symphurus","Symphurus plagiusa",NA,"SPECIES","Symphurus plagiusa (Linnaeus, 1766)","Symphurus plagiusa","(Linnaeus, 1766)","US","Ponce grid.cell=26 sweep=1","Florida","PRESENT",1,"c3ad790a-d426-4ac1-8e32-da61f81f0117",25.377633,-81.136516,15,NA,NA,NA,1.45,0,"2006-10-18T15:55",18,10,2006,2409475,2409475,"HUMAN_OBSERVATION","USGS","Fall06",NA,NA,NA,NA,"CC0_1_0","","USGS",NA,NA,2025-01-31 19:47:07.535,"","GEODETIC_DATUM_INVALID;GEODETIC_DATUM_ASSUMED_WGS84;FOOTPRINT_WKT_INVALID;CONTINENT_DERIVED_FROM_COORDINATES;IDENTIFIED_DATE_INVALID;TYPE_STATUS_INVALID"
1271472541,"3cdabf9a-99da-4383-b6cc-10afee5fb854","1102508375","Animalia","Chordata",NA,"Pleuronectiformes","Cynoglossidae","Symphurus","Symphurus plagiusa",NA,"SPECIES","Symphurus plagiusa (Linnaeus, 1766)","Symphurus plagiusa","(Linnaeus, 1766)","US","Lostmans grid.cell=1 sweep=2","Florida","PRESENT",1,"c3ad790a-d426-4ac1-8e32-da61f81f0117",25.524317,-81.213667,15,NA,NA,NA,0.47,0,"2006-10-17T17:03",17,10,2006,2409475,2409475,"HUMAN_OBSERVATION","USGS","Fall06",NA,NA,NA,NA,"CC0_1_0","","USGS",NA,NA,2025-01-31 19:46:55.607,"","GEODETIC_DATUM_INVALID;GEODETIC_DATUM_ASSUMED_WGS84;FOOTPRINT_WKT_INVALID;CONTINENT_DERIVED_FROM_COORDINATES;IDENTIFIED_DATE_INVALID;TYPE_STATUS_INVALID"
1271472538,"3cdabf9a-99da-4383-b6cc-10afee5fb854","1102508644","Animalia","Chordata",NA,"Pleuronectiformes","Cynoglossidae","Symphurus","Symphurus plagiusa",NA,"SPECIES","Symphurus plagiusa (Linnaeus, 1766)","Symphurus plagiusa","(Linnaeus, 1766)","US","Oyster grid.cell=7 sweep=1","Florida","PRESENT",1,"c3ad790a-d426-4ac1-8e32-da61f81f0117",25.316466,-81.06705,15,NA,NA,NA,1.84,0,"2006-10-16T12:22",16,10,2006,2409475,2409475,"HUMAN_OBSERVATION","USGS","Fall06",NA,NA,NA,NA,"CC0_1_0","","USGS",NA,NA,2025-01-31 19:46:57.453,"","GEODETIC_DATUM_INVALID;GEODETIC_DATUM_ASSUMED_WGS84;FOOTPRINT_WKT_INVALID;CONTINENT_DERIVED_FROM_COORDINATES;IDENTIFIED_DATE_INVALID;TYPE_STATUS_INVALID"
1271472537,"3cdabf9a-99da-4383-b6cc-10afee5fb854","1102506992","Animalia","Chordata",NA,"Pleuronectiformes","Cynoglossidae","Symphurus","Symphurus plagiusa",NA,"SPECIES","Symphurus plagiusa (Linnaeus, 1766)","Symphurus plagiusa","(Linnaeus, 1766)","US","Lostmans grid.cell=18 sweep=2","Florida","PRESENT",1,"c3ad790a-d426-4ac1-8e32-da61f81f0117",25.544033,-81.216966,15,NA,NA,NA,1.69,0,"2006-10-17T14:28",17,10,2006,2409475,2409475,"HUMAN_OBSERVATION","USGS","Fall06",NA,NA,NA,NA,"CC0_1_0","","USGS",NA,NA,2025-01-31 19:47:10.21,"","GEODETIC_DATUM_INVALID;GEODETIC_DATUM_ASSUMED_WGS84;FOOTPRINT_WKT_INVALID;CONTINENT_DERIVED_FROM_COORDINATES;IDENTIFIED_DATE_INVALID;TYPE_STATUS_INVALID"
1271472536,"3cdabf9a-99da-4383-b6cc-10afee5fb854","1102507344","Animalia","Chordata",NA,"Pleuronectiformes","Cynoglossidae","Symphurus","Symphurus plagiusa",NA,"SPECIES","Symphurus plagiusa (Linnaeus, 1766)","Symphurus plagiusa","(Linnaeus, 1766)","US","Oyster grid.cell=16 sweep=2","Florida","PRESENT",1,"c3ad790a-d426-4ac1-8e32-da61f81f0117",25.32815,-81.07785,15,NA,NA,NA,1.9,0,"2006-10-16T14:28",16,10,2006,2409475,2409475,"HUMAN_OBSERVATION","USGS","Fall06",NA,NA,NA,NA,"CC0_1_0","","USGS",NA,NA,2025-01-31 19:47:07.667,"","GEODETIC_DATUM_INVALID;GEODETIC_DATUM_ASSUMED_WGS84;FOOTPRINT_WKT_INVALID;CONTINENT_DERIVED_FROM_COORDINATES;IDENTIFIED_DATE_INVALID;TYPE_STATUS_INVALID"
1271472535,"3cdabf9a-99da-4383-b6cc-10afee5fb854","1102507255","Animalia","Chordata",NA,"Pleuronectiformes","Cynoglossidae","Symphurus","Symphurus plagiusa",NA,"SPECIES","Symphurus plagiusa (Linnaeus, 1766)","Symphurus plagiusa","(Linnaeus, 1766)","US","Johnson grid.cell=30 sweep=5","Florida","PRESENT",1,"c3ad790a-d426-4ac1-8e32-da61f81f0117",25.069183,-80.904366,15,NA,NA,NA,0.81,0,"2006-10-10T14:20",10,10,2006,2409475,2409475,"HUMAN_OBSERVATION","USGS","Fall06",NA,NA,NA,NA,"CC0_1_0","","USGS",NA,NA,2025-01-31 19:47:07.938,"","GEODETIC_DATUM_INVALID;GEODETIC_DATUM_ASSUMED_WGS84;FOOTPRINT_WKT_INVALID;CONTINENT_DERIVED_FROM_COORDINATES;IDENTIFIED_DATE_INVALID;TYPE_STATUS_INVALID"
1271472534,"3cdabf9a-99da-4383-b6cc-10afee5fb854","1102509283","Animalia","Chordata",NA,"Pleuronectiformes","Cynoglossidae","Symphurus","Symphurus plagiusa",NA,"SPECIES","Symphurus plagiusa (Linnaeus, 1766)","Symphurus plagiusa","(Linnaeus, 1766)","US","Lostmans grid.cell=29 sweep=4","Florida","PRESENT",1,"c3ad790a-d426-4ac1-8e32-da61f81f0117",25.55645,-81.226833,15,NA,NA,NA,1.77,0,"2006-10-17T11:20",17,10,2006,2409475,2409475,"HUMAN_OBSERVATION","USGS","Fall06",NA,NA,NA,NA,"CC0_1_0","","USGS",NA,NA,2025-01-31 19:47:05.314,"","GEODETIC_DATUM_INVALID;GEODETIC_DATUM_ASSUMED_WGS84;FOOTPRINT_WKT_INVALID;CONTINENT_DERIVED_FROM_COORDINATES;IDENTIFIED_DATE_INVALID;TYPE_STATUS_INVALID"
1271472533,"3cdabf9a-99da-4383-b6cc-10afee5fb854","1102507091","Animalia","Chordata",NA,"Pleuronectiformes","Cynoglossidae","Symphurus","Symphurus plagiusa",NA,"SPECIES","Symphurus plagiusa (Linnaeus, 1766)","Symphurus plagiusa","(Linnaeus, 1766)","US","Oyster grid.cell=4 sweep=3","Florida","PRESENT",1,"c3ad790a-d426-4ac1-8e32-da61f81f0117",25.319466,-81.081483,15,NA,NA,NA,2.06,0,"2006-10-16T14:22",16,10,2006,2409475,2409475,"HUMAN_OBSERVATION","USGS","Fall06",NA,NA,NA,NA,"CC0_1_0","","USGS",NA,NA,2025-01-31 19:47:06.241,"","GEODETIC_DATUM_INVALID;GEODETIC_DATUM_ASSUMED_WGS84;FOOTPRINT_WKT_INVALID;CONTINENT_DERIVED_FROM_COORDINATES;IDENTIFIED_DATE_INVALID;TYPE_STATUS_INVALID"
1271472530,"3cdabf9a-99da-4383-b6cc-10afee5fb854","1102507383","Animalia","Chordata",NA,"Pleuronectiformes","Cynoglossidae","Symphurus","Symphurus plagiusa",NA,"SPECIES","Symphurus plagiusa (Linnaeus, 1766)","Symphurus plagiusa","(Linnaeus, 1766)","US","Oyster grid.cell=18 sweep=3","Florida","PRESENT",1,"c3ad790a-d426-4ac1-8e32-da61f81f0117",25.327566,-81.072116,15,NA,NA,NA,1.9,0,"2006-10-16T15:38",16,10,2006,2409475,2409475,"HUMAN_OBSERVATION","USGS","Fall06",NA,NA,NA,NA,"CC0_1_0","","USGS",NA,NA,2025-01-31 19:47:07.659,"","GEODETIC_DATUM_INVALID;GEODETIC_DATUM_ASSUMED_WGS84;FOOTPRINT_WKT_INVALID;CONTINENT_DERIVED_FROM_COORDINATES;IDENTIFIED_DATE_INVALID;TYPE_STATUS_INVALID"
1271472526,"3cdabf9a-99da-4383-b6cc-10afee5fb854","1102506862","Animalia","Chordata",NA,"Pleuronectiformes","Cynoglossidae","Symphurus","Symphurus plagiusa",NA,"SPECIES","Symphurus plagiusa (Linnaeus, 1766)","Symphurus plagiusa","(Linnaeus, 1766)","US","Ponce grid.cell=9 sweep=5","Florida","PRESENT",1,"c3ad790a-d426-4ac1-8e32-da61f81f0117",25.35375,-81.136833,15,NA,NA,NA,3.43,0,"2006-10-18T13:46",18,10,2006,2409475,2409475,"HUMAN_OBSERVATION","USGS","Fall06",NA,NA,NA,NA,"CC0_1_0","","USGS",NA,NA,2025-01-31 19:47:10.518,"","GEODETIC_DATUM_INVALID;GEODETIC_DATUM_ASSUMED_WGS84;FOOTPRINT_WKT_INVALID;CONTINENT_DERIVED_FROM_COORDINATES;IDENTIFIED_DATE_INVALID;TYPE_STATUS_INVALID"
1271472521,"3cdabf9a-99da-4383-b6cc-10afee5fb854","1102507614","Animalia","Chordata",NA,"Pleuronectiformes","Cynoglossidae","Symphurus","Symphurus plagiusa",NA,"SPECIES","Symphurus plagiusa (Linnaeus, 1766)","Symphurus plagiusa","(Linnaeus, 1766)","US","Whitewater grid.cell=15 sweep=5","Florida","PRESENT",1,"c3ad790a-d426-4ac1-8e32-da61f81f0117",25.2924,-80.9766,15,NA,NA,NA,1.89,0,"2006-10-19T12:53",19,10,2006,2409475,2409475,"HUMAN_OBSERVATION","USGS","Fall06",NA,NA,NA,NA,"CC0_1_0","","USGS",NA,NA,2025-01-31 19:47:09.517,"","GEODETIC_DATUM_INVALID;GEODETIC_DATUM_ASSUMED_WGS84;FOOTPRINT_WKT_INVALID;CONTINENT_DERIVED_FROM_COORDINATES;IDENTIFIED_DATE_INVALID;TYPE_STATUS_INVALID"
1271472520,"3cdabf9a-99da-4383-b6cc-10afee5fb854","1102507642","Animalia","Chordata",NA,"Pleuronectiformes","Cynoglossidae","Symphurus","Symphurus plagiusa",NA,"SPECIES","Symphurus plagiusa (Linnaeus, 1766)","Symphurus plagiusa","(Linnaeus, 1766)","US","Oyster grid.cell=25 sweep=2","Florida","PRESENT",1,"c3ad790a-d426-4ac1-8e32-da61f81f0117",25.338433,-81.0794,15,NA,NA,NA,2.2,0,"2006-10-16T12:34",16,10,2006,2409475,2409475,"HUMAN_OBSERVATION","USGS","Fall06",NA,NA,NA,NA,"CC0_1_0","","USGS",NA,NA,2025-01-31 19:47:09.509,"","GEODETIC_DATUM_INVALID;GEODETIC_DATUM_ASSUMED_WGS84;FOOTPRINT_WKT_INVALID;CONTINENT_DERIVED_FROM_COORDINATES;IDENTIFIED_DATE_INVALID;TYPE_STATUS_INVALID"
1271472516,"3cdabf9a-99da-4383-b6cc-10afee5fb854","1102508143","Animalia","Chordata",NA,"Pleuronectiformes","Cynoglossidae","Symphurus","Symphurus plagiusa",NA,"SPECIES","Symphurus plagiusa (Linnaeus, 1766)","Symphurus plagiusa","(Linnaeus, 1766)","US","Lostmans grid.cell=2 sweep=1","Florida","PRESENT",1,"c3ad790a-d426-4ac1-8e32-da61f81f0117",25.5245,-81.2132,15,NA,NA,NA,0.46,0,"2006-10-17T17:19",17,10,2006,2409475,2409475,"HUMAN_OBSERVATION","USGS","Fall06",NA,NA,NA,NA,"CC0_1_0","","USGS",NA,NA,2025-01-31 19:46:56.425,"","GEODETIC_DATUM_INVALID;GEODETIC_DATUM_ASSUMED_WGS84;FOOTPRINT_WKT_INVALID;CONTINENT_DERIVED_FROM_COORDINATES;IDENTIFIED_DATE_INVALID;TYPE_STATUS_INVALID"
1271472512,"3cdabf9a-99da-4383-b6cc-10afee5fb854","1102507628","Animalia","Chordata",NA,"Pleuronectiformes","Cynoglossidae","Symphurus","Symphurus plagiusa",NA,"SPECIES","Symphurus plagiusa (Linnaeus, 1766)","Symphurus plagiusa","(Linnaeus, 1766)","US","Ponce grid.cell=11 sweep=5","Florida","PRESENT",1,"c3ad790a-d426-4ac1-8e32-da61f81f0117",25.351966,-81.120516,15,NA,NA,NA,3.7,0,"2006-10-18T12:51",18,10,2006,2409475,2409475,"HUMAN_OBSERVATION","USGS","Fall06",NA,NA,NA,NA,"CC0_1_0","","USGS",NA,NA,2025-01-31 19:47:09.451,"","GEODETIC_DATUM_INVALID;GEODETIC_DATUM_ASSUMED_WGS84;FOOTPRINT_WKT_INVALID;CONTINENT_DERIVED_FROM_COORDINATES;IDENTIFIED_DATE_INVALID;TYPE_STATUS_INVALID"
1271469271,"3cdabf9a-99da-4383-b6cc-10afee5fb854","1102009143","Animalia","Chordata",NA,"Pleuronectiformes","Cynoglossidae","Symphurus","Symphurus plagiusa",NA,"SPECIES","Symphurus plagiusa (Linnaeus, 1766)","Symphurus plagiusa","(Linnaeus, 1766)","US","Whitewater grid.cell=26 sweep=4","Florida","PRESENT",1,"c3ad790a-d426-4ac1-8e32-da61f81f0117",25.3063,-80.978,15,NA,NA,NA,1.78,0,"2006-04-20T12:45",20,4,2006,2409475,2409475,"HUMAN_OBSERVATION","USGS","Spring06",NA,NA,NA,NA,"CC0_1_0","","USGS",NA,NA,2025-01-31 19:47:11.963,"","GEODETIC_DATUM_INVALID;GEODETIC_DATUM_ASSUMED_WGS84;FOOTPRINT_WKT_INVALID;CONTINENT_DERIVED_FROM_COORDINATES;IDENTIFIED_DATE_INVALID;TYPE_STATUS_INVALID"
1271469237,"3cdabf9a-99da-4383-b6cc-10afee5fb854","1102008810","Animalia","Chordata",NA,"Pleuronectiformes","Cynoglossidae","Symphurus","Symphurus plagiusa",NA,"SPECIES","Symphurus plagiusa (Linnaeus, 1766)","Symphurus plagiusa","(Linnaeus, 1766)","US","Whipray grid.cell=23 sweep=1","Florida","PRESENT",1,"c3ad790a-d426-4ac1-8e32-da61f81f0117",25.077116,-80.730466,15,NA,NA,NA,1.32,0,"2006-09-27T12:15",27,9,2006,2409475,2409475,"HUMAN_OBSERVATION","USGS","Fall06",NA,NA,NA,NA,"CC0_1_0","","USGS",NA,NA,2025-01-31 19:47:04.336,"","GEODETIC_DATUM_INVALID;GEODETIC_DATUM_ASSUMED_WGS84;FOOTPRINT_WKT_INVALID;CONTINENT_DERIVED_FROM_COORDINATES;IDENTIFIED_DATE_INVALID;TYPE_STATUS_INVALID"
1271469219,"3cdabf9a-99da-4383-b6cc-10afee5fb854","1102009244","Animalia","Chordata",NA,"Pleuronectiformes","Cynoglossidae","Symphurus","Symphurus plagiusa",NA,"SPECIES","Symphurus plagiusa (Linnaeus, 1766)","Symphurus plagiusa","(Linnaeus, 1766)","US","Whipray grid.cell=3 sweep=2","Florida","PRESENT",1,"c3ad790a-d426-4ac1-8e32-da61f81f0117",25.053116,-80.776066,15,NA,NA,NA,1.62,0,"2006-09-27T10:55",27,9,2006,2409475,2409475,"HUMAN_OBSERVATION","USGS","Fall06",NA,NA,NA,NA,"CC0_1_0","","USGS",NA,NA,2025-01-31 19:47:11.858,"","GEODETIC_DATUM_INVALID;GEODETIC_DATUM_ASSUMED_WGS84;FOOTPRINT_WKT_INVALID;CONTINENT_DERIVED_FROM_COORDINATES;IDENTIFIED_DATE_INVALID;TYPE_STATUS_INVALID"
1271469208,"3cdabf9a-99da-4383-b6cc-10afee5fb854","1102007495","Animalia","Chordata",NA,"Pleuronectiformes","Cynoglossidae","Symphurus","Symphurus plagiusa",NA,"SPECIES","Symphurus plagiusa (Linnaeus, 1766)","Symphurus plagiusa","(Linnaeus, 1766)","US","Whipray grid.cell=12 sweep=1","Florida","PRESENT",1,"c3ad790a-d426-4ac1-8e32-da61f81f0117",25.071816,-80.78755,15,NA,NA,NA,1.28,0,"2006-09-27T10:28",27,9,2006,2409475,2409475,"HUMAN_OBSERVATION","USGS","Fall06",NA,NA,NA,NA,"CC0_1_0","","USGS",NA,NA,2025-01-31 19:47:14.46,"","GEODETIC_DATUM_INVALID;GEODETIC_DATUM_ASSUMED_WGS84;FOOTPRINT_WKT_INVALID;CONTINENT_DERIVED_FROM_COORDINATES;IDENTIFIED_DATE_INVALID;TYPE_STATUS_INVALID"
1271469204,"3cdabf9a-99da-4383-b6cc-10afee5fb854","1102007989","Animalia","Chordata",NA,"Pleuronectiformes","Cynoglossidae","Symphurus","Symphurus plagiusa",NA,"SPECIES","Symphurus plagiusa (Linnaeus, 1766)","Symphurus plagiusa","(Linnaeus, 1766)","US","Whipray grid.cell=22 sweep=3","Florida","PRESENT",1,"c3ad790a-d426-4ac1-8e32-da61f81f0117",25.083433,-80.7371,15,NA,NA,NA,1.26,0,"2006-09-27T12:30",27,9,2006,2409475,2409475,"HUMAN_OBSERVATION","USGS","Fall06",NA,NA,NA,NA,"CC0_1_0","","USGS",NA,NA,2025-01-31 19:47:05.351,"","GEODETIC_DATUM_INVALID;GEODETIC_DATUM_ASSUMED_WGS84;FOOTPRINT_WKT_INVALID;CONTINENT_DERIVED_FROM_COORDINATES;IDENTIFIED_DATE_INVALID;TYPE_STATUS_INVALID"
1271466367,"3cdabf9a-99da-4383-b6cc-10afee5fb854","1101509311","Animalia","Chordata",NA,"Pleuronectiformes","Cynoglossidae","Symphurus","Symphurus plagiusa",NA,"SPECIES","Symphurus plagiusa (Linnaeus, 1766)","Symphurus plagiusa","(Linnaeus, 1766)","US","Whitewater grid.cell=21 sweep=3","Florida","PRESENT",1,"c3ad790a-d426-4ac1-8e32-da61f81f0117",25.2985,-80.983033,15,NA,NA,NA,1.94,0,"2005-10-13T16:30",13,10,2005,2409475,2409475,"HUMAN_OBSERVATION","USGS","Fall05",NA,NA,NA,NA,"CC0_1_0","","USGS",NA,NA,2025-01-31 19:47:06.06,"","GEODETIC_DATUM_INVALID;GEODETIC_DATUM_ASSUMED_WGS84;FOOTPRINT_WKT_INVALID;CONTINENT_DERIVED_FROM_COORDINATES;IDENTIFIED_DATE_INVALID;TYPE_STATUS_INVALID"
1271466343,"3cdabf9a-99da-4383-b6cc-10afee5fb854","1101509237","Animalia","Chordata",NA,"Pleuronectiformes","Cynoglossidae","Symphurus","Symphurus plagiusa",NA,"SPECIES","Symphurus plagiusa (Linnaeus, 1766)","Symphurus plagiusa","(Linnaeus, 1766)","US","Ponce grid.cell=30 sweep=4","Florida","PRESENT",1,"c3ad790a-d426-4ac1-8e32-da61f81f0117",25.3796,-81.13475,15,NA,NA,NA,1.18,0,"2005-10-11T10:29",11,10,2005,2409475,2409475,"HUMAN_OBSERVATION","USGS","Fall05",NA,NA,NA,NA,"CC0_1_0","","USGS",NA,NA,2025-01-31 19:47:05.848,"","GEODETIC_DATUM_INVALID;GEODETIC_DATUM_ASSUMED_WGS84;FOOTPRINT_WKT_INVALID;CONTINENT_DERIVED_FROM_COORDINATES;IDENTIFIED_DATE_INVALID;TYPE_STATUS_INVALID"
1271466313,"3cdabf9a-99da-4383-b6cc-10afee5fb854","1101509158","Animalia","Chordata",NA,"Pleuronectiformes","Cynoglossidae","Symphurus","Symphurus plagiusa",NA,"SPECIES","Symphurus plagiusa (Linnaeus, 1766)","Symphurus plagiusa","(Linnaeus, 1766)","US","Ponce grid.cell=23 sweep=2","Florida","PRESENT",1,"c3ad790a-d426-4ac1-8e32-da61f81f0117",25.369917,-81.127183,15,NA,NA,NA,1.3,0,"2005-10-11T14:21",11,10,2005,2409475,2409475,"HUMAN_OBSERVATION","USGS","Fall05",NA,NA,NA,NA,"CC0_1_0","","USGS",NA,NA,2025-01-31 19:47:05.937,"","GEODETIC_DATUM_INVALID;GEODETIC_DATUM_ASSUMED_WGS84;FOOTPRINT_WKT_INVALID;CONTINENT_DERIVED_FROM_COORDINATES;IDENTIFIED_DATE_INVALID;TYPE_STATUS_INVALID"
1271466288,"3cdabf9a-99da-4383-b6cc-10afee5fb854","1101509157","Animalia","Chordata",NA,"Pleuronectiformes","Cynoglossidae","Symphurus","Symphurus plagiusa",NA,"SPECIES","Symphurus plagiusa (Linnaeus, 1766)","Symphurus plagiusa","(Linnaeus, 1766)","US","Whitewater grid.cell=9 sweep=2","Florida","PRESENT",1,"c3ad790a-d426-4ac1-8e32-da61f81f0117",25.28315,-80.983283,15,NA,NA,NA,1.93,0,"2005-10-13T15:58",13,10,2005,2409475,2409475,"HUMAN_OBSERVATION","USGS","Fall05",NA,NA,NA,NA,"CC0_1_0","","USGS",NA,NA,2025-01-31 19:47:05.936,"","GEODETIC_DATUM_INVALID;GEODETIC_DATUM_ASSUMED_WGS84;FOOTPRINT_WKT_INVALID;CONTINENT_DERIVED_FROM_COORDINATES;IDENTIFIED_DATE_INVALID;TYPE_STATUS_INVALID"
1271466258,"3cdabf9a-99da-4383-b6cc-10afee5fb854","1101509144","Animalia","Chordata",NA,"Pleuronectiformes","Cynoglossidae","Symphurus","Symphurus plagiusa",NA,"SPECIES","Symphurus plagiusa (Linnaeus, 1766)","Symphurus plagiusa","(Linnaeus, 1766)","US","Lostmans grid.cell=7 sweep=1","Florida","PRESENT",1,"c3ad790a-d426-4ac1-8e32-da61f81f0117",25.531483,-81.208016,15,NA,NA,NA,1.43,0,"2005-10-12T11:52",12,10,2005,2409475,2409475,"HUMAN_OBSERVATION","USGS","Fall05",NA,NA,NA,NA,"CC0_1_0","","USGS",NA,NA,2025-01-31 19:47:05.925,"","GEODETIC_DATUM_INVALID;GEODETIC_DATUM_ASSUMED_WGS84;FOOTPRINT_WKT_INVALID;CONTINENT_DERIVED_FROM_COORDINATES;IDENTIFIED_DATE_INVALID;TYPE_STATUS_INVALID"
1271466232,"3cdabf9a-99da-4383-b6cc-10afee5fb854","1101509126","Animalia","Chordata",NA,"Pleuronectiformes","Cynoglossidae","Symphurus","Symphurus plagiusa",NA,"SPECIES","Symphurus plagiusa (Linnaeus, 1766)","Symphurus plagiusa","(Linnaeus, 1766)","US","Ponce grid.cell=15 sweep=2","Florida","PRESENT",1,"c3ad790a-d426-4ac1-8e32-da61f81f0117",25.3565,-81.1245,15,NA,NA,NA,2.25,0,"2005-10-11T15:12",11,10,2005,2409475,2409475,"HUMAN_OBSERVATION","USGS","Fall05",NA,NA,NA,NA,"CC0_1_0","","USGS",NA,NA,2025-01-31 19:47:06.505,"","GEODETIC_DATUM_INVALID;GEODETIC_DATUM_ASSUMED_WGS84;FOOTPRINT_WKT_INVALID;CONTINENT_DERIVED_FROM_COORDINATES;IDENTIFIED_DATE_INVALID;TYPE_STATUS_INVALID"
1271466204,"3cdabf9a-99da-4383-b6cc-10afee5fb854","1101509111","Animalia","Chordata",NA,"Pleuronectiformes","Cynoglossidae","Symphurus","Symphurus plagiusa",NA,"SPECIES","Symphurus plagiusa (Linnaeus, 1766)","Symphurus plagiusa","(Linnaeus, 1766)","US","Rabbit grid.cell=11 sweep=3","Florida","PRESENT",1,"c3ad790a-d426-4ac1-8e32-da61f81f0117",24.984433,-80.875583,15,NA,NA,NA,2.52,0,"2006-05-03T14:22",3,5,2006,2409475,2409475,"HUMAN_OBSERVATION","USGS","Spring06",NA,NA,NA,NA,"CC0_1_0","","USGS",NA,NA,2025-01-31 19:47:06.444,"","GEODETIC_DATUM_INVALID;GEODETIC_DATUM_ASSUMED_WGS84;FOOTPRINT_WKT_INVALID;CONTINENT_DERIVED_FROM_COORDINATES;IDENTIFIED_DATE_INVALID;TYPE_STATUS_INVALID"
1271466150,"3cdabf9a-99da-4383-b6cc-10afee5fb854","1101509070","Animalia","Chordata",NA,"Pleuronectiformes","Cynoglossidae","Symphurus","Symphurus plagiusa",NA,"SPECIES","Symphurus plagiusa (Linnaeus, 1766)","Symphurus plagiusa","(Linnaeus, 1766)","US","Ponce grid.cell=10 sweep=2","Florida","PRESENT",1,"c3ad790a-d426-4ac1-8e32-da61f81f0117",25.350683,-81.126717,15,NA,NA,NA,2.75,0,"2005-10-11T10:40",11,10,2005,2409475,2409475,"HUMAN_OBSERVATION","USGS","Fall05",NA,NA,NA,NA,"CC0_1_0","","USGS",NA,NA,2025-01-31 19:47:06.532,"","GEODETIC_DATUM_INVALID;GEODETIC_DATUM_ASSUMED_WGS84;FOOTPRINT_WKT_INVALID;CONTINENT_DERIVED_FROM_COORDINATES;IDENTIFIED_DATE_INVALID;TYPE_STATUS_INVALID"
1271466046,"3cdabf9a-99da-4383-b6cc-10afee5fb854","1101508971","Animalia","Chordata",NA,"Pleuronectiformes","Cynoglossidae","Symphurus","Symphurus plagiusa",NA,"SPECIES","Symphurus plagiusa (Linnaeus, 1766)","Symphurus plagiusa","(Linnaeus, 1766)","US","Ponce grid.cell=13 sweep=4","Florida","PRESENT",1,"c3ad790a-d426-4ac1-8e32-da61f81f0117",25.354883,-81.139817,15,NA,NA,NA,2.7,0,"2005-10-11T14:04",11,10,2005,2409475,2409475,"HUMAN_OBSERVATION","USGS","Fall05",NA,NA,NA,NA,"CC0_1_0","","USGS",NA,NA,2025-01-31 19:46:57.029,"","GEODETIC_DATUM_INVALID;GEODETIC_DATUM_ASSUMED_WGS84;FOOTPRINT_WKT_INVALID;CONTINENT_DERIVED_FROM_COORDINATES;IDENTIFIED_DATE_INVALID;TYPE_STATUS_INVALID"
1271466021,"3cdabf9a-99da-4383-b6cc-10afee5fb854","1101508959","Animalia","Chordata",NA,"Pleuronectiformes","Cynoglossidae","Symphurus","Symphurus plagiusa",NA,"SPECIES","Symphurus plagiusa (Linnaeus, 1766)","Symphurus plagiusa","(Linnaeus, 1766)","US","Whitewater grid.cell=14 sweep=1","Florida","PRESENT",1,"c3ad790a-d426-4ac1-8e32-da61f81f0117",25.290166,-80.990366,15,NA,NA,NA,2.05,0,"2005-10-13T16:16",13,10,2005,2409475,2409475,"HUMAN_OBSERVATION","USGS","Fall05",NA,NA,NA,NA,"CC0_1_0","","USGS",NA,NA,2025-01-31 19:46:57.225,"","GEODETIC_DATUM_INVALID;GEODETIC_DATUM_ASSUMED_WGS84;FOOTPRINT_WKT_INVALID;CONTINENT_DERIVED_FROM_COORDINATES;IDENTIFIED_DATE_INVALID;TYPE_STATUS_INVALID"
1271465994,"3cdabf9a-99da-4383-b6cc-10afee5fb854","1101508895","Animalia","Chordata",NA,"Pleuronectiformes","Cynoglossidae","Symphurus","Symphurus plagiusa",NA,"SPECIES","Symphurus plagiusa (Linnaeus, 1766)","Symphurus plagiusa","(Linnaeus, 1766)","US","Whitewater grid.cell=19 sweep=1","Florida","PRESENT",1,"c3ad790a-d426-4ac1-8e32-da61f81f0117",25.302083,-81.002683,15,NA,NA,NA,1.37,0,"2005-10-13T16:13",13,10,2005,2409475,2409475,"HUMAN_OBSERVATION","USGS","Fall05",NA,NA,NA,NA,"CC0_1_0","","USGS",NA,NA,2025-01-31 19:46:57.954,"","GEODETIC_DATUM_INVALID;GEODETIC_DATUM_ASSUMED_WGS84;FOOTPRINT_WKT_INVALID;CONTINENT_DERIVED_FROM_COORDINATES;IDENTIFIED_DATE_INVALID;TYPE_STATUS_INVALID"
1271465988,"3cdabf9a-99da-4383-b6cc-10afee5fb854","1101510394","Animalia","Chordata",NA,"Pleuronectiformes","Cynoglossidae","Symphurus","Symphurus plagiusa",NA,"SPECIES","Symphurus plagiusa (Linnaeus, 1766)","Symphurus plagiusa","(Linnaeus, 1766)","US","Oyster grid.cell=26 sweep=3","Florida","PRESENT",1,"c3ad790a-d426-4ac1-8e32-da61f81f0117",25.335967,-81.076317,15,NA,NA,NA,1.98,0,"2005-10-10T15:58",10,10,2005,2409475,2409475,"HUMAN_OBSERVATION","USGS","Fall05",NA,NA,NA,NA,"CC0_1_0","","USGS",NA,NA,2025-01-31 19:47:05.502,"","GEODETIC_DATUM_INVALID;GEODETIC_DATUM_ASSUMED_WGS84;FOOTPRINT_WKT_INVALID;CONTINENT_DERIVED_FROM_COORDINATES;IDENTIFIED_DATE_INVALID;TYPE_STATUS_INVALID"
1271465970,"3cdabf9a-99da-4383-b6cc-10afee5fb854","1101508778","Animalia","Chordata",NA,"Pleuronectiformes","Cynoglossidae","Symphurus","Symphurus plagiusa",NA,"SPECIES","Symphurus plagiusa (Linnaeus, 1766)","Symphurus plagiusa","(Linnaeus, 1766)","US","Rankin grid.cell=2 sweep=2","Florida","PRESENT",1,"c3ad790a-d426-4ac1-8e32-da61f81f0117",25.105516,-80.790233,15,NA,NA,NA,1.23,0,"2006-05-01T10:19",1,5,2006,2409475,2409475,"HUMAN_OBSERVATION","USGS","Spring06",NA,NA,NA,NA,"CC0_1_0","","USGS",NA,NA,2025-01-31 19:46:57.643,"","GEODETIC_DATUM_INVALID;GEODETIC_DATUM_ASSUMED_WGS84;FOOTPRINT_WKT_INVALID;CONTINENT_DERIVED_FROM_COORDINATES;IDENTIFIED_DATE_INVALID;TYPE_STATUS_INVALID"
1271465965,"3cdabf9a-99da-4383-b6cc-10afee5fb854","1101510360","Animalia","Chordata",NA,"Pleuronectiformes","Cynoglossidae","Symphurus","Symphurus plagiusa",NA,"SPECIES","Symphurus plagiusa (Linnaeus, 1766)","Symphurus plagiusa","(Linnaeus, 1766)","US","Ponce grid.cell=11 sweep=5","Florida","PRESENT",1,"c3ad790a-d426-4ac1-8e32-da61f81f0117",25.35215,-81.120317,15,NA,NA,NA,2.36,0,"2005-10-11T15:38",11,10,2005,2409475,2409475,"HUMAN_OBSERVATION","USGS","Fall05",NA,NA,NA,NA,"CC0_1_0","","USGS",NA,NA,2025-01-31 19:47:06.051,"","GEODETIC_DATUM_INVALID;GEODETIC_DATUM_ASSUMED_WGS84;FOOTPRINT_WKT_INVALID;CONTINENT_DERIVED_FROM_COORDINATES;IDENTIFIED_DATE_INVALID;TYPE_STATUS_INVALID"
1271465948,"3cdabf9a-99da-4383-b6cc-10afee5fb854","1101508658","Animalia","Chordata",NA,"Pleuronectiformes","Cynoglossidae","Symphurus","Symphurus plagiusa",NA,"SPECIES","Symphurus plagiusa (Linnaeus, 1766)","Symphurus plagiusa","(Linnaeus, 1766)","US","Whipray grid.cell=30 sweep=2","Florida","PRESENT",1,"c3ad790a-d426-4ac1-8e32-da61f81f0117",25.095466,-80.76345,15,NA,NA,NA,1.66,0,"2006-05-02T11:14",2,5,2006,2409475,2409475,"HUMAN_OBSERVATION","USGS","Spring06",NA,NA,NA,NA,"CC0_1_0","","USGS",NA,NA,2025-01-31 19:46:58.553,"","GEODETIC_DATUM_INVALID;GEODETIC_DATUM_ASSUMED_WGS84;FOOTPRINT_WKT_INVALID;CONTINENT_DERIVED_FROM_COORDINATES;IDENTIFIED_DATE_INVALID;TYPE_STATUS_INVALID"
1271465923,"3cdabf9a-99da-4383-b6cc-10afee5fb854","1101508648","Animalia","Chordata",NA,"Pleuronectiformes","Cynoglossidae","Symphurus","Symphurus plagiusa",NA,"SPECIES","Symphurus plagiusa (Linnaeus, 1766)","Symphurus plagiusa","(Linnaeus, 1766)","US","Oyster grid.cell=16 sweep=1","Florida","PRESENT",1,"c3ad790a-d426-4ac1-8e32-da61f81f0117",25.328033,-81.078317,15,NA,NA,NA,1.85,0,"2005-10-10T11:55",10,10,2005,2409475,2409475,"HUMAN_OBSERVATION","USGS","Fall05",NA,NA,NA,NA,"CC0_1_0","","USGS",NA,NA,2025-01-31 19:46:58.618,"","GEODETIC_DATUM_INVALID;GEODETIC_DATUM_ASSUMED_WGS84;FOOTPRINT_WKT_INVALID;CONTINENT_DERIVED_FROM_COORDINATES;IDENTIFIED_DATE_INVALID;TYPE_STATUS_INVALID"
1271465918,"3cdabf9a-99da-4383-b6cc-10afee5fb854","1101510319","Animalia","Chordata",NA,"Pleuronectiformes","Cynoglossidae","Symphurus","Symphurus plagiusa",NA,"SPECIES","Symphurus plagiusa (Linnaeus, 1766)","Symphurus plagiusa","(Linnaeus, 1766)","US","Oyster grid.cell=14 sweep=5","Florida","PRESENT",1,"c3ad790a-d426-4ac1-8e32-da61f81f0117",25.324183,-81.0722,15,NA,NA,NA,1.56,0,"2005-10-10T11:14",10,10,2005,2409475,2409475,"HUMAN_OBSERVATION","USGS","Fall05",NA,NA,NA,NA,"CC0_1_0","","USGS",NA,NA,2025-01-31 19:47:06.105,"","GEODETIC_DATUM_INVALID;GEODETIC_DATUM_ASSUMED_WGS84;FOOTPRINT_WKT_INVALID;CONTINENT_DERIVED_FROM_COORDINATES;IDENTIFIED_DATE_INVALID;TYPE_STATUS_INVALID"
1271465893,"3cdabf9a-99da-4383-b6cc-10afee5fb854","1101510266","Animalia","Chordata",NA,"Pleuronectiformes","Cynoglossidae","Symphurus","Symphurus plagiusa",NA,"SPECIES","Symphurus plagiusa (Linnaeus, 1766)","Symphurus plagiusa","(Linnaeus, 1766)","US","Whipray grid.cell=24 sweep=1","Florida","PRESENT",1,"c3ad790a-d426-4ac1-8e32-da61f81f0117",25.090966,-80.772183,15,NA,NA,NA,1.62,0,"2006-05-02T10:52",2,5,2006,2409475,2409475,"HUMAN_OBSERVATION","USGS","Spring06",NA,NA,NA,NA,"CC0_1_0","","USGS",NA,NA,2025-01-31 19:47:06.142,"","GEODETIC_DATUM_INVALID;GEODETIC_DATUM_ASSUMED_WGS84;FOOTPRINT_WKT_INVALID;CONTINENT_DERIVED_FROM_COORDINATES;IDENTIFIED_DATE_INVALID;TYPE_STATUS_INVALID"
1271465873,"3cdabf9a-99da-4383-b6cc-10afee5fb854","1101510151","Animalia","Chordata",NA,"Pleuronectiformes","Cynoglossidae","Symphurus","Symphurus plagiusa",NA,"SPECIES","Symphurus plagiusa (Linnaeus, 1766)","Symphurus plagiusa","(Linnaeus, 1766)","US","Johnson grid.cell=16 sweep=2","Florida","PRESENT",1,"c3ad790a-d426-4ac1-8e32-da61f81f0117",25.057183,-80.931367,15,NA,NA,NA,1.49,0,"2006-05-04T12:59",4,5,2006,2409475,2409475,"HUMAN_OBSERVATION","USGS","Spring06",NA,NA,NA,NA,"CC0_1_0","","USGS",NA,NA,2025-01-31 19:47:05.939,"","GEODETIC_DATUM_INVALID;GEODETIC_DATUM_ASSUMED_WGS84;FOOTPRINT_WKT_INVALID;CONTINENT_DERIVED_FROM_COORDINATES;IDENTIFIED_DATE_INVALID;TYPE_STATUS_INVALID"
1271465851,"3cdabf9a-99da-4383-b6cc-10afee5fb854","1101510145","Animalia","Chordata",NA,"Pleuronectiformes","Cynoglossidae","Symphurus","Symphurus plagiusa",NA,"SPECIES","Symphurus plagiusa (Linnaeus, 1766)","Symphurus plagiusa","(Linnaeus, 1766)","US","Ponce grid.cell=22 sweep=1","Florida","PRESENT",1,"c3ad790a-d426-4ac1-8e32-da61f81f0117",25.368233,-81.130883,15,NA,NA,NA,1.3,0,"2005-10-11T13:36",11,10,2005,2409475,2409475,"HUMAN_OBSERVATION","USGS","Fall05",NA,NA,NA,NA,"CC0_1_0","","USGS",NA,NA,2025-01-31 19:47:05.918,"","GEODETIC_DATUM_INVALID;GEODETIC_DATUM_ASSUMED_WGS84;FOOTPRINT_WKT_INVALID;CONTINENT_DERIVED_FROM_COORDINATES;IDENTIFIED_DATE_INVALID;TYPE_STATUS_INVALID"
1271465826,"3cdabf9a-99da-4383-b6cc-10afee5fb854","1101510082","Animalia","Chordata",NA,"Pleuronectiformes","Cynoglossidae","Symphurus","Symphurus plagiusa",NA,"SPECIES","Symphurus plagiusa (Linnaeus, 1766)","Symphurus plagiusa","(Linnaeus, 1766)","US","Johnson grid.cell=10 sweep=3","Florida","PRESENT",1,"c3ad790a-d426-4ac1-8e32-da61f81f0117",25.047167,-80.933683,15,NA,NA,NA,0.5,0,"2006-05-04T11:17",4,5,2006,2409475,2409475,"HUMAN_OBSERVATION","USGS","Spring06",NA,NA,NA,NA,"CC0_1_0","","USGS",NA,NA,2025-01-31 19:47:06.54,"","GEODETIC_DATUM_INVALID;GEODETIC_DATUM_ASSUMED_WGS84;FOOTPRINT_WKT_INVALID;CONTINENT_DERIVED_FROM_COORDINATES;IDENTIFIED_DATE_INVALID;TYPE_STATUS_INVALID"
1271465813,"3cdabf9a-99da-4383-b6cc-10afee5fb854","1101508357","Animalia","Chordata",NA,"Pleuronectiformes","Cynoglossidae","Symphurus","Symphurus plagiusa",NA,"SPECIES","Symphurus plagiusa (Linnaeus, 1766)","Symphurus plagiusa","(Linnaeus, 1766)","US","Whitewater grid.cell=1 sweep=2","Florida","PRESENT",1,"c3ad790a-d426-4ac1-8e32-da61f81f0117",25.26445,-80.970133,15,NA,NA,NA,1.75,0,"2005-10-13T16:57",13,10,2005,2409475,2409475,"HUMAN_OBSERVATION","USGS","Fall05",NA,NA,NA,NA,"CC0_1_0","","USGS",NA,NA,2025-01-31 19:46:59.072,"","GEODETIC_DATUM_INVALID;GEODETIC_DATUM_ASSUMED_WGS84;FOOTPRINT_WKT_INVALID;CONTINENT_DERIVED_FROM_COORDINATES;IDENTIFIED_DATE_INVALID;TYPE_STATUS_INVALID"
1271465802,"3cdabf9a-99da-4383-b6cc-10afee5fb854","1101510079","Animalia","Chordata",NA,"Pleuronectiformes","Cynoglossidae","Symphurus","Symphurus plagiusa",NA,"SPECIES","Symphurus plagiusa (Linnaeus, 1766)","Symphurus plagiusa","(Linnaeus, 1766)","US","Oyster grid.cell=25 sweep=3","Florida","PRESENT",1,"c3ad790a-d426-4ac1-8e32-da61f81f0117",25.337567,-81.079267,15,NA,NA,NA,1.83,0,"2005-10-10T16:25",10,10,2005,2409475,2409475,"HUMAN_OBSERVATION","USGS","Fall05",NA,NA,NA,NA,"CC0_1_0","","USGS",NA,NA,2025-01-31 19:47:06.545,"","GEODETIC_DATUM_INVALID;GEODETIC_DATUM_ASSUMED_WGS84;FOOTPRINT_WKT_INVALID;CONTINENT_DERIVED_FROM_COORDINATES;IDENTIFIED_DATE_INVALID;TYPE_STATUS_INVALID"
1271465789,"3cdabf9a-99da-4383-b6cc-10afee5fb854","1101508295","Animalia","Chordata",NA,"Pleuronectiformes","Cynoglossidae","Symphurus","Symphurus plagiusa",NA,"SPECIES","Symphurus plagiusa (Linnaeus, 1766)","Symphurus plagiusa","(Linnaeus, 1766)","US","Oyster grid.cell=30 sweep=3","Florida","PRESENT",1,"c3ad790a-d426-4ac1-8e32-da61f81f0117",25.340767,-81.073167,15,NA,NA,NA,1.61,0,"2005-10-10T15:20",10,10,2005,2409475,2409475,"HUMAN_OBSERVATION","USGS","Fall05",NA,NA,NA,NA,"CC0_1_0","","USGS",NA,NA,2025-01-31 19:46:59.166,"","GEODETIC_DATUM_INVALID;GEODETIC_DATUM_ASSUMED_WGS84;FOOTPRINT_WKT_INVALID;CONTINENT_DERIVED_FROM_COORDINATES;IDENTIFIED_DATE_INVALID;TYPE_STATUS_INVALID"
1271465779,"3cdabf9a-99da-4383-b6cc-10afee5fb854","1101510012","Animalia","Chordata",NA,"Pleuronectiformes","Cynoglossidae","Symphurus","Symphurus plagiusa",NA,"SPECIES","Symphurus plagiusa (Linnaeus, 1766)","Symphurus plagiusa","(Linnaeus, 1766)","US","Ponce grid.cell=14 sweep=5","Florida","PRESENT",1,"c3ad790a-d426-4ac1-8e32-da61f81f0117",25.35515,-81.1312,15,NA,NA,NA,2.52,0,"2005-10-11T14:52",11,10,2005,2409475,2409475,"HUMAN_OBSERVATION","USGS","Fall05",NA,NA,NA,NA,"CC0_1_0","","USGS",NA,NA,2025-01-31 19:47:06.552,"","GEODETIC_DATUM_INVALID;GEODETIC_DATUM_ASSUMED_WGS84;FOOTPRINT_WKT_INVALID;CONTINENT_DERIVED_FROM_COORDINATES;IDENTIFIED_DATE_INVALID;TYPE_STATUS_INVALID"
1271465765,"3cdabf9a-99da-4383-b6cc-10afee5fb854","1101508283","Animalia","Chordata",NA,"Pleuronectiformes","Cynoglossidae","Symphurus","Symphurus plagiusa",NA,"SPECIES","Symphurus plagiusa (Linnaeus, 1766)","Symphurus plagiusa","(Linnaeus, 1766)","US","Oyster grid.cell=19 sweep=1","Florida","PRESENT",1,"c3ad790a-d426-4ac1-8e32-da61f81f0117",25.328933,-81.0649,15,NA,NA,NA,1.92,0,"2005-10-10T10:48",10,10,2005,2409475,2409475,"HUMAN_OBSERVATION","USGS","Fall05",NA,NA,NA,NA,"CC0_1_0","","USGS",NA,NA,2025-01-31 19:46:54.551,"","GEODETIC_DATUM_INVALID;GEODETIC_DATUM_ASSUMED_WGS84;FOOTPRINT_WKT_INVALID;CONTINENT_DERIVED_FROM_COORDINATES;IDENTIFIED_DATE_INVALID;TYPE_STATUS_INVALID"
1271465754,"3cdabf9a-99da-4383-b6cc-10afee5fb854","1101509999","Animalia","Chordata",NA,"Pleuronectiformes","Cynoglossidae","Symphurus","Symphurus plagiusa",NA,"SPECIES","Symphurus plagiusa (Linnaeus, 1766)","Symphurus plagiusa","(Linnaeus, 1766)","US","Whipray grid.cell=20 sweep=1","Florida","PRESENT",1,"c3ad790a-d426-4ac1-8e32-da61f81f0117",25.08445,-80.756966,15,NA,NA,NA,1.85,0,"2006-05-02T12:52",2,5,2006,2409475,2409475,"HUMAN_OBSERVATION","USGS","Spring06",NA,NA,NA,NA,"CC0_1_0","","USGS",NA,NA,2025-01-31 19:47:08.857,"","GEODETIC_DATUM_INVALID;GEODETIC_DATUM_ASSUMED_WGS84;FOOTPRINT_WKT_INVALID;CONTINENT_DERIVED_FROM_COORDINATES;IDENTIFIED_DATE_INVALID;TYPE_STATUS_INVALID"
1271465729,"3cdabf9a-99da-4383-b6cc-10afee5fb854","1101509985","Animalia","Chordata",NA,"Pleuronectiformes","Cynoglossidae","Symphurus","Symphurus plagiusa",NA,"SPECIES","Symphurus plagiusa (Linnaeus, 1766)","Symphurus plagiusa","(Linnaeus, 1766)","US","Ponce grid.cell=21 sweep=3","Florida","PRESENT",1,"c3ad790a-d426-4ac1-8e32-da61f81f0117",25.368317,-81.137917,15,NA,NA,NA,1.4,0,"2005-10-11T13:04",11,10,2005,2409475,2409475,"HUMAN_OBSERVATION","USGS","Fall05",NA,NA,NA,NA,"CC0_1_0","","USGS",NA,NA,2025-01-31 19:47:08.904,"","GEODETIC_DATUM_INVALID;GEODETIC_DATUM_ASSUMED_WGS84;FOOTPRINT_WKT_INVALID;CONTINENT_DERIVED_FROM_COORDINATES;IDENTIFIED_DATE_INVALID;TYPE_STATUS_INVALID"
1271465704,"3cdabf9a-99da-4383-b6cc-10afee5fb854","1101508122","Animalia","Chordata",NA,"Pleuronectiformes","Cynoglossidae","Symphurus","Symphurus plagiusa",NA,"SPECIES","Symphurus plagiusa (Linnaeus, 1766)","Symphurus plagiusa","(Linnaeus, 1766)","US","Oyster grid.cell=28 sweep=3","Florida","PRESENT",1,"c3ad790a-d426-4ac1-8e32-da61f81f0117",25.33965,-81.0809,15,NA,NA,NA,2.39,0,"2005-10-10T13:58",10,10,2005,2409475,2409475,"HUMAN_OBSERVATION","USGS","Fall05",NA,NA,NA,NA,"CC0_1_0","","USGS",NA,NA,2025-01-31 19:46:54.157,"","GEODETIC_DATUM_INVALID;GEODETIC_DATUM_ASSUMED_WGS84;FOOTPRINT_WKT_INVALID;CONTINENT_DERIVED_FROM_COORDINATES;IDENTIFIED_DATE_INVALID;TYPE_STATUS_INVALID"
1271465688,"3cdabf9a-99da-4383-b6cc-10afee5fb854","1101509934","Animalia","Chordata",NA,"Pleuronectiformes","Cynoglossidae","Symphurus","Symphurus plagiusa",NA,"SPECIES","Symphurus plagiusa (Linnaeus, 1766)","Symphurus plagiusa","(Linnaeus, 1766)","US","Oyster grid.cell=10 sweep=3","Florida","PRESENT",1,"c3ad790a-d426-4ac1-8e32-da61f81f0117",25.3201,-81.07045,15,NA,NA,NA,1.65,0,"2005-10-10T15:38",10,10,2005,2409475,2409475,"HUMAN_OBSERVATION","USGS","Fall05",NA,NA,NA,NA,"CC0_1_0","","USGS",NA,NA,2025-01-31 19:47:09.215,"","GEODETIC_DATUM_INVALID;GEODETIC_DATUM_ASSUMED_WGS84;FOOTPRINT_WKT_INVALID;CONTINENT_DERIVED_FROM_COORDINATES;IDENTIFIED_DATE_INVALID;TYPE_STATUS_INVALID"
1271465684,"3cdabf9a-99da-4383-b6cc-10afee5fb854","1101507938","Animalia","Chordata",NA,"Pleuronectiformes","Cynoglossidae","Symphurus","Symphurus plagiusa",NA,"SPECIES","Symphurus plagiusa (Linnaeus, 1766)","Symphurus plagiusa","(Linnaeus, 1766)","US","Oyster grid.cell=8 sweep=4","Florida","PRESENT",1,"c3ad790a-d426-4ac1-8e32-da61f81f0117",25.321833,-81.079517,15,NA,NA,NA,1.94,0,"2005-10-10T12:14",10,10,2005,2409475,2409475,"HUMAN_OBSERVATION","USGS","Fall05",NA,NA,NA,NA,"CC0_1_0","","USGS",NA,NA,2025-01-31 19:47:12.854,"","GEODETIC_DATUM_INVALID;GEODETIC_DATUM_ASSUMED_WGS84;FOOTPRINT_WKT_INVALID;CONTINENT_DERIVED_FROM_COORDINATES;IDENTIFIED_DATE_INVALID;TYPE_STATUS_INVALID"
1271465665,"3cdabf9a-99da-4383-b6cc-10afee5fb854","1101509818","Animalia","Chordata",NA,"Pleuronectiformes","Cynoglossidae","Symphurus","Symphurus plagiusa",NA,"SPECIES","Symphurus plagiusa (Linnaeus, 1766)","Symphurus plagiusa","(Linnaeus, 1766)","US","Ponce grid.cell=5 sweep=1","Florida","PRESENT",1,"c3ad790a-d426-4ac1-8e32-da61f81f0117",25.347283,-81.129317,15,NA,NA,NA,3.8,0,"2005-10-11T10:12",11,10,2005,2409475,2409475,"HUMAN_OBSERVATION","USGS","Fall05",NA,NA,NA,NA,"CC0_1_0","","USGS",NA,NA,2025-01-31 19:47:08.462,"","GEODETIC_DATUM_INVALID;GEODETIC_DATUM_ASSUMED_WGS84;FOOTPRINT_WKT_INVALID;CONTINENT_DERIVED_FROM_COORDINATES;IDENTIFIED_DATE_INVALID;TYPE_STATUS_INVALID"
1271465640,"3cdabf9a-99da-4383-b6cc-10afee5fb854","1101509791","Animalia","Chordata",NA,"Pleuronectiformes","Cynoglossidae","Symphurus","Symphurus plagiusa",NA,"SPECIES","Symphurus plagiusa (Linnaeus, 1766)","Symphurus plagiusa","(Linnaeus, 1766)","US","Oyster grid.cell=13 sweep=2","Florida","PRESENT",1,"c3ad790a-d426-4ac1-8e32-da61f81f0117",25.32585,-81.075917,15,NA,NA,NA,1.99,0,"2005-10-10T11:32",10,10,2005,2409475,2409475,"HUMAN_OBSERVATION","USGS","Fall05",NA,NA,NA,NA,"CC0_1_0","","USGS",NA,NA,2025-01-31 19:47:09.66,"","GEODETIC_DATUM_INVALID;GEODETIC_DATUM_ASSUMED_WGS84;FOOTPRINT_WKT_INVALID;CONTINENT_DERIVED_FROM_COORDINATES;IDENTIFIED_DATE_INVALID;TYPE_STATUS_INVALID"
1271465623,"3cdabf9a-99da-4383-b6cc-10afee5fb854","1101507874","Animalia","Chordata",NA,"Pleuronectiformes","Cynoglossidae","Symphurus","Symphurus plagiusa",NA,"SPECIES","Symphurus plagiusa (Linnaeus, 1766)","Symphurus plagiusa","(Linnaeus, 1766)","US","Port_of_Miami grid.cell=9 sweep=2","Florida","PRESENT",1,"c3ad790a-d426-4ac1-8e32-da61f81f0117",25.75415,-80.188617,15,NA,NA,NA,3,0,"2005-10-18T11:19",18,10,2005,2409475,2409475,"HUMAN_OBSERVATION","USGS","Fall05",NA,NA,NA,NA,"CC0_1_0","","USGS",NA,NA,2025-01-31 19:47:12.415,"","GEODETIC_DATUM_INVALID;GEODETIC_DATUM_ASSUMED_WGS84;FOOTPRINT_WKT_INVALID;CONTINENT_DERIVED_FROM_COORDINATES;IDENTIFIED_DATE_INVALID;TYPE_STATUS_INVALID"
1271465616,"3cdabf9a-99da-4383-b6cc-10afee5fb854","1101509724","Animalia","Chordata",NA,"Pleuronectiformes","Cynoglossidae","Symphurus","Symphurus plagiusa",NA,"SPECIES","Symphurus plagiusa (Linnaeus, 1766)","Symphurus plagiusa","(Linnaeus, 1766)","US","Oyster grid.cell=3 sweep=2","Florida","PRESENT",1,"c3ad790a-d426-4ac1-8e32-da61f81f0117",25.311933,-81.070217,15,NA,NA,NA,1.96,0,"2005-10-10T14:33",10,10,2005,2409475,2409475,"HUMAN_OBSERVATION","USGS","Fall05",NA,NA,NA,NA,"CC0_1_0","","USGS",NA,NA,2025-01-31 19:47:09.641,"","GEODETIC_DATUM_INVALID;GEODETIC_DATUM_ASSUMED_WGS84;FOOTPRINT_WKT_INVALID;CONTINENT_DERIVED_FROM_COORDINATES;IDENTIFIED_DATE_INVALID;TYPE_STATUS_INVALID"
1271465591,"3cdabf9a-99da-4383-b6cc-10afee5fb854","1101509718","Animalia","Chordata",NA,"Pleuronectiformes","Cynoglossidae","Symphurus","Symphurus plagiusa",NA,"SPECIES","Symphurus plagiusa (Linnaeus, 1766)","Symphurus plagiusa","(Linnaeus, 1766)","US","Ponce grid.cell=19 sweep=4","Florida","PRESENT",1,"c3ad790a-d426-4ac1-8e32-da61f81f0117",25.36255,-81.129983,15,NA,NA,NA,0.95,0,"2005-10-11T14:46",11,10,2005,2409475,2409475,"HUMAN_OBSERVATION","USGS","Fall05",NA,NA,NA,NA,"CC0_1_0","","USGS",NA,NA,2025-01-31 19:47:09.644,"","GEODETIC_DATUM_INVALID;GEODETIC_DATUM_ASSUMED_WGS84;FOOTPRINT_WKT_INVALID;CONTINENT_DERIVED_FROM_COORDINATES;IDENTIFIED_DATE_INVALID;TYPE_STATUS_INVALID"
1271465494,"3cdabf9a-99da-4383-b6cc-10afee5fb854","1101509520","Animalia","Chordata",NA,"Pleuronectiformes","Cynoglossidae","Symphurus","Symphurus plagiusa",NA,"SPECIES","Symphurus plagiusa (Linnaeus, 1766)","Symphurus plagiusa","(Linnaeus, 1766)","US","Oyster grid.cell=6 sweep=1","Florida","PRESENT",1,"c3ad790a-d426-4ac1-8e32-da61f81f0117",25.316983,-81.0716,15,NA,NA,NA,1.62,0,"2005-10-10T14:54",10,10,2005,2409475,2409475,"HUMAN_OBSERVATION","USGS","Fall05",NA,NA,NA,NA,"CC0_1_0","","USGS",NA,NA,2025-01-31 19:47:05.555,"","GEODETIC_DATUM_INVALID;GEODETIC_DATUM_ASSUMED_WGS84;FOOTPRINT_WKT_INVALID;CONTINENT_DERIVED_FROM_COORDINATES;IDENTIFIED_DATE_INVALID;TYPE_STATUS_INVALID"
1271465441,"3cdabf9a-99da-4383-b6cc-10afee5fb854","1101509442","Animalia","Chordata",NA,"Pleuronectiformes","Cynoglossidae","Symphurus","Symphurus plagiusa",NA,"SPECIES","Symphurus plagiusa (Linnaeus, 1766)","Symphurus plagiusa","(Linnaeus, 1766)","US","Rankin grid.cell=9 sweep=5","Florida","PRESENT",1,"c3ad790a-d426-4ac1-8e32-da61f81f0117",25.1137,-80.799333,15,NA,NA,NA,1.28,0,"2006-05-02T10:03",2,5,2006,2409475,2409475,"HUMAN_OBSERVATION","USGS","Spring06",NA,NA,NA,NA,"CC0_1_0","","USGS",NA,NA,2025-01-31 19:47:05.429,"","GEODETIC_DATUM_INVALID;GEODETIC_DATUM_ASSUMED_WGS84;FOOTPRINT_WKT_INVALID;CONTINENT_DERIVED_FROM_COORDINATES;IDENTIFIED_DATE_INVALID;TYPE_STATUS_INVALID"
1271463886,"3cdabf9a-99da-4383-b6cc-10afee5fb854","1101009353","Animalia","Chordata",NA,"Pleuronectiformes","Cynoglossidae","Symphurus","Symphurus plagiusa",NA,"SPECIES","Symphurus plagiusa (Linnaeus, 1766)","Symphurus plagiusa","(Linnaeus, 1766)","US","Lostmans grid.cell=14 sweep=4","Florida","PRESENT",1,"c3ad790a-d426-4ac1-8e32-da61f81f0117",25.539666,-81.214,15,NA,NA,NA,1.07,0,"2005-10-12T16:11",12,10,2005,2409475,2409475,"HUMAN_OBSERVATION","USGS","Fall05",NA,NA,NA,NA,"CC0_1_0","","USGS",NA,NA,2025-01-31 19:47:01.049,"","GEODETIC_DATUM_INVALID;GEODETIC_DATUM_ASSUMED_WGS84;FOOTPRINT_WKT_INVALID;CONTINENT_DERIVED_FROM_COORDINATES;IDENTIFIED_DATE_INVALID;TYPE_STATUS_INVALID"
1271463870,"3cdabf9a-99da-4383-b6cc-10afee5fb854","1101009244","Animalia","Chordata",NA,"Pleuronectiformes","Cynoglossidae","Symphurus","Symphurus plagiusa",NA,"SPECIES","Symphurus plagiusa (Linnaeus, 1766)","Symphurus plagiusa","(Linnaeus, 1766)","US","Oyster grid.cell=23 sweep=4","Florida","PRESENT",1,"c3ad790a-d426-4ac1-8e32-da61f81f0117",25.33071,-81.06866,15,NA,NA,NA,2.01,0,"2011-09-15T10:58",15,9,2011,2409475,2409475,"HUMAN_OBSERVATION","USGS","Fall11",NA,NA,NA,NA,"CC0_1_0","","USGS",NA,NA,2025-01-31 19:47:00.705,"","GEODETIC_DATUM_INVALID;GEODETIC_DATUM_ASSUMED_WGS84;FOOTPRINT_WKT_INVALID;CONTINENT_DERIVED_FROM_COORDINATES;IDENTIFIED_DATE_INVALID;TYPE_STATUS_INVALID"
1271463840,"3cdabf9a-99da-4383-b6cc-10afee5fb854","1101009174","Animalia","Chordata",NA,"Pleuronectiformes","Cynoglossidae","Symphurus","Symphurus plagiusa",NA,"SPECIES","Symphurus plagiusa (Linnaeus, 1766)","Symphurus plagiusa","(Linnaeus, 1766)","US","Oyster grid.cell=15 sweep=1","Florida","PRESENT",1,"c3ad790a-d426-4ac1-8e32-da61f81f0117",25.32606,-81.06634,15,NA,NA,NA,1.65,0,"2011-09-15T11:30",15,9,2011,2409475,2409475,"HUMAN_OBSERVATION","USGS","Fall11",NA,NA,NA,NA,"CC0_1_0","","USGS",NA,NA,2025-01-31 19:47:00.424,"","GEODETIC_DATUM_INVALID;GEODETIC_DATUM_ASSUMED_WGS84;FOOTPRINT_WKT_INVALID;CONTINENT_DERIVED_FROM_COORDINATES;IDENTIFIED_DATE_INVALID;TYPE_STATUS_INVALID"
1271463819,"3cdabf9a-99da-4383-b6cc-10afee5fb854","1101009145","Animalia","Chordata",NA,"Pleuronectiformes","Cynoglossidae","Symphurus","Symphurus plagiusa",NA,"SPECIES","Symphurus plagiusa (Linnaeus, 1766)","Symphurus plagiusa","(Linnaeus, 1766)","US","Oyster grid.cell=11 sweep=2","Florida","PRESENT",1,"c3ad790a-d426-4ac1-8e32-da61f81f0117",25.31995,-81.06691,15,NA,NA,NA,2.05,0,"2011-09-12T14:15",12,9,2011,2409475,2409475,"HUMAN_OBSERVATION","USGS","Fall11",NA,NA,NA,NA,"CC0_1_0","","USGS",NA,NA,2025-01-31 19:47:00.342,"","GEODETIC_DATUM_INVALID;GEODETIC_DATUM_ASSUMED_WGS84;FOOTPRINT_WKT_INVALID;CONTINENT_DERIVED_FROM_COORDINATES;IDENTIFIED_DATE_INVALID;TYPE_STATUS_INVALID"
1271463797,"3cdabf9a-99da-4383-b6cc-10afee5fb854","1101009126","Animalia","Chordata",NA,"Pleuronectiformes","Cynoglossidae","Symphurus","Symphurus plagiusa",NA,"SPECIES","Symphurus plagiusa (Linnaeus, 1766)","Symphurus plagiusa","(Linnaeus, 1766)","US","Oyster grid.cell=2 sweep=3","Florida","PRESENT",1,"c3ad790a-d426-4ac1-8e32-da61f81f0117",25.31271,-81.07523,15,NA,NA,NA,2.23,0,"2011-09-12T13:21",12,9,2011,2409475,2409475,"HUMAN_OBSERVATION","USGS","Fall11",NA,NA,NA,NA,"CC0_1_0","","USGS",NA,NA,2025-01-31 19:47:00.312,"","GEODETIC_DATUM_INVALID;GEODETIC_DATUM_ASSUMED_WGS84;FOOTPRINT_WKT_INVALID;CONTINENT_DERIVED_FROM_COORDINATES;IDENTIFIED_DATE_INVALID;TYPE_STATUS_INVALID"
1271463774,"3cdabf9a-99da-4383-b6cc-10afee5fb854","1101009104","Animalia","Chordata",NA,"Pleuronectiformes","Cynoglossidae","Symphurus","Symphurus plagiusa",NA,"SPECIES","Symphurus plagiusa (Linnaeus, 1766)","Symphurus plagiusa","(Linnaeus, 1766)","US","Oyster grid.cell=30 sweep=4","Florida","PRESENT",1,"c3ad790a-d426-4ac1-8e32-da61f81f0117",25.34155,-81.07426,15,NA,NA,NA,2.27,0,"2011-09-15T09:51",15,9,2011,2409475,2409475,"HUMAN_OBSERVATION","USGS","Fall11",NA,NA,NA,NA,"CC0_1_0","","USGS",NA,NA,2025-01-31 19:47:00.262,"","GEODETIC_DATUM_INVALID;GEODETIC_DATUM_ASSUMED_WGS84;FOOTPRINT_WKT_INVALID;CONTINENT_DERIVED_FROM_COORDINATES;IDENTIFIED_DATE_INVALID;TYPE_STATUS_INVALID"
1271463729,"3cdabf9a-99da-4383-b6cc-10afee5fb854","1101009006","Animalia","Chordata",NA,"Pleuronectiformes","Cynoglossidae","Symphurus","Symphurus plagiusa",NA,"SPECIES","Symphurus plagiusa (Linnaeus, 1766)","Symphurus plagiusa","(Linnaeus, 1766)","US","Oyster grid.cell=13 sweep=1","Florida","PRESENT",1,"c3ad790a-d426-4ac1-8e32-da61f81f0117",25.32389,-81.07758,15,NA,NA,NA,2.09,0,"2011-09-14T15:15",14,9,2011,2409475,2409475,"HUMAN_OBSERVATION","USGS","Fall11",NA,NA,NA,NA,"CC0_1_0","","USGS",NA,NA,2025-01-31 19:46:59.945,"","GEODETIC_DATUM_INVALID;GEODETIC_DATUM_ASSUMED_WGS84;FOOTPRINT_WKT_INVALID;CONTINENT_DERIVED_FROM_COORDINATES;IDENTIFIED_DATE_INVALID;TYPE_STATUS_INVALID"
1271463688,"3cdabf9a-99da-4383-b6cc-10afee5fb854","1101008932","Animalia","Chordata",NA,"Pleuronectiformes","Cynoglossidae","Symphurus","Symphurus plagiusa",NA,"SPECIES","Symphurus plagiusa (Linnaeus, 1766)","Symphurus plagiusa","(Linnaeus, 1766)","US","Oyster grid.cell=16 sweep=1","Florida","PRESENT",1,"c3ad790a-d426-4ac1-8e32-da61f81f0117",25.329,-81.07929,15,NA,NA,NA,2.13,0,"2011-09-14T13:55",14,9,2011,2409475,2409475,"HUMAN_OBSERVATION","USGS","Fall11",NA,NA,NA,NA,"CC0_1_0","","USGS",NA,NA,2025-01-31 19:47:13.861,"","GEODETIC_DATUM_INVALID;GEODETIC_DATUM_ASSUMED_WGS84;FOOTPRINT_WKT_INVALID;CONTINENT_DERIVED_FROM_COORDINATES;IDENTIFIED_DATE_INVALID;TYPE_STATUS_INVALID"
1271463646,"3cdabf9a-99da-4383-b6cc-10afee5fb854","1101008785","Animalia","Chordata",NA,"Pleuronectiformes","Cynoglossidae","Symphurus","Symphurus plagiusa",NA,"SPECIES","Symphurus plagiusa (Linnaeus, 1766)","Symphurus plagiusa","(Linnaeus, 1766)","US","Oyster grid.cell=19 sweep=4","Florida","PRESENT",1,"c3ad790a-d426-4ac1-8e32-da61f81f0117",25.32696,-81.06677,15,NA,NA,NA,1.74,0,"2011-09-15T11:15",15,9,2011,2409475,2409475,"HUMAN_OBSERVATION","USGS","Fall11",NA,NA,NA,NA,"CC0_1_0","","USGS",NA,NA,2025-01-31 19:47:13.305,"","GEODETIC_DATUM_INVALID;GEODETIC_DATUM_ASSUMED_WGS84;FOOTPRINT_WKT_INVALID;CONTINENT_DERIVED_FROM_COORDINATES;IDENTIFIED_DATE_INVALID;TYPE_STATUS_INVALID"
1271463623,"3cdabf9a-99da-4383-b6cc-10afee5fb854","1101008775","Animalia","Chordata",NA,"Pleuronectiformes","Cynoglossidae","Symphurus","Symphurus plagiusa",NA,"SPECIES","Symphurus plagiusa (Linnaeus, 1766)","Symphurus plagiusa","(Linnaeus, 1766)","US","Lostmans grid.cell=10 sweep=3","Florida","PRESENT",1,"c3ad790a-d426-4ac1-8e32-da61f81f0117",25.53701,-81.21318,15,NA,NA,NA,1.04,0,"2005-10-12T15:06",12,10,2005,2409475,2409475,"HUMAN_OBSERVATION","USGS","Fall05",NA,NA,NA,NA,"CC0_1_0","","USGS",NA,NA,2025-01-31 19:47:13.302,"","GEODETIC_DATUM_INVALID;GEODETIC_DATUM_ASSUMED_WGS84;FOOTPRINT_WKT_INVALID;CONTINENT_DERIVED_FROM_COORDINATES;IDENTIFIED_DATE_INVALID;TYPE_STATUS_INVALID"
1271463601,"3cdabf9a-99da-4383-b6cc-10afee5fb854","1101008749","Animalia","Chordata",NA,"Pleuronectiformes","Cynoglossidae","Symphurus","Symphurus plagiusa",NA,"SPECIES","Symphurus plagiusa (Linnaeus, 1766)","Symphurus plagiusa","(Linnaeus, 1766)","US","Rabbit grid.cell=15 sweep=5","Florida","PRESENT",1,"c3ad790a-d426-4ac1-8e32-da61f81f0117",24.9904,-80.8994,15,NA,NA,NA,1.82,0,"2005-10-07T15:59",7,10,2005,2409475,2409475,"HUMAN_OBSERVATION","USGS","Fall05",NA,NA,NA,NA,"CC0_1_0","","USGS",NA,NA,2025-01-31 19:47:13.254,"","GEODETIC_DATUM_INVALID;GEODETIC_DATUM_ASSUMED_WGS84;FOOTPRINT_WKT_INVALID;CONTINENT_DERIVED_FROM_COORDINATES;IDENTIFIED_DATE_INVALID;TYPE_STATUS_INVALID"
1271463577,"3cdabf9a-99da-4383-b6cc-10afee5fb854","1101008706","Animalia","Chordata",NA,"Pleuronectiformes","Cynoglossidae","Symphurus","Symphurus plagiusa",NA,"SPECIES","Symphurus plagiusa (Linnaeus, 1766)","Symphurus plagiusa","(Linnaeus, 1766)","US","Oyster grid.cell=4 sweep=1","Florida","PRESENT",1,"c3ad790a-d426-4ac1-8e32-da61f81f0117",25.31555,-81.08086,15,NA,NA,NA,2.5,0,"2011-09-14T14:28",14,9,2011,2409475,2409475,"HUMAN_OBSERVATION","USGS","Fall11",NA,NA,NA,NA,"CC0_1_0","","USGS",NA,NA,2025-01-31 19:47:13.224,"","GEODETIC_DATUM_INVALID;GEODETIC_DATUM_ASSUMED_WGS84;FOOTPRINT_WKT_INVALID;CONTINENT_DERIVED_FROM_COORDINATES;IDENTIFIED_DATE_INVALID;TYPE_STATUS_INVALID"
1271463533,"3cdabf9a-99da-4383-b6cc-10afee5fb854","1101008311","Animalia","Chordata",NA,"Pleuronectiformes","Cynoglossidae","Symphurus","Symphurus plagiusa",NA,"SPECIES","Symphurus plagiusa (Linnaeus, 1766)","Symphurus plagiusa","(Linnaeus, 1766)","US","Lostmans grid.cell=15 sweep=4","Florida","PRESENT",1,"c3ad790a-d426-4ac1-8e32-da61f81f0117",25.539466,-81.208283,15,NA,NA,NA,0.92,0,"2005-10-12T14:30",12,10,2005,2409475,2409475,"HUMAN_OBSERVATION","USGS","Fall05",NA,NA,NA,NA,"CC0_1_0","","USGS",NA,NA,2025-01-31 19:47:14.455,"","GEODETIC_DATUM_INVALID;GEODETIC_DATUM_ASSUMED_WGS84;FOOTPRINT_WKT_INVALID;CONTINENT_DERIVED_FROM_COORDINATES;IDENTIFIED_DATE_INVALID;TYPE_STATUS_INVALID"
1271463515,"3cdabf9a-99da-4383-b6cc-10afee5fb854","1101008308","Animalia","Chordata",NA,"Pleuronectiformes","Cynoglossidae","Symphurus","Symphurus plagiusa",NA,"SPECIES","Symphurus plagiusa (Linnaeus, 1766)","Symphurus plagiusa","(Linnaeus, 1766)","US","Lostmans grid.cell=27 sweep=4","Florida","PRESENT",1,"c3ad790a-d426-4ac1-8e32-da61f81f0117",25.5504,-81.218166,15,NA,NA,NA,1.49,0,"2005-10-11T11:52",11,10,2005,2409475,2409475,"HUMAN_OBSERVATION","USGS","Fall05",NA,NA,NA,NA,"CC0_1_0","","USGS",NA,NA,2025-01-31 19:47:14.46,"","GEODETIC_DATUM_INVALID;GEODETIC_DATUM_ASSUMED_WGS84;FOOTPRINT_WKT_INVALID;CONTINENT_DERIVED_FROM_COORDINATES;IDENTIFIED_DATE_INVALID;TYPE_STATUS_INVALID"
1271463119,"3cdabf9a-99da-4383-b6cc-10afee5fb854","1101010491","Animalia","Chordata",NA,"Pleuronectiformes","Cynoglossidae","Symphurus","Symphurus plagiusa",NA,"SPECIES","Symphurus plagiusa (Linnaeus, 1766)","Symphurus plagiusa","(Linnaeus, 1766)","US","Oyster grid.cell=8 sweep=2","Florida","PRESENT",1,"c3ad790a-d426-4ac1-8e32-da61f81f0117",25.32059,-81.07813,15,NA,NA,NA,2.17,0,"2011-09-14T14:44",14,9,2011,2409475,2409475,"HUMAN_OBSERVATION","USGS","Fall11",NA,NA,NA,NA,"CC0_1_0","","USGS",NA,NA,2025-01-31 19:47:04.338,"","GEODETIC_DATUM_INVALID;GEODETIC_DATUM_ASSUMED_WGS84;FOOTPRINT_WKT_INVALID;CONTINENT_DERIVED_FROM_COORDINATES;IDENTIFIED_DATE_INVALID;TYPE_STATUS_INVALID"
1271463059,"3cdabf9a-99da-4383-b6cc-10afee5fb854","1101010309","Animalia","Chordata",NA,"Pleuronectiformes","Cynoglossidae","Symphurus","Symphurus plagiusa",NA,"SPECIES","Symphurus plagiusa (Linnaeus, 1766)","Symphurus plagiusa","(Linnaeus, 1766)","US","Lostmans grid.cell=20 sweep=1","Florida","PRESENT",1,"c3ad790a-d426-4ac1-8e32-da61f81f0117",25.542983,-81.208633,15,NA,NA,NA,0.77,0,"2005-10-11T14:43",11,10,2005,2409475,2409475,"HUMAN_OBSERVATION","USGS","Fall05",NA,NA,NA,NA,"CC0_1_0","","USGS",NA,NA,2025-01-31 19:47:00.954,"","GEODETIC_DATUM_INVALID;GEODETIC_DATUM_ASSUMED_WGS84;FOOTPRINT_WKT_INVALID;CONTINENT_DERIVED_FROM_COORDINATES;IDENTIFIED_DATE_INVALID;TYPE_STATUS_INVALID"
1271463044,"3cdabf9a-99da-4383-b6cc-10afee5fb854","1101010170","Animalia","Chordata",NA,"Pleuronectiformes","Cynoglossidae","Symphurus","Symphurus plagiusa",NA,"SPECIES","Symphurus plagiusa (Linnaeus, 1766)","Symphurus plagiusa","(Linnaeus, 1766)","US","Oyster grid.cell=14 sweep=4","Florida","PRESENT",1,"c3ad790a-d426-4ac1-8e32-da61f81f0117",25.3255,-81.07139,15,NA,NA,NA,2.23,0,"2011-09-14T15:49",14,9,2011,2409475,2409475,"HUMAN_OBSERVATION","USGS","Fall11",NA,NA,NA,NA,"CC0_1_0","","USGS",NA,NA,2025-01-31 19:47:00.418,"","GEODETIC_DATUM_INVALID;GEODETIC_DATUM_ASSUMED_WGS84;FOOTPRINT_WKT_INVALID;CONTINENT_DERIVED_FROM_COORDINATES;IDENTIFIED_DATE_INVALID;TYPE_STATUS_INVALID"
1271462918,"3cdabf9a-99da-4383-b6cc-10afee5fb854","1101009513","Animalia","Chordata",NA,"Pleuronectiformes","Cynoglossidae","Symphurus","Symphurus plagiusa",NA,"SPECIES","Symphurus plagiusa (Linnaeus, 1766)","Symphurus plagiusa","(Linnaeus, 1766)","US","Rankin grid.cell=20 sweep=2","Florida","PRESENT",1,"c3ad790a-d426-4ac1-8e32-da61f81f0117",25.1224,-80.809633,15,NA,NA,NA,1.49,0,"2005-09-29T11:43",29,9,2005,2409475,2409475,"HUMAN_OBSERVATION","USGS","Fall05",NA,NA,NA,NA,"CC0_1_0","","USGS",NA,NA,2025-01-31 19:47:04.306,"","GEODETIC_DATUM_INVALID;GEODETIC_DATUM_ASSUMED_WGS84;FOOTPRINT_WKT_INVALID;CONTINENT_DERIVED_FROM_COORDINATES;IDENTIFIED_DATE_INVALID;TYPE_STATUS_INVALID"
1271460568,"3cdabf9a-99da-4383-b6cc-10afee5fb854","1121157591","Animalia","Chordata",NA,"Pleuronectiformes","Cynoglossidae","Symphurus","Symphurus plagiusa",NA,"SPECIES","Symphurus plagiusa (Linnaeus, 1766)","Symphurus plagiusa","(Linnaeus, 1766)","US","Lostmans grid.cell=11 sweep=3","Florida","PRESENT",1,"c3ad790a-d426-4ac1-8e32-da61f81f0117",25.53481,-81.20667,15,NA,NA,NA,1.86,0,"2011-09-13T13:40",13,9,2011,2409475,2409475,"HUMAN_OBSERVATION","USGS","Fall11",NA,NA,NA,NA,"CC0_1_0","","USGS",NA,NA,2025-01-31 19:47:09.92,"","GEODETIC_DATUM_INVALID;GEODETIC_DATUM_ASSUMED_WGS84;FOOTPRINT_WKT_INVALID;CONTINENT_DERIVED_FROM_COORDINATES;IDENTIFIED_DATE_INVALID;TYPE_STATUS_INVALID"
1271460566,"3cdabf9a-99da-4383-b6cc-10afee5fb854","1121157491","Animalia","Chordata",NA,"Pleuronectiformes","Cynoglossidae","Symphurus","Symphurus plagiusa",NA,"SPECIES","Symphurus plagiusa (Linnaeus, 1766)","Symphurus plagiusa","(Linnaeus, 1766)","US","Lostmans grid.cell=5 sweep=2","Florida","PRESENT",1,"c3ad790a-d426-4ac1-8e32-da61f81f0117",25.52827,-81.20972,15,NA,NA,NA,1.23,0,"2011-09-13T15:48",13,9,2011,2409475,2409475,"HUMAN_OBSERVATION","USGS","Fall11",NA,NA,NA,NA,"CC0_1_0","","USGS",NA,NA,2025-01-31 19:47:14.941,"","GEODETIC_DATUM_INVALID;GEODETIC_DATUM_ASSUMED_WGS84;FOOTPRINT_WKT_INVALID;CONTINENT_DERIVED_FROM_COORDINATES;IDENTIFIED_DATE_INVALID;TYPE_STATUS_INVALID"
1271460564,"3cdabf9a-99da-4383-b6cc-10afee5fb854","1121157230","Animalia","Chordata",NA,"Pleuronectiformes","Cynoglossidae","Symphurus","Symphurus plagiusa",NA,"SPECIES","Symphurus plagiusa (Linnaeus, 1766)","Symphurus plagiusa","(Linnaeus, 1766)","US","Ponce grid.cell=4 sweep=3","Florida","PRESENT",1,"c3ad790a-d426-4ac1-8e32-da61f81f0117",25.34316,-81.14035,15,NA,NA,NA,4,0,"2011-09-14T13:07",14,9,2011,2409475,2409475,"HUMAN_OBSERVATION","USGS","Fall11",NA,NA,NA,NA,"CC0_1_0","","USGS",NA,NA,2025-01-31 19:47:14.409,"","GEODETIC_DATUM_INVALID;GEODETIC_DATUM_ASSUMED_WGS84;FOOTPRINT_WKT_INVALID;CONTINENT_DERIVED_FROM_COORDINATES;IDENTIFIED_DATE_INVALID;TYPE_STATUS_INVALID"
1271460560,"3cdabf9a-99da-4383-b6cc-10afee5fb854","1121157157","Animalia","Chordata",NA,"Pleuronectiformes","Cynoglossidae","Symphurus","Symphurus plagiusa",NA,"SPECIES","Symphurus plagiusa (Linnaeus, 1766)","Symphurus plagiusa","(Linnaeus, 1766)","US","Ponce grid.cell=30 sweep=2","Florida","PRESENT",1,"c3ad790a-d426-4ac1-8e32-da61f81f0117",25.37843,-81.13142,15,NA,NA,NA,1.02,0,"2011-09-13T17:56",13,9,2011,2409475,2409475,"HUMAN_OBSERVATION","USGS","Fall11",NA,NA,NA,NA,"CC0_1_0","","USGS",NA,NA,2025-01-31 19:47:14.562,"","GEODETIC_DATUM_INVALID;GEODETIC_DATUM_ASSUMED_WGS84;FOOTPRINT_WKT_INVALID;CONTINENT_DERIVED_FROM_COORDINATES;IDENTIFIED_DATE_INVALID;TYPE_STATUS_INVALID"
1271460558,"3cdabf9a-99da-4383-b6cc-10afee5fb854","1121157078","Animalia","Chordata",NA,"Pleuronectiformes","Cynoglossidae","Symphurus","Symphurus plagiusa",NA,"SPECIES","Symphurus plagiusa (Linnaeus, 1766)","Symphurus plagiusa","(Linnaeus, 1766)","US","Lostmans grid.cell=1 sweep=2","Florida","PRESENT",1,"c3ad790a-d426-4ac1-8e32-da61f81f0117",25.52474,-81.2151,15,NA,NA,NA,1.49,0,"2011-09-13T16:05",13,9,2011,2409475,2409475,"HUMAN_OBSERVATION","USGS","Fall11",NA,NA,NA,NA,"CC0_1_0","","USGS",NA,NA,2025-01-31 19:47:14.335,"","GEODETIC_DATUM_INVALID;GEODETIC_DATUM_ASSUMED_WGS84;FOOTPRINT_WKT_INVALID;CONTINENT_DERIVED_FROM_COORDINATES;IDENTIFIED_DATE_INVALID;TYPE_STATUS_INVALID"
1271460556,"3cdabf9a-99da-4383-b6cc-10afee5fb854","1121156934","Animalia","Chordata",NA,"Pleuronectiformes","Cynoglossidae","Symphurus","Symphurus plagiusa",NA,"SPECIES","Symphurus plagiusa (Linnaeus, 1766)","Symphurus plagiusa","(Linnaeus, 1766)","US","Ponce grid.cell=13 sweep=4","Florida","PRESENT",1,"c3ad790a-d426-4ac1-8e32-da61f81f0117",25.36032,-81.13614,15,NA,NA,NA,3,0,"2011-09-14T11:46",14,9,2011,2409475,2409475,"HUMAN_OBSERVATION","USGS","Fall11",NA,NA,NA,NA,"CC0_1_0","","USGS",NA,NA,2025-01-31 19:47:02.712,"","GEODETIC_DATUM_INVALID;GEODETIC_DATUM_ASSUMED_WGS84;FOOTPRINT_WKT_INVALID;CONTINENT_DERIVED_FROM_COORDINATES;IDENTIFIED_DATE_INVALID;TYPE_STATUS_INVALID"
1271460552,"3cdabf9a-99da-4383-b6cc-10afee5fb854","1121156625","Animalia","Chordata",NA,"Pleuronectiformes","Cynoglossidae","Symphurus","Symphurus plagiusa",NA,"SPECIES","Symphurus plagiusa (Linnaeus, 1766)","Symphurus plagiusa","(Linnaeus, 1766)","US","Lostmans grid.cell=15 sweep=4","Florida","PRESENT",1,"c3ad790a-d426-4ac1-8e32-da61f81f0117",25.54016,-81.21082,15,NA,NA,NA,1.68,0,"2011-09-13T11:55",13,9,2011,2409475,2409475,"HUMAN_OBSERVATION","USGS","Fall11",NA,NA,NA,NA,"CC0_1_0","","USGS",NA,NA,2025-01-31 19:47:01.46,"","GEODETIC_DATUM_INVALID;GEODETIC_DATUM_ASSUMED_WGS84;FOOTPRINT_WKT_INVALID;CONTINENT_DERIVED_FROM_COORDINATES;IDENTIFIED_DATE_INVALID;TYPE_STATUS_INVALID"
1271460550,"3cdabf9a-99da-4383-b6cc-10afee5fb854","1121156459","Animalia","Chordata",NA,"Pleuronectiformes","Cynoglossidae","Symphurus","Symphurus plagiusa",NA,"SPECIES","Symphurus plagiusa (Linnaeus, 1766)","Symphurus plagiusa","(Linnaeus, 1766)","US","Ponce grid.cell=8 sweep=3","Florida","PRESENT",1,"c3ad790a-d426-4ac1-8e32-da61f81f0117",25.3486,-81.14194,15,NA,NA,NA,3.53,0,"2011-09-14T12:22",14,9,2011,2409475,2409475,"HUMAN_OBSERVATION","USGS","Fall11",NA,NA,NA,NA,"CC0_1_0","","USGS",NA,NA,2025-01-31 19:47:00.548,"","GEODETIC_DATUM_INVALID;GEODETIC_DATUM_ASSUMED_WGS84;FOOTPRINT_WKT_INVALID;CONTINENT_DERIVED_FROM_COORDINATES;IDENTIFIED_DATE_INVALID;TYPE_STATUS_INVALID"
1271460548,"3cdabf9a-99da-4383-b6cc-10afee5fb854","1121155772","Animalia","Chordata",NA,"Pleuronectiformes","Cynoglossidae","Symphurus","Symphurus plagiusa",NA,"SPECIES","Symphurus plagiusa (Linnaeus, 1766)","Symphurus plagiusa","(Linnaeus, 1766)","US","Ponce grid.cell=27 sweep=4","Florida","PRESENT",1,"c3ad790a-d426-4ac1-8e32-da61f81f0117",25.37748,-81.12862,15,NA,NA,NA,1.08,0,"2011-09-13T18:10",13,9,2011,2409475,2409475,"HUMAN_OBSERVATION","USGS","Fall11",NA,NA,NA,NA,"CC0_1_0","","USGS",NA,NA,2025-01-31 19:47:07.311,"","GEODETIC_DATUM_INVALID;GEODETIC_DATUM_ASSUMED_WGS84;FOOTPRINT_WKT_INVALID;CONTINENT_DERIVED_FROM_COORDINATES;IDENTIFIED_DATE_INVALID;TYPE_STATUS_INVALID"
1271460545,"3cdabf9a-99da-4383-b6cc-10afee5fb854","1121155560","Animalia","Chordata",NA,"Pleuronectiformes","Cynoglossidae","Symphurus","Symphurus plagiusa",NA,"SPECIES","Symphurus plagiusa (Linnaeus, 1766)","Symphurus plagiusa","(Linnaeus, 1766)","US","Lostmans grid.cell=27 sweep=3","Florida","PRESENT",1,"c3ad790a-d426-4ac1-8e32-da61f81f0117",25.55071,-81.21708,15,NA,NA,NA,1.48,0,"2011-09-13T12:07",13,9,2011,2409475,2409475,"HUMAN_OBSERVATION","USGS","Fall11",NA,NA,NA,NA,"CC0_1_0","","USGS",NA,NA,2025-01-31 19:47:12.245,"","GEODETIC_DATUM_INVALID;GEODETIC_DATUM_ASSUMED_WGS84;FOOTPRINT_WKT_INVALID;CONTINENT_DERIVED_FROM_COORDINATES;IDENTIFIED_DATE_INVALID;TYPE_STATUS_INVALID"
1271460338,"3cdabf9a-99da-4383-b6cc-10afee5fb854","1121155343","Animalia","Chordata",NA,"Pleuronectiformes","Cynoglossidae","Symphurus","Symphurus plagiusa",NA,"SPECIES","Symphurus plagiusa (Linnaeus, 1766)","Symphurus plagiusa","(Linnaeus, 1766)","US","Lostmans grid.cell=29 sweep=3","Florida","PRESENT",1,"c3ad790a-d426-4ac1-8e32-da61f81f0117",25.55398,-81.22652,15,NA,NA,NA,2.3,0,"2011-09-13T13:01",13,9,2011,2409475,2409475,"HUMAN_OBSERVATION","USGS","Fall11",NA,NA,NA,NA,"CC0_1_0","","USGS",NA,NA,2025-01-31 19:47:11.606,"","GEODETIC_DATUM_INVALID;GEODETIC_DATUM_ASSUMED_WGS84;FOOTPRINT_WKT_INVALID;CONTINENT_DERIVED_FROM_COORDINATES;IDENTIFIED_DATE_INVALID;TYPE_STATUS_INVALID"
1271456326,"3cdabf9a-99da-4383-b6cc-10afee5fb854","1120657616","Animalia","Chordata",NA,"Pleuronectiformes","Cynoglossidae","Symphurus","Symphurus plagiusa",NA,"SPECIES","Symphurus plagiusa (Linnaeus, 1766)","Symphurus plagiusa","(Linnaeus, 1766)","US","Lostmans grid.cell=4 sweep=5","Florida","PRESENT",1,"c3ad790a-d426-4ac1-8e32-da61f81f0117",25.52779,-81.21259,15,NA,NA,NA,1.38,0,"2011-04-18T15:33",18,4,2011,2409475,2409475,"HUMAN_OBSERVATION","USGS","Spring11",NA,NA,NA,NA,"CC0_1_0","","USGS",NA,NA,2025-01-31 19:47:06.222,"","GEODETIC_DATUM_INVALID;GEODETIC_DATUM_ASSUMED_WGS84;FOOTPRINT_WKT_INVALID;CONTINENT_DERIVED_FROM_COORDINATES;IDENTIFIED_DATE_INVALID;TYPE_STATUS_INVALID"
1271456317,"3cdabf9a-99da-4383-b6cc-10afee5fb854","1120657465","Animalia","Chordata",NA,"Pleuronectiformes","Cynoglossidae","Symphurus","Symphurus plagiusa",NA,"SPECIES","Symphurus plagiusa (Linnaeus, 1766)","Symphurus plagiusa","(Linnaeus, 1766)","US","Oyster grid.cell=6 sweep=2","Florida","PRESENT",1,"c3ad790a-d426-4ac1-8e32-da61f81f0117",25.31763,-81.07093,15,NA,NA,NA,2.11,0,"2011-04-20T15:21",20,4,2011,2409475,2409475,"HUMAN_OBSERVATION","USGS","Spring11",NA,NA,NA,NA,"CC0_1_0","","USGS",NA,NA,2025-01-31 19:47:07.82,"","GEODETIC_DATUM_INVALID;GEODETIC_DATUM_ASSUMED_WGS84;FOOTPRINT_WKT_INVALID;CONTINENT_DERIVED_FROM_COORDINATES;IDENTIFIED_DATE_INVALID;TYPE_STATUS_INVALID"
1271456306,"3cdabf9a-99da-4383-b6cc-10afee5fb854","1120657189","Animalia","Chordata",NA,"Pleuronectiformes","Cynoglossidae","Symphurus","Symphurus plagiusa",NA,"SPECIES","Symphurus plagiusa (Linnaeus, 1766)","Symphurus plagiusa","(Linnaeus, 1766)","US","Oyster grid.cell=5 sweep=1","Florida","PRESENT",1,"c3ad790a-d426-4ac1-8e32-da61f81f0117",25.31559,-81.07812,15,NA,NA,NA,2.08,0,"2011-04-20T14:06",20,4,2011,2409475,2409475,"HUMAN_OBSERVATION","USGS","Spring11",NA,NA,NA,NA,"CC0_1_0","","USGS",NA,NA,2025-01-31 19:47:07.409,"","GEODETIC_DATUM_INVALID;GEODETIC_DATUM_ASSUMED_WGS84;FOOTPRINT_WKT_INVALID;CONTINENT_DERIVED_FROM_COORDINATES;IDENTIFIED_DATE_INVALID;TYPE_STATUS_INVALID"
1271456295,"3cdabf9a-99da-4383-b6cc-10afee5fb854","1120656688","Animalia","Chordata",NA,"Pleuronectiformes","Cynoglossidae","Symphurus","Symphurus plagiusa",NA,"SPECIES","Symphurus plagiusa (Linnaeus, 1766)","Symphurus plagiusa","(Linnaeus, 1766)","US","Oyster grid.cell=10 sweep=2","Florida","PRESENT",1,"c3ad790a-d426-4ac1-8e32-da61f81f0117",25.32019,-81.06877,15,NA,NA,NA,1.95,0,"2011-04-20T15:54",20,4,2011,2409475,2409475,"HUMAN_OBSERVATION","USGS","Spring11",NA,NA,NA,NA,"CC0_1_0","","USGS",NA,NA,2025-01-31 19:46:54.61,"","GEODETIC_DATUM_INVALID;GEODETIC_DATUM_ASSUMED_WGS84;FOOTPRINT_WKT_INVALID;CONTINENT_DERIVED_FROM_COORDINATES;IDENTIFIED_DATE_INVALID;TYPE_STATUS_INVALID"
1271456274,"3cdabf9a-99da-4383-b6cc-10afee5fb854","1120656248","Animalia","Chordata",NA,"Pleuronectiformes","Cynoglossidae","Symphurus","Symphurus plagiusa",NA,"SPECIES","Symphurus plagiusa (Linnaeus, 1766)","Symphurus plagiusa","(Linnaeus, 1766)","US","Whipray grid.cell=1 sweep=2","Florida","PRESENT",1,"c3ad790a-d426-4ac1-8e32-da61f81f0117",25.05009,-80.77331,15,NA,NA,NA,1.73,0,"2011-05-02T11:58",2,5,2011,2409475,2409475,"HUMAN_OBSERVATION","USGS","Spring11",NA,NA,NA,NA,"CC0_1_0","","USGS",NA,NA,2025-01-31 19:46:55.843,"","GEODETIC_DATUM_INVALID;GEODETIC_DATUM_ASSUMED_WGS84;FOOTPRINT_WKT_INVALID;CONTINENT_DERIVED_FROM_COORDINATES;IDENTIFIED_DATE_INVALID;TYPE_STATUS_INVALID"
1271456263,"3cdabf9a-99da-4383-b6cc-10afee5fb854","1120656229","Animalia","Chordata",NA,"Pleuronectiformes","Cynoglossidae","Symphurus","Symphurus plagiusa",NA,"SPECIES","Symphurus plagiusa (Linnaeus, 1766)","Symphurus plagiusa","(Linnaeus, 1766)","US","Rabbit grid.cell=27 sweep=5","Florida","PRESENT",1,"c3ad790a-d426-4ac1-8e32-da61f81f0117",25.01125,-80.86638,15,NA,NA,NA,1.97,0,"2011-05-04T15:50",4,5,2011,2409475,2409475,"HUMAN_OBSERVATION","USGS","Spring11",NA,NA,NA,NA,"CC0_1_0","","USGS",NA,NA,2025-01-31 19:46:55.846,"","GEODETIC_DATUM_INVALID;GEODETIC_DATUM_ASSUMED_WGS84;FOOTPRINT_WKT_INVALID;CONTINENT_DERIVED_FROM_COORDINATES;IDENTIFIED_DATE_INVALID;TYPE_STATUS_INVALID"
1271456251,"3cdabf9a-99da-4383-b6cc-10afee5fb854","1120655544","Animalia","Chordata",NA,"Pleuronectiformes","Cynoglossidae","Symphurus","Symphurus plagiusa",NA,"SPECIES","Symphurus plagiusa (Linnaeus, 1766)","Symphurus plagiusa","(Linnaeus, 1766)","US","Johnson grid.cell=29 sweep=2","Florida","PRESENT",1,"c3ad790a-d426-4ac1-8e32-da61f81f0117",25.06853,-80.91747,15,NA,NA,NA,0.78,0,"2011-05-03T13:59",3,5,2011,2409475,2409475,"HUMAN_OBSERVATION","USGS","Spring11",NA,NA,NA,NA,"CC0_1_0","","USGS",NA,NA,2025-01-31 19:47:06.053,"","GEODETIC_DATUM_INVALID;GEODETIC_DATUM_ASSUMED_WGS84;FOOTPRINT_WKT_INVALID;CONTINENT_DERIVED_FROM_COORDINATES;IDENTIFIED_DATE_INVALID;TYPE_STATUS_INVALID"
1271456240,"3cdabf9a-99da-4383-b6cc-10afee5fb854","1120655328","Animalia","Chordata",NA,"Pleuronectiformes","Cynoglossidae","Symphurus","Symphurus plagiusa",NA,"SPECIES","Symphurus plagiusa (Linnaeus, 1766)","Symphurus plagiusa","(Linnaeus, 1766)","US","Oyster grid.cell=9 sweep=1","Florida","PRESENT",1,"c3ad790a-d426-4ac1-8e32-da61f81f0117",25.32127,-81.0756,15,NA,NA,NA,1.81,0,"2011-04-20T17:58",20,4,2011,2409475,2409475,"HUMAN_OBSERVATION","USGS","Spring11",NA,NA,NA,NA,"CC0_1_0","","USGS",NA,NA,2025-01-31 19:47:05.654,"","GEODETIC_DATUM_INVALID;GEODETIC_DATUM_ASSUMED_WGS84;FOOTPRINT_WKT_INVALID;CONTINENT_DERIVED_FROM_COORDINATES;IDENTIFIED_DATE_INVALID;TYPE_STATUS_INVALID"
1271453963,"3cdabf9a-99da-4383-b6cc-10afee5fb854","1120157355","Animalia","Chordata",NA,"Pleuronectiformes","Cynoglossidae","Symphurus","Symphurus plagiusa",NA,"SPECIES","Symphurus plagiusa (Linnaeus, 1766)","Symphurus plagiusa","(Linnaeus, 1766)","US","Lostmans grid.cell=9 sweep=3","Florida","PRESENT",1,"c3ad790a-d426-4ac1-8e32-da61f81f0117",25.53771,-81.21455,15,NA,NA,NA,0.95,0,"2010-10-11T11:54",11,10,2010,2409475,2409475,"HUMAN_OBSERVATION","USGS","Fall10",NA,NA,NA,NA,"CC0_1_0","","USGS",NA,NA,2025-01-31 19:47:01.104,"","GEODETIC_DATUM_INVALID;GEODETIC_DATUM_ASSUMED_WGS84;FOOTPRINT_WKT_INVALID;CONTINENT_DERIVED_FROM_COORDINATES;IDENTIFIED_DATE_INVALID;TYPE_STATUS_INVALID"
1271453962,"3cdabf9a-99da-4383-b6cc-10afee5fb854","1120157220","Animalia","Chordata",NA,"Pleuronectiformes","Cynoglossidae","Symphurus","Symphurus plagiusa",NA,"SPECIES","Symphurus plagiusa (Linnaeus, 1766)","Symphurus plagiusa","(Linnaeus, 1766)","US","Oyster grid.cell=6 sweep=3","Florida","PRESENT",1,"c3ad790a-d426-4ac1-8e32-da61f81f0117",25.31953,-81.07254,15,NA,NA,NA,1.74,0,"2010-10-13T11:50",13,10,2010,2409475,2409475,"HUMAN_OBSERVATION","USGS","Fall10",NA,NA,NA,NA,"CC0_1_0","","USGS",NA,NA,2025-01-31 19:47:04.321,"","GEODETIC_DATUM_INVALID;GEODETIC_DATUM_ASSUMED_WGS84;FOOTPRINT_WKT_INVALID;CONTINENT_DERIVED_FROM_COORDINATES;IDENTIFIED_DATE_INVALID;TYPE_STATUS_INVALID"
1271453961,"3cdabf9a-99da-4383-b6cc-10afee5fb854","1120157100","Animalia","Chordata",NA,"Pleuronectiformes","Cynoglossidae","Symphurus","Symphurus plagiusa",NA,"SPECIES","Symphurus plagiusa (Linnaeus, 1766)","Symphurus plagiusa","(Linnaeus, 1766)","US","Lostmans grid.cell=13 sweep=3","Florida","PRESENT",1,"c3ad790a-d426-4ac1-8e32-da61f81f0117",25.54065,-81.2193,15,NA,NA,NA,0.79,0,"2010-10-11T11:39",11,10,2010,2409475,2409475,"HUMAN_OBSERVATION","USGS","Fall10",NA,NA,NA,NA,"CC0_1_0","","USGS",NA,NA,2025-01-31 19:47:04.634,"","GEODETIC_DATUM_INVALID;GEODETIC_DATUM_ASSUMED_WGS84;FOOTPRINT_WKT_INVALID;CONTINENT_DERIVED_FROM_COORDINATES;IDENTIFIED_DATE_INVALID;TYPE_STATUS_INVALID"
1271453959,"3cdabf9a-99da-4383-b6cc-10afee5fb854","1120157060","Animalia","Chordata",NA,"Pleuronectiformes","Cynoglossidae","Symphurus","Symphurus plagiusa",NA,"SPECIES","Symphurus plagiusa (Linnaeus, 1766)","Symphurus plagiusa","(Linnaeus, 1766)","US","Lostmans grid.cell=5 sweep=4","Florida","PRESENT",1,"c3ad790a-d426-4ac1-8e32-da61f81f0117",25.53002,-81.20808,15,NA,NA,NA,0.8,0,"2010-10-11T13:23",11,10,2010,2409475,2409475,"HUMAN_OBSERVATION","USGS","Fall10",NA,NA,NA,NA,"CC0_1_0","","USGS",NA,NA,2025-01-31 19:47:04.945,"","GEODETIC_DATUM_INVALID;GEODETIC_DATUM_ASSUMED_WGS84;FOOTPRINT_WKT_INVALID;CONTINENT_DERIVED_FROM_COORDINATES;IDENTIFIED_DATE_INVALID;TYPE_STATUS_INVALID"
1271453957,"3cdabf9a-99da-4383-b6cc-10afee5fb854","1120157019","Animalia","Chordata",NA,"Pleuronectiformes","Cynoglossidae","Symphurus","Symphurus plagiusa",NA,"SPECIES","Symphurus plagiusa (Linnaeus, 1766)","Symphurus plagiusa","(Linnaeus, 1766)","US","Ponce grid.cell=1 sweep=4","Florida","PRESENT",1,"c3ad790a-d426-4ac1-8e32-da61f81f0117",25.3407,-81.1437,15,NA,NA,NA,2.89,0,"2010-10-12T10:23",12,10,2010,2409475,2409475,"HUMAN_OBSERVATION","USGS","Fall10",NA,NA,NA,NA,"CC0_1_0","","USGS",NA,NA,2025-01-31 19:47:04.844,"","GEODETIC_DATUM_INVALID;GEODETIC_DATUM_ASSUMED_WGS84;FOOTPRINT_WKT_INVALID;CONTINENT_DERIVED_FROM_COORDINATES;IDENTIFIED_DATE_INVALID;TYPE_STATUS_INVALID"
1271453955,"3cdabf9a-99da-4383-b6cc-10afee5fb854","1120156993","Animalia","Chordata",NA,"Pleuronectiformes","Cynoglossidae","Symphurus","Symphurus plagiusa",NA,"SPECIES","Symphurus plagiusa (Linnaeus, 1766)","Symphurus plagiusa","(Linnaeus, 1766)","US","Lostmans grid.cell=11 sweep=4","Florida","PRESENT",1,"c3ad790a-d426-4ac1-8e32-da61f81f0117",25.5381,-81.20873,15,NA,NA,NA,0.8,0,"2010-10-11T12:21",11,10,2010,2409475,2409475,"HUMAN_OBSERVATION","USGS","Fall10",NA,NA,NA,NA,"CC0_1_0","","USGS",NA,NA,2025-01-31 19:46:58.01,"","GEODETIC_DATUM_INVALID;GEODETIC_DATUM_ASSUMED_WGS84;FOOTPRINT_WKT_INVALID;CONTINENT_DERIVED_FROM_COORDINATES;IDENTIFIED_DATE_INVALID;TYPE_STATUS_INVALID"
1271453953,"3cdabf9a-99da-4383-b6cc-10afee5fb854","1120156963","Animalia","Chordata",NA,"Pleuronectiformes","Cynoglossidae","Symphurus","Symphurus plagiusa",NA,"SPECIES","Symphurus plagiusa (Linnaeus, 1766)","Symphurus plagiusa","(Linnaeus, 1766)","US","Lostmans grid.cell=8 sweep=4","Florida","PRESENT",1,"c3ad790a-d426-4ac1-8e32-da61f81f0117",25.53333,-81.20441,15,NA,NA,NA,0.51,0,"2010-10-11T13:08",11,10,2010,2409475,2409475,"HUMAN_OBSERVATION","USGS","Fall10",NA,NA,NA,NA,"CC0_1_0","","USGS",NA,NA,2025-01-31 19:46:57.953,"","GEODETIC_DATUM_INVALID;GEODETIC_DATUM_ASSUMED_WGS84;FOOTPRINT_WKT_INVALID;CONTINENT_DERIVED_FROM_COORDINATES;IDENTIFIED_DATE_INVALID;TYPE_STATUS_INVALID"
1271453951,"3cdabf9a-99da-4383-b6cc-10afee5fb854","1120156951","Animalia","Chordata",NA,"Pleuronectiformes","Cynoglossidae","Symphurus","Symphurus plagiusa",NA,"SPECIES","Symphurus plagiusa (Linnaeus, 1766)","Symphurus plagiusa","(Linnaeus, 1766)","US","Lostmans grid.cell=16 sweep=4","Florida","PRESENT",1,"c3ad790a-d426-4ac1-8e32-da61f81f0117",25.54114,-81.20694,15,NA,NA,NA,0.63,0,"2010-10-11T12:36",11,10,2010,2409475,2409475,"HUMAN_OBSERVATION","USGS","Fall10",NA,NA,NA,NA,"CC0_1_0","","USGS",NA,NA,2025-01-31 19:46:57.955,"","GEODETIC_DATUM_INVALID;GEODETIC_DATUM_ASSUMED_WGS84;FOOTPRINT_WKT_INVALID;CONTINENT_DERIVED_FROM_COORDINATES;IDENTIFIED_DATE_INVALID;TYPE_STATUS_INVALID"
1271453949,"3cdabf9a-99da-4383-b6cc-10afee5fb854","1120156943","Animalia","Chordata",NA,"Pleuronectiformes","Cynoglossidae","Symphurus","Symphurus plagiusa",NA,"SPECIES","Symphurus plagiusa (Linnaeus, 1766)","Symphurus plagiusa","(Linnaeus, 1766)","US","Oyster grid.cell=7 sweep=5","Florida","PRESENT",1,"c3ad790a-d426-4ac1-8e32-da61f81f0117",25.31609,-81.07034,15,NA,NA,NA,1.79,0,"2010-10-13T11:37",13,10,2010,2409475,2409475,"HUMAN_OBSERVATION","USGS","Fall10",NA,NA,NA,NA,"CC0_1_0","","USGS",NA,NA,2025-01-31 19:46:57.957,"","GEODETIC_DATUM_INVALID;GEODETIC_DATUM_ASSUMED_WGS84;FOOTPRINT_WKT_INVALID;CONTINENT_DERIVED_FROM_COORDINATES;IDENTIFIED_DATE_INVALID;TYPE_STATUS_INVALID"
1271453947,"3cdabf9a-99da-4383-b6cc-10afee5fb854","1120156908","Animalia","Chordata",NA,"Pleuronectiformes","Cynoglossidae","Symphurus","Symphurus plagiusa",NA,"SPECIES","Symphurus plagiusa (Linnaeus, 1766)","Symphurus plagiusa","(Linnaeus, 1766)","US","Lostmans grid.cell=6 sweep=4","Florida","PRESENT",1,"c3ad790a-d426-4ac1-8e32-da61f81f0117",25.53105,-81.21414,15,NA,NA,NA,1.21,0,"2010-10-11T13:51",11,10,2010,2409475,2409475,"HUMAN_OBSERVATION","USGS","Fall10",NA,NA,NA,NA,"CC0_1_0","","USGS",NA,NA,2025-01-31 19:46:57.967,"","GEODETIC_DATUM_INVALID;GEODETIC_DATUM_ASSUMED_WGS84;FOOTPRINT_WKT_INVALID;CONTINENT_DERIVED_FROM_COORDINATES;IDENTIFIED_DATE_INVALID;TYPE_STATUS_INVALID"
1271453943,"3cdabf9a-99da-4383-b6cc-10afee5fb854","1120156873","Animalia","Chordata",NA,"Pleuronectiformes","Cynoglossidae","Symphurus","Symphurus plagiusa",NA,"SPECIES","Symphurus plagiusa (Linnaeus, 1766)","Symphurus plagiusa","(Linnaeus, 1766)","US","Lostmans grid.cell=23 sweep=5","Florida","PRESENT",1,"c3ad790a-d426-4ac1-8e32-da61f81f0117",25.54663,-81.21345,15,NA,NA,NA,0.46,0,"2010-10-11T11:33",11,10,2010,2409475,2409475,"HUMAN_OBSERVATION","USGS","Fall10",NA,NA,NA,NA,"CC0_1_0","","USGS",NA,NA,2025-01-31 19:47:11.635,"","GEODETIC_DATUM_INVALID;GEODETIC_DATUM_ASSUMED_WGS84;FOOTPRINT_WKT_INVALID;CONTINENT_DERIVED_FROM_COORDINATES;IDENTIFIED_DATE_INVALID;TYPE_STATUS_INVALID"
1271453939,"3cdabf9a-99da-4383-b6cc-10afee5fb854","1120156700","Animalia","Chordata",NA,"Pleuronectiformes","Cynoglossidae","Symphurus","Symphurus plagiusa",NA,"SPECIES","Symphurus plagiusa (Linnaeus, 1766)","Symphurus plagiusa","(Linnaeus, 1766)","US","Oyster grid.cell=19 sweep=1","Florida","PRESENT",1,"c3ad790a-d426-4ac1-8e32-da61f81f0117",25.33037,-81.0669,15,NA,NA,NA,2.2,0,"2010-10-13T09:23",13,10,2010,2409475,2409475,"HUMAN_OBSERVATION","USGS","Fall10",NA,NA,NA,NA,"CC0_1_0","","USGS",NA,NA,2025-01-31 19:47:11.841,"","GEODETIC_DATUM_INVALID;GEODETIC_DATUM_ASSUMED_WGS84;FOOTPRINT_WKT_INVALID;CONTINENT_DERIVED_FROM_COORDINATES;IDENTIFIED_DATE_INVALID;TYPE_STATUS_INVALID"
1271453937,"3cdabf9a-99da-4383-b6cc-10afee5fb854","1120156693","Animalia","Chordata",NA,"Pleuronectiformes","Cynoglossidae","Symphurus","Symphurus plagiusa",NA,"SPECIES","Symphurus plagiusa (Linnaeus, 1766)","Symphurus plagiusa","(Linnaeus, 1766)","US","Oyster grid.cell=18 sweep=4","Florida","PRESENT",1,"c3ad790a-d426-4ac1-8e32-da61f81f0117",25.32702,-81.07065,15,NA,NA,NA,2.24,0,"2010-10-13T10:49",13,10,2010,2409475,2409475,"HUMAN_OBSERVATION","USGS","Fall10",NA,NA,NA,NA,"CC0_1_0","","USGS",NA,NA,2025-01-31 19:47:12.242,"","GEODETIC_DATUM_INVALID;GEODETIC_DATUM_ASSUMED_WGS84;FOOTPRINT_WKT_INVALID;CONTINENT_DERIVED_FROM_COORDINATES;IDENTIFIED_DATE_INVALID;TYPE_STATUS_INVALID"
1271453935,"3cdabf9a-99da-4383-b6cc-10afee5fb854","1120156685","Animalia","Chordata",NA,"Pleuronectiformes","Cynoglossidae","Symphurus","Symphurus plagiusa",NA,"SPECIES","Symphurus plagiusa (Linnaeus, 1766)","Symphurus plagiusa","(Linnaeus, 1766)","US","Ponce grid.cell=27 sweep=2","Florida","PRESENT",1,"c3ad790a-d426-4ac1-8e32-da61f81f0117",25.37746,-81.12992,15,NA,NA,NA,0.48,0,"2010-10-12T13:20",12,10,2010,2409475,2409475,"HUMAN_OBSERVATION","USGS","Fall10",NA,NA,NA,NA,"CC0_1_0","","USGS",NA,NA,2025-01-31 19:47:12.249,"","GEODETIC_DATUM_INVALID;GEODETIC_DATUM_ASSUMED_WGS84;FOOTPRINT_WKT_INVALID;CONTINENT_DERIVED_FROM_COORDINATES;IDENTIFIED_DATE_INVALID;TYPE_STATUS_INVALID"
1271453933,"3cdabf9a-99da-4383-b6cc-10afee5fb854","1120156677","Animalia","Chordata",NA,"Pleuronectiformes","Cynoglossidae","Symphurus","Symphurus plagiusa",NA,"SPECIES","Symphurus plagiusa (Linnaeus, 1766)","Symphurus plagiusa","(Linnaeus, 1766)","US","Ponce grid.cell=15 sweep=4","Florida","PRESENT",1,"c3ad790a-d426-4ac1-8e32-da61f81f0117",25.35556,-81.12446,15,NA,NA,NA,2.3,0,"2010-10-12T12:33",12,10,2010,2409475,2409475,"HUMAN_OBSERVATION","USGS","Fall10",NA,NA,NA,NA,"CC0_1_0","","USGS",NA,NA,2025-01-31 19:47:12.246,"","GEODETIC_DATUM_INVALID;GEODETIC_DATUM_ASSUMED_WGS84;FOOTPRINT_WKT_INVALID;CONTINENT_DERIVED_FROM_COORDINATES;IDENTIFIED_DATE_INVALID;TYPE_STATUS_INVALID"
1271453931,"3cdabf9a-99da-4383-b6cc-10afee5fb854","1120156675","Animalia","Chordata",NA,"Pleuronectiformes","Cynoglossidae","Symphurus","Symphurus plagiusa",NA,"SPECIES","Symphurus plagiusa (Linnaeus, 1766)","Symphurus plagiusa","(Linnaeus, 1766)","US","Oyster grid.cell=10 sweep=1","Florida","PRESENT",1,"c3ad790a-d426-4ac1-8e32-da61f81f0117",25.32091,-81.07002,15,NA,NA,NA,1.75,0,"2010-10-13T11:38",13,10,2010,2409475,2409475,"HUMAN_OBSERVATION","USGS","Fall10",NA,NA,NA,NA,"CC0_1_0","","USGS",NA,NA,2025-01-31 19:47:12.245,"","GEODETIC_DATUM_INVALID;GEODETIC_DATUM_ASSUMED_WGS84;FOOTPRINT_WKT_INVALID;CONTINENT_DERIVED_FROM_COORDINATES;IDENTIFIED_DATE_INVALID;TYPE_STATUS_INVALID"
1271453929,"3cdabf9a-99da-4383-b6cc-10afee5fb854","1120156664","Animalia","Chordata",NA,"Pleuronectiformes","Cynoglossidae","Symphurus","Symphurus plagiusa",NA,"SPECIES","Symphurus plagiusa (Linnaeus, 1766)","Symphurus plagiusa","(Linnaeus, 1766)","US","Oyster grid.cell=17 sweep=3","Florida","PRESENT",1,"c3ad790a-d426-4ac1-8e32-da61f81f0117",25.3267,-81.07597,15,NA,NA,NA,1.91,0,"2010-10-13T10:33",13,10,2010,2409475,2409475,"HUMAN_OBSERVATION","USGS","Fall10",NA,NA,NA,NA,"CC0_1_0","","USGS",NA,NA,2025-01-31 19:47:12.247,"","GEODETIC_DATUM_INVALID;GEODETIC_DATUM_ASSUMED_WGS84;FOOTPRINT_WKT_INVALID;CONTINENT_DERIVED_FROM_COORDINATES;IDENTIFIED_DATE_INVALID;TYPE_STATUS_INVALID"
1271453918,"3cdabf9a-99da-4383-b6cc-10afee5fb854","1120156405","Animalia","Chordata",NA,"Pleuronectiformes","Cynoglossidae","Symphurus","Symphurus plagiusa",NA,"SPECIES","Symphurus plagiusa (Linnaeus, 1766)","Symphurus plagiusa","(Linnaeus, 1766)","US","Ponce grid.cell=23 sweep=1","Florida","PRESENT",1,"c3ad790a-d426-4ac1-8e32-da61f81f0117",25.37033,-81.1264,15,NA,NA,NA,1.12,0,"2010-10-12T12:40",12,10,2010,2409475,2409475,"HUMAN_OBSERVATION","USGS","Fall10",NA,NA,NA,NA,"CC0_1_0","","USGS",NA,NA,2025-01-31 19:47:10.04,"","GEODETIC_DATUM_INVALID;GEODETIC_DATUM_ASSUMED_WGS84;FOOTPRINT_WKT_INVALID;CONTINENT_DERIVED_FROM_COORDINATES;IDENTIFIED_DATE_INVALID;TYPE_STATUS_INVALID"
1271453915,"3cdabf9a-99da-4383-b6cc-10afee5fb854","1120156291","Animalia","Chordata",NA,"Pleuronectiformes","Cynoglossidae","Symphurus","Symphurus plagiusa",NA,"SPECIES","Symphurus plagiusa (Linnaeus, 1766)","Symphurus plagiusa","(Linnaeus, 1766)","US","Oyster grid.cell=30 sweep=2","Florida","PRESENT",1,"c3ad790a-d426-4ac1-8e32-da61f81f0117",25.33993,-81.07101,15,NA,NA,NA,1.5,0,"2010-10-12T14:44",12,10,2010,2409475,2409475,"HUMAN_OBSERVATION","USGS","Fall10",NA,NA,NA,NA,"CC0_1_0","","USGS",NA,NA,2025-01-31 19:47:10.42,"","GEODETIC_DATUM_INVALID;GEODETIC_DATUM_ASSUMED_WGS84;FOOTPRINT_WKT_INVALID;CONTINENT_DERIVED_FROM_COORDINATES;IDENTIFIED_DATE_INVALID;TYPE_STATUS_INVALID"
1271453912,"3cdabf9a-99da-4383-b6cc-10afee5fb854","1120156210","Animalia","Chordata",NA,"Pleuronectiformes","Cynoglossidae","Symphurus","Symphurus plagiusa",NA,"SPECIES","Symphurus plagiusa (Linnaeus, 1766)","Symphurus plagiusa","(Linnaeus, 1766)","US","Lostmans grid.cell=1 sweep=4","Florida","PRESENT",1,"c3ad790a-d426-4ac1-8e32-da61f81f0117",25.52559,-81.21236,15,NA,NA,NA,0.99,0,"2010-10-11T14:19",11,10,2010,2409475,2409475,"HUMAN_OBSERVATION","USGS","Fall10",NA,NA,NA,NA,"CC0_1_0","","USGS",NA,NA,2025-01-31 19:47:10.744,"","GEODETIC_DATUM_INVALID;GEODETIC_DATUM_ASSUMED_WGS84;FOOTPRINT_WKT_INVALID;CONTINENT_DERIVED_FROM_COORDINATES;IDENTIFIED_DATE_INVALID;TYPE_STATUS_INVALID"
1271453906,"3cdabf9a-99da-4383-b6cc-10afee5fb854","1120156181","Animalia","Chordata",NA,"Pleuronectiformes","Cynoglossidae","Symphurus","Symphurus plagiusa",NA,"SPECIES","Symphurus plagiusa (Linnaeus, 1766)","Symphurus plagiusa","(Linnaeus, 1766)","US","Lostmans grid.cell=27 sweep=4","Florida","PRESENT",1,"c3ad790a-d426-4ac1-8e32-da61f81f0117",25.55127,-81.21635,15,NA,NA,NA,1,0,"2010-10-11T13:30",11,10,2010,2409475,2409475,"HUMAN_OBSERVATION","USGS","Fall10",NA,NA,NA,NA,"CC0_1_0","","USGS",NA,NA,2025-01-31 19:47:10.817,"","GEODETIC_DATUM_INVALID;GEODETIC_DATUM_ASSUMED_WGS84;FOOTPRINT_WKT_INVALID;CONTINENT_DERIVED_FROM_COORDINATES;IDENTIFIED_DATE_INVALID;TYPE_STATUS_INVALID"
1271453898,"3cdabf9a-99da-4383-b6cc-10afee5fb854","1120156065","Animalia","Chordata",NA,"Pleuronectiformes","Cynoglossidae","Symphurus","Symphurus plagiusa",NA,"SPECIES","Symphurus plagiusa (Linnaeus, 1766)","Symphurus plagiusa","(Linnaeus, 1766)","US","Ponce grid.cell=29 sweep=1","Florida","PRESENT",1,"c3ad790a-d426-4ac1-8e32-da61f81f0117",25.37952,-81.13726,15,NA,NA,NA,0.79,0,"2010-10-12T14:06",12,10,2010,2409475,2409475,"HUMAN_OBSERVATION","USGS","Fall10",NA,NA,NA,NA,"CC0_1_0","","USGS",NA,NA,2025-01-31 19:47:11.249,"","GEODETIC_DATUM_INVALID;GEODETIC_DATUM_ASSUMED_WGS84;FOOTPRINT_WKT_INVALID;CONTINENT_DERIVED_FROM_COORDINATES;IDENTIFIED_DATE_INVALID;TYPE_STATUS_INVALID"
1271453895,"3cdabf9a-99da-4383-b6cc-10afee5fb854","1120156014","Animalia","Chordata",NA,"Pleuronectiformes","Cynoglossidae","Symphurus","Symphurus plagiusa",NA,"SPECIES","Symphurus plagiusa (Linnaeus, 1766)","Symphurus plagiusa","(Linnaeus, 1766)","US","Johnson grid.cell=16 sweep=4","Florida","PRESENT",1,"c3ad790a-d426-4ac1-8e32-da61f81f0117",25.05306,-80.93432,15,NA,NA,NA,1.21,0,"2010-09-20T11:24",20,9,2010,2409475,2409475,"HUMAN_OBSERVATION","USGS","Fall10",NA,NA,NA,NA,"CC0_1_0","","USGS",NA,NA,2025-01-31 19:47:11.337,"","GEODETIC_DATUM_INVALID;GEODETIC_DATUM_ASSUMED_WGS84;FOOTPRINT_WKT_INVALID;CONTINENT_DERIVED_FROM_COORDINATES;IDENTIFIED_DATE_INVALID;TYPE_STATUS_INVALID"
1271453892,"3cdabf9a-99da-4383-b6cc-10afee5fb854","1120156009","Animalia","Chordata",NA,"Pleuronectiformes","Cynoglossidae","Symphurus","Symphurus plagiusa",NA,"SPECIES","Symphurus plagiusa (Linnaeus, 1766)","Symphurus plagiusa","(Linnaeus, 1766)","US","Oyster grid.cell=2 sweep=4","Florida","PRESENT",1,"c3ad790a-d426-4ac1-8e32-da61f81f0117",25.31423,-81.07634,15,NA,NA,NA,2.22,0,"2010-10-13T11:08",13,10,2010,2409475,2409475,"HUMAN_OBSERVATION","USGS","Fall10",NA,NA,NA,NA,"CC0_1_0","","USGS",NA,NA,2025-01-31 19:47:11.314,"","GEODETIC_DATUM_INVALID;GEODETIC_DATUM_ASSUMED_WGS84;FOOTPRINT_WKT_INVALID;CONTINENT_DERIVED_FROM_COORDINATES;IDENTIFIED_DATE_INVALID;TYPE_STATUS_INVALID"
1271453889,"3cdabf9a-99da-4383-b6cc-10afee5fb854","1120155974","Animalia","Chordata",NA,"Pleuronectiformes","Cynoglossidae","Symphurus","Symphurus plagiusa",NA,"SPECIES","Symphurus plagiusa (Linnaeus, 1766)","Symphurus plagiusa","(Linnaeus, 1766)","US","Lostmans grid.cell=19 sweep=2","Florida","PRESENT",1,"c3ad790a-d426-4ac1-8e32-da61f81f0117",25.5446,-81.21212,15,NA,NA,NA,0.99,0,"2010-10-11T11:53",11,10,2010,2409475,2409475,"HUMAN_OBSERVATION","USGS","Fall10",NA,NA,NA,NA,"CC0_1_0","","USGS",NA,NA,2025-01-31 19:47:07.216,"","GEODETIC_DATUM_INVALID;GEODETIC_DATUM_ASSUMED_WGS84;FOOTPRINT_WKT_INVALID;CONTINENT_DERIVED_FROM_COORDINATES;IDENTIFIED_DATE_INVALID;TYPE_STATUS_INVALID"
1271453886,"3cdabf9a-99da-4383-b6cc-10afee5fb854","1120155971","Animalia","Chordata",NA,"Pleuronectiformes","Cynoglossidae","Symphurus","Symphurus plagiusa",NA,"SPECIES","Symphurus plagiusa (Linnaeus, 1766)","Symphurus plagiusa","(Linnaeus, 1766)","US","Oyster grid.cell=5 sweep=2","Florida","PRESENT",1,"c3ad790a-d426-4ac1-8e32-da61f81f0117",25.31752,-81.07741,15,NA,NA,NA,1.88,0,"2010-10-13T10:31",13,10,2010,2409475,2409475,"HUMAN_OBSERVATION","USGS","Fall10",NA,NA,NA,NA,"CC0_1_0","","USGS",NA,NA,2025-01-31 19:47:07.235,"","GEODETIC_DATUM_INVALID;GEODETIC_DATUM_ASSUMED_WGS84;FOOTPRINT_WKT_INVALID;CONTINENT_DERIVED_FROM_COORDINATES;IDENTIFIED_DATE_INVALID;TYPE_STATUS_INVALID"
1271453883,"3cdabf9a-99da-4383-b6cc-10afee5fb854","1120155720","Animalia","Chordata",NA,"Pleuronectiformes","Cynoglossidae","Symphurus","Symphurus plagiusa",NA,"SPECIES","Symphurus plagiusa (Linnaeus, 1766)","Symphurus plagiusa","(Linnaeus, 1766)","US","Ponce grid.cell=19 sweep=1","Florida","PRESENT",1,"c3ad790a-d426-4ac1-8e32-da61f81f0117",25.3663,-81.12771,15,NA,NA,NA,0.91,0,"2010-10-12T12:55",12,10,2010,2409475,2409475,"HUMAN_OBSERVATION","USGS","Fall10",NA,NA,NA,NA,"CC0_1_0","","USGS",NA,NA,2025-01-31 19:47:07.854,"","GEODETIC_DATUM_INVALID;GEODETIC_DATUM_ASSUMED_WGS84;FOOTPRINT_WKT_INVALID;CONTINENT_DERIVED_FROM_COORDINATES;IDENTIFIED_DATE_INVALID;TYPE_STATUS_INVALID"
1271453874,"3cdabf9a-99da-4383-b6cc-10afee5fb854","1120155421","Animalia","Chordata",NA,"Pleuronectiformes","Cynoglossidae","Symphurus","Symphurus plagiusa",NA,"SPECIES","Symphurus plagiusa (Linnaeus, 1766)","Symphurus plagiusa","(Linnaeus, 1766)","US","Whitewater grid.cell=12 sweep=4","Florida","PRESENT",1,"c3ad790a-d426-4ac1-8e32-da61f81f0117",25.2842,-80.95943,15,NA,NA,NA,1.69,0,"2010-10-13T15:22",13,10,2010,2409475,2409475,"HUMAN_OBSERVATION","USGS","Fall10",NA,NA,NA,NA,"CC0_1_0","","USGS",NA,NA,2025-01-31 19:47:01.924,"","GEODETIC_DATUM_INVALID;GEODETIC_DATUM_ASSUMED_WGS84;FOOTPRINT_WKT_INVALID;CONTINENT_DERIVED_FROM_COORDINATES;IDENTIFIED_DATE_INVALID;TYPE_STATUS_INVALID"
1271453871,"3cdabf9a-99da-4383-b6cc-10afee5fb854","1120155408","Animalia","Chordata",NA,"Pleuronectiformes","Cynoglossidae","Symphurus","Symphurus plagiusa",NA,"SPECIES","Symphurus plagiusa (Linnaeus, 1766)","Symphurus plagiusa","(Linnaeus, 1766)","US","Oyster grid.cell=15 sweep=2","Florida","PRESENT",1,"c3ad790a-d426-4ac1-8e32-da61f81f0117",25.32637,-81.06911,15,NA,NA,NA,1.89,0,"2010-10-13T11:02",13,10,2010,2409475,2409475,"HUMAN_OBSERVATION","USGS","Fall10",NA,NA,NA,NA,"CC0_1_0","","USGS",NA,NA,2025-01-31 19:47:01.75,"","GEODETIC_DATUM_INVALID;GEODETIC_DATUM_ASSUMED_WGS84;FOOTPRINT_WKT_INVALID;CONTINENT_DERIVED_FROM_COORDINATES;IDENTIFIED_DATE_INVALID;TYPE_STATUS_INVALID"
1271453868,"3cdabf9a-99da-4383-b6cc-10afee5fb854","1120155382","Animalia","Chordata",NA,"Pleuronectiformes","Cynoglossidae","Symphurus","Symphurus plagiusa",NA,"SPECIES","Symphurus plagiusa (Linnaeus, 1766)","Symphurus plagiusa","(Linnaeus, 1766)","US","Lostmans grid.cell=18 sweep=3","Florida","PRESENT",1,"c3ad790a-d426-4ac1-8e32-da61f81f0117",25.54264,-81.21624,15,NA,NA,NA,0.89,0,"2010-10-11T11:25",11,10,2010,2409475,2409475,"HUMAN_OBSERVATION","USGS","Fall10",NA,NA,NA,NA,"CC0_1_0","","USGS",NA,NA,2025-01-31 19:47:02.005,"","GEODETIC_DATUM_INVALID;GEODETIC_DATUM_ASSUMED_WGS84;FOOTPRINT_WKT_INVALID;CONTINENT_DERIVED_FROM_COORDINATES;IDENTIFIED_DATE_INVALID;TYPE_STATUS_INVALID"
1271453859,"3cdabf9a-99da-4383-b6cc-10afee5fb854","1120155222","Animalia","Chordata",NA,"Pleuronectiformes","Cynoglossidae","Symphurus","Symphurus plagiusa",NA,"SPECIES","Symphurus plagiusa (Linnaeus, 1766)","Symphurus plagiusa","(Linnaeus, 1766)","US","Oyster grid.cell=14 sweep=4","Florida","PRESENT",1,"c3ad790a-d426-4ac1-8e32-da61f81f0117",25.32528,-81.07135,15,NA,NA,NA,1.79,0,"2010-10-13T11:16",13,10,2010,2409475,2409475,"HUMAN_OBSERVATION","USGS","Fall10",NA,NA,NA,NA,"CC0_1_0","","USGS",NA,NA,2025-01-31 19:47:02.617,"","GEODETIC_DATUM_INVALID;GEODETIC_DATUM_ASSUMED_WGS84;FOOTPRINT_WKT_INVALID;CONTINENT_DERIVED_FROM_COORDINATES;IDENTIFIED_DATE_INVALID;TYPE_STATUS_INVALID"
1271453852,"3cdabf9a-99da-4383-b6cc-10afee5fb854","1120157755","Animalia","Chordata",NA,"Pleuronectiformes","Cynoglossidae","Symphurus","Symphurus plagiusa",NA,"SPECIES","Symphurus plagiusa (Linnaeus, 1766)","Symphurus plagiusa","(Linnaeus, 1766)","US","Ponce grid.cell=3 sweep=2","Florida","PRESENT",1,"c3ad790a-d426-4ac1-8e32-da61f81f0117",25.34845,-81.14309,15,NA,NA,NA,4,0,"2010-10-11T16:31",11,10,2010,2409475,2409475,"HUMAN_OBSERVATION","USGS","Fall10",NA,NA,NA,NA,"CC0_1_0","","USGS",NA,NA,2025-01-31 19:46:59.814,"","GEODETIC_DATUM_INVALID;GEODETIC_DATUM_ASSUMED_WGS84;FOOTPRINT_WKT_INVALID;CONTINENT_DERIVED_FROM_COORDINATES;IDENTIFIED_DATE_INVALID;TYPE_STATUS_INVALID"
1271450673,"3cdabf9a-99da-4383-b6cc-10afee5fb854","1119657393","Animalia","Chordata",NA,"Pleuronectiformes","Cynoglossidae","Symphurus","Symphurus plagiusa",NA,"SPECIES","Symphurus plagiusa (Linnaeus, 1766)","Symphurus plagiusa","(Linnaeus, 1766)","US","Oyster grid.cell=16 sweep=1","Florida","PRESENT",1,"c3ad790a-d426-4ac1-8e32-da61f81f0117",25.32817,-81.08112,15,NA,NA,NA,2.35,0,"2010-04-28T16:03",28,4,2010,2409475,2409475,"HUMAN_OBSERVATION","USGS","Spring10",NA,NA,NA,NA,"CC0_1_0","","USGS",NA,NA,2025-01-31 19:46:58.151,"","GEODETIC_DATUM_INVALID;GEODETIC_DATUM_ASSUMED_WGS84;FOOTPRINT_WKT_INVALID;CONTINENT_DERIVED_FROM_COORDINATES;IDENTIFIED_DATE_INVALID;TYPE_STATUS_INVALID"
1271450663,"3cdabf9a-99da-4383-b6cc-10afee5fb854","1119657255","Animalia","Chordata",NA,"Pleuronectiformes","Cynoglossidae","Symphurus","Symphurus plagiusa",NA,"SPECIES","Symphurus plagiusa (Linnaeus, 1766)","Symphurus plagiusa","(Linnaeus, 1766)","US","Oyster grid.cell=1 sweep=2","Florida","PRESENT",1,"c3ad790a-d426-4ac1-8e32-da61f81f0117",25.31548,-81.07864,15,NA,NA,NA,2.2,0,"2010-04-28T16:20",28,4,2010,2409475,2409475,"HUMAN_OBSERVATION","USGS","Spring10",NA,NA,NA,NA,"CC0_1_0","","USGS",NA,NA,2025-01-31 19:46:57.942,"","GEODETIC_DATUM_INVALID;GEODETIC_DATUM_ASSUMED_WGS84;FOOTPRINT_WKT_INVALID;CONTINENT_DERIVED_FROM_COORDINATES;IDENTIFIED_DATE_INVALID;TYPE_STATUS_INVALID"
1271450653,"3cdabf9a-99da-4383-b6cc-10afee5fb854","1119656567","Animalia","Chordata",NA,"Pleuronectiformes","Cynoglossidae","Symphurus","Symphurus plagiusa",NA,"SPECIES","Symphurus plagiusa (Linnaeus, 1766)","Symphurus plagiusa","(Linnaeus, 1766)","US","Oyster grid.cell=7 sweep=3","Florida","PRESENT",1,"c3ad790a-d426-4ac1-8e32-da61f81f0117",25.31669,-81.06873,15,NA,NA,NA,1.74,0,"2010-04-28T17:04",28,4,2010,2409475,2409475,"HUMAN_OBSERVATION","USGS","Spring10",NA,NA,NA,NA,"CC0_1_0","","USGS",NA,NA,2025-01-31 19:47:09.639,"","GEODETIC_DATUM_INVALID;GEODETIC_DATUM_ASSUMED_WGS84;FOOTPRINT_WKT_INVALID;CONTINENT_DERIVED_FROM_COORDINATES;IDENTIFIED_DATE_INVALID;TYPE_STATUS_INVALID"
1271450634,"3cdabf9a-99da-4383-b6cc-10afee5fb854","1119656195","Animalia","Chordata",NA,"Pleuronectiformes","Cynoglossidae","Symphurus","Symphurus plagiusa",NA,"SPECIES","Symphurus plagiusa (Linnaeus, 1766)","Symphurus plagiusa","(Linnaeus, 1766)","US","Oyster grid.cell=24 sweep=4","Florida","PRESENT",1,"c3ad790a-d426-4ac1-8e32-da61f81f0117",25.33517,-81.08235,15,NA,NA,NA,1.43,0,"2010-04-28T16:37",28,4,2010,2409475,2409475,"HUMAN_OBSERVATION","USGS","Spring10",NA,NA,NA,NA,"CC0_1_0","","USGS",NA,NA,2025-01-31 19:47:07.414,"","GEODETIC_DATUM_INVALID;GEODETIC_DATUM_ASSUMED_WGS84;FOOTPRINT_WKT_INVALID;CONTINENT_DERIVED_FROM_COORDINATES;IDENTIFIED_DATE_INVALID;TYPE_STATUS_INVALID"
1271450616,"3cdabf9a-99da-4383-b6cc-10afee5fb854","1119655621","Animalia","Chordata",NA,"Pleuronectiformes","Cynoglossidae","Symphurus","Symphurus plagiusa",NA,"SPECIES","Symphurus plagiusa (Linnaeus, 1766)","Symphurus plagiusa","(Linnaeus, 1766)","US","Whitewater grid.cell=12 sweep=5","Florida","PRESENT",1,"c3ad790a-d426-4ac1-8e32-da61f81f0117",25.28386,-80.96119,15,NA,NA,NA,1.85,0,"2010-04-29T12:15",29,4,2010,2409475,2409475,"HUMAN_OBSERVATION","USGS","Spring10",NA,NA,NA,NA,"CC0_1_0","","USGS",NA,NA,2025-01-31 19:46:55.302,"","GEODETIC_DATUM_INVALID;GEODETIC_DATUM_ASSUMED_WGS84;FOOTPRINT_WKT_INVALID;CONTINENT_DERIVED_FROM_COORDINATES;IDENTIFIED_DATE_INVALID;TYPE_STATUS_INVALID"
1271450607,"3cdabf9a-99da-4383-b6cc-10afee5fb854","1119655149","Animalia","Chordata",NA,"Pleuronectiformes","Cynoglossidae","Symphurus","Symphurus plagiusa",NA,"SPECIES","Symphurus plagiusa (Linnaeus, 1766)","Symphurus plagiusa","(Linnaeus, 1766)","US","Lostmans grid.cell=24 sweep=2","Florida","PRESENT",1,"c3ad790a-d426-4ac1-8e32-da61f81f0117",25.54593,-81.21072,15,NA,NA,NA,1.98,0,"2010-04-28T13:48",28,4,2010,2409475,2409475,"HUMAN_OBSERVATION","USGS","Spring10",NA,NA,NA,NA,"CC0_1_0","","USGS",NA,NA,2025-01-31 19:46:58.953,"","GEODETIC_DATUM_INVALID;GEODETIC_DATUM_ASSUMED_WGS84;FOOTPRINT_WKT_INVALID;CONTINENT_DERIVED_FROM_COORDINATES;IDENTIFIED_DATE_INVALID;TYPE_STATUS_INVALID"
1271450598,"3cdabf9a-99da-4383-b6cc-10afee5fb854","1119655130","Animalia","Chordata",NA,"Pleuronectiformes","Cynoglossidae","Symphurus","Symphurus plagiusa",NA,"SPECIES","Symphurus plagiusa (Linnaeus, 1766)","Symphurus plagiusa","(Linnaeus, 1766)","US","Oyster grid.cell=19 sweep=1","Florida","PRESENT",1,"c3ad790a-d426-4ac1-8e32-da61f81f0117",25.32781,-81.06483,15,NA,NA,NA,1.58,0,"2010-04-29T10:42",29,4,2010,2409475,2409475,"HUMAN_OBSERVATION","USGS","Spring10",NA,NA,NA,NA,"CC0_1_0","","USGS",NA,NA,2025-01-31 19:46:58.959,"","GEODETIC_DATUM_INVALID;GEODETIC_DATUM_ASSUMED_WGS84;FOOTPRINT_WKT_INVALID;CONTINENT_DERIVED_FROM_COORDINATES;IDENTIFIED_DATE_INVALID;TYPE_STATUS_INVALID"
1271448334,"3cdabf9a-99da-4383-b6cc-10afee5fb854","1119101452","Animalia","Chordata",NA,"Pleuronectiformes","Cynoglossidae","Symphurus","Symphurus plagiusa",NA,"SPECIES","Symphurus plagiusa (Linnaeus, 1766)","Symphurus plagiusa","(Linnaeus, 1766)","US","Lostmans grid.cell=28 sweep=5","Florida","PRESENT",1,"c3ad790a-d426-4ac1-8e32-da61f81f0117",25.55188,-81.21275,15,NA,NA,NA,0.91,0,"2009-05-11T12:00",11,5,2009,2409475,2409475,"HUMAN_OBSERVATION","USGS","Spring09",NA,NA,NA,NA,"CC0_1_0","","USGS",NA,NA,2025-01-31 19:47:09.742,"","GEODETIC_DATUM_INVALID;GEODETIC_DATUM_ASSUMED_WGS84;FOOTPRINT_WKT_INVALID;CONTINENT_DERIVED_FROM_COORDINATES;IDENTIFIED_DATE_INVALID;TYPE_STATUS_INVALID"
1271448332,"3cdabf9a-99da-4383-b6cc-10afee5fb854","1119101369","Animalia","Chordata",NA,"Pleuronectiformes","Cynoglossidae","Symphurus","Symphurus plagiusa",NA,"SPECIES","Symphurus plagiusa (Linnaeus, 1766)","Symphurus plagiusa","(Linnaeus, 1766)","US","Whitewater grid.cell=5 sweep=1","Florida","PRESENT",1,"c3ad790a-d426-4ac1-8e32-da61f81f0117",25.2787,-80.97478,15,NA,NA,NA,1.68,0,"2009-05-14T10:59",14,5,2009,2409475,2409475,"HUMAN_OBSERVATION","USGS","Spring09",NA,NA,NA,NA,"CC0_1_0","","USGS",NA,NA,2025-01-31 19:47:09.535,"","GEODETIC_DATUM_INVALID;GEODETIC_DATUM_ASSUMED_WGS84;FOOTPRINT_WKT_INVALID;CONTINENT_DERIVED_FROM_COORDINATES;IDENTIFIED_DATE_INVALID;TYPE_STATUS_INVALID"
1271448330,"3cdabf9a-99da-4383-b6cc-10afee5fb854","1119101195","Animalia","Chordata",NA,"Pleuronectiformes","Cynoglossidae","Symphurus","Symphurus plagiusa",NA,"SPECIES","Symphurus plagiusa (Linnaeus, 1766)","Symphurus plagiusa","(Linnaeus, 1766)","US","Lostmans grid.cell=25 sweep=3","Florida","PRESENT",1,"c3ad790a-d426-4ac1-8e32-da61f81f0117",25.55034,-81.22346,15,NA,NA,NA,1.08,0,"2009-05-11T10:54",11,5,2009,2409475,2409475,"HUMAN_OBSERVATION","USGS","Spring09",NA,NA,NA,NA,"CC0_1_0","","USGS",NA,NA,2025-01-31 19:47:08.51,"","GEODETIC_DATUM_INVALID;GEODETIC_DATUM_ASSUMED_WGS84;FOOTPRINT_WKT_INVALID;CONTINENT_DERIVED_FROM_COORDINATES;IDENTIFIED_DATE_INVALID;TYPE_STATUS_INVALID"
1271448328,"3cdabf9a-99da-4383-b6cc-10afee5fb854","1119101077","Animalia","Chordata",NA,"Pleuronectiformes","Cynoglossidae","Symphurus","Symphurus plagiusa",NA,"SPECIES","Symphurus plagiusa (Linnaeus, 1766)","Symphurus plagiusa","(Linnaeus, 1766)","US","Whitewater grid.cell=28 sweep=5","Florida","PRESENT",1,"c3ad790a-d426-4ac1-8e32-da61f81f0117",25.31242,-80.9888,15,NA,NA,NA,1.38,0,"2009-05-13T12:07",13,5,2009,2409475,2409475,"HUMAN_OBSERVATION","USGS","Spring09",NA,NA,NA,NA,"CC0_1_0","","USGS",NA,NA,2025-01-31 19:47:08.163,"","GEODETIC_DATUM_INVALID;GEODETIC_DATUM_ASSUMED_WGS84;FOOTPRINT_WKT_INVALID;CONTINENT_DERIVED_FROM_COORDINATES;IDENTIFIED_DATE_INVALID;TYPE_STATUS_INVALID"
1271448326,"3cdabf9a-99da-4383-b6cc-10afee5fb854","1119101039","Animalia","Chordata",NA,"Pleuronectiformes","Cynoglossidae","Symphurus","Symphurus plagiusa",NA,"SPECIES","Symphurus plagiusa (Linnaeus, 1766)","Symphurus plagiusa","(Linnaeus, 1766)","US","Card grid.cell=19 sweep=1","Florida","PRESENT",1,"c3ad790a-d426-4ac1-8e32-da61f81f0117",25.34829,-80.27207,15,NA,NA,NA,0.96,0,"2009-04-28T13:35",28,4,2009,2409475,2409475,"HUMAN_OBSERVATION","USGS","Spring09",NA,NA,NA,NA,"CC0_1_0","","USGS",NA,NA,2025-01-31 19:47:08.357,"","GEODETIC_DATUM_INVALID;GEODETIC_DATUM_ASSUMED_WGS84;FOOTPRINT_WKT_INVALID;CONTINENT_DERIVED_FROM_COORDINATES;IDENTIFIED_DATE_INVALID;TYPE_STATUS_INVALID"
1271448324,"3cdabf9a-99da-4383-b6cc-10afee5fb854","1119100696","Animalia","Chordata",NA,"Pleuronectiformes","Cynoglossidae","Symphurus","Symphurus plagiusa",NA,"SPECIES","Symphurus plagiusa (Linnaeus, 1766)","Symphurus plagiusa","(Linnaeus, 1766)","US","Lostmans grid.cell=13 sweep=3","Florida","PRESENT",1,"c3ad790a-d426-4ac1-8e32-da61f81f0117",25.53978,-81.21985,15,NA,NA,NA,2.99,0,"2009-05-11T14:15",11,5,2009,2409475,2409475,"HUMAN_OBSERVATION","USGS","Spring09",NA,NA,NA,NA,"CC0_1_0","","USGS",NA,NA,2025-01-31 19:46:55.648,"","GEODETIC_DATUM_INVALID;GEODETIC_DATUM_ASSUMED_WGS84;FOOTPRINT_WKT_INVALID;CONTINENT_DERIVED_FROM_COORDINATES;IDENTIFIED_DATE_INVALID;TYPE_STATUS_INVALID"
1271448322,"3cdabf9a-99da-4383-b6cc-10afee5fb854","1119100657","Animalia","Chordata",NA,"Pleuronectiformes","Cynoglossidae","Symphurus","Symphurus plagiusa",NA,"SPECIES","Symphurus plagiusa (Linnaeus, 1766)","Symphurus plagiusa","(Linnaeus, 1766)","US","Lostmans grid.cell=14 sweep=3","Florida","PRESENT",1,"c3ad790a-d426-4ac1-8e32-da61f81f0117",25.54074,-81.21347,15,NA,NA,NA,2.23,0,"2009-05-11T14:31",11,5,2009,2409475,2409475,"HUMAN_OBSERVATION","USGS","Spring09",NA,NA,NA,NA,"CC0_1_0","","USGS",NA,NA,2025-01-31 19:46:55.733,"","GEODETIC_DATUM_INVALID;GEODETIC_DATUM_ASSUMED_WGS84;FOOTPRINT_WKT_INVALID;CONTINENT_DERIVED_FROM_COORDINATES;IDENTIFIED_DATE_INVALID;TYPE_STATUS_INVALID"
1271448320,"3cdabf9a-99da-4383-b6cc-10afee5fb854","1119100536","Animalia","Chordata",NA,"Pleuronectiformes","Cynoglossidae","Symphurus","Symphurus plagiusa",NA,"SPECIES","Symphurus plagiusa (Linnaeus, 1766)","Symphurus plagiusa","(Linnaeus, 1766)","US","Lostmans grid.cell=1 sweep=2","Florida","PRESENT",1,"c3ad790a-d426-4ac1-8e32-da61f81f0117",25.5256,-81.2161,15,NA,NA,NA,0.72,0,"2009-05-11T10:30",11,5,2009,2409475,2409475,"HUMAN_OBSERVATION","USGS","Spring09",NA,NA,NA,NA,"CC0_1_0","","USGS",NA,NA,2025-01-31 19:46:55.41,"","GEODETIC_DATUM_INVALID;GEODETIC_DATUM_ASSUMED_WGS84;FOOTPRINT_WKT_INVALID;CONTINENT_DERIVED_FROM_COORDINATES;IDENTIFIED_DATE_INVALID;TYPE_STATUS_INVALID"
1271448318,"3cdabf9a-99da-4383-b6cc-10afee5fb854","1119100428","Animalia","Chordata",NA,"Pleuronectiformes","Cynoglossidae","Symphurus","Symphurus plagiusa",NA,"SPECIES","Symphurus plagiusa (Linnaeus, 1766)","Symphurus plagiusa","(Linnaeus, 1766)","US","Lostmans grid.cell=6 sweep=4","Florida","PRESENT",1,"c3ad790a-d426-4ac1-8e32-da61f81f0117",25.53066,-81.21352,15,NA,NA,NA,0.95,0,"2009-05-11T11:16",11,5,2009,2409475,2409475,"HUMAN_OBSERVATION","USGS","Spring09",NA,NA,NA,NA,"CC0_1_0","","USGS",NA,NA,2025-01-31 19:46:55.106,"","GEODETIC_DATUM_INVALID;GEODETIC_DATUM_ASSUMED_WGS84;FOOTPRINT_WKT_INVALID;CONTINENT_DERIVED_FROM_COORDINATES;IDENTIFIED_DATE_INVALID;TYPE_STATUS_INVALID"
1271448316,"3cdabf9a-99da-4383-b6cc-10afee5fb854","1119099991","Animalia","Chordata",NA,"Pleuronectiformes","Cynoglossidae","Symphurus","Symphurus plagiusa",NA,"SPECIES","Symphurus plagiusa (Linnaeus, 1766)","Symphurus plagiusa","(Linnaeus, 1766)","US","Oyster grid.cell=4 sweep=2","Florida","PRESENT",1,"c3ad790a-d426-4ac1-8e32-da61f81f0117",25.31857,-81.07948,15,NA,NA,NA,1.7,0,"2009-05-13T11:00",13,5,2009,2409475,2409475,"HUMAN_OBSERVATION","USGS","Spring09",NA,NA,NA,NA,"CC0_1_0","","USGS",NA,NA,2025-01-31 19:47:04.063,"","GEODETIC_DATUM_INVALID;GEODETIC_DATUM_ASSUMED_WGS84;FOOTPRINT_WKT_INVALID;CONTINENT_DERIVED_FROM_COORDINATES;IDENTIFIED_DATE_INVALID;TYPE_STATUS_INVALID"
1271448314,"3cdabf9a-99da-4383-b6cc-10afee5fb854","1119099962","Animalia","Chordata",NA,"Pleuronectiformes","Cynoglossidae","Symphurus","Symphurus plagiusa",NA,"SPECIES","Symphurus plagiusa (Linnaeus, 1766)","Symphurus plagiusa","(Linnaeus, 1766)","US","Ponce grid.cell=25 sweep=3","Florida","PRESENT",1,"c3ad790a-d426-4ac1-8e32-da61f81f0117",25.37641,-81.14257,15,NA,NA,NA,1.7,0,"2009-05-12T11:19",12,5,2009,2409475,2409475,"HUMAN_OBSERVATION","USGS","Spring09",NA,NA,NA,NA,"CC0_1_0","","USGS",NA,NA,2025-01-31 19:47:03.749,"","GEODETIC_DATUM_INVALID;GEODETIC_DATUM_ASSUMED_WGS84;FOOTPRINT_WKT_INVALID;CONTINENT_DERIVED_FROM_COORDINATES;IDENTIFIED_DATE_INVALID;TYPE_STATUS_INVALID"
1271448312,"3cdabf9a-99da-4383-b6cc-10afee5fb854","1119099570","Animalia","Chordata",NA,"Pleuronectiformes","Cynoglossidae","Symphurus","Symphurus plagiusa",NA,"SPECIES","Symphurus plagiusa (Linnaeus, 1766)","Symphurus plagiusa","(Linnaeus, 1766)","US","Lostmans grid.cell=21 sweep=5","Florida","PRESENT",1,"c3ad790a-d426-4ac1-8e32-da61f81f0117",25.54977,-81.22337,15,NA,NA,NA,1.07,0,"2009-05-11T11:07",11,5,2009,2409475,2409475,"HUMAN_OBSERVATION","USGS","Spring09",NA,NA,NA,NA,"CC0_1_0","","USGS",NA,NA,2025-01-31 19:46:56.935,"","GEODETIC_DATUM_INVALID;GEODETIC_DATUM_ASSUMED_WGS84;FOOTPRINT_WKT_INVALID;CONTINENT_DERIVED_FROM_COORDINATES;IDENTIFIED_DATE_INVALID;TYPE_STATUS_INVALID"
1271448310,"3cdabf9a-99da-4383-b6cc-10afee5fb854","1119099557","Animalia","Chordata",NA,"Pleuronectiformes","Cynoglossidae","Symphurus","Symphurus plagiusa",NA,"SPECIES","Symphurus plagiusa (Linnaeus, 1766)","Symphurus plagiusa","(Linnaeus, 1766)","US","Rabbit grid.cell=3 sweep=2","Florida","PRESENT",1,"c3ad790a-d426-4ac1-8e32-da61f81f0117",24.97817,-80.89475,15,NA,NA,NA,1.76,0,"2009-04-13T11:42",13,4,2009,2409475,2409475,"HUMAN_OBSERVATION","USGS","Spring09",NA,NA,NA,NA,"CC0_1_0","","USGS",NA,NA,2025-01-31 19:46:56.916,"","GEODETIC_DATUM_INVALID;GEODETIC_DATUM_ASSUMED_WGS84;FOOTPRINT_WKT_INVALID;IDENTIFIED_DATE_INVALID;TYPE_STATUS_INVALID"
1271448308,"3cdabf9a-99da-4383-b6cc-10afee5fb854","1119099214","Animalia","Chordata",NA,"Pleuronectiformes","Cynoglossidae","Symphurus","Symphurus plagiusa",NA,"SPECIES","Symphurus plagiusa (Linnaeus, 1766)","Symphurus plagiusa","(Linnaeus, 1766)","US","Ponce grid.cell=27 sweep=2","Florida","PRESENT",1,"c3ad790a-d426-4ac1-8e32-da61f81f0117",25.37839,-81.12738,15,NA,NA,NA,1.78,0,"2009-05-11T15:59",11,5,2009,2409475,2409475,"HUMAN_OBSERVATION","USGS","Spring09",NA,NA,NA,NA,"CC0_1_0","","USGS",NA,NA,2025-01-31 19:46:55.768,"","GEODETIC_DATUM_INVALID;GEODETIC_DATUM_ASSUMED_WGS84;FOOTPRINT_WKT_INVALID;CONTINENT_DERIVED_FROM_COORDINATES;IDENTIFIED_DATE_INVALID;TYPE_STATUS_INVALID"
1271448306,"3cdabf9a-99da-4383-b6cc-10afee5fb854","1119099062","Animalia","Chordata",NA,"Pleuronectiformes","Cynoglossidae","Symphurus","Symphurus plagiusa",NA,"SPECIES","Symphurus plagiusa (Linnaeus, 1766)","Symphurus plagiusa","(Linnaeus, 1766)","US","Lostmans grid.cell=15 sweep=4","Florida","PRESENT",1,"c3ad790a-d426-4ac1-8e32-da61f81f0117",25.54072,-81.21032,15,NA,NA,NA,1.61,0,"2009-05-11T12:14",11,5,2009,2409475,2409475,"HUMAN_OBSERVATION","USGS","Spring09",NA,NA,NA,NA,"CC0_1_0","","USGS",NA,NA,2025-01-31 19:46:55.045,"","GEODETIC_DATUM_INVALID;GEODETIC_DATUM_ASSUMED_WGS84;FOOTPRINT_WKT_INVALID;CONTINENT_DERIVED_FROM_COORDINATES;IDENTIFIED_DATE_INVALID;TYPE_STATUS_INVALID"
1271448304,"3cdabf9a-99da-4383-b6cc-10afee5fb854","1119099036","Animalia","Chordata",NA,"Pleuronectiformes","Cynoglossidae","Symphurus","Symphurus plagiusa",NA,"SPECIES","Symphurus plagiusa (Linnaeus, 1766)","Symphurus plagiusa","(Linnaeus, 1766)","US","Oyster grid.cell=25 sweep=2","Florida","PRESENT",1,"c3ad790a-d426-4ac1-8e32-da61f81f0117",25.33483,-81.08061,15,NA,NA,NA,2.2,0,"2009-05-12T15:07",12,5,2009,2409475,2409475,"HUMAN_OBSERVATION","USGS","Spring09",NA,NA,NA,NA,"CC0_1_0","","USGS",NA,NA,2025-01-31 19:46:55.035,"","GEODETIC_DATUM_INVALID;GEODETIC_DATUM_ASSUMED_WGS84;FOOTPRINT_WKT_INVALID;CONTINENT_DERIVED_FROM_COORDINATES;IDENTIFIED_DATE_INVALID;TYPE_STATUS_INVALID"
1271448302,"3cdabf9a-99da-4383-b6cc-10afee5fb854","1119098957","Animalia","Chordata",NA,"Pleuronectiformes","Cynoglossidae","Symphurus","Symphurus plagiusa",NA,"SPECIES","Symphurus plagiusa (Linnaeus, 1766)","Symphurus plagiusa","(Linnaeus, 1766)","US","Whitewater grid.cell=9 sweep=5","Florida","PRESENT",1,"c3ad790a-d426-4ac1-8e32-da61f81f0117",25.28193,-80.98219,15,NA,NA,NA,1.69,0,"2009-05-14T10:34",14,5,2009,2409475,2409475,"HUMAN_OBSERVATION","USGS","Spring09",NA,NA,NA,NA,"CC0_1_0","","USGS",NA,NA,2025-01-31 19:47:14.653,"","GEODETIC_DATUM_INVALID;GEODETIC_DATUM_ASSUMED_WGS84;FOOTPRINT_WKT_INVALID;CONTINENT_DERIVED_FROM_COORDINATES;IDENTIFIED_DATE_INVALID;TYPE_STATUS_INVALID"
1271446170,"3cdabf9a-99da-4383-b6cc-10afee5fb854","1118600220","Animalia","Chordata",NA,"Pleuronectiformes","Cynoglossidae","Symphurus","Symphurus plagiusa",NA,"SPECIES","Symphurus plagiusa (Linnaeus, 1766)","Symphurus plagiusa","(Linnaeus, 1766)","US","Ponce grid.cell=30 sweep=3","Florida","PRESENT",1,"c3ad790a-d426-4ac1-8e32-da61f81f0117",25.37895,-81.13204,15,NA,NA,NA,1.7,0,"2008-10-15T15:57",15,10,2008,2409475,2409475,"HUMAN_OBSERVATION","USGS","Fall08",NA,NA,NA,NA,"CC0_1_0","","USGS",NA,NA,2025-01-31 19:47:12.01,"","GEODETIC_DATUM_INVALID;GEODETIC_DATUM_ASSUMED_WGS84;FOOTPRINT_WKT_INVALID;CONTINENT_DERIVED_FROM_COORDINATES;IDENTIFIED_DATE_INVALID;TYPE_STATUS_INVALID"
1271446156,"3cdabf9a-99da-4383-b6cc-10afee5fb854","1118600182","Animalia","Chordata",NA,"Pleuronectiformes","Cynoglossidae","Symphurus","Symphurus plagiusa",NA,"SPECIES","Symphurus plagiusa (Linnaeus, 1766)","Symphurus plagiusa","(Linnaeus, 1766)","US","Oyster grid.cell=16 sweep=1","Florida","PRESENT",1,"c3ad790a-d426-4ac1-8e32-da61f81f0117",25.32696,-81.07915,15,NA,NA,NA,2.07,0,"2008-10-13T11:46",13,10,2008,2409475,2409475,"HUMAN_OBSERVATION","USGS","Fall08",NA,NA,NA,NA,"CC0_1_0","","USGS",NA,NA,2025-01-31 19:47:13.659,"","GEODETIC_DATUM_INVALID;GEODETIC_DATUM_ASSUMED_WGS84;FOOTPRINT_WKT_INVALID;CONTINENT_DERIVED_FROM_COORDINATES;IDENTIFIED_DATE_INVALID;TYPE_STATUS_INVALID"
1271446144,"3cdabf9a-99da-4383-b6cc-10afee5fb854","1118599915","Animalia","Chordata",NA,"Pleuronectiformes","Cynoglossidae","Symphurus","Symphurus plagiusa",NA,"SPECIES","Symphurus plagiusa (Linnaeus, 1766)","Symphurus plagiusa","(Linnaeus, 1766)","US","Lostmans grid.cell=5 sweep=3","Florida","PRESENT",1,"c3ad790a-d426-4ac1-8e32-da61f81f0117",25.53012,-81.20832,15,NA,NA,NA,1.59,0,"2008-10-14T13:06",14,10,2008,2409475,2409475,"HUMAN_OBSERVATION","USGS","Fall08",NA,NA,NA,NA,"CC0_1_0","","USGS",NA,NA,2025-01-31 19:47:09.407,"","GEODETIC_DATUM_INVALID;GEODETIC_DATUM_ASSUMED_WGS84;FOOTPRINT_WKT_INVALID;CONTINENT_DERIVED_FROM_COORDINATES;IDENTIFIED_DATE_INVALID;TYPE_STATUS_INVALID"
1271446131,"3cdabf9a-99da-4383-b6cc-10afee5fb854","1118599905","Animalia","Chordata",NA,"Pleuronectiformes","Cynoglossidae","Symphurus","Symphurus plagiusa",NA,"SPECIES","Symphurus plagiusa (Linnaeus, 1766)","Symphurus plagiusa","(Linnaeus, 1766)","US","Oyster grid.cell=12 sweep=2","Florida","PRESENT",1,"c3ad790a-d426-4ac1-8e32-da61f81f0117",25.32407,-81.08363,15,NA,NA,NA,2.1,0,"2008-10-13T14:11",13,10,2008,2409475,2409475,"HUMAN_OBSERVATION","USGS","Fall08",NA,NA,NA,NA,"CC0_1_0","","USGS",NA,NA,2025-01-31 19:47:09.364,"","GEODETIC_DATUM_INVALID;GEODETIC_DATUM_ASSUMED_WGS84;FOOTPRINT_WKT_INVALID;CONTINENT_DERIVED_FROM_COORDINATES;IDENTIFIED_DATE_INVALID;TYPE_STATUS_INVALID"
1271446119,"3cdabf9a-99da-4383-b6cc-10afee5fb854","1118599856","Animalia","Chordata",NA,"Pleuronectiformes","Cynoglossidae","Symphurus","Symphurus plagiusa",NA,"SPECIES","Symphurus plagiusa (Linnaeus, 1766)","Symphurus plagiusa","(Linnaeus, 1766)","US","Lostmans grid.cell=30 sweep=1","Florida","PRESENT",1,"c3ad790a-d426-4ac1-8e32-da61f81f0117",25.55512,-81.22366,15,NA,NA,NA,1.33,0,"2008-10-14T15:10",14,10,2008,2409475,2409475,"HUMAN_OBSERVATION","USGS","Fall08",NA,NA,NA,NA,"CC0_1_0","","USGS",NA,NA,2025-01-31 19:47:09.64,"","GEODETIC_DATUM_INVALID;GEODETIC_DATUM_ASSUMED_WGS84;FOOTPRINT_WKT_INVALID;CONTINENT_DERIVED_FROM_COORDINATES;IDENTIFIED_DATE_INVALID;TYPE_STATUS_INVALID"
1271446111,"3cdabf9a-99da-4383-b6cc-10afee5fb854","1118599822","Animalia","Chordata",NA,"Pleuronectiformes","Cynoglossidae","Symphurus","Symphurus plagiusa",NA,"SPECIES","Symphurus plagiusa (Linnaeus, 1766)","Symphurus plagiusa","(Linnaeus, 1766)","US","Oyster grid.cell=19 sweep=1","Florida","PRESENT",1,"c3ad790a-d426-4ac1-8e32-da61f81f0117",25.32772,-81.06804,15,NA,NA,NA,2.33,0,"2008-10-13T10:34",13,10,2008,2409475,2409475,"HUMAN_OBSERVATION","USGS","Fall08",NA,NA,NA,NA,"CC0_1_0","","USGS",NA,NA,2025-01-31 19:47:09.555,"","GEODETIC_DATUM_INVALID;GEODETIC_DATUM_ASSUMED_WGS84;FOOTPRINT_WKT_INVALID;CONTINENT_DERIVED_FROM_COORDINATES;IDENTIFIED_DATE_INVALID;TYPE_STATUS_INVALID"
1271446102,"3cdabf9a-99da-4383-b6cc-10afee5fb854","1118599782","Animalia","Chordata",NA,"Pleuronectiformes","Cynoglossidae","Symphurus","Symphurus plagiusa",NA,"SPECIES","Symphurus plagiusa (Linnaeus, 1766)","Symphurus plagiusa","(Linnaeus, 1766)","US","Lostmans grid.cell=9 sweep=5","Florida","PRESENT",1,"c3ad790a-d426-4ac1-8e32-da61f81f0117",25.5348,-81.21512,15,NA,NA,NA,0.9,0,"2008-10-14T10:05",14,10,2008,2409475,2409475,"HUMAN_OBSERVATION","USGS","Fall08",NA,NA,NA,NA,"CC0_1_0","","USGS",NA,NA,2025-01-31 19:47:08.755,"","GEODETIC_DATUM_INVALID;GEODETIC_DATUM_ASSUMED_WGS84;FOOTPRINT_WKT_INVALID;CONTINENT_DERIVED_FROM_COORDINATES;IDENTIFIED_DATE_INVALID;TYPE_STATUS_INVALID"
1271446086,"3cdabf9a-99da-4383-b6cc-10afee5fb854","1118599147","Animalia","Chordata",NA,"Pleuronectiformes","Cynoglossidae","Symphurus","Symphurus plagiusa",NA,"SPECIES","Symphurus plagiusa (Linnaeus, 1766)","Symphurus plagiusa","(Linnaeus, 1766)","US","Oyster grid.cell=4 sweep=1","Florida","PRESENT",1,"c3ad790a-d426-4ac1-8e32-da61f81f0117",25.31698,-81.0821,15,NA,NA,NA,2.47,0,"2008-10-13T13:51",13,10,2008,2409475,2409475,"HUMAN_OBSERVATION","USGS","Fall08",NA,NA,NA,NA,"CC0_1_0","","USGS",NA,NA,2025-01-31 19:47:12.307,"","GEODETIC_DATUM_INVALID;GEODETIC_DATUM_ASSUMED_WGS84;FOOTPRINT_WKT_INVALID;CONTINENT_DERIVED_FROM_COORDINATES;IDENTIFIED_DATE_INVALID;TYPE_STATUS_INVALID"
1271445709,"3cdabf9a-99da-4383-b6cc-10afee5fb854","1118601397","Animalia","Chordata",NA,"Pleuronectiformes","Cynoglossidae","Symphurus","Symphurus plagiusa",NA,"SPECIES","Symphurus plagiusa (Linnaeus, 1766)","Symphurus plagiusa","(Linnaeus, 1766)","US","Oyster grid.cell=20 sweep=2","Florida","PRESENT",1,"c3ad790a-d426-4ac1-8e32-da61f81f0117",25.33252,-81.08136,15,NA,NA,NA,2.21,0,"2008-10-13T12:10",13,10,2008,2409475,2409475,"HUMAN_OBSERVATION","USGS","Fall08",NA,NA,NA,NA,"CC0_1_0","","USGS",NA,NA,2025-01-31 19:47:04.106,"","GEODETIC_DATUM_INVALID;GEODETIC_DATUM_ASSUMED_WGS84;FOOTPRINT_WKT_INVALID;CONTINENT_DERIVED_FROM_COORDINATES;IDENTIFIED_DATE_INVALID;TYPE_STATUS_INVALID"
1271445698,"3cdabf9a-99da-4383-b6cc-10afee5fb854","1118601266","Animalia","Chordata",NA,"Pleuronectiformes","Cynoglossidae","Symphurus","Symphurus plagiusa",NA,"SPECIES","Symphurus plagiusa (Linnaeus, 1766)","Symphurus plagiusa","(Linnaeus, 1766)","US","Oyster grid.cell=30 sweep=3","Florida","PRESENT",1,"c3ad790a-d426-4ac1-8e32-da61f81f0117",25.34177,-81.07262,15,NA,NA,NA,1.76,0,"2008-10-13T14:34",13,10,2008,2409475,2409475,"HUMAN_OBSERVATION","USGS","Fall08",NA,NA,NA,NA,"CC0_1_0","","USGS",NA,NA,2025-01-31 19:47:03.038,"","GEODETIC_DATUM_INVALID;GEODETIC_DATUM_ASSUMED_WGS84;FOOTPRINT_WKT_INVALID;CONTINENT_DERIVED_FROM_COORDINATES;IDENTIFIED_DATE_INVALID;TYPE_STATUS_INVALID"
1271445669,"3cdabf9a-99da-4383-b6cc-10afee5fb854","1118601201","Animalia","Chordata",NA,"Pleuronectiformes","Cynoglossidae","Symphurus","Symphurus plagiusa",NA,"SPECIES","Symphurus plagiusa (Linnaeus, 1766)","Symphurus plagiusa","(Linnaeus, 1766)","US","Oyster grid.cell=27 sweep=1","Florida","PRESENT",1,"c3ad790a-d426-4ac1-8e32-da61f81f0117",25.33778,-81.07049,15,NA,NA,NA,2.06,0,"2008-10-13T14:49",13,10,2008,2409475,2409475,"HUMAN_OBSERVATION","USGS","Fall08",NA,NA,NA,NA,"CC0_1_0","","USGS",NA,NA,2025-01-31 19:47:03.04,"","GEODETIC_DATUM_INVALID;GEODETIC_DATUM_ASSUMED_WGS84;FOOTPRINT_WKT_INVALID;CONTINENT_DERIVED_FROM_COORDINATES;IDENTIFIED_DATE_INVALID;TYPE_STATUS_INVALID"
1271445657,"3cdabf9a-99da-4383-b6cc-10afee5fb854","1118601150","Animalia","Chordata",NA,"Pleuronectiformes","Cynoglossidae","Symphurus","Symphurus plagiusa",NA,"SPECIES","Symphurus plagiusa (Linnaeus, 1766)","Symphurus plagiusa","(Linnaeus, 1766)","US","Johnson grid.cell=7 sweep=4","Florida","PRESENT",1,"c3ad790a-d426-4ac1-8e32-da61f81f0117",25.0444,-80.91419,15,NA,NA,NA,1.82,0,"2008-09-29T10:18",29,9,2008,2409475,2409475,"HUMAN_OBSERVATION","USGS","Fall08",NA,NA,NA,NA,"CC0_1_0","","USGS",NA,NA,2025-01-31 19:47:03.348,"","GEODETIC_DATUM_INVALID;GEODETIC_DATUM_ASSUMED_WGS84;FOOTPRINT_WKT_INVALID;CONTINENT_DERIVED_FROM_COORDINATES;IDENTIFIED_DATE_INVALID;TYPE_STATUS_INVALID"
1271445640,"3cdabf9a-99da-4383-b6cc-10afee5fb854","1118600940","Animalia","Chordata",NA,"Pleuronectiformes","Cynoglossidae","Symphurus","Symphurus plagiusa",NA,"SPECIES","Symphurus plagiusa (Linnaeus, 1766)","Symphurus plagiusa","(Linnaeus, 1766)","US","Rabbit grid.cell=25 sweep=5","Florida","PRESENT",1,"c3ad790a-d426-4ac1-8e32-da61f81f0117",25.01531,-80.89101,15,NA,NA,NA,1.99,0,"2008-09-30T09:46",30,9,2008,2409475,2409475,"HUMAN_OBSERVATION","USGS","Fall08",NA,NA,NA,NA,"CC0_1_0","","USGS",NA,NA,2025-01-31 19:47:11.204,"","GEODETIC_DATUM_INVALID;GEODETIC_DATUM_ASSUMED_WGS84;FOOTPRINT_WKT_INVALID;CONTINENT_DERIVED_FROM_COORDINATES;IDENTIFIED_DATE_INVALID;TYPE_STATUS_INVALID"
1271445612,"3cdabf9a-99da-4383-b6cc-10afee5fb854","1118600868","Animalia","Chordata",NA,"Pleuronectiformes","Cynoglossidae","Symphurus","Symphurus plagiusa",NA,"SPECIES","Symphurus plagiusa (Linnaeus, 1766)","Symphurus plagiusa","(Linnaeus, 1766)","US","Rabbit grid.cell=6 sweep=5","Florida","PRESENT",1,"c3ad790a-d426-4ac1-8e32-da61f81f0117",24.97008,-80.8567,15,NA,NA,NA,1.1,0,"2008-09-29T15:00",29,9,2008,2409475,2409475,"HUMAN_OBSERVATION","USGS","Fall08",NA,NA,NA,NA,"CC0_1_0","","USGS",NA,NA,2025-01-31 19:47:10.042,"","GEODETIC_DATUM_INVALID;GEODETIC_DATUM_ASSUMED_WGS84;FOOTPRINT_WKT_INVALID;CONTINENT_DERIVED_FROM_COORDINATES;IDENTIFIED_DATE_INVALID;TYPE_STATUS_INVALID"
1271445583,"3cdabf9a-99da-4383-b6cc-10afee5fb854","1118600657","Animalia","Chordata",NA,"Pleuronectiformes","Cynoglossidae","Symphurus","Symphurus plagiusa",NA,"SPECIES","Symphurus plagiusa (Linnaeus, 1766)","Symphurus plagiusa","(Linnaeus, 1766)","US","Lostmans grid.cell=19 sweep=2","Florida","PRESENT",1,"c3ad790a-d426-4ac1-8e32-da61f81f0117",25.54436,-81.21388,15,NA,NA,NA,2.06,0,"2008-10-14T12:20",14,10,2008,2409475,2409475,"HUMAN_OBSERVATION","USGS","Fall08",NA,NA,NA,NA,"CC0_1_0","","USGS",NA,NA,2025-01-31 19:47:12.253,"","GEODETIC_DATUM_INVALID;GEODETIC_DATUM_ASSUMED_WGS84;FOOTPRINT_WKT_INVALID;CONTINENT_DERIVED_FROM_COORDINATES;IDENTIFIED_DATE_INVALID;TYPE_STATUS_INVALID"
1271445571,"3cdabf9a-99da-4383-b6cc-10afee5fb854","1118600582","Animalia","Chordata",NA,"Pleuronectiformes","Cynoglossidae","Symphurus","Symphurus plagiusa",NA,"SPECIES","Symphurus plagiusa (Linnaeus, 1766)","Symphurus plagiusa","(Linnaeus, 1766)","US","Oyster grid.cell=14 sweep=4","Florida","PRESENT",1,"c3ad790a-d426-4ac1-8e32-da61f81f0117",25.32627,-81.0728,15,NA,NA,NA,2.13,0,"2008-10-13T15:12",13,10,2008,2409475,2409475,"HUMAN_OBSERVATION","USGS","Fall08",NA,NA,NA,NA,"CC0_1_0","","USGS",NA,NA,2025-01-31 19:47:12.363,"","GEODETIC_DATUM_INVALID;GEODETIC_DATUM_ASSUMED_WGS84;FOOTPRINT_WKT_INVALID;CONTINENT_DERIVED_FROM_COORDINATES;IDENTIFIED_DATE_INVALID;TYPE_STATUS_INVALID"
1271445557,"3cdabf9a-99da-4383-b6cc-10afee5fb854","1118600421","Animalia","Chordata",NA,"Pleuronectiformes","Cynoglossidae","Symphurus","Symphurus plagiusa",NA,"SPECIES","Symphurus plagiusa (Linnaeus, 1766)","Symphurus plagiusa","(Linnaeus, 1766)","US","Lostmans grid.cell=1 sweep=4","Florida","PRESENT",1,"c3ad790a-d426-4ac1-8e32-da61f81f0117",25.52368,-81.21356,15,NA,NA,NA,1.25,0,"2008-10-14T12:12",14,10,2008,2409475,2409475,"HUMAN_OBSERVATION","USGS","Fall08",NA,NA,NA,NA,"CC0_1_0","","USGS",NA,NA,2025-01-31 19:47:12.734,"","GEODETIC_DATUM_INVALID;GEODETIC_DATUM_ASSUMED_WGS84;FOOTPRINT_WKT_INVALID;CONTINENT_DERIVED_FROM_COORDINATES;IDENTIFIED_DATE_INVALID;TYPE_STATUS_INVALID"
1271443209,"3cdabf9a-99da-4383-b6cc-10afee5fb854","1118101513","Animalia","Chordata",NA,"Pleuronectiformes","Cynoglossidae","Symphurus","Symphurus plagiusa",NA,"SPECIES","Symphurus plagiusa (Linnaeus, 1766)","Symphurus plagiusa","(Linnaeus, 1766)","US","Lostmans grid.cell=22 sweep=3","Florida","PRESENT",1,"c3ad790a-d426-4ac1-8e32-da61f81f0117",25.54747,-81.21761,15,NA,NA,NA,1.4,0,"2008-05-06T11:15",6,5,2008,2409475,2409475,"HUMAN_OBSERVATION","USGS","Spring08",NA,NA,NA,NA,"CC0_1_0","","USGS",NA,NA,2025-01-31 19:47:05.844,"","GEODETIC_DATUM_INVALID;GEODETIC_DATUM_ASSUMED_WGS84;FOOTPRINT_WKT_INVALID;CONTINENT_DERIVED_FROM_COORDINATES;IDENTIFIED_DATE_INVALID;TYPE_STATUS_INVALID"
1271443206,"3cdabf9a-99da-4383-b6cc-10afee5fb854","1118100246","Animalia","Chordata",NA,"Pleuronectiformes","Cynoglossidae","Symphurus","Symphurus plagiusa",NA,"SPECIES","Symphurus plagiusa (Linnaeus, 1766)","Symphurus plagiusa","(Linnaeus, 1766)","US","Lostmans grid.cell=1 sweep=1","Florida","PRESENT",1,"c3ad790a-d426-4ac1-8e32-da61f81f0117",25.52514,-81.21522,15,NA,NA,NA,1.8,0,"2008-05-06T14:26",6,5,2008,2409475,2409475,"HUMAN_OBSERVATION","USGS","Spring08",NA,NA,NA,NA,"CC0_1_0","","USGS",NA,NA,2025-01-31 19:46:54.849,"","GEODETIC_DATUM_INVALID;GEODETIC_DATUM_ASSUMED_WGS84;FOOTPRINT_WKT_INVALID;CONTINENT_DERIVED_FROM_COORDINATES;IDENTIFIED_DATE_INVALID;TYPE_STATUS_INVALID"
1271443203,"3cdabf9a-99da-4383-b6cc-10afee5fb854","1118100204","Animalia","Chordata",NA,"Pleuronectiformes","Cynoglossidae","Symphurus","Symphurus plagiusa",NA,"SPECIES","Symphurus plagiusa (Linnaeus, 1766)","Symphurus plagiusa","(Linnaeus, 1766)","US","Lostmans grid.cell=2 sweep=1","Florida","PRESENT",1,"c3ad790a-d426-4ac1-8e32-da61f81f0117",25.52346,-81.20897,15,NA,NA,NA,1.7,0,"2008-05-06T14:10",6,5,2008,2409475,2409475,"HUMAN_OBSERVATION","USGS","Spring08",NA,NA,NA,NA,"CC0_1_0","","USGS",NA,NA,2025-01-31 19:46:54.908,"","GEODETIC_DATUM_INVALID;GEODETIC_DATUM_ASSUMED_WGS84;FOOTPRINT_WKT_INVALID;CONTINENT_DERIVED_FROM_COORDINATES;IDENTIFIED_DATE_INVALID;TYPE_STATUS_INVALID"
1271443200,"3cdabf9a-99da-4383-b6cc-10afee5fb854","1118099799","Animalia","Chordata",NA,"Pleuronectiformes","Cynoglossidae","Symphurus","Symphurus plagiusa",NA,"SPECIES","Symphurus plagiusa (Linnaeus, 1766)","Symphurus plagiusa","(Linnaeus, 1766)","US","Lostmans grid.cell=11 sweep=4","Florida","PRESENT",1,"c3ad790a-d426-4ac1-8e32-da61f81f0117",25.53752,-81.20865,15,NA,NA,NA,1.48,0,"2008-05-06T10:59",6,5,2008,2409475,2409475,"HUMAN_OBSERVATION","USGS","Spring08",NA,NA,NA,NA,"CC0_1_0","","USGS",NA,NA,2025-01-31 19:47:13.443,"","GEODETIC_DATUM_INVALID;GEODETIC_DATUM_ASSUMED_WGS84;FOOTPRINT_WKT_INVALID;CONTINENT_DERIVED_FROM_COORDINATES;IDENTIFIED_DATE_INVALID;TYPE_STATUS_INVALID"
1271441260,"3cdabf9a-99da-4383-b6cc-10afee5fb854","1117601047","Animalia","Chordata",NA,"Pleuronectiformes","Cynoglossidae","Symphurus","Symphurus plagiusa",NA,"SPECIES","Symphurus plagiusa (Linnaeus, 1766)","Symphurus plagiusa","(Linnaeus, 1766)","US","Oyster grid.cell=25 sweep=4","Florida","PRESENT",1,"c3ad790a-d426-4ac1-8e32-da61f81f0117",25.33548,-81.08137,15,NA,NA,NA,1.68,0,"2007-10-15T14:21",15,10,2007,2409475,2409475,"HUMAN_OBSERVATION","USGS","Fall07",NA,NA,NA,NA,"CC0_1_0","","USGS",NA,NA,2025-01-31 19:47:06.371,"","GEODETIC_DATUM_INVALID;GEODETIC_DATUM_ASSUMED_WGS84;FOOTPRINT_WKT_INVALID;CONTINENT_DERIVED_FROM_COORDINATES;IDENTIFIED_DATE_INVALID;TYPE_STATUS_INVALID"
1271441259,"3cdabf9a-99da-4383-b6cc-10afee5fb854","1117600972","Animalia","Chordata",NA,"Pleuronectiformes","Cynoglossidae","Symphurus","Symphurus plagiusa",NA,"SPECIES","Symphurus plagiusa (Linnaeus, 1766)","Symphurus plagiusa","(Linnaeus, 1766)","US","Lostmans grid.cell=1 sweep=2","Florida","PRESENT",1,"c3ad790a-d426-4ac1-8e32-da61f81f0117",25.52662,-81.2143,15,NA,NA,NA,0.54,0,"2007-10-17T10:51",17,10,2007,2409475,2409475,"HUMAN_OBSERVATION","USGS","Fall07",NA,NA,NA,NA,"CC0_1_0","","USGS",NA,NA,2025-01-31 19:47:10.018,"","GEODETIC_DATUM_INVALID;GEODETIC_DATUM_ASSUMED_WGS84;FOOTPRINT_WKT_INVALID;CONTINENT_DERIVED_FROM_COORDINATES;IDENTIFIED_DATE_INVALID;TYPE_STATUS_INVALID"
1271441258,"3cdabf9a-99da-4383-b6cc-10afee5fb854","1117600811","Animalia","Chordata",NA,"Pleuronectiformes","Cynoglossidae","Symphurus","Symphurus plagiusa",NA,"SPECIES","Symphurus plagiusa (Linnaeus, 1766)","Symphurus plagiusa","(Linnaeus, 1766)","US","Ponce grid.cell=24 sweep=2","Florida","PRESENT",1,"c3ad790a-d426-4ac1-8e32-da61f81f0117",25.3786,-81.14748,15,NA,NA,NA,1.46,0,"2007-10-16T10:14",16,10,2007,2409475,2409475,"HUMAN_OBSERVATION","USGS","Fall07",NA,NA,NA,NA,"CC0_1_0","","USGS",NA,NA,2025-01-31 19:46:59.139,"","GEODETIC_DATUM_INVALID;GEODETIC_DATUM_ASSUMED_WGS84;FOOTPRINT_WKT_INVALID;CONTINENT_DERIVED_FROM_COORDINATES;IDENTIFIED_DATE_INVALID;TYPE_STATUS_INVALID"
1271441256,"3cdabf9a-99da-4383-b6cc-10afee5fb854","1117600791","Animalia","Chordata",NA,"Pleuronectiformes","Cynoglossidae","Symphurus","Symphurus plagiusa",NA,"SPECIES","Symphurus plagiusa (Linnaeus, 1766)","Symphurus plagiusa","(Linnaeus, 1766)","US","Oyster grid.cell=8 sweep=5","Florida","PRESENT",1,"c3ad790a-d426-4ac1-8e32-da61f81f0117",25.32173,-81.07852,15,NA,NA,NA,1.5,0,"2007-10-15T12:02",15,10,2007,2409475,2409475,"HUMAN_OBSERVATION","USGS","Fall07",NA,NA,NA,NA,"CC0_1_0","","USGS",NA,NA,2025-01-31 19:46:59.043,"","GEODETIC_DATUM_INVALID;GEODETIC_DATUM_ASSUMED_WGS84;FOOTPRINT_WKT_INVALID;CONTINENT_DERIVED_FROM_COORDINATES;IDENTIFIED_DATE_INVALID;TYPE_STATUS_INVALID"
1271441254,"3cdabf9a-99da-4383-b6cc-10afee5fb854","1117600787","Animalia","Chordata",NA,"Pleuronectiformes","Cynoglossidae","Symphurus","Symphurus plagiusa",NA,"SPECIES","Symphurus plagiusa (Linnaeus, 1766)","Symphurus plagiusa","(Linnaeus, 1766)","US","Ponce grid.cell=29 sweep=4","Florida","PRESENT",1,"c3ad790a-d426-4ac1-8e32-da61f81f0117",25.37889,-81.14019,15,NA,NA,NA,0.73,0,"2007-10-16T10:58",16,10,2007,2409475,2409475,"HUMAN_OBSERVATION","USGS","Fall07",NA,NA,NA,NA,"CC0_1_0","","USGS",NA,NA,2025-01-31 19:46:59.045,"","GEODETIC_DATUM_INVALID;GEODETIC_DATUM_ASSUMED_WGS84;FOOTPRINT_WKT_INVALID;CONTINENT_DERIVED_FROM_COORDINATES;IDENTIFIED_DATE_INVALID;TYPE_STATUS_INVALID"
1271441252,"3cdabf9a-99da-4383-b6cc-10afee5fb854","1117600743","Animalia","Chordata",NA,"Pleuronectiformes","Cynoglossidae","Symphurus","Symphurus plagiusa",NA,"SPECIES","Symphurus plagiusa (Linnaeus, 1766)","Symphurus plagiusa","(Linnaeus, 1766)","US","Oyster grid.cell=5 sweep=4","Florida","PRESENT",1,"c3ad790a-d426-4ac1-8e32-da61f81f0117",25.31926,-81.07652,15,NA,NA,NA,1.44,0,"2007-10-15T12:17",15,10,2007,2409475,2409475,"HUMAN_OBSERVATION","USGS","Fall07",NA,NA,NA,NA,"CC0_1_0","","USGS",NA,NA,2025-01-31 19:46:59.109,"","GEODETIC_DATUM_INVALID;GEODETIC_DATUM_ASSUMED_WGS84;FOOTPRINT_WKT_INVALID;CONTINENT_DERIVED_FROM_COORDINATES;IDENTIFIED_DATE_INVALID;TYPE_STATUS_INVALID"
1271441249,"3cdabf9a-99da-4383-b6cc-10afee5fb854","1117600699","Animalia","Chordata",NA,"Pleuronectiformes","Cynoglossidae","Symphurus","Symphurus plagiusa",NA,"SPECIES","Symphurus plagiusa (Linnaeus, 1766)","Symphurus plagiusa","(Linnaeus, 1766)","US","Ponce grid.cell=23 sweep=4","Florida","PRESENT",1,"c3ad790a-d426-4ac1-8e32-da61f81f0117",25.36972,-81.12643,15,NA,NA,NA,1.13,0,"2007-10-16T12:20",16,10,2007,2409475,2409475,"HUMAN_OBSERVATION","USGS","Fall07",NA,NA,NA,NA,"CC0_1_0","","USGS",NA,NA,2025-01-31 19:46:58.635,"","GEODETIC_DATUM_INVALID;GEODETIC_DATUM_ASSUMED_WGS84;FOOTPRINT_WKT_INVALID;CONTINENT_DERIVED_FROM_COORDINATES;IDENTIFIED_DATE_INVALID;TYPE_STATUS_INVALID"
1271441247,"3cdabf9a-99da-4383-b6cc-10afee5fb854","1117600669","Animalia","Chordata",NA,"Pleuronectiformes","Cynoglossidae","Symphurus","Symphurus plagiusa",NA,"SPECIES","Symphurus plagiusa (Linnaeus, 1766)","Symphurus plagiusa","(Linnaeus, 1766)","US","Lostmans grid.cell=4 sweep=3","Florida","PRESENT",1,"c3ad790a-d426-4ac1-8e32-da61f81f0117",25.53022,-81.21442,15,NA,NA,NA,0.64,0,"2007-10-17T11:18",17,10,2007,2409475,2409475,"HUMAN_OBSERVATION","USGS","Fall07",NA,NA,NA,NA,"CC0_1_0","","USGS",NA,NA,2025-01-31 19:46:58.651,"","GEODETIC_DATUM_INVALID;GEODETIC_DATUM_ASSUMED_WGS84;FOOTPRINT_WKT_INVALID;CONTINENT_DERIVED_FROM_COORDINATES;IDENTIFIED_DATE_INVALID;TYPE_STATUS_INVALID"
1271441245,"3cdabf9a-99da-4383-b6cc-10afee5fb854","1117600665","Animalia","Chordata",NA,"Pleuronectiformes","Cynoglossidae","Symphurus","Symphurus plagiusa",NA,"SPECIES","Symphurus plagiusa (Linnaeus, 1766)","Symphurus plagiusa","(Linnaeus, 1766)","US","Lostmans grid.cell=21 sweep=3","Florida","PRESENT",1,"c3ad790a-d426-4ac1-8e32-da61f81f0117",25.54804,-81.223,15,NA,NA,NA,1.31,0,"2007-10-17T14:54",17,10,2007,2409475,2409475,"HUMAN_OBSERVATION","USGS","Fall07",NA,NA,NA,NA,"CC0_1_0","","USGS",NA,NA,2025-01-31 19:46:58.703,"","GEODETIC_DATUM_INVALID;GEODETIC_DATUM_ASSUMED_WGS84;FOOTPRINT_WKT_INVALID;CONTINENT_DERIVED_FROM_COORDINATES;IDENTIFIED_DATE_INVALID;TYPE_STATUS_INVALID"
1271441243,"3cdabf9a-99da-4383-b6cc-10afee5fb854","1117600548","Animalia","Chordata",NA,"Pleuronectiformes","Cynoglossidae","Symphurus","Symphurus plagiusa",NA,"SPECIES","Symphurus plagiusa (Linnaeus, 1766)","Symphurus plagiusa","(Linnaeus, 1766)","US","Ponce grid.cell=28 sweep=4","Florida","PRESENT",1,"c3ad790a-d426-4ac1-8e32-da61f81f0117",25.38043,-81.14415,15,NA,NA,NA,1.05,0,"2007-10-16T10:42",16,10,2007,2409475,2409475,"HUMAN_OBSERVATION","USGS","Fall07",NA,NA,NA,NA,"CC0_1_0","","USGS",NA,NA,2025-01-31 19:46:58.305,"","GEODETIC_DATUM_INVALID;GEODETIC_DATUM_ASSUMED_WGS84;FOOTPRINT_WKT_INVALID;CONTINENT_DERIVED_FROM_COORDINATES;IDENTIFIED_DATE_INVALID;TYPE_STATUS_INVALID"
1271441239,"3cdabf9a-99da-4383-b6cc-10afee5fb854","1117600430","Animalia","Chordata",NA,"Pleuronectiformes","Cynoglossidae","Symphurus","Symphurus plagiusa",NA,"SPECIES","Symphurus plagiusa (Linnaeus, 1766)","Symphurus plagiusa","(Linnaeus, 1766)","US","Oyster grid.cell=9 sweep=2","Florida","PRESENT",1,"c3ad790a-d426-4ac1-8e32-da61f81f0117",25.32121,-81.07367,15,NA,NA,NA,1.7,0,"2007-10-15T14:51",15,10,2007,2409475,2409475,"HUMAN_OBSERVATION","USGS","Fall07",NA,NA,NA,NA,"CC0_1_0","","USGS",NA,NA,2025-01-31 19:46:58.002,"","GEODETIC_DATUM_INVALID;GEODETIC_DATUM_ASSUMED_WGS84;FOOTPRINT_WKT_INVALID;CONTINENT_DERIVED_FROM_COORDINATES;IDENTIFIED_DATE_INVALID;TYPE_STATUS_INVALID"
1271441237,"3cdabf9a-99da-4383-b6cc-10afee5fb854","1117600358","Animalia","Chordata",NA,"Pleuronectiformes","Cynoglossidae","Symphurus","Symphurus plagiusa",NA,"SPECIES","Symphurus plagiusa (Linnaeus, 1766)","Symphurus plagiusa","(Linnaeus, 1766)","US","Lostmans grid.cell=2 sweep=5","Florida","PRESENT",1,"c3ad790a-d426-4ac1-8e32-da61f81f0117",25.52561,-81.21165,15,NA,NA,NA,0.47,0,"2007-10-17T10:25",17,10,2007,2409475,2409475,"HUMAN_OBSERVATION","USGS","Fall07",NA,NA,NA,NA,"CC0_1_0","","USGS",NA,NA,2025-01-31 19:46:57.714,"","GEODETIC_DATUM_INVALID;GEODETIC_DATUM_ASSUMED_WGS84;FOOTPRINT_WKT_INVALID;CONTINENT_DERIVED_FROM_COORDINATES;IDENTIFIED_DATE_INVALID;TYPE_STATUS_INVALID"
1271441233,"3cdabf9a-99da-4383-b6cc-10afee5fb854","1117600223","Animalia","Chordata",NA,"Pleuronectiformes","Cynoglossidae","Symphurus","Symphurus plagiusa",NA,"SPECIES","Symphurus plagiusa (Linnaeus, 1766)","Symphurus plagiusa","(Linnaeus, 1766)","US","Whitewater grid.cell=17 sweep=5","Florida","PRESENT",1,"c3ad790a-d426-4ac1-8e32-da61f81f0117",25.29047,-80.96539,15,NA,NA,NA,1.6,0,"2007-10-18T14:56",18,10,2007,2409475,2409475,"HUMAN_OBSERVATION","USGS","Fall07",NA,NA,NA,NA,"CC0_1_0","","USGS",NA,NA,2025-01-31 19:46:57.337,"","GEODETIC_DATUM_INVALID;GEODETIC_DATUM_ASSUMED_WGS84;FOOTPRINT_WKT_INVALID;CONTINENT_DERIVED_FROM_COORDINATES;IDENTIFIED_DATE_INVALID;TYPE_STATUS_INVALID"
1271441231,"3cdabf9a-99da-4383-b6cc-10afee5fb854","1117600174","Animalia","Chordata",NA,"Pleuronectiformes","Cynoglossidae","Symphurus","Symphurus plagiusa",NA,"SPECIES","Symphurus plagiusa (Linnaeus, 1766)","Symphurus plagiusa","(Linnaeus, 1766)","US","Oyster grid.cell=3 sweep=5","Florida","PRESENT",1,"c3ad790a-d426-4ac1-8e32-da61f81f0117",25.3153,-81.06995,15,NA,NA,NA,1.34,0,"2007-10-15T13:48",15,10,2007,2409475,2409475,"HUMAN_OBSERVATION","USGS","Fall07",NA,NA,NA,NA,"CC0_1_0","","USGS",NA,NA,2025-01-31 19:46:57.245,"","GEODETIC_DATUM_INVALID;GEODETIC_DATUM_ASSUMED_WGS84;FOOTPRINT_WKT_INVALID;CONTINENT_DERIVED_FROM_COORDINATES;IDENTIFIED_DATE_INVALID;TYPE_STATUS_INVALID"
1271441229,"3cdabf9a-99da-4383-b6cc-10afee5fb854","1117600141","Animalia","Chordata",NA,"Pleuronectiformes","Cynoglossidae","Symphurus","Symphurus plagiusa",NA,"SPECIES","Symphurus plagiusa (Linnaeus, 1766)","Symphurus plagiusa","(Linnaeus, 1766)","US","Ponce grid.cell=19 sweep=3","Florida","PRESENT",1,"c3ad790a-d426-4ac1-8e32-da61f81f0117",25.36479,-81.13031,15,NA,NA,NA,0.98,0,"2007-10-16T12:34",16,10,2007,2409475,2409475,"HUMAN_OBSERVATION","USGS","Fall07",NA,NA,NA,NA,"CC0_1_0","","USGS",NA,NA,2025-01-31 19:46:57.008,"","GEODETIC_DATUM_INVALID;GEODETIC_DATUM_ASSUMED_WGS84;FOOTPRINT_WKT_INVALID;CONTINENT_DERIVED_FROM_COORDINATES;IDENTIFIED_DATE_INVALID;TYPE_STATUS_INVALID"
1271441227,"3cdabf9a-99da-4383-b6cc-10afee5fb854","1117600039","Animalia","Chordata",NA,"Pleuronectiformes","Cynoglossidae","Symphurus","Symphurus plagiusa",NA,"SPECIES","Symphurus plagiusa (Linnaeus, 1766)","Symphurus plagiusa","(Linnaeus, 1766)","US","Rabbit grid.cell=10 sweep=2","Florida","PRESENT",1,"c3ad790a-d426-4ac1-8e32-da61f81f0117",24.98548,-80.88882,15,NA,NA,NA,2.19,0,"2007-09-27T10:12",27,9,2007,2409475,2409475,"HUMAN_OBSERVATION","USGS","Fall07",NA,NA,NA,NA,"CC0_1_0","","USGS",NA,NA,2025-01-31 19:46:56.649,"","GEODETIC_DATUM_INVALID;GEODETIC_DATUM_ASSUMED_WGS84;FOOTPRINT_WKT_INVALID;IDENTIFIED_DATE_INVALID;TYPE_STATUS_INVALID"
1271441225,"3cdabf9a-99da-4383-b6cc-10afee5fb854","1117599913","Animalia","Chordata",NA,"Pleuronectiformes","Cynoglossidae","Symphurus","Symphurus plagiusa",NA,"SPECIES","Symphurus plagiusa (Linnaeus, 1766)","Symphurus plagiusa","(Linnaeus, 1766)","US","Whitewater grid.cell=9 sweep=5","Florida","PRESENT",1,"c3ad790a-d426-4ac1-8e32-da61f81f0117",25.28234,-80.98424,15,NA,NA,NA,1.88,0,"2007-10-18T12:28",18,10,2007,2409475,2409475,"HUMAN_OBSERVATION","USGS","Fall07",NA,NA,NA,NA,"CC0_1_0","","USGS",NA,NA,2025-01-31 19:47:11.633,"","GEODETIC_DATUM_INVALID;GEODETIC_DATUM_ASSUMED_WGS84;FOOTPRINT_WKT_INVALID;CONTINENT_DERIVED_FROM_COORDINATES;IDENTIFIED_DATE_INVALID;TYPE_STATUS_INVALID"
1271441223,"3cdabf9a-99da-4383-b6cc-10afee5fb854","1117599831","Animalia","Chordata",NA,"Pleuronectiformes","Cynoglossidae","Symphurus","Symphurus plagiusa",NA,"SPECIES","Symphurus plagiusa (Linnaeus, 1766)","Symphurus plagiusa","(Linnaeus, 1766)","US","Lostmans grid.cell=7 sweep=1","Florida","PRESENT",1,"c3ad790a-d426-4ac1-8e32-da61f81f0117",25.53255,-81.21048,15,NA,NA,NA,1.3,0,"2007-10-17T12:36",17,10,2007,2409475,2409475,"HUMAN_OBSERVATION","USGS","Fall07",NA,NA,NA,NA,"CC0_1_0","","USGS",NA,NA,2025-01-31 19:47:11.253,"","GEODETIC_DATUM_INVALID;GEODETIC_DATUM_ASSUMED_WGS84;FOOTPRINT_WKT_INVALID;CONTINENT_DERIVED_FROM_COORDINATES;IDENTIFIED_DATE_INVALID;TYPE_STATUS_INVALID"
1271441219,"3cdabf9a-99da-4383-b6cc-10afee5fb854","1117599680","Animalia","Chordata",NA,"Pleuronectiformes","Cynoglossidae","Symphurus","Symphurus plagiusa",NA,"SPECIES","Symphurus plagiusa (Linnaeus, 1766)","Symphurus plagiusa","(Linnaeus, 1766)","US","Oyster grid.cell=14 sweep=3","Florida","PRESENT",1,"c3ad790a-d426-4ac1-8e32-da61f81f0117",25.32464,-81.07103,15,NA,NA,NA,1.78,0,"2007-10-15T15:28",15,10,2007,2409475,2409475,"HUMAN_OBSERVATION","USGS","Fall07",NA,NA,NA,NA,"CC0_1_0","","USGS",NA,NA,2025-01-31 19:47:10.532,"","GEODETIC_DATUM_INVALID;GEODETIC_DATUM_ASSUMED_WGS84;FOOTPRINT_WKT_INVALID;CONTINENT_DERIVED_FROM_COORDINATES;IDENTIFIED_DATE_INVALID;TYPE_STATUS_INVALID"
1271441215,"3cdabf9a-99da-4383-b6cc-10afee5fb854","1117599633","Animalia","Chordata",NA,"Pleuronectiformes","Cynoglossidae","Symphurus","Symphurus plagiusa",NA,"SPECIES","Symphurus plagiusa (Linnaeus, 1766)","Symphurus plagiusa","(Linnaeus, 1766)","US","Lostmans grid.cell=9 sweep=4","Florida","PRESENT",1,"c3ad790a-d426-4ac1-8e32-da61f81f0117",25.53535,-81.21526,15,NA,NA,NA,0.95,0,"2007-10-17T11:53",17,10,2007,2409475,2409475,"HUMAN_OBSERVATION","USGS","Fall07",NA,NA,NA,NA,"CC0_1_0","","USGS",NA,NA,2025-01-31 19:47:10.457,"","GEODETIC_DATUM_INVALID;GEODETIC_DATUM_ASSUMED_WGS84;FOOTPRINT_WKT_INVALID;CONTINENT_DERIVED_FROM_COORDINATES;IDENTIFIED_DATE_INVALID;TYPE_STATUS_INVALID"
1271441209,"3cdabf9a-99da-4383-b6cc-10afee5fb854","1117599403","Animalia","Chordata",NA,"Pleuronectiformes","Cynoglossidae","Symphurus","Symphurus plagiusa",NA,"SPECIES","Symphurus plagiusa (Linnaeus, 1766)","Symphurus plagiusa","(Linnaeus, 1766)","US","Rabbit grid.cell=21 sweep=3","Florida","PRESENT",1,"c3ad790a-d426-4ac1-8e32-da61f81f0117",25.00182,-80.88391,15,NA,NA,NA,2.37,0,"2007-09-27T13:50",27,9,2007,2409475,2409475,"HUMAN_OBSERVATION","USGS","Fall07",NA,NA,NA,NA,"CC0_1_0","","USGS",NA,NA,2025-01-31 19:46:59.552,"","GEODETIC_DATUM_INVALID;GEODETIC_DATUM_ASSUMED_WGS84;FOOTPRINT_WKT_INVALID;CONTINENT_DERIVED_FROM_COORDINATES;IDENTIFIED_DATE_INVALID;TYPE_STATUS_INVALID"
1271441203,"3cdabf9a-99da-4383-b6cc-10afee5fb854","1117599046","Animalia","Chordata",NA,"Pleuronectiformes","Cynoglossidae","Symphurus","Symphurus plagiusa",NA,"SPECIES","Symphurus plagiusa (Linnaeus, 1766)","Symphurus plagiusa","(Linnaeus, 1766)","US","Lostmans grid.cell=5 sweep=5","Florida","PRESENT",1,"c3ad790a-d426-4ac1-8e32-da61f81f0117",25.52818,-81.20789,15,NA,NA,NA,0.81,0,"2007-10-17T15:44",17,10,2007,2409475,2409475,"HUMAN_OBSERVATION","USGS","Fall07",NA,NA,NA,NA,"CC0_1_0","","USGS",NA,NA,2025-01-31 19:46:58.203,"","GEODETIC_DATUM_INVALID;GEODETIC_DATUM_ASSUMED_WGS84;FOOTPRINT_WKT_INVALID;CONTINENT_DERIVED_FROM_COORDINATES;IDENTIFIED_DATE_INVALID;TYPE_STATUS_INVALID"
1271441166,"3cdabf9a-99da-4383-b6cc-10afee5fb854","1117601592","Animalia","Chordata",NA,"Pleuronectiformes","Cynoglossidae","Symphurus","Symphurus plagiusa",NA,"SPECIES","Symphurus plagiusa (Linnaeus, 1766)","Symphurus plagiusa","(Linnaeus, 1766)","US","Oyster grid.cell=18 sweep=2","Florida","PRESENT",1,"c3ad790a-d426-4ac1-8e32-da61f81f0117",25.32723,-81.07163,15,NA,NA,NA,2.05,0,"2007-10-15T16:22",15,10,2007,2409475,2409475,"HUMAN_OBSERVATION","USGS","Fall07",NA,NA,NA,NA,"CC0_1_0","","USGS",NA,NA,2025-01-31 19:47:07.46,"","GEODETIC_DATUM_INVALID;GEODETIC_DATUM_ASSUMED_WGS84;FOOTPRINT_WKT_INVALID;CONTINENT_DERIVED_FROM_COORDINATES;IDENTIFIED_DATE_INVALID;TYPE_STATUS_INVALID"
1271441160,"3cdabf9a-99da-4383-b6cc-10afee5fb854","1117601522","Animalia","Chordata",NA,"Pleuronectiformes","Cynoglossidae","Symphurus","Symphurus plagiusa",NA,"SPECIES","Symphurus plagiusa (Linnaeus, 1766)","Symphurus plagiusa","(Linnaeus, 1766)","US","Oyster grid.cell=11 sweep=2","Florida","PRESENT",1,"c3ad790a-d426-4ac1-8e32-da61f81f0117",25.3215,-81.06736,15,NA,NA,NA,1.79,0,"2007-10-15T15:14",15,10,2007,2409475,2409475,"HUMAN_OBSERVATION","USGS","Fall07",NA,NA,NA,NA,"CC0_1_0","","USGS",NA,NA,2025-01-31 19:47:07.666,"","GEODETIC_DATUM_INVALID;GEODETIC_DATUM_ASSUMED_WGS84;FOOTPRINT_WKT_INVALID;CONTINENT_DERIVED_FROM_COORDINATES;IDENTIFIED_DATE_INVALID;TYPE_STATUS_INVALID"
1271441157,"3cdabf9a-99da-4383-b6cc-10afee5fb854","1117601434","Animalia","Chordata",NA,"Pleuronectiformes","Cynoglossidae","Symphurus","Symphurus plagiusa",NA,"SPECIES","Symphurus plagiusa (Linnaeus, 1766)","Symphurus plagiusa","(Linnaeus, 1766)","US","Johnson grid.cell=14 sweep=2","Florida","PRESENT",1,"c3ad790a-d426-4ac1-8e32-da61f81f0117",25.04933,-80.90352,15,NA,NA,NA,0.6,0,"2007-09-28T12:48",28,9,2007,2409475,2409475,"HUMAN_OBSERVATION","USGS","Fall07",NA,NA,NA,NA,"CC0_1_0","","USGS",NA,NA,2025-01-31 19:47:07.241,"","GEODETIC_DATUM_INVALID;GEODETIC_DATUM_ASSUMED_WGS84;FOOTPRINT_WKT_INVALID;CONTINENT_DERIVED_FROM_COORDINATES;IDENTIFIED_DATE_INVALID;TYPE_STATUS_INVALID"
1271441154,"3cdabf9a-99da-4383-b6cc-10afee5fb854","1117601428","Animalia","Chordata",NA,"Pleuronectiformes","Cynoglossidae","Symphurus","Symphurus plagiusa",NA,"SPECIES","Symphurus plagiusa (Linnaeus, 1766)","Symphurus plagiusa","(Linnaeus, 1766)","US","Ponce grid.cell=4 sweep=3","Florida","PRESENT",1,"c3ad790a-d426-4ac1-8e32-da61f81f0117",25.34584,-81.1407,15,NA,NA,NA,2.76,0,"2007-10-16T11:07",16,10,2007,2409475,2409475,"HUMAN_OBSERVATION","USGS","Fall07",NA,NA,NA,NA,"CC0_1_0","","USGS",NA,NA,2025-01-31 19:47:07.224,"","GEODETIC_DATUM_INVALID;GEODETIC_DATUM_ASSUMED_WGS84;FOOTPRINT_WKT_INVALID;CONTINENT_DERIVED_FROM_COORDINATES;IDENTIFIED_DATE_INVALID;TYPE_STATUS_INVALID"
1271441151,"3cdabf9a-99da-4383-b6cc-10afee5fb854","1117601390","Animalia","Chordata",NA,"Pleuronectiformes","Cynoglossidae","Symphurus","Symphurus plagiusa",NA,"SPECIES","Symphurus plagiusa (Linnaeus, 1766)","Symphurus plagiusa","(Linnaeus, 1766)","US","Lostmans grid.cell=16 sweep=3","Florida","PRESENT",1,"c3ad790a-d426-4ac1-8e32-da61f81f0117",25.54118,-81.20625,15,NA,NA,NA,0.73,0,"2007-10-17T13:39",17,10,2007,2409475,2409475,"HUMAN_OBSERVATION","USGS","Fall07",NA,NA,NA,NA,"CC0_1_0","","USGS",NA,NA,2025-01-31 19:47:07.149,"","GEODETIC_DATUM_INVALID;GEODETIC_DATUM_ASSUMED_WGS84;FOOTPRINT_WKT_INVALID;CONTINENT_DERIVED_FROM_COORDINATES;IDENTIFIED_DATE_INVALID;TYPE_STATUS_INVALID"
1271441145,"3cdabf9a-99da-4383-b6cc-10afee5fb854","1117601101","Animalia","Chordata",NA,"Pleuronectiformes","Cynoglossidae","Symphurus","Symphurus plagiusa",NA,"SPECIES","Symphurus plagiusa (Linnaeus, 1766)","Symphurus plagiusa","(Linnaeus, 1766)","US","Ponce grid.cell=1 sweep=4","Florida","PRESENT",1,"c3ad790a-d426-4ac1-8e32-da61f81f0117",25.34166,-81.14069,15,NA,NA,NA,2.01,0,"2007-10-16T10:42",16,10,2007,2409475,2409475,"HUMAN_OBSERVATION","USGS","Fall07",NA,NA,NA,NA,"CC0_1_0","","USGS",NA,NA,2025-01-31 19:47:06.412,"","GEODETIC_DATUM_INVALID;GEODETIC_DATUM_ASSUMED_WGS84;FOOTPRINT_WKT_INVALID;CONTINENT_DERIVED_FROM_COORDINATES;IDENTIFIED_DATE_INVALID;TYPE_STATUS_INVALID"
1271438573,"3cdabf9a-99da-4383-b6cc-10afee5fb854","1117101131","Animalia","Chordata",NA,"Pleuronectiformes","Cynoglossidae","Symphurus","Symphurus plagiusa",NA,"SPECIES","Symphurus plagiusa (Linnaeus, 1766)","Symphurus plagiusa","(Linnaeus, 1766)","US","Whitewater grid.cell=5 sweep=1","Florida","PRESENT",1,"c3ad790a-d426-4ac1-8e32-da61f81f0117",25.279,-80.97018,15,NA,NA,NA,1.6,0,"2007-05-09T16:10",9,5,2007,2409475,2409475,"HUMAN_OBSERVATION","USGS","Spring07",NA,NA,NA,NA,"CC0_1_0","","USGS",NA,NA,2025-01-31 19:47:07.454,"","GEODETIC_DATUM_INVALID;GEODETIC_DATUM_ASSUMED_WGS84;FOOTPRINT_WKT_INVALID;CONTINENT_DERIVED_FROM_COORDINATES;IDENTIFIED_DATE_INVALID;TYPE_STATUS_INVALID"
1271438571,"3cdabf9a-99da-4383-b6cc-10afee5fb854","1117099931","Animalia","Chordata",NA,"Pleuronectiformes","Cynoglossidae","Symphurus","Symphurus plagiusa",NA,"SPECIES","Symphurus plagiusa (Linnaeus, 1766)","Symphurus plagiusa","(Linnaeus, 1766)","US","Oyster grid.cell=7 sweep=2","Florida","PRESENT",1,"c3ad790a-d426-4ac1-8e32-da61f81f0117",25.31823,-81.07007,15,NA,NA,NA,1.57,0,"2007-05-07T13:02",7,5,2007,2409475,2409475,"HUMAN_OBSERVATION","USGS","Spring07",NA,NA,NA,NA,"CC0_1_0","","USGS",NA,NA,2025-01-31 19:47:02.917,"","GEODETIC_DATUM_INVALID;GEODETIC_DATUM_ASSUMED_WGS84;FOOTPRINT_WKT_INVALID;CONTINENT_DERIVED_FROM_COORDINATES;IDENTIFIED_DATE_INVALID;TYPE_STATUS_INVALID"
1271438569,"3cdabf9a-99da-4383-b6cc-10afee5fb854","1117099088","Animalia","Chordata",NA,"Pleuronectiformes","Cynoglossidae","Symphurus","Symphurus plagiusa",NA,"SPECIES","Symphurus plagiusa (Linnaeus, 1766)","Symphurus plagiusa","(Linnaeus, 1766)","US","Whitewater grid.cell=29 sweep=1","Florida","PRESENT",1,"c3ad790a-d426-4ac1-8e32-da61f81f0117",25.31186,-80.97467,15,NA,NA,NA,1.68,0,"2007-05-09T13:43",9,5,2007,2409475,2409475,"HUMAN_OBSERVATION","USGS","Spring07",NA,NA,NA,NA,"CC0_1_0","","USGS",NA,NA,2025-01-31 19:46:54.249,"","GEODETIC_DATUM_INVALID;GEODETIC_DATUM_ASSUMED_WGS84;FOOTPRINT_WKT_INVALID;CONTINENT_DERIVED_FROM_COORDINATES;IDENTIFIED_DATE_INVALID;TYPE_STATUS_INVALID"
1271436044,"3cdabf9a-99da-4383-b6cc-10afee5fb854","1116599630","Animalia","Chordata",NA,"Pleuronectiformes","Cynoglossidae","Symphurus","Symphurus plagiusa",NA,"SPECIES","Symphurus plagiusa (Linnaeus, 1766)","Symphurus plagiusa","(Linnaeus, 1766)","US","Oyster grid.cell=15 sweep=1","Florida","PRESENT",1,"c3ad790a-d426-4ac1-8e32-da61f81f0117",25.32595,-81.0692,15,NA,NA,NA,1.79,0,"2009-10-12T14:47",12,10,2009,2409475,2409475,"HUMAN_OBSERVATION","USGS","Fall09",NA,NA,NA,NA,"CC0_1_0","","USGS",NA,NA,2025-01-31 19:46:59.753,"","GEODETIC_DATUM_INVALID;GEODETIC_DATUM_ASSUMED_WGS84;FOOTPRINT_WKT_INVALID;CONTINENT_DERIVED_FROM_COORDINATES;IDENTIFIED_DATE_INVALID;TYPE_STATUS_INVALID"
1271436042,"3cdabf9a-99da-4383-b6cc-10afee5fb854","1116599567","Animalia","Chordata",NA,"Pleuronectiformes","Cynoglossidae","Symphurus","Symphurus plagiusa",NA,"SPECIES","Symphurus plagiusa (Linnaeus, 1766)","Symphurus plagiusa","(Linnaeus, 1766)","US","Oyster grid.cell=6 sweep=3","Florida","PRESENT",1,"c3ad790a-d426-4ac1-8e32-da61f81f0117",25.31666,-81.07107,15,NA,NA,NA,1.57,0,"2009-10-12T15:17",12,10,2009,2409475,2409475,"HUMAN_OBSERVATION","USGS","Fall09",NA,NA,NA,NA,"CC0_1_0","","USGS",NA,NA,2025-01-31 19:47:00.044,"","GEODETIC_DATUM_INVALID;GEODETIC_DATUM_ASSUMED_WGS84;FOOTPRINT_WKT_INVALID;CONTINENT_DERIVED_FROM_COORDINATES;IDENTIFIED_DATE_INVALID;TYPE_STATUS_INVALID"
1271436040,"3cdabf9a-99da-4383-b6cc-10afee5fb854","1116599551","Animalia","Chordata",NA,"Pleuronectiformes","Cynoglossidae","Symphurus","Symphurus plagiusa",NA,"SPECIES","Symphurus plagiusa (Linnaeus, 1766)","Symphurus plagiusa","(Linnaeus, 1766)","US","Oyster grid.cell=14 sweep=3","Florida","PRESENT",1,"c3ad790a-d426-4ac1-8e32-da61f81f0117",25.32281,-81.07237,15,NA,NA,NA,1.62,0,"2009-10-12T15:32",12,10,2009,2409475,2409475,"HUMAN_OBSERVATION","USGS","Fall09",NA,NA,NA,NA,"CC0_1_0","","USGS",NA,NA,2025-01-31 19:47:00.85,"","GEODETIC_DATUM_INVALID;GEODETIC_DATUM_ASSUMED_WGS84;FOOTPRINT_WKT_INVALID;CONTINENT_DERIVED_FROM_COORDINATES;IDENTIFIED_DATE_INVALID;TYPE_STATUS_INVALID"
1271436039,"3cdabf9a-99da-4383-b6cc-10afee5fb854","1116601787","Animalia","Chordata",NA,"Pleuronectiformes","Cynoglossidae","Symphurus","Symphurus plagiusa",NA,"SPECIES","Symphurus plagiusa (Linnaeus, 1766)","Symphurus plagiusa","(Linnaeus, 1766)","US","Oyster grid.cell=18 sweep=3","Florida","PRESENT",1,"c3ad790a-d426-4ac1-8e32-da61f81f0117",25.32787,-81.06909,15,NA,NA,NA,1.9,0,"2009-10-12T14:06",12,10,2009,2409475,2409475,"HUMAN_OBSERVATION","USGS","Fall09",NA,NA,NA,NA,"CC0_1_0","","USGS",NA,NA,2025-01-31 19:47:09.653,"","GEODETIC_DATUM_INVALID;GEODETIC_DATUM_ASSUMED_WGS84;FOOTPRINT_WKT_INVALID;CONTINENT_DERIVED_FROM_COORDINATES;IDENTIFIED_DATE_INVALID;TYPE_STATUS_INVALID"
1271436038,"3cdabf9a-99da-4383-b6cc-10afee5fb854","1116599508","Animalia","Chordata",NA,"Pleuronectiformes","Cynoglossidae","Symphurus","Symphurus plagiusa",NA,"SPECIES","Symphurus plagiusa (Linnaeus, 1766)","Symphurus plagiusa","(Linnaeus, 1766)","US","Lostmans grid.cell=13 sweep=1","Florida","PRESENT",1,"c3ad790a-d426-4ac1-8e32-da61f81f0117",25.5399,-81.22,15,NA,NA,NA,2.19,0,"2005-04-27T13:32",27,4,2005,2409475,2409475,"HUMAN_OBSERVATION","USGS","Spring05",NA,NA,NA,NA,"CC0_1_0","","USGS",NA,NA,2025-01-31 19:47:00.91,"","GEODETIC_DATUM_INVALID;GEODETIC_DATUM_ASSUMED_WGS84;FOOTPRINT_WKT_INVALID;CONTINENT_DERIVED_FROM_COORDINATES;IDENTIFIED_DATE_INVALID;TYPE_STATUS_INVALID"
1271436037,"3cdabf9a-99da-4383-b6cc-10afee5fb854","1116601686","Animalia","Chordata",NA,"Pleuronectiformes","Cynoglossidae","Symphurus","Symphurus plagiusa",NA,"SPECIES","Symphurus plagiusa (Linnaeus, 1766)","Symphurus plagiusa","(Linnaeus, 1766)","US","Oyster grid.cell=10 sweep=1","Florida","PRESENT",1,"c3ad790a-d426-4ac1-8e32-da61f81f0117",25.32371,-81.07047,15,NA,NA,NA,1.27,0,"2009-10-12T15:18",12,10,2009,2409475,2409475,"HUMAN_OBSERVATION","USGS","Fall09",NA,NA,NA,NA,"CC0_1_0","","USGS",NA,NA,2025-01-31 19:47:07.348,"","GEODETIC_DATUM_INVALID;GEODETIC_DATUM_ASSUMED_WGS84;FOOTPRINT_WKT_INVALID;CONTINENT_DERIVED_FROM_COORDINATES;IDENTIFIED_DATE_INVALID;TYPE_STATUS_INVALID"
1271436036,"3cdabf9a-99da-4383-b6cc-10afee5fb854","1116599475","Animalia","Chordata",NA,"Pleuronectiformes","Cynoglossidae","Symphurus","Symphurus plagiusa",NA,"SPECIES","Symphurus plagiusa (Linnaeus, 1766)","Symphurus plagiusa","(Linnaeus, 1766)","US","Rankin grid.cell=28 sweep=1","Florida","PRESENT",1,"c3ad790a-d426-4ac1-8e32-da61f81f0117",25.109883,-80.801483,15,NA,NA,NA,1.06,0,"2005-04-21T10:37",21,4,2005,2409475,2409475,"HUMAN_OBSERVATION","USGS","Spring05",NA,NA,NA,NA,"CC0_1_0","","USGS",NA,NA,2025-01-31 19:47:01.239,"","GEODETIC_DATUM_INVALID;GEODETIC_DATUM_ASSUMED_WGS84;FOOTPRINT_WKT_INVALID;CONTINENT_DERIVED_FROM_COORDINATES;IDENTIFIED_DATE_INVALID;TYPE_STATUS_INVALID"
1271436035,"3cdabf9a-99da-4383-b6cc-10afee5fb854","1116601640","Animalia","Chordata",NA,"Pleuronectiformes","Cynoglossidae","Symphurus","Symphurus plagiusa",NA,"SPECIES","Symphurus plagiusa (Linnaeus, 1766)","Symphurus plagiusa","(Linnaeus, 1766)","US","Lostmans grid.cell=10 sweep=4","Florida","PRESENT",1,"c3ad790a-d426-4ac1-8e32-da61f81f0117",25.53762,-81.21222,15,NA,NA,NA,1.15,0,"2009-10-13T13:57",13,10,2009,2409475,2409475,"HUMAN_OBSERVATION","USGS","Fall09",NA,NA,NA,NA,"CC0_1_0","","USGS",NA,NA,2025-01-31 19:47:07.253,"","GEODETIC_DATUM_INVALID;GEODETIC_DATUM_ASSUMED_WGS84;FOOTPRINT_WKT_INVALID;CONTINENT_DERIVED_FROM_COORDINATES;IDENTIFIED_DATE_INVALID;TYPE_STATUS_INVALID"
1271436034,"3cdabf9a-99da-4383-b6cc-10afee5fb854","1116599333","Animalia","Chordata",NA,"Pleuronectiformes","Cynoglossidae","Symphurus","Symphurus plagiusa",NA,"SPECIES","Symphurus plagiusa (Linnaeus, 1766)","Symphurus plagiusa","(Linnaeus, 1766)","US","Oyster grid.cell=9 sweep=3","Florida","PRESENT",1,"c3ad790a-d426-4ac1-8e32-da61f81f0117",25.32263,-81.07542,15,NA,NA,NA,1.56,0,"2009-10-12T15:45",12,10,2009,2409475,2409475,"HUMAN_OBSERVATION","USGS","Fall09",NA,NA,NA,NA,"CC0_1_0","","USGS",NA,NA,2025-01-31 19:47:00.807,"","GEODETIC_DATUM_INVALID;GEODETIC_DATUM_ASSUMED_WGS84;FOOTPRINT_WKT_INVALID;CONTINENT_DERIVED_FROM_COORDINATES;IDENTIFIED_DATE_INVALID;TYPE_STATUS_INVALID"
1271436033,"3cdabf9a-99da-4383-b6cc-10afee5fb854","1116601605","Animalia","Chordata",NA,"Pleuronectiformes","Cynoglossidae","Symphurus","Symphurus plagiusa",NA,"SPECIES","Symphurus plagiusa (Linnaeus, 1766)","Symphurus plagiusa","(Linnaeus, 1766)","US","Oyster grid.cell=22 sweep=5","Florida","PRESENT",1,"c3ad790a-d426-4ac1-8e32-da61f81f0117",25.3321,-81.07353,15,NA,NA,NA,2.25,0,"2009-10-12T13:38",12,10,2009,2409475,2409475,"HUMAN_OBSERVATION","USGS","Fall09",NA,NA,NA,NA,"CC0_1_0","","USGS",NA,NA,2025-01-31 19:47:07.311,"","GEODETIC_DATUM_INVALID;GEODETIC_DATUM_ASSUMED_WGS84;FOOTPRINT_WKT_INVALID;CONTINENT_DERIVED_FROM_COORDINATES;IDENTIFIED_DATE_INVALID;TYPE_STATUS_INVALID"
1271436032,"3cdabf9a-99da-4383-b6cc-10afee5fb854","1116599332","Animalia","Chordata",NA,"Pleuronectiformes","Cynoglossidae","Symphurus","Symphurus plagiusa",NA,"SPECIES","Symphurus plagiusa (Linnaeus, 1766)","Symphurus plagiusa","(Linnaeus, 1766)","US","Lostmans grid.cell=4 sweep=5","Florida","PRESENT",1,"c3ad790a-d426-4ac1-8e32-da61f81f0117",25.53049,-81.2115,15,NA,NA,NA,1.4,0,"2009-10-13T12:44",13,10,2009,2409475,2409475,"HUMAN_OBSERVATION","USGS","Fall09",NA,NA,NA,NA,"CC0_1_0","","USGS",NA,NA,2025-01-31 19:47:00.805,"","GEODETIC_DATUM_INVALID;GEODETIC_DATUM_ASSUMED_WGS84;FOOTPRINT_WKT_INVALID;CONTINENT_DERIVED_FROM_COORDINATES;IDENTIFIED_DATE_INVALID;TYPE_STATUS_INVALID"
1271436031,"3cdabf9a-99da-4383-b6cc-10afee5fb854","1116601579","Animalia","Chordata",NA,"Pleuronectiformes","Cynoglossidae","Symphurus","Symphurus plagiusa",NA,"SPECIES","Symphurus plagiusa (Linnaeus, 1766)","Symphurus plagiusa","(Linnaeus, 1766)","US","Lostmans grid.cell=6 sweep=2","Florida","PRESENT",1,"c3ad790a-d426-4ac1-8e32-da61f81f0117",25.53054,-81.21366,15,NA,NA,NA,1.22,0,"2009-10-13T12:56",13,10,2009,2409475,2409475,"HUMAN_OBSERVATION","USGS","Fall09",NA,NA,NA,NA,"CC0_1_0","","USGS",NA,NA,2025-01-31 19:47:07.74,"","GEODETIC_DATUM_INVALID;GEODETIC_DATUM_ASSUMED_WGS84;FOOTPRINT_WKT_INVALID;CONTINENT_DERIVED_FROM_COORDINATES;IDENTIFIED_DATE_INVALID;TYPE_STATUS_INVALID"
1271436030,"3cdabf9a-99da-4383-b6cc-10afee5fb854","1116599285","Animalia","Chordata",NA,"Pleuronectiformes","Cynoglossidae","Symphurus","Symphurus plagiusa",NA,"SPECIES","Symphurus plagiusa (Linnaeus, 1766)","Symphurus plagiusa","(Linnaeus, 1766)","US","Ponce grid.cell=2 sweep=2","Florida","PRESENT",1,"c3ad790a-d426-4ac1-8e32-da61f81f0117",25.3415,-81.127,15,NA,NA,NA,2.73,0,"2009-10-14T10:08",14,10,2009,2409475,2409475,"HUMAN_OBSERVATION","USGS","Fall09",NA,NA,NA,NA,"CC0_1_0","","USGS",NA,NA,2025-01-31 19:46:58.891,"","GEODETIC_DATUM_INVALID;GEODETIC_DATUM_ASSUMED_WGS84;FOOTPRINT_WKT_INVALID;CONTINENT_DERIVED_FROM_COORDINATES;IDENTIFIED_DATE_INVALID;TYPE_STATUS_INVALID"
1271436029,"3cdabf9a-99da-4383-b6cc-10afee5fb854","1116601550","Animalia","Chordata",NA,"Pleuronectiformes","Cynoglossidae","Symphurus","Symphurus plagiusa",NA,"SPECIES","Symphurus plagiusa (Linnaeus, 1766)","Symphurus plagiusa","(Linnaeus, 1766)","US","Card grid.cell=20 sweep=1","Florida","PRESENT",1,"c3ad790a-d426-4ac1-8e32-da61f81f0117",25.3517,-80.263066,15,NA,NA,NA,1,0,"2005-05-05T11:39",5,5,2005,2409475,2409475,"HUMAN_OBSERVATION","USGS","Spring05",NA,NA,NA,NA,"CC0_1_0","","USGS",NA,NA,2025-01-31 19:47:07.548,"","GEODETIC_DATUM_INVALID;GEODETIC_DATUM_ASSUMED_WGS84;FOOTPRINT_WKT_INVALID;CONTINENT_DERIVED_FROM_COORDINATES;IDENTIFIED_DATE_INVALID;TYPE_STATUS_INVALID"
1271436028,"3cdabf9a-99da-4383-b6cc-10afee5fb854","1116599168","Animalia","Chordata",NA,"Pleuronectiformes","Cynoglossidae","Symphurus","Symphurus plagiusa",NA,"SPECIES","Symphurus plagiusa (Linnaeus, 1766)","Symphurus plagiusa","(Linnaeus, 1766)","US","Lostmans grid.cell=19 sweep=3","Florida","PRESENT",1,"c3ad790a-d426-4ac1-8e32-da61f81f0117",25.54579,-81.21115,15,NA,NA,NA,1.06,0,"2009-10-13T14:15",13,10,2009,2409475,2409475,"HUMAN_OBSERVATION","USGS","Fall09",NA,NA,NA,NA,"CC0_1_0","","USGS",NA,NA,2025-01-31 19:46:58.413,"","GEODETIC_DATUM_INVALID;GEODETIC_DATUM_ASSUMED_WGS84;FOOTPRINT_WKT_INVALID;CONTINENT_DERIVED_FROM_COORDINATES;IDENTIFIED_DATE_INVALID;TYPE_STATUS_INVALID"
1271436023,"3cdabf9a-99da-4383-b6cc-10afee5fb854","1116601529","Animalia","Chordata",NA,"Pleuronectiformes","Cynoglossidae","Symphurus","Symphurus plagiusa",NA,"SPECIES","Symphurus plagiusa (Linnaeus, 1766)","Symphurus plagiusa","(Linnaeus, 1766)","US","Lostmans grid.cell=30 sweep=2","Florida","PRESENT",1,"c3ad790a-d426-4ac1-8e32-da61f81f0117",25.55302,-81.22318,15,NA,NA,NA,1.45,0,"2009-10-13T12:30",13,10,2009,2409475,2409475,"HUMAN_OBSERVATION","USGS","Fall09",NA,NA,NA,NA,"CC0_1_0","","USGS",NA,NA,2025-01-31 19:47:07.535,"","GEODETIC_DATUM_INVALID;GEODETIC_DATUM_ASSUMED_WGS84;FOOTPRINT_WKT_INVALID;CONTINENT_DERIVED_FROM_COORDINATES;IDENTIFIED_DATE_INVALID;TYPE_STATUS_INVALID"
1271436019,"3cdabf9a-99da-4383-b6cc-10afee5fb854","1116601412","Animalia","Chordata",NA,"Pleuronectiformes","Cynoglossidae","Symphurus","Symphurus plagiusa",NA,"SPECIES","Symphurus plagiusa (Linnaeus, 1766)","Symphurus plagiusa","(Linnaeus, 1766)","US","Rankin grid.cell=19 sweep=1","Florida","PRESENT",1,"c3ad790a-d426-4ac1-8e32-da61f81f0117",25.12064,-80.813413,15,NA,NA,NA,1.4,0,"2005-04-21T13:52",21,4,2005,2409475,2409475,"HUMAN_OBSERVATION","USGS","Spring05",NA,NA,NA,NA,"CC0_1_0","","USGS",NA,NA,2025-01-31 19:47:07.939,"","GEODETIC_DATUM_INVALID;GEODETIC_DATUM_ASSUMED_WGS84;FOOTPRINT_WKT_INVALID;CONTINENT_DERIVED_FROM_COORDINATES;IDENTIFIED_DATE_INVALID;TYPE_STATUS_INVALID"
1271436015,"3cdabf9a-99da-4383-b6cc-10afee5fb854","1116601329","Animalia","Chordata",NA,"Pleuronectiformes","Cynoglossidae","Symphurus","Symphurus plagiusa",NA,"SPECIES","Symphurus plagiusa (Linnaeus, 1766)","Symphurus plagiusa","(Linnaeus, 1766)","US","Oyster grid.cell=8 sweep=5","Florida","PRESENT",1,"c3ad790a-d426-4ac1-8e32-da61f81f0117",25.32116,-81.07903,15,NA,NA,NA,1.5,0,"2009-10-12T16:08",12,10,2009,2409475,2409475,"HUMAN_OBSERVATION","USGS","Fall09",NA,NA,NA,NA,"CC0_1_0","","USGS",NA,NA,2025-01-31 19:47:08.268,"","GEODETIC_DATUM_INVALID;GEODETIC_DATUM_ASSUMED_WGS84;FOOTPRINT_WKT_INVALID;CONTINENT_DERIVED_FROM_COORDINATES;IDENTIFIED_DATE_INVALID;TYPE_STATUS_INVALID"
1271436013,"3cdabf9a-99da-4383-b6cc-10afee5fb854","1116601257","Animalia","Chordata",NA,"Pleuronectiformes","Cynoglossidae","Symphurus","Symphurus plagiusa",NA,"SPECIES","Symphurus plagiusa (Linnaeus, 1766)","Symphurus plagiusa","(Linnaeus, 1766)","US","Rabbit grid.cell=10 sweep=2","Florida","PRESENT",1,"c3ad790a-d426-4ac1-8e32-da61f81f0117",24.98427,-80.89005,15,NA,NA,NA,2.4,0,"2009-09-30T12:18",30,9,2009,2409475,2409475,"HUMAN_OBSERVATION","USGS","Fall09",NA,NA,NA,NA,"CC0_1_0","","USGS",NA,NA,2025-01-31 19:47:06.315,"","GEODETIC_DATUM_INVALID;GEODETIC_DATUM_ASSUMED_WGS84;FOOTPRINT_WKT_INVALID;IDENTIFIED_DATE_INVALID;TYPE_STATUS_INVALID"
1271436011,"3cdabf9a-99da-4383-b6cc-10afee5fb854","1116601245","Animalia","Chordata",NA,"Pleuronectiformes","Cynoglossidae","Symphurus","Symphurus plagiusa",NA,"SPECIES","Symphurus plagiusa (Linnaeus, 1766)","Symphurus plagiusa","(Linnaeus, 1766)","US","Lostmans grid.cell=9 sweep=3","Florida","PRESENT",1,"c3ad790a-d426-4ac1-8e32-da61f81f0117",25.53504,-81.21533,15,NA,NA,NA,1.45,0,"2009-10-13T13:10",13,10,2009,2409475,2409475,"HUMAN_OBSERVATION","USGS","Fall09",NA,NA,NA,NA,"CC0_1_0","","USGS",NA,NA,2025-01-31 19:47:06.258,"","GEODETIC_DATUM_INVALID;GEODETIC_DATUM_ASSUMED_WGS84;FOOTPRINT_WKT_INVALID;CONTINENT_DERIVED_FROM_COORDINATES;IDENTIFIED_DATE_INVALID;TYPE_STATUS_INVALID"
1271436009,"3cdabf9a-99da-4383-b6cc-10afee5fb854","1116601225","Animalia","Chordata",NA,"Pleuronectiformes","Cynoglossidae","Symphurus","Symphurus plagiusa",NA,"SPECIES","Symphurus plagiusa (Linnaeus, 1766)","Symphurus plagiusa","(Linnaeus, 1766)","US","Oyster grid.cell=5 sweep=1","Florida","PRESENT",1,"c3ad790a-d426-4ac1-8e32-da61f81f0117",25.31778,-81.078,15,NA,NA,NA,1.76,0,"2009-10-12T15:51",12,10,2009,2409475,2409475,"HUMAN_OBSERVATION","USGS","Fall09",NA,NA,NA,NA,"CC0_1_0","","USGS",NA,NA,2025-01-31 19:47:06.326,"","GEODETIC_DATUM_INVALID;GEODETIC_DATUM_ASSUMED_WGS84;FOOTPRINT_WKT_INVALID;CONTINENT_DERIVED_FROM_COORDINATES;IDENTIFIED_DATE_INVALID;TYPE_STATUS_INVALID"
1271436007,"3cdabf9a-99da-4383-b6cc-10afee5fb854","1116601215","Animalia","Chordata",NA,"Pleuronectiformes","Cynoglossidae","Symphurus","Symphurus plagiusa",NA,"SPECIES","Symphurus plagiusa (Linnaeus, 1766)","Symphurus plagiusa","(Linnaeus, 1766)","US","Ponce grid.cell=23 sweep=3","Florida","PRESENT",1,"c3ad790a-d426-4ac1-8e32-da61f81f0117",25.37247,-81.12572,15,NA,NA,NA,3.36,0,"2009-10-14T11:26",14,10,2009,2409475,2409475,"HUMAN_OBSERVATION","USGS","Fall09",NA,NA,NA,NA,"CC0_1_0","","USGS",NA,NA,2025-01-31 19:47:06.339,"","GEODETIC_DATUM_INVALID;GEODETIC_DATUM_ASSUMED_WGS84;FOOTPRINT_WKT_INVALID;CONTINENT_DERIVED_FROM_COORDINATES;IDENTIFIED_DATE_INVALID;TYPE_STATUS_INVALID"
1271436005,"3cdabf9a-99da-4383-b6cc-10afee5fb854","1116601185","Animalia","Chordata",NA,"Pleuronectiformes","Cynoglossidae","Symphurus","Symphurus plagiusa",NA,"SPECIES","Symphurus plagiusa (Linnaeus, 1766)","Symphurus plagiusa","(Linnaeus, 1766)","US","Lostmans grid.cell=17 sweep=5","Florida","PRESENT",1,"c3ad790a-d426-4ac1-8e32-da61f81f0117",25.54218,-81.2217,15,NA,NA,NA,1.28,0,"2009-10-13T13:23",13,10,2009,2409475,2409475,"HUMAN_OBSERVATION","USGS","Fall09",NA,NA,NA,NA,"CC0_1_0","","USGS",NA,NA,2025-01-31 19:47:06.634,"","GEODETIC_DATUM_INVALID;GEODETIC_DATUM_ASSUMED_WGS84;FOOTPRINT_WKT_INVALID;CONTINENT_DERIVED_FROM_COORDINATES;IDENTIFIED_DATE_INVALID;TYPE_STATUS_INVALID"
1271436003,"3cdabf9a-99da-4383-b6cc-10afee5fb854","1116601093","Animalia","Chordata",NA,"Pleuronectiformes","Cynoglossidae","Symphurus","Symphurus plagiusa",NA,"SPECIES","Symphurus plagiusa (Linnaeus, 1766)","Symphurus plagiusa","(Linnaeus, 1766)","US","Oyster grid.cell=16 sweep=4","Florida","PRESENT",1,"c3ad790a-d426-4ac1-8e32-da61f81f0117",25.3309,-81.07858,15,NA,NA,NA,1.92,0,"2009-10-12T13:22",12,10,2009,2409475,2409475,"HUMAN_OBSERVATION","USGS","Fall09",NA,NA,NA,NA,"CC0_1_0","","USGS",NA,NA,2025-01-31 19:47:06.838,"","GEODETIC_DATUM_INVALID;GEODETIC_DATUM_ASSUMED_WGS84;FOOTPRINT_WKT_INVALID;CONTINENT_DERIVED_FROM_COORDINATES;IDENTIFIED_DATE_INVALID;TYPE_STATUS_INVALID"
1271436001,"3cdabf9a-99da-4383-b6cc-10afee5fb854","1116601034","Animalia","Chordata",NA,"Pleuronectiformes","Cynoglossidae","Symphurus","Symphurus plagiusa",NA,"SPECIES","Symphurus plagiusa (Linnaeus, 1766)","Symphurus plagiusa","(Linnaeus, 1766)","US","Lostmans grid.cell=22 sweep=3","Florida","PRESENT",1,"c3ad790a-d426-4ac1-8e32-da61f81f0117",25.54902,-81.21762,15,NA,NA,NA,1.6,0,"2009-10-13T11:36",13,10,2009,2409475,2409475,"HUMAN_OBSERVATION","USGS","Fall09",NA,NA,NA,NA,"CC0_1_0","","USGS",NA,NA,2025-01-31 19:47:06.806,"","GEODETIC_DATUM_INVALID;GEODETIC_DATUM_ASSUMED_WGS84;FOOTPRINT_WKT_INVALID;CONTINENT_DERIVED_FROM_COORDINATES;IDENTIFIED_DATE_INVALID;TYPE_STATUS_INVALID"
1271435995,"3cdabf9a-99da-4383-b6cc-10afee5fb854","1116600917","Animalia","Chordata",NA,"Pleuronectiformes","Cynoglossidae","Symphurus","Symphurus plagiusa",NA,"SPECIES","Symphurus plagiusa (Linnaeus, 1766)","Symphurus plagiusa","(Linnaeus, 1766)","US","Rabbit grid.cell=29 sweep=1","Florida","PRESENT",1,"c3ad790a-d426-4ac1-8e32-da61f81f0117",24.965066,-80.840083,15,NA,NA,NA,2.2,0,"2005-04-19T12:19",19,4,2005,2409475,2409475,"HUMAN_OBSERVATION","USGS","Spring05",NA,NA,NA,NA,"CC0_1_0","","USGS",NA,NA,2025-01-31 19:47:00.522,"","GEODETIC_DATUM_INVALID;GEODETIC_DATUM_ASSUMED_WGS84;FOOTPRINT_WKT_INVALID;CONTINENT_DERIVED_FROM_COORDINATES;IDENTIFIED_DATE_INVALID;TYPE_STATUS_INVALID"
1271435993,"3cdabf9a-99da-4383-b6cc-10afee5fb854","1116600880","Animalia","Chordata",NA,"Pleuronectiformes","Cynoglossidae","Symphurus","Symphurus plagiusa",NA,"SPECIES","Symphurus plagiusa (Linnaeus, 1766)","Symphurus plagiusa","(Linnaeus, 1766)","US","Lostmans grid.cell=26 sweep=5","Florida","PRESENT",1,"c3ad790a-d426-4ac1-8e32-da61f81f0117",25.54926,-81.22098,15,NA,NA,NA,1.54,0,"2009-10-13T11:51",13,10,2009,2409475,2409475,"HUMAN_OBSERVATION","USGS","Fall09",NA,NA,NA,NA,"CC0_1_0","","USGS",NA,NA,2025-01-31 19:47:00.939,"","GEODETIC_DATUM_INVALID;GEODETIC_DATUM_ASSUMED_WGS84;FOOTPRINT_WKT_INVALID;CONTINENT_DERIVED_FROM_COORDINATES;IDENTIFIED_DATE_INVALID;TYPE_STATUS_INVALID"
1271435991,"3cdabf9a-99da-4383-b6cc-10afee5fb854","1116600778","Animalia","Chordata",NA,"Pleuronectiformes","Cynoglossidae","Symphurus","Symphurus plagiusa",NA,"SPECIES","Symphurus plagiusa (Linnaeus, 1766)","Symphurus plagiusa","(Linnaeus, 1766)","US","Oyster grid.cell=17 sweep=1","Florida","PRESENT",1,"c3ad790a-d426-4ac1-8e32-da61f81f0117",25.327166,-81.076483,15,NA,NA,NA,1.78,0,"2005-04-29T14:13",29,4,2005,2409475,2409475,"HUMAN_OBSERVATION","USGS","Spring05",NA,NA,NA,NA,"CC0_1_0","","USGS",NA,NA,2025-01-31 19:46:58.325,"","GEODETIC_DATUM_INVALID;GEODETIC_DATUM_ASSUMED_WGS84;FOOTPRINT_WKT_INVALID;CONTINENT_DERIVED_FROM_COORDINATES;IDENTIFIED_DATE_INVALID;TYPE_STATUS_INVALID"
1271435987,"3cdabf9a-99da-4383-b6cc-10afee5fb854","1116600689","Animalia","Chordata",NA,"Pleuronectiformes","Cynoglossidae","Symphurus","Symphurus plagiusa",NA,"SPECIES","Symphurus plagiusa (Linnaeus, 1766)","Symphurus plagiusa","(Linnaeus, 1766)","US","Rankin grid.cell=11 sweep=1","Florida","PRESENT",1,"c3ad790a-d426-4ac1-8e32-da61f81f0117",25.1203,-80.817133,15,NA,NA,NA,1.21,0,"2005-04-21T16:37",21,4,2005,2409475,2409475,"HUMAN_OBSERVATION","USGS","Spring05",NA,NA,NA,NA,"CC0_1_0","","USGS",NA,NA,2025-01-31 19:46:58.656,"","GEODETIC_DATUM_INVALID;GEODETIC_DATUM_ASSUMED_WGS84;FOOTPRINT_WKT_INVALID;CONTINENT_DERIVED_FROM_COORDINATES;IDENTIFIED_DATE_INVALID;TYPE_STATUS_INVALID"
1271435985,"3cdabf9a-99da-4383-b6cc-10afee5fb854","1116600583","Animalia","Chordata",NA,"Pleuronectiformes","Cynoglossidae","Symphurus","Symphurus plagiusa",NA,"SPECIES","Symphurus plagiusa (Linnaeus, 1766)","Symphurus plagiusa","(Linnaeus, 1766)","US","Lostmans grid.cell=21 sweep=5","Florida","PRESENT",1,"c3ad790a-d426-4ac1-8e32-da61f81f0117",25.54911,-81.22364,15,NA,NA,NA,1.54,0,"2009-10-13T12:03",13,10,2009,2409475,2409475,"HUMAN_OBSERVATION","USGS","Fall09",NA,NA,NA,NA,"CC0_1_0","","USGS",NA,NA,2025-01-31 19:46:59.051,"","GEODETIC_DATUM_INVALID;GEODETIC_DATUM_ASSUMED_WGS84;FOOTPRINT_WKT_INVALID;CONTINENT_DERIVED_FROM_COORDINATES;IDENTIFIED_DATE_INVALID;TYPE_STATUS_INVALID"
1271435983,"3cdabf9a-99da-4383-b6cc-10afee5fb854","1116600580","Animalia","Chordata",NA,"Pleuronectiformes","Cynoglossidae","Symphurus","Symphurus plagiusa",NA,"SPECIES","Symphurus plagiusa (Linnaeus, 1766)","Symphurus plagiusa","(Linnaeus, 1766)","US","Lostmans grid.cell=7 sweep=4","Florida","PRESENT",1,"c3ad790a-d426-4ac1-8e32-da61f81f0117",25.53209,-81.21064,15,NA,NA,NA,1.99,0,"2009-10-13T11:18",13,10,2009,2409475,2409475,"HUMAN_OBSERVATION","USGS","Fall09",NA,NA,NA,NA,"CC0_1_0","","USGS",NA,NA,2025-01-31 19:46:59.047,"","GEODETIC_DATUM_INVALID;GEODETIC_DATUM_ASSUMED_WGS84;FOOTPRINT_WKT_INVALID;CONTINENT_DERIVED_FROM_COORDINATES;IDENTIFIED_DATE_INVALID;TYPE_STATUS_INVALID"
1271435981,"3cdabf9a-99da-4383-b6cc-10afee5fb854","1116600578","Animalia","Chordata",NA,"Pleuronectiformes","Cynoglossidae","Symphurus","Symphurus plagiusa",NA,"SPECIES","Symphurus plagiusa (Linnaeus, 1766)","Symphurus plagiusa","(Linnaeus, 1766)","US","Lostmans grid.cell=15 sweep=1","Florida","PRESENT",1,"c3ad790a-d426-4ac1-8e32-da61f81f0117",25.53903,-81.21066,15,NA,NA,NA,1.05,0,"2009-10-13T14:26",13,10,2009,2409475,2409475,"HUMAN_OBSERVATION","USGS","Fall09",NA,NA,NA,NA,"CC0_1_0","","USGS",NA,NA,2025-01-31 19:46:59.051,"","GEODETIC_DATUM_INVALID;GEODETIC_DATUM_ASSUMED_WGS84;FOOTPRINT_WKT_INVALID;CONTINENT_DERIVED_FROM_COORDINATES;IDENTIFIED_DATE_INVALID;TYPE_STATUS_INVALID"
1271435976,"3cdabf9a-99da-4383-b6cc-10afee5fb854","1116600506","Animalia","Chordata",NA,"Pleuronectiformes","Cynoglossidae","Symphurus","Symphurus plagiusa",NA,"SPECIES","Symphurus plagiusa (Linnaeus, 1766)","Symphurus plagiusa","(Linnaeus, 1766)","US","Ponce grid.cell=24 sweep=2","Florida","PRESENT",1,"c3ad790a-d426-4ac1-8e32-da61f81f0117",25.37879,-81.14903,15,NA,NA,NA,2.62,0,"2009-10-14T12:48",14,10,2009,2409475,2409475,"HUMAN_OBSERVATION","USGS","Fall09",NA,NA,NA,NA,"CC0_1_0","","USGS",NA,NA,2025-01-31 19:46:59.108,"","GEODETIC_DATUM_INVALID;GEODETIC_DATUM_ASSUMED_WGS84;FOOTPRINT_WKT_INVALID;CONTINENT_DERIVED_FROM_COORDINATES;IDENTIFIED_DATE_INVALID;TYPE_STATUS_INVALID"
1271435971,"3cdabf9a-99da-4383-b6cc-10afee5fb854","1116600446","Animalia","Chordata",NA,"Pleuronectiformes","Cynoglossidae","Symphurus","Symphurus plagiusa",NA,"SPECIES","Symphurus plagiusa (Linnaeus, 1766)","Symphurus plagiusa","(Linnaeus, 1766)","US","Whitewater grid.cell=27 sweep=1","Florida","PRESENT",1,"c3ad790a-d426-4ac1-8e32-da61f81f0117",25.303966,-80.9739,15,NA,NA,NA,1.88,0,"2005-04-26T14:17",26,4,2005,2409475,2409475,"HUMAN_OBSERVATION","USGS","Spring05",NA,NA,NA,NA,"CC0_1_0","","USGS",NA,NA,2025-01-31 19:46:59.424,"","GEODETIC_DATUM_INVALID;GEODETIC_DATUM_ASSUMED_WGS84;FOOTPRINT_WKT_INVALID;CONTINENT_DERIVED_FROM_COORDINATES;IDENTIFIED_DATE_INVALID;TYPE_STATUS_INVALID"
1271435965,"3cdabf9a-99da-4383-b6cc-10afee5fb854","1116600371","Animalia","Chordata",NA,"Pleuronectiformes","Cynoglossidae","Symphurus","Symphurus plagiusa",NA,"SPECIES","Symphurus plagiusa (Linnaeus, 1766)","Symphurus plagiusa","(Linnaeus, 1766)","US","Oyster grid.cell=2 sweep=1","Florida","PRESENT",1,"c3ad790a-d426-4ac1-8e32-da61f81f0117",25.31235,-81.072833,15,NA,NA,NA,1.79,0,"2005-04-29T11:23",29,4,2005,2409475,2409475,"HUMAN_OBSERVATION","USGS","Spring05",NA,NA,NA,NA,"CC0_1_0","","USGS",NA,NA,2025-01-31 19:46:57.21,"","GEODETIC_DATUM_INVALID;GEODETIC_DATUM_ASSUMED_WGS84;FOOTPRINT_WKT_INVALID;CONTINENT_DERIVED_FROM_COORDINATES;IDENTIFIED_DATE_INVALID;TYPE_STATUS_INVALID"
1271435962,"3cdabf9a-99da-4383-b6cc-10afee5fb854","1116600257","Animalia","Chordata",NA,"Pleuronectiformes","Cynoglossidae","Symphurus","Symphurus plagiusa",NA,"SPECIES","Symphurus plagiusa (Linnaeus, 1766)","Symphurus plagiusa","(Linnaeus, 1766)","US","Lostmans grid.cell=20 sweep=3","Florida","PRESENT",1,"c3ad790a-d426-4ac1-8e32-da61f81f0117",25.54279,-81.20667,15,NA,NA,NA,0.55,0,"2009-10-13T14:43",13,10,2009,2409475,2409475,"HUMAN_OBSERVATION","USGS","Fall09",NA,NA,NA,NA,"CC0_1_0","","USGS",NA,NA,2025-01-31 19:46:57.52,"","GEODETIC_DATUM_INVALID;GEODETIC_DATUM_ASSUMED_WGS84;FOOTPRINT_WKT_INVALID;CONTINENT_DERIVED_FROM_COORDINATES;IDENTIFIED_DATE_INVALID;TYPE_STATUS_INVALID"
1271435959,"3cdabf9a-99da-4383-b6cc-10afee5fb854","1116600250","Animalia","Chordata",NA,"Pleuronectiformes","Cynoglossidae","Symphurus","Symphurus plagiusa",NA,"SPECIES","Symphurus plagiusa (Linnaeus, 1766)","Symphurus plagiusa","(Linnaeus, 1766)","US","Lostmans grid.cell=16 sweep=2","Florida","PRESENT",1,"c3ad790a-d426-4ac1-8e32-da61f81f0117",25.5392,-81.20667,15,NA,NA,NA,1.64,0,"2009-10-13T10:49",13,10,2009,2409475,2409475,"HUMAN_OBSERVATION","USGS","Fall09",NA,NA,NA,NA,"CC0_1_0","","USGS",NA,NA,2025-01-31 19:46:57.527,"","GEODETIC_DATUM_INVALID;GEODETIC_DATUM_ASSUMED_WGS84;FOOTPRINT_WKT_INVALID;CONTINENT_DERIVED_FROM_COORDINATES;IDENTIFIED_DATE_INVALID;TYPE_STATUS_INVALID"
1271435955,"3cdabf9a-99da-4383-b6cc-10afee5fb854","1116600224","Animalia","Chordata",NA,"Pleuronectiformes","Cynoglossidae","Symphurus","Symphurus plagiusa",NA,"SPECIES","Symphurus plagiusa (Linnaeus, 1766)","Symphurus plagiusa","(Linnaeus, 1766)","US","Lostmans grid.cell=28 sweep=1","Florida","PRESENT",1,"c3ad790a-d426-4ac1-8e32-da61f81f0117",25.551533,-81.211983,15,NA,NA,NA,2.6,0,"2005-04-27T14:40",27,4,2005,2409475,2409475,"HUMAN_OBSERVATION","USGS","Spring05",NA,NA,NA,NA,"CC0_1_0","","USGS",NA,NA,2025-01-31 19:46:57.518,"","GEODETIC_DATUM_INVALID;GEODETIC_DATUM_ASSUMED_WGS84;FOOTPRINT_WKT_INVALID;CONTINENT_DERIVED_FROM_COORDINATES;IDENTIFIED_DATE_INVALID;TYPE_STATUS_INVALID"
1271435947,"3cdabf9a-99da-4383-b6cc-10afee5fb854","1116600069","Animalia","Chordata",NA,"Pleuronectiformes","Cynoglossidae","Symphurus","Symphurus plagiusa",NA,"SPECIES","Symphurus plagiusa (Linnaeus, 1766)","Symphurus plagiusa","(Linnaeus, 1766)","US","Lostmans grid.cell=14 sweep=2","Florida","PRESENT",1,"c3ad790a-d426-4ac1-8e32-da61f81f0117",25.54009,-81.21436,15,NA,NA,NA,1.56,0,"2009-10-13T15:01",13,10,2009,2409475,2409475,"HUMAN_OBSERVATION","USGS","Fall09",NA,NA,NA,NA,"CC0_1_0","","USGS",NA,NA,2025-01-31 19:46:58.143,"","GEODETIC_DATUM_INVALID;GEODETIC_DATUM_ASSUMED_WGS84;FOOTPRINT_WKT_INVALID;CONTINENT_DERIVED_FROM_COORDINATES;IDENTIFIED_DATE_INVALID;TYPE_STATUS_INVALID"
1271435936,"3cdabf9a-99da-4383-b6cc-10afee5fb854","1116599919","Animalia","Chordata",NA,"Pleuronectiformes","Cynoglossidae","Symphurus","Symphurus plagiusa",NA,"SPECIES","Symphurus plagiusa (Linnaeus, 1766)","Symphurus plagiusa","(Linnaeus, 1766)","US","Whitewater grid.cell=21 sweep=1","Florida","PRESENT",1,"c3ad790a-d426-4ac1-8e32-da61f81f0117",25.298966,-80.980816,15,NA,NA,NA,1.72,0,"2005-04-26T13:00",26,4,2005,2409475,2409475,"HUMAN_OBSERVATION","USGS","Spring05",NA,NA,NA,NA,"CC0_1_0","","USGS",NA,NA,2025-01-31 19:47:02.642,"","GEODETIC_DATUM_INVALID;GEODETIC_DATUM_ASSUMED_WGS84;FOOTPRINT_WKT_INVALID;CONTINENT_DERIVED_FROM_COORDINATES;IDENTIFIED_DATE_INVALID;TYPE_STATUS_INVALID"
1271435928,"3cdabf9a-99da-4383-b6cc-10afee5fb854","1116599831","Animalia","Chordata",NA,"Pleuronectiformes","Cynoglossidae","Symphurus","Symphurus plagiusa",NA,"SPECIES","Symphurus plagiusa (Linnaeus, 1766)","Symphurus plagiusa","(Linnaeus, 1766)","US","Lostmans grid.cell=5 sweep=4","Florida","PRESENT",1,"c3ad790a-d426-4ac1-8e32-da61f81f0117",25.5287,-81.20975,15,NA,NA,NA,1.07,0,"2009-10-13T12:33",13,10,2009,2409475,2409475,"HUMAN_OBSERVATION","USGS","Fall09",NA,NA,NA,NA,"CC0_1_0","","USGS",NA,NA,2025-01-31 19:47:02.227,"","GEODETIC_DATUM_INVALID;GEODETIC_DATUM_ASSUMED_WGS84;FOOTPRINT_WKT_INVALID;CONTINENT_DERIVED_FROM_COORDINATES;IDENTIFIED_DATE_INVALID;TYPE_STATUS_INVALID"
1271435924,"3cdabf9a-99da-4383-b6cc-10afee5fb854","1116599695","Animalia","Chordata",NA,"Pleuronectiformes","Cynoglossidae","Symphurus","Symphurus plagiusa",NA,"SPECIES","Symphurus plagiusa (Linnaeus, 1766)","Symphurus plagiusa","(Linnaeus, 1766)","US","Lostmans grid.cell=5 sweep=1","Florida","PRESENT",1,"c3ad790a-d426-4ac1-8e32-da61f81f0117",25.528166,-81.208366,15,NA,NA,NA,1.24,0,"2005-04-27T17:03",27,4,2005,2409475,2409475,"HUMAN_OBSERVATION","USGS","Spring05",NA,NA,NA,NA,"CC0_1_0","","USGS",NA,NA,2025-01-31 19:47:00.439,"","GEODETIC_DATUM_INVALID;GEODETIC_DATUM_ASSUMED_WGS84;FOOTPRINT_WKT_INVALID;CONTINENT_DERIVED_FROM_COORDINATES;IDENTIFIED_DATE_INVALID;TYPE_STATUS_INVALID"
1271435921,"3cdabf9a-99da-4383-b6cc-10afee5fb854","1116599679","Animalia","Chordata",NA,"Pleuronectiformes","Cynoglossidae","Symphurus","Symphurus plagiusa",NA,"SPECIES","Symphurus plagiusa (Linnaeus, 1766)","Symphurus plagiusa","(Linnaeus, 1766)","US","Ponce grid.cell=28 sweep=1","Florida","PRESENT",1,"c3ad790a-d426-4ac1-8e32-da61f81f0117",25.38233,-81.14764,15,NA,NA,NA,2.58,0,"2009-10-14T12:35",14,10,2009,2409475,2409475,"HUMAN_OBSERVATION","USGS","Fall09",NA,NA,NA,NA,"CC0_1_0","","USGS",NA,NA,2025-01-31 19:46:59.735,"","GEODETIC_DATUM_INVALID;GEODETIC_DATUM_ASSUMED_WGS84;FOOTPRINT_WKT_INVALID;CONTINENT_DERIVED_FROM_COORDINATES;IDENTIFIED_DATE_INVALID;TYPE_STATUS_INVALID"
1271316779,"99cac79f-b9bf-42e5-88bd-68c30a595437","1112241851","Animalia","Chordata",NA,"Pleuronectiformes","Cynoglossidae","Symphurus","Symphurus plagiusa",NA,"SPECIES","Symphurus plagiusa (Linnaeus, 1766)","Symphurus plagiusa","","US","Lower Laguna Madre Estuary","Texas","PRESENT",NA,"c3ad790a-d426-4ac1-8e32-da61f81f0117",26.56,-97.423889,100,NA,NA,NA,1.6,0,"2008-02-06T13:25",6,2,2008,2409475,2409475,"HUMAN_OBSERVATION","TPWD","Lower Laguna Madre Trawl","",NA,"",NA,"CC0_1_0","","TPWD",NA,NA,2025-01-31 23:41:24.751,"","GEODETIC_DATUM_INVALID;GEODETIC_DATUM_ASSUMED_WGS84;CONTINENT_DERIVED_FROM_COORDINATES;OCCURRENCE_STATUS_UNPARSABLE"
1271316767,"99cac79f-b9bf-42e5-88bd-68c30a595437","1112241575","Animalia","Chordata",NA,"Pleuronectiformes","Cynoglossidae","Symphurus","Symphurus plagiusa",NA,"SPECIES","Symphurus plagiusa (Linnaeus, 1766)","Symphurus plagiusa","","US","Lower Laguna Madre Estuary","Texas","PRESENT",NA,"c3ad790a-d426-4ac1-8e32-da61f81f0117",26.608333,-97.408056,100,NA,NA,NA,2.2,0,"2008-12-16T10:31",16,12,2008,2409475,2409475,"HUMAN_OBSERVATION","TPWD","Lower Laguna Madre Trawl","",NA,"",NA,"CC0_1_0","","TPWD",NA,NA,2025-01-31 23:41:23.787,"","GEODETIC_DATUM_INVALID;GEODETIC_DATUM_ASSUMED_WGS84;CONTINENT_DERIVED_FROM_COORDINATES;OCCURRENCE_STATUS_UNPARSABLE"
1271316747,"99cac79f-b9bf-42e5-88bd-68c30a595437","1112241537","Animalia","Chordata",NA,"Pleuronectiformes","Cynoglossidae","Symphurus","Symphurus plagiusa",NA,"SPECIES","Symphurus plagiusa (Linnaeus, 1766)","Symphurus plagiusa","","US","Lower Laguna Madre Estuary","Texas","PRESENT",NA,"c3ad790a-d426-4ac1-8e32-da61f81f0117",26.606389,-97.423889,100,NA,NA,NA,1.7,0,"2005-04-11T17:33",11,4,2005,2409475,2409475,"HUMAN_OBSERVATION","TPWD","Lower Laguna Madre Trawl","",NA,"",NA,"CC0_1_0","","TPWD",NA,NA,2025-01-31 23:41:23.78,"","GEODETIC_DATUM_INVALID;GEODETIC_DATUM_ASSUMED_WGS84;CONTINENT_DERIVED_FROM_COORDINATES;OCCURRENCE_STATUS_UNPARSABLE"
1271316738,"99cac79f-b9bf-42e5-88bd-68c30a595437","1112241406","Animalia","Chordata",NA,"Pleuronectiformes","Cynoglossidae","Symphurus","Symphurus plagiusa",NA,"SPECIES","Symphurus plagiusa (Linnaeus, 1766)","Symphurus plagiusa","","US","Lower Laguna Madre Estuary","Texas","PRESENT",NA,"c3ad790a-d426-4ac1-8e32-da61f81f0117",26.641667,-97.408333,100,NA,NA,NA,1,0,"2005-03-02T12:29",2,3,2005,2409475,2409475,"HUMAN_OBSERVATION","TPWD","Lower Laguna Madre Trawl","",NA,"",NA,"CC0_1_0","","TPWD",NA,NA,2025-01-31 23:41:23.734,"","GEODETIC_DATUM_INVALID;GEODETIC_DATUM_ASSUMED_WGS84;CONTINENT_DERIVED_FROM_COORDINATES;OCCURRENCE_STATUS_UNPARSABLE"
1271316730,"99cac79f-b9bf-42e5-88bd-68c30a595437","1112240880","Animalia","Chordata",NA,"Pleuronectiformes","Cynoglossidae","Symphurus","Symphurus plagiusa",NA,"SPECIES","Symphurus plagiusa (Linnaeus, 1766)","Symphurus plagiusa","","US","Lower Laguna Madre Estuary","Texas","PRESENT",NA,"c3ad790a-d426-4ac1-8e32-da61f81f0117",26.741389,-97.441667,100,NA,NA,NA,1.1,0,"2005-06-07T17:04",7,6,2005,2409475,2409475,"HUMAN_OBSERVATION","TPWD","Lower Laguna Madre Trawl","",NA,"",NA,"CC0_1_0","","TPWD",NA,NA,2025-01-31 23:41:24.844,"","GEODETIC_DATUM_INVALID;GEODETIC_DATUM_ASSUMED_WGS84;CONTINENT_DERIVED_FROM_COORDINATES;OCCURRENCE_STATUS_UNPARSABLE"
1271316685,"99cac79f-b9bf-42e5-88bd-68c30a595437","1112239186","Animalia","Chordata",NA,"Pleuronectiformes","Cynoglossidae","Symphurus","Symphurus plagiusa",NA,"SPECIES","Symphurus plagiusa (Linnaeus, 1766)","Symphurus plagiusa","","US","Lower Laguna Madre Estuary","Texas","PRESENT",NA,"c3ad790a-d426-4ac1-8e32-da61f81f0117",26.454722,-97.363889,100,NA,NA,NA,1,0,"2005-02-17T10:06",17,2,2005,2409475,2409475,"HUMAN_OBSERVATION","TPWD","Lower Laguna Madre Trawl","",NA,"",NA,"CC0_1_0","","TPWD",NA,NA,2025-01-31 23:41:23.745,"","GEODETIC_DATUM_INVALID;GEODETIC_DATUM_ASSUMED_WGS84;CONTINENT_DERIVED_FROM_COORDINATES;OCCURRENCE_STATUS_UNPARSABLE"
